{
"type": "FeatureCollection",
"name": "pelzer_cerd_180_locations",
"crs": { "type": "name", "properties": { "name": "urn:ogc:def:crs:OGC:1.3:CRS84" } },
"features": [
{ "type": "Feature", "properties": { "location_id": 60.0, "place_type": "Province 省", "place_name": "Anhui", "country": "China", "province": "Anhui" }, "geometry": { "type": "Point", "coordinates": [ 117.12, 30.53 ] } },
{ "type": "Feature", "properties": { "location_id": 60.0, "place_type": "Province 省", "place_name": "Anhui", "country": "China", "province": "Anhui" }, "geometry": { "type": "Point", "coordinates": [ 117.12, 30.53 ] } },
{ "type": "Feature", "properties": { "location_id": 61.0, "place_type": "Province 省", "place_name": "Fujian", "country": "China", "province": "Fujian" }, "geometry": { "type": "Point", "coordinates": [ 119.3, 26.07 ] } },
{ "type": "Feature", "properties": { "location_id": 61.0, "place_type": "Province 省", "place_name": "Fujian", "country": "China", "province": "Fujian" }, "geometry": { "type": "Point", "coordinates": [ 119.3, 26.07 ] } },
{ "type": "Feature", "properties": { "location_id": 62.0, "place_type": "Province 省", "place_name": "Zhejiang", "country": "China", "province": "Zhejiang" }, "geometry": { "type": "Point", "coordinates": [ 120.15, 30.27 ] } },
{ "type": "Feature", "properties": { "location_id": 62.0, "place_type": "Province 省", "place_name": "Zhejiang", "country": "China", "province": "Zhejiang" }, "geometry": { "type": "Point", "coordinates": [ 120.15, 30.27 ] } },
{ "type": "Feature", "properties": { "location_id": 63.0, "place_type": "Province 省", "place_name": "Hebei", "country": "China", "province": "Hebei" }, "geometry": { "type": "Point", "coordinates": [ 117.19, 39.1 ] } },
{ "type": "Feature", "properties": { "location_id": 63.0, "place_type": "Province 省", "place_name": "Hebei", "country": "China", "province": "Hebei" }, "geometry": { "type": "Point", "coordinates": [ 117.19, 39.1 ] } },
{ "type": "Feature", "properties": { "location_id": 64.0, "place_type": "Province 省", "place_name": "Liaoning", "country": "China", "province": "Liaoning" }, "geometry": { "type": "Point", "coordinates": [ 123.43, 41.81 ] } },
{ "type": "Feature", "properties": { "location_id": 64.0, "place_type": "Province 省", "place_name": "Liaoning", "country": "China", "province": "Liaoning" }, "geometry": { "type": "Point", "coordinates": [ 123.43, 41.81 ] } },
{ "type": "Feature", "properties": { "location_id": 65.0, "place_type": "Province 省", "place_name": "Heilongjiang", "country": "China", "province": "Heilongjiang" }, "geometry": { "type": "Point", "coordinates": [ 123.93, 47.35 ] } },
{ "type": "Feature", "properties": { "location_id": 65.0, "place_type": "Province 省", "place_name": "Heilongjiang", "country": "China", "province": "Heilongjiang" }, "geometry": { "type": "Point", "coordinates": [ 123.93, 47.35 ] } },
{ "type": "Feature", "properties": { "location_id": 66.0, "place_type": "Province 省", "place_name": "Henan", "country": "China", "province": "Henan" }, "geometry": { "type": "Point", "coordinates": [ 114.31, 34.8 ] } },
{ "type": "Feature", "properties": { "location_id": 66.0, "place_type": "Province 省", "place_name": "Henan", "country": "China", "province": "Henan" }, "geometry": { "type": "Point", "coordinates": [ 114.31, 34.8 ] } },
{ "type": "Feature", "properties": { "location_id": 67.0, "place_type": "Province 省", "place_name": "Hunan", "country": "China", "province": "Hunan" }, "geometry": { "type": "Point", "coordinates": [ 112.94, 28.23 ] } },
{ "type": "Feature", "properties": { "location_id": 67.0, "place_type": "Province 省", "place_name": "Hunan", "country": "China", "province": "Hunan" }, "geometry": { "type": "Point", "coordinates": [ 112.94, 28.23 ] } },
{ "type": "Feature", "properties": { "location_id": 68.0, "place_type": "Province 省", "place_name": "Hubei", "country": "China", "province": "Hubei" }, "geometry": { "type": "Point", "coordinates": [ 114.32, 30.55 ] } },
{ "type": "Feature", "properties": { "location_id": 68.0, "place_type": "Province 省", "place_name": "Hubei", "country": "China", "province": "Hubei" }, "geometry": { "type": "Point", "coordinates": [ 114.32, 30.55 ] } },
{ "type": "Feature", "properties": { "location_id": 69.0, "place_type": "Province 省", "place_name": "Gansu", "country": "China", "province": "Gansu" }, "geometry": { "type": "Point", "coordinates": [ 103.83, 36.06 ] } },
{ "type": "Feature", "properties": { "location_id": 69.0, "place_type": "Province 省", "place_name": "Gansu", "country": "China", "province": "Gansu" }, "geometry": { "type": "Point", "coordinates": [ 103.83, 36.06 ] } },
{ "type": "Feature", "properties": { "location_id": 70.0, "place_type": "Province 省", "place_name": "Jiangxi", "country": "China", "province": "Jiangxi" }, "geometry": { "type": "Point", "coordinates": [ 115.85, 28.68 ] } },
{ "type": "Feature", "properties": { "location_id": 70.0, "place_type": "Province 省", "place_name": "Jiangxi", "country": "China", "province": "Jiangxi" }, "geometry": { "type": "Point", "coordinates": [ 115.85, 28.68 ] } },
{ "type": "Feature", "properties": { "location_id": 71.0, "place_type": "Province 省", "place_name": "Jiangsu", "country": "China", "province": "Jiangsu" }, "geometry": { "type": "Point", "coordinates": [ 118.78, 32.06 ] } },
{ "type": "Feature", "properties": { "location_id": 71.0, "place_type": "Province 省", "place_name": "Jiangsu", "country": "China", "province": "Jiangsu" }, "geometry": { "type": "Point", "coordinates": [ 118.78, 32.06 ] } },
{ "type": "Feature", "properties": { "location_id": 72.0, "place_type": "Province 省", "place_name": "Jilin", "country": "China", "province": "Jilin" }, "geometry": { "type": "Point", "coordinates": [ 126.56, 43.84 ] } },
{ "type": "Feature", "properties": { "location_id": 72.0, "place_type": "Province 省", "place_name": "Jilin", "country": "China", "province": "Jilin" }, "geometry": { "type": "Point", "coordinates": [ 126.56, 43.84 ] } },
{ "type": "Feature", "properties": { "location_id": 73.0, "place_type": "Province 省", "place_name": "Guangxi", "country": "China", "province": "Guangxi" }, "geometry": { "type": "Point", "coordinates": [ 110.18, 25.23 ] } },
{ "type": "Feature", "properties": { "location_id": 73.0, "place_type": "Province 省", "place_name": "Guangxi", "country": "China", "province": "Guangxi" }, "geometry": { "type": "Point", "coordinates": [ 110.18, 25.23 ] } },
{ "type": "Feature", "properties": { "location_id": 74.0, "place_type": "Province 省", "place_name": "Guangdong", "country": "China", "province": "Guangdong" }, "geometry": { "type": "Point", "coordinates": [ 113.32, 23.14 ] } },
{ "type": "Feature", "properties": { "location_id": 74.0, "place_type": "Province 省", "place_name": "Guangdong", "country": "China", "province": "Guangdong" }, "geometry": { "type": "Point", "coordinates": [ 113.32, 23.14 ] } },
{ "type": "Feature", "properties": { "location_id": 75.0, "place_type": "Province 省", "place_name": "Guizhou", "country": "China", "province": "Guizhou" }, "geometry": { "type": "Point", "coordinates": [ 106.7, 26.58 ] } },
{ "type": "Feature", "properties": { "location_id": 75.0, "place_type": "Province 省", "place_name": "Guizhou", "country": "China", "province": "Guizhou" }, "geometry": { "type": "Point", "coordinates": [ 106.7, 26.58 ] } },
{ "type": "Feature", "properties": { "location_id": 76.0, "place_type": "Province 省", "place_name": "Shanxi", "country": "China", "province": "Shanxi" }, "geometry": { "type": "Point", "coordinates": [ 112.55, 37.87 ] } },
{ "type": "Feature", "properties": { "location_id": 76.0, "place_type": "Province 省", "place_name": "Shanxi", "country": "China", "province": "Shanxi" }, "geometry": { "type": "Point", "coordinates": [ 112.55, 37.87 ] } },
{ "type": "Feature", "properties": { "location_id": 77.0, "place_type": "Province 省", "place_name": "Shandong", "country": "China", "province": "Shandong" }, "geometry": { "type": "Point", "coordinates": [ 117.07, 36.66 ] } },
{ "type": "Feature", "properties": { "location_id": 77.0, "place_type": "Province 省", "place_name": "Shandong", "country": "China", "province": "Shandong" }, "geometry": { "type": "Point", "coordinates": [ 117.07, 36.66 ] } },
{ "type": "Feature", "properties": { "location_id": 78.0, "place_type": "Province 省", "place_name": "Shaanxi", "country": "China", "province": "Shaanxi" }, "geometry": { "type": "Point", "coordinates": [ 108.94, 34.34 ] } },
{ "type": "Feature", "properties": { "location_id": 78.0, "place_type": "Province 省", "place_name": "Shaanxi", "country": "China", "province": "Shaanxi" }, "geometry": { "type": "Point", "coordinates": [ 108.94, 34.34 ] } },
{ "type": "Feature", "properties": { "location_id": 79.0, "place_type": "Province 省", "place_name": "Xinjiang", "country": "China", "province": "Xinjiang" }, "geometry": { "type": "Point", "coordinates": [ 87.61, 43.81 ] } },
{ "type": "Feature", "properties": { "location_id": 79.0, "place_type": "Province 省", "place_name": "Xinjiang", "country": "China", "province": "Xinjiang" }, "geometry": { "type": "Point", "coordinates": [ 87.61, 43.81 ] } },
{ "type": "Feature", "properties": { "location_id": 80.0, "place_type": "County 縣", "place_name": "Ba 巴縣", "country": "China", "province": "Sichuan" }, "geometry": { "type": "Point", "coordinates": [ 106.54, 29.4 ] } },
{ "type": "Feature", "properties": { "location_id": 80.0, "place_type": "County 縣", "place_name": "Ba 巴縣", "country": "China", "province": "Sichuan" }, "geometry": { "type": "Point", "coordinates": [ 106.54, 29.4 ] } },
{ "type": "Feature", "properties": { "location_id": 81.0, "place_type": "Province 省", "place_name": "Yunnan", "country": "China", "province": "Yunnan" }, "geometry": { "type": "Point", "coordinates": [ 102.83, 24.88 ] } },
{ "type": "Feature", "properties": { "location_id": 81.0, "place_type": "Province 省", "place_name": "Yunnan", "country": "China", "province": "Yunnan" }, "geometry": { "type": "Point", "coordinates": [ 102.83, 24.88 ] } },
{ "type": "Feature", "properties": { "location_id": 82.0, "place_type": "Area 地方", "place_name": "Capital Area (Beijing) 京兆/順天", "country": "China", "province": "Hebei" }, "geometry": { "type": "Point", "coordinates": [ 116.41, 39.9 ] } },
{ "type": "Feature", "properties": { "location_id": 82.0, "place_type": "Area 地方", "place_name": "Capital Area (Beijing) 京兆/順天", "country": "China", "province": "Hebei" }, "geometry": { "type": "Point", "coordinates": [ 116.41, 39.9 ] } },
{ "type": "Feature", "properties": { "location_id": 83.0, "place_type": "Area 地方", "place_name": "Inner Mongolia 內蒙古", "country": "China", "province": "Suiyuan" }, "geometry": { "type": "Point", "coordinates": [ 111.67, 40.83 ] } },
{ "type": "Feature", "properties": { "location_id": 83.0, "place_type": "Area 地方", "place_name": "Inner Mongolia 內蒙古", "country": "China", "province": "Suiyuan" }, "geometry": { "type": "Point", "coordinates": [ 111.67, 40.83 ] } },
{ "type": "Feature", "properties": { "location_id": 84.0, "place_type": "Area 地方", "place_name": "Outer Mongolia 外蒙古", "country": "Mongolia", "province": "abroad" }, "geometry": { "type": "Point", "coordinates": [ 106.91, 47.93 ] } },
{ "type": "Feature", "properties": { "location_id": 85.0, "place_type": "Area 地方", "place_name": "Tibet 西藏", "country": "China", "province": "Tibet" }, "geometry": { "type": "Point", "coordinates": [ 91.13, 29.66 ] } },
{ "type": "Feature", "properties": { "location_id": 85.0, "place_type": "Area 地方", "place_name": "Tibet 西藏", "country": "China", "province": "Tibet" }, "geometry": { "type": "Point", "coordinates": [ 91.13, 29.66 ] } },
{ "type": "Feature", "properties": { "location_id": 86.0, "place_type": "Area 地方", "place_name": "Qinghai 青海", "country": "China", "province": "Qinghai" }, "geometry": { "type": "Point", "coordinates": [ 101.76, 36.62 ] } },
{ "type": "Feature", "properties": { "location_id": 86.0, "place_type": "Area 地方", "place_name": "Qinghai 青海", "country": "China", "province": "Qinghai" }, "geometry": { "type": "Point", "coordinates": [ 101.76, 36.62 ] } },
{ "type": "Feature", "properties": { "location_id": 87.0, "place_type": "Region 區域", "place_name": "Altay 阿爾泰", "country": "China", "province": "Xinjiang" }, "geometry": { "type": "Point", "coordinates": [ 88.12, 47.81 ] } },
{ "type": "Feature", "properties": { "location_id": 87.0, "place_type": "Region 區域", "place_name": "Altay 阿爾泰", "country": "China", "province": "Xinjiang" }, "geometry": { "type": "Point", "coordinates": [ 88.12, 47.81 ] } },
{ "type": "Feature", "properties": { "location_id": 88.0, "place_type": "Region 區域", "place_name": "Hulun Buir 呼倫貝爾", "country": "China", "province": "Heilongjiang" }, "geometry": { "type": "Point", "coordinates": [ 119.76, 49.22 ] } },
{ "type": "Feature", "properties": { "location_id": 88.0, "place_type": "Region 區域", "place_name": "Hulun Buir 呼倫貝爾", "country": "China", "province": "Heilongjiang" }, "geometry": { "type": "Point", "coordinates": [ 119.76, 49.22 ] } },
{ "type": "Feature", "properties": { "location_id": 89.0, "place_type": "Region 區域", "place_name": "Tarbaghatay 塔爾巴哈臺", "country": "China", "province": "Xinjiang" }, "geometry": { "type": "Point", "coordinates": [ 82.98, 46.75 ] } },
{ "type": "Feature", "properties": { "location_id": 89.0, "place_type": "Region 區域", "place_name": "Tarbaghatay 塔爾巴哈臺", "country": "China", "province": "Xinjiang" }, "geometry": { "type": "Point", "coordinates": [ 82.98, 46.75 ] } },
{ "type": "Feature", "properties": { "location_id": 90.0, "place_type": "City 市", "place_name": "Nanjing 南京", "country": "China", "province": "Jiangsu" }, "geometry": { "type": "Point", "coordinates": [ 118.78, 32.06 ] } },
{ "type": "Feature", "properties": { "location_id": 90.0, "place_type": "City 市", "place_name": "Nanjing 南京", "country": "China", "province": "Jiangsu" }, "geometry": { "type": "Point", "coordinates": [ 118.78, 32.06 ] } },
{ "type": "Feature", "properties": { "location_id": 92.0, "place_type": "Commercial Region 商埠", "place_name": "Songhu (Shanghai) 淞滬", "country": "China", "province": "Jiangsu" }, "geometry": { "type": "Point", "coordinates": [ 121.47, 31.22 ] } },
{ "type": "Feature", "properties": { "location_id": 92.0, "place_type": "Commercial Region 商埠", "place_name": "Songhu (Shanghai) 淞滬", "country": "China", "province": "Jiangsu" }, "geometry": { "type": "Point", "coordinates": [ 121.47, 31.22 ] } },
{ "type": "Feature", "properties": { "location_id": 93.0, "place_type": "Special Administrative Region 特別區", "place_name": "Chahar 察哈爾", "country": "China", "province": "Chahaer" }, "geometry": { "type": "Point", "coordinates": [ 114.88, 40.77 ] } },
{ "type": "Feature", "properties": { "location_id": 93.0, "place_type": "Special Administrative Region 特別區", "place_name": "Chahar 察哈爾", "country": "China", "province": "Chahaer" }, "geometry": { "type": "Point", "coordinates": [ 114.88, 40.77 ] } },
{ "type": "Feature", "properties": { "location_id": 94.0, "place_type": "Special Administrative Region 特別區", "place_name": "Jehol 熱河", "country": "China", "province": "Jehol" }, "geometry": { "type": "Point", "coordinates": [ 117.93, 40.97 ] } },
{ "type": "Feature", "properties": { "location_id": 94.0, "place_type": "Special Administrative Region 特別區", "place_name": "Jehol 熱河", "country": "China", "province": "Jehol" }, "geometry": { "type": "Point", "coordinates": [ 117.93, 40.97 ] } },
{ "type": "Feature", "properties": { "location_id": 95.0, "place_type": "Special Administrative Region 特別區", "place_name": "Xikang/Chuanbian 西康/川邊", "country": "China", "province": "Xikang" }, "geometry": { "type": "Point", "coordinates": [ 101.95, 30.0 ] } },
{ "type": "Feature", "properties": { "location_id": 95.0, "place_type": "Special Administrative Region 特別區", "place_name": "Xikang/Chuanbian 西康/川邊", "country": "China", "province": "Xikang" }, "geometry": { "type": "Point", "coordinates": [ 101.95, 30.0 ] } },
{ "type": "Feature", "properties": { "location_id": 96.0, "place_type": "Province 省", "place_name": "Suiyuan", "country": "China", "province": "Suiyuan" }, "geometry": { "type": "Point", "coordinates": [ 111.68, 40.84 ] } },
{ "type": "Feature", "properties": { "location_id": 96.0, "place_type": "Province 省", "place_name": "Suiyuan", "country": "China", "province": "Suiyuan" }, "geometry": { "type": "Point", "coordinates": [ 111.68, 40.84 ] } },
{ "type": "Feature", "properties": { "location_id": 97.0, "place_type": "Special Administrative Region 特別區", "place_name": "Dongsheng 東省", "country": "China", "province": "Jilin" }, "geometry": { "type": "Point", "coordinates": [ 126.62, 45.76 ] } },
{ "type": "Feature", "properties": { "location_id": 97.0, "place_type": "Special Administrative Region 特別區", "place_name": "Dongsheng 東省", "country": "China", "province": "Jilin" }, "geometry": { "type": "Point", "coordinates": [ 126.62, 45.76 ] } },
{ "type": "Feature", "properties": { "location_id": 98.0, "place_type": "Commercial Region 商埠", "place_name": "Jiao'ao (Kiautschou) 膠澳", "country": "China", "province": "Shandong" }, "geometry": { "type": "Point", "coordinates": [ 120.35, 36.09 ] } },
{ "type": "Feature", "properties": { "location_id": 98.0, "place_type": "Commercial Region 商埠", "place_name": "Jiao'ao (Kiautschou) 膠澳", "country": "China", "province": "Shandong" }, "geometry": { "type": "Point", "coordinates": [ 120.35, 36.09 ] } },
{ "type": "Feature", "properties": { "location_id": 113.0, "place_type": "US State", "place_name": "Arizona", "country": "USA", "province": "abroad" }, "geometry": { "type": "Point", "coordinates": [ -112.05, 33.45 ] } },
{ "type": "Feature", "properties": { "location_id": 121.0, "place_type": "Country (independent)", "place_name": "Germany", "country": "Germany", "province": "abroad" }, "geometry": { "type": "Point", "coordinates": [ 13.4, 52.52 ] } },
{ "type": "Feature", "properties": { "location_id": 125.0, "place_type": "Country (independent)", "place_name": "United Kingdom", "country": "UK", "province": "abroad" }, "geometry": { "type": "Point", "coordinates": [ -0.13, 51.51 ] } },
{ "type": "Feature", "properties": { "location_id": 128.0, "place_type": "US State", "place_name": "Rhode Island", "country": "USA", "province": "abroad" }, "geometry": { "type": "Point", "coordinates": [ -71.41, 41.82 ] } },
{ "type": "Feature", "properties": { "location_id": 130.0, "place_type": "US State", "place_name": "California", "country": "USA", "province": "abroad" }, "geometry": { "type": "Point", "coordinates": [ -121.49, 38.58 ] } },
{ "type": "Feature", "properties": { "location_id": 135.0, "place_type": "US State", "place_name": "Pennsylvania", "country": "USA", "province": "abroad" }, "geometry": { "type": "Point", "coordinates": [ -79.99, 40.44 ] } },
{ "type": "Feature", "properties": { "location_id": 137.0, "place_type": "US State", "place_name": "Ohio", "country": "USA", "province": "abroad" }, "geometry": { "type": "Point", "coordinates": [ -83.0, 39.96 ] } },
{ "type": "Feature", "properties": { "location_id": 140.0, "place_type": "US State", "place_name": "Illinois", "country": "USA", "province": "abroad" }, "geometry": { "type": "Point", "coordinates": [ -89.65, 39.78 ] } },
{ "type": "Feature", "properties": { "location_id": 144.0, "place_type": "US State", "place_name": "Massachusetts", "country": "USA", "province": "abroad" }, "geometry": { "type": "Point", "coordinates": [ -71.06, 42.36 ] } },
{ "type": "Feature", "properties": { "location_id": 146.0, "place_type": "US State", "place_name": "New York", "country": "USA", "province": "abroad" }, "geometry": { "type": "Point", "coordinates": [ -73.76, 42.65 ] } },
{ "type": "Feature", "properties": { "location_id": 149.0, "place_type": "US State", "place_name": "Colorado", "country": "USA", "province": "abroad" }, "geometry": { "type": "Point", "coordinates": [ -104.98, 39.74 ] } },
{ "type": "Feature", "properties": { "location_id": 154.0, "place_type": "US State", "place_name": "New Hampshire", "country": "USA", "province": "abroad" }, "geometry": { "type": "Point", "coordinates": [ -71.54, 43.21 ] } },
{ "type": "Feature", "properties": { "location_id": 159.0, "place_type": "Country (independent)", "place_name": "France", "country": "France", "province": "abroad" }, "geometry": { "type": "Point", "coordinates": [ 2.35, 48.86 ] } },
{ "type": "Feature", "properties": { "location_id": 161.0, "place_type": "US State", "place_name": "Kansas", "country": "USA", "province": "abroad" }, "geometry": { "type": "Point", "coordinates": [ -95.68, 39.05 ] } },
{ "type": "Feature", "properties": { "location_id": 166.0, "place_type": "US State", "place_name": "Washington, D.C.", "country": "USA", "province": "abroad" }, "geometry": { "type": "Point", "coordinates": [ -77.03, 38.91 ] } },
{ "type": "Feature", "properties": { "location_id": 176.0, "place_type": "US Incorporated territory", "place_name": "Hawaii", "country": "USA", "province": "abroad" }, "geometry": { "type": "Point", "coordinates": [ -157.86, 21.3 ] } },
{ "type": "Feature", "properties": { "location_id": 178.0, "place_type": "US State", "place_name": "Oklahoma", "country": "USA", "province": "abroad" }, "geometry": { "type": "Point", "coordinates": [ -97.52, 35.48 ] } },
{ "type": "Feature", "properties": { "location_id": 182.0, "place_type": "US State", "place_name": "Iowa", "country": "USA", "province": "abroad" }, "geometry": { "type": "Point", "coordinates": [ -93.62, 41.59 ] } },
{ "type": "Feature", "properties": { "location_id": 185.0, "place_type": "US State", "place_name": "Maryland", "country": "USA", "province": "abroad" }, "geometry": { "type": "Point", "coordinates": [ -76.49, 38.98 ] } },
{ "type": "Feature", "properties": { "location_id": 192.0, "place_type": "US State", "place_name": "Louisiana", "country": "USA", "province": "abroad" }, "geometry": { "type": "Point", "coordinates": [ -91.17, 30.45 ] } },
{ "type": "Feature", "properties": { "location_id": 199.0, "place_type": "US State", "place_name": "Michigan", "country": "USA", "province": "abroad" }, "geometry": { "type": "Point", "coordinates": [ -84.55, 42.73 ] } },
{ "type": "Feature", "properties": { "location_id": 204.0, "place_type": "US State", "place_name": "Minnesota", "country": "USA", "province": "abroad" }, "geometry": { "type": "Point", "coordinates": [ -93.09, 44.95 ] } },
{ "type": "Feature", "properties": { "location_id": 215.0, "place_type": "US State", "place_name": "Vermont", "country": "USA", "province": "abroad" }, "geometry": { "type": "Point", "coordinates": [ -72.57, 44.26 ] } },
{ "type": "Feature", "properties": { "location_id": 220.0, "place_type": "US State", "place_name": "Orgeon", "country": "USA", "province": "abroad" }, "geometry": { "type": "Point", "coordinates": [ -123.09, 44.05 ] } },
{ "type": "Feature", "properties": { "location_id": 226.0, "place_type": "US State", "place_name": "New Jersey", "country": "USA", "province": "abroad" }, "geometry": { "type": "Point", "coordinates": [ -74.75, 40.22 ] } },
{ "type": "Feature", "properties": { "location_id": 228.0, "place_type": "US State", "place_name": "Indiana", "country": "USA", "province": "abroad" }, "geometry": { "type": "Point", "coordinates": [ -86.15, 39.77 ] } },
{ "type": "Feature", "properties": { "location_id": 258.0, "place_type": "Country (independent)", "place_name": "Japan 日本", "country": "Japan", "province": "abroad" }, "geometry": { "type": "Point", "coordinates": [ 139.77, 35.68 ] } },
{ "type": "Feature", "properties": { "location_id": 262.0, "place_type": "Country (independent)", "place_name": "Canada", "country": "Canada", "province": "abroad" }, "geometry": { "type": "Point", "coordinates": [ -75.7, 45.42 ] } },
{ "type": "Feature", "properties": { "location_id": 264.0, "place_type": "US State", "place_name": "Texas", "country": "USA", "province": "abroad" }, "geometry": { "type": "Point", "coordinates": [ -97.75, 30.28 ] } },
{ "type": "Feature", "properties": { "location_id": 268.0, "place_type": "US State", "place_name": "Virginia", "country": "USA", "province": "abroad" }, "geometry": { "type": "Point", "coordinates": [ -77.43, 37.54 ] } },
{ "type": "Feature", "properties": { "location_id": 271.0, "place_type": "US State", "place_name": "Missouri", "country": "USA", "province": "abroad" }, "geometry": { "type": "Point", "coordinates": [ -92.18, 38.58 ] } },
{ "type": "Feature", "properties": { "location_id": 274.0, "place_type": "US State", "place_name": "West Virginia", "country": "USA", "province": "abroad" }, "geometry": { "type": "Point", "coordinates": [ -81.63, 38.35 ] } },
{ "type": "Feature", "properties": { "location_id": 277.0, "place_type": "US State", "place_name": "Wisconsin", "country": "USA", "province": "abroad" }, "geometry": { "type": "Point", "coordinates": [ -89.4, 43.07 ] } },
{ "type": "Feature", "properties": { "location_id": 280.0, "place_type": "US State", "place_name": "Connecticut", "country": "USA", "province": "abroad" }, "geometry": { "type": "Point", "coordinates": [ -72.69, 41.76 ] } },
{ "type": "Feature", "properties": { "location_id": 324.0, "place_type": "County 縣", "place_name": "澧縣", "country": "China", "province": "Hunan" }, "geometry": { "type": "Point", "coordinates": [ 111.75, 29.63 ] } },
{ "type": "Feature", "properties": { "location_id": 324.0, "place_type": "County 縣", "place_name": "澧縣", "country": "China", "province": "Hunan" }, "geometry": { "type": "Point", "coordinates": [ 111.75, 29.63 ] } },
{ "type": "Feature", "properties": { "location_id": 338.0, "place_type": "County 縣", "place_name": "Chao'an 潮安", "country": "China", "province": "Guangdong" }, "geometry": { "type": "Point", "coordinates": [ 116.68, 23.46 ] } },
{ "type": "Feature", "properties": { "location_id": 338.0, "place_type": "County 縣", "place_name": "Chao'an 潮安", "country": "China", "province": "Guangdong" }, "geometry": { "type": "Point", "coordinates": [ 116.68, 23.46 ] } },
{ "type": "Feature", "properties": { "location_id": 341.0, "place_type": "Township 鄉", "place_name": "Fengxin 奉新", "country": "China", "province": "Jiangxi" }, "geometry": { "type": "Point", "coordinates": [ 115.39, 28.7 ] } },
{ "type": "Feature", "properties": { "location_id": 341.0, "place_type": "Township 鄉", "place_name": "Fengxin 奉新", "country": "China", "province": "Jiangxi" }, "geometry": { "type": "Point", "coordinates": [ 115.39, 28.7 ] } },
{ "type": "Feature", "properties": { "location_id": 342.0, "place_type": "County 縣", "place_name": "阜寧", "country": "China", "province": "Jiangsu" }, "geometry": { "type": "Point", "coordinates": [ 119.8, 33.76 ] } },
{ "type": "Feature", "properties": { "location_id": 342.0, "place_type": "County 縣", "place_name": "阜寧", "country": "China", "province": "Jiangsu" }, "geometry": { "type": "Point", "coordinates": [ 119.8, 33.76 ] } },
{ "type": "Feature", "properties": { "location_id": 350.0, "place_type": "City 市", "place_name": "Guangzhou 廣州", "country": "China", "province": "Guangdong" }, "geometry": { "type": "Point", "coordinates": [ 113.32, 23.14 ] } },
{ "type": "Feature", "properties": { "location_id": 350.0, "place_type": "City 市", "place_name": "Guangzhou 廣州", "country": "China", "province": "Guangdong" }, "geometry": { "type": "Point", "coordinates": [ 113.32, 23.14 ] } },
{ "type": "Feature", "properties": { "location_id": 356.0, "place_type": "City 市", "place_name": "Wuhan 武漢", "country": "China", "province": "Hubei" }, "geometry": { "type": "Point", "coordinates": [ 114.32, 30.62 ] } },
{ "type": "Feature", "properties": { "location_id": 356.0, "place_type": "City 市", "place_name": "Wuhan 武漢", "country": "China", "province": "Hubei" }, "geometry": { "type": "Point", "coordinates": [ 114.32, 30.62 ] } },
{ "type": "Feature", "properties": { "location_id": 369.0, "place_type": "City 市", "place_name": "右衡", "country": "China", "province": "Sichuan" }, "geometry": { "type": "Point", "coordinates": [ 104.68, 31.47 ] } },
{ "type": "Feature", "properties": { "location_id": 369.0, "place_type": "City 市", "place_name": "右衡", "country": "China", "province": "Sichuan" }, "geometry": { "type": "Point", "coordinates": [ 104.68, 31.47 ] } },
{ "type": "Feature", "properties": { "location_id": 374.0, "place_type": "District 區", "place_name": "Pukou 浦口", "country": "China", "province": "Jiangsu" }, "geometry": { "type": "Point", "coordinates": [ 118.62, 32.06 ] } },
{ "type": "Feature", "properties": { "location_id": 374.0, "place_type": "District 區", "place_name": "Pukou 浦口", "country": "China", "province": "Jiangsu" }, "geometry": { "type": "Point", "coordinates": [ 118.62, 32.06 ] } },
{ "type": "Feature", "properties": { "location_id": 382.0, "place_type": "City 市", "place_name": "Daye 大冶", "country": "China", "province": "Hubei" }, "geometry": { "type": "Point", "coordinates": [ 114.98, 30.1 ] } },
{ "type": "Feature", "properties": { "location_id": 382.0, "place_type": "City 市", "place_name": "Daye 大冶", "country": "China", "province": "Hubei" }, "geometry": { "type": "Point", "coordinates": [ 114.98, 30.1 ] } },
{ "type": "Feature", "properties": { "location_id": 388.0, "place_type": "City 市", "place_name": "Pingxiang 萍鄉", "country": "China", "province": "Jiangxi" }, "geometry": { "type": "Point", "coordinates": [ 113.85, 27.62 ] } },
{ "type": "Feature", "properties": { "location_id": 388.0, "place_type": "City 市", "place_name": "Pingxiang 萍鄉", "country": "China", "province": "Jiangxi" }, "geometry": { "type": "Point", "coordinates": [ 113.85, 27.62 ] } },
{ "type": "Feature", "properties": { "location_id": 402.0, "place_type": "City 市", "place_name": "Changde 常德", "country": "China", "province": "Hunan" }, "geometry": { "type": "Point", "coordinates": [ 111.7, 29.03 ] } },
{ "type": "Feature", "properties": { "location_id": 402.0, "place_type": "City 市", "place_name": "Changde 常德", "country": "China", "province": "Hunan" }, "geometry": { "type": "Point", "coordinates": [ 111.7, 29.03 ] } },
{ "type": "Feature", "properties": { "location_id": 410.0, "place_type": "City 市", "place_name": "Beijing/Beiping 北京/北平", "country": "China", "province": "Hebei" }, "geometry": { "type": "Point", "coordinates": [ 116.41, 39.9 ] } },
{ "type": "Feature", "properties": { "location_id": 410.0, "place_type": "City 市", "place_name": "Beijing/Beiping 北京/北平", "country": "China", "province": "Hebei" }, "geometry": { "type": "Point", "coordinates": [ 116.41, 39.9 ] } },
{ "type": "Feature", "properties": { "location_id": 419.0, "place_type": "City 市", "place_name": "Fuzhou 福州", "country": "China", "province": "Fujian" }, "geometry": { "type": "Point", "coordinates": [ 119.3, 26.07 ] } },
{ "type": "Feature", "properties": { "location_id": 419.0, "place_type": "City 市", "place_name": "Fuzhou 福州", "country": "China", "province": "Fujian" }, "geometry": { "type": "Point", "coordinates": [ 119.3, 26.07 ] } },
{ "type": "Feature", "properties": { "location_id": 427.0, "place_type": "City 市", "place_name": "Tianjin 天津", "country": "China", "province": "Hebei" }, "geometry": { "type": "Point", "coordinates": [ 117.19, 39.1 ] } },
{ "type": "Feature", "properties": { "location_id": 427.0, "place_type": "City 市", "place_name": "Tianjin 天津", "country": "China", "province": "Hebei" }, "geometry": { "type": "Point", "coordinates": [ 117.19, 39.1 ] } },
{ "type": "Feature", "properties": { "location_id": 429.0, "place_type": "County 縣", "place_name": "Zizhong 資中", "country": "China", "province": "Sichuan" }, "geometry": { "type": "Point", "coordinates": [ 104.85, 29.77 ] } },
{ "type": "Feature", "properties": { "location_id": 429.0, "place_type": "County 縣", "place_name": "Zizhong 資中", "country": "China", "province": "Sichuan" }, "geometry": { "type": "Point", "coordinates": [ 104.85, 29.77 ] } },
{ "type": "Feature", "properties": { "location_id": 432.0, "place_type": "City 市", "place_name": "Berlin", "country": "Germany", "province": "abroad" }, "geometry": { "type": "Point", "coordinates": [ 13.41, 52.52 ] } },
{ "type": "Feature", "properties": { "location_id": 445.0, "place_type": "City 市", "place_name": "Tangshan 唐山", "country": "China", "province": "Hebei" }, "geometry": { "type": "Point", "coordinates": [ 118.18, 39.63 ] } },
{ "type": "Feature", "properties": { "location_id": 445.0, "place_type": "City 市", "place_name": "Tangshan 唐山", "country": "China", "province": "Hebei" }, "geometry": { "type": "Point", "coordinates": [ 118.18, 39.63 ] } },
{ "type": "Feature", "properties": { "location_id": 449.0, "place_type": "County 縣", "place_name": "Panyu 番禺", "country": "China", "province": "Guangdong" }, "geometry": { "type": "Point", "coordinates": [ 113.38, 22.94 ] } },
{ "type": "Feature", "properties": { "location_id": 449.0, "place_type": "County 縣", "place_name": "Panyu 番禺", "country": "China", "province": "Guangdong" }, "geometry": { "type": "Point", "coordinates": [ 113.38, 22.94 ] } },
{ "type": "Feature", "properties": { "location_id": 453.0, "place_type": "County 縣", "place_name": "Quxian 衢縣", "country": "China", "province": "Zhejiang" }, "geometry": { "type": "Point", "coordinates": [ 118.86, 28.97 ] } },
{ "type": "Feature", "properties": { "location_id": 453.0, "place_type": "County 縣", "place_name": "Quxian 衢縣", "country": "China", "province": "Zhejiang" }, "geometry": { "type": "Point", "coordinates": [ 118.86, 28.97 ] } },
{ "type": "Feature", "properties": { "location_id": 459.0, "place_type": "City 市", "place_name": "Hengyang 衡陽", "country": "China", "province": "Hunan" }, "geometry": { "type": "Point", "coordinates": [ 112.57, 26.89 ] } },
{ "type": "Feature", "properties": { "location_id": 459.0, "place_type": "City 市", "place_name": "Hengyang 衡陽", "country": "China", "province": "Hunan" }, "geometry": { "type": "Point", "coordinates": [ 112.57, 26.89 ] } },
{ "type": "Feature", "properties": { "location_id": 466.0, "place_type": "District 區", "place_name": "清河", "country": "China", "province": "Hebei" }, "geometry": { "type": "Point", "coordinates": [ 116.33, 40.04 ] } },
{ "type": "Feature", "properties": { "location_id": 466.0, "place_type": "District 區", "place_name": "清河", "country": "China", "province": "Hebei" }, "geometry": { "type": "Point", "coordinates": [ 116.33, 40.04 ] } },
{ "type": "Feature", "properties": { "location_id": 481.0, "place_type": "County 縣", "place_name": "南靖", "country": "China", "province": "Fujian" }, "geometry": { "type": "Point", "coordinates": [ 117.36, 24.53 ] } },
{ "type": "Feature", "properties": { "location_id": 481.0, "place_type": "County 縣", "place_name": "南靖", "country": "China", "province": "Fujian" }, "geometry": { "type": "Point", "coordinates": [ 117.36, 24.53 ] } },
{ "type": "Feature", "properties": { "location_id": 496.0, "place_type": "City 市", "place_name": "Yancheng 鹽城", "country": "China", "province": "Jiangsu" }, "geometry": { "type": "Point", "coordinates": [ 120.16, 33.35 ] } },
{ "type": "Feature", "properties": { "location_id": 496.0, "place_type": "City 市", "place_name": "Yancheng 鹽城", "country": "China", "province": "Jiangsu" }, "geometry": { "type": "Point", "coordinates": [ 120.16, 33.35 ] } },
{ "type": "Feature", "properties": { "location_id": 511.0, "place_type": "City 市", "place_name": "Shenyang/Mukden 瀋陽", "country": "China", "province": "Liaoning" }, "geometry": { "type": "Point", "coordinates": [ 123.43, 41.81 ] } },
{ "type": "Feature", "properties": { "location_id": 511.0, "place_type": "City 市", "place_name": "Shenyang/Mukden 瀋陽", "country": "China", "province": "Liaoning" }, "geometry": { "type": "Point", "coordinates": [ 123.43, 41.81 ] } },
{ "type": "Feature", "properties": { "location_id": 514.0, "place_type": "County 縣", "place_name": "潮安", "country": "China", "province": "Guangdong" }, "geometry": { "type": "Point", "coordinates": [ 116.68, 23.46 ] } },
{ "type": "Feature", "properties": { "location_id": 514.0, "place_type": "County 縣", "place_name": "潮安", "country": "China", "province": "Guangdong" }, "geometry": { "type": "Point", "coordinates": [ 116.68, 23.46 ] } },
{ "type": "Feature", "properties": { "location_id": 518.0, "place_type": "City 市", "place_name": "Nankang 南康", "country": "China", "province": "Jiangxi" }, "geometry": { "type": "Point", "coordinates": [ 114.77, 25.67 ] } },
{ "type": "Feature", "properties": { "location_id": 518.0, "place_type": "City 市", "place_name": "Nankang 南康", "country": "China", "province": "Jiangxi" }, "geometry": { "type": "Point", "coordinates": [ 114.77, 25.67 ] } },
{ "type": "Feature", "properties": { "location_id": 522.0, "place_type": "City 市", "place_name": "Nanchang 南昌", "country": "China", "province": "Jiangxi" }, "geometry": { "type": "Point", "coordinates": [ 115.85, 28.68 ] } },
{ "type": "Feature", "properties": { "location_id": 522.0, "place_type": "City 市", "place_name": "Nanchang 南昌", "country": "China", "province": "Jiangxi" }, "geometry": { "type": "Point", "coordinates": [ 115.85, 28.68 ] } },
{ "type": "Feature", "properties": { "location_id": 524.0, "place_type": "County 縣", "place_name": "柳城", "country": "China", "province": "Guangxi" }, "geometry": { "type": "Point", "coordinates": [ 109.25, 24.65 ] } },
{ "type": "Feature", "properties": { "location_id": 524.0, "place_type": "County 縣", "place_name": "柳城", "country": "China", "province": "Guangxi" }, "geometry": { "type": "Point", "coordinates": [ 109.25, 24.65 ] } },
{ "type": "Feature", "properties": { "location_id": 527.0, "place_type": "County 縣", "place_name": "桂陽", "country": "China", "province": "Hunan" }, "geometry": { "type": "Point", "coordinates": [ 112.73, 25.75 ] } },
{ "type": "Feature", "properties": { "location_id": 527.0, "place_type": "County 縣", "place_name": "桂陽", "country": "China", "province": "Hunan" }, "geometry": { "type": "Point", "coordinates": [ 112.73, 25.75 ] } },
{ "type": "Feature", "properties": { "location_id": 544.0, "place_type": "City 市", "place_name": "北流", "country": "China", "province": "Guangxi" }, "geometry": { "type": "Point", "coordinates": [ 110.35, 22.71 ] } },
{ "type": "Feature", "properties": { "location_id": 544.0, "place_type": "City 市", "place_name": "北流", "country": "China", "province": "Guangxi" }, "geometry": { "type": "Point", "coordinates": [ 110.35, 22.71 ] } },
{ "type": "Feature", "properties": { "location_id": 547.0, "place_type": "County 縣", "place_name": "祁陽", "country": "China", "province": "Hunan" }, "geometry": { "type": "Point", "coordinates": [ 111.84, 26.58 ] } },
{ "type": "Feature", "properties": { "location_id": 547.0, "place_type": "County 縣", "place_name": "祁陽", "country": "China", "province": "Hunan" }, "geometry": { "type": "Point", "coordinates": [ 111.84, 26.58 ] } },
{ "type": "Feature", "properties": { "location_id": 551.0, "place_type": "City 市", "place_name": "Osaka 大阪", "country": "Japan", "province": "abroad" }, "geometry": { "type": "Point", "coordinates": [ 135.5, 34.7 ] } },
{ "type": "Feature", "properties": { "location_id": 553.0, "place_type": "County 縣", "place_name": "Minhou 閩侯", "country": "China", "province": "Fujian" }, "geometry": { "type": "Point", "coordinates": [ 119.13, 26.15 ] } },
{ "type": "Feature", "properties": { "location_id": 553.0, "place_type": "County 縣", "place_name": "Minhou 閩侯", "country": "China", "province": "Fujian" }, "geometry": { "type": "Point", "coordinates": [ 119.13, 26.15 ] } },
{ "type": "Feature", "properties": { "location_id": 556.0, "place_type": "City 市", "place_name": "Kunming 昆明", "country": "China", "province": "Yunnan" }, "geometry": { "type": "Point", "coordinates": [ 102.83, 24.88 ] } },
{ "type": "Feature", "properties": { "location_id": 556.0, "place_type": "City 市", "place_name": "Kunming 昆明", "country": "China", "province": "Yunnan" }, "geometry": { "type": "Point", "coordinates": [ 102.83, 24.88 ] } },
{ "type": "Feature", "properties": { "location_id": 558.0, "place_type": "City 市", "place_name": "Liling 醴陵", "country": "China", "province": "Hunan" }, "geometry": { "type": "Point", "coordinates": [ 113.5, 27.65 ] } },
{ "type": "Feature", "properties": { "location_id": 558.0, "place_type": "City 市", "place_name": "Liling 醴陵", "country": "China", "province": "Hunan" }, "geometry": { "type": "Point", "coordinates": [ 113.5, 27.65 ] } },
{ "type": "Feature", "properties": { "location_id": 562.0, "place_type": "City 市", "place_name": "Nantong 南通", "country": "China", "province": "Jiangsu" }, "geometry": { "type": "Point", "coordinates": [ 120.89, 31.98 ] } },
{ "type": "Feature", "properties": { "location_id": 562.0, "place_type": "City 市", "place_name": "Nantong 南通", "country": "China", "province": "Jiangsu" }, "geometry": { "type": "Point", "coordinates": [ 120.89, 31.98 ] } },
{ "type": "Feature", "properties": { "location_id": 566.0, "place_type": "County 縣", "place_name": "Meixian 梅縣", "country": "China", "province": "Guangdong" }, "geometry": { "type": "Point", "coordinates": [ 116.08, 24.27 ] } },
{ "type": "Feature", "properties": { "location_id": 566.0, "place_type": "County 縣", "place_name": "Meixian 梅縣", "country": "China", "province": "Guangdong" }, "geometry": { "type": "Point", "coordinates": [ 116.08, 24.27 ] } },
{ "type": "Feature", "properties": { "location_id": 571.0, "place_type": "County 縣", "place_name": "Huiyang 惠陽", "country": "China", "province": "Guangdong" }, "geometry": { "type": "Point", "coordinates": [ 114.46, 22.79 ] } },
{ "type": "Feature", "properties": { "location_id": 571.0, "place_type": "County 縣", "place_name": "Huiyang 惠陽", "country": "China", "province": "Guangdong" }, "geometry": { "type": "Point", "coordinates": [ 114.46, 22.79 ] } },
{ "type": "Feature", "properties": { "location_id": 590.0, "place_type": "City 市", "place_name": "Changsha 長沙", "country": "China", "province": "Hunan" }, "geometry": { "type": "Point", "coordinates": [ 112.94, 28.23 ] } },
{ "type": "Feature", "properties": { "location_id": 590.0, "place_type": "City 市", "place_name": "Changsha 長沙", "country": "China", "province": "Hunan" }, "geometry": { "type": "Point", "coordinates": [ 112.94, 28.23 ] } },
{ "type": "Feature", "properties": { "location_id": 594.0, "place_type": "County 縣", "place_name": "賀縣", "country": "China", "province": "Guangxi" }, "geometry": { "type": "Point", "coordinates": [ 111.56, 24.4 ] } },
{ "type": "Feature", "properties": { "location_id": 594.0, "place_type": "County 縣", "place_name": "賀縣", "country": "China", "province": "Guangxi" }, "geometry": { "type": "Point", "coordinates": [ 111.56, 24.4 ] } },
{ "type": "Feature", "properties": { "location_id": 597.0, "place_type": "City 市", "place_name": "岑溪", "country": "China", "province": "Guangxi" }, "geometry": { "type": "Point", "coordinates": [ 110.99, 22.92 ] } },
{ "type": "Feature", "properties": { "location_id": 597.0, "place_type": "City 市", "place_name": "岑溪", "country": "China", "province": "Guangxi" }, "geometry": { "type": "Point", "coordinates": [ 110.99, 22.92 ] } },
{ "type": "Feature", "properties": { "location_id": 601.0, "place_type": "District 區", "place_name": "Huayang 華陽", "country": "China", "province": "Sichuan" }, "geometry": { "type": "Point", "coordinates": [ 104.05, 30.51 ] } },
{ "type": "Feature", "properties": { "location_id": 601.0, "place_type": "District 區", "place_name": "Huayang 華陽", "country": "China", "province": "Sichuan" }, "geometry": { "type": "Point", "coordinates": [ 104.05, 30.51 ] } },
{ "type": "Feature", "properties": { "location_id": 604.0, "place_type": "City 市", "place_name": "Tokyo 東京", "country": "Japan", "province": "abroad" }, "geometry": { "type": "Point", "coordinates": [ 139.65, 35.68 ] } },
{ "type": "Feature", "properties": { "location_id": 607.0, "place_type": "City 市", "place_name": "Chengdu 成都", "country": "China", "province": "Sichuan" }, "geometry": { "type": "Point", "coordinates": [ 104.07, 30.57 ] } },
{ "type": "Feature", "properties": { "location_id": 607.0, "place_type": "City 市", "place_name": "Chengdu 成都", "country": "China", "province": "Sichuan" }, "geometry": { "type": "Point", "coordinates": [ 104.07, 30.57 ] } },
{ "type": "Feature", "properties": { "location_id": 618.0, "place_type": "City 市", "place_name": "Nangong 南宮", "country": "China", "province": "Hebei" }, "geometry": { "type": "Point", "coordinates": [ 115.41, 37.36 ] } },
{ "type": "Feature", "properties": { "location_id": 618.0, "place_type": "City 市", "place_name": "Nangong 南宮", "country": "China", "province": "Hebei" }, "geometry": { "type": "Point", "coordinates": [ 115.41, 37.36 ] } },
{ "type": "Feature", "properties": { "location_id": 632.0, "place_type": "County 縣", "place_name": "Jingxing 井陘", "country": "China", "province": "Shanxi" }, "geometry": { "type": "Point", "coordinates": [ 114.1, 37.96 ] } },
{ "type": "Feature", "properties": { "location_id": 632.0, "place_type": "County 縣", "place_name": "Jingxing 井陘", "country": "China", "province": "Shanxi" }, "geometry": { "type": "Point", "coordinates": [ 114.1, 37.96 ] } },
{ "type": "Feature", "properties": { "location_id": 640.0, "place_type": "City 市", "place_name": "München", "country": "Germany", "province": "abroad" }, "geometry": { "type": "Point", "coordinates": [ 11.58, 48.13 ] } },
{ "type": "Feature", "properties": { "location_id": 644.0, "place_type": "County 縣", "place_name": "滑縣", "country": "China", "province": "Henan" }, "geometry": { "type": "Point", "coordinates": [ 114.52, 35.58 ] } },
{ "type": "Feature", "properties": { "location_id": 644.0, "place_type": "County 縣", "place_name": "滑縣", "country": "China", "province": "Henan" }, "geometry": { "type": "Point", "coordinates": [ 114.52, 35.58 ] } },
{ "type": "Feature", "properties": { "location_id": 652.0, "place_type": "County 縣", "place_name": "平山", "country": "China", "province": "Shanxi" }, "geometry": { "type": "Point", "coordinates": [ 114.2, 38.25 ] } },
{ "type": "Feature", "properties": { "location_id": 652.0, "place_type": "County 縣", "place_name": "平山", "country": "China", "province": "Shanxi" }, "geometry": { "type": "Point", "coordinates": [ 114.2, 38.25 ] } },
{ "type": "Feature", "properties": { "location_id": 656.0, "place_type": "City 市", "place_name": "招遠", "country": "China", "province": "Shandong" }, "geometry": { "type": "Point", "coordinates": [ 120.43, 37.36 ] } },
{ "type": "Feature", "properties": { "location_id": 656.0, "place_type": "City 市", "place_name": "招遠", "country": "China", "province": "Shandong" }, "geometry": { "type": "Point", "coordinates": [ 120.43, 37.36 ] } },
{ "type": "Feature", "properties": { "location_id": 660.0, "place_type": "County 縣", "place_name": "盤山", "country": "China", "province": "Liaoning" }, "geometry": { "type": "Point", "coordinates": [ 121.99, 41.24 ] } },
{ "type": "Feature", "properties": { "location_id": 660.0, "place_type": "County 縣", "place_name": "盤山", "country": "China", "province": "Liaoning" }, "geometry": { "type": "Point", "coordinates": [ 121.99, 41.24 ] } },
{ "type": "Feature", "properties": { "location_id": 673.0, "place_type": "County 縣", "place_name": "益都 (青州市)", "country": "China", "province": "Shandong" }, "geometry": { "type": "Point", "coordinates": [ 118.48, 36.69 ] } },
{ "type": "Feature", "properties": { "location_id": 673.0, "place_type": "County 縣", "place_name": "益都 (青州市)", "country": "China", "province": "Shandong" }, "geometry": { "type": "Point", "coordinates": [ 118.48, 36.69 ] } },
{ "type": "Feature", "properties": { "location_id": 684.0, "place_type": "County 縣", "place_name": "湖州", "country": "China", "province": "Zhejiang" }, "geometry": { "type": "Point", "coordinates": [ 120.09, 30.89 ] } },
{ "type": "Feature", "properties": { "location_id": 684.0, "place_type": "County 縣", "place_name": "湖州", "country": "China", "province": "Zhejiang" }, "geometry": { "type": "Point", "coordinates": [ 120.09, 30.89 ] } },
{ "type": "Feature", "properties": { "location_id": 690.0, "place_type": "County 縣", "place_name": "鉅鹿", "country": "China", "province": "Hebei" }, "geometry": { "type": "Point", "coordinates": [ 115.04, 37.22 ] } },
{ "type": "Feature", "properties": { "location_id": 690.0, "place_type": "County 縣", "place_name": "鉅鹿", "country": "China", "province": "Hebei" }, "geometry": { "type": "Point", "coordinates": [ 115.04, 37.22 ] } },
{ "type": "Feature", "properties": { "location_id": 711.0, "place_type": "County 縣", "place_name": "高陽", "country": "China", "province": "Hebei" }, "geometry": { "type": "Point", "coordinates": [ 115.78, 38.69 ] } },
{ "type": "Feature", "properties": { "location_id": 711.0, "place_type": "County 縣", "place_name": "高陽", "country": "China", "province": "Hebei" }, "geometry": { "type": "Point", "coordinates": [ 115.78, 38.69 ] } },
{ "type": "Feature", "properties": { "location_id": 717.0, "place_type": "City 市", "place_name": "Kaifeng 開封", "country": "China", "province": "Henan" }, "geometry": { "type": "Point", "coordinates": [ 114.31, 34.8 ] } },
{ "type": "Feature", "properties": { "location_id": 717.0, "place_type": "City 市", "place_name": "Kaifeng 開封", "country": "China", "province": "Henan" }, "geometry": { "type": "Point", "coordinates": [ 114.31, 34.8 ] } },
{ "type": "Feature", "properties": { "location_id": 719.0, "place_type": "County 縣", "place_name": "Ding 定縣", "country": "China", "province": "Hebei" }, "geometry": { "type": "Point", "coordinates": [ 114.99, 38.52 ] } },
{ "type": "Feature", "properties": { "location_id": 719.0, "place_type": "County 縣", "place_name": "Ding 定縣", "country": "China", "province": "Hebei" }, "geometry": { "type": "Point", "coordinates": [ 114.99, 38.52 ] } },
{ "type": "Feature", "properties": { "location_id": 723.0, "place_type": "County 縣", "place_name": "Dingxiang 定襄", "country": "China", "province": "Shanxi" }, "geometry": { "type": "Point", "coordinates": [ 112.96, 38.47 ] } },
{ "type": "Feature", "properties": { "location_id": 723.0, "place_type": "County 縣", "place_name": "Dingxiang 定襄", "country": "China", "province": "Shanxi" }, "geometry": { "type": "Point", "coordinates": [ 112.96, 38.47 ] } },
{ "type": "Feature", "properties": { "location_id": 726.0, "place_type": "City 市", "place_name": "Taiyuan 太原", "country": "China", "province": "Shanxi" }, "geometry": { "type": "Point", "coordinates": [ 112.55, 37.87 ] } },
{ "type": "Feature", "properties": { "location_id": 726.0, "place_type": "City 市", "place_name": "Taiyuan 太原", "country": "China", "province": "Shanxi" }, "geometry": { "type": "Point", "coordinates": [ 112.55, 37.87 ] } },
{ "type": "Feature", "properties": { "location_id": 729.0, "place_type": "Prefecture 府", "place_name": "Akita 秋田", "country": "Japan", "province": "abroad" }, "geometry": { "type": "Point", "coordinates": [ 140.1, 39.72 ] } },
{ "type": "Feature", "properties": { "location_id": 735.0, "place_type": "Town 鎮", "place_name": "小坂町", "country": "Japan", "province": "abroad" }, "geometry": { "type": "Point", "coordinates": [ 140.74, 40.33 ] } },
{ "type": "Feature", "properties": { "location_id": 738.0, "place_type": "City 市", "place_name": "北九州市", "country": "Japan", "province": "abroad" }, "geometry": { "type": "Point", "coordinates": [ 130.87, 33.88 ] } },
{ "type": "Feature", "properties": { "location_id": 743.0, "place_type": "City 市", "place_name": "Datong 大同", "country": "China", "province": "Shanxi" }, "geometry": { "type": "Point", "coordinates": [ 113.3, 40.08 ] } },
{ "type": "Feature", "properties": { "location_id": 743.0, "place_type": "City 市", "place_name": "Datong 大同", "country": "China", "province": "Shanxi" }, "geometry": { "type": "Point", "coordinates": [ 113.3, 40.08 ] } },
{ "type": "Feature", "properties": { "location_id": 746.0, "place_type": "City 市", "place_name": "陽泉", "country": "China", "province": "Shanxi" }, "geometry": { "type": "Point", "coordinates": [ 113.58, 37.86 ] } },
{ "type": "Feature", "properties": { "location_id": 746.0, "place_type": "City 市", "place_name": "陽泉", "country": "China", "province": "Shanxi" }, "geometry": { "type": "Point", "coordinates": [ 113.58, 37.86 ] } },
{ "type": "Feature", "properties": { "location_id": 749.0, "place_type": "County 縣", "place_name": "壽陽", "country": "China", "province": "Shanxi" }, "geometry": { "type": "Point", "coordinates": [ 113.18, 37.9 ] } },
{ "type": "Feature", "properties": { "location_id": 749.0, "place_type": "County 縣", "place_name": "壽陽", "country": "China", "province": "Shanxi" }, "geometry": { "type": "Point", "coordinates": [ 113.18, 37.9 ] } },
{ "type": "Feature", "properties": { "location_id": 751.0, "place_type": "County 縣", "place_name": "完縣", "country": "China", "province": "Hebei" }, "geometry": { "type": "Point", "coordinates": [ 115.13, 38.84 ] } },
{ "type": "Feature", "properties": { "location_id": 751.0, "place_type": "County 縣", "place_name": "完縣", "country": "China", "province": "Hebei" }, "geometry": { "type": "Point", "coordinates": [ 115.13, 38.84 ] } },
{ "type": "Feature", "properties": { "location_id": 755.0, "place_type": "City 市", "place_name": "Changchun 長春", "country": "China", "province": "Jilin" }, "geometry": { "type": "Point", "coordinates": [ 125.32, 43.82 ] } },
{ "type": "Feature", "properties": { "location_id": 755.0, "place_type": "City 市", "place_name": "Changchun 長春", "country": "China", "province": "Jilin" }, "geometry": { "type": "Point", "coordinates": [ 125.32, 43.82 ] } },
{ "type": "Feature", "properties": { "location_id": 765.0, "place_type": "County 縣", "place_name": "Hang 杭縣", "country": "China", "province": "Zhejiang" }, "geometry": { "type": "Point", "coordinates": [ 120.3, 30.42 ] } },
{ "type": "Feature", "properties": { "location_id": 765.0, "place_type": "County 縣", "place_name": "Hang 杭縣", "country": "China", "province": "Zhejiang" }, "geometry": { "type": "Point", "coordinates": [ 120.3, 30.42 ] } },
{ "type": "Feature", "properties": { "location_id": 775.0, "place_type": "County 縣", "place_name": "定陶", "country": "China", "province": "Shandong" }, "geometry": { "type": "Point", "coordinates": [ 115.57, 35.07 ] } },
{ "type": "Feature", "properties": { "location_id": 775.0, "place_type": "County 縣", "place_name": "定陶", "country": "China", "province": "Shandong" }, "geometry": { "type": "Point", "coordinates": [ 115.57, 35.07 ] } },
{ "type": "Feature", "properties": { "location_id": 782.0, "place_type": "County 縣", "place_name": "Pinghu 平湖", "country": "China", "province": "Zhejiang" }, "geometry": { "type": "Point", "coordinates": [ 121.02, 30.68 ] } },
{ "type": "Feature", "properties": { "location_id": 782.0, "place_type": "County 縣", "place_name": "Pinghu 平湖", "country": "China", "province": "Zhejiang" }, "geometry": { "type": "Point", "coordinates": [ 121.02, 30.68 ] } },
{ "type": "Feature", "properties": { "location_id": 795.0, "place_type": "County 縣", "place_name": "樂平", "country": "China", "province": "Jiangxi" }, "geometry": { "type": "Point", "coordinates": [ 117.15, 28.97 ] } },
{ "type": "Feature", "properties": { "location_id": 795.0, "place_type": "County 縣", "place_name": "樂平", "country": "China", "province": "Jiangxi" }, "geometry": { "type": "Point", "coordinates": [ 117.15, 28.97 ] } },
{ "type": "Feature", "properties": { "location_id": 802.0, "place_type": "County 縣", "place_name": "玉山", "country": "China", "province": "Jiangxi" }, "geometry": { "type": "Point", "coordinates": [ 118.24, 28.68 ] } },
{ "type": "Feature", "properties": { "location_id": 802.0, "place_type": "County 縣", "place_name": "玉山", "country": "China", "province": "Jiangxi" }, "geometry": { "type": "Point", "coordinates": [ 118.24, 28.68 ] } },
{ "type": "Feature", "properties": { "location_id": 807.0, "place_type": "County 縣", "place_name": "Changshu 常熟", "country": "China", "province": "Jiangsu" }, "geometry": { "type": "Point", "coordinates": [ 120.75, 31.66 ] } },
{ "type": "Feature", "properties": { "location_id": 807.0, "place_type": "County 縣", "place_name": "Changshu 常熟", "country": "China", "province": "Jiangsu" }, "geometry": { "type": "Point", "coordinates": [ 120.75, 31.66 ] } },
{ "type": "Feature", "properties": { "location_id": 813.0, "place_type": "County 縣", "place_name": "Li 蠡縣", "country": "China", "province": "Hebei" }, "geometry": { "type": "Point", "coordinates": [ 115.58, 38.49 ] } },
{ "type": "Feature", "properties": { "location_id": 813.0, "place_type": "County 縣", "place_name": "Li 蠡縣", "country": "China", "province": "Hebei" }, "geometry": { "type": "Point", "coordinates": [ 115.58, 38.49 ] } },
{ "type": "Feature", "properties": { "location_id": 819.0, "place_type": "City 市", "place_name": "Liaoyang 遼陽", "country": "China", "province": "Liaoning" }, "geometry": { "type": "Point", "coordinates": [ 123.24, 41.27 ] } },
{ "type": "Feature", "properties": { "location_id": 819.0, "place_type": "City 市", "place_name": "Liaoyang 遼陽", "country": "China", "province": "Liaoning" }, "geometry": { "type": "Point", "coordinates": [ 123.24, 41.27 ] } },
{ "type": "Feature", "properties": { "location_id": 841.0, "place_type": "County 縣", "place_name": "昌黎", "country": "China", "province": "Hebei" }, "geometry": { "type": "Point", "coordinates": [ 119.16, 39.72 ] } },
{ "type": "Feature", "properties": { "location_id": 841.0, "place_type": "County 縣", "place_name": "昌黎", "country": "China", "province": "Hebei" }, "geometry": { "type": "Point", "coordinates": [ 119.16, 39.72 ] } },
{ "type": "Feature", "properties": { "location_id": 866.0, "place_type": "County 縣", "place_name": "拜泉", "country": "China", "province": "Heilongjiang" }, "geometry": { "type": "Point", "coordinates": [ 126.09, 47.6 ] } },
{ "type": "Feature", "properties": { "location_id": 866.0, "place_type": "County 縣", "place_name": "拜泉", "country": "China", "province": "Heilongjiang" }, "geometry": { "type": "Point", "coordinates": [ 126.09, 47.6 ] } },
{ "type": "Feature", "properties": { "location_id": 871.0, "place_type": "City 市", "place_name": "北鎮", "country": "China", "province": "Liaoning" }, "geometry": { "type": "Point", "coordinates": [ 121.8, 41.6 ] } },
{ "type": "Feature", "properties": { "location_id": 871.0, "place_type": "City 市", "place_name": "北鎮", "country": "China", "province": "Liaoning" }, "geometry": { "type": "Point", "coordinates": [ 121.8, 41.6 ] } },
{ "type": "Feature", "properties": { "location_id": 877.0, "place_type": "City 市", "place_name": "Shanghai 上海", "country": "China", "province": "Jiangsu" }, "geometry": { "type": "Point", "coordinates": [ 121.47, 31.22 ] } },
{ "type": "Feature", "properties": { "location_id": 877.0, "place_type": "City 市", "place_name": "Shanghai 上海", "country": "China", "province": "Jiangsu" }, "geometry": { "type": "Point", "coordinates": [ 121.47, 31.22 ] } },
{ "type": "Feature", "properties": { "location_id": 879.0, "place_type": "City 市", "place_name": "Yizheng 儀徵", "country": "China", "province": "Jiangsu" }, "geometry": { "type": "Point", "coordinates": [ 119.19, 32.27 ] } },
{ "type": "Feature", "properties": { "location_id": 879.0, "place_type": "City 市", "place_name": "Yizheng 儀徵", "country": "China", "province": "Jiangsu" }, "geometry": { "type": "Point", "coordinates": [ 119.19, 32.27 ] } },
{ "type": "Feature", "properties": { "location_id": 886.0, "place_type": "City 市", "place_name": "Xiamen (Amoy) 廈門", "country": "China", "province": "Fujian" }, "geometry": { "type": "Point", "coordinates": [ 118.09, 24.48 ] } },
{ "type": "Feature", "properties": { "location_id": 886.0, "place_type": "City 市", "place_name": "Xiamen (Amoy) 廈門", "country": "China", "province": "Fujian" }, "geometry": { "type": "Point", "coordinates": [ 118.09, 24.48 ] } },
{ "type": "Feature", "properties": { "location_id": 903.0, "place_type": "County 縣", "place_name": "Jiading 嘉定", "country": "China", "province": "Jiangsu" }, "geometry": { "type": "Point", "coordinates": [ 121.25, 31.39 ] } },
{ "type": "Feature", "properties": { "location_id": 903.0, "place_type": "County 縣", "place_name": "Jiading 嘉定", "country": "China", "province": "Jiangsu" }, "geometry": { "type": "Point", "coordinates": [ 121.25, 31.39 ] } },
{ "type": "Feature", "properties": { "location_id": 906.0, "place_type": "County 縣", "place_name": "偏關", "country": "China", "province": "Shaanxi" }, "geometry": { "type": "Point", "coordinates": [ 111.51, 39.44 ] } },
{ "type": "Feature", "properties": { "location_id": 906.0, "place_type": "County 縣", "place_name": "偏關", "country": "China", "province": "Shaanxi" }, "geometry": { "type": "Point", "coordinates": [ 111.51, 39.44 ] } },
{ "type": "Feature", "properties": { "location_id": 909.0, "place_type": "County 縣", "place_name": "Shaoxing 紹興", "country": "China", "province": "Zhejiang" }, "geometry": { "type": "Point", "coordinates": [ 120.59, 29.99 ] } },
{ "type": "Feature", "properties": { "location_id": 909.0, "place_type": "County 縣", "place_name": "Shaoxing 紹興", "country": "China", "province": "Zhejiang" }, "geometry": { "type": "Point", "coordinates": [ 120.59, 29.99 ] } },
{ "type": "Feature", "properties": { "location_id": 932.0, "place_type": "County 縣", "place_name": "昌邑", "country": "China", "province": "Shandong" }, "geometry": { "type": "Point", "coordinates": [ 119.41, 36.83 ] } },
{ "type": "Feature", "properties": { "location_id": 932.0, "place_type": "County 縣", "place_name": "昌邑", "country": "China", "province": "Shandong" }, "geometry": { "type": "Point", "coordinates": [ 119.41, 36.83 ] } },
{ "type": "Feature", "properties": { "location_id": 935.0, "place_type": "County 縣", "place_name": "Shangyu 上虞", "country": "China", "province": "Zhejiang" }, "geometry": { "type": "Point", "coordinates": [ 120.85, 30.03 ] } },
{ "type": "Feature", "properties": { "location_id": 935.0, "place_type": "County 縣", "place_name": "Shangyu 上虞", "country": "China", "province": "Zhejiang" }, "geometry": { "type": "Point", "coordinates": [ 120.85, 30.03 ] } },
{ "type": "Feature", "properties": { "location_id": 942.0, "place_type": "County 縣", "place_name": "永嘉", "country": "China", "province": "Zhejiang" }, "geometry": { "type": "Point", "coordinates": [ 120.69, 28.15 ] } },
{ "type": "Feature", "properties": { "location_id": 942.0, "place_type": "County 縣", "place_name": "永嘉", "country": "China", "province": "Zhejiang" }, "geometry": { "type": "Point", "coordinates": [ 120.69, 28.15 ] } },
{ "type": "Feature", "properties": { "location_id": 950.0, "place_type": "County 縣", "place_name": "Qingpu 青浦 / 靑浦", "country": "China", "province": "Jiangsu" }, "geometry": { "type": "Point", "coordinates": [ 121.12, 31.15 ] } },
{ "type": "Feature", "properties": { "location_id": 950.0, "place_type": "County 縣", "place_name": "Qingpu 青浦 / 靑浦", "country": "China", "province": "Jiangsu" }, "geometry": { "type": "Point", "coordinates": [ 121.12, 31.15 ] } },
{ "type": "Feature", "properties": { "location_id": 953.0, "place_type": "County 縣", "place_name": "陽高", "country": "China", "province": "Shanxi" }, "geometry": { "type": "Point", "coordinates": [ 113.75, 40.37 ] } },
{ "type": "Feature", "properties": { "location_id": 953.0, "place_type": "County 縣", "place_name": "陽高", "country": "China", "province": "Shanxi" }, "geometry": { "type": "Point", "coordinates": [ 113.75, 40.37 ] } },
{ "type": "Feature", "properties": { "location_id": 956.0, "place_type": "City 市", "place_name": "岳陽", "country": "China", "province": "Hunan" }, "geometry": { "type": "Point", "coordinates": [ 113.13, 29.36 ] } },
{ "type": "Feature", "properties": { "location_id": 956.0, "place_type": "City 市", "place_name": "岳陽", "country": "China", "province": "Hunan" }, "geometry": { "type": "Point", "coordinates": [ 113.13, 29.36 ] } },
{ "type": "Feature", "properties": { "location_id": 965.0, "place_type": "County 縣", "place_name": "Wujin 武進", "country": "China", "province": "Jiangsu" }, "geometry": { "type": "Point", "coordinates": [ 119.94, 31.7 ] } },
{ "type": "Feature", "properties": { "location_id": 965.0, "place_type": "County 縣", "place_name": "Wujin 武進", "country": "China", "province": "Jiangsu" }, "geometry": { "type": "Point", "coordinates": [ 119.94, 31.7 ] } },
{ "type": "Feature", "properties": { "location_id": 980.0, "place_type": "County 縣", "place_name": "定遠", "country": "China", "province": "Anhui" }, "geometry": { "type": "Point", "coordinates": [ 117.7, 32.53 ] } },
{ "type": "Feature", "properties": { "location_id": 980.0, "place_type": "County 縣", "place_name": "定遠", "country": "China", "province": "Anhui" }, "geometry": { "type": "Point", "coordinates": [ 117.7, 32.53 ] } },
{ "type": "Feature", "properties": { "location_id": 983.0, "place_type": "City 市", "place_name": "Lawrence", "country": "USA", "province": "abroad" }, "geometry": { "type": "Point", "coordinates": [ -95.26, 38.95 ] } },
{ "type": "Feature", "properties": { "location_id": 996.0, "place_type": "County 縣", "place_name": "平陽", "country": "China", "province": "Zhejiang" }, "geometry": { "type": "Point", "coordinates": [ 120.57, 27.66 ] } },
{ "type": "Feature", "properties": { "location_id": 996.0, "place_type": "County 縣", "place_name": "平陽", "country": "China", "province": "Zhejiang" }, "geometry": { "type": "Point", "coordinates": [ 120.57, 27.66 ] } },
{ "type": "Feature", "properties": { "location_id": 999.0, "place_type": "City 市", "place_name": "Hangzhou 杭州", "country": "China", "province": "Zhejiang" }, "geometry": { "type": "Point", "coordinates": [ 120.15, 30.27 ] } },
{ "type": "Feature", "properties": { "location_id": 999.0, "place_type": "City 市", "place_name": "Hangzhou 杭州", "country": "China", "province": "Zhejiang" }, "geometry": { "type": "Point", "coordinates": [ 120.15, 30.27 ] } },
{ "type": "Feature", "properties": { "location_id": 1002.0, "place_type": "County 縣", "place_name": "Gong 鞏縣", "country": "China", "province": "Henan" }, "geometry": { "type": "Point", "coordinates": [ 113.02, 34.75 ] } },
{ "type": "Feature", "properties": { "location_id": 1002.0, "place_type": "County 縣", "place_name": "Gong 鞏縣", "country": "China", "province": "Henan" }, "geometry": { "type": "Point", "coordinates": [ 113.02, 34.75 ] } },
{ "type": "Feature", "properties": { "location_id": 1004.0, "place_type": "County 縣", "place_name": "平江", "country": "China", "province": "Hunan" }, "geometry": { "type": "Point", "coordinates": [ 113.58, 28.7 ] } },
{ "type": "Feature", "properties": { "location_id": 1004.0, "place_type": "County 縣", "place_name": "平江", "country": "China", "province": "Hunan" }, "geometry": { "type": "Point", "coordinates": [ 113.58, 28.7 ] } },
{ "type": "Feature", "properties": { "location_id": 1016.0, "place_type": "County 縣", "place_name": "Jiangyin 江陰", "country": "China", "province": "Jiangsu" }, "geometry": { "type": "Point", "coordinates": [ 120.29, 31.92 ] } },
{ "type": "Feature", "properties": { "location_id": 1016.0, "place_type": "County 縣", "place_name": "Jiangyin 江陰", "country": "China", "province": "Jiangsu" }, "geometry": { "type": "Point", "coordinates": [ 120.29, 31.92 ] } },
{ "type": "Feature", "properties": { "location_id": 1028.0, "place_type": "City 市", "place_name": "Bengbu 蚌埠市", "country": "China", "province": "Anhui" }, "geometry": { "type": "Point", "coordinates": [ 117.39, 32.92 ] } },
{ "type": "Feature", "properties": { "location_id": 1028.0, "place_type": "City 市", "place_name": "Bengbu 蚌埠市", "country": "China", "province": "Anhui" }, "geometry": { "type": "Point", "coordinates": [ 117.39, 32.92 ] } },
{ "type": "Feature", "properties": { "location_id": 1036.0, "place_type": "City 市", "place_name": "Wuchang 武昌", "country": "China", "province": "Hubei" }, "geometry": { "type": "Point", "coordinates": [ 114.32, 30.55 ] } },
{ "type": "Feature", "properties": { "location_id": 1036.0, "place_type": "City 市", "place_name": "Wuchang 武昌", "country": "China", "province": "Hubei" }, "geometry": { "type": "Point", "coordinates": [ 114.32, 30.55 ] } },
{ "type": "Feature", "properties": { "location_id": 1042.0, "place_type": "City 市", "place_name": "Jiangdu 江都", "country": "China", "province": "Jiangsu" }, "geometry": { "type": "Point", "coordinates": [ 119.57, 32.43 ] } },
{ "type": "Feature", "properties": { "location_id": 1042.0, "place_type": "City 市", "place_name": "Jiangdu 江都", "country": "China", "province": "Jiangsu" }, "geometry": { "type": "Point", "coordinates": [ 119.57, 32.43 ] } },
{ "type": "Feature", "properties": { "location_id": 1063.0, "place_type": "County 縣", "place_name": "龍游", "country": "China", "province": "Zhejiang" }, "geometry": { "type": "Point", "coordinates": [ 119.17, 29.03 ] } },
{ "type": "Feature", "properties": { "location_id": 1063.0, "place_type": "County 縣", "place_name": "龍游", "country": "China", "province": "Zhejiang" }, "geometry": { "type": "Point", "coordinates": [ 119.17, 29.03 ] } },
{ "type": "Feature", "properties": { "location_id": 1072.0, "place_type": "Colony", "place_name": "Hong Kong 香港", "country": "UK", "province": "abroad" }, "geometry": { "type": "Point", "coordinates": [ 114.17, 22.28 ] } },
{ "type": "Feature", "properties": { "location_id": 1076.0, "place_type": "County 縣", "place_name": "蘭谿 (蘭溪)", "country": "China", "province": "Zhejiang" }, "geometry": { "type": "Point", "coordinates": [ 119.47, 29.2 ] } },
{ "type": "Feature", "properties": { "location_id": 1076.0, "place_type": "County 縣", "place_name": "蘭谿 (蘭溪)", "country": "China", "province": "Zhejiang" }, "geometry": { "type": "Point", "coordinates": [ 119.47, 29.2 ] } },
{ "type": "Feature", "properties": { "location_id": 1079.0, "place_type": "County 縣", "place_name": "Wu 吳縣", "country": "China", "province": "Jiangsu" }, "geometry": { "type": "Point", "coordinates": [ 120.63, 31.27 ] } },
{ "type": "Feature", "properties": { "location_id": 1079.0, "place_type": "County 縣", "place_name": "Wu 吳縣", "country": "China", "province": "Jiangsu" }, "geometry": { "type": "Point", "coordinates": [ 120.63, 31.27 ] } },
{ "type": "Feature", "properties": { "location_id": 1091.0, "place_type": "County 縣", "place_name": "Zunhua 遵化", "country": "China", "province": "Hebei" }, "geometry": { "type": "Point", "coordinates": [ 117.98, 40.19 ] } },
{ "type": "Feature", "properties": { "location_id": 1091.0, "place_type": "County 縣", "place_name": "Zunhua 遵化", "country": "China", "province": "Hebei" }, "geometry": { "type": "Point", "coordinates": [ 117.98, 40.19 ] } },
{ "type": "Feature", "properties": { "location_id": 1095.0, "place_type": "County 縣", "place_name": "望江", "country": "China", "province": "Jiangxi" }, "geometry": { "type": "Point", "coordinates": [ 116.7, 30.12 ] } },
{ "type": "Feature", "properties": { "location_id": 1095.0, "place_type": "County 縣", "place_name": "望江", "country": "China", "province": "Jiangxi" }, "geometry": { "type": "Point", "coordinates": [ 116.7, 30.12 ] } },
{ "type": "Feature", "properties": { "location_id": 1100.0, "place_type": "County 縣", "place_name": "Wujiang 吳江", "country": "China", "province": "Jiangsu" }, "geometry": { "type": "Point", "coordinates": [ 120.65, 31.14 ] } },
{ "type": "Feature", "properties": { "location_id": 1100.0, "place_type": "County 縣", "place_name": "Wujiang 吳江", "country": "China", "province": "Jiangsu" }, "geometry": { "type": "Point", "coordinates": [ 120.65, 31.14 ] } },
{ "type": "Feature", "properties": { "location_id": 1103.0, "place_type": "City 市", "place_name": "Saumur", "country": "France", "province": "abroad" }, "geometry": { "type": "Point", "coordinates": [ -0.08, 47.26 ] } },
{ "type": "Feature", "properties": { "location_id": 1113.0, "place_type": "County 縣", "place_name": "Wuxing 吳興", "country": "China", "province": "Zhejiang" }, "geometry": { "type": "Point", "coordinates": [ 120.18, 30.86 ] } },
{ "type": "Feature", "properties": { "location_id": 1113.0, "place_type": "County 縣", "place_name": "Wuxing 吳興", "country": "China", "province": "Zhejiang" }, "geometry": { "type": "Point", "coordinates": [ 120.18, 30.86 ] } },
{ "type": "Feature", "properties": { "location_id": 1120.0, "place_type": "City 市", "place_name": "Hanyang 漢陽", "country": "China", "province": "Hubei" }, "geometry": { "type": "Point", "coordinates": [ 114.21, 30.56 ] } },
{ "type": "Feature", "properties": { "location_id": 1120.0, "place_type": "City 市", "place_name": "Hanyang 漢陽", "country": "China", "province": "Hubei" }, "geometry": { "type": "Point", "coordinates": [ 114.21, 30.56 ] } },
{ "type": "Feature", "properties": { "location_id": 1126.0, "place_type": "City 市", "place_name": "武岡", "country": "China", "province": "Hunan" }, "geometry": { "type": "Point", "coordinates": [ 110.63, 26.73 ] } },
{ "type": "Feature", "properties": { "location_id": 1126.0, "place_type": "City 市", "place_name": "武岡", "country": "China", "province": "Hunan" }, "geometry": { "type": "Point", "coordinates": [ 110.63, 26.73 ] } },
{ "type": "Feature", "properties": { "location_id": 1161.0, "place_type": "County 縣", "place_name": "Yin 鄞縣", "country": "China", "province": "Zhejiang" }, "geometry": { "type": "Point", "coordinates": [ 121.55, 29.81 ] } },
{ "type": "Feature", "properties": { "location_id": 1161.0, "place_type": "County 縣", "place_name": "Yin 鄞縣", "country": "China", "province": "Zhejiang" }, "geometry": { "type": "Point", "coordinates": [ 121.55, 29.81 ] } },
{ "type": "Feature", "properties": { "location_id": 1177.0, "place_type": "City 市", "place_name": "Jinan 濟南", "country": "China", "province": "Shandong" }, "geometry": { "type": "Point", "coordinates": [ 117.07, 36.66 ] } },
{ "type": "Feature", "properties": { "location_id": 1177.0, "place_type": "City 市", "place_name": "Jinan 濟南", "country": "China", "province": "Shandong" }, "geometry": { "type": "Point", "coordinates": [ 117.07, 36.66 ] } },
{ "type": "Feature", "properties": { "location_id": 1189.0, "place_type": "County 縣", "place_name": "Haimen 海門", "country": "China", "province": "Jiangsu" }, "geometry": { "type": "Point", "coordinates": [ 121.18, 31.88 ] } },
{ "type": "Feature", "properties": { "location_id": 1189.0, "place_type": "County 縣", "place_name": "Haimen 海門", "country": "China", "province": "Jiangsu" }, "geometry": { "type": "Point", "coordinates": [ 121.18, 31.88 ] } },
{ "type": "Feature", "properties": { "location_id": 1210.0, "place_type": "County 縣", "place_name": "Zhuji 諸暨", "country": "China", "province": "Zhejiang" }, "geometry": { "type": "Point", "coordinates": [ 120.23, 29.72 ] } },
{ "type": "Feature", "properties": { "location_id": 1210.0, "place_type": "County 縣", "place_name": "Zhuji 諸暨", "country": "China", "province": "Zhejiang" }, "geometry": { "type": "Point", "coordinates": [ 120.23, 29.72 ] } },
{ "type": "Feature", "properties": { "location_id": 1227.0, "place_type": "City 市", "place_name": "Tongcheng 桐城", "country": "China", "province": "Anhui" }, "geometry": { "type": "Point", "coordinates": [ 116.97, 31.04 ] } },
{ "type": "Feature", "properties": { "location_id": 1227.0, "place_type": "City 市", "place_name": "Tongcheng 桐城", "country": "China", "province": "Anhui" }, "geometry": { "type": "Point", "coordinates": [ 116.97, 31.04 ] } },
{ "type": "Feature", "properties": { "location_id": 1231.0, "place_type": "County 縣", "place_name": "Ning 寧鄉", "country": "China", "province": "Hunan" }, "geometry": { "type": "Point", "coordinates": [ 112.55, 28.28 ] } },
{ "type": "Feature", "properties": { "location_id": 1231.0, "place_type": "County 縣", "place_name": "Ning 寧鄉", "country": "China", "province": "Hunan" }, "geometry": { "type": "Point", "coordinates": [ 112.55, 28.28 ] } },
{ "type": "Feature", "properties": { "location_id": 1251.0, "place_type": "County 縣", "place_name": "蒙化", "country": "China", "province": "Yunnan" }, "geometry": { "type": "Point", "coordinates": [ 100.31, 25.23 ] } },
{ "type": "Feature", "properties": { "location_id": 1251.0, "place_type": "County 縣", "place_name": "蒙化", "country": "China", "province": "Yunnan" }, "geometry": { "type": "Point", "coordinates": [ 100.31, 25.23 ] } },
{ "type": "Feature", "properties": { "location_id": 1256.0, "place_type": "County 縣", "place_name": "Chongming 崇明", "country": "China", "province": "Jiangsu" }, "geometry": { "type": "Point", "coordinates": [ 121.4, 31.62 ] } },
{ "type": "Feature", "properties": { "location_id": 1256.0, "place_type": "County 縣", "place_name": "Chongming 崇明", "country": "China", "province": "Jiangsu" }, "geometry": { "type": "Point", "coordinates": [ 121.4, 31.62 ] } },
{ "type": "Feature", "properties": { "location_id": 1259.0, "place_type": "County 縣", "place_name": "Sheng 嵊縣", "country": "China", "province": "Zhejiang" }, "geometry": { "type": "Point", "coordinates": [ 120.83, 29.56 ] } },
{ "type": "Feature", "properties": { "location_id": 1259.0, "place_type": "County 縣", "place_name": "Sheng 嵊縣", "country": "China", "province": "Zhejiang" }, "geometry": { "type": "Point", "coordinates": [ 120.83, 29.56 ] } },
{ "type": "Feature", "properties": { "location_id": 1270.0, "place_type": "City 市", "place_name": "Chongqing 重慶", "country": "China", "province": "Sichuan" }, "geometry": { "type": "Point", "coordinates": [ 106.54, 29.52 ] } },
{ "type": "Feature", "properties": { "location_id": 1270.0, "place_type": "City 市", "place_name": "Chongqing 重慶", "country": "China", "province": "Sichuan" }, "geometry": { "type": "Point", "coordinates": [ 106.54, 29.52 ] } },
{ "type": "Feature", "properties": { "location_id": 1272.0, "place_type": "City 市", "place_name": "蘭谿", "country": "China", "province": "Zhejiang" }, "geometry": { "type": "Point", "coordinates": [ 119.46, 29.21 ] } },
{ "type": "Feature", "properties": { "location_id": 1272.0, "place_type": "City 市", "place_name": "蘭谿", "country": "China", "province": "Zhejiang" }, "geometry": { "type": "Point", "coordinates": [ 119.46, 29.21 ] } },
{ "type": "Feature", "properties": { "location_id": 1292.0, "place_type": "City 市", "place_name": "淮安", "country": "China", "province": "Jiangsu" }, "geometry": { "type": "Point", "coordinates": [ 119.11, 33.55 ] } },
{ "type": "Feature", "properties": { "location_id": 1292.0, "place_type": "City 市", "place_name": "淮安", "country": "China", "province": "Jiangsu" }, "geometry": { "type": "Point", "coordinates": [ 119.11, 33.55 ] } },
{ "type": "Feature", "properties": { "location_id": 1299.0, "place_type": "County 縣", "place_name": "宣化", "country": "China", "province": "Chahaer" }, "geometry": { "type": "Point", "coordinates": [ 115.03, 40.56 ] } },
{ "type": "Feature", "properties": { "location_id": 1299.0, "place_type": "County 縣", "place_name": "宣化", "country": "China", "province": "Chahaer" }, "geometry": { "type": "Point", "coordinates": [ 115.03, 40.56 ] } },
{ "type": "Feature", "properties": { "location_id": 1305.0, "place_type": "County 縣", "place_name": "Zhenhai 鎮海", "country": "China", "province": "Zhejiang" }, "geometry": { "type": "Point", "coordinates": [ 121.72, 29.95 ] } },
{ "type": "Feature", "properties": { "location_id": 1305.0, "place_type": "County 縣", "place_name": "Zhenhai 鎮海", "country": "China", "province": "Zhejiang" }, "geometry": { "type": "Point", "coordinates": [ 121.72, 29.95 ] } },
{ "type": "Feature", "properties": { "location_id": 1315.0, "place_type": "City 市", "place_name": "Suzhou 蘇州", "country": "China", "province": "Jiangsu" }, "geometry": { "type": "Point", "coordinates": [ 120.59, 31.3 ] } },
{ "type": "Feature", "properties": { "location_id": 1315.0, "place_type": "City 市", "place_name": "Suzhou 蘇州", "country": "China", "province": "Jiangsu" }, "geometry": { "type": "Point", "coordinates": [ 120.59, 31.3 ] } },
{ "type": "Feature", "properties": { "location_id": 1322.0, "place_type": "County 縣", "place_name": "浦東", "country": "China", "province": "Jiangsu" }, "geometry": { "type": "Point", "coordinates": [ 121.54, 31.22 ] } },
{ "type": "Feature", "properties": { "location_id": 1322.0, "place_type": "County 縣", "place_name": "浦東", "country": "China", "province": "Jiangsu" }, "geometry": { "type": "Point", "coordinates": [ 121.54, 31.22 ] } },
{ "type": "Feature", "properties": { "location_id": 1335.0, "place_type": "County 縣", "place_name": "南川", "country": "China", "province": "Sichuan" }, "geometry": { "type": "Point", "coordinates": [ 107.1, 29.16 ] } },
{ "type": "Feature", "properties": { "location_id": 1335.0, "place_type": "County 縣", "place_name": "南川", "country": "China", "province": "Sichuan" }, "geometry": { "type": "Point", "coordinates": [ 107.1, 29.16 ] } },
{ "type": "Feature", "properties": { "location_id": 1344.0, "place_type": "Town 鎮", "place_name": "Stoughton", "country": "USA", "province": "abroad" }, "geometry": { "type": "Point", "coordinates": [ -71.11, 42.12 ] } },
{ "type": "Feature", "properties": { "location_id": 1347.0, "place_type": "District 區", "place_name": "Qishuyan 戚墅堰", "country": "China", "province": "Jiangsu" }, "geometry": { "type": "Point", "coordinates": [ 120.06, 31.72 ] } },
{ "type": "Feature", "properties": { "location_id": 1347.0, "place_type": "District 區", "place_name": "Qishuyan 戚墅堰", "country": "China", "province": "Jiangsu" }, "geometry": { "type": "Point", "coordinates": [ 120.06, 31.72 ] } },
{ "type": "Feature", "properties": { "location_id": 1350.0, "place_type": "City 市", "place_name": "萬縣", "country": "China", "province": "Sichuan" }, "geometry": { "type": "Point", "coordinates": [ 108.4, 30.81 ] } },
{ "type": "Feature", "properties": { "location_id": 1350.0, "place_type": "City 市", "place_name": "萬縣", "country": "China", "province": "Sichuan" }, "geometry": { "type": "Point", "coordinates": [ 108.4, 30.81 ] } },
{ "type": "Feature", "properties": { "location_id": 1356.0, "place_type": "City 市", "place_name": "Hejin 河津", "country": "China", "province": "Shaanxi" }, "geometry": { "type": "Point", "coordinates": [ 110.71, 35.6 ] } },
{ "type": "Feature", "properties": { "location_id": 1356.0, "place_type": "City 市", "place_name": "Hejin 河津", "country": "China", "province": "Shaanxi" }, "geometry": { "type": "Point", "coordinates": [ 110.71, 35.6 ] } },
{ "type": "Feature", "properties": { "location_id": 1359.0, "place_type": "County 縣", "place_name": "平遙", "country": "China", "province": "Shanxi" }, "geometry": { "type": "Point", "coordinates": [ 112.18, 37.19 ] } },
{ "type": "Feature", "properties": { "location_id": 1359.0, "place_type": "County 縣", "place_name": "平遙", "country": "China", "province": "Shanxi" }, "geometry": { "type": "Point", "coordinates": [ 112.18, 37.19 ] } },
{ "type": "Feature", "properties": { "location_id": 1364.0, "place_type": "County 縣", "place_name": "Dai 代縣", "country": "China", "province": "Shanxi" }, "geometry": { "type": "Point", "coordinates": [ 112.96, 39.07 ] } },
{ "type": "Feature", "properties": { "location_id": 1364.0, "place_type": "County 縣", "place_name": "Dai 代縣", "country": "China", "province": "Shanxi" }, "geometry": { "type": "Point", "coordinates": [ 112.96, 39.07 ] } },
{ "type": "Feature", "properties": { "location_id": 1367.0, "place_type": "County 縣", "place_name": "新河", "country": "China", "province": "Hebei" }, "geometry": { "type": "Point", "coordinates": [ 115.25, 37.52 ] } },
{ "type": "Feature", "properties": { "location_id": 1367.0, "place_type": "County 縣", "place_name": "新河", "country": "China", "province": "Hebei" }, "geometry": { "type": "Point", "coordinates": [ 115.25, 37.52 ] } },
{ "type": "Feature", "properties": { "location_id": 1370.0, "place_type": "City 市", "place_name": "Grenoble", "country": "France", "province": "abroad" }, "geometry": { "type": "Point", "coordinates": [ 5.72, 45.19 ] } },
{ "type": "Feature", "properties": { "location_id": 1387.0, "place_type": "Country (independent)", "place_name": "United States of America (USA)", "country": "USA", "province": "abroad" }, "geometry": { "type": "Point", "coordinates": [ -77.03, 38.9 ] } },
{ "type": "Feature", "properties": { "location_id": 1409.0, "place_type": "County 縣", "place_name": "Songjiang 松江", "country": "China", "province": "Jiangsu" }, "geometry": { "type": "Point", "coordinates": [ 121.23, 31.03 ] } },
{ "type": "Feature", "properties": { "location_id": 1409.0, "place_type": "County 縣", "place_name": "Songjiang 松江", "country": "China", "province": "Jiangsu" }, "geometry": { "type": "Point", "coordinates": [ 121.23, 31.03 ] } },
{ "type": "Feature", "properties": { "location_id": 1415.0, "place_type": "City 市", "place_name": "江山", "country": "China", "province": "Zhejiang" }, "geometry": { "type": "Point", "coordinates": [ 118.63, 28.73 ] } },
{ "type": "Feature", "properties": { "location_id": 1415.0, "place_type": "City 市", "place_name": "江山", "country": "China", "province": "Zhejiang" }, "geometry": { "type": "Point", "coordinates": [ 118.63, 28.73 ] } },
{ "type": "Feature", "properties": { "location_id": 1428.0, "place_type": "County 縣", "place_name": "鹿邑", "country": "China", "province": "Henan" }, "geometry": { "type": "Point", "coordinates": [ 115.49, 33.86 ] } },
{ "type": "Feature", "properties": { "location_id": 1428.0, "place_type": "County 縣", "place_name": "鹿邑", "country": "China", "province": "Henan" }, "geometry": { "type": "Point", "coordinates": [ 115.49, 33.86 ] } },
{ "type": "Feature", "properties": { "location_id": 1433.0, "place_type": "County 縣", "place_name": "江安", "country": "China", "province": "Sichuan" }, "geometry": { "type": "Point", "coordinates": [ 105.07, 28.72 ] } },
{ "type": "Feature", "properties": { "location_id": 1433.0, "place_type": "County 縣", "place_name": "江安", "country": "China", "province": "Sichuan" }, "geometry": { "type": "Point", "coordinates": [ 105.07, 28.72 ] } },
{ "type": "Feature", "properties": { "location_id": 1434.0, "place_type": "Province 省", "place_name": "Sichuan", "country": "China", "province": "Sichuan" }, "geometry": { "type": "Point", "coordinates": [ 104.07, 30.57 ] } },
{ "type": "Feature", "properties": { "location_id": 1434.0, "place_type": "Province 省", "place_name": "Sichuan", "country": "China", "province": "Sichuan" }, "geometry": { "type": "Point", "coordinates": [ 104.07, 30.57 ] } },
{ "type": "Feature", "properties": { "location_id": 1465.0, "place_type": "County 縣", "place_name": "西華", "country": "China", "province": "Henan" }, "geometry": { "type": "Point", "coordinates": [ 114.53, 33.77 ] } },
{ "type": "Feature", "properties": { "location_id": 1465.0, "place_type": "County 縣", "place_name": "西華", "country": "China", "province": "Henan" }, "geometry": { "type": "Point", "coordinates": [ 114.53, 33.77 ] } },
{ "type": "Feature", "properties": { "location_id": 1472.0, "place_type": "County 縣", "place_name": "邑寧", "country": "China", "province": "Guangxi" }, "geometry": { "type": "Point", "coordinates": [ 107.69, 23.17 ] } },
{ "type": "Feature", "properties": { "location_id": 1472.0, "place_type": "County 縣", "place_name": "邑寧", "country": "China", "province": "Guangxi" }, "geometry": { "type": "Point", "coordinates": [ 107.69, 23.17 ] } },
{ "type": "Feature", "properties": { "location_id": 1484.0, "place_type": "City 市", "place_name": "New Bedford", "country": "USA", "province": "abroad" }, "geometry": { "type": "Point", "coordinates": [ -70.93, 41.64 ] } },
{ "type": "Feature", "properties": { "location_id": 1487.0, "place_type": "City 市", "place_name": "蒲圻", "country": "China", "province": "Hunan" }, "geometry": { "type": "Point", "coordinates": [ 113.9, 29.73 ] } },
{ "type": "Feature", "properties": { "location_id": 1487.0, "place_type": "City 市", "place_name": "蒲圻", "country": "China", "province": "Hunan" }, "geometry": { "type": "Point", "coordinates": [ 113.9, 29.73 ] } },
{ "type": "Feature", "properties": { "location_id": 1490.0, "place_type": "City 市", "place_name": "信陽", "country": "China", "province": "Henan" }, "geometry": { "type": "Point", "coordinates": [ 114.1, 32.14 ] } },
{ "type": "Feature", "properties": { "location_id": 1490.0, "place_type": "City 市", "place_name": "信陽", "country": "China", "province": "Henan" }, "geometry": { "type": "Point", "coordinates": [ 114.1, 32.14 ] } },
{ "type": "Feature", "properties": { "location_id": 1493.0, "place_type": "County 縣", "place_name": "長治", "country": "China", "province": "Shanxi" }, "geometry": { "type": "Point", "coordinates": [ 113.12, 36.2 ] } },
{ "type": "Feature", "properties": { "location_id": 1493.0, "place_type": "County 縣", "place_name": "長治", "country": "China", "province": "Shanxi" }, "geometry": { "type": "Point", "coordinates": [ 113.12, 36.2 ] } },
{ "type": "Feature", "properties": { "location_id": 1511.0, "place_type": "City 市", "place_name": "上饒", "country": "China", "province": "Jiangxi" }, "geometry": { "type": "Point", "coordinates": [ 117.95, 28.45 ] } },
{ "type": "Feature", "properties": { "location_id": 1511.0, "place_type": "City 市", "place_name": "上饒", "country": "China", "province": "Jiangxi" }, "geometry": { "type": "Point", "coordinates": [ 117.95, 28.45 ] } },
{ "type": "Feature", "properties": { "location_id": 1514.0, "place_type": "City 市", "place_name": "貴谿 (貴溪)", "country": "China", "province": "Jiangxi" }, "geometry": { "type": "Point", "coordinates": [ 117.25, 28.28 ] } },
{ "type": "Feature", "properties": { "location_id": 1514.0, "place_type": "City 市", "place_name": "貴谿 (貴溪)", "country": "China", "province": "Jiangxi" }, "geometry": { "type": "Point", "coordinates": [ 117.25, 28.28 ] } },
{ "type": "Feature", "properties": { "location_id": 1522.0, "place_type": "County 縣", "place_name": "常山", "country": "China", "province": "Zhejiang" }, "geometry": { "type": "Point", "coordinates": [ 118.52, 28.91 ] } },
{ "type": "Feature", "properties": { "location_id": 1522.0, "place_type": "County 縣", "place_name": "常山", "country": "China", "province": "Zhejiang" }, "geometry": { "type": "Point", "coordinates": [ 118.52, 28.91 ] } },
{ "type": "Feature", "properties": { "location_id": 1544.0, "place_type": "City 市", "place_name": "Cixi 慈谿", "country": "China", "province": "Zhejiang" }, "geometry": { "type": "Point", "coordinates": [ 121.27, 30.17 ] } },
{ "type": "Feature", "properties": { "location_id": 1544.0, "place_type": "City 市", "place_name": "Cixi 慈谿", "country": "China", "province": "Zhejiang" }, "geometry": { "type": "Point", "coordinates": [ 121.27, 30.17 ] } },
{ "type": "Feature", "properties": { "location_id": 1556.0, "place_type": "District 區", "place_name": "大興", "country": "China", "province": "Hebei" }, "geometry": { "type": "Point", "coordinates": [ 116.34, 39.73 ] } },
{ "type": "Feature", "properties": { "location_id": 1556.0, "place_type": "District 區", "place_name": "大興", "country": "China", "province": "Hebei" }, "geometry": { "type": "Point", "coordinates": [ 116.34, 39.73 ] } },
{ "type": "Feature", "properties": { "location_id": 1559.0, "place_type": "County 縣", "place_name": "博野", "country": "China", "province": "Hebei" }, "geometry": { "type": "Point", "coordinates": [ 115.46, 38.46 ] } },
{ "type": "Feature", "properties": { "location_id": 1559.0, "place_type": "County 縣", "place_name": "博野", "country": "China", "province": "Hebei" }, "geometry": { "type": "Point", "coordinates": [ 115.46, 38.46 ] } },
{ "type": "Feature", "properties": { "location_id": 1564.0, "place_type": "County 縣", "place_name": "博白", "country": "China", "province": "Guangxi" }, "geometry": { "type": "Point", "coordinates": [ 109.98, 22.27 ] } },
{ "type": "Feature", "properties": { "location_id": 1564.0, "place_type": "County 縣", "place_name": "博白", "country": "China", "province": "Guangxi" }, "geometry": { "type": "Point", "coordinates": [ 109.98, 22.27 ] } },
{ "type": "Feature", "properties": { "location_id": 1569.0, "place_type": "City 市", "place_name": "Glasgow", "country": "UK", "province": "abroad" }, "geometry": { "type": "Point", "coordinates": [ -4.25, 55.86 ] } },
{ "type": "Feature", "properties": { "location_id": 1573.0, "place_type": "City 市", "place_name": "高平", "country": "China", "province": "Shanxi" }, "geometry": { "type": "Point", "coordinates": [ 112.92, 35.8 ] } },
{ "type": "Feature", "properties": { "location_id": 1573.0, "place_type": "City 市", "place_name": "高平", "country": "China", "province": "Shanxi" }, "geometry": { "type": "Point", "coordinates": [ 112.92, 35.8 ] } },
{ "type": "Feature", "properties": { "location_id": 1578.0, "place_type": "County 縣", "place_name": "Xiangling 襄陵", "country": "China", "province": "Shanxi" }, "geometry": { "type": "Point", "coordinates": [ 111.37, 35.98 ] } },
{ "type": "Feature", "properties": { "location_id": 1578.0, "place_type": "County 縣", "place_name": "Xiangling 襄陵", "country": "China", "province": "Shanxi" }, "geometry": { "type": "Point", "coordinates": [ 111.37, 35.98 ] } },
{ "type": "Feature", "properties": { "location_id": 1589.0, "place_type": "County 縣", "place_name": "芷江", "country": "China", "province": "Hunan" }, "geometry": { "type": "Point", "coordinates": [ 109.69, 27.44 ] } },
{ "type": "Feature", "properties": { "location_id": 1589.0, "place_type": "County 縣", "place_name": "芷江", "country": "China", "province": "Hunan" }, "geometry": { "type": "Point", "coordinates": [ 109.69, 27.44 ] } },
{ "type": "Feature", "properties": { "location_id": 1592.0, "place_type": "County 縣", "place_name": "唐河", "country": "China", "province": "Henan" }, "geometry": { "type": "Point", "coordinates": [ 112.84, 32.7 ] } },
{ "type": "Feature", "properties": { "location_id": 1592.0, "place_type": "County 縣", "place_name": "唐河", "country": "China", "province": "Henan" }, "geometry": { "type": "Point", "coordinates": [ 112.84, 32.7 ] } },
{ "type": "Feature", "properties": { "location_id": 1597.0, "place_type": "City 市", "place_name": "金華", "country": "China", "province": "Zhejiang" }, "geometry": { "type": "Point", "coordinates": [ 119.65, 29.08 ] } },
{ "type": "Feature", "properties": { "location_id": 1597.0, "place_type": "City 市", "place_name": "金華", "country": "China", "province": "Zhejiang" }, "geometry": { "type": "Point", "coordinates": [ 119.65, 29.08 ] } },
{ "type": "Feature", "properties": { "location_id": 1604.0, "place_type": "City 市", "place_name": "Jiaxing 嘉興", "country": "China", "province": "Zhejiang" }, "geometry": { "type": "Point", "coordinates": [ 120.76, 30.75 ] } },
{ "type": "Feature", "properties": { "location_id": 1604.0, "place_type": "City 市", "place_name": "Jiaxing 嘉興", "country": "China", "province": "Zhejiang" }, "geometry": { "type": "Point", "coordinates": [ 120.76, 30.75 ] } },
{ "type": "Feature", "properties": { "location_id": 1607.0, "place_type": "County 縣", "place_name": "She 歙縣", "country": "China", "province": "Anhui" }, "geometry": { "type": "Point", "coordinates": [ 118.41, 29.86 ] } },
{ "type": "Feature", "properties": { "location_id": 1607.0, "place_type": "County 縣", "place_name": "She 歙縣", "country": "China", "province": "Anhui" }, "geometry": { "type": "Point", "coordinates": [ 118.41, 29.86 ] } },
{ "type": "Feature", "properties": { "location_id": 1618.0, "place_type": "City 市", "place_name": "Zhenjiang 鎮江", "country": "China", "province": "Jiangsu" }, "geometry": { "type": "Point", "coordinates": [ 119.43, 32.19 ] } },
{ "type": "Feature", "properties": { "location_id": 1618.0, "place_type": "City 市", "place_name": "Zhenjiang 鎮江", "country": "China", "province": "Jiangsu" }, "geometry": { "type": "Point", "coordinates": [ 119.43, 32.19 ] } },
{ "type": "Feature", "properties": { "location_id": 1626.0, "place_type": "County 縣", "place_name": "Jiashan 嘉善", "country": "China", "province": "Zhejiang" }, "geometry": { "type": "Point", "coordinates": [ 120.84, 30.9 ] } },
{ "type": "Feature", "properties": { "location_id": 1626.0, "place_type": "County 縣", "place_name": "Jiashan 嘉善", "country": "China", "province": "Zhejiang" }, "geometry": { "type": "Point", "coordinates": [ 120.84, 30.9 ] } },
{ "type": "Feature", "properties": { "location_id": 1630.0, "place_type": "City 市", "place_name": "Yixing 宜興", "country": "China", "province": "Zhejiang" }, "geometry": { "type": "Point", "coordinates": [ 119.82, 31.34 ] } },
{ "type": "Feature", "properties": { "location_id": 1630.0, "place_type": "City 市", "place_name": "Yixing 宜興", "country": "China", "province": "Zhejiang" }, "geometry": { "type": "Point", "coordinates": [ 119.82, 31.34 ] } },
{ "type": "Feature", "properties": { "location_id": 1636.0, "place_type": "County 縣", "place_name": "Kunshan 崑山", "country": "China", "province": "Jiangsu" }, "geometry": { "type": "Point", "coordinates": [ 120.98, 31.39 ] } },
{ "type": "Feature", "properties": { "location_id": 1636.0, "place_type": "County 縣", "place_name": "Kunshan 崑山", "country": "China", "province": "Jiangsu" }, "geometry": { "type": "Point", "coordinates": [ 120.98, 31.39 ] } },
{ "type": "Feature", "properties": { "location_id": 1643.0, "place_type": "City 市", "place_name": "Haiyan 海鹽", "country": "China", "province": "Zhejiang" }, "geometry": { "type": "Point", "coordinates": [ 120.95, 30.52 ] } },
{ "type": "Feature", "properties": { "location_id": 1643.0, "place_type": "City 市", "place_name": "Haiyan 海鹽", "country": "China", "province": "Zhejiang" }, "geometry": { "type": "Point", "coordinates": [ 120.95, 30.52 ] } },
{ "type": "Feature", "properties": { "location_id": 1659.0, "place_type": "County 縣", "place_name": "Luan 灤縣", "country": "China", "province": "Hebei" }, "geometry": { "type": "Point", "coordinates": [ 118.7, 39.74 ] } },
{ "type": "Feature", "properties": { "location_id": 1659.0, "place_type": "County 縣", "place_name": "Luan 灤縣", "country": "China", "province": "Hebei" }, "geometry": { "type": "Point", "coordinates": [ 118.7, 39.74 ] } },
{ "type": "Feature", "properties": { "location_id": 1664.0, "place_type": "City 市", "place_name": "Wuxi 無錫", "country": "China", "province": "Jiangsu" }, "geometry": { "type": "Point", "coordinates": [ 120.31, 31.49 ] } },
{ "type": "Feature", "properties": { "location_id": 1664.0, "place_type": "City 市", "place_name": "Wuxi 無錫", "country": "China", "province": "Jiangsu" }, "geometry": { "type": "Point", "coordinates": [ 120.31, 31.49 ] } },
{ "type": "Feature", "properties": { "location_id": 1671.0, "place_type": "City 市", "place_name": "德青", "country": "China", "province": "Zhejiang" }, "geometry": { "type": "Point", "coordinates": [ 119.97, 30.55 ] } },
{ "type": "Feature", "properties": { "location_id": 1671.0, "place_type": "City 市", "place_name": "德青", "country": "China", "province": "Zhejiang" }, "geometry": { "type": "Point", "coordinates": [ 119.97, 30.55 ] } },
{ "type": "Feature", "properties": { "location_id": 1682.0, "place_type": "City 市", "place_name": "Wutai 五台", "country": "China", "province": "Shanxi" }, "geometry": { "type": "Point", "coordinates": [ 113.6, 39.01 ] } },
{ "type": "Feature", "properties": { "location_id": 1682.0, "place_type": "City 市", "place_name": "Wutai 五台", "country": "China", "province": "Shanxi" }, "geometry": { "type": "Point", "coordinates": [ 113.6, 39.01 ] } },
{ "type": "Feature", "properties": { "location_id": 1695.0, "place_type": "City 市", "place_name": "永康", "country": "China", "province": "Zhejiang" }, "geometry": { "type": "Point", "coordinates": [ 120.05, 28.89 ] } },
{ "type": "Feature", "properties": { "location_id": 1695.0, "place_type": "City 市", "place_name": "永康", "country": "China", "province": "Zhejiang" }, "geometry": { "type": "Point", "coordinates": [ 120.05, 28.89 ] } },
{ "type": "Feature", "properties": { "location_id": 1703.0, "place_type": "County 縣", "place_name": "石埭", "country": "China", "province": "Anhui" }, "geometry": { "type": "Point", "coordinates": [ 117.48, 30.21 ] } },
{ "type": "Feature", "properties": { "location_id": 1703.0, "place_type": "County 縣", "place_name": "石埭", "country": "China", "province": "Anhui" }, "geometry": { "type": "Point", "coordinates": [ 117.48, 30.21 ] } },
{ "type": "Feature", "properties": { "location_id": 1708.0, "place_type": "County 縣", "place_name": "墊江", "country": "China", "province": "Sichuan" }, "geometry": { "type": "Point", "coordinates": [ 107.33, 30.33 ] } },
{ "type": "Feature", "properties": { "location_id": 1708.0, "place_type": "County 縣", "place_name": "墊江", "country": "China", "province": "Sichuan" }, "geometry": { "type": "Point", "coordinates": [ 107.33, 30.33 ] } },
{ "type": "Feature", "properties": { "location_id": 1711.0, "place_type": "County 縣", "place_name": "新昌", "country": "China", "province": "Zhejiang" }, "geometry": { "type": "Point", "coordinates": [ 120.91, 29.49 ] } },
{ "type": "Feature", "properties": { "location_id": 1711.0, "place_type": "County 縣", "place_name": "新昌", "country": "China", "province": "Zhejiang" }, "geometry": { "type": "Point", "coordinates": [ 120.91, 29.49 ] } },
{ "type": "Feature", "properties": { "location_id": 1714.0, "place_type": "City 市", "place_name": "莆田", "country": "China", "province": "Fujian" }, "geometry": { "type": "Point", "coordinates": [ 119.01, 25.46 ] } },
{ "type": "Feature", "properties": { "location_id": 1714.0, "place_type": "City 市", "place_name": "莆田", "country": "China", "province": "Fujian" }, "geometry": { "type": "Point", "coordinates": [ 119.01, 25.46 ] } },
{ "type": "Feature", "properties": { "location_id": 1725.0, "place_type": "District 區", "place_name": "長樂", "country": "China", "province": "Fujian" }, "geometry": { "type": "Point", "coordinates": [ 119.53, 25.96 ] } },
{ "type": "Feature", "properties": { "location_id": 1725.0, "place_type": "District 區", "place_name": "長樂", "country": "China", "province": "Fujian" }, "geometry": { "type": "Point", "coordinates": [ 119.53, 25.96 ] } },
{ "type": "Feature", "properties": { "location_id": 1736.0, "place_type": "City 市", "place_name": "Ningbo 寧波", "country": "China", "province": "Zhejiang" }, "geometry": { "type": "Point", "coordinates": [ 121.54, 29.87 ] } },
{ "type": "Feature", "properties": { "location_id": 1736.0, "place_type": "City 市", "place_name": "Ningbo 寧波", "country": "China", "province": "Zhejiang" }, "geometry": { "type": "Point", "coordinates": [ 121.54, 29.87 ] } },
{ "type": "Feature", "properties": { "location_id": 1748.0, "place_type": "County 縣", "place_name": "Tai 泰縣", "country": "China", "province": "Jiangsu" }, "geometry": { "type": "Point", "coordinates": [ 119.94, 32.45 ] } },
{ "type": "Feature", "properties": { "location_id": 1748.0, "place_type": "County 縣", "place_name": "Tai 泰縣", "country": "China", "province": "Jiangsu" }, "geometry": { "type": "Point", "coordinates": [ 119.94, 32.45 ] } },
{ "type": "Feature", "properties": { "location_id": 1770.0, "place_type": "District 區", "place_name": "Nanhui 南匯", "country": "China", "province": "Jiangsu" }, "geometry": { "type": "Point", "coordinates": [ 121.86, 30.91 ] } },
{ "type": "Feature", "properties": { "location_id": 1770.0, "place_type": "District 區", "place_name": "Nanhui 南匯", "country": "China", "province": "Jiangsu" }, "geometry": { "type": "Point", "coordinates": [ 121.86, 30.91 ] } },
{ "type": "Feature", "properties": { "location_id": 1779.0, "place_type": "County 縣", "place_name": "Huangyan 黃巖 (黃岩)", "country": "China", "province": "Zhejiang" }, "geometry": { "type": "Point", "coordinates": [ 121.26, 28.65 ] } },
{ "type": "Feature", "properties": { "location_id": 1779.0, "place_type": "County 縣", "place_name": "Huangyan 黃巖 (黃岩)", "country": "China", "province": "Zhejiang" }, "geometry": { "type": "Point", "coordinates": [ 121.26, 28.65 ] } },
{ "type": "Feature", "properties": { "location_id": 1801.0, "place_type": "City 市", "place_name": "Pittsburgh", "country": "USA", "province": "abroad" }, "geometry": { "type": "Point", "coordinates": [ -80.0, 40.44 ] } },
{ "type": "Feature", "properties": { "location_id": 1817.0, "place_type": "City 市", "place_name": "Dongguan 東莞", "country": "China", "province": "Guangdong" }, "geometry": { "type": "Point", "coordinates": [ 113.75, 23.02 ] } },
{ "type": "Feature", "properties": { "location_id": 1817.0, "place_type": "City 市", "place_name": "Dongguan 東莞", "country": "China", "province": "Guangdong" }, "geometry": { "type": "Point", "coordinates": [ 113.75, 23.02 ] } },
{ "type": "Feature", "properties": { "location_id": 1839.0, "place_type": "County 縣", "place_name": "婺源", "country": "China", "province": "Jiangxi" }, "geometry": { "type": "Point", "coordinates": [ 117.86, 29.25 ] } },
{ "type": "Feature", "properties": { "location_id": 1839.0, "place_type": "County 縣", "place_name": "婺源", "country": "China", "province": "Jiangxi" }, "geometry": { "type": "Point", "coordinates": [ 117.86, 29.25 ] } },
{ "type": "Feature", "properties": { "location_id": 1850.0, "place_type": "Colony", "place_name": "Java", "country": "Netherlands", "province": "abroad" }, "geometry": { "type": "Point", "coordinates": [ 106.83, -6.19 ] } },
{ "type": "Feature", "properties": { "location_id": 1857.0, "place_type": "City 市", "place_name": "Kaiping 開平", "country": "China", "province": "Guangdong" }, "geometry": { "type": "Point", "coordinates": [ 112.7, 22.37 ] } },
{ "type": "Feature", "properties": { "location_id": 1857.0, "place_type": "City 市", "place_name": "Kaiping 開平", "country": "China", "province": "Guangdong" }, "geometry": { "type": "Point", "coordinates": [ 112.7, 22.37 ] } },
{ "type": "Feature", "properties": { "location_id": 1867.0, "place_type": "City 市", "place_name": "大理", "country": "China", "province": "Yunnan" }, "geometry": { "type": "Point", "coordinates": [ 100.27, 25.61 ] } },
{ "type": "Feature", "properties": { "location_id": 1867.0, "place_type": "City 市", "place_name": "大理", "country": "China", "province": "Yunnan" }, "geometry": { "type": "Point", "coordinates": [ 100.27, 25.61 ] } },
{ "type": "Feature", "properties": { "location_id": 1881.0, "place_type": "County 縣", "place_name": "Jiangning 江寧", "country": "China", "province": "Jiangsu" }, "geometry": { "type": "Point", "coordinates": [ 118.84, 31.95 ] } },
{ "type": "Feature", "properties": { "location_id": 1881.0, "place_type": "County 縣", "place_name": "Jiangning 江寧", "country": "China", "province": "Jiangsu" }, "geometry": { "type": "Point", "coordinates": [ 118.84, 31.95 ] } },
{ "type": "Feature", "properties": { "location_id": 1885.0, "place_type": "City 市", "place_name": "普寧", "country": "China", "province": "Guangdong" }, "geometry": { "type": "Point", "coordinates": [ 116.16, 23.3 ] } },
{ "type": "Feature", "properties": { "location_id": 1885.0, "place_type": "City 市", "place_name": "普寧", "country": "China", "province": "Guangdong" }, "geometry": { "type": "Point", "coordinates": [ 116.16, 23.3 ] } },
{ "type": "Feature", "properties": { "location_id": 1903.0, "place_type": "City 市", "place_name": "Hefei 合肥", "country": "China", "province": "Anhui" }, "geometry": { "type": "Point", "coordinates": [ 117.23, 31.82 ] } },
{ "type": "Feature", "properties": { "location_id": 1903.0, "place_type": "City 市", "place_name": "Hefei 合肥", "country": "China", "province": "Anhui" }, "geometry": { "type": "Point", "coordinates": [ 117.23, 31.82 ] } },
{ "type": "Feature", "properties": { "location_id": 1910.0, "place_type": "City 市", "place_name": "Anqing 安慶", "country": "China", "province": "Anhui" }, "geometry": { "type": "Point", "coordinates": [ 117.12, 30.53 ] } },
{ "type": "Feature", "properties": { "location_id": 1910.0, "place_type": "City 市", "place_name": "Anqing 安慶", "country": "China", "province": "Anhui" }, "geometry": { "type": "Point", "coordinates": [ 117.12, 30.53 ] } },
{ "type": "Feature", "properties": { "location_id": 1923.0, "place_type": "City 市", "place_name": "五華", "country": "China", "province": "Guangdong" }, "geometry": { "type": "Point", "coordinates": [ 115.78, 23.94 ] } },
{ "type": "Feature", "properties": { "location_id": 1923.0, "place_type": "City 市", "place_name": "五華", "country": "China", "province": "Guangdong" }, "geometry": { "type": "Point", "coordinates": [ 115.78, 23.94 ] } },
{ "type": "Feature", "properties": { "location_id": 1926.0, "place_type": "City 市", "place_name": "建德", "country": "China", "province": "Zhejiang" }, "geometry": { "type": "Point", "coordinates": [ 119.28, 29.47 ] } },
{ "type": "Feature", "properties": { "location_id": 1926.0, "place_type": "City 市", "place_name": "建德", "country": "China", "province": "Zhejiang" }, "geometry": { "type": "Point", "coordinates": [ 119.28, 29.47 ] } },
{ "type": "Feature", "properties": { "location_id": 1940.0, "place_type": "City 市", "place_name": "Dairen/Dalian 大連", "country": "Japan", "province": "Liaoning" }, "geometry": { "type": "Point", "coordinates": [ 121.62, 38.91 ] } },
{ "type": "Feature", "properties": { "location_id": 1940.0, "place_type": "City 市", "place_name": "Dairen/Dalian 大連", "country": "Japan", "province": "Liaoning" }, "geometry": { "type": "Point", "coordinates": [ 121.62, 38.91 ] } },
{ "type": "Feature", "properties": { "location_id": 1941.0, "place_type": "County 縣", "place_name": "潮陽", "country": "China", "province": "Guangdong" }, "geometry": { "type": "Point", "coordinates": [ 116.6, 23.27 ] } },
{ "type": "Feature", "properties": { "location_id": 1941.0, "place_type": "County 縣", "place_name": "潮陽", "country": "China", "province": "Guangdong" }, "geometry": { "type": "Point", "coordinates": [ 116.6, 23.27 ] } },
{ "type": "Feature", "properties": { "location_id": 1948.0, "place_type": "City 市", "place_name": "Paris", "country": "France", "province": "abroad" }, "geometry": { "type": "Point", "coordinates": [ 2.35, 48.86 ] } },
{ "type": "Feature", "properties": { "location_id": 1975.0, "place_type": "City 市", "place_name": "安陽", "country": "China", "province": "Henan" }, "geometry": { "type": "Point", "coordinates": [ 114.39, 36.1 ] } },
{ "type": "Feature", "properties": { "location_id": 1975.0, "place_type": "City 市", "place_name": "安陽", "country": "China", "province": "Henan" }, "geometry": { "type": "Point", "coordinates": [ 114.39, 36.1 ] } },
{ "type": "Feature", "properties": { "location_id": 1981.0, "place_type": "District 區", "place_name": "江岸", "country": "China", "province": "Hubei" }, "geometry": { "type": "Point", "coordinates": [ 114.31, 30.6 ] } },
{ "type": "Feature", "properties": { "location_id": 1981.0, "place_type": "District 區", "place_name": "江岸", "country": "China", "province": "Hubei" }, "geometry": { "type": "Point", "coordinates": [ 114.31, 30.6 ] } },
{ "type": "Feature", "properties": { "location_id": 1993.0, "place_type": "County 縣", "place_name": "Zhongshan 中山", "country": "China", "province": "Guangdong" }, "geometry": { "type": "Point", "coordinates": [ 113.4, 22.51 ] } },
{ "type": "Feature", "properties": { "location_id": 1993.0, "place_type": "County 縣", "place_name": "Zhongshan 中山", "country": "China", "province": "Guangdong" }, "geometry": { "type": "Point", "coordinates": [ 113.4, 22.51 ] } },
{ "type": "Feature", "properties": { "location_id": 1996.0, "place_type": "City 市", "place_name": "Reno", "country": "USA", "province": "abroad" }, "geometry": { "type": "Point", "coordinates": [ -119.81, 39.53 ] } },
{ "type": "Feature", "properties": { "location_id": 2037.0, "place_type": "City 市", "place_name": "Boston", "country": "USA", "province": "abroad" }, "geometry": { "type": "Point", "coordinates": [ -71.06, 42.36 ] } },
{ "type": "Feature", "properties": { "location_id": 2062.0, "place_type": "City 市", "place_name": "益陽", "country": "China", "province": "Hunan" }, "geometry": { "type": "Point", "coordinates": [ 112.36, 28.56 ] } },
{ "type": "Feature", "properties": { "location_id": 2062.0, "place_type": "City 市", "place_name": "益陽", "country": "China", "province": "Hunan" }, "geometry": { "type": "Point", "coordinates": [ 112.36, 28.56 ] } },
{ "type": "Feature", "properties": { "location_id": 2068.0, "place_type": "City 市", "place_name": "桐鄉", "country": "China", "province": "Zhejiang" }, "geometry": { "type": "Point", "coordinates": [ 120.57, 30.63 ] } },
{ "type": "Feature", "properties": { "location_id": 2068.0, "place_type": "City 市", "place_name": "桐鄉", "country": "China", "province": "Zhejiang" }, "geometry": { "type": "Point", "coordinates": [ 120.57, 30.63 ] } },
{ "type": "Feature", "properties": { "location_id": 2071.0, "place_type": "City 市", "place_name": "Guoxian 崞縣", "country": "China", "province": "Shanxi" }, "geometry": { "type": "Point", "coordinates": [ 112.72, 38.73 ] } },
{ "type": "Feature", "properties": { "location_id": 2071.0, "place_type": "City 市", "place_name": "Guoxian 崞縣", "country": "China", "province": "Shanxi" }, "geometry": { "type": "Point", "coordinates": [ 112.72, 38.73 ] } },
{ "type": "Feature", "properties": { "location_id": 2076.0, "place_type": "County 縣", "place_name": "新賓", "country": "China", "province": "Liaoning" }, "geometry": { "type": "Point", "coordinates": [ 125.04, 41.73 ] } },
{ "type": "Feature", "properties": { "location_id": 2076.0, "place_type": "County 縣", "place_name": "新賓", "country": "China", "province": "Liaoning" }, "geometry": { "type": "Point", "coordinates": [ 125.04, 41.73 ] } },
{ "type": "Feature", "properties": { "location_id": 2103.0, "place_type": "City 市", "place_name": "吹田市", "country": "Japan", "province": "abroad" }, "geometry": { "type": "Point", "coordinates": [ 135.52, 34.76 ] } },
{ "type": "Feature", "properties": { "location_id": 2106.0, "place_type": "City 市", "place_name": "廣島", "country": "Japan", "province": "abroad" }, "geometry": { "type": "Point", "coordinates": [ 132.46, 34.39 ] } },
{ "type": "Feature", "properties": { "location_id": 2114.0, "place_type": "County 縣", "place_name": "Jinshan 金山", "country": "China", "province": "Jiangsu" }, "geometry": { "type": "Point", "coordinates": [ 121.34, 30.74 ] } },
{ "type": "Feature", "properties": { "location_id": 2114.0, "place_type": "County 縣", "place_name": "Jinshan 金山", "country": "China", "province": "Jiangsu" }, "geometry": { "type": "Point", "coordinates": [ 121.34, 30.74 ] } },
{ "type": "Feature", "properties": { "location_id": 2122.0, "place_type": "City 市", "place_name": "Lyon", "country": "France", "province": "abroad" }, "geometry": { "type": "Point", "coordinates": [ 4.84, 45.76 ] } },
{ "type": "Feature", "properties": { "location_id": 2146.0, "place_type": "District 區", "place_name": "定海", "country": "China", "province": "Zhejiang" }, "geometry": { "type": "Point", "coordinates": [ 122.1, 30.01 ] } },
{ "type": "Feature", "properties": { "location_id": 2146.0, "place_type": "District 區", "place_name": "定海", "country": "China", "province": "Zhejiang" }, "geometry": { "type": "Point", "coordinates": [ 122.1, 30.01 ] } },
{ "type": "Feature", "properties": { "location_id": 2165.0, "place_type": "District 區", "place_name": "江北", "country": "China", "province": "Sichuan" }, "geometry": { "type": "Point", "coordinates": [ 106.58, 29.61 ] } },
{ "type": "Feature", "properties": { "location_id": 2165.0, "place_type": "District 區", "place_name": "江北", "country": "China", "province": "Sichuan" }, "geometry": { "type": "Point", "coordinates": [ 106.58, 29.61 ] } },
{ "type": "Feature", "properties": { "location_id": 2183.0, "place_type": "City 市", "place_name": "Luoyang 洛陽", "country": "China", "province": "Henan" }, "geometry": { "type": "Point", "coordinates": [ 112.45, 34.62 ] } },
{ "type": "Feature", "properties": { "location_id": 2183.0, "place_type": "City 市", "place_name": "Luoyang 洛陽", "country": "China", "province": "Henan" }, "geometry": { "type": "Point", "coordinates": [ 112.45, 34.62 ] } },
{ "type": "Feature", "properties": { "location_id": 2236.0, "place_type": "County 縣", "place_name": "桐廬", "country": "China", "province": "Zhejiang" }, "geometry": { "type": "Point", "coordinates": [ 119.69, 29.8 ] } },
{ "type": "Feature", "properties": { "location_id": 2236.0, "place_type": "County 縣", "place_name": "桐廬", "country": "China", "province": "Zhejiang" }, "geometry": { "type": "Point", "coordinates": [ 119.69, 29.8 ] } },
{ "type": "Feature", "properties": { "location_id": 2240.0, "place_type": "Country (independent)", "place_name": "Switzerland", "country": "Switzerland", "province": "abroad" }, "geometry": { "type": "Point", "coordinates": [ 7.45, 46.95 ] } },
{ "type": "Feature", "properties": { "location_id": 2253.0, "place_type": "City 市", "place_name": "麗水", "country": "China", "province": "Zhejiang" }, "geometry": { "type": "Point", "coordinates": [ 119.92, 28.47 ] } },
{ "type": "Feature", "properties": { "location_id": 2253.0, "place_type": "City 市", "place_name": "麗水", "country": "China", "province": "Zhejiang" }, "geometry": { "type": "Point", "coordinates": [ 119.92, 28.47 ] } },
{ "type": "Feature", "properties": { "location_id": 2279.0, "place_type": "City 市", "place_name": "Mulhouse", "country": "France", "province": "abroad" }, "geometry": { "type": "Point", "coordinates": [ 7.34, 47.75 ] } },
{ "type": "Feature", "properties": { "location_id": 2310.0, "place_type": "County 縣", "place_name": "三原", "country": "China", "province": "Shaanxi" }, "geometry": { "type": "Point", "coordinates": [ 108.94, 34.62 ] } },
{ "type": "Feature", "properties": { "location_id": 2310.0, "place_type": "County 縣", "place_name": "三原", "country": "China", "province": "Shaanxi" }, "geometry": { "type": "Point", "coordinates": [ 108.94, 34.62 ] } },
{ "type": "Feature", "properties": { "location_id": 2313.0, "place_type": "County 縣", "place_name": "Xinjiang 新絳", "country": "China", "province": "Shanxi" }, "geometry": { "type": "Point", "coordinates": [ 111.23, 35.62 ] } },
{ "type": "Feature", "properties": { "location_id": 2313.0, "place_type": "County 縣", "place_name": "Xinjiang 新絳", "country": "China", "province": "Shanxi" }, "geometry": { "type": "Point", "coordinates": [ 111.23, 35.62 ] } },
{ "type": "Feature", "properties": { "location_id": 2331.0, "place_type": "City 市", "place_name": "Qingdao 靑島/青島", "country": "China", "province": "Shandong" }, "geometry": { "type": "Point", "coordinates": [ 120.39, 36.07 ] } },
{ "type": "Feature", "properties": { "location_id": 2331.0, "place_type": "City 市", "place_name": "Qingdao 靑島/青島", "country": "China", "province": "Shandong" }, "geometry": { "type": "Point", "coordinates": [ 120.39, 36.07 ] } },
{ "type": "Feature", "properties": { "location_id": 2352.0, "place_type": "City 市", "place_name": "Rugao 如皋", "country": "China", "province": "Jiangsu" }, "geometry": { "type": "Point", "coordinates": [ 120.58, 32.37 ] } },
{ "type": "Feature", "properties": { "location_id": 2352.0, "place_type": "City 市", "place_name": "Rugao 如皋", "country": "China", "province": "Jiangsu" }, "geometry": { "type": "Point", "coordinates": [ 120.58, 32.37 ] } },
{ "type": "Feature", "properties": { "location_id": 2380.0, "place_type": "City 市", "place_name": "Hankou 漢口", "country": "China", "province": "Hubei" }, "geometry": { "type": "Point", "coordinates": [ 114.32, 30.62 ] } },
{ "type": "Feature", "properties": { "location_id": 2380.0, "place_type": "City 市", "place_name": "Hankou 漢口", "country": "China", "province": "Hubei" }, "geometry": { "type": "Point", "coordinates": [ 114.32, 30.62 ] } },
{ "type": "Feature", "properties": { "location_id": 2383.0, "place_type": "City 市", "place_name": "Shantou 汕頭", "country": "China", "province": "Guangdong" }, "geometry": { "type": "Point", "coordinates": [ 116.68, 23.36 ] } },
{ "type": "Feature", "properties": { "location_id": 2383.0, "place_type": "City 市", "place_name": "Shantou 汕頭", "country": "China", "province": "Guangdong" }, "geometry": { "type": "Point", "coordinates": [ 116.68, 23.36 ] } },
{ "type": "Feature", "properties": { "location_id": 2390.0, "place_type": "City 市", "place_name": "東台", "country": "China", "province": "Jiangsu" }, "geometry": { "type": "Point", "coordinates": [ 120.32, 32.87 ] } },
{ "type": "Feature", "properties": { "location_id": 2390.0, "place_type": "City 市", "place_name": "東台", "country": "China", "province": "Jiangsu" }, "geometry": { "type": "Point", "coordinates": [ 120.32, 32.87 ] } },
{ "type": "Feature", "properties": { "location_id": 2406.0, "place_type": "City 市", "place_name": "常州", "country": "China", "province": "Jiangsu" }, "geometry": { "type": "Point", "coordinates": [ 119.98, 31.81 ] } },
{ "type": "Feature", "properties": { "location_id": 2406.0, "place_type": "City 市", "place_name": "常州", "country": "China", "province": "Jiangsu" }, "geometry": { "type": "Point", "coordinates": [ 119.98, 31.81 ] } },
{ "type": "Feature", "properties": { "location_id": 2422.0, "place_type": "County 縣", "place_name": "高邑", "country": "China", "province": "Shanxi" }, "geometry": { "type": "Point", "coordinates": [ 114.62, 37.63 ] } },
{ "type": "Feature", "properties": { "location_id": 2422.0, "place_type": "County 縣", "place_name": "高邑", "country": "China", "province": "Shanxi" }, "geometry": { "type": "Point", "coordinates": [ 114.62, 37.63 ] } },
{ "type": "Feature", "properties": { "location_id": 2429.0, "place_type": "County 縣", "place_name": "Xinhua 新化", "country": "China", "province": "Hunan" }, "geometry": { "type": "Point", "coordinates": [ 111.33, 27.73 ] } },
{ "type": "Feature", "properties": { "location_id": 2429.0, "place_type": "County 縣", "place_name": "Xinhua 新化", "country": "China", "province": "Hunan" }, "geometry": { "type": "Point", "coordinates": [ 111.33, 27.73 ] } },
{ "type": "Feature", "properties": { "location_id": 2435.0, "place_type": "County 縣", "place_name": "永吉", "country": "China", "province": "Jilin" }, "geometry": { "type": "Point", "coordinates": [ 126.5, 43.7 ] } },
{ "type": "Feature", "properties": { "location_id": 2435.0, "place_type": "County 縣", "place_name": "永吉", "country": "China", "province": "Jilin" }, "geometry": { "type": "Point", "coordinates": [ 126.5, 43.7 ] } },
{ "type": "Feature", "properties": { "location_id": 2438.0, "place_type": "County 縣", "place_name": "岢嵐", "country": "China", "province": "Shanxi" }, "geometry": { "type": "Point", "coordinates": [ 111.57, 38.71 ] } },
{ "type": "Feature", "properties": { "location_id": 2438.0, "place_type": "County 縣", "place_name": "岢嵐", "country": "China", "province": "Shanxi" }, "geometry": { "type": "Point", "coordinates": [ 111.57, 38.71 ] } },
{ "type": "Feature", "properties": { "location_id": 2443.0, "place_type": "City 市", "place_name": "靖江", "country": "China", "province": "Jiangsu" }, "geometry": { "type": "Point", "coordinates": [ 120.28, 31.98 ] } },
{ "type": "Feature", "properties": { "location_id": 2443.0, "place_type": "City 市", "place_name": "靖江", "country": "China", "province": "Jiangsu" }, "geometry": { "type": "Point", "coordinates": [ 120.28, 31.98 ] } },
{ "type": "Feature", "properties": { "location_id": 2477.0, "place_type": "City 市", "place_name": "宜賓", "country": "China", "province": "Sichuan" }, "geometry": { "type": "Point", "coordinates": [ 104.64, 28.75 ] } },
{ "type": "Feature", "properties": { "location_id": 2477.0, "place_type": "City 市", "place_name": "宜賓", "country": "China", "province": "Sichuan" }, "geometry": { "type": "Point", "coordinates": [ 104.64, 28.75 ] } },
{ "type": "Feature", "properties": { "location_id": 2481.0, "place_type": "City 市", "place_name": "黃縣", "country": "China", "province": "Shandong" }, "geometry": { "type": "Point", "coordinates": [ 120.48, 37.65 ] } },
{ "type": "Feature", "properties": { "location_id": 2481.0, "place_type": "City 市", "place_name": "黃縣", "country": "China", "province": "Shandong" }, "geometry": { "type": "Point", "coordinates": [ 120.48, 37.65 ] } },
{ "type": "Feature", "properties": { "location_id": 2489.0, "place_type": "County 縣", "place_name": "獻縣", "country": "China", "province": "Hebei" }, "geometry": { "type": "Point", "coordinates": [ 116.13, 38.19 ] } },
{ "type": "Feature", "properties": { "location_id": 2489.0, "place_type": "County 縣", "place_name": "獻縣", "country": "China", "province": "Hebei" }, "geometry": { "type": "Point", "coordinates": [ 116.13, 38.19 ] } },
{ "type": "Feature", "properties": { "location_id": 2496.0, "place_type": "City 市", "place_name": "Zhengzhou 鄭州", "country": "China", "province": "Henan" }, "geometry": { "type": "Point", "coordinates": [ 113.63, 34.74 ] } },
{ "type": "Feature", "properties": { "location_id": 2496.0, "place_type": "City 市", "place_name": "Zhengzhou 鄭州", "country": "China", "province": "Henan" }, "geometry": { "type": "Point", "coordinates": [ 113.63, 34.74 ] } },
{ "type": "Feature", "properties": { "location_id": 2498.0, "place_type": "District 區", "place_name": "廣豐", "country": "China", "province": "Jiangxi" }, "geometry": { "type": "Point", "coordinates": [ 118.19, 28.44 ] } },
{ "type": "Feature", "properties": { "location_id": 2498.0, "place_type": "District 區", "place_name": "廣豐", "country": "China", "province": "Jiangxi" }, "geometry": { "type": "Point", "coordinates": [ 118.19, 28.44 ] } },
{ "type": "Feature", "properties": { "location_id": 2508.0, "place_type": "City 市", "place_name": "寧安", "country": "China", "province": "Jilin" }, "geometry": { "type": "Point", "coordinates": [ 129.48, 44.34 ] } },
{ "type": "Feature", "properties": { "location_id": 2508.0, "place_type": "City 市", "place_name": "寧安", "country": "China", "province": "Jilin" }, "geometry": { "type": "Point", "coordinates": [ 129.48, 44.34 ] } },
{ "type": "Feature", "properties": { "location_id": 2530.0, "place_type": "County 縣", "place_name": "洮安", "country": "China", "province": "Jilin" }, "geometry": { "type": "Point", "coordinates": [ 122.79, 45.35 ] } },
{ "type": "Feature", "properties": { "location_id": 2530.0, "place_type": "County 縣", "place_name": "洮安", "country": "China", "province": "Jilin" }, "geometry": { "type": "Point", "coordinates": [ 122.79, 45.35 ] } },
{ "type": "Feature", "properties": { "location_id": 2534.0, "place_type": "County 縣", "place_name": "貴池", "country": "China", "province": "Anhui" }, "geometry": { "type": "Point", "coordinates": [ 117.57, 30.69 ] } },
{ "type": "Feature", "properties": { "location_id": 2534.0, "place_type": "County 縣", "place_name": "貴池", "country": "China", "province": "Anhui" }, "geometry": { "type": "Point", "coordinates": [ 117.57, 30.69 ] } },
{ "type": "Feature", "properties": { "location_id": 2539.0, "place_type": "County 縣", "place_name": "巢縣", "country": "China", "province": "Anhui" }, "geometry": { "type": "Point", "coordinates": [ 117.89, 31.63 ] } },
{ "type": "Feature", "properties": { "location_id": 2539.0, "place_type": "County 縣", "place_name": "巢縣", "country": "China", "province": "Anhui" }, "geometry": { "type": "Point", "coordinates": [ 117.89, 31.63 ] } },
{ "type": "Feature", "properties": { "location_id": 2542.0, "place_type": "City 市", "place_name": "Haining 海寧", "country": "China", "province": "Zhejiang" }, "geometry": { "type": "Point", "coordinates": [ 120.68, 30.51 ] } },
{ "type": "Feature", "properties": { "location_id": 2542.0, "place_type": "City 市", "place_name": "Haining 海寧", "country": "China", "province": "Zhejiang" }, "geometry": { "type": "Point", "coordinates": [ 120.68, 30.51 ] } },
{ "type": "Feature", "properties": { "location_id": 2545.0, "place_type": "County 縣", "place_name": "蘭封", "country": "China", "province": "Henan" }, "geometry": { "type": "Point", "coordinates": [ 114.82, 34.82 ] } },
{ "type": "Feature", "properties": { "location_id": 2545.0, "place_type": "County 縣", "place_name": "蘭封", "country": "China", "province": "Henan" }, "geometry": { "type": "Point", "coordinates": [ 114.82, 34.82 ] } },
{ "type": "Feature", "properties": { "location_id": 2567.0, "place_type": "City 市", "place_name": "樂清", "country": "China", "province": "Zhejiang" }, "geometry": { "type": "Point", "coordinates": [ 120.99, 28.11 ] } },
{ "type": "Feature", "properties": { "location_id": 2567.0, "place_type": "City 市", "place_name": "樂清", "country": "China", "province": "Zhejiang" }, "geometry": { "type": "Point", "coordinates": [ 120.99, 28.11 ] } },
{ "type": "Feature", "properties": { "location_id": 2585.0, "place_type": "City 市", "place_name": "Kyoto 京都", "country": "Japan", "province": "abroad" }, "geometry": { "type": "Point", "coordinates": [ 135.77, 35.02 ] } },
{ "type": "Feature", "properties": { "location_id": 2596.0, "place_type": "City 市", "place_name": "Xi'an 西安", "country": "China", "province": "Shaanxi" }, "geometry": { "type": "Point", "coordinates": [ 108.94, 34.34 ] } },
{ "type": "Feature", "properties": { "location_id": 2596.0, "place_type": "City 市", "place_name": "Xi'an 西安", "country": "China", "province": "Shaanxi" }, "geometry": { "type": "Point", "coordinates": [ 108.94, 34.34 ] } },
{ "type": "Feature", "properties": { "location_id": 2625.0, "place_type": "County 縣", "place_name": "Fenghua 奉化", "country": "China", "province": "Zhejiang" }, "geometry": { "type": "Point", "coordinates": [ 121.41, 29.65 ] } },
{ "type": "Feature", "properties": { "location_id": 2625.0, "place_type": "County 縣", "place_name": "Fenghua 奉化", "country": "China", "province": "Zhejiang" }, "geometry": { "type": "Point", "coordinates": [ 121.41, 29.65 ] } },
{ "type": "Feature", "properties": { "location_id": 2641.0, "place_type": "City 市", "place_name": "Taicang 太倉", "country": "China", "province": "Jiangsu" }, "geometry": { "type": "Point", "coordinates": [ 121.13, 31.46 ] } },
{ "type": "Feature", "properties": { "location_id": 2641.0, "place_type": "City 市", "place_name": "Taicang 太倉", "country": "China", "province": "Jiangsu" }, "geometry": { "type": "Point", "coordinates": [ 121.13, 31.46 ] } },
{ "type": "Feature", "properties": { "location_id": 2660.0, "place_type": "District 區", "place_name": "南溪", "country": "China", "province": "Sichuan" }, "geometry": { "type": "Point", "coordinates": [ 104.97, 28.85 ] } },
{ "type": "Feature", "properties": { "location_id": 2660.0, "place_type": "District 區", "place_name": "南溪", "country": "China", "province": "Sichuan" }, "geometry": { "type": "Point", "coordinates": [ 104.97, 28.85 ] } },
{ "type": "Feature", "properties": { "location_id": 2690.0, "place_type": "County 縣", "place_name": "Lincheng 臨城", "country": "China", "province": "Shanxi" }, "geometry": { "type": "Point", "coordinates": [ 114.5, 37.45 ] } },
{ "type": "Feature", "properties": { "location_id": 2690.0, "place_type": "County 縣", "place_name": "Lincheng 臨城", "country": "China", "province": "Shanxi" }, "geometry": { "type": "Point", "coordinates": [ 114.5, 37.45 ] } },
{ "type": "Feature", "properties": { "location_id": 2693.0, "place_type": "County 縣", "place_name": "柳江", "country": "China", "province": "Guangxi" }, "geometry": { "type": "Point", "coordinates": [ 109.33, 24.26 ] } },
{ "type": "Feature", "properties": { "location_id": 2693.0, "place_type": "County 縣", "place_name": "柳江", "country": "China", "province": "Guangxi" }, "geometry": { "type": "Point", "coordinates": [ 109.33, 24.26 ] } },
{ "type": "Feature", "properties": { "location_id": 2722.0, "place_type": "County 縣", "place_name": "保德", "country": "China", "province": "Shaanxi" }, "geometry": { "type": "Point", "coordinates": [ 110.93, 39.01 ] } },
{ "type": "Feature", "properties": { "location_id": 2722.0, "place_type": "County 縣", "place_name": "保德", "country": "China", "province": "Shaanxi" }, "geometry": { "type": "Point", "coordinates": [ 110.93, 39.01 ] } },
{ "type": "Feature", "properties": { "location_id": 2728.0, "place_type": "County 縣", "place_name": "博愛", "country": "China", "province": "Henan" }, "geometry": { "type": "Point", "coordinates": [ 113.08, 35.18 ] } },
{ "type": "Feature", "properties": { "location_id": 2728.0, "place_type": "County 縣", "place_name": "博愛", "country": "China", "province": "Henan" }, "geometry": { "type": "Point", "coordinates": [ 113.08, 35.18 ] } },
{ "type": "Feature", "properties": { "location_id": 2732.0, "place_type": "County 縣", "place_name": "Xin 忻縣", "country": "China", "province": "Shanxi" }, "geometry": { "type": "Point", "coordinates": [ 112.75, 38.4 ] } },
{ "type": "Feature", "properties": { "location_id": 2732.0, "place_type": "County 縣", "place_name": "Xin 忻縣", "country": "China", "province": "Shanxi" }, "geometry": { "type": "Point", "coordinates": [ 112.75, 38.4 ] } },
{ "type": "Feature", "properties": { "location_id": 2753.0, "place_type": "Country (independent)", "place_name": "Belgium 比利時", "country": "Belgium", "province": "abroad" }, "geometry": { "type": "Point", "coordinates": [ 4.35, 50.85 ] } },
{ "type": "Feature", "properties": { "location_id": 2780.0, "place_type": "County 縣", "place_name": "Xinhui 新會", "country": "China", "province": "Guangdong" }, "geometry": { "type": "Point", "coordinates": [ 113.04, 22.46 ] } },
{ "type": "Feature", "properties": { "location_id": 2780.0, "place_type": "County 縣", "place_name": "Xinhui 新會", "country": "China", "province": "Guangdong" }, "geometry": { "type": "Point", "coordinates": [ 113.04, 22.46 ] } },
{ "type": "Feature", "properties": { "location_id": 2790.0, "place_type": "County 縣", "place_name": "Yutian 玉田", "country": "China", "province": "Hebei" }, "geometry": { "type": "Point", "coordinates": [ 117.74, 39.9 ] } },
{ "type": "Feature", "properties": { "location_id": 2790.0, "place_type": "County 縣", "place_name": "Yutian 玉田", "country": "China", "province": "Hebei" }, "geometry": { "type": "Point", "coordinates": [ 117.74, 39.9 ] } },
{ "type": "Feature", "properties": { "location_id": 2794.0, "place_type": "City 市", "place_name": "遵義", "country": "China", "province": "Guizhou" }, "geometry": { "type": "Point", "coordinates": [ 106.93, 27.73 ] } },
{ "type": "Feature", "properties": { "location_id": 2794.0, "place_type": "City 市", "place_name": "遵義", "country": "China", "province": "Guizhou" }, "geometry": { "type": "Point", "coordinates": [ 106.93, 27.73 ] } },
{ "type": "Feature", "properties": { "location_id": 2797.0, "place_type": "County 縣", "place_name": "Hunyuan 渾源", "country": "China", "province": "Shanxi" }, "geometry": { "type": "Point", "coordinates": [ 113.7, 39.7 ] } },
{ "type": "Feature", "properties": { "location_id": 2797.0, "place_type": "County 縣", "place_name": "Hunyuan 渾源", "country": "China", "province": "Shanxi" }, "geometry": { "type": "Point", "coordinates": [ 113.7, 39.7 ] } },
{ "type": "Feature", "properties": { "location_id": 2801.0, "place_type": "City 市", "place_name": "秦皇島", "country": "China", "province": "Hebei" }, "geometry": { "type": "Point", "coordinates": [ 119.6, 39.94 ] } },
{ "type": "Feature", "properties": { "location_id": 2801.0, "place_type": "City 市", "place_name": "秦皇島", "country": "China", "province": "Hebei" }, "geometry": { "type": "Point", "coordinates": [ 119.6, 39.94 ] } },
{ "type": "Feature", "properties": { "location_id": 2829.0, "place_type": "City 市", "place_name": "資陽", "country": "China", "province": "Sichuan" }, "geometry": { "type": "Point", "coordinates": [ 104.63, 30.13 ] } },
{ "type": "Feature", "properties": { "location_id": 2829.0, "place_type": "City 市", "place_name": "資陽", "country": "China", "province": "Sichuan" }, "geometry": { "type": "Point", "coordinates": [ 104.63, 30.13 ] } },
{ "type": "Feature", "properties": { "location_id": 2837.0, "place_type": "County 縣", "place_name": "新野", "country": "China", "province": "Hubei" }, "geometry": { "type": "Point", "coordinates": [ 112.36, 32.53 ] } },
{ "type": "Feature", "properties": { "location_id": 2837.0, "place_type": "County 縣", "place_name": "新野", "country": "China", "province": "Hubei" }, "geometry": { "type": "Point", "coordinates": [ 112.36, 32.53 ] } },
{ "type": "Feature", "properties": { "location_id": 2857.0, "place_type": "City 市", "place_name": "Kaiyuan 開原", "country": "China", "province": "Liaoning" }, "geometry": { "type": "Point", "coordinates": [ 124.04, 42.54 ] } },
{ "type": "Feature", "properties": { "location_id": 2857.0, "place_type": "City 市", "place_name": "Kaiyuan 開原", "country": "China", "province": "Liaoning" }, "geometry": { "type": "Point", "coordinates": [ 124.04, 42.54 ] } },
{ "type": "Feature", "properties": { "location_id": 2861.0, "place_type": "County 縣", "place_name": "順昌", "country": "China", "province": "Fujian" }, "geometry": { "type": "Point", "coordinates": [ 117.81, 26.79 ] } },
{ "type": "Feature", "properties": { "location_id": 2861.0, "place_type": "County 縣", "place_name": "順昌", "country": "China", "province": "Fujian" }, "geometry": { "type": "Point", "coordinates": [ 117.81, 26.79 ] } },
{ "type": "Feature", "properties": { "location_id": 2884.0, "place_type": "District 區", "place_name": "Fengrun 豐潤", "country": "China", "province": "Hebei" }, "geometry": { "type": "Point", "coordinates": [ 118.16, 39.83 ] } },
{ "type": "Feature", "properties": { "location_id": 2884.0, "place_type": "District 區", "place_name": "Fengrun 豐潤", "country": "China", "province": "Hebei" }, "geometry": { "type": "Point", "coordinates": [ 118.16, 39.83 ] } },
{ "type": "Feature", "properties": { "location_id": 2889.0, "place_type": "County 縣", "place_name": "城固縣", "country": "China", "province": "Shaanxi" }, "geometry": { "type": "Point", "coordinates": [ 107.33, 33.17 ] } },
{ "type": "Feature", "properties": { "location_id": 2889.0, "place_type": "County 縣", "place_name": "城固縣", "country": "China", "province": "Shaanxi" }, "geometry": { "type": "Point", "coordinates": [ 107.33, 33.17 ] } },
{ "type": "Feature", "properties": { "location_id": 2898.0, "place_type": "County 縣", "place_name": "清原", "country": "China", "province": "Liaoning" }, "geometry": { "type": "Point", "coordinates": [ 124.93, 42.1 ] } },
{ "type": "Feature", "properties": { "location_id": 2898.0, "place_type": "County 縣", "place_name": "清原", "country": "China", "province": "Liaoning" }, "geometry": { "type": "Point", "coordinates": [ 124.93, 42.1 ] } },
{ "type": "Feature", "properties": { "location_id": 2932.0, "place_type": "County 縣", "place_name": "Changxing 長興", "country": "China", "province": "Zhejiang" }, "geometry": { "type": "Point", "coordinates": [ 119.91, 31.03 ] } },
{ "type": "Feature", "properties": { "location_id": 2932.0, "place_type": "County 縣", "place_name": "Changxing 長興", "country": "China", "province": "Zhejiang" }, "geometry": { "type": "Point", "coordinates": [ 119.91, 31.03 ] } },
{ "type": "Feature", "properties": { "location_id": 2942.0, "place_type": "County 縣", "place_name": "仙遊", "country": "China", "province": "Fujian" }, "geometry": { "type": "Point", "coordinates": [ 118.69, 25.36 ] } },
{ "type": "Feature", "properties": { "location_id": 2942.0, "place_type": "County 縣", "place_name": "仙遊", "country": "China", "province": "Fujian" }, "geometry": { "type": "Point", "coordinates": [ 118.69, 25.36 ] } },
{ "type": "Feature", "properties": { "location_id": 2945.0, "place_type": "City 市", "place_name": "海澄", "country": "China", "province": "Fujian" }, "geometry": { "type": "Point", "coordinates": [ 117.82, 24.45 ] } },
{ "type": "Feature", "properties": { "location_id": 2945.0, "place_type": "City 市", "place_name": "海澄", "country": "China", "province": "Fujian" }, "geometry": { "type": "Point", "coordinates": [ 117.82, 24.45 ] } },
{ "type": "Feature", "properties": { "location_id": 2958.0, "place_type": "County 縣", "place_name": "同德", "country": "China", "province": "Qinghai" }, "geometry": { "type": "Point", "coordinates": [ 100.58, 35.26 ] } },
{ "type": "Feature", "properties": { "location_id": 2958.0, "place_type": "County 縣", "place_name": "同德", "country": "China", "province": "Qinghai" }, "geometry": { "type": "Point", "coordinates": [ 100.58, 35.26 ] } },
{ "type": "Feature", "properties": { "location_id": 2974.0, "place_type": "County 縣", "place_name": "雄縣", "country": "China", "province": "Hebei" }, "geometry": { "type": "Point", "coordinates": [ 116.11, 38.99 ] } },
{ "type": "Feature", "properties": { "location_id": 2974.0, "place_type": "County 縣", "place_name": "雄縣", "country": "China", "province": "Hebei" }, "geometry": { "type": "Point", "coordinates": [ 116.11, 38.99 ] } },
{ "type": "Feature", "properties": { "location_id": 2978.0, "place_type": "County 縣", "place_name": "建甌", "country": "China", "province": "Fujian" }, "geometry": { "type": "Point", "coordinates": [ 118.3, 27.02 ] } },
{ "type": "Feature", "properties": { "location_id": 2978.0, "place_type": "County 縣", "place_name": "建甌", "country": "China", "province": "Fujian" }, "geometry": { "type": "Point", "coordinates": [ 118.3, 27.02 ] } },
{ "type": "Feature", "properties": { "location_id": 2985.0, "place_type": "County 縣", "place_name": "Taixing 泰興", "country": "China", "province": "Jiangsu" }, "geometry": { "type": "Point", "coordinates": [ 120.05, 32.17 ] } },
{ "type": "Feature", "properties": { "location_id": 2985.0, "place_type": "County 縣", "place_name": "Taixing 泰興", "country": "China", "province": "Jiangsu" }, "geometry": { "type": "Point", "coordinates": [ 120.05, 32.17 ] } },
{ "type": "Feature", "properties": { "location_id": 2992.0, "place_type": "City 市", "place_name": "Shijiazhuang 石家莊", "country": "China", "province": "Hebei" }, "geometry": { "type": "Point", "coordinates": [ 114.51, 38.04 ] } },
{ "type": "Feature", "properties": { "location_id": 2992.0, "place_type": "City 市", "place_name": "Shijiazhuang 石家莊", "country": "China", "province": "Hebei" }, "geometry": { "type": "Point", "coordinates": [ 114.51, 38.04 ] } },
{ "type": "Feature", "properties": { "location_id": 2995.0, "place_type": "City 市", "place_name": "廣水", "country": "China", "province": "Hubei" }, "geometry": { "type": "Point", "coordinates": [ 113.82, 31.62 ] } },
{ "type": "Feature", "properties": { "location_id": 2995.0, "place_type": "City 市", "place_name": "廣水", "country": "China", "province": "Hubei" }, "geometry": { "type": "Point", "coordinates": [ 113.82, 31.62 ] } },
{ "type": "Feature", "properties": { "location_id": 3016.0, "place_type": "City 市", "place_name": "沔陽", "country": "China", "province": "Hubei" }, "geometry": { "type": "Point", "coordinates": [ 113.42, 30.36 ] } },
{ "type": "Feature", "properties": { "location_id": 3016.0, "place_type": "City 市", "place_name": "沔陽", "country": "China", "province": "Hubei" }, "geometry": { "type": "Point", "coordinates": [ 113.42, 30.36 ] } },
{ "type": "Feature", "properties": { "location_id": 3023.0, "place_type": "City 市", "place_name": "日照", "country": "China", "province": "Shandong" }, "geometry": { "type": "Point", "coordinates": [ 119.52, 35.42 ] } },
{ "type": "Feature", "properties": { "location_id": 3023.0, "place_type": "City 市", "place_name": "日照", "country": "China", "province": "Shandong" }, "geometry": { "type": "Point", "coordinates": [ 119.52, 35.42 ] } },
{ "type": "Feature", "properties": { "location_id": 3033.0, "place_type": "County 縣", "place_name": "五寨", "country": "China", "province": "Shanxi" }, "geometry": { "type": "Point", "coordinates": [ 111.85, 38.91 ] } },
{ "type": "Feature", "properties": { "location_id": 3033.0, "place_type": "County 縣", "place_name": "五寨", "country": "China", "province": "Shanxi" }, "geometry": { "type": "Point", "coordinates": [ 111.85, 38.91 ] } },
{ "type": "Feature", "properties": { "location_id": 3036.0, "place_type": "City 市", "place_name": "項城", "country": "China", "province": "Henan" }, "geometry": { "type": "Point", "coordinates": [ 114.88, 33.46 ] } },
{ "type": "Feature", "properties": { "location_id": 3036.0, "place_type": "City 市", "place_name": "項城", "country": "China", "province": "Henan" }, "geometry": { "type": "Point", "coordinates": [ 114.88, 33.46 ] } },
{ "type": "Feature", "properties": { "location_id": 3040.0, "place_type": "County 縣", "place_name": "鎮平", "country": "China", "province": "Henan" }, "geometry": { "type": "Point", "coordinates": [ 112.23, 33.04 ] } },
{ "type": "Feature", "properties": { "location_id": 3040.0, "place_type": "County 縣", "place_name": "鎮平", "country": "China", "province": "Henan" }, "geometry": { "type": "Point", "coordinates": [ 112.23, 33.04 ] } },
{ "type": "Feature", "properties": { "location_id": 3042.0, "place_type": "County 縣", "place_name": "Shunde 順德", "country": "China", "province": "Guangdong" }, "geometry": { "type": "Point", "coordinates": [ 113.29, 22.81 ] } },
{ "type": "Feature", "properties": { "location_id": 3042.0, "place_type": "County 縣", "place_name": "Shunde 順德", "country": "China", "province": "Guangdong" }, "geometry": { "type": "Point", "coordinates": [ 113.29, 22.81 ] } },
{ "type": "Feature", "properties": { "location_id": 3053.0, "place_type": "County 縣", "place_name": "Zhangzi 長子", "country": "China", "province": "Shanxi" }, "geometry": { "type": "Point", "coordinates": [ 112.88, 36.11 ] } },
{ "type": "Feature", "properties": { "location_id": 3053.0, "place_type": "County 縣", "place_name": "Zhangzi 長子", "country": "China", "province": "Shanxi" }, "geometry": { "type": "Point", "coordinates": [ 112.88, 36.11 ] } },
{ "type": "Feature", "properties": { "location_id": 3060.0, "place_type": "City 市", "place_name": "Brussels", "country": "Belgium", "province": "abroad" }, "geometry": { "type": "Point", "coordinates": [ 4.35, 50.85 ] } },
{ "type": "Feature", "properties": { "location_id": 3064.0, "place_type": "City 市", "place_name": "Charleroi", "country": "Belgium", "province": "abroad" }, "geometry": { "type": "Point", "coordinates": [ 4.44, 50.41 ] } },
{ "type": "Feature", "properties": { "location_id": 3067.0, "place_type": "City 市", "place_name": "London", "country": "UK", "province": "abroad" }, "geometry": { "type": "Point", "coordinates": [ -0.13, 51.51 ] } },
{ "type": "Feature", "properties": { "location_id": 3074.0, "place_type": "City 市", "place_name": "Jiaozuo 焦作", "country": "China", "province": "Henan" }, "geometry": { "type": "Point", "coordinates": [ 113.24, 35.21 ] } },
{ "type": "Feature", "properties": { "location_id": 3074.0, "place_type": "City 市", "place_name": "Jiaozuo 焦作", "country": "China", "province": "Henan" }, "geometry": { "type": "Point", "coordinates": [ 113.24, 35.21 ] } },
{ "type": "Feature", "properties": { "location_id": 3099.0, "place_type": "Colony", "place_name": "Singapore", "country": "UK", "province": "abroad" }, "geometry": { "type": "Point", "coordinates": [ 103.82, 1.35 ] } },
{ "type": "Feature", "properties": { "location_id": 3101.0, "place_type": "County 縣", "place_name": "鄂城", "country": "China", "province": "Hubei" }, "geometry": { "type": "Point", "coordinates": [ 114.89, 30.4 ] } },
{ "type": "Feature", "properties": { "location_id": 3101.0, "place_type": "County 縣", "place_name": "鄂城", "country": "China", "province": "Hubei" }, "geometry": { "type": "Point", "coordinates": [ 114.89, 30.4 ] } },
{ "type": "Feature", "properties": { "location_id": 3105.0, "place_type": "City 市", "place_name": "名古屋", "country": "Japan", "province": "abroad" }, "geometry": { "type": "Point", "coordinates": [ 136.91, 35.18 ] } },
{ "type": "Feature", "properties": { "location_id": 3114.0, "place_type": "District 區", "place_name": "Jianghan 江漢", "country": "China", "province": "Hubei" }, "geometry": { "type": "Point", "coordinates": [ 114.27, 30.6 ] } },
{ "type": "Feature", "properties": { "location_id": 3114.0, "place_type": "District 區", "place_name": "Jianghan 江漢", "country": "China", "province": "Hubei" }, "geometry": { "type": "Point", "coordinates": [ 114.27, 30.6 ] } },
{ "type": "Feature", "properties": { "location_id": 3133.0, "place_type": "County 縣", "place_name": "寶山", "country": "China", "province": "Jiangsu" }, "geometry": { "type": "Point", "coordinates": [ 121.49, 31.41 ] } },
{ "type": "Feature", "properties": { "location_id": 3133.0, "place_type": "County 縣", "place_name": "寶山", "country": "China", "province": "Jiangsu" }, "geometry": { "type": "Point", "coordinates": [ 121.49, 31.41 ] } },
{ "type": "Feature", "properties": { "location_id": 3144.0, "place_type": "Province 省", "place_name": "Liaoning", "country": "China", "province": "Liaoning" }, "geometry": { "type": "Point", "coordinates": [ 124.35, 40.0 ] } },
{ "type": "Feature", "properties": { "location_id": 3144.0, "place_type": "Province 省", "place_name": "Liaoning", "country": "China", "province": "Liaoning" }, "geometry": { "type": "Point", "coordinates": [ 124.35, 40.0 ] } },
{ "type": "Feature", "properties": { "location_id": 3158.0, "place_type": "US State", "place_name": "Maine", "country": "USA", "province": "abroad" }, "geometry": { "type": "Point", "coordinates": [ -69.41, 45.28 ] } },
{ "type": "Feature", "properties": { "location_id": 3175.0, "place_type": "City 市", "place_name": "Koenigsberg", "country": "Germany", "province": "abroad" }, "geometry": { "type": "Point", "coordinates": [ 20.45, 54.71 ] } },
{ "type": "Feature", "properties": { "location_id": 3189.0, "place_type": "County 縣", "place_name": "青田 (靑田)", "country": "China", "province": "Zhejiang" }, "geometry": { "type": "Point", "coordinates": [ 120.29, 28.14 ] } },
{ "type": "Feature", "properties": { "location_id": 3189.0, "place_type": "County 縣", "place_name": "青田 (靑田)", "country": "China", "province": "Zhejiang" }, "geometry": { "type": "Point", "coordinates": [ 120.29, 28.14 ] } },
{ "type": "Feature", "properties": { "location_id": 3199.0, "place_type": "County 縣", "place_name": "蔚縣", "country": "China", "province": "Shanxi" }, "geometry": { "type": "Point", "coordinates": [ 114.59, 39.84 ] } },
{ "type": "Feature", "properties": { "location_id": 3199.0, "place_type": "County 縣", "place_name": "蔚縣", "country": "China", "province": "Shanxi" }, "geometry": { "type": "Point", "coordinates": [ 114.59, 39.84 ] } },
{ "type": "Feature", "properties": { "location_id": 3203.0, "place_type": "County 縣", "place_name": "膠縣", "country": "China", "province": "Shandong" }, "geometry": { "type": "Point", "coordinates": [ 120.0, 36.29 ] } },
{ "type": "Feature", "properties": { "location_id": 3203.0, "place_type": "County 縣", "place_name": "膠縣", "country": "China", "province": "Shandong" }, "geometry": { "type": "Point", "coordinates": [ 120.0, 36.29 ] } },
{ "type": "Feature", "properties": { "location_id": 3226.0, "place_type": "County 縣", "place_name": "汾城", "country": "China", "province": "Shanxi" }, "geometry": { "type": "Point", "coordinates": [ 111.28, 35.82 ] } },
{ "type": "Feature", "properties": { "location_id": 3226.0, "place_type": "County 縣", "place_name": "汾城", "country": "China", "province": "Shanxi" }, "geometry": { "type": "Point", "coordinates": [ 111.28, 35.82 ] } },
{ "type": "Feature", "properties": { "location_id": 3239.0, "place_type": "County 縣", "place_name": "濱縣", "country": "China", "province": "Shandong" }, "geometry": { "type": "Point", "coordinates": [ 118.02, 37.44 ] } },
{ "type": "Feature", "properties": { "location_id": 3239.0, "place_type": "County 縣", "place_name": "濱縣", "country": "China", "province": "Shandong" }, "geometry": { "type": "Point", "coordinates": [ 118.02, 37.44 ] } },
{ "type": "Feature", "properties": { "location_id": 3265.0, "place_type": "City 市", "place_name": "Jiujiang 九江", "country": "China", "province": "Jiangxi" }, "geometry": { "type": "Point", "coordinates": [ 116.0, 29.71 ] } },
{ "type": "Feature", "properties": { "location_id": 3265.0, "place_type": "City 市", "place_name": "Jiujiang 九江", "country": "China", "province": "Jiangxi" }, "geometry": { "type": "Point", "coordinates": [ 116.0, 29.71 ] } },
{ "type": "Feature", "properties": { "location_id": 3270.0, "place_type": "County 縣", "place_name": "珠河", "country": "China", "province": "Jilin" }, "geometry": { "type": "Point", "coordinates": [ 128.03, 43.79 ] } },
{ "type": "Feature", "properties": { "location_id": 3270.0, "place_type": "County 縣", "place_name": "珠河", "country": "China", "province": "Jilin" }, "geometry": { "type": "Point", "coordinates": [ 128.03, 43.79 ] } },
{ "type": "Feature", "properties": { "location_id": 3275.0, "place_type": "District 區", "place_name": "餘江", "country": "China", "province": "Jiangxi" }, "geometry": { "type": "Point", "coordinates": [ 116.86, 28.2 ] } },
{ "type": "Feature", "properties": { "location_id": 3275.0, "place_type": "District 區", "place_name": "餘江", "country": "China", "province": "Jiangxi" }, "geometry": { "type": "Point", "coordinates": [ 116.86, 28.2 ] } },
{ "type": "Feature", "properties": { "location_id": 3319.0, "place_type": "District 區", "place_name": "江津", "country": "China", "province": "Sichuan" }, "geometry": { "type": "Point", "coordinates": [ 106.26, 29.29 ] } },
{ "type": "Feature", "properties": { "location_id": 3319.0, "place_type": "District 區", "place_name": "江津", "country": "China", "province": "Sichuan" }, "geometry": { "type": "Point", "coordinates": [ 106.26, 29.29 ] } },
{ "type": "Feature", "properties": { "location_id": 3323.0, "place_type": "County 縣", "place_name": "大埔", "country": "China", "province": "Guangdong" }, "geometry": { "type": "Point", "coordinates": [ 116.7, 24.34 ] } },
{ "type": "Feature", "properties": { "location_id": 3323.0, "place_type": "County 縣", "place_name": "大埔", "country": "China", "province": "Guangdong" }, "geometry": { "type": "Point", "coordinates": [ 116.7, 24.34 ] } },
{ "type": "Feature", "properties": { "location_id": 3326.0, "place_type": "City 市", "place_name": "宜春", "country": "China", "province": "Jiangxi" }, "geometry": { "type": "Point", "coordinates": [ 114.42, 27.82 ] } },
{ "type": "Feature", "properties": { "location_id": 3326.0, "place_type": "City 市", "place_name": "宜春", "country": "China", "province": "Jiangxi" }, "geometry": { "type": "Point", "coordinates": [ 114.42, 27.82 ] } },
{ "type": "Feature", "properties": { "location_id": 3331.0, "place_type": "City 市", "place_name": "聊城", "country": "China", "province": "Shandong" }, "geometry": { "type": "Point", "coordinates": [ 115.99, 36.45 ] } },
{ "type": "Feature", "properties": { "location_id": 3331.0, "place_type": "City 市", "place_name": "聊城", "country": "China", "province": "Shandong" }, "geometry": { "type": "Point", "coordinates": [ 115.99, 36.45 ] } },
{ "type": "Feature", "properties": { "location_id": 3335.0, "place_type": "City 市", "place_name": "百色", "country": "China", "province": "Guangxi" }, "geometry": { "type": "Point", "coordinates": [ 106.62, 23.9 ] } },
{ "type": "Feature", "properties": { "location_id": 3335.0, "place_type": "City 市", "place_name": "百色", "country": "China", "province": "Guangxi" }, "geometry": { "type": "Point", "coordinates": [ 106.62, 23.9 ] } },
{ "type": "Feature", "properties": { "location_id": 3348.0, "place_type": "County 縣", "place_name": "永善", "country": "China", "province": "Yunnan" }, "geometry": { "type": "Point", "coordinates": [ 103.63, 28.2 ] } },
{ "type": "Feature", "properties": { "location_id": 3348.0, "place_type": "County 縣", "place_name": "永善", "country": "China", "province": "Yunnan" }, "geometry": { "type": "Point", "coordinates": [ 103.63, 28.2 ] } },
{ "type": "Feature", "properties": { "location_id": 3362.0, "place_type": "District 區", "place_name": "東川", "country": "China", "province": "Yunnan" }, "geometry": { "type": "Point", "coordinates": [ 103.19, 26.08 ] } },
{ "type": "Feature", "properties": { "location_id": 3362.0, "place_type": "District 區", "place_name": "東川", "country": "China", "province": "Yunnan" }, "geometry": { "type": "Point", "coordinates": [ 103.19, 26.08 ] } },
{ "type": "Feature", "properties": { "location_id": 3366.0, "place_type": "County 縣", "place_name": "宜豐", "country": "China", "province": "Jiangxi" }, "geometry": { "type": "Point", "coordinates": [ 114.8, 28.4 ] } },
{ "type": "Feature", "properties": { "location_id": 3366.0, "place_type": "County 縣", "place_name": "宜豐", "country": "China", "province": "Jiangxi" }, "geometry": { "type": "Point", "coordinates": [ 114.8, 28.4 ] } },
{ "type": "Feature", "properties": { "location_id": 3435.0, "place_type": "City 市", "place_name": "莊河", "country": "China", "province": "Liaoning" }, "geometry": { "type": "Point", "coordinates": [ 122.94, 39.69 ] } },
{ "type": "Feature", "properties": { "location_id": 3435.0, "place_type": "City 市", "place_name": "莊河", "country": "China", "province": "Liaoning" }, "geometry": { "type": "Point", "coordinates": [ 122.94, 39.69 ] } },
{ "type": "Feature", "properties": { "location_id": 3447.0, "place_type": "City 市", "place_name": "華陰", "country": "China", "province": "Shaanxi" }, "geometry": { "type": "Point", "coordinates": [ 110.09, 34.57 ] } },
{ "type": "Feature", "properties": { "location_id": 3447.0, "place_type": "City 市", "place_name": "華陰", "country": "China", "province": "Shaanxi" }, "geometry": { "type": "Point", "coordinates": [ 110.09, 34.57 ] } },
{ "type": "Feature", "properties": { "location_id": 3468.0, "place_type": "County 縣", "place_name": "嵩明", "country": "China", "province": "Yunnan" }, "geometry": { "type": "Point", "coordinates": [ 103.04, 25.34 ] } },
{ "type": "Feature", "properties": { "location_id": 3468.0, "place_type": "County 縣", "place_name": "嵩明", "country": "China", "province": "Yunnan" }, "geometry": { "type": "Point", "coordinates": [ 103.04, 25.34 ] } },
{ "type": "Feature", "properties": { "location_id": 3471.0, "place_type": "City 市", "place_name": "茂名", "country": "China", "province": "Guangdong" }, "geometry": { "type": "Point", "coordinates": [ 110.93, 21.67 ] } },
{ "type": "Feature", "properties": { "location_id": 3471.0, "place_type": "City 市", "place_name": "茂名", "country": "China", "province": "Guangdong" }, "geometry": { "type": "Point", "coordinates": [ 110.93, 21.67 ] } },
{ "type": "Feature", "properties": { "location_id": 3495.0, "place_type": "County 縣", "place_name": "雲陽", "country": "China", "province": "Sichuan" }, "geometry": { "type": "Point", "coordinates": [ 108.71, 30.93 ] } },
{ "type": "Feature", "properties": { "location_id": 3495.0, "place_type": "County 縣", "place_name": "雲陽", "country": "China", "province": "Sichuan" }, "geometry": { "type": "Point", "coordinates": [ 108.71, 30.93 ] } },
{ "type": "Feature", "properties": { "location_id": 3500.0, "place_type": "County 縣", "place_name": "朝邑", "country": "China", "province": "Shaanxi" }, "geometry": { "type": "Point", "coordinates": [ 109.94, 34.79 ] } },
{ "type": "Feature", "properties": { "location_id": 3500.0, "place_type": "County 縣", "place_name": "朝邑", "country": "China", "province": "Shaanxi" }, "geometry": { "type": "Point", "coordinates": [ 109.94, 34.79 ] } },
{ "type": "Feature", "properties": { "location_id": 3532.0, "place_type": "County 縣", "place_name": "撫寧", "country": "China", "province": "Hebei" }, "geometry": { "type": "Point", "coordinates": [ 119.25, 39.87 ] } },
{ "type": "Feature", "properties": { "location_id": 3532.0, "place_type": "County 縣", "place_name": "撫寧", "country": "China", "province": "Hebei" }, "geometry": { "type": "Point", "coordinates": [ 119.25, 39.87 ] } },
{ "type": "Feature", "properties": { "location_id": 3549.0, "place_type": "County 縣", "place_name": "封邱", "country": "China", "province": "Henan" }, "geometry": { "type": "Point", "coordinates": [ 114.42, 35.04 ] } },
{ "type": "Feature", "properties": { "location_id": 3549.0, "place_type": "County 縣", "place_name": "封邱", "country": "China", "province": "Henan" }, "geometry": { "type": "Point", "coordinates": [ 114.42, 35.04 ] } },
{ "type": "Feature", "properties": { "location_id": 3552.0, "place_type": "City 市", "place_name": "Birmingham (伯明翰)", "country": "UK", "province": "abroad" }, "geometry": { "type": "Point", "coordinates": [ -1.89, 52.49 ] } },
{ "type": "Feature", "properties": { "location_id": 3560.0, "place_type": "City 市", "place_name": "Yichang 宜昌", "country": "China", "province": "Hubei" }, "geometry": { "type": "Point", "coordinates": [ 111.29, 30.7 ] } },
{ "type": "Feature", "properties": { "location_id": 3560.0, "place_type": "City 市", "place_name": "Yichang 宜昌", "country": "China", "province": "Hubei" }, "geometry": { "type": "Point", "coordinates": [ 111.29, 30.7 ] } },
{ "type": "Feature", "properties": { "location_id": 3608.0, "place_type": "County 縣", "place_name": "Nanhai 南海", "country": "China", "province": "Guangdong" }, "geometry": { "type": "Point", "coordinates": [ 113.14, 23.03 ] } },
{ "type": "Feature", "properties": { "location_id": 3608.0, "place_type": "County 縣", "place_name": "Nanhai 南海", "country": "China", "province": "Guangdong" }, "geometry": { "type": "Point", "coordinates": [ 113.14, 23.03 ] } },
{ "type": "Feature", "properties": { "location_id": 3611.0, "place_type": "City 市", "place_name": "長葛", "country": "China", "province": "Henan" }, "geometry": { "type": "Point", "coordinates": [ 113.82, 34.19 ] } },
{ "type": "Feature", "properties": { "location_id": 3611.0, "place_type": "City 市", "place_name": "長葛", "country": "China", "province": "Henan" }, "geometry": { "type": "Point", "coordinates": [ 113.82, 34.19 ] } },
{ "type": "Feature", "properties": { "location_id": 3616.0, "place_type": "County 縣", "place_name": "農安", "country": "China", "province": "Jilin" }, "geometry": { "type": "Point", "coordinates": [ 125.18, 44.43 ] } },
{ "type": "Feature", "properties": { "location_id": 3616.0, "place_type": "County 縣", "place_name": "農安", "country": "China", "province": "Jilin" }, "geometry": { "type": "Point", "coordinates": [ 125.18, 44.43 ] } },
{ "type": "Feature", "properties": { "location_id": 3642.0, "place_type": "County 縣", "place_name": "文安", "country": "China", "province": "Hebei" }, "geometry": { "type": "Point", "coordinates": [ 116.46, 38.87 ] } },
{ "type": "Feature", "properties": { "location_id": 3642.0, "place_type": "County 縣", "place_name": "文安", "country": "China", "province": "Hebei" }, "geometry": { "type": "Point", "coordinates": [ 116.46, 38.87 ] } },
{ "type": "Feature", "properties": { "location_id": 3645.0, "place_type": "City 市", "place_name": "高密", "country": "China", "province": "Shandong" }, "geometry": { "type": "Point", "coordinates": [ 119.76, 36.38 ] } },
{ "type": "Feature", "properties": { "location_id": 3645.0, "place_type": "City 市", "place_name": "高密", "country": "China", "province": "Shandong" }, "geometry": { "type": "Point", "coordinates": [ 119.76, 36.38 ] } },
{ "type": "Feature", "properties": { "location_id": 3658.0, "place_type": "County 縣", "place_name": "都昌", "country": "China", "province": "Jiangxi" }, "geometry": { "type": "Point", "coordinates": [ 116.2, 29.27 ] } },
{ "type": "Feature", "properties": { "location_id": 3658.0, "place_type": "County 縣", "place_name": "都昌", "country": "China", "province": "Jiangxi" }, "geometry": { "type": "Point", "coordinates": [ 116.2, 29.27 ] } },
{ "type": "Feature", "properties": { "location_id": 3662.0, "place_type": "County 縣", "place_name": "長垣", "country": "China", "province": "Henan" }, "geometry": { "type": "Point", "coordinates": [ 114.67, 35.21 ] } },
{ "type": "Feature", "properties": { "location_id": 3662.0, "place_type": "County 縣", "place_name": "長垣", "country": "China", "province": "Henan" }, "geometry": { "type": "Point", "coordinates": [ 114.67, 35.21 ] } },
{ "type": "Feature", "properties": { "location_id": 3665.0, "place_type": "County 縣", "place_name": "威縣", "country": "China", "province": "Hebei" }, "geometry": { "type": "Point", "coordinates": [ 115.27, 36.98 ] } },
{ "type": "Feature", "properties": { "location_id": 3665.0, "place_type": "County 縣", "place_name": "威縣", "country": "China", "province": "Hebei" }, "geometry": { "type": "Point", "coordinates": [ 115.27, 36.98 ] } },
{ "type": "Feature", "properties": { "location_id": 3669.0, "place_type": "City 市", "place_name": "Huainan 淮南", "country": "China", "province": "Anhui" }, "geometry": { "type": "Point", "coordinates": [ 117.0, 32.63 ] } },
{ "type": "Feature", "properties": { "location_id": 3669.0, "place_type": "City 市", "place_name": "Huainan 淮南", "country": "China", "province": "Anhui" }, "geometry": { "type": "Point", "coordinates": [ 117.0, 32.63 ] } },
{ "type": "Feature", "properties": { "location_id": 3672.0, "place_type": "County 縣", "place_name": "Yangqu 陽曲", "country": "China", "province": "Shanxi" }, "geometry": { "type": "Point", "coordinates": [ 112.67, 38.06 ] } },
{ "type": "Feature", "properties": { "location_id": 3672.0, "place_type": "County 縣", "place_name": "Yangqu 陽曲", "country": "China", "province": "Shanxi" }, "geometry": { "type": "Point", "coordinates": [ 112.67, 38.06 ] } },
{ "type": "Feature", "properties": { "location_id": 3703.0, "place_type": "County 縣", "place_name": "Wuhu 蕪湖", "country": "China", "province": "Anhui" }, "geometry": { "type": "Point", "coordinates": [ 118.44, 31.35 ] } },
{ "type": "Feature", "properties": { "location_id": 3703.0, "place_type": "County 縣", "place_name": "Wuhu 蕪湖", "country": "China", "province": "Anhui" }, "geometry": { "type": "Point", "coordinates": [ 118.44, 31.35 ] } },
{ "type": "Feature", "properties": { "location_id": 3706.0, "place_type": "City 市", "place_name": "肇慶", "country": "China", "province": "Guangdong" }, "geometry": { "type": "Point", "coordinates": [ 112.47, 23.04 ] } },
{ "type": "Feature", "properties": { "location_id": 3706.0, "place_type": "City 市", "place_name": "肇慶", "country": "China", "province": "Guangdong" }, "geometry": { "type": "Point", "coordinates": [ 112.47, 23.04 ] } },
{ "type": "Feature", "properties": { "location_id": 3710.0, "place_type": "District 區", "place_name": "思明", "country": "China", "province": "abroad" }, "geometry": { "type": "Point", "coordinates": [ 118.08, 24.44 ] } },
{ "type": "Feature", "properties": { "location_id": 3726.0, "place_type": "County 縣", "place_name": "宛平", "country": "China", "province": "Hebei" }, "geometry": { "type": "Point", "coordinates": [ 116.24, 39.84 ] } },
{ "type": "Feature", "properties": { "location_id": 3726.0, "place_type": "County 縣", "place_name": "宛平", "country": "China", "province": "Hebei" }, "geometry": { "type": "Point", "coordinates": [ 116.24, 39.84 ] } },
{ "type": "Feature", "properties": { "location_id": 3730.0, "place_type": "County 縣", "place_name": "Rong 容縣", "country": "China", "province": "Guangxi" }, "geometry": { "type": "Point", "coordinates": [ 110.56, 22.86 ] } },
{ "type": "Feature", "properties": { "location_id": 3730.0, "place_type": "County 縣", "place_name": "Rong 容縣", "country": "China", "province": "Guangxi" }, "geometry": { "type": "Point", "coordinates": [ 110.56, 22.86 ] } },
{ "type": "Feature", "properties": { "location_id": 3735.0, "place_type": "County 縣", "place_name": "西充", "country": "China", "province": "Sichuan" }, "geometry": { "type": "Point", "coordinates": [ 105.9, 31.0 ] } },
{ "type": "Feature", "properties": { "location_id": 3735.0, "place_type": "County 縣", "place_name": "西充", "country": "China", "province": "Sichuan" }, "geometry": { "type": "Point", "coordinates": [ 105.9, 31.0 ] } },
{ "type": "Feature", "properties": { "location_id": 3739.0, "place_type": "Township 鄉", "place_name": "萬泉", "country": "China", "province": "Shanxi" }, "geometry": { "type": "Point", "coordinates": [ 110.81, 35.36 ] } },
{ "type": "Feature", "properties": { "location_id": 3739.0, "place_type": "Township 鄉", "place_name": "萬泉", "country": "China", "province": "Shanxi" }, "geometry": { "type": "Point", "coordinates": [ 110.81, 35.36 ] } },
{ "type": "Feature", "properties": { "location_id": 3750.0, "place_type": "City 市", "place_name": "安邱  (安丘)", "country": "China", "province": "Shandong" }, "geometry": { "type": "Point", "coordinates": [ 119.22, 36.47 ] } },
{ "type": "Feature", "properties": { "location_id": 3750.0, "place_type": "City 市", "place_name": "安邱  (安丘)", "country": "China", "province": "Shandong" }, "geometry": { "type": "Point", "coordinates": [ 119.22, 36.47 ] } },
{ "type": "Feature", "properties": { "location_id": 3760.0, "place_type": "District 區", "place_name": "博山", "country": "China", "province": "Shandong" }, "geometry": { "type": "Point", "coordinates": [ 117.86, 36.49 ] } },
{ "type": "Feature", "properties": { "location_id": 3760.0, "place_type": "District 區", "place_name": "博山", "country": "China", "province": "Shandong" }, "geometry": { "type": "Point", "coordinates": [ 117.86, 36.49 ] } },
{ "type": "Feature", "properties": { "location_id": 3763.0, "place_type": "City 市", "place_name": "濟寧", "country": "China", "province": "Shandong" }, "geometry": { "type": "Point", "coordinates": [ 116.59, 35.41 ] } },
{ "type": "Feature", "properties": { "location_id": 3763.0, "place_type": "City 市", "place_name": "濟寧", "country": "China", "province": "Shandong" }, "geometry": { "type": "Point", "coordinates": [ 116.59, 35.41 ] } },
{ "type": "Feature", "properties": { "location_id": 3765.0, "place_type": "County 縣", "place_name": "長壽", "country": "China", "province": "Sichuan" }, "geometry": { "type": "Point", "coordinates": [ 107.08, 29.86 ] } },
{ "type": "Feature", "properties": { "location_id": 3765.0, "place_type": "County 縣", "place_name": "長壽", "country": "China", "province": "Sichuan" }, "geometry": { "type": "Point", "coordinates": [ 107.08, 29.86 ] } },
{ "type": "Feature", "properties": { "location_id": 3768.0, "place_type": "County 縣", "place_name": "解縣", "country": "China", "province": "Shanxi" }, "geometry": { "type": "Point", "coordinates": [ 111.01, 35.01 ] } },
{ "type": "Feature", "properties": { "location_id": 3768.0, "place_type": "County 縣", "place_name": "解縣", "country": "China", "province": "Shanxi" }, "geometry": { "type": "Point", "coordinates": [ 111.01, 35.01 ] } },
{ "type": "Feature", "properties": { "location_id": 3771.0, "place_type": "District 區", "place_name": "淄川", "country": "China", "province": "Shandong" }, "geometry": { "type": "Point", "coordinates": [ 117.97, 36.65 ] } },
{ "type": "Feature", "properties": { "location_id": 3771.0, "place_type": "District 區", "place_name": "淄川", "country": "China", "province": "Shandong" }, "geometry": { "type": "Point", "coordinates": [ 117.97, 36.65 ] } },
{ "type": "Feature", "properties": { "location_id": 3780.0, "place_type": "County 縣", "place_name": "聞喜", "country": "China", "province": "Shanxi" }, "geometry": { "type": "Point", "coordinates": [ 111.22, 35.35 ] } },
{ "type": "Feature", "properties": { "location_id": 3780.0, "place_type": "County 縣", "place_name": "聞喜", "country": "China", "province": "Shanxi" }, "geometry": { "type": "Point", "coordinates": [ 111.22, 35.35 ] } },
{ "type": "Feature", "properties": { "location_id": 3784.0, "place_type": "County 縣", "place_name": "遼中", "country": "China", "province": "Liaoning" }, "geometry": { "type": "Point", "coordinates": [ 122.76, 41.53 ] } },
{ "type": "Feature", "properties": { "location_id": 3784.0, "place_type": "County 縣", "place_name": "遼中", "country": "China", "province": "Liaoning" }, "geometry": { "type": "Point", "coordinates": [ 122.76, 41.53 ] } },
{ "type": "Feature", "properties": { "location_id": 3800.0, "place_type": "City 市", "place_name": "阜陽", "country": "China", "province": "Anhui" }, "geometry": { "type": "Point", "coordinates": [ 115.81, 32.89 ] } },
{ "type": "Feature", "properties": { "location_id": 3800.0, "place_type": "City 市", "place_name": "阜陽", "country": "China", "province": "Anhui" }, "geometry": { "type": "Point", "coordinates": [ 115.81, 32.89 ] } },
{ "type": "Feature", "properties": { "location_id": 3803.0, "place_type": "County 縣", "place_name": "禹縣", "country": "China", "province": "Henan" }, "geometry": { "type": "Point", "coordinates": [ 113.48, 34.14 ] } },
{ "type": "Feature", "properties": { "location_id": 3803.0, "place_type": "County 縣", "place_name": "禹縣", "country": "China", "province": "Henan" }, "geometry": { "type": "Point", "coordinates": [ 113.48, 34.14 ] } },
{ "type": "Feature", "properties": { "location_id": 3809.0, "place_type": "County 縣", "place_name": "富平", "country": "China", "province": "Shaanxi" }, "geometry": { "type": "Point", "coordinates": [ 109.19, 34.76 ] } },
{ "type": "Feature", "properties": { "location_id": 3809.0, "place_type": "County 縣", "place_name": "富平", "country": "China", "province": "Shaanxi" }, "geometry": { "type": "Point", "coordinates": [ 109.19, 34.76 ] } },
{ "type": "Feature", "properties": { "location_id": 3829.0, "place_type": "City 市", "place_name": "Dongyang 東陽", "country": "China", "province": "Zhejiang" }, "geometry": { "type": "Point", "coordinates": [ 120.24, 29.3 ] } },
{ "type": "Feature", "properties": { "location_id": 3829.0, "place_type": "City 市", "place_name": "Dongyang 東陽", "country": "China", "province": "Zhejiang" }, "geometry": { "type": "Point", "coordinates": [ 120.24, 29.3 ] } },
{ "type": "Feature", "properties": { "location_id": 3839.0, "place_type": "County 縣", "place_name": "江浦", "country": "China", "province": "Jiangsu" }, "geometry": { "type": "Point", "coordinates": [ 118.64, 32.06 ] } },
{ "type": "Feature", "properties": { "location_id": 3839.0, "place_type": "County 縣", "place_name": "江浦", "country": "China", "province": "Jiangsu" }, "geometry": { "type": "Point", "coordinates": [ 118.64, 32.06 ] } },
{ "type": "Feature", "properties": { "location_id": 3851.0, "place_type": "County 縣", "place_name": "蒲江", "country": "China", "province": "Sichuan" }, "geometry": { "type": "Point", "coordinates": [ 103.51, 30.2 ] } },
{ "type": "Feature", "properties": { "location_id": 3851.0, "place_type": "County 縣", "place_name": "蒲江", "country": "China", "province": "Sichuan" }, "geometry": { "type": "Point", "coordinates": [ 103.51, 30.2 ] } },
{ "type": "Feature", "properties": { "location_id": 3857.0, "place_type": "City 市", "place_name": "偃師", "country": "China", "province": "Henan" }, "geometry": { "type": "Point", "coordinates": [ 112.79, 34.73 ] } },
{ "type": "Feature", "properties": { "location_id": 3857.0, "place_type": "City 市", "place_name": "偃師", "country": "China", "province": "Henan" }, "geometry": { "type": "Point", "coordinates": [ 112.79, 34.73 ] } },
{ "type": "Feature", "properties": { "location_id": 3866.0, "place_type": "County 縣", "place_name": "威遠", "country": "China", "province": "Sichuan" }, "geometry": { "type": "Point", "coordinates": [ 104.67, 29.53 ] } },
{ "type": "Feature", "properties": { "location_id": 3866.0, "place_type": "County 縣", "place_name": "威遠", "country": "China", "province": "Sichuan" }, "geometry": { "type": "Point", "coordinates": [ 104.67, 29.53 ] } },
{ "type": "Feature", "properties": { "location_id": 3884.0, "place_type": "City 市", "place_name": "Ruian 瑞安", "country": "China", "province": "Zhejiang" }, "geometry": { "type": "Point", "coordinates": [ 120.65, 27.78 ] } },
{ "type": "Feature", "properties": { "location_id": 3884.0, "place_type": "City 市", "place_name": "Ruian 瑞安", "country": "China", "province": "Zhejiang" }, "geometry": { "type": "Point", "coordinates": [ 120.65, 27.78 ] } },
{ "type": "Feature", "properties": { "location_id": 3901.0, "place_type": "City 市", "place_name": "永濟", "country": "China", "province": "Shaanxi" }, "geometry": { "type": "Point", "coordinates": [ 110.45, 34.87 ] } },
{ "type": "Feature", "properties": { "location_id": 3901.0, "place_type": "City 市", "place_name": "永濟", "country": "China", "province": "Shaanxi" }, "geometry": { "type": "Point", "coordinates": [ 110.45, 34.87 ] } },
{ "type": "Feature", "properties": { "location_id": 3916.0, "place_type": "County 縣", "place_name": "陽穀", "country": "China", "province": "Hebei" }, "geometry": { "type": "Point", "coordinates": [ 115.79, 36.12 ] } },
{ "type": "Feature", "properties": { "location_id": 3916.0, "place_type": "County 縣", "place_name": "陽穀", "country": "China", "province": "Hebei" }, "geometry": { "type": "Point", "coordinates": [ 115.79, 36.12 ] } },
{ "type": "Feature", "properties": { "location_id": 3924.0, "place_type": "City 市", "place_name": "貴陽", "country": "China", "province": "Guizhou" }, "geometry": { "type": "Point", "coordinates": [ 106.63, 26.65 ] } },
{ "type": "Feature", "properties": { "location_id": 3924.0, "place_type": "City 市", "place_name": "貴陽", "country": "China", "province": "Guizhou" }, "geometry": { "type": "Point", "coordinates": [ 106.63, 26.65 ] } },
{ "type": "Feature", "properties": { "location_id": 3935.0, "place_type": "County 縣", "place_name": "冀縣", "country": "China", "province": "Hebei" }, "geometry": { "type": "Point", "coordinates": [ 115.58, 37.55 ] } },
{ "type": "Feature", "properties": { "location_id": 3935.0, "place_type": "County 縣", "place_name": "冀縣", "country": "China", "province": "Hebei" }, "geometry": { "type": "Point", "coordinates": [ 115.58, 37.55 ] } },
{ "type": "Feature", "properties": { "location_id": 3940.0, "place_type": "County 縣", "place_name": "義縣", "country": "China", "province": "Liaoning" }, "geometry": { "type": "Point", "coordinates": [ 121.24, 41.53 ] } },
{ "type": "Feature", "properties": { "location_id": 3940.0, "place_type": "County 縣", "place_name": "義縣", "country": "China", "province": "Liaoning" }, "geometry": { "type": "Point", "coordinates": [ 121.24, 41.53 ] } },
{ "type": "Feature", "properties": { "location_id": 3966.0, "place_type": "District 區", "place_name": "黃陂", "country": "China", "province": "Hubei" }, "geometry": { "type": "Point", "coordinates": [ 114.38, 30.88 ] } },
{ "type": "Feature", "properties": { "location_id": 3966.0, "place_type": "District 區", "place_name": "黃陂", "country": "China", "province": "Hubei" }, "geometry": { "type": "Point", "coordinates": [ 114.38, 30.88 ] } },
{ "type": "Feature", "properties": { "location_id": 3969.0, "place_type": "County 縣", "place_name": "和縣", "country": "China", "province": "Anhui" }, "geometry": { "type": "Point", "coordinates": [ 118.36, 31.74 ] } },
{ "type": "Feature", "properties": { "location_id": 3969.0, "place_type": "County 縣", "place_name": "和縣", "country": "China", "province": "Anhui" }, "geometry": { "type": "Point", "coordinates": [ 118.36, 31.74 ] } },
{ "type": "Feature", "properties": { "location_id": 3976.0, "place_type": "County 縣", "place_name": "鄭縣", "country": "China", "province": "Henan" }, "geometry": { "type": "Point", "coordinates": [ 113.62, 34.75 ] } },
{ "type": "Feature", "properties": { "location_id": 3976.0, "place_type": "County 縣", "place_name": "鄭縣", "country": "China", "province": "Henan" }, "geometry": { "type": "Point", "coordinates": [ 113.62, 34.75 ] } },
{ "type": "Feature", "properties": { "location_id": 3994.0, "place_type": "County 縣", "place_name": "蒼溪", "country": "China", "province": "Sichuan" }, "geometry": { "type": "Point", "coordinates": [ 105.94, 31.77 ] } },
{ "type": "Feature", "properties": { "location_id": 3994.0, "place_type": "County 縣", "place_name": "蒼溪", "country": "China", "province": "Sichuan" }, "geometry": { "type": "Point", "coordinates": [ 105.94, 31.77 ] } },
{ "type": "Feature", "properties": { "location_id": 3999.0, "place_type": "County 縣", "place_name": "巫溪", "country": "China", "province": "Sichuan" }, "geometry": { "type": "Point", "coordinates": [ 109.57, 31.4 ] } },
{ "type": "Feature", "properties": { "location_id": 3999.0, "place_type": "County 縣", "place_name": "巫溪", "country": "China", "province": "Sichuan" }, "geometry": { "type": "Point", "coordinates": [ 109.57, 31.4 ] } },
{ "type": "Feature", "properties": { "location_id": 4005.0, "place_type": "County 縣", "place_name": "永順", "country": "China", "province": "Hunan" }, "geometry": { "type": "Point", "coordinates": [ 109.87, 29.01 ] } },
{ "type": "Feature", "properties": { "location_id": 4005.0, "place_type": "County 縣", "place_name": "永順", "country": "China", "province": "Hunan" }, "geometry": { "type": "Point", "coordinates": [ 109.87, 29.01 ] } },
{ "type": "Feature", "properties": { "location_id": 4018.0, "place_type": "City 市", "place_name": "Breslau", "country": "Germany", "province": "abroad" }, "geometry": { "type": "Point", "coordinates": [ 17.03, 51.15 ] } },
{ "type": "Feature", "properties": { "location_id": 4023.0, "place_type": "Region 區域", "place_name": "Baden", "country": "Germany", "province": "abroad" }, "geometry": { "type": "Point", "coordinates": [ 8.4, 49.01 ] } },
{ "type": "Feature", "properties": { "location_id": 4035.0, "place_type": "Country (independent)", "place_name": "Italy", "country": "Italy", "province": "abroad" }, "geometry": { "type": "Point", "coordinates": [ 12.48, 41.89 ] } },
{ "type": "Feature", "properties": { "location_id": 4042.0, "place_type": "City 市", "place_name": "Fushun 撫順", "country": "China", "province": "Liaoning" }, "geometry": { "type": "Point", "coordinates": [ 123.96, 41.88 ] } },
{ "type": "Feature", "properties": { "location_id": 4042.0, "place_type": "City 市", "place_name": "Fushun 撫順", "country": "China", "province": "Liaoning" }, "geometry": { "type": "Point", "coordinates": [ 123.96, 41.88 ] } },
{ "type": "Feature", "properties": { "location_id": 4051.0, "place_type": "County 縣", "place_name": "伊通", "country": "China", "province": "Jilin" }, "geometry": { "type": "Point", "coordinates": [ 125.31, 43.35 ] } },
{ "type": "Feature", "properties": { "location_id": 4051.0, "place_type": "County 縣", "place_name": "伊通", "country": "China", "province": "Jilin" }, "geometry": { "type": "Point", "coordinates": [ 125.31, 43.35 ] } },
{ "type": "Feature", "properties": { "location_id": 4079.0, "place_type": "County 縣", "place_name": "Zhaocheng 趙城", "country": "China", "province": "Shanxi" }, "geometry": { "type": "Point", "coordinates": [ 111.68, 36.26 ] } },
{ "type": "Feature", "properties": { "location_id": 4079.0, "place_type": "County 縣", "place_name": "Zhaocheng 趙城", "country": "China", "province": "Shanxi" }, "geometry": { "type": "Point", "coordinates": [ 111.68, 36.26 ] } },
{ "type": "Feature", "properties": { "location_id": 4082.0, "place_type": "County 縣", "place_name": "恩縣", "country": "China", "province": "Hebei" }, "geometry": { "type": "Point", "coordinates": [ 116.29, 37.3 ] } },
{ "type": "Feature", "properties": { "location_id": 4082.0, "place_type": "County 縣", "place_name": "恩縣", "country": "China", "province": "Hebei" }, "geometry": { "type": "Point", "coordinates": [ 116.29, 37.3 ] } },
{ "type": "Feature", "properties": { "location_id": 4086.0, "place_type": "District 區", "place_name": "離石", "country": "China", "province": "Shanxi" }, "geometry": { "type": "Point", "coordinates": [ 111.15, 37.52 ] } },
{ "type": "Feature", "properties": { "location_id": 4086.0, "place_type": "District 區", "place_name": "離石", "country": "China", "province": "Shanxi" }, "geometry": { "type": "Point", "coordinates": [ 111.15, 37.52 ] } },
{ "type": "Feature", "properties": { "location_id": 4089.0, "place_type": "County 縣", "place_name": "惠民", "country": "China", "province": "Shandong" }, "geometry": { "type": "Point", "coordinates": [ 117.51, 37.49 ] } },
{ "type": "Feature", "properties": { "location_id": 4089.0, "place_type": "County 縣", "place_name": "惠民", "country": "China", "province": "Shandong" }, "geometry": { "type": "Point", "coordinates": [ 117.51, 37.49 ] } },
{ "type": "Feature", "properties": { "location_id": 4095.0, "place_type": "City 市", "place_name": "Nancy", "country": "France", "province": "abroad" }, "geometry": { "type": "Point", "coordinates": [ 6.18, 48.69 ] } },
{ "type": "Feature", "properties": { "location_id": 4122.0, "place_type": "County 縣", "place_name": "無爲", "country": "China", "province": "Anhui" }, "geometry": { "type": "Point", "coordinates": [ 117.9, 31.31 ] } },
{ "type": "Feature", "properties": { "location_id": 4122.0, "place_type": "County 縣", "place_name": "無爲", "country": "China", "province": "Anhui" }, "geometry": { "type": "Point", "coordinates": [ 117.9, 31.31 ] } },
{ "type": "Feature", "properties": { "location_id": 4130.0, "place_type": "County 縣", "place_name": "祁縣", "country": "China", "province": "Shanxi" }, "geometry": { "type": "Point", "coordinates": [ 112.34, 37.36 ] } },
{ "type": "Feature", "properties": { "location_id": 4130.0, "place_type": "County 縣", "place_name": "祁縣", "country": "China", "province": "Shanxi" }, "geometry": { "type": "Point", "coordinates": [ 112.34, 37.36 ] } },
{ "type": "Feature", "properties": { "location_id": 4161.0, "place_type": "City 市", "place_name": "即墨", "country": "China", "province": "Shandong" }, "geometry": { "type": "Point", "coordinates": [ 120.45, 36.4 ] } },
{ "type": "Feature", "properties": { "location_id": 4161.0, "place_type": "City 市", "place_name": "即墨", "country": "China", "province": "Shandong" }, "geometry": { "type": "Point", "coordinates": [ 120.45, 36.4 ] } },
{ "type": "Feature", "properties": { "location_id": 4164.0, "place_type": "City 市", "place_name": "Leeds", "country": "UK", "province": "abroad" }, "geometry": { "type": "Point", "coordinates": [ -1.55, 53.8 ] } },
{ "type": "Feature", "properties": { "location_id": 4173.0, "place_type": "City 市", "place_name": "淄博", "country": "China", "province": "Shandong" }, "geometry": { "type": "Point", "coordinates": [ 118.05, 36.81 ] } },
{ "type": "Feature", "properties": { "location_id": 4173.0, "place_type": "City 市", "place_name": "淄博", "country": "China", "province": "Shandong" }, "geometry": { "type": "Point", "coordinates": [ 118.05, 36.81 ] } },
{ "type": "Feature", "properties": { "location_id": 4186.0, "place_type": "County 縣", "place_name": "電白", "country": "China", "province": "abroad" }, "geometry": { "type": "Point", "coordinates": [ 111.02, 21.51 ] } },
{ "type": "Feature", "properties": { "location_id": 4189.0, "place_type": "City 市", "place_name": "平度", "country": "China", "province": "Shandong" }, "geometry": { "type": "Point", "coordinates": [ 119.99, 36.78 ] } },
{ "type": "Feature", "properties": { "location_id": 4189.0, "place_type": "City 市", "place_name": "平度", "country": "China", "province": "Shandong" }, "geometry": { "type": "Point", "coordinates": [ 119.99, 36.78 ] } },
{ "type": "Feature", "properties": { "location_id": 4195.0, "place_type": "County 縣", "place_name": "鐵嶺", "country": "China", "province": "Liaoning" }, "geometry": { "type": "Point", "coordinates": [ 123.73, 42.22 ] } },
{ "type": "Feature", "properties": { "location_id": 4195.0, "place_type": "County 縣", "place_name": "鐵嶺", "country": "China", "province": "Liaoning" }, "geometry": { "type": "Point", "coordinates": [ 123.73, 42.22 ] } },
{ "type": "Feature", "properties": { "location_id": 4222.0, "place_type": "District 區", "place_name": "Nantong 南桐", "country": "China", "province": "Guizhou" }, "geometry": { "type": "Point", "coordinates": [ 106.88, 28.94 ] } },
{ "type": "Feature", "properties": { "location_id": 4222.0, "place_type": "District 區", "place_name": "Nantong 南桐", "country": "China", "province": "Guizhou" }, "geometry": { "type": "Point", "coordinates": [ 106.88, 28.94 ] } },
{ "type": "Feature", "properties": { "location_id": 4225.0, "place_type": "County 縣", "place_name": "Wenshui 文水", "country": "China", "province": "Shanxi" }, "geometry": { "type": "Point", "coordinates": [ 112.04, 37.45 ] } },
{ "type": "Feature", "properties": { "location_id": 4225.0, "place_type": "County 縣", "place_name": "Wenshui 文水", "country": "China", "province": "Shanxi" }, "geometry": { "type": "Point", "coordinates": [ 112.04, 37.45 ] } },
{ "type": "Feature", "properties": { "location_id": 4238.0, "place_type": "City 市", "place_name": "Guilin 桂林", "country": "China", "province": "Guangxi" }, "geometry": { "type": "Point", "coordinates": [ 110.18, 25.23 ] } },
{ "type": "Feature", "properties": { "location_id": 4238.0, "place_type": "City 市", "place_name": "Guilin 桂林", "country": "China", "province": "Guangxi" }, "geometry": { "type": "Point", "coordinates": [ 110.18, 25.23 ] } },
{ "type": "Feature", "properties": { "location_id": 4266.0, "place_type": "County 縣", "place_name": "盂縣", "country": "China", "province": "Shanxi" }, "geometry": { "type": "Point", "coordinates": [ 113.42, 38.09 ] } },
{ "type": "Feature", "properties": { "location_id": 4266.0, "place_type": "County 縣", "place_name": "盂縣", "country": "China", "province": "Shanxi" }, "geometry": { "type": "Point", "coordinates": [ 113.42, 38.09 ] } },
{ "type": "Feature", "properties": { "location_id": 4269.0, "place_type": "County 縣", "place_name": "漵浦", "country": "China", "province": "Hunan" }, "geometry": { "type": "Point", "coordinates": [ 110.6, 27.9 ] } },
{ "type": "Feature", "properties": { "location_id": 4269.0, "place_type": "County 縣", "place_name": "漵浦", "country": "China", "province": "Hunan" }, "geometry": { "type": "Point", "coordinates": [ 110.6, 27.9 ] } },
{ "type": "Feature", "properties": { "location_id": 4272.0, "place_type": "City 市", "place_name": "遷安", "country": "China", "province": "Hebei" }, "geometry": { "type": "Point", "coordinates": [ 118.71, 40.0 ] } },
{ "type": "Feature", "properties": { "location_id": 4272.0, "place_type": "City 市", "place_name": "遷安", "country": "China", "province": "Hebei" }, "geometry": { "type": "Point", "coordinates": [ 118.71, 40.0 ] } },
{ "type": "Feature", "properties": { "location_id": 4276.0, "place_type": "City 市", "place_name": "Beipiao 北票", "country": "China", "province": "Hebei" }, "geometry": { "type": "Point", "coordinates": [ 114.81, 37.89 ] } },
{ "type": "Feature", "properties": { "location_id": 4276.0, "place_type": "City 市", "place_name": "Beipiao 北票", "country": "China", "province": "Hebei" }, "geometry": { "type": "Point", "coordinates": [ 114.81, 37.89 ] } },
{ "type": "Feature", "properties": { "location_id": 4297.0, "place_type": "District 區", "place_name": "六合", "country": "China", "province": "Jiangsu" }, "geometry": { "type": "Point", "coordinates": [ 118.84, 32.33 ] } },
{ "type": "Feature", "properties": { "location_id": 4297.0, "place_type": "District 區", "place_name": "六合", "country": "China", "province": "Jiangsu" }, "geometry": { "type": "Point", "coordinates": [ 118.84, 32.33 ] } },
{ "type": "Feature", "properties": { "location_id": 4314.0, "place_type": "County 縣", "place_name": "Changtu 昌圖", "country": "China", "province": "Liaoning" }, "geometry": { "type": "Point", "coordinates": [ 124.11, 42.79 ] } },
{ "type": "Feature", "properties": { "location_id": 4314.0, "place_type": "County 縣", "place_name": "Changtu 昌圖", "country": "China", "province": "Liaoning" }, "geometry": { "type": "Point", "coordinates": [ 124.11, 42.79 ] } },
{ "type": "Feature", "properties": { "location_id": 4320.0, "place_type": "City 市", "place_name": "臨海", "country": "China", "province": "Zhejiang" }, "geometry": { "type": "Point", "coordinates": [ 121.14, 28.83 ] } },
{ "type": "Feature", "properties": { "location_id": 4320.0, "place_type": "City 市", "place_name": "臨海", "country": "China", "province": "Zhejiang" }, "geometry": { "type": "Point", "coordinates": [ 121.14, 28.83 ] } },
{ "type": "Feature", "properties": { "location_id": 4345.0, "place_type": "County 縣", "place_name": "林西", "country": "China", "province": "Jehol" }, "geometry": { "type": "Point", "coordinates": [ 118.06, 43.62 ] } },
{ "type": "Feature", "properties": { "location_id": 4345.0, "place_type": "County 縣", "place_name": "林西", "country": "China", "province": "Jehol" }, "geometry": { "type": "Point", "coordinates": [ 118.06, 43.62 ] } },
{ "type": "Feature", "properties": { "location_id": 4371.0, "place_type": "City 市", "place_name": "Linfen 臨汾", "country": "China", "province": "Shanxi" }, "geometry": { "type": "Point", "coordinates": [ 111.52, 36.09 ] } },
{ "type": "Feature", "properties": { "location_id": 4371.0, "place_type": "City 市", "place_name": "Linfen 臨汾", "country": "China", "province": "Shanxi" }, "geometry": { "type": "Point", "coordinates": [ 111.52, 36.09 ] } },
{ "type": "Feature", "properties": { "location_id": 4375.0, "place_type": "County 縣", "place_name": "東安", "country": "China", "province": "Guangxi" }, "geometry": { "type": "Point", "coordinates": [ 111.31, 26.39 ] } },
{ "type": "Feature", "properties": { "location_id": 4375.0, "place_type": "County 縣", "place_name": "東安", "country": "China", "province": "Guangxi" }, "geometry": { "type": "Point", "coordinates": [ 111.31, 26.39 ] } },
{ "type": "Feature", "properties": { "location_id": 4385.0, "place_type": "County 縣", "place_name": "垣曲", "country": "China", "province": "Shanxi" }, "geometry": { "type": "Point", "coordinates": [ 111.67, 35.3 ] } },
{ "type": "Feature", "properties": { "location_id": 4385.0, "place_type": "County 縣", "place_name": "垣曲", "country": "China", "province": "Shanxi" }, "geometry": { "type": "Point", "coordinates": [ 111.67, 35.3 ] } },
{ "type": "Feature", "properties": { "location_id": 4394.0, "place_type": "County 縣", "place_name": "Pingding 平定", "country": "China", "province": "Shanxi" }, "geometry": { "type": "Point", "coordinates": [ 113.66, 37.79 ] } },
{ "type": "Feature", "properties": { "location_id": 4394.0, "place_type": "County 縣", "place_name": "Pingding 平定", "country": "China", "province": "Shanxi" }, "geometry": { "type": "Point", "coordinates": [ 113.66, 37.79 ] } },
{ "type": "Feature", "properties": { "location_id": 4404.0, "place_type": "County 縣", "place_name": "姚安", "country": "China", "province": "Yunnan" }, "geometry": { "type": "Point", "coordinates": [ 101.24, 25.51 ] } },
{ "type": "Feature", "properties": { "location_id": 4404.0, "place_type": "County 縣", "place_name": "姚安", "country": "China", "province": "Yunnan" }, "geometry": { "type": "Point", "coordinates": [ 101.24, 25.51 ] } },
{ "type": "Feature", "properties": { "location_id": 4407.0, "place_type": "County 縣", "place_name": "Xinghua 興化", "country": "China", "province": "Jiangsu" }, "geometry": { "type": "Point", "coordinates": [ 119.83, 32.91 ] } },
{ "type": "Feature", "properties": { "location_id": 4407.0, "place_type": "County 縣", "place_name": "Xinghua 興化", "country": "China", "province": "Jiangsu" }, "geometry": { "type": "Point", "coordinates": [ 119.83, 32.91 ] } },
{ "type": "Feature", "properties": { "location_id": 4412.0, "place_type": "County 縣", "place_name": "寳應", "country": "China", "province": "Jiangsu" }, "geometry": { "type": "Point", "coordinates": [ 119.36, 33.24 ] } },
{ "type": "Feature", "properties": { "location_id": 4412.0, "place_type": "County 縣", "place_name": "寳應", "country": "China", "province": "Jiangsu" }, "geometry": { "type": "Point", "coordinates": [ 119.36, 33.24 ] } },
{ "type": "Feature", "properties": { "location_id": 4415.0, "place_type": "County 縣", "place_name": "橫縣", "country": "China", "province": "Guangxi" }, "geometry": { "type": "Point", "coordinates": [ 109.26, 22.68 ] } },
{ "type": "Feature", "properties": { "location_id": 4415.0, "place_type": "County 縣", "place_name": "橫縣", "country": "China", "province": "Guangxi" }, "geometry": { "type": "Point", "coordinates": [ 109.26, 22.68 ] } },
{ "type": "Feature", "properties": { "location_id": 4422.0, "place_type": "City 市", "place_name": "Nanning 南寧", "country": "China", "province": "Guangxi" }, "geometry": { "type": "Point", "coordinates": [ 108.37, 22.82 ] } },
{ "type": "Feature", "properties": { "location_id": 4422.0, "place_type": "City 市", "place_name": "Nanning 南寧", "country": "China", "province": "Guangxi" }, "geometry": { "type": "Point", "coordinates": [ 108.37, 22.82 ] } },
{ "type": "Feature", "properties": { "location_id": 4423.0, "place_type": "City 市", "place_name": "Yangzhou 揚州", "country": "China", "province": "Jiangsu" }, "geometry": { "type": "Point", "coordinates": [ 119.41, 32.39 ] } },
{ "type": "Feature", "properties": { "location_id": 4423.0, "place_type": "City 市", "place_name": "Yangzhou 揚州", "country": "China", "province": "Jiangsu" }, "geometry": { "type": "Point", "coordinates": [ 119.41, 32.39 ] } },
{ "type": "Feature", "properties": { "location_id": 4425.0, "place_type": "County 縣", "place_name": "吳橋", "country": "China", "province": "Hebei" }, "geometry": { "type": "Point", "coordinates": [ 116.4, 37.63 ] } },
{ "type": "Feature", "properties": { "location_id": 4425.0, "place_type": "County 縣", "place_name": "吳橋", "country": "China", "province": "Hebei" }, "geometry": { "type": "Point", "coordinates": [ 116.4, 37.63 ] } },
{ "type": "Feature", "properties": { "location_id": 4435.0, "place_type": "County 縣", "place_name": "南皮", "country": "China", "province": "Hebei" }, "geometry": { "type": "Point", "coordinates": [ 116.71, 38.04 ] } },
{ "type": "Feature", "properties": { "location_id": 4435.0, "place_type": "County 縣", "place_name": "南皮", "country": "China", "province": "Hebei" }, "geometry": { "type": "Point", "coordinates": [ 116.71, 38.04 ] } },
{ "type": "Feature", "properties": { "location_id": 4449.0, "place_type": "City 市", "place_name": "Haicheng 海城", "country": "China", "province": "Liaoning" }, "geometry": { "type": "Point", "coordinates": [ 122.68, 40.88 ] } },
{ "type": "Feature", "properties": { "location_id": 4449.0, "place_type": "City 市", "place_name": "Haicheng 海城", "country": "China", "province": "Liaoning" }, "geometry": { "type": "Point", "coordinates": [ 122.68, 40.88 ] } },
{ "type": "Feature", "properties": { "location_id": 4492.0, "place_type": "City 市", "place_name": "Xuzhou 徐州", "country": "China", "province": "Jiangsu" }, "geometry": { "type": "Point", "coordinates": [ 117.28, 34.21 ] } },
{ "type": "Feature", "properties": { "location_id": 4492.0, "place_type": "City 市", "place_name": "Xuzhou 徐州", "country": "China", "province": "Jiangsu" }, "geometry": { "type": "Point", "coordinates": [ 117.28, 34.21 ] } },
{ "type": "Feature", "properties": { "location_id": 4497.0, "place_type": "County 縣", "place_name": "Zhenru 真茹", "country": "China", "province": "Fujian" }, "geometry": { "type": "Point", "coordinates": [ 119.58, 26.37 ] } },
{ "type": "Feature", "properties": { "location_id": 4497.0, "place_type": "County 縣", "place_name": "Zhenru 真茹", "country": "China", "province": "Fujian" }, "geometry": { "type": "Point", "coordinates": [ 119.58, 26.37 ] } },
{ "type": "Feature", "properties": { "location_id": 4540.0, "place_type": "City 市", "place_name": "益陽", "country": "China", "province": "Hunan" }, "geometry": { "type": "Point", "coordinates": [ 112.35, 28.55 ] } },
{ "type": "Feature", "properties": { "location_id": 4540.0, "place_type": "City 市", "place_name": "益陽", "country": "China", "province": "Hunan" }, "geometry": { "type": "Point", "coordinates": [ 112.35, 28.55 ] } },
{ "type": "Feature", "properties": { "location_id": 4542.0, "place_type": "County 縣", "place_name": "盱眙", "country": "China", "province": "Anhui" }, "geometry": { "type": "Point", "coordinates": [ 118.55, 33.01 ] } },
{ "type": "Feature", "properties": { "location_id": 4542.0, "place_type": "County 縣", "place_name": "盱眙", "country": "China", "province": "Anhui" }, "geometry": { "type": "Point", "coordinates": [ 118.55, 33.01 ] } },
{ "type": "Feature", "properties": { "location_id": 4553.0, "place_type": "City 市", "place_name": "龍溪", "country": "China", "province": "Fujian" }, "geometry": { "type": "Point", "coordinates": [ 117.82, 24.45 ] } },
{ "type": "Feature", "properties": { "location_id": 4553.0, "place_type": "City 市", "place_name": "龍溪", "country": "China", "province": "Fujian" }, "geometry": { "type": "Point", "coordinates": [ 117.82, 24.45 ] } },
{ "type": "Feature", "properties": { "location_id": 4561.0, "place_type": "City 市", "place_name": "漳州", "country": "China", "province": "Fujian" }, "geometry": { "type": "Point", "coordinates": [ 117.65, 24.51 ] } },
{ "type": "Feature", "properties": { "location_id": 4561.0, "place_type": "City 市", "place_name": "漳州", "country": "China", "province": "Fujian" }, "geometry": { "type": "Point", "coordinates": [ 117.65, 24.51 ] } },
{ "type": "Feature", "properties": { "location_id": 4594.0, "place_type": "County 縣", "place_name": "Hengshan 衡山", "country": "China", "province": "Hunan" }, "geometry": { "type": "Point", "coordinates": [ 112.69, 27.29 ] } },
{ "type": "Feature", "properties": { "location_id": 4594.0, "place_type": "County 縣", "place_name": "Hengshan 衡山", "country": "China", "province": "Hunan" }, "geometry": { "type": "Point", "coordinates": [ 112.69, 27.29 ] } },
{ "type": "Feature", "properties": { "location_id": 4612.0, "place_type": "Town 鎮", "place_name": "Potsdam", "country": "USA", "province": "abroad" }, "geometry": { "type": "Point", "coordinates": [ -74.98, 44.67 ] } },
{ "type": "Feature", "properties": { "location_id": 4619.0, "place_type": "County 縣", "place_name": "西平", "country": "China", "province": "Henan" }, "geometry": { "type": "Point", "coordinates": [ 114.02, 33.39 ] } },
{ "type": "Feature", "properties": { "location_id": 4619.0, "place_type": "County 縣", "place_name": "西平", "country": "China", "province": "Henan" }, "geometry": { "type": "Point", "coordinates": [ 114.02, 33.39 ] } },
{ "type": "Feature", "properties": { "location_id": 4627.0, "place_type": "County 縣", "place_name": "鳳城", "country": "China", "province": "Liaoning" }, "geometry": { "type": "Point", "coordinates": [ 124.07, 40.46 ] } },
{ "type": "Feature", "properties": { "location_id": 4627.0, "place_type": "County 縣", "place_name": "鳳城", "country": "China", "province": "Liaoning" }, "geometry": { "type": "Point", "coordinates": [ 124.07, 40.46 ] } },
{ "type": "Feature", "properties": { "location_id": 4665.0, "place_type": "City 市", "place_name": "許昌", "country": "China", "province": "Henan" }, "geometry": { "type": "Point", "coordinates": [ 113.85, 34.04 ] } },
{ "type": "Feature", "properties": { "location_id": 4665.0, "place_type": "City 市", "place_name": "許昌", "country": "China", "province": "Henan" }, "geometry": { "type": "Point", "coordinates": [ 113.85, 34.04 ] } },
{ "type": "Feature", "properties": { "location_id": 4759.0, "place_type": "County 縣", "place_name": "安平", "country": "China", "province": "Hebei" }, "geometry": { "type": "Point", "coordinates": [ 115.52, 38.24 ] } },
{ "type": "Feature", "properties": { "location_id": 4759.0, "place_type": "County 縣", "place_name": "安平", "country": "China", "province": "Hebei" }, "geometry": { "type": "Point", "coordinates": [ 115.52, 38.24 ] } },
{ "type": "Feature", "properties": { "location_id": 4762.0, "place_type": "County 縣", "place_name": "含山", "country": "China", "province": "Anhui" }, "geometry": { "type": "Point", "coordinates": [ 118.1, 31.74 ] } },
{ "type": "Feature", "properties": { "location_id": 4762.0, "place_type": "County 縣", "place_name": "含山", "country": "China", "province": "Anhui" }, "geometry": { "type": "Point", "coordinates": [ 118.1, 31.74 ] } },
{ "type": "Feature", "properties": { "location_id": 4795.0, "place_type": "County 縣", "place_name": "Qijiang 綦江", "country": "China", "province": "Sichuan" }, "geometry": { "type": "Point", "coordinates": [ 106.65, 29.03 ] } },
{ "type": "Feature", "properties": { "location_id": 4795.0, "place_type": "County 縣", "place_name": "Qijiang 綦江", "country": "China", "province": "Sichuan" }, "geometry": { "type": "Point", "coordinates": [ 106.65, 29.03 ] } },
{ "type": "Feature", "properties": { "location_id": 4802.0, "place_type": "County 縣", "place_name": "汲縣", "country": "China", "province": "Henan" }, "geometry": { "type": "Point", "coordinates": [ 114.07, 35.4 ] } },
{ "type": "Feature", "properties": { "location_id": 4802.0, "place_type": "County 縣", "place_name": "汲縣", "country": "China", "province": "Henan" }, "geometry": { "type": "Point", "coordinates": [ 114.07, 35.4 ] } },
{ "type": "Feature", "properties": { "location_id": 4809.0, "place_type": "County 縣", "place_name": "零陵", "country": "China", "province": "Hunan" }, "geometry": { "type": "Point", "coordinates": [ 111.63, 26.22 ] } },
{ "type": "Feature", "properties": { "location_id": 4809.0, "place_type": "County 縣", "place_name": "零陵", "country": "China", "province": "Hunan" }, "geometry": { "type": "Point", "coordinates": [ 111.63, 26.22 ] } },
{ "type": "Feature", "properties": { "location_id": 4816.0, "place_type": "City 市", "place_name": "Shaoyang 邵陽", "country": "China", "province": "Hunan" }, "geometry": { "type": "Point", "coordinates": [ 111.47, 27.24 ] } },
{ "type": "Feature", "properties": { "location_id": 4816.0, "place_type": "City 市", "place_name": "Shaoyang 邵陽", "country": "China", "province": "Hunan" }, "geometry": { "type": "Point", "coordinates": [ 111.47, 27.24 ] } },
{ "type": "Feature", "properties": { "location_id": 4824.0, "place_type": "County 縣", "place_name": "彭縣", "country": "China", "province": "Sichuan" }, "geometry": { "type": "Point", "coordinates": [ 103.96, 30.99 ] } },
{ "type": "Feature", "properties": { "location_id": 4824.0, "place_type": "County 縣", "place_name": "彭縣", "country": "China", "province": "Sichuan" }, "geometry": { "type": "Point", "coordinates": [ 103.96, 30.99 ] } },
{ "type": "Feature", "properties": { "location_id": 4828.0, "place_type": "City 市", "place_name": "Darmstadt", "country": "Germany", "province": "abroad" }, "geometry": { "type": "Point", "coordinates": [ 8.65, 49.87 ] } },
{ "type": "Feature", "properties": { "location_id": 4846.0, "place_type": "County 縣", "place_name": "左雲", "country": "China", "province": "Shanxi" }, "geometry": { "type": "Point", "coordinates": [ 112.7, 40.01 ] } },
{ "type": "Feature", "properties": { "location_id": 4846.0, "place_type": "County 縣", "place_name": "左雲", "country": "China", "province": "Shanxi" }, "geometry": { "type": "Point", "coordinates": [ 112.7, 40.01 ] } },
{ "type": "Feature", "properties": { "location_id": 4878.0, "place_type": "County 縣", "place_name": "思平", "country": "China", "province": "Guangdong" }, "geometry": { "type": "Point", "coordinates": [ 112.31, 22.18 ] } },
{ "type": "Feature", "properties": { "location_id": 4878.0, "place_type": "County 縣", "place_name": "思平", "country": "China", "province": "Guangdong" }, "geometry": { "type": "Point", "coordinates": [ 112.31, 22.18 ] } },
{ "type": "Feature", "properties": { "location_id": 4916.0, "place_type": "County 縣", "place_name": "崇德", "country": "China", "province": "Zhejiang" }, "geometry": { "type": "Point", "coordinates": [ 120.43, 30.52 ] } },
{ "type": "Feature", "properties": { "location_id": 4916.0, "place_type": "County 縣", "place_name": "崇德", "country": "China", "province": "Zhejiang" }, "geometry": { "type": "Point", "coordinates": [ 120.43, 30.52 ] } },
{ "type": "Feature", "properties": { "location_id": 4937.0, "place_type": "County 縣", "place_name": "Yi 嶧縣", "country": "China", "province": "Shandong" }, "geometry": { "type": "Point", "coordinates": [ 117.58, 34.75 ] } },
{ "type": "Feature", "properties": { "location_id": 4937.0, "place_type": "County 縣", "place_name": "Yi 嶧縣", "country": "China", "province": "Shandong" }, "geometry": { "type": "Point", "coordinates": [ 117.58, 34.75 ] } },
{ "type": "Feature", "properties": { "location_id": 4945.0, "place_type": "City 市", "place_name": "沅江", "country": "China", "province": "Hunan" }, "geometry": { "type": "Point", "coordinates": [ 112.36, 28.84 ] } },
{ "type": "Feature", "properties": { "location_id": 4945.0, "place_type": "City 市", "place_name": "沅江", "country": "China", "province": "Hunan" }, "geometry": { "type": "Point", "coordinates": [ 112.36, 28.84 ] } },
{ "type": "Feature", "properties": { "location_id": 4962.0, "place_type": "City 市", "place_name": "Wuzhou 梧州", "country": "China", "province": "Guangxi" }, "geometry": { "type": "Point", "coordinates": [ 111.28, 23.48 ] } },
{ "type": "Feature", "properties": { "location_id": 4962.0, "place_type": "City 市", "place_name": "Wuzhou 梧州", "country": "China", "province": "Guangxi" }, "geometry": { "type": "Point", "coordinates": [ 111.28, 23.48 ] } },
{ "type": "Feature", "properties": { "location_id": 4977.0, "place_type": "City 市", "place_name": "Taishan 台山", "country": "China", "province": "Guangdong" }, "geometry": { "type": "Point", "coordinates": [ 112.8, 22.27 ] } },
{ "type": "Feature", "properties": { "location_id": 4977.0, "place_type": "City 市", "place_name": "Taishan 台山", "country": "China", "province": "Guangdong" }, "geometry": { "type": "Point", "coordinates": [ 112.8, 22.27 ] } },
{ "type": "Feature", "properties": { "location_id": 4993.0, "place_type": "County 縣", "place_name": "瓊東 (琼東)", "country": "China", "province": "Guangdong" }, "geometry": { "type": "Point", "coordinates": [ 110.48, 19.26 ] } },
{ "type": "Feature", "properties": { "location_id": 4993.0, "place_type": "County 縣", "place_name": "瓊東 (琼東)", "country": "China", "province": "Guangdong" }, "geometry": { "type": "Point", "coordinates": [ 110.48, 19.26 ] } },
{ "type": "Feature", "properties": { "location_id": 4996.0, "place_type": "County 縣", "place_name": "貴縣", "country": "China", "province": "Guangxi" }, "geometry": { "type": "Point", "coordinates": [ 109.6, 23.11 ] } },
{ "type": "Feature", "properties": { "location_id": 4996.0, "place_type": "County 縣", "place_name": "貴縣", "country": "China", "province": "Guangxi" }, "geometry": { "type": "Point", "coordinates": [ 109.6, 23.11 ] } },
{ "type": "Feature", "properties": { "location_id": 5020.0, "place_type": "County 縣", "place_name": "Shenze 深澤", "country": "China", "province": "Hebei" }, "geometry": { "type": "Point", "coordinates": [ 115.2, 38.18 ] } },
{ "type": "Feature", "properties": { "location_id": 5020.0, "place_type": "County 縣", "place_name": "Shenze 深澤", "country": "China", "province": "Hebei" }, "geometry": { "type": "Point", "coordinates": [ 115.2, 38.18 ] } },
{ "type": "Feature", "properties": { "location_id": 5028.0, "place_type": "City 市", "place_name": "清遠", "country": "China", "province": "Guangdong" }, "geometry": { "type": "Point", "coordinates": [ 113.05, 23.68 ] } },
{ "type": "Feature", "properties": { "location_id": 5028.0, "place_type": "City 市", "place_name": "清遠", "country": "China", "province": "Guangdong" }, "geometry": { "type": "Point", "coordinates": [ 113.05, 23.68 ] } },
{ "type": "Feature", "properties": { "location_id": 5031.0, "place_type": "District 區", "place_name": "黃埔", "country": "China", "province": "Guangdong" }, "geometry": { "type": "Point", "coordinates": [ 113.47, 23.11 ] } },
{ "type": "Feature", "properties": { "location_id": 5031.0, "place_type": "District 區", "place_name": "黃埔", "country": "China", "province": "Guangdong" }, "geometry": { "type": "Point", "coordinates": [ 113.47, 23.11 ] } },
{ "type": "Feature", "properties": { "location_id": 5034.0, "place_type": "City 市", "place_name": "佛山", "country": "China", "province": "Guangdong" }, "geometry": { "type": "Point", "coordinates": [ 113.12, 23.02 ] } },
{ "type": "Feature", "properties": { "location_id": 5034.0, "place_type": "City 市", "place_name": "佛山", "country": "China", "province": "Guangdong" }, "geometry": { "type": "Point", "coordinates": [ 113.12, 23.02 ] } },
{ "type": "Feature", "properties": { "location_id": 5073.0, "place_type": "County 縣", "place_name": "Liuyang 瀏陽", "country": "China", "province": "Hunan" }, "geometry": { "type": "Point", "coordinates": [ 113.64, 28.16 ] } },
{ "type": "Feature", "properties": { "location_id": 5073.0, "place_type": "County 縣", "place_name": "Liuyang 瀏陽", "country": "China", "province": "Hunan" }, "geometry": { "type": "Point", "coordinates": [ 113.64, 28.16 ] } },
{ "type": "Feature", "properties": { "location_id": 5078.0, "place_type": "County 縣", "place_name": "雙城", "country": "China", "province": "Jilin" }, "geometry": { "type": "Point", "coordinates": [ 126.31, 45.38 ] } },
{ "type": "Feature", "properties": { "location_id": 5078.0, "place_type": "County 縣", "place_name": "雙城", "country": "China", "province": "Jilin" }, "geometry": { "type": "Point", "coordinates": [ 126.31, 45.38 ] } },
{ "type": "Feature", "properties": { "location_id": 5081.0, "place_type": "County 縣", "place_name": "越嶲", "country": "China", "province": "Sichuan" }, "geometry": { "type": "Point", "coordinates": [ 102.51, 28.64 ] } },
{ "type": "Feature", "properties": { "location_id": 5081.0, "place_type": "County 縣", "place_name": "越嶲", "country": "China", "province": "Sichuan" }, "geometry": { "type": "Point", "coordinates": [ 102.51, 28.64 ] } },
{ "type": "Feature", "properties": { "location_id": 5095.0, "place_type": "Town 鎮", "place_name": "Bolton", "country": "UK", "province": "abroad" }, "geometry": { "type": "Point", "coordinates": [ -2.43, 53.58 ] } },
{ "type": "Feature", "properties": { "location_id": 5105.0, "place_type": "County 縣", "place_name": "蕭縣", "country": "China", "province": "Jiangsu" }, "geometry": { "type": "Point", "coordinates": [ 116.94, 34.19 ] } },
{ "type": "Feature", "properties": { "location_id": 5105.0, "place_type": "County 縣", "place_name": "蕭縣", "country": "China", "province": "Jiangsu" }, "geometry": { "type": "Point", "coordinates": [ 116.94, 34.19 ] } },
{ "type": "Feature", "properties": { "location_id": 5118.0, "place_type": "County 縣", "place_name": "桃源", "country": "China", "province": "Hunan" }, "geometry": { "type": "Point", "coordinates": [ 111.49, 28.9 ] } },
{ "type": "Feature", "properties": { "location_id": 5118.0, "place_type": "County 縣", "place_name": "桃源", "country": "China", "province": "Hunan" }, "geometry": { "type": "Point", "coordinates": [ 111.49, 28.9 ] } },
{ "type": "Feature", "properties": { "location_id": 5131.0, "place_type": "City 市", "place_name": "恩平", "country": "China", "province": "Guangdong" }, "geometry": { "type": "Point", "coordinates": [ 112.3, 22.18 ] } },
{ "type": "Feature", "properties": { "location_id": 5131.0, "place_type": "City 市", "place_name": "恩平", "country": "China", "province": "Guangdong" }, "geometry": { "type": "Point", "coordinates": [ 112.3, 22.18 ] } },
{ "type": "Feature", "properties": { "location_id": 5141.0, "place_type": "City 市", "place_name": "連雲", "country": "China", "province": "Jiangsu" }, "geometry": { "type": "Point", "coordinates": [ 119.34, 34.76 ] } },
{ "type": "Feature", "properties": { "location_id": 5141.0, "place_type": "City 市", "place_name": "連雲", "country": "China", "province": "Jiangsu" }, "geometry": { "type": "Point", "coordinates": [ 119.34, 34.76 ] } },
{ "type": "Feature", "properties": { "location_id": 5186.0, "place_type": "County 縣", "place_name": "Longjiang 龍江", "country": "China", "province": "Heilongjiang" }, "geometry": { "type": "Point", "coordinates": [ 123.2, 47.34 ] } },
{ "type": "Feature", "properties": { "location_id": 5186.0, "place_type": "County 縣", "place_name": "Longjiang 龍江", "country": "China", "province": "Heilongjiang" }, "geometry": { "type": "Point", "coordinates": [ 123.2, 47.34 ] } },
{ "type": "Feature", "properties": { "location_id": 5212.0, "place_type": "County 縣", "place_name": "蒼梧", "country": "China", "province": "Guangxi" }, "geometry": { "type": "Point", "coordinates": [ 111.52, 23.85 ] } },
{ "type": "Feature", "properties": { "location_id": 5212.0, "place_type": "County 縣", "place_name": "蒼梧", "country": "China", "province": "Guangxi" }, "geometry": { "type": "Point", "coordinates": [ 111.52, 23.85 ] } },
{ "type": "Feature", "properties": { "location_id": 5227.0, "place_type": "County 縣", "place_name": "宜黃", "country": "China", "province": "Jiangxi" }, "geometry": { "type": "Point", "coordinates": [ 116.24, 27.57 ] } },
{ "type": "Feature", "properties": { "location_id": 5227.0, "place_type": "County 縣", "place_name": "宜黃", "country": "China", "province": "Jiangxi" }, "geometry": { "type": "Point", "coordinates": [ 116.24, 27.57 ] } },
{ "type": "Feature", "properties": { "location_id": 5244.0, "place_type": "County 縣", "place_name": "陸川", "country": "China", "province": "Guangxi" }, "geometry": { "type": "Point", "coordinates": [ 110.27, 22.32 ] } },
{ "type": "Feature", "properties": { "location_id": 5244.0, "place_type": "County 縣", "place_name": "陸川", "country": "China", "province": "Guangxi" }, "geometry": { "type": "Point", "coordinates": [ 110.27, 22.32 ] } },
{ "type": "Feature", "properties": { "location_id": 5260.0, "place_type": "County 縣", "place_name": "正陽", "country": "China", "province": "Henan" }, "geometry": { "type": "Point", "coordinates": [ 114.41, 32.6 ] } },
{ "type": "Feature", "properties": { "location_id": 5260.0, "place_type": "County 縣", "place_name": "正陽", "country": "China", "province": "Henan" }, "geometry": { "type": "Point", "coordinates": [ 114.41, 32.6 ] } },
{ "type": "Feature", "properties": { "location_id": 5273.0, "place_type": "County 縣", "place_name": "湘陰", "country": "China", "province": "Hunan" }, "geometry": { "type": "Point", "coordinates": [ 112.89, 28.67 ] } },
{ "type": "Feature", "properties": { "location_id": 5273.0, "place_type": "County 縣", "place_name": "湘陰", "country": "China", "province": "Hunan" }, "geometry": { "type": "Point", "coordinates": [ 112.89, 28.67 ] } },
{ "type": "Feature", "properties": { "location_id": 5282.0, "place_type": "County 縣", "place_name": "滄縣", "country": "China", "province": "Hebei" }, "geometry": { "type": "Point", "coordinates": [ 117.0, 38.22 ] } },
{ "type": "Feature", "properties": { "location_id": 5282.0, "place_type": "County 縣", "place_name": "滄縣", "country": "China", "province": "Hebei" }, "geometry": { "type": "Point", "coordinates": [ 117.0, 38.22 ] } },
{ "type": "Feature", "properties": { "location_id": 5287.0, "place_type": "County 縣", "place_name": "磁縣", "country": "China", "province": "Henan" }, "geometry": { "type": "Point", "coordinates": [ 114.39, 36.36 ] } },
{ "type": "Feature", "properties": { "location_id": 5287.0, "place_type": "County 縣", "place_name": "磁縣", "country": "China", "province": "Henan" }, "geometry": { "type": "Point", "coordinates": [ 114.39, 36.36 ] } },
{ "type": "Feature", "properties": { "location_id": 5291.0, "place_type": "County 縣", "place_name": "清江", "country": "China", "province": "Jiangxi" }, "geometry": { "type": "Point", "coordinates": [ 115.55, 28.06 ] } },
{ "type": "Feature", "properties": { "location_id": 5291.0, "place_type": "County 縣", "place_name": "清江", "country": "China", "province": "Jiangxi" }, "geometry": { "type": "Point", "coordinates": [ 115.55, 28.06 ] } },
{ "type": "Feature", "properties": { "location_id": 5332.0, "place_type": "County 縣", "place_name": "孟縣", "country": "China", "province": "Henan" }, "geometry": { "type": "Point", "coordinates": [ 112.81, 34.91 ] } },
{ "type": "Feature", "properties": { "location_id": 5332.0, "place_type": "County 縣", "place_name": "孟縣", "country": "China", "province": "Henan" }, "geometry": { "type": "Point", "coordinates": [ 112.81, 34.91 ] } },
{ "type": "Feature", "properties": { "location_id": 5335.0, "place_type": "County 縣", "place_name": "浦江", "country": "China", "province": "Zhejiang" }, "geometry": { "type": "Point", "coordinates": [ 119.9, 29.45 ] } },
{ "type": "Feature", "properties": { "location_id": 5335.0, "place_type": "County 縣", "place_name": "浦江", "country": "China", "province": "Zhejiang" }, "geometry": { "type": "Point", "coordinates": [ 119.9, 29.45 ] } },
{ "type": "Feature", "properties": { "location_id": 5363.0, "place_type": "County 縣", "place_name": "渠縣", "country": "China", "province": "Sichuan" }, "geometry": { "type": "Point", "coordinates": [ 106.97, 30.84 ] } },
{ "type": "Feature", "properties": { "location_id": 5363.0, "place_type": "County 縣", "place_name": "渠縣", "country": "China", "province": "Sichuan" }, "geometry": { "type": "Point", "coordinates": [ 106.97, 30.84 ] } },
{ "type": "Feature", "properties": { "location_id": 5376.0, "place_type": "County 縣", "place_name": "彰明", "country": "China", "province": "Sichuan" }, "geometry": { "type": "Point", "coordinates": [ 104.72, 31.71 ] } },
{ "type": "Feature", "properties": { "location_id": 5376.0, "place_type": "County 縣", "place_name": "彰明", "country": "China", "province": "Sichuan" }, "geometry": { "type": "Point", "coordinates": [ 104.72, 31.71 ] } },
{ "type": "Feature", "properties": { "location_id": 5379.0, "place_type": "City 市", "place_name": "Frankfurt", "country": "Germany", "province": "abroad" }, "geometry": { "type": "Point", "coordinates": [ 8.68, 50.11 ] } },
{ "type": "Feature", "properties": { "location_id": 5414.0, "place_type": "District 區", "place_name": "Pinggui 平桂", "country": "China", "province": "Guangxi" }, "geometry": { "type": "Point", "coordinates": [ 111.44, 24.3 ] } },
{ "type": "Feature", "properties": { "location_id": 5414.0, "place_type": "District 區", "place_name": "Pinggui 平桂", "country": "China", "province": "Guangxi" }, "geometry": { "type": "Point", "coordinates": [ 111.44, 24.3 ] } },
{ "type": "Feature", "properties": { "location_id": 5463.0, "place_type": "County 縣", "place_name": "廣濟", "country": "China", "province": "Jiangxi" }, "geometry": { "type": "Point", "coordinates": [ 115.56, 29.84 ] } },
{ "type": "Feature", "properties": { "location_id": 5463.0, "place_type": "County 縣", "place_name": "廣濟", "country": "China", "province": "Jiangxi" }, "geometry": { "type": "Point", "coordinates": [ 115.56, 29.84 ] } },
{ "type": "Feature", "properties": { "location_id": 5467.0, "place_type": "City 市", "place_name": "Liege", "country": "Belgium", "province": "abroad" }, "geometry": { "type": "Point", "coordinates": [ 5.58, 50.63 ] } },
{ "type": "Feature", "properties": { "location_id": 5481.0, "place_type": "County 縣", "place_name": "績溪", "country": "China", "province": "Anhui" }, "geometry": { "type": "Point", "coordinates": [ 118.58, 30.07 ] } },
{ "type": "Feature", "properties": { "location_id": 5481.0, "place_type": "County 縣", "place_name": "績溪", "country": "China", "province": "Anhui" }, "geometry": { "type": "Point", "coordinates": [ 118.58, 30.07 ] } },
{ "type": "Feature", "properties": { "location_id": 5544.0, "place_type": "City 市", "place_name": "Zhuzhou 株州", "country": "China", "province": "Hunan" }, "geometry": { "type": "Point", "coordinates": [ 113.14, 27.83 ] } },
{ "type": "Feature", "properties": { "location_id": 5544.0, "place_type": "City 市", "place_name": "Zhuzhou 株州", "country": "China", "province": "Hunan" }, "geometry": { "type": "Point", "coordinates": [ 113.14, 27.83 ] } },
{ "type": "Feature", "properties": { "location_id": 5574.0, "place_type": "Town 鎮", "place_name": "足尾町", "country": "Japan", "province": "abroad" }, "geometry": { "type": "Point", "coordinates": [ 139.39, 36.68 ] } },
{ "type": "Feature", "properties": { "location_id": 5579.0, "place_type": "City 市", "place_name": "小阪", "country": "Japan", "province": "abroad" }, "geometry": { "type": "Point", "coordinates": [ 135.59, 34.66 ] } },
{ "type": "Feature", "properties": { "location_id": 5582.0, "place_type": "City 市", "place_name": "夕張", "country": "Japan", "province": "abroad" }, "geometry": { "type": "Point", "coordinates": [ 141.97, 43.06 ] } },
{ "type": "Feature", "properties": { "location_id": 5587.0, "place_type": "County 縣", "place_name": "崎戶", "country": "Japan", "province": "abroad" }, "geometry": { "type": "Point", "coordinates": [ 136.98, 35.74 ] } },
{ "type": "Feature", "properties": { "location_id": 5626.0, "place_type": "District 區", "place_name": "餘杭", "country": "China", "province": "Zhejiang" }, "geometry": { "type": "Point", "coordinates": [ 120.29, 30.41 ] } },
{ "type": "Feature", "properties": { "location_id": 5626.0, "place_type": "District 區", "place_name": "餘杭", "country": "China", "province": "Zhejiang" }, "geometry": { "type": "Point", "coordinates": [ 120.29, 30.41 ] } },
{ "type": "Feature", "properties": { "location_id": 5637.0, "place_type": "District 區", "place_name": "Zhakou 閘口", "country": "China", "province": "Zhejiang" }, "geometry": { "type": "Point", "coordinates": [ 120.16, 30.21 ] } },
{ "type": "Feature", "properties": { "location_id": 5637.0, "place_type": "District 區", "place_name": "Zhakou 閘口", "country": "China", "province": "Zhejiang" }, "geometry": { "type": "Point", "coordinates": [ 120.16, 30.21 ] } },
{ "type": "Feature", "properties": { "location_id": 5663.0, "place_type": "City 市", "place_name": "靈寳", "country": "China", "province": "Henan" }, "geometry": { "type": "Point", "coordinates": [ 110.92, 34.51 ] } },
{ "type": "Feature", "properties": { "location_id": 5663.0, "place_type": "City 市", "place_name": "靈寳", "country": "China", "province": "Henan" }, "geometry": { "type": "Point", "coordinates": [ 110.92, 34.51 ] } },
{ "type": "Feature", "properties": { "location_id": 5688.0, "place_type": "County 縣", "place_name": "應城", "country": "China", "province": "Hubei" }, "geometry": { "type": "Point", "coordinates": [ 113.57, 30.93 ] } },
{ "type": "Feature", "properties": { "location_id": 5688.0, "place_type": "County 縣", "place_name": "應城", "country": "China", "province": "Hubei" }, "geometry": { "type": "Point", "coordinates": [ 113.57, 30.93 ] } },
{ "type": "Feature", "properties": { "location_id": 5707.0, "place_type": "City 市", "place_name": "韶關", "country": "China", "province": "Guangdong" }, "geometry": { "type": "Point", "coordinates": [ 113.6, 24.82 ] } },
{ "type": "Feature", "properties": { "location_id": 5707.0, "place_type": "City 市", "place_name": "韶關", "country": "China", "province": "Guangdong" }, "geometry": { "type": "Point", "coordinates": [ 113.6, 24.82 ] } },
{ "type": "Feature", "properties": { "location_id": 5718.0, "place_type": "City 市", "place_name": "欽州", "country": "China", "province": "Guangxi" }, "geometry": { "type": "Point", "coordinates": [ 108.66, 21.98 ] } },
{ "type": "Feature", "properties": { "location_id": 5718.0, "place_type": "City 市", "place_name": "欽州", "country": "China", "province": "Guangxi" }, "geometry": { "type": "Point", "coordinates": [ 108.66, 21.98 ] } },
{ "type": "Feature", "properties": { "location_id": 5733.0, "place_type": "City 市", "place_name": "高要", "country": "China", "province": "Guangdong" }, "geometry": { "type": "Point", "coordinates": [ 112.46, 23.03 ] } },
{ "type": "Feature", "properties": { "location_id": 5733.0, "place_type": "City 市", "place_name": "高要", "country": "China", "province": "Guangdong" }, "geometry": { "type": "Point", "coordinates": [ 112.46, 23.03 ] } },
{ "type": "Feature", "properties": { "location_id": 5751.0, "place_type": "District 區", "place_name": "Tanggu 塘沽", "country": "China", "province": "Hebei" }, "geometry": { "type": "Point", "coordinates": [ 117.69, 38.98 ] } },
{ "type": "Feature", "properties": { "location_id": 5751.0, "place_type": "District 區", "place_name": "Tanggu 塘沽", "country": "China", "province": "Hebei" }, "geometry": { "type": "Point", "coordinates": [ 117.69, 38.98 ] } },
{ "type": "Feature", "properties": { "location_id": 5756.0, "place_type": "County 縣", "place_name": "鬱林", "country": "China", "province": "Guangxi" }, "geometry": { "type": "Point", "coordinates": [ 110.18, 22.65 ] } },
{ "type": "Feature", "properties": { "location_id": 5756.0, "place_type": "County 縣", "place_name": "鬱林", "country": "China", "province": "Guangxi" }, "geometry": { "type": "Point", "coordinates": [ 110.18, 22.65 ] } },
{ "type": "Feature", "properties": { "location_id": 5785.0, "place_type": "County 縣", "place_name": "高唐", "country": "China", "province": "Shandong" }, "geometry": { "type": "Point", "coordinates": [ 116.23, 36.87 ] } },
{ "type": "Feature", "properties": { "location_id": 5785.0, "place_type": "County 縣", "place_name": "高唐", "country": "China", "province": "Shandong" }, "geometry": { "type": "Point", "coordinates": [ 116.23, 36.87 ] } },
{ "type": "Feature", "properties": { "location_id": 5830.0, "place_type": "City 市", "place_name": "藁城", "country": "China", "province": "Hebei" }, "geometry": { "type": "Point", "coordinates": [ 114.84, 38.02 ] } },
{ "type": "Feature", "properties": { "location_id": 5830.0, "place_type": "City 市", "place_name": "藁城", "country": "China", "province": "Hebei" }, "geometry": { "type": "Point", "coordinates": [ 114.84, 38.02 ] } },
{ "type": "Feature", "properties": { "location_id": 5904.0, "place_type": "County 縣", "place_name": "東明", "country": "China", "province": "Hebei" }, "geometry": { "type": "Point", "coordinates": [ 115.09, 35.29 ] } },
{ "type": "Feature", "properties": { "location_id": 5904.0, "place_type": "County 縣", "place_name": "東明", "country": "China", "province": "Hebei" }, "geometry": { "type": "Point", "coordinates": [ 115.09, 35.29 ] } },
{ "type": "Feature", "properties": { "location_id": 5917.0, "place_type": "District 區", "place_name": "三水", "country": "China", "province": "Guangdong" }, "geometry": { "type": "Point", "coordinates": [ 112.9, 23.14 ] } },
{ "type": "Feature", "properties": { "location_id": 5917.0, "place_type": "District 區", "place_name": "三水", "country": "China", "province": "Guangdong" }, "geometry": { "type": "Point", "coordinates": [ 112.9, 23.14 ] } },
{ "type": "Feature", "properties": { "location_id": 5929.0, "place_type": "County 縣", "place_name": "岳池", "country": "China", "province": "Sichuan" }, "geometry": { "type": "Point", "coordinates": [ 106.44, 30.56 ] } },
{ "type": "Feature", "properties": { "location_id": 5929.0, "place_type": "County 縣", "place_name": "岳池", "country": "China", "province": "Sichuan" }, "geometry": { "type": "Point", "coordinates": [ 106.44, 30.56 ] } },
{ "type": "Feature", "properties": { "location_id": 5937.0, "place_type": "City 市", "place_name": "四會", "country": "China", "province": "Guangdong" }, "geometry": { "type": "Point", "coordinates": [ 112.72, 23.33 ] } },
{ "type": "Feature", "properties": { "location_id": 5937.0, "place_type": "City 市", "place_name": "四會", "country": "China", "province": "Guangdong" }, "geometry": { "type": "Point", "coordinates": [ 112.72, 23.33 ] } },
{ "type": "Feature", "properties": { "location_id": 5955.0, "place_type": "County 縣", "place_name": "固始", "country": "China", "province": "Henan" }, "geometry": { "type": "Point", "coordinates": [ 115.66, 32.17 ] } },
{ "type": "Feature", "properties": { "location_id": 5955.0, "place_type": "County 縣", "place_name": "固始", "country": "China", "province": "Henan" }, "geometry": { "type": "Point", "coordinates": [ 115.66, 32.17 ] } },
{ "type": "Feature", "properties": { "location_id": 5964.0, "place_type": "County 縣", "place_name": "涇縣", "country": "China", "province": "Anhui" }, "geometry": { "type": "Point", "coordinates": [ 118.42, 30.68 ] } },
{ "type": "Feature", "properties": { "location_id": 5964.0, "place_type": "County 縣", "place_name": "涇縣", "country": "China", "province": "Anhui" }, "geometry": { "type": "Point", "coordinates": [ 118.42, 30.68 ] } },
{ "type": "Feature", "properties": { "location_id": 5976.0, "place_type": "City 市", "place_name": "新喩 (新余 Xinyu)", "country": "China", "province": "Jiangxi" }, "geometry": { "type": "Point", "coordinates": [ 114.92, 27.82 ] } },
{ "type": "Feature", "properties": { "location_id": 5976.0, "place_type": "City 市", "place_name": "新喩 (新余 Xinyu)", "country": "China", "province": "Jiangxi" }, "geometry": { "type": "Point", "coordinates": [ 114.92, 27.82 ] } },
{ "type": "Feature", "properties": { "location_id": 5979.0, "place_type": "County 縣", "place_name": "清源", "country": "China", "province": "Shanxi" }, "geometry": { "type": "Point", "coordinates": [ 112.34, 37.6 ] } },
{ "type": "Feature", "properties": { "location_id": 5979.0, "place_type": "County 縣", "place_name": "清源", "country": "China", "province": "Shanxi" }, "geometry": { "type": "Point", "coordinates": [ 112.34, 37.6 ] } },
{ "type": "Feature", "properties": { "location_id": 5992.0, "place_type": "City 市", "place_name": "獲鹿", "country": "China", "province": "Shanxi" }, "geometry": { "type": "Point", "coordinates": [ 114.32, 38.09 ] } },
{ "type": "Feature", "properties": { "location_id": 5992.0, "place_type": "City 市", "place_name": "獲鹿", "country": "China", "province": "Shanxi" }, "geometry": { "type": "Point", "coordinates": [ 114.32, 38.09 ] } },
{ "type": "Feature", "properties": { "location_id": 5996.0, "place_type": "District 區", "place_name": "增城", "country": "China", "province": "Guangdong" }, "geometry": { "type": "Point", "coordinates": [ 113.81, 23.26 ] } },
{ "type": "Feature", "properties": { "location_id": 5996.0, "place_type": "District 區", "place_name": "增城", "country": "China", "province": "Guangdong" }, "geometry": { "type": "Point", "coordinates": [ 113.81, 23.26 ] } },
{ "type": "Feature", "properties": { "location_id": 6003.0, "place_type": "City 市", "place_name": "包頭", "country": "China", "province": "Suiyuan" }, "geometry": { "type": "Point", "coordinates": [ 109.84, 40.66 ] } },
{ "type": "Feature", "properties": { "location_id": 6003.0, "place_type": "City 市", "place_name": "包頭", "country": "China", "province": "Suiyuan" }, "geometry": { "type": "Point", "coordinates": [ 109.84, 40.66 ] } },
{ "type": "Feature", "properties": { "location_id": 6006.0, "place_type": "County 縣", "place_name": "昭平", "country": "China", "province": "Guangxi" }, "geometry": { "type": "Point", "coordinates": [ 110.8, 24.17 ] } },
{ "type": "Feature", "properties": { "location_id": 6006.0, "place_type": "County 縣", "place_name": "昭平", "country": "China", "province": "Guangxi" }, "geometry": { "type": "Point", "coordinates": [ 110.8, 24.17 ] } },
{ "type": "Feature", "properties": { "location_id": 6015.0, "place_type": "District 區", "place_name": "郾城", "country": "China", "province": "Henan" }, "geometry": { "type": "Point", "coordinates": [ 114.01, 33.59 ] } },
{ "type": "Feature", "properties": { "location_id": 6015.0, "place_type": "District 區", "place_name": "郾城", "country": "China", "province": "Henan" }, "geometry": { "type": "Point", "coordinates": [ 114.01, 33.59 ] } },
{ "type": "Feature", "properties": { "location_id": 6041.0, "place_type": "City 市", "place_name": "麻城", "country": "China", "province": "Hubei" }, "geometry": { "type": "Point", "coordinates": [ 115.01, 31.17 ] } },
{ "type": "Feature", "properties": { "location_id": 6041.0, "place_type": "City 市", "place_name": "麻城", "country": "China", "province": "Hubei" }, "geometry": { "type": "Point", "coordinates": [ 115.01, 31.17 ] } },
{ "type": "Feature", "properties": { "location_id": 6058.0, "place_type": "City 市", "place_name": "神戶", "country": "Japan", "province": "abroad" }, "geometry": { "type": "Point", "coordinates": [ 135.19, 34.68 ] } },
{ "type": "Feature", "properties": { "location_id": 6080.0, "place_type": "County 縣", "place_name": "陵川", "country": "China", "province": "Shanxi" }, "geometry": { "type": "Point", "coordinates": [ 113.28, 35.78 ] } },
{ "type": "Feature", "properties": { "location_id": 6080.0, "place_type": "County 縣", "place_name": "陵川", "country": "China", "province": "Shanxi" }, "geometry": { "type": "Point", "coordinates": [ 113.28, 35.78 ] } },
{ "type": "Feature", "properties": { "location_id": 6090.0, "place_type": "County 縣", "place_name": "Huaining 懷寧", "country": "China", "province": "Anhui" }, "geometry": { "type": "Point", "coordinates": [ 116.84, 30.73 ] } },
{ "type": "Feature", "properties": { "location_id": 6090.0, "place_type": "County 縣", "place_name": "Huaining 懷寧", "country": "China", "province": "Anhui" }, "geometry": { "type": "Point", "coordinates": [ 116.84, 30.73 ] } },
{ "type": "Feature", "properties": { "location_id": 6103.0, "place_type": "City 市", "place_name": "Toulouse", "country": "France", "province": "abroad" }, "geometry": { "type": "Point", "coordinates": [ 1.44, 43.61 ] } },
{ "type": "Feature", "properties": { "location_id": 6108.0, "place_type": "County 縣", "place_name": "昌樂", "country": "China", "province": "Shandong" }, "geometry": { "type": "Point", "coordinates": [ 118.83, 36.7 ] } },
{ "type": "Feature", "properties": { "location_id": 6108.0, "place_type": "County 縣", "place_name": "昌樂", "country": "China", "province": "Shandong" }, "geometry": { "type": "Point", "coordinates": [ 118.83, 36.7 ] } },
{ "type": "Feature", "properties": { "location_id": 6151.0, "place_type": "City 市", "place_name": "資興", "country": "China", "province": "Hunan" }, "geometry": { "type": "Point", "coordinates": [ 113.23, 25.99 ] } },
{ "type": "Feature", "properties": { "location_id": 6151.0, "place_type": "City 市", "place_name": "資興", "country": "China", "province": "Hunan" }, "geometry": { "type": "Point", "coordinates": [ 113.23, 25.99 ] } },
{ "type": "Feature", "properties": { "location_id": 6162.0, "place_type": "County 縣", "place_name": "盧龍", "country": "China", "province": "Hebei" }, "geometry": { "type": "Point", "coordinates": [ 118.89, 39.89 ] } },
{ "type": "Feature", "properties": { "location_id": 6162.0, "place_type": "County 縣", "place_name": "盧龍", "country": "China", "province": "Hebei" }, "geometry": { "type": "Point", "coordinates": [ 118.89, 39.89 ] } },
{ "type": "Feature", "properties": { "location_id": 6165.0, "place_type": "County 縣", "place_name": "鳳陽", "country": "China", "province": "Anhui" }, "geometry": { "type": "Point", "coordinates": [ 117.51, 32.88 ] } },
{ "type": "Feature", "properties": { "location_id": 6165.0, "place_type": "County 縣", "place_name": "鳳陽", "country": "China", "province": "Anhui" }, "geometry": { "type": "Point", "coordinates": [ 117.51, 32.88 ] } },
{ "type": "Feature", "properties": { "location_id": 6169.0, "place_type": "County 縣", "place_name": "寧海", "country": "China", "province": "Zhejiang" }, "geometry": { "type": "Point", "coordinates": [ 121.43, 29.29 ] } },
{ "type": "Feature", "properties": { "location_id": 6169.0, "place_type": "County 縣", "place_name": "寧海", "country": "China", "province": "Zhejiang" }, "geometry": { "type": "Point", "coordinates": [ 121.43, 29.29 ] } },
{ "type": "Feature", "properties": { "location_id": 6175.0, "place_type": "District 區", "place_name": "臨潼", "country": "China", "province": "Shaanxi" }, "geometry": { "type": "Point", "coordinates": [ 109.22, 34.37 ] } },
{ "type": "Feature", "properties": { "location_id": 6175.0, "place_type": "District 區", "place_name": "臨潼", "country": "China", "province": "Shaanxi" }, "geometry": { "type": "Point", "coordinates": [ 109.22, 34.37 ] } },
{ "type": "Feature", "properties": { "location_id": 6188.0, "place_type": "County 縣", "place_name": "單縣", "country": "China", "province": "Shandong" }, "geometry": { "type": "Point", "coordinates": [ 116.11, 34.78 ] } },
{ "type": "Feature", "properties": { "location_id": 6188.0, "place_type": "County 縣", "place_name": "單縣", "country": "China", "province": "Shandong" }, "geometry": { "type": "Point", "coordinates": [ 116.11, 34.78 ] } },
{ "type": "Feature", "properties": { "location_id": 6205.0, "place_type": "City 市", "place_name": "高明", "country": "China", "province": "Guangdong" }, "geometry": { "type": "Point", "coordinates": [ 112.9, 22.9 ] } },
{ "type": "Feature", "properties": { "location_id": 6205.0, "place_type": "City 市", "place_name": "高明", "country": "China", "province": "Guangdong" }, "geometry": { "type": "Point", "coordinates": [ 112.9, 22.9 ] } },
{ "type": "Feature", "properties": { "location_id": 6256.0, "place_type": "County 縣", "place_name": "稷山", "country": "China", "province": "Shanxi" }, "geometry": { "type": "Point", "coordinates": [ 110.99, 35.6 ] } },
{ "type": "Feature", "properties": { "location_id": 6256.0, "place_type": "County 縣", "place_name": "稷山", "country": "China", "province": "Shanxi" }, "geometry": { "type": "Point", "coordinates": [ 110.99, 35.6 ] } },
{ "type": "Feature", "properties": { "location_id": 6296.0, "place_type": "City 市", "place_name": "商城", "country": "China", "province": "Hubei" }, "geometry": { "type": "Point", "coordinates": [ 115.42, 31.79 ] } },
{ "type": "Feature", "properties": { "location_id": 6296.0, "place_type": "City 市", "place_name": "商城", "country": "China", "province": "Hubei" }, "geometry": { "type": "Point", "coordinates": [ 115.42, 31.79 ] } },
{ "type": "Feature", "properties": { "location_id": 6318.0, "place_type": "City 市", "place_name": "Turin", "country": "Italy", "province": "abroad" }, "geometry": { "type": "Point", "coordinates": [ 7.69, 45.07 ] } },
{ "type": "Feature", "properties": { "location_id": 6341.0, "place_type": "County 縣", "place_name": "靜海", "country": "China", "province": "Hebei" }, "geometry": { "type": "Point", "coordinates": [ 116.97, 38.95 ] } },
{ "type": "Feature", "properties": { "location_id": 6341.0, "place_type": "County 縣", "place_name": "靜海", "country": "China", "province": "Hebei" }, "geometry": { "type": "Point", "coordinates": [ 116.97, 38.95 ] } },
{ "type": "Feature", "properties": { "location_id": 6365.0, "place_type": "County 縣", "place_name": "北川", "country": "China", "province": "Sichuan" }, "geometry": { "type": "Point", "coordinates": [ 104.47, 31.62 ] } },
{ "type": "Feature", "properties": { "location_id": 6365.0, "place_type": "County 縣", "place_name": "北川", "country": "China", "province": "Sichuan" }, "geometry": { "type": "Point", "coordinates": [ 104.47, 31.62 ] } },
{ "type": "Feature", "properties": { "location_id": 6394.0, "place_type": "City 市", "place_name": "泉州", "country": "China", "province": "Fujian" }, "geometry": { "type": "Point", "coordinates": [ 118.67, 24.87 ] } },
{ "type": "Feature", "properties": { "location_id": 6394.0, "place_type": "City 市", "place_name": "泉州", "country": "China", "province": "Fujian" }, "geometry": { "type": "Point", "coordinates": [ 118.67, 24.87 ] } },
{ "type": "Feature", "properties": { "location_id": 6439.0, "place_type": "County 縣", "place_name": "汝南", "country": "China", "province": "Henan" }, "geometry": { "type": "Point", "coordinates": [ 114.36, 33.02 ] } },
{ "type": "Feature", "properties": { "location_id": 6439.0, "place_type": "County 縣", "place_name": "汝南", "country": "China", "province": "Henan" }, "geometry": { "type": "Point", "coordinates": [ 114.36, 33.02 ] } },
{ "type": "Feature", "properties": { "location_id": 6444.0, "place_type": "District 區", "place_name": "李河", "country": "China", "province": "Henan" }, "geometry": { "type": "Point", "coordinates": [ 112.8, 32.55 ] } },
{ "type": "Feature", "properties": { "location_id": 6444.0, "place_type": "District 區", "place_name": "李河", "country": "China", "province": "Henan" }, "geometry": { "type": "Point", "coordinates": [ 112.8, 32.55 ] } },
{ "type": "Feature", "properties": { "location_id": 6460.0, "place_type": "District 區", "place_name": "淮陰", "country": "China", "province": "Jiangsu" }, "geometry": { "type": "Point", "coordinates": [ 119.11, 33.55 ] } },
{ "type": "Feature", "properties": { "location_id": 6460.0, "place_type": "District 區", "place_name": "淮陰", "country": "China", "province": "Jiangsu" }, "geometry": { "type": "Point", "coordinates": [ 119.11, 33.55 ] } },
{ "type": "Feature", "properties": { "location_id": 6468.0, "place_type": "City 市", "place_name": "Poitiers", "country": "France", "province": "abroad" }, "geometry": { "type": "Point", "coordinates": [ 0.35, 46.59 ] } },
{ "type": "Feature", "properties": { "location_id": 6488.0, "place_type": "County 縣", "place_name": "竹山", "country": "China", "province": "Hubei" }, "geometry": { "type": "Point", "coordinates": [ 110.23, 32.23 ] } },
{ "type": "Feature", "properties": { "location_id": 6488.0, "place_type": "County 縣", "place_name": "竹山", "country": "China", "province": "Hubei" }, "geometry": { "type": "Point", "coordinates": [ 110.23, 32.23 ] } },
{ "type": "Feature", "properties": { "location_id": 6494.0, "place_type": "City 市", "place_name": "老河口", "country": "China", "province": "Hubei" }, "geometry": { "type": "Point", "coordinates": [ 111.68, 32.36 ] } },
{ "type": "Feature", "properties": { "location_id": 6494.0, "place_type": "City 市", "place_name": "老河口", "country": "China", "province": "Hubei" }, "geometry": { "type": "Point", "coordinates": [ 111.68, 32.36 ] } },
{ "type": "Feature", "properties": { "location_id": 6556.0, "place_type": "City 市", "place_name": "湘鄉", "country": "China", "province": "Hunan" }, "geometry": { "type": "Point", "coordinates": [ 112.55, 27.72 ] } },
{ "type": "Feature", "properties": { "location_id": 6556.0, "place_type": "City 市", "place_name": "湘鄉", "country": "China", "province": "Hunan" }, "geometry": { "type": "Point", "coordinates": [ 112.55, 27.72 ] } },
{ "type": "Feature", "properties": { "location_id": 6572.0, "place_type": "County 縣", "place_name": "大庾", "country": "China", "province": "Jiangxi" }, "geometry": { "type": "Point", "coordinates": [ 114.37, 25.41 ] } },
{ "type": "Feature", "properties": { "location_id": 6572.0, "place_type": "County 縣", "place_name": "大庾", "country": "China", "province": "Jiangxi" }, "geometry": { "type": "Point", "coordinates": [ 114.37, 25.41 ] } },
{ "type": "Feature", "properties": { "location_id": 6617.0, "place_type": "County 縣", "place_name": "Yuyao 餘姚", "country": "China", "province": "Zhejiang" }, "geometry": { "type": "Point", "coordinates": [ 121.15, 30.05 ] } },
{ "type": "Feature", "properties": { "location_id": 6617.0, "place_type": "County 縣", "place_name": "Yuyao 餘姚", "country": "China", "province": "Zhejiang" }, "geometry": { "type": "Point", "coordinates": [ 121.15, 30.05 ] } },
{ "type": "Feature", "properties": { "location_id": 6629.0, "place_type": "County 縣", "place_name": "霑化", "country": "China", "province": "Shandong" }, "geometry": { "type": "Point", "coordinates": [ 118.09, 37.7 ] } },
{ "type": "Feature", "properties": { "location_id": 6629.0, "place_type": "County 縣", "place_name": "霑化", "country": "China", "province": "Shandong" }, "geometry": { "type": "Point", "coordinates": [ 118.09, 37.7 ] } },
{ "type": "Feature", "properties": { "location_id": 6673.0, "place_type": "County 縣", "place_name": "泰安", "country": "China", "province": "Shandong" }, "geometry": { "type": "Point", "coordinates": [ 117.08, 36.2 ] } },
{ "type": "Feature", "properties": { "location_id": 6673.0, "place_type": "County 縣", "place_name": "泰安", "country": "China", "province": "Shandong" }, "geometry": { "type": "Point", "coordinates": [ 117.08, 36.2 ] } },
{ "type": "Feature", "properties": { "location_id": 6678.0, "place_type": "District 區", "place_name": "文登", "country": "China", "province": "Shandong" }, "geometry": { "type": "Point", "coordinates": [ 122.05, 37.2 ] } },
{ "type": "Feature", "properties": { "location_id": 6678.0, "place_type": "District 區", "place_name": "文登", "country": "China", "province": "Shandong" }, "geometry": { "type": "Point", "coordinates": [ 122.05, 37.2 ] } },
{ "type": "Feature", "properties": { "location_id": 6698.0, "place_type": "County 縣", "place_name": "雲夢", "country": "China", "province": "Hubei" }, "geometry": { "type": "Point", "coordinates": [ 113.76, 31.03 ] } },
{ "type": "Feature", "properties": { "location_id": 6698.0, "place_type": "County 縣", "place_name": "雲夢", "country": "China", "province": "Hubei" }, "geometry": { "type": "Point", "coordinates": [ 113.76, 31.03 ] } },
{ "type": "Feature", "properties": { "location_id": 6701.0, "place_type": "City 市", "place_name": "揭陽", "country": "China", "province": "Guangdong" }, "geometry": { "type": "Point", "coordinates": [ 116.37, 23.55 ] } },
{ "type": "Feature", "properties": { "location_id": 6701.0, "place_type": "City 市", "place_name": "揭陽", "country": "China", "province": "Guangdong" }, "geometry": { "type": "Point", "coordinates": [ 116.37, 23.55 ] } },
{ "type": "Feature", "properties": { "location_id": 6721.0, "place_type": "District 區", "place_name": "長安", "country": "China", "province": "Shaanxi" }, "geometry": { "type": "Point", "coordinates": [ 108.91, 34.16 ] } },
{ "type": "Feature", "properties": { "location_id": 6721.0, "place_type": "District 區", "place_name": "長安", "country": "China", "province": "Shaanxi" }, "geometry": { "type": "Point", "coordinates": [ 108.91, 34.16 ] } },
{ "type": "Feature", "properties": { "location_id": 6736.0, "place_type": "County 縣", "place_name": "濱海", "country": "China", "province": "Jiangsu" }, "geometry": { "type": "Point", "coordinates": [ 119.81, 33.99 ] } },
{ "type": "Feature", "properties": { "location_id": 6736.0, "place_type": "County 縣", "place_name": "濱海", "country": "China", "province": "Jiangsu" }, "geometry": { "type": "Point", "coordinates": [ 119.81, 33.99 ] } },
{ "type": "Feature", "properties": { "location_id": 6797.0, "place_type": "County 縣", "place_name": "臨渝", "country": "China", "province": "Hebei" }, "geometry": { "type": "Point", "coordinates": [ 119.76, 40.0 ] } },
{ "type": "Feature", "properties": { "location_id": 6797.0, "place_type": "County 縣", "place_name": "臨渝", "country": "China", "province": "Hebei" }, "geometry": { "type": "Point", "coordinates": [ 119.76, 40.0 ] } },
{ "type": "Feature", "properties": { "location_id": 6828.0, "place_type": "County 縣", "place_name": "皖淮", "country": "China", "province": "Anhui" }, "geometry": { "type": "Point", "coordinates": [ 116.77, 32.59 ] } },
{ "type": "Feature", "properties": { "location_id": 6828.0, "place_type": "County 縣", "place_name": "皖淮", "country": "China", "province": "Anhui" }, "geometry": { "type": "Point", "coordinates": [ 116.77, 32.59 ] } },
{ "type": "Feature", "properties": { "location_id": 6839.0, "place_type": "County 縣", "place_name": "法庫", "country": "China", "province": "Liaoning" }, "geometry": { "type": "Point", "coordinates": [ 123.42, 42.49 ] } },
{ "type": "Feature", "properties": { "location_id": 6839.0, "place_type": "County 縣", "place_name": "法庫", "country": "China", "province": "Liaoning" }, "geometry": { "type": "Point", "coordinates": [ 123.42, 42.49 ] } },
{ "type": "Feature", "properties": { "location_id": 6849.0, "place_type": "Town 鎮", "place_name": "一平浪", "country": "China", "province": "Yunnan" }, "geometry": { "type": "Point", "coordinates": [ 101.9, 25.16 ] } },
{ "type": "Feature", "properties": { "location_id": 6849.0, "place_type": "Town 鎮", "place_name": "一平浪", "country": "China", "province": "Yunnan" }, "geometry": { "type": "Point", "coordinates": [ 101.9, 25.16 ] } },
{ "type": "Feature", "properties": { "location_id": 6853.0, "place_type": "County 縣", "place_name": "普定", "country": "China", "province": "Guizhou" }, "geometry": { "type": "Point", "coordinates": [ 105.73, 26.31 ] } },
{ "type": "Feature", "properties": { "location_id": 6853.0, "place_type": "County 縣", "place_name": "普定", "country": "China", "province": "Guizhou" }, "geometry": { "type": "Point", "coordinates": [ 105.73, 26.31 ] } },
{ "type": "Feature", "properties": { "location_id": 6904.0, "place_type": "County 縣", "place_name": "霍縣", "country": "China", "province": "Shanxi" }, "geometry": { "type": "Point", "coordinates": [ 111.75, 36.57 ] } },
{ "type": "Feature", "properties": { "location_id": 6904.0, "place_type": "County 縣", "place_name": "霍縣", "country": "China", "province": "Shanxi" }, "geometry": { "type": "Point", "coordinates": [ 111.75, 36.57 ] } },
{ "type": "Feature", "properties": { "location_id": 6917.0, "place_type": "County 縣", "place_name": "進賢", "country": "China", "province": "Jiangxi" }, "geometry": { "type": "Point", "coordinates": [ 116.24, 28.38 ] } },
{ "type": "Feature", "properties": { "location_id": 6917.0, "place_type": "County 縣", "place_name": "進賢", "country": "China", "province": "Jiangxi" }, "geometry": { "type": "Point", "coordinates": [ 116.24, 28.38 ] } },
{ "type": "Feature", "properties": { "location_id": 6947.0, "place_type": "City 市", "place_name": "Yantai 煙台 (烟台)", "country": "China", "province": "Shandong" }, "geometry": { "type": "Point", "coordinates": [ 121.45, 37.47 ] } },
{ "type": "Feature", "properties": { "location_id": 6947.0, "place_type": "City 市", "place_name": "Yantai 煙台 (烟台)", "country": "China", "province": "Shandong" }, "geometry": { "type": "Point", "coordinates": [ 121.45, 37.47 ] } },
{ "type": "Feature", "properties": { "location_id": 6961.0, "place_type": "County 縣", "place_name": "瀘縣", "country": "China", "province": "Sichuan" }, "geometry": { "type": "Point", "coordinates": [ 105.38, 29.15 ] } },
{ "type": "Feature", "properties": { "location_id": 6961.0, "place_type": "County 縣", "place_name": "瀘縣", "country": "China", "province": "Sichuan" }, "geometry": { "type": "Point", "coordinates": [ 105.38, 29.15 ] } },
{ "type": "Feature", "properties": { "location_id": 6965.0, "place_type": "City 市", "place_name": "韓城", "country": "China", "province": "Shaanxi" }, "geometry": { "type": "Point", "coordinates": [ 110.44, 35.48 ] } },
{ "type": "Feature", "properties": { "location_id": 6965.0, "place_type": "City 市", "place_name": "韓城", "country": "China", "province": "Shaanxi" }, "geometry": { "type": "Point", "coordinates": [ 110.44, 35.48 ] } },
{ "type": "Feature", "properties": { "location_id": 6968.0, "place_type": "County 縣", "place_name": "營山", "country": "China", "province": "Sichuan" }, "geometry": { "type": "Point", "coordinates": [ 106.56, 31.08 ] } },
{ "type": "Feature", "properties": { "location_id": 6968.0, "place_type": "County 縣", "place_name": "營山", "country": "China", "province": "Sichuan" }, "geometry": { "type": "Point", "coordinates": [ 106.56, 31.08 ] } },
{ "type": "Feature", "properties": { "location_id": 6972.0, "place_type": "County 縣", "place_name": "石門", "country": "China", "province": "Hunan" }, "geometry": { "type": "Point", "coordinates": [ 111.38, 29.59 ] } },
{ "type": "Feature", "properties": { "location_id": 6972.0, "place_type": "County 縣", "place_name": "石門", "country": "China", "province": "Hunan" }, "geometry": { "type": "Point", "coordinates": [ 111.38, 29.59 ] } },
{ "type": "Feature", "properties": { "location_id": 6978.0, "place_type": "City 市", "place_name": "Sendai", "country": "Japan", "province": "abroad" }, "geometry": { "type": "Point", "coordinates": [ 140.87, 38.27 ] } },
{ "type": "Feature", "properties": { "location_id": 7006.0, "place_type": "City 市", "place_name": "Heshan 鶴山", "country": "China", "province": "Guangdong" }, "geometry": { "type": "Point", "coordinates": [ 112.96, 22.77 ] } },
{ "type": "Feature", "properties": { "location_id": 7006.0, "place_type": "City 市", "place_name": "Heshan 鶴山", "country": "China", "province": "Guangdong" }, "geometry": { "type": "Point", "coordinates": [ 112.96, 22.77 ] } },
{ "type": "Feature", "properties": { "location_id": 7009.0, "place_type": "City 市", "place_name": "萬寧", "country": "China", "province": "Guangdong" }, "geometry": { "type": "Point", "coordinates": [ 110.39, 18.79 ] } },
{ "type": "Feature", "properties": { "location_id": 7009.0, "place_type": "City 市", "place_name": "萬寧", "country": "China", "province": "Guangdong" }, "geometry": { "type": "Point", "coordinates": [ 110.39, 18.79 ] } },
{ "type": "Feature", "properties": { "location_id": 7011.0, "place_type": "County 縣", "place_name": "萬載", "country": "China", "province": "Jiangxi" }, "geometry": { "type": "Point", "coordinates": [ 114.44, 28.1 ] } },
{ "type": "Feature", "properties": { "location_id": 7011.0, "place_type": "County 縣", "place_name": "萬載", "country": "China", "province": "Jiangxi" }, "geometry": { "type": "Point", "coordinates": [ 114.44, 28.1 ] } },
{ "type": "Feature", "properties": { "location_id": 7045.0, "place_type": "District 區", "place_name": "瓊山", "country": "China", "province": "Guangdong" }, "geometry": { "type": "Point", "coordinates": [ 110.36, 20.0 ] } },
{ "type": "Feature", "properties": { "location_id": 7045.0, "place_type": "District 區", "place_name": "瓊山", "country": "China", "province": "Guangdong" }, "geometry": { "type": "Point", "coordinates": [ 110.36, 20.0 ] } },
{ "type": "Feature", "properties": { "location_id": 7050.0, "place_type": "City 市", "place_name": "宿遷", "country": "China", "province": "Jiangsu" }, "geometry": { "type": "Point", "coordinates": [ 118.28, 33.96 ] } },
{ "type": "Feature", "properties": { "location_id": 7050.0, "place_type": "City 市", "place_name": "宿遷", "country": "China", "province": "Jiangsu" }, "geometry": { "type": "Point", "coordinates": [ 118.28, 33.96 ] } },
{ "type": "Feature", "properties": { "location_id": 7055.0, "place_type": "County 縣", "place_name": "Shulu Xinji 束鹿 (辛集)", "country": "China", "province": "Hebei" }, "geometry": { "type": "Point", "coordinates": [ 115.2, 37.93 ] } },
{ "type": "Feature", "properties": { "location_id": 7055.0, "place_type": "County 縣", "place_name": "Shulu Xinji 束鹿 (辛集)", "country": "China", "province": "Hebei" }, "geometry": { "type": "Point", "coordinates": [ 115.2, 37.93 ] } },
{ "type": "Feature", "properties": { "location_id": 7058.0, "place_type": "County 縣", "place_name": "建始", "country": "China", "province": "Hubei" }, "geometry": { "type": "Point", "coordinates": [ 109.72, 30.61 ] } },
{ "type": "Feature", "properties": { "location_id": 7058.0, "place_type": "County 縣", "place_name": "建始", "country": "China", "province": "Hubei" }, "geometry": { "type": "Point", "coordinates": [ 109.72, 30.61 ] } },
{ "type": "Feature", "properties": { "location_id": 7071.0, "place_type": "City 市", "place_name": "晉江", "country": "China", "province": "Fujian" }, "geometry": { "type": "Point", "coordinates": [ 118.55, 24.78 ] } },
{ "type": "Feature", "properties": { "location_id": 7071.0, "place_type": "City 市", "place_name": "晉江", "country": "China", "province": "Fujian" }, "geometry": { "type": "Point", "coordinates": [ 118.55, 24.78 ] } },
{ "type": "Feature", "properties": { "location_id": 7085.0, "place_type": "County 縣", "place_name": "中江", "country": "China", "province": "Sichuan" }, "geometry": { "type": "Point", "coordinates": [ 104.67, 31.04 ] } },
{ "type": "Feature", "properties": { "location_id": 7085.0, "place_type": "County 縣", "place_name": "中江", "country": "China", "province": "Sichuan" }, "geometry": { "type": "Point", "coordinates": [ 104.67, 31.04 ] } },
{ "type": "Feature", "properties": { "location_id": 7094.0, "place_type": "County 縣", "place_name": "黃安", "country": "China", "province": "Hubei" }, "geometry": { "type": "Point", "coordinates": [ 114.58, 31.28 ] } },
{ "type": "Feature", "properties": { "location_id": 7094.0, "place_type": "County 縣", "place_name": "黃安", "country": "China", "province": "Hubei" }, "geometry": { "type": "Point", "coordinates": [ 114.58, 31.28 ] } },
{ "type": "Feature", "properties": { "location_id": 7100.0, "place_type": "County 縣", "place_name": "齊河", "country": "China", "province": "Shandong" }, "geometry": { "type": "Point", "coordinates": [ 116.75, 36.8 ] } },
{ "type": "Feature", "properties": { "location_id": 7100.0, "place_type": "County 縣", "place_name": "齊河", "country": "China", "province": "Shandong" }, "geometry": { "type": "Point", "coordinates": [ 116.75, 36.8 ] } },
{ "type": "Feature", "properties": { "location_id": 7114.0, "place_type": "County 縣", "place_name": "陽武", "country": "China", "province": "Henan" }, "geometry": { "type": "Point", "coordinates": [ 113.97, 35.05 ] } },
{ "type": "Feature", "properties": { "location_id": 7114.0, "place_type": "County 縣", "place_name": "陽武", "country": "China", "province": "Henan" }, "geometry": { "type": "Point", "coordinates": [ 113.97, 35.05 ] } },
{ "type": "Feature", "properties": { "location_id": 7160.0, "place_type": "District 區", "place_name": "天河", "country": "China", "province": "Guangdong" }, "geometry": { "type": "Point", "coordinates": [ 113.36, 23.12 ] } },
{ "type": "Feature", "properties": { "location_id": 7160.0, "place_type": "District 區", "place_name": "天河", "country": "China", "province": "Guangdong" }, "geometry": { "type": "Point", "coordinates": [ 113.36, 23.12 ] } },
{ "type": "Feature", "properties": { "location_id": 7174.0, "place_type": "County 縣", "place_name": "漢壽", "country": "China", "province": "Hunan" }, "geometry": { "type": "Point", "coordinates": [ 111.95, 28.9 ] } },
{ "type": "Feature", "properties": { "location_id": 7174.0, "place_type": "County 縣", "place_name": "漢壽", "country": "China", "province": "Hunan" }, "geometry": { "type": "Point", "coordinates": [ 111.95, 28.9 ] } },
{ "type": "Feature", "properties": { "location_id": 7178.0, "place_type": "City 市", "place_name": "銅仁", "country": "China", "province": "Guizhou" }, "geometry": { "type": "Point", "coordinates": [ 109.18, 27.72 ] } },
{ "type": "Feature", "properties": { "location_id": 7178.0, "place_type": "City 市", "place_name": "銅仁", "country": "China", "province": "Guizhou" }, "geometry": { "type": "Point", "coordinates": [ 109.18, 27.72 ] } },
{ "type": "Feature", "properties": { "location_id": 7193.0, "place_type": "County 縣", "place_name": "慶雲", "country": "China", "province": "Hebei" }, "geometry": { "type": "Point", "coordinates": [ 117.38, 37.79 ] } },
{ "type": "Feature", "properties": { "location_id": 7193.0, "place_type": "County 縣", "place_name": "慶雲", "country": "China", "province": "Hebei" }, "geometry": { "type": "Point", "coordinates": [ 117.38, 37.79 ] } },
{ "type": "Feature", "properties": { "location_id": 7212.0, "place_type": "District 區", "place_name": "Wusong 吳淞", "country": "China", "province": "Jiangsu" }, "geometry": { "type": "Point", "coordinates": [ 121.49, 31.37 ] } },
{ "type": "Feature", "properties": { "location_id": 7212.0, "place_type": "District 區", "place_name": "Wusong 吳淞", "country": "China", "province": "Jiangsu" }, "geometry": { "type": "Point", "coordinates": [ 121.49, 31.37 ] } },
{ "type": "Feature", "properties": { "location_id": 7296.0, "place_type": "County 縣", "place_name": "蕉嶺", "country": "China", "province": "Guangdong" }, "geometry": { "type": "Point", "coordinates": [ 116.16, 24.67 ] } },
{ "type": "Feature", "properties": { "location_id": 7296.0, "place_type": "County 縣", "place_name": "蕉嶺", "country": "China", "province": "Guangdong" }, "geometry": { "type": "Point", "coordinates": [ 116.16, 24.67 ] } },
{ "type": "Feature", "properties": { "location_id": 7306.0, "place_type": "County 縣", "place_name": "睢縣", "country": "China", "province": "Henan" }, "geometry": { "type": "Point", "coordinates": [ 115.06, 34.43 ] } },
{ "type": "Feature", "properties": { "location_id": 7306.0, "place_type": "County 縣", "place_name": "睢縣", "country": "China", "province": "Henan" }, "geometry": { "type": "Point", "coordinates": [ 115.06, 34.43 ] } },
{ "type": "Feature", "properties": { "location_id": 7331.0, "place_type": "County 縣", "place_name": "犍爲", "country": "China", "province": "Sichuan" }, "geometry": { "type": "Point", "coordinates": [ 103.95, 29.21 ] } },
{ "type": "Feature", "properties": { "location_id": 7331.0, "place_type": "County 縣", "place_name": "犍爲", "country": "China", "province": "Sichuan" }, "geometry": { "type": "Point", "coordinates": [ 103.95, 29.21 ] } },
{ "type": "Feature", "properties": { "location_id": 7343.0, "place_type": "County 縣", "place_name": "騰越", "country": "China", "province": "Yunnan" }, "geometry": { "type": "Point", "coordinates": [ 98.48, 25.03 ] } },
{ "type": "Feature", "properties": { "location_id": 7343.0, "place_type": "County 縣", "place_name": "騰越", "country": "China", "province": "Yunnan" }, "geometry": { "type": "Point", "coordinates": [ 98.48, 25.03 ] } },
{ "type": "Feature", "properties": { "location_id": 7347.0, "place_type": "District 區", "place_name": "臨淄", "country": "China", "province": "Shandong" }, "geometry": { "type": "Point", "coordinates": [ 118.3, 36.82 ] } },
{ "type": "Feature", "properties": { "location_id": 7347.0, "place_type": "District 區", "place_name": "臨淄", "country": "China", "province": "Shandong" }, "geometry": { "type": "Point", "coordinates": [ 118.3, 36.82 ] } },
{ "type": "Feature", "properties": { "location_id": 7356.0, "place_type": "District 區", "place_name": "澄海", "country": "China", "province": "Guangdong" }, "geometry": { "type": "Point", "coordinates": [ 116.76, 23.47 ] } },
{ "type": "Feature", "properties": { "location_id": 7356.0, "place_type": "District 區", "place_name": "澄海", "country": "China", "province": "Guangdong" }, "geometry": { "type": "Point", "coordinates": [ 116.76, 23.47 ] } },
{ "type": "Feature", "properties": { "location_id": 7398.0, "place_type": "District 區", "place_name": "丹徒", "country": "China", "province": "Jiangsu" }, "geometry": { "type": "Point", "coordinates": [ 119.43, 32.14 ] } },
{ "type": "Feature", "properties": { "location_id": 7398.0, "place_type": "District 區", "place_name": "丹徒", "country": "China", "province": "Jiangsu" }, "geometry": { "type": "Point", "coordinates": [ 119.43, 32.14 ] } },
{ "type": "Feature", "properties": { "location_id": 7469.0, "place_type": "City 市", "place_name": "Roanoke", "country": "USA", "province": "abroad" }, "geometry": { "type": "Point", "coordinates": [ -79.94, 37.27 ] } },
{ "type": "Feature", "properties": { "location_id": 7484.0, "place_type": "County 縣", "place_name": "Hongtong 洪洞", "country": "China", "province": "Shanxi" }, "geometry": { "type": "Point", "coordinates": [ 111.67, 36.26 ] } },
{ "type": "Feature", "properties": { "location_id": 7484.0, "place_type": "County 縣", "place_name": "Hongtong 洪洞", "country": "China", "province": "Shanxi" }, "geometry": { "type": "Point", "coordinates": [ 111.67, 36.26 ] } },
{ "type": "Feature", "properties": { "location_id": 7491.0, "place_type": "County 縣", "place_name": "涿縣", "country": "China", "province": "Hebei" }, "geometry": { "type": "Point", "coordinates": [ 115.97, 39.49 ] } },
{ "type": "Feature", "properties": { "location_id": 7491.0, "place_type": "County 縣", "place_name": "涿縣", "country": "China", "province": "Hebei" }, "geometry": { "type": "Point", "coordinates": [ 115.97, 39.49 ] } },
{ "type": "Feature", "properties": { "location_id": 7494.0, "place_type": "County 縣", "place_name": "平鄉", "country": "China", "province": "Hebei" }, "geometry": { "type": "Point", "coordinates": [ 115.03, 37.06 ] } },
{ "type": "Feature", "properties": { "location_id": 7494.0, "place_type": "County 縣", "place_name": "平鄉", "country": "China", "province": "Hebei" }, "geometry": { "type": "Point", "coordinates": [ 115.03, 37.06 ] } },
{ "type": "Feature", "properties": { "location_id": 7508.0, "place_type": "County 縣", "place_name": "靜樂", "country": "China", "province": "Shanxi" }, "geometry": { "type": "Point", "coordinates": [ 111.94, 38.36 ] } },
{ "type": "Feature", "properties": { "location_id": 7508.0, "place_type": "County 縣", "place_name": "靜樂", "country": "China", "province": "Shanxi" }, "geometry": { "type": "Point", "coordinates": [ 111.94, 38.36 ] } },
{ "type": "Feature", "properties": { "location_id": 7522.0, "place_type": "County 縣", "place_name": "海康", "country": "China", "province": "Guangdong" }, "geometry": { "type": "Point", "coordinates": [ 110.09, 20.91 ] } },
{ "type": "Feature", "properties": { "location_id": 7522.0, "place_type": "County 縣", "place_name": "海康", "country": "China", "province": "Guangdong" }, "geometry": { "type": "Point", "coordinates": [ 110.09, 20.91 ] } },
{ "type": "Feature", "properties": { "location_id": 7540.0, "place_type": "County 縣", "place_name": "浦城", "country": "China", "province": "Fujian" }, "geometry": { "type": "Point", "coordinates": [ 118.55, 27.91 ] } },
{ "type": "Feature", "properties": { "location_id": 7540.0, "place_type": "County 縣", "place_name": "浦城", "country": "China", "province": "Fujian" }, "geometry": { "type": "Point", "coordinates": [ 118.55, 27.91 ] } },
{ "type": "Feature", "properties": { "location_id": 7590.0, "place_type": "City 市", "place_name": "安陸", "country": "China", "province": "Hubei" }, "geometry": { "type": "Point", "coordinates": [ 113.69, 31.25 ] } },
{ "type": "Feature", "properties": { "location_id": 7590.0, "place_type": "City 市", "place_name": "安陸", "country": "China", "province": "Hubei" }, "geometry": { "type": "Point", "coordinates": [ 113.69, 31.25 ] } },
{ "type": "Feature", "properties": { "location_id": 7611.0, "place_type": "City 市", "place_name": "湘鄕", "country": "China", "province": "Hunan" }, "geometry": { "type": "Point", "coordinates": [ 112.54, 27.74 ] } },
{ "type": "Feature", "properties": { "location_id": 7611.0, "place_type": "City 市", "place_name": "湘鄕", "country": "China", "province": "Hunan" }, "geometry": { "type": "Point", "coordinates": [ 112.54, 27.74 ] } },
{ "type": "Feature", "properties": { "location_id": 7643.0, "place_type": "City 市", "place_name": "Sheffield", "country": "UK", "province": "abroad" }, "geometry": { "type": "Point", "coordinates": [ -1.47, 53.38 ] } },
{ "type": "Feature", "properties": { "location_id": 7669.0, "place_type": "City 市", "place_name": "Fitchburg Paper Co.", "country": "USA", "province": "abroad" }, "geometry": { "type": "Point", "coordinates": [ -71.8, 42.58 ] } },
{ "type": "Feature", "properties": { "location_id": 7703.0, "place_type": "County 縣", "place_name": "Guanyun 灌雲", "country": "China", "province": "Jiangsu" }, "geometry": { "type": "Point", "coordinates": [ 119.24, 34.29 ] } },
{ "type": "Feature", "properties": { "location_id": 7703.0, "place_type": "County 縣", "place_name": "Guanyun 灌雲", "country": "China", "province": "Jiangsu" }, "geometry": { "type": "Point", "coordinates": [ 119.24, 34.29 ] } },
{ "type": "Feature", "properties": { "location_id": 7718.0, "place_type": "County 縣", "place_name": "Xinjian 新建", "country": "China", "province": "Jiangxi" }, "geometry": { "type": "Point", "coordinates": [ 115.81, 28.69 ] } },
{ "type": "Feature", "properties": { "location_id": 7718.0, "place_type": "County 縣", "place_name": "Xinjian 新建", "country": "China", "province": "Jiangxi" }, "geometry": { "type": "Point", "coordinates": [ 115.81, 28.69 ] } },
{ "type": "Feature", "properties": { "location_id": 7722.0, "place_type": "City 市", "place_name": "銅陵", "country": "China", "province": "Anhui" }, "geometry": { "type": "Point", "coordinates": [ 117.81, 30.95 ] } },
{ "type": "Feature", "properties": { "location_id": 7722.0, "place_type": "City 市", "place_name": "銅陵", "country": "China", "province": "Anhui" }, "geometry": { "type": "Point", "coordinates": [ 117.81, 30.95 ] } },
{ "type": "Feature", "properties": { "location_id": 7725.0, "place_type": "County 縣", "place_name": "滁縣", "country": "China", "province": "Anhui" }, "geometry": { "type": "Point", "coordinates": [ 118.33, 32.25 ] } },
{ "type": "Feature", "properties": { "location_id": 7725.0, "place_type": "County 縣", "place_name": "滁縣", "country": "China", "province": "Anhui" }, "geometry": { "type": "Point", "coordinates": [ 118.33, 32.25 ] } },
{ "type": "Feature", "properties": { "location_id": 7746.0, "place_type": "District 區", "place_name": "寶安", "country": "China", "province": "Guangdong" }, "geometry": { "type": "Point", "coordinates": [ 113.88, 22.56 ] } },
{ "type": "Feature", "properties": { "location_id": 7746.0, "place_type": "District 區", "place_name": "寶安", "country": "China", "province": "Guangdong" }, "geometry": { "type": "Point", "coordinates": [ 113.88, 22.56 ] } },
{ "type": "Feature", "properties": { "location_id": 7761.0, "place_type": "City 市", "place_name": "威海", "country": "China", "province": "abroad" }, "geometry": { "type": "Point", "coordinates": [ 122.13, 37.51 ] } },
{ "type": "Feature", "properties": { "location_id": 7777.0, "place_type": "County 縣", "place_name": "岫岩 (岫巖)", "country": "China", "province": "Liaoning" }, "geometry": { "type": "Point", "coordinates": [ 123.29, 40.29 ] } },
{ "type": "Feature", "properties": { "location_id": 7777.0, "place_type": "County 縣", "place_name": "岫岩 (岫巖)", "country": "China", "province": "Liaoning" }, "geometry": { "type": "Point", "coordinates": [ 123.29, 40.29 ] } },
{ "type": "Feature", "properties": { "location_id": 7824.0, "place_type": "City 市", "place_name": "新潟", "country": "Japan", "province": "abroad" }, "geometry": { "type": "Point", "coordinates": [ 139.03, 37.9 ] } },
{ "type": "Feature", "properties": { "location_id": 7830.0, "place_type": "County 縣", "place_name": "酆都", "country": "China", "province": "Sichuan" }, "geometry": { "type": "Point", "coordinates": [ 107.73, 29.86 ] } },
{ "type": "Feature", "properties": { "location_id": 7830.0, "place_type": "County 縣", "place_name": "酆都", "country": "China", "province": "Sichuan" }, "geometry": { "type": "Point", "coordinates": [ 107.73, 29.86 ] } },
{ "type": "Feature", "properties": { "location_id": 7848.0, "place_type": "City 市", "place_name": "Durham", "country": "UK", "province": "abroad" }, "geometry": { "type": "Point", "coordinates": [ -1.58, 54.78 ] } },
{ "type": "Feature", "properties": { "location_id": 7871.0, "place_type": "County 縣", "place_name": "萊陽", "country": "China", "province": "Shandong" }, "geometry": { "type": "Point", "coordinates": [ 120.71, 36.98 ] } },
{ "type": "Feature", "properties": { "location_id": 7871.0, "place_type": "County 縣", "place_name": "萊陽", "country": "China", "province": "Shandong" }, "geometry": { "type": "Point", "coordinates": [ 120.71, 36.98 ] } },
{ "type": "Feature", "properties": { "location_id": 7874.0, "place_type": "City 市", "place_name": "吉林市", "country": "China", "province": "Jilin" }, "geometry": { "type": "Point", "coordinates": [ 126.55, 43.84 ] } },
{ "type": "Feature", "properties": { "location_id": 7874.0, "place_type": "City 市", "place_name": "吉林市", "country": "China", "province": "Jilin" }, "geometry": { "type": "Point", "coordinates": [ 126.55, 43.84 ] } },
{ "type": "Feature", "properties": { "location_id": 7880.0, "place_type": "County 縣", "place_name": "保康縣", "country": "China", "province": "Hubei" }, "geometry": { "type": "Point", "coordinates": [ 111.26, 31.88 ] } },
{ "type": "Feature", "properties": { "location_id": 7880.0, "place_type": "County 縣", "place_name": "保康縣", "country": "China", "province": "Hubei" }, "geometry": { "type": "Point", "coordinates": [ 111.26, 31.88 ] } },
{ "type": "Feature", "properties": { "location_id": 7882.0, "place_type": "City 市", "place_name": "崇安", "country": "China", "province": "Fujian" }, "geometry": { "type": "Point", "coordinates": [ 118.04, 27.76 ] } },
{ "type": "Feature", "properties": { "location_id": 7882.0, "place_type": "City 市", "place_name": "崇安", "country": "China", "province": "Fujian" }, "geometry": { "type": "Point", "coordinates": [ 118.04, 27.76 ] } },
{ "type": "Feature", "properties": { "location_id": 7888.0, "place_type": "County 縣", "place_name": "茶陵", "country": "China", "province": "Hunan" }, "geometry": { "type": "Point", "coordinates": [ 113.54, 26.78 ] } },
{ "type": "Feature", "properties": { "location_id": 7888.0, "place_type": "County 縣", "place_name": "茶陵", "country": "China", "province": "Hunan" }, "geometry": { "type": "Point", "coordinates": [ 113.54, 26.78 ] } },
{ "type": "Feature", "properties": { "location_id": 7900.0, "place_type": "County 縣", "place_name": "連縣", "country": "China", "province": "Guangdong" }, "geometry": { "type": "Point", "coordinates": [ 112.38, 24.78 ] } },
{ "type": "Feature", "properties": { "location_id": 7900.0, "place_type": "County 縣", "place_name": "連縣", "country": "China", "province": "Guangdong" }, "geometry": { "type": "Point", "coordinates": [ 112.38, 24.78 ] } },
{ "type": "Feature", "properties": { "location_id": 7911.0, "place_type": "County 縣", "place_name": "靈石", "country": "China", "province": "Shanxi" }, "geometry": { "type": "Point", "coordinates": [ 111.78, 36.85 ] } },
{ "type": "Feature", "properties": { "location_id": 7911.0, "place_type": "County 縣", "place_name": "靈石", "country": "China", "province": "Shanxi" }, "geometry": { "type": "Point", "coordinates": [ 111.78, 36.85 ] } },
{ "type": "Feature", "properties": { "location_id": 7915.0, "place_type": "County 縣", "place_name": "平遠", "country": "China", "province": "Guangdong" }, "geometry": { "type": "Point", "coordinates": [ 115.89, 24.58 ] } },
{ "type": "Feature", "properties": { "location_id": 7915.0, "place_type": "County 縣", "place_name": "平遠", "country": "China", "province": "Guangdong" }, "geometry": { "type": "Point", "coordinates": [ 115.89, 24.58 ] } },
{ "type": "Feature", "properties": { "location_id": 7932.0, "place_type": "District 區", "place_name": "江海", "country": "China", "province": "Guangdong" }, "geometry": { "type": "Point", "coordinates": [ 113.11, 22.56 ] } },
{ "type": "Feature", "properties": { "location_id": 7932.0, "place_type": "District 區", "place_name": "江海", "country": "China", "province": "Guangdong" }, "geometry": { "type": "Point", "coordinates": [ 113.11, 22.56 ] } },
{ "type": "Feature", "properties": { "location_id": 7956.0, "place_type": "County 縣", "place_name": "正定", "country": "China", "province": "Hebei" }, "geometry": { "type": "Point", "coordinates": [ 114.57, 38.15 ] } },
{ "type": "Feature", "properties": { "location_id": 7956.0, "place_type": "County 縣", "place_name": "正定", "country": "China", "province": "Hebei" }, "geometry": { "type": "Point", "coordinates": [ 114.57, 38.15 ] } },
{ "type": "Feature", "properties": { "location_id": 7960.0, "place_type": "County 縣", "place_name": "莒縣", "country": "China", "province": "Shandong" }, "geometry": { "type": "Point", "coordinates": [ 118.83, 35.58 ] } },
{ "type": "Feature", "properties": { "location_id": 7960.0, "place_type": "County 縣", "place_name": "莒縣", "country": "China", "province": "Shandong" }, "geometry": { "type": "Point", "coordinates": [ 118.83, 35.58 ] } },
{ "type": "Feature", "properties": { "location_id": 7964.0, "place_type": "County 縣", "place_name": "永淳 (今横县)", "country": "China", "province": "Guangxi" }, "geometry": { "type": "Point", "coordinates": [ 109.25, 22.68 ] } },
{ "type": "Feature", "properties": { "location_id": 7964.0, "place_type": "County 縣", "place_name": "永淳 (今横县)", "country": "China", "province": "Guangxi" }, "geometry": { "type": "Point", "coordinates": [ 109.25, 22.68 ] } },
{ "type": "Feature", "properties": { "location_id": 8000.0, "place_type": "County 縣", "place_name": "惠來", "country": "China", "province": "Guangdong" }, "geometry": { "type": "Point", "coordinates": [ 116.3, 23.03 ] } },
{ "type": "Feature", "properties": { "location_id": 8000.0, "place_type": "County 縣", "place_name": "惠來", "country": "China", "province": "Guangdong" }, "geometry": { "type": "Point", "coordinates": [ 116.3, 23.03 ] } },
{ "type": "Feature", "properties": { "location_id": 8008.0, "place_type": "County 縣", "place_name": "曲周", "country": "China", "province": "Hebei" }, "geometry": { "type": "Point", "coordinates": [ 114.95, 36.78 ] } },
{ "type": "Feature", "properties": { "location_id": 8008.0, "place_type": "County 縣", "place_name": "曲周", "country": "China", "province": "Hebei" }, "geometry": { "type": "Point", "coordinates": [ 114.95, 36.78 ] } },
{ "type": "Feature", "properties": { "location_id": 8012.0, "place_type": "City 市", "place_name": "Zhangjiakou 張家口", "country": "China", "province": "Chahaer" }, "geometry": { "type": "Point", "coordinates": [ 114.89, 40.77 ] } },
{ "type": "Feature", "properties": { "location_id": 8012.0, "place_type": "City 市", "place_name": "Zhangjiakou 張家口", "country": "China", "province": "Chahaer" }, "geometry": { "type": "Point", "coordinates": [ 114.89, 40.77 ] } },
{ "type": "Feature", "properties": { "location_id": 8021.0, "place_type": "County 縣", "place_name": "永興", "country": "China", "province": "Jiangxi" }, "geometry": { "type": "Point", "coordinates": [ 115.82, 29.04 ] } },
{ "type": "Feature", "properties": { "location_id": 8021.0, "place_type": "County 縣", "place_name": "永興", "country": "China", "province": "Jiangxi" }, "geometry": { "type": "Point", "coordinates": [ 115.82, 29.04 ] } },
{ "type": "Feature", "properties": { "location_id": 8028.0, "place_type": "City 市", "place_name": "桂平", "country": "China", "province": "Guangxi" }, "geometry": { "type": "Point", "coordinates": [ 110.08, 23.4 ] } },
{ "type": "Feature", "properties": { "location_id": 8028.0, "place_type": "City 市", "place_name": "桂平", "country": "China", "province": "Guangxi" }, "geometry": { "type": "Point", "coordinates": [ 110.08, 23.4 ] } },
{ "type": "Feature", "properties": { "location_id": 8037.0, "place_type": "City 市", "place_name": "Springfield", "country": "USA", "province": "abroad" }, "geometry": { "type": "Point", "coordinates": [ -83.81, 39.93 ] } },
{ "type": "Feature", "properties": { "location_id": 8051.0, "place_type": "City 市", "place_name": "廣安", "country": "China", "province": "Sichuan" }, "geometry": { "type": "Point", "coordinates": [ 106.63, 30.46 ] } },
{ "type": "Feature", "properties": { "location_id": 8051.0, "place_type": "City 市", "place_name": "廣安", "country": "China", "province": "Sichuan" }, "geometry": { "type": "Point", "coordinates": [ 106.63, 30.46 ] } },
{ "type": "Feature", "properties": { "location_id": 8068.0, "place_type": "County 縣", "place_name": "涿鹿", "country": "China", "province": "Chahaer" }, "geometry": { "type": "Point", "coordinates": [ 115.21, 40.38 ] } },
{ "type": "Feature", "properties": { "location_id": 8068.0, "place_type": "County 縣", "place_name": "涿鹿", "country": "China", "province": "Chahaer" }, "geometry": { "type": "Point", "coordinates": [ 115.21, 40.38 ] } },
{ "type": "Feature", "properties": { "location_id": 8091.0, "place_type": "County 縣", "place_name": "衡州", "country": "China", "province": "Hunan" }, "geometry": { "type": "Point", "coordinates": [ 112.57, 26.89 ] } },
{ "type": "Feature", "properties": { "location_id": 8091.0, "place_type": "County 縣", "place_name": "衡州", "country": "China", "province": "Hunan" }, "geometry": { "type": "Point", "coordinates": [ 112.57, 26.89 ] } },
{ "type": "Feature", "properties": { "location_id": 8109.0, "place_type": "District 區", "place_name": "南潯", "country": "China", "province": "Zhejiang" }, "geometry": { "type": "Point", "coordinates": [ 120.41, 30.85 ] } },
{ "type": "Feature", "properties": { "location_id": 8109.0, "place_type": "District 區", "place_name": "南潯", "country": "China", "province": "Zhejiang" }, "geometry": { "type": "Point", "coordinates": [ 120.41, 30.85 ] } },
{ "type": "Feature", "properties": { "location_id": 8122.0, "place_type": "County 縣", "place_name": "寧陽", "country": "China", "province": "Shandong" }, "geometry": { "type": "Point", "coordinates": [ 116.81, 35.76 ] } },
{ "type": "Feature", "properties": { "location_id": 8122.0, "place_type": "County 縣", "place_name": "寧陽", "country": "China", "province": "Shandong" }, "geometry": { "type": "Point", "coordinates": [ 116.81, 35.76 ] } },
{ "type": "Feature", "properties": { "location_id": 8141.0, "place_type": "District 區", "place_name": "涪陵", "country": "China", "province": "Sichuan" }, "geometry": { "type": "Point", "coordinates": [ 107.39, 29.7 ] } },
{ "type": "Feature", "properties": { "location_id": 8141.0, "place_type": "District 區", "place_name": "涪陵", "country": "China", "province": "Sichuan" }, "geometry": { "type": "Point", "coordinates": [ 107.39, 29.7 ] } },
{ "type": "Feature", "properties": { "location_id": 8163.0, "place_type": "County 縣", "place_name": "攸縣", "country": "China", "province": "Hunan" }, "geometry": { "type": "Point", "coordinates": [ 113.41, 27.01 ] } },
{ "type": "Feature", "properties": { "location_id": 8163.0, "place_type": "County 縣", "place_name": "攸縣", "country": "China", "province": "Hunan" }, "geometry": { "type": "Point", "coordinates": [ 113.41, 27.01 ] } },
{ "type": "Feature", "properties": { "location_id": 8171.0, "place_type": "Bay 灣", "place_name": "三門灣", "country": "China", "province": "abroad" }, "geometry": { "type": "Point", "coordinates": [ 121.73, 29.07 ] } },
{ "type": "Feature", "properties": { "location_id": 8172.0, "place_type": "County 縣", "place_name": "三門", "country": "China", "province": "Zhejiang" }, "geometry": { "type": "Point", "coordinates": [ 121.38, 29.12 ] } },
{ "type": "Feature", "properties": { "location_id": 8172.0, "place_type": "County 縣", "place_name": "三門", "country": "China", "province": "Zhejiang" }, "geometry": { "type": "Point", "coordinates": [ 121.38, 29.12 ] } },
{ "type": "Feature", "properties": { "location_id": 8174.0, "place_type": "District 區", "place_name": "武清", "country": "China", "province": "Hebei" }, "geometry": { "type": "Point", "coordinates": [ 117.04, 39.38 ] } },
{ "type": "Feature", "properties": { "location_id": 8174.0, "place_type": "District 區", "place_name": "武清", "country": "China", "province": "Hebei" }, "geometry": { "type": "Point", "coordinates": [ 117.04, 39.38 ] } },
{ "type": "Feature", "properties": { "location_id": 8181.0, "place_type": "City 市", "place_name": "高郵", "country": "China", "province": "Jiangsu" }, "geometry": { "type": "Point", "coordinates": [ 119.43, 32.79 ] } },
{ "type": "Feature", "properties": { "location_id": 8181.0, "place_type": "City 市", "place_name": "高郵", "country": "China", "province": "Jiangsu" }, "geometry": { "type": "Point", "coordinates": [ 119.43, 32.79 ] } },
{ "type": "Feature", "properties": { "location_id": 8185.0, "place_type": "County 縣", "place_name": "花縣", "country": "China", "province": "Guangdong" }, "geometry": { "type": "Point", "coordinates": [ 113.21, 23.38 ] } },
{ "type": "Feature", "properties": { "location_id": 8185.0, "place_type": "County 縣", "place_name": "花縣", "country": "China", "province": "Guangdong" }, "geometry": { "type": "Point", "coordinates": [ 113.21, 23.38 ] } },
{ "type": "Feature", "properties": { "location_id": 8188.0, "place_type": "County 縣", "place_name": "康平", "country": "China", "province": "Liaoning" }, "geometry": { "type": "Point", "coordinates": [ 123.35, 42.74 ] } },
{ "type": "Feature", "properties": { "location_id": 8188.0, "place_type": "County 縣", "place_name": "康平", "country": "China", "province": "Liaoning" }, "geometry": { "type": "Point", "coordinates": [ 123.35, 42.74 ] } },
{ "type": "Feature", "properties": { "location_id": 8202.0, "place_type": "County 縣", "place_name": "蓋平", "country": "China", "province": "Liaoning" }, "geometry": { "type": "Point", "coordinates": [ 122.37, 40.4 ] } },
{ "type": "Feature", "properties": { "location_id": 8202.0, "place_type": "County 縣", "place_name": "蓋平", "country": "China", "province": "Liaoning" }, "geometry": { "type": "Point", "coordinates": [ 122.37, 40.4 ] } },
{ "type": "Feature", "properties": { "location_id": 8248.0, "place_type": "County 縣", "place_name": "密縣", "country": "China", "province": "Henan" }, "geometry": { "type": "Point", "coordinates": [ 113.38, 34.53 ] } },
{ "type": "Feature", "properties": { "location_id": 8248.0, "place_type": "County 縣", "place_name": "密縣", "country": "China", "province": "Henan" }, "geometry": { "type": "Point", "coordinates": [ 113.38, 34.53 ] } },
{ "type": "Feature", "properties": { "location_id": 8251.0, "place_type": "District 區", "place_name": "富陽", "country": "China", "province": "Zhejiang" }, "geometry": { "type": "Point", "coordinates": [ 119.95, 30.05 ] } },
{ "type": "Feature", "properties": { "location_id": 8251.0, "place_type": "District 區", "place_name": "富陽", "country": "China", "province": "Zhejiang" }, "geometry": { "type": "Point", "coordinates": [ 119.95, 30.05 ] } },
{ "type": "Feature", "properties": { "location_id": 8262.0, "place_type": "City 市", "place_name": "恩施", "country": "China", "province": "Hubei" }, "geometry": { "type": "Point", "coordinates": [ 109.48, 30.29 ] } },
{ "type": "Feature", "properties": { "location_id": 8262.0, "place_type": "City 市", "place_name": "恩施", "country": "China", "province": "Hubei" }, "geometry": { "type": "Point", "coordinates": [ 109.48, 30.29 ] } },
{ "type": "Feature", "properties": { "location_id": 8278.0, "place_type": "City 市", "place_name": "常寧", "country": "China", "province": "Hunan" }, "geometry": { "type": "Point", "coordinates": [ 112.4, 26.42 ] } },
{ "type": "Feature", "properties": { "location_id": 8278.0, "place_type": "City 市", "place_name": "常寧", "country": "China", "province": "Hunan" }, "geometry": { "type": "Point", "coordinates": [ 112.4, 26.42 ] } },
{ "type": "Feature", "properties": { "location_id": 8312.0, "place_type": "Area 地方", "place_name": "Shanhaiguan 山海關", "country": "China", "province": "Hebei" }, "geometry": { "type": "Point", "coordinates": [ 119.78, 39.98 ] } },
{ "type": "Feature", "properties": { "location_id": 8312.0, "place_type": "Area 地方", "place_name": "Shanhaiguan 山海關", "country": "China", "province": "Hebei" }, "geometry": { "type": "Point", "coordinates": [ 119.78, 39.98 ] } },
{ "type": "Feature", "properties": { "location_id": 8341.0, "place_type": "County 縣", "place_name": "夏口", "country": "China", "province": "Hubei" }, "geometry": { "type": "Point", "coordinates": [ 114.21, 30.58 ] } },
{ "type": "Feature", "properties": { "location_id": 8341.0, "place_type": "County 縣", "place_name": "夏口", "country": "China", "province": "Hubei" }, "geometry": { "type": "Point", "coordinates": [ 114.21, 30.58 ] } },
{ "type": "Feature", "properties": { "location_id": 8344.0, "place_type": "City 市", "place_name": "咸寧", "country": "China", "province": "Hubei" }, "geometry": { "type": "Point", "coordinates": [ 114.32, 29.84 ] } },
{ "type": "Feature", "properties": { "location_id": 8344.0, "place_type": "City 市", "place_name": "咸寧", "country": "China", "province": "Hubei" }, "geometry": { "type": "Point", "coordinates": [ 114.32, 29.84 ] } },
{ "type": "Feature", "properties": { "location_id": 8366.0, "place_type": "County 縣", "place_name": "永新", "country": "China", "province": "Jiangxi" }, "geometry": { "type": "Point", "coordinates": [ 114.24, 26.94 ] } },
{ "type": "Feature", "properties": { "location_id": 8366.0, "place_type": "County 縣", "place_name": "永新", "country": "China", "province": "Jiangxi" }, "geometry": { "type": "Point", "coordinates": [ 114.24, 26.94 ] } },
{ "type": "Feature", "properties": { "location_id": 8479.0, "place_type": "Town 鎮", "place_name": "雲湖", "country": "China", "province": "Hunan" }, "geometry": { "type": "Point", "coordinates": [ 112.73, 27.85 ] } },
{ "type": "Feature", "properties": { "location_id": 8479.0, "place_type": "Town 鎮", "place_name": "雲湖", "country": "China", "province": "Hunan" }, "geometry": { "type": "Point", "coordinates": [ 112.73, 27.85 ] } },
{ "type": "Feature", "properties": { "location_id": 8491.0, "place_type": "County 縣", "place_name": "賓陽", "country": "China", "province": "Guangxi" }, "geometry": { "type": "Point", "coordinates": [ 108.81, 23.22 ] } },
{ "type": "Feature", "properties": { "location_id": 8491.0, "place_type": "County 縣", "place_name": "賓陽", "country": "China", "province": "Guangxi" }, "geometry": { "type": "Point", "coordinates": [ 108.81, 23.22 ] } },
{ "type": "Feature", "properties": { "location_id": 8508.0, "place_type": "City 市", "place_name": "本溪", "country": "China", "province": "Liaoning" }, "geometry": { "type": "Point", "coordinates": [ 123.68, 41.49 ] } },
{ "type": "Feature", "properties": { "location_id": 8508.0, "place_type": "City 市", "place_name": "本溪", "country": "China", "province": "Liaoning" }, "geometry": { "type": "Point", "coordinates": [ 123.68, 41.49 ] } },
{ "type": "Feature", "properties": { "location_id": 8525.0, "place_type": "County 縣", "place_name": "絳縣", "country": "China", "province": "Shanxi" }, "geometry": { "type": "Point", "coordinates": [ 111.57, 35.49 ] } },
{ "type": "Feature", "properties": { "location_id": 8525.0, "place_type": "County 縣", "place_name": "絳縣", "country": "China", "province": "Shanxi" }, "geometry": { "type": "Point", "coordinates": [ 111.57, 35.49 ] } },
{ "type": "Feature", "properties": { "location_id": 8553.0, "place_type": "County 縣", "place_name": "德清", "country": "China", "province": "Zhejiang" }, "geometry": { "type": "Point", "coordinates": [ 119.97, 30.55 ] } },
{ "type": "Feature", "properties": { "location_id": 8553.0, "place_type": "County 縣", "place_name": "德清", "country": "China", "province": "Zhejiang" }, "geometry": { "type": "Point", "coordinates": [ 119.97, 30.55 ] } },
{ "type": "Feature", "properties": { "location_id": 8641.0, "place_type": "County 縣", "place_name": "合浦", "country": "China", "province": "Guangxi" }, "geometry": { "type": "Point", "coordinates": [ 109.2, 21.66 ] } },
{ "type": "Feature", "properties": { "location_id": 8641.0, "place_type": "County 縣", "place_name": "合浦", "country": "China", "province": "Guangxi" }, "geometry": { "type": "Point", "coordinates": [ 109.2, 21.66 ] } },
{ "type": "Feature", "properties": { "location_id": 8646.0, "place_type": "County 縣", "place_name": "安化", "country": "China", "province": "Hunan" }, "geometry": { "type": "Point", "coordinates": [ 111.21, 28.37 ] } },
{ "type": "Feature", "properties": { "location_id": 8646.0, "place_type": "County 縣", "place_name": "安化", "country": "China", "province": "Hunan" }, "geometry": { "type": "Point", "coordinates": [ 111.21, 28.37 ] } },
{ "type": "Feature", "properties": { "location_id": 8675.0, "place_type": "County 縣", "place_name": "慈利", "country": "China", "province": "Hunan" }, "geometry": { "type": "Point", "coordinates": [ 111.14, 29.43 ] } },
{ "type": "Feature", "properties": { "location_id": 8675.0, "place_type": "County 縣", "place_name": "慈利", "country": "China", "province": "Hunan" }, "geometry": { "type": "Point", "coordinates": [ 111.14, 29.43 ] } },
{ "type": "Feature", "properties": { "location_id": 8690.0, "place_type": "US State", "place_name": "Washington", "country": "USA", "province": "abroad" }, "geometry": { "type": "Point", "coordinates": [ -120.76, 47.75 ] } },
{ "type": "Feature", "properties": { "location_id": 8693.0, "place_type": "City 市", "place_name": "New York", "country": "USA", "province": "abroad" }, "geometry": { "type": "Point", "coordinates": [ -74.01, 40.71 ] } },
{ "type": "Feature", "properties": { "location_id": 8709.0, "place_type": "Area 地方", "place_name": "馬家溝", "country": "China", "province": "Hebei" }, "geometry": { "type": "Point", "coordinates": [ 118.25, 39.7 ] } },
{ "type": "Feature", "properties": { "location_id": 8709.0, "place_type": "Area 地方", "place_name": "馬家溝", "country": "China", "province": "Hebei" }, "geometry": { "type": "Point", "coordinates": [ 118.25, 39.7 ] } },
{ "type": "Feature", "properties": { "location_id": 8713.0, "place_type": "Town 鎮", "place_name": "趙各莊", "country": "China", "province": "Hebei" }, "geometry": { "type": "Point", "coordinates": [ 116.38, 38.88 ] } },
{ "type": "Feature", "properties": { "location_id": 8713.0, "place_type": "Town 鎮", "place_name": "趙各莊", "country": "China", "province": "Hebei" }, "geometry": { "type": "Point", "coordinates": [ 116.38, 38.88 ] } },
{ "type": "Feature", "properties": { "location_id": 8734.0, "place_type": "Town 鎮", "place_name": "蔭營", "country": "China", "province": "Shanxi" }, "geometry": { "type": "Point", "coordinates": [ 113.56, 37.94 ] } },
{ "type": "Feature", "properties": { "location_id": 8734.0, "place_type": "Town 鎮", "place_name": "蔭營", "country": "China", "province": "Shanxi" }, "geometry": { "type": "Point", "coordinates": [ 113.56, 37.94 ] } },
{ "type": "Feature", "properties": { "location_id": 8775.0, "place_type": "County 縣", "place_name": "光山", "country": "China", "province": "Henan" }, "geometry": { "type": "Point", "coordinates": [ 114.91, 32.01 ] } },
{ "type": "Feature", "properties": { "location_id": 8775.0, "place_type": "County 縣", "place_name": "光山", "country": "China", "province": "Henan" }, "geometry": { "type": "Point", "coordinates": [ 114.91, 32.01 ] } },
{ "type": "Feature", "properties": { "location_id": 8780.0, "place_type": "County 縣", "place_name": "樂亭", "country": "China", "province": "Hebei" }, "geometry": { "type": "Point", "coordinates": [ 118.92, 39.43 ] } },
{ "type": "Feature", "properties": { "location_id": 8780.0, "place_type": "County 縣", "place_name": "樂亭", "country": "China", "province": "Hebei" }, "geometry": { "type": "Point", "coordinates": [ 118.92, 39.43 ] } },
{ "type": "Feature", "properties": { "location_id": 8797.0, "place_type": "City 市", "place_name": "Stuttgart", "country": "Germany", "province": "abroad" }, "geometry": { "type": "Point", "coordinates": [ 9.18, 48.78 ] } },
{ "type": "Feature", "properties": { "location_id": 8840.0, "place_type": "City 市", "place_name": "Aachen", "country": "Germany", "province": "abroad" }, "geometry": { "type": "Point", "coordinates": [ 6.09, 50.77 ] } },
{ "type": "Feature", "properties": { "location_id": 8854.0, "place_type": "County 縣", "place_name": "永清", "country": "China", "province": "Hebei" }, "geometry": { "type": "Point", "coordinates": [ 116.5, 39.32 ] } },
{ "type": "Feature", "properties": { "location_id": 8854.0, "place_type": "County 縣", "place_name": "永清", "country": "China", "province": "Hebei" }, "geometry": { "type": "Point", "coordinates": [ 116.5, 39.32 ] } },
{ "type": "Feature", "properties": { "location_id": 8883.0, "place_type": "County 縣", "place_name": "內邱", "country": "China", "province": "Hebei" }, "geometry": { "type": "Point", "coordinates": [ 114.51, 37.29 ] } },
{ "type": "Feature", "properties": { "location_id": 8883.0, "place_type": "County 縣", "place_name": "內邱", "country": "China", "province": "Hebei" }, "geometry": { "type": "Point", "coordinates": [ 114.51, 37.29 ] } },
{ "type": "Feature", "properties": { "location_id": 8893.0, "place_type": "County 縣", "place_name": "無極 (毋極縣)", "country": "China", "province": "Hebei" }, "geometry": { "type": "Point", "coordinates": [ 114.97, 38.18 ] } },
{ "type": "Feature", "properties": { "location_id": 8893.0, "place_type": "County 縣", "place_name": "無極 (毋極縣)", "country": "China", "province": "Hebei" }, "geometry": { "type": "Point", "coordinates": [ 114.97, 38.18 ] } },
{ "type": "Feature", "properties": { "location_id": 8903.0, "place_type": "County 縣", "place_name": "開遠 (阿迷縣，阿迷州)", "country": "China", "province": "Yunnan" }, "geometry": { "type": "Point", "coordinates": [ 103.27, 23.72 ] } },
{ "type": "Feature", "properties": { "location_id": 8903.0, "place_type": "County 縣", "place_name": "開遠 (阿迷縣，阿迷州)", "country": "China", "province": "Yunnan" }, "geometry": { "type": "Point", "coordinates": [ 103.27, 23.72 ] } },
{ "type": "Feature", "properties": { "location_id": 8916.0, "place_type": "County 縣", "place_name": "龍川", "country": "China", "province": "Guangdong" }, "geometry": { "type": "Point", "coordinates": [ 115.28, 24.11 ] } },
{ "type": "Feature", "properties": { "location_id": 8916.0, "place_type": "County 縣", "place_name": "龍川", "country": "China", "province": "Guangdong" }, "geometry": { "type": "Point", "coordinates": [ 115.28, 24.11 ] } },
{ "type": "Feature", "properties": { "location_id": 8920.0, "place_type": "County 縣", "place_name": "沙河", "country": "China", "province": "Henan" }, "geometry": { "type": "Point", "coordinates": [ 114.5, 36.84 ] } },
{ "type": "Feature", "properties": { "location_id": 8920.0, "place_type": "County 縣", "place_name": "沙河", "country": "China", "province": "Henan" }, "geometry": { "type": "Point", "coordinates": [ 114.5, 36.84 ] } },
{ "type": "Feature", "properties": { "location_id": 8927.0, "place_type": "County 縣", "place_name": "南樂", "country": "China", "province": "Henan" }, "geometry": { "type": "Point", "coordinates": [ 115.2, 36.07 ] } },
{ "type": "Feature", "properties": { "location_id": 8927.0, "place_type": "County 縣", "place_name": "南樂", "country": "China", "province": "Henan" }, "geometry": { "type": "Point", "coordinates": [ 115.2, 36.07 ] } },
{ "type": "Feature", "properties": { "location_id": 8954.0, "place_type": "City 市", "place_name": "吉安", "country": "China", "province": "Jiangxi" }, "geometry": { "type": "Point", "coordinates": [ 114.97, 27.09 ] } },
{ "type": "Feature", "properties": { "location_id": 8954.0, "place_type": "City 市", "place_name": "吉安", "country": "China", "province": "Jiangxi" }, "geometry": { "type": "Point", "coordinates": [ 114.97, 27.09 ] } },
{ "type": "Feature", "properties": { "location_id": 8977.0, "place_type": "County 縣", "place_name": "孝豐", "country": "China", "province": "Zhejiang" }, "geometry": { "type": "Point", "coordinates": [ 119.57, 30.58 ] } },
{ "type": "Feature", "properties": { "location_id": 8977.0, "place_type": "County 縣", "place_name": "孝豐", "country": "China", "province": "Zhejiang" }, "geometry": { "type": "Point", "coordinates": [ 119.57, 30.58 ] } },
{ "type": "Feature", "properties": { "location_id": 9029.0, "place_type": "City 市", "place_name": "承德", "country": "China", "province": "Jehol" }, "geometry": { "type": "Point", "coordinates": [ 117.93, 40.97 ] } },
{ "type": "Feature", "properties": { "location_id": 9029.0, "place_type": "City 市", "place_name": "承德", "country": "China", "province": "Jehol" }, "geometry": { "type": "Point", "coordinates": [ 117.93, 40.97 ] } },
{ "type": "Feature", "properties": { "location_id": 9036.0, "place_type": "County 縣", "place_name": "朔縣", "country": "China", "province": "Shanxi" }, "geometry": { "type": "Point", "coordinates": [ 112.43, 39.32 ] } },
{ "type": "Feature", "properties": { "location_id": 9036.0, "place_type": "County 縣", "place_name": "朔縣", "country": "China", "province": "Shanxi" }, "geometry": { "type": "Point", "coordinates": [ 112.43, 39.32 ] } },
{ "type": "Feature", "properties": { "location_id": 9040.0, "place_type": "County 縣", "place_name": "孝義", "country": "China", "province": "Shanxi" }, "geometry": { "type": "Point", "coordinates": [ 111.77, 37.14 ] } },
{ "type": "Feature", "properties": { "location_id": 9040.0, "place_type": "County 縣", "place_name": "孝義", "country": "China", "province": "Shanxi" }, "geometry": { "type": "Point", "coordinates": [ 111.77, 37.14 ] } },
{ "type": "Feature", "properties": { "location_id": 9066.0, "place_type": "County 縣", "place_name": "沛縣", "country": "China", "province": "Jiangsu" }, "geometry": { "type": "Point", "coordinates": [ 116.92, 34.73 ] } },
{ "type": "Feature", "properties": { "location_id": 9066.0, "place_type": "County 縣", "place_name": "沛縣", "country": "China", "province": "Jiangsu" }, "geometry": { "type": "Point", "coordinates": [ 116.92, 34.73 ] } },
{ "type": "Feature", "properties": { "location_id": 9117.0, "place_type": "County 縣", "place_name": "沁縣", "country": "China", "province": "Shanxi" }, "geometry": { "type": "Point", "coordinates": [ 112.69, 36.76 ] } },
{ "type": "Feature", "properties": { "location_id": 9117.0, "place_type": "County 縣", "place_name": "沁縣", "country": "China", "province": "Shanxi" }, "geometry": { "type": "Point", "coordinates": [ 112.69, 36.76 ] } },
{ "type": "Feature", "properties": { "location_id": 9136.0, "place_type": "City 市", "place_name": "綿竹", "country": "China", "province": "Sichuan" }, "geometry": { "type": "Point", "coordinates": [ 104.2, 31.34 ] } },
{ "type": "Feature", "properties": { "location_id": 9136.0, "place_type": "City 市", "place_name": "綿竹", "country": "China", "province": "Sichuan" }, "geometry": { "type": "Point", "coordinates": [ 104.2, 31.34 ] } },
{ "type": "Feature", "properties": { "location_id": 9181.0, "place_type": "County 縣", "place_name": "德陽", "country": "China", "province": "Sichuan" }, "geometry": { "type": "Point", "coordinates": [ 104.4, 31.13 ] } },
{ "type": "Feature", "properties": { "location_id": 9181.0, "place_type": "County 縣", "place_name": "德陽", "country": "China", "province": "Sichuan" }, "geometry": { "type": "Point", "coordinates": [ 104.4, 31.13 ] } },
{ "type": "Feature", "properties": { "location_id": 9204.0, "place_type": "City 市", "place_name": "溫州", "country": "China", "province": "Zhejiang" }, "geometry": { "type": "Point", "coordinates": [ 120.7, 28.0 ] } },
{ "type": "Feature", "properties": { "location_id": 9204.0, "place_type": "City 市", "place_name": "溫州", "country": "China", "province": "Zhejiang" }, "geometry": { "type": "Point", "coordinates": [ 120.7, 28.0 ] } },
{ "type": "Feature", "properties": { "location_id": 9207.0, "place_type": "County 縣", "place_name": "遂溪", "country": "China", "province": "Guangdong" }, "geometry": { "type": "Point", "coordinates": [ 110.25, 21.38 ] } },
{ "type": "Feature", "properties": { "location_id": 9207.0, "place_type": "County 縣", "place_name": "遂溪", "country": "China", "province": "Guangdong" }, "geometry": { "type": "Point", "coordinates": [ 110.25, 21.38 ] } },
{ "type": "Feature", "properties": { "location_id": 9263.0, "place_type": "County 縣", "place_name": "武邑", "country": "China", "province": "Hebei" }, "geometry": { "type": "Point", "coordinates": [ 115.89, 37.79 ] } },
{ "type": "Feature", "properties": { "location_id": 9263.0, "place_type": "County 縣", "place_name": "武邑", "country": "China", "province": "Hebei" }, "geometry": { "type": "Point", "coordinates": [ 115.89, 37.79 ] } },
{ "type": "Feature", "properties": { "location_id": 9282.0, "place_type": "County 縣", "place_name": "銅梁", "country": "China", "province": "Sichuan" }, "geometry": { "type": "Point", "coordinates": [ 106.05, 29.84 ] } },
{ "type": "Feature", "properties": { "location_id": 9282.0, "place_type": "County 縣", "place_name": "銅梁", "country": "China", "province": "Sichuan" }, "geometry": { "type": "Point", "coordinates": [ 106.05, 29.84 ] } },
{ "type": "Feature", "properties": { "location_id": 9285.0, "place_type": "District 區", "place_name": "海州", "country": "China", "province": "Jiangsu" }, "geometry": { "type": "Point", "coordinates": [ 119.2, 34.61 ] } },
{ "type": "Feature", "properties": { "location_id": 9285.0, "place_type": "District 區", "place_name": "海州", "country": "China", "province": "Jiangsu" }, "geometry": { "type": "Point", "coordinates": [ 119.2, 34.61 ] } },
{ "type": "Feature", "properties": { "location_id": 9292.0, "place_type": "County 縣", "place_name": "海龍", "country": "China", "province": "Liaoning" }, "geometry": { "type": "Point", "coordinates": [ 125.72, 42.54 ] } },
{ "type": "Feature", "properties": { "location_id": 9292.0, "place_type": "County 縣", "place_name": "海龍", "country": "China", "province": "Liaoning" }, "geometry": { "type": "Point", "coordinates": [ 125.72, 42.54 ] } },
{ "type": "Feature", "properties": { "location_id": 9311.0, "place_type": "County 縣", "place_name": "榮縣", "country": "China", "province": "Sichuan" }, "geometry": { "type": "Point", "coordinates": [ 104.42, 29.45 ] } },
{ "type": "Feature", "properties": { "location_id": 9311.0, "place_type": "County 縣", "place_name": "榮縣", "country": "China", "province": "Sichuan" }, "geometry": { "type": "Point", "coordinates": [ 104.42, 29.45 ] } },
{ "type": "Feature", "properties": { "location_id": 9324.0, "place_type": "County 縣", "place_name": "川沙", "country": "China", "province": "Jiangsu" }, "geometry": { "type": "Point", "coordinates": [ 121.54, 31.22 ] } },
{ "type": "Feature", "properties": { "location_id": 9324.0, "place_type": "County 縣", "place_name": "川沙", "country": "China", "province": "Jiangsu" }, "geometry": { "type": "Point", "coordinates": [ 121.54, 31.22 ] } },
{ "type": "Feature", "properties": { "location_id": 9346.0, "place_type": "County 縣", "place_name": "Xingtang 行唐", "country": "China", "province": "Hebei" }, "geometry": { "type": "Point", "coordinates": [ 114.54, 38.44 ] } },
{ "type": "Feature", "properties": { "location_id": 9346.0, "place_type": "County 縣", "place_name": "Xingtang 行唐", "country": "China", "province": "Hebei" }, "geometry": { "type": "Point", "coordinates": [ 114.54, 38.44 ] } },
{ "type": "Feature", "properties": { "location_id": 9357.0, "place_type": "County 縣", "place_name": "翼城", "country": "China", "province": "Shanxi" }, "geometry": { "type": "Point", "coordinates": [ 111.71, 35.73 ] } },
{ "type": "Feature", "properties": { "location_id": 9357.0, "place_type": "County 縣", "place_name": "翼城", "country": "China", "province": "Shanxi" }, "geometry": { "type": "Point", "coordinates": [ 111.71, 35.73 ] } },
{ "type": "Feature", "properties": { "location_id": 9363.0, "place_type": "City 市", "place_name": "穆棱", "country": "China", "province": "Jilin" }, "geometry": { "type": "Point", "coordinates": [ 130.52, 44.91 ] } },
{ "type": "Feature", "properties": { "location_id": 9363.0, "place_type": "City 市", "place_name": "穆棱", "country": "China", "province": "Jilin" }, "geometry": { "type": "Point", "coordinates": [ 130.52, 44.91 ] } },
{ "type": "Feature", "properties": { "location_id": 9381.0, "place_type": "County 縣", "place_name": "交城", "country": "China", "province": "Shanxi" }, "geometry": { "type": "Point", "coordinates": [ 112.15, 37.55 ] } },
{ "type": "Feature", "properties": { "location_id": 9381.0, "place_type": "County 縣", "place_name": "交城", "country": "China", "province": "Shanxi" }, "geometry": { "type": "Point", "coordinates": [ 112.15, 37.55 ] } },
{ "type": "Feature", "properties": { "location_id": 9397.0, "place_type": "County 縣", "place_name": "順寧", "country": "China", "province": "Yunnan" }, "geometry": { "type": "Point", "coordinates": [ 99.95, 24.57 ] } },
{ "type": "Feature", "properties": { "location_id": 9397.0, "place_type": "County 縣", "place_name": "順寧", "country": "China", "province": "Yunnan" }, "geometry": { "type": "Point", "coordinates": [ 99.95, 24.57 ] } },
{ "type": "Feature", "properties": { "location_id": 9400.0, "place_type": "District 區", "place_name": "密雲", "country": "China", "province": "Hebei" }, "geometry": { "type": "Point", "coordinates": [ 116.84, 40.37 ] } },
{ "type": "Feature", "properties": { "location_id": 9400.0, "place_type": "District 區", "place_name": "密雲", "country": "China", "province": "Hebei" }, "geometry": { "type": "Point", "coordinates": [ 116.84, 40.37 ] } },
{ "type": "Feature", "properties": { "location_id": 9404.0, "place_type": "County 縣", "place_name": "開縣", "country": "China", "province": "Sichuan" }, "geometry": { "type": "Point", "coordinates": [ 108.4, 31.17 ] } },
{ "type": "Feature", "properties": { "location_id": 9404.0, "place_type": "County 縣", "place_name": "開縣", "country": "China", "province": "Sichuan" }, "geometry": { "type": "Point", "coordinates": [ 108.4, 31.17 ] } },
{ "type": "Feature", "properties": { "location_id": 9420.0, "place_type": "County 縣", "place_name": "曲陽", "country": "China", "province": "Hebei" }, "geometry": { "type": "Point", "coordinates": [ 114.7, 38.61 ] } },
{ "type": "Feature", "properties": { "location_id": 9420.0, "place_type": "County 縣", "place_name": "曲陽", "country": "China", "province": "Hebei" }, "geometry": { "type": "Point", "coordinates": [ 114.7, 38.61 ] } },
{ "type": "Feature", "properties": { "location_id": 9432.0, "place_type": "County 縣", "place_name": "Ningwu 寧武", "country": "China", "province": "Shanxi" }, "geometry": { "type": "Point", "coordinates": [ 112.3, 39.0 ] } },
{ "type": "Feature", "properties": { "location_id": 9432.0, "place_type": "County 縣", "place_name": "Ningwu 寧武", "country": "China", "province": "Shanxi" }, "geometry": { "type": "Point", "coordinates": [ 112.3, 39.0 ] } },
{ "type": "Feature", "properties": { "location_id": 9481.0, "place_type": "City 市", "place_name": "Louvain-la-Neuve", "country": "Belgium", "province": "abroad" }, "geometry": { "type": "Point", "coordinates": [ 4.61, 50.67 ] } },
{ "type": "Feature", "properties": { "location_id": 9523.0, "place_type": "County 縣", "place_name": "靈壽", "country": "China", "province": "Hebei" }, "geometry": { "type": "Point", "coordinates": [ 114.38, 38.31 ] } },
{ "type": "Feature", "properties": { "location_id": 9523.0, "place_type": "County 縣", "place_name": "靈壽", "country": "China", "province": "Hebei" }, "geometry": { "type": "Point", "coordinates": [ 114.38, 38.31 ] } },
{ "type": "Feature", "properties": { "location_id": 9535.0, "place_type": "County 縣", "place_name": "贛縣", "country": "China", "province": "Jiangxi" }, "geometry": { "type": "Point", "coordinates": [ 115.01, 25.86 ] } },
{ "type": "Feature", "properties": { "location_id": 9535.0, "place_type": "County 縣", "place_name": "贛縣", "country": "China", "province": "Jiangxi" }, "geometry": { "type": "Point", "coordinates": [ 115.01, 25.86 ] } },
{ "type": "Feature", "properties": { "location_id": 9552.0, "place_type": "City 市", "place_name": "菏澤 (荷澤)", "country": "China", "province": "Hebei" }, "geometry": { "type": "Point", "coordinates": [ 115.45, 35.25 ] } },
{ "type": "Feature", "properties": { "location_id": 9552.0, "place_type": "City 市", "place_name": "菏澤 (荷澤)", "country": "China", "province": "Hebei" }, "geometry": { "type": "Point", "coordinates": [ 115.45, 35.25 ] } },
{ "type": "Feature", "properties": { "location_id": 9560.0, "place_type": "County 縣", "place_name": "林縣", "country": "China", "province": "Shanxi" }, "geometry": { "type": "Point", "coordinates": [ 113.81, 36.06 ] } },
{ "type": "Feature", "properties": { "location_id": 9560.0, "place_type": "County 縣", "place_name": "林縣", "country": "China", "province": "Shanxi" }, "geometry": { "type": "Point", "coordinates": [ 113.81, 36.06 ] } },
{ "type": "Feature", "properties": { "location_id": 9575.0, "place_type": "County 縣", "place_name": "泰和", "country": "China", "province": "Jiangxi" }, "geometry": { "type": "Point", "coordinates": [ 114.92, 26.8 ] } },
{ "type": "Feature", "properties": { "location_id": 9575.0, "place_type": "County 縣", "place_name": "泰和", "country": "China", "province": "Jiangxi" }, "geometry": { "type": "Point", "coordinates": [ 114.92, 26.8 ] } },
{ "type": "Feature", "properties": { "location_id": 9578.0, "place_type": "City 市", "place_name": "汾陽", "country": "China", "province": "Shanxi" }, "geometry": { "type": "Point", "coordinates": [ 111.77, 37.26 ] } },
{ "type": "Feature", "properties": { "location_id": 9578.0, "place_type": "City 市", "place_name": "汾陽", "country": "China", "province": "Shanxi" }, "geometry": { "type": "Point", "coordinates": [ 111.77, 37.26 ] } },
{ "type": "Feature", "properties": { "location_id": 9583.0, "place_type": "District 區", "place_name": "太谷", "country": "China", "province": "Shanxi" }, "geometry": { "type": "Point", "coordinates": [ 112.55, 37.42 ] } },
{ "type": "Feature", "properties": { "location_id": 9583.0, "place_type": "District 區", "place_name": "太谷", "country": "China", "province": "Shanxi" }, "geometry": { "type": "Point", "coordinates": [ 112.55, 37.42 ] } },
{ "type": "Feature", "properties": { "location_id": 9592.0, "place_type": "City 市", "place_name": "溧陽", "country": "China", "province": "Anhui" }, "geometry": { "type": "Point", "coordinates": [ 119.48, 31.42 ] } },
{ "type": "Feature", "properties": { "location_id": 9592.0, "place_type": "City 市", "place_name": "溧陽", "country": "China", "province": "Anhui" }, "geometry": { "type": "Point", "coordinates": [ 119.48, 31.42 ] } },
{ "type": "Feature", "properties": { "location_id": 9601.0, "place_type": "City 市", "place_name": "Lanzhou 蘭州", "country": "China", "province": "Gansu" }, "geometry": { "type": "Point", "coordinates": [ 103.82, 36.05 ] } },
{ "type": "Feature", "properties": { "location_id": 9601.0, "place_type": "City 市", "place_name": "Lanzhou 蘭州", "country": "China", "province": "Gansu" }, "geometry": { "type": "Point", "coordinates": [ 103.82, 36.05 ] } },
{ "type": "Feature", "properties": { "location_id": 9613.0, "place_type": "County 縣", "place_name": "Wei 濰縣", "country": "China", "province": "Shandong" }, "geometry": { "type": "Point", "coordinates": [ 119.16, 36.71 ] } },
{ "type": "Feature", "properties": { "location_id": 9613.0, "place_type": "County 縣", "place_name": "Wei 濰縣", "country": "China", "province": "Shandong" }, "geometry": { "type": "Point", "coordinates": [ 119.16, 36.71 ] } },
{ "type": "Feature", "properties": { "location_id": 9633.0, "place_type": "County 縣", "place_name": "涼城", "country": "China", "province": "Chahaer" }, "geometry": { "type": "Point", "coordinates": [ 112.5, 40.53 ] } },
{ "type": "Feature", "properties": { "location_id": 9633.0, "place_type": "County 縣", "place_name": "涼城", "country": "China", "province": "Chahaer" }, "geometry": { "type": "Point", "coordinates": [ 112.5, 40.53 ] } },
{ "type": "Feature", "properties": { "location_id": 9640.0, "place_type": "County 縣", "place_name": "陽原", "country": "China", "province": "Shanxi" }, "geometry": { "type": "Point", "coordinates": [ 114.15, 40.11 ] } },
{ "type": "Feature", "properties": { "location_id": 9640.0, "place_type": "County 縣", "place_name": "陽原", "country": "China", "province": "Shanxi" }, "geometry": { "type": "Point", "coordinates": [ 114.15, 40.11 ] } },
{ "type": "Feature", "properties": { "location_id": 9646.0, "place_type": "County 縣", "place_name": "永春", "country": "China", "province": "Fujian" }, "geometry": { "type": "Point", "coordinates": [ 118.29, 25.32 ] } },
{ "type": "Feature", "properties": { "location_id": 9646.0, "place_type": "County 縣", "place_name": "永春", "country": "China", "province": "Fujian" }, "geometry": { "type": "Point", "coordinates": [ 118.29, 25.32 ] } },
{ "type": "Feature", "properties": { "location_id": 9692.0, "place_type": "County 縣", "place_name": "宜陽", "country": "China", "province": "Henan" }, "geometry": { "type": "Point", "coordinates": [ 112.18, 34.52 ] } },
{ "type": "Feature", "properties": { "location_id": 9692.0, "place_type": "County 縣", "place_name": "宜陽", "country": "China", "province": "Henan" }, "geometry": { "type": "Point", "coordinates": [ 112.18, 34.52 ] } },
{ "type": "Feature", "properties": { "location_id": 9758.0, "place_type": "County 縣", "place_name": "昔陽", "country": "China", "province": "Shanxi" }, "geometry": { "type": "Point", "coordinates": [ 113.71, 37.61 ] } },
{ "type": "Feature", "properties": { "location_id": 9758.0, "place_type": "County 縣", "place_name": "昔陽", "country": "China", "province": "Shanxi" }, "geometry": { "type": "Point", "coordinates": [ 113.71, 37.61 ] } },
{ "type": "Feature", "properties": { "location_id": 9772.0, "place_type": "City 市", "place_name": "Nanyang 南陽", "country": "China", "province": "Henan" }, "geometry": { "type": "Point", "coordinates": [ 112.53, 32.99 ] } },
{ "type": "Feature", "properties": { "location_id": 9772.0, "place_type": "City 市", "place_name": "Nanyang 南陽", "country": "China", "province": "Henan" }, "geometry": { "type": "Point", "coordinates": [ 112.53, 32.99 ] } },
{ "type": "Feature", "properties": { "location_id": 9785.0, "place_type": "County 縣", "place_name": "圻水 (蘄水) [蘄春]", "country": "China", "province": "Hubei" }, "geometry": { "type": "Point", "coordinates": [ 115.43, 30.23 ] } },
{ "type": "Feature", "properties": { "location_id": 9785.0, "place_type": "County 縣", "place_name": "圻水 (蘄水) [蘄春]", "country": "China", "province": "Hubei" }, "geometry": { "type": "Point", "coordinates": [ 115.43, 30.23 ] } },
{ "type": "Feature", "properties": { "location_id": 9801.0, "place_type": "City 市", "place_name": "臨沂（臨圻)", "country": "China", "province": "Shandong" }, "geometry": { "type": "Point", "coordinates": [ 118.35, 35.1 ] } },
{ "type": "Feature", "properties": { "location_id": 9801.0, "place_type": "City 市", "place_name": "臨沂（臨圻)", "country": "China", "province": "Shandong" }, "geometry": { "type": "Point", "coordinates": [ 118.35, 35.1 ] } },
{ "type": "Feature", "properties": { "location_id": 9818.0, "place_type": "County 縣", "place_name": "南豐", "country": "China", "province": "Jiangxi" }, "geometry": { "type": "Point", "coordinates": [ 116.53, 27.22 ] } },
{ "type": "Feature", "properties": { "location_id": 9818.0, "place_type": "County 縣", "place_name": "南豐", "country": "China", "province": "Jiangxi" }, "geometry": { "type": "Point", "coordinates": [ 116.53, 27.22 ] } },
{ "type": "Feature", "properties": { "location_id": 9830.0, "place_type": "City 市", "place_name": "介休", "country": "China", "province": "Shanxi" }, "geometry": { "type": "Point", "coordinates": [ 111.92, 37.02 ] } },
{ "type": "Feature", "properties": { "location_id": 9830.0, "place_type": "City 市", "place_name": "介休", "country": "China", "province": "Shanxi" }, "geometry": { "type": "Point", "coordinates": [ 111.92, 37.02 ] } },
{ "type": "Feature", "properties": { "location_id": 9856.0, "place_type": "County 縣", "place_name": "黑山", "country": "China", "province": "Liaoning" }, "geometry": { "type": "Point", "coordinates": [ 122.12, 41.66 ] } },
{ "type": "Feature", "properties": { "location_id": 9856.0, "place_type": "County 縣", "place_name": "黑山", "country": "China", "province": "Liaoning" }, "geometry": { "type": "Point", "coordinates": [ 122.12, 41.66 ] } },
{ "type": "Feature", "properties": { "location_id": 9859.0, "place_type": "County 縣", "place_name": "霍山", "country": "China", "province": "Anhui" }, "geometry": { "type": "Point", "coordinates": [ 116.33, 31.4 ] } },
{ "type": "Feature", "properties": { "location_id": 9859.0, "place_type": "County 縣", "place_name": "霍山", "country": "China", "province": "Anhui" }, "geometry": { "type": "Point", "coordinates": [ 116.33, 31.4 ] } },
{ "type": "Feature", "properties": { "location_id": 9869.0, "place_type": "County 縣", "place_name": "城武 (成武)", "country": "China", "province": "Shandong" }, "geometry": { "type": "Point", "coordinates": [ 115.89, 34.96 ] } },
{ "type": "Feature", "properties": { "location_id": 9869.0, "place_type": "County 縣", "place_name": "城武 (成武)", "country": "China", "province": "Shandong" }, "geometry": { "type": "Point", "coordinates": [ 115.89, 34.96 ] } },
{ "type": "Feature", "properties": { "location_id": 9876.0, "place_type": "District 區", "place_name": "千住", "country": "Japan", "province": "abroad" }, "geometry": { "type": "Point", "coordinates": [ 139.8, 35.75 ] } },
{ "type": "Feature", "properties": { "location_id": 9893.0, "place_type": "Country (independent)", "place_name": "The Netherlands", "country": "Netherlands", "province": "abroad" }, "geometry": { "type": "Point", "coordinates": [ 4.89, 52.37 ] } },
{ "type": "Feature", "properties": { "location_id": 9898.0, "place_type": "City 市", "place_name": "Essen", "country": "Germany", "province": "abroad" }, "geometry": { "type": "Point", "coordinates": [ 7.01, 51.46 ] } },
{ "type": "Feature", "properties": { "location_id": 9901.0, "place_type": "City 市", "place_name": "Hannover", "country": "Germany", "province": "abroad" }, "geometry": { "type": "Point", "coordinates": [ 9.73, 52.38 ] } },
{ "type": "Feature", "properties": { "location_id": 9907.0, "place_type": "County 縣", "place_name": "龍門", "country": "China", "province": "Guangdong" }, "geometry": { "type": "Point", "coordinates": [ 114.26, 23.73 ] } },
{ "type": "Feature", "properties": { "location_id": 9907.0, "place_type": "County 縣", "place_name": "龍門", "country": "China", "province": "Guangdong" }, "geometry": { "type": "Point", "coordinates": [ 114.26, 23.73 ] } },
{ "type": "Feature", "properties": { "location_id": 9924.0, "place_type": "City 市", "place_name": "Karlsruhe", "country": "Germany", "province": "abroad" }, "geometry": { "type": "Point", "coordinates": [ 8.4, 49.01 ] } },
{ "type": "Feature", "properties": { "location_id": 9950.0, "place_type": "County 縣", "place_name": "樂昌", "country": "China", "province": "Guangdong" }, "geometry": { "type": "Point", "coordinates": [ 113.35, 25.14 ] } },
{ "type": "Feature", "properties": { "location_id": 9950.0, "place_type": "County 縣", "place_name": "樂昌", "country": "China", "province": "Guangdong" }, "geometry": { "type": "Point", "coordinates": [ 113.35, 25.14 ] } },
{ "type": "Feature", "properties": { "location_id": 9975.0, "place_type": "District 區", "place_name": "沙面", "country": "China", "province": "Guangdong" }, "geometry": { "type": "Point", "coordinates": [ 113.25, 23.11 ] } },
{ "type": "Feature", "properties": { "location_id": 9975.0, "place_type": "District 區", "place_name": "沙面", "country": "China", "province": "Guangdong" }, "geometry": { "type": "Point", "coordinates": [ 113.25, 23.11 ] } },
{ "type": "Feature", "properties": { "location_id": 9977.0, "place_type": "County 縣", "place_name": "鄧縣", "country": "China", "province": "Henan" }, "geometry": { "type": "Point", "coordinates": [ 112.09, 32.69 ] } },
{ "type": "Feature", "properties": { "location_id": 9977.0, "place_type": "County 縣", "place_name": "鄧縣", "country": "China", "province": "Henan" }, "geometry": { "type": "Point", "coordinates": [ 112.09, 32.69 ] } },
{ "type": "Feature", "properties": { "location_id": 9988.0, "place_type": "Town 鎮", "place_name": "Lancashire", "country": "UK", "province": "abroad" }, "geometry": { "type": "Point", "coordinates": [ -2.71, 53.77 ] } },
{ "type": "Feature", "properties": { "location_id": 10003.0, "place_type": "District 區", "place_name": "潞城", "country": "China", "province": "Shanxi" }, "geometry": { "type": "Point", "coordinates": [ 113.22, 36.33 ] } },
{ "type": "Feature", "properties": { "location_id": 10003.0, "place_type": "District 區", "place_name": "潞城", "country": "China", "province": "Shanxi" }, "geometry": { "type": "Point", "coordinates": [ 113.22, 36.33 ] } },
{ "type": "Feature", "properties": { "location_id": 10006.0, "place_type": "District 區", "place_name": "永年", "country": "China", "province": "Henan" }, "geometry": { "type": "Point", "coordinates": [ 114.5, 36.78 ] } },
{ "type": "Feature", "properties": { "location_id": 10006.0, "place_type": "District 區", "place_name": "永年", "country": "China", "province": "Henan" }, "geometry": { "type": "Point", "coordinates": [ 114.5, 36.78 ] } },
{ "type": "Feature", "properties": { "location_id": 10029.0, "place_type": "County 縣", "place_name": "新蔡", "country": "China", "province": "Henan" }, "geometry": { "type": "Point", "coordinates": [ 114.97, 32.75 ] } },
{ "type": "Feature", "properties": { "location_id": 10029.0, "place_type": "County 縣", "place_name": "新蔡", "country": "China", "province": "Henan" }, "geometry": { "type": "Point", "coordinates": [ 114.97, 32.75 ] } },
{ "type": "Feature", "properties": { "location_id": 10053.0, "place_type": "County 縣", "place_name": "沁源", "country": "China", "province": "Shanxi" }, "geometry": { "type": "Point", "coordinates": [ 112.34, 36.5 ] } },
{ "type": "Feature", "properties": { "location_id": 10053.0, "place_type": "County 縣", "place_name": "沁源", "country": "China", "province": "Shanxi" }, "geometry": { "type": "Point", "coordinates": [ 112.34, 36.5 ] } },
{ "type": "Feature", "properties": { "location_id": 10082.0, "place_type": "County 縣", "place_name": "休寧", "country": "China", "province": "Anhui" }, "geometry": { "type": "Point", "coordinates": [ 118.18, 29.78 ] } },
{ "type": "Feature", "properties": { "location_id": 10082.0, "place_type": "County 縣", "place_name": "休寧", "country": "China", "province": "Anhui" }, "geometry": { "type": "Point", "coordinates": [ 118.18, 29.78 ] } },
{ "type": "Feature", "properties": { "location_id": 10120.0, "place_type": "County 縣", "place_name": "Handan 邯郸", "country": "China", "province": "Henan" }, "geometry": { "type": "Point", "coordinates": [ 114.54, 36.63 ] } },
{ "type": "Feature", "properties": { "location_id": 10120.0, "place_type": "County 縣", "place_name": "Handan 邯郸", "country": "China", "province": "Henan" }, "geometry": { "type": "Point", "coordinates": [ 114.54, 36.63 ] } },
{ "type": "Feature", "properties": { "location_id": 10138.0, "place_type": "County 縣", "place_name": "歷城", "country": "China", "province": "Shandong" }, "geometry": { "type": "Point", "coordinates": [ 117.07, 36.68 ] } },
{ "type": "Feature", "properties": { "location_id": 10138.0, "place_type": "County 縣", "place_name": "歷城", "country": "China", "province": "Shandong" }, "geometry": { "type": "Point", "coordinates": [ 117.07, 36.68 ] } },
{ "type": "Feature", "properties": { "location_id": 10189.0, "place_type": "City 市", "place_name": "Strasbourg (斯特拉斯堡)", "country": "France", "province": "abroad" }, "geometry": { "type": "Point", "coordinates": [ 7.75, 48.58 ] } },
{ "type": "Feature", "properties": { "location_id": 10192.0, "place_type": "Country (independent)", "place_name": "Soviet Union USSR 蘇聯/ 蘇維埃社會主義共和國聯盟", "country": "Russian Federation", "province": "abroad" }, "geometry": { "type": "Point", "coordinates": [ 37.62, 55.76 ] } },
{ "type": "Feature", "properties": { "location_id": 10199.0, "place_type": "County 縣", "place_name": "夏縣", "country": "China", "province": "Shanxi" }, "geometry": { "type": "Point", "coordinates": [ 111.21, 35.15 ] } },
{ "type": "Feature", "properties": { "location_id": 10199.0, "place_type": "County 縣", "place_name": "夏縣", "country": "China", "province": "Shanxi" }, "geometry": { "type": "Point", "coordinates": [ 111.21, 35.15 ] } },
{ "type": "Feature", "properties": { "location_id": 10202.0, "place_type": "County 縣", "place_name": "朝陽", "country": "China", "province": "Hebei" }, "geometry": { "type": "Point", "coordinates": [ 116.44, 39.92 ] } },
{ "type": "Feature", "properties": { "location_id": 10202.0, "place_type": "County 縣", "place_name": "朝陽", "country": "China", "province": "Hebei" }, "geometry": { "type": "Point", "coordinates": [ 116.44, 39.92 ] } },
{ "type": "Feature", "properties": { "location_id": 10295.0, "place_type": "County 縣", "place_name": "武鄉", "country": "China", "province": "Shanxi" }, "geometry": { "type": "Point", "coordinates": [ 112.85, 36.83 ] } },
{ "type": "Feature", "properties": { "location_id": 10295.0, "place_type": "County 縣", "place_name": "武鄉", "country": "China", "province": "Shanxi" }, "geometry": { "type": "Point", "coordinates": [ 112.85, 36.83 ] } },
{ "type": "Feature", "properties": { "location_id": 10303.0, "place_type": "County 縣", "place_name": "錢塘", "country": "China", "province": "Zhejiang" }, "geometry": { "type": "Point", "coordinates": [ 120.3, 30.42 ] } },
{ "type": "Feature", "properties": { "location_id": 10303.0, "place_type": "County 縣", "place_name": "錢塘", "country": "China", "province": "Zhejiang" }, "geometry": { "type": "Point", "coordinates": [ 120.3, 30.42 ] } },
{ "type": "Feature", "properties": { "location_id": 10372.0, "place_type": "County 縣", "place_name": "黟縣", "country": "China", "province": "Anhui" }, "geometry": { "type": "Point", "coordinates": [ 117.94, 29.9 ] } },
{ "type": "Feature", "properties": { "location_id": 10372.0, "place_type": "County 縣", "place_name": "黟縣", "country": "China", "province": "Anhui" }, "geometry": { "type": "Point", "coordinates": [ 117.94, 29.9 ] } },
{ "type": "Feature", "properties": { "location_id": 10399.0, "place_type": "District 區", "place_name": "章邱", "country": "China", "province": "Shandong" }, "geometry": { "type": "Point", "coordinates": [ 117.53, 36.69 ] } },
{ "type": "Feature", "properties": { "location_id": 10399.0, "place_type": "District 區", "place_name": "章邱", "country": "China", "province": "Shandong" }, "geometry": { "type": "Point", "coordinates": [ 117.53, 36.69 ] } },
{ "type": "Feature", "properties": { "location_id": 10437.0, "place_type": "County 縣", "place_name": "深縣", "country": "China", "province": "Hebei" }, "geometry": { "type": "Point", "coordinates": [ 115.56, 38.0 ] } },
{ "type": "Feature", "properties": { "location_id": 10437.0, "place_type": "County 縣", "place_name": "深縣", "country": "China", "province": "Hebei" }, "geometry": { "type": "Point", "coordinates": [ 115.56, 38.0 ] } },
{ "type": "Feature", "properties": { "location_id": 10475.0, "place_type": "County 縣", "place_name": "梁山", "country": "China", "province": "Shandong" }, "geometry": { "type": "Point", "coordinates": [ 116.1, 35.8 ] } },
{ "type": "Feature", "properties": { "location_id": 10475.0, "place_type": "County 縣", "place_name": "梁山", "country": "China", "province": "Shandong" }, "geometry": { "type": "Point", "coordinates": [ 116.1, 35.8 ] } },
{ "type": "Feature", "properties": { "location_id": 10495.0, "place_type": "Country (independent)", "place_name": "Sweden", "country": "Sweden", "province": "abroad" }, "geometry": { "type": "Point", "coordinates": [ 18.07, 59.32 ] } },
{ "type": "Feature", "properties": { "location_id": 10498.0, "place_type": "Country (independent)", "place_name": "Norway", "country": "Norway", "province": "abroad" }, "geometry": { "type": "Point", "coordinates": [ 8.35, 60.41 ] } },
{ "type": "Feature", "properties": { "location_id": 10501.0, "place_type": "Country (independent)", "place_name": "Denmark", "country": "Denmark", "province": "abroad" }, "geometry": { "type": "Point", "coordinates": [ 9.51, 56.27 ] } },
{ "type": "Feature", "properties": { "location_id": 10538.0, "place_type": "County 縣", "place_name": "Xianju 仙居", "country": "China", "province": "Zhejiang" }, "geometry": { "type": "Point", "coordinates": [ 120.73, 28.85 ] } },
{ "type": "Feature", "properties": { "location_id": 10538.0, "place_type": "County 縣", "place_name": "Xianju 仙居", "country": "China", "province": "Zhejiang" }, "geometry": { "type": "Point", "coordinates": [ 120.73, 28.85 ] } },
{ "type": "Feature", "properties": { "location_id": 10543.0, "place_type": "City 市", "place_name": "蓬萊", "country": "China", "province": "Shandong" }, "geometry": { "type": "Point", "coordinates": [ 120.76, 37.81 ] } },
{ "type": "Feature", "properties": { "location_id": 10543.0, "place_type": "City 市", "place_name": "蓬萊", "country": "China", "province": "Shandong" }, "geometry": { "type": "Point", "coordinates": [ 120.76, 37.81 ] } },
{ "type": "Feature", "properties": { "location_id": 10546.0, "place_type": "County 縣", "place_name": "Luxi 瀘西", "country": "China", "province": "Yunnan" }, "geometry": { "type": "Point", "coordinates": [ 103.77, 24.53 ] } },
{ "type": "Feature", "properties": { "location_id": 10546.0, "place_type": "County 縣", "place_name": "Luxi 瀘西", "country": "China", "province": "Yunnan" }, "geometry": { "type": "Point", "coordinates": [ 103.77, 24.53 ] } },
{ "type": "Feature", "properties": { "location_id": 10553.0, "place_type": "County 縣", "place_name": "鄢陵", "country": "China", "province": "Henan" }, "geometry": { "type": "Point", "coordinates": [ 114.19, 34.11 ] } },
{ "type": "Feature", "properties": { "location_id": 10553.0, "place_type": "County 縣", "place_name": "鄢陵", "country": "China", "province": "Henan" }, "geometry": { "type": "Point", "coordinates": [ 114.19, 34.11 ] } },
{ "type": "Feature", "properties": { "location_id": 10580.0, "place_type": "County 縣", "place_name": "東豐", "country": "China", "province": "Liaoning" }, "geometry": { "type": "Point", "coordinates": [ 121.69, 41.19 ] } },
{ "type": "Feature", "properties": { "location_id": 10580.0, "place_type": "County 縣", "place_name": "東豐", "country": "China", "province": "Liaoning" }, "geometry": { "type": "Point", "coordinates": [ 121.69, 41.19 ] } },
{ "type": "Feature", "properties": { "location_id": 10603.0, "place_type": "County 縣", "place_name": "Shou 壽縣", "country": "China", "province": "Anhui" }, "geometry": { "type": "Point", "coordinates": [ 116.79, 32.55 ] } },
{ "type": "Feature", "properties": { "location_id": 10603.0, "place_type": "County 縣", "place_name": "Shou 壽縣", "country": "China", "province": "Anhui" }, "geometry": { "type": "Point", "coordinates": [ 116.79, 32.55 ] } },
{ "type": "Feature", "properties": { "location_id": 10648.0, "place_type": "City 市", "place_name": "Huludao 葫蘆島", "country": "China", "province": "Liaoning" }, "geometry": { "type": "Point", "coordinates": [ 120.84, 40.72 ] } },
{ "type": "Feature", "properties": { "location_id": 10648.0, "place_type": "City 市", "place_name": "Huludao 葫蘆島", "country": "China", "province": "Liaoning" }, "geometry": { "type": "Point", "coordinates": [ 120.84, 40.72 ] } },
{ "type": "Feature", "properties": { "location_id": 10672.0, "place_type": "County 縣", "place_name": "秭歸", "country": "China", "province": "Hubei" }, "geometry": { "type": "Point", "coordinates": [ 110.98, 30.83 ] } },
{ "type": "Feature", "properties": { "location_id": 10672.0, "place_type": "County 縣", "place_name": "秭歸", "country": "China", "province": "Hubei" }, "geometry": { "type": "Point", "coordinates": [ 110.98, 30.83 ] } },
{ "type": "Feature", "properties": { "location_id": 10684.0, "place_type": "County 縣", "place_name": "雙陽", "country": "China", "province": "Jilin" }, "geometry": { "type": "Point", "coordinates": [ 125.66, 43.53 ] } },
{ "type": "Feature", "properties": { "location_id": 10684.0, "place_type": "County 縣", "place_name": "雙陽", "country": "China", "province": "Jilin" }, "geometry": { "type": "Point", "coordinates": [ 125.66, 43.53 ] } },
{ "type": "Feature", "properties": { "location_id": 10710.0, "place_type": "County 縣", "place_name": "滋陽", "country": "China", "province": "Shandong" }, "geometry": { "type": "Point", "coordinates": [ 116.78, 35.55 ] } },
{ "type": "Feature", "properties": { "location_id": 10710.0, "place_type": "County 縣", "place_name": "滋陽", "country": "China", "province": "Shandong" }, "geometry": { "type": "Point", "coordinates": [ 116.78, 35.55 ] } },
{ "type": "Feature", "properties": { "location_id": 10724.0, "place_type": "County 縣", "place_name": "金谿", "country": "China", "province": "Jiangxi" }, "geometry": { "type": "Point", "coordinates": [ 116.76, 27.92 ] } },
{ "type": "Feature", "properties": { "location_id": 10724.0, "place_type": "County 縣", "place_name": "金谿", "country": "China", "province": "Jiangxi" }, "geometry": { "type": "Point", "coordinates": [ 116.76, 27.92 ] } },
{ "type": "Feature", "properties": { "location_id": 10727.0, "place_type": "County 縣", "place_name": "監利", "country": "China", "province": "Hunan" }, "geometry": { "type": "Point", "coordinates": [ 112.9, 29.82 ] } },
{ "type": "Feature", "properties": { "location_id": 10727.0, "place_type": "County 縣", "place_name": "監利", "country": "China", "province": "Hunan" }, "geometry": { "type": "Point", "coordinates": [ 112.9, 29.82 ] } },
{ "type": "Feature", "properties": { "location_id": 10730.0, "place_type": "City 市", "place_name": "義烏", "country": "China", "province": "Zhejiang" }, "geometry": { "type": "Point", "coordinates": [ 120.08, 29.31 ] } },
{ "type": "Feature", "properties": { "location_id": 10730.0, "place_type": "City 市", "place_name": "義烏", "country": "China", "province": "Zhejiang" }, "geometry": { "type": "Point", "coordinates": [ 120.08, 29.31 ] } },
{ "type": "Feature", "properties": { "location_id": 10743.0, "place_type": "City 市", "place_name": "南平", "country": "China", "province": "Fujian" }, "geometry": { "type": "Point", "coordinates": [ 118.18, 26.64 ] } },
{ "type": "Feature", "properties": { "location_id": 10743.0, "place_type": "City 市", "place_name": "南平", "country": "China", "province": "Fujian" }, "geometry": { "type": "Point", "coordinates": [ 118.18, 26.64 ] } },
{ "type": "Feature", "properties": { "location_id": 10761.0, "place_type": "Town 鎮", "place_name": "猗氏", "country": "China", "province": "Shanxi" }, "geometry": { "type": "Point", "coordinates": [ 110.77, 35.14 ] } },
{ "type": "Feature", "properties": { "location_id": 10761.0, "place_type": "Town 鎮", "place_name": "猗氏", "country": "China", "province": "Shanxi" }, "geometry": { "type": "Point", "coordinates": [ 110.77, 35.14 ] } },
{ "type": "Feature", "properties": { "location_id": 10774.0, "place_type": "City 市", "place_name": "襄陽", "country": "China", "province": "Hubei" }, "geometry": { "type": "Point", "coordinates": [ 112.16, 32.04 ] } },
{ "type": "Feature", "properties": { "location_id": 10774.0, "place_type": "City 市", "place_name": "襄陽", "country": "China", "province": "Hubei" }, "geometry": { "type": "Point", "coordinates": [ 112.16, 32.04 ] } },
{ "type": "Feature", "properties": { "location_id": 10780.0, "place_type": "City 市", "place_name": "壽光", "country": "China", "province": "Shandong" }, "geometry": { "type": "Point", "coordinates": [ 118.81, 36.86 ] } },
{ "type": "Feature", "properties": { "location_id": 10780.0, "place_type": "City 市", "place_name": "壽光", "country": "China", "province": "Shandong" }, "geometry": { "type": "Point", "coordinates": [ 118.81, 36.86 ] } },
{ "type": "Feature", "properties": { "location_id": 10808.0, "place_type": "County 縣", "place_name": "金縣", "country": "China", "province": "Liaoning" }, "geometry": { "type": "Point", "coordinates": [ 121.78, 39.05 ] } },
{ "type": "Feature", "properties": { "location_id": 10808.0, "place_type": "County 縣", "place_name": "金縣", "country": "China", "province": "Liaoning" }, "geometry": { "type": "Point", "coordinates": [ 121.78, 39.05 ] } },
{ "type": "Feature", "properties": { "location_id": 10848.0, "place_type": "City 市", "place_name": "Columbia", "country": "USA", "province": "abroad" }, "geometry": { "type": "Point", "coordinates": [ -81.03, 34.01 ] } },
{ "type": "Feature", "properties": { "location_id": 10849.0, "place_type": "US State", "place_name": "South Carolina", "country": "USA", "province": "abroad" }, "geometry": { "type": "Point", "coordinates": [ -81.03, 34.0 ] } },
{ "type": "Feature", "properties": { "location_id": 10893.0, "place_type": "County 縣", "place_name": "來安", "country": "China", "province": "Anhui" }, "geometry": { "type": "Point", "coordinates": [ 118.43, 32.42 ] } },
{ "type": "Feature", "properties": { "location_id": 10893.0, "place_type": "County 縣", "place_name": "來安", "country": "China", "province": "Anhui" }, "geometry": { "type": "Point", "coordinates": [ 118.43, 32.42 ] } },
{ "type": "Feature", "properties": { "location_id": 10904.0, "place_type": "District 區", "place_name": "奉賢", "country": "China", "province": "Jiangsu" }, "geometry": { "type": "Point", "coordinates": [ 121.41, 30.98 ] } },
{ "type": "Feature", "properties": { "location_id": 10904.0, "place_type": "District 區", "place_name": "奉賢", "country": "China", "province": "Jiangsu" }, "geometry": { "type": "Point", "coordinates": [ 121.41, 30.98 ] } },
{ "type": "Feature", "properties": { "location_id": 10909.0, "place_type": "County 縣", "place_name": "始興", "country": "China", "province": "Guangdong" }, "geometry": { "type": "Point", "coordinates": [ 114.07, 24.96 ] } },
{ "type": "Feature", "properties": { "location_id": 10909.0, "place_type": "County 縣", "place_name": "始興", "country": "China", "province": "Guangdong" }, "geometry": { "type": "Point", "coordinates": [ 114.07, 24.96 ] } },
{ "type": "Feature", "properties": { "location_id": 10912.0, "place_type": "County 縣", "place_name": "鬱南", "country": "China", "province": "Guangdong" }, "geometry": { "type": "Point", "coordinates": [ 111.62, 23.03 ] } },
{ "type": "Feature", "properties": { "location_id": 10912.0, "place_type": "County 縣", "place_name": "鬱南", "country": "China", "province": "Guangdong" }, "geometry": { "type": "Point", "coordinates": [ 111.62, 23.03 ] } },
{ "type": "Feature", "properties": { "location_id": 10928.0, "place_type": "County 縣", "place_name": "新安", "country": "China", "province": "Henan" }, "geometry": { "type": "Point", "coordinates": [ 112.13, 34.73 ] } },
{ "type": "Feature", "properties": { "location_id": 10928.0, "place_type": "County 縣", "place_name": "新安", "country": "China", "province": "Henan" }, "geometry": { "type": "Point", "coordinates": [ 112.13, 34.73 ] } },
{ "type": "Feature", "properties": { "location_id": 10953.0, "place_type": "County 縣", "place_name": "崇寧 (今成都郫都區)", "country": "China", "province": "Sichuan" }, "geometry": { "type": "Point", "coordinates": [ 103.9, 30.8 ] } },
{ "type": "Feature", "properties": { "location_id": 10953.0, "place_type": "County 縣", "place_name": "崇寧 (今成都郫都區)", "country": "China", "province": "Sichuan" }, "geometry": { "type": "Point", "coordinates": [ 103.9, 30.8 ] } },
{ "type": "Feature", "properties": { "location_id": 10958.0, "place_type": "County 縣", "place_name": "修武", "country": "China", "province": "Henan" }, "geometry": { "type": "Point", "coordinates": [ 113.45, 35.23 ] } },
{ "type": "Feature", "properties": { "location_id": 10958.0, "place_type": "County 縣", "place_name": "修武", "country": "China", "province": "Henan" }, "geometry": { "type": "Point", "coordinates": [ 113.45, 35.23 ] } },
{ "type": "Feature", "properties": { "location_id": 10975.0, "place_type": "County 縣", "place_name": "安溪", "country": "China", "province": "Fujian" }, "geometry": { "type": "Point", "coordinates": [ 118.19, 25.06 ] } },
{ "type": "Feature", "properties": { "location_id": 10975.0, "place_type": "County 縣", "place_name": "安溪", "country": "China", "province": "Fujian" }, "geometry": { "type": "Point", "coordinates": [ 118.19, 25.06 ] } },
{ "type": "Feature", "properties": { "location_id": 11031.0, "place_type": "County 縣", "place_name": "武陟", "country": "China", "province": "Henan" }, "geometry": { "type": "Point", "coordinates": [ 113.4, 35.09 ] } },
{ "type": "Feature", "properties": { "location_id": 11031.0, "place_type": "County 縣", "place_name": "武陟", "country": "China", "province": "Henan" }, "geometry": { "type": "Point", "coordinates": [ 113.4, 35.09 ] } },
{ "type": "Feature", "properties": { "location_id": 11040.0, "place_type": "County 縣", "place_name": "大名", "country": "China", "province": "Henan" }, "geometry": { "type": "Point", "coordinates": [ 115.16, 36.28 ] } },
{ "type": "Feature", "properties": { "location_id": 11040.0, "place_type": "County 縣", "place_name": "大名", "country": "China", "province": "Henan" }, "geometry": { "type": "Point", "coordinates": [ 115.16, 36.28 ] } },
{ "type": "Feature", "properties": { "location_id": 11047.0, "place_type": "District 區", "place_name": "汜水", "country": "China", "province": "Henan" }, "geometry": { "type": "Point", "coordinates": [ 113.22, 34.84 ] } },
{ "type": "Feature", "properties": { "location_id": 11047.0, "place_type": "District 區", "place_name": "汜水", "country": "China", "province": "Henan" }, "geometry": { "type": "Point", "coordinates": [ 113.22, 34.84 ] } },
{ "type": "Feature", "properties": { "location_id": 11058.0, "place_type": "County 縣", "place_name": "林甸", "country": "China", "province": "Heilongjiang" }, "geometry": { "type": "Point", "coordinates": [ 124.87, 47.16 ] } },
{ "type": "Feature", "properties": { "location_id": 11058.0, "place_type": "County 縣", "place_name": "林甸", "country": "China", "province": "Heilongjiang" }, "geometry": { "type": "Point", "coordinates": [ 124.87, 47.16 ] } },
{ "type": "Feature", "properties": { "location_id": 11115.0, "place_type": "City 市", "place_name": "濟源", "country": "China", "province": "Henan" }, "geometry": { "type": "Point", "coordinates": [ 112.58, 35.1 ] } },
{ "type": "Feature", "properties": { "location_id": 11115.0, "place_type": "City 市", "place_name": "濟源", "country": "China", "province": "Henan" }, "geometry": { "type": "Point", "coordinates": [ 112.58, 35.1 ] } },
{ "type": "Feature", "properties": { "location_id": 11135.0, "place_type": "County 縣", "place_name": "鹽山", "country": "China", "province": "Hebei" }, "geometry": { "type": "Point", "coordinates": [ 117.23, 38.05 ] } },
{ "type": "Feature", "properties": { "location_id": 11135.0, "place_type": "County 縣", "place_name": "鹽山", "country": "China", "province": "Hebei" }, "geometry": { "type": "Point", "coordinates": [ 117.23, 38.05 ] } },
{ "type": "Feature", "properties": { "location_id": 11187.0, "place_type": "District 區", "place_name": "榆次", "country": "China", "province": "Shanxi" }, "geometry": { "type": "Point", "coordinates": [ 112.72, 37.7 ] } },
{ "type": "Feature", "properties": { "location_id": 11187.0, "place_type": "District 區", "place_name": "榆次", "country": "China", "province": "Shanxi" }, "geometry": { "type": "Point", "coordinates": [ 112.72, 37.7 ] } },
{ "type": "Feature", "properties": { "location_id": 11200.0, "place_type": "District 區", "place_name": "徐水", "country": "China", "province": "Hebei" }, "geometry": { "type": "Point", "coordinates": [ 115.65, 39.02 ] } },
{ "type": "Feature", "properties": { "location_id": 11200.0, "place_type": "District 區", "place_name": "徐水", "country": "China", "province": "Hebei" }, "geometry": { "type": "Point", "coordinates": [ 115.65, 39.02 ] } },
{ "type": "Feature", "properties": { "location_id": 11209.0, "place_type": "County 縣", "place_name": "鄱陽", "country": "China", "province": "Jiangxi" }, "geometry": { "type": "Point", "coordinates": [ 116.7, 29.02 ] } },
{ "type": "Feature", "properties": { "location_id": 11209.0, "place_type": "County 縣", "place_name": "鄱陽", "country": "China", "province": "Jiangxi" }, "geometry": { "type": "Point", "coordinates": [ 116.7, 29.02 ] } },
{ "type": "Feature", "properties": { "location_id": 11217.0, "place_type": "County 縣", "place_name": "璧山", "country": "China", "province": "Sichuan" }, "geometry": { "type": "Point", "coordinates": [ 106.23, 29.59 ] } },
{ "type": "Feature", "properties": { "location_id": 11217.0, "place_type": "County 縣", "place_name": "璧山", "country": "China", "province": "Sichuan" }, "geometry": { "type": "Point", "coordinates": [ 106.23, 29.59 ] } },
{ "type": "Feature", "properties": { "location_id": 11223.0, "place_type": "Country (independent)", "place_name": "China", "country": "China", "province": "Gansu" }, "geometry": { "type": "Point", "coordinates": [ 104.06, 35.96 ] } },
{ "type": "Feature", "properties": { "location_id": 11223.0, "place_type": "Country (independent)", "place_name": "China", "country": "China", "province": "Gansu" }, "geometry": { "type": "Point", "coordinates": [ 104.06, 35.96 ] } },
{ "type": "Feature", "properties": { "location_id": 11225.0, "place_type": "County 縣", "place_name": "桓仁", "country": "China", "province": "Liaoning" }, "geometry": { "type": "Point", "coordinates": [ 125.36, 41.27 ] } },
{ "type": "Feature", "properties": { "location_id": 11225.0, "place_type": "County 縣", "place_name": "桓仁", "country": "China", "province": "Liaoning" }, "geometry": { "type": "Point", "coordinates": [ 125.36, 41.27 ] } },
{ "type": "Feature", "properties": { "location_id": 11289.0, "place_type": "City 市", "place_name": "柳州", "country": "China", "province": "Guangxi" }, "geometry": { "type": "Point", "coordinates": [ 109.43, 24.33 ] } },
{ "type": "Feature", "properties": { "location_id": 11289.0, "place_type": "City 市", "place_name": "柳州", "country": "China", "province": "Guangxi" }, "geometry": { "type": "Point", "coordinates": [ 109.43, 24.33 ] } },
{ "type": "Feature", "properties": { "location_id": 11343.0, "place_type": "Town 鎮", "place_name": "賈汪 (賈汪鎮)", "country": "China", "province": "Jiangsu" }, "geometry": { "type": "Point", "coordinates": [ 117.47, 34.43 ] } },
{ "type": "Feature", "properties": { "location_id": 11343.0, "place_type": "Town 鎮", "place_name": "賈汪 (賈汪鎮)", "country": "China", "province": "Jiangsu" }, "geometry": { "type": "Point", "coordinates": [ 117.47, 34.43 ] } },
{ "type": "Feature", "properties": { "location_id": 11393.0, "place_type": "County 縣", "place_name": "焦嶺", "country": "China", "province": "Guangdong" }, "geometry": { "type": "Point", "coordinates": [ 116.17, 24.66 ] } },
{ "type": "Feature", "properties": { "location_id": 11393.0, "place_type": "County 縣", "place_name": "焦嶺", "country": "China", "province": "Guangdong" }, "geometry": { "type": "Point", "coordinates": [ 116.17, 24.66 ] } },
{ "type": "Feature", "properties": { "location_id": 11413.0, "place_type": "City 市", "place_name": "內江", "country": "China", "province": "Sichuan" }, "geometry": { "type": "Point", "coordinates": [ 105.06, 29.58 ] } },
{ "type": "Feature", "properties": { "location_id": 11413.0, "place_type": "City 市", "place_name": "內江", "country": "China", "province": "Sichuan" }, "geometry": { "type": "Point", "coordinates": [ 105.06, 29.58 ] } },
{ "type": "Feature", "properties": { "location_id": 11440.0, "place_type": "County 縣", "place_name": "吉水", "country": "China", "province": "Jiangxi" }, "geometry": { "type": "Point", "coordinates": [ 115.14, 27.23 ] } },
{ "type": "Feature", "properties": { "location_id": 11440.0, "place_type": "County 縣", "place_name": "吉水", "country": "China", "province": "Jiangxi" }, "geometry": { "type": "Point", "coordinates": [ 115.14, 27.23 ] } },
{ "type": "Feature", "properties": { "location_id": 11472.0, "place_type": "County 縣", "place_name": "全椒", "country": "China", "province": "Anhui" }, "geometry": { "type": "Point", "coordinates": [ 118.27, 32.09 ] } },
{ "type": "Feature", "properties": { "location_id": 11472.0, "place_type": "County 縣", "place_name": "全椒", "country": "China", "province": "Anhui" }, "geometry": { "type": "Point", "coordinates": [ 118.27, 32.09 ] } },
{ "type": "Feature", "properties": { "location_id": 11475.0, "place_type": "County 縣", "place_name": "霍邱", "country": "China", "province": "Anhui" }, "geometry": { "type": "Point", "coordinates": [ 116.27, 32.36 ] } },
{ "type": "Feature", "properties": { "location_id": 11475.0, "place_type": "County 縣", "place_name": "霍邱", "country": "China", "province": "Anhui" }, "geometry": { "type": "Point", "coordinates": [ 116.27, 32.36 ] } },
{ "type": "Feature", "properties": { "location_id": 11496.0, "place_type": "County 縣", "place_name": "旌德", "country": "China", "province": "Anhui" }, "geometry": { "type": "Point", "coordinates": [ 118.54, 30.29 ] } },
{ "type": "Feature", "properties": { "location_id": 11496.0, "place_type": "County 縣", "place_name": "旌德", "country": "China", "province": "Anhui" }, "geometry": { "type": "Point", "coordinates": [ 118.54, 30.29 ] } },
{ "type": "Feature", "properties": { "location_id": 11516.0, "place_type": "County 縣", "place_name": "金壇", "country": "China", "province": "Jiangsu" }, "geometry": { "type": "Point", "coordinates": [ 119.6, 31.73 ] } },
{ "type": "Feature", "properties": { "location_id": 11516.0, "place_type": "County 縣", "place_name": "金壇", "country": "China", "province": "Jiangsu" }, "geometry": { "type": "Point", "coordinates": [ 119.6, 31.73 ] } },
{ "type": "Feature", "properties": { "location_id": 11522.0, "place_type": "County 縣", "place_name": "博羅", "country": "China", "province": "Guangdong" }, "geometry": { "type": "Point", "coordinates": [ 114.29, 23.18 ] } },
{ "type": "Feature", "properties": { "location_id": 11522.0, "place_type": "County 縣", "place_name": "博羅", "country": "China", "province": "Guangdong" }, "geometry": { "type": "Point", "coordinates": [ 114.29, 23.18 ] } },
{ "type": "Feature", "properties": { "location_id": 11541.0, "place_type": "Area 地方", "place_name": "Kyushu 日本九洲", "country": "Japan", "province": "abroad" }, "geometry": { "type": "Point", "coordinates": [ 130.4, 33.59 ] } },
{ "type": "Feature", "properties": { "location_id": 11545.0, "place_type": "County 縣", "place_name": "臨晉", "country": "China", "province": "Shaanxi" }, "geometry": { "type": "Point", "coordinates": [ 110.56, 35.1 ] } },
{ "type": "Feature", "properties": { "location_id": 11545.0, "place_type": "County 縣", "place_name": "臨晉", "country": "China", "province": "Shaanxi" }, "geometry": { "type": "Point", "coordinates": [ 110.56, 35.1 ] } },
{ "type": "Feature", "properties": { "location_id": 11551.0, "place_type": "County 縣", "place_name": "邕寧", "country": "China", "province": "Guangxi" }, "geometry": { "type": "Point", "coordinates": [ 108.49, 22.76 ] } },
{ "type": "Feature", "properties": { "location_id": 11551.0, "place_type": "County 縣", "place_name": "邕寧", "country": "China", "province": "Guangxi" }, "geometry": { "type": "Point", "coordinates": [ 108.49, 22.76 ] } },
{ "type": "Feature", "properties": { "location_id": 11554.0, "place_type": "County 縣", "place_name": "浙川", "country": "China", "province": "Hubei" }, "geometry": { "type": "Point", "coordinates": [ 111.49, 33.14 ] } },
{ "type": "Feature", "properties": { "location_id": 11554.0, "place_type": "County 縣", "place_name": "浙川", "country": "China", "province": "Hubei" }, "geometry": { "type": "Point", "coordinates": [ 111.49, 33.14 ] } },
{ "type": "Feature", "properties": { "location_id": 11591.0, "place_type": "County 縣", "place_name": "豐縣", "country": "China", "province": "Jiangsu" }, "geometry": { "type": "Point", "coordinates": [ 116.6, 34.69 ] } },
{ "type": "Feature", "properties": { "location_id": 11591.0, "place_type": "County 縣", "place_name": "豐縣", "country": "China", "province": "Jiangsu" }, "geometry": { "type": "Point", "coordinates": [ 116.6, 34.69 ] } },
{ "type": "Feature", "properties": { "location_id": 11622.0, "place_type": "County 縣", "place_name": "上林", "country": "China", "province": "Guangxi" }, "geometry": { "type": "Point", "coordinates": [ 108.61, 23.43 ] } },
{ "type": "Feature", "properties": { "location_id": 11622.0, "place_type": "County 縣", "place_name": "上林", "country": "China", "province": "Guangxi" }, "geometry": { "type": "Point", "coordinates": [ 108.61, 23.43 ] } },
{ "type": "Feature", "properties": { "location_id": 11645.0, "place_type": "County 縣", "place_name": "大新", "country": "China", "province": "Guangxi" }, "geometry": { "type": "Point", "coordinates": [ 107.2, 22.83 ] } },
{ "type": "Feature", "properties": { "location_id": 11645.0, "place_type": "County 縣", "place_name": "大新", "country": "China", "province": "Guangxi" }, "geometry": { "type": "Point", "coordinates": [ 107.2, 22.83 ] } },
{ "type": "Feature", "properties": { "location_id": 11648.0, "place_type": "District 區", "place_name": "湘東", "country": "China", "province": "Jiangxi" }, "geometry": { "type": "Point", "coordinates": [ 113.73, 27.64 ] } },
{ "type": "Feature", "properties": { "location_id": 11648.0, "place_type": "District 區", "place_name": "湘東", "country": "China", "province": "Jiangxi" }, "geometry": { "type": "Point", "coordinates": [ 113.73, 27.64 ] } },
{ "type": "Feature", "properties": { "location_id": 11653.0, "place_type": "County 縣", "place_name": "錦屏鐵礦", "country": "China", "province": "Guizhou" }, "geometry": { "type": "Point", "coordinates": [ 109.2, 26.68 ] } },
{ "type": "Feature", "properties": { "location_id": 11653.0, "place_type": "County 縣", "place_name": "錦屏鐵礦", "country": "China", "province": "Guizhou" }, "geometry": { "type": "Point", "coordinates": [ 109.2, 26.68 ] } },
{ "type": "Feature", "properties": { "location_id": 11706.0, "place_type": "County 縣", "place_name": "廉江", "country": "China", "province": "Guangdong" }, "geometry": { "type": "Point", "coordinates": [ 110.29, 21.61 ] } },
{ "type": "Feature", "properties": { "location_id": 11706.0, "place_type": "County 縣", "place_name": "廉江", "country": "China", "province": "Guangdong" }, "geometry": { "type": "Point", "coordinates": [ 110.29, 21.61 ] } },
{ "type": "Feature", "properties": { "location_id": 11758.0, "place_type": "County 縣", "place_name": "啓東", "country": "China", "province": "Jiangsu" }, "geometry": { "type": "Point", "coordinates": [ 121.66, 31.79 ] } },
{ "type": "Feature", "properties": { "location_id": 11758.0, "place_type": "County 縣", "place_name": "啓東", "country": "China", "province": "Jiangsu" }, "geometry": { "type": "Point", "coordinates": [ 121.66, 31.79 ] } },
{ "type": "Feature", "properties": { "location_id": 11806.0, "place_type": "City 市", "place_name": "Ghent", "country": "Belgium", "province": "abroad" }, "geometry": { "type": "Point", "coordinates": [ 3.72, 51.05 ] } },
{ "type": "Feature", "properties": { "location_id": 11834.0, "place_type": "County 縣", "place_name": "臨漳", "country": "China", "province": "Henan" }, "geometry": { "type": "Point", "coordinates": [ 114.62, 36.33 ] } },
{ "type": "Feature", "properties": { "location_id": 11834.0, "place_type": "County 縣", "place_name": "臨漳", "country": "China", "province": "Henan" }, "geometry": { "type": "Point", "coordinates": [ 114.62, 36.33 ] } },
{ "type": "Feature", "properties": { "location_id": 11899.0, "place_type": "Country (independent)", "place_name": "Austria", "country": "Austria", "province": "abroad" }, "geometry": { "type": "Point", "coordinates": [ 16.37, 48.21 ] } },
{ "type": "Feature", "properties": { "location_id": 11911.0, "place_type": "City 市", "place_name": "玉溪", "country": "China", "province": "Yunnan" }, "geometry": { "type": "Point", "coordinates": [ 102.53, 24.35 ] } },
{ "type": "Feature", "properties": { "location_id": 11911.0, "place_type": "City 市", "place_name": "玉溪", "country": "China", "province": "Yunnan" }, "geometry": { "type": "Point", "coordinates": [ 102.53, 24.35 ] } },
{ "type": "Feature", "properties": { "location_id": 11932.0, "place_type": "County 縣", "place_name": "雲浮", "country": "China", "province": "Guangdong" }, "geometry": { "type": "Point", "coordinates": [ 112.04, 22.91 ] } },
{ "type": "Feature", "properties": { "location_id": 11932.0, "place_type": "County 縣", "place_name": "雲浮", "country": "China", "province": "Guangdong" }, "geometry": { "type": "Point", "coordinates": [ 112.04, 22.91 ] } },
{ "type": "Feature", "properties": { "location_id": 11945.0, "place_type": "County 縣", "place_name": "蒙自", "country": "China", "province": "Yunnan" }, "geometry": { "type": "Point", "coordinates": [ 103.37, 23.4 ] } },
{ "type": "Feature", "properties": { "location_id": 11945.0, "place_type": "County 縣", "place_name": "蒙自", "country": "China", "province": "Yunnan" }, "geometry": { "type": "Point", "coordinates": [ 103.37, 23.4 ] } },
{ "type": "Feature", "properties": { "location_id": 11962.0, "place_type": "County 縣", "place_name": "寧河", "country": "China", "province": "Hebei" }, "geometry": { "type": "Point", "coordinates": [ 117.83, 39.33 ] } },
{ "type": "Feature", "properties": { "location_id": 11962.0, "place_type": "County 縣", "place_name": "寧河", "country": "China", "province": "Hebei" }, "geometry": { "type": "Point", "coordinates": [ 117.83, 39.33 ] } },
{ "type": "Feature", "properties": { "location_id": 11993.0, "place_type": "County 縣", "place_name": "靈邱", "country": "China", "province": "Shanxi" }, "geometry": { "type": "Point", "coordinates": [ 114.23, 39.45 ] } },
{ "type": "Feature", "properties": { "location_id": 11993.0, "place_type": "County 縣", "place_name": "靈邱", "country": "China", "province": "Shanxi" }, "geometry": { "type": "Point", "coordinates": [ 114.23, 39.45 ] } },
{ "type": "Feature", "properties": { "location_id": 11999.0, "place_type": "County 縣", "place_name": "興縣", "country": "China", "province": "Shanxi" }, "geometry": { "type": "Point", "coordinates": [ 111.12, 38.46 ] } },
{ "type": "Feature", "properties": { "location_id": 11999.0, "place_type": "County 縣", "place_name": "興縣", "country": "China", "province": "Shanxi" }, "geometry": { "type": "Point", "coordinates": [ 111.12, 38.46 ] } },
{ "type": "Feature", "properties": { "location_id": 12012.0, "place_type": "Special Administrative Region 特別區", "place_name": "North Shanxi Autonomous Government 晉北", "country": "China", "province": "Shanxi" }, "geometry": { "type": "Point", "coordinates": [ 112.6, 37.69 ] } },
{ "type": "Feature", "properties": { "location_id": 12012.0, "place_type": "Special Administrative Region 特別區", "place_name": "North Shanxi Autonomous Government 晉北", "country": "China", "province": "Shanxi" }, "geometry": { "type": "Point", "coordinates": [ 112.6, 37.69 ] } },
{ "type": "Feature", "properties": { "location_id": 12014.0, "place_type": "City 市", "place_name": "新民", "country": "China", "province": "Liaoning" }, "geometry": { "type": "Point", "coordinates": [ 122.83, 42.0 ] } },
{ "type": "Feature", "properties": { "location_id": 12014.0, "place_type": "City 市", "place_name": "新民", "country": "China", "province": "Liaoning" }, "geometry": { "type": "Point", "coordinates": [ 122.83, 42.0 ] } },
{ "type": "Feature", "properties": { "location_id": 12029.0, "place_type": "Town 鎮", "place_name": "榮河", "country": "China", "province": "Shaanxi" }, "geometry": { "type": "Point", "coordinates": [ 110.55, 35.35 ] } },
{ "type": "Feature", "properties": { "location_id": 12029.0, "place_type": "Town 鎮", "place_name": "榮河", "country": "China", "province": "Shaanxi" }, "geometry": { "type": "Point", "coordinates": [ 110.55, 35.35 ] } },
{ "type": "Feature", "properties": { "location_id": 12042.0, "place_type": "County 縣", "place_name": "泗陽", "country": "China", "province": "Jiangsu" }, "geometry": { "type": "Point", "coordinates": [ 118.71, 33.72 ] } },
{ "type": "Feature", "properties": { "location_id": 12042.0, "place_type": "County 縣", "place_name": "泗陽", "country": "China", "province": "Jiangsu" }, "geometry": { "type": "Point", "coordinates": [ 118.71, 33.72 ] } },
{ "type": "Feature", "properties": { "location_id": 12053.0, "place_type": "City 市", "place_name": "San Francisco", "country": "USA", "province": "abroad" }, "geometry": { "type": "Point", "coordinates": [ -122.42, 37.77 ] } },
{ "type": "Feature", "properties": { "location_id": 12065.0, "place_type": "City 市", "place_name": "Chicago", "country": "USA", "province": "abroad" }, "geometry": { "type": "Point", "coordinates": [ -87.63, 41.88 ] } },
{ "type": "Feature", "properties": { "location_id": 12113.0, "place_type": "City 市", "place_name": "台州", "country": "China", "province": "Zhejiang" }, "geometry": { "type": "Point", "coordinates": [ 121.42, 28.65 ] } },
{ "type": "Feature", "properties": { "location_id": 12113.0, "place_type": "City 市", "place_name": "台州", "country": "China", "province": "Zhejiang" }, "geometry": { "type": "Point", "coordinates": [ 121.42, 28.65 ] } },
{ "type": "Feature", "properties": { "location_id": 12167.0, "place_type": "County 縣", "place_name": "句容", "country": "China", "province": "Jiangsu" }, "geometry": { "type": "Point", "coordinates": [ 119.16, 31.95 ] } },
{ "type": "Feature", "properties": { "location_id": 12167.0, "place_type": "County 縣", "place_name": "句容", "country": "China", "province": "Jiangsu" }, "geometry": { "type": "Point", "coordinates": [ 119.16, 31.95 ] } },
{ "type": "Feature", "properties": { "location_id": 12235.0, "place_type": "County 縣", "place_name": "長山", "country": "China", "province": "Shandong" }, "geometry": { "type": "Point", "coordinates": [ 117.78, 36.85 ] } },
{ "type": "Feature", "properties": { "location_id": 12235.0, "place_type": "County 縣", "place_name": "長山", "country": "China", "province": "Shandong" }, "geometry": { "type": "Point", "coordinates": [ 117.78, 36.85 ] } },
{ "type": "Feature", "properties": { "location_id": 12342.0, "place_type": "Area 地方", "place_name": "Huanggutun 皇姑屯", "country": "China", "province": "Liaoning" }, "geometry": { "type": "Point", "coordinates": [ 123.39, 41.82 ] } },
{ "type": "Feature", "properties": { "location_id": 12342.0, "place_type": "Area 地方", "place_name": "Huanggutun 皇姑屯", "country": "China", "province": "Liaoning" }, "geometry": { "type": "Point", "coordinates": [ 123.39, 41.82 ] } },
{ "type": "Feature", "properties": { "location_id": 12348.0, "place_type": "County 縣", "place_name": "方城", "country": "China", "province": "Henan" }, "geometry": { "type": "Point", "coordinates": [ 113.02, 33.26 ] } },
{ "type": "Feature", "properties": { "location_id": 12348.0, "place_type": "County 縣", "place_name": "方城", "country": "China", "province": "Henan" }, "geometry": { "type": "Point", "coordinates": [ 113.02, 33.26 ] } },
{ "type": "Feature", "properties": { "location_id": 12361.0, "place_type": "County 縣", "place_name": "陽城", "country": "China", "province": "Shanxi" }, "geometry": { "type": "Point", "coordinates": [ 112.42, 35.48 ] } },
{ "type": "Feature", "properties": { "location_id": 12361.0, "place_type": "County 縣", "place_name": "陽城", "country": "China", "province": "Shanxi" }, "geometry": { "type": "Point", "coordinates": [ 112.42, 35.48 ] } },
{ "type": "Feature", "properties": { "location_id": 12372.0, "place_type": "County 縣", "place_name": "博山縣", "country": "China", "province": "Shandong" }, "geometry": { "type": "Point", "coordinates": [ 117.96, 36.35 ] } },
{ "type": "Feature", "properties": { "location_id": 12372.0, "place_type": "County 縣", "place_name": "博山縣", "country": "China", "province": "Shandong" }, "geometry": { "type": "Point", "coordinates": [ 117.96, 36.35 ] } },
{ "type": "Feature", "properties": { "location_id": 12436.0, "place_type": "City 市", "place_name": "樂山", "country": "China", "province": "Sichuan" }, "geometry": { "type": "Point", "coordinates": [ 103.77, 29.55 ] } },
{ "type": "Feature", "properties": { "location_id": 12436.0, "place_type": "City 市", "place_name": "樂山", "country": "China", "province": "Sichuan" }, "geometry": { "type": "Point", "coordinates": [ 103.77, 29.55 ] } },
{ "type": "Feature", "properties": { "location_id": 12500.0, "place_type": "Area 地方", "place_name": "紫江", "country": "China", "province": "Guizhou" }, "geometry": { "type": "Point", "coordinates": [ 107.03, 27.0 ] } },
{ "type": "Feature", "properties": { "location_id": 12500.0, "place_type": "Area 地方", "place_name": "紫江", "country": "China", "province": "Guizhou" }, "geometry": { "type": "Point", "coordinates": [ 107.03, 27.0 ] } },
{ "type": "Feature", "properties": { "location_id": 12542.0, "place_type": "County 縣", "place_name": "大城", "country": "China", "province": "Hebei" }, "geometry": { "type": "Point", "coordinates": [ 116.66, 38.7 ] } },
{ "type": "Feature", "properties": { "location_id": 12542.0, "place_type": "County 縣", "place_name": "大城", "country": "China", "province": "Hebei" }, "geometry": { "type": "Point", "coordinates": [ 116.66, 38.7 ] } },
{ "type": "Feature", "properties": { "location_id": 12589.0, "place_type": "County 縣", "place_name": "藤縣", "country": "China", "province": "Guangxi" }, "geometry": { "type": "Point", "coordinates": [ 110.91, 23.38 ] } },
{ "type": "Feature", "properties": { "location_id": 12589.0, "place_type": "County 縣", "place_name": "藤縣", "country": "China", "province": "Guangxi" }, "geometry": { "type": "Point", "coordinates": [ 110.91, 23.38 ] } },
{ "type": "Feature", "properties": { "location_id": 12667.0, "place_type": "County 縣", "place_name": "彭澤", "country": "China", "province": "Jiangxi" }, "geometry": { "type": "Point", "coordinates": [ 116.55, 29.9 ] } },
{ "type": "Feature", "properties": { "location_id": 12667.0, "place_type": "County 縣", "place_name": "彭澤", "country": "China", "province": "Jiangxi" }, "geometry": { "type": "Point", "coordinates": [ 116.55, 29.9 ] } },
{ "type": "Feature", "properties": { "location_id": 12691.0, "place_type": "County 縣", "place_name": "蓮花", "country": "China", "province": "Hunan" }, "geometry": { "type": "Point", "coordinates": [ 113.96, 27.13 ] } },
{ "type": "Feature", "properties": { "location_id": 12691.0, "place_type": "County 縣", "place_name": "蓮花", "country": "China", "province": "Hunan" }, "geometry": { "type": "Point", "coordinates": [ 113.96, 27.13 ] } },
{ "type": "Feature", "properties": { "location_id": 12726.0, "place_type": "County 縣", "place_name": "六河溝", "country": "China", "province": "Shanxi" }, "geometry": { "type": "Point", "coordinates": [ 114.72, 39.31 ] } },
{ "type": "Feature", "properties": { "location_id": 12726.0, "place_type": "County 縣", "place_name": "六河溝", "country": "China", "province": "Shanxi" }, "geometry": { "type": "Point", "coordinates": [ 114.72, 39.31 ] } },
{ "type": "Feature", "properties": { "location_id": 12743.0, "place_type": "County 縣", "place_name": "京山", "country": "China", "province": "Hubei" }, "geometry": { "type": "Point", "coordinates": [ 113.12, 31.01 ] } },
{ "type": "Feature", "properties": { "location_id": 12743.0, "place_type": "County 縣", "place_name": "京山", "country": "China", "province": "Hubei" }, "geometry": { "type": "Point", "coordinates": [ 113.12, 31.01 ] } },
{ "type": "Feature", "properties": { "location_id": 12761.0, "place_type": "County 縣", "place_name": "大竹", "country": "China", "province": "Sichuan" }, "geometry": { "type": "Point", "coordinates": [ 107.2, 30.74 ] } },
{ "type": "Feature", "properties": { "location_id": 12761.0, "place_type": "County 縣", "place_name": "大竹", "country": "China", "province": "Sichuan" }, "geometry": { "type": "Point", "coordinates": [ 107.2, 30.74 ] } },
{ "type": "Feature", "properties": { "location_id": 12773.0, "place_type": "District 區", "place_name": "Brooklyn", "country": "USA", "province": "abroad" }, "geometry": { "type": "Point", "coordinates": [ -73.94, 40.68 ] } },
{ "type": "Feature", "properties": { "location_id": 12778.0, "place_type": "County 縣", "place_name": "福山", "country": "China", "province": "Shandong" }, "geometry": { "type": "Point", "coordinates": [ 121.27, 37.5 ] } },
{ "type": "Feature", "properties": { "location_id": 12778.0, "place_type": "County 縣", "place_name": "福山", "country": "China", "province": "Shandong" }, "geometry": { "type": "Point", "coordinates": [ 121.27, 37.5 ] } },
{ "type": "Feature", "properties": { "location_id": 12785.0, "place_type": "District 區", "place_name": "坊子", "country": "China", "province": "Shandong" }, "geometry": { "type": "Point", "coordinates": [ 119.17, 36.66 ] } },
{ "type": "Feature", "properties": { "location_id": 12785.0, "place_type": "District 區", "place_name": "坊子", "country": "China", "province": "Shandong" }, "geometry": { "type": "Point", "coordinates": [ 119.17, 36.66 ] } },
{ "type": "Feature", "properties": { "location_id": 12798.0, "place_type": "County 縣", "place_name": "連江", "country": "China", "province": "Fujian" }, "geometry": { "type": "Point", "coordinates": [ 119.95, 26.16 ] } },
{ "type": "Feature", "properties": { "location_id": 12798.0, "place_type": "County 縣", "place_name": "連江", "country": "China", "province": "Fujian" }, "geometry": { "type": "Point", "coordinates": [ 119.95, 26.16 ] } },
{ "type": "Feature", "properties": { "location_id": 12798.0, "place_type": "County 縣", "place_name": "連江", "country": "China", "province": "Islands" }, "geometry": { "type": "Point", "coordinates": [ 119.95, 26.16 ] } },
{ "type": "Feature", "properties": { "location_id": 12808.0, "place_type": "City 市", "place_name": "南充", "country": "China", "province": "Sichuan" }, "geometry": { "type": "Point", "coordinates": [ 106.11, 30.84 ] } },
{ "type": "Feature", "properties": { "location_id": 12808.0, "place_type": "City 市", "place_name": "南充", "country": "China", "province": "Sichuan" }, "geometry": { "type": "Point", "coordinates": [ 106.11, 30.84 ] } },
{ "type": "Feature", "properties": { "location_id": 12853.0, "place_type": "City 市", "place_name": "靖安", "country": "China", "province": "Jiangxi" }, "geometry": { "type": "Point", "coordinates": [ 115.36, 28.86 ] } },
{ "type": "Feature", "properties": { "location_id": 12853.0, "place_type": "City 市", "place_name": "靖安", "country": "China", "province": "Jiangxi" }, "geometry": { "type": "Point", "coordinates": [ 115.36, 28.86 ] } },
{ "type": "Feature", "properties": { "location_id": 12887.0, "place_type": "City 市", "place_name": "安康", "country": "China", "province": "Shaanxi" }, "geometry": { "type": "Point", "coordinates": [ 109.03, 32.69 ] } },
{ "type": "Feature", "properties": { "location_id": 12887.0, "place_type": "City 市", "place_name": "安康", "country": "China", "province": "Shaanxi" }, "geometry": { "type": "Point", "coordinates": [ 109.03, 32.69 ] } },
{ "type": "Feature", "properties": { "location_id": 12923.0, "place_type": "City 市", "place_name": "Baoding 保定", "country": "China", "province": "Hebei" }, "geometry": { "type": "Point", "coordinates": [ 115.46, 38.87 ] } },
{ "type": "Feature", "properties": { "location_id": 12923.0, "place_type": "City 市", "place_name": "Baoding 保定", "country": "China", "province": "Hebei" }, "geometry": { "type": "Point", "coordinates": [ 115.46, 38.87 ] } },
{ "type": "Feature", "properties": { "location_id": 12929.0, "place_type": "City 市", "place_name": "荊門", "country": "China", "province": "Hubei" }, "geometry": { "type": "Point", "coordinates": [ 112.2, 31.04 ] } },
{ "type": "Feature", "properties": { "location_id": 12929.0, "place_type": "City 市", "place_name": "荊門", "country": "China", "province": "Hubei" }, "geometry": { "type": "Point", "coordinates": [ 112.2, 31.04 ] } },
{ "type": "Feature", "properties": { "location_id": 13001.0, "place_type": "County 縣", "place_name": "象山", "country": "China", "province": "Zhejiang" }, "geometry": { "type": "Point", "coordinates": [ 121.86, 29.48 ] } },
{ "type": "Feature", "properties": { "location_id": 13001.0, "place_type": "County 縣", "place_name": "象山", "country": "China", "province": "Zhejiang" }, "geometry": { "type": "Point", "coordinates": [ 121.86, 29.48 ] } },
{ "type": "Feature", "properties": { "location_id": 13033.0, "place_type": "County 縣", "place_name": "石屏", "country": "China", "province": "Yunnan" }, "geometry": { "type": "Point", "coordinates": [ 102.49, 23.71 ] } },
{ "type": "Feature", "properties": { "location_id": 13033.0, "place_type": "County 縣", "place_name": "石屏", "country": "China", "province": "Yunnan" }, "geometry": { "type": "Point", "coordinates": [ 102.49, 23.71 ] } },
{ "type": "Feature", "properties": { "location_id": 13060.0, "place_type": "City 市", "place_name": "Harbin 哈爾濱", "country": "China", "province": "Jilin" }, "geometry": { "type": "Point", "coordinates": [ 126.61, 45.76 ] } },
{ "type": "Feature", "properties": { "location_id": 13060.0, "place_type": "City 市", "place_name": "Harbin 哈爾濱", "country": "China", "province": "Jilin" }, "geometry": { "type": "Point", "coordinates": [ 126.61, 45.76 ] } },
{ "type": "Feature", "properties": { "location_id": 13119.0, "place_type": "County 縣", "place_name": "濮陽", "country": "China", "province": "Henan" }, "geometry": { "type": "Point", "coordinates": [ 115.03, 35.76 ] } },
{ "type": "Feature", "properties": { "location_id": 13119.0, "place_type": "County 縣", "place_name": "濮陽", "country": "China", "province": "Henan" }, "geometry": { "type": "Point", "coordinates": [ 115.03, 35.76 ] } },
{ "type": "Feature", "properties": { "location_id": 13132.0, "place_type": "County 縣", "place_name": "沅陵", "country": "China", "province": "Hunan" }, "geometry": { "type": "Point", "coordinates": [ 110.4, 28.45 ] } },
{ "type": "Feature", "properties": { "location_id": 13132.0, "place_type": "County 縣", "place_name": "沅陵", "country": "China", "province": "Hunan" }, "geometry": { "type": "Point", "coordinates": [ 110.4, 28.45 ] } },
{ "type": "Feature", "properties": { "location_id": 13164.0, "place_type": "City 市", "place_name": "田川", "country": "Japan", "province": "abroad" }, "geometry": { "type": "Point", "coordinates": [ 130.81, 33.64 ] } },
{ "type": "Feature", "properties": { "location_id": 13183.0, "place_type": "County 縣", "place_name": "崇仁", "country": "China", "province": "Jiangxi" }, "geometry": { "type": "Point", "coordinates": [ 116.06, 27.76 ] } },
{ "type": "Feature", "properties": { "location_id": 13183.0, "place_type": "County 縣", "place_name": "崇仁", "country": "China", "province": "Jiangxi" }, "geometry": { "type": "Point", "coordinates": [ 116.06, 27.76 ] } },
{ "type": "Feature", "properties": { "location_id": 13190.0, "place_type": "County 縣", "place_name": "織金", "country": "China", "province": "Guizhou" }, "geometry": { "type": "Point", "coordinates": [ 105.77, 26.66 ] } },
{ "type": "Feature", "properties": { "location_id": 13190.0, "place_type": "County 縣", "place_name": "織金", "country": "China", "province": "Guizhou" }, "geometry": { "type": "Point", "coordinates": [ 105.77, 26.66 ] } },
{ "type": "Feature", "properties": { "location_id": 13274.0, "place_type": "County 縣", "place_name": "佛崗", "country": "China", "province": "Guangdong" }, "geometry": { "type": "Point", "coordinates": [ 113.53, 23.88 ] } },
{ "type": "Feature", "properties": { "location_id": 13274.0, "place_type": "County 縣", "place_name": "佛崗", "country": "China", "province": "Guangdong" }, "geometry": { "type": "Point", "coordinates": [ 113.53, 23.88 ] } },
{ "type": "Feature", "properties": { "location_id": 13364.0, "place_type": "County 縣", "place_name": "曲江", "country": "China", "province": "Guangdong" }, "geometry": { "type": "Point", "coordinates": [ 113.6, 24.68 ] } },
{ "type": "Feature", "properties": { "location_id": 13364.0, "place_type": "County 縣", "place_name": "曲江", "country": "China", "province": "Guangdong" }, "geometry": { "type": "Point", "coordinates": [ 113.6, 24.68 ] } },
{ "type": "Feature", "properties": { "location_id": 13368.0, "place_type": "City 市", "place_name": "Easton", "country": "USA", "province": "abroad" }, "geometry": { "type": "Point", "coordinates": [ -75.22, 40.69 ] } },
{ "type": "Feature", "properties": { "location_id": 13397.0, "place_type": "City 市", "place_name": "當陽", "country": "China", "province": "Hubei" }, "geometry": { "type": "Point", "coordinates": [ 111.79, 30.82 ] } },
{ "type": "Feature", "properties": { "location_id": 13397.0, "place_type": "City 市", "place_name": "當陽", "country": "China", "province": "Hubei" }, "geometry": { "type": "Point", "coordinates": [ 111.79, 30.82 ] } },
{ "type": "Feature", "properties": { "location_id": 13408.0, "place_type": "County 縣", "place_name": "魯山", "country": "China", "province": "Henan" }, "geometry": { "type": "Point", "coordinates": [ 112.91, 33.74 ] } },
{ "type": "Feature", "properties": { "location_id": 13408.0, "place_type": "County 縣", "place_name": "魯山", "country": "China", "province": "Henan" }, "geometry": { "type": "Point", "coordinates": [ 112.91, 33.74 ] } },
{ "type": "Feature", "properties": { "location_id": 13425.0, "place_type": "County 縣", "place_name": "隰縣", "country": "China", "province": "Shanxi" }, "geometry": { "type": "Point", "coordinates": [ 110.94, 36.69 ] } },
{ "type": "Feature", "properties": { "location_id": 13425.0, "place_type": "County 縣", "place_name": "隰縣", "country": "China", "province": "Shanxi" }, "geometry": { "type": "Point", "coordinates": [ 110.94, 36.69 ] } },
{ "type": "Feature", "properties": { "location_id": 13428.0, "place_type": "County 縣", "place_name": "隆昌", "country": "China", "province": "Sichuan" }, "geometry": { "type": "Point", "coordinates": [ 105.29, 29.34 ] } },
{ "type": "Feature", "properties": { "location_id": 13428.0, "place_type": "County 縣", "place_name": "隆昌", "country": "China", "province": "Sichuan" }, "geometry": { "type": "Point", "coordinates": [ 105.29, 29.34 ] } },
{ "type": "Feature", "properties": { "location_id": 13462.0, "place_type": "County 縣", "place_name": "孟津", "country": "China", "province": "Henan" }, "geometry": { "type": "Point", "coordinates": [ 112.45, 34.83 ] } },
{ "type": "Feature", "properties": { "location_id": 13462.0, "place_type": "County 縣", "place_name": "孟津", "country": "China", "province": "Henan" }, "geometry": { "type": "Point", "coordinates": [ 112.45, 34.83 ] } },
{ "type": "Feature", "properties": { "location_id": 13474.0, "place_type": "City 市", "place_name": "Norman", "country": "USA", "province": "abroad" }, "geometry": { "type": "Point", "coordinates": [ -97.44, 35.22 ] } },
{ "type": "Feature", "properties": { "location_id": 13559.0, "place_type": "County 縣", "place_name": "汾西", "country": "China", "province": "Shanxi" }, "geometry": { "type": "Point", "coordinates": [ 111.56, 36.65 ] } },
{ "type": "Feature", "properties": { "location_id": 13559.0, "place_type": "County 縣", "place_name": "汾西", "country": "China", "province": "Shanxi" }, "geometry": { "type": "Point", "coordinates": [ 111.56, 36.65 ] } },
{ "type": "Feature", "properties": { "location_id": 13580.0, "place_type": "County 縣", "place_name": "復縣", "country": "China", "province": "Liaoning" }, "geometry": { "type": "Point", "coordinates": [ 121.98, 39.63 ] } },
{ "type": "Feature", "properties": { "location_id": 13580.0, "place_type": "County 縣", "place_name": "復縣", "country": "China", "province": "Liaoning" }, "geometry": { "type": "Point", "coordinates": [ 121.98, 39.63 ] } },
{ "type": "Feature", "properties": { "location_id": 13605.0, "place_type": "County 縣", "place_name": "襄城", "country": "China", "province": "Henan" }, "geometry": { "type": "Point", "coordinates": [ 113.5, 33.85 ] } },
{ "type": "Feature", "properties": { "location_id": 13605.0, "place_type": "County 縣", "place_name": "襄城", "country": "China", "province": "Henan" }, "geometry": { "type": "Point", "coordinates": [ 113.5, 33.85 ] } },
{ "type": "Feature", "properties": { "location_id": 13681.0, "place_type": "City 市", "place_name": "晉城", "country": "China", "province": "Shanxi" }, "geometry": { "type": "Point", "coordinates": [ 112.85, 35.49 ] } },
{ "type": "Feature", "properties": { "location_id": 13681.0, "place_type": "City 市", "place_name": "晉城", "country": "China", "province": "Shanxi" }, "geometry": { "type": "Point", "coordinates": [ 112.85, 35.49 ] } },
{ "type": "Feature", "properties": { "location_id": 13741.0, "place_type": "County 縣", "place_name": "舞陽", "country": "China", "province": "Henan" }, "geometry": { "type": "Point", "coordinates": [ 113.6, 33.44 ] } },
{ "type": "Feature", "properties": { "location_id": 13741.0, "place_type": "County 縣", "place_name": "舞陽", "country": "China", "province": "Henan" }, "geometry": { "type": "Point", "coordinates": [ 113.6, 33.44 ] } },
{ "type": "Feature", "properties": { "location_id": 13820.0, "place_type": "City 市", "place_name": "Iowa City", "country": "USA", "province": "abroad" }, "geometry": { "type": "Point", "coordinates": [ -91.53, 41.66 ] } },
{ "type": "Feature", "properties": { "location_id": 13823.0, "place_type": "US State", "place_name": "Tennessee", "country": "USA", "province": "abroad" }, "geometry": { "type": "Point", "coordinates": [ -86.57, 35.51 ] } },
{ "type": "Feature", "properties": { "location_id": 13846.0, "place_type": "County 縣", "place_name": "興寧", "country": "China", "province": "Guangdong" }, "geometry": { "type": "Point", "coordinates": [ 115.73, 24.14 ] } },
{ "type": "Feature", "properties": { "location_id": 13846.0, "place_type": "County 縣", "place_name": "興寧", "country": "China", "province": "Guangdong" }, "geometry": { "type": "Point", "coordinates": [ 115.73, 24.14 ] } },
{ "type": "Feature", "properties": { "location_id": 13914.0, "place_type": "Region 區域", "place_name": "Hainan 瓊崖/海南", "country": "China", "province": "Guangdong" }, "geometry": { "type": "Point", "coordinates": [ 110.32, 20.02 ] } },
{ "type": "Feature", "properties": { "location_id": 13914.0, "place_type": "Region 區域", "place_name": "Hainan 瓊崖/海南", "country": "China", "province": "Guangdong" }, "geometry": { "type": "Point", "coordinates": [ 110.32, 20.02 ] } },
{ "type": "Feature", "properties": { "location_id": 13938.0, "place_type": "County 縣", "place_name": "清豐", "country": "China", "province": "Henan" }, "geometry": { "type": "Point", "coordinates": [ 115.09, 35.88 ] } },
{ "type": "Feature", "properties": { "location_id": 13938.0, "place_type": "County 縣", "place_name": "清豐", "country": "China", "province": "Henan" }, "geometry": { "type": "Point", "coordinates": [ 115.09, 35.88 ] } },
{ "type": "Feature", "properties": { "location_id": 13941.0, "place_type": "City 市", "place_name": "諸城", "country": "China", "province": "Shandong" }, "geometry": { "type": "Point", "coordinates": [ 119.41, 36.0 ] } },
{ "type": "Feature", "properties": { "location_id": 13941.0, "place_type": "City 市", "place_name": "諸城", "country": "China", "province": "Shandong" }, "geometry": { "type": "Point", "coordinates": [ 119.41, 36.0 ] } },
{ "type": "Feature", "properties": { "location_id": 13948.0, "place_type": "District 區", "place_name": "永定", "country": "China", "province": "Guangdong" }, "geometry": { "type": "Point", "coordinates": [ 116.73, 24.73 ] } },
{ "type": "Feature", "properties": { "location_id": 13948.0, "place_type": "District 區", "place_name": "永定", "country": "China", "province": "Guangdong" }, "geometry": { "type": "Point", "coordinates": [ 116.73, 24.73 ] } },
{ "type": "Feature", "properties": { "location_id": 14031.0, "place_type": "County 縣", "place_name": "新寧", "country": "China", "province": "Hunan" }, "geometry": { "type": "Point", "coordinates": [ 110.86, 26.43 ] } },
{ "type": "Feature", "properties": { "location_id": 14031.0, "place_type": "County 縣", "place_name": "新寧", "country": "China", "province": "Hunan" }, "geometry": { "type": "Point", "coordinates": [ 110.86, 26.43 ] } },
{ "type": "Feature", "properties": { "location_id": 14081.0, "place_type": "City 市", "place_name": "應山", "country": "China", "province": "Hubei" }, "geometry": { "type": "Point", "coordinates": [ 113.83, 31.62 ] } },
{ "type": "Feature", "properties": { "location_id": 14081.0, "place_type": "City 市", "place_name": "應山", "country": "China", "province": "Hubei" }, "geometry": { "type": "Point", "coordinates": [ 113.83, 31.62 ] } },
{ "type": "Feature", "properties": { "location_id": 14084.0, "place_type": "Town 鎮", "place_name": "河北東亭", "country": "China", "province": "Hebei" }, "geometry": { "type": "Point", "coordinates": [ 115.13, 38.48 ] } },
{ "type": "Feature", "properties": { "location_id": 14084.0, "place_type": "Town 鎮", "place_name": "河北東亭", "country": "China", "province": "Hebei" }, "geometry": { "type": "Point", "coordinates": [ 115.13, 38.48 ] } },
{ "type": "Feature", "properties": { "location_id": 14117.0, "place_type": "City 市", "place_name": "興義", "country": "China", "province": "Guizhou" }, "geometry": { "type": "Point", "coordinates": [ 104.89, 25.09 ] } },
{ "type": "Feature", "properties": { "location_id": 14117.0, "place_type": "City 市", "place_name": "興義", "country": "China", "province": "Guizhou" }, "geometry": { "type": "Point", "coordinates": [ 104.89, 25.09 ] } },
{ "type": "Feature", "properties": { "location_id": 14225.0, "place_type": "County 縣", "place_name": "壁山", "country": "China", "province": "Sichuan" }, "geometry": { "type": "Point", "coordinates": [ 106.23, 29.6 ] } },
{ "type": "Feature", "properties": { "location_id": 14225.0, "place_type": "County 縣", "place_name": "壁山", "country": "China", "province": "Sichuan" }, "geometry": { "type": "Point", "coordinates": [ 106.23, 29.6 ] } },
{ "type": "Feature", "properties": { "location_id": 14230.0, "place_type": "City 市", "place_name": "漢州 (廣漢)", "country": "China", "province": "Sichuan" }, "geometry": { "type": "Point", "coordinates": [ 104.28, 30.98 ] } },
{ "type": "Feature", "properties": { "location_id": 14230.0, "place_type": "City 市", "place_name": "漢州 (廣漢)", "country": "China", "province": "Sichuan" }, "geometry": { "type": "Point", "coordinates": [ 104.28, 30.98 ] } },
{ "type": "Feature", "properties": { "location_id": 14238.0, "place_type": "County 縣", "place_name": "當塗", "country": "China", "province": "Anhui" }, "geometry": { "type": "Point", "coordinates": [ 118.49, 31.57 ] } },
{ "type": "Feature", "properties": { "location_id": 14238.0, "place_type": "County 縣", "place_name": "當塗", "country": "China", "province": "Anhui" }, "geometry": { "type": "Point", "coordinates": [ 118.49, 31.57 ] } },
{ "type": "Feature", "properties": { "location_id": 14247.0, "place_type": "City 市", "place_name": "丹陽", "country": "China", "province": "Jiangsu" }, "geometry": { "type": "Point", "coordinates": [ 119.61, 32.01 ] } },
{ "type": "Feature", "properties": { "location_id": 14247.0, "place_type": "City 市", "place_name": "丹陽", "country": "China", "province": "Jiangsu" }, "geometry": { "type": "Point", "coordinates": [ 119.61, 32.01 ] } },
{ "type": "Feature", "properties": { "location_id": 14276.0, "place_type": "County 縣", "place_name": "江陵", "country": "China", "province": "Hubei" }, "geometry": { "type": "Point", "coordinates": [ 112.42, 30.04 ] } },
{ "type": "Feature", "properties": { "location_id": 14276.0, "place_type": "County 縣", "place_name": "江陵", "country": "China", "province": "Hubei" }, "geometry": { "type": "Point", "coordinates": [ 112.42, 30.04 ] } },
{ "type": "Feature", "properties": { "location_id": 14301.0, "place_type": "County 縣", "place_name": "錦縣", "country": "China", "province": "Liaoning" }, "geometry": { "type": "Point", "coordinates": [ 121.12, 41.1 ] } },
{ "type": "Feature", "properties": { "location_id": 14301.0, "place_type": "County 縣", "place_name": "錦縣", "country": "China", "province": "Liaoning" }, "geometry": { "type": "Point", "coordinates": [ 121.12, 41.1 ] } },
{ "type": "Feature", "properties": { "location_id": 14353.0, "place_type": "US State", "place_name": "North Carolina", "country": "USA", "province": "abroad" }, "geometry": { "type": "Point", "coordinates": [ -78.64, 35.78 ] } },
{ "type": "Feature", "properties": { "location_id": 14366.0, "place_type": "County 縣", "place_name": "舒城", "country": "China", "province": "Anhui" }, "geometry": { "type": "Point", "coordinates": [ 116.95, 31.46 ] } },
{ "type": "Feature", "properties": { "location_id": 14366.0, "place_type": "County 縣", "place_name": "舒城", "country": "China", "province": "Anhui" }, "geometry": { "type": "Point", "coordinates": [ 116.95, 31.46 ] } },
{ "type": "Feature", "properties": { "location_id": 14373.0, "place_type": "County 縣", "place_name": "犍為", "country": "China", "province": "Sichuan" }, "geometry": { "type": "Point", "coordinates": [ 103.95, 29.21 ] } },
{ "type": "Feature", "properties": { "location_id": 14373.0, "place_type": "County 縣", "place_name": "犍為", "country": "China", "province": "Sichuan" }, "geometry": { "type": "Point", "coordinates": [ 103.95, 29.21 ] } },
{ "type": "Feature", "properties": { "location_id": 14409.0, "place_type": "Country (independent)", "place_name": "Malaysia", "country": "Malaysia", "province": "abroad" }, "geometry": { "type": "Point", "coordinates": [ 101.7, 3.14 ] } },
{ "type": "Feature", "properties": { "location_id": 14494.0, "place_type": "County 縣", "place_name": "德慶", "country": "China", "province": "Guangdong" }, "geometry": { "type": "Point", "coordinates": [ 111.79, 23.15 ] } },
{ "type": "Feature", "properties": { "location_id": 14494.0, "place_type": "County 縣", "place_name": "德慶", "country": "China", "province": "Guangdong" }, "geometry": { "type": "Point", "coordinates": [ 111.79, 23.15 ] } },
{ "type": "Feature", "properties": { "location_id": 14542.0, "place_type": "County 縣", "place_name": "(拓縣) 柘城縣", "country": "China", "province": "Henan" }, "geometry": { "type": "Point", "coordinates": [ 115.31, 34.09 ] } },
{ "type": "Feature", "properties": { "location_id": 14542.0, "place_type": "County 縣", "place_name": "(拓縣) 柘城縣", "country": "China", "province": "Henan" }, "geometry": { "type": "Point", "coordinates": [ 115.31, 34.09 ] } },
{ "type": "Feature", "properties": { "location_id": 14553.0, "place_type": "US State", "place_name": "New Mexico", "country": "USA", "province": "abroad" }, "geometry": { "type": "Point", "coordinates": [ -105.94, 35.69 ] } },
{ "type": "Feature", "properties": { "location_id": 14581.0, "place_type": "County 縣", "place_name": "餘干", "country": "China", "province": "Jiangxi" }, "geometry": { "type": "Point", "coordinates": [ 116.69, 28.66 ] } },
{ "type": "Feature", "properties": { "location_id": 14581.0, "place_type": "County 縣", "place_name": "餘干", "country": "China", "province": "Jiangxi" }, "geometry": { "type": "Point", "coordinates": [ 116.69, 28.66 ] } },
{ "type": "Feature", "properties": { "location_id": 14608.0, "place_type": "County 縣", "place_name": "Xiajin 夏津", "country": "China", "province": "Shandong" }, "geometry": { "type": "Point", "coordinates": [ 116.0, 36.95 ] } },
{ "type": "Feature", "properties": { "location_id": 14608.0, "place_type": "County 縣", "place_name": "Xiajin 夏津", "country": "China", "province": "Shandong" }, "geometry": { "type": "Point", "coordinates": [ 116.0, 36.95 ] } },
{ "type": "Feature", "properties": { "location_id": 14624.0, "place_type": "City 市", "place_name": "萊蕪", "country": "China", "province": "Shandong" }, "geometry": { "type": "Point", "coordinates": [ 117.67, 36.21 ] } },
{ "type": "Feature", "properties": { "location_id": 14624.0, "place_type": "City 市", "place_name": "萊蕪", "country": "China", "province": "Shandong" }, "geometry": { "type": "Point", "coordinates": [ 117.67, 36.21 ] } },
{ "type": "Feature", "properties": { "location_id": 14636.0, "place_type": "District 區", "place_name": "寶坻", "country": "China", "province": "Hebei" }, "geometry": { "type": "Point", "coordinates": [ 117.3, 39.73 ] } },
{ "type": "Feature", "properties": { "location_id": 14636.0, "place_type": "District 區", "place_name": "寶坻", "country": "China", "province": "Hebei" }, "geometry": { "type": "Point", "coordinates": [ 117.3, 39.73 ] } },
{ "type": "Feature", "properties": { "location_id": 14656.0, "place_type": "City 市", "place_name": "高雄市", "country": "China", "province": "Pingtung" }, "geometry": { "type": "Point", "coordinates": [ 120.36, 22.7 ] } },
{ "type": "Feature", "properties": { "location_id": 14705.0, "place_type": "County 縣", "place_name": "新淦", "country": "China", "province": "Jiangxi" }, "geometry": { "type": "Point", "coordinates": [ 115.39, 27.74 ] } },
{ "type": "Feature", "properties": { "location_id": 14705.0, "place_type": "County 縣", "place_name": "新淦", "country": "China", "province": "Jiangxi" }, "geometry": { "type": "Point", "coordinates": [ 115.39, 27.74 ] } },
{ "type": "Feature", "properties": { "location_id": 14716.0, "place_type": "Region 區域", "place_name": "Jiangnan 江南", "country": "China", "province": "Zhejiang" }, "geometry": { "type": "Point", "coordinates": [ 120.2, 30.25 ] } },
{ "type": "Feature", "properties": { "location_id": 14716.0, "place_type": "Region 區域", "place_name": "Jiangnan 江南", "country": "China", "province": "Zhejiang" }, "geometry": { "type": "Point", "coordinates": [ 120.2, 30.25 ] } },
{ "type": "Feature", "properties": { "location_id": 14753.0, "place_type": "County 縣", "place_name": "豐城", "country": "China", "province": "Jiangxi" }, "geometry": { "type": "Point", "coordinates": [ 115.77, 28.15 ] } },
{ "type": "Feature", "properties": { "location_id": 14753.0, "place_type": "County 縣", "place_name": "豐城", "country": "China", "province": "Jiangxi" }, "geometry": { "type": "Point", "coordinates": [ 115.77, 28.15 ] } },
{ "type": "Feature", "properties": { "location_id": 14760.0, "place_type": "County 縣", "place_name": "臨川", "country": "China", "province": "Jiangxi" }, "geometry": { "type": "Point", "coordinates": [ 116.34, 27.96 ] } },
{ "type": "Feature", "properties": { "location_id": 14760.0, "place_type": "County 縣", "place_name": "臨川", "country": "China", "province": "Jiangxi" }, "geometry": { "type": "Point", "coordinates": [ 116.34, 27.96 ] } },
{ "type": "Feature", "properties": { "location_id": 14827.0, "place_type": "County 縣", "place_name": "鄄城", "country": "China", "province": "Hebei" }, "geometry": { "type": "Point", "coordinates": [ 115.51, 35.56 ] } },
{ "type": "Feature", "properties": { "location_id": 14827.0, "place_type": "County 縣", "place_name": "鄄城", "country": "China", "province": "Hebei" }, "geometry": { "type": "Point", "coordinates": [ 115.51, 35.56 ] } },
{ "type": "Feature", "properties": { "location_id": 14834.0, "place_type": "County 縣", "place_name": "滕縣 (滕州市)", "country": "China", "province": "Shandong" }, "geometry": { "type": "Point", "coordinates": [ 117.16, 35.1 ] } },
{ "type": "Feature", "properties": { "location_id": 14834.0, "place_type": "County 縣", "place_name": "滕縣 (滕州市)", "country": "China", "province": "Shandong" }, "geometry": { "type": "Point", "coordinates": [ 117.16, 35.1 ] } },
{ "type": "Feature", "properties": { "location_id": 14844.0, "place_type": "City 市", "place_name": "Mons", "country": "Belgium", "province": "abroad" }, "geometry": { "type": "Point", "coordinates": [ 3.96, 50.46 ] } },
{ "type": "Feature", "properties": { "location_id": 14845.0, "place_type": "Province 省", "place_name": null, "country": "Belgium", "province": "abroad" }, "geometry": { "type": "Point", "coordinates": [ 4.06, 50.53 ] } },
{ "type": "Feature", "properties": { "location_id": 14896.0, "place_type": "District 區", "place_name": "溯縣", "country": "China", "province": "Shanxi" }, "geometry": { "type": "Point", "coordinates": [ 112.44, 39.32 ] } },
{ "type": "Feature", "properties": { "location_id": 14896.0, "place_type": "District 區", "place_name": "溯縣", "country": "China", "province": "Shanxi" }, "geometry": { "type": "Point", "coordinates": [ 112.44, 39.32 ] } },
{ "type": "Feature", "properties": { "location_id": 14937.0, "place_type": "County 縣", "place_name": "寧晉", "country": "China", "province": "Hebei" }, "geometry": { "type": "Point", "coordinates": [ 114.92, 37.62 ] } },
{ "type": "Feature", "properties": { "location_id": 14937.0, "place_type": "County 縣", "place_name": "寧晉", "country": "China", "province": "Hebei" }, "geometry": { "type": "Point", "coordinates": [ 114.92, 37.62 ] } },
{ "type": "Feature", "properties": { "location_id": 14954.0, "place_type": "County 縣", "place_name": "浠水", "country": "China", "province": "Hubei" }, "geometry": { "type": "Point", "coordinates": [ 115.27, 30.45 ] } },
{ "type": "Feature", "properties": { "location_id": 14954.0, "place_type": "County 縣", "place_name": "浠水", "country": "China", "province": "Hubei" }, "geometry": { "type": "Point", "coordinates": [ 115.27, 30.45 ] } },
{ "type": "Feature", "properties": { "location_id": 15040.0, "place_type": "County 縣", "place_name": "榆社", "country": "China", "province": "Shanxi" }, "geometry": { "type": "Point", "coordinates": [ 112.98, 37.07 ] } },
{ "type": "Feature", "properties": { "location_id": 15040.0, "place_type": "County 縣", "place_name": "榆社", "country": "China", "province": "Shanxi" }, "geometry": { "type": "Point", "coordinates": [ 112.98, 37.07 ] } },
{ "type": "Feature", "properties": { "location_id": 15063.0, "place_type": "County 縣", "place_name": "太和", "country": "China", "province": "Anhui" }, "geometry": { "type": "Point", "coordinates": [ 115.63, 33.16 ] } },
{ "type": "Feature", "properties": { "location_id": 15063.0, "place_type": "County 縣", "place_name": "太和", "country": "China", "province": "Anhui" }, "geometry": { "type": "Point", "coordinates": [ 115.63, 33.16 ] } },
{ "type": "Feature", "properties": { "location_id": 15131.0, "place_type": "County 縣", "place_name": "北戴河", "country": "China", "province": "Hebei" }, "geometry": { "type": "Point", "coordinates": [ 119.49, 39.83 ] } },
{ "type": "Feature", "properties": { "location_id": 15131.0, "place_type": "County 縣", "place_name": "北戴河", "country": "China", "province": "Hebei" }, "geometry": { "type": "Point", "coordinates": [ 119.49, 39.83 ] } },
{ "type": "Feature", "properties": { "location_id": 15177.0, "place_type": "County 縣", "place_name": "虞鄉", "country": "China", "province": "Shanxi" }, "geometry": { "type": "Point", "coordinates": [ 110.62, 34.9 ] } },
{ "type": "Feature", "properties": { "location_id": 15177.0, "place_type": "County 縣", "place_name": "虞鄉", "country": "China", "province": "Shanxi" }, "geometry": { "type": "Point", "coordinates": [ 110.62, 34.9 ] } },
{ "type": "Feature", "properties": { "location_id": 15180.0, "place_type": "County 縣", "place_name": "安龍 (隴縣)", "country": "China", "province": "Guizhou" }, "geometry": { "type": "Point", "coordinates": [ 105.44, 25.1 ] } },
{ "type": "Feature", "properties": { "location_id": 15180.0, "place_type": "County 縣", "place_name": "安龍 (隴縣)", "country": "China", "province": "Guizhou" }, "geometry": { "type": "Point", "coordinates": [ 105.44, 25.1 ] } },
{ "type": "Feature", "properties": { "location_id": 15196.0, "place_type": "County 縣", "place_name": "汝城", "country": "China", "province": "Hunan" }, "geometry": { "type": "Point", "coordinates": [ 113.69, 25.53 ] } },
{ "type": "Feature", "properties": { "location_id": 15196.0, "place_type": "County 縣", "place_name": "汝城", "country": "China", "province": "Hunan" }, "geometry": { "type": "Point", "coordinates": [ 113.69, 25.53 ] } },
{ "type": "Feature", "properties": { "location_id": 15272.0, "place_type": "Town 鎮", "place_name": "龍茗", "country": "China", "province": "Guangxi" }, "geometry": { "type": "Point", "coordinates": [ 107.02, 22.98 ] } },
{ "type": "Feature", "properties": { "location_id": 15272.0, "place_type": "Town 鎮", "place_name": "龍茗", "country": "China", "province": "Guangxi" }, "geometry": { "type": "Point", "coordinates": [ 107.02, 22.98 ] } },
{ "type": "Feature", "properties": { "location_id": 15284.0, "place_type": "County 縣", "place_name": "宣漢", "country": "China", "province": "Sichuan" }, "geometry": { "type": "Point", "coordinates": [ 107.73, 31.35 ] } },
{ "type": "Feature", "properties": { "location_id": 15284.0, "place_type": "County 縣", "place_name": "宣漢", "country": "China", "province": "Sichuan" }, "geometry": { "type": "Point", "coordinates": [ 107.73, 31.35 ] } },
{ "type": "Feature", "properties": { "location_id": 15290.0, "place_type": "County 縣", "place_name": "萬安", "country": "China", "province": "Jiangxi" }, "geometry": { "type": "Point", "coordinates": [ 114.79, 26.46 ] } },
{ "type": "Feature", "properties": { "location_id": 15290.0, "place_type": "County 縣", "place_name": "萬安", "country": "China", "province": "Jiangxi" }, "geometry": { "type": "Point", "coordinates": [ 114.79, 26.46 ] } },
{ "type": "Feature", "properties": { "location_id": 15299.0, "place_type": "City 市", "place_name": "Cambridge", "country": "USA", "province": "abroad" }, "geometry": { "type": "Point", "coordinates": [ -71.11, 42.37 ] } },
{ "type": "Feature", "properties": { "location_id": 15308.0, "place_type": "County 縣", "place_name": "星子 (廬山)", "country": "China", "province": "Jiangxi" }, "geometry": { "type": "Point", "coordinates": [ 115.97, 29.38 ] } },
{ "type": "Feature", "properties": { "location_id": 15308.0, "place_type": "County 縣", "place_name": "星子 (廬山)", "country": "China", "province": "Jiangxi" }, "geometry": { "type": "Point", "coordinates": [ 115.97, 29.38 ] } },
{ "type": "Feature", "properties": { "location_id": 15352.0, "place_type": "County 縣", "place_name": "鄉寧", "country": "China", "province": "Hunan" }, "geometry": { "type": "Point", "coordinates": [ 112.55, 28.27 ] } },
{ "type": "Feature", "properties": { "location_id": 15352.0, "place_type": "County 縣", "place_name": "鄉寧", "country": "China", "province": "Hunan" }, "geometry": { "type": "Point", "coordinates": [ 112.55, 28.27 ] } },
{ "type": "Feature", "properties": { "location_id": 15403.0, "place_type": "County 縣", "place_name": "濬縣 (浚濬)", "country": "China", "province": "Henan" }, "geometry": { "type": "Point", "coordinates": [ 114.55, 35.68 ] } },
{ "type": "Feature", "properties": { "location_id": 15403.0, "place_type": "County 縣", "place_name": "濬縣 (浚濬)", "country": "China", "province": "Henan" }, "geometry": { "type": "Point", "coordinates": [ 114.55, 35.68 ] } },
{ "type": "Feature", "properties": { "location_id": 15429.0, "place_type": "County 縣", "place_name": "南城", "country": "China", "province": "Jiangxi" }, "geometry": { "type": "Point", "coordinates": [ 116.68, 27.64 ] } },
{ "type": "Feature", "properties": { "location_id": 15429.0, "place_type": "County 縣", "place_name": "南城", "country": "China", "province": "Jiangxi" }, "geometry": { "type": "Point", "coordinates": [ 116.68, 27.64 ] } },
{ "type": "Feature", "properties": { "location_id": 15471.0, "place_type": "County 縣", "place_name": "蕭山", "country": "China", "province": "Zhejiang" }, "geometry": { "type": "Point", "coordinates": [ 120.26, 30.16 ] } },
{ "type": "Feature", "properties": { "location_id": 15471.0, "place_type": "County 縣", "place_name": "蕭山", "country": "China", "province": "Zhejiang" }, "geometry": { "type": "Point", "coordinates": [ 120.26, 30.16 ] } },
{ "type": "Feature", "properties": { "location_id": 15503.0, "place_type": "County 縣", "place_name": "安邑 (夏縣)", "country": "China", "province": "Shanxi" }, "geometry": { "type": "Point", "coordinates": [ 111.22, 35.14 ] } },
{ "type": "Feature", "properties": { "location_id": 15503.0, "place_type": "County 縣", "place_name": "安邑 (夏縣)", "country": "China", "province": "Shanxi" }, "geometry": { "type": "Point", "coordinates": [ 111.22, 35.14 ] } },
{ "type": "Feature", "properties": { "location_id": 15590.0, "place_type": "County 縣", "place_name": "息縣", "country": "China", "province": "Henan" }, "geometry": { "type": "Point", "coordinates": [ 114.76, 32.35 ] } },
{ "type": "Feature", "properties": { "location_id": 15590.0, "place_type": "County 縣", "place_name": "息縣", "country": "China", "province": "Henan" }, "geometry": { "type": "Point", "coordinates": [ 114.76, 32.35 ] } },
{ "type": "Feature", "properties": { "location_id": 15676.0, "place_type": "County 縣", "place_name": "蒼悟", "country": "China", "province": "Guangxi" }, "geometry": { "type": "Point", "coordinates": [ 111.54, 23.84 ] } },
{ "type": "Feature", "properties": { "location_id": 15676.0, "place_type": "County 縣", "place_name": "蒼悟", "country": "China", "province": "Guangxi" }, "geometry": { "type": "Point", "coordinates": [ 111.54, 23.84 ] } },
{ "type": "Feature", "properties": { "location_id": 15729.0, "place_type": "District 區", "place_name": "屯留", "country": "China", "province": "Shanxi" }, "geometry": { "type": "Point", "coordinates": [ 112.89, 36.32 ] } },
{ "type": "Feature", "properties": { "location_id": 15729.0, "place_type": "District 區", "place_name": "屯留", "country": "China", "province": "Shanxi" }, "geometry": { "type": "Point", "coordinates": [ 112.89, 36.32 ] } },
{ "type": "Feature", "properties": { "location_id": 15783.0, "place_type": "County 縣", "place_name": "清苑", "country": "China", "province": "Hebei" }, "geometry": { "type": "Point", "coordinates": [ 115.49, 38.77 ] } },
{ "type": "Feature", "properties": { "location_id": 15783.0, "place_type": "County 縣", "place_name": "清苑", "country": "China", "province": "Hebei" }, "geometry": { "type": "Point", "coordinates": [ 115.49, 38.77 ] } },
{ "type": "Feature", "properties": { "location_id": 15815.0, "place_type": "County 縣", "place_name": "皋蘭", "country": "China", "province": "Gansu" }, "geometry": { "type": "Point", "coordinates": [ 103.95, 36.33 ] } },
{ "type": "Feature", "properties": { "location_id": 15815.0, "place_type": "County 縣", "place_name": "皋蘭", "country": "China", "province": "Gansu" }, "geometry": { "type": "Point", "coordinates": [ 103.95, 36.33 ] } },
{ "type": "Feature", "properties": { "location_id": 15822.0, "place_type": "County 縣", "place_name": "棲霞", "country": "China", "province": "Shandong" }, "geometry": { "type": "Point", "coordinates": [ 120.85, 37.34 ] } },
{ "type": "Feature", "properties": { "location_id": 15822.0, "place_type": "County 縣", "place_name": "棲霞", "country": "China", "province": "Shandong" }, "geometry": { "type": "Point", "coordinates": [ 120.85, 37.34 ] } },
{ "type": "Feature", "properties": { "location_id": 15944.0, "place_type": "City 市", "place_name": "樺甸", "country": "China", "province": "Jilin" }, "geometry": { "type": "Point", "coordinates": [ 126.75, 42.97 ] } },
{ "type": "Feature", "properties": { "location_id": 15944.0, "place_type": "City 市", "place_name": "樺甸", "country": "China", "province": "Jilin" }, "geometry": { "type": "Point", "coordinates": [ 126.75, 42.97 ] } },
{ "type": "Feature", "properties": { "location_id": 15985.0, "place_type": "Town 鎮", "place_name": "西安", "country": "China", "province": "Liaoning" }, "geometry": { "type": "Point", "coordinates": [ 122.23, 40.92 ] } },
{ "type": "Feature", "properties": { "location_id": 15985.0, "place_type": "Town 鎮", "place_name": "西安", "country": "China", "province": "Liaoning" }, "geometry": { "type": "Point", "coordinates": [ 122.23, 40.92 ] } },
{ "type": "Feature", "properties": { "location_id": 16004.0, "place_type": "County 縣", "place_name": "齊東", "country": "China", "province": "Shandong" }, "geometry": { "type": "Point", "coordinates": [ 117.65, 37.04 ] } },
{ "type": "Feature", "properties": { "location_id": 16004.0, "place_type": "County 縣", "place_name": "齊東", "country": "China", "province": "Shandong" }, "geometry": { "type": "Point", "coordinates": [ 117.65, 37.04 ] } },
{ "type": "Feature", "properties": { "location_id": 16010.0, "place_type": "District 區", "place_name": "荏平", "country": "China", "province": "Shandong" }, "geometry": { "type": "Point", "coordinates": [ 116.24, 36.58 ] } },
{ "type": "Feature", "properties": { "location_id": 16010.0, "place_type": "District 區", "place_name": "荏平", "country": "China", "province": "Shandong" }, "geometry": { "type": "Point", "coordinates": [ 116.24, 36.58 ] } },
{ "type": "Feature", "properties": { "location_id": 16013.0, "place_type": "County 縣", "place_name": "薊縣", "country": "China", "province": "Hebei" }, "geometry": { "type": "Point", "coordinates": [ 117.43, 40.0 ] } },
{ "type": "Feature", "properties": { "location_id": 16013.0, "place_type": "County 縣", "place_name": "薊縣", "country": "China", "province": "Hebei" }, "geometry": { "type": "Point", "coordinates": [ 117.43, 40.0 ] } },
{ "type": "Feature", "properties": { "location_id": 16021.0, "place_type": "County 縣", "place_name": "沂水", "country": "China", "province": "Shandong" }, "geometry": { "type": "Point", "coordinates": [ 118.62, 35.79 ] } },
{ "type": "Feature", "properties": { "location_id": 16021.0, "place_type": "County 縣", "place_name": "沂水", "country": "China", "province": "Shandong" }, "geometry": { "type": "Point", "coordinates": [ 118.62, 35.79 ] } },
{ "type": "Feature", "properties": { "location_id": 16036.0, "place_type": "City 市", "place_name": "璦琿", "country": "China", "province": "Heilongjiang" }, "geometry": { "type": "Point", "coordinates": [ 127.49, 50.26 ] } },
{ "type": "Feature", "properties": { "location_id": 16036.0, "place_type": "City 市", "place_name": "璦琿", "country": "China", "province": "Heilongjiang" }, "geometry": { "type": "Point", "coordinates": [ 127.49, 50.26 ] } },
{ "type": "Feature", "properties": { "location_id": 16058.0, "place_type": "County 縣", "place_name": "堂邑", "country": "China", "province": "Hebei" }, "geometry": { "type": "Point", "coordinates": [ 115.79, 36.49 ] } },
{ "type": "Feature", "properties": { "location_id": 16058.0, "place_type": "County 縣", "place_name": "堂邑", "country": "China", "province": "Hebei" }, "geometry": { "type": "Point", "coordinates": [ 115.79, 36.49 ] } },
{ "type": "Feature", "properties": { "location_id": 16065.0, "place_type": "County 縣", "place_name": "曲沃", "country": "China", "province": "Shanxi" }, "geometry": { "type": "Point", "coordinates": [ 111.48, 35.64 ] } },
{ "type": "Feature", "properties": { "location_id": 16065.0, "place_type": "County 縣", "place_name": "曲沃", "country": "China", "province": "Shanxi" }, "geometry": { "type": "Point", "coordinates": [ 111.48, 35.64 ] } },
{ "type": "Feature", "properties": { "location_id": 16085.0, "place_type": "County 縣", "place_name": "平陸", "country": "China", "province": "Henan" }, "geometry": { "type": "Point", "coordinates": [ 111.22, 34.84 ] } },
{ "type": "Feature", "properties": { "location_id": 16085.0, "place_type": "County 縣", "place_name": "平陸", "country": "China", "province": "Henan" }, "geometry": { "type": "Point", "coordinates": [ 111.22, 34.84 ] } },
{ "type": "Feature", "properties": { "location_id": 16133.0, "place_type": "County 縣", "place_name": "儀隴", "country": "China", "province": "Sichuan" }, "geometry": { "type": "Point", "coordinates": [ 106.31, 31.27 ] } },
{ "type": "Feature", "properties": { "location_id": 16133.0, "place_type": "County 縣", "place_name": "儀隴", "country": "China", "province": "Sichuan" }, "geometry": { "type": "Point", "coordinates": [ 106.31, 31.27 ] } },
{ "type": "Feature", "properties": { "location_id": 16164.0, "place_type": "County 縣", "place_name": "永興", "country": "China", "province": "Hunan" }, "geometry": { "type": "Point", "coordinates": [ 113.12, 26.13 ] } },
{ "type": "Feature", "properties": { "location_id": 16164.0, "place_type": "County 縣", "place_name": "永興", "country": "China", "province": "Hunan" }, "geometry": { "type": "Point", "coordinates": [ 113.12, 26.13 ] } },
{ "type": "Feature", "properties": { "location_id": 16207.0, "place_type": "County 縣", "place_name": "新津", "country": "China", "province": "Sichuan" }, "geometry": { "type": "Point", "coordinates": [ 103.81, 30.41 ] } },
{ "type": "Feature", "properties": { "location_id": 16207.0, "place_type": "County 縣", "place_name": "新津", "country": "China", "province": "Sichuan" }, "geometry": { "type": "Point", "coordinates": [ 103.81, 30.41 ] } },
{ "type": "Feature", "properties": { "location_id": 16224.0, "place_type": "County 縣", "place_name": "平原", "country": "China", "province": "Hebei" }, "geometry": { "type": "Point", "coordinates": [ 116.43, 37.17 ] } },
{ "type": "Feature", "properties": { "location_id": 16224.0, "place_type": "County 縣", "place_name": "平原", "country": "China", "province": "Hebei" }, "geometry": { "type": "Point", "coordinates": [ 116.43, 37.17 ] } },
{ "type": "Feature", "properties": { "location_id": 16226.0, "place_type": "County 縣", "place_name": "永川", "country": "China", "province": "Sichuan" }, "geometry": { "type": "Point", "coordinates": [ 105.93, 29.36 ] } },
{ "type": "Feature", "properties": { "location_id": 16226.0, "place_type": "County 縣", "place_name": "永川", "country": "China", "province": "Sichuan" }, "geometry": { "type": "Point", "coordinates": [ 105.93, 29.36 ] } },
{ "type": "Feature", "properties": { "location_id": 16250.0, "place_type": "County 縣", "place_name": "確山", "country": "China", "province": "Henan" }, "geometry": { "type": "Point", "coordinates": [ 114.03, 32.8 ] } },
{ "type": "Feature", "properties": { "location_id": 16250.0, "place_type": "County 縣", "place_name": "確山", "country": "China", "province": "Henan" }, "geometry": { "type": "Point", "coordinates": [ 114.03, 32.8 ] } },
{ "type": "Feature", "properties": { "location_id": 16266.0, "place_type": "County 縣", "place_name": "陸良", "country": "China", "province": "Yunnan" }, "geometry": { "type": "Point", "coordinates": [ 103.67, 25.02 ] } },
{ "type": "Feature", "properties": { "location_id": 16266.0, "place_type": "County 縣", "place_name": "陸良", "country": "China", "province": "Yunnan" }, "geometry": { "type": "Point", "coordinates": [ 103.67, 25.02 ] } },
{ "type": "Feature", "properties": { "location_id": 16286.0, "place_type": "City 市", "place_name": "曲靖", "country": "China", "province": "Yunnan" }, "geometry": { "type": "Point", "coordinates": [ 103.8, 25.49 ] } },
{ "type": "Feature", "properties": { "location_id": 16286.0, "place_type": "City 市", "place_name": "曲靖", "country": "China", "province": "Yunnan" }, "geometry": { "type": "Point", "coordinates": [ 103.8, 25.49 ] } },
{ "type": "Feature", "properties": { "location_id": 16358.0, "place_type": "County 縣", "place_name": "高淳", "country": "China", "province": "Anhui" }, "geometry": { "type": "Point", "coordinates": [ 118.89, 31.33 ] } },
{ "type": "Feature", "properties": { "location_id": 16358.0, "place_type": "County 縣", "place_name": "高淳", "country": "China", "province": "Anhui" }, "geometry": { "type": "Point", "coordinates": [ 118.89, 31.33 ] } },
{ "type": "Feature", "properties": { "location_id": 16377.0, "place_type": "County 縣", "place_name": "興縣", "country": "China", "province": "Shanxi" }, "geometry": { "type": "Point", "coordinates": [ 111.13, 38.46 ] } },
{ "type": "Feature", "properties": { "location_id": 16377.0, "place_type": "County 縣", "place_name": "興縣", "country": "China", "province": "Shanxi" }, "geometry": { "type": "Point", "coordinates": [ 111.13, 38.46 ] } },
{ "type": "Feature", "properties": { "location_id": 16440.0, "place_type": "County 縣", "place_name": "扶溝", "country": "China", "province": "Henan" }, "geometry": { "type": "Point", "coordinates": [ 114.4, 34.05 ] } },
{ "type": "Feature", "properties": { "location_id": 16440.0, "place_type": "County 縣", "place_name": "扶溝", "country": "China", "province": "Henan" }, "geometry": { "type": "Point", "coordinates": [ 114.4, 34.05 ] } },
{ "type": "Feature", "properties": { "location_id": 16514.0, "place_type": "City 市", "place_name": "歸綏 (呼和浩特)", "country": "China", "province": "Suiyuan" }, "geometry": { "type": "Point", "coordinates": [ 111.75, 40.84 ] } },
{ "type": "Feature", "properties": { "location_id": 16514.0, "place_type": "City 市", "place_name": "歸綏 (呼和浩特)", "country": "China", "province": "Suiyuan" }, "geometry": { "type": "Point", "coordinates": [ 111.75, 40.84 ] } },
{ "type": "Feature", "properties": { "location_id": 16600.0, "place_type": "County 縣", "place_name": "Taonan 洮南", "country": "China", "province": "Jilin" }, "geometry": { "type": "Point", "coordinates": [ 123.01, 45.35 ] } },
{ "type": "Feature", "properties": { "location_id": 16600.0, "place_type": "County 縣", "place_name": "Taonan 洮南", "country": "China", "province": "Jilin" }, "geometry": { "type": "Point", "coordinates": [ 123.01, 45.35 ] } },
{ "type": "Feature", "properties": { "location_id": 16606.0, "place_type": "County 縣", "place_name": "沙市", "country": "China", "province": "Hubei" }, "geometry": { "type": "Point", "coordinates": [ 112.26, 30.31 ] } },
{ "type": "Feature", "properties": { "location_id": 16606.0, "place_type": "County 縣", "place_name": "沙市", "country": "China", "province": "Hubei" }, "geometry": { "type": "Point", "coordinates": [ 112.26, 30.31 ] } },
{ "type": "Feature", "properties": { "location_id": 16624.0, "place_type": "County 縣", "place_name": "興國", "country": "China", "province": "Jiangxi" }, "geometry": { "type": "Point", "coordinates": [ 115.36, 26.34 ] } },
{ "type": "Feature", "properties": { "location_id": 16624.0, "place_type": "County 縣", "place_name": "興國", "country": "China", "province": "Jiangxi" }, "geometry": { "type": "Point", "coordinates": [ 115.36, 26.34 ] } },
{ "type": "Feature", "properties": { "location_id": 16661.0, "place_type": "County 縣", "place_name": "安新", "country": "China", "province": "Hebei" }, "geometry": { "type": "Point", "coordinates": [ 115.94, 38.94 ] } },
{ "type": "Feature", "properties": { "location_id": 16661.0, "place_type": "County 縣", "place_name": "安新", "country": "China", "province": "Hebei" }, "geometry": { "type": "Point", "coordinates": [ 115.94, 38.94 ] } },
{ "type": "Feature", "properties": { "location_id": 16672.0, "place_type": "City 市", "place_name": "衡水", "country": "China", "province": "Hebei" }, "geometry": { "type": "Point", "coordinates": [ 115.67, 37.74 ] } },
{ "type": "Feature", "properties": { "location_id": 16672.0, "place_type": "City 市", "place_name": "衡水", "country": "China", "province": "Hebei" }, "geometry": { "type": "Point", "coordinates": [ 115.67, 37.74 ] } },
{ "type": "Feature", "properties": { "location_id": 16722.0, "place_type": "City 市", "place_name": "Xiangtan 湘潭", "country": "China", "province": "Hunan" }, "geometry": { "type": "Point", "coordinates": [ 112.94, 27.83 ] } },
{ "type": "Feature", "properties": { "location_id": 16722.0, "place_type": "City 市", "place_name": "Xiangtan 湘潭", "country": "China", "province": "Hunan" }, "geometry": { "type": "Point", "coordinates": [ 112.94, 27.83 ] } },
{ "type": "Feature", "properties": { "location_id": 16757.0, "place_type": "County 縣", "place_name": "商縣", "country": "China", "province": "Shaanxi" }, "geometry": { "type": "Point", "coordinates": [ 109.94, 33.86 ] } },
{ "type": "Feature", "properties": { "location_id": 16757.0, "place_type": "County 縣", "place_name": "商縣", "country": "China", "province": "Shaanxi" }, "geometry": { "type": "Point", "coordinates": [ 109.94, 33.86 ] } },
{ "type": "Feature", "properties": { "location_id": 16782.0, "place_type": "City 市", "place_name": "綏化", "country": "China", "province": "Heilongjiang" }, "geometry": { "type": "Point", "coordinates": [ 126.98, 46.64 ] } },
{ "type": "Feature", "properties": { "location_id": 16782.0, "place_type": "City 市", "place_name": "綏化", "country": "China", "province": "Heilongjiang" }, "geometry": { "type": "Point", "coordinates": [ 126.98, 46.64 ] } },
{ "type": "Feature", "properties": { "location_id": 16804.0, "place_type": "District 區", "place_name": "牟平", "country": "China", "province": "Shandong" }, "geometry": { "type": "Point", "coordinates": [ 121.59, 37.38 ] } },
{ "type": "Feature", "properties": { "location_id": 16804.0, "place_type": "District 區", "place_name": "牟平", "country": "China", "province": "Shandong" }, "geometry": { "type": "Point", "coordinates": [ 121.59, 37.38 ] } },
{ "type": "Feature", "properties": { "location_id": 16922.0, "place_type": "County 縣", "place_name": "棗強", "country": "China", "province": "Hebei" }, "geometry": { "type": "Point", "coordinates": [ 115.73, 37.51 ] } },
{ "type": "Feature", "properties": { "location_id": 16922.0, "place_type": "County 縣", "place_name": "棗強", "country": "China", "province": "Hebei" }, "geometry": { "type": "Point", "coordinates": [ 115.73, 37.51 ] } },
{ "type": "Feature", "properties": { "location_id": 16949.0, "place_type": "County 縣", "place_name": "木蘭", "country": "China", "province": "Heilongjiang" }, "geometry": { "type": "Point", "coordinates": [ 128.03, 45.95 ] } },
{ "type": "Feature", "properties": { "location_id": 16949.0, "place_type": "County 縣", "place_name": "木蘭", "country": "China", "province": "Heilongjiang" }, "geometry": { "type": "Point", "coordinates": [ 128.03, 45.95 ] } },
{ "type": "Feature", "properties": { "location_id": 16959.0, "place_type": "City 市", "place_name": "肇東", "country": "China", "province": "Heilongjiang" }, "geometry": { "type": "Point", "coordinates": [ 126.02, 46.06 ] } },
{ "type": "Feature", "properties": { "location_id": 16959.0, "place_type": "City 市", "place_name": "肇東", "country": "China", "province": "Heilongjiang" }, "geometry": { "type": "Point", "coordinates": [ 126.02, 46.06 ] } },
{ "type": "Feature", "properties": { "location_id": 16986.0, "place_type": "City 市", "place_name": "武宣", "country": "China", "province": "Guangxi" }, "geometry": { "type": "Point", "coordinates": [ 109.66, 23.59 ] } },
{ "type": "Feature", "properties": { "location_id": 16986.0, "place_type": "City 市", "place_name": "武宣", "country": "China", "province": "Guangxi" }, "geometry": { "type": "Point", "coordinates": [ 109.66, 23.59 ] } },
{ "type": "Feature", "properties": { "location_id": 17009.0, "place_type": "City 市", "place_name": "羅定", "country": "China", "province": "Guangdong" }, "geometry": { "type": "Point", "coordinates": [ 111.58, 22.78 ] } },
{ "type": "Feature", "properties": { "location_id": 17009.0, "place_type": "City 市", "place_name": "羅定", "country": "China", "province": "Guangdong" }, "geometry": { "type": "Point", "coordinates": [ 111.58, 22.78 ] } },
{ "type": "Feature", "properties": { "location_id": 17029.0, "place_type": "County 縣", "place_name": "黃梅", "country": "China", "province": "Hubei" }, "geometry": { "type": "Point", "coordinates": [ 115.94, 30.08 ] } },
{ "type": "Feature", "properties": { "location_id": 17029.0, "place_type": "County 縣", "place_name": "黃梅", "country": "China", "province": "Hubei" }, "geometry": { "type": "Point", "coordinates": [ 115.94, 30.08 ] } },
{ "type": "Feature", "properties": { "location_id": 17044.0, "place_type": "County 縣", "place_name": "寶慶", "country": "China", "province": "Hunan" }, "geometry": { "type": "Point", "coordinates": [ 111.46, 27.24 ] } },
{ "type": "Feature", "properties": { "location_id": 17044.0, "place_type": "County 縣", "place_name": "寶慶", "country": "China", "province": "Hunan" }, "geometry": { "type": "Point", "coordinates": [ 111.46, 27.24 ] } },
{ "type": "Feature", "properties": { "location_id": 17052.0, "place_type": "Circuit 道", "place_name": "陽新", "country": "China", "province": "Hubei" }, "geometry": { "type": "Point", "coordinates": [ 115.22, 29.86 ] } },
{ "type": "Feature", "properties": { "location_id": 17052.0, "place_type": "Circuit 道", "place_name": "陽新", "country": "China", "province": "Hubei" }, "geometry": { "type": "Point", "coordinates": [ 115.22, 29.86 ] } },
{ "type": "Feature", "properties": { "location_id": 17067.0, "place_type": "City 市", "place_name": "武崗", "country": "China", "province": "Hunan" }, "geometry": { "type": "Point", "coordinates": [ 110.64, 26.74 ] } },
{ "type": "Feature", "properties": { "location_id": 17067.0, "place_type": "City 市", "place_name": "武崗", "country": "China", "province": "Hunan" }, "geometry": { "type": "Point", "coordinates": [ 110.64, 26.74 ] } },
{ "type": "Feature", "properties": { "location_id": 17072.0, "place_type": "County 縣", "place_name": "芮城", "country": "China", "province": "Henan" }, "geometry": { "type": "Point", "coordinates": [ 110.7, 34.7 ] } },
{ "type": "Feature", "properties": { "location_id": 17072.0, "place_type": "County 縣", "place_name": "芮城", "country": "China", "province": "Henan" }, "geometry": { "type": "Point", "coordinates": [ 110.7, 34.7 ] } },
{ "type": "Feature", "properties": { "location_id": 17077.0, "place_type": "County 縣", "place_name": "靈川", "country": "China", "province": "Guangxi" }, "geometry": { "type": "Point", "coordinates": [ 110.31, 25.4 ] } },
{ "type": "Feature", "properties": { "location_id": 17077.0, "place_type": "County 縣", "place_name": "靈川", "country": "China", "province": "Guangxi" }, "geometry": { "type": "Point", "coordinates": [ 110.31, 25.4 ] } },
{ "type": "Feature", "properties": { "location_id": 17080.0, "place_type": "County 縣", "place_name": "昌藜", "country": "China", "province": "Hebei" }, "geometry": { "type": "Point", "coordinates": [ 119.16, 39.7 ] } },
{ "type": "Feature", "properties": { "location_id": 17080.0, "place_type": "County 縣", "place_name": "昌藜", "country": "China", "province": "Hebei" }, "geometry": { "type": "Point", "coordinates": [ 119.16, 39.7 ] } },
{ "type": "Feature", "properties": { "location_id": 17093.0, "place_type": "County 縣", "place_name": "象縣", "country": "China", "province": "Guangxi" }, "geometry": { "type": "Point", "coordinates": [ 109.67, 23.98 ] } },
{ "type": "Feature", "properties": { "location_id": 17093.0, "place_type": "County 縣", "place_name": "象縣", "country": "China", "province": "Guangxi" }, "geometry": { "type": "Point", "coordinates": [ 109.67, 23.98 ] } },
{ "type": "Feature", "properties": { "location_id": 17242.0, "place_type": "County 縣", "place_name": "臨榆", "country": "China", "province": "Hebei" }, "geometry": { "type": "Point", "coordinates": [ 119.78, 39.98 ] } },
{ "type": "Feature", "properties": { "location_id": 17242.0, "place_type": "County 縣", "place_name": "臨榆", "country": "China", "province": "Hebei" }, "geometry": { "type": "Point", "coordinates": [ 119.78, 39.98 ] } },
{ "type": "Feature", "properties": { "location_id": 17289.0, "place_type": "City 市", "place_name": "Dearborn", "country": "USA", "province": "abroad" }, "geometry": { "type": "Point", "coordinates": [ -83.18, 42.32 ] } },
{ "type": "Feature", "properties": { "location_id": 17451.0, "place_type": "City 市", "place_name": "啟東", "country": "China", "province": "Jiangsu" }, "geometry": { "type": "Point", "coordinates": [ 121.66, 31.79 ] } },
{ "type": "Feature", "properties": { "location_id": 17451.0, "place_type": "City 市", "place_name": "啟東", "country": "China", "province": "Jiangsu" }, "geometry": { "type": "Point", "coordinates": [ 121.66, 31.79 ] } },
{ "type": "Feature", "properties": { "location_id": 17517.0, "place_type": "County 縣", "place_name": "景縣", "country": "China", "province": "Hebei" }, "geometry": { "type": "Point", "coordinates": [ 116.27, 37.69 ] } },
{ "type": "Feature", "properties": { "location_id": 17517.0, "place_type": "County 縣", "place_name": "景縣", "country": "China", "province": "Hebei" }, "geometry": { "type": "Point", "coordinates": [ 116.27, 37.69 ] } },
{ "type": "Feature", "properties": { "location_id": 17530.0, "place_type": "City 市", "place_name": "滄州", "country": "China", "province": "Hebei" }, "geometry": { "type": "Point", "coordinates": [ 116.84, 38.3 ] } },
{ "type": "Feature", "properties": { "location_id": 17530.0, "place_type": "City 市", "place_name": "滄州", "country": "China", "province": "Hebei" }, "geometry": { "type": "Point", "coordinates": [ 116.84, 38.3 ] } },
{ "type": "Feature", "properties": { "location_id": 17745.0, "place_type": "County 縣", "place_name": "穆稜", "country": "China", "province": "Jilin" }, "geometry": { "type": "Point", "coordinates": [ 130.51, 44.92 ] } },
{ "type": "Feature", "properties": { "location_id": 17745.0, "place_type": "County 縣", "place_name": "穆稜", "country": "China", "province": "Jilin" }, "geometry": { "type": "Point", "coordinates": [ 130.51, 44.92 ] } },
{ "type": "Feature", "properties": { "location_id": 17749.0, "place_type": "County 縣", "place_name": "溫江", "country": "China", "province": "Sichuan" }, "geometry": { "type": "Point", "coordinates": [ 103.86, 30.68 ] } },
{ "type": "Feature", "properties": { "location_id": 17749.0, "place_type": "County 縣", "place_name": "溫江", "country": "China", "province": "Sichuan" }, "geometry": { "type": "Point", "coordinates": [ 103.86, 30.68 ] } },
{ "type": "Feature", "properties": { "location_id": 17787.0, "place_type": "County 縣", "place_name": "吉縣", "country": "China", "province": "Shaanxi" }, "geometry": { "type": "Point", "coordinates": [ 110.68, 36.1 ] } },
{ "type": "Feature", "properties": { "location_id": 17787.0, "place_type": "County 縣", "place_name": "吉縣", "country": "China", "province": "Shaanxi" }, "geometry": { "type": "Point", "coordinates": [ 110.68, 36.1 ] } },
{ "type": "Feature", "properties": { "location_id": 17810.0, "place_type": "County 縣", "place_name": "酃縣", "country": "China", "province": "Hunan" }, "geometry": { "type": "Point", "coordinates": [ 113.77, 26.49 ] } },
{ "type": "Feature", "properties": { "location_id": 17810.0, "place_type": "County 縣", "place_name": "酃縣", "country": "China", "province": "Hunan" }, "geometry": { "type": "Point", "coordinates": [ 113.77, 26.49 ] } },
{ "type": "Feature", "properties": { "location_id": 17836.0, "place_type": "County 縣", "place_name": "香河", "country": "China", "province": "Hebei" }, "geometry": { "type": "Point", "coordinates": [ 117.01, 39.76 ] } },
{ "type": "Feature", "properties": { "location_id": 17836.0, "place_type": "County 縣", "place_name": "香河", "country": "China", "province": "Hebei" }, "geometry": { "type": "Point", "coordinates": [ 117.01, 39.76 ] } },
{ "type": "Feature", "properties": { "location_id": 17879.0, "place_type": "County 縣", "place_name": "乾城", "country": "China", "province": "Hunan" }, "geometry": { "type": "Point", "coordinates": [ 109.7, 28.26 ] } },
{ "type": "Feature", "properties": { "location_id": 17879.0, "place_type": "County 縣", "place_name": "乾城", "country": "China", "province": "Hunan" }, "geometry": { "type": "Point", "coordinates": [ 109.7, 28.26 ] } },
{ "type": "Feature", "properties": { "location_id": 17969.0, "place_type": "City 市", "place_name": "橫濱", "country": "Japan", "province": "abroad" }, "geometry": { "type": "Point", "coordinates": [ 139.64, 35.45 ] } },
{ "type": "Feature", "properties": { "location_id": 17972.0, "place_type": "City 市", "place_name": "川崎", "country": "Japan", "province": "abroad" }, "geometry": { "type": "Point", "coordinates": [ 139.7, 35.53 ] } },
{ "type": "Feature", "properties": { "location_id": 18194.0, "place_type": "County 縣", "place_name": "藍山", "country": "China", "province": "Hunan" }, "geometry": { "type": "Point", "coordinates": [ 112.19, 25.39 ] } },
{ "type": "Feature", "properties": { "location_id": 18194.0, "place_type": "County 縣", "place_name": "藍山", "country": "China", "province": "Hunan" }, "geometry": { "type": "Point", "coordinates": [ 112.19, 25.39 ] } },
{ "type": "Feature", "properties": { "location_id": 18204.0, "place_type": "County 縣", "place_name": "上杭", "country": "China", "province": "Fujian" }, "geometry": { "type": "Point", "coordinates": [ 116.43, 25.05 ] } },
{ "type": "Feature", "properties": { "location_id": 18204.0, "place_type": "County 縣", "place_name": "上杭", "country": "China", "province": "Fujian" }, "geometry": { "type": "Point", "coordinates": [ 116.43, 25.05 ] } },
{ "type": "Feature", "properties": { "location_id": 18219.0, "place_type": "District 區", "place_name": "楡次", "country": "China", "province": "Shanxi" }, "geometry": { "type": "Point", "coordinates": [ 112.71, 37.7 ] } },
{ "type": "Feature", "properties": { "location_id": 18219.0, "place_type": "District 區", "place_name": "楡次", "country": "China", "province": "Shanxi" }, "geometry": { "type": "Point", "coordinates": [ 112.71, 37.7 ] } },
{ "type": "Feature", "properties": { "location_id": 18228.0, "place_type": "City 市", "place_name": "Alma", "country": "USA", "province": "abroad" }, "geometry": { "type": "Point", "coordinates": [ -84.66, 43.38 ] } },
{ "type": "Feature", "properties": { "location_id": 18229.0, "place_type": "City 市", "place_name": "Portland", "country": "USA", "province": "abroad" }, "geometry": { "type": "Point", "coordinates": [ -122.67, 45.51 ] } },
{ "type": "Feature", "properties": { "location_id": 18230.0, "place_type": "US State", "place_name": "Oregon", "country": "USA", "province": "abroad" }, "geometry": { "type": "Point", "coordinates": [ -120.55, 43.81 ] } },
{ "type": "Feature", "properties": { "location_id": 18258.0, "place_type": "City 市", "place_name": "南安", "country": "China", "province": "Fujian" }, "geometry": { "type": "Point", "coordinates": [ 118.39, 24.97 ] } },
{ "type": "Feature", "properties": { "location_id": 18258.0, "place_type": "City 市", "place_name": "南安", "country": "China", "province": "Fujian" }, "geometry": { "type": "Point", "coordinates": [ 118.39, 24.97 ] } },
{ "type": "Feature", "properties": { "location_id": 18263.0, "place_type": "City 市", "place_name": "Edinburgh", "country": "UK", "province": "abroad" }, "geometry": { "type": "Point", "coordinates": [ -3.19, 55.95 ] } },
{ "type": "Feature", "properties": { "location_id": 18304.0, "place_type": "County 縣", "place_name": "房縣", "country": "China", "province": "Hubei" }, "geometry": { "type": "Point", "coordinates": [ 110.73, 32.08 ] } },
{ "type": "Feature", "properties": { "location_id": 18304.0, "place_type": "County 縣", "place_name": "房縣", "country": "China", "province": "Hubei" }, "geometry": { "type": "Point", "coordinates": [ 110.73, 32.08 ] } },
{ "type": "Feature", "properties": { "location_id": 18351.0, "place_type": "City 市", "place_name": "Philadelphia", "country": "USA", "province": "abroad" }, "geometry": { "type": "Point", "coordinates": [ -75.16, 39.95 ] } },
{ "type": "Feature", "properties": { "location_id": 18366.0, "place_type": "District 區", "place_name": "中陽", "country": "China", "province": "Shanxi" }, "geometry": { "type": "Point", "coordinates": [ 111.18, 37.36 ] } },
{ "type": "Feature", "properties": { "location_id": 18366.0, "place_type": "District 區", "place_name": "中陽", "country": "China", "province": "Shanxi" }, "geometry": { "type": "Point", "coordinates": [ 111.18, 37.36 ] } },
{ "type": "Feature", "properties": { "location_id": 18372.0, "place_type": "City 市", "place_name": "滿城", "country": "China", "province": "Hebei" }, "geometry": { "type": "Point", "coordinates": [ 115.31, 38.31 ] } },
{ "type": "Feature", "properties": { "location_id": 18372.0, "place_type": "City 市", "place_name": "滿城", "country": "China", "province": "Hebei" }, "geometry": { "type": "Point", "coordinates": [ 115.31, 38.31 ] } },
{ "type": "Feature", "properties": { "location_id": 18481.0, "place_type": "County 縣", "place_name": "無為", "country": "China", "province": "Anhui" }, "geometry": { "type": "Point", "coordinates": [ 117.9, 31.3 ] } },
{ "type": "Feature", "properties": { "location_id": 18481.0, "place_type": "County 縣", "place_name": "無為", "country": "China", "province": "Anhui" }, "geometry": { "type": "Point", "coordinates": [ 117.9, 31.3 ] } },
{ "type": "Feature", "properties": { "location_id": 18484.0, "place_type": "County 縣", "place_name": "洛寧", "country": "China", "province": "Henan" }, "geometry": { "type": "Point", "coordinates": [ 111.65, 34.39 ] } },
{ "type": "Feature", "properties": { "location_id": 18484.0, "place_type": "County 縣", "place_name": "洛寧", "country": "China", "province": "Henan" }, "geometry": { "type": "Point", "coordinates": [ 111.65, 34.39 ] } },
{ "type": "Feature", "properties": { "location_id": 18491.0, "place_type": "County 縣", "place_name": "南漳", "country": "China", "province": "Hubei" }, "geometry": { "type": "Point", "coordinates": [ 111.84, 31.77 ] } },
{ "type": "Feature", "properties": { "location_id": 18491.0, "place_type": "County 縣", "place_name": "南漳", "country": "China", "province": "Hubei" }, "geometry": { "type": "Point", "coordinates": [ 111.84, 31.77 ] } },
{ "type": "Feature", "properties": { "location_id": 18552.0, "place_type": "County 縣", "place_name": "廬江", "country": "China", "province": "Anhui" }, "geometry": { "type": "Point", "coordinates": [ 117.29, 31.27 ] } },
{ "type": "Feature", "properties": { "location_id": 18552.0, "place_type": "County 縣", "place_name": "廬江", "country": "China", "province": "Anhui" }, "geometry": { "type": "Point", "coordinates": [ 117.29, 31.27 ] } },
{ "type": "Feature", "properties": { "location_id": 18580.0, "place_type": "County 縣", "place_name": "寧津", "country": "China", "province": "Hebei" }, "geometry": { "type": "Point", "coordinates": [ 116.8, 37.65 ] } },
{ "type": "Feature", "properties": { "location_id": 18580.0, "place_type": "County 縣", "place_name": "寧津", "country": "China", "province": "Hebei" }, "geometry": { "type": "Point", "coordinates": [ 116.8, 37.65 ] } },
{ "type": "Feature", "properties": { "location_id": 18632.0, "place_type": "County 縣", "place_name": "平陰", "country": "China", "province": "Shandong" }, "geometry": { "type": "Point", "coordinates": [ 116.46, 36.29 ] } },
{ "type": "Feature", "properties": { "location_id": 18632.0, "place_type": "County 縣", "place_name": "平陰", "country": "China", "province": "Shandong" }, "geometry": { "type": "Point", "coordinates": [ 116.46, 36.29 ] } },
{ "type": "Feature", "properties": { "location_id": 18676.0, "place_type": "County 縣", "place_name": "內黃", "country": "China", "province": "Henan" }, "geometry": { "type": "Point", "coordinates": [ 114.9, 35.97 ] } },
{ "type": "Feature", "properties": { "location_id": 18676.0, "place_type": "County 縣", "place_name": "內黃", "country": "China", "province": "Henan" }, "geometry": { "type": "Point", "coordinates": [ 114.9, 35.97 ] } },
{ "type": "Feature", "properties": { "location_id": 18697.0, "place_type": "County 縣", "place_name": "臨朐", "country": "China", "province": "Shandong" }, "geometry": { "type": "Point", "coordinates": [ 118.54, 36.51 ] } },
{ "type": "Feature", "properties": { "location_id": 18697.0, "place_type": "County 縣", "place_name": "臨朐", "country": "China", "province": "Shandong" }, "geometry": { "type": "Point", "coordinates": [ 118.54, 36.51 ] } },
{ "type": "Feature", "properties": { "location_id": 18784.0, "place_type": "County 縣", "place_name": "紫金", "country": "China", "province": "Guangdong" }, "geometry": { "type": "Point", "coordinates": [ 115.18, 23.64 ] } },
{ "type": "Feature", "properties": { "location_id": 18784.0, "place_type": "County 縣", "place_name": "紫金", "country": "China", "province": "Guangdong" }, "geometry": { "type": "Point", "coordinates": [ 115.18, 23.64 ] } },
{ "type": "Feature", "properties": { "location_id": 18805.0, "place_type": "Town 鎮", "place_name": "足尾町 (Ashio)", "country": "Japan", "province": "abroad" }, "geometry": { "type": "Point", "coordinates": [ 139.44, 36.63 ] } },
{ "type": "Feature", "properties": { "location_id": 18852.0, "place_type": "City 市", "place_name": "Göttingen 哥廷根", "country": "Germany", "province": "abroad" }, "geometry": { "type": "Point", "coordinates": [ 9.93, 51.53 ] } },
{ "type": "Feature", "properties": { "location_id": 18874.0, "place_type": "County 縣", "place_name": "盤縣", "country": "China", "province": "Guizhou" }, "geometry": { "type": "Point", "coordinates": [ 104.47, 25.71 ] } },
{ "type": "Feature", "properties": { "location_id": 18874.0, "place_type": "County 縣", "place_name": "盤縣", "country": "China", "province": "Guizhou" }, "geometry": { "type": "Point", "coordinates": [ 104.47, 25.71 ] } },
{ "type": "Feature", "properties": { "location_id": 18927.0, "place_type": "County 縣", "place_name": "德惠", "country": "China", "province": "Jilin" }, "geometry": { "type": "Point", "coordinates": [ 125.73, 44.52 ] } },
{ "type": "Feature", "properties": { "location_id": 18927.0, "place_type": "County 縣", "place_name": "德惠", "country": "China", "province": "Jilin" }, "geometry": { "type": "Point", "coordinates": [ 125.73, 44.52 ] } },
{ "type": "Feature", "properties": { "location_id": 18953.0, "place_type": "City 市", "place_name": "Versailles", "country": "France", "province": "abroad" }, "geometry": { "type": "Point", "coordinates": [ 2.12, 48.8 ] } },
{ "type": "Feature", "properties": { "location_id": 18988.0, "place_type": "County 縣", "place_name": "高安", "country": "China", "province": "Jiangxi" }, "geometry": { "type": "Point", "coordinates": [ 115.36, 28.44 ] } },
{ "type": "Feature", "properties": { "location_id": 18988.0, "place_type": "County 縣", "place_name": "高安", "country": "China", "province": "Jiangxi" }, "geometry": { "type": "Point", "coordinates": [ 115.36, 28.44 ] } },
{ "type": "Feature", "properties": { "location_id": 18998.0, "place_type": "County 縣", "place_name": "弋陽", "country": "China", "province": "Jiangxi" }, "geometry": { "type": "Point", "coordinates": [ 117.44, 28.41 ] } },
{ "type": "Feature", "properties": { "location_id": 18998.0, "place_type": "County 縣", "place_name": "弋陽", "country": "China", "province": "Jiangxi" }, "geometry": { "type": "Point", "coordinates": [ 117.44, 28.41 ] } },
{ "type": "Feature", "properties": { "location_id": 19083.0, "place_type": "County 縣", "place_name": "巨野", "country": "China", "province": "Shandong" }, "geometry": { "type": "Point", "coordinates": [ 116.07, 35.39 ] } },
{ "type": "Feature", "properties": { "location_id": 19083.0, "place_type": "County 縣", "place_name": "巨野", "country": "China", "province": "Shandong" }, "geometry": { "type": "Point", "coordinates": [ 116.07, 35.39 ] } },
{ "type": "Feature", "properties": { "location_id": 19088.0, "place_type": "County 縣", "place_name": "沁水", "country": "China", "province": "Shanxi" }, "geometry": { "type": "Point", "coordinates": [ 112.19, 35.69 ] } },
{ "type": "Feature", "properties": { "location_id": 19088.0, "place_type": "County 縣", "place_name": "沁水", "country": "China", "province": "Shanxi" }, "geometry": { "type": "Point", "coordinates": [ 112.19, 35.69 ] } },
{ "type": "Feature", "properties": { "location_id": 19095.0, "place_type": "City 市", "place_name": "天水", "country": "China", "province": "Gansu" }, "geometry": { "type": "Point", "coordinates": [ 105.72, 34.58 ] } },
{ "type": "Feature", "properties": { "location_id": 19095.0, "place_type": "City 市", "place_name": "天水", "country": "China", "province": "Gansu" }, "geometry": { "type": "Point", "coordinates": [ 105.72, 34.58 ] } },
{ "type": "Feature", "properties": { "location_id": 19243.0, "place_type": "City 市", "place_name": "鎭江", "country": "China", "province": "Jiangsu" }, "geometry": { "type": "Point", "coordinates": [ 119.43, 32.19 ] } },
{ "type": "Feature", "properties": { "location_id": 19243.0, "place_type": "City 市", "place_name": "鎭江", "country": "China", "province": "Jiangsu" }, "geometry": { "type": "Point", "coordinates": [ 119.43, 32.19 ] } },
{ "type": "Feature", "properties": { "location_id": 19400.0, "place_type": "City 市", "place_name": "寶靈", "country": "China", "province": "Henan" }, "geometry": { "type": "Point", "coordinates": [ 110.9, 34.52 ] } },
{ "type": "Feature", "properties": { "location_id": 19400.0, "place_type": "City 市", "place_name": "寶靈", "country": "China", "province": "Henan" }, "geometry": { "type": "Point", "coordinates": [ 110.9, 34.52 ] } },
{ "type": "Feature", "properties": { "location_id": 19456.0, "place_type": "County 縣", "place_name": "故城", "country": "China", "province": "Hebei" }, "geometry": { "type": "Point", "coordinates": [ 115.97, 37.35 ] } },
{ "type": "Feature", "properties": { "location_id": 19456.0, "place_type": "County 縣", "place_name": "故城", "country": "China", "province": "Hebei" }, "geometry": { "type": "Point", "coordinates": [ 115.97, 37.35 ] } },
{ "type": "Feature", "properties": { "location_id": 19489.0, "place_type": "County 縣", "place_name": "劍閣", "country": "China", "province": "Sichuan" }, "geometry": { "type": "Point", "coordinates": [ 105.52, 32.28 ] } },
{ "type": "Feature", "properties": { "location_id": 19489.0, "place_type": "County 縣", "place_name": "劍閣", "country": "China", "province": "Sichuan" }, "geometry": { "type": "Point", "coordinates": [ 105.52, 32.28 ] } },
{ "type": "Feature", "properties": { "location_id": 19500.0, "place_type": "District 區", "place_name": "平魯", "country": "China", "province": "Shanxi" }, "geometry": { "type": "Point", "coordinates": [ 112.31, 39.51 ] } },
{ "type": "Feature", "properties": { "location_id": 19500.0, "place_type": "District 區", "place_name": "平魯", "country": "China", "province": "Shanxi" }, "geometry": { "type": "Point", "coordinates": [ 112.31, 39.51 ] } },
{ "type": "Feature", "properties": { "location_id": 19517.0, "place_type": "City 市", "place_name": "新明", "country": "China", "province": "Liaoning" }, "geometry": { "type": "Point", "coordinates": [ 123.83, 41.31 ] } },
{ "type": "Feature", "properties": { "location_id": 19517.0, "place_type": "City 市", "place_name": "新明", "country": "China", "province": "Liaoning" }, "geometry": { "type": "Point", "coordinates": [ 123.83, 41.31 ] } },
{ "type": "Feature", "properties": { "location_id": 19550.0, "place_type": "City 市", "place_name": "江門", "country": "China", "province": "Guangdong" }, "geometry": { "type": "Point", "coordinates": [ 113.08, 22.58 ] } },
{ "type": "Feature", "properties": { "location_id": 19550.0, "place_type": "City 市", "place_name": "江門", "country": "China", "province": "Guangdong" }, "geometry": { "type": "Point", "coordinates": [ 113.08, 22.58 ] } },
{ "type": "Feature", "properties": { "location_id": 19560.0, "place_type": "County 縣", "place_name": "鹽亭", "country": "China", "province": "Sichuan" }, "geometry": { "type": "Point", "coordinates": [ 105.39, 31.21 ] } },
{ "type": "Feature", "properties": { "location_id": 19560.0, "place_type": "County 縣", "place_name": "鹽亭", "country": "China", "province": "Sichuan" }, "geometry": { "type": "Point", "coordinates": [ 105.39, 31.21 ] } },
{ "type": "Feature", "properties": { "location_id": 19711.0, "place_type": "County 縣", "place_name": "徐溝 (清徐)", "country": "China", "province": "Shanxi" }, "geometry": { "type": "Point", "coordinates": [ 112.51, 37.56 ] } },
{ "type": "Feature", "properties": { "location_id": 19711.0, "place_type": "County 縣", "place_name": "徐溝 (清徐)", "country": "China", "province": "Shanxi" }, "geometry": { "type": "Point", "coordinates": [ 112.51, 37.56 ] } },
{ "type": "Feature", "properties": { "location_id": 19811.0, "place_type": "County 縣", "place_name": "冠縣", "country": "China", "province": "Hebei" }, "geometry": { "type": "Point", "coordinates": [ 115.45, 36.49 ] } },
{ "type": "Feature", "properties": { "location_id": 19811.0, "place_type": "County 縣", "place_name": "冠縣", "country": "China", "province": "Hebei" }, "geometry": { "type": "Point", "coordinates": [ 115.45, 36.49 ] } },
{ "type": "Feature", "properties": { "location_id": 19821.0, "place_type": "Country (independent)", "place_name": "Romania", "country": "Romania", "province": "abroad" }, "geometry": { "type": "Point", "coordinates": [ 26.11, 44.43 ] } },
{ "type": "Feature", "properties": { "location_id": 19830.0, "place_type": "County 縣", "place_name": "曹縣", "country": "China", "province": "Henan" }, "geometry": { "type": "Point", "coordinates": [ 115.54, 34.82 ] } },
{ "type": "Feature", "properties": { "location_id": 19830.0, "place_type": "County 縣", "place_name": "曹縣", "country": "China", "province": "Henan" }, "geometry": { "type": "Point", "coordinates": [ 115.54, 34.82 ] } },
{ "type": "Feature", "properties": { "location_id": 19837.0, "place_type": "County 縣", "place_name": "壺關", "country": "China", "province": "Shanxi" }, "geometry": { "type": "Point", "coordinates": [ 113.21, 36.11 ] } },
{ "type": "Feature", "properties": { "location_id": 19837.0, "place_type": "County 縣", "place_name": "壺關", "country": "China", "province": "Shanxi" }, "geometry": { "type": "Point", "coordinates": [ 113.21, 36.11 ] } },
{ "type": "Feature", "properties": { "location_id": 19840.0, "place_type": "City 市", "place_name": "新樂", "country": "China", "province": "Hebei" }, "geometry": { "type": "Point", "coordinates": [ 114.68, 38.35 ] } },
{ "type": "Feature", "properties": { "location_id": 19840.0, "place_type": "City 市", "place_name": "新樂", "country": "China", "province": "Hebei" }, "geometry": { "type": "Point", "coordinates": [ 114.68, 38.35 ] } },
{ "type": "Feature", "properties": { "location_id": 19850.0, "place_type": "County 縣", "place_name": "洋縣", "country": "China", "province": "Shaanxi" }, "geometry": { "type": "Point", "coordinates": [ 107.55, 33.22 ] } },
{ "type": "Feature", "properties": { "location_id": 19850.0, "place_type": "County 縣", "place_name": "洋縣", "country": "China", "province": "Shaanxi" }, "geometry": { "type": "Point", "coordinates": [ 107.55, 33.22 ] } },
{ "type": "Feature", "properties": { "location_id": 19867.0, "place_type": "County 縣", "place_name": "上蔡", "country": "China", "province": "Henan" }, "geometry": { "type": "Point", "coordinates": [ 114.26, 33.26 ] } },
{ "type": "Feature", "properties": { "location_id": 19867.0, "place_type": "County 縣", "place_name": "上蔡", "country": "China", "province": "Henan" }, "geometry": { "type": "Point", "coordinates": [ 114.26, 33.26 ] } },
{ "type": "Feature", "properties": { "location_id": 19876.0, "place_type": "County 縣", "place_name": "鄠縣", "country": "China", "province": "Shaanxi" }, "geometry": { "type": "Point", "coordinates": [ 108.59, 34.0 ] } },
{ "type": "Feature", "properties": { "location_id": 19876.0, "place_type": "County 縣", "place_name": "鄠縣", "country": "China", "province": "Shaanxi" }, "geometry": { "type": "Point", "coordinates": [ 108.59, 34.0 ] } },
{ "type": "Feature", "properties": { "location_id": 19899.0, "place_type": "County 縣", "place_name": "任縣", "country": "China", "province": "Hebei" }, "geometry": { "type": "Point", "coordinates": [ 114.67, 37.12 ] } },
{ "type": "Feature", "properties": { "location_id": 19899.0, "place_type": "County 縣", "place_name": "任縣", "country": "China", "province": "Hebei" }, "geometry": { "type": "Point", "coordinates": [ 114.67, 37.12 ] } },
{ "type": "Feature", "properties": { "location_id": 19911.0, "place_type": "County 縣", "place_name": "襄垣", "country": "China", "province": "Shanxi" }, "geometry": { "type": "Point", "coordinates": [ 113.04, 36.54 ] } },
{ "type": "Feature", "properties": { "location_id": 19911.0, "place_type": "County 縣", "place_name": "襄垣", "country": "China", "province": "Shanxi" }, "geometry": { "type": "Point", "coordinates": [ 113.04, 36.54 ] } },
{ "type": "Feature", "properties": { "location_id": 19990.0, "place_type": "County 縣", "place_name": "豐鎮", "country": "China", "province": "Chahaer" }, "geometry": { "type": "Point", "coordinates": [ 113.11, 40.44 ] } },
{ "type": "Feature", "properties": { "location_id": 19990.0, "place_type": "County 縣", "place_name": "豐鎮", "country": "China", "province": "Chahaer" }, "geometry": { "type": "Point", "coordinates": [ 113.11, 40.44 ] } },
{ "type": "Feature", "properties": { "location_id": 20081.0, "place_type": "County 縣", "place_name": "邕縣", "country": "China", "province": "Guangxi" }, "geometry": { "type": "Point", "coordinates": [ 108.37, 22.82 ] } },
{ "type": "Feature", "properties": { "location_id": 20081.0, "place_type": "County 縣", "place_name": "邕縣", "country": "China", "province": "Guangxi" }, "geometry": { "type": "Point", "coordinates": [ 108.37, 22.82 ] } },
{ "type": "Feature", "properties": { "location_id": 20109.0, "place_type": "US State", "place_name": "Florida", "country": "USA", "province": "abroad" }, "geometry": { "type": "Point", "coordinates": [ -81.52, 27.66 ] } },
{ "type": "Feature", "properties": { "location_id": 20133.0, "place_type": "City 市", "place_name": "邯鄲", "country": "China", "province": "Henan" }, "geometry": { "type": "Point", "coordinates": [ 114.54, 36.62 ] } },
{ "type": "Feature", "properties": { "location_id": 20133.0, "place_type": "City 市", "place_name": "邯鄲", "country": "China", "province": "Henan" }, "geometry": { "type": "Point", "coordinates": [ 114.54, 36.62 ] } },
{ "type": "Feature", "properties": { "location_id": 20190.0, "place_type": "County 縣", "place_name": "安順", "country": "China", "province": "Guizhou" }, "geometry": { "type": "Point", "coordinates": [ 105.95, 26.25 ] } },
{ "type": "Feature", "properties": { "location_id": 20190.0, "place_type": "County 縣", "place_name": "安順", "country": "China", "province": "Guizhou" }, "geometry": { "type": "Point", "coordinates": [ 105.95, 26.25 ] } },
{ "type": "Feature", "properties": { "location_id": 20203.0, "place_type": "County 縣", "place_name": "彭山", "country": "China", "province": "Sichuan" }, "geometry": { "type": "Point", "coordinates": [ 103.87, 30.19 ] } },
{ "type": "Feature", "properties": { "location_id": 20203.0, "place_type": "County 縣", "place_name": "彭山", "country": "China", "province": "Sichuan" }, "geometry": { "type": "Point", "coordinates": [ 103.87, 30.19 ] } },
{ "type": "Feature", "properties": { "location_id": 20210.0, "place_type": "County 縣", "place_name": "東光", "country": "China", "province": "Hebei" }, "geometry": { "type": "Point", "coordinates": [ 116.54, 37.89 ] } },
{ "type": "Feature", "properties": { "location_id": 20210.0, "place_type": "County 縣", "place_name": "東光", "country": "China", "province": "Hebei" }, "geometry": { "type": "Point", "coordinates": [ 116.54, 37.89 ] } },
{ "type": "Feature", "properties": { "location_id": 20342.0, "place_type": "County 縣", "place_name": "延津", "country": "China", "province": "Henan" }, "geometry": { "type": "Point", "coordinates": [ 114.21, 35.15 ] } },
{ "type": "Feature", "properties": { "location_id": 20342.0, "place_type": "County 縣", "place_name": "延津", "country": "China", "province": "Henan" }, "geometry": { "type": "Point", "coordinates": [ 114.21, 35.15 ] } },
{ "type": "Feature", "properties": { "location_id": 20354.0, "place_type": "County 縣", "place_name": "天鎮", "country": "China", "province": "Shanxi" }, "geometry": { "type": "Point", "coordinates": [ 114.08, 40.41 ] } },
{ "type": "Feature", "properties": { "location_id": 20354.0, "place_type": "County 縣", "place_name": "天鎮", "country": "China", "province": "Shanxi" }, "geometry": { "type": "Point", "coordinates": [ 114.08, 40.41 ] } },
{ "type": "Feature", "properties": { "location_id": 20399.0, "place_type": "County 縣", "place_name": "榆初", "country": "China", "province": "Shanxi" }, "geometry": { "type": "Point", "coordinates": [ 112.7, 37.7 ] } },
{ "type": "Feature", "properties": { "location_id": 20399.0, "place_type": "County 縣", "place_name": "榆初", "country": "China", "province": "Shanxi" }, "geometry": { "type": "Point", "coordinates": [ 112.7, 37.7 ] } },
{ "type": "Feature", "properties": { "location_id": 20470.0, "place_type": "City 市", "place_name": "輝縣", "country": "China", "province": "Henan" }, "geometry": { "type": "Point", "coordinates": [ 113.81, 35.46 ] } },
{ "type": "Feature", "properties": { "location_id": 20470.0, "place_type": "City 市", "place_name": "輝縣", "country": "China", "province": "Henan" }, "geometry": { "type": "Point", "coordinates": [ 113.81, 35.46 ] } },
{ "type": "Feature", "properties": { "location_id": 20499.0, "place_type": "County 縣", "place_name": "敘永", "country": "China", "province": "Sichuan" }, "geometry": { "type": "Point", "coordinates": [ 105.44, 28.17 ] } },
{ "type": "Feature", "properties": { "location_id": 20499.0, "place_type": "County 縣", "place_name": "敘永", "country": "China", "province": "Sichuan" }, "geometry": { "type": "Point", "coordinates": [ 105.44, 28.17 ] } },
{ "type": "Feature", "properties": { "location_id": 20513.0, "place_type": "City 市", "place_name": "滎陽", "country": "China", "province": "Henan" }, "geometry": { "type": "Point", "coordinates": [ 113.38, 34.79 ] } },
{ "type": "Feature", "properties": { "location_id": 20513.0, "place_type": "City 市", "place_name": "滎陽", "country": "China", "province": "Henan" }, "geometry": { "type": "Point", "coordinates": [ 113.38, 34.79 ] } },
{ "type": "Feature", "properties": { "location_id": 20555.0, "place_type": "County 縣", "place_name": "新平", "country": "China", "province": "Yunnan" }, "geometry": { "type": "Point", "coordinates": [ 101.99, 24.07 ] } },
{ "type": "Feature", "properties": { "location_id": 20555.0, "place_type": "County 縣", "place_name": "新平", "country": "China", "province": "Yunnan" }, "geometry": { "type": "Point", "coordinates": [ 101.99, 24.07 ] } },
{ "type": "Feature", "properties": { "location_id": 20579.0, "place_type": "City 市", "place_name": "天長", "country": "China", "province": "Anhui" }, "geometry": { "type": "Point", "coordinates": [ 119.01, 32.66 ] } },
{ "type": "Feature", "properties": { "location_id": 20579.0, "place_type": "City 市", "place_name": "天長", "country": "China", "province": "Anhui" }, "geometry": { "type": "Point", "coordinates": [ 119.01, 32.66 ] } },
{ "type": "Feature", "properties": { "location_id": 20596.0, "place_type": "County 縣", "place_name": "山陰", "country": "China", "province": "Shanxi" }, "geometry": { "type": "Point", "coordinates": [ 112.82, 39.53 ] } },
{ "type": "Feature", "properties": { "location_id": 20596.0, "place_type": "County 縣", "place_name": "山陰", "country": "China", "province": "Shanxi" }, "geometry": { "type": "Point", "coordinates": [ 112.82, 39.53 ] } },
{ "type": "Feature", "properties": { "location_id": 20636.0, "place_type": "County 縣", "place_name": "富順", "country": "China", "province": "Sichuan" }, "geometry": { "type": "Point", "coordinates": [ 104.98, 29.18 ] } },
{ "type": "Feature", "properties": { "location_id": 20636.0, "place_type": "County 縣", "place_name": "富順", "country": "China", "province": "Sichuan" }, "geometry": { "type": "Point", "coordinates": [ 104.98, 29.18 ] } },
{ "type": "Feature", "properties": { "location_id": 20744.0, "place_type": "City 市", "place_name": "遼源", "country": "China", "province": "Liaoning" }, "geometry": { "type": "Point", "coordinates": [ 125.15, 42.89 ] } },
{ "type": "Feature", "properties": { "location_id": 20744.0, "place_type": "City 市", "place_name": "遼源", "country": "China", "province": "Liaoning" }, "geometry": { "type": "Point", "coordinates": [ 125.15, 42.89 ] } },
{ "type": "Feature", "properties": { "location_id": 20748.0, "place_type": "County 縣", "place_name": "望都", "country": "China", "province": "Hebei" }, "geometry": { "type": "Point", "coordinates": [ 115.15, 38.7 ] } },
{ "type": "Feature", "properties": { "location_id": 20748.0, "place_type": "County 縣", "place_name": "望都", "country": "China", "province": "Hebei" }, "geometry": { "type": "Point", "coordinates": [ 115.15, 38.7 ] } },
{ "type": "Feature", "properties": { "location_id": 20762.0, "place_type": "County 縣", "place_name": "石柱", "country": "China", "province": "Sichuan" }, "geometry": { "type": "Point", "coordinates": [ 108.11, 30.0 ] } },
{ "type": "Feature", "properties": { "location_id": 20762.0, "place_type": "County 縣", "place_name": "石柱", "country": "China", "province": "Sichuan" }, "geometry": { "type": "Point", "coordinates": [ 108.11, 30.0 ] } },
{ "type": "Feature", "properties": { "location_id": 20767.0, "place_type": "District 區", "place_name": "釜石", "country": "Japan", "province": "abroad" }, "geometry": { "type": "Point", "coordinates": [ 141.88, 39.28 ] } },
{ "type": "Feature", "properties": { "location_id": 20792.0, "place_type": "City 市", "place_name": "仙台", "country": "Japan", "province": "abroad" }, "geometry": { "type": "Point", "coordinates": [ 140.87, 38.27 ] } },
{ "type": "Feature", "properties": { "location_id": 20814.0, "place_type": "County 縣", "place_name": "太平", "country": "China", "province": "Anhui" }, "geometry": { "type": "Point", "coordinates": [ 118.03, 30.37 ] } },
{ "type": "Feature", "properties": { "location_id": 20814.0, "place_type": "County 縣", "place_name": "太平", "country": "China", "province": "Anhui" }, "geometry": { "type": "Point", "coordinates": [ 118.03, 30.37 ] } },
{ "type": "Feature", "properties": { "location_id": 21149.0, "place_type": "City 市", "place_name": "Köthen (Kothen)", "country": "Germany", "province": "abroad" }, "geometry": { "type": "Point", "coordinates": [ 11.98, 51.75 ] } },
{ "type": "Feature", "properties": { "location_id": 21221.0, "place_type": "County 縣", "place_name": "容城", "country": "China", "province": "Hebei" }, "geometry": { "type": "Point", "coordinates": [ 115.86, 39.04 ] } },
{ "type": "Feature", "properties": { "location_id": 21221.0, "place_type": "County 縣", "place_name": "容城", "country": "China", "province": "Hebei" }, "geometry": { "type": "Point", "coordinates": [ 115.86, 39.04 ] } },
{ "type": "Feature", "properties": { "location_id": 21234.0, "place_type": "County 縣", "place_name": "新興", "country": "China", "province": "Guangdong" }, "geometry": { "type": "Point", "coordinates": [ 112.23, 22.69 ] } },
{ "type": "Feature", "properties": { "location_id": 21234.0, "place_type": "County 縣", "place_name": "新興", "country": "China", "province": "Guangdong" }, "geometry": { "type": "Point", "coordinates": [ 112.23, 22.69 ] } },
{ "type": "Feature", "properties": { "location_id": 21242.0, "place_type": "County 縣", "place_name": "鉅野", "country": "China", "province": "Shandong" }, "geometry": { "type": "Point", "coordinates": [ 116.06, 35.39 ] } },
{ "type": "Feature", "properties": { "location_id": 21242.0, "place_type": "County 縣", "place_name": "鉅野", "country": "China", "province": "Shandong" }, "geometry": { "type": "Point", "coordinates": [ 116.06, 35.39 ] } },
{ "type": "Feature", "properties": { "location_id": 21269.0, "place_type": "Banner 旗", "place_name": "賓圖王旗 (賓圖旗/科爾沁左翼前旗)", "country": "China", "province": "Liaoning" }, "geometry": { "type": "Point", "coordinates": [ 122.89, 42.67 ] } },
{ "type": "Feature", "properties": { "location_id": 21269.0, "place_type": "Banner 旗", "place_name": "賓圖王旗 (賓圖旗/科爾沁左翼前旗)", "country": "China", "province": "Liaoning" }, "geometry": { "type": "Point", "coordinates": [ 122.89, 42.67 ] } },
{ "type": "Feature", "properties": { "location_id": 21290.0, "place_type": "City 市", "place_name": "Oxford", "country": "UK", "province": "abroad" }, "geometry": { "type": "Point", "coordinates": [ -1.25, 51.75 ] } },
{ "type": "Feature", "properties": { "location_id": 21322.0, "place_type": "County 縣", "place_name": "梨樹", "country": "China", "province": "Liaoning" }, "geometry": { "type": "Point", "coordinates": [ 124.33, 43.3 ] } },
{ "type": "Feature", "properties": { "location_id": 21322.0, "place_type": "County 縣", "place_name": "梨樹", "country": "China", "province": "Liaoning" }, "geometry": { "type": "Point", "coordinates": [ 124.33, 43.3 ] } },
{ "type": "Feature", "properties": { "location_id": 21325.0, "place_type": "County 縣", "place_name": "安國", "country": "China", "province": "Hebei" }, "geometry": { "type": "Point", "coordinates": [ 115.32, 38.42 ] } },
{ "type": "Feature", "properties": { "location_id": 21325.0, "place_type": "County 縣", "place_name": "安國", "country": "China", "province": "Hebei" }, "geometry": { "type": "Point", "coordinates": [ 115.32, 38.42 ] } },
{ "type": "Feature", "properties": { "location_id": 21333.0, "place_type": "County 縣", "place_name": "任邱", "country": "China", "province": "Hebei" }, "geometry": { "type": "Point", "coordinates": [ 116.08, 38.68 ] } },
{ "type": "Feature", "properties": { "location_id": 21333.0, "place_type": "County 縣", "place_name": "任邱", "country": "China", "province": "Hebei" }, "geometry": { "type": "Point", "coordinates": [ 116.08, 38.68 ] } },
{ "type": "Feature", "properties": { "location_id": 21403.0, "place_type": "Township 鄉", "place_name": "思口", "country": "China", "province": "Anhui" }, "geometry": { "type": "Point", "coordinates": [ 117.82, 29.35 ] } },
{ "type": "Feature", "properties": { "location_id": 21403.0, "place_type": "Township 鄉", "place_name": "思口", "country": "China", "province": "Anhui" }, "geometry": { "type": "Point", "coordinates": [ 117.82, 29.35 ] } },
{ "type": "Feature", "properties": { "location_id": 21465.0, "place_type": "County 縣", "place_name": "饒陽", "country": "China", "province": "Hebei" }, "geometry": { "type": "Point", "coordinates": [ 115.73, 38.24 ] } },
{ "type": "Feature", "properties": { "location_id": 21465.0, "place_type": "County 縣", "place_name": "饒陽", "country": "China", "province": "Hebei" }, "geometry": { "type": "Point", "coordinates": [ 115.73, 38.24 ] } },
{ "type": "Feature", "properties": { "location_id": 21499.0, "place_type": "City 市", "place_name": "Kunshan 昆山", "country": "China", "province": "Jiangsu" }, "geometry": { "type": "Point", "coordinates": [ 120.98, 31.39 ] } },
{ "type": "Feature", "properties": { "location_id": 21499.0, "place_type": "City 市", "place_name": "Kunshan 昆山", "country": "China", "province": "Jiangsu" }, "geometry": { "type": "Point", "coordinates": [ 120.98, 31.39 ] } },
{ "type": "Feature", "properties": { "location_id": 21550.0, "place_type": "County 縣", "place_name": "營口", "country": "China", "province": "Liaoning" }, "geometry": { "type": "Point", "coordinates": [ 122.23, 40.67 ] } },
{ "type": "Feature", "properties": { "location_id": 21550.0, "place_type": "County 縣", "place_name": "營口", "country": "China", "province": "Liaoning" }, "geometry": { "type": "Point", "coordinates": [ 122.23, 40.67 ] } },
{ "type": "Feature", "properties": { "location_id": 21553.0, "place_type": "City 市", "place_name": "曲阜", "country": "China", "province": "Shandong" }, "geometry": { "type": "Point", "coordinates": [ 116.99, 35.58 ] } },
{ "type": "Feature", "properties": { "location_id": 21553.0, "place_type": "City 市", "place_name": "曲阜", "country": "China", "province": "Shandong" }, "geometry": { "type": "Point", "coordinates": [ 116.99, 35.58 ] } },
{ "type": "Feature", "properties": { "location_id": 21686.0, "place_type": "District 區", "place_name": "Qiaokou 礄口", "country": "China", "province": "Hubei" }, "geometry": { "type": "Point", "coordinates": [ 114.21, 30.6 ] } },
{ "type": "Feature", "properties": { "location_id": 21686.0, "place_type": "District 區", "place_name": "Qiaokou 礄口", "country": "China", "province": "Hubei" }, "geometry": { "type": "Point", "coordinates": [ 114.21, 30.6 ] } },
{ "type": "Feature", "properties": { "location_id": 21693.0, "place_type": "Province 省", "place_name": "Ningxia", "country": "China", "province": "Ningxia" }, "geometry": { "type": "Point", "coordinates": [ 106.21, 38.48 ] } },
{ "type": "Feature", "properties": { "location_id": 21693.0, "place_type": "Province 省", "place_name": "Ningxia", "country": "China", "province": "Ningxia" }, "geometry": { "type": "Point", "coordinates": [ 106.21, 38.48 ] } },
{ "type": "Feature", "properties": { "location_id": 21724.0, "place_type": "City 市", "place_name": "Kamakura 鎌倉", "country": "Japan", "province": "abroad" }, "geometry": { "type": "Point", "coordinates": [ 139.54, 35.32 ] } },
{ "type": "Feature", "properties": { "location_id": 21801.0, "place_type": "County 縣", "place_name": "華縣 (華州)", "country": "China", "province": "Shaanxi" }, "geometry": { "type": "Point", "coordinates": [ 109.76, 34.51 ] } },
{ "type": "Feature", "properties": { "location_id": 21801.0, "place_type": "County 縣", "place_name": "華縣 (華州)", "country": "China", "province": "Shaanxi" }, "geometry": { "type": "Point", "coordinates": [ 109.76, 34.51 ] } },
{ "type": "Feature", "properties": { "location_id": 22068.0, "place_type": "District 區", "place_name": "南開", "country": "China", "province": "Hebei" }, "geometry": { "type": "Point", "coordinates": [ 117.15, 39.14 ] } },
{ "type": "Feature", "properties": { "location_id": 22068.0, "place_type": "District 區", "place_name": "南開", "country": "China", "province": "Hebei" }, "geometry": { "type": "Point", "coordinates": [ 117.15, 39.14 ] } },
{ "type": "Feature", "properties": { "location_id": 22088.0, "place_type": "City 市", "place_name": "眉山", "country": "China", "province": "Sichuan" }, "geometry": { "type": "Point", "coordinates": [ 103.85, 30.08 ] } },
{ "type": "Feature", "properties": { "location_id": 22088.0, "place_type": "City 市", "place_name": "眉山", "country": "China", "province": "Sichuan" }, "geometry": { "type": "Point", "coordinates": [ 103.85, 30.08 ] } },
{ "type": "Feature", "properties": { "location_id": 22109.0, "place_type": "County 縣", "place_name": "應縣", "country": "China", "province": "Shanxi" }, "geometry": { "type": "Point", "coordinates": [ 113.19, 39.55 ] } },
{ "type": "Feature", "properties": { "location_id": 22109.0, "place_type": "County 縣", "place_name": "應縣", "country": "China", "province": "Shanxi" }, "geometry": { "type": "Point", "coordinates": [ 113.19, 39.55 ] } },
{ "type": "Feature", "properties": { "location_id": 22209.0, "place_type": "County 縣", "place_name": "太康", "country": "China", "province": "Henan" }, "geometry": { "type": "Point", "coordinates": [ 114.84, 34.06 ] } },
{ "type": "Feature", "properties": { "location_id": 22209.0, "place_type": "County 縣", "place_name": "太康", "country": "China", "province": "Henan" }, "geometry": { "type": "Point", "coordinates": [ 114.84, 34.06 ] } },
{ "type": "Feature", "properties": { "location_id": 22253.0, "place_type": "City 市", "place_name": "Moscow 莫斯科", "country": "Russian Federation", "province": "abroad" }, "geometry": { "type": "Point", "coordinates": [ 37.62, 55.75 ] } },
{ "type": "Feature", "properties": { "location_id": 22338.0, "place_type": "County 縣", "place_name": "廣靈", "country": "China", "province": "Shanxi" }, "geometry": { "type": "Point", "coordinates": [ 114.27, 39.76 ] } },
{ "type": "Feature", "properties": { "location_id": 22338.0, "place_type": "County 縣", "place_name": "廣靈", "country": "China", "province": "Shanxi" }, "geometry": { "type": "Point", "coordinates": [ 114.27, 39.76 ] } },
{ "type": "Feature", "properties": { "location_id": 22400.0, "place_type": "County 縣", "place_name": "無棣", "country": "China", "province": "Shandong" }, "geometry": { "type": "Point", "coordinates": [ 117.61, 37.76 ] } },
{ "type": "Feature", "properties": { "location_id": 22400.0, "place_type": "County 縣", "place_name": "無棣", "country": "China", "province": "Shandong" }, "geometry": { "type": "Point", "coordinates": [ 117.61, 37.76 ] } },
{ "type": "Feature", "properties": { "location_id": 22414.0, "place_type": "City 市", "place_name": "滄洲", "country": "China", "province": "Hebei" }, "geometry": { "type": "Point", "coordinates": [ 116.84, 38.3 ] } },
{ "type": "Feature", "properties": { "location_id": 22414.0, "place_type": "City 市", "place_name": "滄洲", "country": "China", "province": "Hebei" }, "geometry": { "type": "Point", "coordinates": [ 116.84, 38.3 ] } },
{ "type": "Feature", "properties": { "location_id": 22438.0, "place_type": "County 縣", "place_name": "繁峙", "country": "China", "province": "Shanxi" }, "geometry": { "type": "Point", "coordinates": [ 113.25, 39.19 ] } },
{ "type": "Feature", "properties": { "location_id": 22438.0, "place_type": "County 縣", "place_name": "繁峙", "country": "China", "province": "Shanxi" }, "geometry": { "type": "Point", "coordinates": [ 113.25, 39.19 ] } },
{ "type": "Feature", "properties": { "location_id": 22545.0, "place_type": "County 縣", "place_name": "冀城", "country": "China", "province": "Shanxi" }, "geometry": { "type": "Point", "coordinates": [ 111.51, 36.06 ] } },
{ "type": "Feature", "properties": { "location_id": 22545.0, "place_type": "County 縣", "place_name": "冀城", "country": "China", "province": "Shanxi" }, "geometry": { "type": "Point", "coordinates": [ 111.51, 36.06 ] } },
{ "type": "Feature", "properties": { "location_id": 22850.0, "place_type": "County 縣", "place_name": "德縣", "country": "China", "province": "Hebei" }, "geometry": { "type": "Point", "coordinates": [ 116.3, 37.45 ] } },
{ "type": "Feature", "properties": { "location_id": 22850.0, "place_type": "County 縣", "place_name": "德縣", "country": "China", "province": "Hebei" }, "geometry": { "type": "Point", "coordinates": [ 116.3, 37.45 ] } },
{ "type": "Feature", "properties": { "location_id": 22888.0, "place_type": "County 縣", "place_name": "西豐", "country": "China", "province": "Liaoning" }, "geometry": { "type": "Point", "coordinates": [ 124.73, 42.74 ] } },
{ "type": "Feature", "properties": { "location_id": 22888.0, "place_type": "County 縣", "place_name": "西豐", "country": "China", "province": "Liaoning" }, "geometry": { "type": "Point", "coordinates": [ 124.73, 42.74 ] } },
{ "type": "Feature", "properties": { "location_id": 22894.0, "place_type": "County 縣", "place_name": "定興", "country": "China", "province": "Hebei" }, "geometry": { "type": "Point", "coordinates": [ 115.8, 39.26 ] } },
{ "type": "Feature", "properties": { "location_id": 22894.0, "place_type": "County 縣", "place_name": "定興", "country": "China", "province": "Hebei" }, "geometry": { "type": "Point", "coordinates": [ 115.8, 39.26 ] } },
{ "type": "Feature", "properties": { "location_id": 22898.0, "place_type": "County 縣", "place_name": "臨縣", "country": "China", "province": "Shaanxi" }, "geometry": { "type": "Point", "coordinates": [ 110.99, 37.92 ] } },
{ "type": "Feature", "properties": { "location_id": 22898.0, "place_type": "County 縣", "place_name": "臨縣", "country": "China", "province": "Shaanxi" }, "geometry": { "type": "Point", "coordinates": [ 110.99, 37.92 ] } },
{ "type": "Feature", "properties": { "location_id": 23110.0, "place_type": "City 市", "place_name": "靈寶", "country": "China", "province": "Henan" }, "geometry": { "type": "Point", "coordinates": [ 110.9, 34.52 ] } },
{ "type": "Feature", "properties": { "location_id": 23110.0, "place_type": "City 市", "place_name": "靈寶", "country": "China", "province": "Henan" }, "geometry": { "type": "Point", "coordinates": [ 110.9, 34.52 ] } },
{ "type": "Feature", "properties": { "location_id": 23132.0, "place_type": "City 市", "place_name": "苏州", "country": "China", "province": "Jiangsu" }, "geometry": { "type": "Point", "coordinates": [ 120.59, 31.3 ] } },
{ "type": "Feature", "properties": { "location_id": 23132.0, "place_type": "City 市", "place_name": "苏州", "country": "China", "province": "Jiangsu" }, "geometry": { "type": "Point", "coordinates": [ 120.59, 31.3 ] } },
{ "type": "Feature", "properties": { "location_id": 23159.0, "place_type": "City 市", "place_name": "Danzig (Gdańsk)", "country": "Germany", "province": "abroad" }, "geometry": { "type": "Point", "coordinates": [ 18.64, 54.35 ] } },
{ "type": "Feature", "properties": { "location_id": 23229.0, "place_type": "County 縣", "place_name": "費縣", "country": "China", "province": "Shandong" }, "geometry": { "type": "Point", "coordinates": [ 117.96, 35.27 ] } },
{ "type": "Feature", "properties": { "location_id": 23229.0, "place_type": "County 縣", "place_name": "費縣", "country": "China", "province": "Shandong" }, "geometry": { "type": "Point", "coordinates": [ 117.96, 35.27 ] } },
{ "type": "Feature", "properties": { "location_id": 23276.0, "place_type": "City 市", "place_name": "蛟河", "country": "China", "province": "Jilin" }, "geometry": { "type": "Point", "coordinates": [ 127.35, 43.73 ] } },
{ "type": "Feature", "properties": { "location_id": 23276.0, "place_type": "City 市", "place_name": "蛟河", "country": "China", "province": "Jilin" }, "geometry": { "type": "Point", "coordinates": [ 127.35, 43.73 ] } },
{ "type": "Feature", "properties": { "location_id": 23373.0, "place_type": "County 縣", "place_name": "澠池", "country": "China", "province": "Henan" }, "geometry": { "type": "Point", "coordinates": [ 111.74, 34.76 ] } },
{ "type": "Feature", "properties": { "location_id": 23373.0, "place_type": "County 縣", "place_name": "澠池", "country": "China", "province": "Henan" }, "geometry": { "type": "Point", "coordinates": [ 111.74, 34.76 ] } },
{ "type": "Feature", "properties": { "location_id": 23384.0, "place_type": "Colony", "place_name": "Korea 朝鮮", "country": "Japan", "province": "abroad" }, "geometry": { "type": "Point", "coordinates": [ 125.76, 39.01 ] } },
{ "type": "Feature", "properties": { "location_id": 23403.0, "place_type": "County 縣", "place_name": "巴東", "country": "China", "province": "Hubei" }, "geometry": { "type": "Point", "coordinates": [ 110.34, 31.03 ] } },
{ "type": "Feature", "properties": { "location_id": 23403.0, "place_type": "County 縣", "place_name": "巴東", "country": "China", "province": "Hubei" }, "geometry": { "type": "Point", "coordinates": [ 110.34, 31.03 ] } },
{ "type": "Feature", "properties": { "location_id": 23446.0, "place_type": "County 縣", "place_name": "桓台", "country": "China", "province": "Shandong" }, "geometry": { "type": "Point", "coordinates": [ 118.09, 36.95 ] } },
{ "type": "Feature", "properties": { "location_id": 23446.0, "place_type": "County 縣", "place_name": "桓台", "country": "China", "province": "Shandong" }, "geometry": { "type": "Point", "coordinates": [ 118.09, 36.95 ] } },
{ "type": "Feature", "properties": { "location_id": 23508.0, "place_type": "County 縣", "place_name": "天門", "country": "China", "province": "Hubei" }, "geometry": { "type": "Point", "coordinates": [ 113.17, 30.65 ] } },
{ "type": "Feature", "properties": { "location_id": 23508.0, "place_type": "County 縣", "place_name": "天門", "country": "China", "province": "Hubei" }, "geometry": { "type": "Point", "coordinates": [ 113.17, 30.65 ] } },
{ "type": "Feature", "properties": { "location_id": 23547.0, "place_type": "County 縣", "place_name": "鎮遠", "country": "China", "province": "Guizhou" }, "geometry": { "type": "Point", "coordinates": [ 108.43, 27.06 ] } },
{ "type": "Feature", "properties": { "location_id": 23547.0, "place_type": "County 縣", "place_name": "鎮遠", "country": "China", "province": "Guizhou" }, "geometry": { "type": "Point", "coordinates": [ 108.43, 27.06 ] } },
{ "type": "Feature", "properties": { "location_id": 23622.0, "place_type": "County 縣", "place_name": "寬甸", "country": "China", "province": "Liaoning" }, "geometry": { "type": "Point", "coordinates": [ 124.78, 40.72 ] } },
{ "type": "Feature", "properties": { "location_id": 23622.0, "place_type": "County 縣", "place_name": "寬甸", "country": "China", "province": "Liaoning" }, "geometry": { "type": "Point", "coordinates": [ 124.78, 40.72 ] } },
{ "type": "Feature", "properties": { "location_id": 23632.0, "place_type": "County 縣", "place_name": "東鄉", "country": "China", "province": "Jiangxi" }, "geometry": { "type": "Point", "coordinates": [ 116.6, 28.25 ] } },
{ "type": "Feature", "properties": { "location_id": 23632.0, "place_type": "County 縣", "place_name": "東鄉", "country": "China", "province": "Jiangxi" }, "geometry": { "type": "Point", "coordinates": [ 116.6, 28.25 ] } },
{ "type": "Feature", "properties": { "location_id": 23657.0, "place_type": "District 區", "place_name": "合川", "country": "China", "province": "Sichuan" }, "geometry": { "type": "Point", "coordinates": [ 106.27, 29.97 ] } },
{ "type": "Feature", "properties": { "location_id": 23657.0, "place_type": "District 區", "place_name": "合川", "country": "China", "province": "Sichuan" }, "geometry": { "type": "Point", "coordinates": [ 106.27, 29.97 ] } },
{ "type": "Feature", "properties": { "location_id": 23742.0, "place_type": "City 市", "place_name": "南官", "country": "China", "province": "Hebei" }, "geometry": { "type": "Point", "coordinates": [ 115.41, 37.36 ] } },
{ "type": "Feature", "properties": { "location_id": 23742.0, "place_type": "City 市", "place_name": "南官", "country": "China", "province": "Hebei" }, "geometry": { "type": "Point", "coordinates": [ 115.41, 37.36 ] } },
{ "type": "Feature", "properties": { "location_id": 23748.0, "place_type": "City 市", "place_name": "Seattle", "country": "USA", "province": "abroad" }, "geometry": { "type": "Point", "coordinates": [ -122.33, 47.61 ] } },
{ "type": "Feature", "properties": { "location_id": 23758.0, "place_type": "County 縣", "place_name": "神池", "country": "China", "province": "Shanxi" }, "geometry": { "type": "Point", "coordinates": [ 112.21, 39.09 ] } },
{ "type": "Feature", "properties": { "location_id": 23758.0, "place_type": "County 縣", "place_name": "神池", "country": "China", "province": "Shanxi" }, "geometry": { "type": "Point", "coordinates": [ 112.21, 39.09 ] } },
{ "type": "Feature", "properties": { "location_id": 23836.0, "place_type": "County 縣", "place_name": "阜平", "country": "China", "province": "Shanxi" }, "geometry": { "type": "Point", "coordinates": [ 114.19, 38.85 ] } },
{ "type": "Feature", "properties": { "location_id": 23836.0, "place_type": "County 縣", "place_name": "阜平", "country": "China", "province": "Shanxi" }, "geometry": { "type": "Point", "coordinates": [ 114.19, 38.85 ] } },
{ "type": "Feature", "properties": { "location_id": 23841.0, "place_type": "Area 地方", "place_name": "平津", "country": "China", "province": "Hebei" }, "geometry": { "type": "Point", "coordinates": [ 116.78, 39.4 ] } },
{ "type": "Feature", "properties": { "location_id": 23841.0, "place_type": "Area 地方", "place_name": "平津", "country": "China", "province": "Hebei" }, "geometry": { "type": "Point", "coordinates": [ 116.78, 39.4 ] } },
{ "type": "Feature", "properties": { "location_id": 23951.0, "place_type": "City 市", "place_name": "Rugby", "country": "England", "province": "abroad" }, "geometry": { "type": "Point", "coordinates": [ -1.27, 52.37 ] } },
{ "type": "Feature", "properties": { "location_id": 24017.0, "place_type": "County 縣", "place_name": "寧遠", "country": "China", "province": "Hunan" }, "geometry": { "type": "Point", "coordinates": [ 111.94, 25.57 ] } },
{ "type": "Feature", "properties": { "location_id": 24017.0, "place_type": "County 縣", "place_name": "寧遠", "country": "China", "province": "Hunan" }, "geometry": { "type": "Point", "coordinates": [ 111.94, 25.57 ] } },
{ "type": "Feature", "properties": { "location_id": 24047.0, "place_type": "County 縣", "place_name": "遂川", "country": "China", "province": "Jiangxi" }, "geometry": { "type": "Point", "coordinates": [ 114.52, 26.31 ] } },
{ "type": "Feature", "properties": { "location_id": 24047.0, "place_type": "County 縣", "place_name": "遂川", "country": "China", "province": "Jiangxi" }, "geometry": { "type": "Point", "coordinates": [ 114.52, 26.31 ] } },
{ "type": "Feature", "properties": { "location_id": 24071.0, "place_type": "County 縣", "place_name": "唐縣", "country": "China", "province": "Hebei" }, "geometry": { "type": "Point", "coordinates": [ 114.97, 38.74 ] } },
{ "type": "Feature", "properties": { "location_id": 24071.0, "place_type": "County 縣", "place_name": "唐縣", "country": "China", "province": "Hebei" }, "geometry": { "type": "Point", "coordinates": [ 114.97, 38.74 ] } },
{ "type": "Feature", "properties": { "location_id": 24089.0, "place_type": "County 縣", "place_name": "潢川", "country": "China", "province": "Henan" }, "geometry": { "type": "Point", "coordinates": [ 115.05, 32.13 ] } },
{ "type": "Feature", "properties": { "location_id": 24089.0, "place_type": "County 縣", "place_name": "潢川", "country": "China", "province": "Henan" }, "geometry": { "type": "Point", "coordinates": [ 115.05, 32.13 ] } },
{ "type": "Feature", "properties": { "location_id": 24183.0, "place_type": "County 縣", "place_name": "鄆城", "country": "China", "province": "Shandong" }, "geometry": { "type": "Point", "coordinates": [ 115.94, 35.6 ] } },
{ "type": "Feature", "properties": { "location_id": 24183.0, "place_type": "County 縣", "place_name": "鄆城", "country": "China", "province": "Shandong" }, "geometry": { "type": "Point", "coordinates": [ 115.94, 35.6 ] } },
{ "type": "Feature", "properties": { "location_id": 24230.0, "place_type": "City 市", "place_name": "商邱", "country": "China", "province": "Henan" }, "geometry": { "type": "Point", "coordinates": [ 115.66, 34.41 ] } },
{ "type": "Feature", "properties": { "location_id": 24230.0, "place_type": "City 市", "place_name": "商邱", "country": "China", "province": "Henan" }, "geometry": { "type": "Point", "coordinates": [ 115.66, 34.41 ] } },
{ "type": "Feature", "properties": { "location_id": 24282.0, "place_type": "City 市", "place_name": "Leipzig", "country": "Germany", "province": "abroad" }, "geometry": { "type": "Point", "coordinates": [ 12.38, 51.34 ] } },
{ "type": "Feature", "properties": { "location_id": 24302.0, "place_type": "District 區", "place_name": "銅山", "country": "China", "province": "Jiangsu" }, "geometry": { "type": "Point", "coordinates": [ 117.16, 34.18 ] } },
{ "type": "Feature", "properties": { "location_id": 24302.0, "place_type": "District 區", "place_name": "銅山", "country": "China", "province": "Jiangsu" }, "geometry": { "type": "Point", "coordinates": [ 117.16, 34.18 ] } },
{ "type": "Feature", "properties": { "location_id": 24404.0, "place_type": "County 縣", "place_name": "南鄭", "country": "China", "province": "Shaanxi" }, "geometry": { "type": "Point", "coordinates": [ 106.95, 33.02 ] } },
{ "type": "Feature", "properties": { "location_id": 24404.0, "place_type": "County 縣", "place_name": "南鄭", "country": "China", "province": "Shaanxi" }, "geometry": { "type": "Point", "coordinates": [ 106.95, 33.02 ] } },
{ "type": "Feature", "properties": { "location_id": 24407.0, "place_type": "District 區", "place_name": "漢南", "country": "China", "province": "Hubei" }, "geometry": { "type": "Point", "coordinates": [ 114.08, 30.31 ] } },
{ "type": "Feature", "properties": { "location_id": 24407.0, "place_type": "District 區", "place_name": "漢南", "country": "China", "province": "Hubei" }, "geometry": { "type": "Point", "coordinates": [ 114.08, 30.31 ] } },
{ "type": "Feature", "properties": { "location_id": 24418.0, "place_type": "County 縣", "place_name": "隨縣", "country": "China", "province": "Hubei" }, "geometry": { "type": "Point", "coordinates": [ 113.31, 31.84 ] } },
{ "type": "Feature", "properties": { "location_id": 24418.0, "place_type": "County 縣", "place_name": "隨縣", "country": "China", "province": "Hubei" }, "geometry": { "type": "Point", "coordinates": [ 113.31, 31.84 ] } },
{ "type": "Feature", "properties": { "location_id": 24430.0, "place_type": "County 縣", "place_name": "安澤", "country": "China", "province": "Shanxi" }, "geometry": { "type": "Point", "coordinates": [ 112.24, 36.16 ] } },
{ "type": "Feature", "properties": { "location_id": 24430.0, "place_type": "County 縣", "place_name": "安澤", "country": "China", "province": "Shanxi" }, "geometry": { "type": "Point", "coordinates": [ 112.24, 36.16 ] } },
{ "type": "Feature", "properties": { "location_id": 24448.0, "place_type": "City 市", "place_name": "河間", "country": "China", "province": "Hebei" }, "geometry": { "type": "Point", "coordinates": [ 116.1, 38.45 ] } },
{ "type": "Feature", "properties": { "location_id": 24448.0, "place_type": "City 市", "place_name": "河間", "country": "China", "province": "Hebei" }, "geometry": { "type": "Point", "coordinates": [ 116.1, 38.45 ] } },
{ "type": "Feature", "properties": { "location_id": 24465.0, "place_type": "County 縣", "place_name": "逢縣", "country": "China", "province": "Sichuan" }, "geometry": { "type": "Point", "coordinates": [ 105.44, 28.87 ] } },
{ "type": "Feature", "properties": { "location_id": 24465.0, "place_type": "County 縣", "place_name": "逢縣", "country": "China", "province": "Sichuan" }, "geometry": { "type": "Point", "coordinates": [ 105.44, 28.87 ] } },
{ "type": "Feature", "properties": { "location_id": 24560.0, "place_type": "County 縣", "place_name": "寶應", "country": "China", "province": "Jiangsu" }, "geometry": { "type": "Point", "coordinates": [ 119.36, 33.24 ] } },
{ "type": "Feature", "properties": { "location_id": 24560.0, "place_type": "County 縣", "place_name": "寶應", "country": "China", "province": "Jiangsu" }, "geometry": { "type": "Point", "coordinates": [ 119.36, 33.24 ] } },
{ "type": "Feature", "properties": { "location_id": 24578.0, "place_type": "District 區", "place_name": "長清", "country": "China", "province": "Shandong" }, "geometry": { "type": "Point", "coordinates": [ 116.75, 36.56 ] } },
{ "type": "Feature", "properties": { "location_id": 24578.0, "place_type": "District 區", "place_name": "長清", "country": "China", "province": "Shandong" }, "geometry": { "type": "Point", "coordinates": [ 116.75, 36.56 ] } },
{ "type": "Feature", "properties": { "location_id": 24579.0, "place_type": "County 縣", "place_name": "觀城", "country": "China", "province": "Hebei" }, "geometry": { "type": "Point", "coordinates": [ 115.57, 35.26 ] } },
{ "type": "Feature", "properties": { "location_id": 24579.0, "place_type": "County 縣", "place_name": "觀城", "country": "China", "province": "Hebei" }, "geometry": { "type": "Point", "coordinates": [ 115.57, 35.26 ] } },
{ "type": "Feature", "properties": { "location_id": 24613.0, "place_type": "District 區", "place_name": "綏遠", "country": "China", "province": "Suiyuan" }, "geometry": { "type": "Point", "coordinates": [ 111.75, 40.84 ] } },
{ "type": "Feature", "properties": { "location_id": 24613.0, "place_type": "District 區", "place_name": "綏遠", "country": "China", "province": "Suiyuan" }, "geometry": { "type": "Point", "coordinates": [ 111.75, 40.84 ] } },
{ "type": "Feature", "properties": { "location_id": 24662.0, "place_type": "Town 鎮", "place_name": "南石門鎮", "country": "China", "province": "Hebei" }, "geometry": { "type": "Point", "coordinates": [ 114.4, 37.06 ] } },
{ "type": "Feature", "properties": { "location_id": 24662.0, "place_type": "Town 鎮", "place_name": "南石門鎮", "country": "China", "province": "Hebei" }, "geometry": { "type": "Point", "coordinates": [ 114.4, 37.06 ] } },
{ "type": "Feature", "properties": { "location_id": 24705.0, "place_type": "County 縣", "place_name": "花蓮", "country": "China", "province": "Hualien" }, "geometry": { "type": "Point", "coordinates": [ 121.59, 24.0 ] } },
{ "type": "Feature", "properties": { "location_id": 24757.0, "place_type": "County 縣", "place_name": "北鎮縣", "country": "China", "province": "Liaoning" }, "geometry": { "type": "Point", "coordinates": [ 121.8, 41.59 ] } },
{ "type": "Feature", "properties": { "location_id": 24757.0, "place_type": "County 縣", "place_name": "北鎮縣", "country": "China", "province": "Liaoning" }, "geometry": { "type": "Point", "coordinates": [ 121.8, 41.59 ] } },
{ "type": "Feature", "properties": { "location_id": 24763.0, "place_type": "County 縣", "place_name": "延吉", "country": "China", "province": "Jilin" }, "geometry": { "type": "Point", "coordinates": [ 129.51, 42.89 ] } },
{ "type": "Feature", "properties": { "location_id": 24763.0, "place_type": "County 縣", "place_name": "延吉", "country": "China", "province": "Jilin" }, "geometry": { "type": "Point", "coordinates": [ 129.51, 42.89 ] } },
{ "type": "Feature", "properties": { "location_id": 24773.0, "place_type": "County 縣", "place_name": "漣水", "country": "China", "province": "Jiangsu" }, "geometry": { "type": "Point", "coordinates": [ 119.26, 33.78 ] } },
{ "type": "Feature", "properties": { "location_id": 24773.0, "place_type": "County 縣", "place_name": "漣水", "country": "China", "province": "Jiangsu" }, "geometry": { "type": "Point", "coordinates": [ 119.26, 33.78 ] } },
{ "type": "Feature", "properties": { "location_id": 24843.0, "place_type": "City 市", "place_name": "Kumamoto 熊本", "country": "Japan", "province": "abroad" }, "geometry": { "type": "Point", "coordinates": [ 130.8, 32.86 ] } },
{ "type": "Feature", "properties": { "location_id": 24880.0, "place_type": "City 市", "place_name": "沁陽", "country": "China", "province": "Henan" }, "geometry": { "type": "Point", "coordinates": [ 112.95, 35.09 ] } },
{ "type": "Feature", "properties": { "location_id": 24880.0, "place_type": "City 市", "place_name": "沁陽", "country": "China", "province": "Henan" }, "geometry": { "type": "Point", "coordinates": [ 112.95, 35.09 ] } },
{ "type": "Feature", "properties": { "location_id": 24956.0, "place_type": "County 縣", "place_name": "遂寧", "country": "China", "province": "Sichuan" }, "geometry": { "type": "Point", "coordinates": [ 105.59, 30.53 ] } },
{ "type": "Feature", "properties": { "location_id": 24956.0, "place_type": "County 縣", "place_name": "遂寧", "country": "China", "province": "Sichuan" }, "geometry": { "type": "Point", "coordinates": [ 105.59, 30.53 ] } },
{ "type": "Feature", "properties": { "location_id": 24966.0, "place_type": "District 區", "place_name": "甌海 (溫州)", "country": "China", "province": "Zhejiang" }, "geometry": { "type": "Point", "coordinates": [ 120.62, 27.97 ] } },
{ "type": "Feature", "properties": { "location_id": 24966.0, "place_type": "District 區", "place_name": "甌海 (溫州)", "country": "China", "province": "Zhejiang" }, "geometry": { "type": "Point", "coordinates": [ 120.62, 27.97 ] } },
{ "type": "Feature", "properties": { "location_id": 24986.0, "place_type": "City 市", "place_name": "大宮", "country": "Japan", "province": "abroad" }, "geometry": { "type": "Point", "coordinates": [ 139.62, 35.91 ] } },
{ "type": "Feature", "properties": { "location_id": 25092.0, "place_type": "County 縣", "place_name": "龍山", "country": "China", "province": "Hubei" }, "geometry": { "type": "Point", "coordinates": [ 109.44, 29.47 ] } },
{ "type": "Feature", "properties": { "location_id": 25092.0, "place_type": "County 縣", "place_name": "龍山", "country": "China", "province": "Hubei" }, "geometry": { "type": "Point", "coordinates": [ 109.44, 29.47 ] } },
{ "type": "Feature", "properties": { "location_id": 25106.0, "place_type": "County 縣", "place_name": "克山", "country": "China", "province": "Heilongjiang" }, "geometry": { "type": "Point", "coordinates": [ 125.88, 48.03 ] } },
{ "type": "Feature", "properties": { "location_id": 25106.0, "place_type": "County 縣", "place_name": "克山", "country": "China", "province": "Heilongjiang" }, "geometry": { "type": "Point", "coordinates": [ 125.88, 48.03 ] } },
{ "type": "Feature", "properties": { "location_id": 25111.0, "place_type": "Village 村", "place_name": "川鄂", "country": "China", "province": "Hubei" }, "geometry": { "type": "Point", "coordinates": [ 109.29, 30.64 ] } },
{ "type": "Feature", "properties": { "location_id": 25111.0, "place_type": "Village 村", "place_name": "川鄂", "country": "China", "province": "Hubei" }, "geometry": { "type": "Point", "coordinates": [ 109.29, 30.64 ] } },
{ "type": "Feature", "properties": { "location_id": 25119.0, "place_type": "County 縣", "place_name": "獲嘉", "country": "China", "province": "Henan" }, "geometry": { "type": "Point", "coordinates": [ 113.66, 35.26 ] } },
{ "type": "Feature", "properties": { "location_id": 25119.0, "place_type": "County 縣", "place_name": "獲嘉", "country": "China", "province": "Henan" }, "geometry": { "type": "Point", "coordinates": [ 113.66, 35.26 ] } },
{ "type": "Feature", "properties": { "location_id": 25126.0, "place_type": "County 縣", "place_name": "安義", "country": "China", "province": "Jiangxi" }, "geometry": { "type": "Point", "coordinates": [ 115.55, 28.85 ] } },
{ "type": "Feature", "properties": { "location_id": 25126.0, "place_type": "County 縣", "place_name": "安義", "country": "China", "province": "Jiangxi" }, "geometry": { "type": "Point", "coordinates": [ 115.55, 28.85 ] } },
{ "type": "Feature", "properties": { "location_id": 25145.0, "place_type": "City 市", "place_name": "箇舊衛", "country": "China", "province": "Yunnan" }, "geometry": { "type": "Point", "coordinates": [ 103.16, 23.35 ] } },
{ "type": "Feature", "properties": { "location_id": 25145.0, "place_type": "City 市", "place_name": "箇舊衛", "country": "China", "province": "Yunnan" }, "geometry": { "type": "Point", "coordinates": [ 103.16, 23.35 ] } },
{ "type": "Feature", "properties": { "location_id": 25149.0, "place_type": "City 市", "place_name": "新喻", "country": "China", "province": "Jiangxi" }, "geometry": { "type": "Point", "coordinates": [ 114.92, 27.82 ] } },
{ "type": "Feature", "properties": { "location_id": 25149.0, "place_type": "City 市", "place_name": "新喻", "country": "China", "province": "Jiangxi" }, "geometry": { "type": "Point", "coordinates": [ 114.92, 27.82 ] } },
{ "type": "Feature", "properties": { "location_id": 25180.0, "place_type": "City 市", "place_name": "鞍山", "country": "China", "province": "Liaoning" }, "geometry": { "type": "Point", "coordinates": [ 122.99, 41.11 ] } },
{ "type": "Feature", "properties": { "location_id": 25180.0, "place_type": "City 市", "place_name": "鞍山", "country": "China", "province": "Liaoning" }, "geometry": { "type": "Point", "coordinates": [ 122.99, 41.11 ] } },
{ "type": "Feature", "properties": { "location_id": 25218.0, "place_type": "City 市", "place_name": "Manchester", "country": "England", "province": "abroad" }, "geometry": { "type": "Point", "coordinates": [ -2.24, 53.48 ] } },
{ "type": "Feature", "properties": { "location_id": 25429.0, "place_type": "County 縣", "place_name": "淮陽", "country": "China", "province": "Henan" }, "geometry": { "type": "Point", "coordinates": [ 114.88, 33.72 ] } },
{ "type": "Feature", "properties": { "location_id": 25429.0, "place_type": "County 縣", "place_name": "淮陽", "country": "China", "province": "Henan" }, "geometry": { "type": "Point", "coordinates": [ 114.88, 33.72 ] } },
{ "type": "Feature", "properties": { "location_id": 25462.0, "place_type": "County 縣", "place_name": "掖縣", "country": "China", "province": "Shandong" }, "geometry": { "type": "Point", "coordinates": [ 119.94, 37.18 ] } },
{ "type": "Feature", "properties": { "location_id": 25462.0, "place_type": "County 縣", "place_name": "掖縣", "country": "China", "province": "Shandong" }, "geometry": { "type": "Point", "coordinates": [ 119.94, 37.18 ] } },
{ "type": "Feature", "properties": { "location_id": 25548.0, "place_type": "County 縣", "place_name": "趙縣", "country": "China", "province": "Hebei" }, "geometry": { "type": "Point", "coordinates": [ 114.78, 37.76 ] } },
{ "type": "Feature", "properties": { "location_id": 25548.0, "place_type": "County 縣", "place_name": "趙縣", "country": "China", "province": "Hebei" }, "geometry": { "type": "Point", "coordinates": [ 114.78, 37.76 ] } },
{ "type": "Feature", "properties": { "location_id": 25587.0, "place_type": "County 縣", "place_name": "豐順", "country": "China", "province": "Shanxi" }, "geometry": { "type": "Point", "coordinates": [ 113.08, 36.22 ] } },
{ "type": "Feature", "properties": { "location_id": 25587.0, "place_type": "County 縣", "place_name": "豐順", "country": "China", "province": "Shanxi" }, "geometry": { "type": "Point", "coordinates": [ 113.08, 36.22 ] } },
{ "type": "Feature", "properties": { "location_id": 25619.0, "place_type": "County 縣", "place_name": "肅寧", "country": "China", "province": "Hebei" }, "geometry": { "type": "Point", "coordinates": [ 115.83, 38.42 ] } },
{ "type": "Feature", "properties": { "location_id": 25619.0, "place_type": "County 縣", "place_name": "肅寧", "country": "China", "province": "Hebei" }, "geometry": { "type": "Point", "coordinates": [ 115.83, 38.42 ] } },
{ "type": "Feature", "properties": { "location_id": 25625.0, "place_type": "County 縣", "place_name": "懷仁", "country": "China", "province": "Shanxi" }, "geometry": { "type": "Point", "coordinates": [ 113.1, 39.83 ] } },
{ "type": "Feature", "properties": { "location_id": 25625.0, "place_type": "County 縣", "place_name": "懷仁", "country": "China", "province": "Shanxi" }, "geometry": { "type": "Point", "coordinates": [ 113.1, 39.83 ] } },
{ "type": "Feature", "properties": { "location_id": 25762.0, "place_type": "County 縣", "place_name": "新寧/開江", "country": "China", "province": "Sichuan" }, "geometry": { "type": "Point", "coordinates": [ 107.87, 31.08 ] } },
{ "type": "Feature", "properties": { "location_id": 25762.0, "place_type": "County 縣", "place_name": "新寧/開江", "country": "China", "province": "Sichuan" }, "geometry": { "type": "Point", "coordinates": [ 107.87, 31.08 ] } },
{ "type": "Feature", "properties": { "location_id": 25783.0, "place_type": "County 縣", "place_name": "連城", "country": "China", "province": "Fujian" }, "geometry": { "type": "Point", "coordinates": [ 116.75, 25.71 ] } },
{ "type": "Feature", "properties": { "location_id": 25783.0, "place_type": "County 縣", "place_name": "連城", "country": "China", "province": "Fujian" }, "geometry": { "type": "Point", "coordinates": [ 116.75, 25.71 ] } },
{ "type": "Feature", "properties": { "location_id": 25788.0, "place_type": "City 市", "place_name": "邛崍", "country": "China", "province": "Sichuan" }, "geometry": { "type": "Point", "coordinates": [ 103.47, 30.41 ] } },
{ "type": "Feature", "properties": { "location_id": 25788.0, "place_type": "City 市", "place_name": "邛崍", "country": "China", "province": "Sichuan" }, "geometry": { "type": "Point", "coordinates": [ 103.47, 30.41 ] } },
{ "type": "Feature", "properties": { "location_id": 25810.0, "place_type": "Prefecture 府", "place_name": "瓊州", "country": "China", "province": "Guangdong" }, "geometry": { "type": "Point", "coordinates": [ 110.34, 20.01 ] } },
{ "type": "Feature", "properties": { "location_id": 25810.0, "place_type": "Prefecture 府", "place_name": "瓊州", "country": "China", "province": "Guangdong" }, "geometry": { "type": "Point", "coordinates": [ 110.34, 20.01 ] } },
{ "type": "Feature", "properties": { "location_id": 25818.0, "place_type": "County 縣", "place_name": "通許", "country": "China", "province": "Henan" }, "geometry": { "type": "Point", "coordinates": [ 114.46, 34.48 ] } },
{ "type": "Feature", "properties": { "location_id": 25818.0, "place_type": "County 縣", "place_name": "通許", "country": "China", "province": "Henan" }, "geometry": { "type": "Point", "coordinates": [ 114.46, 34.48 ] } },
{ "type": "Feature", "properties": { "location_id": 25978.0, "place_type": "County 縣", "place_name": "寧遠/興城", "country": "China", "province": "Liaoning" }, "geometry": { "type": "Point", "coordinates": [ 120.76, 40.61 ] } },
{ "type": "Feature", "properties": { "location_id": 25978.0, "place_type": "County 縣", "place_name": "寧遠/興城", "country": "China", "province": "Liaoning" }, "geometry": { "type": "Point", "coordinates": [ 120.76, 40.61 ] } },
{ "type": "Feature", "properties": { "location_id": 26020.0, "place_type": "City 市", "place_name": "梅州", "country": "China", "province": "Guangdong" }, "geometry": { "type": "Point", "coordinates": [ 116.12, 24.29 ] } },
{ "type": "Feature", "properties": { "location_id": 26020.0, "place_type": "City 市", "place_name": "梅州", "country": "China", "province": "Guangdong" }, "geometry": { "type": "Point", "coordinates": [ 116.12, 24.29 ] } },
{ "type": "Feature", "properties": { "location_id": 26029.0, "place_type": "District 區", "place_name": "梵凈山", "country": "China", "province": "Guizhou" }, "geometry": { "type": "Point", "coordinates": [ 108.69, 27.92 ] } },
{ "type": "Feature", "properties": { "location_id": 26029.0, "place_type": "District 區", "place_name": "梵凈山", "country": "China", "province": "Guizhou" }, "geometry": { "type": "Point", "coordinates": [ 108.69, 27.92 ] } },
{ "type": "Feature", "properties": { "location_id": 26032.0, "place_type": "District 區", "place_name": "基江", "country": "China", "province": "Sichuan" }, "geometry": { "type": "Point", "coordinates": [ 106.64, 29.02 ] } },
{ "type": "Feature", "properties": { "location_id": 26032.0, "place_type": "District 區", "place_name": "基江", "country": "China", "province": "Sichuan" }, "geometry": { "type": "Point", "coordinates": [ 106.64, 29.02 ] } },
{ "type": "Feature", "properties": { "location_id": 26096.0, "place_type": "City 市", "place_name": "長沼", "country": "China", "province": "Shanxi" }, "geometry": { "type": "Point", "coordinates": [ 113.11, 36.2 ] } },
{ "type": "Feature", "properties": { "location_id": 26096.0, "place_type": "City 市", "place_name": "長沼", "country": "China", "province": "Shanxi" }, "geometry": { "type": "Point", "coordinates": [ 113.11, 36.2 ] } },
{ "type": "Feature", "properties": { "location_id": 26103.0, "place_type": "County 縣", "place_name": "武城", "country": "China", "province": "Hebei" }, "geometry": { "type": "Point", "coordinates": [ 116.07, 37.21 ] } },
{ "type": "Feature", "properties": { "location_id": 26103.0, "place_type": "County 縣", "place_name": "武城", "country": "China", "province": "Hebei" }, "geometry": { "type": "Point", "coordinates": [ 116.07, 37.21 ] } },
{ "type": "Feature", "properties": { "location_id": 26158.0, "place_type": "District 區", "place_name": "濟陽", "country": "China", "province": "Shandong" }, "geometry": { "type": "Point", "coordinates": [ 117.17, 36.98 ] } },
{ "type": "Feature", "properties": { "location_id": 26158.0, "place_type": "District 區", "place_name": "濟陽", "country": "China", "province": "Shandong" }, "geometry": { "type": "Point", "coordinates": [ 117.17, 36.98 ] } },
{ "type": "Feature", "properties": { "location_id": 26225.0, "place_type": "County 縣", "place_name": "紹縣", "country": "China", "province": "Zhejiang" }, "geometry": { "type": "Point", "coordinates": [ 120.83, 29.56 ] } },
{ "type": "Feature", "properties": { "location_id": 26225.0, "place_type": "County 縣", "place_name": "紹縣", "country": "China", "province": "Zhejiang" }, "geometry": { "type": "Point", "coordinates": [ 120.83, 29.56 ] } },
{ "type": "Feature", "properties": { "location_id": 26243.0, "place_type": "County 縣", "place_name": "夏邑", "country": "China", "province": "Henan" }, "geometry": { "type": "Point", "coordinates": [ 116.13, 34.24 ] } },
{ "type": "Feature", "properties": { "location_id": 26243.0, "place_type": "County 縣", "place_name": "夏邑", "country": "China", "province": "Henan" }, "geometry": { "type": "Point", "coordinates": [ 116.13, 34.24 ] } },
{ "type": "Feature", "properties": { "location_id": 26295.0, "place_type": "County 縣", "place_name": "Chun'an 淳安", "country": "China", "province": "Zhejiang" }, "geometry": { "type": "Point", "coordinates": [ 119.04, 29.6 ] } },
{ "type": "Feature", "properties": { "location_id": 26295.0, "place_type": "County 縣", "place_name": "Chun'an 淳安", "country": "China", "province": "Zhejiang" }, "geometry": { "type": "Point", "coordinates": [ 119.04, 29.6 ] } },
{ "type": "Feature", "properties": { "location_id": 26308.0, "place_type": "City 市", "place_name": "峨嵋 (峨嵋山)", "country": "China", "province": "Sichuan" }, "geometry": { "type": "Point", "coordinates": [ 103.33, 29.52 ] } },
{ "type": "Feature", "properties": { "location_id": 26308.0, "place_type": "City 市", "place_name": "峨嵋 (峨嵋山)", "country": "China", "province": "Sichuan" }, "geometry": { "type": "Point", "coordinates": [ 103.33, 29.52 ] } },
{ "type": "Feature", "properties": { "location_id": 26378.0, "place_type": "County 縣", "place_name": "太湖", "country": "China", "province": "Anhui" }, "geometry": { "type": "Point", "coordinates": [ 116.31, 30.46 ] } },
{ "type": "Feature", "properties": { "location_id": 26378.0, "place_type": "County 縣", "place_name": "太湖", "country": "China", "province": "Anhui" }, "geometry": { "type": "Point", "coordinates": [ 116.31, 30.46 ] } },
{ "type": "Feature", "properties": { "location_id": 26514.0, "place_type": "County 縣", "place_name": "鄒平", "country": "China", "province": "Shandong" }, "geometry": { "type": "Point", "coordinates": [ 117.74, 36.86 ] } },
{ "type": "Feature", "properties": { "location_id": 26514.0, "place_type": "County 縣", "place_name": "鄒平", "country": "China", "province": "Shandong" }, "geometry": { "type": "Point", "coordinates": [ 117.74, 36.86 ] } },
{ "type": "Feature", "properties": { "location_id": 26534.0, "place_type": "County 縣", "place_name": "光化", "country": "China", "province": "Hubei" }, "geometry": { "type": "Point", "coordinates": [ 111.68, 32.4 ] } },
{ "type": "Feature", "properties": { "location_id": 26534.0, "place_type": "County 縣", "place_name": "光化", "country": "China", "province": "Hubei" }, "geometry": { "type": "Point", "coordinates": [ 111.68, 32.4 ] } },
{ "type": "Feature", "properties": { "location_id": 26555.0, "place_type": "City 市", "place_name": "龍岩", "country": "China", "province": "Fujian" }, "geometry": { "type": "Point", "coordinates": [ 117.02, 25.07 ] } },
{ "type": "Feature", "properties": { "location_id": 26555.0, "place_type": "City 市", "place_name": "龍岩", "country": "China", "province": "Fujian" }, "geometry": { "type": "Point", "coordinates": [ 117.02, 25.07 ] } },
{ "type": "Feature", "properties": { "location_id": 26629.0, "place_type": "Village 村", "place_name": "天星堰", "country": "China", "province": "Sichuan" }, "geometry": { "type": "Point", "coordinates": [ 104.33, 30.26 ] } },
{ "type": "Feature", "properties": { "location_id": 26629.0, "place_type": "Village 村", "place_name": "天星堰", "country": "China", "province": "Sichuan" }, "geometry": { "type": "Point", "coordinates": [ 104.33, 30.26 ] } },
{ "type": "Feature", "properties": { "location_id": 26644.0, "place_type": "District 區", "place_name": "浮山", "country": "China", "province": "Shandong" }, "geometry": { "type": "Point", "coordinates": [ 120.44, 36.09 ] } },
{ "type": "Feature", "properties": { "location_id": 26644.0, "place_type": "District 區", "place_name": "浮山", "country": "China", "province": "Shandong" }, "geometry": { "type": "Point", "coordinates": [ 120.44, 36.09 ] } },
{ "type": "Feature", "properties": { "location_id": 26680.0, "place_type": "Country (independent)", "place_name": "Ireland", "country": "Ireland", "province": "abroad" }, "geometry": { "type": "Point", "coordinates": [ -6.27, 53.34 ] } },
{ "type": "Feature", "properties": { "location_id": 26683.0, "place_type": "Town 鎮", "place_name": "清平", "country": "China", "province": "Shandong" }, "geometry": { "type": "Point", "coordinates": [ 116.08, 36.76 ] } },
{ "type": "Feature", "properties": { "location_id": 26683.0, "place_type": "Town 鎮", "place_name": "清平", "country": "China", "province": "Shandong" }, "geometry": { "type": "Point", "coordinates": [ 116.08, 36.76 ] } },
{ "type": "Feature", "properties": { "location_id": 26690.0, "place_type": "City 市", "place_name": "漢中", "country": "China", "province": "Shaanxi" }, "geometry": { "type": "Point", "coordinates": [ 107.02, 33.07 ] } },
{ "type": "Feature", "properties": { "location_id": 26690.0, "place_type": "City 市", "place_name": "漢中", "country": "China", "province": "Shaanxi" }, "geometry": { "type": "Point", "coordinates": [ 107.02, 33.07 ] } },
{ "type": "Feature", "properties": { "location_id": 26699.0, "place_type": "County 縣", "place_name": "水城", "country": "China", "province": "Guizhou" }, "geometry": { "type": "Point", "coordinates": [ 104.92, 26.57 ] } },
{ "type": "Feature", "properties": { "location_id": 26699.0, "place_type": "County 縣", "place_name": "水城", "country": "China", "province": "Guizhou" }, "geometry": { "type": "Point", "coordinates": [ 104.92, 26.57 ] } },
{ "type": "Feature", "properties": { "location_id": 26743.0, "place_type": "City 市", "place_name": "Columbus", "country": "USA", "province": "abroad" }, "geometry": { "type": "Point", "coordinates": [ -83.0, 39.96 ] } },
{ "type": "Feature", "properties": { "location_id": 26744.0, "place_type": "City 市", "place_name": "Athens", "country": "USA", "province": "abroad" }, "geometry": { "type": "Point", "coordinates": [ -82.1, 39.33 ] } },
{ "type": "Feature", "properties": { "location_id": 26798.0, "place_type": "City 市", "place_name": "瀘州", "country": "China", "province": "Sichuan" }, "geometry": { "type": "Point", "coordinates": [ 105.44, 28.87 ] } },
{ "type": "Feature", "properties": { "location_id": 26798.0, "place_type": "City 市", "place_name": "瀘州", "country": "China", "province": "Sichuan" }, "geometry": { "type": "Point", "coordinates": [ 105.44, 28.87 ] } },
{ "type": "Feature", "properties": { "location_id": 26967.0, "place_type": "District 區", "place_name": "安源", "country": "China", "province": "Jiangxi" }, "geometry": { "type": "Point", "coordinates": [ 113.87, 27.62 ] } },
{ "type": "Feature", "properties": { "location_id": 26967.0, "place_type": "District 區", "place_name": "安源", "country": "China", "province": "Jiangxi" }, "geometry": { "type": "Point", "coordinates": [ 113.87, 27.62 ] } },
{ "type": "Feature", "properties": { "location_id": 26970.0, "place_type": "City 市", "place_name": "凭祥", "country": "China", "province": "Jiangxi" }, "geometry": { "type": "Point", "coordinates": [ 113.84, 27.62 ] } },
{ "type": "Feature", "properties": { "location_id": 26970.0, "place_type": "City 市", "place_name": "凭祥", "country": "China", "province": "Jiangxi" }, "geometry": { "type": "Point", "coordinates": [ 113.84, 27.62 ] } },
{ "type": "Feature", "properties": { "location_id": 26998.0, "place_type": "District 區", "place_name": "口泉", "country": "China", "province": "Shanxi" }, "geometry": { "type": "Point", "coordinates": [ 113.14, 40.02 ] } },
{ "type": "Feature", "properties": { "location_id": 26998.0, "place_type": "District 區", "place_name": "口泉", "country": "China", "province": "Shanxi" }, "geometry": { "type": "Point", "coordinates": [ 113.14, 40.02 ] } },
{ "type": "Feature", "properties": { "location_id": 26999.0, "place_type": "City 市", "place_name": "溫嶺", "country": "China", "province": "Zhejiang" }, "geometry": { "type": "Point", "coordinates": [ 121.38, 28.36 ] } },
{ "type": "Feature", "properties": { "location_id": 26999.0, "place_type": "City 市", "place_name": "溫嶺", "country": "China", "province": "Zhejiang" }, "geometry": { "type": "Point", "coordinates": [ 121.38, 28.36 ] } },
{ "type": "Feature", "properties": { "location_id": 27077.0, "place_type": "County 縣", "place_name": "麻陽", "country": "China", "province": "Hunan" }, "geometry": { "type": "Point", "coordinates": [ 109.82, 27.86 ] } },
{ "type": "Feature", "properties": { "location_id": 27077.0, "place_type": "County 縣", "place_name": "麻陽", "country": "China", "province": "Hunan" }, "geometry": { "type": "Point", "coordinates": [ 109.82, 27.86 ] } },
{ "type": "Feature", "properties": { "location_id": 27081.0, "place_type": "District 區", "place_name": "大通", "country": "China", "province": "Anhui" }, "geometry": { "type": "Point", "coordinates": [ 117.05, 32.63 ] } },
{ "type": "Feature", "properties": { "location_id": 27081.0, "place_type": "District 區", "place_name": "大通", "country": "China", "province": "Anhui" }, "geometry": { "type": "Point", "coordinates": [ 117.05, 32.63 ] } },
{ "type": "Feature", "properties": { "location_id": 27131.0, "place_type": "County 縣", "place_name": "禹城", "country": "China", "province": "Shandong" }, "geometry": { "type": "Point", "coordinates": [ 116.64, 36.92 ] } },
{ "type": "Feature", "properties": { "location_id": 27131.0, "place_type": "County 縣", "place_name": "禹城", "country": "China", "province": "Shandong" }, "geometry": { "type": "Point", "coordinates": [ 116.64, 36.92 ] } },
{ "type": "Feature", "properties": { "location_id": 27266.0, "place_type": "County 縣", "place_name": "綏中", "country": "China", "province": "Liaoning" }, "geometry": { "type": "Point", "coordinates": [ 120.34, 40.33 ] } },
{ "type": "Feature", "properties": { "location_id": 27266.0, "place_type": "County 縣", "place_name": "綏中", "country": "China", "province": "Liaoning" }, "geometry": { "type": "Point", "coordinates": [ 120.34, 40.33 ] } },
{ "type": "Feature", "properties": { "location_id": 27290.0, "place_type": "District 區", "place_name": "Ding'an 定安", "country": "China", "province": "Guangdong" }, "geometry": { "type": "Point", "coordinates": [ 113.04, 23.56 ] } },
{ "type": "Feature", "properties": { "location_id": 27290.0, "place_type": "District 區", "place_name": "Ding'an 定安", "country": "China", "province": "Guangdong" }, "geometry": { "type": "Point", "coordinates": [ 113.04, 23.56 ] } },
{ "type": "Feature", "properties": { "location_id": 27356.0, "place_type": "County 縣", "place_name": "武強", "country": "China", "province": "Hebei" }, "geometry": { "type": "Point", "coordinates": [ 115.98, 38.04 ] } },
{ "type": "Feature", "properties": { "location_id": 27356.0, "place_type": "County 縣", "place_name": "武強", "country": "China", "province": "Hebei" }, "geometry": { "type": "Point", "coordinates": [ 115.98, 38.04 ] } },
{ "type": "Feature", "properties": { "location_id": 27373.0, "place_type": "County 縣", "place_name": "Xuancheng 宣城", "country": "China", "province": "Anhui" }, "geometry": { "type": "Point", "coordinates": [ 118.76, 30.94 ] } },
{ "type": "Feature", "properties": { "location_id": 27373.0, "place_type": "County 縣", "place_name": "Xuancheng 宣城", "country": "China", "province": "Anhui" }, "geometry": { "type": "Point", "coordinates": [ 118.76, 30.94 ] } },
{ "type": "Feature", "properties": { "location_id": 27436.0, "place_type": "County 縣", "place_name": "黃岡", "country": "China", "province": "Hubei" }, "geometry": { "type": "Point", "coordinates": [ 114.87, 30.45 ] } },
{ "type": "Feature", "properties": { "location_id": 27436.0, "place_type": "County 縣", "place_name": "黃岡", "country": "China", "province": "Hubei" }, "geometry": { "type": "Point", "coordinates": [ 114.87, 30.45 ] } },
{ "type": "Feature", "properties": { "location_id": 27450.0, "place_type": "District 區", "place_name": "Xincheng 新城", "country": "China", "province": "Hebei" }, "geometry": { "type": "Point", "coordinates": [ 116.39, 39.89 ] } },
{ "type": "Feature", "properties": { "location_id": 27450.0, "place_type": "District 區", "place_name": "Xincheng 新城", "country": "China", "province": "Hebei" }, "geometry": { "type": "Point", "coordinates": [ 116.39, 39.89 ] } },
{ "type": "Feature", "properties": { "location_id": 27458.0, "place_type": "County 縣", "place_name": "永修", "country": "China", "province": "Jiangxi" }, "geometry": { "type": "Point", "coordinates": [ 115.81, 29.02 ] } },
{ "type": "Feature", "properties": { "location_id": 27458.0, "place_type": "County 縣", "place_name": "永修", "country": "China", "province": "Jiangxi" }, "geometry": { "type": "Point", "coordinates": [ 115.81, 29.02 ] } },
{ "type": "Feature", "properties": { "location_id": 27487.0, "place_type": "County 縣", "place_name": "溫縣", "country": "China", "province": "Henan" }, "geometry": { "type": "Point", "coordinates": [ 113.08, 34.94 ] } },
{ "type": "Feature", "properties": { "location_id": 27487.0, "place_type": "County 縣", "place_name": "溫縣", "country": "China", "province": "Henan" }, "geometry": { "type": "Point", "coordinates": [ 113.08, 34.94 ] } },
{ "type": "Feature", "properties": { "location_id": 27510.0, "place_type": "Province 省", "place_name": null, "country": "UK", "province": "abroad" }, "geometry": { "type": "Point", "coordinates": [ -0.12, 51.51 ] } },
{ "type": "Feature", "properties": { "location_id": 27524.0, "place_type": "County 縣", "place_name": "Ruzhou (Linru) 臨汝", "country": "China", "province": "Henan" }, "geometry": { "type": "Point", "coordinates": [ 112.84, 34.17 ] } },
{ "type": "Feature", "properties": { "location_id": 27524.0, "place_type": "County 縣", "place_name": "Ruzhou (Linru) 臨汝", "country": "China", "province": "Henan" }, "geometry": { "type": "Point", "coordinates": [ 112.84, 34.17 ] } },
{ "type": "Feature", "properties": { "location_id": 27601.0, "place_type": "County 縣", "place_name": "方山", "country": "China", "province": "Shanxi" }, "geometry": { "type": "Point", "coordinates": [ 111.24, 37.89 ] } },
{ "type": "Feature", "properties": { "location_id": 27601.0, "place_type": "County 縣", "place_name": "方山", "country": "China", "province": "Shanxi" }, "geometry": { "type": "Point", "coordinates": [ 111.24, 37.89 ] } },
{ "type": "Feature", "properties": { "location_id": 27617.0, "place_type": "County 縣", "place_name": "肥鄉", "country": "China", "province": "Henan" }, "geometry": { "type": "Point", "coordinates": [ 114.81, 36.55 ] } },
{ "type": "Feature", "properties": { "location_id": 27617.0, "place_type": "County 縣", "place_name": "肥鄉", "country": "China", "province": "Henan" }, "geometry": { "type": "Point", "coordinates": [ 114.81, 36.55 ] } },
{ "type": "Feature", "properties": { "location_id": 27645.0, "place_type": "County 縣", "place_name": "懷來", "country": "China", "province": "Chahaer" }, "geometry": { "type": "Point", "coordinates": [ 115.52, 40.41 ] } },
{ "type": "Feature", "properties": { "location_id": 27645.0, "place_type": "County 縣", "place_name": "懷來", "country": "China", "province": "Chahaer" }, "geometry": { "type": "Point", "coordinates": [ 115.52, 40.41 ] } },
{ "type": "Feature", "properties": { "location_id": 27653.0, "place_type": "County 縣", "place_name": "安次", "country": "China", "province": "Shandong" }, "geometry": { "type": "Point", "coordinates": [ 118.26, 36.84 ] } },
{ "type": "Feature", "properties": { "location_id": 27653.0, "place_type": "County 縣", "place_name": "安次", "country": "China", "province": "Shandong" }, "geometry": { "type": "Point", "coordinates": [ 118.26, 36.84 ] } },
{ "type": "Feature", "properties": { "location_id": 27757.0, "place_type": "County 縣", "place_name": "三穗", "country": "China", "province": "Guizhou" }, "geometry": { "type": "Point", "coordinates": [ 108.68, 26.95 ] } },
{ "type": "Feature", "properties": { "location_id": 27757.0, "place_type": "County 縣", "place_name": "三穗", "country": "China", "province": "Guizhou" }, "geometry": { "type": "Point", "coordinates": [ 108.68, 26.95 ] } },
{ "type": "Feature", "properties": { "location_id": 27765.0, "place_type": "County 縣", "place_name": "晉縣", "country": "China", "province": "Hebei" }, "geometry": { "type": "Point", "coordinates": [ 115.04, 38.04 ] } },
{ "type": "Feature", "properties": { "location_id": 27765.0, "place_type": "County 縣", "place_name": "晉縣", "country": "China", "province": "Hebei" }, "geometry": { "type": "Point", "coordinates": [ 115.04, 38.04 ] } },
{ "type": "Feature", "properties": { "location_id": 27768.0, "place_type": "City 市", "place_name": "峨眉", "country": "China", "province": "Sichuan" }, "geometry": { "type": "Point", "coordinates": [ 103.32, 29.51 ] } },
{ "type": "Feature", "properties": { "location_id": 27768.0, "place_type": "City 市", "place_name": "峨眉", "country": "China", "province": "Sichuan" }, "geometry": { "type": "Point", "coordinates": [ 103.32, 29.51 ] } },
{ "type": "Feature", "properties": { "location_id": 27813.0, "place_type": "City 市", "place_name": "運城", "country": "China", "province": "Shanxi" }, "geometry": { "type": "Point", "coordinates": [ 111.0, 35.03 ] } },
{ "type": "Feature", "properties": { "location_id": 27813.0, "place_type": "City 市", "place_name": "運城", "country": "China", "province": "Shanxi" }, "geometry": { "type": "Point", "coordinates": [ 111.0, 35.03 ] } },
{ "type": "Feature", "properties": { "location_id": 27921.0, "place_type": "District 區", "place_name": "溧水", "country": "China", "province": "Jiangsu" }, "geometry": { "type": "Point", "coordinates": [ 119.03, 31.66 ] } },
{ "type": "Feature", "properties": { "location_id": 27921.0, "place_type": "District 區", "place_name": "溧水", "country": "China", "province": "Jiangsu" }, "geometry": { "type": "Point", "coordinates": [ 119.03, 31.66 ] } },
{ "type": "Feature", "properties": { "location_id": 27946.0, "place_type": "County 縣", "place_name": "獲澤", "country": "China", "province": "Shanxi" }, "geometry": { "type": "Point", "coordinates": [ 112.41, 35.49 ] } },
{ "type": "Feature", "properties": { "location_id": 27946.0, "place_type": "County 縣", "place_name": "獲澤", "country": "China", "province": "Shanxi" }, "geometry": { "type": "Point", "coordinates": [ 112.41, 35.49 ] } },
{ "type": "Feature", "properties": { "location_id": 27951.0, "place_type": "City 市", "place_name": "銅川", "country": "China", "province": "Shaanxi" }, "geometry": { "type": "Point", "coordinates": [ 108.94, 34.9 ] } },
{ "type": "Feature", "properties": { "location_id": 27951.0, "place_type": "City 市", "place_name": "銅川", "country": "China", "province": "Shaanxi" }, "geometry": { "type": "Point", "coordinates": [ 108.94, 34.9 ] } },
{ "type": "Feature", "properties": { "location_id": 28068.0, "place_type": "County 縣", "place_name": "松滋", "country": "China", "province": "Hubei" }, "geometry": { "type": "Point", "coordinates": [ 111.76, 30.16 ] } },
{ "type": "Feature", "properties": { "location_id": 28068.0, "place_type": "County 縣", "place_name": "松滋", "country": "China", "province": "Hubei" }, "geometry": { "type": "Point", "coordinates": [ 111.76, 30.16 ] } },
{ "type": "Feature", "properties": { "location_id": 28099.0, "place_type": "County 縣", "place_name": "淇縣", "country": "China", "province": "Henan" }, "geometry": { "type": "Point", "coordinates": [ 114.19, 35.61 ] } },
{ "type": "Feature", "properties": { "location_id": 28099.0, "place_type": "County 縣", "place_name": "淇縣", "country": "China", "province": "Henan" }, "geometry": { "type": "Point", "coordinates": [ 114.19, 35.61 ] } },
{ "type": "Feature", "properties": { "location_id": 28106.0, "place_type": "County 縣", "place_name": "鎮安", "country": "China", "province": "Shaanxi" }, "geometry": { "type": "Point", "coordinates": [ 109.18, 33.42 ] } },
{ "type": "Feature", "properties": { "location_id": 28106.0, "place_type": "County 縣", "place_name": "鎮安", "country": "China", "province": "Shaanxi" }, "geometry": { "type": "Point", "coordinates": [ 109.18, 33.42 ] } },
{ "type": "Feature", "properties": { "location_id": 28154.0, "place_type": "Colony", "place_name": "樂陵", "country": "China", "province": "Hebei" }, "geometry": { "type": "Point", "coordinates": [ 117.24, 37.74 ] } },
{ "type": "Feature", "properties": { "location_id": 28154.0, "place_type": "Colony", "place_name": "樂陵", "country": "China", "province": "Hebei" }, "geometry": { "type": "Point", "coordinates": [ 117.24, 37.74 ] } },
{ "type": "Feature", "properties": { "location_id": 28236.0, "place_type": "District 區", "place_name": "呼蘭", "country": "China", "province": "Heilongjiang" }, "geometry": { "type": "Point", "coordinates": [ 126.57, 45.9 ] } },
{ "type": "Feature", "properties": { "location_id": 28236.0, "place_type": "District 區", "place_name": "呼蘭", "country": "China", "province": "Heilongjiang" }, "geometry": { "type": "Point", "coordinates": [ 126.57, 45.9 ] } },
{ "type": "Feature", "properties": { "location_id": 28248.0, "place_type": "County 縣", "place_name": "潛山", "country": "China", "province": "Anhui" }, "geometry": { "type": "Point", "coordinates": [ 116.58, 30.64 ] } },
{ "type": "Feature", "properties": { "location_id": 28248.0, "place_type": "County 縣", "place_name": "潛山", "country": "China", "province": "Anhui" }, "geometry": { "type": "Point", "coordinates": [ 116.58, 30.64 ] } },
{ "type": "Feature", "properties": { "location_id": 28259.0, "place_type": "County 縣", "place_name": "新鄉", "country": "China", "province": "Henan" }, "geometry": { "type": "Point", "coordinates": [ 113.93, 35.3 ] } },
{ "type": "Feature", "properties": { "location_id": 28259.0, "place_type": "County 縣", "place_name": "新鄉", "country": "China", "province": "Henan" }, "geometry": { "type": "Point", "coordinates": [ 113.93, 35.3 ] } },
{ "type": "Feature", "properties": { "location_id": 28266.0, "place_type": "County 縣", "place_name": "安鄉", "country": "China", "province": "Hunan" }, "geometry": { "type": "Point", "coordinates": [ 112.18, 29.41 ] } },
{ "type": "Feature", "properties": { "location_id": 28266.0, "place_type": "County 縣", "place_name": "安鄉", "country": "China", "province": "Hunan" }, "geometry": { "type": "Point", "coordinates": [ 112.18, 29.41 ] } },
{ "type": "Feature", "properties": { "location_id": 28301.0, "place_type": "City 市", "place_name": "黃州", "country": "China", "province": "Hubei" }, "geometry": { "type": "Point", "coordinates": [ 114.88, 30.43 ] } },
{ "type": "Feature", "properties": { "location_id": 28301.0, "place_type": "City 市", "place_name": "黃州", "country": "China", "province": "Hubei" }, "geometry": { "type": "Point", "coordinates": [ 114.88, 30.43 ] } },
{ "type": "Feature", "properties": { "location_id": 28665.0, "place_type": "County 縣", "place_name": "長陽", "country": "China", "province": "Hubei" }, "geometry": { "type": "Point", "coordinates": [ 111.2, 30.47 ] } },
{ "type": "Feature", "properties": { "location_id": 28665.0, "place_type": "County 縣", "place_name": "長陽", "country": "China", "province": "Hubei" }, "geometry": { "type": "Point", "coordinates": [ 111.2, 30.47 ] } },
{ "type": "Feature", "properties": { "location_id": 28783.0, "place_type": "County 縣", "place_name": "道縣", "country": "China", "province": "Hunan" }, "geometry": { "type": "Point", "coordinates": [ 111.6, 25.53 ] } },
{ "type": "Feature", "properties": { "location_id": 28783.0, "place_type": "County 縣", "place_name": "道縣", "country": "China", "province": "Hunan" }, "geometry": { "type": "Point", "coordinates": [ 111.6, 25.53 ] } },
{ "type": "Feature", "properties": { "location_id": 28792.0, "place_type": "County 縣", "place_name": "蒲縣", "country": "China", "province": "Shanxi" }, "geometry": { "type": "Point", "coordinates": [ 111.1, 36.41 ] } },
{ "type": "Feature", "properties": { "location_id": 28792.0, "place_type": "County 縣", "place_name": "蒲縣", "country": "China", "province": "Shanxi" }, "geometry": { "type": "Point", "coordinates": [ 111.1, 36.41 ] } },
{ "type": "Feature", "properties": { "location_id": 28803.0, "place_type": "County 縣", "place_name": "湯陰", "country": "China", "province": "Henan" }, "geometry": { "type": "Point", "coordinates": [ 114.36, 35.93 ] } },
{ "type": "Feature", "properties": { "location_id": 28803.0, "place_type": "County 縣", "place_name": "湯陰", "country": "China", "province": "Henan" }, "geometry": { "type": "Point", "coordinates": [ 114.36, 35.93 ] } },
{ "type": "Feature", "properties": { "location_id": 28826.0, "place_type": "County 縣", "place_name": "杞縣", "country": "China", "province": "Henan" }, "geometry": { "type": "Point", "coordinates": [ 114.78, 34.55 ] } },
{ "type": "Feature", "properties": { "location_id": 28826.0, "place_type": "County 縣", "place_name": "杞縣", "country": "China", "province": "Henan" }, "geometry": { "type": "Point", "coordinates": [ 114.78, 34.55 ] } },
{ "type": "Feature", "properties": { "location_id": 28913.0, "place_type": "Town 鎮", "place_name": "四平街", "country": "China", "province": "Liaoning" }, "geometry": { "type": "Point", "coordinates": [ 124.35, 43.17 ] } },
{ "type": "Feature", "properties": { "location_id": 28913.0, "place_type": "Town 鎮", "place_name": "四平街", "country": "China", "province": "Liaoning" }, "geometry": { "type": "Point", "coordinates": [ 124.35, 43.17 ] } },
{ "type": "Feature", "properties": { "location_id": 28943.0, "place_type": "County 縣", "place_name": "復興", "country": "China", "province": "Liaoning" }, "geometry": { "type": "Point", "coordinates": [ 124.85, 41.86 ] } },
{ "type": "Feature", "properties": { "location_id": 28943.0, "place_type": "County 縣", "place_name": "復興", "country": "China", "province": "Liaoning" }, "geometry": { "type": "Point", "coordinates": [ 124.85, 41.86 ] } },
{ "type": "Feature", "properties": { "location_id": 28962.0, "place_type": "County 縣", "place_name": "六安縣", "country": "China", "province": "Anhui" }, "geometry": { "type": "Point", "coordinates": [ 116.52, 31.74 ] } },
{ "type": "Feature", "properties": { "location_id": 28962.0, "place_type": "County 縣", "place_name": "六安縣", "country": "China", "province": "Anhui" }, "geometry": { "type": "Point", "coordinates": [ 116.52, 31.74 ] } },
{ "type": "Feature", "properties": { "location_id": 29080.0, "place_type": "City 市", "place_name": "漢川", "country": "China", "province": "Hubei" }, "geometry": { "type": "Point", "coordinates": [ 113.84, 30.66 ] } },
{ "type": "Feature", "properties": { "location_id": 29080.0, "place_type": "City 市", "place_name": "漢川", "country": "China", "province": "Hubei" }, "geometry": { "type": "Point", "coordinates": [ 113.84, 30.66 ] } },
{ "type": "Feature", "properties": { "location_id": 29091.0, "place_type": "City 市", "place_name": "Fukuoka 福岡", "country": "Japan", "province": "abroad" }, "geometry": { "type": "Point", "coordinates": [ 130.4, 33.59 ] } },
{ "type": "Feature", "properties": { "location_id": 29094.0, "place_type": "City 市", "place_name": "Kagoshima 鹿兒島", "country": "Japan", "province": "abroad" }, "geometry": { "type": "Point", "coordinates": [ 130.56, 31.6 ] } },
{ "type": "Feature", "properties": { "location_id": 29187.0, "place_type": "City 市", "place_name": "錦西", "country": "China", "province": "Jehol" }, "geometry": { "type": "Point", "coordinates": [ 120.75, 41.11 ] } },
{ "type": "Feature", "properties": { "location_id": 29187.0, "place_type": "City 市", "place_name": "錦西", "country": "China", "province": "Jehol" }, "geometry": { "type": "Point", "coordinates": [ 120.75, 41.11 ] } },
{ "type": "Feature", "properties": { "location_id": 29207.0, "place_type": "County 縣", "place_name": "武義", "country": "China", "province": "Zhejiang" }, "geometry": { "type": "Point", "coordinates": [ 119.82, 28.9 ] } },
{ "type": "Feature", "properties": { "location_id": 29207.0, "place_type": "County 縣", "place_name": "武義", "country": "China", "province": "Zhejiang" }, "geometry": { "type": "Point", "coordinates": [ 119.82, 28.9 ] } },
{ "type": "Feature", "properties": { "location_id": 29261.0, "place_type": "Prefecture 府", "place_name": "Chiba 千葉", "country": "Japan", "province": "abroad" }, "geometry": { "type": "Point", "coordinates": [ 140.11, 35.61 ] } },
{ "type": "Feature", "properties": { "location_id": 29298.0, "place_type": "County 縣", "place_name": "霑益 /沾益", "country": "China", "province": "Yunnan" }, "geometry": { "type": "Point", "coordinates": [ 103.83, 25.59 ] } },
{ "type": "Feature", "properties": { "location_id": 29298.0, "place_type": "County 縣", "place_name": "霑益 /沾益", "country": "China", "province": "Yunnan" }, "geometry": { "type": "Point", "coordinates": [ 103.83, 25.59 ] } },
{ "type": "Feature", "properties": { "location_id": 29353.0, "place_type": "City 市", "place_name": "普洱", "country": "China", "province": "Yunnan" }, "geometry": { "type": "Point", "coordinates": [ 100.97, 22.82 ] } },
{ "type": "Feature", "properties": { "location_id": 29353.0, "place_type": "City 市", "place_name": "普洱", "country": "China", "province": "Yunnan" }, "geometry": { "type": "Point", "coordinates": [ 100.97, 22.82 ] } },
{ "type": "Feature", "properties": { "location_id": 29359.0, "place_type": "District 區", "place_name": "沙河口", "country": "China", "province": "Liaoning" }, "geometry": { "type": "Point", "coordinates": [ 121.58, 38.91 ] } },
{ "type": "Feature", "properties": { "location_id": 29359.0, "place_type": "District 區", "place_name": "沙河口", "country": "China", "province": "Liaoning" }, "geometry": { "type": "Point", "coordinates": [ 121.58, 38.91 ] } },
{ "type": "Feature", "properties": { "location_id": 29372.0, "place_type": "County 縣", "place_name": "化縣", "country": "China", "province": "Guangdong" }, "geometry": { "type": "Point", "coordinates": [ 113.75, 25.09 ] } },
{ "type": "Feature", "properties": { "location_id": 29372.0, "place_type": "County 縣", "place_name": "化縣", "country": "China", "province": "Guangdong" }, "geometry": { "type": "Point", "coordinates": [ 113.75, 25.09 ] } },
{ "type": "Feature", "properties": { "location_id": 29391.0, "place_type": "County 縣", "place_name": "忠縣", "country": "China", "province": "Sichuan" }, "geometry": { "type": "Point", "coordinates": [ 108.05, 30.29 ] } },
{ "type": "Feature", "properties": { "location_id": 29391.0, "place_type": "County 縣", "place_name": "忠縣", "country": "China", "province": "Sichuan" }, "geometry": { "type": "Point", "coordinates": [ 108.05, 30.29 ] } },
{ "type": "Feature", "properties": { "location_id": 29396.0, "place_type": "County 縣", "place_name": "龍關", "country": "China", "province": "Chahaer" }, "geometry": { "type": "Point", "coordinates": [ 115.57, 40.79 ] } },
{ "type": "Feature", "properties": { "location_id": 29396.0, "place_type": "County 縣", "place_name": "龍關", "country": "China", "province": "Chahaer" }, "geometry": { "type": "Point", "coordinates": [ 115.57, 40.79 ] } },
{ "type": "Feature", "properties": { "location_id": 29410.0, "place_type": "County 縣", "place_name": "辰谿", "country": "China", "province": "Hunan" }, "geometry": { "type": "Point", "coordinates": [ 110.2, 28.03 ] } },
{ "type": "Feature", "properties": { "location_id": 29410.0, "place_type": "County 縣", "place_name": "辰谿", "country": "China", "province": "Hunan" }, "geometry": { "type": "Point", "coordinates": [ 110.2, 28.03 ] } },
{ "type": "Feature", "properties": { "location_id": 29429.0, "place_type": "City 市", "place_name": "The Hague/Den Haag", "country": "Netherlands", "province": "abroad" }, "geometry": { "type": "Point", "coordinates": [ 4.32, 52.08 ] } },
{ "type": "Feature", "properties": { "location_id": 29466.0, "place_type": "City 市", "place_name": "Rongcheng 榮成", "country": "China", "province": "Shandong" }, "geometry": { "type": "Point", "coordinates": [ 122.49, 37.17 ] } },
{ "type": "Feature", "properties": { "location_id": 29466.0, "place_type": "City 市", "place_name": "Rongcheng 榮成", "country": "China", "province": "Shandong" }, "geometry": { "type": "Point", "coordinates": [ 122.49, 37.17 ] } },
{ "type": "Feature", "properties": { "location_id": 29483.0, "place_type": "County 縣", "place_name": "易門", "country": "China", "province": "Yunnan" }, "geometry": { "type": "Point", "coordinates": [ 102.16, 24.67 ] } },
{ "type": "Feature", "properties": { "location_id": 29483.0, "place_type": "County 縣", "place_name": "易門", "country": "China", "province": "Yunnan" }, "geometry": { "type": "Point", "coordinates": [ 102.16, 24.67 ] } },
{ "type": "Feature", "properties": { "location_id": 29485.0, "place_type": "City 市", "place_name": "Anyang 安陽 (彰德)", "country": "China", "province": "Henan" }, "geometry": { "type": "Point", "coordinates": [ 114.39, 36.1 ] } },
{ "type": "Feature", "properties": { "location_id": 29485.0, "place_type": "City 市", "place_name": "Anyang 安陽 (彰德)", "country": "China", "province": "Henan" }, "geometry": { "type": "Point", "coordinates": [ 114.39, 36.1 ] } },
{ "type": "Feature", "properties": { "location_id": 29534.0, "place_type": "County 縣", "place_name": "花溪", "country": "China", "province": "Heilongjiang" }, "geometry": { "type": "Point", "coordinates": [ 130.3, 47.34 ] } },
{ "type": "Feature", "properties": { "location_id": 29534.0, "place_type": "County 縣", "place_name": "花溪", "country": "China", "province": "Heilongjiang" }, "geometry": { "type": "Point", "coordinates": [ 130.3, 47.34 ] } },
{ "type": "Feature", "properties": { "location_id": 29557.0, "place_type": "County 縣", "place_name": "鶴崗", "country": "China", "province": "Heilongjiang" }, "geometry": { "type": "Point", "coordinates": [ 130.29, 47.33 ] } },
{ "type": "Feature", "properties": { "location_id": 29557.0, "place_type": "County 縣", "place_name": "鶴崗", "country": "China", "province": "Heilongjiang" }, "geometry": { "type": "Point", "coordinates": [ 130.29, 47.33 ] } },
{ "type": "Feature", "properties": { "location_id": 29576.0, "place_type": "County 縣", "place_name": "翁源", "country": "China", "province": "Guangdong" }, "geometry": { "type": "Point", "coordinates": [ 114.13, 24.35 ] } },
{ "type": "Feature", "properties": { "location_id": 29576.0, "place_type": "County 縣", "place_name": "翁源", "country": "China", "province": "Guangdong" }, "geometry": { "type": "Point", "coordinates": [ 114.13, 24.35 ] } },
{ "type": "Feature", "properties": { "location_id": 29596.0, "place_type": "County 縣", "place_name": "鍾祥", "country": "China", "province": "Hubei" }, "geometry": { "type": "Point", "coordinates": [ 112.59, 31.17 ] } },
{ "type": "Feature", "properties": { "location_id": 29596.0, "place_type": "County 縣", "place_name": "鍾祥", "country": "China", "province": "Hubei" }, "geometry": { "type": "Point", "coordinates": [ 112.59, 31.17 ] } },
{ "type": "Feature", "properties": { "location_id": 29635.0, "place_type": "City 市", "place_name": "Rochester", "country": "USA", "province": "abroad" }, "geometry": { "type": "Point", "coordinates": [ -77.61, 43.15 ] } },
{ "type": "Feature", "properties": { "location_id": 29749.0, "place_type": "County 縣", "place_name": "Shan County 陝縣", "country": "China", "province": "Henan" }, "geometry": { "type": "Point", "coordinates": [ 111.1, 34.72 ] } },
{ "type": "Feature", "properties": { "location_id": 29749.0, "place_type": "County 縣", "place_name": "Shan County 陝縣", "country": "China", "province": "Henan" }, "geometry": { "type": "Point", "coordinates": [ 111.1, 34.72 ] } },
{ "type": "Feature", "properties": { "location_id": 29760.0, "place_type": "County 縣", "place_name": "雩都", "country": "China", "province": "Jiangxi" }, "geometry": { "type": "Point", "coordinates": [ 115.42, 25.95 ] } },
{ "type": "Feature", "properties": { "location_id": 29760.0, "place_type": "County 縣", "place_name": "雩都", "country": "China", "province": "Jiangxi" }, "geometry": { "type": "Point", "coordinates": [ 115.42, 25.95 ] } },
{ "type": "Feature", "properties": { "location_id": 29775.0, "place_type": "County 縣", "place_name": "郃陽", "country": "China", "province": "Shaanxi" }, "geometry": { "type": "Point", "coordinates": [ 110.14, 35.24 ] } },
{ "type": "Feature", "properties": { "location_id": 29775.0, "place_type": "County 縣", "place_name": "郃陽", "country": "China", "province": "Shaanxi" }, "geometry": { "type": "Point", "coordinates": [ 110.14, 35.24 ] } },
{ "type": "Feature", "properties": { "location_id": 29780.0, "place_type": "County 縣", "place_name": "如皐", "country": "China", "province": "Jiangsu" }, "geometry": { "type": "Point", "coordinates": [ 120.58, 32.37 ] } },
{ "type": "Feature", "properties": { "location_id": 29780.0, "place_type": "County 縣", "place_name": "如皐", "country": "China", "province": "Jiangsu" }, "geometry": { "type": "Point", "coordinates": [ 120.58, 32.37 ] } },
{ "type": "Feature", "properties": { "location_id": 29804.0, "place_type": "City 市", "place_name": "Douai", "country": "France", "province": "abroad" }, "geometry": { "type": "Point", "coordinates": [ 3.08, 50.37 ] } },
{ "type": "Feature", "properties": { "location_id": 29915.0, "place_type": "County 縣", "place_name": "雲慶", "country": "China", "province": "Hebei" }, "geometry": { "type": "Point", "coordinates": [ 117.37, 37.78 ] } },
{ "type": "Feature", "properties": { "location_id": 29915.0, "place_type": "County 縣", "place_name": "雲慶", "country": "China", "province": "Hebei" }, "geometry": { "type": "Point", "coordinates": [ 117.37, 37.78 ] } },
{ "type": "Feature", "properties": { "location_id": 30027.0, "place_type": "County 縣", "place_name": "簡陽", "country": "China", "province": "Sichuan" }, "geometry": { "type": "Point", "coordinates": [ 104.55, 30.42 ] } },
{ "type": "Feature", "properties": { "location_id": 30027.0, "place_type": "County 縣", "place_name": "簡陽", "country": "China", "province": "Sichuan" }, "geometry": { "type": "Point", "coordinates": [ 104.55, 30.42 ] } },
{ "type": "Feature", "properties": { "location_id": 30033.0, "place_type": "City 市", "place_name": "Kawasaki", "country": "Japan", "province": "abroad" }, "geometry": { "type": "Point", "coordinates": [ 139.71, 35.53 ] } },
{ "type": "Feature", "properties": { "location_id": 30115.0, "place_type": "County 縣", "place_name": "碭山", "country": "China", "province": "Henan" }, "geometry": { "type": "Point", "coordinates": [ 116.37, 34.44 ] } },
{ "type": "Feature", "properties": { "location_id": 30115.0, "place_type": "County 縣", "place_name": "碭山", "country": "China", "province": "Henan" }, "geometry": { "type": "Point", "coordinates": [ 116.37, 34.44 ] } },
{ "type": "Feature", "properties": { "location_id": 30194.0, "place_type": "City 市", "place_name": "Kiel", "country": "Germany", "province": "abroad" }, "geometry": { "type": "Point", "coordinates": [ 10.12, 54.32 ] } },
{ "type": "Feature", "properties": { "location_id": 30246.0, "place_type": "City 市", "place_name": "Osaka", "country": "Japan", "province": "abroad" }, "geometry": { "type": "Point", "coordinates": [ 135.5, 34.69 ] } },
{ "type": "Feature", "properties": { "location_id": 30339.0, "place_type": "County 縣", "place_name": "長嶺", "country": "China", "province": "Jilin" }, "geometry": { "type": "Point", "coordinates": [ 123.95, 44.26 ] } },
{ "type": "Feature", "properties": { "location_id": 30339.0, "place_type": "County 縣", "place_name": "長嶺", "country": "China", "province": "Jilin" }, "geometry": { "type": "Point", "coordinates": [ 123.95, 44.26 ] } },
{ "type": "Feature", "properties": { "location_id": 30367.0, "place_type": "County 縣", "place_name": "雲和", "country": "China", "province": "Zhejiang" }, "geometry": { "type": "Point", "coordinates": [ 119.56, 28.12 ] } },
{ "type": "Feature", "properties": { "location_id": 30367.0, "place_type": "County 縣", "place_name": "雲和", "country": "China", "province": "Zhejiang" }, "geometry": { "type": "Point", "coordinates": [ 119.56, 28.12 ] } },
{ "type": "Feature", "properties": { "location_id": 30399.0, "place_type": "City 市", "place_name": "Liverpool", "country": "UK", "province": "abroad" }, "geometry": { "type": "Point", "coordinates": [ -2.99, 53.4 ] } },
{ "type": "Feature", "properties": { "location_id": 30408.0, "place_type": "District 區", "place_name": "黃浦", "country": "China", "province": "Jiangsu" }, "geometry": { "type": "Point", "coordinates": [ 121.48, 31.23 ] } },
{ "type": "Feature", "properties": { "location_id": 30408.0, "place_type": "District 區", "place_name": "黃浦", "country": "China", "province": "Jiangsu" }, "geometry": { "type": "Point", "coordinates": [ 121.48, 31.23 ] } },
{ "type": "Feature", "properties": { "location_id": 30478.0, "place_type": "District 區", "place_name": "通縣", "country": "China", "province": "Hebei" }, "geometry": { "type": "Point", "coordinates": [ 116.65, 39.9 ] } },
{ "type": "Feature", "properties": { "location_id": 30478.0, "place_type": "District 區", "place_name": "通縣", "country": "China", "province": "Hebei" }, "geometry": { "type": "Point", "coordinates": [ 116.65, 39.9 ] } },
{ "type": "Feature", "properties": { "location_id": 30588.0, "place_type": "City 市", "place_name": "Zhuzhou 株洲", "country": "China", "province": "Hunan" }, "geometry": { "type": "Point", "coordinates": [ 113.15, 27.83 ] } },
{ "type": "Feature", "properties": { "location_id": 30588.0, "place_type": "City 市", "place_name": "Zhuzhou 株洲", "country": "China", "province": "Hunan" }, "geometry": { "type": "Point", "coordinates": [ 113.15, 27.83 ] } },
{ "type": "Feature", "properties": { "location_id": 30607.0, "place_type": "County 縣", "place_name": "寧都", "country": "China", "province": "Jiangxi" }, "geometry": { "type": "Point", "coordinates": [ 116.01, 26.47 ] } },
{ "type": "Feature", "properties": { "location_id": 30607.0, "place_type": "County 縣", "place_name": "寧都", "country": "China", "province": "Jiangxi" }, "geometry": { "type": "Point", "coordinates": [ 116.01, 26.47 ] } },
{ "type": "Feature", "properties": { "location_id": 30671.0, "place_type": "County 縣", "place_name": "涇陽", "country": "China", "province": "Shaanxi" }, "geometry": { "type": "Point", "coordinates": [ 108.84, 34.53 ] } },
{ "type": "Feature", "properties": { "location_id": 30671.0, "place_type": "County 縣", "place_name": "涇陽", "country": "China", "province": "Shaanxi" }, "geometry": { "type": "Point", "coordinates": [ 108.84, 34.53 ] } },
{ "type": "Feature", "properties": { "location_id": 30706.0, "place_type": "County 縣", "place_name": "Malipo 麻栗坡", "country": "China", "province": "Yunnan" }, "geometry": { "type": "Point", "coordinates": [ 104.7, 23.12 ] } },
{ "type": "Feature", "properties": { "location_id": 30706.0, "place_type": "County 縣", "place_name": "Malipo 麻栗坡", "country": "China", "province": "Yunnan" }, "geometry": { "type": "Point", "coordinates": [ 104.7, 23.12 ] } },
{ "type": "Feature", "properties": { "location_id": 30799.0, "place_type": "City 市", "place_name": "通化", "country": "China", "province": "Liaoning" }, "geometry": { "type": "Point", "coordinates": [ 125.95, 41.74 ] } },
{ "type": "Feature", "properties": { "location_id": 30799.0, "place_type": "City 市", "place_name": "通化", "country": "China", "province": "Liaoning" }, "geometry": { "type": "Point", "coordinates": [ 125.95, 41.74 ] } },
{ "type": "Feature", "properties": { "location_id": 30869.0, "place_type": "County 縣", "place_name": "元氏", "country": "China", "province": "Shanxi" }, "geometry": { "type": "Point", "coordinates": [ 114.53, 37.77 ] } },
{ "type": "Feature", "properties": { "location_id": 30869.0, "place_type": "County 縣", "place_name": "元氏", "country": "China", "province": "Shanxi" }, "geometry": { "type": "Point", "coordinates": [ 114.53, 37.77 ] } },
{ "type": "Feature", "properties": { "location_id": 30958.0, "place_type": "County 縣", "place_name": "懷集", "country": "China", "province": "Guangxi" }, "geometry": { "type": "Point", "coordinates": [ 112.17, 23.92 ] } },
{ "type": "Feature", "properties": { "location_id": 30958.0, "place_type": "County 縣", "place_name": "懷集", "country": "China", "province": "Guangxi" }, "geometry": { "type": "Point", "coordinates": [ 112.17, 23.92 ] } },
{ "type": "Feature", "properties": { "location_id": 30966.0, "place_type": "City 市", "place_name": "Portland", "country": "USA", "province": "abroad" }, "geometry": { "type": "Point", "coordinates": [ -84.91, 42.87 ] } },
{ "type": "Feature", "properties": { "location_id": 31025.0, "place_type": "County 縣", "place_name": "郴縣", "country": "China", "province": "Hunan" }, "geometry": { "type": "Point", "coordinates": [ 113.01, 25.77 ] } },
{ "type": "Feature", "properties": { "location_id": 31025.0, "place_type": "County 縣", "place_name": "郴縣", "country": "China", "province": "Hunan" }, "geometry": { "type": "Point", "coordinates": [ 113.01, 25.77 ] } },
{ "type": "Feature", "properties": { "location_id": 31053.0, "place_type": "County 縣", "place_name": "安福/臨澧", "country": "China", "province": "Hunan" }, "geometry": { "type": "Point", "coordinates": [ 111.65, 29.44 ] } },
{ "type": "Feature", "properties": { "location_id": 31053.0, "place_type": "County 縣", "place_name": "安福/臨澧", "country": "China", "province": "Hunan" }, "geometry": { "type": "Point", "coordinates": [ 111.65, 29.44 ] } },
{ "type": "Feature", "properties": { "location_id": 31144.0, "place_type": "Village 村", "place_name": "立戚家", "country": "China", "province": "Jiangsu" }, "geometry": { "type": "Point", "coordinates": [ 120.28, 31.92 ] } },
{ "type": "Feature", "properties": { "location_id": 31144.0, "place_type": "Village 村", "place_name": "立戚家", "country": "China", "province": "Jiangsu" }, "geometry": { "type": "Point", "coordinates": [ 120.28, 31.92 ] } },
{ "type": "Feature", "properties": { "location_id": 31169.0, "place_type": "City 市", "place_name": "Bordeaux", "country": "France", "province": "abroad" }, "geometry": { "type": "Point", "coordinates": [ -0.58, 44.84 ] } },
{ "type": "Feature", "properties": { "location_id": 31176.0, "place_type": "City 市", "place_name": "Dresden", "country": "Germany", "province": "abroad" }, "geometry": { "type": "Point", "coordinates": [ 13.74, 51.05 ] } },
{ "type": "Feature", "properties": { "location_id": 31243.0, "place_type": "City 市", "place_name": "興平", "country": "China", "province": "Shaanxi" }, "geometry": { "type": "Point", "coordinates": [ 108.49, 34.3 ] } },
{ "type": "Feature", "properties": { "location_id": 31243.0, "place_type": "City 市", "place_name": "興平", "country": "China", "province": "Shaanxi" }, "geometry": { "type": "Point", "coordinates": [ 108.49, 34.3 ] } },
{ "type": "Feature", "properties": { "location_id": 31292.0, "place_type": "District 區", "place_name": "餘抗", "country": "China", "province": "Zhejiang" }, "geometry": { "type": "Point", "coordinates": [ 120.3, 30.42 ] } },
{ "type": "Feature", "properties": { "location_id": 31292.0, "place_type": "District 區", "place_name": "餘抗", "country": "China", "province": "Zhejiang" }, "geometry": { "type": "Point", "coordinates": [ 120.3, 30.42 ] } },
{ "type": "Feature", "properties": { "location_id": 31301.0, "place_type": "Region 區域", "place_name": "South Wales", "country": "UK", "province": "abroad" }, "geometry": { "type": "Point", "coordinates": [ -3.34, 51.6 ] } },
{ "type": "Feature", "properties": { "location_id": 31315.0, "place_type": "County 縣", "place_name": "廣宗", "country": "China", "province": "Hebei" }, "geometry": { "type": "Point", "coordinates": [ 115.14, 37.07 ] } },
{ "type": "Feature", "properties": { "location_id": 31315.0, "place_type": "County 縣", "place_name": "廣宗", "country": "China", "province": "Hebei" }, "geometry": { "type": "Point", "coordinates": [ 115.14, 37.07 ] } },
{ "type": "Feature", "properties": { "location_id": 31337.0, "place_type": "County 縣", "place_name": "桃江", "country": "China", "province": "Hunan" }, "geometry": { "type": "Point", "coordinates": [ 112.14, 28.52 ] } },
{ "type": "Feature", "properties": { "location_id": 31337.0, "place_type": "County 縣", "place_name": "桃江", "country": "China", "province": "Hunan" }, "geometry": { "type": "Point", "coordinates": [ 112.14, 28.52 ] } },
{ "type": "Feature", "properties": { "location_id": 31401.0, "place_type": "County 縣", "place_name": "興業", "country": "China", "province": "Guangxi" }, "geometry": { "type": "Point", "coordinates": [ 109.87, 22.74 ] } },
{ "type": "Feature", "properties": { "location_id": 31401.0, "place_type": "County 縣", "place_name": "興業", "country": "China", "province": "Guangxi" }, "geometry": { "type": "Point", "coordinates": [ 109.87, 22.74 ] } },
{ "type": "Feature", "properties": { "location_id": 31450.0, "place_type": "City 市", "place_name": "西昌", "country": "China", "province": "Sichuan" }, "geometry": { "type": "Point", "coordinates": [ 102.27, 27.89 ] } },
{ "type": "Feature", "properties": { "location_id": 31450.0, "place_type": "City 市", "place_name": "西昌", "country": "China", "province": "Sichuan" }, "geometry": { "type": "Point", "coordinates": [ 102.27, 27.89 ] } },
{ "type": "Feature", "properties": { "location_id": 31466.0, "place_type": "County 縣", "place_name": "Hui'an 惠安", "country": "China", "province": "Fujian" }, "geometry": { "type": "Point", "coordinates": [ 118.8, 25.03 ] } },
{ "type": "Feature", "properties": { "location_id": 31466.0, "place_type": "County 縣", "place_name": "Hui'an 惠安", "country": "China", "province": "Fujian" }, "geometry": { "type": "Point", "coordinates": [ 118.8, 25.03 ] } },
{ "type": "Feature", "properties": { "location_id": 31479.0, "place_type": "City 市", "place_name": "Lille", "country": "France", "province": "abroad" }, "geometry": { "type": "Point", "coordinates": [ 3.06, 50.63 ] } },
{ "type": "Feature", "properties": { "location_id": 31483.0, "place_type": "County 縣", "place_name": "Lantian 藍田", "country": "China", "province": "Shaanxi" }, "geometry": { "type": "Point", "coordinates": [ 109.32, 34.15 ] } },
{ "type": "Feature", "properties": { "location_id": 31483.0, "place_type": "County 縣", "place_name": "Lantian 藍田", "country": "China", "province": "Shaanxi" }, "geometry": { "type": "Point", "coordinates": [ 109.32, 34.15 ] } },
{ "type": "Feature", "properties": { "location_id": 31509.0, "place_type": "City 市", "place_name": "Haiyang 海陽", "country": "China", "province": "Shandong" }, "geometry": { "type": "Point", "coordinates": [ 121.16, 36.78 ] } },
{ "type": "Feature", "properties": { "location_id": 31509.0, "place_type": "City 市", "place_name": "Haiyang 海陽", "country": "China", "province": "Shandong" }, "geometry": { "type": "Point", "coordinates": [ 121.16, 36.78 ] } },
{ "type": "Feature", "properties": { "location_id": 31565.0, "place_type": "City 市", "place_name": "景德鎮", "country": "China", "province": "Jiangxi" }, "geometry": { "type": "Point", "coordinates": [ 117.18, 29.27 ] } },
{ "type": "Feature", "properties": { "location_id": 31565.0, "place_type": "City 市", "place_name": "景德鎮", "country": "China", "province": "Jiangxi" }, "geometry": { "type": "Point", "coordinates": [ 117.18, 29.27 ] } },
{ "type": "Feature", "properties": { "location_id": 31576.0, "place_type": "County 縣", "place_name": "巴州/巴中", "country": "China", "province": "Sichuan" }, "geometry": { "type": "Point", "coordinates": [ 106.75, 31.87 ] } },
{ "type": "Feature", "properties": { "location_id": 31576.0, "place_type": "County 縣", "place_name": "巴州/巴中", "country": "China", "province": "Sichuan" }, "geometry": { "type": "Point", "coordinates": [ 106.75, 31.87 ] } },
{ "type": "Feature", "properties": { "location_id": 31596.0, "place_type": "City 市", "place_name": "Gary", "country": "USA", "province": "abroad" }, "geometry": { "type": "Point", "coordinates": [ -87.34, 41.6 ] } },
{ "type": "Feature", "properties": { "location_id": 31680.0, "place_type": "District 區", "place_name": "黄陂", "country": "China", "province": "Hubei" }, "geometry": { "type": "Point", "coordinates": [ 114.37, 30.88 ] } },
{ "type": "Feature", "properties": { "location_id": 31680.0, "place_type": "District 區", "place_name": "黄陂", "country": "China", "province": "Hubei" }, "geometry": { "type": "Point", "coordinates": [ 114.37, 30.88 ] } },
{ "type": "Feature", "properties": { "location_id": 31683.0, "place_type": "County 縣", "place_name": "樂會", "country": "China", "province": "Guangdong" }, "geometry": { "type": "Point", "coordinates": [ 110.47, 19.26 ] } },
{ "type": "Feature", "properties": { "location_id": 31683.0, "place_type": "County 縣", "place_name": "樂會", "country": "China", "province": "Guangdong" }, "geometry": { "type": "Point", "coordinates": [ 110.47, 19.26 ] } },
{ "type": "Feature", "properties": { "location_id": 31693.0, "place_type": "County 縣", "place_name": "Haifeng 海豐", "country": "China", "province": "Guangdong" }, "geometry": { "type": "Point", "coordinates": [ 115.32, 22.96 ] } },
{ "type": "Feature", "properties": { "location_id": 31693.0, "place_type": "County 縣", "place_name": "Haifeng 海豐", "country": "China", "province": "Guangdong" }, "geometry": { "type": "Point", "coordinates": [ 115.32, 22.96 ] } },
{ "type": "Feature", "properties": { "location_id": 31713.0, "place_type": "County 縣", "place_name": "柳河", "country": "China", "province": "Liaoning" }, "geometry": { "type": "Point", "coordinates": [ 125.75, 42.29 ] } },
{ "type": "Feature", "properties": { "location_id": 31713.0, "place_type": "County 縣", "place_name": "柳河", "country": "China", "province": "Liaoning" }, "geometry": { "type": "Point", "coordinates": [ 125.75, 42.29 ] } },
{ "type": "Feature", "properties": { "location_id": 31731.0, "place_type": "County 縣", "place_name": "羅山", "country": "China", "province": "Henan" }, "geometry": { "type": "Point", "coordinates": [ 114.51, 32.2 ] } },
{ "type": "Feature", "properties": { "location_id": 31731.0, "place_type": "County 縣", "place_name": "羅山", "country": "China", "province": "Henan" }, "geometry": { "type": "Point", "coordinates": [ 114.51, 32.2 ] } },
{ "type": "Feature", "properties": { "location_id": 31791.0, "place_type": "County 縣", "place_name": "館陶", "country": "China", "province": "Hebei" }, "geometry": { "type": "Point", "coordinates": [ 115.3, 36.54 ] } },
{ "type": "Feature", "properties": { "location_id": 31791.0, "place_type": "County 縣", "place_name": "館陶", "country": "China", "province": "Hebei" }, "geometry": { "type": "Point", "coordinates": [ 115.3, 36.54 ] } },
{ "type": "Feature", "properties": { "location_id": 31796.0, "place_type": "County 縣", "place_name": "榆樹", "country": "China", "province": "Jilin" }, "geometry": { "type": "Point", "coordinates": [ 126.53, 44.84 ] } },
{ "type": "Feature", "properties": { "location_id": 31796.0, "place_type": "County 縣", "place_name": "榆樹", "country": "China", "province": "Jilin" }, "geometry": { "type": "Point", "coordinates": [ 126.53, 44.84 ] } },
{ "type": "Feature", "properties": { "location_id": 31829.0, "place_type": "County 縣", "place_name": "繁昌", "country": "China", "province": "Anhui" }, "geometry": { "type": "Point", "coordinates": [ 118.2, 31.1 ] } },
{ "type": "Feature", "properties": { "location_id": 31829.0, "place_type": "County 縣", "place_name": "繁昌", "country": "China", "province": "Anhui" }, "geometry": { "type": "Point", "coordinates": [ 118.2, 31.1 ] } },
{ "type": "Feature", "properties": { "location_id": 31882.0, "place_type": "City 市", "place_name": "Ürümqi 烏魯木齊 (迪化)", "country": "China", "province": "Xinjiang" }, "geometry": { "type": "Point", "coordinates": [ 87.62, 43.83 ] } },
{ "type": "Feature", "properties": { "location_id": 31882.0, "place_type": "City 市", "place_name": "Ürümqi 烏魯木齊 (迪化)", "country": "China", "province": "Xinjiang" }, "geometry": { "type": "Point", "coordinates": [ 87.62, 43.83 ] } },
{ "type": "Feature", "properties": { "location_id": 31918.0, "place_type": "District 區", "place_name": "集寧", "country": "China", "province": "Chahaer" }, "geometry": { "type": "Point", "coordinates": [ 113.12, 41.03 ] } },
{ "type": "Feature", "properties": { "location_id": 31918.0, "place_type": "District 區", "place_name": "集寧", "country": "China", "province": "Chahaer" }, "geometry": { "type": "Point", "coordinates": [ 113.12, 41.03 ] } },
{ "type": "Feature", "properties": { "location_id": 31923.0, "place_type": "County 縣", "place_name": "隆平", "country": "China", "province": "Hebei" }, "geometry": { "type": "Point", "coordinates": [ 114.77, 37.35 ] } },
{ "type": "Feature", "properties": { "location_id": 31923.0, "place_type": "County 縣", "place_name": "隆平", "country": "China", "province": "Hebei" }, "geometry": { "type": "Point", "coordinates": [ 114.77, 37.35 ] } },
{ "type": "Feature", "properties": { "location_id": 31937.0, "place_type": "County 縣", "place_name": "高堂", "country": "China", "province": "Shandong" }, "geometry": { "type": "Point", "coordinates": [ 115.88, 35.85 ] } },
{ "type": "Feature", "properties": { "location_id": 31937.0, "place_type": "County 縣", "place_name": "高堂", "country": "China", "province": "Shandong" }, "geometry": { "type": "Point", "coordinates": [ 115.88, 35.85 ] } },
{ "type": "Feature", "properties": { "location_id": 31950.0, "place_type": "Colony", "place_name": "Kwantung Leased Territory 關東州", "country": "Japan", "province": "Liaoning" }, "geometry": { "type": "Point", "coordinates": [ 121.64, 38.91 ] } },
{ "type": "Feature", "properties": { "location_id": 31950.0, "place_type": "Colony", "place_name": "Kwantung Leased Territory 關東州", "country": "Japan", "province": "Liaoning" }, "geometry": { "type": "Point", "coordinates": [ 121.64, 38.91 ] } },
{ "type": "Feature", "properties": { "location_id": 31952.0, "place_type": "City 市", "place_name": "Manila", "country": "Philippines", "province": "abroad" }, "geometry": { "type": "Point", "coordinates": [ 120.98, 14.6 ] } },
{ "type": "Feature", "properties": { "location_id": 32014.0, "place_type": "County 縣", "place_name": "閿鄉", "country": "China", "province": "Henan" }, "geometry": { "type": "Point", "coordinates": [ 110.89, 34.52 ] } },
{ "type": "Feature", "properties": { "location_id": 32014.0, "place_type": "County 縣", "place_name": "閿鄉", "country": "China", "province": "Henan" }, "geometry": { "type": "Point", "coordinates": [ 110.89, 34.52 ] } },
{ "type": "Feature", "properties": { "location_id": 32029.0, "place_type": "County 縣", "place_name": "Yi county 易縣", "country": "China", "province": "Hebei" }, "geometry": { "type": "Point", "coordinates": [ 115.5, 39.35 ] } },
{ "type": "Feature", "properties": { "location_id": 32029.0, "place_type": "County 縣", "place_name": "Yi county 易縣", "country": "China", "province": "Hebei" }, "geometry": { "type": "Point", "coordinates": [ 115.5, 39.35 ] } },
{ "type": "Feature", "properties": { "location_id": 32085.0, "place_type": "County 縣", "place_name": "遂昌", "country": "China", "province": "Zhejiang" }, "geometry": { "type": "Point", "coordinates": [ 119.28, 28.59 ] } },
{ "type": "Feature", "properties": { "location_id": 32085.0, "place_type": "County 縣", "place_name": "遂昌", "country": "China", "province": "Zhejiang" }, "geometry": { "type": "Point", "coordinates": [ 119.28, 28.59 ] } },
{ "type": "Feature", "properties": { "location_id": 32192.0, "place_type": "Prefecture 府", "place_name": "Fukushima 福島", "country": "Japan", "province": "abroad" }, "geometry": { "type": "Point", "coordinates": [ 140.48, 37.76 ] } },
{ "type": "Feature", "properties": { "location_id": 32242.0, "place_type": "County 縣", "place_name": "Xingze 滎澤", "country": "China", "province": "Henan" }, "geometry": { "type": "Point", "coordinates": [ 113.43, 34.77 ] } },
{ "type": "Feature", "properties": { "location_id": 32242.0, "place_type": "County 縣", "place_name": "Xingze 滎澤", "country": "China", "province": "Henan" }, "geometry": { "type": "Point", "coordinates": [ 113.43, 34.77 ] } },
{ "type": "Feature", "properties": { "location_id": 32307.0, "place_type": "County 縣", "place_name": "安吉", "country": "China", "province": "Zhejiang" }, "geometry": { "type": "Point", "coordinates": [ 119.68, 30.64 ] } },
{ "type": "Feature", "properties": { "location_id": 32307.0, "place_type": "County 縣", "place_name": "安吉", "country": "China", "province": "Zhejiang" }, "geometry": { "type": "Point", "coordinates": [ 119.68, 30.64 ] } },
{ "type": "Feature", "properties": { "location_id": 32314.0, "place_type": "County 縣", "place_name": "武威", "country": "China", "province": "Gansu" }, "geometry": { "type": "Point", "coordinates": [ 102.64, 37.93 ] } },
{ "type": "Feature", "properties": { "location_id": 32314.0, "place_type": "County 縣", "place_name": "武威", "country": "China", "province": "Gansu" }, "geometry": { "type": "Point", "coordinates": [ 102.64, 37.93 ] } },
{ "type": "Feature", "properties": { "location_id": 32405.0, "place_type": "County 縣", "place_name": "右玉", "country": "China", "province": "Shanxi" }, "geometry": { "type": "Point", "coordinates": [ 112.47, 39.99 ] } },
{ "type": "Feature", "properties": { "location_id": 32405.0, "place_type": "County 縣", "place_name": "右玉", "country": "China", "province": "Shanxi" }, "geometry": { "type": "Point", "coordinates": [ 112.47, 39.99 ] } },
{ "type": "Feature", "properties": { "location_id": 32455.0, "place_type": "Prefecture 府", "place_name": "Nagasaki 長崎", "country": "Japan", "province": "abroad" }, "geometry": { "type": "Point", "coordinates": [ 129.69, 33.25 ] } },
{ "type": "Feature", "properties": { "location_id": 32485.0, "place_type": "City 市", "place_name": "畢節", "country": "China", "province": "Guizhou" }, "geometry": { "type": "Point", "coordinates": [ 105.29, 27.28 ] } },
{ "type": "Feature", "properties": { "location_id": 32485.0, "place_type": "City 市", "place_name": "畢節", "country": "China", "province": "Guizhou" }, "geometry": { "type": "Point", "coordinates": [ 105.29, 27.28 ] } },
{ "type": "Feature", "properties": { "location_id": 32623.0, "place_type": "County 縣", "place_name": "沭陽", "country": "China", "province": "Jiangsu" }, "geometry": { "type": "Point", "coordinates": [ 118.81, 34.11 ] } },
{ "type": "Feature", "properties": { "location_id": 32623.0, "place_type": "County 縣", "place_name": "沭陽", "country": "China", "province": "Jiangsu" }, "geometry": { "type": "Point", "coordinates": [ 118.81, 34.11 ] } },
{ "type": "Feature", "properties": { "location_id": 32692.0, "place_type": "County 縣", "place_name": "東莞", "country": "China", "province": "Guangdong" }, "geometry": { "type": "Point", "coordinates": [ 113.75, 23.02 ] } },
{ "type": "Feature", "properties": { "location_id": 32692.0, "place_type": "County 縣", "place_name": "東莞", "country": "China", "province": "Guangdong" }, "geometry": { "type": "Point", "coordinates": [ 113.75, 23.02 ] } },
{ "type": "Feature", "properties": { "location_id": 32712.0, "place_type": "County 縣", "place_name": "梓潼", "country": "China", "province": "Sichuan" }, "geometry": { "type": "Point", "coordinates": [ 105.17, 31.64 ] } },
{ "type": "Feature", "properties": { "location_id": 32712.0, "place_type": "County 縣", "place_name": "梓潼", "country": "China", "province": "Sichuan" }, "geometry": { "type": "Point", "coordinates": [ 105.17, 31.64 ] } },
{ "type": "Feature", "properties": { "location_id": 32873.0, "place_type": "Administrative superintendent district 行政督察區", "place_name": "Shuangliu 雙流", "country": "China", "province": "Sichuan" }, "geometry": { "type": "Point", "coordinates": [ 103.92, 30.58 ] } },
{ "type": "Feature", "properties": { "location_id": 32873.0, "place_type": "Administrative superintendent district 行政督察區", "place_name": "Shuangliu 雙流", "country": "China", "province": "Sichuan" }, "geometry": { "type": "Point", "coordinates": [ 103.92, 30.58 ] } },
{ "type": "Feature", "properties": { "location_id": 32939.0, "place_type": "District 區", "place_name": "Itabashi 板橋", "country": "Japan", "province": "abroad" }, "geometry": { "type": "Point", "coordinates": [ 139.71, 35.75 ] } },
{ "type": "Feature", "properties": { "location_id": 32945.0, "place_type": "County 縣", "place_name": "Xixiang 西鄉", "country": "China", "province": "Shaanxi" }, "geometry": { "type": "Point", "coordinates": [ 107.76, 32.99 ] } },
{ "type": "Feature", "properties": { "location_id": 32945.0, "place_type": "County 縣", "place_name": "Xixiang 西鄉", "country": "China", "province": "Shaanxi" }, "geometry": { "type": "Point", "coordinates": [ 107.76, 32.99 ] } },
{ "type": "Feature", "properties": { "location_id": 32948.0, "place_type": "County 縣", "place_name": "Nan county 南縣", "country": "China", "province": "Hunan" }, "geometry": { "type": "Point", "coordinates": [ 112.4, 29.36 ] } },
{ "type": "Feature", "properties": { "location_id": 32948.0, "place_type": "County 縣", "place_name": "Nan county 南縣", "country": "China", "province": "Hunan" }, "geometry": { "type": "Point", "coordinates": [ 112.4, 29.36 ] } },
{ "type": "Feature", "properties": { "location_id": 32991.0, "place_type": "County 縣", "place_name": "Zhecheng 拓城", "country": "China", "province": "Henan" }, "geometry": { "type": "Point", "coordinates": [ 115.31, 34.09 ] } },
{ "type": "Feature", "properties": { "location_id": 32991.0, "place_type": "County 縣", "place_name": "Zhecheng 拓城", "country": "China", "province": "Henan" }, "geometry": { "type": "Point", "coordinates": [ 115.31, 34.09 ] } },
{ "type": "Feature", "properties": { "location_id": 33086.0, "place_type": "County 縣", "place_name": "Huaning 華寧", "country": "China", "province": "Yunnan" }, "geometry": { "type": "Point", "coordinates": [ 102.93, 24.19 ] } },
{ "type": "Feature", "properties": { "location_id": 33086.0, "place_type": "County 縣", "place_name": "Huaning 華寧", "country": "China", "province": "Yunnan" }, "geometry": { "type": "Point", "coordinates": [ 102.93, 24.19 ] } },
{ "type": "Feature", "properties": { "location_id": 33146.0, "place_type": "City 市", "place_name": "Hamburg", "country": "Germany", "province": "abroad" }, "geometry": { "type": "Point", "coordinates": [ 9.99, 53.55 ] } },
{ "type": "Feature", "properties": { "location_id": 33199.0, "place_type": "County 縣", "place_name": "寧陵", "country": "China", "province": "Henan" }, "geometry": { "type": "Point", "coordinates": [ 115.32, 34.46 ] } },
{ "type": "Feature", "properties": { "location_id": 33199.0, "place_type": "County 縣", "place_name": "寧陵", "country": "China", "province": "Henan" }, "geometry": { "type": "Point", "coordinates": [ 115.32, 34.46 ] } },
{ "type": "Feature", "properties": { "location_id": 33233.0, "place_type": "City 市", "place_name": "Zurich", "country": "Switzerland", "province": "abroad" }, "geometry": { "type": "Point", "coordinates": [ 8.54, 47.38 ] } },
{ "type": "Feature", "properties": { "location_id": 33357.0, "place_type": "City 市", "place_name": "雅安", "country": "China", "province": "Sichuan" }, "geometry": { "type": "Point", "coordinates": [ 103.01, 29.98 ] } },
{ "type": "Feature", "properties": { "location_id": 33357.0, "place_type": "City 市", "place_name": "雅安", "country": "China", "province": "Sichuan" }, "geometry": { "type": "Point", "coordinates": [ 103.01, 29.98 ] } },
{ "type": "Feature", "properties": { "location_id": 33369.0, "place_type": "County 縣", "place_name": "房山", "country": "China", "province": "Hebei" }, "geometry": { "type": "Point", "coordinates": [ 115.94, 39.82 ] } },
{ "type": "Feature", "properties": { "location_id": 33369.0, "place_type": "County 縣", "place_name": "房山", "country": "China", "province": "Hebei" }, "geometry": { "type": "Point", "coordinates": [ 115.94, 39.82 ] } },
{ "type": "Feature", "properties": { "location_id": 33390.0, "place_type": "City 市", "place_name": "Missoula", "country": "USA", "province": "abroad" }, "geometry": { "type": "Point", "coordinates": [ -113.99, 46.87 ] } },
{ "type": "Feature", "properties": { "location_id": 33391.0, "place_type": "US State", "place_name": "Montana", "country": "USA", "province": "abroad" }, "geometry": { "type": "Point", "coordinates": [ -110.39, 46.89 ] } },
{ "type": "Feature", "properties": { "location_id": 33404.0, "place_type": "Special Administrative Region 特別區", "place_name": "澳門", "country": "China", "province": "abroad" }, "geometry": { "type": "Point", "coordinates": [ 113.54, 22.2 ] } },
{ "type": "Feature", "properties": { "location_id": 33425.0, "place_type": "City 市", "place_name": "Heshan 合山", "country": "China", "province": "Guangxi" }, "geometry": { "type": "Point", "coordinates": [ 108.89, 23.81 ] } },
{ "type": "Feature", "properties": { "location_id": 33425.0, "place_type": "City 市", "place_name": "Heshan 合山", "country": "China", "province": "Guangxi" }, "geometry": { "type": "Point", "coordinates": [ 108.89, 23.81 ] } },
{ "type": "Feature", "properties": { "location_id": 33435.0, "place_type": "County 縣", "place_name": "Weihui 衛輝", "country": "China", "province": "Henan" }, "geometry": { "type": "Point", "coordinates": [ 114.06, 35.4 ] } },
{ "type": "Feature", "properties": { "location_id": 33435.0, "place_type": "County 縣", "place_name": "Weihui 衛輝", "country": "China", "province": "Henan" }, "geometry": { "type": "Point", "coordinates": [ 114.06, 35.4 ] } },
{ "type": "Feature", "properties": { "location_id": 33612.0, "place_type": "City 市", "place_name": "Rennes", "country": "France", "province": "abroad" }, "geometry": { "type": "Point", "coordinates": [ -1.68, 48.12 ] } },
{ "type": "Feature", "properties": { "location_id": 33636.0, "place_type": "Town 鎮", "place_name": "八道溝", "country": "China", "province": "Liaoning" }, "geometry": { "type": "Point", "coordinates": [ 127.27, 41.52 ] } },
{ "type": "Feature", "properties": { "location_id": 33636.0, "place_type": "Town 鎮", "place_name": "八道溝", "country": "China", "province": "Liaoning" }, "geometry": { "type": "Point", "coordinates": [ 127.27, 41.52 ] } },
{ "type": "Feature", "properties": { "location_id": 33639.0, "place_type": "City 市", "place_name": "阜新", "country": "China", "province": "Liaoning" }, "geometry": { "type": "Point", "coordinates": [ 121.67, 42.02 ] } },
{ "type": "Feature", "properties": { "location_id": 33639.0, "place_type": "City 市", "place_name": "阜新", "country": "China", "province": "Liaoning" }, "geometry": { "type": "Point", "coordinates": [ 121.67, 42.02 ] } },
{ "type": "Feature", "properties": { "location_id": 33726.0, "place_type": "County 縣", "place_name": "鄰水", "country": "China", "province": "Sichuan" }, "geometry": { "type": "Point", "coordinates": [ 106.93, 30.33 ] } },
{ "type": "Feature", "properties": { "location_id": 33726.0, "place_type": "County 縣", "place_name": "鄰水", "country": "China", "province": "Sichuan" }, "geometry": { "type": "Point", "coordinates": [ 106.93, 30.33 ] } },
{ "type": "Feature", "properties": { "location_id": 33776.0, "place_type": "County 縣", "place_name": "寧明", "country": "China", "province": "Guangxi" }, "geometry": { "type": "Point", "coordinates": [ 107.08, 22.14 ] } },
{ "type": "Feature", "properties": { "location_id": 33776.0, "place_type": "County 縣", "place_name": "寧明", "country": "China", "province": "Guangxi" }, "geometry": { "type": "Point", "coordinates": [ 107.08, 22.14 ] } },
{ "type": "Feature", "properties": { "location_id": 33805.0, "place_type": "City 市", "place_name": "榮城", "country": "China", "province": "Shandong" }, "geometry": { "type": "Point", "coordinates": [ 122.45, 37.14 ] } },
{ "type": "Feature", "properties": { "location_id": 33805.0, "place_type": "City 市", "place_name": "榮城", "country": "China", "province": "Shandong" }, "geometry": { "type": "Point", "coordinates": [ 122.45, 37.14 ] } },
{ "type": "Feature", "properties": { "location_id": 33811.0, "place_type": "City 市", "place_name": "耒陽", "country": "China", "province": "Hunan" }, "geometry": { "type": "Point", "coordinates": [ 112.86, 26.42 ] } },
{ "type": "Feature", "properties": { "location_id": 33811.0, "place_type": "City 市", "place_name": "耒陽", "country": "China", "province": "Hunan" }, "geometry": { "type": "Point", "coordinates": [ 112.86, 26.42 ] } },
{ "type": "Feature", "properties": { "location_id": 33834.0, "place_type": "City 市", "place_name": "Cleveland", "country": "USA", "province": "abroad" }, "geometry": { "type": "Point", "coordinates": [ -81.7, 41.5 ] } },
{ "type": "Feature", "properties": { "location_id": 33992.0, "place_type": "City 市", "place_name": "福安", "country": "China", "province": "Fujian" }, "geometry": { "type": "Point", "coordinates": [ 119.65, 27.09 ] } },
{ "type": "Feature", "properties": { "location_id": 33992.0, "place_type": "City 市", "place_name": "福安", "country": "China", "province": "Fujian" }, "geometry": { "type": "Point", "coordinates": [ 119.65, 27.09 ] } },
{ "type": "Feature", "properties": { "location_id": 34013.0, "place_type": "County 縣", "place_name": "蓬溪", "country": "China", "province": "Sichuan" }, "geometry": { "type": "Point", "coordinates": [ 105.69, 30.77 ] } },
{ "type": "Feature", "properties": { "location_id": 34013.0, "place_type": "County 縣", "place_name": "蓬溪", "country": "China", "province": "Sichuan" }, "geometry": { "type": "Point", "coordinates": [ 105.69, 30.77 ] } },
{ "type": "Feature", "properties": { "location_id": 34068.0, "place_type": "County 縣", "place_name": "Wusheng 武勝", "country": "China", "province": "Sichuan" }, "geometry": { "type": "Point", "coordinates": [ 106.3, 30.35 ] } },
{ "type": "Feature", "properties": { "location_id": 34068.0, "place_type": "County 縣", "place_name": "Wusheng 武勝", "country": "China", "province": "Sichuan" }, "geometry": { "type": "Point", "coordinates": [ 106.3, 30.35 ] } },
{ "type": "Feature", "properties": { "location_id": 34147.0, "place_type": "City 市", "place_name": "昭通", "country": "China", "province": "Guizhou" }, "geometry": { "type": "Point", "coordinates": [ 103.72, 27.34 ] } },
{ "type": "Feature", "properties": { "location_id": 34147.0, "place_type": "City 市", "place_name": "昭通", "country": "China", "province": "Guizhou" }, "geometry": { "type": "Point", "coordinates": [ 103.72, 27.34 ] } },
{ "type": "Feature", "properties": { "location_id": 34158.0, "place_type": "City 市", "place_name": "Tsuruoka 鶴岡", "country": "Japan", "province": "abroad" }, "geometry": { "type": "Point", "coordinates": [ 139.83, 38.73 ] } },
{ "type": "Feature", "properties": { "location_id": 34286.0, "place_type": "District 區", "place_name": "武鳴", "country": "China", "province": "Guangxi" }, "geometry": { "type": "Point", "coordinates": [ 108.27, 23.16 ] } },
{ "type": "Feature", "properties": { "location_id": 34286.0, "place_type": "District 區", "place_name": "武鳴", "country": "China", "province": "Guangxi" }, "geometry": { "type": "Point", "coordinates": [ 108.27, 23.16 ] } },
{ "type": "Feature", "properties": { "location_id": 34311.0, "place_type": "County 縣", "place_name": "鎮沅", "country": "China", "province": "Yunnan" }, "geometry": { "type": "Point", "coordinates": [ 101.11, 24.0 ] } },
{ "type": "Feature", "properties": { "location_id": 34311.0, "place_type": "County 縣", "place_name": "鎮沅", "country": "China", "province": "Yunnan" }, "geometry": { "type": "Point", "coordinates": [ 101.11, 24.0 ] } },
{ "type": "Feature", "properties": { "location_id": 34412.0, "place_type": "County 縣", "place_name": "武寧", "country": "China", "province": "Jiangxi" }, "geometry": { "type": "Point", "coordinates": [ 115.1, 29.27 ] } },
{ "type": "Feature", "properties": { "location_id": 34412.0, "place_type": "County 縣", "place_name": "武寧", "country": "China", "province": "Jiangxi" }, "geometry": { "type": "Point", "coordinates": [ 115.1, 29.27 ] } },
{ "type": "Feature", "properties": { "location_id": 34551.0, "place_type": "Township 鄉", "place_name": "靈鄉", "country": "China", "province": "Hubei" }, "geometry": { "type": "Point", "coordinates": [ 114.75, 30.01 ] } },
{ "type": "Feature", "properties": { "location_id": 34551.0, "place_type": "Township 鄉", "place_name": "靈鄉", "country": "China", "province": "Hubei" }, "geometry": { "type": "Point", "coordinates": [ 114.75, 30.01 ] } },
{ "type": "Feature", "properties": { "location_id": 34574.0, "place_type": "District 區", "place_name": "通州", "country": "China", "province": "Hebei" }, "geometry": { "type": "Point", "coordinates": [ 116.64, 39.9 ] } },
{ "type": "Feature", "properties": { "location_id": 34574.0, "place_type": "District 區", "place_name": "通州", "country": "China", "province": "Hebei" }, "geometry": { "type": "Point", "coordinates": [ 116.64, 39.9 ] } },
{ "type": "Feature", "properties": { "location_id": 34586.0, "place_type": "District 區", "place_name": "臨江", "country": "China", "province": "Liaoning" }, "geometry": { "type": "Point", "coordinates": [ 124.38, 40.12 ] } },
{ "type": "Feature", "properties": { "location_id": 34586.0, "place_type": "District 區", "place_name": "臨江", "country": "China", "province": "Liaoning" }, "geometry": { "type": "Point", "coordinates": [ 124.38, 40.12 ] } },
{ "type": "Feature", "properties": { "location_id": 34602.0, "place_type": "County 縣", "place_name": "黎城", "country": "China", "province": "Shanxi" }, "geometry": { "type": "Point", "coordinates": [ 113.4, 36.51 ] } },
{ "type": "Feature", "properties": { "location_id": 34602.0, "place_type": "County 縣", "place_name": "黎城", "country": "China", "province": "Shanxi" }, "geometry": { "type": "Point", "coordinates": [ 113.4, 36.51 ] } },
{ "type": "Feature", "properties": { "location_id": 34611.0, "place_type": "County 縣", "place_name": "大足", "country": "China", "province": "Sichuan" }, "geometry": { "type": "Point", "coordinates": [ 105.72, 29.7 ] } },
{ "type": "Feature", "properties": { "location_id": 34611.0, "place_type": "County 縣", "place_name": "大足", "country": "China", "province": "Sichuan" }, "geometry": { "type": "Point", "coordinates": [ 105.72, 29.7 ] } },
{ "type": "Feature", "properties": { "location_id": 34643.0, "place_type": "County 縣", "place_name": "凌源", "country": "China", "province": "Jehol" }, "geometry": { "type": "Point", "coordinates": [ 119.4, 41.24 ] } },
{ "type": "Feature", "properties": { "location_id": 34643.0, "place_type": "County 縣", "place_name": "凌源", "country": "China", "province": "Jehol" }, "geometry": { "type": "Point", "coordinates": [ 119.4, 41.24 ] } },
{ "type": "Feature", "properties": { "location_id": 34647.0, "place_type": "County 縣", "place_name": "天興", "country": "China", "province": "Hubei" }, "geometry": { "type": "Point", "coordinates": [ 114.4, 30.66 ] } },
{ "type": "Feature", "properties": { "location_id": 34647.0, "place_type": "County 縣", "place_name": "天興", "country": "China", "province": "Hubei" }, "geometry": { "type": "Point", "coordinates": [ 114.4, 30.66 ] } },
{ "type": "Feature", "properties": { "location_id": 34674.0, "place_type": "District 區", "place_name": "灤城", "country": "China", "province": "Hebei" }, "geometry": { "type": "Point", "coordinates": [ 118.69, 39.74 ] } },
{ "type": "Feature", "properties": { "location_id": 34674.0, "place_type": "District 區", "place_name": "灤城", "country": "China", "province": "Hebei" }, "geometry": { "type": "Point", "coordinates": [ 118.69, 39.74 ] } },
{ "type": "Feature", "properties": { "location_id": 34695.0, "place_type": "City 市", "place_name": "抚州", "country": "China", "province": "Jiangxi" }, "geometry": { "type": "Point", "coordinates": [ 116.35, 27.95 ] } },
{ "type": "Feature", "properties": { "location_id": 34695.0, "place_type": "City 市", "place_name": "抚州", "country": "China", "province": "Jiangxi" }, "geometry": { "type": "Point", "coordinates": [ 116.35, 27.95 ] } },
{ "type": "Feature", "properties": { "location_id": 34745.0, "place_type": "City 市", "place_name": "孝感", "country": "China", "province": "Hubei" }, "geometry": { "type": "Point", "coordinates": [ 113.96, 30.92 ] } },
{ "type": "Feature", "properties": { "location_id": 34745.0, "place_type": "City 市", "place_name": "孝感", "country": "China", "province": "Hubei" }, "geometry": { "type": "Point", "coordinates": [ 113.96, 30.92 ] } },
{ "type": "Feature", "properties": { "location_id": 34766.0, "place_type": "Village 村", "place_name": "禹村", "country": "China", "province": "Shandong" }, "geometry": { "type": "Point", "coordinates": [ 117.36, 35.85 ] } },
{ "type": "Feature", "properties": { "location_id": 34766.0, "place_type": "Village 村", "place_name": "禹村", "country": "China", "province": "Shandong" }, "geometry": { "type": "Point", "coordinates": [ 117.36, 35.85 ] } },
{ "type": "Feature", "properties": { "location_id": 34780.0, "place_type": "County 縣", "place_name": "睢寧", "country": "China", "province": "Jiangsu" }, "geometry": { "type": "Point", "coordinates": [ 117.94, 33.91 ] } },
{ "type": "Feature", "properties": { "location_id": 34780.0, "place_type": "County 縣", "place_name": "睢寧", "country": "China", "province": "Jiangsu" }, "geometry": { "type": "Point", "coordinates": [ 117.94, 33.91 ] } },
{ "type": "Feature", "properties": { "location_id": 34797.0, "place_type": "County 縣", "place_name": "鶴慶", "country": "China", "province": "Yunnan" }, "geometry": { "type": "Point", "coordinates": [ 100.19, 26.57 ] } },
{ "type": "Feature", "properties": { "location_id": 34797.0, "place_type": "County 縣", "place_name": "鶴慶", "country": "China", "province": "Yunnan" }, "geometry": { "type": "Point", "coordinates": [ 100.19, 26.57 ] } },
{ "type": "Feature", "properties": { "location_id": 34827.0, "place_type": "County 縣", "place_name": "交河", "country": "China", "province": "Hebei" }, "geometry": { "type": "Point", "coordinates": [ 116.29, 38.02 ] } },
{ "type": "Feature", "properties": { "location_id": 34827.0, "place_type": "County 縣", "place_name": "交河", "country": "China", "province": "Hebei" }, "geometry": { "type": "Point", "coordinates": [ 116.29, 38.02 ] } },
{ "type": "Feature", "properties": { "location_id": 34866.0, "place_type": "City 市", "place_name": "Detroit", "country": "USA", "province": "abroad" }, "geometry": { "type": "Point", "coordinates": [ -83.04, 42.33 ] } },
{ "type": "Feature", "properties": { "location_id": 35105.0, "place_type": "County 縣", "place_name": "Dehua 德化", "country": "China", "province": "Fujian" }, "geometry": { "type": "Point", "coordinates": [ 118.24, 25.49 ] } },
{ "type": "Feature", "properties": { "location_id": 35105.0, "place_type": "County 縣", "place_name": "Dehua 德化", "country": "China", "province": "Fujian" }, "geometry": { "type": "Point", "coordinates": [ 118.24, 25.49 ] } },
{ "type": "Feature", "properties": { "location_id": 35143.0, "place_type": "County 縣", "place_name": "彰武", "country": "China", "province": "Liaoning" }, "geometry": { "type": "Point", "coordinates": [ 122.48, 42.37 ] } },
{ "type": "Feature", "properties": { "location_id": 35143.0, "place_type": "County 縣", "place_name": "彰武", "country": "China", "province": "Liaoning" }, "geometry": { "type": "Point", "coordinates": [ 122.48, 42.37 ] } },
{ "type": "Feature", "properties": { "location_id": 35382.0, "place_type": "US State", "place_name": "Michigan", "country": "USA", "province": "abroad" }, "geometry": { "type": "Point", "coordinates": [ -85.59, 44.3 ] } },
{ "type": "Feature", "properties": { "location_id": 35462.0, "place_type": "County 縣", "place_name": "松陽", "country": "China", "province": "Zhejiang" }, "geometry": { "type": "Point", "coordinates": [ 119.48, 28.45 ] } },
{ "type": "Feature", "properties": { "location_id": 35462.0, "place_type": "County 縣", "place_name": "松陽", "country": "China", "province": "Zhejiang" }, "geometry": { "type": "Point", "coordinates": [ 119.48, 28.45 ] } },
{ "type": "Feature", "properties": { "location_id": 35698.0, "place_type": "County 縣", "place_name": "阜城", "country": "China", "province": "Hebei" }, "geometry": { "type": "Point", "coordinates": [ 116.15, 37.87 ] } },
{ "type": "Feature", "properties": { "location_id": 35698.0, "place_type": "County 縣", "place_name": "阜城", "country": "China", "province": "Hebei" }, "geometry": { "type": "Point", "coordinates": [ 116.15, 37.87 ] } },
{ "type": "Feature", "properties": { "location_id": 35739.0, "place_type": "Village 村", "place_name": "平哈", "country": "China", "province": "Guizhou" }, "geometry": { "type": "Point", "coordinates": [ 105.74, 24.78 ] } },
{ "type": "Feature", "properties": { "location_id": 35739.0, "place_type": "Village 村", "place_name": "平哈", "country": "China", "province": "Guizhou" }, "geometry": { "type": "Point", "coordinates": [ 105.74, 24.78 ] } },
{ "type": "Feature", "properties": { "location_id": 35793.0, "place_type": "City 市", "place_name": "Ypres", "country": "Belgium", "province": "abroad" }, "geometry": { "type": "Point", "coordinates": [ 2.88, 50.85 ] } },
{ "type": "Feature", "properties": { "location_id": 35829.0, "place_type": "County 縣", "place_name": "南部", "country": "China", "province": "Sichuan" }, "geometry": { "type": "Point", "coordinates": [ 106.04, 31.35 ] } },
{ "type": "Feature", "properties": { "location_id": 35829.0, "place_type": "County 縣", "place_name": "南部", "country": "China", "province": "Sichuan" }, "geometry": { "type": "Point", "coordinates": [ 106.04, 31.35 ] } },
{ "type": "Feature", "properties": { "location_id": 35902.0, "place_type": "Town 鎮", "place_name": "清溪", "country": "China", "province": "Sichuan" }, "geometry": { "type": "Point", "coordinates": [ 103.92, 29.15 ] } },
{ "type": "Feature", "properties": { "location_id": 35902.0, "place_type": "Town 鎮", "place_name": "清溪", "country": "China", "province": "Sichuan" }, "geometry": { "type": "Point", "coordinates": [ 103.92, 29.15 ] } },
{ "type": "Feature", "properties": { "location_id": 35912.0, "place_type": "County 縣", "place_name": "劍川", "country": "China", "province": "Yunnan" }, "geometry": { "type": "Point", "coordinates": [ 99.9, 26.54 ] } },
{ "type": "Feature", "properties": { "location_id": 35912.0, "place_type": "County 縣", "place_name": "劍川", "country": "China", "province": "Yunnan" }, "geometry": { "type": "Point", "coordinates": [ 99.9, 26.54 ] } },
{ "type": "Feature", "properties": { "location_id": 35947.0, "place_type": "District 區", "place_name": "萬全", "country": "China", "province": "Chahaer" }, "geometry": { "type": "Point", "coordinates": [ 114.75, 40.77 ] } },
{ "type": "Feature", "properties": { "location_id": 35947.0, "place_type": "District 區", "place_name": "萬全", "country": "China", "province": "Chahaer" }, "geometry": { "type": "Point", "coordinates": [ 114.75, 40.77 ] } },
{ "type": "Feature", "properties": { "location_id": 35985.0, "place_type": "City 市", "place_name": "Milwaukee", "country": "USA", "province": "abroad" }, "geometry": { "type": "Point", "coordinates": [ -87.91, 43.04 ] } },
{ "type": "Feature", "properties": { "location_id": 36004.0, "place_type": "City 市", "place_name": "閬中", "country": "China", "province": "Sichuan" }, "geometry": { "type": "Point", "coordinates": [ 106.0, 31.56 ] } },
{ "type": "Feature", "properties": { "location_id": 36004.0, "place_type": "City 市", "place_name": "閬中", "country": "China", "province": "Sichuan" }, "geometry": { "type": "Point", "coordinates": [ 106.0, 31.56 ] } },
{ "type": "Feature", "properties": { "location_id": 36062.0, "place_type": "Town 鎮", "place_name": "博平", "country": "China", "province": "Shandong" }, "geometry": { "type": "Point", "coordinates": [ 116.12, 36.59 ] } },
{ "type": "Feature", "properties": { "location_id": 36062.0, "place_type": "Town 鎮", "place_name": "博平", "country": "China", "province": "Shandong" }, "geometry": { "type": "Point", "coordinates": [ 116.12, 36.59 ] } },
{ "type": "Feature", "properties": { "location_id": 36082.0, "place_type": "City 市", "place_name": "騰衝", "country": "China", "province": "Yunnan" }, "geometry": { "type": "Point", "coordinates": [ 98.45, 25.03 ] } },
{ "type": "Feature", "properties": { "location_id": 36082.0, "place_type": "City 市", "place_name": "騰衝", "country": "China", "province": "Yunnan" }, "geometry": { "type": "Point", "coordinates": [ 98.45, 25.03 ] } },
{ "type": "Feature", "properties": { "location_id": 36089.0, "place_type": "County 縣", "place_name": "台安", "country": "China", "province": "Liaoning" }, "geometry": { "type": "Point", "coordinates": [ 122.45, 41.41 ] } },
{ "type": "Feature", "properties": { "location_id": 36089.0, "place_type": "County 縣", "place_name": "台安", "country": "China", "province": "Liaoning" }, "geometry": { "type": "Point", "coordinates": [ 122.45, 41.41 ] } },
{ "type": "Feature", "properties": { "location_id": 36113.0, "place_type": "District 區", "place_name": "大港 (濱海新區)", "country": "China", "province": "Hebei" }, "geometry": { "type": "Point", "coordinates": [ 117.73, 39.0 ] } },
{ "type": "Feature", "properties": { "location_id": 36113.0, "place_type": "District 區", "place_name": "大港 (濱海新區)", "country": "China", "province": "Hebei" }, "geometry": { "type": "Point", "coordinates": [ 117.73, 39.0 ] } },
{ "type": "Feature", "properties": { "location_id": 36199.0, "place_type": "Town 鎮", "place_name": "朝城", "country": "China", "province": "Hebei" }, "geometry": { "type": "Point", "coordinates": [ 115.6, 36.05 ] } },
{ "type": "Feature", "properties": { "location_id": 36199.0, "place_type": "Town 鎮", "place_name": "朝城", "country": "China", "province": "Hebei" }, "geometry": { "type": "Point", "coordinates": [ 115.6, 36.05 ] } },
{ "type": "Feature", "properties": { "location_id": 36316.0, "place_type": "City 市", "place_name": "福清", "country": "China", "province": "Fujian" }, "geometry": { "type": "Point", "coordinates": [ 119.39, 25.74 ] } },
{ "type": "Feature", "properties": { "location_id": 36316.0, "place_type": "City 市", "place_name": "福清", "country": "China", "province": "Fujian" }, "geometry": { "type": "Point", "coordinates": [ 119.39, 25.74 ] } },
{ "type": "Feature", "properties": { "location_id": 36360.0, "place_type": "County 縣", "place_name": "Xinglong 興隆", "country": "China", "province": "Jehol" }, "geometry": { "type": "Point", "coordinates": [ 117.5, 40.41 ] } },
{ "type": "Feature", "properties": { "location_id": 36360.0, "place_type": "County 縣", "place_name": "Xinglong 興隆", "country": "China", "province": "Jehol" }, "geometry": { "type": "Point", "coordinates": [ 117.5, 40.41 ] } },
{ "type": "Feature", "properties": { "location_id": 36387.0, "place_type": "County 縣", "place_name": "詔安", "country": "China", "province": "Fujian" }, "geometry": { "type": "Point", "coordinates": [ 117.18, 23.71 ] } },
{ "type": "Feature", "properties": { "location_id": 36387.0, "place_type": "County 縣", "place_name": "詔安", "country": "China", "province": "Fujian" }, "geometry": { "type": "Point", "coordinates": [ 117.18, 23.71 ] } },
{ "type": "Feature", "properties": { "location_id": 36548.0, "place_type": "County 縣", "place_name": "Linqing 臨清", "country": "China", "province": "Shandong" }, "geometry": { "type": "Point", "coordinates": [ 115.71, 36.84 ] } },
{ "type": "Feature", "properties": { "location_id": 36548.0, "place_type": "County 縣", "place_name": "Linqing 臨清", "country": "China", "province": "Shandong" }, "geometry": { "type": "Point", "coordinates": [ 115.71, 36.84 ] } },
{ "type": "Feature", "properties": { "location_id": 36555.0, "place_type": "City 市", "place_name": "Ningguo 寧國", "country": "China", "province": "Anhui" }, "geometry": { "type": "Point", "coordinates": [ 118.98, 30.64 ] } },
{ "type": "Feature", "properties": { "location_id": 36555.0, "place_type": "City 市", "place_name": "Ningguo 寧國", "country": "China", "province": "Anhui" }, "geometry": { "type": "Point", "coordinates": [ 118.98, 30.64 ] } },
{ "type": "Feature", "properties": { "location_id": 36810.0, "place_type": "County 縣", "place_name": "Suning 肃宁", "country": "China", "province": "Hebei" }, "geometry": { "type": "Point", "coordinates": [ 115.83, 38.42 ] } },
{ "type": "Feature", "properties": { "location_id": 36810.0, "place_type": "County 縣", "place_name": "Suning 肃宁", "country": "China", "province": "Hebei" }, "geometry": { "type": "Point", "coordinates": [ 115.83, 38.42 ] } },
{ "type": "Feature", "properties": { "location_id": 36865.0, "place_type": "County 縣", "place_name": "Weichuan 洧川", "country": "China", "province": "Henan" }, "geometry": { "type": "Point", "coordinates": [ 113.99, 34.29 ] } },
{ "type": "Feature", "properties": { "location_id": 36865.0, "place_type": "County 縣", "place_name": "Weichuan 洧川", "country": "China", "province": "Henan" }, "geometry": { "type": "Point", "coordinates": [ 113.99, 34.29 ] } },
{ "type": "Feature", "properties": { "location_id": 37183.0, "place_type": "City 市", "place_name": "Wu'an 武安", "country": "China", "province": "Henan" }, "geometry": { "type": "Point", "coordinates": [ 114.21, 36.7 ] } },
{ "type": "Feature", "properties": { "location_id": 37183.0, "place_type": "City 市", "place_name": "Wu'an 武安", "country": "China", "province": "Henan" }, "geometry": { "type": "Point", "coordinates": [ 114.21, 36.7 ] } },
{ "type": "Feature", "properties": { "location_id": 37251.0, "place_type": "County 縣", "place_name": "臨高", "country": "China", "province": "Guangdong" }, "geometry": { "type": "Point", "coordinates": [ 109.69, 19.91 ] } },
{ "type": "Feature", "properties": { "location_id": 37251.0, "place_type": "County 縣", "place_name": "臨高", "country": "China", "province": "Guangdong" }, "geometry": { "type": "Point", "coordinates": [ 109.69, 19.91 ] } },
{ "type": "Feature", "properties": { "location_id": 37273.0, "place_type": "County 縣", "place_name": "商水", "country": "China", "province": "Henan" }, "geometry": { "type": "Point", "coordinates": [ 114.6, 33.54 ] } },
{ "type": "Feature", "properties": { "location_id": 37273.0, "place_type": "County 縣", "place_name": "商水", "country": "China", "province": "Henan" }, "geometry": { "type": "Point", "coordinates": [ 114.6, 33.54 ] } },
{ "type": "Feature", "properties": { "location_id": 37313.0, "place_type": "City 市", "place_name": "Winnipeg", "country": "Canada", "province": "abroad" }, "geometry": { "type": "Point", "coordinates": [ -97.14, 49.89 ] } },
{ "type": "Feature", "properties": { "location_id": 37316.0, "place_type": "Province 省", "place_name": null, "country": "Canada", "province": "abroad" }, "geometry": { "type": "Point", "coordinates": [ -98.52, 53.77 ] } },
{ "type": "Feature", "properties": { "location_id": 37327.0, "place_type": "City 市", "place_name": "Watertown", "country": "USA", "province": "abroad" }, "geometry": { "type": "Point", "coordinates": [ -71.18, 42.37 ] } },
{ "type": "Feature", "properties": { "location_id": 37349.0, "place_type": "County 縣", "place_name": "平羅", "country": "China", "province": "Ningxia" }, "geometry": { "type": "Point", "coordinates": [ 106.52, 38.91 ] } },
{ "type": "Feature", "properties": { "location_id": 37349.0, "place_type": "County 縣", "place_name": "平羅", "country": "China", "province": "Ningxia" }, "geometry": { "type": "Point", "coordinates": [ 106.52, 38.91 ] } },
{ "type": "Feature", "properties": { "location_id": 37366.0, "place_type": "City 市", "place_name": "龍口", "country": "China", "province": "Shandong" }, "geometry": { "type": "Point", "coordinates": [ 120.49, 37.64 ] } },
{ "type": "Feature", "properties": { "location_id": 37366.0, "place_type": "City 市", "place_name": "龍口", "country": "China", "province": "Shandong" }, "geometry": { "type": "Point", "coordinates": [ 120.49, 37.64 ] } },
{ "type": "Feature", "properties": { "location_id": 37372.0, "place_type": "County 縣", "place_name": "平樂", "country": "China", "province": "Guangxi" }, "geometry": { "type": "Point", "coordinates": [ 110.64, 24.63 ] } },
{ "type": "Feature", "properties": { "location_id": 37372.0, "place_type": "County 縣", "place_name": "平樂", "country": "China", "province": "Guangxi" }, "geometry": { "type": "Point", "coordinates": [ 110.64, 24.63 ] } },
{ "type": "Feature", "properties": { "location_id": 37394.0, "place_type": "District 區", "place_name": "陝州", "country": "China", "province": "Henan" }, "geometry": { "type": "Point", "coordinates": [ 111.11, 34.72 ] } },
{ "type": "Feature", "properties": { "location_id": 37394.0, "place_type": "District 區", "place_name": "陝州", "country": "China", "province": "Henan" }, "geometry": { "type": "Point", "coordinates": [ 111.11, 34.72 ] } },
{ "type": "Feature", "properties": { "location_id": 37501.0, "place_type": "City 市", "place_name": "新泰", "country": "China", "province": "Shandong" }, "geometry": { "type": "Point", "coordinates": [ 117.77, 35.9 ] } },
{ "type": "Feature", "properties": { "location_id": 37501.0, "place_type": "City 市", "place_name": "新泰", "country": "China", "province": "Shandong" }, "geometry": { "type": "Point", "coordinates": [ 117.77, 35.9 ] } },
{ "type": "Feature", "properties": { "location_id": 37566.0, "place_type": "City 市", "place_name": "邢台", "country": "China", "province": "Hebei" }, "geometry": { "type": "Point", "coordinates": [ 114.49, 37.06 ] } },
{ "type": "Feature", "properties": { "location_id": 37566.0, "place_type": "City 市", "place_name": "邢台", "country": "China", "province": "Hebei" }, "geometry": { "type": "Point", "coordinates": [ 114.49, 37.06 ] } },
{ "type": "Feature", "properties": { "location_id": 37572.0, "place_type": "Town 鎮", "place_name": "Changxindian 長辛店", "country": "China", "province": "Hebei" }, "geometry": { "type": "Point", "coordinates": [ 116.21, 39.84 ] } },
{ "type": "Feature", "properties": { "location_id": 37572.0, "place_type": "Town 鎮", "place_name": "Changxindian 長辛店", "country": "China", "province": "Hebei" }, "geometry": { "type": "Point", "coordinates": [ 116.21, 39.84 ] } },
{ "type": "Feature", "properties": { "location_id": 37581.0, "place_type": "City 市", "place_name": "四平", "country": "China", "province": "Liaoning" }, "geometry": { "type": "Point", "coordinates": [ 124.35, 43.17 ] } },
{ "type": "Feature", "properties": { "location_id": 37581.0, "place_type": "City 市", "place_name": "四平", "country": "China", "province": "Liaoning" }, "geometry": { "type": "Point", "coordinates": [ 124.35, 43.17 ] } },
{ "type": "Feature", "properties": { "location_id": 37586.0, "place_type": "County 縣", "place_name": "Taibei/Dafeng 江蘇臺北", "country": "China", "province": "Jiangsu" }, "geometry": { "type": "Point", "coordinates": [ 120.46, 33.2 ] } },
{ "type": "Feature", "properties": { "location_id": 37586.0, "place_type": "County 縣", "place_name": "Taibei/Dafeng 江蘇臺北", "country": "China", "province": "Jiangsu" }, "geometry": { "type": "Point", "coordinates": [ 120.46, 33.2 ] } },
{ "type": "Feature", "properties": { "location_id": 37605.0, "place_type": "City 市", "place_name": "通遼", "country": "China", "province": "Liaoning" }, "geometry": { "type": "Point", "coordinates": [ 122.08, 43.64 ] } },
{ "type": "Feature", "properties": { "location_id": 37605.0, "place_type": "City 市", "place_name": "通遼", "country": "China", "province": "Liaoning" }, "geometry": { "type": "Point", "coordinates": [ 122.08, 43.64 ] } },
{ "type": "Feature", "properties": { "location_id": 37643.0, "place_type": "County 縣", "place_name": "Xindu 新都", "country": "China", "province": "Sichuan" }, "geometry": { "type": "Point", "coordinates": [ 104.16, 30.82 ] } },
{ "type": "Feature", "properties": { "location_id": 37643.0, "place_type": "County 縣", "place_name": "Xindu 新都", "country": "China", "province": "Sichuan" }, "geometry": { "type": "Point", "coordinates": [ 104.16, 30.82 ] } },
{ "type": "Feature", "properties": { "location_id": 37790.0, "place_type": "County 縣", "place_name": "五河", "country": "China", "province": "Anhui" }, "geometry": { "type": "Point", "coordinates": [ 117.88, 33.13 ] } },
{ "type": "Feature", "properties": { "location_id": 37790.0, "place_type": "County 縣", "place_name": "五河", "country": "China", "province": "Anhui" }, "geometry": { "type": "Point", "coordinates": [ 117.88, 33.13 ] } },
{ "type": "Feature", "properties": { "location_id": 37869.0, "place_type": "City 市", "place_name": "廣德", "country": "China", "province": "Anhui" }, "geometry": { "type": "Point", "coordinates": [ 119.42, 30.88 ] } },
{ "type": "Feature", "properties": { "location_id": 37869.0, "place_type": "City 市", "place_name": "廣德", "country": "China", "province": "Anhui" }, "geometry": { "type": "Point", "coordinates": [ 119.42, 30.88 ] } },
{ "type": "Feature", "properties": { "location_id": 37921.0, "place_type": "County 縣", "place_name": "平南", "country": "China", "province": "Guangxi" }, "geometry": { "type": "Point", "coordinates": [ 110.37, 23.52 ] } },
{ "type": "Feature", "properties": { "location_id": 37921.0, "place_type": "County 縣", "place_name": "平南", "country": "China", "province": "Guangxi" }, "geometry": { "type": "Point", "coordinates": [ 110.37, 23.52 ] } },
{ "type": "Feature", "properties": { "location_id": 37930.0, "place_type": "County 縣", "place_name": "郯城", "country": "China", "province": "Shandong" }, "geometry": { "type": "Point", "coordinates": [ 118.37, 34.62 ] } },
{ "type": "Feature", "properties": { "location_id": 37930.0, "place_type": "County 縣", "place_name": "郯城", "country": "China", "province": "Shandong" }, "geometry": { "type": "Point", "coordinates": [ 118.37, 34.62 ] } },
{ "type": "Feature", "properties": { "location_id": 37950.0, "place_type": "Town 鎮", "place_name": "德平", "country": "China", "province": "Shandong" }, "geometry": { "type": "Point", "coordinates": [ 116.96, 37.47 ] } },
{ "type": "Feature", "properties": { "location_id": 37950.0, "place_type": "Town 鎮", "place_name": "德平", "country": "China", "province": "Shandong" }, "geometry": { "type": "Point", "coordinates": [ 116.96, 37.47 ] } },
{ "type": "Feature", "properties": { "location_id": 38037.0, "place_type": "City 市", "place_name": "Weinan 渭南", "country": "China", "province": "Shaanxi" }, "geometry": { "type": "Point", "coordinates": [ 109.5, 34.5 ] } },
{ "type": "Feature", "properties": { "location_id": 38037.0, "place_type": "City 市", "place_name": "Weinan 渭南", "country": "China", "province": "Shaanxi" }, "geometry": { "type": "Point", "coordinates": [ 109.5, 34.5 ] } },
{ "type": "Feature", "properties": { "location_id": 38055.0, "place_type": "County 縣", "place_name": "Tailai 泰來", "country": "China", "province": "Liaoning" }, "geometry": { "type": "Point", "coordinates": [ 123.41, 46.39 ] } },
{ "type": "Feature", "properties": { "location_id": 38055.0, "place_type": "County 縣", "place_name": "Tailai 泰來", "country": "China", "province": "Liaoning" }, "geometry": { "type": "Point", "coordinates": [ 123.41, 46.39 ] } },
{ "type": "Feature", "properties": { "location_id": 38599.0, "place_type": "County 縣", "place_name": "興安", "country": "China", "province": "Guangxi" }, "geometry": { "type": "Point", "coordinates": [ 110.67, 25.61 ] } },
{ "type": "Feature", "properties": { "location_id": 38599.0, "place_type": "County 縣", "place_name": "興安", "country": "China", "province": "Guangxi" }, "geometry": { "type": "Point", "coordinates": [ 110.67, 25.61 ] } },
{ "type": "Feature", "properties": { "location_id": 38663.0, "place_type": "County 縣", "place_name": "Hejiang 合江", "country": "China", "province": "Sichuan" }, "geometry": { "type": "Point", "coordinates": [ 105.83, 28.81 ] } },
{ "type": "Feature", "properties": { "location_id": 38663.0, "place_type": "County 縣", "place_name": "Hejiang 合江", "country": "China", "province": "Sichuan" }, "geometry": { "type": "Point", "coordinates": [ 105.83, 28.81 ] } },
{ "type": "Feature", "properties": { "location_id": 38727.0, "place_type": "Prefecture 府", "place_name": "Hokkaido 北海道", "country": "Japan", "province": "abroad" }, "geometry": { "type": "Point", "coordinates": [ 141.35, 43.06 ] } },
{ "type": "Feature", "properties": { "location_id": 38754.0, "place_type": "County 縣", "place_name": "崇慶", "country": "China", "province": "Sichuan" }, "geometry": { "type": "Point", "coordinates": [ 103.68, 30.63 ] } },
{ "type": "Feature", "properties": { "location_id": 38754.0, "place_type": "County 縣", "place_name": "崇慶", "country": "China", "province": "Sichuan" }, "geometry": { "type": "Point", "coordinates": [ 103.68, 30.63 ] } },
{ "type": "Feature", "properties": { "location_id": 38777.0, "place_type": "County 縣", "place_name": "陽桂", "country": "China", "province": "Hunan" }, "geometry": { "type": "Point", "coordinates": [ 112.73, 25.75 ] } },
{ "type": "Feature", "properties": { "location_id": 38777.0, "place_type": "County 縣", "place_name": "陽桂", "country": "China", "province": "Hunan" }, "geometry": { "type": "Point", "coordinates": [ 112.73, 25.75 ] } },
{ "type": "Feature", "properties": { "location_id": 38793.0, "place_type": "City 市", "place_name": "威海衞", "country": "China", "province": "Shandong" }, "geometry": { "type": "Point", "coordinates": [ 122.12, 37.52 ] } },
{ "type": "Feature", "properties": { "location_id": 38793.0, "place_type": "City 市", "place_name": "威海衞", "country": "China", "province": "Shandong" }, "geometry": { "type": "Point", "coordinates": [ 122.12, 37.52 ] } },
{ "type": "Feature", "properties": { "location_id": 38834.0, "place_type": "County 縣", "place_name": "堯山", "country": "China", "province": "Hebei" }, "geometry": { "type": "Point", "coordinates": [ 114.69, 37.37 ] } },
{ "type": "Feature", "properties": { "location_id": 38834.0, "place_type": "County 縣", "place_name": "堯山", "country": "China", "province": "Hebei" }, "geometry": { "type": "Point", "coordinates": [ 114.69, 37.37 ] } },
{ "type": "Feature", "properties": { "location_id": 39024.0, "place_type": "County 縣", "place_name": "綏德", "country": "China", "province": "Shaanxi" }, "geometry": { "type": "Point", "coordinates": [ 110.27, 37.5 ] } },
{ "type": "Feature", "properties": { "location_id": 39024.0, "place_type": "County 縣", "place_name": "綏德", "country": "China", "province": "Shaanxi" }, "geometry": { "type": "Point", "coordinates": [ 110.27, 37.5 ] } },
{ "type": "Feature", "properties": { "location_id": 39038.0, "place_type": "County 縣", "place_name": "良鄉", "country": "China", "province": "Hebei" }, "geometry": { "type": "Point", "coordinates": [ 116.14, 39.75 ] } },
{ "type": "Feature", "properties": { "location_id": 39038.0, "place_type": "County 縣", "place_name": "良鄉", "country": "China", "province": "Hebei" }, "geometry": { "type": "Point", "coordinates": [ 116.14, 39.75 ] } },
{ "type": "Feature", "properties": { "location_id": 39095.0, "place_type": "County 縣", "place_name": "蘭西", "country": "China", "province": "Heilongjiang" }, "geometry": { "type": "Point", "coordinates": [ 126.28, 46.25 ] } },
{ "type": "Feature", "properties": { "location_id": 39095.0, "place_type": "County 縣", "place_name": "蘭西", "country": "China", "province": "Heilongjiang" }, "geometry": { "type": "Point", "coordinates": [ 126.28, 46.25 ] } },
{ "type": "Feature", "properties": { "location_id": 39141.0, "place_type": "District 區", "place_name": "黃坡", "country": "China", "province": "Hubei" }, "geometry": { "type": "Point", "coordinates": [ 114.37, 30.88 ] } },
{ "type": "Feature", "properties": { "location_id": 39141.0, "place_type": "District 區", "place_name": "黃坡", "country": "China", "province": "Hubei" }, "geometry": { "type": "Point", "coordinates": [ 114.37, 30.88 ] } },
{ "type": "Feature", "properties": { "location_id": 39148.0, "place_type": "County 縣", "place_name": "肅縣", "country": "China", "province": "Jiangsu" }, "geometry": { "type": "Point", "coordinates": [ 119.77, 33.14 ] } },
{ "type": "Feature", "properties": { "location_id": 39148.0, "place_type": "County 縣", "place_name": "肅縣", "country": "China", "province": "Jiangsu" }, "geometry": { "type": "Point", "coordinates": [ 119.77, 33.14 ] } },
{ "type": "Feature", "properties": { "location_id": 39185.0, "place_type": "City 市", "place_name": "Xinyi 信宜", "country": "China", "province": "Guangxi" }, "geometry": { "type": "Point", "coordinates": [ 110.95, 22.35 ] } },
{ "type": "Feature", "properties": { "location_id": 39185.0, "place_type": "City 市", "place_name": "Xinyi 信宜", "country": "China", "province": "Guangxi" }, "geometry": { "type": "Point", "coordinates": [ 110.95, 22.35 ] } },
{ "type": "Feature", "properties": { "location_id": 39210.0, "place_type": "City 市", "place_name": "Yangchun 陽春", "country": "China", "province": "Guangdong" }, "geometry": { "type": "Point", "coordinates": [ 111.79, 22.17 ] } },
{ "type": "Feature", "properties": { "location_id": 39210.0, "place_type": "City 市", "place_name": "Yangchun 陽春", "country": "China", "province": "Guangdong" }, "geometry": { "type": "Point", "coordinates": [ 111.79, 22.17 ] } },
{ "type": "Feature", "properties": { "location_id": 39220.0, "place_type": "County 縣", "place_name": "Youyang 酉陽", "country": "China", "province": "Sichuan" }, "geometry": { "type": "Point", "coordinates": [ 108.77, 28.84 ] } },
{ "type": "Feature", "properties": { "location_id": 39220.0, "place_type": "County 縣", "place_name": "Youyang 酉陽", "country": "China", "province": "Sichuan" }, "geometry": { "type": "Point", "coordinates": [ 108.77, 28.84 ] } },
{ "type": "Feature", "properties": { "location_id": 39281.0, "place_type": "City 市", "place_name": "Bethlehem", "country": "USA", "province": "abroad" }, "geometry": { "type": "Point", "coordinates": [ -75.37, 40.62 ] } },
{ "type": "Feature", "properties": { "location_id": 39319.0, "place_type": "City 市", "place_name": "天台", "country": "China", "province": "Zhejiang" }, "geometry": { "type": "Point", "coordinates": [ 121.01, 29.14 ] } },
{ "type": "Feature", "properties": { "location_id": 39319.0, "place_type": "City 市", "place_name": "天台", "country": "China", "province": "Zhejiang" }, "geometry": { "type": "Point", "coordinates": [ 121.01, 29.14 ] } },
{ "type": "Feature", "properties": { "location_id": 39334.0, "place_type": "Town 鎮", "place_name": "安肅", "country": "China", "province": "Hebei" }, "geometry": { "type": "Point", "coordinates": [ 115.64, 39.02 ] } },
{ "type": "Feature", "properties": { "location_id": 39334.0, "place_type": "Town 鎮", "place_name": "安肅", "country": "China", "province": "Hebei" }, "geometry": { "type": "Point", "coordinates": [ 115.64, 39.02 ] } },
{ "type": "Feature", "properties": { "location_id": 39362.0, "place_type": "Region 區域", "place_name": "昆华", "country": "China", "province": "Xinjiang" }, "geometry": { "type": "Point", "coordinates": [ 83.99, 36.01 ] } },
{ "type": "Feature", "properties": { "location_id": 39362.0, "place_type": "Region 區域", "place_name": "昆华", "country": "China", "province": "Xinjiang" }, "geometry": { "type": "Point", "coordinates": [ 83.99, 36.01 ] } },
{ "type": "Feature", "properties": { "location_id": 39439.0, "place_type": "County 縣", "place_name": "耀縣", "country": "China", "province": "Shaanxi" }, "geometry": { "type": "Point", "coordinates": [ 108.98, 34.91 ] } },
{ "type": "Feature", "properties": { "location_id": 39439.0, "place_type": "County 縣", "place_name": "耀縣", "country": "China", "province": "Shaanxi" }, "geometry": { "type": "Point", "coordinates": [ 108.98, 34.91 ] } },
{ "type": "Feature", "properties": { "location_id": 39462.0, "place_type": "County 縣", "place_name": "江清", "country": "China", "province": "Sichuan" }, "geometry": { "type": "Point", "coordinates": [ 105.05, 31.91 ] } },
{ "type": "Feature", "properties": { "location_id": 39462.0, "place_type": "County 縣", "place_name": "江清", "country": "China", "province": "Sichuan" }, "geometry": { "type": "Point", "coordinates": [ 105.05, 31.91 ] } },
{ "type": "Feature", "properties": { "location_id": 39517.0, "place_type": "County 縣", "place_name": "羅平", "country": "China", "province": "Yunnan" }, "geometry": { "type": "Point", "coordinates": [ 104.31, 24.89 ] } },
{ "type": "Feature", "properties": { "location_id": 39517.0, "place_type": "County 縣", "place_name": "羅平", "country": "China", "province": "Yunnan" }, "geometry": { "type": "Point", "coordinates": [ 104.31, 24.89 ] } },
{ "type": "Feature", "properties": { "location_id": 39556.0, "place_type": "City 市", "place_name": "Munich", "country": "Germany", "province": "abroad" }, "geometry": { "type": "Point", "coordinates": [ 11.58, 48.13 ] } },
{ "type": "Feature", "properties": { "location_id": 39740.0, "place_type": "District 區", "place_name": "Ammendorf", "country": "Germany", "province": "abroad" }, "geometry": { "type": "Point", "coordinates": [ 11.98, 51.43 ] } },
{ "type": "Feature", "properties": { "location_id": 39743.0, "place_type": "Region 區域", "place_name": "Saxony-Anhalt", "country": "Germany", "province": "abroad" }, "geometry": { "type": "Point", "coordinates": [ 11.74, 51.95 ] } },
{ "type": "Feature", "properties": { "location_id": 39746.0, "place_type": "City 市", "place_name": "Wörgl", "country": "Austria", "province": "abroad" }, "geometry": { "type": "Point", "coordinates": [ 12.07, 47.49 ] } },
{ "type": "Feature", "properties": { "location_id": 39747.0, "place_type": "Region 區域", "place_name": "Tyrol", "country": "Austria", "province": "abroad" }, "geometry": { "type": "Point", "coordinates": [ 11.62, 47.24 ] } },
{ "type": "Feature", "properties": { "location_id": 39802.0, "place_type": "City 市", "place_name": "Cean", "country": "France", "province": "abroad" }, "geometry": { "type": "Point", "coordinates": [ -0.37, 49.18 ] } },
{ "type": "Feature", "properties": { "location_id": 39804.0, "place_type": "Region 區域", "place_name": "Normandy", "country": "France", "province": "abroad" }, "geometry": { "type": "Point", "coordinates": [ 0.14, 48.87 ] } },
{ "type": "Feature", "properties": { "location_id": 39976.0, "place_type": "County 縣", "place_name": "Tongzheng 同正 (扶绥)", "country": "China", "province": "Guangxi" }, "geometry": { "type": "Point", "coordinates": [ 107.91, 22.64 ] } },
{ "type": "Feature", "properties": { "location_id": 39976.0, "place_type": "County 縣", "place_name": "Tongzheng 同正 (扶绥)", "country": "China", "province": "Guangxi" }, "geometry": { "type": "Point", "coordinates": [ 107.91, 22.64 ] } },
{ "type": "Feature", "properties": { "location_id": 39992.0, "place_type": "County 縣", "place_name": "Tongguan 潼關", "country": "China", "province": "Shaanxi" }, "geometry": { "type": "Point", "coordinates": [ 110.25, 34.54 ] } },
{ "type": "Feature", "properties": { "location_id": 39992.0, "place_type": "County 縣", "place_name": "Tongguan 潼關", "country": "China", "province": "Shaanxi" }, "geometry": { "type": "Point", "coordinates": [ 110.25, 34.54 ] } },
{ "type": "Feature", "properties": { "location_id": 40046.0, "place_type": "County 縣", "place_name": "Huangan 黄安", "country": "China", "province": "Hubei" }, "geometry": { "type": "Point", "coordinates": [ 114.63, 31.35 ] } },
{ "type": "Feature", "properties": { "location_id": 40046.0, "place_type": "County 縣", "place_name": "Huangan 黄安", "country": "China", "province": "Hubei" }, "geometry": { "type": "Point", "coordinates": [ 114.63, 31.35 ] } },
{ "type": "Feature", "properties": { "location_id": 40060.0, "place_type": "City 市", "place_name": "Freiberg", "country": "Germany", "province": "abroad" }, "geometry": { "type": "Point", "coordinates": [ 13.34, 50.91 ] } },
{ "type": "Feature", "properties": { "location_id": 40061.0, "place_type": "Region 區域", "place_name": "Saxony", "country": "Germany", "province": "abroad" }, "geometry": { "type": "Point", "coordinates": [ 13.23, 51.09 ] } },
{ "type": "Feature", "properties": { "location_id": 40126.0, "place_type": "District 區", "place_name": "Nan'an 南岸", "country": "China", "province": "Sichuan" }, "geometry": { "type": "Point", "coordinates": [ 106.64, 29.5 ] } },
{ "type": "Feature", "properties": { "location_id": 40126.0, "place_type": "District 區", "place_name": "Nan'an 南岸", "country": "China", "province": "Sichuan" }, "geometry": { "type": "Point", "coordinates": [ 106.64, 29.5 ] } },
{ "type": "Feature", "properties": { "location_id": 40141.0, "place_type": "County 縣", "place_name": "井研", "country": "China", "province": "Sichuan" }, "geometry": { "type": "Point", "coordinates": [ 104.08, 29.65 ] } },
{ "type": "Feature", "properties": { "location_id": 40141.0, "place_type": "County 縣", "place_name": "井研", "country": "China", "province": "Sichuan" }, "geometry": { "type": "Point", "coordinates": [ 104.08, 29.65 ] } },
{ "type": "Feature", "properties": { "location_id": 40152.0, "place_type": "District 區", "place_name": "清浦", "country": "China", "province": "Jiangsu" }, "geometry": { "type": "Point", "coordinates": [ 121.13, 31.14 ] } },
{ "type": "Feature", "properties": { "location_id": 40152.0, "place_type": "District 區", "place_name": "清浦", "country": "China", "province": "Jiangsu" }, "geometry": { "type": "Point", "coordinates": [ 121.13, 31.14 ] } },
{ "type": "Feature", "properties": { "location_id": 40157.0, "place_type": "City 市", "place_name": "Dallas", "country": "USA", "province": "abroad" }, "geometry": { "type": "Point", "coordinates": [ -96.81, 32.77 ] } },
{ "type": "Feature", "properties": { "location_id": 40214.0, "place_type": "City 市", "place_name": "Västerås", "country": "Sweden", "province": "abroad" }, "geometry": { "type": "Point", "coordinates": [ 16.55, 59.61 ] } },
{ "type": "Feature", "properties": { "location_id": 40215.0, "place_type": "Province 省", "place_name": null, "country": "Sweden", "province": "abroad" }, "geometry": { "type": "Point", "coordinates": [ 16.23, 59.66 ] } },
{ "type": "Feature", "properties": { "location_id": 40219.0, "place_type": "City 市", "place_name": "Stockholm", "country": "Sweden", "province": "abroad" }, "geometry": { "type": "Point", "coordinates": [ 18.08, 59.33 ] } },
{ "type": "Feature", "properties": { "location_id": 40221.0, "place_type": "Province 省", "place_name": null, "country": "Sweden", "province": "abroad" }, "geometry": { "type": "Point", "coordinates": [ 16.8, 59.03 ] } },
{ "type": "Feature", "properties": { "location_id": 40404.0, "place_type": "County 縣", "place_name": "懷遠", "country": "China", "province": "Anhui" }, "geometry": { "type": "Point", "coordinates": [ 117.2, 32.97 ] } },
{ "type": "Feature", "properties": { "location_id": 40404.0, "place_type": "County 縣", "place_name": "懷遠", "country": "China", "province": "Anhui" }, "geometry": { "type": "Point", "coordinates": [ 117.2, 32.97 ] } },
{ "type": "Feature", "properties": { "location_id": 40409.0, "place_type": "City 市", "place_name": "吳川", "country": "China", "province": "Guangdong" }, "geometry": { "type": "Point", "coordinates": [ 110.78, 21.44 ] } },
{ "type": "Feature", "properties": { "location_id": 40409.0, "place_type": "City 市", "place_name": "吳川", "country": "China", "province": "Guangdong" }, "geometry": { "type": "Point", "coordinates": [ 110.78, 21.44 ] } },
{ "type": "Feature", "properties": { "location_id": 40431.0, "place_type": "City 市", "place_name": "Mittweida", "country": "Germany", "province": "abroad" }, "geometry": { "type": "Point", "coordinates": [ 12.97, 50.99 ] } },
{ "type": "Feature", "properties": { "location_id": 40446.0, "place_type": "City 市", "place_name": "陽江", "country": "China", "province": "Guangdong" }, "geometry": { "type": "Point", "coordinates": [ 111.98, 21.86 ] } },
{ "type": "Feature", "properties": { "location_id": 40446.0, "place_type": "City 市", "place_name": "陽江", "country": "China", "province": "Guangdong" }, "geometry": { "type": "Point", "coordinates": [ 111.98, 21.86 ] } },
{ "type": "Feature", "properties": { "location_id": 40463.0, "place_type": "County 縣", "place_name": "玉環", "country": "China", "province": "Zhejiang" }, "geometry": { "type": "Point", "coordinates": [ 121.23, 28.14 ] } },
{ "type": "Feature", "properties": { "location_id": 40463.0, "place_type": "County 縣", "place_name": "玉環", "country": "China", "province": "Zhejiang" }, "geometry": { "type": "Point", "coordinates": [ 121.23, 28.14 ] } },
{ "type": "Feature", "properties": { "location_id": 40473.0, "place_type": "City 市", "place_name": "Woburn", "country": "USA", "province": "abroad" }, "geometry": { "type": "Point", "coordinates": [ -71.15, 42.48 ] } },
{ "type": "Feature", "properties": { "location_id": 40520.0, "place_type": "Prefecture 府", "place_name": "嘉應", "country": "China", "province": "Guangdong" }, "geometry": { "type": "Point", "coordinates": [ 116.13, 24.29 ] } },
{ "type": "Feature", "properties": { "location_id": 40520.0, "place_type": "Prefecture 府", "place_name": "嘉應", "country": "China", "province": "Guangdong" }, "geometry": { "type": "Point", "coordinates": [ 116.13, 24.29 ] } },
{ "type": "Feature", "properties": { "location_id": 40566.0, "place_type": "County 縣", "place_name": "東山", "country": "China", "province": "Fujian" }, "geometry": { "type": "Point", "coordinates": [ 117.43, 23.7 ] } },
{ "type": "Feature", "properties": { "location_id": 40566.0, "place_type": "County 縣", "place_name": "東山", "country": "China", "province": "Fujian" }, "geometry": { "type": "Point", "coordinates": [ 117.43, 23.7 ] } },
{ "type": "Feature", "properties": { "location_id": 40618.0, "place_type": "City 市", "place_name": "Pilsen", "country": "Czech Republic", "province": "abroad" }, "geometry": { "type": "Point", "coordinates": [ 13.37, 49.74 ] } },
{ "type": "Feature", "properties": { "location_id": 40694.0, "place_type": "County 縣", "place_name": "文昌", "country": "China", "province": "Guangdong" }, "geometry": { "type": "Point", "coordinates": [ 110.8, 19.55 ] } },
{ "type": "Feature", "properties": { "location_id": 40694.0, "place_type": "County 縣", "place_name": "文昌", "country": "China", "province": "Guangdong" }, "geometry": { "type": "Point", "coordinates": [ 110.8, 19.55 ] } },
{ "type": "Feature", "properties": { "location_id": 40759.0, "place_type": "City 市", "place_name": "憑祥", "country": "China", "province": "Guangxi" }, "geometry": { "type": "Point", "coordinates": [ 106.77, 22.1 ] } },
{ "type": "Feature", "properties": { "location_id": 40759.0, "place_type": "City 市", "place_name": "憑祥", "country": "China", "province": "Guangxi" }, "geometry": { "type": "Point", "coordinates": [ 106.77, 22.1 ] } },
{ "type": "Feature", "properties": { "location_id": 40845.0, "place_type": "County 縣", "place_name": "封丘", "country": "China", "province": "Henan" }, "geometry": { "type": "Point", "coordinates": [ 114.42, 35.04 ] } },
{ "type": "Feature", "properties": { "location_id": 40845.0, "place_type": "County 縣", "place_name": "封丘", "country": "China", "province": "Henan" }, "geometry": { "type": "Point", "coordinates": [ 114.42, 35.04 ] } },
{ "type": "Feature", "properties": { "location_id": 40967.0, "place_type": "District 區", "place_name": "榮昌", "country": "China", "province": "Sichuan" }, "geometry": { "type": "Point", "coordinates": [ 105.59, 29.41 ] } },
{ "type": "Feature", "properties": { "location_id": 40967.0, "place_type": "District 區", "place_name": "榮昌", "country": "China", "province": "Sichuan" }, "geometry": { "type": "Point", "coordinates": [ 105.59, 29.41 ] } },
{ "type": "Feature", "properties": { "location_id": 40999.0, "place_type": "County 縣", "place_name": "奉節", "country": "China", "province": "Sichuan" }, "geometry": { "type": "Point", "coordinates": [ 109.48, 31.01 ] } },
{ "type": "Feature", "properties": { "location_id": 40999.0, "place_type": "County 縣", "place_name": "奉節", "country": "China", "province": "Sichuan" }, "geometry": { "type": "Point", "coordinates": [ 109.48, 31.01 ] } },
{ "type": "Feature", "properties": { "location_id": 41146.0, "place_type": "City 市", "place_name": "Chuzhou 滁州", "country": "China", "province": "Anhui" }, "geometry": { "type": "Point", "coordinates": [ 118.33, 32.25 ] } },
{ "type": "Feature", "properties": { "location_id": 41146.0, "place_type": "City 市", "place_name": "Chuzhou 滁州", "country": "China", "province": "Anhui" }, "geometry": { "type": "Point", "coordinates": [ 118.33, 32.25 ] } },
{ "type": "Feature", "properties": { "location_id": 41193.0, "place_type": "District 區", "place_name": "Yanan 延安", "country": "China", "province": "Jilin" }, "geometry": { "type": "Point", "coordinates": [ 126.58, 43.87 ] } },
{ "type": "Feature", "properties": { "location_id": 41193.0, "place_type": "District 區", "place_name": "Yanan 延安", "country": "China", "province": "Jilin" }, "geometry": { "type": "Point", "coordinates": [ 126.58, 43.87 ] } },
{ "type": "Feature", "properties": { "location_id": 41207.0, "place_type": "County 縣", "place_name": "Songxian 嵩縣", "country": "China", "province": "Henan" }, "geometry": { "type": "Point", "coordinates": [ 112.08, 34.13 ] } },
{ "type": "Feature", "properties": { "location_id": 41207.0, "place_type": "County 縣", "place_name": "Songxian 嵩縣", "country": "China", "province": "Henan" }, "geometry": { "type": "Point", "coordinates": [ 112.08, 34.13 ] } },
{ "type": "Feature", "properties": { "location_id": 41292.0, "place_type": "County 縣", "place_name": "廣寧", "country": "China", "province": "Guangdong" }, "geometry": { "type": "Point", "coordinates": [ 112.44, 23.63 ] } },
{ "type": "Feature", "properties": { "location_id": 41292.0, "place_type": "County 縣", "place_name": "廣寧", "country": "China", "province": "Guangdong" }, "geometry": { "type": "Point", "coordinates": [ 112.44, 23.63 ] } },
{ "type": "Feature", "properties": { "location_id": 41303.0, "place_type": "City 市", "place_name": "Tulsa", "country": "USA", "province": "abroad" }, "geometry": { "type": "Point", "coordinates": [ -95.98, 36.15 ] } },
{ "type": "Feature", "properties": { "location_id": 41321.0, "place_type": "District 區", "place_name": "呈貢", "country": "China", "province": "Yunnan" }, "geometry": { "type": "Point", "coordinates": [ 102.82, 24.89 ] } },
{ "type": "Feature", "properties": { "location_id": 41321.0, "place_type": "District 區", "place_name": "呈貢", "country": "China", "province": "Yunnan" }, "geometry": { "type": "Point", "coordinates": [ 102.82, 24.89 ] } },
{ "type": "Feature", "properties": { "location_id": 41337.0, "place_type": "City 市", "place_name": "Marseille", "country": "France", "province": "abroad" }, "geometry": { "type": "Point", "coordinates": [ 5.38, 43.3 ] } },
{ "type": "Feature", "properties": { "location_id": 41428.0, "place_type": "County 縣", "place_name": "靈山", "country": "China", "province": "Guangdong" }, "geometry": { "type": "Point", "coordinates": [ 116.44, 23.33 ] } },
{ "type": "Feature", "properties": { "location_id": 41428.0, "place_type": "County 縣", "place_name": "靈山", "country": "China", "province": "Guangdong" }, "geometry": { "type": "Point", "coordinates": [ 116.44, 23.33 ] } },
{ "type": "Feature", "properties": { "location_id": 41431.0, "place_type": "County 縣", "place_name": "蘭坪", "country": "China", "province": "Yunnan" }, "geometry": { "type": "Point", "coordinates": [ 99.42, 26.46 ] } },
{ "type": "Feature", "properties": { "location_id": 41431.0, "place_type": "County 縣", "place_name": "蘭坪", "country": "China", "province": "Yunnan" }, "geometry": { "type": "Point", "coordinates": [ 99.42, 26.46 ] } },
{ "type": "Feature", "properties": { "location_id": 41451.0, "place_type": "City 市", "place_name": "Niagara", "country": "USA", "province": "abroad" }, "geometry": { "type": "Point", "coordinates": [ -79.04, 43.1 ] } },
{ "type": "Feature", "properties": { "location_id": 41562.0, "place_type": "County 縣", "place_name": "洱源", "country": "China", "province": "Yunnan" }, "geometry": { "type": "Point", "coordinates": [ 99.94, 26.13 ] } },
{ "type": "Feature", "properties": { "location_id": 41562.0, "place_type": "County 縣", "place_name": "洱源", "country": "China", "province": "Yunnan" }, "geometry": { "type": "Point", "coordinates": [ 99.94, 26.13 ] } },
{ "type": "Feature", "properties": { "location_id": 41566.0, "place_type": "City 市", "place_name": "Minneapolis", "country": "USA", "province": "abroad" }, "geometry": { "type": "Point", "coordinates": [ -93.26, 44.98 ] } },
{ "type": "Feature", "properties": { "location_id": 41590.0, "place_type": "Town 鎮", "place_name": "溪口", "country": "China", "province": "Zhejiang" }, "geometry": { "type": "Point", "coordinates": [ 121.28, 29.69 ] } },
{ "type": "Feature", "properties": { "location_id": 41590.0, "place_type": "Town 鎮", "place_name": "溪口", "country": "China", "province": "Zhejiang" }, "geometry": { "type": "Point", "coordinates": [ 121.28, 29.69 ] } },
{ "type": "Feature", "properties": { "location_id": 41614.0, "place_type": "District 區", "place_name": "潼南", "country": "China", "province": "Sichuan" }, "geometry": { "type": "Point", "coordinates": [ 105.84, 30.2 ] } },
{ "type": "Feature", "properties": { "location_id": 41614.0, "place_type": "District 區", "place_name": "潼南", "country": "China", "province": "Sichuan" }, "geometry": { "type": "Point", "coordinates": [ 105.84, 30.2 ] } },
{ "type": "Feature", "properties": { "location_id": 41653.0, "place_type": "County 縣", "place_name": "澠縣", "country": "China", "province": "Henan" }, "geometry": { "type": "Point", "coordinates": [ 111.76, 34.78 ] } },
{ "type": "Feature", "properties": { "location_id": 41653.0, "place_type": "County 縣", "place_name": "澠縣", "country": "China", "province": "Henan" }, "geometry": { "type": "Point", "coordinates": [ 111.76, 34.78 ] } },
{ "type": "Feature", "properties": { "location_id": 41687.0, "place_type": "County 縣", "place_name": "仁壽", "country": "China", "province": "Sichuan" }, "geometry": { "type": "Point", "coordinates": [ 104.13, 30.0 ] } },
{ "type": "Feature", "properties": { "location_id": 41687.0, "place_type": "County 縣", "place_name": "仁壽", "country": "China", "province": "Sichuan" }, "geometry": { "type": "Point", "coordinates": [ 104.13, 30.0 ] } },
{ "type": "Feature", "properties": { "location_id": 41690.0, "place_type": "County 縣", "place_name": "武康", "country": "China", "province": "Zhejiang" }, "geometry": { "type": "Point", "coordinates": [ 119.97, 30.53 ] } },
{ "type": "Feature", "properties": { "location_id": 41690.0, "place_type": "County 縣", "place_name": "武康", "country": "China", "province": "Zhejiang" }, "geometry": { "type": "Point", "coordinates": [ 119.97, 30.53 ] } },
{ "type": "Feature", "properties": { "location_id": 41928.0, "place_type": "City 市", "place_name": "Providence", "country": "USA", "province": "abroad" }, "geometry": { "type": "Point", "coordinates": [ -71.41, 41.82 ] } },
{ "type": "Feature", "properties": { "location_id": 42002.0, "place_type": "County 縣", "place_name": "邱縣", "country": "China", "province": "Hebei" }, "geometry": { "type": "Point", "coordinates": [ 115.19, 36.81 ] } },
{ "type": "Feature", "properties": { "location_id": 42002.0, "place_type": "County 縣", "place_name": "邱縣", "country": "China", "province": "Hebei" }, "geometry": { "type": "Point", "coordinates": [ 115.19, 36.81 ] } },
{ "type": "Feature", "properties": { "location_id": 42080.0, "place_type": "City 市", "place_name": "永安", "country": "China", "province": "Fujian" }, "geometry": { "type": "Point", "coordinates": [ 117.37, 25.94 ] } },
{ "type": "Feature", "properties": { "location_id": 42080.0, "place_type": "City 市", "place_name": "永安", "country": "China", "province": "Fujian" }, "geometry": { "type": "Point", "coordinates": [ 117.37, 25.94 ] } },
{ "type": "Feature", "properties": { "location_id": 42122.0, "place_type": "County 縣", "place_name": "蒙陰", "country": "China", "province": "Shandong" }, "geometry": { "type": "Point", "coordinates": [ 117.93, 35.72 ] } },
{ "type": "Feature", "properties": { "location_id": 42122.0, "place_type": "County 縣", "place_name": "蒙陰", "country": "China", "province": "Shandong" }, "geometry": { "type": "Point", "coordinates": [ 117.93, 35.72 ] } },
{ "type": "Feature", "properties": { "location_id": 42170.0, "place_type": "County 縣", "place_name": "泗縣", "country": "China", "province": "Anhui" }, "geometry": { "type": "Point", "coordinates": [ 117.92, 33.48 ] } },
{ "type": "Feature", "properties": { "location_id": 42170.0, "place_type": "County 縣", "place_name": "泗縣", "country": "China", "province": "Anhui" }, "geometry": { "type": "Point", "coordinates": [ 117.92, 33.48 ] } },
{ "type": "Feature", "properties": { "location_id": 42446.0, "place_type": "County 縣", "place_name": "安岳", "country": "China", "province": "Sichuan" }, "geometry": { "type": "Point", "coordinates": [ 105.32, 30.09 ] } },
{ "type": "Feature", "properties": { "location_id": 42446.0, "place_type": "County 縣", "place_name": "安岳", "country": "China", "province": "Sichuan" }, "geometry": { "type": "Point", "coordinates": [ 105.32, 30.09 ] } },
{ "type": "Feature", "properties": { "location_id": 42486.0, "place_type": "County 縣", "place_name": "達縣", "country": "China", "province": "Sichuan" }, "geometry": { "type": "Point", "coordinates": [ 107.51, 31.2 ] } },
{ "type": "Feature", "properties": { "location_id": 42486.0, "place_type": "County 縣", "place_name": "達縣", "country": "China", "province": "Sichuan" }, "geometry": { "type": "Point", "coordinates": [ 107.51, 31.2 ] } },
{ "type": "Feature", "properties": { "location_id": 42578.0, "place_type": "County 縣", "place_name": "Yongtai 永泰", "country": "China", "province": "Fujian" }, "geometry": { "type": "Point", "coordinates": [ 118.93, 25.87 ] } },
{ "type": "Feature", "properties": { "location_id": 42578.0, "place_type": "County 縣", "place_name": "Yongtai 永泰", "country": "China", "province": "Fujian" }, "geometry": { "type": "Point", "coordinates": [ 118.93, 25.87 ] } },
{ "type": "Feature", "properties": { "location_id": 42583.0, "place_type": "City 市", "place_name": "Chishui 赤水", "country": "China", "province": "Guizhou" }, "geometry": { "type": "Point", "coordinates": [ 105.7, 28.59 ] } },
{ "type": "Feature", "properties": { "location_id": 42583.0, "place_type": "City 市", "place_name": "Chishui 赤水", "country": "China", "province": "Guizhou" }, "geometry": { "type": "Point", "coordinates": [ 105.7, 28.59 ] } },
{ "type": "Feature", "properties": { "location_id": 43056.0, "place_type": "County 縣", "place_name": "永綏", "country": "China", "province": "Hunan" }, "geometry": { "type": "Point", "coordinates": [ 109.48, 28.57 ] } },
{ "type": "Feature", "properties": { "location_id": 43056.0, "place_type": "County 縣", "place_name": "永綏", "country": "China", "province": "Hunan" }, "geometry": { "type": "Point", "coordinates": [ 109.48, 28.57 ] } },
{ "type": "Feature", "properties": { "location_id": 43066.0, "place_type": "County 縣", "place_name": "英山", "country": "China", "province": "Hubei" }, "geometry": { "type": "Point", "coordinates": [ 115.69, 30.74 ] } },
{ "type": "Feature", "properties": { "location_id": 43066.0, "place_type": "County 縣", "place_name": "英山", "country": "China", "province": "Hubei" }, "geometry": { "type": "Point", "coordinates": [ 115.69, 30.74 ] } },
{ "type": "Feature", "properties": { "location_id": 43071.0, "place_type": "County 縣", "place_name": "保靖", "country": "China", "province": "Hunan" }, "geometry": { "type": "Point", "coordinates": [ 109.66, 28.71 ] } },
{ "type": "Feature", "properties": { "location_id": 43071.0, "place_type": "County 縣", "place_name": "保靖", "country": "China", "province": "Hunan" }, "geometry": { "type": "Point", "coordinates": [ 109.66, 28.71 ] } },
{ "type": "Feature", "properties": { "location_id": 43086.0, "place_type": "City 市", "place_name": "湖北荆門", "country": "China", "province": "Hubei" }, "geometry": { "type": "Point", "coordinates": [ 112.2, 31.03 ] } },
{ "type": "Feature", "properties": { "location_id": 43086.0, "place_type": "City 市", "place_name": "湖北荆門", "country": "China", "province": "Hubei" }, "geometry": { "type": "Point", "coordinates": [ 112.2, 31.03 ] } },
{ "type": "Feature", "properties": { "location_id": 43098.0, "place_type": "Prefecture 府", "place_name": "岳州", "country": "China", "province": "Hunan" }, "geometry": { "type": "Point", "coordinates": [ 113.13, 29.36 ] } },
{ "type": "Feature", "properties": { "location_id": 43098.0, "place_type": "Prefecture 府", "place_name": "岳州", "country": "China", "province": "Hunan" }, "geometry": { "type": "Point", "coordinates": [ 113.13, 29.36 ] } },
{ "type": "Feature", "properties": { "location_id": 43116.0, "place_type": "City 市", "place_name": "Prescot", "country": "England", "province": "abroad" }, "geometry": { "type": "Point", "coordinates": [ -2.8, 53.43 ] } },
{ "type": "Feature", "properties": { "location_id": 43143.0, "place_type": "District 區", "place_name": "Nankou 南口", "country": "China", "province": "Hebei" }, "geometry": { "type": "Point", "coordinates": [ 116.14, 40.25 ] } },
{ "type": "Feature", "properties": { "location_id": 43143.0, "place_type": "District 區", "place_name": "Nankou 南口", "country": "China", "province": "Hebei" }, "geometry": { "type": "Point", "coordinates": [ 116.14, 40.25 ] } },
{ "type": "Feature", "properties": { "location_id": 43253.0, "place_type": "County 縣", "place_name": "Luotian 羅田", "country": "China", "province": "Hubei" }, "geometry": { "type": "Point", "coordinates": [ 115.4, 30.8 ] } },
{ "type": "Feature", "properties": { "location_id": 43253.0, "place_type": "County 縣", "place_name": "Luotian 羅田", "country": "China", "province": "Hubei" }, "geometry": { "type": "Point", "coordinates": [ 115.4, 30.8 ] } },
{ "type": "Feature", "properties": { "location_id": 43258.0, "place_type": "City 市", "place_name": "Middletown", "country": "USA", "province": "abroad" }, "geometry": { "type": "Point", "coordinates": [ -84.4, 39.51 ] } },
{ "type": "Feature", "properties": { "location_id": 43260.0, "place_type": "County 縣", "place_name": "米脂", "country": "China", "province": "Shaanxi" }, "geometry": { "type": "Point", "coordinates": [ 110.18, 37.76 ] } },
{ "type": "Feature", "properties": { "location_id": 43260.0, "place_type": "County 縣", "place_name": "米脂", "country": "China", "province": "Shaanxi" }, "geometry": { "type": "Point", "coordinates": [ 110.18, 37.76 ] } },
{ "type": "Feature", "properties": { "location_id": 43262.0, "place_type": "City 市", "place_name": "Wuchuan 婺川", "country": "China", "province": "Guizhou" }, "geometry": { "type": "Point", "coordinates": [ 107.9, 28.57 ] } },
{ "type": "Feature", "properties": { "location_id": 43262.0, "place_type": "City 市", "place_name": "Wuchuan 婺川", "country": "China", "province": "Guizhou" }, "geometry": { "type": "Point", "coordinates": [ 107.9, 28.57 ] } },
{ "type": "Feature", "properties": { "location_id": 43371.0, "place_type": "County 縣", "place_name": "郎溪", "country": "China", "province": "Anhui" }, "geometry": { "type": "Point", "coordinates": [ 119.18, 31.13 ] } },
{ "type": "Feature", "properties": { "location_id": 43371.0, "place_type": "County 縣", "place_name": "郎溪", "country": "China", "province": "Anhui" }, "geometry": { "type": "Point", "coordinates": [ 119.18, 31.13 ] } },
{ "type": "Feature", "properties": { "location_id": 43420.0, "place_type": "Prefecture 府", "place_name": "Osaka Prefecture", "country": "Japan", "province": "abroad" }, "geometry": { "type": "Point", "coordinates": [ 135.55, 34.63 ] } },
{ "type": "Feature", "properties": { "location_id": 43421.0, "place_type": "Prefecture 府", "place_name": "Tochigi Prefecture", "country": "Japan", "province": "abroad" }, "geometry": { "type": "Point", "coordinates": [ 139.81, 36.68 ] } },
{ "type": "Feature", "properties": { "location_id": 43475.0, "place_type": "City 市", "place_name": "荔浦", "country": "China", "province": "Guangxi" }, "geometry": { "type": "Point", "coordinates": [ 110.41, 24.49 ] } },
{ "type": "Feature", "properties": { "location_id": 43475.0, "place_type": "City 市", "place_name": "荔浦", "country": "China", "province": "Guangxi" }, "geometry": { "type": "Point", "coordinates": [ 110.41, 24.49 ] } },
{ "type": "Feature", "properties": { "location_id": 43580.0, "place_type": "Area 地方", "place_name": "Jimingshan 鸡鸣山", "country": "China", "province": "Chahaer" }, "geometry": { "type": "Point", "coordinates": [ 115.3, 40.47 ] } },
{ "type": "Feature", "properties": { "location_id": 43580.0, "place_type": "Area 地方", "place_name": "Jimingshan 鸡鸣山", "country": "China", "province": "Chahaer" }, "geometry": { "type": "Point", "coordinates": [ 115.3, 40.47 ] } },
{ "type": "Feature", "properties": { "location_id": 43627.0, "place_type": "County 縣", "place_name": "浮梁", "country": "China", "province": "Jiangxi" }, "geometry": { "type": "Point", "coordinates": [ 117.22, 29.35 ] } },
{ "type": "Feature", "properties": { "location_id": 43627.0, "place_type": "County 縣", "place_name": "浮梁", "country": "China", "province": "Jiangxi" }, "geometry": { "type": "Point", "coordinates": [ 117.22, 29.35 ] } },
{ "type": "Feature", "properties": { "location_id": 43707.0, "place_type": "County 縣", "place_name": "防城", "country": "China", "province": "Guangxi" }, "geometry": { "type": "Point", "coordinates": [ 108.35, 21.78 ] } },
{ "type": "Feature", "properties": { "location_id": 43707.0, "place_type": "County 縣", "place_name": "防城", "country": "China", "province": "Guangxi" }, "geometry": { "type": "Point", "coordinates": [ 108.35, 21.78 ] } },
{ "type": "Feature", "properties": { "location_id": 44253.0, "place_type": "City 市", "place_name": "Ashington", "country": "England", "province": "abroad" }, "geometry": { "type": "Point", "coordinates": [ -1.57, 55.18 ] } },
{ "type": "Feature", "properties": { "location_id": 44472.0, "place_type": "District 區", "place_name": "棲霞", "country": "China", "province": "Jiangsu" }, "geometry": { "type": "Point", "coordinates": [ 118.95, 32.14 ] } },
{ "type": "Feature", "properties": { "location_id": 44472.0, "place_type": "District 區", "place_name": "棲霞", "country": "China", "province": "Jiangsu" }, "geometry": { "type": "Point", "coordinates": [ 118.95, 32.14 ] } },
{ "type": "Feature", "properties": { "location_id": 44528.0, "place_type": "County 縣", "place_name": "Xiangyun 祥雲", "country": "China", "province": "Yunnan" }, "geometry": { "type": "Point", "coordinates": [ 100.55, 25.48 ] } },
{ "type": "Feature", "properties": { "location_id": 44528.0, "place_type": "County 縣", "place_name": "Xiangyun 祥雲", "country": "China", "province": "Yunnan" }, "geometry": { "type": "Point", "coordinates": [ 100.55, 25.48 ] } },
{ "type": "Feature", "properties": { "location_id": 44671.0, "place_type": "Village 村", "place_name": "平卿", "country": "China", "province": "Hebei" }, "geometry": { "type": "Point", "coordinates": [ 114.92, 39.06 ] } },
{ "type": "Feature", "properties": { "location_id": 44671.0, "place_type": "Village 村", "place_name": "平卿", "country": "China", "province": "Hebei" }, "geometry": { "type": "Point", "coordinates": [ 114.92, 39.06 ] } },
{ "type": "Feature", "properties": { "location_id": 44680.0, "place_type": "County 縣", "place_name": "貴定", "country": "China", "province": "Guizhou" }, "geometry": { "type": "Point", "coordinates": [ 107.23, 26.58 ] } },
{ "type": "Feature", "properties": { "location_id": 44680.0, "place_type": "County 縣", "place_name": "貴定", "country": "China", "province": "Guizhou" }, "geometry": { "type": "Point", "coordinates": [ 107.23, 26.58 ] } },
{ "type": "Feature", "properties": { "location_id": 44707.0, "place_type": "County 縣", "place_name": "榆中", "country": "China", "province": "Gansu" }, "geometry": { "type": "Point", "coordinates": [ 104.11, 35.85 ] } },
{ "type": "Feature", "properties": { "location_id": 44707.0, "place_type": "County 縣", "place_name": "榆中", "country": "China", "province": "Gansu" }, "geometry": { "type": "Point", "coordinates": [ 104.11, 35.85 ] } },
{ "type": "Feature", "properties": { "location_id": 44710.0, "place_type": "Town 鎮", "place_name": "松浦", "country": "China", "province": "Jilin" }, "geometry": { "type": "Point", "coordinates": [ 126.64, 45.83 ] } },
{ "type": "Feature", "properties": { "location_id": 44710.0, "place_type": "Town 鎮", "place_name": "松浦", "country": "China", "province": "Jilin" }, "geometry": { "type": "Point", "coordinates": [ 126.64, 45.83 ] } },
{ "type": "Feature", "properties": { "location_id": 44777.0, "place_type": "City 市", "place_name": "Wooster", "country": "USA", "province": "abroad" }, "geometry": { "type": "Point", "coordinates": [ -81.94, 40.81 ] } },
{ "type": "Feature", "properties": { "location_id": 44782.0, "place_type": "City 市", "place_name": "Akron", "country": "USA", "province": "abroad" }, "geometry": { "type": "Point", "coordinates": [ -81.52, 41.08 ] } },
{ "type": "Feature", "properties": { "location_id": 44812.0, "place_type": "County 縣", "place_name": "府谷", "country": "China", "province": "Shaanxi" }, "geometry": { "type": "Point", "coordinates": [ 111.06, 39.02 ] } },
{ "type": "Feature", "properties": { "location_id": 44812.0, "place_type": "County 縣", "place_name": "府谷", "country": "China", "province": "Shaanxi" }, "geometry": { "type": "Point", "coordinates": [ 111.06, 39.02 ] } },
{ "type": "Feature", "properties": { "location_id": 44969.0, "place_type": "City 市", "place_name": "福鼎", "country": "China", "province": "Fujian" }, "geometry": { "type": "Point", "coordinates": [ 120.22, 27.32 ] } },
{ "type": "Feature", "properties": { "location_id": 44969.0, "place_type": "City 市", "place_name": "福鼎", "country": "China", "province": "Fujian" }, "geometry": { "type": "Point", "coordinates": [ 120.22, 27.32 ] } },
{ "type": "Feature", "properties": { "location_id": 45065.0, "place_type": "County 縣", "place_name": "石城", "country": "China", "province": "Jiangxi" }, "geometry": { "type": "Point", "coordinates": [ 116.34, 26.31 ] } },
{ "type": "Feature", "properties": { "location_id": 45065.0, "place_type": "County 縣", "place_name": "石城", "country": "China", "province": "Jiangxi" }, "geometry": { "type": "Point", "coordinates": [ 116.34, 26.31 ] } },
{ "type": "Feature", "properties": { "location_id": 45080.0, "place_type": "Town 鎮", "place_name": "牯嶺", "country": "China", "province": "Jiangxi" }, "geometry": { "type": "Point", "coordinates": [ 115.98, 29.57 ] } },
{ "type": "Feature", "properties": { "location_id": 45080.0, "place_type": "Town 鎮", "place_name": "牯嶺", "country": "China", "province": "Jiangxi" }, "geometry": { "type": "Point", "coordinates": [ 115.98, 29.57 ] } },
{ "type": "Feature", "properties": { "location_id": 45119.0, "place_type": "County 縣", "place_name": "Xiajin 夏津縣", "country": "China", "province": "Shandong" }, "geometry": { "type": "Point", "coordinates": [ 116.0, 36.95 ] } },
{ "type": "Feature", "properties": { "location_id": 45119.0, "place_type": "County 縣", "place_name": "Xiajin 夏津縣", "country": "China", "province": "Shandong" }, "geometry": { "type": "Point", "coordinates": [ 116.0, 36.95 ] } },
{ "type": "Feature", "properties": { "location_id": 45256.0, "place_type": "Town 鎮", "place_name": "新繁", "country": "China", "province": "Sichuan" }, "geometry": { "type": "Point", "coordinates": [ 104.01, 30.88 ] } },
{ "type": "Feature", "properties": { "location_id": 45256.0, "place_type": "Town 鎮", "place_name": "新繁", "country": "China", "province": "Sichuan" }, "geometry": { "type": "Point", "coordinates": [ 104.01, 30.88 ] } },
{ "type": "Feature", "properties": { "location_id": 45271.0, "place_type": "District 區", "place_name": "涵江", "country": "China", "province": "Fujian" }, "geometry": { "type": "Point", "coordinates": [ 119.12, 25.45 ] } },
{ "type": "Feature", "properties": { "location_id": 45271.0, "place_type": "District 區", "place_name": "涵江", "country": "China", "province": "Fujian" }, "geometry": { "type": "Point", "coordinates": [ 119.12, 25.45 ] } },
{ "type": "Feature", "properties": { "location_id": 45340.0, "place_type": "County 縣", "place_name": "大邑", "country": "China", "province": "Sichuan" }, "geometry": { "type": "Point", "coordinates": [ 103.51, 30.57 ] } },
{ "type": "Feature", "properties": { "location_id": 45340.0, "place_type": "County 縣", "place_name": "大邑", "country": "China", "province": "Sichuan" }, "geometry": { "type": "Point", "coordinates": [ 103.51, 30.57 ] } },
{ "type": "Feature", "properties": { "location_id": 45405.0, "place_type": "County 縣", "place_name": "襄定", "country": "China", "province": "Shanxi" }, "geometry": { "type": "Point", "coordinates": [ 112.96, 38.47 ] } },
{ "type": "Feature", "properties": { "location_id": 45405.0, "place_type": "County 縣", "place_name": "襄定", "country": "China", "province": "Shanxi" }, "geometry": { "type": "Point", "coordinates": [ 112.96, 38.47 ] } },
{ "type": "Feature", "properties": { "location_id": 45547.0, "place_type": "County 縣", "place_name": "黔陽", "country": "China", "province": "Hunan" }, "geometry": { "type": "Point", "coordinates": [ 109.85, 27.18 ] } },
{ "type": "Feature", "properties": { "location_id": 45547.0, "place_type": "County 縣", "place_name": "黔陽", "country": "China", "province": "Hunan" }, "geometry": { "type": "Point", "coordinates": [ 109.85, 27.18 ] } },
{ "type": "Feature", "properties": { "location_id": 45564.0, "place_type": "County 縣", "place_name": "泌陽", "country": "China", "province": "Henan" }, "geometry": { "type": "Point", "coordinates": [ 113.34, 32.71 ] } },
{ "type": "Feature", "properties": { "location_id": 45564.0, "place_type": "County 縣", "place_name": "泌陽", "country": "China", "province": "Henan" }, "geometry": { "type": "Point", "coordinates": [ 113.34, 32.71 ] } },
{ "type": "Feature", "properties": { "location_id": 45797.0, "place_type": "County 縣", "place_name": "Yangxin 陽信", "country": "China", "province": "Shandong" }, "geometry": { "type": "Point", "coordinates": [ 117.55, 37.57 ] } },
{ "type": "Feature", "properties": { "location_id": 45797.0, "place_type": "County 縣", "place_name": "Yangxin 陽信", "country": "China", "province": "Shandong" }, "geometry": { "type": "Point", "coordinates": [ 117.55, 37.57 ] } },
{ "type": "Feature", "properties": { "location_id": 45807.0, "place_type": "City 市", "place_name": "East Hartford", "country": "USA", "province": "abroad" }, "geometry": { "type": "Point", "coordinates": [ -72.61, 41.76 ] } },
{ "type": "Feature", "properties": { "location_id": 45820.0, "place_type": "City 市", "place_name": "Wellsville", "country": "USA", "province": "abroad" }, "geometry": { "type": "Point", "coordinates": [ -77.95, 42.12 ] } },
{ "type": "Feature", "properties": { "location_id": 45858.0, "place_type": "City 市", "place_name": "Albany", "country": "USA", "province": "abroad" }, "geometry": { "type": "Point", "coordinates": [ -73.75, 42.65 ] } },
{ "type": "Feature", "properties": { "location_id": 45872.0, "place_type": "County 縣", "place_name": "Zanhuang 贊皇", "country": "China", "province": "Shanxi" }, "geometry": { "type": "Point", "coordinates": [ 114.39, 37.66 ] } },
{ "type": "Feature", "properties": { "location_id": 45872.0, "place_type": "County 縣", "place_name": "Zanhuang 贊皇", "country": "China", "province": "Shanxi" }, "geometry": { "type": "Point", "coordinates": [ 114.39, 37.66 ] } },
{ "type": "Feature", "properties": { "location_id": 45923.0, "place_type": "City 市", "place_name": "Cholon", "country": "Vietnam", "province": "abroad" }, "geometry": { "type": "Point", "coordinates": [ 106.64, 10.81 ] } },
{ "type": "Feature", "properties": { "location_id": 46008.0, "place_type": "City 市", "place_name": "Clydebank", "country": "Scotland", "province": "abroad" }, "geometry": { "type": "Point", "coordinates": [ -4.4, 55.9 ] } },
{ "type": "Feature", "properties": { "location_id": 46019.0, "place_type": "County 縣", "place_name": "Yilan 依蘭", "country": "China", "province": "Jilin" }, "geometry": { "type": "Point", "coordinates": [ 129.49, 42.96 ] } },
{ "type": "Feature", "properties": { "location_id": 46019.0, "place_type": "County 縣", "place_name": "Yilan 依蘭", "country": "China", "province": "Jilin" }, "geometry": { "type": "Point", "coordinates": [ 129.49, 42.96 ] } },
{ "type": "Feature", "properties": { "location_id": 46067.0, "place_type": "City 市", "place_name": "Clermont-Ferrand", "country": "France", "province": "abroad" }, "geometry": { "type": "Point", "coordinates": [ 3.09, 45.78 ] } },
{ "type": "Feature", "properties": { "location_id": 46068.0, "place_type": "Region 區域", "place_name": "Auvergne-Rhône-Alpes", "country": "France", "province": "abroad" }, "geometry": { "type": "Point", "coordinates": [ 4.44, 45.37 ] } },
{ "type": "Feature", "properties": { "location_id": 46129.0, "place_type": "County 縣", "place_name": "同安", "country": "China", "province": "Fujian" }, "geometry": { "type": "Point", "coordinates": [ 118.16, 24.72 ] } },
{ "type": "Feature", "properties": { "location_id": 46129.0, "place_type": "County 縣", "place_name": "同安", "country": "China", "province": "Fujian" }, "geometry": { "type": "Point", "coordinates": [ 118.16, 24.72 ] } },
{ "type": "Feature", "properties": { "location_id": 46185.0, "place_type": "County 縣", "place_name": "金門", "country": "China", "province": "Fujian" }, "geometry": { "type": "Point", "coordinates": [ 118.39, 24.45 ] } },
{ "type": "Feature", "properties": { "location_id": 46185.0, "place_type": "County 縣", "place_name": "金門", "country": "China", "province": "Fujian" }, "geometry": { "type": "Point", "coordinates": [ 118.39, 24.45 ] } },
{ "type": "Feature", "properties": { "location_id": 46185.0, "place_type": "County 縣", "place_name": "金門", "country": "China", "province": "Islands" }, "geometry": { "type": "Point", "coordinates": [ 118.39, 24.45 ] } },
{ "type": "Feature", "properties": { "location_id": 46210.0, "place_type": "City 市", "place_name": "Saint Paul", "country": "USA", "province": "abroad" }, "geometry": { "type": "Point", "coordinates": [ -93.09, 44.95 ] } },
{ "type": "Feature", "properties": { "location_id": 46256.0, "place_type": null, "place_name": null, "country": "China", "province": "Hubei" }, "geometry": { "type": "Point", "coordinates": [ 114.13, 31.56 ] } },
{ "type": "Feature", "properties": { "location_id": 46256.0, "place_type": null, "place_name": null, "country": "China", "province": "Hubei" }, "geometry": { "type": "Point", "coordinates": [ 114.13, 31.56 ] } },
{ "type": "Feature", "properties": { "location_id": 46383.0, "place_type": "City 市", "place_name": "Yawata 八幡", "country": "Japan", "province": "abroad" }, "geometry": { "type": "Point", "coordinates": [ 135.71, 34.88 ] } },
{ "type": "Feature", "properties": { "location_id": 46578.0, "place_type": "County 縣", "place_name": "長寧", "country": "China", "province": "Sichuan" }, "geometry": { "type": "Point", "coordinates": [ 104.92, 28.58 ] } },
{ "type": "Feature", "properties": { "location_id": 46578.0, "place_type": "County 縣", "place_name": "長寧", "country": "China", "province": "Sichuan" }, "geometry": { "type": "Point", "coordinates": [ 104.92, 28.58 ] } },
{ "type": "Feature", "properties": { "location_id": 46621.0, "place_type": "County 縣", "place_name": "遂平", "country": "China", "province": "Henan" }, "geometry": { "type": "Point", "coordinates": [ 114.01, 33.15 ] } },
{ "type": "Feature", "properties": { "location_id": 46621.0, "place_type": "County 縣", "place_name": "遂平", "country": "China", "province": "Henan" }, "geometry": { "type": "Point", "coordinates": [ 114.01, 33.15 ] } },
{ "type": "Feature", "properties": { "location_id": 46654.0, "place_type": "Prefecture 府", "place_name": "登州", "country": "China", "province": "abroad" }, "geometry": { "type": "Point", "coordinates": [ 120.8, 37.83 ] } },
{ "type": "Feature", "properties": { "location_id": 46710.0, "place_type": "County 縣", "place_name": "新田", "country": "China", "province": "Hunan" }, "geometry": { "type": "Point", "coordinates": [ 112.2, 25.91 ] } },
{ "type": "Feature", "properties": { "location_id": 46710.0, "place_type": "County 縣", "place_name": "新田", "country": "China", "province": "Hunan" }, "geometry": { "type": "Point", "coordinates": [ 112.2, 25.91 ] } },
{ "type": "Feature", "properties": { "location_id": 46719.0, "place_type": "County 縣", "place_name": "會同", "country": "China", "province": "Hunan" }, "geometry": { "type": "Point", "coordinates": [ 109.74, 26.88 ] } },
{ "type": "Feature", "properties": { "location_id": 46719.0, "place_type": "County 縣", "place_name": "會同", "country": "China", "province": "Hunan" }, "geometry": { "type": "Point", "coordinates": [ 109.74, 26.88 ] } },
{ "type": "Feature", "properties": { "location_id": 46802.0, "place_type": "County 縣", "place_name": "信豐", "country": "China", "province": "Jiangxi" }, "geometry": { "type": "Point", "coordinates": [ 114.92, 25.39 ] } },
{ "type": "Feature", "properties": { "location_id": 46802.0, "place_type": "County 縣", "place_name": "信豐", "country": "China", "province": "Jiangxi" }, "geometry": { "type": "Point", "coordinates": [ 114.92, 25.39 ] } },
{ "type": "Feature", "properties": { "location_id": 46887.0, "place_type": "City 市", "place_name": "寶雞", "country": "China", "province": "Shaanxi" }, "geometry": { "type": "Point", "coordinates": [ 107.24, 34.36 ] } },
{ "type": "Feature", "properties": { "location_id": 46887.0, "place_type": "City 市", "place_name": "寶雞", "country": "China", "province": "Shaanxi" }, "geometry": { "type": "Point", "coordinates": [ 107.24, 34.36 ] } },
{ "type": "Feature", "properties": { "location_id": 46916.0, "place_type": "Town 鎮", "place_name": "山彪", "country": "China", "province": "Guangxi" }, "geometry": { "type": "Point", "coordinates": [ 107.28, 23.25 ] } },
{ "type": "Feature", "properties": { "location_id": 46916.0, "place_type": "Town 鎮", "place_name": "山彪", "country": "China", "province": "Guangxi" }, "geometry": { "type": "Point", "coordinates": [ 107.28, 23.25 ] } },
{ "type": "Feature", "properties": { "location_id": 46931.0, "place_type": "Town 鎮", "place_name": "鳳儀", "country": "China", "province": "Yunnan" }, "geometry": { "type": "Point", "coordinates": [ 100.31, 25.58 ] } },
{ "type": "Feature", "properties": { "location_id": 46931.0, "place_type": "Town 鎮", "place_name": "鳳儀", "country": "China", "province": "Yunnan" }, "geometry": { "type": "Point", "coordinates": [ 100.31, 25.58 ] } },
{ "type": "Feature", "properties": { "location_id": 46936.0, "place_type": "County 縣", "place_name": "彌渡", "country": "China", "province": "Yunnan" }, "geometry": { "type": "Point", "coordinates": [ 100.49, 25.36 ] } },
{ "type": "Feature", "properties": { "location_id": 46936.0, "place_type": "County 縣", "place_name": "彌渡", "country": "China", "province": "Yunnan" }, "geometry": { "type": "Point", "coordinates": [ 100.49, 25.36 ] } },
{ "type": "Feature", "properties": { "location_id": 46942.0, "place_type": "County 縣", "place_name": "廣武", "country": "China", "province": "Henan" }, "geometry": { "type": "Point", "coordinates": [ 113.45, 34.89 ] } },
{ "type": "Feature", "properties": { "location_id": 46942.0, "place_type": "County 縣", "place_name": "廣武", "country": "China", "province": "Henan" }, "geometry": { "type": "Point", "coordinates": [ 113.45, 34.89 ] } },
{ "type": "Feature", "properties": { "location_id": 47065.0, "place_type": "County 縣", "place_name": "江油", "country": "China", "province": "Sichuan" }, "geometry": { "type": "Point", "coordinates": [ 104.74, 31.78 ] } },
{ "type": "Feature", "properties": { "location_id": 47065.0, "place_type": "County 縣", "place_name": "江油", "country": "China", "province": "Sichuan" }, "geometry": { "type": "Point", "coordinates": [ 104.74, 31.78 ] } },
{ "type": "Feature", "properties": { "location_id": 47202.0, "place_type": "City 市", "place_name": "Dujiangyan (Guan County)", "country": "China", "province": "Sichuan" }, "geometry": { "type": "Point", "coordinates": [ 103.65, 30.99 ] } },
{ "type": "Feature", "properties": { "location_id": 47202.0, "place_type": "City 市", "place_name": "Dujiangyan (Guan County)", "country": "China", "province": "Sichuan" }, "geometry": { "type": "Point", "coordinates": [ 103.65, 30.99 ] } },
{ "type": "Feature", "properties": { "location_id": 47205.0, "place_type": "County 縣", "place_name": "Jinxiang", "country": "China", "province": "Shandong" }, "geometry": { "type": "Point", "coordinates": [ 116.31, 35.07 ] } },
{ "type": "Feature", "properties": { "location_id": 47205.0, "place_type": "County 縣", "place_name": "Jinxiang", "country": "China", "province": "Shandong" }, "geometry": { "type": "Point", "coordinates": [ 116.31, 35.07 ] } },
{ "type": "Feature", "properties": { "location_id": 47304.0, "place_type": "County 縣", "place_name": "虞縣", "country": "China", "province": "Henan" }, "geometry": { "type": "Point", "coordinates": [ 115.85, 34.41 ] } },
{ "type": "Feature", "properties": { "location_id": 47304.0, "place_type": "County 縣", "place_name": "虞縣", "country": "China", "province": "Henan" }, "geometry": { "type": "Point", "coordinates": [ 115.85, 34.41 ] } },
{ "type": "Feature", "properties": { "location_id": 47417.0, "place_type": "County 縣", "place_name": "蒲台", "country": "China", "province": "Shandong" }, "geometry": { "type": "Point", "coordinates": [ 118.13, 37.16 ] } },
{ "type": "Feature", "properties": { "location_id": 47417.0, "place_type": "County 縣", "place_name": "蒲台", "country": "China", "province": "Shandong" }, "geometry": { "type": "Point", "coordinates": [ 118.13, 37.16 ] } },
{ "type": "Feature", "properties": { "location_id": 47449.0, "place_type": "County 縣", "place_name": "郫縣", "country": "China", "province": "Sichuan" }, "geometry": { "type": "Point", "coordinates": [ 103.88, 30.83 ] } },
{ "type": "Feature", "properties": { "location_id": 47449.0, "place_type": "County 縣", "place_name": "郫縣", "country": "China", "province": "Sichuan" }, "geometry": { "type": "Point", "coordinates": [ 103.88, 30.83 ] } },
{ "type": "Feature", "properties": { "location_id": 47475.0, "place_type": "County 縣", "place_name": "武平", "country": "China", "province": "Fujian" }, "geometry": { "type": "Point", "coordinates": [ 116.1, 25.1 ] } },
{ "type": "Feature", "properties": { "location_id": 47475.0, "place_type": "County 縣", "place_name": "武平", "country": "China", "province": "Fujian" }, "geometry": { "type": "Point", "coordinates": [ 116.1, 25.1 ] } },
{ "type": "Feature", "properties": { "location_id": 47534.0, "place_type": "County 縣", "place_name": "臨武", "country": "China", "province": "Hunan" }, "geometry": { "type": "Point", "coordinates": [ 112.56, 25.28 ] } },
{ "type": "Feature", "properties": { "location_id": 47534.0, "place_type": "County 縣", "place_name": "臨武", "country": "China", "province": "Hunan" }, "geometry": { "type": "Point", "coordinates": [ 112.56, 25.28 ] } },
{ "type": "Feature", "properties": { "location_id": 47637.0, "place_type": "County 縣", "place_name": "樂至", "country": "China", "province": "Sichuan" }, "geometry": { "type": "Point", "coordinates": [ 105.01, 30.29 ] } },
{ "type": "Feature", "properties": { "location_id": 47637.0, "place_type": "County 縣", "place_name": "樂至", "country": "China", "province": "Sichuan" }, "geometry": { "type": "Point", "coordinates": [ 105.01, 30.29 ] } },
{ "type": "Feature", "properties": { "location_id": 47640.0, "place_type": "County 縣", "place_name": "華洋", "country": "China", "province": "Sichuan" }, "geometry": { "type": "Point", "coordinates": [ 103.93, 30.57 ] } },
{ "type": "Feature", "properties": { "location_id": 47640.0, "place_type": "County 縣", "place_name": "華洋", "country": "China", "province": "Sichuan" }, "geometry": { "type": "Point", "coordinates": [ 103.93, 30.57 ] } },
{ "type": "Feature", "properties": { "location_id": 47711.0, "place_type": "City 市", "place_name": "Montreal", "country": "Canada", "province": "abroad" }, "geometry": { "type": "Point", "coordinates": [ -73.56, 45.5 ] } },
{ "type": "Feature", "properties": { "location_id": 47768.0, "place_type": "County 縣", "place_name": "甘谷", "country": "China", "province": "Gansu" }, "geometry": { "type": "Point", "coordinates": [ 105.34, 34.73 ] } },
{ "type": "Feature", "properties": { "location_id": 47768.0, "place_type": "County 縣", "place_name": "甘谷", "country": "China", "province": "Gansu" }, "geometry": { "type": "Point", "coordinates": [ 105.34, 34.73 ] } },
{ "type": "Feature", "properties": { "location_id": 47865.0, "place_type": "County 縣", "place_name": "Guidong 桂東", "country": "China", "province": "Hunan" }, "geometry": { "type": "Point", "coordinates": [ 113.94, 26.08 ] } },
{ "type": "Feature", "properties": { "location_id": 47865.0, "place_type": "County 縣", "place_name": "Guidong 桂東", "country": "China", "province": "Hunan" }, "geometry": { "type": "Point", "coordinates": [ 113.94, 26.08 ] } },
{ "type": "Feature", "properties": { "location_id": 48152.0, "place_type": "City 市", "place_name": "台南", "country": "China", "province": "Tainan" }, "geometry": { "type": "Point", "coordinates": [ 120.19, 22.99 ] } },
{ "type": "Feature", "properties": { "location_id": 48242.0, "place_type": "County 縣", "place_name": "肇州", "country": "China", "province": "Heilongjiang" }, "geometry": { "type": "Point", "coordinates": [ 125.27, 45.7 ] } },
{ "type": "Feature", "properties": { "location_id": 48242.0, "place_type": "County 縣", "place_name": "肇州", "country": "China", "province": "Heilongjiang" }, "geometry": { "type": "Point", "coordinates": [ 125.27, 45.7 ] } },
{ "type": "Feature", "properties": { "location_id": 48345.0, "place_type": "Area 地方", "place_name": "玲瓏山", "country": "China", "province": "Shandong" }, "geometry": { "type": "Point", "coordinates": [ 118.4, 36.6 ] } },
{ "type": "Feature", "properties": { "location_id": 48345.0, "place_type": "Area 地方", "place_name": "玲瓏山", "country": "China", "province": "Shandong" }, "geometry": { "type": "Point", "coordinates": [ 118.4, 36.6 ] } },
{ "type": "Feature", "properties": { "location_id": 48352.0, "place_type": "City 市", "place_name": "Rochdale", "country": "England", "province": "abroad" }, "geometry": { "type": "Point", "coordinates": [ -2.16, 53.61 ] } },
{ "type": "Feature", "properties": { "location_id": 48533.0, "place_type": "County 縣", "place_name": "南宫", "country": "China", "province": "Hebei" }, "geometry": { "type": "Point", "coordinates": [ 115.41, 37.36 ] } },
{ "type": "Feature", "properties": { "location_id": 48533.0, "place_type": "County 縣", "place_name": "南宫", "country": "China", "province": "Hebei" }, "geometry": { "type": "Point", "coordinates": [ 115.41, 37.36 ] } },
{ "type": "Feature", "properties": { "location_id": 48658.0, "place_type": "County 縣", "place_name": "宿縣 (宿州)", "country": "China", "province": "Anhui" }, "geometry": { "type": "Point", "coordinates": [ 116.96, 33.65 ] } },
{ "type": "Feature", "properties": { "location_id": 48658.0, "place_type": "County 縣", "place_name": "宿縣 (宿州)", "country": "China", "province": "Anhui" }, "geometry": { "type": "Point", "coordinates": [ 116.96, 33.65 ] } },
{ "type": "Feature", "properties": { "location_id": 48772.0, "place_type": "County 縣", "place_name": "樑山 (梁山)", "country": "China", "province": "Sichuan" }, "geometry": { "type": "Point", "coordinates": [ 107.8, 30.67 ] } },
{ "type": "Feature", "properties": { "location_id": 48772.0, "place_type": "County 縣", "place_name": "樑山 (梁山)", "country": "China", "province": "Sichuan" }, "geometry": { "type": "Point", "coordinates": [ 107.8, 30.67 ] } },
{ "type": "Feature", "properties": { "location_id": 49059.0, "place_type": "County 縣", "place_name": "Fogang 佛岡", "country": "China", "province": "Guangdong" }, "geometry": { "type": "Point", "coordinates": [ 113.53, 23.88 ] } },
{ "type": "Feature", "properties": { "location_id": 49059.0, "place_type": "County 縣", "place_name": "Fogang 佛岡", "country": "China", "province": "Guangdong" }, "geometry": { "type": "Point", "coordinates": [ 113.53, 23.88 ] } },
{ "type": "Feature", "properties": { "location_id": 49084.0, "place_type": "City 市", "place_name": "Belfort", "country": "France", "province": "abroad" }, "geometry": { "type": "Point", "coordinates": [ 6.86, 47.64 ] } },
{ "type": "Feature", "properties": { "location_id": 49503.0, "place_type": "County 縣", "place_name": "湯溪", "country": "China", "province": "Zhejiang" }, "geometry": { "type": "Point", "coordinates": [ 119.4, 29.05 ] } },
{ "type": "Feature", "properties": { "location_id": 49503.0, "place_type": "County 縣", "place_name": "湯溪", "country": "China", "province": "Zhejiang" }, "geometry": { "type": "Point", "coordinates": [ 119.4, 29.05 ] } },
{ "type": "Feature", "properties": { "location_id": 49559.0, "place_type": "Area 地方", "place_name": "徽州", "country": "China", "province": "Anhui" }, "geometry": { "type": "Point", "coordinates": [ 118.41, 29.86 ] } },
{ "type": "Feature", "properties": { "location_id": 49559.0, "place_type": "Area 地方", "place_name": "徽州", "country": "China", "province": "Anhui" }, "geometry": { "type": "Point", "coordinates": [ 118.41, 29.86 ] } },
{ "type": "Feature", "properties": { "location_id": 49589.0, "place_type": "County 縣", "place_name": "三台", "country": "China", "province": "Sichuan" }, "geometry": { "type": "Point", "coordinates": [ 105.09, 31.09 ] } },
{ "type": "Feature", "properties": { "location_id": 49589.0, "place_type": "County 縣", "place_name": "三台", "country": "China", "province": "Sichuan" }, "geometry": { "type": "Point", "coordinates": [ 105.09, 31.09 ] } },
{ "type": "Feature", "properties": { "location_id": 49918.0, "place_type": "County 縣", "place_name": "廣饒", "country": "China", "province": "Shandong" }, "geometry": { "type": "Point", "coordinates": [ 118.41, 37.04 ] } },
{ "type": "Feature", "properties": { "location_id": 49918.0, "place_type": "County 縣", "place_name": "廣饒", "country": "China", "province": "Shandong" }, "geometry": { "type": "Point", "coordinates": [ 118.41, 37.04 ] } },
{ "type": "Feature", "properties": { "location_id": 50082.0, "place_type": "Village 村", "place_name": "狼兒溝", "country": "China", "province": "Shanxi" }, "geometry": { "type": "Point", "coordinates": [ 112.11, 38.47 ] } },
{ "type": "Feature", "properties": { "location_id": 50082.0, "place_type": "Village 村", "place_name": "狼兒溝", "country": "China", "province": "Shanxi" }, "geometry": { "type": "Point", "coordinates": [ 112.11, 38.47 ] } },
{ "type": "Feature", "properties": { "location_id": 50095.0, "place_type": "City 市", "place_name": "栗原市", "country": "Japan", "province": "abroad" }, "geometry": { "type": "Point", "coordinates": [ 140.9, 38.81 ] } },
{ "type": "Feature", "properties": { "location_id": 50096.0, "place_type": "Prefecture 府", "place_name": "宮城縣", "country": "Japan", "province": "abroad" }, "geometry": { "type": "Point", "coordinates": [ 141.13, 38.6 ] } },
{ "type": "Feature", "properties": { "location_id": 50099.0, "place_type": "County 縣", "place_name": "宜章", "country": "China", "province": "Hunan" }, "geometry": { "type": "Point", "coordinates": [ 112.97, 25.39 ] } },
{ "type": "Feature", "properties": { "location_id": 50099.0, "place_type": "County 縣", "place_name": "宜章", "country": "China", "province": "Hunan" }, "geometry": { "type": "Point", "coordinates": [ 112.97, 25.39 ] } },
{ "type": "Feature", "properties": { "location_id": 50201.0, "place_type": "City 市", "place_name": "Angola", "country": "USA", "province": "abroad" }, "geometry": { "type": "Point", "coordinates": [ 18.09, -11.26 ] } },
{ "type": "Feature", "properties": { "location_id": 50212.0, "place_type": "Area 地方", "place_name": "裏下河", "country": "China", "province": "Jiangsu" }, "geometry": { "type": "Point", "coordinates": [ 119.86, 32.9 ] } },
{ "type": "Feature", "properties": { "location_id": 50212.0, "place_type": "Area 地方", "place_name": "裏下河", "country": "China", "province": "Jiangsu" }, "geometry": { "type": "Point", "coordinates": [ 119.86, 32.9 ] } },
{ "type": "Feature", "properties": { "location_id": 50265.0, "place_type": "City 市", "place_name": "Newcastle", "country": "England", "province": "abroad" }, "geometry": { "type": "Point", "coordinates": [ -1.61, 54.98 ] } },
{ "type": "Feature", "properties": { "location_id": 50266.0, "place_type": "Region 區域", "place_name": "North East England", "country": "England", "province": "abroad" }, "geometry": { "type": "Point", "coordinates": [ -1.69, 55.05 ] } },
{ "type": "Feature", "properties": { "location_id": 50269.0, "place_type": "City 市", "place_name": "New London", "country": "USA", "province": "abroad" }, "geometry": { "type": "Point", "coordinates": [ -72.1, 41.35 ] } },
{ "type": "Feature", "properties": { "location_id": 50353.0, "place_type": "County 縣", "place_name": "湖口", "country": "China", "province": "Jiangxi" }, "geometry": { "type": "Point", "coordinates": [ 116.25, 29.73 ] } },
{ "type": "Feature", "properties": { "location_id": 50353.0, "place_type": "County 縣", "place_name": "湖口", "country": "China", "province": "Jiangxi" }, "geometry": { "type": "Point", "coordinates": [ 116.25, 29.73 ] } },
{ "type": "Feature", "properties": { "location_id": 50502.0, "place_type": "County 縣", "place_name": "嵐縣", "country": "China", "province": "Shanxi" }, "geometry": { "type": "Point", "coordinates": [ 111.67, 38.27 ] } },
{ "type": "Feature", "properties": { "location_id": 50502.0, "place_type": "County 縣", "place_name": "嵐縣", "country": "China", "province": "Shanxi" }, "geometry": { "type": "Point", "coordinates": [ 111.67, 38.27 ] } },
{ "type": "Feature", "properties": { "location_id": 50533.0, "place_type": "County 縣", "place_name": "全縣", "country": "China", "province": "Guangxi" }, "geometry": { "type": "Point", "coordinates": [ 111.06, 26.0 ] } },
{ "type": "Feature", "properties": { "location_id": 50533.0, "place_type": "County 縣", "place_name": "全縣", "country": "China", "province": "Guangxi" }, "geometry": { "type": "Point", "coordinates": [ 111.06, 26.0 ] } },
{ "type": "Feature", "properties": { "location_id": 50542.0, "place_type": "Town 鎮", "place_name": "乍浦", "country": "China", "province": "Zhejiang" }, "geometry": { "type": "Point", "coordinates": [ 121.1, 30.6 ] } },
{ "type": "Feature", "properties": { "location_id": 50542.0, "place_type": "Town 鎮", "place_name": "乍浦", "country": "China", "province": "Zhejiang" }, "geometry": { "type": "Point", "coordinates": [ 121.1, 30.6 ] } },
{ "type": "Feature", "properties": { "location_id": 50545.0, "place_type": "City 市", "place_name": "輯安", "country": "China", "province": "abroad" }, "geometry": { "type": "Point", "coordinates": [ 126.19, 41.13 ] } },
{ "type": "Feature", "properties": { "location_id": 50570.0, "place_type": "County 縣", "place_name": "Quincy", "country": "USA", "province": "abroad" }, "geometry": { "type": "Point", "coordinates": [ -71.01, 42.25 ] } },
{ "type": "Feature", "properties": { "location_id": 50686.0, "place_type": "County 縣", "place_name": "嘉祥", "country": "China", "province": "Shandong" }, "geometry": { "type": "Point", "coordinates": [ 116.35, 35.4 ] } },
{ "type": "Feature", "properties": { "location_id": 50686.0, "place_type": "County 縣", "place_name": "嘉祥", "country": "China", "province": "Shandong" }, "geometry": { "type": "Point", "coordinates": [ 116.35, 35.4 ] } },
{ "type": "Feature", "properties": { "location_id": 50738.0, "place_type": "City 市", "place_name": "忻州", "country": "China", "province": "Shanxi" }, "geometry": { "type": "Point", "coordinates": [ 112.74, 38.42 ] } },
{ "type": "Feature", "properties": { "location_id": 50738.0, "place_type": "City 市", "place_name": "忻州", "country": "China", "province": "Shanxi" }, "geometry": { "type": "Point", "coordinates": [ 112.74, 38.42 ] } },
{ "type": "Feature", "properties": { "location_id": 50941.0, "place_type": "County 縣", "place_name": "漢陰", "country": "China", "province": "Shaanxi" }, "geometry": { "type": "Point", "coordinates": [ 108.51, 32.89 ] } },
{ "type": "Feature", "properties": { "location_id": 50941.0, "place_type": "County 縣", "place_name": "漢陰", "country": "China", "province": "Shaanxi" }, "geometry": { "type": "Point", "coordinates": [ 108.51, 32.89 ] } },
{ "type": "Feature", "properties": { "location_id": 50970.0, "place_type": "City 市", "place_name": "Toyota 豐田", "country": "Japan", "province": "abroad" }, "geometry": { "type": "Point", "coordinates": [ 137.16, 35.08 ] } },
{ "type": "Feature", "properties": { "location_id": 50971.0, "place_type": "City 市", "place_name": "Nakano 中野", "country": "Japan", "province": "abroad" }, "geometry": { "type": "Point", "coordinates": [ 139.66, 35.71 ] } },
{ "type": "Feature", "properties": { "location_id": 51073.0, "place_type": "Town 鎮", "place_name": "陵口", "country": "China", "province": "Jiangsu" }, "geometry": { "type": "Point", "coordinates": [ 119.66, 31.94 ] } },
{ "type": "Feature", "properties": { "location_id": 51073.0, "place_type": "Town 鎮", "place_name": "陵口", "country": "China", "province": "Jiangsu" }, "geometry": { "type": "Point", "coordinates": [ 119.66, 31.94 ] } },
{ "type": "Feature", "properties": { "location_id": 51165.0, "place_type": "County 縣", "place_name": "賓縣", "country": "China", "province": "Jilin" }, "geometry": { "type": "Point", "coordinates": [ 127.49, 45.73 ] } },
{ "type": "Feature", "properties": { "location_id": 51165.0, "place_type": "County 縣", "place_name": "賓縣", "country": "China", "province": "Jilin" }, "geometry": { "type": "Point", "coordinates": [ 127.49, 45.73 ] } },
{ "type": "Feature", "properties": { "location_id": 51277.0, "place_type": "County 縣", "place_name": "獨山", "country": "China", "province": "Guizhou" }, "geometry": { "type": "Point", "coordinates": [ 107.54, 25.82 ] } },
{ "type": "Feature", "properties": { "location_id": 51277.0, "place_type": "County 縣", "place_name": "獨山", "country": "China", "province": "Guizhou" }, "geometry": { "type": "Point", "coordinates": [ 107.54, 25.82 ] } },
{ "type": "Feature", "properties": { "location_id": 51309.0, "place_type": "County 縣", "place_name": "大關", "country": "China", "province": "Yunnan" }, "geometry": { "type": "Point", "coordinates": [ 103.89, 27.75 ] } },
{ "type": "Feature", "properties": { "location_id": 51309.0, "place_type": "County 縣", "place_name": "大關", "country": "China", "province": "Yunnan" }, "geometry": { "type": "Point", "coordinates": [ 103.89, 27.75 ] } },
{ "type": "Feature", "properties": { "location_id": 51363.0, "place_type": "City 市", "place_name": "登封", "country": "China", "province": "Henan" }, "geometry": { "type": "Point", "coordinates": [ 113.07, 34.45 ] } },
{ "type": "Feature", "properties": { "location_id": 51363.0, "place_type": "City 市", "place_name": "登封", "country": "China", "province": "Henan" }, "geometry": { "type": "Point", "coordinates": [ 113.07, 34.45 ] } },
{ "type": "Feature", "properties": { "location_id": 51383.0, "place_type": "County 縣", "place_name": "淅川", "country": "China", "province": "Hubei" }, "geometry": { "type": "Point", "coordinates": [ 111.5, 33.12 ] } },
{ "type": "Feature", "properties": { "location_id": 51383.0, "place_type": "County 縣", "place_name": "淅川", "country": "China", "province": "Hubei" }, "geometry": { "type": "Point", "coordinates": [ 111.5, 33.12 ] } },
{ "type": "Feature", "properties": { "location_id": 51612.0, "place_type": "City 市", "place_name": "石首", "country": "China", "province": "Hubei" }, "geometry": { "type": "Point", "coordinates": [ 112.43, 29.72 ] } },
{ "type": "Feature", "properties": { "location_id": 51612.0, "place_type": "City 市", "place_name": "石首", "country": "China", "province": "Hubei" }, "geometry": { "type": "Point", "coordinates": [ 112.43, 29.72 ] } },
{ "type": "Feature", "properties": { "location_id": 51853.0, "place_type": "District 區", "place_name": "晉寧", "country": "China", "province": "Yunnan" }, "geometry": { "type": "Point", "coordinates": [ 102.59, 24.67 ] } },
{ "type": "Feature", "properties": { "location_id": 51853.0, "place_type": "District 區", "place_name": "晉寧", "country": "China", "province": "Yunnan" }, "geometry": { "type": "Point", "coordinates": [ 102.59, 24.67 ] } },
{ "type": "Feature", "properties": { "location_id": 52140.0, "place_type": "County 縣", "place_name": "蒙山", "country": "China", "province": "Guangxi" }, "geometry": { "type": "Point", "coordinates": [ 110.55, 24.19 ] } },
{ "type": "Feature", "properties": { "location_id": 52140.0, "place_type": "County 縣", "place_name": "蒙山", "country": "China", "province": "Guangxi" }, "geometry": { "type": "Point", "coordinates": [ 110.55, 24.19 ] } },
{ "type": "Feature", "properties": { "location_id": 52195.0, "place_type": "District 區", "place_name": "潯陽", "country": "China", "province": "Jiangxi" }, "geometry": { "type": "Point", "coordinates": [ 115.99, 29.73 ] } },
{ "type": "Feature", "properties": { "location_id": 52195.0, "place_type": "District 區", "place_name": "潯陽", "country": "China", "province": "Jiangxi" }, "geometry": { "type": "Point", "coordinates": [ 115.99, 29.73 ] } },
{ "type": "Feature", "properties": { "location_id": 52199.0, "place_type": "County 縣", "place_name": "富錦", "country": "China", "province": "Jilin" }, "geometry": { "type": "Point", "coordinates": [ 132.03, 47.25 ] } },
{ "type": "Feature", "properties": { "location_id": 52199.0, "place_type": "County 縣", "place_name": "富錦", "country": "China", "province": "Jilin" }, "geometry": { "type": "Point", "coordinates": [ 132.03, 47.25 ] } },
{ "type": "Feature", "properties": { "location_id": 52289.0, "place_type": "City 市", "place_name": "潛江", "country": "China", "province": "Hubei" }, "geometry": { "type": "Point", "coordinates": [ 112.9, 30.4 ] } },
{ "type": "Feature", "properties": { "location_id": 52289.0, "place_type": "City 市", "place_name": "潛江", "country": "China", "province": "Hubei" }, "geometry": { "type": "Point", "coordinates": [ 112.9, 30.4 ] } },
{ "type": "Feature", "properties": { "location_id": 52316.0, "place_type": "Town 鎮", "place_name": "雒容", "country": "China", "province": "Guangxi" }, "geometry": { "type": "Point", "coordinates": [ 109.61, 24.4 ] } },
{ "type": "Feature", "properties": { "location_id": 52316.0, "place_type": "Town 鎮", "place_name": "雒容", "country": "China", "province": "Guangxi" }, "geometry": { "type": "Point", "coordinates": [ 109.61, 24.4 ] } },
{ "type": "Feature", "properties": { "location_id": 52528.0, "place_type": "County 縣", "place_name": "懷安", "country": "China", "province": "Chahaer" }, "geometry": { "type": "Point", "coordinates": [ 114.38, 40.67 ] } },
{ "type": "Feature", "properties": { "location_id": 52528.0, "place_type": "County 縣", "place_name": "懷安", "country": "China", "province": "Chahaer" }, "geometry": { "type": "Point", "coordinates": [ 114.38, 40.67 ] } },
{ "type": "Feature", "properties": { "location_id": 52546.0, "place_type": "County 縣", "place_name": "會昌", "country": "China", "province": "Jiangxi" }, "geometry": { "type": "Point", "coordinates": [ 115.78, 25.6 ] } },
{ "type": "Feature", "properties": { "location_id": 52546.0, "place_type": "County 縣", "place_name": "會昌", "country": "China", "province": "Jiangxi" }, "geometry": { "type": "Point", "coordinates": [ 115.78, 25.6 ] } },
{ "type": "Feature", "properties": { "location_id": 52563.0, "place_type": "County 縣", "place_name": "寧洱", "country": "China", "province": "Yunnan" }, "geometry": { "type": "Point", "coordinates": [ 101.05, 23.06 ] } },
{ "type": "Feature", "properties": { "location_id": 52563.0, "place_type": "County 縣", "place_name": "寧洱", "country": "China", "province": "Yunnan" }, "geometry": { "type": "Point", "coordinates": [ 101.05, 23.06 ] } },
{ "type": "Feature", "properties": { "location_id": 52705.0, "place_type": "District 區", "place_name": "思茅", "country": "China", "province": "Yunnan" }, "geometry": { "type": "Point", "coordinates": [ 101.01, 22.76 ] } },
{ "type": "Feature", "properties": { "location_id": 52705.0, "place_type": "District 區", "place_name": "思茅", "country": "China", "province": "Yunnan" }, "geometry": { "type": "Point", "coordinates": [ 101.01, 22.76 ] } },
{ "type": "Feature", "properties": { "location_id": 52824.0, "place_type": "County 縣", "place_name": "高苑", "country": "China", "province": "Shandong" }, "geometry": { "type": "Point", "coordinates": [ 117.83, 37.17 ] } },
{ "type": "Feature", "properties": { "location_id": 52824.0, "place_type": "County 縣", "place_name": "高苑", "country": "China", "province": "Shandong" }, "geometry": { "type": "Point", "coordinates": [ 117.83, 37.17 ] } },
{ "type": "Feature", "properties": { "location_id": 52949.0, "place_type": "City 市", "place_name": "德州", "country": "China", "province": "Hebei" }, "geometry": { "type": "Point", "coordinates": [ 116.36, 37.43 ] } },
{ "type": "Feature", "properties": { "location_id": 52949.0, "place_type": "City 市", "place_name": "德州", "country": "China", "province": "Hebei" }, "geometry": { "type": "Point", "coordinates": [ 116.36, 37.43 ] } },
{ "type": "Feature", "properties": { "location_id": 53081.0, "place_type": "City 市", "place_name": "Baltimore", "country": "USA", "province": "abroad" }, "geometry": { "type": "Point", "coordinates": [ -76.59, 39.29 ] } },
{ "type": "Feature", "properties": { "location_id": 53328.0, "place_type": "County 縣", "place_name": "東海", "country": "China", "province": "Jiangsu" }, "geometry": { "type": "Point", "coordinates": [ 118.75, 34.54 ] } },
{ "type": "Feature", "properties": { "location_id": 53328.0, "place_type": "County 縣", "place_name": "東海", "country": "China", "province": "Jiangsu" }, "geometry": { "type": "Point", "coordinates": [ 118.75, 34.54 ] } },
{ "type": "Feature", "properties": { "location_id": 53401.0, "place_type": "City 市", "place_name": "Moscow", "country": "USA", "province": "abroad" }, "geometry": { "type": "Point", "coordinates": [ -117.0, 46.73 ] } },
{ "type": "Feature", "properties": { "location_id": 53402.0, "place_type": "US State", "place_name": "Idaho", "country": "USA", "province": "abroad" }, "geometry": { "type": "Point", "coordinates": [ -114.52, 43.98 ] } },
{ "type": "Feature", "properties": { "location_id": 53537.0, "place_type": "County 縣", "place_name": "薩拉齊", "country": "China", "province": "Suiyuan" }, "geometry": { "type": "Point", "coordinates": [ 110.52, 40.56 ] } },
{ "type": "Feature", "properties": { "location_id": 53537.0, "place_type": "County 縣", "place_name": "薩拉齊", "country": "China", "province": "Suiyuan" }, "geometry": { "type": "Point", "coordinates": [ 110.52, 40.56 ] } },
{ "type": "Feature", "properties": { "location_id": 53898.0, "place_type": "Town 鎮", "place_name": "塘棲", "country": "China", "province": "Zhejiang" }, "geometry": { "type": "Point", "coordinates": [ 120.19, 30.47 ] } },
{ "type": "Feature", "properties": { "location_id": 53898.0, "place_type": "Town 鎮", "place_name": "塘棲", "country": "China", "province": "Zhejiang" }, "geometry": { "type": "Point", "coordinates": [ 120.19, 30.47 ] } },
{ "type": "Feature", "properties": { "location_id": 54018.0, "place_type": "City 市", "place_name": "宣威", "country": "China", "province": "Yunnan" }, "geometry": { "type": "Point", "coordinates": [ 104.1, 26.23 ] } },
{ "type": "Feature", "properties": { "location_id": 54018.0, "place_type": "City 市", "place_name": "宣威", "country": "China", "province": "Yunnan" }, "geometry": { "type": "Point", "coordinates": [ 104.1, 26.23 ] } },
{ "type": "Feature", "properties": { "location_id": 54085.0, "place_type": "City 市", "place_name": "扶餘", "country": "China", "province": "Jilin" }, "geometry": { "type": "Point", "coordinates": [ 126.04, 44.98 ] } },
{ "type": "Feature", "properties": { "location_id": 54085.0, "place_type": "City 市", "place_name": "扶餘", "country": "China", "province": "Jilin" }, "geometry": { "type": "Point", "coordinates": [ 126.04, 44.98 ] } },
{ "type": "Feature", "properties": { "location_id": 54170.0, "place_type": "City 市", "place_name": "磐石", "country": "China", "province": "Jilin" }, "geometry": { "type": "Point", "coordinates": [ 126.05, 42.94 ] } },
{ "type": "Feature", "properties": { "location_id": 54170.0, "place_type": "City 市", "place_name": "磐石", "country": "China", "province": "Jilin" }, "geometry": { "type": "Point", "coordinates": [ 126.05, 42.94 ] } },
{ "type": "Feature", "properties": { "location_id": 54314.0, "place_type": "Island 島", "place_name": "東沙島", "country": "China", "province": "abroad" }, "geometry": { "type": "Point", "coordinates": [ 116.72, 20.7 ] } },
{ "type": "Feature", "properties": { "location_id": 54372.0, "place_type": "City 市", "place_name": "Geneva", "country": "Switzerland", "province": "abroad" }, "geometry": { "type": "Point", "coordinates": [ 6.14, 46.2 ] } },
{ "type": "Feature", "properties": { "location_id": 54386.0, "place_type": "County 縣", "place_name": "Yamaguchi 山口", "country": "Japan", "province": "abroad" }, "geometry": { "type": "Point", "coordinates": [ 131.52, 34.28 ] } },
{ "type": "Feature", "properties": { "location_id": 54447.0, "place_type": "City 市", "place_name": "Bristol", "country": "England", "province": "abroad" }, "geometry": { "type": "Point", "coordinates": [ -2.59, 51.45 ] } },
{ "type": "Feature", "properties": { "location_id": 54461.0, "place_type": "Colony", "place_name": "Sarawak", "country": "UK", "province": "abroad" }, "geometry": { "type": "Point", "coordinates": [ 110.35, 1.55 ] } },
{ "type": "Feature", "properties": { "location_id": 54489.0, "place_type": "County 縣", "place_name": "平順", "country": "China", "province": "Shanxi" }, "geometry": { "type": "Point", "coordinates": [ 113.46, 36.2 ] } },
{ "type": "Feature", "properties": { "location_id": 54489.0, "place_type": "County 縣", "place_name": "平順", "country": "China", "province": "Shanxi" }, "geometry": { "type": "Point", "coordinates": [ 113.46, 36.2 ] } },
{ "type": "Feature", "properties": { "location_id": 54805.0, "place_type": "Town 鎮", "place_name": "阿干", "country": "China", "province": "Gansu" }, "geometry": { "type": "Point", "coordinates": [ 103.85, 35.9 ] } },
{ "type": "Feature", "properties": { "location_id": 54805.0, "place_type": "Town 鎮", "place_name": "阿干", "country": "China", "province": "Gansu" }, "geometry": { "type": "Point", "coordinates": [ 103.85, 35.9 ] } },
{ "type": "Feature", "properties": { "location_id": 55079.0, "place_type": "Province 省", "place_name": "Jilin", "country": "China", "province": "Jilin" }, "geometry": { "type": "Point", "coordinates": [ 126.53, 45.8 ] } },
{ "type": "Feature", "properties": { "location_id": 55079.0, "place_type": "Province 省", "place_name": "Jilin", "country": "China", "province": "Jilin" }, "geometry": { "type": "Point", "coordinates": [ 126.53, 45.8 ] } },
{ "type": "Feature", "properties": { "location_id": 55090.0, "place_type": "County 縣", "place_name": "建水", "country": "China", "province": "Yunnan" }, "geometry": { "type": "Point", "coordinates": [ 102.82, 23.63 ] } },
{ "type": "Feature", "properties": { "location_id": 55090.0, "place_type": "County 縣", "place_name": "建水", "country": "China", "province": "Yunnan" }, "geometry": { "type": "Point", "coordinates": [ 102.82, 23.63 ] } },
{ "type": "Feature", "properties": { "location_id": 55373.0, "place_type": "County 縣", "place_name": "廬縣", "country": "China", "province": "Anhui" }, "geometry": { "type": "Point", "coordinates": [ 117.29, 31.26 ] } },
{ "type": "Feature", "properties": { "location_id": 55373.0, "place_type": "County 縣", "place_name": "廬縣", "country": "China", "province": "Anhui" }, "geometry": { "type": "Point", "coordinates": [ 117.29, 31.26 ] } },
{ "type": "Feature", "properties": { "location_id": 55442.0, "place_type": "County 縣", "place_name": "通海", "country": "China", "province": "Yunnan" }, "geometry": { "type": "Point", "coordinates": [ 102.76, 24.11 ] } },
{ "type": "Feature", "properties": { "location_id": 55442.0, "place_type": "County 縣", "place_name": "通海", "country": "China", "province": "Yunnan" }, "geometry": { "type": "Point", "coordinates": [ 102.76, 24.11 ] } },
{ "type": "Feature", "properties": { "location_id": 55568.0, "place_type": "County 縣", "place_name": "臨猗", "country": "China", "province": "Shanxi" }, "geometry": { "type": "Point", "coordinates": [ 110.78, 35.15 ] } },
{ "type": "Feature", "properties": { "location_id": 55568.0, "place_type": "County 縣", "place_name": "臨猗", "country": "China", "province": "Shanxi" }, "geometry": { "type": "Point", "coordinates": [ 110.78, 35.15 ] } },
{ "type": "Feature", "properties": { "location_id": 55613.0, "place_type": "County 縣", "place_name": "遼縣", "country": "China", "province": "Shanxi" }, "geometry": { "type": "Point", "coordinates": [ 113.38, 37.08 ] } },
{ "type": "Feature", "properties": { "location_id": 55613.0, "place_type": "County 縣", "place_name": "遼縣", "country": "China", "province": "Shanxi" }, "geometry": { "type": "Point", "coordinates": [ 113.38, 37.08 ] } },
{ "type": "Feature", "properties": { "location_id": 55638.0, "place_type": "County 縣", "place_name": "會理", "country": "China", "province": "Sichuan" }, "geometry": { "type": "Point", "coordinates": [ 102.24, 26.66 ] } },
{ "type": "Feature", "properties": { "location_id": 55638.0, "place_type": "County 縣", "place_name": "會理", "country": "China", "province": "Sichuan" }, "geometry": { "type": "Point", "coordinates": [ 102.24, 26.66 ] } },
{ "type": "Feature", "properties": { "location_id": 55781.0, "place_type": "County 縣", "place_name": "淶水", "country": "China", "province": "Hebei" }, "geometry": { "type": "Point", "coordinates": [ 115.7, 39.41 ] } },
{ "type": "Feature", "properties": { "location_id": 55781.0, "place_type": "County 縣", "place_name": "淶水", "country": "China", "province": "Hebei" }, "geometry": { "type": "Point", "coordinates": [ 115.7, 39.41 ] } },
{ "type": "Feature", "properties": { "location_id": 55810.0, "place_type": "County 縣", "place_name": "安遠", "country": "China", "province": "Jiangxi" }, "geometry": { "type": "Point", "coordinates": [ 115.38, 25.14 ] } },
{ "type": "Feature", "properties": { "location_id": 55810.0, "place_type": "County 縣", "place_name": "安遠", "country": "China", "province": "Jiangxi" }, "geometry": { "type": "Point", "coordinates": [ 115.38, 25.14 ] } },
{ "type": "Feature", "properties": { "location_id": 55841.0, "place_type": "County 縣", "place_name": "寧洋", "country": "China", "province": "Fujian" }, "geometry": { "type": "Point", "coordinates": [ 117.37, 25.61 ] } },
{ "type": "Feature", "properties": { "location_id": 55841.0, "place_type": "County 縣", "place_name": "寧洋", "country": "China", "province": "Fujian" }, "geometry": { "type": "Point", "coordinates": [ 117.37, 25.61 ] } },
{ "type": "Feature", "properties": { "location_id": 55846.0, "place_type": "City 市", "place_name": "臨湘", "country": "China", "province": "Hunan" }, "geometry": { "type": "Point", "coordinates": [ 113.43, 29.47 ] } },
{ "type": "Feature", "properties": { "location_id": 55846.0, "place_type": "City 市", "place_name": "臨湘", "country": "China", "province": "Hunan" }, "geometry": { "type": "Point", "coordinates": [ 113.43, 29.47 ] } },
{ "type": "Feature", "properties": { "location_id": 55955.0, "place_type": "County 縣", "place_name": "安次", "country": "China", "province": "Hebei" }, "geometry": { "type": "Point", "coordinates": [ 116.7, 39.5 ] } },
{ "type": "Feature", "properties": { "location_id": 55955.0, "place_type": "County 縣", "place_name": "安次", "country": "China", "province": "Hebei" }, "geometry": { "type": "Point", "coordinates": [ 116.7, 39.5 ] } },
{ "type": "Feature", "properties": { "location_id": 55962.0, "place_type": "Town 鎮", "place_name": "河西", "country": "China", "province": "Yunnan" }, "geometry": { "type": "Point", "coordinates": [ 102.65, 24.14 ] } },
{ "type": "Feature", "properties": { "location_id": 55962.0, "place_type": "Town 鎮", "place_name": "河西", "country": "China", "province": "Yunnan" }, "geometry": { "type": "Point", "coordinates": [ 102.65, 24.14 ] } },
{ "type": "Feature", "properties": { "location_id": 55973.0, "place_type": "City 市", "place_name": "平越", "country": "China", "province": "Guizhou" }, "geometry": { "type": "Point", "coordinates": [ 107.52, 26.69 ] } },
{ "type": "Feature", "properties": { "location_id": 55973.0, "place_type": "City 市", "place_name": "平越", "country": "China", "province": "Guizhou" }, "geometry": { "type": "Point", "coordinates": [ 107.52, 26.69 ] } },
{ "type": "Feature", "properties": { "location_id": 56023.0, "place_type": "County 縣", "place_name": "霸縣", "country": "China", "province": "Hebei" }, "geometry": { "type": "Point", "coordinates": [ 116.37, 39.12 ] } },
{ "type": "Feature", "properties": { "location_id": 56023.0, "place_type": "County 縣", "place_name": "霸縣", "country": "China", "province": "Hebei" }, "geometry": { "type": "Point", "coordinates": [ 116.37, 39.12 ] } },
{ "type": "Feature", "properties": { "location_id": 56037.0, "place_type": "City 市", "place_name": "Longwy", "country": "France", "province": "abroad" }, "geometry": { "type": "Point", "coordinates": [ 5.76, 49.52 ] } },
{ "type": "Feature", "properties": { "location_id": 56038.0, "place_type": "Region 區域", "place_name": "Grand Est", "country": "France", "province": "abroad" }, "geometry": { "type": "Point", "coordinates": [ 6.34, 48.65 ] } },
{ "type": "Feature", "properties": { "location_id": 56186.0, "place_type": "Town 鎮", "place_name": "Bristol", "country": "USA", "province": "abroad" }, "geometry": { "type": "Point", "coordinates": [ -74.85, 40.1 ] } },
{ "type": "Feature", "properties": { "location_id": 56438.0, "place_type": "County 縣", "place_name": "雷波", "country": "China", "province": "Sichuan" }, "geometry": { "type": "Point", "coordinates": [ 103.58, 28.24 ] } },
{ "type": "Feature", "properties": { "location_id": 56438.0, "place_type": "County 縣", "place_name": "雷波", "country": "China", "province": "Sichuan" }, "geometry": { "type": "Point", "coordinates": [ 103.58, 28.24 ] } },
{ "type": "Feature", "properties": { "location_id": 56457.0, "place_type": "District 區", "place_name": "振興", "country": "China", "province": "Liaoning" }, "geometry": { "type": "Point", "coordinates": [ 124.36, 40.11 ] } },
{ "type": "Feature", "properties": { "location_id": 56457.0, "place_type": "District 區", "place_name": "振興", "country": "China", "province": "Liaoning" }, "geometry": { "type": "Point", "coordinates": [ 124.36, 40.11 ] } },
{ "type": "Feature", "properties": { "location_id": 56674.0, "place_type": "Town 鎮", "place_name": "信都", "country": "China", "province": "Guangxi" }, "geometry": { "type": "Point", "coordinates": [ 111.73, 23.99 ] } },
{ "type": "Feature", "properties": { "location_id": 56674.0, "place_type": "Town 鎮", "place_name": "信都", "country": "China", "province": "Guangxi" }, "geometry": { "type": "Point", "coordinates": [ 111.73, 23.99 ] } },
{ "type": "Feature", "properties": { "location_id": 56680.0, "place_type": "Country (independent)", "place_name": "Luxembourg", "country": "Luxembourg", "province": "abroad" }, "geometry": { "type": "Point", "coordinates": [ 6.13, 49.6 ] } },
{ "type": "Feature", "properties": { "location_id": 56689.0, "place_type": "County 縣", "place_name": "陳留", "country": "China", "province": "Henan" }, "geometry": { "type": "Point", "coordinates": [ 114.53, 34.67 ] } },
{ "type": "Feature", "properties": { "location_id": 56689.0, "place_type": "County 縣", "place_name": "陳留", "country": "China", "province": "Henan" }, "geometry": { "type": "Point", "coordinates": [ 114.53, 34.67 ] } },
{ "type": "Feature", "properties": { "location_id": 56808.0, "place_type": "District 區", "place_name": "馬龍", "country": "China", "province": "Yunnan" }, "geometry": { "type": "Point", "coordinates": [ 103.59, 25.43 ] } },
{ "type": "Feature", "properties": { "location_id": 56808.0, "place_type": "District 區", "place_name": "馬龍", "country": "China", "province": "Yunnan" }, "geometry": { "type": "Point", "coordinates": [ 103.59, 25.43 ] } },
{ "type": "Feature", "properties": { "location_id": 56964.0, "place_type": "Town 鎮", "place_name": "Braunschweig", "country": "Germany", "province": "abroad" }, "geometry": { "type": "Point", "coordinates": [ 10.52, 52.26 ] } },
{ "type": "Feature", "properties": { "location_id": 56965.0, "place_type": "Province 省", "place_name": null, "country": "Germany", "province": "abroad" }, "geometry": { "type": "Point", "coordinates": [ 9.9, 52.61 ] } },
{ "type": "Feature", "properties": { "location_id": 56968.0, "place_type": "Province 省", "place_name": null, "country": "Germany", "province": "abroad" }, "geometry": { "type": "Point", "coordinates": [ 7.58, 51.42 ] } },
{ "type": "Feature", "properties": { "location_id": 57315.0, "place_type": "City 市", "place_name": "Zigong 自貢", "country": "China", "province": "Sichuan" }, "geometry": { "type": "Point", "coordinates": [ 104.78, 29.34 ] } },
{ "type": "Feature", "properties": { "location_id": 57315.0, "place_type": "City 市", "place_name": "Zigong 自貢", "country": "China", "province": "Sichuan" }, "geometry": { "type": "Point", "coordinates": [ 104.78, 29.34 ] } },
{ "type": "Feature", "properties": { "location_id": 57418.0, "place_type": "City 市", "place_name": "琿春", "country": "China", "province": "Jilin" }, "geometry": { "type": "Point", "coordinates": [ 130.35, 42.84 ] } },
{ "type": "Feature", "properties": { "location_id": 57418.0, "place_type": "City 市", "place_name": "琿春", "country": "China", "province": "Jilin" }, "geometry": { "type": "Point", "coordinates": [ 130.35, 42.84 ] } },
{ "type": "Feature", "properties": { "location_id": 57445.0, "place_type": "City 市", "place_name": "綿陽", "country": "China", "province": "Sichuan" }, "geometry": { "type": "Point", "coordinates": [ 104.68, 31.48 ] } },
{ "type": "Feature", "properties": { "location_id": 57445.0, "place_type": "City 市", "place_name": "綿陽", "country": "China", "province": "Sichuan" }, "geometry": { "type": "Point", "coordinates": [ 104.68, 31.48 ] } },
{ "type": "Feature", "properties": { "location_id": 57612.0, "place_type": "District 區", "place_name": "鐵山", "country": "China", "province": "Hubei" }, "geometry": { "type": "Point", "coordinates": [ 114.91, 30.2 ] } },
{ "type": "Feature", "properties": { "location_id": 57612.0, "place_type": "District 區", "place_name": "鐵山", "country": "China", "province": "Hubei" }, "geometry": { "type": "Point", "coordinates": [ 114.91, 30.2 ] } },
{ "type": "Feature", "properties": { "location_id": 57803.0, "place_type": "County 縣", "place_name": "棗陽", "country": "China", "province": "Hubei" }, "geometry": { "type": "Point", "coordinates": [ 112.76, 32.12 ] } },
{ "type": "Feature", "properties": { "location_id": 57803.0, "place_type": "County 縣", "place_name": "棗陽", "country": "China", "province": "Hubei" }, "geometry": { "type": "Point", "coordinates": [ 112.76, 32.12 ] } },
{ "type": "Feature", "properties": { "location_id": 57875.0, "place_type": "County 縣", "place_name": "秀山", "country": "China", "province": "Sichuan" }, "geometry": { "type": "Point", "coordinates": [ 109.03, 28.45 ] } },
{ "type": "Feature", "properties": { "location_id": 57875.0, "place_type": "County 縣", "place_name": "秀山", "country": "China", "province": "Sichuan" }, "geometry": { "type": "Point", "coordinates": [ 109.03, 28.45 ] } },
{ "type": "Feature", "properties": { "location_id": 58118.0, "place_type": "District 區", "place_name": "自流井", "country": "China", "province": "Sichuan" }, "geometry": { "type": "Point", "coordinates": [ 104.77, 29.34 ] } },
{ "type": "Feature", "properties": { "location_id": 58118.0, "place_type": "District 區", "place_name": "自流井", "country": "China", "province": "Sichuan" }, "geometry": { "type": "Point", "coordinates": [ 104.77, 29.34 ] } },
{ "type": "Feature", "properties": { "location_id": 58140.0, "place_type": "City 市", "place_name": "什邡", "country": "China", "province": "Sichuan" }, "geometry": { "type": "Point", "coordinates": [ 104.2, 31.12 ] } },
{ "type": "Feature", "properties": { "location_id": 58140.0, "place_type": "City 市", "place_name": "什邡", "country": "China", "province": "Sichuan" }, "geometry": { "type": "Point", "coordinates": [ 104.2, 31.12 ] } },
{ "type": "Feature", "properties": { "location_id": 58343.0, "place_type": "County 縣", "place_name": "嘉魚", "country": "China", "province": "Hubei" }, "geometry": { "type": "Point", "coordinates": [ 113.93, 29.97 ] } },
{ "type": "Feature", "properties": { "location_id": 58343.0, "place_type": "County 縣", "place_name": "嘉魚", "country": "China", "province": "Hubei" }, "geometry": { "type": "Point", "coordinates": [ 113.93, 29.97 ] } },
{ "type": "Feature", "properties": { "location_id": 58366.0, "place_type": "County 縣", "place_name": "薩縣", "country": "China", "province": "Suiyuan" }, "geometry": { "type": "Point", "coordinates": [ 110.57, 40.6 ] } },
{ "type": "Feature", "properties": { "location_id": 58366.0, "place_type": "County 縣", "place_name": "薩縣", "country": "China", "province": "Suiyuan" }, "geometry": { "type": "Point", "coordinates": [ 110.57, 40.6 ] } },
{ "type": "Feature", "properties": { "location_id": 58380.0, "place_type": "County 縣", "place_name": "瀘溪", "country": "China", "province": "Hunan" }, "geometry": { "type": "Point", "coordinates": [ 110.21, 28.22 ] } },
{ "type": "Feature", "properties": { "location_id": 58380.0, "place_type": "County 縣", "place_name": "瀘溪", "country": "China", "province": "Hunan" }, "geometry": { "type": "Point", "coordinates": [ 110.21, 28.22 ] } },
{ "type": "Feature", "properties": { "location_id": 58398.0, "place_type": "County 縣", "place_name": "懷德", "country": "China", "province": "Jilin" }, "geometry": { "type": "Point", "coordinates": [ 124.81, 43.5 ] } },
{ "type": "Feature", "properties": { "location_id": 58398.0, "place_type": "County 縣", "place_name": "懷德", "country": "China", "province": "Jilin" }, "geometry": { "type": "Point", "coordinates": [ 124.81, 43.5 ] } },
{ "type": "Feature", "properties": { "location_id": 58433.0, "place_type": "County 縣", "place_name": "肥城", "country": "China", "province": "Shandong" }, "geometry": { "type": "Point", "coordinates": [ 116.77, 36.18 ] } },
{ "type": "Feature", "properties": { "location_id": 58433.0, "place_type": "County 縣", "place_name": "肥城", "country": "China", "province": "Shandong" }, "geometry": { "type": "Point", "coordinates": [ 116.77, 36.18 ] } },
{ "type": "Feature", "properties": { "location_id": 58520.0, "place_type": "County 縣", "place_name": "扶風", "country": "China", "province": "Shaanxi" }, "geometry": { "type": "Point", "coordinates": [ 107.89, 34.37 ] } },
{ "type": "Feature", "properties": { "location_id": 58520.0, "place_type": "County 縣", "place_name": "扶風", "country": "China", "province": "Shaanxi" }, "geometry": { "type": "Point", "coordinates": [ 107.89, 34.37 ] } },
{ "type": "Feature", "properties": { "location_id": 58671.0, "place_type": "County 縣", "place_name": "綏定", "country": "China", "province": "Xinjiang" }, "geometry": { "type": "Point", "coordinates": [ 80.88, 44.05 ] } },
{ "type": "Feature", "properties": { "location_id": 58671.0, "place_type": "County 縣", "place_name": "綏定", "country": "China", "province": "Xinjiang" }, "geometry": { "type": "Point", "coordinates": [ 80.88, 44.05 ] } },
{ "type": "Feature", "properties": { "location_id": 58733.0, "place_type": "County 縣", "place_name": "范縣", "country": "China", "province": "Hebei" }, "geometry": { "type": "Point", "coordinates": [ 115.5, 35.85 ] } },
{ "type": "Feature", "properties": { "location_id": 58733.0, "place_type": "County 縣", "place_name": "范縣", "country": "China", "province": "Hebei" }, "geometry": { "type": "Point", "coordinates": [ 115.5, 35.85 ] } },
{ "type": "Feature", "properties": { "location_id": 58806.0, "place_type": "County 縣", "place_name": "清鎮", "country": "China", "province": "Guizhou" }, "geometry": { "type": "Point", "coordinates": [ 106.47, 26.55 ] } },
{ "type": "Feature", "properties": { "location_id": 58806.0, "place_type": "County 縣", "place_name": "清鎮", "country": "China", "province": "Guizhou" }, "geometry": { "type": "Point", "coordinates": [ 106.47, 26.55 ] } },
{ "type": "Feature", "properties": { "location_id": 58930.0, "place_type": "City 市", "place_name": "North Newton", "country": "USA", "province": "abroad" }, "geometry": { "type": "Point", "coordinates": [ -97.35, 38.07 ] } },
{ "type": "Feature", "properties": { "location_id": 58953.0, "place_type": "District 區", "place_name": "從化", "country": "China", "province": "Guangdong" }, "geometry": { "type": "Point", "coordinates": [ 113.63, 23.52 ] } },
{ "type": "Feature", "properties": { "location_id": 58953.0, "place_type": "District 區", "place_name": "從化", "country": "China", "province": "Guangdong" }, "geometry": { "type": "Point", "coordinates": [ 113.63, 23.52 ] } },
{ "type": "Feature", "properties": { "location_id": 58984.0, "place_type": "Town 鎮", "place_name": "潼川", "country": "China", "province": "Sichuan" }, "geometry": { "type": "Point", "coordinates": [ 105.09, 31.1 ] } },
{ "type": "Feature", "properties": { "location_id": 58984.0, "place_type": "Town 鎮", "place_name": "潼川", "country": "China", "province": "Sichuan" }, "geometry": { "type": "Point", "coordinates": [ 105.09, 31.1 ] } },
{ "type": "Feature", "properties": { "location_id": 59102.0, "place_type": "Circuit 道", "place_name": "江夏", "country": "China", "province": "Hubei" }, "geometry": { "type": "Point", "coordinates": [ 114.32, 30.38 ] } },
{ "type": "Feature", "properties": { "location_id": 59102.0, "place_type": "Circuit 道", "place_name": "江夏", "country": "China", "province": "Hubei" }, "geometry": { "type": "Point", "coordinates": [ 114.32, 30.38 ] } },
{ "type": "Feature", "properties": { "location_id": 59180.0, "place_type": "Circuit 道", "place_name": "濱江", "country": "China", "province": "Jilin" }, "geometry": { "type": "Point", "coordinates": [ 126.65, 45.79 ] } },
{ "type": "Feature", "properties": { "location_id": 59180.0, "place_type": "Circuit 道", "place_name": "濱江", "country": "China", "province": "Jilin" }, "geometry": { "type": "Point", "coordinates": [ 126.65, 45.79 ] } },
{ "type": "Feature", "properties": { "location_id": 59308.0, "place_type": "County 縣", "place_name": "和平", "country": "China", "province": "Guangdong" }, "geometry": { "type": "Point", "coordinates": [ 114.96, 24.44 ] } },
{ "type": "Feature", "properties": { "location_id": 59308.0, "place_type": "County 縣", "place_name": "和平", "country": "China", "province": "Guangdong" }, "geometry": { "type": "Point", "coordinates": [ 114.96, 24.44 ] } },
{ "type": "Feature", "properties": { "location_id": 59429.0, "place_type": "County 縣", "place_name": "嘉山", "country": "China", "province": "Anhui" }, "geometry": { "type": "Point", "coordinates": [ 118.22, 32.49 ] } },
{ "type": "Feature", "properties": { "location_id": 59429.0, "place_type": "County 縣", "place_name": "嘉山", "country": "China", "province": "Anhui" }, "geometry": { "type": "Point", "coordinates": [ 118.22, 32.49 ] } },
{ "type": "Feature", "properties": { "location_id": 59456.0, "place_type": "County 縣", "place_name": "和順", "country": "China", "province": "Shanxi" }, "geometry": { "type": "Point", "coordinates": [ 113.55, 37.33 ] } },
{ "type": "Feature", "properties": { "location_id": 59456.0, "place_type": "County 縣", "place_name": "和順", "country": "China", "province": "Shanxi" }, "geometry": { "type": "Point", "coordinates": [ 113.55, 37.33 ] } },
{ "type": "Feature", "properties": { "location_id": 59711.0, "place_type": "County 縣", "place_name": "鹽津", "country": "China", "province": "Yunnan" }, "geometry": { "type": "Point", "coordinates": [ 104.24, 28.11 ] } },
{ "type": "Feature", "properties": { "location_id": 59711.0, "place_type": "County 縣", "place_name": "鹽津", "country": "China", "province": "Yunnan" }, "geometry": { "type": "Point", "coordinates": [ 104.24, 28.11 ] } },
{ "type": "Feature", "properties": { "location_id": 59843.0, "place_type": "City 市", "place_name": "Ithaca", "country": "USA", "province": "abroad" }, "geometry": { "type": "Point", "coordinates": [ -76.48, 42.45 ] } },
{ "type": "Feature", "properties": { "location_id": 59844.0, "place_type": "City 市", "place_name": "Troy", "country": "USA", "province": "abroad" }, "geometry": { "type": "Point", "coordinates": [ -73.69, 42.73 ] } },
{ "type": "Feature", "properties": { "location_id": 59845.0, "place_type": "City 市", "place_name": "Syracuse", "country": "USA", "province": "abroad" }, "geometry": { "type": "Point", "coordinates": [ -76.14, 43.04 ] } },
{ "type": "Feature", "properties": { "location_id": 59861.0, "place_type": "County 縣", "place_name": "崇陽", "country": "China", "province": "Hubei" }, "geometry": { "type": "Point", "coordinates": [ 114.04, 29.55 ] } },
{ "type": "Feature", "properties": { "location_id": 59861.0, "place_type": "County 縣", "place_name": "崇陽", "country": "China", "province": "Hubei" }, "geometry": { "type": "Point", "coordinates": [ 114.04, 29.55 ] } },
{ "type": "Feature", "properties": { "location_id": 59919.0, "place_type": "County 縣", "place_name": "龍南", "country": "China", "province": "Jiangxi" }, "geometry": { "type": "Point", "coordinates": [ 114.77, 24.93 ] } },
{ "type": "Feature", "properties": { "location_id": 59919.0, "place_type": "County 縣", "place_name": "龍南", "country": "China", "province": "Jiangxi" }, "geometry": { "type": "Point", "coordinates": [ 114.77, 24.93 ] } },
{ "type": "Feature", "properties": { "location_id": 59927.0, "place_type": "City 市", "place_name": "雲都", "country": "China", "province": "Jiangxi" }, "geometry": { "type": "Point", "coordinates": [ 115.35, 27.29 ] } },
{ "type": "Feature", "properties": { "location_id": 59927.0, "place_type": "City 市", "place_name": "雲都", "country": "China", "province": "Jiangxi" }, "geometry": { "type": "Point", "coordinates": [ 115.35, 27.29 ] } },
{ "type": "Feature", "properties": { "location_id": 59970.0, "place_type": "City 市", "place_name": "高州", "country": "China", "province": "Guangdong" }, "geometry": { "type": "Point", "coordinates": [ 110.83, 21.92 ] } },
{ "type": "Feature", "properties": { "location_id": 59970.0, "place_type": "City 市", "place_name": "高州", "country": "China", "province": "Guangdong" }, "geometry": { "type": "Point", "coordinates": [ 110.83, 21.92 ] } },
{ "type": "Feature", "properties": { "location_id": 60027.0, "place_type": "District 區", "place_name": "柴桑", "country": "China", "province": "Jiangxi" }, "geometry": { "type": "Point", "coordinates": [ 115.92, 29.59 ] } },
{ "type": "Feature", "properties": { "location_id": 60027.0, "place_type": "District 區", "place_name": "柴桑", "country": "China", "province": "Jiangxi" }, "geometry": { "type": "Point", "coordinates": [ 115.92, 29.59 ] } },
{ "type": "Feature", "properties": { "location_id": 60033.0, "place_type": "City 市", "place_name": "相馬", "country": "Japan", "province": "abroad" }, "geometry": { "type": "Point", "coordinates": [ 140.93, 37.79 ] } },
{ "type": "Feature", "properties": { "location_id": 60099.0, "place_type": "City 市", "place_name": "和龍", "country": "China", "province": "Jilin" }, "geometry": { "type": "Point", "coordinates": [ 128.99, 42.52 ] } },
{ "type": "Feature", "properties": { "location_id": 60099.0, "place_type": "City 市", "place_name": "和龍", "country": "China", "province": "Jilin" }, "geometry": { "type": "Point", "coordinates": [ 128.99, 42.52 ] } },
{ "type": "Feature", "properties": { "location_id": 60124.0, "place_type": "City 市", "place_name": "雞西", "country": "China", "province": "Jilin" }, "geometry": { "type": "Point", "coordinates": [ 130.96, 45.29 ] } },
{ "type": "Feature", "properties": { "location_id": 60124.0, "place_type": "City 市", "place_name": "雞西", "country": "China", "province": "Jilin" }, "geometry": { "type": "Point", "coordinates": [ 130.96, 45.29 ] } },
{ "type": "Feature", "properties": { "location_id": 60243.0, "place_type": "County 縣", "place_name": "冕寧", "country": "China", "province": "Sichuan" }, "geometry": { "type": "Point", "coordinates": [ 102.16, 28.55 ] } },
{ "type": "Feature", "properties": { "location_id": 60243.0, "place_type": "County 縣", "place_name": "冕寧", "country": "China", "province": "Sichuan" }, "geometry": { "type": "Point", "coordinates": [ 102.16, 28.55 ] } },
{ "type": "Feature", "properties": { "location_id": 60359.0, "place_type": "County 縣", "place_name": "乾縣", "country": "China", "province": "Shaanxi" }, "geometry": { "type": "Point", "coordinates": [ 108.24, 34.53 ] } },
{ "type": "Feature", "properties": { "location_id": 60359.0, "place_type": "County 縣", "place_name": "乾縣", "country": "China", "province": "Shaanxi" }, "geometry": { "type": "Point", "coordinates": [ 108.24, 34.53 ] } },
{ "type": "Feature", "properties": { "location_id": 60427.0, "place_type": "County 縣", "place_name": "安南", "country": "China", "province": "Guizhou" }, "geometry": { "type": "Point", "coordinates": [ 105.15, 25.79 ] } },
{ "type": "Feature", "properties": { "location_id": 60427.0, "place_type": "County 縣", "place_name": "安南", "country": "China", "province": "Guizhou" }, "geometry": { "type": "Point", "coordinates": [ 105.15, 25.79 ] } },
{ "type": "Feature", "properties": { "location_id": 60585.0, "place_type": "County 縣", "place_name": "鹽豐", "country": "China", "province": "Yunnan" }, "geometry": { "type": "Point", "coordinates": [ 101.1, 25.85 ] } },
{ "type": "Feature", "properties": { "location_id": 60585.0, "place_type": "County 縣", "place_name": "鹽豐", "country": "China", "province": "Yunnan" }, "geometry": { "type": "Point", "coordinates": [ 101.1, 25.85 ] } },
{ "type": "Feature", "properties": { "location_id": 60632.0, "place_type": null, "place_name": null, "country": "China", "province": "Jiangsu" }, "geometry": { "type": "Point", "coordinates": [ 119.54, 33.12 ] } },
{ "type": "Feature", "properties": { "location_id": 60632.0, "place_type": null, "place_name": null, "country": "China", "province": "Jiangsu" }, "geometry": { "type": "Point", "coordinates": [ 119.54, 33.12 ] } },
{ "type": "Feature", "properties": { "location_id": 60858.0, "place_type": "Region 區域", "place_name": "North Wales", "country": "Wales", "province": "abroad" }, "geometry": { "type": "Point", "coordinates": [ -3.81, 53.08 ] } },
{ "type": "Feature", "properties": { "location_id": 60865.0, "place_type": "Prefecture 府", "place_name": "復州", "country": "China", "province": "Hubei" }, "geometry": { "type": "Point", "coordinates": [ 112.25, 30.82 ] } },
{ "type": "Feature", "properties": { "location_id": 60865.0, "place_type": "Prefecture 府", "place_name": "復州", "country": "China", "province": "Hubei" }, "geometry": { "type": "Point", "coordinates": [ 112.25, 30.82 ] } },
{ "type": "Feature", "properties": { "location_id": 60937.0, "place_type": "City 市", "place_name": "Franklin", "country": "USA", "province": "abroad" }, "geometry": { "type": "Point", "coordinates": [ -91.51, 29.8 ] } },
{ "type": "Feature", "properties": { "location_id": 61128.0, "place_type": "County 縣", "place_name": "方正", "country": "China", "province": "Jilin" }, "geometry": { "type": "Point", "coordinates": [ 128.94, 45.85 ] } },
{ "type": "Feature", "properties": { "location_id": 61128.0, "place_type": "County 縣", "place_name": "方正", "country": "China", "province": "Jilin" }, "geometry": { "type": "Point", "coordinates": [ 128.94, 45.85 ] } },
{ "type": "Feature", "properties": { "location_id": 61299.0, "place_type": "County 縣", "place_name": "Plymouth", "country": "USA", "province": "abroad" }, "geometry": { "type": "Point", "coordinates": [ -75.95, 41.24 ] } },
{ "type": "Feature", "properties": { "location_id": 61302.0, "place_type": "County 縣", "place_name": "Marquette", "country": "USA", "province": "abroad" }, "geometry": { "type": "Point", "coordinates": [ -84.35, 46.49 ] } },
{ "type": "Feature", "properties": { "location_id": 61312.0, "place_type": "County 縣", "place_name": "永明", "country": "China", "province": "Hunan" }, "geometry": { "type": "Point", "coordinates": [ 111.34, 25.28 ] } },
{ "type": "Feature", "properties": { "location_id": 61312.0, "place_type": "County 縣", "place_name": "永明", "country": "China", "province": "Hunan" }, "geometry": { "type": "Point", "coordinates": [ 111.34, 25.28 ] } },
{ "type": "Feature", "properties": { "location_id": 61363.0, "place_type": "County 縣", "place_name": "臨潁", "country": "China", "province": "Henan" }, "geometry": { "type": "Point", "coordinates": [ 113.93, 33.83 ] } },
{ "type": "Feature", "properties": { "location_id": 61363.0, "place_type": "County 縣", "place_name": "臨潁", "country": "China", "province": "Henan" }, "geometry": { "type": "Point", "coordinates": [ 113.93, 33.83 ] } },
{ "type": "Feature", "properties": { "location_id": 61645.0, "place_type": "County 縣", "place_name": "柞水", "country": "China", "province": "Shaanxi" }, "geometry": { "type": "Point", "coordinates": [ 109.11, 33.68 ] } },
{ "type": "Feature", "properties": { "location_id": 61645.0, "place_type": "County 縣", "place_name": "柞水", "country": "China", "province": "Shaanxi" }, "geometry": { "type": "Point", "coordinates": [ 109.11, 33.68 ] } },
{ "type": "Feature", "properties": { "location_id": 61919.0, "place_type": "City 市", "place_name": "Homburg", "country": "Germany", "province": "abroad" }, "geometry": { "type": "Point", "coordinates": [ 7.34, 49.32 ] } },
{ "type": "Feature", "properties": { "location_id": 62104.0, "place_type": "County 縣", "place_name": "廣通", "country": "China", "province": "Yunnan" }, "geometry": { "type": "Point", "coordinates": [ 101.75, 25.17 ] } },
{ "type": "Feature", "properties": { "location_id": 62104.0, "place_type": "County 縣", "place_name": "廣通", "country": "China", "province": "Yunnan" }, "geometry": { "type": "Point", "coordinates": [ 101.75, 25.17 ] } },
{ "type": "Feature", "properties": { "location_id": 62434.0, "place_type": "County 縣", "place_name": "饒平", "country": "China", "province": "Guangdong" }, "geometry": { "type": "Point", "coordinates": [ 117.0, 23.66 ] } },
{ "type": "Feature", "properties": { "location_id": 62434.0, "place_type": "County 縣", "place_name": "饒平", "country": "China", "province": "Guangdong" }, "geometry": { "type": "Point", "coordinates": [ 117.0, 23.66 ] } },
{ "type": "Feature", "properties": { "location_id": 62470.0, "place_type": "County 縣", "place_name": "屏山", "country": "China", "province": "Sichuan" }, "geometry": { "type": "Point", "coordinates": [ 104.35, 28.83 ] } },
{ "type": "Feature", "properties": { "location_id": 62470.0, "place_type": "County 縣", "place_name": "屏山", "country": "China", "province": "Sichuan" }, "geometry": { "type": "Point", "coordinates": [ 104.35, 28.83 ] } },
{ "type": "Feature", "properties": { "location_id": 62592.0, "place_type": "County 縣", "place_name": "公安", "country": "China", "province": "Hubei" }, "geometry": { "type": "Point", "coordinates": [ 112.22, 30.06 ] } },
{ "type": "Feature", "properties": { "location_id": 62592.0, "place_type": "County 縣", "place_name": "公安", "country": "China", "province": "Hubei" }, "geometry": { "type": "Point", "coordinates": [ 112.22, 30.06 ] } },
{ "type": "Feature", "properties": { "location_id": 62668.0, "place_type": "City 市", "place_name": "和歌山", "country": "Japan", "province": "abroad" }, "geometry": { "type": "Point", "coordinates": [ 135.35, 33.94 ] } },
{ "type": "Feature", "properties": { "location_id": 62669.0, "place_type": "Region 區域", "place_name": "關西地區", "country": "Japan", "province": "abroad" }, "geometry": { "type": "Point", "coordinates": [ 135.5, 34.71 ] } },
{ "type": "Feature", "properties": { "location_id": 62890.0, "place_type": "City 市", "place_name": "贛州", "country": "China", "province": "Jiangxi" }, "geometry": { "type": "Point", "coordinates": [ 114.93, 25.83 ] } },
{ "type": "Feature", "properties": { "location_id": 62890.0, "place_type": "City 市", "place_name": "贛州", "country": "China", "province": "Jiangxi" }, "geometry": { "type": "Point", "coordinates": [ 114.93, 25.83 ] } },
{ "type": "Feature", "properties": { "location_id": 62981.0, "place_type": "County 縣", "place_name": "青陽", "country": "China", "province": "Anhui" }, "geometry": { "type": "Point", "coordinates": [ 117.85, 30.64 ] } },
{ "type": "Feature", "properties": { "location_id": 62981.0, "place_type": "County 縣", "place_name": "青陽", "country": "China", "province": "Anhui" }, "geometry": { "type": "Point", "coordinates": [ 117.85, 30.64 ] } },
{ "type": "Feature", "properties": { "location_id": 62985.0, "place_type": "District 區", "place_name": "門司", "country": "Japan", "province": "abroad" }, "geometry": { "type": "Point", "coordinates": [ 130.97, 33.9 ] } },
{ "type": "Feature", "properties": { "location_id": 63090.0, "place_type": "County 縣", "place_name": "修文", "country": "China", "province": "Guizhou" }, "geometry": { "type": "Point", "coordinates": [ 106.6, 26.84 ] } },
{ "type": "Feature", "properties": { "location_id": 63090.0, "place_type": "County 縣", "place_name": "修文", "country": "China", "province": "Guizhou" }, "geometry": { "type": "Point", "coordinates": [ 106.6, 26.84 ] } },
{ "type": "Feature", "properties": { "location_id": 63185.0, "place_type": "County 縣", "place_name": "霞浦", "country": "China", "province": "Fujian" }, "geometry": { "type": "Point", "coordinates": [ 120.0, 26.87 ] } },
{ "type": "Feature", "properties": { "location_id": 63185.0, "place_type": "County 縣", "place_name": "霞浦", "country": "China", "province": "Fujian" }, "geometry": { "type": "Point", "coordinates": [ 120.0, 26.87 ] } },
{ "type": "Feature", "properties": { "location_id": 63330.0, "place_type": "City 市", "place_name": "南雄", "country": "China", "province": "Guangdong" }, "geometry": { "type": "Point", "coordinates": [ 114.3, 25.12 ] } },
{ "type": "Feature", "properties": { "location_id": 63330.0, "place_type": "City 市", "place_name": "南雄", "country": "China", "province": "Guangdong" }, "geometry": { "type": "Point", "coordinates": [ 114.3, 25.12 ] } },
{ "type": "Feature", "properties": { "location_id": 63411.0, "place_type": "City 市", "place_name": "Vienna", "country": "Austria", "province": "abroad" }, "geometry": { "type": "Point", "coordinates": [ 16.37, 48.21 ] } },
{ "type": "Feature", "properties": { "location_id": 63458.0, "place_type": "District 區", "place_name": "九龍", "country": "China", "province": "abroad" }, "geometry": { "type": "Point", "coordinates": [ 114.18, 22.32 ] } },
{ "type": "Feature", "properties": { "location_id": 63609.0, "place_type": "City 市", "place_name": "Butte", "country": "USA", "province": "abroad" }, "geometry": { "type": "Point", "coordinates": [ -112.54, 46.01 ] } },
{ "type": "Feature", "properties": { "location_id": 63651.0, "place_type": "County 縣", "place_name": "潁上", "country": "China", "province": "Anhui" }, "geometry": { "type": "Point", "coordinates": [ 116.25, 32.66 ] } },
{ "type": "Feature", "properties": { "location_id": 63651.0, "place_type": "County 縣", "place_name": "潁上", "country": "China", "province": "Anhui" }, "geometry": { "type": "Point", "coordinates": [ 116.25, 32.66 ] } },
{ "type": "Feature", "properties": { "location_id": 63680.0, "place_type": "County 縣", "place_name": "閩清", "country": "China", "province": "Fujian" }, "geometry": { "type": "Point", "coordinates": [ 118.86, 26.22 ] } },
{ "type": "Feature", "properties": { "location_id": 63680.0, "place_type": "County 縣", "place_name": "閩清", "country": "China", "province": "Fujian" }, "geometry": { "type": "Point", "coordinates": [ 118.86, 26.22 ] } },
{ "type": "Feature", "properties": { "location_id": 63760.0, "place_type": "Town 鎮", "place_name": "普集", "country": "China", "province": "Shandong" }, "geometry": { "type": "Point", "coordinates": [ 117.64, 36.7 ] } },
{ "type": "Feature", "properties": { "location_id": 63760.0, "place_type": "Town 鎮", "place_name": "普集", "country": "China", "province": "Shandong" }, "geometry": { "type": "Point", "coordinates": [ 117.64, 36.7 ] } },
{ "type": "Feature", "properties": { "location_id": 63779.0, "place_type": "City 市", "place_name": "三河", "country": "China", "province": "Hebei" }, "geometry": { "type": "Point", "coordinates": [ 117.07, 39.98 ] } },
{ "type": "Feature", "properties": { "location_id": 63779.0, "place_type": "City 市", "place_name": "三河", "country": "China", "province": "Hebei" }, "geometry": { "type": "Point", "coordinates": [ 117.07, 39.98 ] } },
{ "type": "Feature", "properties": { "location_id": 63799.0, "place_type": "County 縣", "place_name": "江華", "country": "China", "province": "Hunan" }, "geometry": { "type": "Point", "coordinates": [ 111.58, 25.18 ] } },
{ "type": "Feature", "properties": { "location_id": 63799.0, "place_type": "County 縣", "place_name": "江華", "country": "China", "province": "Hunan" }, "geometry": { "type": "Point", "coordinates": [ 111.58, 25.18 ] } },
{ "type": "Feature", "properties": { "location_id": 63994.0, "place_type": "City 市", "place_name": "舒蘭", "country": "China", "province": "Jilin" }, "geometry": { "type": "Point", "coordinates": [ 126.94, 44.41 ] } },
{ "type": "Feature", "properties": { "location_id": 63994.0, "place_type": "City 市", "place_name": "舒蘭", "country": "China", "province": "Jilin" }, "geometry": { "type": "Point", "coordinates": [ 126.94, 44.41 ] } },
{ "type": "Feature", "properties": { "location_id": 64138.0, "place_type": "County 縣", "place_name": "西和", "country": "China", "province": "Gansu" }, "geometry": { "type": "Point", "coordinates": [ 105.28, 33.98 ] } },
{ "type": "Feature", "properties": { "location_id": 64138.0, "place_type": "County 縣", "place_name": "西和", "country": "China", "province": "Gansu" }, "geometry": { "type": "Point", "coordinates": [ 105.28, 33.98 ] } },
{ "type": "Feature", "properties": { "location_id": 64378.0, "place_type": "County 縣", "place_name": "陽西", "country": "China", "province": "Guangdong" }, "geometry": { "type": "Point", "coordinates": [ 111.61, 21.76 ] } },
{ "type": "Feature", "properties": { "location_id": 64378.0, "place_type": "County 縣", "place_name": "陽西", "country": "China", "province": "Guangdong" }, "geometry": { "type": "Point", "coordinates": [ 111.61, 21.76 ] } },
{ "type": "Feature", "properties": { "location_id": 64394.0, "place_type": "County 縣", "place_name": "陽山", "country": "China", "province": "Guangdong" }, "geometry": { "type": "Point", "coordinates": [ 112.63, 24.47 ] } },
{ "type": "Feature", "properties": { "location_id": 64394.0, "place_type": "County 縣", "place_name": "陽山", "country": "China", "province": "Guangdong" }, "geometry": { "type": "Point", "coordinates": [ 112.63, 24.47 ] } },
{ "type": "Feature", "properties": { "location_id": 64593.0, "place_type": "County 縣", "place_name": "峽江", "country": "China", "province": "Jiangxi" }, "geometry": { "type": "Point", "coordinates": [ 115.31, 27.58 ] } },
{ "type": "Feature", "properties": { "location_id": 64593.0, "place_type": "County 縣", "place_name": "峽江", "country": "China", "province": "Jiangxi" }, "geometry": { "type": "Point", "coordinates": [ 115.31, 27.58 ] } },
{ "type": "Feature", "properties": { "location_id": 64606.0, "place_type": "Town 鎮", "place_name": "泗安", "country": "China", "province": "Zhejiang" }, "geometry": { "type": "Point", "coordinates": [ 119.65, 30.9 ] } },
{ "type": "Feature", "properties": { "location_id": 64606.0, "place_type": "Town 鎮", "place_name": "泗安", "country": "China", "province": "Zhejiang" }, "geometry": { "type": "Point", "coordinates": [ 119.65, 30.9 ] } },
{ "type": "Feature", "properties": { "location_id": 64627.0, "place_type": "County 縣", "place_name": "灃縣", "country": "China", "province": "Hunan" }, "geometry": { "type": "Point", "coordinates": [ 111.76, 29.63 ] } },
{ "type": "Feature", "properties": { "location_id": 64627.0, "place_type": "County 縣", "place_name": "灃縣", "country": "China", "province": "Hunan" }, "geometry": { "type": "Point", "coordinates": [ 111.76, 29.63 ] } },
{ "type": "Feature", "properties": { "location_id": 64803.0, "place_type": "City 市", "place_name": "Le Havre", "country": "France", "province": "abroad" }, "geometry": { "type": "Point", "coordinates": [ 0.11, 49.49 ] } },
{ "type": "Feature", "properties": { "location_id": 65122.0, "place_type": "County 縣", "place_name": "金堂", "country": "China", "province": "Sichuan" }, "geometry": { "type": "Point", "coordinates": [ 104.39, 30.87 ] } },
{ "type": "Feature", "properties": { "location_id": 65122.0, "place_type": "County 縣", "place_name": "金堂", "country": "China", "province": "Sichuan" }, "geometry": { "type": "Point", "coordinates": [ 104.39, 30.87 ] } },
{ "type": "Feature", "properties": { "location_id": 65343.0, "place_type": "County 縣", "place_name": "高碑店", "country": "China", "province": "Hebei" }, "geometry": { "type": "Point", "coordinates": [ 115.85, 39.34 ] } },
{ "type": "Feature", "properties": { "location_id": 65343.0, "place_type": "County 縣", "place_name": "高碑店", "country": "China", "province": "Hebei" }, "geometry": { "type": "Point", "coordinates": [ 115.85, 39.34 ] } },
{ "type": "Feature", "properties": { "location_id": 65510.0, "place_type": "District 區", "place_name": "昌平", "country": "China", "province": "Hebei" }, "geometry": { "type": "Point", "coordinates": [ 116.21, 40.23 ] } },
{ "type": "Feature", "properties": { "location_id": 65510.0, "place_type": "District 區", "place_name": "昌平", "country": "China", "province": "Hebei" }, "geometry": { "type": "Point", "coordinates": [ 116.21, 40.23 ] } },
{ "type": "Feature", "properties": { "location_id": 65882.0, "place_type": "City 市", "place_name": "陳村", "country": "China", "province": "Guangdong" }, "geometry": { "type": "Point", "coordinates": [ 113.23, 22.96 ] } },
{ "type": "Feature", "properties": { "location_id": 65882.0, "place_type": "City 市", "place_name": "陳村", "country": "China", "province": "Guangdong" }, "geometry": { "type": "Point", "coordinates": [ 113.23, 22.96 ] } },
{ "type": "Feature", "properties": { "location_id": 66118.0, "place_type": "County 縣", "place_name": "金鄉", "country": "China", "province": "Shandong" }, "geometry": { "type": "Point", "coordinates": [ 116.31, 35.07 ] } },
{ "type": "Feature", "properties": { "location_id": 66118.0, "place_type": "County 縣", "place_name": "金鄉", "country": "China", "province": "Shandong" }, "geometry": { "type": "Point", "coordinates": [ 116.31, 35.07 ] } },
{ "type": "Feature", "properties": { "location_id": 66126.0, "place_type": "County 縣", "place_name": "建昌", "country": "China", "province": "Jehol" }, "geometry": { "type": "Point", "coordinates": [ 119.8, 40.82 ] } },
{ "type": "Feature", "properties": { "location_id": 66126.0, "place_type": "County 縣", "place_name": "建昌", "country": "China", "province": "Jehol" }, "geometry": { "type": "Point", "coordinates": [ 119.8, 40.82 ] } },
{ "type": "Feature", "properties": { "location_id": 66141.0, "place_type": "City 市", "place_name": "滿洲里", "country": "China", "province": "Heilongjiang" }, "geometry": { "type": "Point", "coordinates": [ 117.45, 49.59 ] } },
{ "type": "Feature", "properties": { "location_id": 66141.0, "place_type": "City 市", "place_name": "滿洲里", "country": "China", "province": "Heilongjiang" }, "geometry": { "type": "Point", "coordinates": [ 117.45, 49.59 ] } },
{ "type": "Feature", "properties": { "location_id": 66185.0, "place_type": "County 縣", "place_name": "郎岱", "country": "China", "province": "Guizhou" }, "geometry": { "type": "Point", "coordinates": [ 105.34, 26.09 ] } },
{ "type": "Feature", "properties": { "location_id": 66185.0, "place_type": "County 縣", "place_name": "郎岱", "country": "China", "province": "Guizhou" }, "geometry": { "type": "Point", "coordinates": [ 105.34, 26.09 ] } },
{ "type": "Feature", "properties": { "location_id": 66267.0, "place_type": "County 縣", "place_name": "長汀", "country": "China", "province": "Fujian" }, "geometry": { "type": "Point", "coordinates": [ 116.35, 25.83 ] } },
{ "type": "Feature", "properties": { "location_id": 66267.0, "place_type": "County 縣", "place_name": "長汀", "country": "China", "province": "Fujian" }, "geometry": { "type": "Point", "coordinates": [ 116.35, 25.83 ] } },
{ "type": "Feature", "properties": { "location_id": 66895.0, "place_type": "County 縣", "place_name": "黎川", "country": "China", "province": "Jiangxi" }, "geometry": { "type": "Point", "coordinates": [ 116.9, 27.29 ] } },
{ "type": "Feature", "properties": { "location_id": 66895.0, "place_type": "County 縣", "place_name": "黎川", "country": "China", "province": "Jiangxi" }, "geometry": { "type": "Point", "coordinates": [ 116.9, 27.29 ] } },
{ "type": "Feature", "properties": { "location_id": 66918.0, "place_type": "County 縣", "place_name": "桂縣", "country": "China", "province": "Guangxi" }, "geometry": { "type": "Point", "coordinates": [ 110.18, 25.24 ] } },
{ "type": "Feature", "properties": { "location_id": 66918.0, "place_type": "County 縣", "place_name": "桂縣", "country": "China", "province": "Guangxi" }, "geometry": { "type": "Point", "coordinates": [ 110.18, 25.24 ] } },
{ "type": "Feature", "properties": { "location_id": 67333.0, "place_type": "County 縣", "place_name": "寧德", "country": "China", "province": "Fujian" }, "geometry": { "type": "Point", "coordinates": [ 119.55, 26.67 ] } },
{ "type": "Feature", "properties": { "location_id": 67333.0, "place_type": "County 縣", "place_name": "寧德", "country": "China", "province": "Fujian" }, "geometry": { "type": "Point", "coordinates": [ 119.55, 26.67 ] } },
{ "type": "Feature", "properties": { "location_id": 67401.0, "place_type": "County 縣", "place_name": "灌縣", "country": "China", "province": "Sichuan" }, "geometry": { "type": "Point", "coordinates": [ 103.65, 30.98 ] } },
{ "type": "Feature", "properties": { "location_id": 67401.0, "place_type": "County 縣", "place_name": "灌縣", "country": "China", "province": "Sichuan" }, "geometry": { "type": "Point", "coordinates": [ 103.65, 30.98 ] } },
{ "type": "Feature", "properties": { "location_id": 67785.0, "place_type": "Town 鎮", "place_name": "Waltham Abbey", "country": "England", "province": "abroad" }, "geometry": { "type": "Point", "coordinates": [ 0.0, 51.68 ] } },
{ "type": "Feature", "properties": { "location_id": 67786.0, "place_type": "Region 區域", "place_name": "East of England", "country": "England", "province": "abroad" }, "geometry": { "type": "Point", "coordinates": [ 0.49, 51.56 ] } },
{ "type": "Feature", "properties": { "location_id": 67842.0, "place_type": "District 區", "place_name": "長泰", "country": "China", "province": "Fujian" }, "geometry": { "type": "Point", "coordinates": [ 117.75, 24.63 ] } },
{ "type": "Feature", "properties": { "location_id": 67842.0, "place_type": "District 區", "place_name": "長泰", "country": "China", "province": "Fujian" }, "geometry": { "type": "Point", "coordinates": [ 117.75, 24.63 ] } },
{ "type": "Feature", "properties": { "location_id": 67907.0, "place_type": "County 縣", "place_name": "諸縣", "country": "China", "province": "Shandong" }, "geometry": { "type": "Point", "coordinates": [ 119.43, 36.0 ] } },
{ "type": "Feature", "properties": { "location_id": 67907.0, "place_type": "County 縣", "place_name": "諸縣", "country": "China", "province": "Shandong" }, "geometry": { "type": "Point", "coordinates": [ 119.43, 36.0 ] } },
{ "type": "Feature", "properties": { "location_id": 67923.0, "place_type": "County 縣", "place_name": "宿松", "country": "China", "province": "Hubei" }, "geometry": { "type": "Point", "coordinates": [ 116.11, 30.16 ] } },
{ "type": "Feature", "properties": { "location_id": 67923.0, "place_type": "County 縣", "place_name": "宿松", "country": "China", "province": "Hubei" }, "geometry": { "type": "Point", "coordinates": [ 116.11, 30.16 ] } },
{ "type": "Feature", "properties": { "location_id": 67976.0, "place_type": "City 市", "place_name": "上饒", "country": "China", "province": "Jiangxi" }, "geometry": { "type": "Point", "coordinates": [ 117.97, 28.46 ] } },
{ "type": "Feature", "properties": { "location_id": 67976.0, "place_type": "City 市", "place_name": "上饒", "country": "China", "province": "Jiangxi" }, "geometry": { "type": "Point", "coordinates": [ 117.97, 28.46 ] } },
{ "type": "Feature", "properties": { "location_id": 68319.0, "place_type": "Town 鎮", "place_name": "東山", "country": "China", "province": "Jiangsu" }, "geometry": { "type": "Point", "coordinates": [ 118.83, 31.95 ] } },
{ "type": "Feature", "properties": { "location_id": 68319.0, "place_type": "Town 鎮", "place_name": "東山", "country": "China", "province": "Jiangsu" }, "geometry": { "type": "Point", "coordinates": [ 118.83, 31.95 ] } },
{ "type": "Feature", "properties": { "location_id": 68448.0, "place_type": "City 市", "place_name": "Southampton", "country": "UK", "province": "abroad" }, "geometry": { "type": "Point", "coordinates": [ -1.4, 50.9 ] } },
{ "type": "Feature", "properties": { "location_id": 68524.0, "place_type": "Country (independent)", "place_name": "Cuba 古巴", "country": "Cuba", "province": "abroad" }, "geometry": { "type": "Point", "coordinates": [ -78.05, 21.56 ] } },
{ "type": "Feature", "properties": { "location_id": 68731.0, "place_type": "County 縣", "place_name": "順義", "country": "China", "province": "Hebei" }, "geometry": { "type": "Point", "coordinates": [ 116.65, 40.13 ] } },
{ "type": "Feature", "properties": { "location_id": 68731.0, "place_type": "County 縣", "place_name": "順義", "country": "China", "province": "Hebei" }, "geometry": { "type": "Point", "coordinates": [ 116.65, 40.13 ] } },
{ "type": "Feature", "properties": { "location_id": 68751.0, "place_type": "County 縣", "place_name": "秋浦", "country": "China", "province": "Anhui" }, "geometry": { "type": "Point", "coordinates": [ 117.49, 30.64 ] } },
{ "type": "Feature", "properties": { "location_id": 68751.0, "place_type": "County 縣", "place_name": "秋浦", "country": "China", "province": "Anhui" }, "geometry": { "type": "Point", "coordinates": [ 117.49, 30.64 ] } },
{ "type": "Feature", "properties": { "location_id": 68904.0, "place_type": "City 市", "place_name": "Salt Lake City", "country": "USA", "province": "abroad" }, "geometry": { "type": "Point", "coordinates": [ -111.88, 40.77 ] } },
{ "type": "Feature", "properties": { "location_id": 68905.0, "place_type": "US State", "place_name": "Utah", "country": "USA", "province": "abroad" }, "geometry": { "type": "Point", "coordinates": [ -111.53, 39.32 ] } },
{ "type": "Feature", "properties": { "location_id": 69171.0, "place_type": "Town 鎮", "place_name": "震澤", "country": "China", "province": "Zhejiang" }, "geometry": { "type": "Point", "coordinates": [ 120.51, 30.91 ] } },
{ "type": "Feature", "properties": { "location_id": 69171.0, "place_type": "Town 鎮", "place_name": "震澤", "country": "China", "province": "Zhejiang" }, "geometry": { "type": "Point", "coordinates": [ 120.51, 30.91 ] } },
{ "type": "Feature", "properties": { "location_id": 69175.0, "place_type": "County 縣", "place_name": "陵縣", "country": "China", "province": "Hebei" }, "geometry": { "type": "Point", "coordinates": [ 116.6, 37.34 ] } },
{ "type": "Feature", "properties": { "location_id": 69175.0, "place_type": "County 縣", "place_name": "陵縣", "country": "China", "province": "Hebei" }, "geometry": { "type": "Point", "coordinates": [ 116.6, 37.34 ] } },
{ "type": "Feature", "properties": { "location_id": 69508.0, "place_type": "Colony", "place_name": "Taiwan 台灣 (臺灣)", "country": "Japan", "province": "Changhua" }, "geometry": { "type": "Point", "coordinates": [ 121.03, 23.77 ] } },
{ "type": "Feature", "properties": { "location_id": 69686.0, "place_type": "Town 鎮", "place_name": "湯山", "country": "China", "province": "Jiangsu" }, "geometry": { "type": "Point", "coordinates": [ 119.06, 32.06 ] } },
{ "type": "Feature", "properties": { "location_id": 69686.0, "place_type": "Town 鎮", "place_name": "湯山", "country": "China", "province": "Jiangsu" }, "geometry": { "type": "Point", "coordinates": [ 119.06, 32.06 ] } },
{ "type": "Feature", "properties": { "location_id": 69804.0, "place_type": "Area 地方", "place_name": "金口", "country": "China", "province": "Hubei" }, "geometry": { "type": "Point", "coordinates": [ 114.13, 30.34 ] } },
{ "type": "Feature", "properties": { "location_id": 69804.0, "place_type": "Area 地方", "place_name": "金口", "country": "China", "province": "Hubei" }, "geometry": { "type": "Point", "coordinates": [ 114.13, 30.34 ] } },
{ "type": "Feature", "properties": { "location_id": 70077.0, "place_type": "County 縣", "place_name": "Mohe 漠河", "country": "China", "province": "Heilongjiang" }, "geometry": { "type": "Point", "coordinates": [ 122.53, 52.96 ] } },
{ "type": "Feature", "properties": { "location_id": 70077.0, "place_type": "County 縣", "place_name": "Mohe 漠河", "country": "China", "province": "Heilongjiang" }, "geometry": { "type": "Point", "coordinates": [ 122.53, 52.96 ] } },
{ "type": "Feature", "properties": { "location_id": 70117.0, "place_type": "Region 區域", "place_name": "滇西", "country": "China", "province": "Yunnan" }, "geometry": { "type": "Point", "coordinates": [ 100.08, 26.88 ] } },
{ "type": "Feature", "properties": { "location_id": 70117.0, "place_type": "Region 區域", "place_name": "滇西", "country": "China", "province": "Yunnan" }, "geometry": { "type": "Point", "coordinates": [ 100.08, 26.88 ] } },
{ "type": "Feature", "properties": { "location_id": 70129.0, "place_type": "Circuit 道", "place_name": "平安北道", "country": null, "province": "abroad" }, "geometry": { "type": "Point", "coordinates": [ 125.37, 39.91 ] } },
{ "type": "Feature", "properties": { "location_id": 70137.0, "place_type": "Town 鎮", "place_name": "Ledo", "country": "India", "province": "abroad" }, "geometry": { "type": "Point", "coordinates": [ 95.74, 27.29 ] } },
{ "type": "Feature", "properties": { "location_id": 70138.0, "place_type": "Region 區域", "place_name": "Assam", "country": "India", "province": "abroad" }, "geometry": { "type": "Point", "coordinates": [ 92.95, 26.24 ] } },
{ "type": "Feature", "properties": { "location_id": 70253.0, "place_type": "Town 鎮", "place_name": "陵江", "country": "China", "province": "Sichuan" }, "geometry": { "type": "Point", "coordinates": [ 105.94, 31.73 ] } },
{ "type": "Feature", "properties": { "location_id": 70253.0, "place_type": "Town 鎮", "place_name": "陵江", "country": "China", "province": "Sichuan" }, "geometry": { "type": "Point", "coordinates": [ 105.94, 31.73 ] } },
{ "type": "Feature", "properties": { "location_id": 71201.0, "place_type": "County 縣", "place_name": "鳳凰", "country": "China", "province": "Hunan" }, "geometry": { "type": "Point", "coordinates": [ 109.6, 27.95 ] } },
{ "type": "Feature", "properties": { "location_id": 71201.0, "place_type": "County 縣", "place_name": "鳳凰", "country": "China", "province": "Hunan" }, "geometry": { "type": "Point", "coordinates": [ 109.6, 27.95 ] } },
{ "type": "Feature", "properties": { "location_id": 71222.0, "place_type": "County 縣", "place_name": "資溪", "country": "China", "province": "Jiangxi" }, "geometry": { "type": "Point", "coordinates": [ 117.06, 27.71 ] } },
{ "type": "Feature", "properties": { "location_id": 71222.0, "place_type": "County 縣", "place_name": "資溪", "country": "China", "province": "Jiangxi" }, "geometry": { "type": "Point", "coordinates": [ 117.06, 27.71 ] } },
{ "type": "Feature", "properties": { "location_id": 71474.0, "place_type": "County 縣", "place_name": "經扶", "country": "China", "province": "Hubei" }, "geometry": { "type": "Point", "coordinates": [ 114.89, 31.65 ] } },
{ "type": "Feature", "properties": { "location_id": 71474.0, "place_type": "County 縣", "place_name": "經扶", "country": "China", "province": "Hubei" }, "geometry": { "type": "Point", "coordinates": [ 114.89, 31.65 ] } },
{ "type": "Feature", "properties": { "location_id": 71570.0, "place_type": "District 區", "place_name": "九州", "country": "Japan", "province": "abroad" }, "geometry": { "type": "Point", "coordinates": [ 131.14, 32.52 ] } },
{ "type": "Feature", "properties": { "location_id": 71922.0, "place_type": "City 市", "place_name": "Honolulu", "country": "USA", "province": "abroad" }, "geometry": { "type": "Point", "coordinates": [ -157.85, 21.3 ] } },
{ "type": "Feature", "properties": { "location_id": 72813.0, "place_type": "City 市", "place_name": "Vancouver, British Columbia", "country": "Canada", "province": "abroad" }, "geometry": { "type": "Point", "coordinates": [ -123.25, 49.26 ] } },
{ "type": "Feature", "properties": { "location_id": 73908.0, "place_type": "Town 鎮", "place_name": "Xiwan", "country": "China", "province": "Guangxi" }, "geometry": { "type": "Point", "coordinates": [ 111.48, 24.46 ] } },
{ "type": "Feature", "properties": { "location_id": 73908.0, "place_type": "Town 鎮", "place_name": "Xiwan", "country": "China", "province": "Guangxi" }, "geometry": { "type": "Point", "coordinates": [ 111.48, 24.46 ] } },
{ "type": "Feature", "properties": { "location_id": 74132.0, "place_type": "City 市", "place_name": "Nottingham", "country": "England", "province": "abroad" }, "geometry": { "type": "Point", "coordinates": [ -1.14, 52.95 ] } },
{ "type": "Feature", "properties": { "location_id": 74133.0, "place_type": "Region 區域", "place_name": "East Midlands", "country": "England", "province": "abroad" }, "geometry": { "type": "Point", "coordinates": [ -0.97, 53.2 ] } },
{ "type": "Feature", "properties": { "location_id": 74491.0, "place_type": "City 市", "place_name": "潮州", "country": "China", "province": "Guangdong" }, "geometry": { "type": "Point", "coordinates": [ 116.61, 23.66 ] } },
{ "type": "Feature", "properties": { "location_id": 74491.0, "place_type": "City 市", "place_name": "潮州", "country": "China", "province": "Guangdong" }, "geometry": { "type": "Point", "coordinates": [ 116.61, 23.66 ] } },
{ "type": "Feature", "properties": { "location_id": 74523.0, "place_type": "City 市", "place_name": "Montpellier", "country": "France", "province": "abroad" }, "geometry": { "type": "Point", "coordinates": [ 3.88, 43.61 ] } },
{ "type": "Feature", "properties": { "location_id": 74524.0, "place_type": "Region 區域", "place_name": "Occitania", "country": "France", "province": "abroad" }, "geometry": { "type": "Point", "coordinates": [ 2.1, 43.73 ] } },
{ "type": "Feature", "properties": { "location_id": 74748.0, "place_type": "City 市", "place_name": "Buffalo", "country": "USA", "province": "abroad" }, "geometry": { "type": "Point", "coordinates": [ -78.88, 42.89 ] } },
{ "type": "Feature", "properties": { "location_id": 74749.0, "place_type": "District 區", "place_name": "Ivorydale", "country": "USA", "province": "abroad" }, "geometry": { "type": "Point", "coordinates": [ -84.5, 39.18 ] } },
{ "type": "Feature", "properties": { "location_id": 74782.0, "place_type": "US State", "place_name": "Kentucky", "country": "USA", "province": "abroad" }, "geometry": { "type": "Point", "coordinates": [ -84.81, 37.88 ] } },
{ "type": "Feature", "properties": { "location_id": 74887.0, "place_type": "City 市", "place_name": "Toronto", "country": "Canada", "province": "abroad" }, "geometry": { "type": "Point", "coordinates": [ -79.39, 43.65 ] } },
{ "type": "Feature", "properties": { "location_id": 74888.0, "place_type": "Province 省", "place_name": null, "country": "Canada", "province": "abroad" }, "geometry": { "type": "Point", "coordinates": [ -87.23, 50.07 ] } },
{ "type": "Feature", "properties": { "location_id": 75057.0, "place_type": "Town 鎮", "place_name": "Groton", "country": "USA", "province": "abroad" }, "geometry": { "type": "Point", "coordinates": [ -72.08, 41.35 ] } },
{ "type": "Feature", "properties": { "location_id": 75061.0, "place_type": "City 市", "place_name": "Camden", "country": "USA", "province": "abroad" }, "geometry": { "type": "Point", "coordinates": [ -75.12, 39.95 ] } },
{ "type": "Feature", "properties": { "location_id": 75073.0, "place_type": "City 市", "place_name": "Schenectady", "country": "USA", "province": "abroad" }, "geometry": { "type": "Point", "coordinates": [ -73.94, 42.82 ] } },
{ "type": "Feature", "properties": { "location_id": 75103.0, "place_type": "County 縣", "place_name": "Mobile", "country": "USA", "province": "abroad" }, "geometry": { "type": "Point", "coordinates": [ -88.04, 30.7 ] } },
{ "type": "Feature", "properties": { "location_id": 75104.0, "place_type": "US State", "place_name": "Alabama", "country": "USA", "province": "abroad" }, "geometry": { "type": "Point", "coordinates": [ -86.72, 32.64 ] } },
{ "type": "Feature", "properties": { "location_id": 75157.0, "place_type": "City 市", "place_name": "Newark", "country": "USA", "province": "abroad" }, "geometry": { "type": "Point", "coordinates": [ -74.17, 40.74 ] } },
{ "type": "Feature", "properties": { "location_id": 75166.0, "place_type": "Borough", "place_name": "Carteret", "country": "USA", "province": "abroad" }, "geometry": { "type": "Point", "coordinates": [ -74.23, 40.58 ] } },
{ "type": "Feature", "properties": { "location_id": 75259.0, "place_type": "Town 鎮", "place_name": "Taixing 太興", "country": "China", "province": "Hebei" }, "geometry": { "type": "Point", "coordinates": [ 115.97, 37.34 ] } },
{ "type": "Feature", "properties": { "location_id": 75259.0, "place_type": "Town 鎮", "place_name": "Taixing 太興", "country": "China", "province": "Hebei" }, "geometry": { "type": "Point", "coordinates": [ 115.97, 37.34 ] } },
{ "type": "Feature", "properties": { "location_id": 76195.0, "place_type": "County 縣", "place_name": "濮縣", "country": "China", "province": "Henan" }, "geometry": { "type": "Point", "coordinates": [ 115.38, 35.72 ] } },
{ "type": "Feature", "properties": { "location_id": 76195.0, "place_type": "County 縣", "place_name": "濮縣", "country": "China", "province": "Henan" }, "geometry": { "type": "Point", "coordinates": [ 115.38, 35.72 ] } },
{ "type": "Feature", "properties": { "location_id": 76385.0, "place_type": null, "place_name": null, "country": "Taiwan", "province": "Taipei" }, "geometry": { "type": "Point", "coordinates": [ 121.57, 25.03 ] } },
{ "type": "Feature", "properties": { "location_id": 76440.0, "place_type": null, "place_name": null, "country": "Taiwan", "province": "Keelung" }, "geometry": { "type": "Point", "coordinates": [ 121.74, 25.13 ] } },
{ "type": "Feature", "properties": { "location_id": 76643.0, "place_type": "County 縣", "place_name": "Pingtung 屏東", "country": "Taiwan", "province": "Pingtung" }, "geometry": { "type": "Point", "coordinates": [ 120.55, 22.55 ] } },
{ "type": "Feature", "properties": { "location_id": 76675.0, "place_type": null, "place_name": null, "country": "USA", "province": "abroad" }, "geometry": { "type": "Point", "coordinates": [ -73.8, 40.59 ] } },
{ "type": "Feature", "properties": { "location_id": 76900.0, "place_type": "City 市", "place_name": "Newport News", "country": "USA", "province": "abroad" }, "geometry": { "type": "Point", "coordinates": [ -76.47, 37.09 ] } },
{ "type": "Feature", "properties": { "location_id": 77025.0, "place_type": "City 市", "place_name": "永州", "country": "China", "province": "Hunan" }, "geometry": { "type": "Point", "coordinates": [ 111.61, 26.42 ] } },
{ "type": "Feature", "properties": { "location_id": 77025.0, "place_type": "City 市", "place_name": "永州", "country": "China", "province": "Hunan" }, "geometry": { "type": "Point", "coordinates": [ 111.61, 26.42 ] } },
{ "type": "Feature", "properties": { "location_id": 77046.0, "place_type": "County 縣", "place_name": "Baishitang 白石塘", "country": "China", "province": "Hunan" }, "geometry": { "type": "Point", "coordinates": [ 112.55, 28.37 ] } },
{ "type": "Feature", "properties": { "location_id": 77046.0, "place_type": "County 縣", "place_name": "Baishitang 白石塘", "country": "China", "province": "Hunan" }, "geometry": { "type": "Point", "coordinates": [ 112.55, 28.37 ] } },
{ "type": "Feature", "properties": { "location_id": 77111.0, "place_type": "City 市", "place_name": "Durham", "country": "USA", "province": "abroad" }, "geometry": { "type": "Point", "coordinates": [ -78.9, 36.0 ] } },
{ "type": "Feature", "properties": { "location_id": 77130.0, "place_type": "City 市", "place_name": "定州", "country": "China", "province": "Hebei" }, "geometry": { "type": "Point", "coordinates": [ 115.0, 38.52 ] } },
{ "type": "Feature", "properties": { "location_id": 77130.0, "place_type": "City 市", "place_name": "定州", "country": "China", "province": "Hebei" }, "geometry": { "type": "Point", "coordinates": [ 115.0, 38.52 ] } },
{ "type": "Feature", "properties": { "location_id": 77195.0, "place_type": "County 縣", "place_name": "華容", "country": "China", "province": "Hunan" }, "geometry": { "type": "Point", "coordinates": [ 112.54, 29.54 ] } },
{ "type": "Feature", "properties": { "location_id": 77195.0, "place_type": "County 縣", "place_name": "華容", "country": "China", "province": "Hunan" }, "geometry": { "type": "Point", "coordinates": [ 112.54, 29.54 ] } }
]
}
