degree_id,person_id,college_id,graduation_year,field,degree
285,282,218,1906,Science (unspecified),NA
286,282,279,1908,Civil Engineering 土木,Bachelor 學士
287,282,179,1909,Economics 經濟,Master 碩士
287,282,179,1909,Railway Administration,Master 碩士
288,282,179,1911,Economics 經濟,Doctor 博士
288,282,179,1911,Railway Administration,Doctor 博士
327,320,328,1919,Mining Engineering 礦冶,NA
343,336,349,1937,Civil Engineering 土木,Zhuanke 專科
351,340,354,1939,Mechanical Engineering 機械,NA
362,322,520,NA,Civil Engineering 土木,NA
370,368,235,1932,Electrical Engineering 電機,NA
403,401,1499,1922,Civil Engineering 土木,NA
425,424,426,NA,Civil Engineering 土木,NA
430,428,120,1926,Radio Engineering 無線電,NA
443,441,1499,1923,Civil Engineering 土木,NA
450,448,451,1935,Civil Engineering 土木,NA
454,452,455,1930,Civil Engineering 土木,NA
460,458,498,1930,Electrical Engineering 電機,NA
479,478,235,1939,Mechanical Engineering 機械,NA
482,480,483,1931,Chemical Engineering 化工,NA
484,480,198,1933,Chemical Engineering 化工,Master 碩士
485,480,217,1935,Chemical Engineering 化工,Doctor 博士
497,495,70078,1916,Civil Engineering 土木,NA
515,513,516,1937,Chemical Engineering 化工,NA
519,517,520,1936,Civil Engineering 土木,NA
525,523,516,1936,Civil Engineering 土木,NA
538,537,529,1930,Civil Engineering 土木,NA
545,543,349,1937,Chemical Engineering 化工,NA
548,546,529,1936,Civil Engineering 土木,NA
549,546,12802,NA,Mining Engineering 礦冶,NA
554,552,555,1938,Electrical Engineering 電機,NA
560,557,561,1917,Textile Engineering 紡織,NA
567,565,516,1935,Chemical Engineering 化工,NA
569,568,70078,1919,Civil Engineering 土木,NA
572,570,235,1922,Mechanical Engineering 機械,NA
591,589,2224,1937,Surveying 測量,NA
595,593,516,1937,Chemical Engineering 化工,NA
598,596,349,1937,Mechanical Engineering 機械,NA
602,600,603,1908,Architecture 建築,NA
615,614,451,1936,Civil Engineering 土木,NA
619,617,692,1931,Civil Engineering 土木,NA
626,624,152,1922,Mining Engineering 礦冶,NA
627,624,692,1918,Mining Engineering 礦冶,NA
638,637,639,1932,Civil Engineering 土木,NA
648,643,649,1937,unspecified,NA
654,651,498,1931,Electrical Engineering 電機,NA
657,655,692,1936,Mechanical Engineering 機械,NA
661,658,70078,1916,Civil Engineering 土木,NA
674,672,675,1931,Civil Engineering 土木,NA
682,679,516,1939,Mechanical Engineering 機械,NA
685,683,328,1935,Hydraulic Engineering 水利,NA
691,689,692,1912,Mining Engineering 礦冶,NA
706,705,498,1930,Mechanical Engineering 機械,NA
712,710,692,1927,Civil Engineering 土木,NA
720,718,692,1938,unspecified,NA
724,722,725,1916,Mining Engineering 礦冶,NA
727,722,728,1923,Mining Engineering 礦冶,NA
752,750,692,1931,Civil Engineering 土木,NA
766,764,217,NA,Civil Engineering 土木,NA
776,774,692,1927,Civil Engineering 土木,NA
783,781,675,1935,Civil Engineering 土木,NA
796,794,235,1931,Civil Engineering 土木,NA
799,798,800,1927,Mechanical Engineering 機械,NA
803,801,235,1935,Mechanical Engineering 機械,NA
808,805,235,1928,Mechanical Engineering 機械,NA
814,812,692,1912,Mining Engineering 礦冶,NA
820,817,821,1934,Mechanical Engineering 機械,NA
823,822,692,1933,Civil Engineering 土木,NA
828,826,692,1934,Civil Engineering 土木,NA
836,835,837,1935,Electrical Engineering 電機,NA
839,838,1499,1923,Civil Engineering 土木,NA
842,840,692,1932,Civil Engineering 土木,NA
845,843,498,1933,Electrical Engineering 電機,NA
849,848,692,1928,Civil Engineering 土木,NA
854,852,855,1926,Mechanical Engineering 機械,NA
867,865,498,1929,Textile Engineering 紡織,NA
869,868,498,1935,Electrical Engineering 電機,NA
873,870,498,1934,Electrical Engineering 電機,NA
875,874,876,1936,Electrical Engineering 電機,NA
880,878,1730,1917,Radio Engineering 無線電,NA
900,899,901,1936,Civil Engineering 土木,NA
904,902,821,1937,Civil Engineering 土木,NA
907,905,855,1927,Chemical Engineering 化工,NA
910,908,139,1923,Mechanical Engineering 機械,NA
933,931,229,1937,Mechanical Engineering 機械,NA
937,934,1499,1919,Civil Engineering 土木,NA
943,941,692,1916,Civil Engineering 土木,NA
951,949,115,1930,Civil Engineering 土木,NA
954,952,498,1937,Electrical Engineering 電機,NA
957,955,354,1935,Civil Engineering 土木,NA
960,958,70078,1913,Civil Engineering 土木,NA
963,961,235,1936,Electrical Engineering 電機,NA
966,964,229,1936,Electrical Engineering 電機,NA
976,973,2224,1937,Electrical Engineering 電機,NA
981,979,982,NA,Civil Engineering 土木,NA
993,992,994,1937,Civil Engineering 土木,NA
997,995,998,1935,Chemical Engineering 化工,NA
1005,1003,354,1936,Civil Engineering 土木,NA
1011,1010,354,1935,Civil Engineering 土木,NA
1017,1015,1499,1924,Civil Engineering 土木,NA
1045,1041,1730,1920,Wire Telecommunications 有線電,NA
1049,1039,195,1929,Physical Chemistry,Doctor 博士
1050,1047,235,1936,Civil Engineering 土木,NA
1056,1055,235,1928,Civil Engineering 土木,NA
1064,1062,3530,1926,Electrical Engineering 電機,NA
1067,1066,675,1928,Civil Engineering 土木,NA
1069,1068,276,1925,Civil Engineering 土木,Master 碩士
1074,1073,555,1938,Electrical Engineering 電機,NA
1077,1075,235,1936,Civil Engineering 土木,NA
1081,1078,1730,1921,Telecommunications 電信,NA
1083,1082,692,1923,Metallurgical Engineering 冶金工程,NA
1092,1090,455,1939,Civil Engineering 土木,NA
1096,1094,455,1937,Civil Engineering 土木,NA
1101,1098,1102,1909,Electrical Engineering 電機,NA
1115,1112,188,1916,Military Engineering 兵工機械,NA
1127,1125,529,1936,Electrical Engineering 電機,NA
1137,1136,1138,NA,Mining Engineering 礦冶,NA
1162,1160,235,1935,Civil Engineering 土木,NA
1166,1165,235,1925,Mechanical Engineering 機械,NA
1181,1180,195,1914,Chemical Engineering 化工,Master 碩士
1190,1188,235,1923,Electrical Engineering 電機,NA
1205,1204,561,1923,Textile Engineering 紡織,NA
1208,1204,235,1937,Mechanical Engineering 機械,NA
1211,1209,998,1929,Chemical Engineering 化工,NA
1216,1215,901,1929,Civil Engineering 土木,NA
1218,1217,675,1929,Civil Engineering 土木,NA
1220,1219,1310,1926,Chemical Engineering 化工,高等
1225,1224,561,1936,Chemical Engineering 化工,NA
1228,1226,70078,1913,Mining Engineering 礦冶,NA
1232,1229,179,1928,Electrical Engineering 電機,NA
1235,1229,171,1928,Telecommunications 電訊,Master 碩士
1246,1245,223,1928,Architecture 建築,Master 碩士
1252,1250,1253,1933,Civil Engineering 土木,NA
1257,1254,561,1920,Textile Engineering 紡織,NA
1260,1258,235,1930,Mechanical Engineering 機械,NA
1265,1263,235,1936,Electrical Engineering 電機,NA
1268,1267,1269,1938,Mining Engineering 礦冶,NA
1274,1271,235,1931,Electrical Engineering 電機,NA
1286,1285,561,1921,Textile Engineering 紡織,NA
1288,1287,561,1919,Textile Engineering 紡織,NA
1293,1289,455,1935,Electrical Engineering 電機,NA
1300,1298,692,1938,Civil Engineering 土木,NA
1303,1302,235,1931,Civil Engineering 土木,NA
1306,1304,1307,1919,Civil Engineering 土木,NA
1309,1308,1310,1911,Electrical Engineering 電機,NA
1324,1323,1310,1924,Textile Engineering 紡織,NA
1328,1327,2224,1939,Civil Engineering 土木,NA
1330,1329,70078,1918,Civil Engineering 土木,NA
1333,1331,498,1934,Mechanical Engineering 機械,NA
1336,1334,129,NA,Electrical Engineering 電機,Bachelor 學士
1337,1334,248,NA,Electrical Engineering 電機,Master 碩士
1352,1351,998,1932,Civil Engineering 土木,NA
1357,1355,555,1939,Civil Engineering 土木,NA
1360,1358,725,1934,Mining Engineering 礦冶,NA
1362,1361,855,1923,Chemical Engineering 化工,NA
1365,1363,725,1927,Mining Engineering 礦冶,NA
1368,1366,1369,1937,Electrical Engineering 電機,NA
1374,1373,725,1933,Electrical Engineering 電機,NA
1376,1375,561,1937,Textile Engineering 紡織,NA
1378,1377,725,1933,Civil Engineering 土木,NA
1382,1381,195,1914,Chemical Engineering 化工,NA
1400,1399,235,1913,Civil Engineering 土木,NA
1412,1408,235,1931,Civil Engineering 土木,NA
1416,1414,455,1930,Civil Engineering 土木,NA
1425,1424,235,1923,Mechanical Engineering 機械,NA
1429,1426,649,1932,Hydraulic Engineering 水利,NA
1435,1432,498,1931,Chemical Engineering 化工,NA
1459,1458,455,1930,Civil Engineering 土木,NA
1466,1464,235,1939,Mechanical Engineering 機械,NA
1470,1469,235,1916,Electrical Engineering 電機,NA
1473,1471,70078,1919,Military Engineering 兵工機械,NA
1476,1475,235,1935,Civil Engineering 土木,NA
1480,1479,1307,1919,Civil Engineering 土木,NA
1482,1481,1483,1925,Textile Engineering 紡織,NA
1488,1486,498,1935,Mechanical Engineering 機械,NA
1491,1489,649,1937,unspecified,NA
1494,1492,855,1932,Chemical Engineering 化工,NA
1498,1497,1499,1921,Mechanical Engineering 機械,NA
1515,1513,1516,1936,Civil Engineering 土木,NA
1517,1513,455,1938,Mechanical Engineering 機械,NA
1519,1518,1730,1916,Civil Engineering 土木,NA
1523,1521,455,1932,Electrical Engineering 電機,NA
1530,1528,235,1921,Civil Engineering 土木,NA
1533,1532,1730,1921,Telecommunications 電信,NA
1539,1538,229,1937,Mechanical Engineering 機械,NA
1542,1538,455,1939,Mechanical Engineering 機械,特別班
1545,1543,675,1931,Civil Engineering 土木,NA
1560,1558,692,1932,Civil Engineering 土木,NA
1565,1563,675,1936,Civil Engineering 土木,NA
1567,1566,1568,NA,Civil Engineering 土木,NA
1574,1572,725,1927,Mining Engineering 礦冶,NA
1576,1575,998,1938,Civil Engineering 土木,NA
1579,1577,855,1932,Electrical Engineering 電機,NA
1581,1580,725,1927,Civil Engineering 土木,NA
1590,1588,529,1930,Electrical Engineering 電機,NA
1593,1591,498,1933,Chemical Engineering 化工,NA
1598,1596,235,1934,Electrical Engineering 電機,NA
1605,1603,235,1912,Electrical Engineering 電機,NA
1608,1606,235,1932,Civil Engineering 土木,NA
1612,1611,1730,1916,Advanced Electricity 高等電氣,NA
1614,1613,455,1935,Civil Engineering 土木,NA
1619,1617,561,1936,Textile Engineering 紡織,NA
1621,1620,1499,1935,Civil Engineering 土木,NA
1628,1625,235,1927,Mechanical Engineering 機械,NA
1631,1629,998,1934,Civil Engineering 土木,NA
1634,1632,70078,1913,Civil Engineering 土木,NA
1637,1635,235,1929,Education 教育,NA
1641,1639,235,1937,Mechanical Engineering 機械,NA
1644,1642,692,1926,Civil Engineering 土木,NA
1657,1654,1730,1912,Telecommunications 電信,NA
1660,1658,1499,1933,Civil Engineering 土木,NA
1665,1663,1730,1916,Civil Engineering 土木,NA
1669,1668,855,1925,Mechanical Engineering 機械,NA
1672,1670,2224,1937,Surveying 測量,NA
1674,1673,235,1935,Civil Engineering 土木,NA
1678,1677,1679,1936,Civil Engineering 土木,NA
1683,1681,1310,1930,Chemical Engineering 化工,NA
1692,1691,675,1933,Civil Engineering 土木,NA
1696,1693,455,1938,Electrical Engineering 電機,NA
1704,1699,561,1935,Textile Engineering 紡織,NA
1709,1707,837,1937,Electrical Engineering 電機,NA
1712,1710,555,1939,Civil Engineering 土木,NA
1715,1713,235,1926,Mechanical Engineering 機械,NA
1729,1728,1730,1923,Telecommunications 電信,NA
1741,1739,1742,1938,Civil Engineering 土木,NA
1744,1743,235,1935,Telecommunications 電信,NA
1746,1745,235,1936,Electrical Engineering 電機,NA
1749,1747,455,1931,Civil Engineering 土木,NA
1751,1747,198,NA,Civil Engineering 土木,Master 碩士
1756,1755,235,1923,Civil Engineering 土木,NA
1771,1768,235,1924,Mechanical Engineering 機械,NA
1780,1778,2224,1939,Mechanical Engineering 機械,NA
1782,1781,235,1927,Mechanical Engineering 機械,NA
1783,1781,152,1928,Mechanical Engineering 機械,Master 碩士
1797,1796,171,NA,Electrical Engineering 電機,NA
1798,1796,198,1921,Radio Engineering 無線電,NA
1818,1816,349,1938,Architecture 建築,NA
1823,1822,675,1931,Civil Engineering 土木,NA
1827,1826,516,1937,Civil Engineering 土木,NA
1830,1829,555,1938,Electrical Engineering 電機,NA
1832,1831,3530,1924,Chemical Engineering 化工,NA
1837,1836,455,1939,Architecture 建築,NA
1840,1838,229,1936,Mechanical Engineering 機械,NA
1845,1844,354,1938,Mechanical Engineering 機械,NA
1847,1846,3530,1926,Chemical Engineering 化工,NA
1858,1856,198,1929,unspecified,NA
1868,1866,675,1938,Civil Engineering 土木,NA
1873,1872,354,1933,Civil Engineering 土木,NA
1876,1874,229,1933,Civil Engineering 土木,NA
1882,1880,455,1935,Civil Engineering 土木,NA
1886,1884,349,1937,Civil Engineering 土木,NA
1888,1887,235,1935,Electrical Engineering 電機,NA
1891,1890,455,1934,Mechanical Engineering 機械,NA
1897,1896,229,1937,Civil Engineering 土木,NA
1899,1898,354,1937,Civil Engineering 土木,NA
1901,1900,675,1936,Civil Engineering 土木,NA
1904,1902,455,1933,Civil Engineering 土木,NA
1906,1905,1907,1924,Electrical Engineering 電機,NA
1919,1918,998,1928,Electrical Engineering 電機,NA
1920,1917,455,1934,Electrical Engineering 電機,NA
1924,1921,455,1935,Electrical Engineering 電機,NA
1927,1922,516,1935,Civil Engineering 土木,NA
1928,1925,837,1935,Electrical Engineering 電機,NA
1931,1929,555,1939,Electrical Engineering 電機,NA
1932,1930,455,1930,Civil Engineering 土木,NA
1934,1933,821,1933,Electrical Engineering 電機,NA
1937,1936,5740,1928,Electrical Engineering 電機,NA
1944,1935,1946,NA,unspecified,NA
1949,1935,1950,1929,Civil Engineering 土木,NA
1973,1971,692,1930,Civil Engineering 土木,NA
1977,1974,235,1928,Mechanical Engineering 機械,NA
1983,1982,821,1931,Mechanical Engineering 機械,NA
1987,1986,1499,1928,Civil Engineering 土木,NA
1990,1989,998,1928,Electrical Engineering 電機,NA
1994,1992,1995,NA,Mining Engineering 礦冶,NA
2001,2000,498,1933,Chemical Engineering 化工,NA
2003,2002,2004,1939,Civil Engineering 土木,NA
2006,2005,1679,1937,Civil Engineering 土木,NA
2008,2007,1499,1911,Civil Engineering 土木,NA
2010,2009,1499,1934,Civil Engineering 土木,NA
2012,2011,152,1923,Civil Engineering 土木,NA
2013,2011,152,1924,Civil Engineering 土木,Master 碩士
2027,2026,675,1926,Civil Engineering 土木,NA
2030,2029,516,1939,Civil Engineering 土木,NA
2032,2031,2033,1900,Civil Engineering 土木,NA
2035,2034,2036,1914,Electrical Engineering 電機,NA
2038,2034,227,NA,Electrical Engineering 電機,NA
2042,2041,235,1931,Electrical Engineering 電機,NA
2053,2052,1499,1919,Civil Engineering 土木,NA
2058,2057,235,1918,Civil Engineering 土木,NA
2060,2059,455,1930,Civil Engineering 土木,NA
2063,2061,529,1939,Civil Engineering 土木,NA
2065,2064,1499,1932,Civil Engineering 土木,NA
2069,2067,1730,1918,Electrical Engineering 電機,NA
2072,2070,725,1936,Civil Engineering 土木,NA
2074,2073,235,1938,Mechanical Engineering 機械,NA
2077,2075,2078,NA,Electrical Engineering 電機,NA
2101,2100,2102,1927,Chemical Engineering 化工,NA
2115,2113,998,1931,Electrical Engineering 電機,NA
2120,2119,2121,1926,Chemical Engineering 化工,NA
2137,2136,1499,1935,Civil Engineering 土木,NA
2141,2140,235,1932,Electrical Engineering 電機,NA
2152,2149,235,1926,Electrical Engineering 電機,NA
2160,2159,70078,1920,Civil Engineering 土木,NA
2163,2162,1730,1924,Radio Engineering 無線電,NA
2172,2171,2173,1923,Mechanical Engineering 機械,NA
2175,2171,171,1924,Telecommunications 電信,Master 碩士
2194,2193,235,1937,Civil Engineering 土木,NA
2196,2195,171,1916,Electrical Engineering 電機,NA
2199,2198,235,1926,Electrical Engineering 電機,NA
2210,2209,1269,1939,Mining Engineering 礦冶,NA
2212,2211,692,1925,Mining Engineering 礦冶,NA
2220,2219,235,1930,Mechanical Engineering 機械,NA
2230,2229,2224,1931,Electrical Engineering 電機,NA
2237,2235,998,1929,Electrical Engineering 電機,NA
2255,2254,1310,1910,Electrical Engineering 電機,NA
2277,2276,2278,1927,Chemical Engineering 化工,NA
2290,2289,821,1934,Electrical Engineering 電機,NA
2292,2291,455,1935,Architecture 建築,NA
2293,2291,179,NA,Architecture 建築,Master 碩士
2296,2295,235,1935,Mechanical Engineering 機械,NA
2303,2302,692,1929,Civil Engineering 土木,NA
2307,2306,998,1934,Civil Engineering 土木,NA
2311,2309,561,1926,Textile Engineering 紡織,NA
2314,2312,725,1935,Mechanical Engineering 機械,NA
2316,2315,692,1936,Mechanical Engineering 機械,NA
2327,2326,2328,1935,Civil Engineering 土木,NA
2333,2332,998,1934,Chemistry 化學,NA
2335,2334,675,1928,Civil Engineering 土木,NA
2345,2344,561,1937,Textile Engineering 紡織,NA
2347,2346,998,1937,Mechanical Engineering 機械,NA
2350,2348,1730,1924,Radio Engineering 無線電,Zhuanke 專科
2353,2351,561,1917,Textile Engineering 紡織,NA
2356,2355,203,NA,Mining Engineering 礦冶,NA
2368,2367,235,1929,Electrical Engineering 電機,NA
2369,2367,2370,NA,unspecified,NA
2385,2384,2224,1937,Surveying 測量,NA
2387,2386,195,1918,Civil Engineering 土木,Bachelor 學士
2391,2389,561,1936,Textile Engineering 紡織,NA
2393,2392,251,1923,Engineering (general/undefined) 工科/工程師,NA
2394,2392,198,1931,Chemical Engineering 化工,Master 碩士
2410,2409,2224,1919,Civil Engineering 土木,NA
2412,2411,235,1912,Electrical Engineering 電機,NA
2418,2417,1730,1916,Civil Engineering 土木,NA
2424,2423,1730,1912,Telecommunications 電信,NA
2427,2426,994,1939,Civil Engineering 土木,NA
2430,2428,70078,1917,Mining Engineering 礦冶,NA
2433,2432,994,1939,Civil Engineering 土木,NA
2436,2434,821,1935,Civil Engineering 土木,NA
2439,2437,855,1935,Chemical Engineering 化工,NA
2444,2442,455,1935,Chemical Engineering 化工,NA
2450,2449,1499,1911,Civil Engineering 土木,NA
2471,2469,483,1935,Electrical Engineering 電機,NA
2479,2478,235,1937,Civil Engineering 土木,NA
2482,2480,2483,1929,Civil Engineering 土木,NA
2490,2488,1730,1915,Radio Engineering 無線電,NA
2493,2492,1730,1914,Radio Engineering 無線電,NA
2499,2497,692,1933,Mechanical Engineering 機械,NA
2505,2504,2224,1937,Surveying 測量,NA
2509,2507,821,1934,Electrical Engineering 電機,NA
2511,2510,70078,1921,Civil Engineering 土木,NA
2520,2519,1499,1933,Civil Engineering 土木,NA
2523,2522,1499,1935,Civil Engineering 土木,NA
2531,2529,821,1935,Civil Engineering 土木,NA
2536,2532,561,1918,Textile Engineering 紡織,NA
2540,2538,235,1933,Mechanical Engineering 機械,NA
2543,2541,998,1935,Electrical Engineering 電機,NA
2546,2544,649,1937,unspecified,NA
2549,2548,235,1929,Electrical Engineering 電機,NA
2557,2556,561,1919,Textile Engineering 紡織,NA
2559,2558,235,1932,Electrical Engineering 電機,NA
2563,2562,692,1930,Civil Engineering 土木,NA
2568,2566,1310,1926,Chemical Engineering 化工,NA
2570,2566,2571,1929,Chemical Engineering 化工,NA
2583,2582,2584,1920,Chemical Engineering 化工,NA
2589,2588,1310,1921,Mechanical Engineering 機械,NA
2602,2601,120,1927,unspecified,NA
2623,2622,561,1930,Textile Engineering 紡織,NA
2626,2624,1730,1918,Telecommunications 電訊,NA
2636,2635,675,1936,Civil Engineering 土木,NA
2642,2640,235,1939,Mechanical Engineering 機械,NA
2644,2643,675,1930,Civil Engineering 土木,NA
2648,2647,235,1934,Electrical Engineering 電機,NA
2658,2657,1679,1937,Civil Engineering 土木,NA
2669,2668,115,1937,Civil Engineering 土木,NA
2671,2670,692,1919,Civil Engineering 土木,NA
2677,2676,2678,NA,unspecified,NA
2683,2682,837,1926,Mining Engineering 礦冶,NA
2684,2682,2685,1929,Mechanical Engineering 機械,NA
2700,2699,692,1916,Civil Engineering 土木,NA
2709,2708,70078,1917,Mining Engineering 礦冶,NA
2720,2719,725,1928,Electrical Engineering 電機,NA
2723,2721,855,1923,Mechanical Engineering 機械,NA
2725,2724,426,1928,Civil Engineering 土木,NA
2729,2727,649,1932,Hydraulic Engineering 水利,NA
2733,2731,725,1917,Electrical Engineering 電機,Zhuanke 專科
2735,2734,426,1937,Civil Engineering 土木,NA
2738,2737,2740,1927,Mining Engineering 礦冶,NA
2746,2745,561,1915,Textile Engineering 紡織,NA
2748,2747,235,1934,Electrical Engineering 電機,NA
2776,2775,725,1936,Civil Engineering 土木,NA
2778,2777,855,1924,Mechanical Engineering 機械,NA
2781,2779,179,1928,Chemical Engineering 化工,NA
2785,2784,235,1925,Electrical Engineering 電機,NA
2789,2788,692,1933,Civil Engineering 土木,NA
2795,2793,561,1925,Textile Engineering 紡織,NA
2798,2796,692,1929,Mining Engineering 礦冶,NA
2814,2813,725,1934,Mining Engineering 礦冶,NA
2816,2815,516,1937,Civil Engineering 土木,NA
2818,2817,725,1933,Electrical Engineering 電機,NA
2820,2819,1730,1912,Civil Engineering 土木,NA
2822,2821,692,1934,Civil Engineering 土木,NA
2831,2828,692,1931,Civil Engineering 土木,NA
2835,2834,529,1938,Civil Engineering 土木,NA
2839,2836,2840,1930,Civil Engineering 土木,NA
2843,2842,2840,1931,Civil Engineering 土木,NA
2855,2854,725,1923,Mechanical Engineering 機械,NA
2858,2856,821,1929,Civil Engineering 土木,NA
2862,2860,692,1938,Civil Engineering 土木,NA
2864,2863,725,1916,Mining Engineering 礦冶,NA
2865,2863,1310,1923,Textile Engineering 紡織,NA
2869,2868,455,1935,Electrical Engineering 電機,NA
2873,2872,70078,1921,Mining Engineering 礦冶,NA
2875,2874,2876,1938,Civil Engineering 土木,NA
2878,2877,2224,1930,Electrical Engineering 電機,NA
2885,2879,692,1938,Civil Engineering 土木,NA
2887,2886,2888,1939,Mechanical Engineering 機械,NA
2891,2890,692,1924,Civil Engineering 土木,NA
2894,2893,455,1937,Architecture 建築,NA
2899,2897,821,1929,Civil Engineering 土木,NA
2901,2900,692,1935,Mechanical Engineering 機械,NA
2923,2922,70078,1918,Civil Engineering 土木,NA
2925,2924,2740,1922,Mining Engineering 礦冶,NA
2943,2941,561,1924,Textile Engineering 紡織,NA
2946,2944,155,1930,Chemical Engineering 化工,NA
2964,2963,692,1938,Electrical Engineering 電機,NA
2966,2965,998,1931,Civil Engineering 土木,NA
2968,2967,1499,1927,Civil Engineering 土木,NA
2970,2969,179,1931,Civil Engineering 土木,Master 碩士
2975,2973,1499,1933,Civil Engineering 土木,NA
2979,2977,235,1933,Electrical Engineering 電機,NA
2986,2984,235,1928,Mechanical Engineering 機械,NA
2997,2996,2224,1939,Surveying 測量,NA
2999,2998,1499,1935,Civil Engineering 土木,NA
3002,3000,529,1934,Electrical Engineering 電機,NA
3008,3007,498,1937,Electrical Engineering 電機,NA
3010,3009,235,1936,Textile Engineering 紡織,NA
3014,3013,561,1921,Textile Engineering 紡織,NA
3017,3015,235,1938,Civil Engineering 土木,NA
3019,3018,455,1939,Mechanical Engineering 機械,NA
3021,3020,837,1936,Chemical Engineering 化工,NA
3024,3022,70078,1923,Mechanical Engineering 機械,NA
3031,3030,725,1932,Mining Engineering 礦冶,NA
3034,3032,855,1937,Mechanical Engineering 機械,NA
3037,3035,498,1936,Textile Engineering 紡織,NA
3043,3041,3044,1935,Civil Engineering 土木,NA
3045,3041,198,NA,Civil Engineering 土木,Master 碩士
3054,3052,855,1929,Chemical Engineering 化工,NA
3056,3055,725,1923,Mining Engineering 礦冶,NA
3058,3057,3059,1925,Aeronautical Engineering,NA
3061,3057,3059,1926,Mechanical Engineering 機械,Diplom
3072,3071,3073,1936,Civil Engineering 土木,NA
3078,3077,455,1939,Mechanical Engineering 機械,NA
3080,3079,837,1935,Electrical Engineering 電機,NA
3082,3081,692,1930,Civil Engineering 土木,NA
3085,3084,692,1934,Civil Engineering 土木,NA
3089,3088,692,1915,Mining Engineering 礦冶,NA
3091,3090,455,1930,Civil Engineering 土木,NA
3095,3094,692,1922,Civil Engineering 土木,NA
3102,3100,2584,1925,Civil Engineering 土木,NA
3117,3116,821,1938,Civil Engineering 土木,NA
3119,3118,529,1928,Electrical Engineering 電機,NA
3120,3118,179,1932,Electrical Engineering 電機,NA
3121,3118,227,1934,Electrical Engineering 電機,Master 碩士
3134,3132,692,1915,Military Engineering 兵工機械,NA
3136,3135,455,1931,Civil Engineering 土木,NA
3138,3137,1730,1924,Radio Engineering 無線電,Zhuanke 專科
3145,3142,3146,NA,Mining Engineering 礦冶,NA
3151,3150,3044,1937,Civil Engineering 土木,NA
3153,3152,1730,1914,Radio Engineering 無線電,NA
3155,3154,235,1929,Mechanical Engineering 機械,NA
3156,3154,3157,1931,Chemical Engineering 化工,NA
3159,3154,198,1932,Chemical Engineering 化工,Master 碩士
3172,3171,120,NA,Mining Engineering 礦冶,NA
3173,3171,3174,1925,Mining Engineering 礦冶,NA
3197,3196,70078,1917,Civil Engineering 土木,NA
3200,3198,692,1934,Civil Engineering 土木,NA
3204,3202,227,1932,Mechanical Engineering 機械,NA
3205,3202,152,1931,Mechanical Engineering 機械,Master 碩士
3212,3211,1730,1914,Radio Engineering 無線電,NA
3215,3213,5740,NA,Mining Engineering 礦冶,NA
3223,3222,855,1937,Electrical Engineering 電機,NA
3227,3224,725,1932,Mining Engineering 礦冶,NA
3229,3228,821,1935,Civil Engineering 土木,NA
3233,3232,516,1936,Civil Engineering 土木,NA
3235,3234,1742,1937,Civil Engineering 土木,NA
3237,3236,516,1936,Civil Engineering 土木,NA
3241,3238,498,1934,Chemical Engineering 化工,NA
3243,3242,235,1912,Civil Engineering 土木,NA
3255,3254,529,1934,Civil Engineering 土木,NA
3257,3256,198,1923,Electrical Engineering 電機,NA
3271,3269,821,1935,Civil Engineering 土木,NA
3273,3272,529,1931,Mechanical Engineering 機械,NA
3276,3274,1730,1921,Telecommunications 電訊,NA
3280,3279,235,1930,Electrical Engineering 電機,NA
3283,3282,235,1921,Civil Engineering 土木,NA
3284,3282,152,1922,Civil Engineering 土木,Master 碩士
3299,3298,692,1924,Civil Engineering 土木,NA
3311,3310,3044,1935,Civil Engineering 土木,NA
3313,3312,3314,1928,"Mathematics, Physics, and Chemistry 數理化",NA
3315,3312,219,1931,Electrical Engineering 電機,NA
3320,3318,1499,1927,Civil Engineering 土木,NA
3324,3322,516,1939,Civil Engineering 土木,NA
3327,3325,520,1939,Chemical Engineering 化工,NA
3329,3328,1499,1936,Civil Engineering 土木,NA
3332,3330,235,1938,Electrical Engineering 電機,NA
3336,3334,349,1937,Telecommunications 電信,Zhuanke 專科
3338,3337,235,1927,Electrical Engineering 電機,NA
3349,3347,3350,1915,Mining Engineering 礦冶,NA
3367,3365,1310,1913,Chemical Engineering 化工,NA
3377,3376,70078,1925,Mechanical Engineering 機械,NA
3382,3381,1310,1916,Chemical Engineering 化工,NA
3405,3404,2888,1939,Electrical Engineering 電機,NA
3407,3406,229,1936,Civil Engineering 土木,NA
3411,3409,837,1935,Electrical Engineering 電機,NA
3413,3412,1730,1916,Electrical Engineering 電機,NA
3415,3414,455,1934,Electrical Engineering 電機,NA
3419,3418,1499,1933,Civil Engineering 土木,NA
3422,3421,561,1934,Textile Engineering 紡織,NA
3424,3423,520,1934,Civil Engineering 土木,NA
3431,3430,675,1931,Civil Engineering 土木,NA
3433,3432,876,1937,Civil Engineering 土木,NA
3436,3434,692,1926,Mining Engineering 礦冶,NA
3438,3437,529,1926,Electrical Engineering 電機,NA
3450,3449,520,1937,Civil Engineering 土木,NA
3452,3451,1907,1919,Mechanical Engineering 機械,NA
3469,3466,2876,1937,Civil Engineering 土木,NA
3472,3470,1499,1937,Civil Engineering 土木,NA
3474,3473,998,NA,Civil Engineering 土木,NA
3476,3475,998,1937,Chemical Engineering 化工,NA
3478,3477,179,1922,Civil Engineering 土木,NA
3489,3487,675,1929,Civil Engineering 土木,NA
3491,3490,235,1929,Mechanical Engineering 機械,NA
3496,3494,1730,1915,Electrical Engineering 電機,NA
3498,3497,235,1933,Civil Engineering 土木,NA
3501,3499,498,1936,Electrical Engineering 電機,NA
3505,3504,354,1938,Mechanical Engineering 機械,NA
3508,3507,692,1923,Civil Engineering 土木,NA
3516,3515,1310,NA,Mechanical Engineering 機械,NA
3529,3528,3530,1924,Chemical Engineering 化工,NA
3534,3533,498,1934,Electrical Engineering 電機,NA
3535,3531,1730,1918,Telecommunications 電訊,NA
3537,3536,235,1936,Civil Engineering 土木,NA
3541,3538,235,1931,Civil Engineering 土木,NA
3544,3539,1499,1932,Civil Engineering 土木,NA
3548,3546,998,1934,Electrical Engineering 電機,NA
3553,3547,649,1932,unspecified,NA
3562,3561,821,1931,Mechanical Engineering 機械,NA
3574,3570,675,1931,Civil Engineering 土木,NA
3577,3576,235,1922,Electrical Engineering 電機,NA
3584,3581,498,1932,Mechanical Engineering 機械,NA
3586,3585,235,1936,Civil Engineering 土木,NA
3588,3587,1499,1933,Civil Engineering 土木,NA
3589,3587,152,1935,Civil Engineering 土木,Master 碩士
3590,3587,179,1936,Civil Engineering 土木,NA
3593,3591,692,1920,Mining Engineering 礦冶,NA
3609,3607,349,1938,Mechanical Engineering 機械,NA
3612,3610,2224,1923,Civil Engineering 土木,NA
3618,3617,498,1937,Electrical Engineering 電機,NA
3639,3638,1499,1934,Civil Engineering 土木,NA
3643,3641,1730,1914,Radio Engineering 無線電,NA
3646,3644,498,1933,Mechanical Engineering 機械,NA
3654,3653,675,1929,Civil Engineering 土木,NA
3656,3655,561,1923,Textile Engineering 紡織,NA
3659,3657,1499,1934,Civil Engineering 土木,NA
3663,3661,498,1932,Electrical Engineering 電機,NA
3666,3664,692,1931,Civil Engineering 土木,NA
3673,3671,725,1916,Mining Engineering 礦冶,NA
3675,3674,195,1914,Mechanical Engineering 機械,Bachelor 學士
3686,3685,498,1934,Mechanical Engineering 機械,NA
3694,3693,6140,1920,Civil Engineering 土木,NA
3711,3709,901,NA,Civil Engineering 土木,NA
3712,3709,195,1928,Civil Engineering 土木,NA
3725,3722,876,1936,Civil Engineering 土木,NA
3728,3724,1499,1935,Civil Engineering 土木,NA
3729,3727,235,1919,unspecified,NA
3732,3723,1742,1939,Civil Engineering 土木,NA
3736,3731,498,1934,Textile Engineering 紡織,NA
3740,3738,498,1934,Chemical Engineering 化工,NA
3743,3737,498,1932,Electrical Engineering 電機,NA
3744,3742,675,1934,Civil Engineering 土木,NA
3747,3746,529,1936,Mechanical Engineering 機械,NA
3751,3748,1310,1923,Electrical Engineering 電機,Master 碩士
3766,3764,1269,1939,Civil Engineering 土木,NA
3769,3767,725,1937,Electrical Engineering 電機,NA
3772,3770,692,1927,Civil Engineering 土木,NA
3774,3773,1730,1915,Electrical Engineering 電機,NA
3781,3779,725,1936,Mining Engineering 礦冶,NA
3785,3782,821,1937,Electrical Engineering 電機,NA
3787,3786,179,1924,Mining Engineering 礦冶,NA
3788,3786,3789,1925,Mining Engineering 礦冶,Master 碩士
3801,3799,498,1936,Electrical Engineering 電機,NA
3804,3802,649,1937,Hydraulic Engineering 水利,NA
3806,3805,561,1927,Textile Engineering 紡織,NA
3811,3810,455,1935,Electrical Engineering 電機,NA
3816,3815,3817,1936,Electrical Engineering 電機,NA
3819,3818,279,1918,Civil Engineering 土木,Master 碩士
3826,3825,235,1932,Civil Engineering 土木,NA
3830,3828,3530,1925,Electrical Engineering 電機,NA
3832,3831,529,1935,Civil Engineering 土木,NA
3834,3833,516,1935,Civil Engineering 土木,NA
3836,3835,675,1939,Civil Engineering 土木,NA
3840,3838,235,1927,Electrical Engineering 電機,NA
3847,3846,529,1934,Electrical Engineering 電機,NA
3852,3850,692,1931,Civil Engineering 土木,NA
3855,3854,1730,1912,Civil Engineering 土木,NA
3858,3856,649,1932,Hydraulic Engineering 水利,NA
3860,3859,855,1932,Chemical Engineering 化工,NA
3863,3862,692,1916,Civil Engineering 土木,NA
3867,3865,1269,1936,Mechanical Engineering 機械,NA
3869,3868,692,1910,Civil Engineering 土木,NA
3871,3870,1138,1918,Mining Engineering 礦冶,NA
3885,3883,675,1933,Civil Engineering 土木,NA
3898,3641,1730,1918,Radio Engineering 無線電,中等
3902,3900,725,1930,Mechanical Engineering 機械,NA
3904,3903,1516,1937,Mechanical Engineering 機械,NA
3906,3905,455,1930,Mechanical Engineering 機械,NA
3917,3913,498,1934,Electrical Engineering 電機,NA
3919,3918,855,1924,Mechanical Engineering 機械,NA
3921,3920,235,1932,Civil Engineering 土木,NA
3925,3923,692,1927,Mining Engineering 礦冶,NA
3927,3926,998,1939,Electrical Engineering 電機,NA
3929,3928,235,1930,Mechanical Engineering 機械,NA
3933,3932,561,1935,Textile Engineering 紡織,NA
3936,3934,692,1937,Mining Engineering 礦冶,NA
3938,3937,821,1937,Civil Engineering 土木,NA
3941,3939,837,1936,Chemical Engineering 化工,NA
3943,3942,821,1933,Civil Engineering 土木,NA
3944,3914,3945,1924,Chemical Engineering 化工,NA
3961,3960,2004,1939,Mechanical Engineering 機械,NA
3964,3962,675,1932,Civil Engineering 土木,NA
3967,3965,725,1926,Mining Engineering 礦冶,NA
3970,3968,675,1936,Civil Engineering 土木,NA
3977,3975,692,1935,Civil Engineering 土木,NA
3981,3980,235,1936,Mechanical Engineering 機械,NA
3988,3987,70078,1913,Mining Engineering 礦冶,NA
3990,3989,498,1933,Electrical Engineering 電機,NA
3995,3993,235,1930,Mechanical Engineering 機械,NA
4000,3998,1269,1939,Civil Engineering 土木,NA
4006,4004,529,1933,Civil Engineering 土木,NA
4009,4008,561,1933,Textile Engineering 紡織,NA
4013,4012,692,1933,Civil Engineering 土木,NA
4016,4015,4017,1928,Chemical Engineering 化工,NA
4032,4031,2224,1934,Electrical Engineering 電機,NA
4033,4031,4034,NA,Engineering (general/undefined) 工科/工程師,Doctor 博士
4043,4040,821,1932,Mining Engineering 礦冶,NA
4052,4050,692,1935,Civil Engineering 土木,NA
4054,4053,821,1933,Architecture 建築,NA
4056,4055,498,1930,Electrical Engineering 電機,NA
4058,4057,3073,1934,Mining Engineering 礦冶,NA
4060,4059,837,1936,Electrical Engineering 電機,NA
4062,4061,821,1932,Textile Engineering 紡織,NA
4064,4063,821,1933,Architecture 建築,NA
4066,4065,498,1929,Electrical Engineering 電機,NA
4068,4067,455,1933,Electrical Engineering 電機,NA
4072,4071,70078,1919,Mining Engineering 礦冶,NA
4077,4075,529,1938,Civil Engineering 土木,NA
4080,4078,725,1917,Mechanical Engineering 機械,Zhuanke 專科
4083,4081,555,1938,Electrical Engineering 電機,NA
4087,4085,725,1932,Mining Engineering 礦冶,NA
4090,4088,692,1925,Civil Engineering 土木,NA
4093,4092,4094,NA,Civil Engineering 土木,NA
4105,4104,498,1931,Electrical Engineering 電機,NA
4107,4106,994,1920,Mechanical Engineering 機械,NA
4119,4118,4120,1923,Civil Engineering 土木,NA
4123,4121,1499,1932,Civil Engineering 土木,NA
4126,4125,198,1925,Civil Engineering 土木,Master 碩士
4131,4128,725,1916,Civil Engineering 土木,NA
4133,4132,1730,1912,Telecommunications 郵電,高等
4135,4134,1730,1921,Telecommunications 電信,NA
4138,4137,235,1926,Electrical Engineering 電機,NA
4153,4152,235,1915,Civil Engineering 土木,NA
4162,4151,4163,1915,Mining Engineering 礦冶,NA
4187,4185,516,1936,Civil Engineering 土木,NA
4190,4188,1516,1936,Civil Engineering 土木,NA
4193,4191,998,1933,Electrical Engineering 電機,NA
4196,4194,821,1932,Civil Engineering 土木,NA
4198,4197,725,1925,Mining Engineering 礦冶,NA
4200,4199,195,1917,Chemical Engineering 化工,Master 碩士
4201,4199,151,1920,Chemical Engineering 化工,Doctor 博士
4206,4205,692,1912,Mining Engineering 礦冶,NA
4228,4227,725,1911,Mining Engineering 礦冶,NA
4232,4231,235,1935,Electrical Engineering 電機,NA
4235,4234,2004,1939,Mechanical Engineering 機械,NA
4240,4239,1499,1918,Civil Engineering 土木,NA
4241,4239,152,1919,Civil Engineering 土木,Master 碩士
4255,4254,998,1934,Electrical Engineering 電機,NA
4256,4254,195,NA,Electrical Engineering 電機,Master 碩士
4267,4265,725,1932,Electrical Engineering 電機,NA
4270,4268,529,1939,Mining Engineering 礦冶,NA
4273,4271,837,1925,Mining Engineering 礦冶,NA
4279,4278,837,1926,Mining Engineering 礦冶,NA
4286,4285,235,1934,Civil Engineering 土木,NA
4289,4288,837,1937,Electrical Engineering 電機,NA
4291,4290,227,1929,Electrical Engineering 電機,NA
4299,4298,1730,1921,Telecommunications 電訊,NA
4301,4300,725,1926,Mining Engineering 礦冶,NA
4304,4303,1499,1932,Civil Engineering 土木,NA
4307,4306,692,1920,Civil Engineering 土木,NA
4315,4313,821,1938,Civil Engineering 土木,NA
4317,4316,3073,1937,Mining Engineering 礦冶,NA
4321,4319,235,1936,Electrical Engineering 電機,NA
4324,4318,426,1939,Civil Engineering 土木,NA
4327,4326,1730,1916,Civil Engineering 土木,NA
4328,4325,235,1909,Civil Engineering 土木,NA
4331,4329,1102,1924,Electrical Engineering 電機,NA
4333,4329,1369,1927,Electrical Engineering 電機,NA
4337,4334,692,1930,Mining Engineering 礦冶,NA
4347,4346,516,1939,Chemical Engineering 化工,NA
4349,4348,725,1923,Mechanical Engineering 機械,NA
4351,4350,725,1933,Mining Engineering 礦冶,NA
4353,4352,235,1912,Civil Engineering 土木,NA
4355,4354,151,NA,Mining Engineering 礦冶,Master 碩士
4369,4368,498,1931,Mechanical Engineering 機械,NA
4372,4370,725,1936,Civil Engineering 土木,NA
4381,4374,529,1938,Electrical Engineering 電機,NA
4386,4382,855,1932,Mechanical Engineering 機械,NA
4390,4388,1742,1937,Civil Engineering 土木,NA
4393,4391,152,1913,Mechanical Engineering 機械,NA
4397,4392,725,1933,Mining Engineering 礦冶,NA
4401,4400,235,1926,Mechanical Engineering 機械,NA
4405,4399,2876,1935,Civil Engineering 土木,NA
4418,4413,4419,1936,Mining Engineering 礦冶,NA
4426,4424,561,1922,Textile Engineering 紡織,NA
4428,4427,855,1927,Chemical Engineering 化工,NA
4436,4434,675,1925,Civil Engineering 土木,NA
4445,4444,498,1929,Electrical Engineering 電機,NA
4447,4446,821,1935,Mechanical Engineering 機械,NA
4450,4448,821,1929,Civil Engineering 土木,NA
4452,4451,876,1939,unspecified,NA
4454,4453,235,1934,Electrical Engineering 電機,NA
4459,4458,455,1933,Electrical Engineering 電機,NA
4462,4461,692,1915,Civil Engineering 土木,NA
4464,4463,876,1936,Civil Engineering 土木,NA
4466,4465,998,1937,Electrical Engineering 電機,NA
4468,4467,1499,1925,Civil Engineering 土木,NA
4472,4471,455,1934,Civil Engineering 土木,NA
4474,4473,455,1939,Civil Engineering 土木,NA
4476,4475,498,1938,Electrical Engineering 電機,NA
4478,4477,1499,1926,Civil Engineering 土木,NA
4481,4480,3530,1926,Electrical Engineering 電機,NA
4504,4502,998,1937,Civil Engineering 土木,NA
4506,4505,675,1929,Civil Engineering 土木,NA
4508,4507,235,1932,Civil Engineering 土木,NA
4513,4512,235,1924,Mechanical Engineering 機械,NA
4514,4512,152,1925,Mechanical Engineering 機械,Master 碩士
4515,4512,171,NA,Mechanical Engineering 機械,Master 碩士
4526,4525,1499,NA,Civil Engineering 土木,NA
4532,4531,561,1936,Chemical Engineering 化工,NA
4543,4541,235,1930,Mechanical Engineering 機械,NA
4549,4548,1499,1933,Civil Engineering 土木,NA
4551,4550,455,1932,Mechanical Engineering 機械,NA
4554,4552,139,NA,Civil Engineering 土木,NA
4580,4579,4581,1939,Civil Engineering 土木,NA
4583,4582,982,1918,Mechanical Engineering 機械,NA
4592,4591,725,1934,Civil Engineering 土木,NA
4596,4593,2121,NA,Electrical Engineering 電機,NA
4597,4593,1369,NA,Electrical Engineering 電機,NA
4598,4593,4599,NA,Electrical Engineering 電機,NA
4607,4606,179,1923,Chemical Engineering 化工,NA
4608,4606,198,NA,Chemical Engineering 化工,NA
4617,4615,725,1931,Mining Engineering 礦冶,NA
4620,4618,649,NA,unspecified,NA
4625,4624,561,1923,Textile Engineering 紡織,NA
4644,4643,2888,1939,Mechanical Engineering 機械,NA
4647,4646,725,1924,Mechanical Engineering 機械,NA
4649,4648,235,1932,Electrical Engineering 電機,NA
4651,4650,1730,1915,Electrical Engineering 電機,NA
4667,4666,455,1939,Civil Engineering 土木,NA
4669,4668,4670,1926,Mechanical Engineering 機械,NA
4679,4678,1499,1937,Civil Engineering 土木,NA
4683,4682,4017,1927,Mechanical Engineering 機械,NA
4694,4693,227,1930,Mechanical Engineering 機械,NA
4695,4693,227,1931,Mechanical Engineering 機械,Master 碩士
4699,4698,235,1919,Civil Engineering 土木,NA
4701,4698,152,1921,Civil Engineering 土木,Master 碩士
4716,4715,235,1910,Civil Engineering 土木,NA
4717,4715,4718,1915,Mining Engineering 礦冶,NA
4724,4723,235,1930,Mechanical Engineering 機械,NA
4726,4725,235,1928,Electrical Engineering 電機,NA
4728,4727,649,1930,unspecified,NA
4732,4731,725,1931,Mechanical Engineering 機械,NA
4734,4733,692,1918,Civil Engineering 土木,NA
4735,4733,152,1921,Civil Engineering 土木,Master 碩士
4749,4748,349,1937,Architecture 建築,NA
4751,4750,1499,1926,Civil Engineering 土木,NA
4753,4752,725,1916,Civil Engineering 土木,Zhuanke 專科
4757,4756,821,1929,Mechanical Engineering 機械,NA
4760,4758,498,1929,Chemical Engineering 化工,NA
4763,4761,1499,1929,Civil Engineering 土木,NA
4764,4761,152,1930,Civil Engineering 土木,Master 碩士
4767,4766,455,1929,Electrical Engineering 電機,NA
4775,4774,4776,1924,Mechanical Engineering 機械,NA
4779,4778,692,1912,Civil Engineering 土木,NA
4787,4786,692,1915,Civil Engineering 土木,NA
4792,4791,2888,1939,Electrical Engineering 電機,NA
4796,4790,455,1934,Architecture 建築,NA
4803,4801,498,1934,Mechanical Engineering 機械,NA
4810,4808,529,1934,Civil Engineering 土木,NA
4812,4811,529,1937,Civil Engineering 土木,NA
4814,4813,529,1938,Civil Engineering 土木,NA
4817,4815,529,1938,Mining Engineering 礦冶,NA
4826,4825,4827,1931,Architecture 建築,NA
4833,4832,1499,1919,Civil Engineering 土木,NA
4842,4841,229,1934,Civil Engineering 土木,NA
4847,4845,725,1928,Electrical Engineering 電機,NA
4849,4848,2224,1924,Mechanical Engineering 機械,NA
4859,4858,235,1934,Civil Engineering 土木,NA
4866,4865,1499,1935,Civil Engineering 土木,NA
4869,4868,498,1929,Chemical Engineering 化工,NA
4871,4870,70078,1922,Civil Engineering 土木,NA
4873,4872,1499,1926,Civil Engineering 土木,NA
4879,4877,516,1937,Civil Engineering 土木,NA
4882,4881,455,1932,Electrical Engineering 電機,NA
4891,4890,855,1929,Mechanical Engineering 機械,NA
4893,4892,198,1926,Mechanical Engineering 機械,NA
4894,4892,198,1927,Mechanical Engineering 機械,Master 碩士
4907,4906,4908,1936,Chemical Engineering 化工,NA
4909,4906,198,1938,Chemical Engineering 化工,NA
4917,4915,498,1933,Electrical Engineering 電機,NA
4920,4919,7087,1937,Turbine 輪機,NA
4924,4923,4925,1911,Mining Engineering 礦冶,NA
4946,4944,529,1930,Civil Engineering 土木,NA
4950,4948,516,1935,Chemical Engineering 化工,NA
4952,4951,235,1919,Civil Engineering 土木,NA
4953,4951,152,1922,Civil Engineering 土木,Master 碩士
4968,4967,901,1938,Civil Engineering 土木,NA
4972,4971,1679,1936,Civil Engineering 土木,NA
4974,4973,516,1935,Chemical Engineering 化工,NA
4978,4976,3044,1939,Civil Engineering 土木,NA
4980,4979,2876,1939,Civil Engineering 土木,NA
4983,4981,1310,1926,Chemical Engineering 化工,NA
4990,4988,516,1935,Civil Engineering 土木,NA
4994,4991,1499,1939,Civil Engineering 土木,NA
4997,4995,675,1934,Civil Engineering 土木,NA
5003,5002,1499,1923,Civil Engineering 土木,NA
5004,5002,152,NA,Civil Engineering 土木,Master 碩士
5017,5016,235,1935,Civil Engineering 土木,NA
5021,5018,2888,1939,Civil Engineering 土木,NA
5054,5053,1499,1932,Civil Engineering 土木,NA
5057,5056,152,1913,Mechanical Engineering 機械,NA
5074,5072,529,1939,Mining Engineering 礦冶,NA
5076,5075,529,1937,Mechanical Engineering 機械,NA
5079,5077,498,1937,Electrical Engineering 電機,NA
5082,5080,1499,1934,Civil Engineering 土木,NA
5086,5085,1499,1925,Civil Engineering 土木,NA
5090,5088,561,1922,Textile Engineering 紡織,NA
5093,5088,5094,1931,Textile Engineering 紡織,NA
5099,5098,529,1938,Mechanical Engineering 機械,NA
5101,5100,193,1930,Textile Engineering 紡織,NA
5106,5104,229,1937,Civil Engineering 土木,NA
5108,5107,675,1935,Civil Engineering 土木,NA
5111,5110,529,1938,Electrical Engineering 電機,NA
5113,5112,354,1935,Civil Engineering 土木,NA
5119,5117,8454,1918,Mechanical Engineering 機械,NA
5132,5130,349,1936,Civil Engineering 土木,NA
5134,5133,675,1938,Civil Engineering 土木,NA
5136,5135,354,1933,Civil Engineering 土木,NA
5144,5143,725,1916,Mining Engineering 礦冶,NA
5145,5143,151,1916,Mining Engineering 礦冶,NA
5158,5157,455,1939,Electrical Engineering 電機,NA
5160,5159,2483,1929,Architecture 建築,NA
5163,5162,235,1938,Mechanical Engineering 機械,NA
5165,5164,516,1939,Civil Engineering 土木,NA
5167,5166,529,1930,Civil Engineering 土木,NA
5172,5171,1369,1933,Electrical Engineering 電機,NA
5181,5180,276,1924,Chemical Engineering 化工,Master 碩士
5187,5185,821,1933,Civil Engineering 土木,NA
5191,5190,529,1935,Civil Engineering 土木,NA
5196,5195,150,1916,Mining Engineering 礦冶,NA
5206,5205,2224,1939,Civil Engineering 土木,NA
5208,5207,516,1939,Chemical Engineering 化工,NA
5210,5209,349,1937,Mechanical Engineering 機械,NA
5213,5211,516,1937,Civil Engineering 土木,NA
5215,5214,1730,1920,Telecommunications 電訊,NA
5228,5226,692,1919,Mining Engineering 礦冶,NA
5230,5229,516,1935,Chemical Engineering 化工,NA
5232,5231,3044,1935,Civil Engineering 土木,NA
5234,5233,692,1935,Mining Engineering 礦冶,NA
5238,5237,529,1939,Electrical Engineering 電機,NA
5240,5239,498,1932,Mechanical Engineering 機械,NA
5242,5241,349,1937,Architecture 建築,NA
5245,5243,4419,1936,Mining Engineering 礦冶,Zhuanke 專科
5248,5247,2224,1938,Civil Engineering 土木,NA
5250,5249,1730,1912,Telecommunications 電訊,NA
5253,5252,1499,1927,Civil Engineering 土木,NA
5261,5259,235,1924,Electrical Engineering 電機,NA
5262,5259,195,1927,Electrical Engineering 電機,Master 碩士
5274,5272,5275,1927,Mechanical Engineering 機械,NA
5283,5281,692,1933,Mining Engineering 礦冶,NA
5292,5290,520,1938,Civil Engineering 土木,NA
5294,5293,235,1919,Electrical Engineering 電機,NA
5295,5293,152,NA,Electrical Engineering 電機,Master 碩士
5303,5302,2224,1933,Civil Engineering 土木,NA
5305,5304,692,1927,Civil Engineering 土木,NA
5309,5308,235,1934,Electrical Engineering 電機,NA
5313,5312,2224,1938,Electrical Engineering 電機,NA
5315,5314,235,1925,Mechanical Engineering 機械,NA
5321,5320,561,1923,Textile Engineering 紡織,NA
5323,5322,498,1935,Mechanical Engineering 機械,NA
5325,5322,455,1939,Mechanical Engineering 機械,NA
5328,5326,455,1935,Civil Engineering 土木,NA
5330,5329,2004,1937,Civil Engineering 土木,NA
5333,5331,2224,1925,Civil Engineering 土木,NA
5336,5334,998,1930,Chemical Engineering 化工,NA
5340,5339,675,1929,Civil Engineering 土木,NA
5347,5346,855,1926,Mechanical Engineering 機械,NA
5349,5348,692,1919,Civil Engineering 土木,NA
5357,5356,235,1930,Mechanical Engineering 機械,NA
5359,5358,692,1925,Mining Engineering 礦冶,NA
5364,5362,498,1929,Chemical Engineering 化工,NA
5377,5375,5378,NA,Chemical Engineering 化工,NA
5389,5388,5390,1909,Civil Engineering 土木,NA
5392,5391,998,1931,Electrical Engineering 電機,NA
5394,5393,901,1935,Civil Engineering 土木,NA
5397,5396,901,1939,Civil Engineering 土木,NA
5399,5398,235,1935,Civil Engineering 土木,NA
5402,5401,516,1937,Chemical Engineering 化工,NA
5404,5403,2224,1939,Civil Engineering 土木,NA
5406,5405,692,1924,Mining Engineering 礦冶,NA
5418,5417,235,1924,Electrical Engineering 電機,NA
5422,5421,455,1933,Civil Engineering 土木,NA
5426,5425,998,1936,Chemical Engineering 化工,NA
5429,5428,3073,1935,Civil Engineering 土木,NA
5432,5431,2004,1939,Mechanical Engineering 機械,NA
5434,5433,1499,1911,Civil Engineering 土木,NA
5444,5443,235,1934,Electrical Engineering 電機,NA
5447,5446,998,1929,Electrical Engineering 電機,NA
5451,5450,195,NA,unspecified,Bachelor 學士
5452,5450,171,NA,Electrical Engineering 電機,Master 碩士
5465,5462,5466,1925,Mining Engineering 礦冶,NA
5479,5478,855,1923,Chemical Engineering 化工,NA
5482,5480,692,1915,Civil Engineering 土木,NA
5504,5503,235,1932,Electrical Engineering 電機,NA
5506,5505,692,1917,Mining Engineering 礦冶,NA
5507,5505,5509,1921,Mining Engineering 礦冶,Master 碩士
5510,5505,151,1923,Mining Engineering 礦冶,Doctor 博士
5526,5525,235,1936,Mechanical Engineering 機械,NA
5528,5527,70078,1917,Civil Engineering 土木,NA
5530,5529,227,1917,Mechanical Engineering 機械,Master 碩士
5546,5545,692,1916,Mining Engineering 礦冶,NA
5554,5553,1499,1932,Civil Engineering 土木,NA
5569,5568,3350,1925,Mining Engineering 礦冶,NA
5597,5596,455,1934,Civil Engineering 土木,NA
5601,5600,837,1926,Military Engineering 兵工機械,NA
5605,5604,1499,1920,unspecified,NA
5607,5606,235,1924,Mechanical Engineering 機械,NA
5608,5606,152,1925,Mechanical Engineering 機械,Master 碩士
5622,5621,561,1921,Textile Engineering 紡織,NA
5627,5625,235,1930,Electrical Engineering 電機,NA
5629,5628,235,1924,Mechanical Engineering 機械,NA
5630,5628,152,NA,Mechanical Engineering 機械,Master 碩士
5642,5641,901,1933,Civil Engineering 土木,NA
5644,5643,855,1929,Chemical Engineering 化工,NA
5647,5646,2224,1917,Civil Engineering 土木,NA
5650,5649,235,1938,Electrical Engineering 電機,NA
5651,5649,5652,NA,unspecified,NA
5658,5657,3073,1935,Civil Engineering 土木,NA
5661,5660,1679,1935,Civil Engineering 土木,NA
5664,5662,44085,1936,Electrical Engineering 電機,NA
5670,5669,561,1920,Textile Engineering 紡織,NA
5672,5671,1499,1933,Civil Engineering 土木,NA
5674,5673,725,1926,Mechanical Engineering 機械,NA
5676,5675,235,1915,Civil Engineering 土木,NA
5682,5681,1730,1918,Electrical Engineering 電機,NA
5686,5685,455,1939,Civil Engineering 土木,NA
5689,5687,1499,1930,Civil Engineering 土木,NA
5699,5698,235,1938,Civil Engineering 土木,NA
5701,5700,279,1926,Mining Engineering 礦冶,NA
5711,5710,5712,1914,Mining Engineering 礦冶,NA
5734,5732,1730,1912,Civil Engineering 土木,NA
5737,5735,675,1932,Civil Engineering 土木,NA
5739,5736,5740,1915,Mining Engineering 礦冶,NA
5753,5752,675,1931,Civil Engineering 土木,NA
5757,5755,349,1937,Architecture 建築,NA
5759,5758,235,1932,Electrical Engineering 電機,NA
5762,5761,5466,1929,Chemical Engineering 化工,NA
5778,5777,529,1934,Electrical Engineering 電機,NA
5781,5780,229,1937,Electrical Engineering 電機,NA
5783,5782,994,1937,Mechanical Engineering 機械,NA
5786,5784,498,1936,Electrical Engineering 電機,NA
5791,5790,152,1914,Mechanical Engineering 機械,NA
5800,5799,692,1900,Civil Engineering 土木,NA
5815,5814,1730,1920,Radio Engineering 無線電,NA
5818,5816,235,1936,Electrical Engineering 電機,NA
5822,5821,1730,1912,Civil Engineering 土木,NA
5826,5825,455,1935,Mechanical Engineering 機械,NA
5831,5829,725,1929,Mining Engineering 礦冶,NA
5833,5832,1742,1939,Civil Engineering 土木,NA
5835,5834,235,1925,Mechanical Engineering 機械,NA
5840,5839,232,1922,Chemical Engineering 化工,NA
5841,5839,151,1927,Chemical Engineering 化工,Doctor 博士
5859,5858,1499,1925,Civil Engineering 土木,NA
5862,5861,1730,1912,Civil Engineering 土木,NA
5863,5861,1730,1916,Civil Engineering 土木,高等
5865,5864,1499,1916,Civil Engineering 土木,NA
5880,5879,498,1938,Electrical Engineering 電機,NA
5882,5881,692,1929,Mechanical Engineering 機械,NA
5884,5883,151,1926,Mining Engineering 礦冶,NA
5887,5886,2328,1936,Chemical Engineering 化工,NA
5890,5889,1730,1920,Telecommunications 電訊,NA
5902,5901,1499,1929,Civil Engineering 土木,NA
5905,5903,3073,1936,Mining Engineering 礦冶,NA
5911,5910,248,1925,Chemical Engineering 化工,NA
5912,5910,248,1928,Chemical Engineering 化工,Doctor 博士
5918,5916,5919,1909,Mining Engineering 礦冶,NA
5930,5928,235,1929,Mechanical Engineering 機械,NA
5933,5932,115,1937,Chemical Engineering 化工,NA
5935,5934,675,1925,Civil Engineering 土木,NA
5938,5936,349,1938,Civil Engineering 土木,Zhuanke 專科
5940,5939,235,1928,Electrical Engineering 電機,NA
5947,5946,1499,1913,Civil Engineering 土木,NA
5950,5949,1499,1935,Civil Engineering 土木,NA
5953,5952,349,1937,Civil Engineering 土木,Zhuanke 專科
5956,5954,2740,1922,unspecified,NA
5958,5957,998,1936,Mechanical Engineering 機械,NA
5960,5959,998,1931,Civil Engineering 土木,NA
5965,5963,455,1937,Civil Engineering 土木,NA
5969,5968,235,1939,Mechanical Engineering 機械,NA
5972,5971,561,1924,Textile Engineering 紡織,NA
5977,5975,520,1939,Chemical Engineering 化工,NA
5980,5978,725,1926,Mining Engineering 礦冶,NA
5984,5983,2224,1930,Civil Engineering 土木,NA
5987,5985,998,1938,Mechanical Engineering 機械,NA
5989,5988,692,1937,Civil Engineering 土木,NA
5993,5991,692,1937,Mechanical Engineering 機械,NA
5997,5994,349,1936,Civil Engineering 土木,Zhuanke 專科
5999,5998,998,1938,Electrical Engineering 電機,NA
6001,6000,692,1910,Mining Engineering 礦冶,NA
6004,6002,692,1937,Civil Engineering 土木,NA
6007,6005,349,1935,Civil Engineering 土木,Zhuanke 專科
6010,6009,235,1937,Mechanical Engineering 機械,NA
6012,6011,1499,1935,Civil Engineering 土木,NA
6017,6016,529,1936,Mining Engineering 礦冶,NA
6019,6018,354,1939,Civil Engineering 土木,NA
6021,6020,529,1938,Civil Engineering 土木,NA
6023,6022,227,1916,Civil Engineering 土木,NA
6039,6038,516,1939,Mechanical Engineering 機械,NA
6042,6040,498,1934,Textile Engineering 紡織,NA
6044,6043,70078,1920,Mining Engineering 礦冶,NA
6045,6043,151,1921,Mining Engineering 礦冶,Master 碩士
6056,6055,6057,1932,Mechanical Engineering 機械,NA
6063,6062,529,1937,Civil Engineering 土木,NA
6065,6064,675,1925,Civil Engineering 土木,NA
6067,6066,451,1935,Civil Engineering 土木,NA
6073,6072,725,1922,Mechanical Engineering 機械,NA
6075,6074,692,1931,Civil Engineering 土木,NA
6078,6077,725,1937,Mechanical Engineering 機械,NA
6081,6079,725,1922,Mechanical Engineering 機械,NA
6084,6082,1310,1918,Architecture 建築,NA
6088,6087,455,1932,Electrical Engineering 電機,NA
6091,6089,1730,1918,Electrical Engineering 電機,NA
6093,6092,675,1932,Civil Engineering 土木,NA
6098,6097,2224,1923,Civil Engineering 土木,NA
6101,6100,6102,1930,Chemical Engineering 化工,NA
6109,6106,555,1939,Electrical Engineering 電機,NA
6111,6110,235,1931,Civil Engineering 土木,NA
6114,6113,5466,NA,Mining Engineering 礦冶,NA
6135,6134,235,1935,Electrical Engineering 電機,NA
6138,6137,6140,1911,Textile Engineering 紡織,NA
6145,6144,70078,1919,Civil Engineering 土木,NA
6152,6150,529,1934,Civil Engineering 土木,NA
6155,6154,725,1936,Mining Engineering 礦冶,NA
6163,6161,2328,1937,Electrical Engineering 電機,NA
6166,6164,2224,1938,Surveying 測量,NA
6170,6168,152,NA,Mechanical Engineering 機械,NA
6176,6174,1310,NA,Mechanical Engineering 機械,NA
6182,6181,675,1935,Civil Engineering 土木,NA
6184,6183,70078,1916,Civil Engineering 土木,NA
6186,6185,451,1938,Civil Engineering 土木,NA
6189,6187,555,1938,Civil Engineering 土木,NA
6193,6192,692,1938,Civil Engineering 土木,NA
6195,6194,70078,1916,Civil Engineering 土木,NA
6197,6196,455,1938,Civil Engineering 土木,NA
6200,6198,1730,1919,Telecommunications 電訊,NA
6203,6202,70078,1917,Civil Engineering 土木,NA
6206,6204,349,1938,Mechanical Engineering 機械,NA
6211,6210,1499,1934,Civil Engineering 土木,NA
6213,6212,1499,1938,Mining Engineering 礦冶,NA
6215,6214,855,1927,Chemical Engineering 化工,NA
6225,6224,455,1935,Civil Engineering 土木,NA
6229,6228,692,1935,Civil Engineering 土木,NA
6231,6230,675,1933,Civil Engineering 土木,NA
6233,6232,1742,1937,Civil Engineering 土木,NA
6235,6234,692,1910,Civil Engineering 土木,NA
6237,6236,821,1935,Mechanical Engineering 機械,NA
6239,6238,725,1937,Mechanical Engineering 機械,NA
6241,6240,195,1918,Mining Engineering 礦冶,NA
6242,6240,151,1919,Mining Engineering 礦冶,Master 碩士
6257,6255,725,1933,Electrical Engineering 電機,NA
6259,6258,876,1934,Civil Engineering 土木,NA
6261,6260,1730,1917,Telecommunications 電訊,NA
6265,6264,561,1934,Textile Engineering 紡織,NA
6267,6266,235,1932,Mechanical Engineering 機械,NA
6270,6269,998,1934,Electrical Engineering 電機,NA
6272,6271,2224,1918,Mechanical Engineering 機械,NA
6278,6277,692,1931,Civil Engineering 土木,NA
6281,6280,3530,1925,Electrical Engineering 電機,NA
6290,6289,235,1926,Mechanical Engineering 機械,NA
6297,6295,70078,1922,Mining Engineering 礦冶,NA
6299,6298,235,1934,Civil Engineering 土木,NA
6301,6300,349,1938,Civil Engineering 土木,Zhuanke 專科
6304,6303,998,1930,Electrical Engineering 電機,NA
6312,6311,235,1934,Electrical Engineering 電機,NA
6320,6319,152,1918,Mechanical Engineering 機械,NA
6321,6319,171,1919,Mechanical Engineering 機械,Master 碩士
6335,6334,529,1934,Civil Engineering 土木,NA
6338,6337,6339,1914,Chemical Engineering 化工,Doctor 博士
6342,6340,455,1930,Civil Engineering 土木,NA
6344,6343,227,1928,Civil Engineering 土木,NA
6345,6343,152,1930,Civil Engineering 土木,Master 碩士
6354,6353,1310,NA,Chemical Engineering 化工,NA
6361,6360,692,1925,Mining Engineering 礦冶,NA
6371,6370,675,1935,Civil Engineering 土木,NA
6373,6372,561,1918,Textile Engineering 紡織,NA
6375,6374,1499,1929,Civil Engineering 土木,NA
6379,6378,1730,1920,Radio Engineering 無線電,NA
6383,6382,2224,1939,Civil Engineering 土木,NA
6389,6388,725,1927,Civil Engineering 土木,NA
6392,6391,115,1937,Civil Engineering 土木,NA
6395,6393,998,1935,Electrical Engineering 電機,NA
6397,6396,139,1927,Civil Engineering 土木,NA
6401,6400,675,1935,Civil Engineering 土木,NA
6403,6402,561,1933,Textile Engineering 紡織,NA
6405,6404,901,1939,Civil Engineering 土木,NA
6407,6406,561,1929,Textile Engineering 紡織,NA
6412,6411,455,1934,Electrical Engineering 電機,NA
6416,6415,1499,1937,Civil Engineering 土木,NA
6418,6417,276,NA,Civil Engineering 土木,Master 碩士
6419,6417,276,NA,Civil Engineering 土木,Doctor 博士
6436,6435,455,1934,Architecture 建築,NA
6440,6438,3073,1936,Mining Engineering 礦冶,NA
6449,6448,1499,1934,Civil Engineering 土木,NA
6451,6450,2224,1939,Electrical Engineering 電機,NA
6453,6452,235,1937,Electrical Engineering 電機,NA
6456,6455,692,1931,Civil Engineering 土木,NA
6461,6459,235,1929,Electrical Engineering 電機,NA
6465,6464,2121,NA,Chemistry 化學,Master 碩士
6466,6464,6467,1927,Chemistry 化學,NA
6480,6479,561,1934,Textile Engineering 紡織,NA
6482,6481,855,1936,Mechanical Engineering 機械,NA
6484,6483,529,1935,Electrical Engineering 電機,NA
6489,6487,1310,1917,Electrical Engineering 電機,NA
6507,6505,2328,1936,Civil Engineering 土木,NA
6513,6510,692,1933,Civil Engineering 土木,NA
6517,6516,455,1930,Civil Engineering 土木,NA
6520,6519,1499,1930,Civil Engineering 土木,NA
6523,6522,692,1914,Mining Engineering 礦冶,NA
6534,6531,1499,1920,Mechanical Engineering 機械,NA
6538,6537,1310,1924,Electrical Engineering 電機,NA
6550,6549,998,1934,Civil Engineering 土木,NA
6559,6553,1730,1924,Radio Engineering 無線電,Zhuanke 專科
6562,6561,1730,1912,Telecommunications 電訊,NA
6564,6563,195,NA,Civil Engineering 土木,Bachelor 學士
6565,6563,179,NA,Civil Engineering 土木,Master 碩士
6573,6571,520,1938,Chemical Engineering 化工,NA
6575,6574,3530,1924,Electrical Engineering 電機,NA
6586,6584,555,1939,Mechanical Engineering 機械,NA
6587,6585,235,1924,Mechanical Engineering 機械,NA
6590,6588,1730,1916,Electrical Engineering 電機,NA
6611,6607,561,1923,Textile Engineering 紡織,NA
6615,6614,675,1930,Civil Engineering 土木,NA
6618,6616,235,1932,Civil Engineering 土木,NA
6621,6620,1307,1920,Civil Engineering 土木,NA
6623,6622,1742,1937,Civil Engineering 土木,NA
6625,6624,2004,1939,Civil Engineering 土木,NA
6630,6628,498,1935,Textile Engineering 紡織,NA
6632,6631,998,1934,Civil Engineering 土木,NA
6633,6631,152,1936,Civil Engineering 土木,Master 碩士
6641,6640,235,1930,Electrical Engineering 電機,NA
6649,6648,235,1930,Electrical Engineering 電機,NA
6660,6659,998,1938,Electrical Engineering 電機,NA
6662,6661,1730,1921,Telecommunications 電信,NA
6664,6663,561,1923,Textile Engineering 紡織,NA
6666,6665,498,1933,Electrical Engineering 電機,NA
6667,6665,120,NA,Electrical Engineering 電機,NA
6675,6674,998,1936,Civil Engineering 土木,NA
6679,6676,561,1936,Chemical Engineering 化工,NA
6683,6682,520,1934,Civil Engineering 土木,NA
6689,6688,455,1935,Civil Engineering 土木,NA
6693,6692,455,1937,Mechanical Engineering 機械,NA
6696,6695,229,1937,Mechanical Engineering 機械,NA
6699,6697,498,1932,Textile Engineering 紡織,NA
6702,6700,516,1936,Civil Engineering 土木,NA
6704,6703,1730,1920,Telecommunications 電訊,NA
6706,6705,1310,1918,Chemical Engineering 化工,NA
6709,6708,498,1935,Mechanical Engineering 機械,NA
6717,6716,235,1931,Civil Engineering 土木,NA
6722,6720,561,1923,Textile Engineering 紡織,NA
6724,6723,235,1932,Civil Engineering 土木,NA
6729,6727,152,1919,Civil Engineering 土木,Master 碩士
6741,6740,235,1924,Electrical Engineering 電機,NA
6751,6750,235,1925,Electrical Engineering 電機,NA
6756,6753,3530,1927,Electrical Engineering 電機,NA
6758,6757,555,1938,Electrical Engineering 電機,NA
6760,6759,649,1934,unspecified,NA
6764,6763,2224,1929,Electrical Engineering 電機,NA
6768,6767,1730,1921,Telecommunications 電信,NA
6771,6770,1499,1925,Civil Engineering 土木,NA
6774,6773,1730,1915,Telecommunications 電信,NA
6784,6782,229,1934,Civil Engineering 土木,NA
6786,6785,1679,1937,Civil Engineering 土木,NA
6788,6787,235,1916,Civil Engineering 土木,NA
6798,6796,1499,1933,Civil Engineering 土木,NA
6800,6799,998,1933,Civil Engineering 土木,NA
6802,6801,1499,1911,Civil Engineering 土木,NA
6812,6811,998,1936,Electrical Engineering 電機,NA
6823,6822,529,1932,Civil Engineering 土木,NA
6834,6833,455,1934,Civil Engineering 土木,NA
6840,6838,2888,1939,Civil Engineering 土木,NA
6842,6841,1269,1938,Civil Engineering 土木,NA
6844,6843,692,1937,Mining Engineering 礦冶,NA
6854,6852,1253,1928,Civil Engineering 土木,NA
6856,6855,1499,1913,Civil Engineering 土木,NA
6860,6859,455,1932,Civil Engineering 土木,NA
6863,6862,2224,1930,Civil Engineering 土木,NA
6865,6864,998,1934,Electrical Engineering 電機,NA
6868,6867,235,1936,Electrical Engineering 電機,NA
6870,6869,235,1935,Mechanical Engineering 機械,NA
6872,6871,195,NA,Textile Engineering 紡織,NA
6873,6871,193,NA,Textile Engineering 紡織,NA
6878,6877,235,1936,Mechanical Engineering 機械,NA
6880,6879,3530,1925,Electrical Engineering 電機,NA
6882,6881,2224,1939,Civil Engineering 土木,NA
6884,6883,455,1935,Electrical Engineering 電機,NA
6888,6887,70078,1920,Chemistry 化學,NA
6889,6887,4163,1924,Chemical Engineering 化工,Master 碩士
6899,6898,725,1923,Mining Engineering 礦冶,NA
6906,6905,235,1939,Mechanical Engineering 機械,NA
6909,6908,529,1926,Electrical Engineering 電機,NA
6918,6916,675,1938,Civil Engineering 土木,NA
6920,6919,455,1939,Chemical Engineering 化工,NA
6922,6921,998,1936,Mechanical Engineering 機械,NA
6930,6928,7349,NA,Civil Engineering 土木,NA
6937,6936,235,1915,Civil Engineering 土木,NA
6939,6938,7087,1935,Turbine 輪機,NA
6954,6953,455,1930,Chemical Engineering 化工,NA
6956,6955,235,1929,Electrical Engineering 電機,NA
6966,6964,561,1923,Textile Engineering 紡織,NA
6969,6967,1499,1929,Civil Engineering 土木,NA
6973,6971,498,1933,Chemical Engineering 化工,NA
6975,6974,4670,NA,Mining Engineering 礦冶,NA
6976,6974,6977,NA,Mining Engineering 礦冶,NA
6996,6995,529,1939,Civil Engineering 土木,NA
6998,6997,1730,1918,Telecommunications 電訊,NA
7000,6999,455,1937,Civil Engineering 土木,NA
7002,7001,498,1935,Electrical Engineering 電機,NA
7007,7005,3044,1935,Civil Engineering 土木,NA
7012,7010,520,1934,Civil Engineering 土木,NA
7014,7013,455,1931,Civil Engineering 土木,NA
7022,7021,451,1935,Civil Engineering 土木,NA
7024,7023,7025,1926,Architecture 建築,NA
7031,7030,1730,1917,Radio Engineering 無線電,NA
7033,7032,349,1935,Civil Engineering 土木,Zhuanke 專科
7041,7040,235,1926,Mechanical Engineering 機械,NA
7043,7042,349,1937,Telecommunications 電信,Zhuanke 專科
7046,7044,349,1935,Civil Engineering 土木,Zhuanke 專科
7051,7049,692,1923,Mining Engineering 礦冶,NA
7056,7054,70078,1922,Mining Engineering 礦冶,NA
7059,7057,190,1924,Mechanical Engineering 機械,NA
7067,7066,235,1909,Civil Engineering 土木,NA
7072,7070,44085,1933,Chemical Engineering 化工,NA
7080,7079,455,1933,Civil Engineering 土木,NA
7086,7084,7087,1935,Turbine 輪機,NA
7095,7093,561,1925,Textile Engineering 紡織,NA
7097,7096,692,1934,Civil Engineering 土木,NA
7102,7101,483,1934,Electrical Engineering 電機,NA
7108,7107,229,1929,Civil Engineering 土木,NA
7112,7111,561,1932,Textile Engineering 紡織,NA
7115,7113,649,1930,Hydraulic Engineering 水利,NA
7119,7118,152,1932,Civil Engineering 土木,Master 碩士
7123,7122,7087,1934,Turbine 輪機,NA
7125,7124,455,1934,Civil Engineering 土木,NA
7130,7129,451,1938,Civil Engineering 土木,NA
7132,7131,7133,1932,Civil Engineering 土木,NA
7146,7145,1307,1932,Civil Engineering 土木,NA
7149,7148,7087,1937,Turbine 輪機,NA
7152,7150,675,1930,Civil Engineering 土木,NA
7154,7153,451,1938,Civil Engineering 土木,NA
7156,7155,3073,1935,Mining Engineering 礦冶,NA
7163,7162,1307,1919,Civil Engineering 土木,NA
7165,7164,994,1925,Civil Engineering 土木,NA
7175,7172,529,1932,Civil Engineering 土木,NA
7179,7177,1499,1933,Architecture 建築,NA
7182,7181,821,1934,Mechanical Engineering 機械,NA
7184,7183,692,1917,Civil Engineering 土木,NA
7185,7183,152,1919,Civil Engineering 土木,Master 碩士
7188,7187,1499,1922,Civil Engineering 土木,NA
7191,7190,1730,1912,Civil Engineering 土木,NA
7194,7192,692,1934,Civil Engineering 土木,NA
7198,7197,692,1917,Civil Engineering 土木,NA
7201,7200,855,1932,Mechanical Engineering 機械,NA
7207,7206,2584,1922,Civil Engineering 土木,NA
7229,7228,235,1929,Mechanical Engineering 機械,NA
7230,7228,227,1930,Mechanical Engineering 機械,Master 碩士
7243,7242,692,1933,Civil Engineering 土木,NA
7248,7247,498,1932,Electrical Engineering 電機,NA
7250,7249,498,1933,Mechanical Engineering 機械,NA
7258,7257,354,1939,Civil Engineering 土木,NA
7260,7259,821,1929,Electrical Engineering 電機,NA
7262,7261,235,1934,Electrical Engineering 電機,NA
7267,7266,998,1936,Chemical Engineering 化工,NA
7271,7270,235,1926,Electrical Engineering 電機,NA
7274,7273,998,1938,Chemical Engineering 化工,NA
7276,7275,235,1926,Electrical Engineering 電機,NA
7277,7275,171,1927,Telecommunications 電信,Master 碩士
7278,7275,171,1929,unspecified,Research 研究
7292,7291,235,1933,Mechanical Engineering 機械,NA
7297,7295,516,1935,Chemical Engineering 化工,NA
7299,7298,561,1936,Textile Engineering 紡織,NA
7301,7300,198,1931,Architecture 建築,NA
7308,7304,649,1930,unspecified,NA
7311,7310,235,1931,Civil Engineering 土木,NA
7316,7315,2224,1925,Mechanical Engineering 機械,NA
7318,7317,692,1934,Civil Engineering 土木,NA
7322,7321,227,1927,Civil Engineering 土木,NA
7330,7328,516,1939,Electrical Engineering 電機,NA
7332,7327,561,1927,Textile Engineering 紡織,NA
7336,7335,4776,1924,Mechanical Engineering 機械,NA
7339,7338,1499,1927,Civil Engineering 土木,NA
7341,7340,235,1933,Civil Engineering 土木,NA
7344,7342,1730,1920,Radio Engineering 無線電,NA
7348,7346,7349,1926,Civil Engineering 土木,NA
7353,7352,498,1937,Textile Engineering 紡織,NA
7357,7355,1310,1919,Mechanical Engineering 機械,NA
7370,7369,998,1934,Civil Engineering 土木,NA
7373,7372,235,1934,Civil Engineering 土木,NA
7378,7376,451,1934,Civil Engineering 土木,NA
7380,7379,235,1929,Electrical Engineering 電機,NA
7385,7384,998,1928,Chemical Engineering 化工,NA
7389,7388,1730,1912,Civil Engineering 土木,NA
7394,7392,529,1937,Civil Engineering 土木,NA
7396,7395,354,1933,Civil Engineering 土木,NA
7411,7410,561,1936,Chemical Engineering 化工,NA
7413,7412,349,1938,Chemical Engineering 化工,NA
7415,7414,229,1935,Civil Engineering 土木,NA
7418,7417,7419,1924,Mechanical Engineering 機械,NA
7430,7429,692,1934,Civil Engineering 土木,NA
7432,7431,498,1932,Chemical Engineering 化工,NA
7434,7433,235,1933,Civil Engineering 土木,NA
7437,7436,235,1939,Civil Engineering 土木,NA
7440,7439,235,1930,Electrical Engineering 電機,NA
7443,7442,1499,1913,Civil Engineering 土木,NA
7445,7444,498,1932,Mechanical Engineering 機械,NA
7450,7449,998,1937,Electrical Engineering 電機,NA
7452,7451,692,1925,Civil Engineering 土木,NA
7455,7454,1499,1934,Civil Engineering 土木,NA
7458,7457,2888,1939,Mechanical Engineering 機械,NA
7464,7463,195,1926,Civil Engineering 土木,Bachelor 學士
7478,7477,235,1934,Electrical Engineering 電機,NA
7482,7481,725,1936,Mining Engineering 礦冶,NA
7485,7483,725,1932,Electrical Engineering 電機,NA
7487,7486,821,1938,Civil Engineering 土木,NA
7489,7488,901,1938,Civil Engineering 土木,NA
7492,7490,498,1934,Mechanical Engineering 機械,NA
7495,7493,692,1930,Civil Engineering 土木,NA
7499,7498,516,1937,Civil Engineering 土木,NA
7501,7500,855,1931,Electrical Engineering 電機,NA
7509,7507,725,1934,Electrical Engineering 電機,NA
7511,7510,520,1934,Mining Engineering 礦冶,NA
7513,7512,235,1918,Civil Engineering 土木,NA
7514,7512,152,1919,Civil Engineering 土木,Master 碩士
7523,7521,516,1939,Electrical Engineering 電機,NA
7525,7524,994,1924,Electrical Engineering 電機,NA
7526,7524,190,1928,Civil Engineering 土木,Master 碩士
7531,7530,998,1933,Civil Engineering 土木,NA
7534,7533,4599,NA,Radio Engineering 無線電,NA
7541,7539,188,1918,Chemical Engineering 化工,NA
7542,7539,151,1920,unspecified,Research 研究
7574,7573,516,1939,Electrical Engineering 電機,NA
7577,7576,498,1929,Textile Engineering 紡織,NA
7581,7580,516,1936,Civil Engineering 土木,NA
7583,7582,455,1931,Civil Engineering 土木,NA
7585,7584,70078,1923,Mining Engineering 礦冶,NA
7591,7589,354,1933,Civil Engineering 土木,NA
7594,7593,235,1939,Civil Engineering 土木,NA
7596,7595,998,1934,Chemical Engineering 化工,NA
7598,7597,1730,1919,Telecommunications 電訊,NA
7601,7600,235,1919,Civil Engineering 土木,NA
7607,7606,1742,1937,Civil Engineering 土木,NA
7609,7608,1730,1920,Radio Engineering 無線電,NA
7612,7610,455,1937,Electrical Engineering 電機,NA
7618,7617,675,1934,Civil Engineering 土木,NA
7620,7619,692,1935,Civil Engineering 土木,NA
7623,7622,2328,1935,Civil Engineering 土木,NA
7627,7626,235,1923,Mechanical Engineering 機械,NA
7634,7633,354,1939,Mechanical Engineering 機械,NA
7636,7635,994,1934,Electrical Engineering 電機,NA
7649,7648,561,1920,Textile Engineering 紡織,NA
7651,7650,455,1936,Civil Engineering 土木,NA
7653,7652,455,1932,Civil Engineering 土木,NA
7655,7654,1499,1939,Mining Engineering 礦冶,NA
7657,7656,1499,1925,Civil Engineering 土木,NA
7661,7660,235,1933,Civil Engineering 土木,NA
7664,7662,276,1930,Chemical Engineering 化工,Master 碩士
7677,7676,235,1932,Electrical Engineering 電機,NA
7681,7680,498,1935,Mechanical Engineering 機械,NA
7683,7682,1730,1921,Telecommunications 電訊,NA
7687,7686,235,1922,Electrical Engineering 電機,NA
7691,7690,2004,1938,Electrical Engineering 電機,NA
7696,7695,235,1932,Electrical Engineering 電機,NA
7700,7699,1499,1933,Civil Engineering 土木,NA
7704,7702,7087,1935,Turbine 輪機,NA
7716,7715,516,1937,Chemical Engineering 化工,NA
7719,7717,455,1933,Civil Engineering 土木,NA
7723,7720,455,1939,Mechanical Engineering 機械,NA
7726,7724,4827,1927,Chemical Engineering 化工,NA
7732,7731,354,1937,Civil Engineering 土木,NA
7734,7733,1679,1937,Civil Engineering 土木,NA
7736,7735,4599,NA,Electrical Engineering 電機,NA
7742,7741,998,1936,Electrical Engineering 電機,NA
7744,7743,675,1932,Civil Engineering 土木,NA
7747,7745,349,1936,Architectural Engineering,NA
7749,7748,692,1937,Electrical Engineering 電機,NA
7751,7750,1730,1917,Electrical Engineering 電機,NA
7764,7763,692,1916,Mining Engineering 礦冶,NA
7771,7770,998,1936,Mechanical Engineering 機械,NA
7778,7776,821,1932,Civil Engineering 土木,NA
7780,7779,235,1933,Electrical Engineering 電機,NA
7790,7788,982,1928,Electrical Engineering 電機,NA
7802,7801,998,1932,Civil Engineering 土木,NA
7805,7804,520,1934,Civil Engineering 土木,NA
7809,7808,1730,1921,Telecommunications 電訊,NA
7811,7810,1742,1938,Civil Engineering 土木,NA
7815,7814,455,1930,Civil Engineering 土木,NA
7817,7816,876,1935,Civil Engineering 土木,NA
7819,7818,855,1927,Mechanical Engineering 機械,NA
7821,7820,1310,1920,Mechanical Engineering 機械,NA
7831,7829,561,1936,Chemical Engineering 化工,NA
7833,7832,235,1933,Electrical Engineering 電機,NA
7836,7835,855,1927,Mechanical Engineering 機械,NA
7838,7837,235,1937,Mechanical Engineering 機械,NA
7841,7840,520,1938,Chemical Engineering 化工,NA
7844,7843,235,1937,Civil Engineering 土木,NA
7846,7845,7847,NA,Electrical Engineering 電機,NA
7852,7851,1499,1911,Civil Engineering 土木,NA
7860,7859,235,1932,Civil Engineering 土木,NA
7865,7864,455,1939,Architecture 建築,NA
7867,7866,692,1936,Mechanical Engineering 機械,NA
7869,7868,2224,1935,Civil Engineering 土木,NA
7872,7870,229,1933,Civil Engineering 土木,NA
7875,7873,498,1934,Textile Engineering 紡織,NA
7877,7876,520,1931,Mining Engineering 礦冶,NA
7883,7881,1907,1926,Radio Engineering 無線電,NA
7889,7887,1310,1921,Electrical Engineering 電機,NA
7901,7899,1310,1912,Mechanical Engineering 機械,NA
7908,7907,498,1931,Chemical Engineering 化工,NA
7912,7910,725,1932,Mining Engineering 礦冶,NA
7916,7909,2224,1935,Civil Engineering 土木,NA
7918,7917,451,1938,Civil Engineering 土木,NA
7920,7919,561,1933,Textile Engineering 紡織,NA
7924,7923,1499,1936,Civil Engineering 土木,NA
7929,7928,1950,1932,Architecture 建築,NA
7934,7933,2888,1939,Mechanical Engineering 機械,NA
7936,7935,2888,1939,Electrical Engineering 電機,NA
7938,7937,235,1921,Electrical Engineering 電機,NA
7940,7937,152,NA,Electrical Engineering 電機,Master 碩士
7946,7945,455,1934,Civil Engineering 土木,NA
7949,7948,451,1935,Civil Engineering 土木,NA
7951,7950,455,1933,Electrical Engineering 電機,NA
7953,7952,235,1935,Civil Engineering 土木,NA
7957,7955,692,1934,Civil Engineering 土木,NA
7962,7961,349,1938,Chemical Engineering 化工,NA
7965,7963,4419,1936,Mining Engineering 礦冶,NA
7967,7966,2876,1938,Civil Engineering 土木,NA
7969,7968,675,1938,Civil Engineering 土木,NA
7971,7970,354,1935,Civil Engineering 土木,NA
7973,7972,235,1939,Mechanical Engineering 機械,NA
7975,7974,235,1934,Mechanical Engineering 機械,NA
7978,7977,235,1928,Electrical Engineering 電機,NA
7982,7981,1499,1914,Mechanical Engineering 機械,NA
7987,7986,692,1927,Civil Engineering 土木,NA
7998,7997,235,1939,Civil Engineering 土木,NA
8001,7999,516,1937,Chemical Engineering 化工,NA
8009,8007,1730,1918,Electrical Engineering 電機,NA
8022,8020,70078,1919,Mining Engineering 礦冶,NA
8024,8023,516,1939,Electrical Engineering 電機,NA
8026,8025,235,1937,Civil Engineering 土木,NA
8029,8027,235,1920,Electrical Engineering 電機,NA
8031,8027,152,1923,Electrical Engineering 電機,Master 碩士
8047,8046,1499,1930,Civil Engineering 土木,NA
8052,8050,7087,1935,Turbine 輪機,NA
8062,8061,821,1934,Mechanical Engineering 機械,NA
8066,8065,3044,1936,Civil Engineering 土木,NA
8069,8067,692,1938,Civil Engineering 土木,NA
8071,8070,5390,1911,Textile Engineering 紡織,NA
8075,8074,235,1932,Civil Engineering 土木,NA
8078,8077,235,1932,Civil Engineering 土木,NA
8084,8083,5740,1914,Mining Engineering 礦冶,NA
8098,8097,8099,1922,Aeronautical Engineering,NA
8116,8115,1950,NA,Mechanical Engineering 機械,NA
8123,8121,2328,1936,Civil Engineering 土木,NA
8125,8124,2224,1927,Civil Engineering 土木,NA
8127,8126,2224,1936,Electrical Engineering 電機,NA
8139,8137,855,1924,Mechanical Engineering 機械,NA
8142,8140,3530,1926,Electrical Engineering 電機,NA
8152,8151,455,1934,Chemical Engineering 化工,NA
8156,8155,821,1935,Civil Engineering 土木,NA
8158,8157,529,1939,Civil Engineering 土木,NA
8160,8159,529,1931,Mechanical Engineering 機械,NA
8165,8164,1730,1912,Civil Engineering 土木,NA
8168,8167,998,1931,Civil Engineering 土木,NA
8175,8173,692,1920,Civil Engineering 土木,NA
8182,8180,235,1935,Mechanical Engineering 機械,NA
8186,8184,516,1936,Civil Engineering 土木,NA
8189,8187,821,1934,Textile Engineering 紡織,NA
8194,8192,2004,NA,Mechanical Engineering 機械,NA
8196,8195,1730,1915,Telecommunications 電信,NA
8198,8197,1499,1919,Civil Engineering 土木,NA
8200,8199,725,1932,Mechanical Engineering 機械,NA
8203,8201,821,1931,Electrical Engineering 電機,NA
8205,8204,498,1934,Mechanical Engineering 機械,NA
8207,8206,229,1937,Civil Engineering 土木,NA
8209,8208,235,1922,Electrical Engineering 電機,NA
8213,8212,235,1912,Electrical Engineering 電機,NA
8219,8218,1730,1912,Civil Engineering 土木,NA
8221,8220,235,1936,Electrical Engineering 電機,NA
8223,8222,675,1939,unspecified,NA
8225,8224,7349,1923,Civil Engineering 土木,NA
8233,8232,1730,1921,Telecommunications 電信,NA
8235,8234,235,1937,Electrical Engineering 電機,NA
8237,8236,1499,1935,Civil Engineering 土木,NA
8240,8239,349,1938,Civil Engineering 土木,Zhuanke 專科
8242,8241,692,1910,Civil Engineering 土木,NA
8246,8245,692,1935,Civil Engineering 土木,NA
8249,8247,498,1937,Chemical Engineering 化工,NA
8252,8250,3530,1924,Chemical Engineering 化工,NA
8260,8259,998,1936,Chemical Engineering 化工,NA
8263,8261,555,1939,Mechanical Engineering 機械,NA
8265,8264,120,1929,Electrical Engineering 電機,NA
8271,8270,235,1923,Mechanical Engineering 機械,NA
8279,8277,529,1935,Electrical Engineering 電機,NA
8282,8281,235,1931,Civil Engineering 土木,NA
8289,8288,561,1925,Textile Engineering 紡織,NA
8291,8290,193,1925,Textile Engineering 紡織,NA
8295,8294,998,1936,Electrical Engineering 電機,NA
8302,8301,70078,1921,Military Engineering 兵工機械,NA
8304,8303,1730,1914,Radio Engineering 無線電,NA
8307,8306,1499,1913,Civil Engineering 土木,NA
8321,8320,455,1930,Civil Engineering 土木,NA
8324,8323,1499,1923,Civil Engineering 土木,NA
8325,8323,152,1924,Civil Engineering 土木,Master 碩士
8342,8340,498,1937,Chemical Engineering 化工,NA
8345,8343,354,1938,Civil Engineering 土木,NA
8347,8346,692,1935,Civil Engineering 土木,NA
8357,8356,4419,NA,Mining Engineering 礦冶,NA
8360,8359,2876,1935,Civil Engineering 土木,NA
8362,8361,2004,1937,Civil Engineering 土木,NA
8364,8363,235,1934,Electrical Engineering 電機,NA
8367,8365,498,1930,Mechanical Engineering 機械,NA
8369,8368,1499,1937,Civil Engineering 土木,NA
8371,8370,455,1938,Chemical Engineering 化工,NA
8373,8372,516,1935,Civil Engineering 土木,NA
8379,8378,451,1939,Civil Engineering 土木,NA
8381,8380,451,1937,Civil Engineering 土木,NA
8383,8382,349,1936,Architecture 建築,NA
8385,8384,2224,1937,Surveying 測量,NA
8392,8391,529,1935,Civil Engineering 土木,NA
8397,8396,267,1899,Civil Engineering 土木,NA
8398,8396,188,1901,Civil Engineering 土木,Master 碩士
8419,8418,901,1906,Civil Engineering 土木,NA
8420,8418,227,1910,Civil Engineering 土木,Master 碩士
8428,8427,998,1931,Civil Engineering 土木,NA
8430,8429,901,1935,Civil Engineering 土木,NA
8434,8433,1499,1938,Civil Engineering 土木,NA
8436,8435,1499,1914,Mechanical Engineering 機械,NA
8438,8437,2224,1919,Mechanical Engineering 機械,NA
8448,8447,235,1933,Civil Engineering 土木,NA
8450,8449,692,1935,Civil Engineering 土木,NA
8453,8452,8454,1919,Mining Engineering 礦冶,NA
8469,8468,561,1928,Textile Engineering 紡織,NA
8475,8474,529,1935,Mining Engineering 礦冶,NA
8482,8481,1499,1917,Civil Engineering 土木,NA
8483,8481,195,1919,Civil Engineering 土木,Master 碩士
8487,8486,2224,1921,Mechanical Engineering 機械,NA
8489,8488,821,1937,Mechanical Engineering 機械,NA
8492,8490,235,1933,Civil Engineering 土木,NA
8494,8493,2224,1916,Civil Engineering 土木,NA
8495,8493,120,1924,unspecified,NA
8510,8509,675,1934,Civil Engineering 土木,NA
8517,8516,349,1936,Civil Engineering 土木,NA
8519,8518,115,1937,Electrical Engineering 電機,NA
8521,8520,516,1939,Civil Engineering 土木,NA
8523,8522,998,1937,Civil Engineering 土木,NA
8526,8524,725,1926,Mining Engineering 礦冶,NA
8532,8531,516,1935,Civil Engineering 土木,NA
8534,8533,529,1932,Civil Engineering 土木,NA
8546,8545,1310,1929,Mechanical Engineering 機械,NA
8547,8545,198,1933,Mechanical Engineering 機械,Master 碩士
8554,8551,998,1933,Civil Engineering 土木,NA
8556,8555,198,NA,Mechanical Engineering 機械,Master 碩士
8560,8559,561,1919,Textile Engineering 紡織,NA
8571,8570,901,NA,Civil Engineering 土木,NA
8574,8573,998,1931,Electrical Engineering 電機,NA
8578,8577,561,1915,Textile Engineering 紡織,NA
8580,8579,235,1932,Electrical Engineering 電機,NA
8587,8586,855,1924,Mechanical Engineering 機械,NA
8594,8593,235,1934,Civil Engineering 土木,NA
8597,8596,1730,1920,Radio Engineering 無線電,NA
8599,8598,675,1935,Civil Engineering 土木,NA
8602,8601,876,1937,Electrical Engineering 電機,NA
8604,8603,235,1920,Civil Engineering 土木,NA
8613,8612,692,1919,Civil Engineering 土木,NA
8616,8615,516,1939,Civil Engineering 土木,NA
8618,8617,1730,1912,Telecommunications 電信,NA
8620,8619,279,1909,Chemical Engineering 化工,NA
8621,8619,151,1925,Chemical Engineering 化工,Doctor 博士
8630,8629,235,1932,Civil Engineering 土木,NA
8633,8632,498,1934,Mechanical Engineering 機械,NA
8635,8634,455,1935,Mechanical Engineering 機械,特別研究班
8638,8637,235,1926,Mechanical Engineering 機械,NA
8642,8640,516,1939,Electrical Engineering 電機,NA
8644,8643,561,1926,Textile Engineering 紡織,NA
8647,8645,529,1935,Electrical Engineering 電機,NA
8651,8650,529,1936,Civil Engineering 土木,NA
8654,8653,876,1938,Electrical Engineering 電機,NA
8656,8655,349,1937,Civil Engineering 土木,NA
8658,8657,70078,1918,Mining Engineering 礦冶,NA
8660,8659,198,1915,Mechanical Engineering 機械,NA
8672,8671,235,1937,Civil Engineering 土木,NA
8676,8674,529,1935,Mining Engineering 礦冶,NA
8679,8678,1730,1919,Telecommunications 電訊,NA
8686,8685,212,1924,Chemical Engineering 化工,Master 碩士
8687,8685,3157,1925,Chemical Engineering 化工,Doctor 博士
8699,8698,516,1939,Mechanical Engineering 機械,NA
8702,8701,692,1930,Civil Engineering 土木,NA
8716,8715,1730,1921,Telecommunications 電信,NA
8722,8721,1499,1935,Civil Engineering 土木,NA
8725,8724,692,1930,Mining Engineering 礦冶,NA
8736,8735,692,1934,Mining Engineering 礦冶,NA
8740,8739,235,1934,Electrical Engineering 電機,NA
8742,8741,1499,1935,Civil Engineering 土木,NA
8745,8744,1499,1935,Civil Engineering 土木,NA
8747,8746,998,1938,Electrical Engineering 電機,NA
8749,8748,821,1937,Civil Engineering 土木,NA
8751,8750,455,1935,Mechanical Engineering 機械,NA
8753,8752,516,1939,Chemical Engineering 化工,NA
8755,8754,235,1921,Civil Engineering 土木,NA
8756,8754,227,NA,unspecified,Research 研究
8768,8767,455,1935,Civil Engineering 土木,NA
8771,8770,1730,1916,Civil Engineering 土木,NA
8781,8779,498,1936,Mechanical Engineering 機械,NA
8784,8783,235,1926,Mechanical Engineering 機械,NA
8792,8791,1730,1917,Radio Engineering 無線電,NA
8795,8793,8796,1933,Mechanical Engineering 機械,NA
8807,8806,179,NA,Mining Engineering 礦冶,NA
8809,8808,529,1932,Civil Engineering 土木,NA
8812,8811,426,1935,Civil Engineering 土木,NA
8814,8813,1499,1933,Civil Engineering 土木,NA
8819,8818,2328,1935,Civil Engineering 土木,NA
8824,8823,1730,1912,Civil Engineering 土木,NA
8826,8825,498,1938,Chemical Engineering 化工,NA
8828,8827,692,1914,Mining Engineering 礦冶,NA
8835,8834,692,1929,Mining Engineering 礦冶,NA
8836,8834,155,1935,Chemical Engineering 化工,Doctor 博士
8850,8849,725,1921,Mining Engineering 礦冶,NA
8852,8851,837,1936,Chemical Engineering 化工,NA
8855,8853,1730,1915,Electrical Engineering 電機,NA
8857,8856,692,1919,Mining Engineering 礦冶,NA
8859,8858,12802,1929,Mechanical Engineering 機械,NA
8869,8868,4599,1921,Electrical Engineering 電機,NA
8880,8879,692,1931,Mechanical Engineering 機械,NA
8884,8882,692,1912,Mining Engineering 礦冶,NA
8886,8885,1499,1933,Civil Engineering 土木,NA
8889,8888,1310,1930,Chemical Engineering 化工,NA
8896,8895,2584,NA,Chemical Engineering 化工,NA
8905,8904,235,1913,Civil Engineering 土木,NA
8917,8915,516,1939,Architecture 建築,NA
8921,8918,692,1931,Mining Engineering 礦冶,NA
8925,8924,498,1936,Electrical Engineering 電機,NA
8928,8926,498,1932,Electrical Engineering 電機,NA
8931,8929,1730,1916,Civil Engineering 土木,NA
8933,8932,235,1931,Civil Engineering 土木,NA
8938,8937,235,1933,Civil Engineering 土木,NA
8940,8939,1499,1935,Civil Engineering 土木,NA
8943,8942,1730,1921,Telecommunications 電訊,NA
8952,8951,498,1935,Textile Engineering 紡織,NA
8955,8953,675,1927,Civil Engineering 土木,NA
8964,8963,725,1926,Mechanical Engineering 機械,NA
8966,8965,455,1933,Electrical Engineering 電機,NA
8975,8974,998,1937,Chemical Engineering 化工,NA
8978,8976,998,1931,Electrical Engineering 電機,NA
8980,8979,217,1926,Chemical Engineering 化工,NA
8983,8979,191,1927,Chemical Engineering 化工,Master 碩士
8999,8998,455,1933,Civil Engineering 土木,NA
9002,9001,1269,1936,Mechanical Engineering 機械,NA
9007,9006,3146,1908,Mining Engineering 礦冶,Master 碩士
9031,9028,692,1931,Mining Engineering 礦冶,NA
9037,9035,725,1916,Mining Engineering 礦冶,Zhuanke 專科
9044,9043,1499,NA,Civil Engineering 土木,NA
9046,9045,498,1933,Mechanical Engineering 機械,NA
9048,9047,2328,1935,Electrical Engineering 電機,NA
9052,9051,1730,1916,Civil Engineering 土木,NA
9054,9053,692,1919,Mining Engineering 礦冶,NA
9057,9056,1907,NA,Electrical Engineering 電機,NA
9064,9063,649,1932,unspecified,NA
9067,9065,455,1932,Civil Engineering 土木,NA
9069,9068,692,1935,Mechanical Engineering 機械,NA
9071,9070,516,1939,Chemical Engineering 化工,NA
9073,9072,725,1919,Mining Engineering 礦冶,NA
9075,9074,9076,1927,Electrical Engineering 電機,NA
9077,9074,9078,1929,Electrical Engineering 電機,Master 碩士
9085,9084,725,1929,Mechanical Engineering 機械,NA
9087,9086,725,1927,Civil Engineering 土木,NA
9089,9088,821,1933,Electrical Engineering 電機,NA
9091,9090,725,1929,Mining Engineering 礦冶,NA
9093,9092,1310,1916,Mechanical Engineering 機械,NA
9098,9097,498,1931,Electrical Engineering 電機,NA
9100,9099,229,1935,Civil Engineering 土木,NA
9108,9107,901,1929,Civil Engineering 土木,NA
9112,9111,498,1935,Mechanical Engineering 機械,NA
9114,9113,70078,1916,Civil Engineering 土木,NA
9118,9116,725,1930,Mining Engineering 礦冶,NA
9125,9124,692,1930,Mechanical Engineering 機械,NA
9137,9135,70078,1925,Civil Engineering 土木,NA
9148,9147,821,1933,Mechanical Engineering 機械,NA
9150,9149,235,1937,Electrical Engineering 電機,NA
9152,9151,821,1935,Civil Engineering 土木,NA
9154,9153,725,1926,Mechanical Engineering 機械,NA
9156,9155,725,1930,Mechanical Engineering 機械,NA
9160,9159,1730,1920,Radio Engineering 無線電,NA
9162,9161,1307,1920,Civil Engineering 土木,NA
9166,9165,1730,1920,Radio Engineering 無線電,NA
9173,9172,725,1931,Mechanical Engineering 機械,NA
9175,9174,270,1932,Civil Engineering 土木,NA
9179,9178,520,1935,Civil Engineering 土木,NA
9182,9180,6339,1926,Electrical Engineering 電機,NA
9189,9188,455,1929,Civil Engineering 土木,NA
9193,9192,235,1933,Civil Engineering 土木,NA
9194,9192,152,NA,Civil Engineering 土木,Master 碩士
9197,9192,179,NA,unspecified,Research 研究
9200,9199,7349,1923,Civil Engineering 土木,NA
9205,9203,1730,1912,Telecommunications 電訊,NA
9208,9206,349,1937,Chemical Engineering 化工,NA
9210,9209,901,NA,Civil Engineering 土木,NA
9233,9232,235,1939,Mechanical Engineering 機械,NA
9235,9234,4599,NA,Electrical Engineering 電機,NA
9240,9239,455,1932,Electrical Engineering 電機,NA
9245,9244,70078,1913,Civil Engineering 土木,NA
9247,9246,70078,1913,Mining Engineering 礦冶,NA
9260,9259,1499,1934,Civil Engineering 土木,NA
9264,9262,692,1912,Mining Engineering 礦冶,NA
9266,9265,1499,1931,Civil Engineering 土木,NA
9271,9270,876,1937,Civil Engineering 土木,NA
9273,9272,1730,1916,Civil Engineering 土木,NA
9278,9277,692,1928,Civil Engineering 土木,NA
9283,9281,498,1929,Electrical Engineering 電機,NA
9286,9284,998,1937,Civil Engineering 土木,NA
9288,9287,876,1938,Civil Engineering 土木,NA
9290,9289,3044,1936,Civil Engineering 土木,NA
9293,9291,821,1934,Civil Engineering 土木,NA
9296,9295,227,1921,Mechanical Engineering 機械,NA
9309,9308,1499,1913,Civil Engineering 土木,NA
9312,9310,2224,1932,Civil Engineering 土木,NA
9316,9315,6102,1916,Electrical Engineering 電機,NA
9325,9323,235,1923,Mechanical Engineering 機械,NA
9329,9323,152,1924,Mechanical Engineering 機械,Master 碩士
9337,9320,821,1934,Mechanical Engineering 機械,NA
9340,9339,692,1928,Mining Engineering 礦冶,NA
9344,9343,692,1937,Mining Engineering 礦冶,NA
9347,9345,692,1936,Mining Engineering 礦冶,NA
9350,9349,5466,1934,Electrical Engineering 電機,NA
9355,9354,725,1927,Civil Engineering 土木,NA
9358,9356,725,1927,Mining Engineering 礦冶,NA
9364,9362,692,1929,Mining Engineering 礦冶,NA
9372,9371,692,1930,Mechanical Engineering 機械,NA
9382,9380,725,1932,Electrical Engineering 電機,NA
9384,9383,235,1924,Electrical Engineering 電機,NA
9392,9391,725,1923,Mechanical Engineering 機械,NA
9398,9395,2876,1935,Civil Engineering 土木,NA
9401,9399,229,1936,Mechanical Engineering 機械,NA
9405,9403,455,1939,Electrical Engineering 電機,NA
9407,9406,2888,1939,Electrical Engineering 電機,NA
9409,9408,855,1924,Mechanical Engineering 機械,NA
9411,9410,349,1935,Civil Engineering 土木,Zhuanke 專科
9414,9413,354,1939,Electrical Engineering 電機,NA
9416,9415,561,1925,Textile Engineering 紡織,NA
9421,9419,692,1932,Civil Engineering 土木,NA
9425,9424,692,1932,Civil Engineering 土木,NA
9429,9428,994,1921,Civil Engineering 土木,NA
9433,9431,725,1933,Electrical Engineering 電機,NA
9436,9435,561,1917,Textile Engineering 紡織,NA
9438,9437,9439,1936,Radio Engineering 無線電,Zhuanke 專科
9441,9440,821,1935,Civil Engineering 土木,NA
9443,9442,349,1935,Civil Engineering 土木,Zhuanke 專科
9445,9444,2224,1919,Mechanical Engineering 機械,NA
9447,9446,349,1938,Civil Engineering 土木,Zhuanke 專科
9449,9448,3044,1935,Civil Engineering 土木,NA
9451,9450,692,1916,Civil Engineering 土木,NA
9466,9465,9467,1920,Civil Engineering 土木,NA
9470,9469,9471,NA,Mining Engineering 礦冶,NA
9477,9476,349,1938,Mechanical Engineering 機械,NA
9479,9478,9480,1929,Mechanical Engineering 機械,NA
9484,9483,529,1931,Mechanical Engineering 機械,NA
9487,9486,120,1909,Mechanical Engineering 機械,NA
9502,9501,675,1928,Civil Engineering 土木,NA
9505,9504,529,1936,Civil Engineering 土木,NA
9508,9507,1499,1922,Civil Engineering 土木,NA
9511,9510,1730,1921,Telecommunications 電信,NA
9514,9513,855,1931,Electrical Engineering 電機,NA
9516,9515,725,1931,Mechanical Engineering 機械,NA
9518,9517,2224,1919,Mechanical Engineering 機械,NA
9520,9519,692,1933,Civil Engineering 土木,NA
9526,9525,235,1927,Electrical Engineering 電機,NA
9536,9534,1730,1920,Telecommunications 電信,NA
9542,9541,1499,1933,Civil Engineering 土木,NA
9545,9544,498,1934,Chemical Engineering 化工,NA
9547,9546,235,1939,Mechanical Engineering 機械,NA
9549,9548,855,1924,Mechanical Engineering 機械,NA
9553,9550,692,1930,Civil Engineering 土木,NA
9558,9557,725,1920,Civil Engineering 土木,NA
9561,9559,2224,1923,Civil Engineering 土木,NA
9576,9574,3073,1937,Civil Engineering 土木,NA
9579,9577,855,1926,Mechanical Engineering 機械,NA
9587,9586,235,1929,Electrical Engineering 電機,NA
9603,9602,354,1939,Civil Engineering 土木,NA
9605,9604,725,1928,Electrical Engineering 電機,NA
9607,9606,455,1934,Civil Engineering 土木,NA
9610,9609,2121,1917,Mechanical Engineering 機械,Master 碩士
9614,9612,227,1926,Civil Engineering 土木,Master 碩士
9624,9623,1499,1933,Civil Engineering 土木,NA
9627,9625,725,1927,Civil Engineering 土木,NA
9634,9632,426,1939,Civil Engineering 土木,NA
9636,9635,821,1932,Civil Engineering 土木,NA
9638,9637,455,1933,Civil Engineering 土木,NA
9641,9639,2888,1939,Electrical Engineering 電機,NA
9643,9642,692,1923,Mining Engineering 礦冶,NA
9647,9645,837,1926,Mining Engineering 礦冶,NA
9657,9656,998,1935,Chemical Engineering 化工,NA
9659,9658,998,1930,Chemical Engineering 化工,NA
9663,9662,229,1937,Mechanical Engineering 機械,NA
9674,9673,998,1935,Civil Engineering 土木,NA
9676,9675,692,1935,Civil Engineering 土木,NA
9679,9678,195,1915,Mechanical Engineering 機械,NA
9694,9691,9695,1926,Mechanical Engineering 機械,NA
9699,9698,235,1926,Mechanical Engineering 機械,NA
9703,9702,692,1936,Mining Engineering 礦冶,NA
9705,9704,3044,1934,Civil Engineering 土木,NA
9707,9706,561,1933,Textile Engineering 紡織,NA
9709,9708,998,1935,Electrical Engineering 電機,NA
9713,9712,1499,1932,Civil Engineering 土木,NA
9716,9715,235,1935,Civil Engineering 土木,NA
9720,9719,998,1934,Chemical Engineering 化工,NA
9722,9721,498,NA,Electrical Engineering 電機,NA
9731,9730,561,1920,Textile Engineering 紡織,NA
9733,9732,529,1939,Mining Engineering 礦冶,NA
9736,9735,451,1938,Civil Engineering 土木,NA
9738,9737,70078,1920,Mining Engineering 礦冶,NA
9755,9754,1499,1932,Civil Engineering 土木,NA
9759,9757,725,1934,Civil Engineering 土木,NA
9761,9760,529,1939,Mechanical Engineering 機械,NA
9763,9762,561,1924,Textile Engineering 紡織,NA
9765,9764,725,1932,Electrical Engineering 電機,NA
9767,9766,2224,1932,Civil Engineering 土木,NA
9770,9769,426,1929,Civil Engineering 土木,NA
9773,9771,498,1931,Electrical Engineering 電機,NA
9779,9778,855,1924,Chemical Engineering 化工,NA
9781,9780,649,1930,unspecified,NA
9783,9782,1730,1921,Telecommunications 電信,NA
9787,9784,2740,1927,Mining Engineering 礦冶,NA
9797,9796,516,1937,Chemical Engineering 化工,NA
9799,9798,70078,1923,Mining Engineering 礦冶,NA
9802,9800,692,1930,Mining Engineering 礦冶,NA
9806,9805,235,1934,Civil Engineering 土木,NA
9809,9808,821,1931,Electrical Engineering 電機,NA
9811,9810,516,1939,Mechanical Engineering 機械,NA
9813,9812,529,1932,Civil Engineering 土木,NA
9816,9815,498,1937,Chemical Engineering 化工,NA
9819,9817,1730,1920,Telecommunications 電訊,NA
9822,9821,529,1936,Mining Engineering 礦冶,NA
9823,9820,3530,1924,Electrical Engineering 電機,NA
9831,9829,725,1934,Mining Engineering 礦冶,NA
9833,9832,561,1933,Textile Engineering 紡織,NA
9837,9836,1499,1928,Civil Engineering 土木,NA
9841,9840,998,1930,Electrical Engineering 電機,NA
9845,9844,1499,1925,Civil Engineering 土木,NA
9848,9847,692,1931,Civil Engineering 土木,NA
9851,9850,998,1934,Chemical Engineering 化工,NA
9854,9853,2224,1934,Electrical Engineering 電機,NA
9857,9855,821,1933,Civil Engineering 土木,NA
9860,9858,354,1936,Civil Engineering 土木,NA
9862,9861,127,1920,Civil Engineering 土木,Master 碩士
9865,9864,998,1932,Civil Engineering 土木,NA
9870,9867,498,1934,Electrical Engineering 電機,NA
9873,9872,1310,1921,Chemical Engineering 化工,NA
9890,9889,190,NA,Economics 經濟,NA
9891,9889,9892,NA,Chemistry 化學,NA
9894,9889,120,1931,Chemistry 化學,Doctor 博士
9895,9889,639,1931,Chemistry 化學,Doctor 博士
9905,9904,451,1938,Civil Engineering 土木,NA
9908,9906,516,1939,Chemical Engineering 化工,NA
9910,9909,349,1935,Civil Engineering 土木,NA
9912,9911,1499,1937,Civil Engineering 土木,NA
9914,9913,2224,1923,Civil Engineering 土木,NA
9917,9916,229,1932,Civil Engineering 土木,NA
9920,9919,229,1932,Civil Engineering 土木,NA
9930,9929,675,1932,Civil Engineering 土木,NA
9932,9931,229,1920,Chemical Engineering 化工,NA
9933,9931,152,1924,Chemical Engineering 化工,Doctor 博士
9948,9947,1679,1939,Civil Engineering 土木,NA
9951,9949,115,1936,Chemical Engineering 化工,NA
9965,9964,349,1935,Telecommunications 電信,NA
9978,9976,692,1930,Civil Engineering 土木,NA
9982,9981,167,NA,Electrical Engineering 電機,NA
9994,9993,529,1936,Civil Engineering 土木,NA
9997,9996,692,1934,Mining Engineering 礦冶,NA
10004,10002,855,1932,Electrical Engineering 電機,NA
10007,10005,70078,1926,Mechanical Engineering 機械,NA
10011,10010,1499,1939,Civil Engineering 土木,NA
10013,10012,561,1932,Textile Engineering 紡織,NA
10017,10016,821,1935,Civil Engineering 土木,NA
10023,10022,1730,1924,Radio Engineering 無線電,Zhuanke 專科
10026,10024,235,1924,Mechanical Engineering 機械,NA
10030,10028,3073,1937,Civil Engineering 土木,NA
10032,10031,725,1936,Mining Engineering 礦冶,NA
10034,10033,692,1930,Mechanical Engineering 機械,NA
10039,10038,855,1932,Chemical Engineering 化工,NA
10041,10040,1730,1920,Radio Engineering 無線電,NA
10043,10042,2224,1924,Civil Engineering 土木,NA
10045,10044,1307,1923,Mechanical Engineering 機械,NA
10054,10052,855,1936,Mechanical Engineering 機械,NA
10056,10055,692,1931,Mechanical Engineering 機械,NA
10058,10057,1730,1916,Civil Engineering 土木,NA
10061,10060,9439,1935,Radio Engineering 無線電,NA
10063,10062,2876,1938,Civil Engineering 土木,NA
10065,10064,70078,1938,Civil Engineering 土木,NA
10067,10066,516,1936,Civil Engineering 土木,NA
10069,10068,516,1937,Civil Engineering 土木,NA
10071,10070,529,1939,Civil Engineering 土木,NA
10074,10073,152,1921,Electrical Engineering 電機,NA
10083,10081,251,1929,Chemical Engineering 化工,NA
10084,10081,155,1934,Chemical Engineering 化工,NA
10091,10090,1499,1914,Mechanical Engineering 機械,NA
10095,10094,1269,1939,Electrical Engineering 電機,NA
10097,10096,901,1924,Mathematics 數學,NA
10098,10096,179,1926,Civil Engineering 土木,NA
10100,10096,152,1927,Civil Engineering 土木,Master 碩士
10101,10099,455,1933,Civil Engineering 土木,NA
10105,10104,529,1936,Mining Engineering 礦冶,NA
10107,10106,855,1935,Chemical Engineering 化工,NA
10110,10109,198,1925,Electrical Engineering 電機,NA
10123,10122,235,1933,Electrical Engineering 電機,NA
10127,10126,235,1916,Civil Engineering 土木,NA
10129,10128,529,1930,Civil Engineering 土木,NA
10133,10132,692,1931,Civil Engineering 土木,NA
10139,10137,498,1937,Textile Engineering 紡織,NA
10141,10140,455,1932,Civil Engineering 土木,NA
10147,10146,235,1937,Mechanical Engineering 機械,NA
10149,10148,1369,1926,Chemical Engineering 化工,NA
10153,10152,195,1914,Electrical Engineering 電機,Master 碩士
10158,10157,498,1931,Mechanical Engineering 機械,NA
10169,10168,1730,1920,Telecommunications 電訊,NA
10171,10170,1730,1921,Telecommunications 電訊,NA
10178,10177,998,1936,Civil Engineering 土木,NA
10181,10179,498,1934,Chemical Engineering 化工,NA
10183,10182,6339,NA,Electrical Engineering 電機,NA
10197,10196,455,1938,Civil Engineering 土木,NA
10200,10198,855,1937,Mechanical Engineering 機械,NA
10204,10203,1730,1912,Civil Engineering 土木,NA
10206,10205,2224,1938,Surveying 測量,NA
10208,10207,675,1931,Civil Engineering 土木,NA
10212,10211,2224,1919,Mechanical Engineering 機械,NA
10214,10213,455,1930,Civil Engineering 土木,NA
10217,10215,998,1937,Electrical Engineering 電機,NA
10218,10201,1499,1939,Civil Engineering 土木,NA
10220,10219,692,1933,Mechanical Engineering 機械,NA
10222,10221,115,1926,Civil Engineering 土木,NA
10227,10226,349,1937,Civil Engineering 土木,NA
10229,10228,10230,1924,Mechanical Engineering 機械,NA
10243,10242,529,1931,Civil Engineering 土木,NA
10247,10246,1730,1915,Electrical Engineering 電機,NA
10251,10250,561,1918,Textile Engineering 紡織,NA
10253,10252,6140,1920,Mechanical Engineering 機械,NA
10277,10276,555,1938,Civil Engineering 土木,NA
10279,10278,692,1937,Mechanical Engineering 機械,NA
10283,10282,2224,1932,Civil Engineering 土木,NA
10285,10284,855,1931,Electrical Engineering 電機,NA
10287,10286,998,1937,Mechanical Engineering 機械,NA
10289,10288,1499,1930,Civil Engineering 土木,NA
10292,10291,1499,1926,Civil Engineering 土木,NA
10296,10294,855,1924,Mechanical Engineering 機械,NA
10304,10302,1730,1912,Civil Engineering 土木,NA
10306,10305,235,1936,Mechanical Engineering 機械,NA
10308,10307,821,1934,Electrical Engineering 電機,NA
10310,10309,692,1922,Civil Engineering 土木,NA
10329,10328,692,1930,Mechanical Engineering 機械,NA
10334,10333,675,1937,Civil Engineering 土木,NA
10336,10335,10338,1917,Mechanical Engineering 機械,NA
10354,10353,78002,1922,Textile Engineering 紡織,NA
10359,10358,235,1931,Electrical Engineering 電機,NA
10361,10360,235,1932,Mechanical Engineering 機械,NA
10364,10363,70078,1916,Civil Engineering 土木,NA
10367,10366,855,1929,Mechanical Engineering 機械,NA
10374,10373,354,1937,Civil Engineering 土木,NA
10377,10376,227,1939,Electrical Engineering 電機,NA
10380,10376,171,1931,Electrical Engineering 電機,Master 碩士
10396,10395,998,1937,Civil Engineering 土木,NA
10400,10397,235,1933,Civil Engineering 土木,NA
10401,10398,1499,1923,Civil Engineering 土木,NA
10408,10405,115,1932,Civil Engineering 土木,NA
10409,10405,4599,1933,Electrical Engineering 電機,NA
10413,10412,561,1925,Textile Engineering 紡織,NA
10415,10414,555,1939,Civil Engineering 土木,NA
10420,10419,692,1935,Civil Engineering 土木,NA
10422,10421,1499,1934,Civil Engineering 土木,NA
10425,10424,649,1930,unspecified,NA
10429,10428,998,1933,Electrical Engineering 電機,NA
10431,10430,1310,1922,Mechanical Engineering 機械,NA
10438,10436,692,1916,Civil Engineering 土木,NA
10440,10439,455,1937,Electrical Engineering 電機,NA
10445,10444,1730,1924,Radio Engineering 無線電,Zhuanke 專科
10447,10446,195,NA,Chemical Engineering 化工,Master 碩士
10448,10446,198,NA,Chemical Engineering 化工,Doctor 博士
10451,10450,561,1924,Textile Engineering 紡織,NA
10476,10474,44085,1929,Mechanical Engineering 機械,NA
10484,10483,561,1939,Textile Engineering 紡織,NA
10486,10485,692,1921,Civil Engineering 土木,NA
10490,10489,2224,1918,Mechanical Engineering 機械,NA
10514,10513,235,1934,Electrical Engineering 電機,NA
10516,10515,1730,1920,Radio Engineering 無線電,NA
10517,10515,4599,1923,Radio Engineering 無線電,NA
10526,10518,1730,1924,Radio Engineering 無線電,Zhuanke 專科
10532,10531,692,1933,Mechanical Engineering 機械,NA
10534,10533,725,1926,Mining Engineering 礦冶,NA
10536,10535,725,1928,Electrical Engineering 電機,NA
10539,10537,3530,1926,Chemical Engineering 化工,NA
10544,10542,455,1939,Civil Engineering 土木,NA
10547,10545,2876,1939,Civil Engineering 土木,NA
10549,10548,561,1926,Textile Engineering 紡織,NA
10554,10552,3073,1935,Civil Engineering 土木,NA
10558,10556,1730,1919,Telecommunications 電訊,NA
10562,10560,1730,1920,Telecommunications 電訊,NA
10571,10570,555,1939,Electrical Engineering 電機,NA
10573,10572,998,1932,Civil Engineering 土木,NA
10577,10576,855,1937,Electrical Engineering 電機,NA
10582,10579,821,1929,Electrical Engineering 電機,NA
10584,10583,725,1916,Civil Engineering 土木,NA
10601,10600,1730,1915,Radio Engineering 無線電,NA
10604,10602,2224,1919,Mechanical Engineering 機械,NA
10612,10611,821,1939,Electrical Engineering 電機,NA
10614,10613,725,1920,Civil Engineering 土木,NA
10617,10616,235,1928,Mechanical Engineering 機械,NA
10628,10627,229,1933,Civil Engineering 土木,NA
10631,10630,229,1936,Civil Engineering 土木,NA
10640,10638,1499,1918,Civil Engineering 土木,NA
10653,10652,70078,1922,Civil Engineering 土木,NA
10655,10654,10656,NA,Civil Engineering 土木,NA
10667,10666,4776,1924,Mechanical Engineering 機械,NA
10669,10668,1730,1915,Radio Engineering 無線電,速成班
10670,10668,1730,1917,Radio Engineering 無線電,中等
10673,10671,5466,1920,Mechanical Engineering 機械,NA
10680,10679,675,1939,unspecified,NA
10682,10681,3530,1927,Electrical Engineering 電機,NA
10685,10683,498,1935,Chemical Engineering 化工,NA
10687,10686,1730,1917,Telecommunications 電訊,NA
10689,10688,455,1930,Mechanical Engineering 機械,NA
10693,10692,235,1913,Civil Engineering 土木,NA
10695,10694,455,1935,Chemical Engineering 化工,NA
10704,10703,561,1935,Textile Engineering 紡織,NA
10706,10705,1499,1935,Mining Engineering 礦冶,NA
10711,10709,455,1935,Electrical Engineering 電機,NA
10713,10712,354,1936,Civil Engineering 土木,NA
10717,10714,529,1936,Electrical Engineering 電機,NA
10725,10723,675,1938,Civil Engineering 土木,NA
10728,10726,2888,1939,Electrical Engineering 電機,NA
10731,10729,7087,1936,Turbine 輪機,NA
10733,10732,7087,1936,Turbine 輪機,NA
10735,10734,561,1926,Textile Engineering 紡織,NA
10739,10738,4163,1931,Chemical Engineering 化工,NA
10741,10740,561,1920,Textile Engineering 紡織,NA
10744,10742,1742,1939,Civil Engineering 土木,NA
10747,10746,1499,1927,Civil Engineering 土木,NA
10762,10760,855,1937,Electrical Engineering 電機,NA
10764,10763,455,1934,Civil Engineering 土木,NA
10766,10765,1730,1912,Civil Engineering 土木,NA
10768,10767,354,1936,Civil Engineering 土木,NA
10770,10769,821,1932,Civil Engineering 土木,NA
10776,10773,561,1933,Textile Engineering 紡織,NA
10781,10779,555,1938,Civil Engineering 土木,NA
10783,10782,455,1939,Civil Engineering 土木,NA
10795,10794,498,1930,Mechanical Engineering 機械,NA
10810,10806,821,1929,Mechanical Engineering 機械,NA
10823,10822,235,1937,Civil Engineering 土木,NA
10825,10824,235,1931,Electrical Engineering 電機,NA
10828,10827,675,1939,unspecified,NA
10832,10831,1499,1929,Civil Engineering 土木,NA
10834,10833,10835,1935,Mechanical Engineering 機械,特別研究班
10840,10839,1730,1923,Telecommunications 電信,NA
10842,10841,998,1935,Electrical Engineering 電機,NA
10844,10843,1995,1925,Mining Engineering 礦冶,NA
10859,10858,561,1930,Textile Engineering 紡織,NA
10861,10860,1679,1937,Civil Engineering 土木,NA
10865,10864,115,1935,Civil Engineering 土木,NA
10867,10866,2224,1922,Mechanical Engineering 機械,NA
10887,10886,235,1930,Electrical Engineering 電機,NA
10894,10892,1499,1914,Civil Engineering 土木,NA
10905,10903,2224,1921,Mechanical Engineering 機械,NA
10907,10906,555,1938,Mechanical Engineering 機械,NA
10910,10908,516,1939,Architecture 建築,NA
10913,10911,349,1936,Architecture 建築,NA
10915,10914,455,1939,Civil Engineering 土木,NA
10917,10916,235,1935,Electrical Engineering 電機,NA
10929,10927,649,1930,unspecified,NA
10931,10930,725,1923,Mechanical Engineering 機械,NA
10933,10932,725,1917,Mechanical Engineering 機械,Zhuanke 專科
10936,10935,198,1911,Civil Engineering 土木,NA
10941,10940,675,1928,Civil Engineering 土木,NA
10943,10942,675,1933,Civil Engineering 土木,NA
10946,10944,235,NA,unspecified,NA
10954,10952,1269,1936,Mechanical Engineering 機械,NA
10956,10955,1269,1939,Electrical Engineering 電機,NA
10959,10957,837,1936,Electrical Engineering 電機,NA
10968,10967,692,1930,Mining Engineering 礦冶,NA
10983,10982,5740,1923,Architecture 建築,NA
10994,10993,901,1932,Civil Engineering 土木,NA
10998,10997,1730,1920,Telecommunications 電訊,NA
11003,11002,1499,1938,Civil Engineering 土木,NA
11005,11004,1730,1912,Telecommunications 郵電,NA
11007,11006,227,1914,Mechanical Engineering 機械,NA
11012,11011,516,1939,Electrical Engineering 電機,NA
11014,11013,235,1923,Electrical Engineering 電機工程,NA
11027,11026,675,1936,Civil Engineering 土木,NA
11029,11028,675,1932,Civil Engineering 土木,NA
11032,11030,649,1934,Hydraulic Engineering 水利,NA
11036,11035,2888,1939,Civil Engineering 土木,NA
11038,11037,2876,1938,Civil Engineering 土木,NA
11041,11039,1730,1917,Radio Engineering 無線電,NA
11043,11042,855,1926,Mechanical Engineering 機械,NA
11045,11044,516,1937,Civil Engineering 土木,NA
11048,11046,692,1932,Civil Engineering 土木,NA
11051,11050,354,1939,Electrical Engineering 電機,NA
11053,11052,876,1935,Civil Engineering 土木,NA
11055,11054,1730,1912,Civil Engineering 土木,NA
11059,11057,498,1936,Chemical Engineering 化工,NA
11061,11060,1730,1920,Telecommunications 電訊,NA
11068,11067,998,1929,Chemical Engineering 化工,NA
11070,11069,354,1939,Mechanical Engineering 機械,NA
11072,11071,3530,1925,Mechanical Engineering 機械,NA
11077,11076,229,1934,Civil Engineering 土木,NA
11079,11078,455,1938,Chemical Engineering 化工,NA
11081,11080,235,1939,Electrical Engineering 電機,NA
11083,11082,561,1935,Textile Engineering 紡織,NA
11089,11088,998,1934,Electrical Engineering 電機,NA
11092,11091,1310,1910,Electrical Engineering 電機,NA
11116,11114,498,1929,Textile Engineering 紡織,NA
11123,11121,821,1936,Civil Engineering 土木,NA
11125,11124,227,1930,Electrical Engineering 電機,NA
11126,11124,152,NA,Electrical Engineering 電機,Master 碩士
11136,11134,821,1933,Textile Engineering 紡織,NA
11138,11137,998,1939,Civil Engineering 土木,NA
11140,11139,675,1936,Civil Engineering 土木,NA
11145,11143,235,1924,Electrical Engineering 電機,NA
11146,11143,195,1926,Electrical Engineering 電機,Master 碩士
11154,11153,821,1931,Electrical Engineering 電機,NA
11159,11158,120,1928,Chemical Engineering 化工,NA
11160,11158,120,1930,Chemical Engineering 化工,Doctor 博士
11178,11177,855,1923,Chemical Engineering 化工,NA
11180,11179,1730,1918,Telecommunications 電訊,NA
11183,11182,725,1928,Electrical Engineering 電機,NA
11185,11184,561,1917,Textile Engineering 紡織,NA
11188,11186,725,1937,Mechanical Engineering 機械,NA
11190,11189,561,1937,Textile Engineering 紡織,NA
11192,11191,1730,1920,Radio Engineering 無線電,NA
11198,11197,821,1935,Electrical Engineering 電機,NA
11201,11199,498,NA,Electrical Engineering 電機,NA
11203,11202,2224,1938,Electrical Engineering 電機,NA
11205,11204,235,1936,Civil Engineering 土木,NA
11210,11207,195,1923,Mechanical Engineering 機械,Bachelor 學士
11213,11208,2888,1939,Electrical Engineering 電機,NA
11219,11216,179,1917,Electrical Engineering 電機,NA
11227,11224,692,1937,Civil Engineering 土木,NA
11229,11228,2224,1930,Civil Engineering 土木,NA
11230,11228,639,NA,Civil Engineering 土木,NA
11241,11240,120,NA,Mechanical Engineering 機械,NA
11255,11253,235,1927,Mechanical Engineering 機械,NA
11262,11261,692,1932,Civil Engineering 土木,NA
11273,11272,3530,1924,Electrical Engineering 電機,NA
11276,11274,235,1921,Civil Engineering 土木,NA
11285,11284,349,1936,Electrical Engineering 電機,NA
11290,11286,561,1918,Textile Engineering 紡織,NA
11292,11291,152,1926,Civil Engineering 土木,NA
11296,11295,235,1937,Mechanical Engineering 機械,NA
11298,11297,4599,NA,Electrical Engineering 電機,NA
11305,11304,1499,1935,Civil Engineering 土木,NA
11308,11307,2584,1925,Mining Engineering 礦冶,NA
11318,11317,675,1928,Civil Engineering 土木,NA
11320,11319,998,1932,Chemical Engineering 化工,NA
11322,11321,2328,1937,Electrical Engineering 電機,NA
11326,11325,725,1927,Civil Engineering 土木,NA
11330,11329,188,1915,Mining Engineering 礦冶,NA
11345,11344,998,1936,Electrical Engineering 電機,NA
11349,11348,15203,1924,Mechanical Engineering 機械,NA
11359,11358,1730,1915,Electrical Engineering 電機,NA
11375,11374,455,1934,Civil Engineering 土木,NA
11381,11380,235,1926,Mechanical Engineering 機械,NA
11388,11386,235,1937,Mechanical Engineering 機械,NA
11395,11390,1742,1938,Civil Engineering 土木,NA
11396,11394,998,1932,Electrical Engineering 電機,NA
11401,11400,561,1921,Textile Engineering 紡織,NA
11404,11397,998,1937,Chemical Engineering 化工,NA
11406,11405,6102,1923,Chemical Engineering 化工,NA
11414,11412,561,1922,Textile Engineering 紡織,NA
11416,11415,998,1932,Electrical Engineering 電機,NA
11418,11417,235,1934,Civil Engineering 土木,NA
11421,11411,675,1938,Civil Engineering 土木,NA
11425,11423,198,NA,Aviation 航空,NA
11426,11424,675,1935,Civil Engineering 土木,NA
11428,11427,227,NA,Mechanical Engineering 機械,NA
11438,11437,455,1933,Electrical Engineering 電機,NA
11441,11439,235,1933,Civil Engineering 土木,NA
11443,11442,235,1937,Civil Engineering 土木,NA
11445,11444,235,1921,Civil Engineering 土木,NA
11446,11444,152,1929,Civil Engineering 土木,Master 碩士
11456,11455,235,1931,Mechanical Engineering 機械,NA
11461,11460,235,1931,Electrical Engineering 電機,NA
11464,11463,229,1936,Mechanical Engineering 機械,NA
11473,11470,1499,1919,Civil Engineering 土木,NA
11476,11474,998,1936,Chemical Engineering 化工,NA
11480,11479,1269,1939,Electrical Engineering 電機,NA
11482,11481,190,1932,Electrical Engineering 電機,NA
11497,11495,115,1930,Civil Engineering 土木,NA
11501,11500,1269,1939,Electrical Engineering 電機,NA
11503,11502,1730,1912,Civil Engineering 土木,NA
11505,11504,529,1938,Civil Engineering 土木,NA
11507,11506,1499,1922,Civil Engineering 土木,NA
11508,11506,152,NA,Civil Engineering 土木,Master 碩士
11517,11515,1499,1931,Civil Engineering 土木,NA
11523,11521,516,1935,Civil Engineering 土木,NA
11525,11524,561,1919,Textile Engineering 紡織,NA
11530,11529,11531,1913,Textile Engineering 紡織,NA
11535,11534,561,1930,Textile Engineering 紡織,NA
11539,11538,11540,NA,Chemical Engineering 化工,NA
11547,11546,692,1921,Mining Engineering 礦冶,NA
11549,11544,725,1935,Mechanical Engineering 機械,NA
11552,11550,349,1938,Mechanical Engineering 機械,NA
11555,11548,2840,1932,Civil Engineering 土木,NA
11556,11553,2224,1923,Civil Engineering 土木,NA
11557,11553,155,1930,Civil Engineering 土木,NA
11565,11563,855,1931,Mechanical Engineering 機械,NA
11569,11568,725,1927,Mining Engineering 礦冶,NA
11573,11571,2224,1939,Electrical Engineering 電機,NA
11575,11574,195,NA,Chemical Engineering 化工,Master 碩士
11578,11574,198,NA,Chemical Engineering 化工,Doctor 博士
11583,11582,692,1919,Civil Engineering 土木,NA
11584,11582,152,NA,Civil Engineering 土木,Master 碩士
11594,11580,837,1926,Mining Engineering 礦冶,NA
11598,11580,2685,1929,Mechanical Engineering 機械,NA
11603,11602,692,1914,Mining Engineering 礦冶,NA
11615,11614,998,1936,Civil Engineering 土木,NA
11620,11617,11621,1928,Radio Engineering 無線電,NA
11638,11637,2224,1925,Mechanical Engineering 機械,NA
11640,11639,1679,1937,Civil Engineering 土木,NA
11642,11641,3350,1917,Mining Engineering 礦冶,NA
11657,11656,70078,1917,Civil Engineering 土木,NA
11659,11658,1499,1933,Civil Engineering 土木,NA
11662,11661,1950,NA,Civil Engineering 土木,NA
11665,11664,3530,1924,Electrical Engineering 電機,NA
11675,11674,235,1937,Civil Engineering 土木,NA
11677,11676,1499,1912,Civil Engineering 土木,NA
11680,11679,188,1917,Mechanical Engineering 機械,NA
11681,11679,195,1918,Aeronautical Engineering,Master 碩士
11682,11679,198,1919,Civil Engineering 土木,Master 碩士
11707,11705,70078,1923,Mining Engineering 礦冶,NA
11722,11721,2888,1939,Mining Engineering 礦冶,NA
11725,11724,692,1931,Civil Engineering 土木,NA
11728,11727,821,1935,Civil Engineering 土木,NA
11733,11732,11734,1914,Mechanical Engineering 機械,NA
11747,11746,998,1932,Electrical Engineering 電機,NA
11752,11751,1730,1915,Radio Engineering 無線電,速成班
11754,11751,1730,1918,Radio Engineering 無線電,中等
11757,11755,837,1926,Mining Engineering 礦冶,NA
11759,11756,998,1934,Civil Engineering 土木,NA
11766,11765,692,1932,Civil Engineering 土木,NA
11769,11768,529,1937,Civil Engineering 土木,NA
11778,11770,235,1922,Electrical Engineering 電機,NA
11784,11782,692,1915,Mining Engineering 礦冶,NA
11786,11782,151,NA,Mining Engineering 礦冶,NA
11797,11796,821,1929,Mechanical Engineering 機械,NA
11799,11798,195,1917,Mining Engineering 礦冶,Bachelor 學士
11799,11798,195,1917,Metallurgical Engineering 冶金工程,Bachelor 學士
11800,11798,151,1918,Mining Engineering 礦冶,Master 碩士
11801,11793,11803,1930,Civil Engineering 土木,NA
11802,11798,171,1920,unspecified,Research 研究
11814,11793,11803,1931,Electrical Engineering 電機,NA
11827,11826,675,1935,Civil Engineering 土木,NA
11832,11828,1499,1939,Civil Engineering 土木,NA
11835,11833,498,1936,Textile Engineering 紡織,NA
11837,11836,2224,1919,Mechanical Engineering 機械,NA
11839,11838,692,1910,Mining Engineering 礦冶,NA
11840,11838,151,1914,Mining Engineering 礦冶,Doctor 博士
11852,11851,692,1935,Civil Engineering 土木,NA
11854,11853,1568,NA,Civil Engineering 土木,Bachelor 學士
11855,11853,1568,NA,Civil Engineering 土木,Doctor 博士
11860,11858,498,1931,Electrical Engineering 電機,NA
11862,11861,3044,1938,Civil Engineering 土木,NA
11864,11863,70078,1913,Mining Engineering 礦冶,NA
11866,11865,78002,1911,Textile Engineering 紡織,NA
11870,11869,725,1916,Civil Engineering 土木,NA
11872,11871,529,1936,Electrical Engineering 電機,NA
11874,11873,2224,1939,Electrical Engineering 電機,NA
11876,11831,349,1938,Civil Engineering 土木,Zhuanke 專科
11877,11875,235,1932,Civil Engineering 土木,NA
11881,11880,1499,1915,Civil Engineering 土木,NA
11884,11882,998,1936,Chemical Engineering 化工,NA
11887,11886,235,1928,Mechanical Engineering 機械,NA
11889,11888,725,1934,Mining Engineering 礦冶,NA
11903,11902,1730,1912,Telecommunications 電訊,NA
11905,11904,520,1934,Civil Engineering 土木,NA
11909,11907,229,1934,Civil Engineering 土木,NA
11912,11910,2876,1935,Civil Engineering 土木,NA
11917,11916,235,1935,Mechanical Engineering 機械,NA
11923,11922,349,1937,Civil Engineering 土木,Zhuanke 專科
11924,11906,70078,1917,Civil Engineering 土木,NA
11928,11926,455,1934,Electrical Engineering 電機,NA
11938,11930,516,1939,Architecture 建築,NA
11941,11940,1742,1937,Civil Engineering 土木,NA
11949,11943,2224,1939,Electrical Engineering 電機,NA
11954,11951,821,1933,Civil Engineering 土木,NA
11959,11958,855,1928,Mechanical Engineering 機械,NA
11963,11960,821,1933,Mechanical Engineering 機械,NA
11965,11961,692,1936,Civil Engineering 土木,NA
11966,11964,455,1935,Civil Engineering 土木,NA
11968,11967,725,1923,Mining Engineering 礦冶,NA
11972,11970,725,1923,Mining Engineering 礦冶,NA
11973,11971,855,1925,Mechanical Engineering 機械,NA
11976,11974,821,1934,Electrical Engineering 電機,NA
11978,11975,9480,1931,Chemical Engineering 化工,NA
11979,11977,229,1929,Civil Engineering 土木,NA
11984,11982,855,1924,Chemical Engineering 化工,NA
11988,11987,725,1931,Mechanical Engineering 機械,NA
11994,11990,855,1928,Mechanical Engineering 機械,NA
11997,11995,455,1938,Mechanical Engineering 機械,NA
12001,12000,675,1926,Civil Engineering 土木,NA
12003,11996,855,1929,Mechanical Engineering 機械,NA
12005,12002,1730,1912,Civil Engineering 土木,NA
12015,12013,1499,1939,Civil Engineering 土木,NA
12017,12016,692,1937,Civil Engineering 土木,NA
12019,12018,855,1937,Mechanical Engineering 機械,NA
12021,12020,821,1935,Electrical Engineering 電機,NA
12023,12022,692,1920,Mining Engineering 礦冶,NA
12027,12026,498,1931,Electrical Engineering 電機,NA
12030,12028,725,1920,Civil Engineering 土木,NA
12033,12032,998,1930,Electrical Engineering 電機,NA
12038,12037,455,1934,Civil Engineering 土木,NA
12044,12043,451,1935,Civil Engineering 土木,NA
12046,12045,998,1937,Mechanical Engineering 機械,NA
12051,12050,12052,1933,Electrical Engineering 電機,NA
12061,12060,235,1929,Electrical Engineering 電機,NA
12071,12070,498,1937,Chemical Engineering 化工,NA
12073,12072,516,1937,Civil Engineering 土木,NA
12075,12074,692,1930,Mining Engineering 礦冶,NA
12085,12084,349,1938,Mechanical Engineering 機械,NA
12087,12086,455,1932,Civil Engineering 土木,NA
12089,12088,235,1926,Mechanical Engineering 機械,NA
12094,12093,516,1937,Civil Engineering 土木,NA
12096,12095,561,1932,Textile Engineering 紡織,NA
12098,12097,692,1929,Mining Engineering 礦冶,NA
12106,12105,692,1930,Civil Engineering 土木,NA
12110,12109,3530,1924,Electrical Engineering 電機,NA
12115,12114,12116,1932,Mechanical Engineering 機械,NA
12129,12128,498,1935,Mechanical Engineering 機械,NA
12131,12130,692,1931,Civil Engineering 土木,NA
12137,12136,12138,1921,Textile Engineering 紡織,NA
12143,12142,529,1939,Mining Engineering 礦冶,NA
12147,12146,2328,1936,Electrical Engineering 電機,NA
12149,12148,649,1932,unspecified,NA
12153,12152,529,1933,Civil Engineering 土木,NA
12157,12156,151,1921,Architecture 建築,NA
12168,12165,455,1935,Electrical Engineering 電機,NA
12172,12171,354,1939,Electrical Engineering 電機,NA
12175,12174,1499,1932,Civil Engineering 土木,NA
12178,12177,235,1920,Electrical Engineering 電機,NA
12179,12177,4599,1922,Telecommunications 電訊,NA
12196,12195,561,1937,Textile Engineering 紡織,NA
12198,12197,152,1923,Civil Engineering 土木,NA
12204,12202,7087,1936,Turbine 輪機,NA
12212,12211,2571,1921,Civil Engineering 土木,NA
12232,12231,2328,1934,Electrical Engineering 電機,NA
12236,12234,728,1924,Mining Engineering 礦冶,NA
12253,12251,152,1929,Textile Engineering 紡織,Master 碩士
12259,12258,498,1933,Electrical Engineering 電機,NA
12261,12260,4017,1929,Mechanical Engineering 機械,NA
12264,12263,561,1919,Textile Engineering 紡織,NA
12268,12267,876,1938,Civil Engineering 土木,NA
12270,12269,229,1935,Civil Engineering 土木,NA
12273,12272,692,1932,Civil Engineering 土木,NA
12275,12274,998,1936,Chemical Engineering 化工,NA
12279,12278,2173,1923,Mechanical Engineering 機械,NA
12289,12288,354,1938,Mechanical Engineering 機械,NA
12291,12290,1499,1911,Civil Engineering 土木,NA
12293,12292,1499,1930,Civil Engineering 土木,NA
12295,12294,561,1924,Textile Engineering 紡織,NA
12298,12297,725,1917,Mechanical Engineering 機械,Zhuanke 專科
12300,12299,855,1929,Mechanical Engineering 機械,NA
12304,12303,12305,1912,Mining Engineering 礦冶,NA
12314,12313,555,1939,Mechanical Engineering 機械,NA
12316,12315,821,1935,Civil Engineering 土木,NA
12318,12317,498,1936,Electrical Engineering 電機,NA
12320,12319,692,1923,Civil Engineering 土木,NA
12323,12322,855,1923,Chemical Engineering 化工,NA
12327,12326,692,1936,Mining Engineering 礦冶,NA
12331,12329,1499,1918,Civil Engineering 土木,NA
12338,12337,1499,1916,Mechanical Engineering 機械,NA
12349,12347,649,1939,Hydraulic Engineering 水利,NA
12351,12350,725,1933,Civil Engineering 土木,NA
12353,12352,4718,NA,Mechanical Engineering 機械,NA
12362,12360,855,1925,Mechanical Engineering 機械,NA
12364,12363,3073,1935,Mining Engineering 礦冶,NA
12367,12366,855,1924,Mechanical Engineering 機械,NA
12369,12368,692,1934,Civil Engineering 土木,NA
12376,12375,821,1933,Mechanical Engineering 機械,NA
12378,12377,725,1924,Mining Engineering 礦冶,NA
12380,12379,821,1931,Electrical Engineering 電機,NA
12382,12381,821,1932,Architecture 建築,NA
12384,12383,821,1931,Mechanical Engineering 機械,NA
12394,12393,561,1926,Textile Engineering 紡織,NA
12396,12395,855,1925,Mechanical Engineering 機械,NA
12400,12399,9480,1926,Chemical Engineering 化工,NA
12404,12403,725,1927,Mining Engineering 礦冶,NA
12406,12405,1499,1932,Civil Engineering 土木,NA
12409,12408,855,1926,Mechanical Engineering 機械,NA
12415,12414,725,1937,Mechanical Engineering 機械,NA
12417,12416,2888,1939,Civil Engineering 土木,NA
12419,12418,561,1933,Textile Engineering 紡織,NA
12423,12422,692,1934,Mining Engineering 礦冶,NA
12434,12433,235,1938,Civil Engineering 土木,NA
12437,12435,2224,1933,Civil Engineering 土木,NA
12439,12438,555,1938,Electrical Engineering 電機,NA
12453,12452,195,NA,Mechanical Engineering 機械,Bachelor 學士
12454,12452,152,NA,Civil Engineering 土木,Research 研究
12458,12457,561,1929,Textile Engineering 紡織,NA
12462,12461,70078,1920,Mining Engineering 礦冶,NA
12471,12470,1907,1926,Electrical Engineering 電機,NA
12485,12484,235,1924,Electrical Engineering 電機,NA
12497,12496,354,1935,Civil Engineering 土木,NA
12501,12499,692,1937,Civil Engineering 土木,NA
12503,12502,235,1911,Electrical Engineering 電機,NA
12505,12504,198,1923,Chemical Engineering 化工,NA
12516,12515,855,1927,Mechanical Engineering 機械,NA
12527,12526,855,1927,Chemical Engineering 化工,NA
12529,12528,498,1936,Mechanical Engineering 機械,NA
12531,12530,2224,1921,Mechanical Engineering 機械,NA
12533,12532,9076,1930,Chemical Engineering 化工,NA
12535,12534,167,NA,Mining Engineering 礦冶,NA
12540,12539,516,1939,Electrical Engineering 電機,NA
12543,12541,498,1937,Electrical Engineering 電機,NA
12545,12544,455,1935,Chemical Engineering 化工,NA
12548,12547,675,1934,Civil Engineering 土木,NA
12550,12549,426,1931,Civil Engineering 土木,NA
12552,12551,235,1922,Electrical Engineering 電機,NA
12564,12563,235,1924,Mechanical Engineering 機械,NA
12568,12567,426,1928,Civil Engineering 土木,NA
12570,12569,252,NA,Chemical Engineering 化工,Master 碩士
12575,12574,235,1933,Civil Engineering 土木,NA
12577,12576,235,1934,Mechanical Engineering 機械,NA
12579,12578,167,NA,Mechanical Engineering 機械,NA
12584,12583,235,1937,Electrical Engineering 電機,NA
12586,12585,1950,NA,Civil Engineering 土木,NA
12590,12588,349,1935,Civil Engineering 土木,Zhuanke 專科
12596,12595,561,1923,Textile Engineering 紡織,NA
12598,12597,692,1938,Civil Engineering 土木,NA
12601,12600,998,1934,Civil Engineering 土木,NA
12607,12606,498,1929,Mechanical Engineering 機械,NA
12609,12608,498,1939,Mechanical Engineering 機械,NA
12611,12610,1499,1935,Civil Engineering 土木,NA
12613,12612,998,1939,Electrical Engineering 電機,NA
12615,12614,901,1933,Civil Engineering 土木,NA
12617,12616,1310,1928,Textile Engineering 紡織,NA
12623,12622,70078,1919,Mining Engineering 礦冶,NA
12625,12624,649,1934,Hydraulic Engineering 水利,NA
12628,12627,821,1934,Civil Engineering 土木,NA
12632,12631,876,1937,Civil Engineering 土木,NA
12634,12633,3073,1935,Mining Engineering 礦冶,NA
12641,12640,235,1927,Mechanical Engineering 機械,NA
12642,12640,152,1928,Mechanical Engineering 機械,Master 碩士
12653,12652,2740,1926,Mining Engineering 礦冶,NA
12660,12659,675,1928,Civil Engineering 土木,NA
12662,12661,235,1935,Civil Engineering 土木,NA
12665,12664,235,1939,Civil Engineering 土木,NA
12668,12666,235,1937,Civil Engineering 土木,NA
12670,12669,235,1922,Mechanical Engineering 機械,NA
12676,12675,235,1930,Electrical Engineering 電機,NA
12684,12683,235,1926,Electrical Engineering 電機,NA
12687,12686,12688,1926,Civil Engineering 土木,NA
12692,12690,498,1937,Mechanical Engineering 機械,NA
12694,12693,8796,1926,Mechanical Engineering 機械,NA
12702,12701,998,1932,Civil Engineering 土木,NA
12705,12704,235,1936,Electrical Engineering 電機,NA
12711,12710,675,1932,Civil Engineering 土木,NA
12714,12713,692,1910,Mining Engineering 礦冶,NA
12730,12729,1499,1933,Civil Engineering 土木,NA
12735,12734,235,1913,Civil Engineering 土木,NA
12744,12742,7349,1926,Civil Engineering 土木,NA
12753,12752,229,1937,Civil Engineering 土木,NA
12755,12754,998,1935,Electrical Engineering 電機,NA
12757,12756,529,1932,Civil Engineering 土木,NA
12762,12760,1269,1937,Chemical Engineering 化工,NA
12764,12763,235,1925,Mechanical Engineering 機械,NA
12767,12532,9076,1932,Chemical Engineering 化工,Master 碩士
12768,12532,9076,1934,Chemical Engineering 化工,Doctor 博士
12779,12777,235,1923,Mechanical Engineering 機械,NA
12788,12787,561,1933,Textile Engineering 紡織,NA
12790,12789,1499,1939,Civil Engineering 土木,NA
12792,12791,235,1932,Electrical Engineering 電機,NA
12794,12793,235,1935,Civil Engineering 土木,NA
12796,12795,529,1938,Mechanical Engineering 機械,NA
12799,12797,1679,1939,Civil Engineering 土木,NA
12801,12800,12802,NA,Mining Engineering 礦冶,NA
12806,12805,692,1937,Mechanical Engineering 機械,NA
12809,12807,12802,1910,Chemical Engineering 化工,NA
12827,12826,1730,1924,Radio Engineering 無線電,Zhuanke 專科
12829,12828,675,1936,Civil Engineering 土木,NA
12831,12830,1730,1916,Civil Engineering 土木,NA
12835,12834,516,1939,Electrical Engineering 電機,NA
12837,12836,516,1929,Civil Engineering 土木,NA
12839,12838,235,1935,Civil Engineering 土木,NA
12843,12842,998,1936,Electrical Engineering 電機,NA
12846,12845,349,1938,Mechanical Engineering 機械,NA
12848,12847,1516,1937,Mechanical Engineering 機械,NA
12850,12849,235,1932,Mechanical Engineering 機械,NA
12854,12851,2888,1939,Electrical Engineering 電機,NA
12856,12855,1499,1930,Civil Engineering 土木,NA
12860,12858,198,1922,Chemical Engineering 化工,Master 碩士
12870,12869,1499,1935,Civil Engineering 土木,NA
12873,12872,529,1926,Civil Engineering 土木,NA
12877,12876,692,1925,Civil Engineering 土木,NA
12884,12883,235,1937,Mechanical Engineering 機械,NA
12888,12885,120,NA,Mining Engineering 礦冶,NA
12897,12896,675,1926,Civil Engineering 土木,NA
12901,12900,179,1929,Electrical Engineering 電機,NA
12902,12900,171,1930,Telecommunications 電訊,Master 碩士
12912,12911,455,1939,Civil Engineering 土木,NA
12914,12913,455,1933,Electrical Engineering 電機,NA
12920,12919,2328,1934,Chemical Engineering 化工,NA
12927,12926,349,1938,Civil Engineering 土木,Zhuanke 專科
12930,12928,498,1935,Textile Engineering 紡織,NA
12936,12935,455,1934,Mechanical Engineering 機械,NA
12939,12938,725,1926,Mining Engineering 礦冶,NA
12941,12940,455,1932,Chemical Engineering 化工,NA
12943,12942,349,1938,Mechanical Engineering 機械,NA
12945,12944,235,1936,Civil Engineering 土木,NA
12947,12946,235,1930,Electrical Engineering 電機,NA
12953,12950,235,1923,Telecommunications 電信,Zhuanke 專科
12959,12958,1499,1925,Civil Engineering 土木,NA
12964,12963,152,1910,Civil Engineering 土木,NA
12986,12985,675,1929,Civil Engineering 土木,NA
12988,12987,115,1935,Electrical Engineering 電機,NA
12991,12990,235,1928,Mechanical Engineering 機械,NA
12993,12992,12994,NA,unspecified,NA
13002,13000,7087,1938,Turbine 輪機,NA
13004,13003,115,1935,Chemical Engineering 化工,NA
13006,13005,13007,1922,Chemical Engineering 化工,NA
13012,13011,13013,1936,Civil Engineering 土木,NA
13015,13014,1679,1939,Civil Engineering 土木,NA
13017,13016,229,1937,Civil Engineering 土木,NA
13020,13018,994,1936,Mechanical Engineering 機械,NA
13022,13021,152,1917,Mechanical Engineering 機械,NA
13034,13032,2876,1937,Civil Engineering 土木,NA
13036,13035,235,1929,Electrical Engineering 電機,NA
13039,13038,821,1933,Electrical Engineering 電工,NA
13043,13041,229,1937,Electrical Engineering 電機,NA
13045,13042,821,1934,Civil Engineering 土木,NA
13048,13047,561,1923,Textile Engineering 紡織,NA
13050,13049,13051,1923,Mechanical Engineering 機械,NA
13062,13061,235,1928,Electrical Engineering 電機,NA
13072,13071,1499,1919,Civil Engineering 土木,NA
13074,13071,190,NA,Mechanical Engineering 機械,NA
13078,13077,195,NA,Mechanical Engineering 機械,NA
13090,13089,555,1939,Civil Engineering 土木,NA
13092,13091,675,1929,Civil Engineering 土木,NA
13095,13094,2328,1935,Chemical Engineering 化工,NA
13100,13099,235,NA,Civil Engineering 土木,NA
13102,13101,529,1930,Civil Engineering 土木,NA
13106,13105,115,1936,Chemical Engineering 化工,NA
13108,13107,2224,1930,Mechanical Engineering 機械,NA
13113,13112,1742,1938,Civil Engineering 土木,NA
13115,13114,115,1938,Civil Engineering 土木,NA
13117,13116,516,1937,Civil Engineering 土木,NA
13120,13118,692,1927,Mining Engineering 礦冶,NA
13128,13127,692,1932,Civil Engineering 土木,NA
13135,13134,876,1935,Civil Engineering 土木,NA
13137,13136,529,1939,Civil Engineering 土木,NA
13139,13138,692,1937,Civil Engineering 土木,NA
13142,13141,235,1929,Mechanical Engineering 機械,NA
13152,13151,198,NA,Civil Engineering 土木,Master 碩士
13159,13158,5740,1929,Mining Engineering 礦冶,NA
13176,13175,229,1934,Civil Engineering 土木,NA
13177,13175,152,NA,Civil Engineering 土木,Master 碩士
13184,13182,1499,1939,Civil Engineering 土木,NA
13186,13185,349,1938,Chemical Engineering 化工,NA
13188,13187,675,1938,Civil Engineering 土木,NA
13191,13189,151,1914,Mining Engineering 礦冶,NA
13209,13208,235,1921,Electrical Engineering 電機,NA
13212,13211,725,1916,Mining Engineering 礦冶,Zhuanke 專科
13217,13216,235,1935,Electrical Engineering 電機,NA
13219,13218,1307,1919,Civil Engineering 土木,NA
13221,13220,235,1936,Mechanical Engineering 機械,NA
13240,13239,1310,1914,Textile Engineering 紡織,NA
13248,13247,451,1938,Civil Engineering 土木,NA
13251,13250,235,1914,Civil Engineering 土木,NA
13253,13252,1730,1915,Electrical Engineering 電機,NA
13255,13254,235,1924,unspecified,NA
13264,13263,1499,1911,Civil Engineering 土木,NA
13272,13270,516,1939,Mechanical Engineering 機械,NA
13275,13273,516,1939,Mechanical Engineering 機械,NA
13277,13276,516,1939,Civil Engineering 土木,NA
13279,13278,516,1939,Mechanical Engineering 機械,NA
13281,13280,349,1938,Civil Engineering 土木,Zhuanke 專科
13283,13282,179,1922,Electrical Engineering 電機,NA
13298,13297,349,1937,Mechanical Engineering 機械,NA
13302,13301,203,1923,Mining 採礦,NA
13311,13310,190,NA,Mechanical Engineering 機械,NA
13315,13314,692,1910,Mining Engineering 礦冶,NA
13316,13314,151,1909,Mining Engineering 礦冶,Master 碩士
13328,13327,179,NA,Civil Engineering 土木,NA
13335,13334,1730,1912,Civil Engineering 土木,NA
13338,13336,7349,1925,Civil Engineering 土木,NA
13343,13342,516,1939,Electrical Engineering 電機,NA
13345,13344,188,NA,Civil Engineering 土木,NA
13346,13344,279,1911,Civil Engineering 土木,NA
13361,13360,198,1918,Chemical Engineering 化工,NA
13366,13365,13367,1881,Mining Engineering 礦冶,NA
13378,13377,248,NA,Civil Engineering 土木,NA
13379,13377,152,NA,Civil Engineering 土木,NA
13383,13382,235,1933,Civil Engineering 土木,NA
13386,13385,855,1936,Mechanical Engineering 機械,NA
13391,13388,725,1936,Mining Engineering 礦冶,NA
13393,13392,649,1935,unspecified,NA
13398,13396,167,1925,Mechanical Engineering 機械,NA
13410,13409,692,1928,Mining Engineering 礦冶,NA
13415,13402,692,1930,Mining Engineering 礦冶,NA
13426,13423,725,1924,Mechanical Engineering 機械,NA
13429,13427,1499,1917,Civil Engineering 土木,NA
13432,13431,2328,1937,Electrical Engineering 電機,NA
13435,13434,692,1935,Mechanical Engineering 機械,NA
13436,13433,855,1931,Mechanical Engineering 機械,NA
13439,13438,855,1937,Electrical Engineering 電機,NA
13442,13440,1499,1927,Civil Engineering 土木,NA
13460,13459,725,1929,Mining Engineering 礦冶,NA
13463,13461,198,NA,Civil Engineering 土木,NA
13467,13461,13468,NA,unspecified,NA
13472,13461,13473,NA,Civil Engineering 土木,Master 碩士
13491,13490,855,1931,Chemical Engineering 化工,NA
13493,13492,229,1935,Civil Engineering 土木,NA
13497,13496,725,1925,Mining Engineering 礦冶,NA
13499,13498,235,1939,Mechanical Engineering 機械,NA
13501,13500,692,1912,Mining Engineering 礦冶,NA
13517,13516,1499,1912,Civil Engineering 土木,NA
13519,13518,235,1910,Civil Engineering 土木,NA
13524,13522,198,1922,Chemical Engineering 化工,NA
13526,13522,13527,NA,Mechanical Engineering 機械,NA
13550,13546,516,1936,Civil Engineering 土木,NA
13552,13551,2328,1934,Electrical Engineering 電機,NA
13556,13555,692,1936,Civil Engineering 土木,NA
13560,13558,725,1931,Mechanical Engineering 機械,NA
13562,13561,520,1934,Mining Engineering 礦冶,NA
13563,13557,2584,1919,Mining Engineering 礦冶,NA
13578,13577,229,1937,Mechanical Engineering 機械,NA
13581,13579,821,1938,Civil Engineering 土木,NA
13583,13582,998,1935,Electrical Engineering 電機,NA
13585,13584,235,1932,Civil Engineering 土木,NA
13588,13587,998,1932,Chemical Engineering 化工,NA
13592,13591,235,1933,Electrical Engineering 電機,NA
13594,13593,235,1918,Civil Engineering 土木,NA
13595,13593,152,1921,Civil Engineering 土木,Master 碩士
13601,13598,1499,1939,Civil Engineering 土木,NA
13610,13604,649,1937,unspecified,NA
13615,13613,855,1932,Electrical Engineering 電機,NA
13616,13614,235,1929,Electrical Engineering 電機,NA
13621,13620,1742,1938,Civil Engineering 土木,NA
13623,13618,555,1939,Civil Engineering 土木,NA
13624,13622,235,1933,Civil Engineering 土木,NA
13628,13627,1730,1921,Telecommunications 電信,NA
13634,13631,455,1939,Civil Engineering 土木,NA
13643,13642,837,1925,Mining Engineering 礦冶,NA
13654,13653,2224,1926,Mechanical Engineering 機械,NA
13662,13661,516,1937,Civil Engineering 土木,NA
13664,13663,855,1929,Mechanical Engineering 機械,NA
13669,13660,235,1932,Electrical Engineering 電機,NA
13677,13676,167,1913,Civil Engineering 土木,NA
13679,13678,1679,1939,Civil Engineering 土木,NA
13682,13680,855,1937,Chemical Engineering 化工,NA
13686,13683,1310,1912,Mechanical Engineering 機械,NA
13698,13697,198,1929,Chemical Engineering 化工,NA
13699,13697,198,1933,Chemical Engineering 化工,Doctor 博士
13704,13703,235,1936,Civil Engineering 土木,NA
13706,13705,649,1930,unspecified,NA
13711,13710,821,1935,Electrical Engineering 電機,NA
13713,13712,229,1934,Civil Engineering 土木,NA
13716,13715,2888,NA,Chemical Engineering 化工,NA
13718,13717,998,1931,Civil Engineering 土木,NA
13722,13721,516,1937,Civil Engineering 土木,NA
13733,13732,561,1933,Textile Engineering 紡織,NA
13737,13736,821,1935,Mechanical Engineering 機械,NA
13739,13738,692,1919,Civil Engineering 土木,NA
13742,13740,2840,1920,Mechanical Engineering 機械,NA
13748,13747,2888,1939,Electrical Engineering 電機,NA
13750,13749,649,1937,unspecified,NA
13752,13751,2740,1926,Mining Engineering 礦冶,NA
13758,13757,725,1926,Mechanical Engineering 機械,NA
13761,13760,561,NA,Textile Engineering 紡織,NA
13763,13762,725,1924,Mining Engineering 礦冶,NA
13765,13764,855,1931,Electrical Engineering 電機,NA
13767,13766,229,1937,Mechanical Engineering 機械,NA
13769,13768,2888,1939,Mining Engineering 礦冶,NA
13772,13771,1499,1937,Civil Engineering 土木,NA
13774,13773,426,1933,Civil Engineering 土木,NA
13778,13777,2224,1929,Civil Engineering 土木,NA
13780,13779,2004,1937,Civil Engineering 土木,NA
13782,13781,235,1933,Electrical Engineering 電機,NA
13785,13784,1730,1919,Electrical Engineering 電機,NA
13788,13787,725,1935,Electrical Engineering 電機,NA
13791,13790,821,1937,Mechanical Engineering 機械,NA
13793,13792,3146,1913,Electrical Engineering 電機,NA
13808,13807,2004,1937,Mechanical Engineering 機械,NA
13813,13812,675,1938,Civil Engineering 土木,NA
13815,13814,994,1939,Electrical Engineering 電機,NA
13817,13816,227,NA,Civil Engineering 土木,NA
13826,13825,725,1932,Electrical Engineering 電機,NA
13828,13827,998,1934,Electrical Engineering 電機,NA
13839,13838,516,1937,Civil Engineering 土木,NA
13841,13840,4599,1923,Radio Engineering 無線電,NA
13847,13845,349,1938,Civil Engineering 土木,Zhuanke 專科
13849,13848,837,1935,Chemical Engineering 化工,NA
13853,13852,837,1927,Mining Engineering 礦冶,NA
13859,13858,2224,1922,Mechanical Engineering 機械,NA
13861,13860,675,1933,Civil Engineering 土木,NA
13863,13862,692,1937,Civil Engineering 土木,NA
13866,13865,561,1918,Textile Engineering 紡織,NA
13870,13869,1310,1916,Textile Engineering 紡織,NA
13874,13873,998,1929,Electrical Engineering 電機,NA
13876,13875,1730,1920,Radio Engineering 無線電,NA
13885,13884,115,1927,Civil Engineering 土木,NA
13890,13889,725,1927,Civil Engineering 土木,NA
13892,13891,1730,1920,Radio Engineering 無線電,NA
13894,13893,692,1933,Civil Engineering 土木,NA
13899,13898,235,1938,Civil Engineering 土木,NA
13901,13900,998,1934,Chemical Engineering 化工,NA
13903,13902,235,1938,Electrical Engineering 電機,NA
13905,13904,901,1938,Civil Engineering 土木,NA
13909,13908,692,1915,Mining Engineering 礦冶,NA
13917,13916,235,1923,Electrical Engineering 電機,NA
13918,13916,171,1926,Electrical Engineering 電機,Doctor 博士
13924,13923,229,1934,Civil Engineering 土木,NA
13939,13937,692,1916,Mining 採冶,NA
13942,13940,44085,1934,Mining Engineering 礦冶,NA
13943,13940,44085,1935,unspecified,Research 研究
13950,13949,901,1935,Civil Engineering 土木,NA
13952,13951,675,1933,Civil Engineering 土木,NA
13959,13958,555,1939,Civil Engineering 土木,NA
13962,13960,1730,1917,Telecommunications 電訊,NA
13965,13964,725,1929,Mechanical Engineering 機械,NA
13967,13966,498,1934,Mechanical Engineering 機械,NA
13972,13971,235,1932,Electrical Engineering 電機,NA
13973,13971,13974,NA,unspecified,NA
13978,13977,235,1932,Civil Engineering 土木,NA
13986,13985,1499,1939,Civil Engineering 土木,NA
13988,13987,855,1929,Mechanical Engineering 機械,NA
13990,13989,725,1911,Civil Engineering 土木,NA
13992,13991,529,1930,Civil Engineering 土木,NA
13998,13997,725,1916,Civil Engineering 土木,NA
14000,13999,692,1920,Civil Engineering 土木,NA
14002,14001,235,1934,Civil Engineering 土木,NA
14003,14001,198,NA,unspecified,Master 碩士
14007,14006,725,1937,Electrical Engineering 電機,NA
14009,14008,235,1932,Civil Engineering 土木,NA
14024,14023,1730,1919,Telecommunications 電訊,NA
14026,14025,2224,1925,Civil Engineering 土木,NA
14037,14036,855,1924,Chemical Engineering 化工,NA
14039,14038,692,1920,Mining Engineering 礦冶,NA
14050,14049,725,1928,Electrical Engineering 電機,NA
14052,14051,725,1937,Mining Engineering 礦冶,NA
14055,14054,855,1923,Mechanical Engineering 機械,NA
14063,14062,821,1937,Civil Engineering 土木,NA
14065,14064,235,1936,Civil Engineering 土木,NA
14067,14066,198,1917,Civil Engineering 土木,NA
14069,14068,561,1939,Textile Engineering 紡織,NA
14071,14070,2224,1924,Mechanical Engineering 機械,NA
14073,14072,529,1932,Civil Engineering 土木,NA
14075,14074,821,1935,Electrical Engineering 電機,NA
14077,14076,498,1934,Electrical Engineering 電機,NA
14079,14078,998,1938,Electrical Engineering 電機,NA
14082,14080,498,1929,Chemical Engineering 化工,NA
14085,14083,1499,1933,Civil Engineering 土木,NA
14089,14088,855,1931,Chemical Engineering 化工,NA
14091,14090,821,1929,Electrical Engineering 電機,NA
14099,14098,276,1923,Chemical Engineering 化工,NA
14100,14098,195,1926,Chemical Engineering 化工,Master 碩士
14111,14110,235,1934,Electrical Engineering 電機,NA
14115,14114,725,1937,Mechanical Engineering 機械,NA
14118,14116,2876,1937,Civil Engineering 土木,NA
14120,14119,14121,1934,Chemistry 化學,NA
14122,14119,692,1937,unspecified,Research 研究
14135,14134,821,1932,Architecture 建築,NA
14145,14144,675,1933,Civil Engineering 土木,NA
14147,14146,455,1933,Civil Engineering 土木,NA
14149,14148,235,1934,Mechanical Engineering 機械,NA
14151,14150,998,1935,Civil Engineering 土木,NA
14154,14153,235,1930,Electrical Engineering 電機,NA
14161,14160,235,1919,Civil Engineering 土木,NA
14163,14160,152,1930,Civil Engineering 土木,Master 碩士
14164,14160,276,1931,Electrical Engineering 電機,NA
14175,14174,167,1930,Civil Engineering 土木,NA
14182,14181,2224,1922,Civil Engineering 土木,NA
14186,14185,349,1937,Architecture 建築,NA
14188,14187,725,1934,Mining Engineering 礦冶,NA
14195,14194,994,1919,Civil Engineering 土木,NA
14197,14196,451,1937,Civil Engineering 土木,NA
14199,14198,692,1929,Civil Engineering 土木,NA
14203,14202,692,1934,Civil Engineering 土木,NA
14211,14210,1499,1926,Civil Engineering 土木,NA
14221,14219,1499,1912,Civil Engineering 土木,NA
14222,14220,561,1919,Textile Engineering 紡織,NA
14228,14224,349,1936,Architecture 建築,NA
14232,14231,821,1934,Textile Engineering 紡織,NA
14234,14226,6339,1927,Electrical Engineering 電機,NA
14240,14233,235,1932,Civil Engineering 土木,NA
14245,14244,1499,1927,Civil Engineering 土木,NA
14249,14246,1499,1913,Civil Engineering 土木,NA
14251,14250,516,1936,Civil Engineering 土木,NA
14256,14254,235,1917,Electrical Engineering 電機,NA
14259,14257,195,1927,Engineering (general/undefined) 工科/工程師,NA
14260,14258,2678,1910,Civil Engineering 土木,NA
14265,14264,235,1929,Electrical Engineering 電機,NA
14268,14266,70078,1917,Civil Engineering 土木,NA
14270,14269,455,1930,Civil Engineering 土木,NA
14277,14271,78002,NA,Electrical Engineering 電機,NA
14278,14271,152,1918,Electrical Engineering 電機,Master 碩士
14293,14292,998,1934,Electrical Engineering 電機,NA
14295,14294,675,1934,Civil Engineering 土木,NA
14297,14296,529,1937,Mechanical Engineering 機械,NA
14299,14298,561,1918,Textile Engineering 紡織,NA
14304,14300,821,1931,Mechanical Engineering 機械,NA
14308,14305,455,1934,Civil Engineering 土木,NA
14314,14313,498,1933,Electrical Engineering 電機,NA
14316,14315,1730,1916,Civil Engineering 土木,NA
14319,14318,1307,1919,Civil Engineering 土木,Zhuanke 專科
14321,14320,1499,1926,Civil Engineering 土木,NA
14322,14320,152,1928,Civil Engineering 土木,Master 碩士
14328,14327,235,1936,Civil Engineering 土木,NA
14334,14332,1499,1939,Civil Engineering 土木,NA
14336,14335,235,1912,Electrical Engineering 電機,NA
14338,14337,229,1937,Civil Engineering 土木,NA
14340,14339,1730,1924,Radio Engineering 無線電,Zhuanke 專科
14342,14341,235,1933,Civil Engineering 土木,NA
14344,14343,235,1932,Electrical Engineering 電機,NA
14356,14355,235,1933,Civil Engineering 土木,NA
14359,14358,152,1923,Civil Engineering 土木,Master 碩士
14362,14361,1499,1938,Mining Engineering 礦冶,NA
14364,14363,7087,1936,Turbine 輪機,NA
14367,14365,675,1936,Civil Engineering 土木,NA
14369,14368,455,1931,Civil Engineering 土木,NA
14371,14370,455,1939,Architecture 建築,NA
14374,14372,2224,1934,Civil Engineering 土木,NA
14376,14375,498,1931,Chemical Engineering 化工,NA
14378,14377,529,1939,Civil Engineering 土木,NA
14380,14379,998,1936,Electrical Engineering 電機,NA
14383,14382,7087,1934,Turbine 輪機,NA
14386,14385,229,1934,Civil Engineering 土木,NA
14390,14389,70078,1922,Mining Engineering 礦冶,NA
14393,14392,354,1939,Civil Engineering 土木,NA
14395,14394,561,1933,Textile Engineering 紡織,NA
14400,14399,455,1938,Civil Engineering 土木,NA
14404,14403,14405,NA,Chemical Engineering 化工,NA
14406,14403,6339,NA,Chemical Engineering 化工,Master 碩士
14421,14420,555,1938,Electrical Engineering 電機,NA
14423,14422,235,1911,Electrical Engineering 電機,NA
14424,14422,276,1914,Electrical Engineering 電機,Master 碩士
14432,14431,235,1931,Civil Engineering 土木,NA
14435,14434,235,1920,Electrical Engineering 電機,NA
14438,14437,2224,1917,Civil Engineering 土木,NA
14440,14439,516,1935,Civil Engineering 土木,NA
14442,14441,14443,1924,Industrial Engineering 工藝土木,Zhuanke 專科
14445,14444,3530,1925,Chemical Engineering 化工,NA
14448,14447,1730,1912,Civil Engineering 土木,NA
14450,14449,12994,NA,Civil Engineering 土木,NA
14454,14453,70078,1923,Mining Engineering 礦冶,NA
14456,14455,270,1928,Civil Engineering 土木,NA
14465,14464,195,1914,Electrical Engineering 電機,NA
14483,14482,692,1920,Mining Engineering 礦冶,NA
14487,14486,516,1937,Civil Engineering 土木,NA
14489,14488,1499,1936,Civil Engineering 土木,NA
14492,14491,516,1937,Chemical Engineering 化工,NA
14495,14493,516,1937,Civil Engineering 土木,NA
14497,14496,1730,1916,Telecommunications 電信,NA
14499,14498,1499,1923,Civil Engineering 土木,NA
14505,14504,561,1922,Textile Engineering 紡織,NA
14509,14508,451,1939,Civil Engineering 土木,NA
14511,14510,1307,1919,Civil Engineering 土木,Zhuanke 專科
14513,14512,349,1935,Civil Engineering 土木,Zhuanke 專科
14515,14514,235,1912,Civil Engineering 土木,NA
14516,14514,179,1915,Civil Engineering 土木,NA
14517,14514,151,1916,Civil Engineering 土木,Master 碩士
14525,14524,675,1931,Civil Engineering 土木,NA
14530,14529,692,1928,Civil Engineering 土木,NA
14534,14533,692,1930,Civil Engineering 土木,NA
14537,14536,725,1927,Mining Engineering 礦冶,NA
14539,14538,649,1932,Hydraulic Engineering 水利,NA
14545,14544,725,1925,Mining Engineering 礦冶,NA
14547,14546,1730,1916,Civil Engineering 土木,NA
14549,14548,2224,1939,Electrical Engineering 電機,NA
14551,14550,14552,1923,Mining Engineering 礦冶,NA
14558,14557,998,1933,Chemical Engineering 化工,NA
14561,14560,235,1930,Electrical Engineering 電機,NA
14565,14564,1730,1924,Radio Engineering 無線電,NA
14572,14571,1499,1925,Civil Engineering 土木,NA
14573,14571,198,1923,Aeronautical Engineering,NA
14576,14575,821,1935,Electrical Engineering 電機,NA
14578,14577,675,1931,Civil Engineering 土木,NA
14582,14580,498,1933,Electrical Engineering 電機,NA
14584,14583,561,1935,Textile Engineering 紡織,NA
14587,14585,498,1935,Electrical Engineering 電機,NA
14589,14588,1499,1935,Civil Engineering 土木,NA
14592,14591,235,1912,Civil Engineering 土木,NA
14597,14596,7349,1926,Civil Engineering 土木,NA
14604,14602,1730,1918,Telecommunications 電訊,NA
14606,14605,675,1932,Civil Engineering 土木,NA
14609,14607,426,1939,Civil Engineering 土木,NA
14611,14610,2224,1920,Mechanical Engineering 機械,NA
14613,14612,821,1932,Mining 採冶,NA
14616,14615,235,1932,Civil Engineering 土木,NA
14617,14615,198,NA,Civil Engineering 土木,Master 碩士
14625,14623,78002,1921,Electrical Engineering 電機,NA
14637,14635,1499,1935,Civil Engineering 土木,NA
14639,14638,837,1937,Electrical Engineering 電機,NA
14641,14640,235,1929,Electrical Engineering 電機,NA
14651,14650,235,1936,Mechanical Engineering 機械,NA
14662,14661,1730,1920,Radio Engineering 無線電,NA
14664,14663,227,1935,Civil Engineering 土木,NA
14679,14678,2224,1925,Civil Engineering 土木,NA
14681,14680,675,1929,Civil Engineering 土木,NA
14683,14682,561,1936,Textile Engineering 紡織,NA
14685,14684,229,1936,Civil Engineering 土木,NA
14688,14687,1499,1936,Civil Engineering 土木,NA
14690,14689,7349,NA,Civil Engineering 土木,NA
14701,14700,235,1933,Civil Engineering 土木,NA
14708,14704,7847,NA,Metallurgy 冶金,NA
14712,14711,1679,1934,Civil Engineering 土木,NA
14718,14717,1730,1919,Civil Engineering 土木,NA
14724,14721,455,1935,Civil Engineering 土木,NA
14728,14727,455,1935,Electrical Engineering 電機,NA
14734,14733,455,1933,Civil Engineering 土木,NA
14736,14735,498,1929,Electrical Engineering 電機,NA
14738,14737,9076,1923,Civil Engineering 土木,NA
14747,14746,4599,1926,Electrical Engineering 電機,NA
14754,14751,561,1939,Textile Engineering 紡織,NA
14756,14755,354,1935,Civil Engineering 土木,NA
14759,14757,821,1931,Mechanical Engineering 機械,NA
14761,14758,561,1924,Textile Engineering 紡織,NA
14773,14771,561,1934,Textile Engineering 紡織,NA
14774,14770,235,1919,Electrical Engineering 電機,NA
14779,14777,235,1932,Civil Engineering 土木,NA
14783,14781,455,1938,Electrical Engineering 電機,NA
14786,14784,70078,1916,Civil Engineering 土木,NA
14790,14787,235,1928,Electrical Engineering 電機,NA
14805,14803,1499,1927,Civil Engineering 土木,NA
14810,14809,692,1932,Mining Engineering 礦冶,NA
14817,14816,2888,1939,Chemical Engineering 化工,NA
14820,14819,725,1923,Mechanical Engineering 機械,NA
14822,14821,455,1937,Civil Engineering 土木,NA
14828,14826,692,1936,Civil Engineering 土木,NA
14831,14830,692,1933,Civil Engineering 土木,NA
14840,14839,998,1937,Mechanical Engineering 機械,NA
14842,14841,14843,1914,Mining Engineering 礦冶,NA
14861,14860,1499,1939,Civil Engineering 土木,NA
14863,14862,1499,1934,Civil Engineering 土木,NA
14867,14866,4599,1931,Electrical Engineering 電機,NA
14870,14869,998,1937,Chemical Engineering 化工,NA
14872,14871,14873,1929,Civil Engineering 土木,NA
14874,14871,120,1933,Civil Engineering 土木,Doctor 博士
14892,14891,455,1932,Civil Engineering 土木,NA
14897,14895,855,1928,Chemical Engineering 化工,NA
14900,14899,561,1939,Textile Engineering 紡織,NA
14902,14901,3044,1939,Civil Engineering 土木,NA
14904,14903,2224,1937,Electrical Engineering 電機,NA
14909,14908,3044,1936,Civil Engineering 土木,NA
14911,14910,1499,1925,Civil Engineering 土木,NA
14912,14910,152,NA,Civil Engineering 土木,Master 碩士
14938,14936,2328,1936,Civil Engineering 土木,NA
14941,14940,692,1916,Civil Engineering 土木,NA
14944,14943,855,1926,Mechanical Engineering 機械,NA
14946,14945,561,1929,Textile Engineering 紡織,NA
14955,14953,1907,1926,Electrical Engineering 電機,NA
14958,14957,998,1935,Chemical Engineering 化工,NA
14966,14965,1499,1933,Civil Engineering 土木,NA
14971,14970,14972,1918,Mining Engineering 礦冶,NA
14987,14986,998,1934,Civil Engineering 土木,NA
14989,14988,235,1935,Electrical Engineering 電機,NA
14990,14988,455,1938,Electrical Engineering 電機,特別班
14996,14995,70078,1921,Civil Engineering 土木,NA
14998,14997,14999,1931,Mechanical Engineering 機械,Doctor 博士
15013,15012,692,1935,Civil Engineering 土木,NA
15015,15014,455,1934,Civil Engineering 土木,NA
15019,15018,455,1932,Civil Engineering 土木,NA
15022,15021,1310,NA,Mechanical Engineering 機械,NA
15028,15027,855,1931,Mechanical Engineering 機械,NA
15030,15029,1730,1924,Radio Engineering 無線電,Zhuanke 專科
15032,15031,855,NA,Mechanical Engineering 機械,NA
15034,15033,692,1924,Mining Engineering 礦冶,NA
15041,15039,855,1937,Mechanical Engineering 機械,Zhuanke 專科
15043,15042,349,1938,Civil Engineering 土木,Zhuanke 專科
15045,15044,1730,1916,Civil Engineering 土木,NA
15048,15046,235,1936,Mechanical Engineering 機械,NA
15050,15049,4419,1936,Mining Engineering 礦冶,NA
15052,15051,229,1937,Mechanical Engineering 機械,NA
15054,15053,2888,1939,Mechanical Engineering 機械,NA
15057,15055,516,1937,Civil Engineering 土木,NA
15059,15056,235,1934,Electrical Engineering 電機,NA
15062,15060,349,1938,Mechanical Engineering 機械,NA
15064,15061,455,1933,Electrical Engineering 電機,NA
15066,15065,152,1910,Mechanical Engineering 機械,NA
15074,15073,235,1929,Electrical Engineering 電機,NA
15077,15076,5466,1912,Mining Engineering 礦冶,NA
15092,15091,235,1932,Electrical Engineering 電機,NA
15095,15094,998,1936,Civil Engineering 土木,NA
15097,15096,725,1920,Mining Engineering 礦冶,NA
15099,15098,821,1933,Civil Engineering 土木,NA
15101,15100,1730,1918,Electrical Engineering 電機,NA
15102,15100,15103,NA,unspecified,Research 研究
15122,15121,1730,1919,Telecommunications 電訊,NA
15141,15137,1310,1919,Mechanical Engineering 機械,NA
15143,15137,12116,1925,Mechanical Engineering 機械,NA
15151,15150,855,1928,Chemical Engineering 化工,NA
15153,15152,235,1917,Civil Engineering 土木,NA
15157,15156,692,1937,Military Engineering 兵工機械,NA
15159,15158,675,1931,Civil Engineering 土木,NA
15173,15172,235,1937,Electrical Engineering 電機,NA
15178,15176,725,1933,Civil Engineering 土木,NA
15181,15179,1499,1929,Civil Engineering 土木,NA
15186,15184,529,1935,Civil Engineering 土木,NA
15194,15193,426,1928,Civil Engineering 土木,NA
15200,15199,15203,1923,Mechanical Engineering 機械,NA
15204,15199,15203,1925,Mechanical Engineering 機械,Master 碩士
15212,15211,235,1924,Civil Engineering 土木,NA
15213,15211,190,NA,Civil Engineering 土木,NA
15214,15211,1946,NA,Medicine 醫科,NA
15215,15211,15216,1929,unspecified,Research 研究
15221,15220,15222,1937,Electrical Engineering 電機,NA
15224,15223,179,NA,Mechanical Engineering 機械,NA
15232,15231,725,1933,Civil Engineering 土木,NA
15234,15233,3073,1937,Mining Engineering 礦冶,NA
15239,15238,3073,1938,Civil Engineering 土木,NA
15241,15240,675,1936,Civil Engineering 土木,NA
15243,15242,855,1925,Mechanical Engineering 機械,NA
15245,15244,994,1939,Civil Engineering 土木,NA
15247,15246,6339,1928,Electrical Engineering 電機,NA
15254,15253,235,1938,Civil Engineering 土木,NA
15256,15255,1499,1925,Civil Engineering 土木,NA
15259,15258,3044,1939,Civil Engineering 土木,NA
15261,15260,692,1937,Civil Engineering 土木,NA
15263,15262,516,1939,Civil Engineering 土木,NA
15265,15264,2224,1923,Mechanical Engineering 機械,NA
15270,15269,235,1929,Electrical Engineering 電機,NA
15273,15271,998,1936,Chemical Engineering 化工,NA
15277,15276,235,1935,Electrical Engineering 電機,NA
15279,15278,235,1932,Civil Engineering 土木,NA
15282,15280,555,1938,Civil Engineering 土木,NA
15285,15283,455,1934,Civil Engineering 土木,NA
15288,15287,561,1933,Textile Engineering 紡織,NA
15291,15289,876,1938,unspecified,NA
15293,15292,837,1937,Chemical Engineering 化工,NA
15295,15294,229,1925,Mechanical Engineering 機械,NA
15296,15294,195,1926,Mechanical Engineering 機械,Master 碩士
15310,15309,555,1939,Mechanical Engineering 機械,NA
15311,15309,229,NA,Aviation 航空,Research 研究
15317,15316,649,1937,Hydraulic Engineering 水利,NA
15319,15318,455,1935,Architecture 建築,NA
15323,15322,7349,1926,Civil Engineering 土木,NA
15336,15335,692,1937,Mining Engineering 礦冶,NA
15340,15339,455,1934,Electrical Engineering 電機,NA
15344,15343,498,1937,Chemical Engineering 化工,NA
15346,15345,2224,1937,Civil Engineering 土木,NA
15348,15347,235,1929,Mechanical Engineering 機械,NA
15353,15351,529,1937,Mechanical Engineering 機械,NA
15364,15363,498,1929,Electrical Engineering 電機,NA
15374,15373,998,1935,Electrical Engineering 電機,NA
15388,15387,561,1915,Textile Engineering 紡織,NA
15396,15395,1310,1921,Mechanical Engineering 機械,NA
15404,15402,3073,1934,Mining Engineering 礦冶,NA
15410,15409,235,1933,Civil Engineering 土木,NA
15413,15412,14352,1922,Textile Engineering 紡織,NA
15427,15426,70078,1917,Civil Engineering 土木,NA
15430,15428,520,1938,Civil Engineering 土木,NA
15432,15431,821,1933,Mechanical Engineering 機械,NA
15435,15433,5740,1918,Mining Engineering 礦冶,NA
15444,15443,235,1915,Civil Engineering 土木,NA
15451,15450,520,1934,Mining Engineering 礦冶,NA
15453,15452,1742,1939,Civil Engineering 土木,NA
15455,15454,837,1933,Electrical Engineering 電機,NA
15461,15460,1499,1927,Civil Engineering 土木,NA
15465,15463,1730,1912,Telecommunications 電訊,NA
15467,15466,498,1932,Textile Engineering 紡織,NA
15469,15468,1730,1916,Civil Engineering 土木,NA
15472,15470,675,1931,Civil Engineering 土木,NA
15488,15487,561,1924,Textile Engineering 紡織,NA
15493,15492,15494,1927,Chemical Engineering 化工,NA
15505,15504,235,1913,Electrical Engineering 電機,NA
15506,15496,855,1931,Chemical Engineering 化工,NA
15508,15504,14807,NA,Electrical Engineering 電機,Master 碩士
15512,6070,725,1922,Mining Engineering 礦冶,NA
15514,15513,561,1924,Textile Engineering 紡織,NA
15520,15519,901,1936,Civil Engineering 土木,NA
15522,15521,998,1935,Chemical Engineering 化工,NA
15533,15532,725,1930,Mechanical Engineering 機械,NA
15538,15537,235,1920,Electrical Engineering 電機,NA
15552,15551,14352,1924,Mechanical Engineering 機械,NA
15555,15554,7349,1921,Civil Engineering 土木,NA
15559,15558,498,1931,Textile Engineering 紡織,NA
15561,15560,235,1932,Civil Engineering 土木,NA
15563,15562,692,1927,Civil Engineering 土木,NA
15571,15570,1679,1936,Civil Engineering 土木,NA
15574,15573,675,1939,Civil Engineering 土木,NA
15576,15575,15577,1909,Architecture 建築,NA
15591,15589,2224,1931,Civil Engineering 土木,NA
15594,15593,994,1932,Civil Engineering 土木,NA
15598,15597,821,1937,Electrical Engineering 電機,NA
15600,15599,2888,1939,Electrical Engineering 電機,NA
15602,15601,195,NA,Chemical Engineering 化工,Master 碩士
15608,15607,994,1924,Mechanical Engineering 機械,NA
15616,15615,349,1938,Chemical Engineering 化工,NA
15618,15617,455,1933,Civil Engineering 土木,NA
15621,15620,451,1937,Civil Engineering 土木,NA
15623,15622,516,1936,Civil Engineering 土木,NA
15625,15624,1730,1919,Telecommunications 電訊,NA
15629,15628,1051,1927,Mechanical Engineering 機械,NA
15630,15627,426,1933,Civil Engineering 土木,NA
15632,15626,837,1935,Chemical Engineering 化工,NA
15636,15635,725,1916,Mining Engineering 礦冶,NA
15638,15637,354,1938,Mechanical Engineering 機械,NA
15640,15639,855,1932,Mechanical Engineering 機械,NA
15642,15641,725,1925,Mining Engineering 礦冶,NA
15653,15652,7087,1938,Turbine 輪機,NA
15655,15654,998,1931,Chemical Engineering 化工,NA
15660,15659,14999,1928,Architecture 建築,NA
15663,15659,15664,1932,History of Art 美術史,Doctor 博士
15673,15672,115,1939,Chemical Engineering 化工,NA
15677,15572,4419,NA,Mining Engineering 礦冶,NA
15684,15683,229,1929,Civil Engineering 土木,NA
15685,15683,120,NA,Civil Engineering 土木,NA
15687,15686,235,1917,Civil Engineering 土木,NA
15688,15686,152,NA,Civil Engineering 土木,Master 碩士
15704,15703,120,1933,Mechanical Engineering 機械,NA
15716,15715,2224,1937,Surveying 測量,NA
15718,15717,725,1937,Mining Engineering 礦冶,NA
15721,15720,1499,1939,Civil Engineering 土木,NA
15723,15722,855,1925,Mechanical Engineering 機械,NA
15730,15728,855,1937,Mechanical Engineering 機械,NA
15732,15731,115,1930,Civil Engineering 土木,NA
15734,15733,2328,1936,Chemical Engineering 化工,NA
15736,15735,235,1939,Civil Engineering 土木,NA
15739,15738,901,1930,Civil Engineering 土木,NA
15742,15741,725,1911,Civil Engineering 土木,NA
15755,15754,2224,1923,Civil Engineering 土木,NA
15757,15756,12116,1932,Textile Engineering 紡織,NA
15759,15758,725,1936,Civil Engineering 土木,NA
15762,15760,2224,1920,Civil Engineering 土木,NA
15765,15764,855,1931,Mechanical Engineering 機械,NA
15775,15774,998,1932,Chemical Engineering 化工,NA
15779,15777,692,1923,Mining Engineering 礦冶,NA
15784,15782,70078,1923,Mining Engineering 礦冶,NA
15793,15792,555,1938,Mechanical Engineering 機械,NA
15795,15794,675,1932,Civil Engineering 土木,NA
15797,15796,1516,1936,Mechanical Engineering 機械,NA
15799,15798,70078,1919,Mining Engineering 礦冶,NA
15810,15809,7349,NA,Civil Engineering 土木,NA
15816,15814,227,1931,Mechanical Engineering 機械,NA
15823,15821,455,1937,Civil Engineering 土木,NA
15826,15825,1730,1920,Telecommunications 電訊,NA
15828,15827,1499,1911,Civil Engineering 土木,NA
15848,15844,649,1935,unspecified,NA
15852,15851,725,1923,Mechanical Engineering 機械,NA
15862,15860,1499,1935,Civil Engineering 土木,NA
15867,15866,235,1931,Civil Engineering 土木,NA
15870,15866,198,NA,Civil Engineering 土木,Master 碩士
15872,15871,855,1937,Mechanical Engineering 機械,NA
15875,15873,14873,1931,Electrical Engineering 電機,NA
15877,15873,120,1937,unspecified,Research 研究
15888,15887,70078,1913,Civil Engineering 土木,NA
15891,15889,855,1923,Mechanical Engineering 機械,NA
15910,15908,725,1936,Mining Engineering 礦冶,NA
15940,15939,561,1929,Textile Engineering 紡織,NA
15945,15943,229,1935,Civil Engineering 土木,NA
15948,15946,855,1927,Mechanical Engineering 機械,NA
15954,15949,1269,1939,Electrical Engineering 電機,NA
15955,15952,561,1918,Textile Engineering 紡織,NA
15962,15956,692,1910,Civil Engineering 土木,NA
15964,15957,725,1915,Mining Engineering 礦冶,NA
15966,15963,229,1934,Civil Engineering 土木,NA
15968,15965,675,1932,Civil Engineering 土木,NA
15972,15970,229,1936,Civil Engineering 土木,NA
15975,15971,821,1934,Textile Engineering 紡織,NA
15976,15974,1499,1937,Civil Engineering 土木,NA
15979,15978,555,1939,Electrical Engineering 電機,NA
15983,15981,235,1934,Civil Engineering 土木,NA
15987,15986,235,1926,Mechanical Engineering 機械,NA
15994,15977,821,1932,Mining Engineering 礦冶,NA
15996,15993,235,1925,Electrical Engineering 電機,NA
16003,15995,692,1934,Civil Engineering 土木,NA
16008,16001,692,1931,Civil Engineering 土木,NA
16014,16007,498,1937,Chemical Engineering 化工,NA
16016,16012,692,1934,Civil Engineering 土木,NA
16020,16017,529,1939,Electrical Engineering 電機,NA
16022,16015,998,1932,Chemical Engineering 化工,NA
16026,16024,229,1936,Civil Engineering 土木,NA
16030,16027,12802,1925,Mechanical Engineering 機械,NA
16033,16029,78002,1919,Mechanical Engineering 機械,NA
16037,16029,16040,1925,Electrical Engineering 電機,NA
16043,16029,227,1926,unspecified,Research 研究
16044,16028,1499,1933,Civil Engineering 土木,NA
16051,16049,649,1935,Hydraulic Engineering 水利,NA
16054,16052,725,1927,Mining Engineering 礦冶,NA
16064,16060,561,1926,Textile Engineering 紡織,NA
16066,16063,3073,1936,Mining Engineering 礦冶,NA
16068,16062,725,1927,Mining Engineering 礦冶,NA
16075,16073,4776,1923,Chemistry 化學,NA
16077,16073,4094,1932,Mining Engineering 礦冶,Doctor 博士
16086,16083,1499,1936,Civil Engineering 土木,NA
16088,16084,2224,1919,Mechanical Engineering 機械,NA
16089,16087,998,1937,Mechanical Engineering 機械,NA
16090,16079,725,1927,Mining Engineering 礦冶,NA
16093,16091,1499,1926,Civil Engineering 土木,NA
16099,16098,855,1932,Chemical Engineering 化工,NA
16100,16096,6140,1921,Civil Engineering 土木,NA
16103,16102,855,1931,Chemical Engineering 化工,NA
16105,16101,2328,1935,Electrical Engineering 電機,NA
16112,16111,855,1929,Chemical Engineering 化工,NA
16114,16113,821,1932,Architecture 建築,NA
16116,16115,229,1923,Civil Engineering 土木,NA
16117,16109,78002,NA,Mechanical Engineering 機械,NA
16126,16125,455,1939,Mechanical Engineering 機械,NA
16128,16127,692,1910,Civil Engineering 土木,NA
16134,16132,235,1937,Electrical Engineering 電機,NA
16136,16135,5466,1936,Mining Engineering 礦冶,NA
16138,16137,2571,1931,Mining Engineering 礦冶,NA
16139,16131,1499,1923,Civil Engineering 土木,NA
16148,16145,725,1928,Mining Engineering 礦冶,NA
16152,16151,235,1933,Civil Engineering 土木,NA
16158,16156,16161,NA,Naval Architecture 造船,NA
16167,16166,4776,1924,Chemistry 化學,NA
16168,16166,227,1932,Chemical Engineering 化工,Master 碩士
16172,16171,16173,1921,Civil Engineering 土木,NA
16192,16191,1499,1911,Civil Engineering 土木,NA
16201,16200,498,1933,Mechanical Engineering 機械,NA
16203,16202,855,1932,Mechanical Engineering 機械,NA
16205,16204,516,1939,Architecture 建築,NA
16208,16206,16209,1918,Mechanical Engineering 機械,NA
16215,16214,855,1925,Mechanical Engineering 機械,NA
16217,16216,725,1922,Mining Engineering 礦冶,NA
16219,16218,675,1937,Civil Engineering 土木,NA
16222,16220,1269,1939,Mining Engineering 礦冶,NA
16225,16223,70078,1919,Mining Engineering 礦冶,NA
16230,16227,1730,1915,Radio Engineering 無線電,NA
16234,16233,725,1927,Civil Engineering 土木,NA
16237,16236,529,1937,Civil Engineering 土木,NA
16240,16238,229,1935,Civil Engineering 土木,NA
16243,16242,725,1927,Civil Engineering 土木,NA
16251,16249,498,1931,Mechanical Engineering 機械,NA
16253,16252,498,1931,Textile Engineering 紡織,NA
16255,16254,855,1932,Electrical Engineering 電機,NA
16257,16256,498,NA,Chemical Engineering 化工,NA
16260,16258,855,1924,Chemical Engineering 化工,NA
16267,16265,1253,1930,Civil Engineering 土木,NA
16269,16268,3073,1936,Mining Engineering 礦冶,NA
16274,16273,692,1921,Mining Engineering 礦冶,NA
16300,16298,498,1931,Chemical Engineering 化工,NA
16304,16302,151,1927,Chemical Engineering 化工,Master 碩士
16310,16309,516,1939,Electrical Engineering 電機,NA
16315,16311,1499,1934,Civil Engineering 土木,NA
16321,16320,561,1937,Textile Engineering 紡織,NA
16325,16322,1499,1920,Civil Engineering 土木,NA
16335,16334,235,1938,Electrical Engineering 電機,NA
16338,16336,70078,1920,Civil Engineering 土木,NA
16340,16339,455,1930,Civil Engineering 土木,NA
16345,16343,235,1930,Electrical Engineering 電機,NA
16348,16347,2888,1939,Mining Engineering 礦冶,NA
16350,16349,855,1928,Chemical Engineering 化工,NA
16352,16351,725,1930,Mechanical Engineering 機械,NA
16354,16353,855,1928,Mechanical Engineering 機械,NA
16357,16355,3073,1936,Mining Engineering 礦冶,NA
16360,16356,1307,1919,Civil Engineering 土木,NA
16362,16359,3073,1936,Mining Engineering 礦冶,NA
16368,16361,195,1914,Naval Architecture 造船,NA
16370,16369,725,1927,Civil Engineering 土木,NA
16371,16361,151,1916,unspecified,Master 碩士
16373,16372,725,1916,Mining Engineering 礦冶,NA
16378,16375,725,1916,Civil Engineering 土木,NA
16380,16379,2224,1930,Electrical Engineering 電機,NA
16392,16391,725,1923,Mining Engineering 礦冶,NA
16395,16393,235,1929,Mechanical Engineering 機械,NA
16403,16402,235,1915,Civil Engineering 土木,NA
16422,16421,252,1919,Mechanical Engineering 機械,Master 碩士
16437,16436,1730,1920,Radio Engineering 無線電,NA
16441,16439,649,1937,unspecified,NA
16443,16442,1730,1920,Radio Engineering 無線電,NA
16459,16458,561,1926,Textile Engineering 紡織,NA
16461,16460,692,1930,Civil Engineering 土木,NA
16464,16463,235,1921,Civil Engineering 土木,NA
16465,16463,152,1931,Civil Engineering 土木,Master 碩士
16479,16478,1499,1935,Mining Engineering 礦冶,NA
16483,16482,561,1919,Textile Engineering 紡織,NA
16486,16485,7349,NA,Civil Engineering 土木,NA
16490,16489,1730,1918,Electrical Engineering 電機,NA
16494,16493,561,1926,Textile Engineering 紡織,NA
16498,16497,1730,1917,Telecommunications 電信,NA
16500,16499,235,1927,Electrical Engineering 電機,NA
16518,16517,12802,NA,unspecified,NA
16528,16527,2224,1937,Surveying 測量,NA
16530,16529,235,1933,Electrical Engineering 電機,NA
16533,16532,876,1937,Civil Engineering 土木,NA
16535,16534,1946,1933,Mining Engineering 礦冶,NA
16564,16547,150,NA,Mining Engineering 礦冶,NA
16565,16547,151,1922,unspecified,Research 研究
16567,16566,1730,1920,Telecommunications 電信,NA
16571,16570,555,1938,Civil Engineering 土木,NA
16573,16572,235,1917,Electrical Engineering 電機,NA
16576,16575,1730,1916,Civil Engineering 土木,NA
16580,16579,235,1924,Electrical Engineering 電機,NA
16582,16581,120,1928,Mining Engineering 礦冶,NA
16588,16586,195,NA,Aeronautical Engineering,Master 碩士
16601,16598,821,1933,Electrical Engineering 電機,NA
16603,16602,1730,1920,Telecommunications 電訊,NA
16620,16619,1730,1912,Civil Engineering 土木,中等
16621,16619,1730,NA,Civil Engineering 土木,高等
16625,16623,235,1924,Telecommunications 電訊,NA
16626,16623,171,NA,Electrical Engineering 電機,Master 碩士
16634,16633,498,1934,Textile Engineering 紡織,NA
16636,16635,561,1917,Textile Engineering 紡織,NA
16638,16637,998,1935,Chemical Engineering 化工,NA
16640,16639,2224,1939,Mechanical Engineering 機械,NA
16642,16641,70078,1922,Civil Engineering 土木,NA
16658,16657,235,1934,Civil Engineering 土木,NA
16662,16660,692,1928,Mining Engineering 礦冶,NA
16675,16671,1730,1916,Civil Engineering 土木,NA
16683,16681,692,1917,Civil Engineering 土木,NA
16687,16686,235,1939,Electrical Engineering 電機,NA
16691,16690,692,1930,Civil Engineering 土木,NA
16695,16694,455,1931,Architecture 建築,NA
16698,16697,692,1936,Electrical Engineering 電機,NA
16704,16703,16706,1926,Civil Engineering 土木,NA
16709,16708,498,1935,Mechanical Engineering 機械,NA
16711,16710,998,1934,Electrical Engineering 電機,NA
16717,16716,498,1933,Mechanical Engineering 機械,NA
16744,16743,692,1929,Mining Engineering 礦冶,NA
16760,16756,561,1924,Textile Engineering 紡織,NA
16762,16761,2328,1937,Electrical Engineering 電機,NA
16765,16764,561,1939,Textile Engineering 紡織,NA
16769,16766,675,1938,Civil Engineering 土木,NA
16772,16771,498,1934,Mechanical Engineering 機械,NA
16775,16774,3073,1936,Civil Engineering 土木,NA
16777,16776,692,1938,Civil Engineering 土木,NA
16779,16778,1499,1931,Civil Engineering 土木,NA
16785,16780,821,1934,Mechanical Engineering 機械,NA
16787,16786,1310,1923,Architecture 建築,NA
16790,16789,2888,1939,Mechanical Engineering 機械,NA
16792,16791,998,1934,Civil Engineering 土木,NA
16794,16793,692,1920,Mining 採礦,NA
16796,16795,821,1929,Electrical Engineering 電機,NA
16798,16797,2888,1939,Civil Engineering 土木,NA
16800,16799,2328,1935,Civil Engineering 土木,NA
16805,16803,2328,1935,Chemical Engineering 化工,NA
16809,16808,1499,1927,Civil Engineering 土木,NA
16812,16810,561,1933,Textile Engineering 紡織,NA
16816,16815,235,1920,Electrical Engineering 電機,NA
16817,16815,4599,1922,Electrical Engineering 電機,NA
16838,16837,1499,1932,Civil Engineering 土木,NA
16840,16839,1516,1937,Civil Engineering 土木,NA
16843,16842,561,1930,Textile Engineering 紡織,NA
16846,16844,561,1926,Textile Engineering 紡織,NA
16847,16844,1483,NA,Textile Engineering 紡織,NA
16852,16851,498,1933,Textile Engineering 紡織,NA
16856,16855,426,1931,Civil Engineering 土木,NA
16857,16855,16858,1934,Mechanical Engineering 機械,NA
16864,16863,692,1936,Civil Engineering 土木,NA
16866,16865,1499,1933,Civil Engineering 土木,NA
16870,16869,692,1938,Civil Engineering 土木,NA
16872,16871,821,1934,Textile Engineering 紡織,NA
16874,16873,994,1922,Mechanical Engineering 機械,NA
16887,16886,455,1934,Architecture 建築,NA
16889,16888,561,1915,Textile Engineering 紡織,NA
16891,16890,725,1930,Mechanical Engineering 機械,NA
16896,16895,561,1926,Textile Engineering 紡織,NA
16898,16897,498,1936,Mechanical Engineering 機械,NA
16900,16899,2584,NA,Mechanical Engineering 機械,NA
16918,16917,692,1938,Electrical Engineering 電機,NA
16920,16919,2328,1936,Civil Engineering 土木,NA
16923,16921,692,1930,Mining Engineering 礦冶,NA
16931,16930,692,1928,Mining Engineering 礦冶,NA
16941,16940,649,1935,unspecified,NA
16946,16945,498,1934,Mechanical Engineering 機械,NA
16950,16948,70078,1929,Civil Engineering 土木,NA
16952,16951,1310,1922,Chemical Engineering 化工,NA
16956,16955,692,1938,Electrical Engineering 電機,NA
16960,16958,1310,NA,Electrical Engineering 電機,NA
16961,16958,6977,NA,unspecified,Research 研究
16971,16970,498,1935,Mechanical Engineering 機械,NA
16973,16972,16974,1929,Mechanical Engineering 機械,NA
16984,16983,855,1923,Chemical Engineering 化工,NA
16987,16985,235,1931,Civil Engineering 土木,NA
16990,16989,498,1933,Chemical Engineering 化工,NA
16992,16991,451,1935,Civil Engineering 土木,NA
16994,16993,1499,1935,Mining Engineering 礦冶,NA
16997,16996,229,1932,Civil Engineering 土木,NA
17001,16999,516,1939,Chemical Engineering 化工,NA
17003,17002,516,1939,Electrical Engineering 電機,NA
17005,17004,4419,NA,Civil Engineering 土木,NA
17010,17008,516,1935,Chemical Engineering 化工,NA
17012,17011,349,1937,Mechanical Engineering 機械,NA
17014,17013,1679,1935,Civil Engineering 土木,NA
17016,17015,1499,1911,Civil Engineering 土木,NA
17021,17020,692,1931,Civil Engineering 土木,NA
17025,17024,855,1924,Mechanical Engineering 機械,NA
17027,17026,675,1937,Civil Engineering 土木,NA
17030,17028,150,1929,Mining Engineering 礦冶,NA
17030,17028,150,1929,Metallurgical Engineering 冶金工程,NA
17031,17028,151,NA,Mining Engineering 礦冶,NA
17045,17043,692,1931,Civil Engineering 土木,NA
17053,17051,4718,NA,Mining Engineering 礦冶,NA
17059,17048,855,1931,Mechanical Engineering 機械,NA
17068,17066,2888,1939,Mechanical Engineering 機械,NA
17070,17069,1499,1935,Civil Engineering 土木,NA
17073,17071,725,1917,Mechanical Engineering 機械,NA
17075,17074,725,1925,Mining Engineering 礦冶,NA
17078,17076,498,1936,Chemical Engineering 化工,NA
17081,17079,821,1933,Architecture 建築,NA
17083,17082,2328,1935,Civil Engineering 土木,NA
17089,17088,455,1929,Civil Engineering 土木,NA
17094,17092,516,1939,Chemical Engineering 化工,NA
17096,17095,692,1936,Mechanical Engineering 機械,NA
17098,17097,692,1935,Civil Engineering 土木,NA
17101,17100,529,1930,Civil Engineering 土木,NA
17105,17104,692,1933,Mechanical Engineering 機械,NA
17107,17106,725,1929,Mechanical Engineering 機械,NA
17109,17108,235,1931,Civil Engineering 土木,NA
17113,17112,235,1932,Mechanical Engineering 機械,NA
17126,17125,235,1923,Civil Engineering 土木,NA
17182,17181,2224,1930,Civil Engineering 土木,NA
17186,17185,692,1921,Civil Engineering 土木,NA
17200,17199,426,1937,Civil Engineering 土木,NA
17203,17201,855,NA,Chemical Engineering 化工,NA
17205,17204,998,1934,Civil Engineering 土木,NA
17208,17207,998,1937,Civil Engineering 土木,NA
17210,17209,725,1917,Mechanical Engineering 機械,Zhuanke 專科
17224,17223,12994,1936,Architecture 建築,NA
17236,17234,455,1935,Civil Engineering 土木,NA
17240,17238,235,1932,Electrical Engineering 電機,NA
17244,17243,235,1929,Electrical Engineering 電機,NA
17246,17245,152,1925,Civil Engineering 土木,Master 碩士
17249,17248,150,1921,Mining Engineering 礦冶,NA
17250,17248,151,NA,unspecified,Research 研究
17273,17272,675,1933,Civil Engineering 土木,NA
17292,17291,5740,1925,Chemical Engineering 化工,NA
17298,17297,998,1937,Civil Engineering 土木,NA
17302,17301,235,1933,Electrical Engineering 電機,NA
17305,17304,1307,1924,Civil Engineering 土木,NA
17308,17307,235,1929,Electrical Engineering 電機,NA
17315,17314,152,1905,Mechanical Engineering 機械,Master 碩士
17337,17336,516,1937,Chemical Engineering 化工,NA
17341,17339,692,1937,Civil Engineering 土木,NA
17344,17343,152,1912,Electrical Engineering 電機,NA
17358,17357,349,1935,Civil Engineering 土木,Zhuanke 專科
17365,17361,2584,NA,Civil Engineering 土木,NA
17378,17377,1499,1928,Civil Engineering 土木,NA
17383,17380,725,1923,Mining Engineering 礦冶,NA
17387,17386,725,1934,Civil Engineering 土木,NA
17390,17389,725,1922,Mechanical Engineering 機械,NA
17399,17398,998,1929,Chemical Engineering 化工,NA
17401,17400,179,1923,Mechanical Engineering 機械,NA
17420,17419,235,1934,Electrical Engineering 電機,NA
17422,17421,1730,1920,Telecommunications 電信,NA
17433,17431,1499,1934,Civil Engineering 土木,NA
17435,17434,1499,1922,Civil Engineering 土木,NA
17436,17434,152,1927,Civil Engineering 土木,Master 碩士
17449,17448,455,1939,Mechanical Engineering 機械,NA
17453,17450,235,1939,Electrical Engineering 電機,NA
17456,17455,725,1928,Mining Engineering 礦冶,NA
17493,17492,1730,1918,Telecommunications 電信,NA
17496,17495,692,1934,Civil Engineering 土木,NA
17499,17498,3073,1936,Mining Engineering 礦冶,NA
17504,17502,561,1927,Mechanical Engineering 機械,NA
17506,17502,152,1928,Mechanical Engineering 機械,Master 碩士
17513,17512,115,1925,Civil Engineering 土木,NA
17518,17516,692,1915,Mining Engineering 礦冶,NA
17562,17561,455,1932,Civil Engineering 土木,NA
17564,17563,1499,1918,Civil Engineering 土木,NA
17565,17563,195,1922,Civil Engineering 土木,Master 碩士
17569,17567,195,1925,Mechanical Engineering 機械,Bachelor 學士
17570,17567,152,1927,Civil Engineering 土木,Master 碩士
17571,17567,195,1928,Aviation 航空,Master 碩士
17571,17567,195,1928,Mechanical Engineering 機械,Master 碩士
17579,17578,692,1920,Civil Engineering 土木,NA
17582,17581,692,1925,Civil Engineering 土木,NA
17586,17585,1730,1921,Telecommunications 電信,NA
17590,17589,998,1935,Chemical Engineering 化工,NA
17592,17591,675,1936,Civil Engineering 土木,NA
17594,17593,855,1928,Chemical Engineering 化工,NA
17596,17595,1730,1921,Telecommunications 電信,NA
17600,17597,1679,1934,Civil Engineering 土木,NA
17602,17597,152,NA,Civil Engineering 土木,NA
17637,17636,229,1933,Civil Engineering 土木,NA
17640,17639,7087,1934,Turbine 輪機,NA
17650,17649,675,1928,Civil Engineering 土木,NA
17654,17653,675,1926,Civil Engineering 土木,NA
17656,17655,235,1928,Mechanical Engineering 機械,NA
17667,17666,837,1935,Electrical Engineering 電機,NA
17672,17671,725,1930,Mechanical Engineering 機械,NA
17677,17676,1730,1920,Telecommunications 電信,NA
17679,17678,1499,1930,Civil Engineering 土木,NA
17681,17678,4718,NA,Civil Engineering 土木,Master 碩士
17688,17687,235,1931,Civil Engineering 土木,NA
17692,17691,901,1936,Civil Engineering 土木,NA
17694,17693,70078,1917,Civil Engineering 土木,NA
17702,17701,9439,1938,Radio Engineering 無線電,Zhuanke 專科
17705,17704,1499,1912,Civil Engineering 土木,NA
17712,17709,1499,1934,Civil Engineering 土木,NA
17716,17715,235,1920,Civil Engineering 土木,NA
17718,17715,152,NA,Civil Engineering 土木,Master 碩士
17732,17731,692,1923,Mining Engineering 礦冶,NA
17738,17737,692,1921,Mining Engineering 礦冶,NA
17750,17748,1499,1925,Civil Engineering 土木,NA
17765,17764,235,1912,Electrical Engineering 電機,NA
17767,17766,725,1928,Civil Engineering 土木,NA
17769,17768,2888,1939,Civil Engineering 土木,NA
17771,17770,1499,1923,Civil Engineering 土木,NA
17775,17774,821,1935,Civil Engineering 土木,NA
17777,17776,725,NA,Civil Engineering 土木,NA
17781,17779,235,1935,Electrical Engineering 電機,NA
17785,17784,561,1934,Textile Engineering 紡織,NA
17788,17786,725,1923,Mining Engineering 礦冶,NA
17790,17789,725,1926,Mechanical Engineering 機械,NA
17792,17791,2224,1936,Civil Engineering 土木,NA
17794,17793,1499,1938,Civil Engineering 土木,NA
17796,17795,998,1935,Chemical Engineering 化工,NA
17800,17799,1499,1935,Civil Engineering 土木,NA
17803,17802,725,1912,Mining Engineering 礦冶,NA
17805,17804,1730,1916,Electrical Engineering 電機,NA
17808,17807,349,1938,Civil Engineering 土木,Zhuanke 專科
17811,17809,1310,NA,Mechanical Engineering 機械,NA
17815,17812,692,1929,Mechanical Engineering 機械,NA
17821,17818,692,1912,Mining Engineering 礦冶,NA
17825,17824,692,1912,Civil Engineering 土木,NA
17829,17828,516,1932,Chemical Engineering 化工,NA
17844,17841,1730,1920,Telecommunications 電訊,NA
17845,17835,994,1920,Electrical Engineering 電機,NA
17854,17851,725,1935,Mechanical Engineering 機械,NA
17855,17850,167,1924,Mechanical Engineering 機械,NA
17862,17860,235,1937,Civil Engineering 土木,NA
17880,17878,692,1936,Mechanical Engineering 機械,NA
17881,17877,1730,1919,Telecommunications 電訊,NA
17885,17882,998,1935,Civil Engineering 土木,NA
17888,17886,529,1926,Civil Engineering 土木,NA
17891,17887,2224,1938,Civil Engineering 土木,NA
17893,17892,725,1936,Mining Engineering 礦冶,NA
17896,17895,2888,1939,Civil Engineering 土木,NA
17897,17894,455,1935,Mechanical Engineering 機械,NA
17898,17894,455,NA,Mechanical Engineering 機械,特別班
17901,17899,561,1925,Textile Engineering 紡織,NA
17903,17902,1730,1918,Telecommunications 電訊,NA
17907,17905,692,1929,Mining 採冶,NA
17914,17910,998,1939,Chemical Engineering 化工,NA
17916,17915,876,1935,Electrical Engineering 電機,NA
17917,17913,229,1936,Electrical Engineering 電機,NA
17921,17920,725,1930,Mining Engineering 礦冶,NA
17923,17922,498,1930,Mechanical Engineering 機械,NA
17933,17932,1499,1911,Civil Engineering 土木,NA
17935,17934,227,1924,Electrical Engineering 電機,NA
17944,17943,1269,1938,Mining Engineering 礦冶,NA
17946,17945,235,1939,Mechanical Engineering 機械,NA
17949,17948,725,1932,Electrical Engineering 電機,NA
17951,17950,692,1912,Mining Engineering 礦冶,NA
17953,17952,692,1923,Civil Engineering 土木,NA
17955,17954,5275,NA,Electrical Engineering 電機,NA
17962,17961,17964,1932,Mechanical Engineering 機械,NA
17987,17986,692,1933,Civil Engineering 土木,NA
17990,17989,994,NA,Mechanical Engineering 機械,NA
17991,17989,195,NA,Mechanical Engineering 機械,Master 碩士
18009,18008,18010,1915,Textile Engineering 紡織,NA
18014,18013,235,1936,Mechanical Engineering 機械,NA
18015,18013,455,NA,Mechanical Engineering 機械,特別班
18018,18017,235,1935,Civil Engineering 土木,NA
18023,18022,2004,1939,Mechanical Engineering 機械,NA
18025,18024,2224,1939,Electrical Engineering 電機,NA
18027,18026,725,1934,Mining Engineering 礦冶,NA
18029,18028,1499,1933,Civil Engineering 土木,NA
18032,18031,498,1936,Chemical Engineering 化工,NA
18035,18034,1499,1926,Civil Engineering 土木,NA
18037,18036,3073,1937,Mining Engineering 礦冶,NA
18044,18042,354,1939,Mechanical Engineering 機械,NA
18046,18045,6339,1923,Electrical Engineering 電機,NA
18047,18045,1950,1924,Mechanical Engineering 機械,NA
18066,18065,455,1935,Architecture 建築,NA
18068,18067,2740,1922,Mining Engineering 礦冶,NA
18072,18071,70078,1918,Mining Engineering 礦冶,NA
18082,18081,529,1937,Electrical Engineering 電機,NA
18089,18088,235,1916,Civil Engineering 土木,NA
18093,18091,18094,NA,Aeronautical Engineering 航空機械,NA
18109,18107,725,1919,Civil Engineering 土木,NA
18112,18110,152,1918,Electrical Engineering 電機,NA
18114,18111,725,1935,Mechanical Engineering 機械,NA
18117,18116,561,1925,Textile Engineering 紡織,NA
18123,18121,725,1932,Electrical Engineering 電機,NA
18125,18124,229,1937,Civil Engineering 土木,NA
18129,18128,725,1928,Civil Engineering 土木,NA
18131,18130,725,1919,Civil Engineering 土木,NA
18137,18134,5390,1922,unspecified,NA
18146,18145,1730,1912,Civil Engineering 土木,NA
18148,18147,2328,1937,Civil Engineering 土木,NA
18151,18149,561,1927,Textile Engineering 紡織,NA
18152,18150,1499,1921,Mechanical Engineering 機械,NA
18161,18160,725,1927,Mining Engineering 礦冶,NA
18163,18162,998,1936,Electrical Engineering 電機,NA
18166,18164,455,1939,Electrical Engineering 電機,NA
18167,18165,2584,1922,Mining Engineering 礦冶,NA
18170,18169,152,1938,Civil Engineering 土木,NA
18173,18169,195,1929,Civil Engineering 土木,Research 研究
18198,18193,2328,1930,Mechanical Engineering 機械,NA
18206,18203,2121,NA,Electrical Engineering 電機,NA
18208,18203,4599,NA,Electrical Engineering 電機,NA
18214,18211,675,1923,Civil Engineering 土木,NA
18223,18216,725,1930,Mining Engineering 礦冶,NA
18224,18222,18225,NA,Mechanical Engineering 機械,NA
18226,18222,18227,NA,unspecified,Research 研究
18236,18235,229,1936,Civil Engineering 土木,NA
18238,18237,1995,NA,Chemical Engineering 化工,NA
18239,18237,151,NA,Chemical Engineering 化工,Master 碩士
18251,18250,692,1931,Civil Engineering 土木,NA
18259,18257,18260,1911,Civil Engineering 土木,NA
18261,18257,18262,1907,Mechanical Engineering 機械,NA
18286,18285,1269,1939,Civil Engineering 土木,NA
18288,18287,78002,1926,Textile Engineering 紡織,NA
18292,18291,498,1935,Mechanical Engineering 機械,NA
18298,18297,235,1934,Civil Engineering 土木,NA
18299,18297,198,NA,Civil Engineering 土木,NA
18306,18303,1310,1922,Electrical Engineering 電機,NA
18320,18319,188,1916,Electrical Engineering 電機,NA
18323,18322,9078,NA,Civil Engineering 土木,NA
18327,18326,692,1917,Mining 採冶,NA
18343,18342,354,1937,Civil Engineering 土木,NA
18345,18344,212,NA,Aeronautical Engineering 航空機械,Master 碩士
18349,18348,18350,NA,Textile Engineering 紡織,NA
18355,18354,7349,1923,Civil Engineering 土木,NA
18358,18357,692,1930,Mining Engineering 礦冶,NA
18360,18359,1499,1935,Civil Engineering 土木,NA
18362,18361,3073,1936,Civil Engineering 土木,NA
18364,18363,725,1927,Civil Engineering 土木,NA
18367,18365,725,1916,Civil Engineering 土木,NA
18369,18368,529,1939,Chemical Engineering 化工,NA
18373,18371,3073,1936,Civil Engineering 土木,NA
18378,18377,529,1932,Civil Engineering 土木,NA
18386,18385,235,1932,Mechanical Engineering 機械,NA
18394,18393,994,1930,Civil Engineering 土木,NA
18396,18395,7087,1934,Marine Engineering,NA
18408,18407,3530,1926,Chemical Engineering 化工,NA
18412,18411,555,1939,Civil Engineering 土木,NA
18414,18413,152,1922,Mechanical Engineering 機械,NA
18424,18423,994,1935,Mechanical Engineering 機械,NA
18426,18425,229,1936,Electrical Engineering 電機,NA
18430,18429,235,1926,Electrical Engineering 電機,NA
18440,18439,7133,1930,Textile Engineering 紡織,NA
18445,18444,455,1939,Chemical Engineering 化工,NA
18447,18446,529,1935,Civil Engineering 土木,NA
18454,18452,235,1921,Electrical Engineering 電機,NA
18455,18452,171,1925,Electrical Engineering 電機,Master 碩士
18461,18460,426,1932,Civil Engineering 土木,NA
18463,18462,235,1932,Electrical Engineering 電機,NA
18467,18466,649,1932,unspecified,NA
18471,18470,2033,1900,Civil Engineering 土木,NA
18473,18472,1310,1929,Chemical Engineering 化工,NA
18482,18480,9439,1937,Radio Engineering 無線電,Zhuanke 專科
18485,18483,3073,1933,Mining Engineering 礦冶,NA
18492,18490,1950,1925,Chemical Engineering 化工,NA
18506,18505,692,1932,Civil Engineering 土木,NA
18510,18509,1679,1938,Civil Engineering 土木,NA
18513,18512,692,1934,Civil Engineering 土木,NA
18516,18515,675,1937,Civil Engineering 土木,NA
18518,18517,498,1930,Electrical Engineering 電機,NA
18520,18519,235,1933,Mechanical Engineering 機械,NA
18523,18522,2584,NA,Civil Engineering 土木,NA
18531,18530,998,1935,Civil Engineering 土木,NA
18533,18532,994,1924,Civil Engineering 土木,NA
18537,18536,1499,1932,Civil Engineering 土木,NA
18540,18539,1499,1939,Civil Engineering 土木,NA
18542,18541,855,1928,Mechanical Engineering 機械,NA
18545,18544,235,1922,Electrical Engineering 電機,NA
18554,18551,1742,1937,Civil Engineering 土木,NA
18556,18555,235,1934,Mechanical Engineering 機械,NA
18559,18558,6102,NA,Chemical Engineering 化工,NA
18563,18562,179,1913,Electrical Engineering 電機,NA
18564,18562,14807,1914,Electrical Engineering 電機,Master 碩士
18574,18573,529,1939,Electrical Engineering 電機,NA
18576,18575,994,1939,Mechanical Engineering 機械,NA
18578,18577,455,1939,Civil Engineering 土木,NA
18581,18579,692,1929,Mining Engineering 礦冶,NA
18586,18585,7349,1926,Civil Engineering 土木,NA
18589,18588,1730,1915,Electrical Engineering 電機,NA
18592,18591,692,1933,Mechanical Engineering 機械,NA
18599,18598,12116,1932,Textile Engineering 紡織,NA
18603,18602,1730,1930,Telecommunications 電信,NA
18604,18602,235,1934,Electrical Engineering 電機,NA
18616,18615,235,1934,Civil Engineering 土木,NA
18617,18615,129,1936,Civil Engineering 土木,NA
18618,18615,171,1937,Civil Engineering 土木,Master 碩士
18637,18636,235,1927,Mechanical Engineering 機械,NA
18638,18636,12116,1930,Electrical Engineering 電機,NA
18648,18635,529,1932,Electrical Engineering 電機,NA
18651,18650,692,1916,Mining Engineering 礦冶,NA
18653,18652,998,1929,Electrical Engineering 電機,NA
18656,18655,692,1928,Mining Engineering 礦冶,NA
18664,18663,198,1928,Chemical Engineering 化工,Master 碩士
18670,18668,70078,1919,Civil Engineering 土木,NA
18672,18671,15222,1936,Chemical Engineering 化工,NA
18677,18675,18678,1932,unspecified,NA
18682,18681,4419,1936,Mining Engineering 礦冶,Zhuanke 專科
18684,18683,725,1931,Mechanical Engineering 機械,NA
18686,18685,349,1937,Civil Engineering 土木,Zhuanke 專科
18688,18687,725,1927,Mining Engineering 礦冶,NA
18690,18689,692,1937,Electrical Engineering 電機,NA
18692,18691,692,1937,Civil Engineering 土木,NA
18694,18693,675,1937,Civil Engineering 土木,NA
18698,18695,2224,1937,Electrical Engineering 電機,NA
18700,18699,725,1931,Mechanical Engineering 機械,NA
18702,18701,151,1921,Architecture 建築,NA
18718,18716,235,1933,Civil Engineering 土木,NA
18722,18721,1499,1929,Civil Engineering 土木,NA
18725,18724,725,1925,Mining Engineering 礦冶,NA
18732,18730,235,1924,Radio Engineering 無線電,Zhuanke 專科
18733,18731,451,1939,Civil Engineering 土木,NA
18735,18734,692,1937,Civil Engineering 土木,NA
18737,18736,235,1924,Radio Engineering 無線電,Zhuanke 專科
18739,18738,3044,1938,Civil Engineering 土木,NA
18742,18741,1730,1924,Radio Engineering 無線電,NA
18746,18744,520,1934,Mining Engineering 礦冶,NA
18749,18745,692,1932,Civil Engineering 土木,NA
18757,18756,235,1923,Mechanical Engineering 機械,NA
18761,18759,18762,NA,Mechanical Engineering 機械,NA
18768,18765,229,1936,Civil Engineering 土木,NA
18773,18770,855,1932,Chemical Engineering 化工,NA
18776,18775,235,1935,Civil Engineering 土木,NA
18779,18778,692,1916,Mining Engineering 礦冶,NA
18782,18780,675,1929,Civil Engineering 土木,NA
18786,18783,1950,1914,Civil Engineering 土木,NA
18787,18781,349,1938,Architecture 建築,NA
18791,18789,235,1937,Electrical Engineering 電機,NA
18793,18792,70078,1922,Civil Engineering 土木,NA
18794,18790,855,1927,Chemical Engineering 化工,NA
18796,18795,725,1935,Mechanical Engineering 機械,NA
18799,18797,12802,1925,Mining Engineering 礦冶,NA
18802,18798,561,1933,Textile Engineering 紡織,NA
18806,18804,855,1927,Mechanical Engineering 機械,NA
18809,18807,561,1926,Textile Engineering 紡織,NA
18821,18820,498,1934,Electrical Engineering 電機,NA
18825,18824,1499,1918,Civil Engineering 土木,NA
18833,18829,529,1938,Civil Engineering 土木,NA
18835,18834,3044,1939,Civil Engineering 土木,NA
18837,18836,725,1930,Mechanical Engineering 機械,NA
18839,18838,2224,1919,Mechanical Engineering 機械,NA
18841,18840,235,1912,Civil Engineering 土木,NA
18845,18844,235,1912,Electrical Engineering 電機,NA
18847,18846,516,1935,Chemical Engineering 化工,NA
18849,18848,195,1932,Mechanical Engineering 機械,Master 碩士
18850,18848,18851,NA,unspecified,Research 研究
18855,18854,235,1936,Civil Engineering 土木,NA
18857,18856,516,1939,Architecture 建築,NA
18859,18858,1499,1913,Civil Engineering 土木,NA
18861,18860,349,1937,Mechanical Engineering 機械,NA
18863,18862,451,1938,Civil Engineering 土木,NA
18865,18864,998,1937,Mechanical Engineering 機械,NA
18867,18866,115,1936,Chemical Engineering 化工,NA
18869,18868,855,1924,Chemical Engineering 化工,NA
18871,18870,235,1927,Electrical Engineering 電機,NA
18875,18873,1499,1934,Civil Engineering 土木,NA
18879,18878,2224,1920,Mechanical Engineering 機械,NA
18882,18881,235,1920,Electrical Engineering 電機,NA
18897,18896,349,1937,Telecommunications 電信,Zhuanke 專科
18899,18898,349,1938,Civil Engineering 土木,Zhuanke 專科
18902,18901,692,1915,Civil Engineering 土木,NA
18910,18909,4094,1925,Mechanical Engineering 機械,NA
18928,18926,821,1938,Civil Engineering 土木,NA
18930,18929,232,NA,Civil Engineering 土木,NA
18935,18934,235,1924,Electrical Engineering 電機,NA
18936,18934,227,1927,Electrical Engineering 電機,Master 碩士
18947,18946,235,1933,Electrical Engineering 電機,NA
18948,18946,195,NA,Electrical Engineering 電機,NA
18951,18950,18952,NA,Mining Engineering 礦冶,NA
18959,18957,561,1933,Textile Engineering 紡織,NA
18961,18960,529,1931,Civil Engineering 土木,NA
18965,18964,998,1936,Electrical Engineering 電機,NA
18968,18967,561,1937,Textile Engineering 紡織,NA
18970,18969,115,1938,Electrical Engineering 電機,NA
18972,18971,223,NA,Architecture 建築,Master 碩士
18976,18975,70078,1919,Mining Engineering 礦冶,NA
18978,18977,2224,1919,Civil Engineering 土木,NA
18981,18980,455,1934,Architecture 建築,NA
18985,18984,2328,1936,Chemical Engineering 化工,NA
18989,18987,455,1935,Electrical Engineering 電機,NA
18991,18990,455,1937,Civil Engineering 土木,NA
18994,18993,1499,1935,Civil Engineering 土木,NA
18999,18997,1499,1938,Mining Engineering 礦冶,NA
19002,19000,70078,1921,Civil Engineering 土木,NA
19004,19003,235,1932,Mechanical Engineering 機械,NA
19008,19007,692,1916,Civil Engineering 土木,NA
19023,19020,1499,1921,Mechanical Engineering 機械,NA
19030,19029,2840,1929,Mechanical Engineering 機械,NA
19031,19029,6339,1931,Electrical Engineering 電機,NA
19036,19035,455,1932,Electrical Engineering 電機,NA
19048,19047,235,1928,Mechanical Engineering 機械,NA
19057,19056,516,1937,Civil Engineering 土木,NA
19060,19058,725,1925,Mining Engineering 礦冶,NA
19062,19061,1730,1914,Radio Engineering 無線電,NA
19064,19063,1730,1921,Telecommunications 電訊,NA
19070,19069,2328,1937,Electrical Engineering 電機,NA
19072,19071,12802,1923,Shipping 船舶,NA
19078,19077,1499,1912,Civil Engineering 土木,NA
19081,19080,2224,1939,Surveying 測量,NA
19084,19082,561,1927,Textile Engineering 紡織,NA
19089,19087,855,1926,Chemical Engineering 化工,NA
19091,19090,10338,1911,Chemical Engineering 化工,NA
19093,19092,725,1917,Mechanical Engineering 機械,Zhuanke 專科
19096,19094,1730,1920,Radio Engineering 無線電,NA
19099,19097,7349,NA,Civil Engineering 土木,NA
19105,19104,498,1937,Electrical Engineering 電機,NA
19107,19106,529,1939,Civil Engineering 土木,NA
19110,19108,692,1912,Civil Engineering 土木,NA
19112,19111,3073,1935,Mining Engineering 礦冶,NA
19119,19118,2740,1926,Mining Engineering 礦冶,NA
19121,19120,1483,1926,Textile Engineering 紡織,NA
19124,19123,821,1932,Civil Engineering 土木,NA
19132,19131,455,1934,Civil Engineering 土木,NA
19135,19134,725,1929,Mining Engineering 礦冶,NA
19149,19148,235,1935,Mechanical Engineering 機械,NA
19151,19150,994,1930,Electrical Engineering 電機,NA
19156,19155,998,1938,Chemical Engineering 化工,NA
19158,19157,855,1927,Chemical Engineering 化工,NA
19162,19161,561,1911,Textile Engineering 紡織,NA
19166,19165,1742,1937,Civil Engineering 土木,NA
19169,19168,2033,1900,Civil Engineering 土木,NA
19171,19170,901,1932,Civil Engineering 土木,NA
19173,19172,451,1938,Civil Engineering 土木,NA
19176,19174,725,1927,Mining Engineering 礦冶,NA
19185,19184,7349,NA,Civil Engineering 土木,NA
19190,19189,1499,1925,Civil Engineering 土木,NA
19202,19201,78002,1912,Mechanical Engineering 機械,NA
19215,19214,115,1931,Civil Engineering 土木,NA
19217,19216,561,1937,Textile Engineering 紡織,NA
19219,19218,901,1934,Civil Engineering 土木,NA
19221,19220,197,1931,Mining Engineering 礦冶,NA
19235,19233,692,1931,Civil Engineering 土木,NA
19239,19238,725,1925,Mining Engineering 礦冶,NA
19241,19240,1730,1923,Telecommunications 電信,Zhuanke 專科
19244,19242,561,1929,Textile Engineering 紡織,NA
19248,19247,998,1932,Electrical Engineering 電機,NA
19258,19257,998,1934,Electrical Engineering 電機,NA
19264,19263,692,1929,Civil Engineering 土木,NA
19266,19265,692,1921,Civil Engineering 土木,NA
19271,19270,235,1923,Electrical Engineering 電機,NA
19275,19274,235,1912,Civil Engineering 土木,NA
19282,19281,725,1926,Mining Engineering 礦冶,NA
19292,19291,2328,1934,Electrical Engineering 電機,NA
19299,19297,998,1937,Chemical Engineering 化工,NA
19302,19300,235,1924,Electrical Engineering 電機,NA
19311,19310,3044,1934,Civil Engineering 土木,NA
19313,19312,692,1910,Mining Engineering 礦冶,NA
19315,19314,2224,1919,Mechanical Engineering 機械,NA
19317,19316,2278,1927,Textile Engineering 紡織,NA
19319,19318,1310,1921,Mechanical Engineering 機械,NA
19322,19321,529,1934,Civil Engineering 土木,NA
19324,19323,692,1936,Mechanical Engineering 機械,NA
19326,19325,235,1933,Civil Engineering 土木,NA
19328,19327,821,1938,Civil Engineering 土木,NA
19330,19329,235,1939,Mechanical Engineering 機械,NA
19334,19333,901,1937,Civil Engineering 土木,NA
19338,19337,1499,1931,Civil Engineering 土木,NA
19345,19344,235,1924,Mechanical Engineering 機械,NA
19352,19351,455,1930,Mechanical Engineering 機械,NA
19355,19354,1307,1924,Civil Engineering 土木,NA
19357,19356,498,1929,Mechanical Engineering 機械,NA
19363,19362,235,1931,Civil Engineering 土木,NA
19369,19368,235,1933,Mechanical Engineering 機械,NA
19372,19371,692,1929,Mechanical Engineering 機械,NA
19377,19376,455,1938,Architecture 建築,NA
19379,19378,235,1927,Mechanical Engineering 機械,NA
19382,19381,235,1932,Civil Engineering 土木,NA
19386,19385,692,1925,Mining Engineering 礦冶,NA
19387,19385,179,NA,Mining Engineering 礦冶,Master 碩士
19388,19385,273,NA,Mining Engineering 礦冶,Doctor 博士
19398,19397,1499,1937,Civil Engineering 土木,NA
19401,19399,649,NA,unspecified,NA
19404,19403,725,1932,Electrical Engineering 電機,NA
19406,19405,516,1937,Civil Engineering 土木,NA
19408,19407,1310,1927,Mechanical Engineering 機械,NA
19421,19420,18350,1907,Textile Engineering 紡織,NA
19424,19423,692,1927,Civil Engineering 土木,NA
19434,19433,555,1939,Electrical Engineering 電機,NA
19436,19435,998,1934,Civil Engineering 土木,NA
19439,19438,855,1937,Mechanical Engineering 機械,NA
19443,19440,725,1934,Civil Engineering 土木,NA
19446,19445,725,1937,Mining Engineering 礦冶,NA
19448,19447,725,1919,Civil Engineering 土木,NA
19452,19451,725,1922,Mining Engineering 礦冶,NA
19454,19453,235,1916,unspecified,NA
19457,19455,821,1935,Mechanical Engineering 機械,NA
19459,19458,498,1929,Mechanical Engineering 機械,NA
19464,19463,498,1933,Textile Engineering 紡織,NA
19468,19467,725,1916,Civil Engineering 土木,Zhuanke 專科
19470,19469,229,1937,Civil Engineering 土木,NA
19472,19471,855,1930,Chemical Engineering 化工,NA
19474,19473,1730,1916,Civil Engineering 土木,NA
19478,19477,520,1935,Civil Engineering 土木,NA
19480,19479,498,1937,Mechanical Engineering 機械,NA
19482,19481,725,1924,Mechanical Engineering 機械,NA
19485,19484,725,1935,Mining Engineering 礦冶,NA
19487,19486,561,1926,Textile Engineering 紡織,NA
19490,19488,1269,1937,Chemical Engineering 化工,NA
19492,19491,195,NA,Civil Engineering 土木,Master 碩士
19497,19496,855,1930,Mechanical Engineering 機械,NA
19501,19499,725,1911,Civil Engineering 土木,NA
19503,19502,692,1935,Mining Engineering 礦冶,NA
19510,19509,1730,1912,Civil Engineering 土木,NA
19513,19512,1742,1938,Civil Engineering 土木,NA
19515,19514,692,1936,Civil Engineering 土木,NA
19518,19516,498,1937,Electrical Engineering 電機,NA
19520,19519,855,1923,Mechanical Engineering 機械,NA
19522,19521,235,1925,Mechanical Engineering 機械,NA
19529,19528,150,1921,Mining Engineering 礦冶,NA
19530,19528,151,1923,Geology 地質,Master 碩士
19540,19539,235,1937,Mechanical Engineering 機械,NA
19542,19541,455,1929,Civil Engineering 土木,NA
19547,19546,235,1922,Mechanical Engineering 機械,NA
19561,19559,1269,1936,Mining Engineering 礦冶,NA
19563,19562,692,1932,Civil Engineering 土木,NA
19567,19566,725,1926,Mining Engineering 礦冶,NA
19574,19573,692,1931,Civil Engineering 土木,NA
19577,19576,692,1921,Mining Engineering 礦冶,NA
19581,19580,692,1910,Civil Engineering 土木,NA
19584,19583,235,1915,Electrical Engineering 電機,NA
19587,19585,276,1923,Mechanical Engineering 機械,NA
19588,19585,227,1927,Mechanical Engineering 機械,Master 碩士
19598,19597,455,1935,Mechanical Engineering 機械,NA
19604,19603,998,1933,Electrical Engineering 電機,NA
19606,19605,998,1933,Chemical Engineering 化工,NA
19609,19608,235,1928,Electrical Engineering 電機,NA
19619,19618,455,1929,Civil Engineering 土木,NA
19623,19622,2584,1929,Chemical Engineering 化工,NA
19633,19632,529,1937,Electrical Engineering 電機,NA
19635,19634,129,1935,Electrical Engineering 電機,NA
19638,19637,235,1926,Electrical Engineering 電機,NA
19650,19649,692,1912,Civil Engineering 土木,NA
19653,19652,235,1924,Mechanical Engineering 機械,NA
19656,19655,692,1934,Civil Engineering 土木,NA
19659,19658,998,1937,Mechanical Engineering 機械,NA
19661,19660,2224,1939,Electrical Engineering 電機,NA
19663,19662,235,1931,Civil Engineering 土木,NA
19665,19664,998,1933,Electrical Engineering 電機,NA
19669,19668,235,1937,Mechanical Engineering 機械,NA
19670,19668,455,1939,Mechanical Engineering 機械,特別班
19672,19671,837,1925,Mining Engineering 礦冶,NA
19681,19680,349,1938,Chemical Engineering 化工,NA
19685,19684,821,1935,Civil Engineering 土木,NA
19689,19688,725,1926,Mechanical Engineering 機械,NA
19691,19690,1730,1920,Telecommunications 電信,NA
19693,19692,561,1922,Textile Engineering 紡織,NA
19697,19696,2004,1939,Civil Engineering 土木,NA
19700,19698,692,1910,Mining Engineering 礦冶,NA
19702,19701,555,1939,Civil Engineering 土木,NA
19704,19703,1679,1936,Civil Engineering 土木,NA
19707,19706,451,1934,Civil Engineering 土木,NA
19709,19708,725,1927,Mining Engineering 礦冶,NA
19712,19710,725,1928,Electrical Engineering 電機,NA
19714,19713,692,1935,Mechanical Engineering 機械,NA
19717,19716,498,1929,Electrical Engineering 電機,NA
19727,19726,455,1930,Civil Engineering 土木,NA
19730,19729,837,1925,Mining Engineering 礦冶,NA
19734,19733,349,1938,Civil Engineering 土木,Zhuanke 專科
19737,19735,5740,1919,Mining Engineering 礦冶,NA
19755,19754,516,1939,Electrical Engineering 電機,NA
19757,19756,692,1937,Mining Engineering 礦冶,NA
19759,19758,692,1933,Civil Engineering 土木,NA
19762,19761,349,1938,Architecture 建築,NA
19764,19763,855,1926,Mechanical Engineering 機械,NA
19766,19765,1730,1914,Radio Engineering 無線電,NA
19768,19767,692,1936,Civil Engineering 土木,NA
19770,19769,498,1938,Mechanical Engineering 機械,NA
19773,19771,19774,1908,unspecified,NA
19779,19778,855,1927,Mechanical Engineering 機械,NA
19789,19788,426,1935,Civil Engineering 土木,NA
19793,19791,855,1936,Mechanical Engineering 機械,NA
19797,19795,9439,1935,Radio Engineering 無線電,Zhuanke 專科
19802,19801,18010,1924,Chemical Engineering 化工,NA
19807,19806,561,1932,Textile Engineering 紡織,NA
19809,19808,725,1936,Mining Engineering 礦冶,NA
19812,19810,2328,1935,Electrical Engineering 電機,NA
19816,19815,5378,1932,Mining Engineering 礦冶,NA
19826,19825,855,1924,Mechanical Engineering 機械,NA
19828,19827,725,1932,Mining Engineering 礦冶,NA
19831,19829,692,1928,Civil Engineering 土木,NA
19838,19836,725,1936,Mining Engineering 礦冶,NA
19841,19839,692,1932,Civil Engineering 土木,NA
19844,19843,18010,NA,Chemical Engineering 化工,NA
19848,19847,821,1935,Mechanical Engineering 機械,NA
19851,19849,561,1920,Textile Engineering 紡織,NA
19853,19852,821,1933,Mechanical Engineering 機械,NA
19855,19854,855,1931,Mechanical Engineering 機械,NA
19857,19856,855,1931,Mechanical Engineering 機械,NA
19865,19864,2888,1939,Mechanical Engineering 機械,NA
19868,19866,3073,1933,Mining Engineering 礦冶,NA
19877,19875,12802,1921,Chemical Engineering 化工,NA
19893,19892,692,1924,Civil Engineering 土木,NA
19900,19898,692,1930,Civil Engineering 土木,NA
19904,19903,692,1935,Civil Engineering 土木,NA
19908,19907,426,1933,Civil Engineering 土木,NA
19913,19910,529,1937,Civil Engineering 土木,NA
19914,19909,855,1924,Chemical Engineering 化工,NA
19917,19916,725,1916,Civil Engineering 土木,NA
19919,19918,855,1924,Chemical Engineering 化工,NA
19924,19921,181,1931,Civil Engineering 土木,Master 碩士
19926,19923,725,1925,Mining Engineering 礦冶,NA
19930,19928,235,1932,Electrical Engineering 電機,NA
19937,19935,725,1929,Mechanical Engineering 機械,NA
19946,19944,998,1934,Civil Engineering 土木,NA
19951,19950,1730,1921,Telecommunications 電訊,NA
19953,19952,235,1937,Electrical Engineering 電機,NA
19956,19954,229,1937,Electrical Engineering 電機,NA
19958,19957,725,1937,Electrical Engineering 電機,NA
19960,19959,115,1929,Civil Engineering 土木,NA
19964,19963,855,1929,Chemical Engineering 化工,NA
19966,19965,426,1937,Civil Engineering 土木,NA
19968,19967,692,1937,Civil Engineering 土木,NA
19970,19969,725,1927,Mining Engineering 礦冶,NA
19972,19971,855,1927,Chemical Engineering 化工,NA
19974,19973,70078,1925,Civil Engineering 土木,NA
19982,19978,2224,NA,Mechanical Engineering 機械,NA
19986,19984,821,1935,Electrical Engineering 電機,NA
19991,19989,692,1925,Mining Engineering 礦冶,NA
19992,19988,498,1936,Electrical Engineering 電機,NA
19994,19993,998,1935,Civil Engineering 土木,NA
19999,19997,235,1927,Mechanical Engineering 機械,NA
20000,19998,1499,1914,Mechanical Engineering 機械,NA
20001,19997,152,1929,Mechanical Engineering 機械,Master 碩士
20009,20008,120,1933,Telecommunications 電訊,NA
20015,20014,195,NA,Electrical Engineering 電機,Bachelor 學士
20016,20007,692,1922,Civil Engineering 土木,NA
20017,20014,223,NA,Radio Engineering 無線電,Master 碩士
20018,20014,171,NA,Physics 物理,Doctor 博士
20026,20023,561,1923,Textile Engineering 紡織,NA
20028,20027,1499,1934,Civil Engineering 土木,NA
20031,20030,821,1934,Mechanical Engineering 機械,NA
20033,20029,498,1930,Mechanical Engineering 機械,NA
20034,20032,725,1922,Mining Engineering 礦冶,NA
20037,20035,725,1929,Mining Engineering 礦冶,NA
20040,20039,998,1936,Civil Engineering 土木,NA
20048,20047,235,1939,Electrical Engineering 電機,NA
20051,20049,1730,1912,Telecommunications 電訊,NA
20052,20050,821,1938,Electrical Engineering 電機,NA
20059,20057,498,1934,Electrical Engineering 電機,NA
20060,20058,235,1929,Electrical Engineering 電機,NA
20064,20063,561,1936,Textile Engineering 紡織,NA
20066,20065,1730,1912,Civil Engineering 土木,NA
20068,20067,725,1925,Mining Engineering 礦冶,NA
20070,20069,1499,1920,Mechanical Engineering 機械,NA
20072,20071,235,1925,Mechanical Engineering 機械,NA
20074,20073,3073,1938,Civil Engineering 土木,NA
20077,20076,692,1938,Mechanical Engineering 機械,NA
20079,20078,855,1924,Chemical Engineering 化工,NA
20082,20080,498,1930,Electrical Engineering 電機,NA
20084,20083,5712,1925,Mechanical Engineering 機械,NA
20085,20083,195,NA,unspecified,Research 研究
20094,20093,1499,1921,Civil Engineering 土木,NA
20098,20097,692,1934,Civil Engineering 土木,NA
20101,20100,821,1930,Civil Engineering 土木,NA
20106,20105,198,1922,Civil Engineering 土木,NA
20123,20122,855,1937,Chemical Engineering 化工,NA
20126,20125,1499,1917,Civil Engineering 土木,NA
20127,20125,152,1920,Civil Engineering 土木,Master 碩士
20129,20128,725,1918,Mechanical Engineering 機械,NA
20131,20130,855,1926,Mechanical Engineering 機械,NA
20134,20132,692,1930,Mechanical Engineering 機械,NA
20137,20136,649,1934,Hydraulic Engineering 水利,NA
20141,20140,2328,1936,Electrical Engineering 電機,NA
20143,20142,692,1910,Civil Engineering 土木,NA
20145,20144,692,1910,Mining Engineering 礦冶,NA
20166,20165,855,1937,Mechanical Engineering 機械,NA
20168,20167,561,1939,Textile Engineering 紡織,NA
20170,20169,529,1932,Civil Engineering 土木,NA
20174,20173,498,1934,Mechanical Engineering 機械,NA
20176,20175,1310,NA,Chemical Engineering 化工,NA
20177,20175,152,1916,Chemical Engineering 化工,NA
20178,20175,151,1917,Chemical Engineering 化工,Master 碩士
20188,20187,561,1933,Textile Engineering 紡織,NA
20191,20189,2876,1937,Civil Engineering 土木,NA
20193,20192,235,1931,Mechanical Engineering 機械,NA
20196,20195,1730,1920,Telecommunications 電訊,NA
20204,20202,498,1935,Chemical Engineering 化工,NA
20206,20205,516,1937,Civil Engineering 土木,NA
20208,20207,998,1932,Civil Engineering 土木,NA
20211,20209,3073,1937,Civil Engineering 土木,NA
20214,20213,692,1935,Mechanical Engineering 機械,NA
20216,20215,70078,1922,Mining Engineering 礦冶,NA
20218,20217,235,1923,Mechanical Engineering 機械,NA
20226,20225,20227,1930,Electrical Engineering 電機,NA
20234,20233,2840,1930,Mechanical Engineering 機械,NA
20235,20232,1499,1926,Civil Engineering 土木,NA
20248,20247,998,1934,Civil Engineering 土木,NA
20250,20249,692,1927,Mining Engineering 礦冶,NA
20252,20251,354,1937,Civil Engineering 土木,NA
20254,20253,3530,1924,Electrical Engineering 電機,NA
20261,20260,235,1929,Mechanical Engineering 機械,NA
20267,20266,455,1939,Civil Engineering 土木,NA
20269,20268,20270,1909,Mechanical Engineering 機械,NA
20276,20275,498,1933,Electrical Engineering 電機,NA
20278,20277,692,1929,Civil Engineering 土木,NA
20281,20280,561,1934,Textile Engineering 紡織,NA
20283,20282,725,1935,Mechanical Engineering 機械,NA
20289,20288,692,1930,Civil Engineering 土木,NA
20291,20290,561,NA,Textile Engineering 紡織,NA
20293,20292,725,1925,Mining Engineering 礦冶,NA
20295,20294,725,1931,Mining Engineering 礦冶,NA
20297,20296,7349,1921,Civil Engineering 土木,NA
20308,20307,561,1918,Textile Engineering 紡織,NA
20310,20309,498,1935,Mechanical Engineering 機械,NA
20312,20311,498,1934,Mechanical Engineering 機械,NA
20314,20313,235,1934,Civil Engineering 土木,NA
20316,20313,198,NA,Civil Engineering 土木,Master 碩士
20321,20320,1499,1927,Civil Engineering 土木,NA
20324,20323,516,1935,Civil Engineering 土木,NA
20326,20325,692,1930,Mining Engineering 礦冶,NA
20332,20331,229,1937,Electrical Engineering 電機,NA
20334,20333,2888,1939,Mining Engineering 礦冶,NA
20336,20335,725,1933,Electrical Engineering 電機,NA
20338,20337,2740,1926,Mining Engineering 礦冶,NA
20340,20339,855,1930,Mechanical Engineering 機械,NA
20343,20341,649,1935,unspecified,NA
20347,20346,1499,1935,Civil Engineering 土木,NA
20352,20350,725,1926,Mechanical Engineering 機械,NA
20355,20353,855,1931,Mechanical Engineering 機械,NA
20357,20356,354,1937,Mechanical Engineering 機械,NA
20359,20358,2224,1923,Civil Engineering 土木,NA
20368,20367,235,1921,Electrical Engineering 電機,NA
20380,20379,692,1931,Civil Engineering 土木,NA
20383,20382,150,NA,Mining Engineering 礦冶,NA
20384,20382,151,NA,unspecified,Research 研究
20392,20391,725,1930,Mining Engineering 礦冶,NA
20396,20395,725,1934,Mining Engineering 礦冶,NA
20401,20400,998,1932,Civil Engineering 土木,NA
20404,20403,725,1926,Mechanical Engineering 機械,NA
20409,20408,725,1931,Mining Engineering 礦冶,NA
20411,20410,516,1938,Mechanical Engineering 機械,NA
20413,20412,855,1932,Chemical Engineering 化工,NA
20415,20414,561,1917,Textile Engineering 紡織,NA
20416,20414,20417,1922,Textile Engineering 紡織,Master 碩士
20420,20419,725,1932,Electrical Engineering 電機,NA
20428,20427,725,1935,Mining Engineering 礦冶,NA
20430,20429,725,1916,Civil Engineering 土木,Zhuanke 專科
20432,20431,725,1923,Mechanical Engineering 機械,NA
20434,20433,725,1937,Mechanical Engineering 機械,NA
20436,20435,529,1932,Civil Engineering 土木,NA
20440,20439,725,1933,Civil Engineering 土木,NA
20444,20443,1499,1911,Civil Engineering 土木,NA
20445,20443,179,NA,Civil Engineering 土木,Master 碩士
20465,20464,152,NA,Civil Engineering 土木,NA
20466,20464,195,1929,Civil Engineering 土木,Master 碩士
20471,20468,649,1930,unspecified,NA
20475,20474,235,1915,Civil Engineering 土木,NA
20487,20486,498,1933,Electrical Engineering 電機,NA
20492,20491,12138,NA,Textile Engineering 紡織,NA
20493,20491,20494,NA,Mechanical Engineering 機械,Master 碩士
20497,20496,725,1934,Mining Engineering 礦冶,NA
20502,20498,70078,1919,Mining Engineering 礦冶,NA
20505,20503,1499,1911,Civil Engineering 土木,NA
20507,20506,725,1917,Mechanical Engineering 機械,Zhuanke 專科
20508,20501,349,1937,Mechanical Engineering 機械,NA
20511,20509,520,1934,Mining Engineering 礦冶,NA
20514,20510,70078,1921,Mining Engineering 礦冶,NA
20517,20512,2740,1926,Mining Engineering 礦冶,NA
20518,20516,821,1930,Civil Engineering 土木,NA
20528,20526,561,1928,Textile Engineering 紡織,NA
20530,20529,1499,1918,Civil Engineering 土木,NA
20534,20531,498,1933,Textile Engineering 紡織,NA
20536,20535,516,1939,Electrical Engineering 電機,NA
20544,20539,181,NA,Civil Engineering 土木,Master 碩士
20548,20547,6977,NA,Civil Engineering 土木,NA
20553,20549,725,1916,Civil Engineering 土木,Zhuanke 專科
20557,20556,520,1935,Civil Engineering 土木,NA
20558,20554,2876,1935,Civil Engineering 土木,NA
20567,20566,1730,1914,Radio Engineering 無線電,NA
20569,20568,455,1938,Civil Engineering 土木,NA
20571,20570,354,1937,Civil Engineering 土木,NA
20573,20572,649,1937,unspecified,NA
20577,20576,725,1929,Mechanical Engineering 機械,NA
20580,20578,70078,1919,Mining Engineering 礦冶,NA
20582,20581,1310,NA,Chemical Engineering 化工,NA
20585,20563,901,1934,Civil Engineering 土木,NA
20597,20595,855,1932,Telecommunications 電訊,NA
20600,20598,1730,1921,Telecommunications 電訊,NA
20604,20603,12802,NA,Naval Architecture 造船,NA
20611,20605,1730,1912,Telecommunications 郵電,NA
20614,20612,725,1926,Mining Engineering 礦冶,NA
20617,20615,561,1921,Textile Engineering 紡織,NA
20633,20632,855,1930,Mechanical Engineering 機械,NA
20641,20635,1269,1933,Mining Engineering 礦冶,NA
20645,20642,455,1933,Architecture 建築,NA
20647,20646,3530,1924,Chemical Engineering 化工,NA
20649,20648,235,1937,Mechanical Engineering 機械,NA
20652,20651,498,1929,Electrical Engineering 電機,NA
20653,20650,3073,1932,Mining Engineering 礦冶,NA
20655,20654,561,1921,Textile Engineering 紡織,NA
20660,20657,6339,1928,Electrical Engineering 電機,NA
20661,20657,20662,1930,Civil Engineering 土木,NA
20674,20673,1742,1939,Civil Engineering 土木,NA
20676,20675,3530,1926,Chemical Engineering 化工,NA
20688,20686,235,1926,Electrical Engineering 電機,NA
20691,20689,998,1939,Mechanical Engineering 機械,NA
20693,20692,692,1921,Civil Engineering 土木,NA
20695,20694,725,1937,Mining Engineering 礦冶,NA
20698,20696,2584,1922,Civil Engineering 土木,NA
20716,20715,998,1937,Chemical Engineering 化工,NA
20718,20717,3146,1909,Mining Engineering 礦冶,NA
20729,20728,821,1935,Mechanical Engineering 機械,NA
20734,20733,2740,1922,Mining Engineering 礦冶,NA
20742,20741,725,1934,Civil Engineering 土木,NA
20745,20743,821,1937,Civil Engineering 土木,NA
20749,20747,70078,1921,Mining Engineering 礦冶,NA
20760,20746,349,1936,Mechanical Engineering 機械,NA
20763,20761,20764,1926,Mining Engineering 礦冶,NA
20775,20774,1730,1924,Radio Engineering 無線電,Zhuanke 專科
20777,20776,227,1929,Civil Engineering 土木,NA
20778,20776,190,NA,unspecified,Research 研究
20788,20787,516,1930,Civil Engineering 土木,NA
20790,20789,20791,NA,Mechanical Engineering 機械,NA
20793,20789,5740,NA,unspecified,Research 研究
20802,20801,855,1927,Mechanical Engineering 機械,NA
20805,20803,725,1936,Civil Engineering 土木,NA
20807,20806,235,1931,Civil Engineering 土木,NA
20812,20810,349,1936,Civil Engineering 土木,Zhuanke 專科
20817,20813,354,1937,Civil Engineering 土木,NA
20820,20818,7349,NA,Civil Engineering 土木,NA
20822,20819,561,1932,Textile Engineering 紡織,NA
20827,20825,529,1935,Civil Engineering 土木,NA
20828,20826,6140,NA,Civil Engineering 土木,NA
20835,20834,998,1935,Civil Engineering 土木,NA
20837,20836,235,1930,Electrical Engineering 電機,NA
20841,20840,455,1933,Civil Engineering 土木,NA
20844,20842,675,1934,Civil Engineering 土木,NA
20846,20845,998,1933,Civil Engineering 土木,NA
20848,20847,692,1932,Civil Engineering 土木,NA
20852,20851,675,1935,Civil Engineering 土木,NA
20854,20853,1269,1937,Civil Engineering 土木,NA
20856,20855,7349,1926,Civil Engineering 土木,NA
20859,20858,998,1939,Electrical Engineering 電機,NA
20861,20860,455,1930,Civil Engineering 土木,NA
20864,20863,998,1930,Electrical Engineering 電機,NA
20867,20866,821,1932,Civil Engineering 土木,NA
20869,20868,1310,1914,Textile Engineering 紡織,NA
20873,20872,561,1936,Textile Engineering 紡織,NA
20875,20874,675,1927,Civil Engineering 土木,NA
20877,20876,349,1937,Telecommunications 電信,Zhuanke 專科
20879,20878,70078,1921,Civil Engineering 土木,NA
20881,20880,998,1936,Electrical Engineering 電機,NA
20882,20880,120,NA,unspecified,Research 研究
20890,20889,7349,1925,Civil Engineering 土木,NA
20893,20892,675,1936,Civil Engineering 土木,NA
20897,20896,725,1928,Mechanical Engineering 機械,NA
20899,20898,498,1935,Mechanical Engineering 機械,NA
20901,20900,876,1936,Civil Engineering 土木,NA
20903,20902,876,1936,Civil Engineering 土木,NA
20905,20904,725,1928,Electrical Engineering 電機,NA
20907,20906,692,1930,Mining Engineering 礦冶,NA
20912,20911,1742,1937,Civil Engineering 土木,NA
20914,20913,725,1929,Mechanical Engineering 機械,NA
20925,20924,649,1930,Hydraulic Engineering 水利,NA
20928,20927,1742,1939,Civil Engineering 土木,NA
20932,20931,1730,1919,Telecommunications 電訊,NA
20936,20935,1499,1931,Civil Engineering 土木,NA
20938,20937,2224,1923,Mechanical Engineering 機械,NA
20940,20939,3044,1934,Civil Engineering 土木,NA
20942,20941,692,1929,Mining Engineering 礦冶,NA
20946,20945,725,1933,Mining Engineering 礦冶,NA
20948,20947,2740,1928,Mining Engineering 礦冶,NA
20951,20950,70078,1922,Civil Engineering 土木,NA
20953,20952,692,1934,Civil Engineering 土木,NA
20957,20956,821,1931,Mechanical Engineering 機械,NA
20958,20956,167,NA,Mechanical Engineering 機械,NA
20965,20964,692,1924,Mining Engineering 礦冶,NA
20966,20964,224,1925,Mining Engineering 礦冶,Master 碩士
20967,20964,179,1928,Mining Engineering 礦冶,Doctor 博士
20974,20973,1269,1939,Mining Engineering 礦冶,NA
20976,20975,235,1919,Civil Engineering 土木,NA
20978,20977,998,1937,Civil Engineering 土木,NA
20980,20979,235,1914,Electrical Engineering 電機,NA
20994,20993,998,1936,Mechanical Engineering 機械,NA
20997,20996,70078,1916,Civil Engineering 土木,NA
21000,20999,692,1914,Mining Engineering 礦冶,NA
21002,21001,152,1918,Mining Engineering 礦冶,NA
21005,21003,821,1932,Civil Engineering 土木,NA
21010,21008,235,1925,Electrical Engineering 電機,NA
21018,21015,520,1936,Civil Engineering 土木,NA
21020,21019,692,1933,Civil Engineering 土木,NA
21024,21022,235,1932,Civil Engineering 土木,NA
21027,21026,1730,1920,Radio Engineering 無線電,NA
21028,21023,998,1928,Electrical Engineering 電機,NA
21030,21029,1499,1923,Civil Engineering 土木,NA
21031,21029,152,1925,Civil Engineering 土木,Master 碩士
21035,21032,561,1927,Textile Engineering 紡織,NA
21043,21041,1307,1919,Mechanical Engineering 機械,NA
21045,21042,115,1930,Civil Engineering 土木,NA
21051,21050,6140,1919,Civil Engineering 土木,NA
21053,21052,3530,1926,Chemical Engineering 化工,NA
21056,21055,354,1933,Civil Engineering 土木,NA
21057,21055,179,1937,Civil Engineering 土木,Master 碩士
21060,21059,2888,1939,Textile Engineering 紡織,NA
21067,21064,1499,1911,Civil Engineering 土木,NA
21072,21071,2224,1939,Civil Engineering 土木,NA
21074,21073,195,1923,Electrical Engineering 電機,Bachelor 學士
21079,21078,4776,1924,Mechanical Engineering 機械,NA
21082,21081,561,1919,Textile Engineering 紡織,NA
21084,21083,998,1933,Civil Engineering 土木,NA
21088,21087,195,1924,Mechanical Engineering 機械,NA
21089,21087,12138,1924,Textile Engineering 紡織,NA
21092,21091,235,1935,Electrical Engineering 電機,NA
21095,21094,561,1921,Textile Engineering 紡織,NA
21097,21096,235,1920,Civil Engineering 土木,NA
21098,21096,152,1924,Civil Engineering 土木,Master 碩士
21113,21112,235,1934,Civil Engineering 土木,NA
21115,21114,198,1933,Chemical Engineering 化工,NA
21119,21118,692,1924,Mining Engineering 礦冶,NA
21121,21120,455,1937,Chemical Engineering 化工,NA
21123,21122,235,1936,Mechanical Engineering 機械,NA
21125,21124,725,1931,Mechanical Engineering 機械,NA
21127,21126,1310,1906,Mechanical Engineering 機械,NA
21130,21129,455,1935,Civil Engineering 土木,NA
21135,21134,349,1935,Civil Engineering 土木,Zhuanke 專科
21137,21136,998,1937,Civil Engineering 土木,NA
21140,21139,1269,1937,Civil Engineering 土木,NA
21142,21141,229,1933,Civil Engineering 土木,NA
21146,21145,21148,1934,Chemical Engineering 化工,NA
21154,21153,2224,1938,Civil Engineering 土木,NA
21156,21155,235,1913,Civil Engineering 土木,NA
21160,21159,235,1939,Mechanical Engineering 機械,NA
21162,21161,2224,1937,Surveying 測量,NA
21164,21163,150,NA,Mining Engineering 礦冶,NA
21168,21167,3073,1937,Civil Engineering 土木,NA
21170,21169,692,1935,Civil Engineering 土木,NA
21173,21172,692,1936,Civil Engineering 土木,NA
21175,21174,649,1932,Hydraulic Engineering 水利,NA
21178,21177,455,1930,Mechanical Engineering 機械,NA
21180,21179,455,1930,Electrical Engineering 電機,NA
21184,21183,725,1932,Electrical Engineering 電機,NA
21187,21186,3044,1936,Civil Engineering 土木,NA
21190,21189,855,1924,Chemical Engineering 化工,NA
21192,21191,120,1926,Mechanical Engineering 機械,NA
21197,21196,855,1926,Chemical Engineering 化工,NA
21199,21198,2328,1937,Electrical Engineering 電機,NA
21201,21200,725,1927,Civil Engineering 土木,NA
21204,21203,725,1936,Mining Engineering 礦冶,NA
21206,21205,1499,1935,Civil Engineering 土木,NA
21210,21209,821,1930,Civil Engineering 土木,NA
21212,21211,821,1933,Mechanical Engineering 機械,NA
21214,21213,1730,1924,Radio Engineering 無線電,Zhuanke 專科
21222,21220,692,1933,Civil Engineering 土木,NA
21228,21227,229,1936,Civil Engineering 土木,NA
21232,21230,2224,1920,Civil Engineering 土木,NA
21235,21233,451,1939,Civil Engineering 土木,NA
21237,21236,70078,1919,Civil Engineering 土木,NA
21240,21239,349,1937,Chemical Engineering 化工,NA
21243,21241,692,1938,Mechanical Engineering 機械,NA
21245,21244,725,1937,Mining Engineering 礦冶,NA
21247,21246,998,1935,Civil Engineering 土木,NA
21249,21248,516,1939,Electrical Engineering 電機,NA
21251,21250,2224,1939,Surveying 測量,NA
21253,21252,498,1930,Mechanical Engineering 機械,NA
21256,21255,498,1936,Mechanical Engineering 機械,NA
21258,21257,561,1932,Textile Engineering 紡織,NA
21260,21259,3073,1936,Mining Engineering 礦冶,NA
21272,21271,1730,1916,Civil Engineering 土木,NA
21274,21273,692,1931,Mechanical Engineering 機械,NA
21283,21282,692,1912,Civil Engineering 土木,NA
21285,21284,229,1933,Civil Engineering 土木,NA
21288,21287,21289,1927,Civil Engineering 土木,Master 碩士
21303,21302,675,1936,Civil Engineering 土木,NA
21306,21305,354,1935,Civil Engineering 土木,NA
21312,21311,901,1935,Civil Engineering 土木,NA
21314,21313,2224,1917,Mechanical Engineering 機械,NA
21315,21313,4017,1923,unspecified,NA
21319,21318,455,1938,Electrical Engineering 電機,NA
21323,21321,1499,1933,Civil Engineering 土木,NA
21326,21324,70078,1922,Mining Engineering 礦冶,NA
21328,21327,998,1937,Mechanical Engineering 機械,NA
21334,21332,1730,1917,Radio Engineering 無線電,NA
21338,21337,876,1935,Electrical Engineering 電機,NA
21340,21339,235,1910,Civil Engineering 土木,NA
21345,21344,235,1916,Civil Engineering 土木,NA
21353,21352,692,1930,Civil Engineering 土木,NA
21357,21356,692,1915,Mining Engineering 礦冶,NA
21362,21361,998,1935,Electrical Engineering 電機,NA
21364,21363,675,1929,Civil Engineering 土木,NA
21366,21365,2224,1938,Mechanical Engineering 機械,NA
21369,21368,1499,1911,Civil Engineering 土木,NA
21371,21370,1499,1914,Mechanical Engineering 機械,NA
21372,21370,227,NA,Mechanical Engineering 機械,NA
21385,21384,70078,1918,Civil Engineering 土木,NA
21389,21388,1102,1928,Mechanical Engineering 機械,NA
21394,21393,4925,1910,Mining Engineering 礦冶,NA
21406,21404,150,1934,Mining Engineering 礦冶,NA
21408,21405,179,1924,Civil Engineering 土木,NA
21409,21407,2840,1929,Civil Engineering 土木,NA
21415,21414,455,1930,Civil Engineering 土木,NA
21419,21417,498,1933,Textile Engineering 紡織,NA
21421,21420,455,1934,Civil Engineering 土木,NA
21423,21422,725,1927,Civil Engineering 土木,NA
21429,21428,561,1930,Textile Engineering 紡織,NA
21434,21433,5740,1915,Shipping 船舶,NA
21439,21433,171,NA,Architecture 建築,Research 研究
21444,21443,821,1933,Mechanical Engineering 機械,NA
21455,21454,821,1932,Civil Engineering 土木,NA
21456,21453,675,1929,Civil Engineering 土木,NA
21460,21458,821,1930,Civil Engineering 土木,NA
21466,21464,498,1932,Chemical Engineering 化工,NA
21471,21470,1499,1933,Civil Engineering 土木,NA
21474,21473,455,1937,Mechanical Engineering 機械,NA
21478,21477,1499,1939,Civil Engineering 土木,NA
21481,21480,235,1930,Electrical Engineering 電機,NA
21491,21490,725,1934,Civil Engineering 土木,NA
21493,21492,498,1933,Mechanical Engineering 機械,NA
21495,21494,725,1927,Civil Engineering 土木,NA
21497,21496,555,1938,Mechanical Engineering 機械,NA
21500,21498,998,1938,Chemical Engineering 化工,NA
21502,21501,855,1936,Mechanical Engineering 機械,NA
21540,21539,70078,1921,Civil Engineering 土木,NA
21548,21547,3530,1924,Chemical Engineering 化工,NA
21551,21549,9439,1936,Radio Engineering 無線電,Zhuanke 專科
21554,21552,1907,1915,Electrical Engineering 電機,NA
21576,21575,227,NA,Electrical Engineering 電機,NA
21579,21578,555,1938,Civil Engineering 土木,NA
21581,21580,1730,1916,Civil Engineering 土木,NA
21604,21602,7349,1923,Civil Engineering 土木,NA
21611,21610,2888,1939,Chemical Engineering 化工,NA
21620,21619,498,1934,Electrical Engineering 電機,NA
21626,21623,2224,1922,Mechanical Engineering 機械,NA
21644,21642,901,1937,Civil Engineering 土木,NA
21648,21646,276,NA,Mining Engineering 礦冶,Master 碩士
21667,21664,1679,1934,Civil Engineering 土木,NA
21726,21725,725,1937,Mining Engineering 礦冶,NA
21729,21728,1730,1919,Telecommunications 電信,NA
21733,21732,692,1919,Civil Engineering 土木,NA
21736,21735,692,1920,Civil Engineering 土木,NA
21740,21739,725,1934,Mining Engineering 礦冶,NA
21742,21741,1730,1923,Telecommunications 電信,NA
21745,21744,1310,1925,Mechanical Engineering 機械,NA
21751,21750,70078,1913,Mining Engineering 礦冶,NA
21759,21758,1307,1919,Civil Engineering 土木,NA
21762,21761,235,1930,Electrical Engineering 電機,NA
21769,21768,498,1934,Chemical Engineering 化工,NA
21772,21771,235,1929,Mechanical Engineering 機械,NA
21773,21771,21774,1931,Aeronautical Engineering 航空機械,NA
21785,21784,235,1939,Mechanical Engineering 機械,NA
21787,21786,235,1924,Electrical Engineering 電機,NA
21802,21799,70078,1919,Mining Engineering 礦冶,NA
21804,21803,692,1928,Mining Engineering 礦冶,NA
21812,21811,235,1925,Mechanical Engineering 機械,NA
21818,21817,235,1923,Mechanical Engineering 機械,NA
21825,21824,455,1939,Mechanical Engineering 機械,NA
21828,21827,498,1929,Chemical Engineering 化工,NA
21832,21831,998,1936,Chemical Engineering 化工,NA
21834,21833,229,1934,Civil Engineering 土木,NA
21839,21838,1730,1918,Radio Engineering 無線電,NA
21841,21840,1730,1918,Electrical Engineering 電機,NA
21847,21845,649,1932,Hydraulic Engineering 水利,NA
21850,21849,498,1938,Electrical Engineering 電機,NA
21853,21851,1679,1937,Civil Engineering 土木,NA
21855,21854,498,1933,Electrical Engineering 電機,NA
21857,21856,120,1934,Mining Engineering 礦冶,NA
21865,21864,44085,NA,Architecture 建築,NA
21868,21867,235,1930,Electrical Engineering 電機,NA
21871,21870,692,1930,Mining Engineering 礦冶,NA
21877,21876,998,1936,Electrical Engineering 電機,NA
21879,21878,675,1928,Civil Engineering 土木,NA
21889,21888,639,1929,Chemical Engineering 化工,NA
21904,21903,235,1922,Electrical Engineering 電機,NA
21922,21921,692,1910,Civil Engineering 土木,NA
21924,21923,235,1912,Civil Engineering 土木,NA
21943,21942,855,1926,Mechanical Engineering 機械,NA
21947,21946,11540,1926,Civil Engineering 土木,NA
21949,21946,21950,1928,Mining Engineering 礦冶,NA
21963,21962,725,1933,Civil Engineering 土木,NA
21965,21964,235,1930,Electrical Engineering 電機,NA
21969,21968,855,1932,Electrical Engineering 電機,NA
21971,21970,70078,1913,Mining Engineering 礦冶,NA
21973,21972,692,1932,Civil Engineering 土木,NA
21975,21974,1499,1918,Civil Engineering 土木,NA
22000,21996,692,1915,Civil Engineering 土木,NA
22004,22003,46713,1911,Mining Engineering 礦冶,NA
22016,22015,235,1924,Mechanical Engineering 機械,NA
22026,22025,1730,1915,Electrical Engineering 電機,NA
22030,22029,1730,1923,Telecommunications 電信,NA
22032,22031,901,1939,Civil Engineering 土木,NA
22034,22033,2004,1937,Civil Engineering 土木,NA
22036,22035,455,1930,Architecture 建築,NA
22038,22037,235,1937,Mechanical Engineering 機械,NA
22040,22039,876,1936,Civil Engineering 土木,NA
22043,22041,235,1934,Civil Engineering 土木,NA
22045,22044,235,1918,Civil Engineering 土木,NA
22046,22044,152,1919,Civil Engineering 土木,Master 碩士
22047,22044,152,1921,Civil Engineering 土木,Doctor 博士
22052,22051,1730,1915,Electrical Engineering 電機,NA
22054,22053,7349,1921,Civil Engineering 土木,NA
22058,22057,2224,1939,Electrical Engineering 電機,NA
22060,22059,1499,1932,Civil Engineering 土木,NA
22065,22064,692,1912,Civil Engineering 土木,NA
22075,22074,171,1921,Electrical Engineering 電機,NA
22089,22087,14405,1924,Chemical Engineering 化工,NA
22094,22093,725,1936,Civil Engineering 土木,NA
22096,22095,152,1911,Mechanical Engineering 機械,Master 碩士
22101,22100,855,1937,Electrical Engineering 電機,NA
22103,22102,1730,1912,Civil Engineering 土木,NA
22106,22105,725,1925,Mining Engineering 礦冶,NA
22110,22108,692,1930,Mechanical Engineering 機械,NA
22122,22121,1499,1935,Civil Engineering 土木,NA
22124,22123,561,1921,Textile Engineering 紡織,NA
22128,22127,561,1920,Textile Engineering 紡織,NA
22130,22129,1310,1920,Chemical Engineering 化工,NA
22134,22133,2224,1923,Mechanical Engineering 機械,NA
22141,22140,1499,1930,Civil Engineering 土木,NA
22146,22144,235,1935,Mechanical Engineering 機械,NA
22153,22152,1730,1919,Wire Telecommunications 有線電,NA
22155,22154,7419,1921,Mechanical Engineering 機械,NA
22162,22158,855,1926,Chemical Engineering 化工,NA
22168,22167,235,1935,Electrical Engineering 電機,NA
22171,22170,561,1927,Textile Engineering 紡織,NA
22173,22172,2224,1929,Civil Engineering 土木,NA
22174,22169,1516,1936,Civil Engineering 土木,NA
22177,22176,516,1937,Civil Engineering 土木,NA
22182,22178,520,1934,Civil Engineering 土木,NA
22187,22186,235,1927,Electrical Engineering 電機,NA
22198,22197,692,1912,Civil Engineering 土木,NA
22211,22210,8796,1933,Chemical Engineering 化工,NA
22212,22210,8796,1934,Chemical Engineering 化工,Doctor 博士
22215,22214,235,1919,Civil Engineering 土木,NA
22216,22214,152,1922,Civil Engineering 土木,Master 碩士
22225,22221,529,1933,Civil Engineering 土木,NA
22226,22224,115,1938,Electrical Engineering 電機,NA
22230,22228,70078,1913,Civil Engineering 土木,NA
22235,22234,692,1912,Mining Engineering 礦冶,NA
22240,22239,855,1936,Mechanical Engineering 機械,NA
22242,22236,1730,1920,Radio Engineering 無線電,NA
22244,22243,455,1934,Civil Engineering 土木,NA
22250,22249,235,1925,Electrical Engineering 電機,NA
22254,22249,22252,NA,unspecified,NA
22257,22256,195,1922,Mechanical Engineering 機械,Bachelor 學士
22266,22265,235,1924,Electrical Engineering 電機,NA
22285,22241,561,1933,Textile Engineering 紡織,NA
22289,22287,529,1934,Electrical Engineering 電機,NA
22293,22292,235,1934,Electrical Engineering 電機,NA
22296,22295,692,1926,Mining Engineering 礦冶,NA
22300,22299,1730,1912,Telecommunications 電訊,NA
22302,22301,725,1936,Mining Engineering 礦冶,NA
22304,22303,235,1929,Electrical Engineering 電機,NA
22320,22319,1730,1913,Civil Engineering 土木,NA
22327,22326,235,1933,Electrical Engineering 電機,NA
22332,22331,725,1934,Civil Engineering 土木,NA
22339,22337,498,1938,Electrical Engineering 電機,NA
22341,22340,529,1932,Civil Engineering 土木,NA
22351,22350,70078,1921,Mining Engineering 礦冶,NA
22353,22352,6140,1922,Telecommunications 電訊,NA
22367,22366,2224,1939,Electrical Engineering 電機,NA
22369,22368,561,1936,Textile Engineering 紡織,NA
22371,22370,692,1919,Mining Engineering 礦冶,NA
22372,22370,224,1923,Mining Engineering 礦冶,Master 碩士
22393,22392,235,1929,Electrical Engineering 電機,NA
22398,22397,354,1937,Mechanical Engineering 機械,NA
22401,22399,455,1934,Architecture 建築,NA
22407,22406,692,1932,Mining Engineering 礦冶,NA
22412,22411,1499,1939,Mining Engineering 礦冶,NA
22415,22413,1730,1912,Civil Engineering 土木,NA
22417,22416,725,1928,Electrical Engineering 電機,NA
22420,22419,2685,NA,Mechanical Engineering 機械,NA
22424,22423,22425,1925,Electrical Engineering 電機,NA
22439,22437,498,1937,Textile Engineering 紡織,NA
22441,22440,725,1919,Civil Engineering 土木,NA
22443,22442,179,1927,Chemical Engineering 化工,NA
22444,22442,195,1929,Ceramics 陶瓷,Master 碩士
22448,22446,692,1937,Electrical Engineering 電機,NA
22458,22457,5740,1924,Chemical Engineering 化工,NA
22473,22472,649,1930,unspecified,NA
22476,22475,7349,1917,Civil Engineering 土木,NA
22488,22487,120,NA,Chemical Engineering 化工,Doctor 博士
22495,22494,235,1914,Civil Engineering 土木,NA
22500,22499,998,1938,Chemical Engineering 化工,NA
22502,22501,3530,1927,Electrical Engineering 電機,NA
22509,22508,229,1933,Civil Engineering 土木,NA
22513,22512,1730,1920,Radio Engineering 無線電,NA
22515,22514,455,1930,Civil Engineering 土木,NA
22517,22516,1742,1938,Civil Engineering 土木,NA
22520,22519,235,1938,Electrical Engineering 電機,NA
22522,22521,675,1931,Civil Engineering 土木,NA
22524,22523,725,1936,Mining Engineering 礦冶,NA
22526,22525,498,1936,Chemical Engineering 化工,NA
22528,22527,349,1937,Mechanical Engineering 機械,NA
22530,22529,692,1931,Civil Engineering 土木,NA
22533,22532,349,1936,Mechanical Engineering 機械,NA
22536,22535,561,1923,Textile Engineering 紡織,NA
22541,22539,1499,1915,Civil Engineering 土木,NA
22543,22542,725,1931,Mechanical Engineering 機械,NA
22547,22546,3530,1926,Electrical Engineering 電機,NA
22548,22544,725,1926,Mechanical Engineering 機械,NA
22551,22549,855,1926,Chemical Engineering 化工,NA
22553,22550,675,1926,Civil Engineering 土木,NA
22555,22552,498,1933,Mechanical Engineering 機械,NA
22559,22558,675,1934,Civil Engineering 土木,NA
22561,22560,837,1934,Electrical Engineering 電機,NA
22570,22569,1499,1929,Civil Engineering 土木,NA
22573,22572,675,1930,Civil Engineering 土木,NA
22575,22574,279,1908,Civil Engineering 土木,NA
22577,22574,223,1910,Civil Engineering 土木,Master 碩士
22583,22581,692,1938,Mechanical Engineering 機械,NA
22590,22586,1310,1923,Textile Engineering 紡織,NA
22593,22592,1730,1914,Radio Engineering 無線電,NA
22596,22595,725,1926,Mining Engineering 礦冶,NA
22598,22597,7087,1936,Turbine 輪機,NA
22607,22606,22608,1916,Electrical Engineering 電機,NA
22631,22630,692,1937,Civil Engineering 土木,NA
22633,22632,2224,1936,Electrical Engineering 電機,NA
22635,22634,692,1936,Mechanical Engineering 機械,NA
22637,22636,70078,1937,Civil Engineering 土木,NA
22639,22638,426,1936,Civil Engineering 土木,NA
22641,22640,1730,1918,Telecommunications 電訊,NA
22643,22642,1730,1920,Telecommunications 電信,NA
22645,22644,229,1937,Civil Engineering 土木,NA
22647,22646,855,1937,Electrical Engineering 電機,NA
22649,22648,455,1931,Civil Engineering 土木,NA
22651,22650,1730,1918,Electrical Engineering 電機,NA
22653,22652,3073,1937,Mining Engineering 礦冶,NA
22655,22654,235,1930,Electrical Engineering 電機,NA
22660,22659,455,1930,Electrical Engineering 電機,NA
22665,22664,561,1917,Textile Engineering 紡織,NA
22666,22664,12138,1921,Textile Engineering 紡織,NA
22669,22668,725,1929,Mining Engineering 礦冶,NA
22675,22674,692,1929,Mechanical Engineering 機械,NA
22676,22674,7847,1937,Naval Architecture 造船,NA
22681,22680,235,1928,Mechanical Engineering 機械,NA
22692,22691,2224,1937,Surveying 測量,NA
22695,22694,692,1938,Civil Engineering 土木,NA
22697,22696,998,1931,Chemical Engineering 化工,NA
22699,22698,561,1919,Textile Engineering 紡織,NA
22703,22702,2224,1925,Civil Engineering 土木,NA
22705,22704,561,1936,Textile Engineering 紡織,NA
22709,22708,235,1938,Mechanical Engineering 機械,NA
22711,22710,1730,1917,Telecommunications 電信,NA
22713,22712,195,1925,Electrical Engineering 電機,Bachelor 學士
22714,22712,195,1926,Electrical Engineering 電機,Master 碩士
22715,22712,195,1928,Electrical Engineering 電機,Doctor 博士
22726,22725,235,1927,Mechanical Engineering 機械,NA
22727,22725,152,1931,Mechanical Engineering 機械,Master 碩士
22728,22725,152,1930,Mechanical Engineering 機械,Doctor 博士
22740,22739,195,1929,Chemical Engineering 化工,NA
22741,22739,195,1932,Chemical Engineering 化工,Master 碩士
22746,22745,1499,1921,Civil Engineering 土木,NA
22752,22751,675,1936,Civil Engineering 土木,NA
22756,22755,1269,1938,Civil Engineering 土木,NA
22757,22754,692,1934,Mechanical Engineering 機械,NA
22761,22760,692,1936,Civil Engineering 土木,NA
22763,22762,516,1939,Chemical Engineering 化工,NA
22765,22764,3073,1937,Mining Engineering 礦冶,NA
22770,22769,516,1937,Civil Engineering 土木,NA
22772,22771,22773,1939,Civil Engineering 土木,NA
22775,22774,516,1936,Civil Engineering 土木,NA
22777,22776,3530,1924,Electrical Engineering 電機,NA
22779,22778,3530,1925,Electrical Engineering 電機,NA
22781,22780,70078,1919,Civil Engineering 土木,NA
22783,22782,725,1934,Mining Engineering 礦冶,NA
22785,22784,675,1936,Civil Engineering 土木,NA
22787,22786,725,1922,Mechanical Engineering 機械,NA
22789,22788,725,1936,Civil Engineering 土木,NA
22791,22790,725,1922,Mining Engineering 礦冶,NA
22793,22792,725,1923,Mechanical Engineering 機械,NA
22795,22794,725,1935,Mining Engineering 礦冶,NA
22797,22796,725,1936,Civil Engineering 土木,NA
22799,22798,725,1932,Mining Engineering 礦冶,NA
22801,22800,725,1916,Civil Engineering 土木,Zhuanke 專科
22803,22802,70078,1916,Civil Engineering 土木,NA
22811,22810,516,1939,Mechanical Engineering 機械,NA
22813,22812,725,1929,Mechanical Engineering 機械,NA
22815,22814,516,1939,Civil Engineering 土木,NA
22817,22816,2224,1939,Electrical Engineering 電機,NA
22819,22818,455,1932,Civil Engineering 土木,NA
22825,22824,1730,NA,Telecommunications 電訊,NA
22829,22828,1499,NA,Civil Engineering 土木,NA
22831,22830,235,1933,Civil Engineering 土木,NA
22832,22830,152,NA,Civil Engineering 土木,Master 碩士
22834,22833,901,1934,Civil Engineering 土木,NA
22838,22837,555,1938,Mechanical Engineering 機械,NA
22840,22839,455,1930,Civil Engineering 土木,NA
22851,22849,498,1937,Chemical Engineering 化工,NA
22853,22852,561,1933,Textile Engineering 紡織,NA
22855,22854,2004,1939,Civil Engineering 土木,NA
22858,22857,195,1927,Civil Engineering 土木,Bachelor 學士
22865,22864,998,1938,Mechanical Engineering 機械,NA
22871,22870,675,1929,Civil Engineering 土木,NA
22876,22875,692,1937,Mining 採冶,NA
22886,22885,692,1938,Civil Engineering 土木,NA
22889,22887,821,1933,Electrical Engineering 電機,NA
22891,22890,675,1930,Civil Engineering 土木,NA
22895,22892,692,1934,Civil Engineering 土木,NA
22899,22897,855,1928,Chemical Engineering 化工,NA
22901,22900,561,1920,Textile Engineering 紡織,NA
22904,22903,2224,1920,Civil Engineering 土木,NA
22906,22905,235,1938,Mechanical Engineering 機械,NA
22908,22907,455,1939,Electrical Engineering 電機,NA
22910,22909,235,1929,Mechanical Engineering 機械,NA
22912,22911,4163,1932,Textile Engineering 紡織,NA
22916,22915,5740,1903,Chemical Engineering 化工,NA
22926,22925,1730,1919,Telecommunications 電訊,NA
22928,22927,692,1931,Mining Engineering 礦冶,NA
22932,22931,276,NA,Civil Engineering 土木,Master 碩士
22937,22936,561,1930,Textile Engineering 紡織,NA
22948,22947,2224,1919,Mechanical Engineering 機械,NA
22952,22951,235,1920,Civil Engineering 土木,NA
22961,22960,2224,1919,Civil Engineering 土木,NA
22965,22964,235,1923,Electrical Engineering 電機,NA
22967,22966,561,1922,Textile Engineering 紡織,NA
22969,22968,235,1920,Electrical Engineering 電機,NA
22976,22975,455,1937,Civil Engineering 土木,NA
22979,22978,1499,1938,Civil Engineering 土木,NA
22981,22980,171,1916,Electrical Engineering 電機,Master 碩士
22996,22995,692,1910,Civil Engineering 土木,NA
23005,23004,1907,1925,Electrical Engineering 電機,NA
23010,23009,235,1934,Civil Engineering 土木,NA
23012,23011,498,1934,Mechanical Engineering 機械,NA
23014,23013,561,1936,Textile Engineering 紡織,NA
23017,23015,1516,1936,Civil Engineering 土木,NA
23021,23020,1730,1919,Telecommunications 電信,NA
23024,23023,561,1933,Textile Engineering 紡織,NA
23027,23026,235,1938,Civil Engineering 土木,NA
23029,21721,152,1908,Mechanical Engineering 機械,NA
23031,21721,151,1910,Electrical Engineering 電機工程,Master 碩士
23034,23030,2483,1937,Civil Engineering 土木,NA
23041,23039,235,1938,Electrical Engineering 電機,NA
23053,21635,227,NA,Mechanical Engineering 機械,NA
23055,21618,227,1911,Civil Engineering 土木,NA
23060,23059,821,1938,Electrical Engineering 電機,NA
23062,23061,1369,NA,Mechanical Engineering 機械,NA
23066,21537,692,1923,Civil Engineering 土木,NA
23067,21537,152,1926,Civil Engineering 土木,Doctor 博士
23075,23074,426,1939,Civil Engineering 土木,NA
23078,23077,692,1929,Civil Engineering 土木,NA
23084,23083,235,1926,Electrical Engineering 電機,NA
23095,23094,2224,1935,Electrical Engineering 電機,NA
23097,23096,2224,1927,Mechanical Engineering 機械,NA
23104,23103,349,1936,Mechanical Engineering 機械,NA
23106,23105,1499,1933,Civil Engineering 土木,NA
23111,23109,649,1930,unspecified,NA
23113,23112,692,1938,Mining Engineering 礦冶,NA
23115,23114,692,1935,Civil Engineering 土木,NA
23118,23117,6140,NA,Civil Engineering 土木,NA
23124,23123,235,1930,Mechanical Engineering 機械,NA
23126,23125,649,1932,unspecified,NA
23129,23128,203,1922,Mining Engineering 礦冶,NA
23130,23128,276,1924,Geology 地質,Master 碩士
23139,23138,455,1938,Architecture 建築,NA
23141,23140,1310,NA,Chemical Engineering 化工,NA
23149,21673,692,1933,Civil Engineering 土木,NA
23151,21535,171,1918,Civil Engineering 土木,NA
23157,21643,23158,1914,Civil Engineering 土木,Doctor 博士
23161,21563,235,1915,Civil Engineering 土木,NA
23162,21563,151,1916,Civil Engineering 土木,NA
23178,21700,235,1916,Civil Engineering 土木,NA
23191,23190,235,1936,Civil Engineering 土木,NA
23193,23192,725,1926,Mining Engineering 礦冶,NA
23195,23194,2888,1939,Mining Engineering 礦冶,NA
23198,23197,725,1924,Mechanical Engineering 機械,NA
23200,21655,227,1910,Civil Engineering 土木,NA
23208,23207,455,1934,Agriculture,NA
23217,23212,725,1916,Civil Engineering 土木,NA
23219,23218,855,1925,Mechanical Engineering 機械,NA
23222,21706,1499,1915,Civil Engineering 土木,NA
23231,23226,692,1930,Mining Engineering 礦冶,NA
23238,23237,998,1930,Electrical Engineering 電機,NA
23242,23241,998,1939,Civil Engineering 土木,NA
23244,23243,998,1932,Civil Engineering 土木,NA
23249,23246,901,1937,Civil Engineering 土木,NA
23250,21709,692,1930,Civil Engineering 土木,NA
23253,23252,235,1928,Mechanical Engineering 機械,NA
23256,21661,692,1900,Mining Engineering 礦冶,NA
23257,21661,151,1903,Mining Engineering 礦冶,Master 碩士
23264,23262,1730,1916,Civil Engineering 土木,NA
23279,23278,5740,1912,Civil Engineering 土木,NA
23280,21503,152,1912,Mechanical Engineering 機械,NA
23286,23285,498,1938,Chemical Engineering 化工,NA
23289,23288,821,1931,Mechanical Engineering 機械,NA
23294,23292,1499,1934,Civil Engineering 土木,NA
23299,23297,235,1939,Electrical Engineering 電機,NA
23301,23300,498,1933,Mechanical Engineering 機械,NA
23307,23306,561,1919,Textile Engineering 紡織,NA
23309,23308,235,1937,Mechanical Engineering 機械,NA
23310,21519,1499,1917,Civil Engineering 土木,NA
23311,21519,195,1919,Civil Engineering 土木,Bachelor 學士
23314,23312,649,1932,unspecified,NA
23317,23316,649,1934,unspecified,NA
23318,21717,1499,1911,Civil Engineering 土木,NA
23322,23321,855,1925,Mechanical Engineering 機械,NA
23324,23323,349,1937,Telecommunications 電信,Zhuanke 專科
23325,21624,227,NA,Mechanical Engineering 機械,NA
23328,23327,516,1936,Civil Engineering 土木,NA
23330,21599,152,1919,Mechanical Engineering 機械,NA
23331,23329,498,1934,Mechanical Engineering 機械,NA
23335,23332,1310,1918,Chemical Engineering 化工,NA
23347,21669,692,1933,Civil Engineering 土木,NA
23351,23350,2004,1937,Mechanical Engineering 機械,NA
23352,21671,2033,1900,Civil Engineering 土木,NA
23355,23354,498,1931,Mechanical Engineering 機械,NA
23358,23357,13468,1919,Mechanical Engineering 機械,NA
23359,23357,195,1921,Mechanical Engineering 機械,Bachelor 學士
23371,23370,821,1934,Mechanical Engineering 機械,NA
23374,23372,235,1923,Mechanical Engineering 機械,NA
23385,23382,2224,1934,Electrical Engineering 電機,NA
23387,23386,692,1938,Civil Engineering 土木,NA
23390,23388,115,1924,Civil Engineering 土木,NA
23404,23402,354,1939,Civil Engineering 土木,NA
23406,23405,692,1930,Civil Engineering 土木,NA
23408,23407,1730,1923,Telecommunications 電信,NA
23420,23419,2121,NA,Chemical Engineering 化工,NA
23423,23422,23424,1931,Mechanical Engineering 機械,NA
23436,23435,498,1935,Electrical Engineering 電機,NA
23438,23437,1310,1925,Textile Engineering 紡織,NA
23442,23441,455,1937,Electrical Engineering 電機,NA
23447,23445,197,NA,Mining Engineering 礦冶,NA
23448,23445,139,1921,Mining Engineering 礦冶,NA
23458,23457,1730,1916,Civil Engineering 土木,NA
23460,23459,1730,1916,Civil Engineering 土木,NA
23463,23462,1499,1935,Civil Engineering 土木,NA
23467,23466,235,1931,Civil Engineering 土木,NA
23472,23471,561,1918,Textile Engineering 紡織,NA
23474,23473,9076,1913,Electrical Engineering 電機,NA
23475,23473,171,1914,Electrical Engineering 電機,Master 碩士
23488,23487,2033,1900,Civil Engineering 土木,NA
23491,23489,235,1922,Electrical Engineering 電機,NA
23506,23505,725,1926,Mining Engineering 礦冶,NA
23509,23507,675,1937,Civil Engineering 土木,NA
23511,23510,561,1932,Textile Engineering 紡織,NA
23513,23512,235,1926,Electrical Engineering 電機,NA
23514,23512,152,NA,Electrical Engineering 電機,Master 碩士
23527,23526,498,1936,Mechanical Engineering 機械,NA
23532,23530,3073,1937,Civil Engineering 土木,NA
23533,23531,725,1936,Mechanical Engineering 機械,NA
23536,23535,451,1936,Civil Engineering 土木,NA
23537,23534,2740,1926,Mining Engineering 礦冶,NA
23539,23538,855,1924,Mechanical Engineering 機械,NA
23541,23540,2004,1939,Mechanical Engineering 機械,NA
23545,23544,725,1925,Mining Engineering 礦冶,NA
23549,23546,498,1935,Electrical Engineering 電機,NA
23550,23548,725,1916,Civil Engineering 土木,Zhuanke 專科
23553,23552,692,1934,Civil Engineering 土木,NA
23557,23556,675,1932,Civil Engineering 土木,NA
23561,23560,190,NA,Mining Engineering 礦冶,Doctor 博士
23566,23565,876,1939,Electrical Engineering 電機,NA
23568,23567,725,1911,Civil Engineering 土木,NA
23570,23569,675,1937,Civil Engineering 土木,NA
23572,23571,498,1934,Mechanical Engineering 機械,NA
23574,23573,1369,1924,Chemical Engineering 化工,NA
23581,23580,1499,1931,Civil Engineering 土木,NA
23585,23584,70078,1913,Mining Engineering 礦冶,NA
23588,23586,692,1926,Mining Engineering 礦冶,NA
23590,23586,23591,1932,unspecified,Research 研究
23605,23604,692,1937,Civil Engineering 土木,NA
23607,23606,555,1939,Civil Engineering 土木,NA
23610,23608,455,1930,Chemical Engineering 化工,NA
23615,23614,1730,1918,Telecommunications 電訊,NA
23617,23616,692,1932,Civil Engineering 土木,NA
23623,23620,821,1931,Mechanical Engineering 機械,NA
23626,23625,3073,1936,Mining Engineering 礦冶,NA
23630,23629,855,1932,Mechanical Engineering 機械,NA
23633,23631,229,1933,Civil Engineering 土木,NA
23638,23637,555,1938,Electrical Engineering 電機,NA
23640,23639,1499,1927,Civil Engineering 土木,NA
23645,23644,692,1938,Mining Engineering 礦冶,NA
23655,23654,498,1931,Mechanical Engineering 機械,NA
23658,23656,561,1929,Textile Engineering 紡織,NA
23660,23659,692,1915,Civil Engineering 土木,NA
23662,23661,235,1914,Civil Engineering 土木,NA
23665,23664,455,1938,Chemical Engineering 化工,NA
23668,23667,3530,1924,Electrical Engineering 電機,NA
23682,23681,70078,1923,Mining Engineering 礦冶,NA
23683,23681,179,1932,unspecified,Master 碩士
23698,23697,455,1934,Architecture 建築,NA
23701,23700,354,1934,Civil Engineering 土木,NA
23704,23702,725,1926,Mechanical Engineering 機械,NA
23706,23705,520,1935,Mining Engineering 礦冶,NA
23711,23710,23712,NA,Civil Engineering 土木,NA
23740,23739,561,1917,Textile Engineering 紡織,NA
23743,23741,7847,1915,Mechanical Engineering 機械,NA
23744,23741,195,1916,Aeronautical Engineering 航空機械,Master 碩士
23759,23757,855,1937,Electrical Engineering 電機,NA
23761,23760,725,1926,Mechanical Engineering 機械,NA
23763,23762,1730,1921,Radio Engineering 無線電,NA
23765,23764,1499,1936,Civil Engineering 土木,NA
23767,23766,855,1927,Mechanical Engineering 機械,NA
23769,23768,3350,NA,Mining Engineering 礦冶,NA
23774,23773,70078,1917,Mining Engineering 礦冶,NA
23796,23795,692,1929,Mining Engineering 礦冶,NA
23802,23801,235,1925,Electrical Engineering 電機,NA
23820,23819,216,1918,unspecified,NA
23826,23825,876,1934,Civil Engineering 土木,NA
23828,23827,2328,1930,Mechanical Engineering 機械,NA
23837,23835,692,1933,Civil Engineering 土木,NA
23840,23839,725,1935,Mining Engineering 礦冶,NA
23843,23842,561,1924,Textile Engineering 紡織,NA
23845,23844,725,1910,Mining Engineering 礦冶,NA
23846,23844,190,NA,Mining Engineering 礦冶,NA
23849,23848,235,1939,Electrical Engineering 電機,NA
23851,23850,195,1920,Mechanical Engineering 機械,Bachelor 學士
23852,23850,152,NA,Mechanical Engineering 機械,NA
23865,23864,235,1938,Mechanical Engineering 機械,NA
23869,23866,998,1932,Chemical Engineering 化工,NA
23878,23877,70078,1917,Mining Engineering 礦冶,NA
23891,23888,455,1933,Civil Engineering 土木,NA
23895,23894,649,1930,Hydraulic Engineering 水利,NA
23897,23896,675,1930,Civil Engineering 土木,NA
23899,23898,692,1936,Civil Engineering 土木,NA
23901,23900,235,1923,Electrical Engineering 電機,NA
23905,23904,3530,1927,Electrical Engineering 電機,NA
23917,21618,234,NA,unspecified,NA
23918,21618,23919,1901,unspecified,NA
23920,21618,251,NA,unspecified,NA
23925,21618,152,1909,Civil Engineering 土木,NA
23959,23958,78002,1907,Mechanical Engineering 機械,NA
23968,23967,855,1926,Chemical Engineering 化工,NA
23970,23969,1499,1935,Civil Engineering 土木,NA
23974,23972,692,1933,Mining Engineering 礦冶,NA
23978,23977,354,1935,Civil Engineering 土木,NA
23986,23985,167,1911,Electrical Engineering 電機,NA
23991,23990,561,1917,Textile Engineering 紡織,NA
23993,23992,855,1923,Chemical Engineering 化工,NA
23996,23994,1499,1937,Civil Engineering 土木,NA
23998,23997,1307,1920,Civil Engineering 土木,NA
24000,23999,692,1936,Civil Engineering 土木,NA
24002,24001,498,1929,Electrical Engineering 電機,NA
24004,24003,235,1929,Electrical Engineering 電機,NA
24006,24005,649,1934,unspecified,NA
24010,24009,235,1935,Civil Engineering 土木,NA
24013,24012,455,1930,Mechanical Engineering 機械,NA
24015,24014,1730,1920,Telecommunications 電訊,NA
24018,24016,529,1934,Civil Engineering 土木,NA
24021,24020,455,1935,Mechanical Engineering 機械,NA
24025,24024,692,1936,Civil Engineering 土木,NA
24028,24027,498,1934,Textile Engineering 紡織,NA
24037,24036,1269,1936,Mechanical Engineering 機械,NA
24039,24038,1499,1922,Civil Engineering 土木,NA
24040,24038,152,1925,Civil Engineering 土木,Master 碩士
24049,24045,1499,1926,Civil Engineering 土木,NA
24059,24055,725,1911,Mining Engineering 礦冶,NA
24061,24060,821,1934,Civil Engineering 土木,NA
24063,24062,876,1939,Civil Engineering 土木,NA
24068,24065,229,1937,Civil Engineering 土木,NA
24073,24069,692,1935,Mechanical Engineering 機械,NA
24076,24074,1730,1921,Telecommunications 電信,NA
24080,24077,1499,1938,Civil Engineering 土木,NA
24082,24081,821,1932,Mining Engineering 礦冶,NA
24087,24086,1499,1925,Civil Engineering 土木,NA
24091,24088,649,1932,unspecified,NA
24096,24095,235,1921,Electrical Engineering 電機,NA
24097,24094,692,1927,Civil Engineering 土木,NA
24098,24095,276,1925,Electrical Engineering 電機,Master 碩士
24109,24107,1730,1920,Telecommunications 電訊,NA
24116,24112,821,1937,Civil Engineering 土木,NA
24117,24115,235,1923,Electrical Engineering 電機,NA
24120,24119,2840,NA,Civil Engineering 土木,NA
24122,24118,998,1939,Electrical Engineering 電機,NA
24125,24124,520,1939,Chemical Engineering 化工,NA
24131,24127,16161,NA,Civil Engineering 土木,NA
24132,24128,692,1933,Civil Engineering 土木,NA
24137,24135,675,1936,Civil Engineering 土木,NA
24139,24136,235,1933,Civil Engineering 土木,NA
24149,24146,561,1923,Textile Engineering 紡織,NA
24155,24154,649,1937,unspecified,NA
24156,24153,561,1930,Textile Engineering 紡織,NA
24162,24159,855,1930,Chemical Engineering 化工,NA
24163,24160,675,1934,Civil Engineering 土木,NA
24170,24169,498,1937,Mechanical Engineering 機械,NA
24173,24172,120,1932,Telecommunications 電信,NA
24176,24175,70078,1923,Mining Engineering 礦冶,NA
24181,24180,855,1926,Mechanical Engineering 機械,NA
24184,24182,692,1938,Civil Engineering 土木,NA
24191,24151,821,1935,Civil Engineering 土木,NA
24192,24190,725,1931,Mechanical Engineering 機械,NA
24195,24193,2740,1928,Mining Engineering 礦冶,NA
24198,24196,855,1927,Chemical Engineering 化工,NA
24204,24201,70078,1921,Civil Engineering 土木,NA
24209,24206,821,1932,Textile Engineering 紡織,NA
24210,24208,279,1926,Civil Engineering 土木,NA
24211,24208,279,1927,Civil Engineering 土木,Master 碩士
24212,24197,649,1930,unspecified,NA
24222,24219,725,1928,Electrical Engineering 電機,NA
24234,24233,692,1936,Civil Engineering 土木,NA
24236,24229,821,1931,Mechanical Engineering 機械,NA
24239,24237,455,1939,Civil Engineering 土木,NA
24243,24242,692,1937,Civil Engineering 土木,NA
24245,24241,150,1922,Mining Engineering 礦冶,NA
24247,24244,426,1935,Civil Engineering 土木,NA
24251,24249,227,1926,Mechanical Engineering 機械,NA
24260,24259,692,NA,Mining Engineering 礦冶,NA
24263,24261,2840,1930,Civil Engineering 土木,NA
24264,24262,998,1938,Mechanical Engineering 機械,NA
24266,24265,998,1935,Civil Engineering 土木,NA
24269,24267,235,1931,Civil Engineering 土木,NA
24274,24273,692,1936,Mining Engineering 礦冶,NA
24279,24278,561,1919,Textile Engineering 紡織,NA
24280,24275,24281,NA,Chemical Engineering 化工,NA
24296,24295,229,1937,Mechanical Engineering 機械,NA
24298,24297,426,1937,unspecified,Zhuanke 專科
24300,24299,725,1918,Mechanical Engineering 機械,NA
24303,24301,229,1937,Mechanical Engineering 機械,NA
24312,24311,426,1937,Engineering (general/undefined) 工科/工程師,NA
24314,24313,229,1936,Mechanical Engineering 機械,NA
24318,24317,725,1932,Mining Engineering 礦冶,NA
24320,24319,2224,1931,Electrical Engineering 電機,NA
24322,24321,649,1930,unspecified,NA
24325,24324,2888,1939,Civil Engineering 土木,NA
24327,24326,2328,1934,Chemical Engineering 化工,NA
24331,24330,235,1934,Civil Engineering 土木,NA
24334,24333,675,1939,unspecified,NA
24336,24335,692,1930,Mechanical Engineering 機械,NA
24337,24335,6140,NA,Mechanical Engineering 機械,NA
24346,24345,692,1933,Civil Engineering 土木,NA
24349,24348,1307,1920,Civil Engineering 土木,NA
24351,24350,529,1933,Civil Engineering 土木,NA
24355,24354,2840,NA,Electrical Engineering 電機,NA
24360,24359,235,1914,Electrical Engineering 電機,NA
24361,24359,9076,1917,Electrical Engineering 電機,Master 碩士
24380,24379,152,NA,Civil Engineering 土木,NA
24381,24379,232,NA,unspecified,Doctor 博士
24386,24385,649,1930,unspecified,NA
24389,24388,1730,1917,Telecommunications 電信,NA
24391,24390,1730,1918,Telecommunications 電信,NA
24393,24392,675,1932,Civil Engineering 土木,NA
24396,24395,498,1936,Mechanical Engineering 機械,NA
24398,24397,855,1926,Chemical Engineering 化工,NA
24400,24399,354,1935,Civil Engineering 土木,NA
24409,24408,229,1936,Civil Engineering 土木,NA
24412,24411,2888,1939,Civil Engineering 土木,NA
24414,24413,235,1938,Electrical Engineering 電機,NA
24416,24415,855,1930,Mechanical Engineering 機械,NA
24419,24417,70078,1919,Chemistry 化學,NA
24420,24417,14405,1922,Chemical Engineering 化工,NA
24421,24417,2121,1925,Electrical Engineering 電機,NA
24431,24429,725,1931,Mechanical Engineering 機械,NA
24434,24433,725,1931,Mining Engineering 礦冶,NA
24436,24435,692,1931,Civil Engineering 土木,NA
24438,24437,516,1936,Civil Engineering 土木,NA
24440,24439,998,1934,Chemical Engineering 化工,NA
24442,24441,998,1934,Civil Engineering 土木,NA
24444,24443,649,1935,unspecified,NA
24449,24447,426,1937,Civil Engineering 土木,NA
24453,24452,821,1934,Mechanical Engineering 機械,NA
24457,24456,692,1933,Civil Engineering 土木,NA
24460,24459,649,1932,unspecified,NA
24466,24464,692,1938,Civil Engineering 土木,NA
24468,24467,561,1932,Textile Engineering 紡織,NA
24472,24471,692,1932,Civil Engineering 土木,NA
24476,24475,235,1923,Mechanical Engineering 機械,NA
24477,24475,227,1924,Mechanical Engineering 機械,NA
24478,24475,227,1926,Mechanical Engineering 機械,Master 碩士
24487,24486,455,1934,Electrical Engineering 電機,NA
24490,24489,561,1932,Textile Engineering 紡織,NA
24492,24491,516,1937,Civil Engineering 土木,NA
24494,24493,821,1935,Mechanical Engineering 機械,NA
24496,24495,561,1937,Textile Engineering 紡織,NA
24498,24497,235,1926,Electrical Engineering 電機,NA
24502,24501,675,1929,Civil Engineering 土木,NA
24504,24503,2224,1938,Surveying 測量,NA
24506,24505,998,1934,Chemical Engineering 化工,NA
24510,24509,2328,1935,Electrical Engineering 電機,NA
24514,24513,2224,1916,Mechanical Engineering 機械,NA
24516,24515,3530,1925,Electrical Engineering 電機,NA
24520,24519,998,1932,Civil Engineering 土木,NA
24522,24521,7349,1936,Civil Engineering 土木,NA
24527,24526,1499,1918,Civil Engineering 土木,NA
24529,24528,7419,1924,Civil Engineering 土木,NA
24547,24546,516,1939,Mechanical Engineering 機械,NA
24549,24548,561,1924,Textile Engineering 紡織,NA
24561,24559,555,1938,Mechanical Engineering 機械,NA
24563,24562,24564,1935,War Machinery 造兵,NA
24565,24562,120,NA,Mechanical Engineering 機械,NA
24568,24567,649,1930,unspecified,NA
24581,24580,2328,1934,Electrical Engineering 電機,NA
24584,24583,561,1920,Textile Engineering 紡織,NA
24585,24583,5094,1928,Textile Engineering 紡織,NA
24591,24589,692,1936,Civil Engineering 土木,NA
24593,24592,1499,1936,Civil Engineering 土木,NA
24595,24594,821,1930,Civil Engineering 土木,NA
24597,24596,1499,1911,Civil Engineering 土木,NA
24603,24602,451,1935,Civil Engineering 土木,NA
24605,24604,2888,1939,Civil Engineering 土木,NA
24610,24609,1499,1927,Civil Engineering 土木,NA
24615,24614,994,1939,Civil Engineering 土木,NA
24617,24616,179,1917,Civil Engineering 土木,NA
24633,24632,725,1922,Mining Engineering 礦冶,NA
24636,24635,2876,1935,Mining Engineering 礦冶,NA
24640,24639,24641,1920,Chemistry 化學,NA
24642,24639,24643,NA,Chemical Engineering 化工,NA
24651,24650,520,1937,Civil Engineering 土木,NA
24653,24652,692,1923,Mining Engineering 礦冶,NA
24659,24657,692,1934,Civil Engineering 土木,NA
24673,24672,692,1925,Mining Engineering 礦冶,NA
24682,24680,455,1935,Civil Engineering 土木,NA
24683,24681,555,1939,Mechanical Engineering 機械,NA
24687,24685,2004,1939,Mechanical Engineering 機械,NA
24688,24686,1730,1920,Telecommunications 電信,NA
24694,24691,1499,1925,Civil Engineering 土木,NA
24701,24700,24703,1927,Civil Engineering 土木,NA
24708,24707,855,1923,Mechanical Engineering 機械,NA
24710,24709,675,1929,Civil Engineering 土木,NA
24717,24716,9076,1924,Chemical Engineering 化工,NA
24718,24716,9076,1925,Chemical Engineering 化工,Master 碩士
24728,24727,692,1935,Civil Engineering 土木,NA
24730,24729,1730,1919,Telecommunications 電訊,NA
24734,24733,998,1933,Civil Engineering 土木,NA
24744,24743,855,1929,Mechanical Engineering 機械,NA
24759,24758,692,1937,Mining Engineering 礦冶,NA
24761,24760,725,1916,Civil Engineering 土木,NA
24764,24762,692,1936,Mining Engineering 礦冶,NA
24768,24767,1499,1931,Civil Engineering 土木,NA
24774,24772,455,1937,Mechanical Engineering 機械,NA
24778,24777,498,1934,Mechanical Engineering 機械,NA
24780,24779,837,1926,Mining Engineering 礦冶,NA
24784,24783,998,1931,Civil Engineering 土木,NA
24786,24785,725,1927,Civil Engineering 土木,NA
24788,24787,649,1939,Hydraulic Engineering 水利,NA
24790,24789,855,1927,Mechanical Engineering 機械,NA
24793,24792,227,1915,Electrical Engineering 電機,NA
24801,24800,821,1932,Architecture 建築,NA
24803,24802,2888,1939,Civil Engineering 土木,NA
24809,24808,426,1931,Civil Engineering 土木,NA
24811,24810,1730,1923,Telecommunications 電訊,Zhuanke 專科
24814,24813,354,1934,Civil Engineering 土木,NA
24816,24815,821,1932,Textile Engineering 紡織,NA
24818,24817,235,1931,Civil Engineering 土木,NA
24821,24820,235,1930,Electrical Engineering 電機,NA
24827,24826,9439,1937,Radio Engineering 無線電,Zhuanke 專科
24829,24828,235,1927,Electrical Engineering 電機,NA
24839,24838,70078,1917,Civil Engineering 土木,NA
24841,24840,24842,NA,Civil Engineering 土木,NA
24849,24848,520,1939,Civil Engineering 土木,NA
24851,24850,1310,1912,Chemical Engineering 化工,NA
24855,24854,561,1926,Textile Engineering 紡織,NA
24859,24858,998,1928,Electrical Engineering 電機,NA
24861,24860,1730,1923,Telecommunications 電信,NA
24870,24869,725,1922,Mining Engineering 礦冶,NA
24872,24871,725,1928,Civil Engineering 土木,NA
24874,24873,725,1933,Mining Engineering 礦冶,NA
24876,24875,229,1937,Mechanical Engineering 機械,NA
24878,24877,675,1933,Civil Engineering 土木,NA
24881,24879,2224,1938,Civil Engineering 土木,NA
24883,24882,70078,1921,Civil Engineering 土木,NA
24900,24899,2328,1931,Mechanical Engineering 機械,NA
24906,24905,235,1925,Mechanical Engineering 機械,NA
24914,24913,675,1937,Civil Engineering 土木,NA
24917,24916,692,1910,Mining Engineering 礦冶,NA
24918,24916,151,1912,Mining Engineering 礦冶,Master 碩士
24930,24929,529,1935,Civil Engineering 土木,NA
24932,24931,821,1935,Mechanical Engineering 機械,NA
24934,24933,1730,1915,Electrical Engineering 電機,NA
24936,24935,498,1933,Electrical Engineering 電機,NA
24938,24937,725,1920,Civil Engineering 土木,NA
24940,24939,529,1935,Civil Engineering 土木,NA
24943,24942,555,1938,Mechanical Engineering 機械,NA
24945,24944,649,1935,unspecified,NA
24948,24947,725,1933,Mining Engineering 礦冶,NA
24950,24949,692,1937,Civil Engineering 土木,NA
24952,24951,855,1932,Chemical Engineering 化工,NA
24957,24953,516,1936,Civil Engineering 土木,NA
24959,24958,855,1937,Mechanical Engineering 機械,NA
24961,24960,692,1912,Mining Engineering 礦冶,NA
24983,24982,1310,1920,Mechanical Engineering 機械,NA
24993,24992,2740,1926,Mining Engineering 礦冶,NA
24999,24998,1499,1937,Civil Engineering 土木,NA
25006,25005,876,NA,Civil Engineering 土木,NA
25008,25007,455,1937,Civil Engineering 土木,NA
25012,25011,821,1932,Civil Engineering 土木,NA
25014,25013,7419,NA,Electrical Engineering 電機,NA
25018,25017,9439,NA,Radio Engineering 無線電,Zhuanke 專科
25020,25019,455,1932,Electrical Engineering 電機,NA
25023,25022,725,1925,Mining Engineering 礦冶,NA
25033,25032,649,1930,unspecified,NA
25035,25034,235,1939,Mechanical Engineering 機械,NA
25037,25036,998,1934,Electrical Engineering 電機,NA
25041,25039,725,1926,Mining Engineering 礦冶,NA
25043,25042,1499,1912,Civil Engineering 土木,NA
25045,25044,725,1918,Mechanical Engineering 機械,NA
25048,25047,725,1927,Civil Engineering 土木,NA
25053,25052,1516,1936,Mechanical Engineering 機械,NA
25056,25055,855,1924,Chemical Engineering 化工,NA
25062,25061,1499,1939,Civil Engineering 土木,NA
25064,25063,2224,1923,Civil Engineering 土木,NA
25073,25072,2224,1921,Civil Engineering 土木,NA
25079,25078,2224,1923,Civil Engineering 土木,NA
25082,25080,2224,1929,Electrical Engineering 電機,NA
25084,25080,13974,NA,unspecified,NA
25088,25087,115,1933,Electrical Engineering 電機,NA
25090,25089,520,1939,Chemical Engineering 化工,NA
25093,25091,224,1918,Metallurgy 冶金,NA
25094,25091,151,1920,unspecified,Master 碩士
25104,25103,498,1934,Electrical Engineering 電機,NA
25107,25105,229,1936,Mechanical Engineering 機械,NA
25113,25112,821,1929,Electrical Engineering 電機,NA
25115,25114,725,1916,Civil Engineering 土木,Zhuanke 專科
25117,25116,692,1933,Mechanical Engineering 機械,NA
25120,25118,3073,1932,Mining Engineering 礦冶,NA
25122,25121,855,1923,Chemical Engineering 化工,NA
25127,25125,675,1935,Civil Engineering 土木,NA
25129,25128,725,1929,Mechanical Engineering 機械,NA
25131,25130,235,1917,Civil Engineering 土木,NA
25140,25139,229,1934,Civil Engineering 土木,NA
25147,25146,725,1933,Civil Engineering 土木,NA
25150,25148,1310,1930,Mechanical Engineering 機械,NA
25157,25156,692,1921,Civil Engineering 土木,NA
25165,25164,725,1936,Civil Engineering 土木,NA
25167,25166,692,1917,Mining Engineering 礦冶,NA
25171,25170,692,1929,Electrical Engineering 電機,NA
25176,25175,20270,1925,Electrical Engineering 電機,NA
25192,25191,855,1925,Mechanical Engineering 機械,NA
25194,25193,235,1933,Civil Engineering 土木,NA
25207,25206,115,1938,Civil Engineering 土木,NA
25209,25208,561,1936,Textile Engineering 紡織,NA
25211,25210,692,1930,Civil Engineering 土木,NA
25215,25214,235,1927,Mechanical Engineering 機械,NA
25226,25225,876,1934,Civil Engineering 土木,NA
25228,25227,235,1920,Civil Engineering 土木,NA
25231,25230,235,1914,Civil Engineering 土木,NA
25233,25232,188,1913,Mining Engineering 礦冶,Master 碩士
25252,25250,235,1917,Civil Engineering 土木,NA
25262,25261,152,1909,Civil Engineering 土木,NA
25280,25279,725,1925,Mining Engineering 礦冶,NA
25286,25285,561,1935,Textile Engineering 紡織,NA
25298,25297,498,1936,Mechanical Engineering 機械,NA
25300,25299,498,1936,Chemical Engineering 化工,NA
25302,25301,1499,1922,Civil Engineering 土木,NA
25303,25301,152,1923,Civil Engineering 土木,Master 碩士
25307,25306,498,1934,Electrical Engineering 電機,NA
25311,25310,561,1923,Textile Engineering 紡織,NA
25314,25312,235,1929,Mechanical Engineering 機械,NA
25327,25326,235,1920,Civil Engineering 土木,NA
25328,25326,152,1922,Civil Engineering 土木,Master 碩士
25337,25336,2224,1930,Electrical Engineering 電機,NA
25342,25341,235,1912,Electrical Engineering 電機,NA
25354,25353,235,1930,Electrical Engineering 電機,NA
25364,25363,675,1926,Civil Engineering 土木,NA
25365,25363,198,NA,Civil Engineering 土木,Master 碩士
25377,25376,901,1937,Civil Engineering 土木,NA
25381,25380,229,1937,Electrical Engineering 電機,NA
25383,25382,7349,1930,Civil Engineering 土木,NA
25387,25386,1499,1935,Civil Engineering 土木,NA
25392,25391,561,1922,Textile Engineering 紡織,NA
25398,25397,498,1934,Mechanical Engineering 機械,NA
25400,25399,675,1933,Civil Engineering 土木,NA
25402,25401,529,1938,Mining Engineering 礦冶,NA
25404,25403,2328,1937,Electrical Engineering 電機,NA
25406,25405,561,1924,Textile Engineering 紡織,NA
25409,25408,235,1931,Electrical Engineering 電機,NA
25415,25414,235,1939,Electrical Engineering 電機,NA
25417,25416,235,1931,Civil Engineering 土木,NA
25420,25419,7087,1935,Turbine 輪機,NA
25422,25421,725,1924,Mining Engineering 礦冶,NA
25424,25423,3073,1937,Mining Engineering 礦冶,NA
25430,25428,3073,1932,Mining Engineering 礦冶,NA
25433,25432,1730,1915,Radio Engineering 無線電,NA
25436,25434,198,1912,Chemical Engineering 化工,NA
25440,25438,235,1914,unspecified,NA
25446,25444,1742,1938,Civil Engineering 土木,NA
25454,25448,235,1935,Mechanical Engineering 機械,NA
25455,25453,675,1930,Civil Engineering 土木,NA
25463,25460,426,1937,Civil Engineering 土木,NA
25465,25464,235,1930,Mechanical Engineering 機械,NA
25467,25466,227,1932,Chemical Engineering 化工,Master 碩士
25472,25471,25473,1907,Civil Engineering 土木,NA
25476,25475,227,1924,Electrical Engineering 電機,NA
25486,25485,561,1922,Textile Engineering 紡織,NA
25487,25485,1483,1926,Textile Engineering 紡織,NA
25491,25490,725,1918,Mining Engineering 礦冶,NA
25493,25492,692,1937,Civil Engineering 土木,NA
25496,25495,725,1927,Mining Engineering 礦冶,NA
25498,25497,692,1938,Civil Engineering 土木,NA
25500,25499,855,1937,Electrical Engineering 電機,NA
25502,25501,229,1937,Civil Engineering 土木,NA
25504,25503,692,1935,Mining Engineering 礦冶,NA
25507,25506,821,1933,Civil Engineering 土木,NA
25509,25508,1730,1920,Telecommunications 電信,NA
25511,25510,120,1929,Mechanical Engineering 機械,NA
25528,25527,12138,NA,Textile Engineering 紡織,NA
25532,25531,142,NA,Mechanical Engineering 機械,NA
25533,25531,2685,1926,Mechanical Engineering 機械,NA
25546,25545,529,1939,Mining Engineering 礦冶,NA
25549,25547,692,1932,Civil Engineering 土木,NA
25552,25550,821,1937,Civil Engineering 土木,NA
25554,25553,821,1933,Civil Engineering 土木,NA
25556,25555,998,1928,Chemical Engineering 化工,NA
25558,25557,70078,1916,Civil Engineering 土木,NA
25560,25559,725,1933,Civil Engineering 土木,NA
25562,25561,498,1929,Textile Engineering 紡織,NA
25564,25563,725,1936,Mining Engineering 礦冶,NA
25568,25567,70078,1929,Civil Engineering 土木,NA
25570,25569,455,1935,Architecture 建築,NA
25574,25573,235,1935,Civil Engineering 土木,NA
25577,25576,855,1932,Chemical Engineering 化工,NA
25579,25578,692,1933,Civil Engineering 土木,NA
25582,25581,235,1934,Mechanical Engineering 機械,NA
25585,25584,855,1936,Mechanical Engineering 機械,NA
25589,25586,725,1922,Mining Engineering 礦冶,NA
25595,25594,725,1925,Mining Engineering 礦冶,NA
25598,25596,561,1924,Textile Engineering 紡織,NA
25600,25599,1730,1912,Telecommunications 郵電,NA
25605,25601,1499,1928,Civil Engineering 土木,NA
25608,25607,821,1934,Civil Engineering 土木,NA
25609,25606,235,1932,Civil Engineering 土木,NA
25613,25610,725,1930,Mining Engineering 礦冶,NA
25621,25615,498,1933,Electrical Engineering 電機,NA
25622,25620,725,1924,Mechanical Engineering 機械,NA
25626,25623,235,1928,Mechanical Engineering 機械,NA
25627,25624,725,1928,Electrical Engineering 電機,NA
25631,25629,675,1935,Civil Engineering 土木,NA
25641,25640,821,1929,Civil Engineering 土木,NA
25642,25640,227,NA,Civil Engineering 土木,Master 碩士
25646,25645,70078,1919,Civil Engineering 土木,NA
25648,25644,1742,1937,Civil Engineering 土木,NA
25649,25647,725,1931,Mining Engineering 礦冶,NA
25652,25650,25654,NA,Chemical Engineering 化工,NA
25653,25651,2328,1937,Civil Engineering 土木,NA
25656,25655,235,1921,Electrical Engineering 電機,NA
25668,25667,529,1937,Civil Engineering 土木,NA
25674,25673,1499,1923,Civil Engineering 土木,NA
25676,25675,498,1930,Chemical Engineering 化工,NA
25680,25679,725,1925,Mining Engineering 礦冶,NA
25684,25683,235,1918,Civil Engineering 土木,NA
25685,25683,171,1921,Civil Engineering 土木,Master 碩士
25697,25696,649,1937,unspecified,NA
25699,25698,167,1924,Naval Architecture 造船,NA
25706,25704,855,1928,Mechanical Engineering 機械,NA
25708,25707,1730,1912,Telecommunications 郵電,NA
25709,25707,1730,1918,Telecommunications 電訊,NA
25717,25716,725,1917,Mechanical Engineering 機械,Zhuanke 專科
25719,25718,235,1929,Electrical Engineering 電機,NA
25720,25718,195,1930,Electrical Engineering 電機,Research 研究
25721,25718,171,NA,Electrical Engineering 電機,Research 研究
25728,25727,2224,NA,Mechanical Engineering 機械,NA
25729,25727,12688,1923,Mechanical Engineering 機械,NA
25730,25727,12688,1927,Military Engineering 兵工機械,NA
25747,25746,498,1936,Chemical Engineering 化工,NA
25750,25749,1730,1917,Telecommunications 電信,NA
25752,25751,561,1920,Textile Engineering 紡織,NA
25756,25755,235,1911,Electrical Engineering 電機,NA
25760,25759,4776,1924,Mechanical Engineering 機械,NA
25763,25761,1730,1916,Electrical Engineering 電機,NA
25765,25764,1499,1936,Civil Engineering 土木,NA
25767,25766,235,1930,Civil Engineering 土木,NA
25770,25769,561,1920,Textile Engineering 紡織,NA
25772,25771,561,1922,Textile Engineering 紡織,NA
25777,25776,235,1939,Mechanical Engineering 機械,NA
25779,25778,1307,1924,Civil Engineering 土木,NA
25781,25780,451,1925,Civil Engineering 土木,NA
25784,25782,235,1932,Civil Engineering 土木,NA
25789,25787,1269,1936,Mechanical Engineering 機械,NA
25791,25790,998,1935,Electrical Engineering 電機,NA
25794,25793,1499,1931,Civil Engineering 土木,NA
25802,25801,455,1935,Architecture 建築,NA
25806,25805,2224,1939,Civil Engineering 土木,NA
25808,25807,2224,1925,Mechanical Engineering 機械,NA
25811,25809,994,1939,Civil Engineering 土木,NA
25815,25814,235,1936,Electrical Engineering 電機,NA
25819,25817,3073,1934,Mining Engineering 礦冶,NA
25827,25826,229,1932,Civil Engineering 土木,NA
25830,25829,155,NA,Chemical Engineering 化工,Doctor 博士
25836,25835,498,1936,Mechanical Engineering 機械,NA
25838,25837,725,1935,Mechanical Engineering 機械,NA
25840,25839,725,1916,Civil Engineering 土木,Zhuanke 專科
25842,25841,1499,1920,Civil Engineering 土木,NA
25844,25843,2888,1939,Electrical Engineering 電機,NA
25846,25845,235,1932,Electrical Engineering 電機,NA
25850,25849,3073,1936,Mining Engineering 礦冶,NA
25852,25851,1730,1914,Radio Engineering 無線電,NA
25855,25854,855,1931,Electrical Engineering 電機,NA
25860,25859,2888,1939,Civil Engineering 土木,NA
25862,25861,692,1937,Mechanical Engineering 機械,NA
25864,25863,998,1930,Chemical Engineering 化工,NA
25866,25865,855,1927,Mechanical Engineering 機械,NA
25868,25867,70078,1921,Mining Engineering 礦冶,NA
25878,25877,855,1924,Chemical Engineering 化工,NA
25880,25879,649,1934,unspecified,NA
25883,25882,3073,1932,Mining Engineering 礦冶,NA
25889,25888,235,1933,Civil Engineering 土木,NA
25890,25888,152,NA,Civil Engineering 土木,Master 碩士
25893,25892,516,1936,Civil Engineering 土木,NA
25895,25894,855,1926,Chemistry 化學,NA
25897,25896,725,1935,Mechanical Engineering 機械,NA
25899,25898,2328,1935,Electrical Engineering 電機,NA
25903,25902,190,NA,Electrical Engineering 電機,NA
25908,25907,1499,1930,Civil Engineering 土木,NA
25910,25909,821,1932,Civil Engineering 土木,NA
25912,25911,675,1931,Civil Engineering 土木,NA
25914,25913,195,1923,Mechanical Engineering 機械,Bachelor 學士
25924,25923,692,1933,Civil Engineering 土木,NA
25933,25932,725,1922,Mechanical Engineering 機械,NA
25935,25934,223,1927,Chemical Engineering 化工,NA
25939,25938,235,1929,Electrical Engineering 電機,NA
25947,25946,78002,1921,Chemical Engineering 化工,NA
25964,25963,1499,1935,Mining Engineering 礦冶,NA
25968,25967,725,1911,Mining Engineering 礦冶,NA
25970,25969,692,1935,Civil Engineering 土木,NA
25973,25972,692,1901,Civil Engineering 土木,NA
25975,25972,25976,1907,Mechanical Engineering 機械,NA
25979,25977,821,1935,Civil Engineering 土木,NA
25981,25980,516,1936,Civil Engineering 土木,NA
25983,25982,901,1937,Civil Engineering 土木,NA
25985,25984,14873,1934,Electrical Engineering 電機,NA
25990,25989,1730,1916,Civil Engineering 土木,NA
25992,25991,198,1912,Chemical Engineering 化工,NA
25994,25993,235,1921,Electrical Engineering 電機,NA
25995,25993,276,1923,Electrical Engineering 電機,Master 碩士
26009,26008,498,1930,Chemical Engineering 化工,NA
26011,26010,9439,1935,Radio Engineering 無線電,Zhuanke 專科
26013,26012,692,1915,Mining Engineering 礦冶,NA
26034,26033,821,1933,Mechanical Engineering 機械,NA
26036,26035,1269,1939,Civil Engineering 土木,NA
26038,26037,455,1933,Civil Engineering 土木,NA
26040,26039,675,1935,Civil Engineering 土木,NA
26050,26049,498,1935,Mechanical Engineering 機械,NA
26052,26051,725,1918,Mechanical Engineering 機械,NA
26054,26053,1310,1913,Chemical Engineering 化工,NA
26057,26056,649,1934,unspecified,NA
26060,26059,498,1929,Chemical Engineering 化工,NA
26062,26061,555,1938,Electrical Engineering 電機,NA
26064,26063,855,1923,Chemical Engineering 化工,NA
26069,26068,725,1936,Mining Engineering 礦冶,NA
26073,26072,901,1926,Civil Engineering 土木,NA
26078,26077,235,1913,Civil Engineering 土木,NA
26092,26091,498,1932,Electrical Engineering 電機,NA
26098,26097,855,1932,Mechanical Engineering 機械,NA
26101,26100,725,1935,Mining Engineering 礦冶,NA
26104,26102,649,1930,unspecified,NA
26106,26105,229,1937,Civil Engineering 土木,NA
26108,26107,426,1937,Civil Engineering 土木,NA
26110,26109,855,1932,Mechanical Engineering 機械,NA
26112,26111,5712,NA,Mining Engineering 礦冶,NA
26113,26111,190,NA,Mining Engineering 礦冶,Master 碩士
26126,26125,1499,1927,Civil Engineering 土木,NA
26128,26127,1730,1918,Telecommunications 電信,NA
26130,26129,1307,1920,Civil Engineering 土木,NA
26132,26131,1730,1920,Telecommunications 電信,NA
26134,26133,725,1925,Mining Engineering 礦冶,NA
26136,26135,675,1930,Civil Engineering 土木,NA
26138,26137,725,1931,Mining Engineering 礦冶,NA
26140,26139,235,1937,Electrical Engineering 電機,NA
26142,26141,455,1934,Civil Engineering 土木,NA
26146,26145,26147,NA,Mechanical Engineering 機械,NA
26159,26157,692,1931,Civil Engineering 土木,NA
26162,26161,6102,1922,Mechanical Engineering 機械,NA
26172,26171,122,NA,Physics 物理,Doctor 博士
26173,26171,120,NA,Mechanical Engineering 機械,NA
26178,26177,235,1935,Civil Engineering 土木,NA
26180,26179,18952,NA,Mining Engineering 礦冶,NA
26182,26181,2876,1938,Civil Engineering 土木,NA
26184,26183,1102,NA,Mechanical Engineering 機械,NA
26185,26183,7025,NA,Chemical Engineering 化工,Master 碩士
26186,26183,7025,1928,Chemical Engineering 化工,Doctor 博士
26195,26194,821,1931,Mechanical Engineering 機械,NA
26197,26196,692,1920,Civil Engineering 土木,NA
26207,26206,692,1924,Mining Engineering 礦冶,NA
26214,26213,235,1938,Mechanical Engineering 機械,NA
26216,26215,235,1934,Mechanical Engineering 機械,NA
26222,26221,2224,1923,Civil Engineering 土木,NA
26226,26223,675,1930,Civil Engineering 土木,NA
26227,26223,152,1931,Civil Engineering 土木,Master 碩士
26235,26234,1516,1936,Civil Engineering 土木,NA
26238,26237,1499,1933,Civil Engineering 土木,NA
26240,26239,675,1929,Civil Engineering 土木,NA
26244,26242,649,1939,Hydraulic Engineering 水利,NA
26246,26245,455,1930,Civil Engineering 土木,NA
26251,26250,692,1915,Civil Engineering 土木,NA
26255,26254,837,1936,Chemical Engineering 化工,NA
26257,26256,725,1935,Mining Engineering 礦冶,NA
26261,26260,855,1923,Mechanical Engineering 機械,NA
26263,26262,152,1909,Mechanical Engineering 機械,NA
26273,26272,837,1935,Electrical Engineering 電機,NA
26275,26274,498,1930,Mechanical Engineering 機械,NA
26277,26276,7349,1920,Civil Engineering 土木,NA
26280,26279,70078,1921,Mining Engineering 礦冶,NA
26281,26279,248,NA,unspecified,Research 研究
26282,26279,151,NA,unspecified,Research 研究
26291,26290,692,1936,Mining Engineering 礦冶,NA
26293,26292,725,1931,Mechanical Engineering 機械,NA
26296,26294,998,1930,Electrical Engineering 電機,NA
26309,26307,1269,1936,Mining Engineering 礦冶,NA
26312,26311,235,1925,Mechanical Engineering 機械,NA
26313,26311,227,1928,Mechanical Engineering 機械,Master 碩士
26322,26320,837,1926,Mining Engineering 礦冶,NA
26323,26320,2685,1929,Mechanical Engineering 機械,NA
26327,26326,692,1912,Mining Engineering 礦冶,NA
26346,26344,229,1937,Mechanical Engineering 機械,NA
26349,26347,1499,1925,Civil Engineering 土木,NA
26356,26355,498,1929,Chemical Engineering 化工,NA
26358,26357,855,1924,Chemical Engineering 化工,NA
26361,26359,235,1931,Electrical Engineering 電機,NA
26362,26360,555,1938,Civil Engineering 土木,NA
26364,26363,235,1911,Electrical Engineering 電機,NA
26366,26365,498,1932,Chemical Engineering 化工,NA
26370,26369,235,1911,Electrical Engineering 電機,NA
26371,26369,181,1913,Electrical Engineering 電機,NA
26375,26374,1730,1920,Telecommunications 電信,NA
26379,26377,1679,1937,Civil Engineering 土木,NA
26381,26380,901,1933,Civil Engineering 土木,NA
26386,26385,1730,1914,Telecommunications 電信,NA
26388,26387,235,1939,Mechanical Engineering 機械,NA
26390,26389,998,1936,Chemical Engineering 化工,NA
26394,26393,998,1928,Electrical Engineering 電機,NA
26399,26398,195,NA,Chemical Engineering 化工,Doctor 博士
26404,26403,455,1935,Architecture 建築,NA
26407,26406,426,1936,Civil Engineering 土木,NA
26409,26408,1499,1933,Civil Engineering 土木,NA
26411,26410,692,1931,Civil Engineering 土木,NA
26414,26413,2328,1936,Electrical Engineering 電機,NA
26418,26417,120,1939,Aeronautical Engineering 航空機械,NA
26420,26419,725,1931,Mechanical Engineering 機械,NA
26422,26421,1499,1931,Civil Engineering 土木,NA
26424,26423,1499,1933,Civil Engineering 土木,NA
26428,26427,821,1933,Civil Engineering 土木,NA
26430,26429,692,1923,Civil Engineering 土木,NA
26431,26429,152,NA,Civil Engineering 土木,Master 碩士
26441,26440,2224,1930,Electrical Engineering 電機,NA
26451,26450,1310,1929,Chemical Engineering 化工,NA
26462,26461,115,1934,Civil Engineering 土木,NA
26464,26463,1499,1927,Civil Engineering 土木,NA
26467,26466,692,1934,Civil Engineering 土木,NA
26473,26472,692,1938,Civil Engineering 土木,NA
26475,26474,235,1919,Civil Engineering 土木,NA
26479,26478,152,1928,Civil Engineering 土木,Master 碩士
26482,26481,555,1939,Electrical Engineering 電機,NA
26484,26483,235,1935,Mechanical Engineering 機械,NA
26487,26486,692,1933,Civil Engineering 土木,NA
26491,26490,190,1935,Chemical Engineering 化工,NA
26496,26495,151,1913,Mining Engineering 礦冶,NA
26511,26510,7349,1925,Civil Engineering 土木,NA
26515,26513,692,1938,Civil Engineering 土木,NA
26517,26516,455,1931,Civil Engineering 土木,NA
26521,26520,7087,1935,Turbine 輪機,NA
26523,26522,821,1929,Mechanical Engineering 機械,NA
26525,26524,692,1929,Mining Engineering 礦冶,NA
26532,26531,725,1926,Mechanical Engineering 機械,NA
26535,26533,692,1932,Civil Engineering 土木,NA
26539,26538,1516,1936,Civil Engineering 土木,NA
26542,26541,235,1910,Civil Engineering 土木,NA
26544,26543,70078,1917,Civil Engineering 土木,NA
26564,26563,725,NA,Mechanical Engineering 機械,NA
26569,26566,1499,1924,Civil Engineering 土木,NA
26576,26575,152,1911,Mechanical Engineering 機械,NA
26587,26586,7087,1934,Turbine 輪機,NA
26589,26588,1499,1920,Civil Engineering 土木,NA
26592,26591,821,1932,Civil Engineering 土木,NA
26594,26593,7087,1937,Turbine 輪機,NA
26597,26595,229,1934,Civil Engineering 土木,NA
26598,26596,998,1939,Chemical Engineering 化工,NA
26604,26601,235,1912,Civil Engineering 土木,NA
26610,26609,821,1935,Electrical Engineering 電機,NA
26612,26611,2224,1936,Mechanical Engineering 機械,NA
26614,26613,195,1930,Chemical Engineering 化工,Doctor 博士
26624,26623,7349,1924,Civil Engineering 土木,NA
26631,26630,498,1937,Mechanical Engineering 機械,NA
26633,26626,692,1914,Mining Engineering 礦冶,NA
26635,26632,1730,1920,Telecommunications 電信,NA
26637,26636,998,1932,Chemical Engineering 化工,NA
26640,26638,1102,1925,Mechanical Engineering 機械,NA
26642,26641,675,1929,Civil Engineering 土木,NA
26645,26643,2328,1937,Civil Engineering 土木,NA
26648,26646,725,1932,Mining Engineering 礦冶,NA
26650,26649,994,1939,Civil Engineering 土木,NA
26655,26653,1730,1919,Telecommunications 電信,NA
26661,26660,150,1933,Mining Engineering 礦冶,NA
26667,26666,26673,NA,Chemistry 化學,NA
26674,26666,26676,1931,Chemical Engineering 化工,Master 碩士
26681,26679,3073,1937,Civil Engineering 土木,NA
26685,26682,692,1935,Civil Engineering 土木,NA
26694,26693,516,1939,Architecture 建築,NA
26697,26695,498,1932,Chemical Engineering 化工,NA
26700,26698,12802,NA,Mining Engineering 礦冶,NA
26701,26698,2584,1926,Mining Engineering 礦冶,NA
26716,26715,4163,1929,Chemical Engineering 化工,NA
26720,26719,821,1933,Architecture 建築,NA
26722,26721,2740,1928,Mining Engineering 礦冶,NA
26730,26729,229,1936,Civil Engineering 土木,NA
26737,26736,692,1932,Civil Engineering 土木,NA
26739,26738,152,1918,Chemical Engineering 化工,Master 碩士
26740,26738,9076,1921,Chemical Engineering 化工,Doctor 博士
26761,26760,70078,1919,Civil Engineering 土木,NA
26762,26760,152,1921,Civil Engineering 土木,Master 碩士
26771,26770,2033,1900,Civil Engineering 土木,NA
26773,26772,235,1935,Mechanical Engineering 機械,NA
26776,26775,235,1924,Mechanical Engineering 機械,NA
26783,26782,1499,1928,Civil Engineering 土木,NA
26784,26782,152,1929,Civil Engineering 土木,Master 碩士
26785,26782,223,1932,Civil Engineering 土木,NA
26792,26791,821,1938,Civil Engineering 土木,NA
26794,26793,901,1935,Civil Engineering 土木,NA
26799,26797,1730,1912,Civil Engineering 土木,NA
26801,26800,498,1930,Chemical Engineering 化工,NA
26802,26800,152,NA,Civil Engineering 土木,NA
26804,26800,232,NA,Civil Engineering 土木,Master 碩士
26817,26816,120,1932,Electrical Engineering 電機,NA
26830,26829,4599,NA,Radio Engineering 無線電,NA
26831,26829,4094,NA,Telecommunications 電訊,Doctor 博士
26832,26829,120,NA,unspecified,Research 研究
26840,26839,235,1937,Mechanical Engineering 機械,NA
26842,26841,821,1930,Mining Engineering 礦冶,NA
26846,26845,1730,1918,Telecommunications 電訊,NA
26856,26854,692,1916,Mining Engineering 礦冶,NA
26861,26855,855,1937,Chemical Engineering 化工,NA
26864,26862,855,1923,Mechanical Engineering 機械,NA
26876,26874,235,1937,Civil Engineering 土木,NA
26880,26879,235,1931,Civil Engineering 土木,NA
26885,26883,529,1935,Electrical Engineering 電機,NA
26888,26887,1730,1921,Telecommunications 電信,NA
26893,26891,235,1938,Mechanical Engineering 機械,NA
26897,26894,2328,NA,Mechanical Engineering 機械,NA
26907,26906,455,1938,Chemical Engineering 化工,NA
26909,26908,998,1937,Chemical Engineering 化工,NA
26913,26910,1307,1920,Civil Engineering 土木,NA
26914,26911,529,1931,Civil Engineering 土木,NA
26917,26915,455,1939,Mechanical Engineering 機械,NA
26918,26916,855,1930,Chemical Engineering 化工,NA
26920,26919,3073,1938,Civil Engineering 土木,NA
26922,26921,1269,1939,Mining Engineering 礦冶,NA
26924,26923,2004,1937,Mechanical Engineering 機械,NA
26926,26925,70078,1921,Civil Engineering 土木,NA
26927,26925,152,1923,Civil Engineering 土木,Master 碩士
26936,26932,855,1926,Chemical Engineering 化工,NA
26942,26938,692,1935,Mechanical Engineering 機械,NA
26949,26948,725,1928,Electrical Engineering 電機,NA
26952,26951,2328,1935,Electrical Engineering 電機,NA
26956,26953,725,1919,Mining Engineering 礦冶,NA
26958,26957,821,1937,Civil Engineering 土木,NA
26962,26960,235,1916,Civil Engineering 土木,NA
26978,26972,725,1917,Mining Engineering 礦冶,NA
26987,26985,998,1935,Chemical Engineering 化工,NA
26991,26990,1499,1915,Civil Engineering 土木,NA
26996,26995,498,1936,Textile Engineering 紡織,NA
27000,26997,3530,1925,Electrical Engineering 電機,NA
27003,27001,349,1937,Telecommunications 電信,Zhuanke 專科
27004,27002,235,1936,Mechanical Engineering 機械,NA
27007,27005,235,1926,Electrical Engineering 電機,NA
27013,27012,649,1935,unspecified,NA
27018,27017,876,1936,Electrical Engineering 電機,NA
27021,27006,242,1927,Electrical Engineering 電機,NA
27023,27020,235,1935,Electrical Engineering 電機,NA
27026,27024,354,1939,Civil Engineering 土木,NA
27029,27027,529,1935,Mining Engineering 礦冶,NA
27035,27033,821,1930,Civil Engineering 土木,NA
27038,27037,235,1935,Electrical Engineering 電機,NA
27041,27039,229,1929,Chemistry 化學,NA
27042,27040,725,1934,Civil Engineering 土木,NA
27043,27039,120,1930,unspecified,NA
27044,27039,155,1932,Chemical Engineering 化工,Doctor 博士
27050,27047,2224,1926,Mechanical Engineering 機械,NA
27053,27051,725,1932,Mechanical Engineering 機械,NA
27056,27054,498,1931,Electrical Engineering 電機,NA
27058,27057,235,1928,Electrical Engineering 電機,NA
27060,27057,171,1931,Radio Engineering 無線電,Master 碩士
27071,27070,2740,1927,Mining Engineering 礦冶,NA
27082,27073,692,1930,Mining Engineering 礦冶,NA
27083,27073,5712,NA,Mining Engineering 礦冶,Research 研究
27086,27085,855,1924,Chemical Engineering 化工,NA
27088,27087,725,1935,Mechanical Engineering 機械,NA
27090,27089,692,1934,Civil Engineering 土木,NA
27095,27094,235,1924,Electrical Engineering 電機,NA
27098,27096,498,1930,Mechanical Engineering 機械,NA
27104,27102,821,1934,Civil Engineering 土木,NA
27110,27107,229,1937,Mechanical Engineering 機械,NA
27111,27108,855,1927,Chemical Engineering 化工,NA
27113,27112,692,1937,Mining Engineering 礦冶,NA
27117,27115,498,1934,Mechanical Engineering 機械,NA
27118,27114,901,1936,Civil Engineering 土木,NA
27122,27121,675,1934,Civil Engineering 土木,NA
27134,27133,2840,1933,Civil Engineering 土木,NA
27145,27136,27147,NA,unspecified,NA
27146,27144,2840,NA,Electrical Engineering 電機,NA
27158,27153,2840,NA,Mechanical Engineering 機械,NA
27159,27157,2888,1939,Textile Engineering 紡織,NA
27161,27153,27166,1925,Mechanical Engineering 機械,NA
27162,27160,195,1925,Chemical Engineering 化工,Bachelor 學士
27163,27160,195,1926,Chemical Engineering 化工,Master 碩士
27164,27160,195,1927,Chemical Engineering 化工,Doctor 博士
27170,27169,426,1928,Civil Engineering 土木,NA
27172,27171,1730,1912,Telecommunications 電信,NA
27174,27173,235,1932,Mechanical Engineering 機械,NA
27178,27176,675,1927,Civil Engineering 土木,NA
27180,27179,229,1932,Civil Engineering 土木,NA
27184,27183,235,1925,Electrical Engineering 電機,NA
27197,27196,725,1929,Mechanical Engineering 機械,NA
27198,27196,27199,NA,unspecified,畢業
27207,27206,855,1932,Mechanical Engineering 機械,NA
27215,27214,70078,1921,Civil Engineering 土木,NA
27221,27220,555,1938,Civil Engineering 土木,NA
27223,27222,855,1929,Chemical Engineering 化工,NA
27225,27224,2888,1939,Mining Engineering 礦冶,NA
27230,27228,1499,1933,unspecified,NA
27236,27234,1499,1938,Civil Engineering 土木,NA
27239,27237,1499,1936,Civil Engineering 土木,NA
27241,27240,1307,1919,Civil Engineering 土木,NA
27244,27242,1499,1935,Civil Engineering 土木,NA
27247,27246,70078,1923,Mining Engineering 礦冶,NA
27249,27248,455,1935,Architecture 建築,NA
27258,27257,349,1938,Chemical Engineering 化工,NA
27261,27259,4163,1926,Textile Engineering 紡織,NA
27264,27263,2888,1939,Civil Engineering 土木,NA
27267,27265,821,1929,Civil Engineering 土木,NA
27269,27268,692,1931,Mining Engineering 礦冶,NA
27276,27275,821,1931,Mechanical Engineering 機械,NA
27279,27278,876,1938,Civil Engineering 土木,NA
27281,27280,1730,1923,Telecommunications 電訊,NA
27284,27283,1499,1931,Civil Engineering 土木,NA
27288,27287,2888,1939,Mechanical Engineering 機械,NA
27291,27289,451,1937,Civil Engineering 土木,NA
27293,27292,349,1937,Telecommunications 電訊,Zhuanke 專科
27295,27294,115,1937,Chemical Engineering 化工,NA
27297,27296,235,1932,Mechanical Engineering 機械,NA
27301,27300,235,1935,Mechanical Engineering 機械,NA
27310,27309,725,1936,Mining Engineering 礦冶,NA
27313,27312,115,1939,Mechanical Engineering 機械,NA
27315,27314,1730,1921,Telecommunications 電訊,NA
27317,27316,1730,NA,Telecommunications 電信,NA
27319,27318,1310,NA,Mechanical Engineering 機械,NA
27327,27326,1679,1937,Civil Engineering 土木,NA
27329,27328,901,1935,Civil Engineering 土木,NA
27331,27330,561,1926,Textile Engineering 紡織,NA
27333,27332,235,1927,Mechanical Engineering 機械,NA
27335,27334,561,1930,Textile Engineering 紡織,NA
27337,27336,555,1938,Civil Engineering 土木,NA
27339,27338,2740,1922,Mining Engineering 礦冶,NA
27342,27341,1730,1921,Telecommunications 電信,NA
27344,27343,235,1938,Civil Engineering 土木,NA
27346,27345,7349,1919,Civil Engineering 土木,NA
27350,27348,498,1938,Mechanical Engineering 機械,NA
27354,27353,2004,1939,Mechanical Engineering 機械,NA
27357,27355,1516,1937,Mechanical Engineering 機械,NA
27359,27358,998,1935,Civil Engineering 土木,NA
27362,27361,354,1938,Mechanical Engineering 機械,NA
27364,27363,235,1914,Civil Engineering 土木,NA
27379,27378,152,1918,Civil Engineering 土木,NA
27387,27386,529,1927,Electrical Engineering 電機,NA
27395,21709,692,1930,Civil Engineering 土木,NA
27397,27396,692,1936,Civil Engineering 土木,NA
27400,27399,70078,1922,Civil Engineering 土木,NA
27401,27399,151,1930,unspecified,Research 研究
27402,27399,152,1932,Civil Engineering 土木,Master 碩士
27415,27414,235,1919,Electrical Engineering 電機,NA
27416,27414,1730,1920,Telecommunications 電訊,NA
27424,27422,235,1934,Civil Engineering 土木,NA
27429,27426,821,1934,Civil Engineering 土木,NA
27433,27432,235,1935,Mechanical Engineering 機械,NA
27439,27435,725,1925,Mechanical Engineering 機械,NA
27441,27440,455,1930,Civil Engineering 土木,NA
27442,27440,152,NA,Civil Engineering 土木,Master 碩士
27447,27446,2224,1935,Civil Engineering 土木,NA
27451,27448,498,NA,Electrical Engineering 電機,NA
27459,27457,455,1933,Mechanical Engineering 機械,NA
27461,27460,498,1936,Electrical Engineering 電機,NA
27463,27462,1499,1930,Civil Engineering 土木,NA
27470,27469,998,1936,Electrical Engineering 電機,NA
27472,27471,725,1933,Civil Engineering 土木,NA
27475,27473,235,1921,Electrical Engineering 電機,NA
27476,27473,195,1922,Electrical Engineering 電機,Master 碩士
27488,27486,649,1932,unspecified,NA
27492,27490,561,1933,Textile Engineering 紡織,NA
27495,27494,455,1938,Civil Engineering 土木,NA
27497,27496,235,1938,Civil Engineering 土木,NA
27500,27498,1310,1924,Architecture 建築,NA
27503,27502,2888,1939,Civil Engineering 土木,NA
27505,27504,1499,1938,Civil Engineering 土木,NA
27507,27506,27509,NA,Mechanical Engineering 機械,NA
27525,27523,2888,1939,Civil Engineering 土木,NA
27528,27527,821,1935,Civil Engineering 土木,NA
27531,27529,1499,1938,Civil Engineering 土木,NA
27533,27532,821,1938,Electrical Engineering 電機,NA
27535,27534,725,1911,Mining Engineering 礦冶,NA
27537,27536,2224,1936,Electrical Engineering 電機,NA
27540,27539,725,1930,Mining Engineering 礦冶,NA
27542,27541,855,1925,Mechanical Engineering 機械,NA
27544,27543,27545,1929,Electrical Engineering 電機,NA
27550,27548,1499,1930,Civil Engineering 土木,NA
27554,27553,725,1928,Electrical Engineering 電機,NA
27556,27555,855,1923,Mechanical Engineering 機械,NA
27558,27557,725,1937,Mining Engineering 礦冶,NA
27560,27559,725,1916,Mining Engineering 礦冶,NA
27563,27562,692,1938,Civil Engineering 土木,NA
27565,27564,1499,1938,Civil Engineering 土木,NA
27567,27566,498,1931,Mechanical Engineering 機械,NA
27570,27568,725,1928,Electrical Engineering 電機,NA
27572,27571,855,1926,Mechanical Engineering 機械,NA
27576,27575,725,1931,Mining Engineering 礦冶,NA
27580,27579,725,1929,Mechanical Engineering 機械,NA
27584,27583,2004,1939,Civil Engineering 土木,NA
27587,27585,821,1931,Mechanical Engineering 機械,NA
27594,27593,725,1916,Mining Engineering 礦冶,NA
27606,27605,649,1935,unspecified,NA
27610,27608,855,1937,Mechanical Engineering 機械,NA
27613,27612,692,1933,Civil Engineering 土木,NA
27618,27616,498,1934,Chemical Engineering 化工,NA
27620,27619,675,1934,Civil Engineering 土木,NA
27623,27622,821,1934,Electrical Engineering 電機,NA
27626,27625,561,1924,Textile Engineering 紡織,NA
27628,27627,821,1933,Architecture 建築,NA
27630,27629,821,1933,Textile Engineering 紡織,NA
27632,27631,195,1924,Chemical Engineering 化工,Master 碩士
27635,27634,229,1933,Civil Engineering 土木,NA
27638,27637,529,1932,Civil Engineering 土木,NA
27646,27644,692,1923,Mining Engineering 礦冶,NA
27656,27655,2224,1916,Civil Engineering 土木,NA
27658,27657,235,1937,Mechanical Engineering 機械,NA
27661,27660,498,1934,Chemical Engineering 化工,NA
27665,27664,725,1933,Civil Engineering 土木,NA
27667,27666,725,1923,Mechanical Engineering 機械,NA
27669,27668,498,1934,Mechanical Engineering 機械,NA
27672,27671,725,1930,Mechanical Engineering 機械,NA
27674,27673,855,1930,Chemical Engineering 化工,NA
27676,27675,725,1928,Civil Engineering 土木,NA
27678,27677,725,1927,Civil Engineering 土木,NA
27680,27679,725,1927,Civil Engineering 土木,NA
27683,27682,152,NA,Mining Engineering 礦冶,NA
27687,27686,725,1930,Mechanical Engineering 機械,NA
27689,27688,561,NA,Textile Engineering 紡織,NA
27694,27693,725,1936,Mining Engineering 礦冶,NA
27697,27696,692,1927,Civil Engineering 土木,NA
27699,27698,725,1934,Civil Engineering 土木,NA
27701,27700,725,1924,Mining Engineering 礦冶,NA
27704,27703,855,1931,Mechanical Engineering 機械,NA
27707,27706,855,1927,Chemical Engineering 化工,NA
27710,27709,2224,1923,Mechanical Engineering 機械,NA
27716,27715,27717,NA,Mechanical Engineering 機械,NA
27729,27728,529,1930,Electrical Engineering 電機,NA
27736,27735,235,1939,Electrical Engineering 電機,NA
27738,27737,855,1930,Chemical Engineering 化工,NA
27740,27739,235,1938,Electrical Engineering 電機,NA
27742,27741,2888,1939,Civil Engineering 土木,NA
27744,27743,1499,1925,Civil Engineering 土木,NA
27746,27745,692,1933,Civil Engineering 土木,NA
27748,27747,2328,1935,Electrical Engineering 電機,NA
27751,27750,1499,1928,Civil Engineering 土木,NA
27755,27754,1516,1937,Mechanical Engineering 機械,NA
27758,27756,837,1935,Electrical Engineering 電機,NA
27759,27756,455,NA,Mechanical Engineering 機械,特別班
27762,27761,855,1923,Chemical Engineering 化工,NA
27766,27763,2328,1937,Electrical Engineering 電機,NA
27769,27767,27770,1909,Civil Engineering 土木,NA
27785,27784,725,1932,Mechanical Engineering 機械,NA
27787,27786,229,1935,Civil Engineering 土木,NA
27793,27792,675,1935,Civil Engineering 土木,NA
27795,27794,561,1926,Textile Engineering 紡織,NA
27799,27798,1310,1926,Mechanical Engineering 機械,NA
27815,27814,555,1939,Electrical Engineering 電機,NA
27817,27816,561,1922,Textile Engineering 紡織,NA
27819,27818,235,1934,Electrical Engineering 電機,NA
27822,27821,229,1935,Civil Engineering 土木,NA
27827,27826,855,1928,Mechanical Engineering 機械,NA
27829,27828,2888,1939,Electrical Engineering 電機,NA
27831,27830,455,1937,Chemical Engineering 化工,NA
27833,27832,725,1916,Civil Engineering 土木,NA
27840,27839,692,1937,Mechanical Engineering 機械,NA
27842,27841,152,1922,unspecified,NA
27852,27851,1516,1936,Civil Engineering 土木,NA
27854,27853,1499,1938,Civil Engineering 土木,NA
27856,27855,235,1915,Electrical Engineering 電機,NA
27858,27857,235,1926,Mechanical Engineering 機械,NA
27872,27871,692,1936,Civil Engineering 土木,NA
27874,27873,529,1936,Mechanical Engineering 機械,NA
27876,27875,561,1934,Textile Engineering 紡織,NA
27878,27877,1730,1920,Radio Engineering 無線電,NA
27885,27884,692,1929,Civil Engineering 土木,NA
27888,27887,516,1937,Civil Engineering 土木,NA
27890,27889,725,1932,Mechanical Engineering 機械,NA
27892,27891,235,1925,Mechanical Engineering 機械,NA
27893,27891,198,1935,Mechanical Engineering 機械,Master 碩士
27906,27905,821,1933,Mechanical Engineering 機械,NA
27907,27905,13974,NA,unspecified,畢業
27911,27910,2876,1935,Civil Engineering 土木,NA
27913,27912,725,1922,Mechanical Engineering 機械,NA
27915,27914,2840,1926,Chemical Engineering 化工,Master 碩士
27922,27920,2033,1900,Civil Engineering 土木,NA
27932,27931,198,NA,Mining Engineering 礦冶,NA
27941,27940,561,1937,Textile Engineering 紡織,NA
27943,27942,725,1921,Mining Engineering 礦冶,NA
27953,27952,821,1929,Civil Engineering 土木,NA
27955,27954,516,1936,Civil Engineering 土木,NA
27959,27958,1730,1924,Radio Engineering 無線電,NA
27962,27961,692,1933,Civil Engineering 土木,NA
27966,27965,179,1920,Mining Engineering 礦冶,Master 碩士
27976,27975,692,1931,Mechanical Engineering 機械,NA
27981,27980,561,1933,Textile Engineering 紡織,NA
27984,27983,235,1936,Electrical Engineering 電機,NA
27986,27985,27988,1926,Mining Engineering 礦冶,NA
27992,27991,1730,1912,Telecommunications 電訊,NA
27994,27993,1499,1934,Civil Engineering 土木,NA
27997,27996,1499,1937,Mining Engineering 礦冶,NA
28001,28000,1310,1920,Textile Engineering 紡織,NA
28005,28004,725,1936,Mining Engineering 礦冶,NA
28007,28006,1730,1918,Telecommunications 電信,NA
28009,28008,516,1939,Mechanical Engineering 機械,NA
28011,28010,1499,1913,Civil Engineering 土木,NA
28020,28019,1730,1914,Radio Engineering 無線電,NA
28022,28021,2224,1937,Electrical Engineering 電機,NA
28024,28023,529,1930,Civil Engineering 土木,NA
28028,28027,821,1934,Textile Engineering 紡織,NA
28033,28031,190,NA,Mechanical Engineering 機械,Master 碩士
28039,28036,855,1932,Mechanical Engineering 機械,NA
28042,28038,78002,1914,Mechanical Engineering 機械,NA
28054,28053,555,1939,Civil Engineering 土木,NA
28058,28056,692,1932,Civil Engineering 土木,NA
28062,28059,1269,1938,Chemical Engineering 化工,NA
28065,28063,998,1938,Electrical Engineering 電機,NA
28067,28066,354,1934,Civil Engineering 土木,NA
28070,28069,725,1925,Mechanical Engineering 機械,NA
28075,28074,235,1933,Electrical Engineering 電機,NA
28077,28076,498,1933,Electrical Engineering 電機,NA
28079,28078,28081,1912,Mining Engineering 礦冶,NA
28082,28080,1730,1912,Civil Engineering 土木,NA
28086,28085,516,1939,Civil Engineering 土木,NA
28090,28088,229,1934,Civil Engineering 土木,NA
28096,28095,354,1934,Civil Engineering 土木,NA
28101,28100,692,1930,Civil Engineering 土木,NA
28108,28107,235,1934,Mechanical Engineering 機械,NA
28111,28110,529,1939,Civil Engineering 土木,NA
28117,28113,998,1936,Civil Engineering 土木,NA
28119,28118,692,1936,Mechanical Engineering 機械,NA
28121,28120,78002,1917,Chemical Engineering 化工,NA
28128,28126,1730,1914,Radio Engineering 無線電,NA
28131,28129,1310,1935,Architecture 建築,NA
28134,28133,725,1927,Mining Engineering 礦冶,NA
28138,28130,4419,1936,Mining Engineering 礦冶,NA
28140,28139,2328,1935,Civil Engineering 土木,NA
28145,28144,235,1920,Electrical Engineering 電機,NA
28152,28151,349,1937,Civil Engineering 土木,Zhuanke 專科
28155,28153,455,1938,Chemical Engineering 化工,NA
28157,28156,235,1919,Civil Engineering 土木,NA
28159,28156,152,NA,Civil Engineering 土木,Master 碩士
28174,28173,235,1926,Electrical Engineering 電機,NA
28181,28180,855,1925,Mechanical Engineering 機械,NA
28186,28185,7349,1922,Civil Engineering 土木,NA
28193,28192,1730,1912,Civil Engineering 土木,NA
28197,28196,1310,1915,Chemical Engineering 化工,NA
28217,28216,837,1927,Mining Engineering 礦冶,NA
28225,28224,2685,1927,Mechanical Engineering 機械,NA
28237,28235,821,1938,Civil Engineering 土木,NA
28239,28238,555,1938,Civil Engineering 土木,NA
28241,28240,692,1934,Civil Engineering 土木,NA
28245,28244,270,1935,Electrical Engineering 電機,Master 碩士
28250,28249,555,1938,Electrical Engineering 電機,NA
28253,28252,561,1937,Textile Engineering 紡織,NA
28260,28258,649,1934,Hydraulic Engineering 水利,NA
28263,28262,235,1930,Electrical Engineering 電機,NA
28267,28265,2224,1927,Civil Engineering 土木,NA
28269,28268,235,1931,Civil Engineering 土木,NA
28272,28271,1269,1937,Civil Engineering 土木,NA
28274,28273,152,1916,Civil Engineering 土木,NA
28275,28273,195,NA,Civil Engineering 土木,NA
28290,28289,498,1937,Electrical Engineering 電機,NA
28292,28291,561,1917,Textile Engineering 紡織,NA
28297,28296,692,1935,Mechanical Engineering 機械,NA
28299,28298,855,1924,Chemical Engineering 化工,NA
28302,28300,1730,1912,Civil Engineering 土木,NA
28305,28304,229,1934,Civil Engineering 土木,NA
28309,28308,70078,1913,Civil Engineering 土木,NA
28311,28310,1499,1927,Civil Engineering 土木,NA
28318,28317,692,1912,Mining Engineering 礦冶,NA
28331,28329,248,1911,Civil Engineering 土木,NA
28333,28329,152,1912,Civil Engineering 土木,Master 碩士
28334,28330,1499,1938,Civil Engineering 土木,NA
28341,28339,561,1920,Textile Engineering 紡織,NA
28347,28346,229,1929,Mechanical Engineering 機械,NA
28350,28346,227,NA,Mechanical Engineering 機械,Master 碩士
28364,28361,821,1938,Civil Engineering 土木,NA
28366,28365,1730,NA,Telecommunications 電訊,NA
28368,28365,1730,1916,Electrical Engineering 電機,NA
28371,28367,227,1926,Mechanical Engineering 機械,NA
28374,28367,151,1928,Mechanical Engineering 機械,Master 碩士
28375,28372,25654,1907,Mechanical Engineering 機械,NA
28387,28386,516,1937,Civil Engineering 土木,NA
28389,28388,1679,1936,Civil Engineering 土木,NA
28392,28391,2888,1939,Mining Engineering 礦冶,NA
28395,28394,725,1922,Mechanical Engineering 機械,NA
28397,28396,725,1928,Electrical Engineering 電機,NA
28399,28398,855,1924,Chemical Engineering 化工,NA
28403,28401,725,1936,Mining Engineering 礦冶,NA
28408,28406,692,1937,Civil Engineering 土木,NA
28415,28411,855,1924,Mechanical Engineering 機械,NA
28420,28419,692,1936,Mechanical Engineering 機械,NA
28424,28423,2224,1931,Electrical Engineering 電機,NA
28430,28429,855,1924,Mechanical Engineering 機械,NA
28434,28432,3073,1933,Mining Engineering 礦冶,NA
28439,28438,235,1913,Civil Engineering 土木,NA
28456,28455,725,1932,Mechanical Engineering 機械,NA
28459,28458,28460,1927,Mining Engineering 礦冶,NA
28463,28462,2876,1938,Civil Engineering 土木,NA
28471,28469,725,1934,Mining Engineering 礦冶,NA
28474,28473,821,1933,Mechanical Engineering 機械,NA
28475,28472,725,1931,Mechanical Engineering 機械,NA
28477,28476,167,NA,unspecified,NA
28478,28476,4718,NA,Mechanical Engineering 機械,NA
28486,28485,227,1926,Electrical Engineering 電機,NA
28503,28502,725,1930,Mining Engineering 礦冶,NA
28505,28504,498,1929,Chemical Engineering 化工,NA
28508,28507,725,1932,Mechanical Engineering 機械,NA
28510,28509,1516,1937,Civil Engineering 土木,NA
28512,28511,19774,NA,Civil Engineering 土木,NA
28516,28515,179,1926,Civil Engineering 土木,NA
28519,28518,516,1935,Civil Engineering 土木,NA
28521,28520,349,1937,Electrical Engineering 電機,Zhuanke 專科
28523,28522,235,1936,Mechanical Engineering 機械,NA
28525,28524,516,1936,Chemical Engineering 化工,NA
28527,28526,349,1936,Civil Engineering 土木,Zhuanke 專科
28529,28528,28530,NA,Chemistry 化學,NA
28531,28528,28532,1925,Chemical Engineering 化工,NA
28539,28538,4419,1937,Mechanical Engineering 機械,NA
28545,28544,235,1925,Electrical Engineering 電機,NA
28555,28554,529,1939,Civil Engineering 土木,NA
28557,28556,998,1937,Electrical Engineering 電機,NA
28559,28558,998,1935,Civil Engineering 土木,NA
28561,28560,498,1930,Electrical Engineering 電機,NA
28563,28562,998,1936,Civil Engineering 土木,NA
28565,28564,12802,1914,Mining Engineering 礦冶,NA
28575,28542,451,1938,Civil Engineering 土木,NA
28578,28577,28579,NA,Civil Engineering 土木,NA
28583,28582,455,1937,Civil Engineering 土木,NA
28588,28587,70078,1917,Civil Engineering 土木,NA
28590,28589,455,1932,Civil Engineering 土木,NA
28592,28591,3530,1924,Electrical Engineering 電機,NA
28596,28595,901,1939,Civil Engineering 土木,NA
28598,28597,5740,1907,Chemical Engineering 化工,NA
28604,28603,27717,1929,Architecture 建築,NA
28605,28603,2121,1929,Architecture 建築,NA
28606,28603,1950,1933,Civil Engineering 土木,NA
28617,28616,152,1926,Civil Engineering 土木,NA
28620,28619,675,1936,Civil Engineering 土木,NA
28622,28621,561,1935,Textile Engineering 紡織,NA
28624,28623,235,1923,Mechanical Engineering 機械,NA
28637,28636,235,1939,Mechanical Engineering 機械,NA
28639,28638,70078,1919,Mining Engineering 礦冶,NA
28652,28651,5275,NA,Electrical Engineering 電機,NA
28655,28654,70078,1916,Mechanical Engineering 機械,NA
28666,28662,498,1929,Chemical Engineering 化工,NA
28668,28664,692,1914,Mining Engineering 礦冶,NA
28682,28681,1499,1921,Civil Engineering 土木,NA
28687,28686,155,1922,Chemical Engineering 化工,NA
28693,28692,181,1920,Mining Engineering 礦冶,NA
28694,28692,188,1921,Mining Engineering 礦冶,Master 碩士
28702,28701,821,1934,Textile Engineering 紡織,NA
28704,28703,11540,1928,Mining Engineering 礦冶,NA
28712,28711,235,1927,Mechanical Engineering 機械,NA
28715,28714,516,1939,Electrical Engineering 電機,NA
28717,28716,1499,1921,Civil Engineering 土木,NA
28720,28719,692,1930,Mining Engineering 礦冶,NA
28728,28727,235,1937,Civil Engineering 土木,NA
28730,28729,28731,1917,Electrical Engineering 電機,NA
28746,28745,451,1936,Civil Engineering 土木,NA
28748,28747,7349,NA,Civil Engineering 土木,NA
28758,28757,1499,1934,Civil Engineering 土木,NA
28761,28760,276,1927,Mechanical Engineering 機械,NA
28771,28770,855,1924,Mechanical Engineering 機械,NA
28773,28772,561,1937,Textile Engineering 紡織,NA
28775,28774,1269,1938,Civil Engineering 土木,NA
28777,28776,529,1938,Electrical Engineering 電機,NA
28784,28782,235,1930,Electrical Engineering 電機,NA
28789,28788,1730,1921,Telecommunications 電訊,NA
28791,28790,516,1939,Architecture 建築,NA
28794,28793,692,1932,Civil Engineering 土木,NA
28797,28796,2328,1935,Civil Engineering 土木,NA
28801,28800,725,1927,Civil Engineering 土木,NA
28804,28802,2888,1939,Mining Engineering 礦冶,NA
28806,28805,2224,1923,Mechanical Engineering 機械,NA
28809,28808,837,1935,Electrical Engineering 電機,NA
28811,28810,821,1933,Architecture 建築,NA
28814,28813,150,1925,Geology 地質,NA
28815,28813,195,1927,Geological Engineering,Bachelor 學士
28827,28825,649,1934,Hydraulic Engineering 水利,NA
28830,28829,725,1936,Mining Engineering 礦冶,NA
28834,28833,821,1938,Electrical Engineering 電機,NA
28837,28836,725,1924,Mining Engineering 礦冶,NA
28841,28840,725,1935,Mining Engineering 礦冶,NA
28843,28842,725,1931,Mechanical Engineering 機械,NA
28847,28846,692,1919,Mining Engineering 礦冶,NA
28849,28848,821,1933,Civil Engineering 土木,NA
28852,28851,725,1924,Mining Engineering 礦冶,NA
28854,28853,498,1930,Electrical Engineering 電機,NA
28859,28856,692,1932,Civil Engineering 土木,NA
28864,28863,821,1934,Textile Engineering 紡織,NA
28868,28867,725,1930,Mining Engineering 礦冶,NA
28870,28869,2888,1939,Mechanical Engineering 機械,NA
28874,28873,1742,1938,Civil Engineering 土木,NA
28876,28875,1730,1916,Civil Engineering 土木,NA
28880,28879,2740,1928,Mining Engineering 礦冶,NA
28883,28882,498,1929,Electrical Engineering 電機,NA
28885,28884,451,1939,Civil Engineering 土木,NA
28887,28886,994,1935,Civil Engineering 土木,NA
28889,28888,349,1937,Architecture 建築,NA
28891,28890,516,1936,Civil Engineering 土木,NA
28893,28892,516,1939,Chemical Engineering 化工,NA
28904,28903,516,1935,Civil Engineering 土木,NA
28906,28905,1730,1914,Radio Engineering 無線電,NA
28910,28909,7419,1923,Electrical Engineering 電機,NA
28922,28921,516,1935,Civil Engineering 土木,NA
28924,28923,455,1933,Civil Engineering 土木,NA
28927,28926,155,NA,Chemical Engineering 化工,NA
28931,28930,998,1933,Chemical Engineering 化工,NA
28935,28934,181,1933,Civil Engineering 土木,Doctor 博士
28939,28938,1499,1915,Civil Engineering 土木,NA
28944,28942,821,1931,Mechanical Engineering 機械,NA
28947,28946,2876,1937,Civil Engineering 土木,NA
28949,28948,2876,1935,Civil Engineering 土木,NA
28951,28950,455,1939,Civil Engineering 土木,NA
28953,28952,725,1926,Mechanical Engineering 機械,NA
28955,28954,516,1935,Chemical Engineering 化工,NA
28957,28956,1730,1915,Radio Engineering 無線電,NA
28959,28958,235,1931,Electrical Engineering 電機,NA
28968,28967,516,1937,Civil Engineering 土木,NA
28970,28969,115,1930,Civil Engineering 土木,NA
28973,28972,529,1939,Electrical Engineering 電機,NA
28975,28974,498,1933,Mechanical Engineering 機械,NA
28977,28976,692,1933,Civil Engineering 土木,NA
28983,28982,235,1925,Electrical Engineering 電機,NA
28994,28993,1310,1917,Chemical Engineering 化工,NA
28998,28997,516,1936,Chemical Engineering 化工,NA
29000,28999,1730,1912,Civil Engineering 土木,NA
29003,29002,498,1934,Chemical Engineering 化工,NA
29006,29005,529,1938,Mechanical Engineering 機械,NA
29008,29007,1269,1939,Electrical Engineering 電機,NA
29011,29010,498,NA,Electrical Engineering 電機,NA
29015,29014,561,1924,Textile Engineering 紡織,NA
29019,29018,516,1939,Electrical Engineering 電機,NA
29021,29020,1730,1918,Telecommunications 電訊,NA
29025,29024,1310,NA,Mechanical Engineering 機械,NA
29038,29037,529,1931,Mechanical Engineering 機械,NA
29042,29041,675,1929,Civil Engineering 土木,NA
29044,29043,675,1931,Civil Engineering 土木,NA
29047,29046,876,1935,Civil Engineering 土木,NA
29049,29048,516,1936,Civil Engineering 土木,NA
29051,29050,692,1937,Mining Engineering 礦冶,NA
29053,29052,354,1935,Civil Engineering 土木,NA
29055,29054,235,1927,Mechanical Engineering 機械,NA
29057,29056,837,1925,Mining Engineering 礦冶,NA
29063,29062,516,1936,Chemical Engineering 化工,NA
29065,29064,3146,NA,Mining Engineering 礦冶,NA
29078,29077,561,1935,Textile Engineering 紡織,NA
29081,29079,29082,1915,Electricity 電氣,NA
29104,29103,235,1922,Electrical Engineering 電機,NA
29117,29116,152,1918,Civil Engineering 土木,NA
29120,29119,1310,1918,Mechanical Engineering 機械,NA
29130,29129,235,1927,Mechanical Engineering 機械,NA
29137,29136,821,1937,Civil Engineering 土木,NA
29139,29138,692,1932,Civil Engineering 土木,NA
29143,29141,998,1932,Civil Engineering 土木,NA
29145,29144,235,1932,Civil Engineering 土木,NA
29147,29146,649,1930,unspecified,NA
29149,29148,692,1937,Civil Engineering 土木,NA
29151,29150,876,1938,Civil Engineering 土木,NA
29153,29152,229,1933,Civil Engineering 土木,NA
29155,29154,675,1927,Civil Engineering 土木,NA
29158,29157,529,1939,Civil Engineering 土木,NA
29160,29159,2224,1918,Mechanical Engineering 機械,NA
29161,29159,4827,1924,Electrical Engineering 電機,NA
29167,29166,725,1926,Mechanical Engineering 機械,NA
29169,29168,498,1936,Mechanical Engineering 機械,NA
29171,29170,692,1930,Mechanical Engineering 機械,NA
29179,29178,1499,1916,Civil Engineering 土木,NA
29182,29181,3073,1936,Mining Engineering 礦冶,NA
29188,29185,235,1932,Mechanical Engineering 機械,NA
29197,29196,349,1937,Telecommunications 電訊,Zhuanke 專科
29199,29198,692,1932,Civil Engineering 土木,NA
29203,29202,555,1938,Mechanical Engineering 機械,NA
29205,29204,1499,1930,Civil Engineering 土木,NA
29208,29206,7087,1934,Turbine 輪機,NA
29211,29210,451,1937,Civil Engineering 土木,NA
29213,29212,692,1919,Civil Engineering 土木,NA
29214,29212,152,NA,Civil Engineering 土木,Master 碩士
29219,29218,29220,NA,Chemical Engineering 化工,NA
29229,29228,179,1917,Mechanical Engineering 機械,NA
29238,29237,837,1937,Chemical Engineering 化工,NA
29240,29239,855,1925,Mechanical Engineering 機械,NA
29244,29243,725,1933,Civil Engineering 土木,NA
29246,29245,998,1933,Chemical Engineering 化工,NA
29248,29247,29249,1923,Chemical Engineering 化工,NA
29250,29247,9076,1925,Chemical Engineering 化工,Master 碩士
29258,29257,5740,1925,Electrical Engineering 電機,NA
29267,29266,451,1935,Civil Engineering 土木,NA
29269,29268,70078,1913,Mining Engineering 礦冶,NA
29271,29270,227,1930,Mechanical Engineering 機械,NA
29272,29270,152,1935,Mechanical Engineering 機械,Master 碩士
29275,29274,692,1936,Mining Engineering 礦冶,NA
29277,29276,235,1928,Electrical Engineering 電機,NA
29280,29279,235,1924,Electrical Engineering 電機,NA
29288,29287,195,1916,Mechanical Engineering 機械,NA
29295,29294,561,1924,Textile Engineering 紡織,NA
29299,29296,1253,1930,Civil Engineering 土木,NA
29303,29302,195,1922,Mechanical Engineering 機械,Bachelor 學士
29316,29315,2328,1935,Electrical Engineering 電機,NA
29320,29319,349,1938,Chemical Engineering 化工,NA
29322,29321,2876,1935,Mining Engineering 礦冶,NA
29329,29328,70078,1919,Mining Engineering 礦冶,NA
29347,29346,498,1933,Textile Engineering 紡織,NA
29349,29348,561,1924,Textile Engineering 紡織,NA
29351,29350,498,1935,Electrical Engineering 電機,NA
29354,29352,12802,1920,Mechanical Engineering 機械,NA
29371,29370,1269,1937,Chemical Engineering 化工,NA
29377,29376,498,1932,Electrical Engineering 電機,NA
29379,29378,150,1913,Mining Engineering 礦冶,NA
29380,29378,188,1914,Mining Engineering 礦冶,Master 碩士
29389,29388,455,1933,Civil Engineering 土木,NA
29392,29390,498,1933,Electrical Engineering 電機,NA
29394,29393,4419,1936,Mining Engineering 礦冶,Zhuanke 專科
29397,29395,692,1933,Civil Engineering 土木,NA
29402,29401,455,1938,Chemical Engineering 化工,NA
29404,29403,150,1937,Mining Engineering 礦冶,NA
29412,29411,1730,1924,Radio Engineering 無線電,NA
29415,29414,1730,1920,Radio Engineering 無線電,NA
29417,29416,1499,1935,Civil Engineering 土木,NA
29420,29419,455,1935,Architecture 建築,NA
29425,29424,1730,1917,Telecommunications 電訊,NA
29427,29426,29428,1914,Oil deposit 油礦,NA
29437,29436,354,1937,Civil Engineering 土木,NA
29439,29438,229,1936,Mechanical Engineering 機械,NA
29442,29441,2224,1937,Surveying 測量,NA
29444,29443,2840,NA,Chemical Engineering 化工,NA
29445,29443,3059,1924,Chemical Engineering 化工,NA
29458,29457,354,1937,Mechanical Engineering 機械,NA
29460,29459,821,1937,Civil Engineering 土木,NA
29462,29461,455,1935,Mechanical Engineering 機械,NA
29467,29464,70078,1920,Mining Engineering 礦冶,NA
29486,29484,649,1934,unspecified,NA
29489,29488,3073,1935,Mining Engineering 礦冶,NA
29492,29491,855,1937,Electrical Engineering 電機,NA
29494,29493,229,1936,Mechanical Engineering 機械,NA
29498,29496,229,1936,Electrical Engineering 電機,NA
29502,29501,354,1938,Civil Engineering 土木,NA
29504,29503,227,1932,Civil Engineering 土木,NA
29507,29506,1499,1914,Civil Engineering 土木,NA
29516,29515,725,1927,Civil Engineering 土木,NA
29518,29517,235,1931,Civil Engineering 土木,NA
29522,29521,2224,NA,Civil Engineering 土木,NA
29524,29523,349,1938,Civil Engineering 土木,Zhuanke 專科
29526,29525,675,1929,Civil Engineering 土木,NA
29528,29527,455,1930,Civil Engineering 土木,NA
29529,29527,1946,NA,Civil Engineering 土木,Doctor 博士
29536,29535,349,1937,Chemical Engineering 化工,NA
29538,29537,29539,1929,Chemical Engineering 化工,NA
29540,29537,195,1930,Chemical Engineering 化工,Master 碩士
29545,29544,1499,1934,Civil Engineering 土木,NA
29548,29547,498,1935,Textile Engineering 紡織,NA
29551,29550,821,1932,Textile Engineering 紡織,NA
29553,29552,3350,1930,Mining Engineering 礦冶,NA
29565,29564,516,1935,Chemical Engineering 化工,NA
29567,29566,516,1935,Civil Engineering 土木,NA
29569,29568,349,1938,Civil Engineering 土木,Zhuanke 專科
29571,29570,529,1934,Civil Engineering 土木,NA
29577,29575,451,1939,Civil Engineering 土木,NA
29579,29578,10230,1925,Mechanical Engineering 機械,NA
29586,29585,2224,1937,Electrical Engineering 電機,NA
29591,29590,1730,1918,Electrical Engineering 電機,NA
29593,29592,725,1927,Civil Engineering 土木,NA
29597,29595,235,1929,Electrical Engineering 電機,NA
29601,29600,2876,1935,Civil Engineering 土木,NA
29603,29602,270,1926,Chemical Engineering 化工,NA
29604,29602,276,NA,Chemical Engineering 化工,NA
29608,29607,561,1928,Textile Engineering 紡織,NA
29610,29609,349,1935,Civil Engineering 土木,Zhuanke 專科
29612,29611,692,1926,Mining Engineering 礦冶,NA
29616,29615,227,NA,Civil Engineering 土木,NA
29617,29615,151,NA,Civil Engineering 土木,Master 碩士
29621,29620,1310,1930,Chemical Engineering 化工,NA
29625,29624,675,1929,Civil Engineering 土木,NA
29627,29626,195,NA,Mining Engineering 礦冶,NA
29629,29628,1730,1921,Telecommunications 電訊,NA
29632,29631,2685,1925,Mechanical Engineering 機械,NA
29633,29631,29634,1927,Mechanical Engineering 機械,NA
29641,29640,1310,1931,Chemical Engineering 化工,NA
29645,29644,561,1936,Chemical Engineering 化工,NA
29647,29646,516,1936,Chemical Engineering 化工,NA
29649,29648,232,NA,Civil Engineering 土木,NA
29654,29653,994,1939,Civil Engineering 土木,NA
29656,29655,1730,1916,Electrical Engineering 電機,NA
29660,29659,195,NA,Aeronautical Engineering 航空機械,Master 碩士
29663,29662,1499,1911,Civil Engineering 土木,NA
29666,29665,561,1935,Textile Engineering 紡織,NA
29670,29669,3059,1912,Mining Engineering 礦冶,NA
29675,29674,150,NA,Mining Engineering 礦冶,NA
29689,29688,692,1932,Civil Engineering 土木,NA
29693,29692,455,1934,Civil Engineering 土木,NA
29696,29695,675,1934,Civil Engineering 土木,NA
29698,29697,235,1924,Electrical Engineering 電機,NA
29701,29700,692,1910,Mining Engineering 礦冶,NA
29703,29702,195,1920,Electrical Engineering 電機,Bachelor 學士
29706,29705,561,1920,Textile Engineering 紡織,NA
29708,29707,455,1932,Chemical Engineering 化工,NA
29710,29709,821,1932,Mining Engineering 礦冶,NA
29716,29715,516,1935,Chemical Engineering 化工,NA
29718,29717,725,1934,Civil Engineering 土木,NA
29723,29722,725,1925,Mining Engineering 礦冶,NA
29725,29724,3073,1934,Mining Engineering 礦冶,NA
29728,29727,1730,1912,Telecommunications 電訊,NA
29730,29729,529,1934,Civil Engineering 土木,NA
29733,29732,855,1932,Chemical Engineering 化工,NA
29735,29734,129,1912,Mechanical Engineering 機械,NA
29736,29734,195,1914,Naval Architecture 造船,NA
29747,29734,195,1915,Naval Architecture 造船,NA
29748,29734,195,1916,Aeronautical Engineering 航空機械,Master 碩士
29751,29750,692,1936,Civil Engineering 土木,NA
29754,29753,529,1937,Electrical Engineering 電機,NA
29756,29755,555,1939,Civil Engineering 土木,NA
29758,29757,516,1939,Architecture 建築,NA
29761,29759,455,1929,Civil Engineering 土木,NA
29766,29765,235,1930,Mechanical Engineering 機械,NA
29773,29772,725,1929,Mechanical Engineering 機械,NA
29776,29774,229,1936,Civil Engineering 土木,NA
29781,29779,1499,1924,Civil Engineering 土木,NA
29782,29779,198,1927,unspecified,Master 碩士
29796,29795,235,1927,Electrical Engineering 電機,NA
29802,29801,29803,1925,Mechanical Engineering 機械,NA
29810,29809,1730,1912,Civil Engineering 土木,NA
29813,29812,1310,1926,Textile Engineering 紡織,NA
29817,29816,235,1931,Electrical Engineering 電機,NA
29822,29821,455,1935,Civil Engineering 土木,NA
29827,29826,2224,1939,Mechanical Engineering 機械,NA
29829,29828,235,1922,Electrical Engineering 電機,NA
29832,29831,1679,1937,Civil Engineering 土木,NA
29834,29833,3059,1930,Electrical Engineering 電機,NA
29835,29833,6339,1931,Electrical Engineering 電機,NA
29840,29839,235,1910,Civil Engineering 土木,NA
29841,29839,167,NA,Civil Engineering 土木,NA
29847,29846,2224,1939,Civil Engineering 土木,NA
29849,29848,498,1937,Chemical Engineering 化工,NA
29851,29850,675,1934,Civil Engineering 土木,NA
29853,29852,692,1930,Mining Engineering 礦冶,NA
29857,29856,561,1921,Textile Engineering 紡織,NA
29861,29860,1499,1911,Civil Engineering 土木,NA
29865,29864,195,1928,Electrical Engineering 電機,Bachelor 學士
29866,29864,195,1928,Electrical Engineering 電工,Master 碩士
29877,29876,498,1933,Mechanical Engineering 機械,NA
29879,29878,349,1938,Mechanical Engineering 機械,NA
29881,29880,675,1929,Civil Engineering 土木,NA
29892,29890,1499,1937,Civil Engineering 土木,NA
29894,29893,4718,1919,Electrical Engineering 電機,NA
29903,29902,2685,1929,Mechanical Engineering 機械,NA
29910,29909,235,1936,Mechanical Engineering 機械,NA
29912,29911,692,1928,Mining Engineering 礦冶,NA
29923,29922,516,1937,Civil Engineering 土木,NA
29925,29924,675,1929,Civil Engineering 土木,NA
29927,29926,151,NA,Mining Engineering 礦冶,Master 碩士
29935,29934,151,NA,Chemical Engineering 化工,Master 碩士
29942,29941,235,1921,Electrical Engineering 電機,NA
29947,29946,235,1928,Mechanical Engineering 機械,NA
29952,29951,725,1929,Mechanical Engineering 機械,NA
29954,29953,455,1935,Mechanical Engineering 機械,NA
29958,29957,675,1938,Civil Engineering 土木,NA
29960,29959,120,NA,Mechanical Engineering 機械,NA
29970,29969,1730,1923,Telecommunications 電訊,Zhuanke 專科
29972,29971,195,1923,Electrical Engineering 電機,Bachelor 學士
29976,29975,675,1938,Civil Engineering 土木,NA
29979,29978,998,1935,Electrical Engineering 電機,NA
29981,29980,455,1937,Civil Engineering 土木,NA
29988,29987,235,1930,Electrical Engineering 電機,NA
29992,29991,455,1935,Chemical Engineering 化工,NA
29996,29995,1730,1918,Telecommunications 電訊,NA
30005,30004,1730,1920,Telecommunications 電訊,NA
30008,30007,1307,1920,Civil Engineering 土木,NA
30010,30009,3073,1937,Civil Engineering 土木,NA
30012,30011,2584,1920,Mining Engineering 礦冶,NA
30028,30026,12802,1911,Mechanical Engineering 機械,NA
30044,30043,198,1924,Chemical Engineering 化工,NA
30045,30043,252,1925,Chemical Engineering 化工,Master 碩士
30053,30052,1499,1939,Civil Engineering 土木,NA
30058,30057,5712,NA,Mining Engineering 礦冶,Master 碩士
30063,30062,725,1928,Civil Engineering 土木,NA
30065,30064,529,1935,Civil Engineering 土木,NA
30069,30068,561,1927,Textile Engineering 紡織,NA
30071,30070,516,1936,Civil Engineering 土木,NA
30074,30073,198,NA,Civil Engineering 土木,NA
30075,30073,223,NA,unspecified,Master 碩士
30080,30079,725,1932,Mining Engineering 礦冶,NA
30082,30081,120,NA,Mechanical Engineering 機械,NA
30090,30089,692,1936,Mechanical Engineering 機械,NA
30092,30091,235,1939,Mechanical Engineering 機械,NA
30094,30093,692,1931,Civil Engineering 土木,NA
30098,30097,455,1933,Mechanical Engineering 機械,NA
30102,30101,498,1935,Chemical Engineering 化工,NA
30104,30103,115,1908,Mechanical Engineering 機械,NA
30112,30111,725,1926,Mechanical Engineering 機械,NA
30116,30114,725,1926,Mining Engineering 礦冶,NA
30118,30117,692,1934,Civil Engineering 土木,NA
30121,30120,12802,1912,Mechanical Engineering 機械,NA
30132,30131,529,1932,Civil Engineering 土木,NA
30135,30134,692,1923,Civil Engineering 土木,NA
30138,30137,3073,1936,Mining Engineering 礦冶,NA
30142,30141,675,1935,Civil Engineering 土木,NA
30144,30143,1310,1935,Mechanical Engineering 機械,NA
30149,30148,455,1933,Mechanical Engineering 機械,NA
30152,30151,9471,1934,Mining Engineering 礦冶,NA
30164,30163,152,NA,Electrical Engineering 電機,NA
30165,30163,195,1928,Electrical Engineering 電機,Master 碩士
30170,30169,498,1939,Electrical Engineering 電機,NA
30172,30171,675,1931,Civil Engineering 土木,NA
30174,30173,235,1928,Electrical Engineering 電機,NA
30181,30180,855,1927,Chemical Engineering 化工,NA
30183,30182,3073,1936,Mining Engineering 礦冶,NA
30187,30186,2888,1939,Mechanical Engineering 機械,NA
30190,30189,2224,1920,Civil Engineering 土木,NA
30192,30191,30193,1926,Chemical Engineering 化工,Doctor 博士
30201,30200,1499,1927,Civil Engineering 土木,NA
30204,30203,855,1924,Mechanical Engineering 機械,NA
30214,30213,3073,1933,Mining Engineering 礦冶,NA
30219,30218,725,1918,Mechanical Engineering 機械,NA
30221,30220,561,1922,Textile Engineering 紡織,NA
30223,30222,235,1936,Electrical Engineering 電機,NA
30224,30222,171,1937,Telecommunications 電信,Master 碩士
30231,30230,152,NA,Civil Engineering 土木,NA
30232,30230,195,NA,Civil Engineering 土木,Master 碩士
30235,30234,675,1931,Civil Engineering 土木,NA
30237,30236,498,1935,Chemical Engineering 化工,NA
30239,30238,1310,1921,Chemical Engineering 化工,NA
30254,30253,235,1920,Electrical Engineering 電機,NA
30261,30260,837,1926,Mining Engineering 礦冶,NA
30262,30260,2685,1928,Mechanical Engineering 機械,NA
30274,30273,455,1934,Civil Engineering 土木,NA
30277,30276,1269,1936,Mechanical Engineering 機械,NA
30279,30278,235,1937,Electrical Engineering 電機,NA
30282,30281,2004,1939,Civil Engineering 土木,NA
30286,30285,3073,1935,Civil Engineering 土木,NA
30290,30289,235,1923,Electrical Engineering 電機,NA
30291,30289,152,1925,Electrical Engineering 電機,Master 碩士
30292,30289,195,1928,Naval Architecture 造船,Bachelor 學士
30304,30303,901,1934,Civil Engineering 土木,NA
30308,30307,692,1919,Mining Engineering 礦冶,NA
30313,30312,30314,1936,Mechanical Engineering 機械,NA
30318,30317,516,1935,Civil Engineering 土木,NA
30320,30319,692,1931,Civil Engineering 土木,NA
30322,30321,855,1925,Mechanical Engineering 機械,NA
30323,30321,725,1928,Electrical Engineering 電機,NA
30325,30324,455,1933,Civil Engineering 土木,NA
30329,30328,1310,1929,Textile Engineering 紡織,NA
30332,30331,725,1933,Electrical Engineering 電機,NA
30334,30333,725,1918,Mechanical Engineering 機械,NA
30336,30335,692,1930,Civil Engineering 土木,NA
30340,30338,821,1937,Electrical Engineering 電機,NA
30342,30341,821,1937,Civil Engineering 土木,NA
30344,30343,692,1936,Mechanical Engineering 機械,NA
30346,30345,235,1928,Mechanical Engineering 機械,NA
30351,30350,725,NA,Mechanical Engineering 機械,Zhuanke 專科
30353,30352,837,1937,Electrical Engineering 電機,NA
30355,30354,455,1934,Civil Engineering 土木,NA
30358,30357,1310,1929,Mechanical Engineering 機械,NA
30365,30364,70078,1919,Mining Engineering 礦冶,NA
30368,30366,998,1938,Electrical Engineering 電機,NA
30370,30369,2328,1935,Electrical Engineering 電機,NA
30378,30377,725,1926,Mechanical Engineering 機械,NA
30380,30379,15222,1937,Electrical Engineering 電機,NA
30382,30381,821,1932,Textile Engineering 紡織,NA
30391,30390,235,1938,Mechanical Engineering 機械,NA
30393,30392,235,1936,Mechanical Engineering 機械,NA
30395,30394,1730,1919,Telecommunications 電信,NA
30397,30396,30398,1923,Mechanical Engineering 機械,NA
30420,30419,1730,1917,Radio Engineering 無線電,NA
30422,30421,725,1922,Mining Engineering 礦冶,NA
30424,30423,3530,1924,Chemical Engineering 化工,NA
30427,30426,725,1918,Mechanical Engineering 機械,NA
30434,30433,821,1935,Electrical Engineering 電機,NA
30436,30435,1102,1928,Mechanical Engineering 機械,NA
30444,30443,1499,1923,Civil Engineering 土木,NA
30450,30449,994,1919,Mechanical Engineering 機械,NA
30459,30458,725,1932,Mining Engineering 礦冶,NA
30461,30460,3530,1924,Electrical Engineering 電機,NA
30467,30466,901,1939,Civil Engineering 土木,NA
30469,30468,855,1926,Mechanical Engineering 機械,NA
30472,30471,30474,1910,Mining Engineering 礦冶,NA
30479,30477,498,1933,Electrical Engineering 電機,NA
30481,30480,4670,1935,Mining Engineering 礦冶,NA
30482,30480,4670,1937,unspecified,Master 碩士
30487,30486,5275,1927,Aeronautical Engineering 航空機械,NA
30495,30494,998,1935,Civil Engineering 土木,NA
30499,30498,998,1935,Electrical Engineering 電機,NA
30500,30498,171,NA,Electrical Engineering 電機,Master 碩士
30503,30502,235,1929,Electrical Engineering 電機,NA
30504,30502,171,1930,unspecified,Master 碩士
30509,30508,455,1938,Civil Engineering 土木,NA
30513,30512,354,1937,Civil Engineering 土木,NA
30515,30514,821,1929,Civil Engineering 土木,NA
30518,30517,529,1934,Civil Engineering 土木,NA
30522,30521,555,1939,Civil Engineering 土木,NA
30524,30523,725,1920,Civil Engineering 土木,NA
30526,30525,876,1937,Civil Engineering 土木,NA
30528,30527,1499,1939,Civil Engineering 土木,NA
30530,30529,455,1938,Chemical Engineering 化工,NA
30532,30531,516,1936,Civil Engineering 土木,NA
30534,30533,692,1931,Civil Engineering 土木,NA
30539,30538,7087,1937,Turbine 輪機,NA
30541,30540,235,1917,Civil Engineering 土木,NA
30543,30542,4419,1936,Mining Engineering 礦冶,NA
30553,30552,455,1934,Electrical Engineering 電機,NA
30556,30555,516,1939,Civil Engineering 土木,NA
30558,30557,451,1935,Civil Engineering 土木,NA
30560,30559,3044,1939,Civil Engineering 土木,NA
30562,30561,4419,1936,Mining Engineering 礦冶,NA
30564,30563,349,1937,Telecommunications 電信,Zhuanke 專科
30566,30565,555,1939,Electrical Engineering 電機,NA
30568,30567,516,1939,Civil Engineering 土木,NA
30570,30569,179,1923,Chemical Engineering 化工,Master 碩士
30590,30589,2740,1927,Mining Engineering 礦冶,NA
30601,30600,1730,1917,Telecommunications 電信,NA
30603,30602,23712,1924,Mathematics 數理,Master 碩士
30605,30602,12994,1928,Civil Engineering 土木,NA
30608,30606,520,1938,Civil Engineering 土木,NA
30610,30609,1730,1912,Telecommunications 電信,NA
30612,30611,235,1927,Mechanical Engineering 機械,NA
30617,30616,223,1933,Electrical Engineering 電機,NA
30618,30616,198,1937,Electrical Engineering 電機,Master 碩士
30624,30623,994,1916,Civil Engineering 土木,NA
30626,30625,675,1931,Civil Engineering 土木,NA
30628,30627,498,1937,Mechanical Engineering 機械,NA
30630,30629,70078,1925,Electrical Engineering 電機,NA
30635,30634,516,1939,Chemical Engineering 化工,NA
30637,30636,120,1939,Civil Engineering 土木,NA
30643,30642,498,1933,Electrical Engineering 電機,NA
30645,30644,1310,NA,Electrical Engineering 電機,NA
30655,30654,516,1936,Civil Engineering 土木,NA
30657,30656,354,1937,Mechanical Engineering 機械,NA
30659,30658,561,1917,Textile Engineering 紡織,NA
30662,30661,994,1923,Mechanical Engineering 機械,NA
30672,30670,561,1924,Textile Engineering 紡織,NA
30675,30674,1102,1927,Mechanical Engineering 機械,NA
30687,30685,11803,1923,Civil Engineering 土木,NA
30691,30689,692,1937,Civil Engineering 土木,NA
30693,30692,998,1937,Electrical Engineering 電機,NA
30695,30694,692,1930,Civil Engineering 土木,NA
30698,30697,692,1931,Civil Engineering 土木,NA
30702,30701,235,1929,Electrical Engineering 電機,NA
30707,30704,2876,1937,Civil Engineering 土木,NA
30711,30710,692,1937,Civil Engineering 土木,NA
30714,30712,229,1937,Mechanical Engineering 機械,NA
30716,30715,1310,1923,Mechanical Engineering 機械,NA
30732,30731,354,1935,Civil Engineering 土木,NA
30735,30734,994,1939,Civil Engineering 土木,NA
30737,30736,516,1939,Chemical Engineering 化工,NA
30739,30738,4419,1936,Mining Engineering 礦冶,Zhuanke 專科
30741,30740,1499,1937,Mining Engineering 礦冶,NA
30743,30742,1499,1932,Civil Engineering 土木,NA
30749,30748,649,1930,Hydraulic Engineering 水利,NA
30751,30750,821,1930,Mining Engineering 礦冶,NA
30753,30752,2876,1939,Civil Engineering 土木,NA
30756,30755,227,1918,Electrical Engineering 電機,NA
30771,30770,30772,1912,Civil Engineering 土木,NA
30776,30775,725,1929,Mechanical Engineering 機械,NA
30778,30777,516,1937,Civil Engineering 土木,NA
30781,30779,2224,1924,Mechanical Engineering 機械,NA
30791,30790,5275,NA,Civil Engineering 土木,NA
30796,30794,692,1914,Mining Engineering 礦冶,NA
30800,30798,498,1932,Electrical Engineering 電機,NA
30802,30801,901,1935,Civil Engineering 土木,NA
30806,30805,1499,1936,Civil Engineering 土木,NA
30809,30808,561,1925,Textile Engineering 紡織,NA
30812,30811,725,1917,Mechanical Engineering 機械,Zhuanke 專科
30814,30813,70078,1916,Civil Engineering 土木,NA
30816,30815,692,1936,Civil Engineering 土木,NA
30818,30817,2224,1924,Mechanical Engineering 機械,NA
30831,30830,821,1934,Electrical Engineering 電機,NA
30833,30832,675,1934,Civil Engineering 土木,NA
30836,30834,2888,1939,Civil Engineering 土木,NA
30838,30837,855,1936,Mechanical Engineering 機械,NA
30840,30839,855,1936,Mechanical Engineering 機械,NA
30842,30841,1310,1930,Electrical Engineering 電機,NA
30850,30849,675,1937,Civil Engineering 土木,NA
30852,30851,235,1913,Civil Engineering 土木,NA
30854,30853,692,1931,Mining Engineering 礦冶,NA
30855,30853,3146,NA,Metallurgy 冶金,NA
30870,30868,692,1936,Mechanical Engineering 機械,NA
30872,30871,1499,1932,Civil Engineering 土木,NA
30874,30873,692,1934,Mechanical Engineering 機械,NA
30877,30876,725,1935,Mechanical Engineering 機械,NA
30879,30878,692,1936,Mining Engineering 礦冶,NA
30884,30883,725,1919,Mining Engineering 礦冶,NA
30893,30892,232,1923,Civil Engineering 土木,NA
30901,30900,855,1924,Chemical Engineering 化工,NA
30904,30903,1499,1926,Civil Engineering 土木,NA
30907,30906,692,1931,Mining Engineering 礦冶,NA
30910,30909,821,1929,Mechanical Engineering 機械,NA
30912,30911,821,1933,Civil Engineering 土木,NA
30915,30914,561,1935,Textile Engineering 紡織,NA
30917,30916,235,1911,Electrical Engineering 電機,NA
30918,30916,9076,1915,Electrical Engineering 電機,Master 碩士
30927,30926,1907,1917,Electrical Engineering 電機,NA
30940,30939,2224,NA,Mechanical Engineering 機械,NA
30941,30913,821,1933,Civil Engineering 土木,NA
30943,30942,516,1939,Chemical Engineering 化工,NA
30945,30944,498,1934,Mechanical Engineering 機械,NA
30947,30946,349,1937,Architecture 建築,NA
30949,30948,229,1937,Mechanical Engineering 機械,NA
30951,30950,70078,1916,Civil Engineering 土木,NA
30959,30957,516,1935,Civil Engineering 土木,NA
30961,30960,198,1914,Chemical Engineering 化工,NA
30975,30973,354,1933,Civil Engineering 土木,NA
30978,30977,235,1939,Mechanical Engineering 機械,NA
30984,30983,349,1937,Telecommunications 電信,Zhuanke 專科
30986,30985,1499,1928,Civil Engineering 土木,NA
30993,30992,2840,1931,Civil Engineering 土木,NA
31004,31003,516,1937,Civil Engineering 土木,NA
31006,31005,516,1939,Mechanical Engineering 機械,NA
31008,31007,516,1939,Mechanical Engineering 機械,NA
31010,31009,998,1934,Civil Engineering 土木,NA
31012,31011,2224,1939,Civil Engineering 土木,NA
31019,31018,354,1934,Civil Engineering 土木,NA
31023,31022,354,1938,Civil Engineering 土木,NA
31026,31024,529,1936,Mechanical Engineering 機械,NA
31028,31027,516,1936,Civil Engineering 土木,NA
31030,31029,31031,1912,Mechanical Engineering 機械,NA
31040,31039,2685,1926,Mechanical Engineering 機械,NA
31050,31048,555,1938,Mechanical Engineering 機械,NA
31054,31051,498,1930,Electrical Engineering 電機,NA
31060,31052,555,1939,Civil Engineering 土木,NA
31062,31061,70078,1919,Mining Engineering 礦冶,NA
31068,31067,4581,1939,Civil Engineering 土木,NA
31070,31069,235,1924,Mechanical Engineering 機械,NA
31075,31074,1499,1934,Civil Engineering 土木,NA
31078,31077,455,1937,Architecture 建築,NA
31081,31080,235,1924,Mechanical Engineering 機械,NA
31085,31084,725,1931,Mechanical Engineering 機械,NA
31089,31088,1730,1920,Telecommunications 電訊,NA
31097,31095,561,1926,Textile Engineering 紡織,NA
31099,31098,855,1935,Chemical Engineering 化工,NA
31101,31100,516,1939,Chemical Engineering 化工,NA
31103,31102,821,1933,Textile Engineering 紡織,NA
31105,31104,235,1932,Civil Engineering 土木,NA
31109,31107,235,1933,Electrical Engineering 電機,NA
31111,31110,3044,1936,Civil Engineering 土木,NA
31113,31112,229,1936,Electrical Engineering 電機,NA
31116,31115,725,1923,Mining Engineering 礦冶,NA
31118,31117,2328,1937,Electrical Engineering 電機,NA
31121,31119,649,1932,unspecified,NA
31124,31123,1310,1923,Chemical Engineering 化工,NA
31127,31126,561,1926,Textile Engineering 紡織,NA
31129,31128,70078,1917,Civil Engineering 土木,NA
31137,31136,998,1933,Civil Engineering 土木,NA
31140,31139,561,1922,Textile Engineering 紡織,NA
31146,31145,821,1934,Mechanical Engineering 機械,NA
31150,31149,2740,1922,Mining Engineering 礦冶,NA
31154,31153,3073,1935,Mining Engineering 礦冶,NA
31157,31156,1730,1918,Telecommunications 電訊,NA
31160,31159,901,1936,Civil Engineering 土木,NA
31163,31162,855,1925,Mechanical Engineering 機械,NA
31165,31164,725,1932,Mechanical Engineering 機械,NA
31167,31166,31168,NA,Chemistry 化學,NA
31170,31166,31171,1929,Chemical Engineering 化工,Doctor 博士
31183,31182,498,1934,Electrical Engineering 電機,NA
31185,31184,1730,1920,Radio Engineering 無線電,NA
31187,31186,2004,1939,Mechanical Engineering 機械,NA
31189,31188,455,1934,Mechanical Engineering 機械,NA
31192,31191,3073,1935,Mining Engineering 礦冶,NA
31198,31197,725,NA,Mechanical Engineering 機械,NA
31200,31199,1307,1920,Civil Engineering 土木,NA
31202,31201,349,1937,Civil Engineering 土木,Zhuanke 專科
31204,31203,455,1939,Chemical Engineering 化工,NA
31206,31205,1499,1936,Civil Engineering 土木,NA
31208,31207,12802,1910,Mechanical Engineering 機械,NA
31217,31216,235,1934,Electrical Engineering 電機,NA
31221,31220,498,1937,Electrical Engineering 電機,NA
31223,31222,855,1932,Electrical Engineering 電機,NA
31225,31224,692,1930,Mechanical Engineering 機械,NA
31231,31230,692,1931,Mining Engineering 礦冶,NA
31237,31236,1730,1918,Telecommunications 電信,NA
31239,31238,29803,1928,Chemical Engineering 化工,NA
31244,31242,561,1922,Textile Engineering 紡織,NA
31248,31247,455,1937,Electrical Engineering 電機,NA
31251,31250,2224,1923,Mechanical Engineering 機械,NA
31253,31252,455,1937,Civil Engineering 土木,NA
31257,31256,855,1937,Chemical Engineering 化工,NA
31259,31258,2224,1938,Surveying 測量,NA
31261,31260,229,1933,Civil Engineering 土木,NA
31262,31260,195,1935,Civil Engineering 土木,NA
31263,31260,198,NA,unspecified,Research 研究
31270,31269,229,1929,Civil Engineering 土木,NA
31271,31269,152,1932,Civil Engineering 土木,Master 碩士
31279,31278,855,1937,Electrical Engineering 電機,NA
31281,31280,725,1935,Mining Engineering 礦冶,NA
31284,31283,426,1939,Civil Engineering 土木,NA
31286,31285,675,1931,Civil Engineering 土木,NA
31290,31289,235,1938,Civil Engineering 土木,NA
31293,31291,1950,NA,Civil Engineering 土木,NA
31297,31296,725,1911,Mining Engineering 礦冶,NA
31298,31296,12305,1914,Mining Engineering 礦冶,NA
31316,31314,23712,NA,Mechanical Engineering 機械,NA
31320,31319,3530,1925,Chemical Engineering 化工,NA
31327,31326,349,1937,Architecture 建築,NA
31330,31329,692,1914,Mining Engineering 礦冶,NA
31334,31333,188,1915,Mining Engineering 礦冶,Master 碩士
31344,31343,837,1935,Electrical Engineering 電機,NA
31346,31345,692,1920,Mining Engineering 礦冶,NA
31351,31350,2224,1936,Electrical Engineering 電機,NA
31354,31353,855,1932,Chemical Engineering 化工,NA
31356,31355,2584,1913,Mining Engineering 礦冶,NA
31361,31360,2224,1918,Electrical Engineering 電機,NA
31369,31368,31371,1930,Mechanical Engineering 機械,NA
31379,31378,195,1917,Chemical Engineering 化工,Bachelor 學士
31380,31378,151,1918,Chemical Engineering 化工,Master 碩士
31414,31413,31416,NA,Radio Engineering 無線電,NA
31429,31428,235,1914,Civil Engineering 土木,NA
31437,31436,998,1938,Electrical Engineering 電機,NA
31439,31438,235,1916,Civil Engineering 土木,NA
31451,31449,498,1929,Chemical Engineering 化工,NA
31453,31452,725,1916,Civil Engineering 土木,Zhuanke 專科
31464,31463,70078,1917,Civil Engineering 土木,NA
31467,31465,150,NA,Mining Engineering 礦冶,NA
31468,31465,3157,1932,Chemical Engineering 化工,Master 碩士
31475,31474,235,1935,Electrical Engineering 電機,NA
31477,31476,31478,1919,Mechanical Engineering 機械,NA
31484,31482,455,1933,Electrical Engineering 電機,NA
31485,31482,190,NA,Electrical Engineering 電機,Research 研究
31491,31490,725,1928,Mining Engineering 礦冶,NA
31493,31492,725,1920,Mining Engineering 礦冶,NA
31496,31494,876,1937,Civil Engineering 土木,NA
31498,31497,498,1933,Electrical Engineering 電機,NA
31500,31499,994,1933,Civil Engineering 土木,NA
31503,31502,115,1932,Civil Engineering 土木,NA
31505,31504,498,1933,Mechanical Engineering 機械,NA
31511,31510,692,1931,Civil Engineering 土木,NA
31519,31518,1483,1918,Textile Engineering 紡織,NA
31523,31522,998,1935,Electrical Engineering 電機,NA
31525,31524,498,1936,Mechanical Engineering 機械,NA
31527,31526,998,1932,Chemical Engineering 化工,NA
31529,31528,1499,1939,Civil Engineering 土木,NA
31531,31530,235,1932,Civil Engineering 土木,NA
31535,31534,7419,NA,Mechanical Engineering 機械,NA
31536,31534,4017,1934,Mechanical Engineering 機械,NA
31542,31541,235,1931,Civil Engineering 土木,NA
31548,31547,235,1934,Electrical Engineering 電機,NA
31551,31550,1499,1935,unspecified,NA
31554,31553,692,1936,Civil Engineering 土木,NA
31559,31558,235,1936,Electrical Engineering 電機,NA
31562,31561,1310,1931,Chemical Engineering 化工,NA
31567,31566,426,1930,Civil Engineering 土木,NA
31570,31568,516,1939,Mechanical Engineering 機械,NA
31572,31571,516,1939,Mechanical Engineering 機械,NA
31574,31573,520,1935,Civil Engineering 土木,NA
31577,31575,455,1936,Civil Engineering 土木,NA
31580,31579,2224,1918,Mechanical Engineering 機械,NA
31585,31584,516,1939,Chemical Engineering 化工,NA
31587,31586,349,1936,Civil Engineering 土木,Zhuanke 專科
31589,31588,70078,1918,Civil Engineering 土木,NA
31591,31590,1730,1915,Telecommunications 電信,NA
31593,31592,692,1920,Mining Engineering 礦冶,NA
31604,31603,1730,1919,Telecommunications 電信,NA
31613,31612,529,1937,Electrical Engineering 電機,NA
31615,31614,529,1939,Civil Engineering 土木,NA
31617,31616,725,1927,Civil Engineering 土木,NA
31619,31618,229,1937,Mechanical Engineering 機械,NA
31621,31620,1730,1920,Radio Engineering 無線電,NA
31623,31622,31478,1928,Mechanical Engineering 機械,NA
31627,31626,498,NA,Electrical Engineering 電機,NA
31641,31640,692,1919,Mining Engineering 礦冶,NA
31643,31642,2840,1924,Mechanical Engineering 機械,NA
31644,31642,5275,1926,Mechanical Engineering 機械,NA
31652,31651,529,1938,Civil Engineering 土木,NA
31654,31653,692,1933,Civil Engineering 土木,NA
31657,31656,998,1939,Civil Engineering 土木,NA
31659,31658,354,1937,Civil Engineering 土木,NA
31661,31660,516,1937,Chemical Engineering 化工,NA
31663,31662,4599,NA,Electrical Engineering 電機,NA
31668,31667,30772,1915,Civil Engineering 土木,NA
31673,31672,561,1928,Textile Engineering 紡織,NA
31677,31676,692,1931,Civil Engineering 土木,NA
31681,31679,229,1937,Civil Engineering 土木,NA
31684,31682,1310,1926,Textile Engineering 紡織,NA
31698,31697,1102,1927,Electrical Engineering 電機,NA
31712,31710,821,1934,Civil Engineering 土木,NA
31715,31714,555,1939,Civil Engineering 土木,NA
31718,31717,232,1924,Civil Engineering 土木,NA
31726,31725,1499,1925,Civil Engineering 土木,NA
31732,31730,2740,1922,Mining Engineering 礦冶,NA
31736,31735,994,1937,Electrical Engineering 電機,NA
31738,31737,349,1937,Mechanical Engineering 機械,NA
31740,31739,229,1929,Civil Engineering 土木,NA
31741,31739,152,NA,Civil Engineering 土木,Master 碩士
31742,31739,181,NA,Civil Engineering 土木,Doctor 博士
31746,31745,498,1935,Electrical Engineering 電機,NA
31752,31751,1516,1937,Civil Engineering 土木,NA
31755,31754,2740,1922,Mining Engineering 礦冶,NA
31764,31763,235,1932,Civil Engineering 土木,NA
31769,31768,561,1927,Textile Engineering 紡織,NA
31775,31774,529,1932,Electrical Engineering 電機,NA
31787,31786,529,1938,Civil Engineering 土木,NA
31789,31788,498,1935,Mechanical Engineering 機械,NA
31792,31790,455,1930,Civil Engineering 土木,NA
31794,31793,855,1924,Chemical Engineering 化工,NA
31797,31795,167,1933,Civil Engineering 土木,NA
31798,31795,30398,NA,unspecified,Research 研究
31801,31800,70078,1919,Civil Engineering 土木,NA
31803,31802,725,1922,Mining Engineering 礦冶,NA
31814,31813,675,1936,Civil Engineering 土木,NA
31817,31816,235,1930,Electrical Engineering 電機,NA
31818,31816,227,1932,unspecified,Research 研究
31825,31824,855,1926,Mechanical Engineering 機械,NA
31827,31826,725,1917,Mechanical Engineering 機械,Zhuanke 專科
31830,31828,455,1939,Mechanical Engineering 機械,NA
31832,31831,12802,1924,Chemical Engineering 化工,NA
31836,31835,725,1932,Mechanical Engineering 機械,NA
31838,31837,692,1932,Civil Engineering 土木,NA
31840,31839,1499,1927,Civil Engineering 土木,NA
31845,31844,195,1916,Marine Engineering,Master 碩士
31857,31856,520,1935,Civil Engineering 土木,NA
31859,31858,1499,1926,Civil Engineering 土木,NA
31860,31858,152,1927,Civil Engineering 土木,Master 碩士
31875,31873,7087,1936,Turbine 輪機,Zhuanke 專科
31878,31877,70078,1919,Mining Engineering 礦冶,NA
31880,31879,821,1937,Civil Engineering 土木,NA
31883,31881,1730,1920,Telecommunications 電訊,NA
31885,31884,235,1936,Electrical Engineering 電機,NA
31887,31886,2224,1923,Mechanical Engineering 機械,NA
31896,31895,725,1933,Electrical Engineering 電機,NA
31898,31897,855,1926,Chemical Engineering 化工,NA
31900,31899,561,1926,Textile Engineering 紡織,NA
31902,31901,692,1932,Civil Engineering 土木,NA
31906,31905,855,1926,Mechanical Engineering 機械,NA
31913,31912,1499,1922,Civil Engineering 土木,NA
31915,31914,1499,1922,Civil Engineering 土木,NA
31919,31917,692,1934,Mechanical Engineering 機械,NA
31924,31922,692,1917,Civil Engineering 土木,NA
31927,31926,855,1928,Mechanical Engineering 機械,NA
31929,31928,229,1933,Civil Engineering 土木,NA
31934,31933,235,1933,Civil Engineering 土木,NA
31938,31936,70078,1922,Mining Engineering 礦冶,NA
31940,31939,1907,NA,Civil Engineering 土木,NA
31954,31953,692,1915,Mining Engineering 礦冶,NA
31958,31957,561,1935,Textile Engineering 紡織,NA
31960,31959,70078,1918,Mining Engineering 礦冶,NA
31962,31961,692,1936,Mining Engineering 礦冶,NA
31966,31965,13974,NA,unspecified,NA
31970,31969,2888,1939,unspecified,NA
31972,31971,692,1915,Mining Engineering 礦冶,NA
31979,31978,235,1934,Civil Engineering 土木,NA
31981,31980,675,1935,Civil Engineering 土木,NA
31983,31982,725,1927,Mining Engineering 礦冶,NA
31985,31984,725,1927,Mining Engineering 礦冶,NA
31987,31986,115,1927,Civil Engineering 土木,NA
31988,31986,4599,1938,Electrical Engineering 電機,NA
31996,31995,725,1931,Mining Engineering 礦冶,NA
31999,31998,32000,1924,Electrical Engineering 電機,NA
32004,32003,235,1938,Mechanical Engineering 機械,NA
32006,32005,498,1936,Electrical Engineering 電機,NA
32008,32007,855,1925,Mechanical Engineering 機械,NA
32010,32009,1499,1920,Civil Engineering 土木,NA
32012,32009,152,1922,Civil Engineering 土木,Master 碩士
32017,32016,855,1925,Mechanical Engineering 機械,NA
32019,32018,1730,1916,Civil Engineering 土木,NA
32021,32020,725,1937,Electrical Engineering 電機,NA
32023,32022,6339,1931,Electrical Engineering 電機,NA
32027,32026,1730,1920,Telecommunications 電訊,NA
32030,32028,498,1930,Chemical Engineering 化工,NA
32032,32031,675,1929,Civil Engineering 土木,NA
32036,32034,520,1939,Civil Engineering 土木,NA
32038,32037,855,1923,Mechanical Engineering 機械,NA
32040,32039,235,1927,Electrical Engineering 電機,NA
32053,32052,725,1927,Mining Engineering 礦冶,NA
32055,32054,235,1939,Civil Engineering 土木,NA
32057,32056,354,1938,Civil Engineering 土木,NA
32059,32058,1310,1923,Electrical Engineering 電機,NA
32076,32075,235,1936,Mechanical Engineering 機械,NA
32086,32084,692,1925,Civil Engineering 土木,NA
32089,32088,821,1933,Mechanical Engineering 機械,NA
32091,32090,1730,1916,Civil Engineering 土木,NA
32093,32092,516,1935,Civil Engineering 土木,NA
32095,32094,354,1937,Civil Engineering 土木,NA
32097,32096,2888,1939,Electrical Engineering 電機,NA
32099,32098,855,1924,Mechanical Engineering 機械,NA
32106,32105,455,1933,Civil Engineering 土木,NA
32111,32110,455,1935,Civil Engineering 土木,NA
32115,32114,692,1912,Civil Engineering 土木,NA
32117,32116,349,1939,Civil Engineering 土木,Zhuanke 專科
32119,32118,229,1936,Electrical Engineering 電機,NA
32122,32121,235,1925,Electrical Engineering 電機,NA
32149,32148,229,1934,Civil Engineering 土木,NA
32155,32154,692,1925,Mining Engineering 礦冶,NA
32168,32167,837,1926,Mining Engineering 礦冶,NA
32176,32175,235,1930,Electrical Engineering 電機,NA
32178,32177,455,1935,Mechanical Engineering 機械,NA
32181,32180,692,1932,Civil Engineering 土木,NA
32187,32186,1730,1918,Electrical Engineering 電機,NA
32189,32188,3350,1926,Mining Engineering 礦冶,NA
32207,32206,229,1933,Civil Engineering 土木,NA
32210,32209,837,1935,Electrical Engineering 電機,NA
32212,32211,455,1935,Chemical Engineering 化工,NA
32215,32214,229,1937,Civil Engineering 土木,NA
32217,32216,1679,1933,Civil Engineering 土木,NA
32221,32220,9439,1935,Radio Engineering 無線電,Zhuanke 專科
32223,32222,32224,NA,Chemical Engineering 化工,NA
32225,32222,12116,NA,Chemical Engineering 化工,Master 碩士
32228,32227,12688,NA,Civil Engineering 土木,NA
32233,32232,455,1930,Civil Engineering 土木,NA
32238,32237,1499,1923,Civil Engineering 土木,NA
32243,32240,649,1932,unspecified,NA
32247,32246,1730,1918,Telecommunications 電訊,NA
32249,32248,195,1928,Electrical Engineering 電工,Bachelor 學士
32258,32257,235,1912,Electrical Engineering 電機,NA
32259,32257,14807,NA,Electrical Engineering 電機,Master 碩士
32267,32266,235,1933,Mechanical Engineering 機械,NA
32269,32268,998,1931,Chemical Engineering 化工,NA
32271,32270,1730,1918,Telecommunications 電信,NA
32273,32272,1730,1920,Telecommunications 電信,NA
32275,32274,455,1935,Civil Engineering 土木,NA
32278,32277,129,1906,Civil Engineering 土木,NA
32287,32286,235,1931,Civil Engineering 土木,NA
32289,32288,229,1935,Civil Engineering 土木,NA
32292,32291,692,1925,Civil Engineering 土木,NA
32295,32294,561,1917,Textile Engineering 紡織,NA
32297,32296,692,1921,Civil Engineering 土木,NA
32308,32305,235,1929,Electrical Engineering 電機,NA
32315,32313,1730,1921,Telecommunications 電信,NA
32317,32316,235,1916,Electrical Engineering 電機,NA
32326,32325,120,1932,Chemical Engineering 化工,NA
32330,32329,5275,1930,Radio Engineering 無線電,Zhuanke 專科
32337,32336,2004,1937,Civil Engineering 土木,NA
32339,32338,855,1929,Mechanical Engineering 機械,NA
32343,32342,1730,1912,Telecommunications 電信,NA
32345,32344,235,1931,Civil Engineering 土木,NA
32347,32346,561,1930,Textile Engineering 紡織,NA
32352,32351,235,1929,Electrical Engineering 電機,NA
32359,32358,725,1935,Mechanical Engineering 機械,NA
32361,32360,235,1935,Electrical Engineering 電機,NA
32364,32363,675,1926,Civil Engineering 土木,NA
32366,32365,516,1939,Chemical Engineering 化工,NA
32368,32367,455,1939,Mechanical Engineering 機械,NA
32371,32370,498,1936,Electrical Engineering 電機,NA
32373,32372,1730,1920,Telecommunications 電信,NA
32378,32376,2740,1927,Mining Engineering 礦冶,NA
32392,32389,1730,1921,Telecommunications 電訊,NA
32398,32397,235,1930,Mechanical Engineering 機械,NA
32402,32401,725,1926,Mining Engineering 礦冶,NA
32407,32406,821,1935,Electrical Engineering 電機,NA
32409,32408,235,1932,Civil Engineering 土木,NA
32414,32410,235,1915,Civil Engineering 土木,NA
32422,32421,876,1936,Electrical Engineering 電機,NA
32426,32425,235,1936,Mechanical Engineering 機械,NA
32432,32430,1499,1930,Civil Engineering 土木,NA
32435,32434,1499,1935,Civil Engineering 土木,NA
32445,32444,235,1923,Mechanical Engineering 機械,NA
32447,32446,11540,1935,Mining Engineering 礦冶,NA
32458,32457,13051,1924,Mechanical Engineering 機械,NA
32467,32466,235,1921,Civil Engineering 土木,NA
32471,32470,1307,1920,Mechanical Engineering 機械,NA
32472,32470,242,1929,Physics 物理,Master 碩士
32473,32470,129,1933,Physics 物理,Doctor 博士
32486,32484,1499,1922,Civil Engineering 土木,NA
32497,32496,821,1934,Civil Engineering 土木,NA
32500,32499,855,1932,Mechanical Engineering 機械,NA
32502,32501,561,1922,Textile Engineering 紡織,NA
32506,32505,2224,1922,Mechanical Engineering 機械,NA
32512,32511,692,1934,Mechanical Engineering 機械,NA
32516,32515,675,1934,Civil Engineering 土木,NA
32518,32517,1730,1921,Telecommunications 電信,NA
32520,32519,483,1936,Electrical Engineering 電機,NA
32526,32525,725,1911,Civil Engineering 土木,NA
32530,32529,1499,1925,Civil Engineering 土木,NA
32533,32532,998,1934,Civil Engineering 土木,NA
32539,32538,561,1929,Textile Engineering 紡織,NA
32541,32540,998,1933,Electrical Engineering 電機,NA
32543,32542,998,1933,Electrical Engineering 電機,NA
32552,32549,2888,1939,Textile Engineering 紡織,NA
32554,32553,516,1939,Electrical Engineering 電機,NA
32556,32555,725,1932,Mining Engineering 礦冶,NA
32560,32558,2224,1939,Civil Engineering 土木,NA
32562,32561,692,1930,Civil Engineering 土木,NA
32565,32564,6102,1917,Chemical Engineering 化工,NA
32566,32564,1369,1921,Chemical Engineering 化工,NA
32582,32581,70078,1916,Civil Engineering 土木,NA
32592,32588,1730,1918,Radio Engineering 無線電,NA
32608,32527,1730,1918,Radio Engineering 無線電,NA
32610,32609,227,1925,Mechanical Engineering 機械,NA
32611,32609,195,1927,Electrical Engineering 電工,Master 碩士
32617,32616,235,1923,Mechanical Engineering 機械,NA
32618,32616,152,1924,Thermal Engineering 熱力工程,Master 碩士
32624,32622,692,1927,Mining Engineering 礦冶,NA
32632,32631,725,1911,Mining Engineering 礦冶,NA
32634,32633,115,1938,Electrical Engineering 電機,NA
32636,32635,227,1925,Mechanical Engineering 機械,NA
32637,32635,179,1927,Mechanical Engineering 機械,NA
32642,32641,1742,1937,Civil Engineering 土木,NA
32644,32643,32646,1911,Civil Engineering 土木,NA
32655,32654,561,1929,Textile Engineering 紡織,NA
32657,32656,692,1930,Mining 採冶,NA
32662,32661,235,1932,Mechanical Engineering 機械,NA
32665,32664,32667,1925,Chemical Engineering 化工,NA
32673,32672,855,NA,Chemical Engineering 化工,NA
32677,32674,455,1932,Civil Engineering 土木,NA
32683,32681,561,1922,Textile Engineering 紡織,NA
32693,32691,855,1937,Mechanical Engineering 機械,NA
32696,32694,725,1933,Civil Engineering 土木,NA
32698,32697,2224,1939,Electrical Engineering 電機,NA
32701,32695,692,1933,Civil Engineering 土木,NA
32704,32702,692,1936,Civil Engineering 土木,NA
32706,32703,692,1938,Civil Engineering 土木,NA
32709,32708,998,1939,Mechanical Engineering 機械,NA
32713,32711,2224,1930,Civil Engineering 土木,NA
32716,32715,78002,1910,Mechanical Engineering 機械,NA
32718,32705,354,1937,Civil Engineering 土木,NA
32724,32723,692,1936,Civil Engineering 土木,NA
32729,32725,1730,1920,Telecommunications 電信,NA
32731,32730,235,1915,Electrical Engineering 電機,NA
32737,32736,692,1919,Mining Engineering 礦冶,NA
32740,32738,725,1931,Mining Engineering 礦冶,NA
32745,32743,1730,1918,Radio Engineering 無線電,NA
32747,32746,235,1914,Civil Engineering 土木,NA
32750,32748,692,1934,Civil Engineering 土木,NA
32752,32749,1499,NA,Civil Engineering 土木,NA
32757,32755,232,1918,Civil Engineering 土木,NA
32759,32755,232,1920,Civil Engineering 土木,Doctor 博士
32763,32758,692,1931,Mechanical Engineering 機械,NA
32771,32770,692,1935,Civil Engineering 土木,NA
32776,32775,152,1921,Electrical Engineering 電機,NA
32782,32781,692,1928,Civil Engineering 土木,NA
32785,32783,998,1937,Mechanical Engineering 機械,NA
32790,32787,229,1934,Civil Engineering 土木,NA
32795,32793,561,1936,Chemical Engineering 化工,NA
32799,32798,1730,1923,Telecommunications 電信,NA
32803,32802,2888,1939,Mechanical Engineering 機械,NA
32805,32804,725,1936,Mining Engineering 礦冶,NA
32807,32806,1907,1924,Electrical Engineering 電機,NA
32810,32806,23712,1927,Aeronautical Engineering 航空機械,NA
32818,32817,516,NA,Civil Engineering 土木,NA
32820,32819,498,1929,Chemical Engineering 化工,NA
32824,32823,1499,1926,Civil Engineering 土木,NA
32826,32825,821,1932,Mining Engineering 礦冶,NA
32828,32827,6339,1922,Electrical Engineering 電機,NA
32829,32827,23712,1931,Electrical Engineering 電機,Doctor 博士
32830,32827,4599,NA,unspecified,Research 研究
32831,32827,32832,NA,unspecified,Research 研究
32836,32835,1499,1919,Civil Engineering 土木,NA
32838,32835,179,1922,Mechanical Engineering 機械,Master 碩士
32851,32849,195,1918,Chemical Engineering 化工,Bachelor 學士
32854,32853,1499,1920,Mechanical Engineering 機械,NA
32855,32853,152,NA,unspecified,NA
32856,32853,276,NA,Mechanical Engineering 機械,Master 碩士
32864,32863,855,1937,Chemical Engineering 化工,NA
32866,32865,235,1920,Civil Engineering 土木,NA
32867,32865,152,NA,Civil Engineering 土木,Master 碩士
32874,32872,235,1935,Mechanical Engineering 機械,NA
32877,32876,1730,1912,Telecommunications 電訊,NA
32879,32878,235,1920,Civil Engineering 土木,NA
32880,32878,152,NA,Civil Engineering 土木,Master 碩士
32896,32895,1730,1918,Electrical Engineering 電機,NA
32908,32906,46713,1909,Mining Engineering 礦冶,NA
32919,32918,12802,1910,Mechanical Engineering 機械,NA
32929,32928,354,1934,Civil Engineering 土木,NA
32933,32932,649,1932,unspecified,NA
32936,32935,5740,1922,Chemical Engineering 化工,NA
32946,32943,855,1924,Chemical Engineering 化工,NA
32949,32947,529,1934,Electrical Engineering 電機,NA
32951,32950,229,1935,Civil Engineering 土木,NA
32955,32954,998,1923,Electrical Engineering 電機,NA
32961,32960,235,1932,Electrical Engineering 電機,NA
32964,32963,229,1937,Electrical Engineering 電機,NA
32966,32965,235,1934,Mechanical Engineering 機械,NA
32970,32969,235,1930,Electrical Engineering 電機,NA
32971,32969,13468,NA,Electrical Engineering 電機,Master 碩士
32974,32973,692,1914,Mining Engineering 礦冶,NA
32985,32984,235,1930,Electrical Engineering 電機,NA
32986,32984,227,1932,Electrical Engineering 電機,Master 碩士
32992,32990,152,1922,Civil Engineering 土木,NA
33003,33002,2224,1937,Electrical Engineering 電機,NA
33007,33006,1730,1924,Radio Engineering 無線電,Zhuanke 專科
33009,33008,498,1931,Chemical Engineering 化工,NA
33011,33010,4776,1924,Mechanical Engineering 機械,NA
33013,33012,2328,1936,Electrical Engineering 電機,NA
33015,33014,15222,1937,Electrical Engineering 電機,NA
33017,33016,837,1926,Mining Engineering 礦冶,NA
33021,33020,2033,1900,Civil Engineering 土木,NA
33023,33022,855,1923,Mechanical Engineering 機械,NA
33025,33024,692,1912,Civil Engineering 土木,NA
33041,33040,1730,1919,Telecommunications 電訊,NA
33048,33047,1730,1920,Telecommunications 電訊,NA
33050,33049,725,1917,Mechanical Engineering 機械,Zhuanke 專科
33052,33051,725,1916,Civil Engineering 土木,Zhuanke 專科
33054,33053,229,1936,Mechanical Engineering 機械,NA
33057,33056,498,1929,Mechanical Engineering 機械,NA
33059,33058,195,1927,Mechanical Engineering 機械,Bachelor 學士
33060,33058,195,1928,Aeronautical Engineering 航空機械,Master 碩士
33061,33058,229,NA,unspecified,Research 研究
33070,33069,649,1935,unspecified,NA
33073,33072,998,1934,Electrical Engineering 電機,NA
33074,33072,227,1938,Electrical Engineering 電機,Master 碩士
33077,33076,455,1930,Civil Engineering 土木,NA
33081,33080,821,1938,Electrical Engineering 電機,NA
33083,33082,1730,1912,Civil Engineering 土木,NA
33087,33085,2876,1935,Civil Engineering 土木,NA
33089,33088,821,1935,Civil Engineering 土木,NA
33094,33093,235,1939,Mechanical Engineering 機械,NA
33096,33095,855,1929,Mechanical Engineering 機械,NA
33099,33098,2328,1934,Electrical Engineering 電機,NA
33103,33102,1730,1914,Radio Engineering 無線電,NA
33107,33106,561,1930,Textile Engineering 紡織,NA
33111,33110,855,1928,Mechanical Engineering 機械,NA
33113,33112,998,1932,Civil Engineering 土木,NA
33115,33114,235,1926,Electrical Engineering 電機,NA
33129,33128,1742,1937,Civil Engineering 土木,NA
33131,33130,675,1936,Civil Engineering 土木,NA
33133,33132,235,1939,Civil Engineering 土木,NA
33135,33134,994,1931,Mechanical Engineering 機械,NA
33137,33136,2840,NA,Electrical Engineering 電機,NA
33144,33143,33145,1924,Mechanical Engineering 機械,NA
33152,33151,235,1937,Mechanical Engineering 機械,NA
33156,33155,229,1932,Civil Engineering 土木,NA
33159,33158,235,1934,Mechanical Engineering 機械,NA
33162,33160,1307,1924,Civil Engineering 土木,Zhuanke 專科
33164,33163,725,1934,Mining Engineering 礦冶,NA
33166,33165,235,1927,Mechanical Engineering 機械,NA
33169,33168,3073,1938,Civil Engineering 土木,NA
33172,33171,235,1923,Mechanical Engineering 機械,NA
33175,33173,2224,1930,Civil Engineering 土木,NA
33177,33170,235,1933,Electrical Engineering 電機,NA
33180,33176,649,1930,unspecified,NA
33183,33182,2224,1923,Electrical Engineering 電機,NA
33185,33184,1310,1919,Architecture 建築,NA
33190,33189,692,1938,Civil Engineering 土木,NA
33193,33192,561,1932,Textile Engineering 紡織,NA
33195,33194,455,1933,Electrical Engineering 電機,NA
33200,33196,455,1939,Electrical Engineering 電機,NA
33203,33202,1730,1920,Telecommunications 電訊,NA
33204,33201,998,1938,Electrical Engineering 電機,NA
33210,33209,998,1938,Mechanical Engineering 機械,NA
33212,33211,455,1935,Chemical Engineering 化工,NA
33215,33213,725,1935,Mechanical Engineering 機械,NA
33219,33217,821,1935,Electrical Engineering 電機,NA
33220,33218,498,1932,Chemical Engineering 化工,NA
33223,33221,725,1916,Civil Engineering 土木,Zhuanke 專科
33224,33222,725,1928,Electrical Engineering 電機,NA
33226,33225,235,1939,Mechanical Engineering 機械,NA
33229,33227,33231,NA,Chemical Engineering 化工,NA
33230,33228,498,1933,Electrical Engineering 電機,NA
33235,33227,190,NA,Chemical Engineering 化工,Master 碩士
33238,33236,1499,1930,Civil Engineering 土木,NA
33242,33241,1907,1925,Mechanical Engineering 機械,NA
33246,33245,675,1932,Civil Engineering 土木,NA
33251,33250,520,1938,Civil Engineering 土木,NA
33256,33255,6140,NA,Electrical Engineering 電機,NA
33268,33266,692,1931,Civil Engineering 土木,NA
33272,33271,4827,1930,Mechanical Engineering 機械,NA
33282,33279,1730,1916,Electrical Engineering 電機,NA
33288,33287,198,NA,Civil Engineering 土木,Master 碩士
33294,33293,235,1923,Electrical Engineering 電機,NA
33298,33297,1499,1931,Civil Engineering 土木,NA
33300,33299,235,1935,Civil Engineering 土木,NA
33302,33301,725,1925,Mechanical Engineering 機械,NA
33305,33303,1499,1934,Civil Engineering 土木,NA
33310,33308,901,1938,Civil Engineering 土木,NA
33311,33309,1730,1915,Electrical Engineering 電機,NA
33313,33312,235,1935,Civil Engineering 土木,NA
33315,33314,2224,1922,Civil Engineering 土木,NA
33317,33316,998,1933,Civil Engineering 土木,NA
33319,33318,529,1931,Electrical Engineering 電機,NA
33323,33322,235,1920,Civil Engineering 土木,NA
33325,33324,1730,1921,Telecommunications 電信,NA
33328,33327,555,1939,Electrical Engineering 電機,NA
33330,33329,10338,1912,Electrical Engineering 電機,Master 碩士
33347,33346,855,1934,Mechanical Engineering 機械,NA
33351,33350,235,1928,Mechanical Engineering 機械,NA
33358,33356,17964,NA,Mining Engineering 礦冶,NA
33371,33370,4581,NA,Civil Engineering 土木,NA
33373,33372,354,1939,Civil Engineering 土木,NA
33375,33374,649,1937,unspecified,NA
33377,33376,2224,1927,Civil Engineering 土木,NA
33379,33378,649,1932,unspecified,NA
33383,33382,692,1928,Mining Engineering 礦冶,NA
33387,33386,198,1916,Mining Engineering 礦冶,NA
33388,33386,33389,1917,Mining Engineering 礦冶,NA
33407,33406,675,1932,Civil Engineering 土木,NA
33409,33408,2328,1924,Mechanical Engineering 機械,NA
33414,33413,498,1935,Electrical Engineering 電機,NA
33416,33415,2740,1926,Mining Engineering 礦冶,NA
33419,33418,188,1925,Mining Engineering 礦冶,Master 碩士
33429,33428,998,1938,Mechanical Engineering 機械,NA
33431,33430,561,1930,Textile Engineering 紡織,NA
33437,33436,2888,1939,Civil Engineering 土木,NA
33439,33438,692,1936,Mining Engineering 礦冶,NA
33441,33440,692,1924,Mining Engineering 礦冶,NA
33443,33442,354,1938,Civil Engineering 土木,NA
33445,33444,498,1935,Electrical Engineering 電機,NA
33447,33446,516,1936,Civil Engineering 土木,NA
33450,33448,1730,NA,Electrical Engineering 電機,NA
33453,33452,235,1925,Electrical Engineering 電機,NA
33455,33454,235,1928,Mechanical Engineering 機械,NA
33456,33454,179,1931,Mechanical Engineering 機械,Master 碩士
33464,33463,1499,1928,Civil Engineering 土木,NA
33471,33469,1730,1919,Telecommunications 電信,NA
33473,33472,235,1924,Electrical Engineering 電機,NA
33477,33476,235,1922,Electrical Engineering 電機,NA
33478,33476,235,1923,Mechanical Engineering 機械,NA
33489,33488,821,1929,Electrical Engineering 電機,NA
33491,33490,1907,1926,Electrical Engineering 電機,NA
33500,33499,1730,1924,Radio Engineering 無線電,Zhuanke 專科
33507,33506,2224,1919,Civil Engineering 土木,NA
33509,33508,455,1930,Civil Engineering 土木,NA
33516,33515,1730,1914,Radio Engineering 無線電,NA
33518,33517,235,1939,Mechanical Engineering 機械,NA
33520,33519,7087,1936,Turbine 輪機,NA
33522,33521,426,1933,Civil Engineering 土木,NA
33524,33523,821,1938,Civil Engineering 土木,NA
33526,33525,725,1916,Civil Engineering 土木,NA
33528,33527,725,1927,Mining Engineering 礦冶,NA
33530,33529,251,1919,Chemistry 化學,NA
33531,33529,151,1924,Chemical Engineering 化工,Master 碩士
33532,33529,151,1934,unspecified,Research 研究
33533,33529,33534,1934,unspecified,Research 研究
33543,33542,498,1929,Electrical Engineering 電機,NA
33546,33545,692,1926,Civil Engineering 土木,NA
33549,33548,675,1937,Civil Engineering 土木,NA
33551,33550,455,1933,Civil Engineering 土木,NA
33556,33555,555,1938,Civil Engineering 土木,NA
33558,33557,4776,1925,Civil Engineering 土木,NA
33560,33559,516,1937,Civil Engineering 土木,NA
33562,33561,2224,1924,Mechanical Engineering 機械,NA
33563,33561,4827,1933,Mechanical Engineering 機械,NA
33568,33567,1499,1914,Mechanical Engineering 機械,NA
33574,33573,235,1927,Mechanical Engineering 機械,NA
33578,33577,1499,1930,Civil Engineering 土木,NA
33581,33580,855,1929,Chemical Engineering 化工,NA
33584,33583,235,1916,Civil Engineering 土木,NA
33585,33583,195,1919,Civil Engineering 土木,Bachelor 學士
33605,33603,455,1931,Civil Engineering 土木,NA
33607,33606,2888,1939,Mining Engineering 礦冶,NA
33610,33609,33611,1915,Electrical Engineering 電機,NA
33628,33627,498,1937,Mechanical Engineering 機械,NA
33630,33629,649,1932,unspecified,NA
33633,33632,692,1920,Mining Engineering 礦冶,NA
33648,33647,179,1936,Civil Engineering 土木,NA
33657,33656,171,1918,Mining Engineering 礦冶,Master 碩士
33669,33668,426,1939,Civil Engineering 土木,NA
33671,33670,498,1931,Electrical Engineering 電機,NA
33675,33674,115,1927,Civil Engineering 土木,NA
33679,33678,821,1935,Mechanical Engineering 機械,NA
33682,33681,12116,1931,Textile Engineering 紡織,NA
33685,33684,455,1934,Mechanical Engineering 機械,NA
33691,33690,855,1930,Chemical Engineering 化工,NA
33698,33694,837,1925,Mining Engineering 礦冶,NA
33709,33708,725,1929,Mechanical Engineering 機械,NA
33711,33710,692,1914,Mining Engineering 礦冶,NA
33714,33713,235,1934,Civil Engineering 土木,NA
33716,33715,855,1925,Mechanical Engineering 機械,NA
33718,33717,1307,1919,Civil Engineering 土木,NA
33720,33719,455,1933,Electrical Engineering 電機,NA
33727,33725,1730,1920,Telecommunications 電信,NA
33729,33728,115,1930,Civil Engineering 土木,NA
33731,33728,4599,NA,Radio Engineering 無線電,NA
33733,33728,23712,NA,unspecified,Research 研究
33737,33735,229,1937,Civil Engineering 土木,NA
33739,33738,675,1930,Civil Engineering 土木,NA
33741,33740,29803,1928,Chemical Engineering 化工,NA
33752,33751,229,1937,Civil Engineering 土木,NA
33758,33757,235,1934,Civil Engineering 土木,NA
33760,33759,998,1934,Civil Engineering 土木,NA
33762,33761,529,1931,Civil Engineering 土木,NA
33766,33765,6140,1917,Civil Engineering 土木,NA
33779,33774,235,1935,Electrical Engineering 電機,NA
33780,33778,1499,1933,Civil Engineering 土木,NA
33785,33783,1499,1934,Civil Engineering 土木,NA
33787,33784,1730,1915,Electrical Engineering 電機,NA
33788,33786,725,1917,Mechanical Engineering 機械,Zhuanke 專科
33792,33789,498,1933,Chemical Engineering 化工,NA
33795,33793,4163,1934,Textile Engineering 紡織,NA
33799,33798,516,1936,Civil Engineering 土木,NA
33808,33803,498,1937,Electrical Engineering 電機,NA
33812,33809,561,1936,Chemical Engineering 化工,NA
33813,33810,529,1933,Civil Engineering 土木,NA
33816,33815,994,1938,Civil Engineering 土木,NA
33819,33817,561,1926,Textile Engineering 紡織,NA
33821,33820,994,1938,Mechanical Engineering 機械,NA
33822,33818,9076,1928,Chemical Engineering 化工,NA
33824,33823,692,1929,Mechanical Engineering 機械,NA
33826,33818,223,1929,Chemistry 化學,Master 碩士
33831,33830,692,1928,Civil Engineering 土木,NA
33839,33838,498,1931,Electrical Engineering 電機,NA
33842,33840,725,1925,Mechanical Engineering 機械,NA
33844,33843,516,1935,Civil Engineering 土木,NA
33847,33846,1730,1912,Civil Engineering 土木,NA
33851,33849,6339,1926,Electrical Engineering 電機,NA
33852,33849,4599,1929,Telecommunications 電信,NA
33854,33853,349,1937,Civil Engineering 土木,NA
33856,33855,1730,1912,Civil Engineering 土木,NA
33865,33864,70078,1919,Mining Engineering 礦冶,NA
33867,33866,725,1936,Mining Engineering 礦冶,NA
33869,33868,692,1927,Civil Engineering 土木,NA
33872,33871,692,1936,Civil Engineering 土木,NA
33875,33874,516,1936,Chemistry 化學,NA
33878,33876,1499,1923,Civil Engineering 土木,NA
33881,33880,2888,1939,Civil Engineering 土木,NA
33883,33882,855,1929,Chemical Engineering 化工,NA
33885,33884,15222,1919,Mechanical Engineering 機械,NA
33888,33887,455,1934,Civil Engineering 土木,NA
33891,33890,426,1937,Civil Engineering 土木,NA
33893,33892,725,1930,Mechanical Engineering 機械,NA
33895,33894,725,1926,Mechanical Engineering 機械,NA
33897,33896,2033,1900,Civil Engineering 土木,NA
33902,33901,3073,1937,Civil Engineering 土木,NA
33904,33903,675,1933,Civil Engineering 土木,NA
33908,33907,516,1939,Mechanical Engineering 機械,NA
33910,33909,12688,1926,Mechanical Engineering 機械,NA
33923,33922,120,1934,Electrical Engineering 電機,NA
33929,33928,2328,1936,Chemical Engineering 化工,NA
33931,33930,120,1925,Mining Engineering 礦冶,NA
33938,33937,229,1937,Civil Engineering 土木,NA
33940,33939,855,1926,Mechanical Engineering 機械,NA
33942,33941,198,NA,Electrical Engineering 電機,Master 碩士
33945,33944,516,1937,Civil Engineering 土木,NA
33947,33946,276,1923,Chemical Engineering 化工,NA
33948,33946,33732,1926,Chemical Engineering 化工,NA
33950,33946,151,1927,Chemical Engineering 化工,Doctor 博士
33951,33946,33732,1928,unspecified,Research 研究
33966,33965,529,1934,Electrical Engineering 電機,NA
33973,33972,1730,1917,Telecommunications 電信,NA
33984,33983,1269,1936,Mechanical Engineering 機械,NA
33986,33985,3044,1939,Civil Engineering 土木,NA
33988,33987,821,1934,Civil Engineering 土木,NA
33993,33991,11540,NA,Mining Engineering 礦冶,NA
33999,33998,2173,1922,Mechanical Engineering 機械,NA
34006,34002,998,1937,Chemical Engineering 化工,NA
34011,34010,855,1927,Chemical Engineering 化工,NA
34015,34012,1269,1938,Civil Engineering 土木,NA
34017,34014,27166,1926,Aeronautical Engineering 航空機械,NA
34018,34016,455,1937,Civil Engineering 土木,NA
34023,34022,229,1934,Civil Engineering 土木,NA
34031,34030,821,1926,Mechanical Engineering 機械,NA
34032,34029,498,1931,Electrical Engineering 電機,NA
34033,34030,4094,NA,unspecified,Doctor 博士
34035,34034,349,1937,Architecture 建築,NA
34036,34030,4599,NA,Radio Engineering 無線電,NA
34038,34037,451,1938,Civil Engineering 土木,NA
34039,34030,9471,NA,unspecified,Research 研究
34041,34040,561,1923,Textile Engineering 紡織,NA
34045,34043,529,1934,Mechanical Engineering 機械,NA
34048,34046,692,1928,Civil Engineering 土木,NA
34054,34052,994,1932,Mechanical Engineering 機械,NA
34056,34053,725,1926,Mining Engineering 礦冶,NA
34057,34055,901,1938,Civil Engineering 土木,NA
34061,34060,349,1938,Civil Engineering 土木,Zhuanke 專科
34064,34062,3073,1936,Civil Engineering 土木,NA
34065,34063,70078,1918,Civil Engineering 土木,NA
34070,34069,455,1939,Civil Engineering 土木,NA
34071,34067,1269,1939,Electrical Engineering 電機,NA
34073,34072,725,1917,Mechanical Engineering 機械,Zhuanke 專科
34076,34074,235,1912,Electrical Engineering 電機,NA
34078,34075,692,1937,Electrical Engineering 電機,NA
34086,34085,2328,1934,Chemical Engineering 化工,NA
34089,34088,1499,1933,Civil Engineering 土木,NA
34091,34090,675,1931,Civil Engineering 土木,NA
34094,34093,44085,1932,Mechanical Engineering 機械,NA
34101,34100,195,1920,Electrical Engineering 電機,NA
34111,34110,998,1935,Chemical Engineering 化工,NA
34113,34112,2224,1938,Surveying 測量,NA
34115,34114,998,1929,Electrical Engineering 電機,NA
34118,34116,1730,1917,Radio Engineering 無線電,NA
34120,34119,675,1929,Civil Engineering 土木,NA
34122,34121,725,1935,Mining Engineering 礦冶,NA
34125,34124,9480,1913,Mechanical Engineering 機械,NA
34136,34134,171,1931,Radio Engineering 無線電,Master 碩士
34138,34134,171,1933,unspecified,Doctor 博士
34140,34139,561,NA,Textile Engineering 紡織,NA
34146,34145,197,1924,Mining Engineering 礦冶,NA
34149,34141,1253,1928,Civil Engineering 土木,NA
34156,34155,12994,1922,Civil Engineering 土木,NA
34157,34155,12994,1924,Economics 經濟,Master 碩士
34168,34166,70078,1919,Civil Engineering 土木,NA
34169,34167,235,1932,Electrical Engineering 電機,NA
34172,34171,235,1929,Mechanical Engineering 機械,NA
34178,34177,725,1937,Mining Engineering 礦冶,NA
34181,34180,455,1939,Electrical Engineering 電機,NA
34182,34179,9076,1921,Chemical Engineering 化工,NA
34187,34186,354,1939,Civil Engineering 土木,NA
34189,34188,235,1938,Mechanical Engineering 機械,NA
34191,34190,555,1939,Civil Engineering 土木,NA
34193,34192,7349,1922,Civil Engineering 土木,NA
34197,34195,2224,1921,Civil Engineering 土木,NA
34199,34198,16161,NA,Civil Engineering 土木,NA
34202,34201,1730,1917,Radio Engineering 無線電,NA
34205,34203,235,1921,Civil Engineering 土木,NA
34206,34204,1499,1927,Civil Engineering 土木,NA
34207,34203,276,1923,Civil Engineering 土木,Master 碩士
34214,34212,1730,1917,Telecommunications 電信,NA
34217,34216,998,1930,Electrical Engineering 電機,NA
34219,34218,998,1937,Electrical Engineering 電機,NA
34221,34220,1730,1912,Civil Engineering 土木,NA
34224,34222,675,1939,Civil Engineering 土木,NA
34225,34223,725,1922,Mining Engineering 礦冶,NA
34227,34226,1730,1921,Telecommunications 電信,NA
34233,34228,2740,1922,Mining Engineering 礦冶,NA
34241,34240,235,1927,Mechanical Engineering 機械,NA
34245,34236,998,1935,Electrical Engineering 電機,NA
34247,34246,855,1932,Chemical Engineering 化工,NA
34249,34248,2224,1917,Civil Engineering 土木,NA
34251,34250,2888,1939,Electrical Engineering 電機,NA
34253,34252,998,1937,Mechanical Engineering 機械,NA
34255,34254,5740,1915,Chemical Engineering 化工,NA
34270,34269,2224,1938,Electrical Engineering 電機,NA
34272,34271,692,1937,Civil Engineering 土木,NA
34274,34273,855,1937,Electrical Engineering 電機,NA
34277,34276,1730,1912,Civil Engineering 土木,NA
34279,34278,1730,1912,Civil Engineering 土木,NA
34281,34280,229,1935,Civil Engineering 土木,NA
34284,34283,561,1921,Textile Engineering 紡織,NA
34287,34285,349,1938,Chemical Engineering 化工,NA
34289,34288,354,1934,Civil Engineering 土木,NA
34291,34290,115,1933,Civil Engineering 土木,NA
34293,34292,455,1929,Civil Engineering 土木,NA
34296,34294,9076,NA,Architecture 建築,NA
34303,34302,455,1933,Electrical Engineering 電機,NA
34304,34302,171,1938,Electrical Engineering 電機,NA
34312,34310,2876,1935,Civil Engineering 土木,NA
34314,34313,235,1925,Mechanical Engineering 機械,NA
34315,34313,227,1926,Mechanical Engineering 機械,Master 碩士
34322,34321,270,1924,Electrical Engineering 電機,NA
34326,34325,235,1928,Mechanical Engineering 機械,NA
34335,34334,1310,1926,Architecture 建築,NA
34338,34337,235,1931,Civil Engineering 土木,NA
34341,34340,235,1935,Mechanical Engineering 機械,NA
34344,34343,498,1931,Chemical Engineering 化工,NA
34345,34343,120,1935,Chemical Engineering 化工,NA
34352,34351,195,1930,Architecture 建築,Master 碩士
34352,34351,195,1930,Architectural Engineering,Master 碩士
34355,34354,516,1939,Chemical Engineering 化工,NA
34357,34356,1730,1917,Radio Engineering 無線電,NA
34359,34358,2876,1939,Civil Engineering 土木,NA
34361,34360,229,1935,Electrical Engineering 電機,NA
34363,34362,10230,NA,Electrical Engineering 電機,NA
34364,34362,2121,NA,Physics 物理,Master 碩士
34367,34366,2584,1924,Mining Engineering 礦冶,NA
34378,34377,692,1933,Mechanical Engineering 機械,NA
34385,34384,1907,1926,Chemical Engineering 化工,NA
34392,34391,855,1929,Mechanical Engineering 機械,NA
34394,34393,725,1931,Mining Engineering 礦冶,NA
34397,34396,725,1931,Mechanical Engineering 機械,NA
34400,34399,354,1936,Civil Engineering 土木,NA
34402,34401,349,1937,Civil Engineering 土木,Zhuanke 專科
34405,34404,649,1932,unspecified,NA
34408,34407,1269,1939,Electrical Engineering 電機,NA
34410,34409,855,1924,Chemical Engineering 化工,NA
34413,34411,354,1936,Civil Engineering 土木,NA
34415,34414,2888,1939,Textile Engineering 紡織,NA
34417,34416,520,1934,Mining Engineering 礦冶,NA
34419,34418,2328,1937,Electrical Engineering 電機,NA
34421,34420,197,1919,Mining Engineering 礦冶,NA
34436,34435,692,1930,Civil Engineering 土木,NA
34442,34441,498,1933,Electrical Engineering 電機,NA
34444,34443,561,1929,Textile Engineering 紡織,NA
34447,34446,235,1933,Electrical Engineering 電機,NA
34451,34450,855,1923,Chemical Engineering 化工,NA
34454,34453,5740,1928,Mining Engineering 礦冶,NA
34460,34459,235,1924,Mechanical Engineering 機械,NA
34465,34464,1730,1919,Telecommunications 電信,NA
34467,34466,34468,1926,Mechanical Engineering 機械,NA
34481,34480,725,1936,Mining Engineering 礦冶,NA
34483,34482,901,1938,Civil Engineering 土木,NA
34488,34487,675,1930,Civil Engineering 土木,NA
34492,34491,725,1935,Mining Engineering 礦冶,NA
34494,34493,1499,1920,Civil Engineering 土木,NA
34497,34496,649,1939,unspecified,NA
34499,34498,179,1925,Chemical Engineering 化工,Doctor 博士
34503,34502,455,1933,Chemical Engineering 化工,NA
34505,34504,561,1926,Textile Engineering 紡織,NA
34509,34508,692,1931,Mechanical Engineering 機械,NA
34522,34521,516,1935,Civil Engineering 土木,NA
34524,34523,2224,1927,Civil Engineering 土木,NA
34527,34526,998,1937,Civil Engineering 土木,NA
34529,34528,2224,1923,Mechanical Engineering 機械,NA
34537,34536,561,1930,Textile Engineering 紡織,NA
34541,34540,455,1934,Mechanical Engineering 機械,NA
34544,34543,2888,1939,Civil Engineering 土木,NA
34547,34546,529,1935,Mining Engineering 礦冶,NA
34559,34558,855,1937,Electrical Engineering 電機,NA
34561,34560,2328,1936,Electrical Engineering 電機,NA
34563,34562,1679,1935,Civil Engineering 土木,NA
34565,34564,2224,1927,Civil Engineering 土木,NA
34567,34566,70078,1922,Mining Engineering 礦冶,NA
34570,34568,498,1934,Electrical Engineering 電機,NA
34580,34569,1310,1920,Mechanical Engineering 機械,NA
34583,34581,70078,1919,Civil Engineering 土木,NA
34589,34585,821,1935,Civil Engineering 土木,NA
34596,34595,998,1931,Chemical Engineering 化工,NA
34603,34601,561,1918,Textile Engineering 紡織,NA
34604,34600,725,1930,Mechanical Engineering 機械,NA
34606,34605,692,1937,Civil Engineering 土木,NA
34608,34607,2328,1935,Chemical Engineering 化工,NA
34612,34610,78002,1920,Electrical Engineering 電機,NA
34629,34628,1499,1927,Civil Engineering 土木,NA
34633,34632,70078,1913,Mining Engineering 礦冶,NA
34635,34634,1679,1938,Civil Engineering 土木,NA
34637,34636,692,1937,Mining Engineering 礦冶,NA
34639,34638,70078,1920,Mining Engineering 礦冶,NA
34651,34650,1499,1925,Civil Engineering 土木,NA
34653,34652,692,1937,Mining Engineering 礦冶,NA
34655,34654,195,1922,Mechanical Engineering 機械,Bachelor 學士
34667,34665,451,1937,Civil Engineering 土木,NA
34670,34668,32646,1911,Civil Engineering 土木,NA
34676,34673,725,1911,Mining Engineering 礦冶,NA
34683,34681,725,1931,Mechanical Engineering 機械,NA
34689,34688,649,1932,unspecified,NA
34699,34698,2328,1930,Chemical Engineering 化工,NA
34702,34701,7349,1926,Civil Engineering 土木,NA
34708,34707,235,1939,Electrical Engineering 電機,NA
34712,34710,998,1927,Electrical Engineering 電機,NA
34722,34721,692,1934,Mechanical Engineering 機械,NA
34728,34725,1499,1921,Civil Engineering 土木,NA
34729,34727,725,1924,Mechanical Engineering 機械,NA
34743,34742,692,1917,Mining Engineering 礦冶,NA
34746,34744,229,1937,Mechanical Engineering 機械,NA
34747,34744,455,1939,Mechanical Engineering 機械,特別班
34749,34748,529,1937,Civil Engineering 土木,NA
34751,34750,516,1939,Chemical Engineering 化工,NA
34760,34759,70078,1913,Mining Engineering 礦冶,NA
34770,34769,426,1939,Civil Engineering 土木,NA
34772,34771,901,1938,Civil Engineering 土木,NA
34775,34774,498,1938,Mechanical Engineering 機械,NA
34777,34776,855,1930,Mechanical Engineering 機械,NA
34778,34776,725,1932,Mechanical Engineering 機械,NA
34781,34779,2224,1935,Electrical Engineering 電機,NA
34783,34782,349,1937,Chemical Engineering 化工,NA
34785,34784,1499,1920,Civil Engineering 土木,NA
34787,34786,692,1927,Civil Engineering 土木,NA
34792,34791,529,1930,Civil Engineering 土木,NA
34795,34794,1742,1937,Civil Engineering 土木,NA
34798,34796,2876,1935,Civil Engineering 土木,NA
34800,34799,2224,1930,Electrical Engineering 電機,NA
34808,34807,725,1928,Electrical Engineering 電機,NA
34810,34809,1499,1915,Civil Engineering 土木,NA
34814,34813,235,1938,Electrical Engineering 電機,NA
34816,34815,529,1938,Civil Engineering 土木,NA
34819,34818,198,1931,Architecture 建築,NA
34824,34823,2888,1939,Civil Engineering 土木,NA
34828,34825,692,1935,Civil Engineering 土木,NA
34834,34833,7025,1929,Textile Engineering 紡織,NA
34843,34842,821,1938,Electrical Engineering 電機,NA
34845,34844,498,1936,Mechanical Engineering 機械,NA
34848,34847,855,1937,Mechanical Engineering 機械,NA
34850,34849,235,1932,Mechanical Engineering 機械,NA
34852,34851,855,1931,Chemical Engineering 化工,NA
34854,34853,561,1933,Textile Engineering 紡織,NA
34856,34855,855,1929,Mechanical Engineering 機械,NA
34860,34859,998,NA,Civil Engineering 土木,NA
34862,34861,235,1921,Electrical Engineering 電機,NA
34863,34861,227,NA,Electrical Engineering 電機,Master 碩士
34864,34861,34865,NA,Law 法學,Doctor 博士
34875,34874,692,1935,Civil Engineering 土木,NA
34877,34876,561,1920,Textile Engineering 紡織,NA
34879,34878,2224,1923,Mechanical Engineering 機械,NA
34881,34880,4827,NA,Mechanical Engineering 機械,NA
34889,34888,692,1933,Civil Engineering 土木,NA
34891,34890,498,1933,Mechanical Engineering 機械,NA
34896,34895,1730,1915,Electrical Engineering 電機,NA
34898,34897,998,1936,Electrical Engineering 電機,NA
34900,34899,229,1927,Civil Engineering 土木,NA
34901,34899,223,1928,Architecture 建築,NA
34902,34899,3314,1931,History of Art 美術史,NA
34909,34908,1907,1926,Electrical Engineering 電機,NA
34920,34919,270,NA,Civil Engineering 土木,NA
34921,34919,198,NA,Civil Engineering 土木,Master 碩士
34922,34919,179,NA,unspecified,Research 研究
34932,34930,901,1936,Civil Engineering 土木,NA
34934,34933,516,1939,Mechanical Engineering 機械,NA
34936,34935,248,1910,Civil Engineering 土木,NA
34939,34938,555,1938,Civil Engineering 土木,NA
34941,34940,994,1936,Electrical Engineering 電機,NA
34947,34946,561,1923,Textile Engineering 紡織,NA
34949,34948,229,1936,Electrical Engineering 電機,NA
34952,34951,692,1936,Civil Engineering 土木,NA
34955,34953,692,1934,Mechanical Engineering 機械,NA
34958,34957,70078,1919,Mining Engineering 礦冶,NA
34968,34967,235,1920,Civil Engineering 土木,NA
34974,34973,227,NA,Civil Engineering 土木,Master 碩士
34975,34973,195,NA,unspecified,Research 研究
34979,34978,725,1919,Civil Engineering 土木,NA
34983,34982,229,1936,Mechanical Engineering 機械,NA
34987,34986,998,1932,Chemical Engineering 化工,NA
34988,34986,190,NA,unspecified,Research 研究
34993,34992,1499,1914,Mechanical Engineering 機械,NA
35003,35002,675,1938,Civil Engineering 土木,NA
35005,35004,725,1936,Mining Engineering 礦冶,NA
35007,35006,1499,1918,Civil Engineering 土木,NA
35013,35012,1138,1914,Mining Engineering 礦冶,NA
35029,35028,229,1937,Mechanical Engineering 機械,NA
35031,35030,998,1936,Electrical Engineering 電機,NA
35033,35032,998,1933,Civil Engineering 土木,NA
35035,35034,235,1938,Civil Engineering 土木,NA
35037,35036,2224,1927,Civil Engineering 土木,NA
35039,35038,1499,1926,Civil Engineering 土木,NA
35040,35038,152,1927,Civil Engineering 土木,Master 碩士
35051,35050,115,1935,Civil Engineering 土木,NA
35053,35052,2224,1919,Mechanical Engineering 機械,NA
35054,35052,12688,1924,Mechanical Engineering 機械,NA
35067,35066,70078,1922,Mining Engineering 礦冶,NA
35078,35077,235,1927,Electrical Engineering 電機,NA
35085,35084,821,1933,Electrical Engineering 電機,NA
35087,35086,235,1935,Civil Engineering 土木,NA
35090,35089,692,1935,Mining Engineering 礦冶,NA
35093,35092,2584,NA,Mining Engineering 礦冶,NA
35097,35095,1310,1921,Chemical Engineering 化工,NA
35107,35106,692,1917,Mining Engineering 礦冶,NA
35111,35110,2224,1918,Mechanical Engineering 機械,NA
35113,35112,2328,1934,Electrical Engineering 電機,NA
35116,35115,649,1932,unspecified,NA
35120,35119,725,1911,Mining Engineering 礦冶,NA
35122,35121,1499,1927,Civil Engineering 土木,NA
35127,35125,516,1936,Civil Engineering 土木,NA
35128,35126,235,1914,Electrical Engineering 電機,NA
35131,35130,998,1935,Civil Engineering 土木,NA
35139,35137,115,1918,Mathematics 數理,NA
35140,35137,4094,1921,Mechanical Engineering 機械,NA
35152,35151,152,1927,Civil Engineering 土木,Master 碩士
35155,35154,235,1925,Electrical Engineering 電機,NA
35165,35164,1499,1929,Civil Engineering 土木,NA
35173,35172,675,1939,Civil Engineering 土木,NA
35175,35174,2224,1920,Civil Engineering 土木,NA
35176,35174,155,1925,Civil Engineering 土木,Doctor 博士
35180,35178,821,1934,Civil Engineering 土木,NA
35183,35181,692,1929,Civil Engineering 土木,NA
35194,35193,2004,1937,Civil Engineering 土木,NA
35196,35195,692,1936,Mining Engineering 礦冶,NA
35198,35197,7087,1937,Turbine 輪機,NA
35200,35199,1730,1920,Telecommunications 電信,NA
35203,35202,14873,NA,Electrical Engineering 電機,NA
35210,35209,235,1934,Civil Engineering 土木,NA
35213,35212,998,1930,Electrical Engineering 電機,NA
35215,35214,692,1938,Civil Engineering 土木,NA
35217,35216,235,1914,Electrical Engineering 電機,NA
35219,35218,235,1924,Mechanical Engineering 機械,NA
35223,35222,35224,1915,Electrical Engineering 電機,NA
35229,35228,555,1939,Electrical Engineering 電機,NA
35231,35230,2224,1930,Civil Engineering 土木,NA
35233,35232,998,1936,Chemical Engineering 化工,NA
35235,35234,998,1936,Chemical Engineering 化工,NA
35237,35236,235,1925,Mechanical Engineering 機械,NA
35238,35236,227,1927,Mechanical Engineering 機械,Master 碩士
35244,35243,675,1929,Civil Engineering 土木,NA
35246,35245,876,1938,Electrical Engineering 電機,NA
35248,35247,7087,1935,Turbine 輪機,NA
35250,35249,675,1937,Civil Engineering 土木,NA
35252,35251,561,1923,Textile Engineering 紡織,NA
35254,35253,35255,1919,Civil Engineering 土木,NA
35256,35253,181,1924,Civil Engineering 土木,Master 碩士
35266,35265,692,1929,Civil Engineering 土木,NA
35269,35268,2840,1923,Chemical Engineering 化工,NA
35270,35268,5275,1926,Electrical Engineering 電機,NA
35274,35273,12994,NA,Mechanical Engineering 機械,NA
35277,35276,1499,1932,Civil Engineering 土木,NA
35280,35279,855,1925,Mechanical Engineering 機械,NA
35282,35281,349,1935,Civil Engineering 土木,Zhuanke 專科
35284,35283,354,1934,Civil Engineering 土木,NA
35288,35287,675,1938,Civil Engineering 土木,NA
35290,35289,354,1933,Civil Engineering 土木,NA
35296,35295,998,1936,Mechanical Engineering 機械,NA
35298,35297,229,1934,Civil Engineering 土木,NA
35303,35302,692,1928,Mining Engineering 礦冶,NA
35304,35302,5466,1933,Geology 地質,NA
35312,35311,1730,1921,Telecommunications 電信,NA
35315,35314,455,1931,Architecture 建築,NA
35317,35316,675,1929,Civil Engineering 土木,NA
35319,35318,555,1939,Civil Engineering 土木,NA
35321,35320,3073,1935,Civil Engineering 土木,NA
35325,35324,2224,1938,Surveying 測量,NA
35327,35326,235,1928,Electrical Engineering 電機,NA
35328,35326,171,1929,Telecommunications 電信,Master 碩士
35334,35333,1499,1919,Civil Engineering 土木,NA
35337,35336,555,1939,Electrical Engineering 電機,NA
35340,35339,998,1933,Civil Engineering 土木,NA
35343,35338,1269,1937,Chemical Engineering 化工,NA
35347,35345,516,1939,Chemical Engineering 化工,NA
35349,35346,821,1935,Civil Engineering 土木,NA
35352,35348,1730,1916,Civil Engineering 土木,NA
35355,35354,516,1939,Architecture 建築,NA
35358,35357,998,1937,Civil Engineering 土木,NA
35359,35356,516,1939,Electrical Engineering 電機,NA
35362,35360,235,1915,Civil Engineering 土木,NA
35364,35361,276,1922,Chemical Engineering 化工,NA
35365,35361,276,1923,Chemical Engineering 化工,Master 碩士
35367,35361,276,1925,Chemical Engineering 化工,Doctor 博士
35368,35366,235,1926,Electrical Engineering 電機,NA
35370,35366,152,1930,Electrical Engineering 電機,Master 碩士
35392,35391,30772,1913,Civil Engineering 土木,NA
35406,35405,675,1938,Civil Engineering 土木,NA
35409,35407,235,1930,Electrical Engineering 電機,NA
35414,35413,1310,1923,Textile Engineering 紡織,NA
35426,35425,1499,1935,Civil Engineering 土木,NA
35429,35428,229,1936,Electrical Engineering 電機,NA
35433,35432,129,1926,Civil Engineering 土木,Master 碩士
35434,35432,152,1927,Civil Engineering 土木,Research 研究
35440,35439,235,1914,Civil Engineering 土木,NA
35442,35441,1730,1912,Civil Engineering 土木,NA
35444,35443,1499,1916,Civil Engineering 土木,NA
35456,35455,692,1932,Mining Engineering 礦冶,NA
35460,35459,561,1918,Textile Engineering 紡織,NA
35463,35461,692,1916,Civil Engineering 土木,NA
35470,35469,1730,1920,Radio Engineering 無線電,NA
35472,35471,349,1936,Architecture 建築,NA
35474,35473,998,1936,Chemical Engineering 化工,NA
35479,35478,692,1934,Civil Engineering 土木,NA
35483,35482,235,1933,Electrical Engineering 電機,NA
35488,35487,3044,1938,Civil Engineering 土木,NA
35490,35489,455,1930,Civil Engineering 土木,NA
35491,35489,198,NA,Civil Engineering 土木,Master 碩士
35492,35489,198,NA,Civil Engineering 土木,Doctor 博士
35496,35495,151,1927,Chemistry 化學,Doctor 博士
35502,35501,235,1933,Civil Engineering 土木,NA
35506,35505,235,1925,Mechanical Engineering 機械,NA
35509,35508,229,1936,Civil Engineering 土木,NA
35514,35513,455,1934,Civil Engineering 土木,NA
35517,35516,561,1922,Textile Engineering 紡織,NA
35521,35520,354,1938,Civil Engineering 土木,NA
35523,35522,3073,1935,Mining Engineering 礦冶,NA
35528,35527,692,1915,Civil Engineering 土木,NA
35537,35535,129,1923,Civil Engineering 土木,NA
35538,35535,248,1924,Civil Engineering 土木,NA
35549,35548,1269,1939,Civil Engineering 土木,NA
35551,35550,2840,NA,Mechanical Engineering 機械,NA
35554,35553,455,1935,Civil Engineering 土木,NA
35557,35556,195,1925,Architecture 建築,Bachelor 學士
35562,35561,498,1937,Chemical Engineering 化工,NA
35564,35563,455,1930,Civil Engineering 土木,NA
35566,35565,235,1933,Mechanical Engineering 機械,NA
35572,35571,235,1931,Electrical Engineering 電機,NA
35576,35575,675,1937,Civil Engineering 土木,NA
35578,35577,1499,1932,Civil Engineering 土木,NA
35581,35579,998,1937,Mechanical Engineering 機械,NA
35586,35585,561,1920,Textile Engineering 紡織,NA
35591,35590,235,1928,Mechanical Engineering 機械,NA
35594,35592,235,1923,Electrical Engineering 電機,NA
35602,35601,349,1937,Architecture 建築,NA
35604,35603,3073,1936,Civil Engineering 土木,NA
35606,35605,998,1936,Mechanical Engineering 機械,NA
35608,35607,1730,1919,Telecommunications 電信,NA
35612,35611,198,1925,Mechanical Engineering 機械,NA
35626,35625,821,1938,Civil Engineering 土木,NA
35628,35627,229,1937,Civil Engineering 土木,NA
35630,35629,235,1932,Electrical Engineering 電機,NA
35635,35634,725,1911,Mining Engineering 礦冶,NA
35637,35636,1499,1931,Civil Engineering 土木,NA
35639,35638,426,1937,Civil Engineering 土木,NA
35641,35640,692,1914,Mining Engineering 礦冶,NA
35646,35645,354,1938,Civil Engineering 土木,NA
35648,35647,692,1933,Civil Engineering 土木,NA
35650,35649,561,1926,Textile Engineering 紡織,NA
35655,35654,2888,1939,Civil Engineering 土木,NA
35657,35656,725,1926,Mechanical Engineering 機械,NA
35659,35658,229,1932,Civil Engineering 土木,NA
35665,35664,70078,1922,Mining Engineering 礦冶,NA
35667,35666,1499,1935,Civil Engineering 土木,NA
35670,35669,998,1932,Civil Engineering 土木,NA
35672,35671,2033,1900,Civil Engineering 土木,NA
35674,35673,229,1929,Civil Engineering 土木,NA
35677,35676,1499,1925,Civil Engineering 土木,NA
35688,35687,1730,1916,Electrical Engineering 電機,NA
35690,35689,725,1937,Electrical Engineering 電機,NA
35692,35691,1730,1916,Civil Engineering 土木,NA
35696,35695,725,1928,Civil Engineering 土木,NA
35699,35697,2328,1936,Electrical Engineering 電機,NA
35701,35700,2033,1900,Civil Engineering 土木,NA
35704,35703,855,1926,Mechanical Engineering 機械,NA
35706,35705,725,1926,Mechanical Engineering 機械,NA
35708,35707,855,1931,Mechanical Engineering 機械,NA
35712,35711,22608,NA,Electrical Engineering 電機,NA
35726,35725,197,NA,Mining Engineering 礦冶,NA
35736,35735,1730,1912,Telecommunications 電信,NA
35741,35740,2224,1939,Surveying 測量,NA
35743,35742,725,1925,Mining Engineering 礦冶,NA
35745,35744,2876,1935,Mining Engineering 礦冶,NA
35749,35748,455,1934,Civil Engineering 土木,NA
35754,35753,455,1937,Civil Engineering 土木,NA
35758,35757,354,1938,Civil Engineering 土木,NA
35760,35759,529,1933,Electrical Engineering 電機,NA
35765,35764,227,1930,Mechanical Engineering 機械,NA
35766,35764,227,1931,Mechanical Engineering 機械,Master 碩士
35771,35770,498,1936,Chemical Engineering 化工,NA
35773,35772,455,1931,Physics 物理,NA
35774,35772,120,1937,Aeronautical Engineering 航空機械,NA
35776,35775,725,1931,Mechanical Engineering 機械,NA
35781,35780,78002,1918,Chemical Engineering 化工,NA
35785,35784,725,1928,Mining Engineering 礦冶,NA
35787,35786,235,1939,Electrical Engineering 電機,NA
35789,35788,725,1935,Mechanical Engineering 機械,NA
35791,35790,35792,1920,Electrical Engineering 電機,NA
35806,35805,725,1935,Mining Engineering 礦冶,NA
35808,35807,179,1927,Mechanical Engineering 機械,Master 碩士
35815,35814,349,1938,Mechanical Engineering 機械,NA
35817,35816,821,1933,Civil Engineering 土木,NA
35819,35818,12116,1918,Mechanical Engineering 機械,NA
35825,35824,1730,1921,Telecommunications 電信,NA
35830,35828,649,1937,unspecified,NA
35832,35831,1730,1912,Telecommunications 電信,NA
35834,35833,1730,1912,Civil Engineering 土木,NA
35837,35836,35838,1931,Chemical Engineering 化工,Master 碩士
35847,35846,855,1928,Mechanical Engineering 機械,NA
35849,35848,561,1929,Textile Engineering 紡織,NA
35852,35851,4017,1930,Civil Engineering 土木,NA
35856,35855,349,1937,Chemical Engineering 化工,NA
35858,35857,2224,1920,Mechanical Engineering 機械,NA
35859,35857,120,1923,Mechanical Engineering 機械,NA
35873,35872,349,1937,Architecture 建築,NA
35875,35874,12802,1919,Chemical Engineering 化工,NA
35886,35885,235,1930,Electrical Engineering 電機,NA
35890,35889,2224,1922,Civil Engineering 土木,NA
35892,35891,1499,1930,Civil Engineering 土木,NA
35896,35895,2224,1922,Civil Engineering 土木,NA
35898,35897,675,1938,Civil Engineering 土木,NA
35900,35899,70078,1922,Civil Engineering 土木,NA
35903,35901,1730,1916,Telecommunications 電信,NA
35909,35908,649,1932,unspecified,NA
35913,35911,2876,1939,Civil Engineering 土木,NA
35915,35914,692,1936,Civil Engineering 土木,NA
35920,35919,725,1933,Civil Engineering 土木,NA
35922,35921,821,1930,Mining Engineering 礦冶,NA
35924,35923,1730,1920,Telecommunications 電信,NA
35926,35925,152,NA,Civil Engineering 土木,NA
35929,35928,692,1926,Mining Engineering 礦冶,NA
35931,35930,529,1936,Civil Engineering 土木,NA
35933,35932,529,1938,Mechanical Engineering 機械,NA
35935,35934,229,1935,Civil Engineering 土木,NA
35940,35939,498,1936,Electrical Engineering 電工,NA
35943,35942,2740,1922,Mining Engineering 礦冶,NA
35948,35946,692,1937,Mechanical Engineering 機械,NA
35953,35952,4599,1925,Electrical Engineering 電機,NA
35956,35955,1499,1923,Civil Engineering 土木,NA
35964,35962,2888,1939,Textile Engineering 紡織,NA
35966,35965,3073,1933,Mining Engineering 礦冶,NA
35972,35969,498,NA,Chemical Engineering 化工,NA
35975,35974,725,1937,Electrical Engineering 電機,NA
35977,35976,1310,1931,Mechanical Engineering 機械,NA
35980,35979,998,1938,Civil Engineering 土木,NA
35982,35981,35984,1925,Electrical Engineering 電機,NA
35989,35986,190,1912,Mining Engineering 礦冶,Master 碩士
35992,35991,498,1930,Mechanical Engineering 機械,NA
35994,35991,198,1932,Aeronautical Engineering 航空機械,Master 碩士
36001,35998,516,1939,Architecture 建築,NA
36005,36003,354,1936,Civil Engineering 土木,NA
36009,36008,455,1935,Chemical Engineering 化工,NA
36016,36015,195,1930,Electrical Engineering 電機,Doctor 博士
36020,36019,555,1939,Electrical Engineering 電機,NA
36022,36021,725,1930,Mining Engineering 礦冶,NA
36024,36023,692,1933,Civil Engineering 土木,NA
36027,36026,692,1934,Mining Engineering 礦冶,NA
36034,36033,33145,1932,Mechanical Engineering 機械,NA
36040,36037,455,1929,Civil Engineering 土木,NA
36043,36042,1730,1923,Telecommunications 電信,Zhuanke 專科
36045,36044,235,1937,Civil Engineering 土木,NA
36049,36048,725,1918,Mechanical Engineering 機械,NA
36050,36047,3530,1924,Chemical Engineering 化工,NA
36055,36054,235,1928,Mechanical Engineering 機械,NA
36059,36051,455,1935,Civil Engineering 土木,NA
36064,36061,455,1929,Civil Engineering 土木,NA
36065,36063,6140,NA,Electrical Engineering 電機,NA
36071,36070,1499,1938,Civil Engineering 土木,NA
36075,36074,2876,1938,Civil Engineering 土木,NA
36079,36078,1516,1936,Mechanical Engineering 機械,NA
36084,36081,498,1930,Electrical Engineering 電機,NA
36087,36086,4419,1936,Mining Engineering 礦冶,Zhuanke 專科
36090,36088,821,1937,Civil Engineering 土木,NA
36092,36091,229,1937,Electrical Engineering 電機,NA
36094,36093,821,1932,Mining Engineering 礦冶,NA
36096,36095,1499,1933,Civil Engineering 土木,NA
36098,36097,692,1928,Civil Engineering 土木,NA
36107,36106,198,1927,Mechanical Engineering 機械,NA
36108,36106,198,1928,Mechanical Engineering 機械,Master 碩士
36119,36118,3073,1934,Mining Engineering 礦冶,NA
36123,36122,2224,1920,Civil Engineering 土木,NA
36125,36124,529,1935,Electrical Engineering 電機,NA
36127,36126,692,1931,Civil Engineering 土木,NA
36130,36129,2224,1936,Civil Engineering 土木,NA
36133,36132,516,1937,Civil Engineering 土木,NA
36135,36134,3073,1935,Civil Engineering 土木,NA
36138,36137,516,1939,Mechanical Engineering 機械,NA
36140,36139,1499,1938,Civil Engineering 土木,NA
36142,36141,520,1936,Civil Engineering 土木,NA
36144,36143,529,1935,Civil Engineering 土木,NA
36146,36145,451,1938,Civil Engineering 土木,NA
36148,36147,1679,1937,Civil Engineering 土木,NA
36150,36149,649,1932,unspecified,NA
36152,36151,529,1933,Electrical Engineering 電機,NA
36156,36155,455,1937,Chemical Engineering 化工,NA
36158,36157,692,1929,Mining Engineering 礦冶,NA
36169,36168,2224,1939,Electrical Engineering 電機,NA
36171,36170,561,1925,Textile Engineering 紡織,NA
36179,36178,516,1935,Chemical Engineering 化工,NA
36181,36180,190,NA,Mining Engineering 礦冶,NA
36197,36196,821,NA,Electrical Engineering 電機,NA
36200,36198,31478,1926,Chemical Engineering 化工,Master 碩士
36211,36210,349,1935,Civil Engineering 土木,Zhuanke 專科
36213,36212,1679,1937,Civil Engineering 土木,NA
36215,36214,2328,1936,Electrical Engineering 電機,NA
36217,36216,855,1926,Chemical Engineering 化工,NA
36219,36218,821,1935,Electrical Engineering 電機,NA
36221,36220,349,1937,Chemical Engineering 化工,NA
36225,36224,692,1917,Mining Engineering 礦冶,NA
36227,36226,1730,1919,Telecommunications 電信,NA
36231,36230,821,1934,Electrical Engineering 電機,NA
36233,36232,561,1926,Textile Engineering 紡織,NA
36235,36234,36236,1931,Mechanical Engineering 機械,NA
36240,36239,235,1933,Electrical Engineering 電機,NA
36248,36247,529,1935,Electrical Engineering 電機,NA
36250,36249,235,1932,Civil Engineering 土木,NA
36253,36252,675,1932,Civil Engineering 土木,NA
36255,36254,692,1930,Civil Engineering 土木,NA
36258,36257,498,1936,Textile Engineering 紡織,NA
36260,36259,675,1937,Civil Engineering 土木,NA
36262,36261,855,1931,Mechanical Engineering 機械,NA
36267,36266,27509,1930,Mining Engineering 礦冶,NA
36280,36279,235,1924,Mechanical Engineering 機械,NA
36281,36279,152,NA,Mechanical Engineering 機械,Master 碩士
36288,36287,649,1930,unspecified,NA
36292,36291,12994,NA,Chemical Engineering 化工,NA
36298,36297,229,1937,Civil Engineering 土木,NA
36300,36299,692,1929,Mining Engineering 礦冶,NA
36302,36301,120,NA,Electrical Engineering 電機,NA
36303,36301,33231,1930,Surveying 測量,NA
36311,36310,426,1930,Civil Engineering 土木,NA
36313,36312,12688,1928,Civil Engineering 土木,Doctor 博士
36317,36315,498,1933,Mechanical Engineering 機械,NA
36321,36320,821,1937,Electrical Engineering 電機,NA
36323,36322,1499,1933,Civil Engineering 土木,NA
36335,36334,235,1928,Mechanical Engineering 機械,NA
36340,36339,455,1933,Civil Engineering 土木,NA
36343,36342,235,1933,Mechanical Engineering 機械,NA
36346,36345,498,1937,Textile Engineering 紡織,NA
36348,36347,2740,1928,Mining Engineering 礦冶,NA
36357,36356,725,1936,Civil Engineering 土木,NA
36359,36358,498,1932,Textile Engineering 紡織,NA
36362,36361,561,1922,Textile Engineering 紡織,NA
36366,36365,998,1932,Chemical Engineering 化工,NA
36370,36369,229,1932,Civil Engineering 土木,NA
36373,36372,2224,1937,Civil Engineering 土木,NA
36375,36374,2584,1917,Mining Engineering 礦冶,NA
36382,36381,498,1938,Electrical Engineering 電機,NA
36384,36383,2224,1937,Surveying 測量,NA
36388,36386,516,1936,Civil Engineering 土木,NA
36390,36389,235,1936,Electrical Engineering 電機,NA
36394,36393,998,1935,Electrical Engineering 電機,NA
36399,36398,235,1927,Mechanical Engineering 機械,NA
36401,36398,12116,NA,Mechanical Engineering 機械,NA
36403,36402,455,1930,Civil Engineering 土木,NA
36415,36414,998,1935,Civil Engineering 土木,NA
36418,36416,3073,1935,Mining Engineering 礦冶,NA
36424,36423,821,1938,Civil Engineering 土木,NA
36426,36425,1730,1912,Telecommunications 電信,NA
36429,36427,561,1924,Textile Engineering 紡織,NA
36432,36428,235,1937,Electrical Engineering 電機,NA
36436,36434,1499,1934,Civil Engineering 土木,NA
36439,36438,675,1925,Civil Engineering 土木,NA
36441,36440,2328,1937,Civil Engineering 土木,NA
36443,36442,692,1924,Civil Engineering 土木,NA
36447,36445,6140,NA,Architecture 建築,NA
36451,36449,2033,1900,Civil Engineering 土木,NA
36457,36454,561,1924,Textile Engineering 紡織,NA
36470,36469,235,1935,Civil Engineering 土木,NA
36473,36472,235,1932,Civil Engineering 土木,NA
36474,36472,198,NA,Civil Engineering 土木,Master 碩士
36479,36478,235,1917,Electrical Engineering 電機,NA
36480,36478,152,1919,Electrical Engineering 電機,Master 碩士
36484,36483,451,1939,Civil Engineering 土木,NA
36486,36485,2224,1932,Electrical Engineering 電機,NA
36490,36489,561,1925,Textile Engineering 紡織,NA
36492,36491,455,1930,Civil Engineering 土木,NA
36494,36493,455,1938,Electrical Engineering 電機,NA
36496,36495,2328,1937,Civil Engineering 土木,NA
36498,36497,1730,1923,Telecommunications 電訊,NA
36512,36511,821,1931,Mechanical Engineering 機械,NA
36515,36514,229,1937,Civil Engineering 土木,NA
36517,36516,675,1936,Civil Engineering 土木,NA
36519,36518,455,1933,Civil Engineering 土木,NA
36522,36521,692,1920,Civil Engineering 土木,NA
36525,36524,235,1912,Civil Engineering 土木,NA
36530,36529,837,1925,Mining Engineering 礦冶,NA
36543,36542,235,1939,Civil Engineering 土木,NA
36545,36544,692,1938,Mining Engineering 礦冶,NA
36550,36549,998,1929,Electrical Engineering 電機,NA
36552,36551,2224,1932,Civil Engineering 土木,NA
36556,36554,998,1931,Electrical Engineering 電機,NA
36559,36558,195,1926,Chemical Engineering 化工,Master 碩士
36566,36565,1499,1917,Civil Engineering 土木,NA
36569,36568,692,1931,Civil Engineering 土木,NA
36572,36571,235,1916,Electrical Engineering 電機,NA
36573,36571,195,1918,Electrical Engineering 電機,Master 碩士
36579,36578,152,NA,Mechanical Engineering 機械,NA
36584,36583,998,1928,Electrical Engineering 電機,NA
36585,36583,227,NA,Electrical Engineering 電機,Master 碩士
36591,36589,1499,1939,Civil Engineering 土木,NA
36593,36592,235,1924,Electrical Engineering 電機,NA
36594,36592,171,NA,Radio Engineering 無線電,Master 碩士
36601,36600,354,1935,Civil Engineering 土木,NA
36603,36602,235,1921,Civil Engineering 土木,NA
36604,36602,152,1923,unspecified,Master 碩士
36622,36621,451,1939,Civil Engineering 土木,NA
36624,36623,7349,NA,Civil Engineering 土木,NA
36631,36630,70078,1918,Civil Engineering 土木,NA
36633,36632,235,1927,Mechanical Engineering 機械,NA
36637,36636,235,1928,Electrical Engineering 電機,NA
36638,36636,171,1929,Radio Engineering 無線電,Master 碩士
36642,36641,235,1936,Mechanical Engineering 機械,NA
36644,36643,152,NA,Civil Engineering 土木,Master 碩士
36646,36645,4599,1924,Electrical Engineering 電機,NA
36647,36645,31478,1926,Electrical Engineering 電機,NA
36658,36657,235,1913,Electrical Engineering 電機,NA
36659,36657,1730,1915,Radio Engineering 無線電,NA
36672,36671,120,NA,Telecommunications 電信,Research 研究
36680,36679,2224,1939,Electrical Engineering 電機,NA
36682,36681,195,1920,Electrical Engineering 電機,Bachelor 學士
36683,36681,171,1925,Electrical Engineering 電機,Master 碩士
36688,36687,1499,1930,Civil Engineering 土木,NA
36696,36695,725,1916,Civil Engineering 土木,Zhuanke 專科
36698,36697,235,1928,Electrical Engineering 電機,NA
36711,36710,692,1936,Civil Engineering 土木,NA
36713,36712,821,1932,Mining Engineering 礦冶,NA
36718,36717,498,1936,Mechanical Engineering 機械,NA
36720,36719,1499,1931,Civil Engineering 土木,NA
36723,36722,998,1937,Chemical Engineering 化工,NA
36725,36724,855,1926,Chemical Engineering 化工,NA
36727,36726,498,1931,Mechanical Engineering 機械,NA
36729,36728,36730,1925,Chemical Engineering 化工,NA
36733,36732,455,1935,Architecture 建築,NA
36735,36734,229,1936,Civil Engineering 土木,NA
36741,36740,235,1925,Mechanical Engineering 機械,NA
36742,36740,152,NA,Mechanical Engineering 機械,Master 碩士
36747,36746,235,1933,Electrical Engineering 電機,NA
36750,36749,36751,1938,Civil Engineering 土木,NA
36753,36752,855,1924,Mechanical Engineering 機械,NA
36755,36754,692,1932,Civil Engineering 土木,NA
36758,36757,855,1937,Chemical Engineering 化工,NA
36760,36759,692,1919,Mining Engineering 礦冶,NA
36769,36768,692,1936,Civil Engineering 土木,NA
36772,36771,725,1930,Mechanical Engineering 機械,NA
36774,36773,692,1927,Civil Engineering 土木,NA
36777,36776,3073,1933,Mining Engineering 礦冶,NA
36786,36785,821,1934,Civil Engineering 土木,NA
36789,36788,235,1913,Civil Engineering 土木,NA
36790,36788,224,1917,Mechanical Engineering 機械,NA
36801,36800,6140,1920,Architecture 建築,NA
36805,36804,692,1938,Electrical Engineering 電機,NA
36807,36806,725,1937,Electrical Engineering 電機,NA
36811,36808,498,1932,Mechanical Engineering 機械,NA
36813,36812,821,1929,Civil Engineering 土木,NA
36815,36814,692,1934,Civil Engineering 土木,NA
36818,36817,692,1933,Mining Engineering 礦冶,NA
36824,36823,1730,1915,Electrical Engineering 電機,NA
36826,36825,725,1928,Electrical Engineering 電機,NA
36828,36827,498,1936,Mechanical Engineering 機械,NA
36830,36829,1516,1936,Civil Engineering 土木,NA
36832,36831,3073,1937,Mining Engineering 礦冶,NA
36834,36833,5390,1916,Textile Engineering 紡織,NA
36837,36836,455,1938,Civil Engineering 土木,NA
36839,36838,692,1919,Mining Engineering 礦冶,NA
36848,36847,1730,1923,Radio Engineering 無線電,Zhuanke 專科
36857,36856,2328,1936,Chemical Engineering 化工,NA
36859,36858,3530,1927,Chemical Engineering 化工,NA
36862,36861,1499,1917,unspecified,NA
36866,36864,649,1939,unspecified,NA
36868,36867,3073,1931,Mining Engineering 礦冶,NA
36875,36874,1950,NA,Mechanical Engineering 機械,NA
36884,36883,998,1928,Electrical Engineering 電機,NA
36890,36889,1730,1920,Telecommunications 電信,NA
36893,36892,36894,1900,unspecified,NA
36895,36892,36896,1907,unspecified,NA
36913,36912,70078,1916,Mining Engineering 礦冶,NA
36922,36921,235,1939,Mechanical Engineering 機械,NA
36924,36923,1730,1924,Radio Engineering 無線電,Zhuanke 專科
36935,36934,675,1928,Civil Engineering 土木,NA
36938,36937,1730,1919,Telecommunications 電信,NA
36947,36946,115,1935,Chemical Engineering 化工,NA
36949,36948,1516,1937,Civil Engineering 土木,NA
36951,36950,190,1917,Mining Engineering 礦冶,NA
36964,36963,994,1920,Electrical Engineering 電機,NA
36968,36967,555,1939,Electrical Engineering 電機,NA
36970,36969,229,1935,Civil Engineering 土木,NA
36973,36972,561,1918,Textile Engineering 紡織,NA
36975,36974,692,1925,Civil Engineering 土木,NA
36982,36981,227,1925,Mechanical Engineering 機械,NA
36983,36981,227,1926,unspecified,Master 碩士
36988,36987,11540,1931,Mining Engineering 礦冶,NA
36991,36990,561,1939,Textile Engineering 紡織,NA
36994,36993,675,1930,Civil Engineering 土木,NA
36996,36995,235,1937,Electrical Engineering 電機,NA
36998,36997,1307,1920,Civil Engineering 土木,NA
37000,36999,70078,1917,Civil Engineering 土木,NA
37002,37001,1730,1917,Radio Engineering 無線電,NA
37004,37003,1730,1918,Telecommunications 電信,NA
37006,37005,1730,1916,Civil Engineering 土木,NA
37009,37008,998,1935,Chemical Engineering 化工,NA
37011,37010,235,1939,Electrical Engineering 電機,NA
37013,37012,2224,1937,Civil Engineering 土木,NA
37015,37014,498,1936,Textile Engineering 紡織,NA
37017,37016,235,1928,Mechanical Engineering 機械,NA
37024,37023,1730,1923,Telecommunications 電信,NA
37026,37025,1499,1923,Civil Engineering 土木,NA
37028,37027,152,1922,Chemical Engineering 化工,Master 碩士
37039,37038,2224,1927,Mechanical Engineering 機械,NA
37043,37042,998,1933,Civil Engineering 土木,NA
37056,37055,675,1931,Civil Engineering 土木,NA
37060,37059,235,1926,Electrical Engineering 電機,NA
37061,37059,171,1930,Telecommunications 電信,Master 碩士
37067,37066,1730,1920,Radio Engineering 無線電,NA
37069,37066,235,1924,Electrical Engineering 電機,NA
37073,37072,2328,1934,Chemical Engineering 化工,NA
37076,37075,2328,1934,Electrical Engineering 電機,NA
37079,37078,498,1936,Electrical Engineering 電機,NA
37081,37080,235,1933,Civil Engineering 土木,NA
37084,37083,2224,1916,Mechanical Engineering 機械,NA
37085,37083,155,1921,Mechanical Engineering 機械,NA
37086,37083,5378,1924,Economics 經濟,Doctor 博士
37094,37093,6102,1918,Chemical Engineering 化工,NA
37104,37103,4718,1939,Chemical Engineering 化工,Master 碩士
37108,37107,901,1936,Civil Engineering 土木,NA
37111,37110,498,1931,Chemical Engineering 化工,NA
37113,37112,198,1924,Mining Engineering 礦冶,NA
37116,37115,1307,1920,Civil Engineering 土木,Zhuanke 專科
37118,37117,561,1939,Textile Engineering 紡織,NA
37120,37119,1730,1916,Electrical Engineering 電機,NA
37122,37121,998,1936,Chemical Engineering 化工,NA
37125,37124,235,1929,Electrical Engineering 電機,NA
37127,37126,235,1939,Mechanical Engineering 機械,NA
37129,37128,1499,1931,Civil Engineering 土木,NA
37132,37131,692,1915,Civil Engineering 土木,NA
37139,37138,1499,1931,Civil Engineering 土木,NA
37144,37143,1269,NA,Mining Engineering 礦冶,NA
37146,37145,692,1919,Civil Engineering 土木,NA
37153,37149,725,1918,Mechanical Engineering 機械,NA
37172,37171,354,1938,Civil Engineering 土木,NA
37174,37173,235,1939,Civil Engineering 土木,NA
37176,37175,529,1937,Civil Engineering 土木,NA
37178,37177,1730,1922,Mechanical Engineering 機械,NA
37188,37187,455,1939,Civil Engineering 土木,NA
37190,37189,855,1931,Chemical Engineering 化工,NA
37192,37191,235,1923,Mechanical Engineering 機械,NA
37194,37193,349,1936,Civil Engineering 土木,NA
37196,37195,235,1924,Electrical Engineering 電機,NA
37200,37199,1499,1928,Civil Engineering 土木,NA
37202,37201,1499,1934,Civil Engineering 土木,NA
37205,37204,516,1936,Civil Engineering 土木,NA
37207,37206,33732,NA,Chemical Engineering 化工,NA
37211,37210,649,1930,unspecified,NA
37214,37212,516,1939,Electrical Engineering 電機,NA
37216,37215,229,1937,Civil Engineering 土木,NA
37218,37217,2224,1934,Civil Engineering 土木,NA
37220,37219,32646,1911,Civil Engineering 土木,NA
37221,37219,198,1914,Civil Engineering 土木,Master 碩士
37242,37241,649,1930,unspecified,NA
37253,37252,198,NA,unspecified,NA
37261,37260,2224,1925,Mechanical Engineering 機械,NA
37269,37268,235,1939,Mechanical Engineering 機械,NA
37271,37270,235,1938,Electrical Engineering 電機,NA
37275,37274,7847,NA,Mechanical Engineering 機械,Master 碩士
37284,37281,529,1932,Civil Engineering 土木,NA
37287,37285,235,1931,Civil Engineering 土木,NA
37291,37290,7419,1924,Electrical Engineering 電機,NA
37294,37292,1310,1925,Electrical Engineering 電機,NA
37300,37297,1499,1914,Mechanical Engineering 機械,NA
37303,37297,37312,1916,Mechanical Engineering 機械,NA
37308,37307,227,NA,Civil Engineering 土木,Master 碩士
37322,37320,692,1934,Mechanical Engineering 機械,NA
37330,37329,498,1935,Electrical Engineering 電機,NA
37337,37336,561,1919,Textile Engineering 紡織,NA
37338,37331,901,1935,Civil Engineering 土木,NA
37342,37341,692,1923,Mining Engineering 礦冶,NA
37351,37347,188,1922,Mining Engineering 礦冶,NA
37353,37348,725,1936,Civil Engineering 土木,NA
37356,37354,821,1937,Civil Engineering 土木,NA
37359,37358,152,1916,Civil Engineering 土木,NA
37367,37365,1730,NA,Electrical Engineering 電機,NA
37375,37369,349,1937,Telecommunications 電信,NA
37377,37376,692,1932,Mining Engineering 礦冶,NA
37382,37381,354,1938,Mechanical Engineering 機械,NA
37384,37383,555,1939,Civil Engineering 土木,NA
37388,37386,2584,NA,Mechanical Engineering 機械,NA
37390,37389,1499,1927,Civil Engineering 土木,NA
37401,37397,426,1931,Civil Engineering 土木,NA
37404,37403,129,NA,Aeronautical Engineering 航空機械,NA
37410,37409,855,1936,Chemical Engineering 化工,NA
37412,37411,725,1921,Mining Engineering 礦冶,NA
37414,37413,692,1934,Mining Engineering 礦冶,NA
37419,37418,725,1935,Mining Engineering 礦冶,NA
37421,37420,692,1938,Civil Engineering 土木,NA
37423,37422,529,1938,Mechanical Engineering 機械,NA
37425,37424,70078,1920,Mining Engineering 礦冶,NA
37433,37432,692,1932,Mining Engineering 礦冶,NA
37438,37437,1907,1926,Electrical Engineering 電機,NA
37446,37445,692,1934,Civil Engineering 土木,NA
37448,37447,725,1935,Mining Engineering 礦冶,NA
37450,37449,725,1916,Mining Engineering 礦冶,NA
37452,37451,1730,1912,Telecommunications 電信,NA
37454,37453,498,1929,Chemical Engineering 化工,NA
37456,37455,171,1918,Electrical Engineering 電機,Master 碩士
37462,37461,725,1934,Civil Engineering 土木,NA
37465,37464,70078,1916,Civil Engineering 土木,NA
37467,37466,2328,1937,Electrical Engineering 電機,NA
37470,37469,692,1933,Civil Engineering 土木,NA
37472,37471,725,1917,Mechanical Engineering 機械,Master 碩士
37478,37477,70078,1916,Civil Engineering 土木,NA
37480,37479,235,1916,Civil Engineering 土木,NA
37484,37483,498,1935,Chemical Engineering 化工,NA
37488,37487,1499,1931,Civil Engineering 土木,NA
37491,37490,516,1935,Chemical Engineering 化工,NA
37493,37492,235,1924,Electrical Engineering 電機,NA
37497,37496,451,1939,Civil Engineering 土木,NA
37499,37498,555,1938,Electrical Engineering 電機,NA
37502,37500,6339,1923,Electrical Engineering 電機,NA
37507,37506,498,1933,Mechanical Engineering 機械,NA
37510,37509,821,1932,Architecture 建築,NA
37513,37512,855,1927,Mechanical Engineering 機械,NA
37520,37519,498,1930,Mechanical Engineering 機械,NA
37526,37525,855,1926,Chemical Engineering 化工,NA
37530,37529,516,1937,Chemical Engineering 化工,NA
37532,37531,855,1926,Mechanical Engineering 機械,NA
37535,37534,1499,1923,Civil Engineering 土木,NA
37538,37537,455,1937,Civil Engineering 土木,NA
37539,37536,12688,NA,Civil Engineering 土木,NA
37542,37541,3073,1937,Civil Engineering 土木,NA
37544,37543,561,1930,Textile Engineering 紡織,NA
37546,37545,725,1927,Civil Engineering 土木,NA
37550,37549,555,1939,Electrical Engineering 電機,NA
37552,37551,235,1929,Mechanical Engineering 機械,NA
37553,37551,227,1933,Refrigeration 冷藏工程,Master 碩士
37560,37559,349,1937,Architecture 建築,NA
37562,37561,2740,1922,Mining Engineering 礦冶,NA
37567,37565,498,1937,Textile Engineering 紡織,NA
37569,37568,3073,1934,Mining Engineering 礦冶,NA
37575,37574,725,1927,Mining Engineering 礦冶,NA
37583,37582,725,1917,Mechanical Engineering 機械,NA
37585,37584,2224,1931,Electrical Engineering 電機,NA
37589,37588,1269,1939,Electrical Engineering 電機,NA
37591,37590,1310,NA,Architecture 建築,NA
37602,37601,649,1935,unspecified,NA
37606,37604,821,1935,Civil Engineering 土木,NA
37608,37607,692,1919,Mining Engineering 礦冶,NA
37613,37612,2033,1915,Civil Engineering 土木,NA
37624,37623,725,1928,Electrical Engineering 電機,NA
37626,37625,725,1923,Mechanical Engineering 機械,NA
37628,37627,70078,1919,Civil Engineering 土木,NA
37631,37630,152,1923,Civil Engineering 土木,NA
37648,37647,821,1935,Civil Engineering 土木,NA
37651,37650,3530,1925,Electrical Engineering 電機,NA
37652,37650,152,1931,Electrical Engineering 電機,Master 碩士
37653,37650,152,1933,Electrical Engineering 電機,Doctor 博士
37659,37658,229,1936,Civil Engineering 土木,NA
37662,37661,2224,1925,Mechanical Engineering 機械,NA
37663,37661,120,1929,Electrical Engineering 電機,NA
37672,37671,725,1928,Mining Engineering 礦冶,NA
37674,37673,498,1931,Mechanical Engineering 機械,NA
37677,37676,235,1934,Civil Engineering 土木,NA
37680,37679,675,1938,Civil Engineering 土木,NA
37682,37681,692,1934,Civil Engineering 土木,NA
37685,37684,227,1924,Chemical Engineering 化工,NA
37689,37688,725,1933,Electrical Engineering 電機,NA
37691,37690,725,1935,Mechanical Engineering 機械,NA
37693,37692,1499,1933,Civil Engineering 土木,NA
37696,37695,455,1935,Civil Engineering 土木,NA
37698,37697,725,1922,Mechanical Engineering 機械,NA
37700,37699,692,1917,Civil Engineering 土木,NA
37703,37702,235,1936,Civil Engineering 土木,NA
37705,37704,235,1914,Civil Engineering 土木,NA
37712,37711,498,1934,Mechanical Engineering 機械,NA
37714,37713,1499,1934,Civil Engineering 土木,NA
37716,37715,2224,1938,Surveying 測量,NA
37718,37717,354,1938,Civil Engineering 土木,NA
37720,37719,3530,1926,Electrical Engineering 電機,NA
37726,37725,349,1937,Chemical Engineering 化工,NA
37728,37727,821,1929,Mechanical Engineering 機械,NA
37730,37729,855,1924,Mechanical Engineering 機械,NA
37732,37731,649,1939,unspecified,NA
37734,37733,455,1932,Civil Engineering 土木,NA
37737,37736,37738,1915,Electrical Engineering 電機,NA
37744,37743,12802,1911,Mechanical Engineering 機械,NA
37747,37746,901,1937,Civil Engineering 土木,NA
37751,37750,235,1921,Electrical Engineering 電機,NA
37762,37749,994,1935,Civil Engineering 土木,NA
37768,37767,692,1930,Civil Engineering 土木,NA
37770,37769,998,1934,Electrical Engineering 電機,NA
37791,37783,455,1933,Civil Engineering 土木,NA
37793,37792,7087,1935,Turbine 輪機,NA
37799,37798,1730,1912,Civil Engineering 土木,NA
37800,37789,5712,NA,Mining Engineering 礦冶,Bachelor 學士
37802,37789,151,NA,Mining Engineering 礦冶,Research 研究
37803,37801,28532,1924,Mechanical Engineering 機械,NA
37822,37821,235,1924,Mechanical Engineering 機械,NA
37824,37823,235,1925,Mechanical Engineering 機械,NA
37844,37843,3530,1926,Chemical Engineering 化工,NA
37846,37845,455,1930,Chemical Engineering 化工,NA
37849,37848,235,1933,Civil Engineering 土木,NA
37852,37851,998,1938,Chemical Engineering 化工,NA
37854,37853,675,1938,Civil Engineering 土木,NA
37856,37855,998,1938,Electrical Engineering 電機,NA
37858,37857,1730,1923,Telecommunications 電信,NA
37862,37861,692,1916,Mining Engineering 礦冶,NA
37870,37868,455,1935,Civil Engineering 土木,NA
37873,37872,1730,1921,Telecommunications 電信,NA
37875,37874,1730,1916,Civil Engineering 土木,NA
37877,37876,725,1933,Civil Engineering 土木,NA
37879,37878,1499,1934,Civil Engineering 土木,NA
37881,37880,649,1937,unspecified,NA
37883,37882,498,1930,Textile Engineering 紡織,NA
37886,37885,2224,1923,Civil Engineering 土木,NA
37890,37889,18350,1925,Textile Engineering 紡織,NA
37893,37892,692,1932,Civil Engineering 土木,NA
37896,37895,198,NA,Civil Engineering 土木,NA
37903,37902,998,1935,Chemical Engineering 化工,NA
37906,37904,1499,1932,Civil Engineering 土木,NA
37908,37907,115,1927,Civil Engineering 土木,NA
37909,37907,37910,1931,Mechanical Engineering 機械,NA
37922,37920,4419,1936,Mining Engineering 礦冶,NA
37924,37923,235,1939,Electrical Engineering 電機,NA
37927,37926,1499,1927,Civil Engineering 土木,NA
37931,37929,455,1939,Civil Engineering 土木,NA
37933,37932,692,1931,Mining Engineering 礦冶,NA
37941,37940,195,1915,Mechanical Engineering 機械,Bachelor 學士
37951,37949,12802,1917,Mining Engineering 礦冶,NA
37961,37960,195,NA,Mechanical Engineering 機械,NA
37968,37967,455,1935,Civil Engineering 土木,NA
37971,37970,1483,1925,Textile Engineering 紡織,NA
37974,37973,725,1927,Mining Engineering 礦冶,NA
37976,37975,725,1920,Mining Engineering 礦冶,NA
37982,37981,195,1914,Mechanical Engineering 機械,NA
37988,37987,235,1925,Electrical Engineering 電機,NA
37992,37991,516,1935,Civil Engineering 土木,NA
37994,37993,235,1917,Civil Engineering 土木,NA
37998,37997,529,1934,Civil Engineering 土木,NA
38000,37999,855,1923,Mechanical Engineering 機械,NA
38003,38002,692,1934,Civil Engineering 土木,NA
38010,38009,3073,1935,Mining Engineering 礦冶,NA
38014,38013,1730,1918,Radio Engineering 無線電,NA
38016,38015,188,1918,Civil Engineering 土木,NA
38017,38015,152,1919,Civil Engineering 土木,Master 碩士
38026,38025,725,1927,Mining Engineering 礦冶,NA
38038,38036,561,1924,Textile Engineering 紡織,NA
38040,38039,529,1930,Electrical Engineering 電機,NA
38043,38042,649,1939,unspecified,NA
38045,38044,837,1937,Electrical Engineering 電機,NA
38047,38046,725,1918,Mechanical Engineering 機械,NA
38049,38048,855,1937,Mechanical Engineering 機械,NA
38051,38050,520,1934,Civil Engineering 土木,NA
38053,38052,1516,1936,Mechanical Engineering 機械,NA
38056,38054,821,1935,Electrical Engineering 電機,NA
38061,38060,1499,1938,Civil Engineering 土木,NA
38063,38062,675,1934,Civil Engineering 土木,NA
38065,38064,649,1934,unspecified,NA
38069,38068,150,1923,Mining Engineering 礦冶,NA
38070,38068,195,1924,Mining Engineering 礦冶,Master 碩士
38080,38079,3530,1924,Electrical Engineering 電機,NA
38094,38093,235,1929,Electrical Engineering 電機,NA
38099,38098,9076,1925,Chemical Engineering 化工,NA
38100,38098,38101,1926,Chemical Engineering 化工,Master 碩士
38102,38098,195,1925,unspecified,NA
38103,38098,120,NA,unspecified,Research 研究
38104,38098,122,NA,unspecified,Research 研究
38105,38098,38106,1927,unspecified,Research 研究
38123,38122,227,NA,Civil Engineering 土木,NA
38124,38122,152,NA,Civil Engineering 土木,Master 碩士
38128,38127,3044,1937,Civil Engineering 土木,NA
38130,38129,1730,1920,Radio Engineering 無線電,NA
38132,38131,1730,1918,Radio Engineering 無線電,NA
38134,38133,455,1929,Civil Engineering 土木,NA
38136,38135,1499,1930,Civil Engineering 土木,NA
38139,38138,115,1925,Civil Engineering 土木,NA
38140,38138,4599,1926,Electrical Engineering 電機,NA
38146,38144,70078,1919,Civil Engineering 土木,NA
38148,38147,13468,1920,Mining Engineering 礦冶,NA
38154,38153,998,1931,Electrical Engineering 電機,NA
38155,38153,120,NA,unspecified,Research 研究
38160,38159,235,1922,Electrical Engineering 電機,NA
38161,38159,151,1929,unspecified,Research 研究
38171,38170,1499,1931,Civil Engineering 土木,NA
38176,38175,235,1937,Mechanical Engineering 機械,NA
38178,38177,529,1938,Mining Engineering 礦冶,NA
38180,38179,235,1912,Civil Engineering 土木,NA
38184,38183,561,1917,Textile Engineering 紡織,NA
38187,38186,235,1931,Civil Engineering 土木,NA
38191,38190,675,1932,Civil Engineering 土木,NA
38193,38192,725,1911,Mining Engineering 礦冶,NA
38198,38197,725,1936,Civil Engineering 土木,NA
38200,38199,725,1927,Mining Engineering 礦冶,NA
38202,38201,725,1926,Mechanical Engineering 機械,NA
38204,38203,1499,1938,Civil Engineering 土木,NA
38206,38205,516,1939,Civil Engineering 土木,NA
38208,38207,821,1934,Mechanical Engineering 機械,NA
38211,38210,2224,1938,Mechanical Engineering 機械,NA
38213,38212,692,1929,Mining Engineering 礦冶,NA
38221,38220,171,NA,Civil Engineering 土木,NA
38225,38224,32646,1911,Civil Engineering 土木,NA
38227,38226,33389,1917,Mining Engineering 礦冶,NA
38233,38232,5740,1923,Mining Engineering 礦冶,NA
38245,38244,2224,1918,Mechanical Engineering 機械,NA
38247,38246,516,1936,Civil Engineering 土木,NA
38249,38248,7087,1935,Turbine 輪機,NA
38251,38250,516,1936,Civil Engineering 土木,NA
38253,38252,70078,1929,Civil Engineering 土木,NA
38255,38254,455,1931,Civil Engineering 土木,NA
38261,38260,9076,1919,Ceramics 陶瓷,NA
38265,38264,235,1936,Electrical Engineering 電機,NA
38268,38267,349,1936,Civil Engineering 土木,Zhuanke 專科
38270,38269,1730,1919,Telecommunications 電信,NA
38272,38271,529,1935,Civil Engineering 土木,NA
38275,38274,998,1932,Civil Engineering 土木,NA
38277,38276,561,1923,Textile Engineering 紡織,NA
38280,38278,725,1934,Civil Engineering 土木,NA
38287,38286,232,1924,Civil Engineering 土木,NA
38301,38300,561,1919,Textile Engineering 紡織,NA
38305,38304,1907,1924,Chemical Engineering 化工,NA
38310,38308,520,1939,Civil Engineering 土木,NA
38312,38311,5740,1913,Mining Engineering 礦冶,NA
38320,38319,2888,1939,Civil Engineering 土木,NA
38322,38321,1499,1918,Civil Engineering 土木,NA
38325,38324,998,1933,Civil Engineering 土木,NA
38328,38327,2584,1925,Chemical Engineering 化工,NA
38332,38331,235,1929,Mechanical Engineering 機械,NA
38337,38336,876,1939,Civil Engineering 土木,NA
38339,38338,235,1936,Electrical Engineering 電機,NA
38341,38340,994,1939,Electrical Engineering 電機,NA
38343,38342,235,1935,Civil Engineering 土木,NA
38347,38346,235,1923,Mechanical Engineering 機械,NA
38351,38350,235,1923,Electrical Engineering 電機,NA
38364,38363,195,1918,Chemical Engineering 化工,Bachelor 學士
38365,38363,151,1920,Chemical Engineering 化工,Master 碩士
38377,38375,692,1916,Civil Engineering 土木,NA
38380,38379,1730,1920,Telecommunications 電信,NA
38382,38381,349,1936,Civil Engineering 土木,Zhuanke 專科
38384,38383,529,1939,Chemical Engineering 化工,NA
38387,38386,229,1937,Electrical Engineering 電機,NA
38389,38388,901,1939,Civil Engineering 土木,NA
38391,38390,1730,1917,Telecommunications 電信,NA
38399,38398,38400,NA,Electrical Engineering 電機,NA
38406,38405,235,1934,Mechanical Engineering 機械,NA
38409,38408,516,1927,Civil Engineering 土木,NA
38411,38410,2224,1934,Civil Engineering 土木,NA
38415,38414,426,1939,Civil Engineering 土木,NA
38417,38416,2328,1934,Electrical Engineering 電機,NA
38419,38418,692,1933,Civil Engineering 土木,NA
38421,38420,31951,1935,Civil Engineering 土木,NA
38423,38422,229,1936,Civil Engineering 土木,NA
38425,38424,1730,1920,Radio Engineering 無線電,NA
38440,38439,1730,1923,Telecommunications 電信,NA
38444,38443,3073,1937,Mining Engineering 礦冶,NA
38448,38447,516,1935,Chemical Engineering 化工,NA
38450,38449,349,1935,Civil Engineering 土木,NA
38452,38451,451,1938,Civil Engineering 土木,NA
38454,38453,229,1937,Civil Engineering 土木,NA
38456,38455,529,1937,Civil Engineering 土木,NA
38462,38461,529,1935,Electrical Engineering 電機,NA
38465,38463,675,1932,Civil Engineering 土木,NA
38467,38466,561,1931,Textile Engineering 紡織,NA
38471,38470,3044,1939,Civil Engineering 土木,NA
38473,38472,349,1936,Civil Engineering 土木,NA
38475,38474,837,1926,Mining Engineering 礦冶,NA
38485,38484,994,1936,Civil Engineering 土木,NA
38487,38486,1742,1938,Civil Engineering 土木,NA
38489,38488,529,1939,Civil Engineering 土木,NA
38491,38490,855,1937,Chemical Engineering 化工,NA
38493,38492,349,1937,Architecture 建築,NA
38495,38494,354,1936,Civil Engineering 土木,NA
38497,38496,998,1936,Civil Engineering 土木,NA
38500,38499,235,1925,Electrical Engineering 電機,NA
38509,38508,5466,1914,Electrical Engineering 電機,NA
38510,38508,6102,1918,Electrical Engineering 電機,NA
38513,38512,516,1939,Mechanical Engineering 機械,NA
38515,38514,498,1935,Textile Engineering 紡織,NA
38518,38517,455,1933,Mechanical Engineering 機械,NA
38521,38520,3073,1938,Civil Engineering 土木,NA
38523,38522,516,1936,Civil Engineering 土木,NA
38525,38524,2224,1916,Mechanical Engineering 機械,NA
38526,38524,120,1922,Mechanical Engineering 機械,NA
38550,38549,455,1939,Architecture 建築,NA
38553,38551,349,1936,Mechanical Engineering 機械,NA
38556,38555,692,1910,Mining Engineering 礦冶,NA
38558,38557,235,1919,Electrical Engineering 電機,NA
38559,38557,1730,1920,Telecommunications 電信,NA
38570,38569,982,NA,Mechanical Engineering 機械,NA
38571,38569,232,1922,Mechanical Engineering 機械,Doctor 博士
38579,38578,821,1932,Textile Engineering 紡織,NA
38582,38581,561,1923,Textile Engineering 紡織,NA
38584,38583,498,1938,Mechanical Engineering 機械,NA
38586,38585,349,1937,Architecture 建築,NA
38588,38587,498,1931,Mechanical Engineering 機械,NA
38590,38589,1499,1922,Civil Engineering 土木,NA
38593,38592,1499,1935,Civil Engineering 土木,NA
38596,38595,1742,1937,Civil Engineering 土木,NA
38600,38597,555,1938,Electrical Engineering 電機,NA
38602,38601,692,1923,Mining Engineering 礦冶,NA
38613,38612,561,1915,Textile Engineering 紡織,NA
38615,38614,994,1936,Civil Engineering 土木,NA
38617,38616,1269,1939,Civil Engineering 土木,NA
38619,38618,195,1927,Architecture 建築,Bachelor 學士
38629,38628,235,1917,Civil Engineering 土木,NA
38634,38633,349,1937,Architecture 建築,NA
38636,38635,1730,1916,Civil Engineering 土木,NA
38638,38637,1730,1920,Telecommunications 電信,NA
38640,38639,451,1935,Civil Engineering 土木,NA
38642,38641,235,1933,Civil Engineering 土木,NA
38645,38644,821,1935,Electrical Engineering 電機,NA
38647,38646,354,1933,Civil Engineering 土木,NA
38649,38648,692,1935,Civil Engineering 土木,NA
38651,38650,270,1932,Chemical Engineering 化工,NA
38655,38654,235,1933,Civil Engineering 土木,NA
38659,38658,235,1939,Mechanical Engineering 機械,NA
38661,38660,30772,1912,Civil Engineering 土木,NA
38664,38662,354,1937,Mechanical Engineering 機械,NA
38666,38665,561,1935,Textile Engineering 紡織,NA
38668,38667,1310,1899,Mechanical Engineering 機械,NA
38680,38679,821,1930,Civil Engineering 土木,NA
38682,38681,692,1934,Mining Engineering 礦冶,NA
38686,38685,821,1935,Mechanical Engineering 機械,NA
38693,38692,195,1924,Naval Architecture 船舶,Bachelor 學士
38702,38701,675,1934,Civil Engineering 土木,NA
38705,38704,498,1938,Mechanical Engineering 機械,NA
38707,38706,821,1929,Electrical Engineering 電機,NA
38708,38706,227,1931,Electrical Engineering 電機,Master 碩士
38715,38714,855,1928,Mechanical Engineering 機械,NA
38722,38721,498,1933,Mechanical Engineering 機械,NA
38724,38723,3350,1924,Mining Engineering 礦冶,NA
38733,38732,725,1918,Mechanical Engineering 機械,NA
38735,38734,725,1932,Electrical Engineering 電機,NA
38739,38738,2888,1939,Mining Engineering 礦冶,NA
38741,38740,692,1924,Civil Engineering 土木,NA
38743,38742,3350,1924,Mining Engineering 礦冶,NA
38750,38749,725,1927,Civil Engineering 土木,NA
38752,38751,561,1927,Textile Engineering 紡織,NA
38755,38753,235,1930,Mechanical Engineering 機械,NA
38764,38763,529,1937,Mechanical Engineering 機械,NA
38766,38765,529,1929,Electrical Engineering 電機,NA
38775,38774,2888,1939,Civil Engineering 土木,NA
38778,38776,529,1937,Mining Engineering 礦冶,NA
38780,38779,2224,1936,Electrical Engineering 電機,NA
38785,38784,516,1937,Civil Engineering 土木,NA
38787,38786,855,1923,Chemical Engineering 化工,NA
38789,38788,561,1939,Textile Engineering 紡織,NA
38791,38790,1499,1939,Civil Engineering 土木,NA
38794,38792,2888,1939,Electrical Engineering 電機,NA
38798,38797,725,1930,Mechanical Engineering 機械,NA
38803,38802,725,1916,Civil Engineering 土木,NA
38805,38804,1499,1934,Civil Engineering 土木,NA
38808,38807,1269,1939,Mining Engineering 礦冶,NA
38810,38809,498,1936,Electrical Engineering 電機,NA
38812,38811,2740,1927,Mining Engineering 礦冶,NA
38818,38817,855,1928,Mechanical Engineering 機械,NA
38828,38826,2740,1927,Mining Engineering 礦冶,NA
38838,38833,692,1935,Civil Engineering 土木,NA
38840,38839,229,1932,Civil Engineering 土木,NA
38843,38841,520,1934,Civil Engineering 土木,NA
38846,38845,2224,1939,Electrical Engineering 電機,NA
38848,38847,2888,1939,Chemical Engineering 化工,NA
38851,38850,821,1935,Civil Engineering 土木,NA
38854,38853,349,1937,Civil Engineering 土木,Zhuanke 專科
38855,38849,821,1934,Electrical Engineering 電機,NA
38857,38856,998,1932,Civil Engineering 土木,NA
38862,38860,235,1927,Electrical Engineering 電機,NA
38866,38864,1499,1934,Civil Engineering 土木,NA
38872,38871,901,1935,Civil Engineering 土木,NA
38874,38873,692,1931,Civil Engineering 土木,NA
38879,38878,1730,1912,Civil Engineering 土木,NA
38883,38881,1499,1920,Civil Engineering 土木,NA
38884,38880,725,1930,Mining Engineering 礦冶,NA
38887,38885,1730,1912,Civil Engineering 土木,NA
38889,38888,692,1934,Civil Engineering 土木,NA
38890,38886,1730,1919,Telecommunications 電信,NA
38895,38894,6140,1933,Electrical Engineering 電機,NA
38899,38896,1730,1920,Telecommunications 電信,NA
38902,38900,235,1937,Civil Engineering 土木,NA
38904,38903,2328,1934,Electrical Engineering 電機,NA
38906,38905,2224,1934,Civil Engineering 土木,NA
38911,38910,498,1929,Chemical Engineering 化工,NA
38913,38912,1742,1937,Civil Engineering 土木,NA
38916,38914,994,NA,Civil Engineering 土木,NA
38917,38915,235,1938,Civil Engineering 土木,NA
38925,38922,455,1937,Civil Engineering 土木,NA
38927,38926,649,1935,unspecified,NA
38932,38928,2876,1937,Civil Engineering 土木,NA
38933,38930,529,1939,Electrical Engineering 電機,NA
38935,38934,901,1939,Civil Engineering 土木,NA
38938,38936,516,1935,Chemical Engineering 化工,NA
38940,38937,235,1931,Electrical Engineering 電機,NA
38941,38939,675,1938,Civil Engineering 土木,NA
38949,38948,498,1934,Mechanical Engineering 機械,NA
38951,38950,994,NA,Civil Engineering 土木,NA
38954,38952,171,1905,Civil Engineering 土木,NA
38956,38953,235,1937,Mechanical Engineering 機械,NA
38965,38964,675,1937,Civil Engineering 土木,NA
38973,38972,2888,1939,Civil Engineering 土木,NA
38974,38970,115,1929,Civil Engineering 土木,NA
38976,38975,195,1922,Mechanical Engineering 機械,Bachelor 學士
38988,38987,197,NA,Mining Engineering 礦冶,NA
38991,38990,516,1937,Chemical Engineering 化工,NA
38993,38992,426,1937,Civil Engineering 土木,NA
38995,38994,855,1937,Chemical Engineering 化工,NA
38997,38996,451,1935,Civil Engineering 土木,NA
38999,38998,3073,1935,Mining Engineering 礦冶,NA
39006,39004,455,1930,Civil Engineering 土木,NA
39008,39007,692,1934,Mining Engineering 礦冶,NA
39011,39003,1310,NA,Textile Engineering 紡織,NA
39016,39014,837,1925,Mining Engineering 礦冶,NA
39018,39017,855,1937,Electrical Engineering 電機,NA
39022,39019,692,1932,Civil Engineering 土木,NA
39025,39023,5466,NA,Electrical Engineering 電機,NA
39027,39026,1499,1932,Civil Engineering 土木,NA
39035,39034,561,1935,Textile Engineering 紡織,NA
39037,39036,349,1938,Architecture 建築,NA
39040,39039,235,1931,Civil Engineering 土木,NA
39041,39033,1730,1920,Radio Engineering 無線電,NA
39044,39043,349,1938,Architecture 建築,NA
39048,39047,2121,1924,unspecified,NA
39049,39046,195,1920,Electrical Engineering 電機,Bachelor 學士
39050,39047,10230,1926,Electrical Engineering 電機,NA
39051,39046,195,1921,Electrical Engineering 電工,Master 碩士
39052,39047,1950,NA,Civil Engineering 土木,NA
39053,39047,4599,1928,Radio Engineering 無線電,Master 碩士
39072,39071,224,1915,Mining Engineering 礦冶,NA
39077,39074,349,1936,Civil Engineering 土木,Zhuanke 專科
39081,39079,426,1937,Civil Engineering 土木,NA
39085,39083,855,1937,Chemical Engineering 化工,NA
39089,39087,725,1917,Mechanical Engineering 機械,Zhuanke 專科
39096,39090,498,1933,Mechanical Engineering 機械,NA
39098,39097,855,1926,Chemical Engineering 化工,NA
39101,39099,855,1929,Chemical Engineering 化工,NA
39103,39102,692,1937,Civil Engineering 土木,NA
39104,39100,821,1933,Electrical Engineering 電機,NA
39108,39107,3530,1925,Electrical Engineering 電機,NA
39112,39106,2888,1939,Civil Engineering 土木,NA
39116,39115,855,1937,Chemical Engineering 化工,NA
39118,39117,3530,1927,Electrical Engineering 電機,NA
39120,39119,235,1923,Electrical Engineering 電機,NA
39121,39119,227,1926,Electrical Engineering 電機,Master 碩士
39127,39126,561,1935,Textile Engineering 紡織,NA
39133,39132,195,1915,Naval Architecture 造船,Master 碩士
39137,39136,1730,1912,Telecommunications 電訊,NA
39139,39138,4776,1924,Mechanical Engineering 機械,NA
39142,39140,1742,1939,Civil Engineering 土木,NA
39146,39145,994,1918,Civil Engineering 土木,NA
39149,39147,455,1938,Civil Engineering 土木,NA
39151,39150,516,1939,Mechanical Engineering 機械,NA
39153,39152,516,1939,Mechanical Engineering 機械,NA
39155,39154,235,1937,Mechanical Engineering 機械,NA
39157,39156,32646,1911,Civil Engineering 土木,NA
39163,39162,1499,1919,Civil Engineering 土木,NA
39168,39167,235,1920,Electrical Engineering 電機,NA
39172,39171,1499,1933,Civil Engineering 土木,NA
39174,39173,692,1934,Mechanical Engineering 機械,NA
39177,39176,692,1937,Civil Engineering 土木,NA
39179,39178,235,1931,Electrical Engineering 電機,NA
39181,39180,498,1935,Mechanical Engineering 機械,NA
39186,39184,516,1937,Civil Engineering 土木,NA
39188,39187,451,1939,Civil Engineering 土木,NA
39190,39189,516,1936,Civil Engineering 土木,NA
39192,39191,198,1926,Chemical Engineering 化工,Master 碩士
39203,39202,349,1936,Architecture 建築,NA
39205,39204,349,1936,Architecture 建築,NA
39208,39207,1499,1923,Civil Engineering 土木,NA
39211,39209,451,1938,Civil Engineering 土木,NA
39213,39212,1307,1920,Civil Engineering 土木,NA
39215,39214,235,1936,Electrical Engineering 電機,NA
39221,39219,1730,1919,Telecommunications 電信,NA
39223,39222,498,NA,Chemical Engineering 化工,NA
39227,39226,1102,NA,Mechanical Engineering 機械,NA
39228,39226,1369,1930,Electrical Engineering 電機,NA
39233,39232,235,1939,Electrical Engineering 電機,NA
39235,39234,354,1934,Civil Engineering 土木,NA
39237,39236,1499,1931,Civil Engineering 土木,NA
39239,39238,1499,1929,Civil Engineering 土木,NA
39241,39238,152,1932,Civil Engineering 土木,Master 碩士
39242,39238,181,1934,Civil Engineering 土木,Doctor 博士
39245,39244,195,1931,Electrical Engineering 電機,NA
39253,39252,555,1939,Civil Engineering 土木,NA
39255,39254,692,1938,Mining Engineering 礦冶,NA
39257,39256,1269,1938,Electrical Engineering 電機,NA
39260,39258,7087,1936,Turbine 輪機,NA
39267,39266,1679,1933,Civil Engineering 土木,NA
39269,39268,235,1934,Civil Engineering 土木,NA
39270,39268,235,1935,unspecified,Research 研究
39277,39276,188,1924,Mining Engineering 礦冶,NA
39282,39279,455,1930,Civil Engineering 土木,NA
39286,39285,1742,1937,Civil Engineering 土木,NA
39290,39289,725,1918,Mechanical Engineering 機械,NA
39292,39291,692,1917,Mining Engineering 礦冶,NA
39302,39301,561,1928,Textile Engineering 紡織,NA
39304,39303,1499,1934,Civil Engineering 土木,NA
39308,39307,725,1927,Mining Engineering 礦冶,NA
39320,39317,235,1937,Civil Engineering 土木,NA
39322,39321,235,1924,Mechanical Engineering 機械,NA
39323,39321,152,1926,Mechanical Engineering 機械,Master 碩士
39328,39327,349,1938,Civil Engineering 土木,Zhuanke 專科
39330,39329,675,1937,Civil Engineering 土木,NA
39332,39331,561,1934,Textile Engineering 紡織,NA
39335,39333,70078,1913,Mining Engineering 礦冶,NA
39337,39336,1269,1937,Civil Engineering 土木,NA
39339,39338,649,1939,unspecified,NA
39341,39340,498,1936,Electrical Engineering 電機,NA
39343,39342,520,1939,Civil Engineering 土木,NA
39345,39344,516,1935,Civil Engineering 土木,NA
39347,39346,994,1934,Civil Engineering 土木,NA
39349,39348,39350,1932,Civil Engineering 土木,NA
39354,39353,561,1919,Textile Engineering 紡織,NA
39356,39355,2876,1935,Civil Engineering 土木,NA
39369,39368,725,1924,Mechanical Engineering 機械,NA
39371,39370,1499,1935,Civil Engineering 土木,NA
39374,39373,235,1938,Electrical Engineering 電機,NA
39376,39375,235,1930,Electrical Engineering 電機,NA
39381,39380,516,1936,Civil Engineering 土木,NA
39384,39383,529,1936,Electrical Engineering 電機,NA
39385,39383,455,1938,Electrical Engineering 電機,特別班
39388,39387,876,NA,Electrical Engineering 電機,NA
39389,39387,2840,1932,Mechanical Engineering 機械,NA
39396,39395,561,1936,Chemical Engineering 化工,NA
39398,39397,235,1931,Mechanical Engineering 機械,NA
39404,39403,516,1939,Chemical Engineering 化工,NA
39406,39405,692,1927,Civil Engineering 土木,NA
39409,39408,7133,1919,Mechanical Engineering 機械,NA
39416,39415,2888,1939,Civil Engineering 土木,NA
39418,39417,2224,1939,Surveying 測量,NA
39420,39419,692,1929,Mining Engineering 礦冶,NA
39428,39427,998,1939,Chemical Engineering 化工,NA
39430,39429,529,1926,Civil Engineering 土木,NA
39436,39435,561,1918,Textile Engineering 紡織,NA
39440,39438,2888,1939,Civil Engineering 土木,NA
39442,39441,692,1936,Civil Engineering 土木,NA
39444,39443,354,1935,Civil Engineering 土木,NA
39446,39445,120,1927,Civil Engineering 土木,NA
39453,39452,32646,1911,Civil Engineering 土木,NA
39456,39455,901,1935,Civil Engineering 土木,NA
39458,39457,2483,1937,Civil Engineering 土木,NA
39460,39459,998,1935,Civil Engineering 土木,NA
39463,39461,27770,1907,Civil Engineering 土木,NA
39481,39480,692,1934,Civil Engineering 土木,NA
39484,39483,675,1934,Civil Engineering 土木,NA
39486,39485,229,1932,Civil Engineering 土木,NA
39490,39489,14873,1935,Electrical Engineering 電機,NA
39494,39493,455,1933,Civil Engineering 土木,NA
39496,39495,561,1933,Textile Engineering 紡織,NA
39500,39499,115,1938,Chemical Engineering 化工,NA
39502,39501,235,1930,Electrical Engineering 電機,NA
39505,39504,2224,1939,Surveying 測量,NA
39508,39507,235,1929,Mechanical Engineering 機械,NA
39510,39509,725,1911,Mining Engineering 礦冶,NA
39518,39516,2876,1935,Civil Engineering 土木,NA
39520,39519,2328,1935,Civil Engineering 土木,NA
39527,39526,7349,1925,Civil Engineering 土木,NA
39543,39542,855,1923,Mechanical Engineering 機械,NA
39545,39544,855,1926,Chemical Engineering 化工,NA
39547,39546,725,1928,Civil Engineering 土木,NA
39549,39548,455,1932,Civil Engineering 土木,NA
39555,39554,70078,1920,Civil Engineering 土木,NA
39558,39557,33732,1929,Chemical Engineering 化工,NA
39565,39564,7087,1936,Turbine 輪機,NA
39567,39566,455,1934,Architecture 建築,NA
39571,39570,235,1924,Mechanical Engineering 機械,NA
39575,39574,198,1918,Chemical Engineering 化工,NA
39587,39586,235,1934,Electrical Engineering 電機,NA
39595,39594,498,1931,Chemical Engineering 化工,NA
39597,39596,235,1910,Civil Engineering 土木,NA
39600,39596,167,NA,Civil Engineering 土木,NA
39610,39609,498,1929,Electrical Engineering 電機,NA
39612,39611,39613,1918,Electrical Engineering 電機,NA
39619,39618,7087,1937,Turbine 輪機,NA
39621,39620,14405,1932,Chemical Engineering 化工,NA
39622,39620,1946,1933,Chemical Engineering 化工,Master 碩士
39634,39633,235,1927,Electrical Engineering 電機,NA
39638,39637,1730,1912,Telecommunications 電訊,NA
39640,39639,235,1936,Civil Engineering 土木,NA
39642,39641,561,1933,Textile Engineering 紡織,NA
39647,39646,235,1938,Mechanical Engineering 機械,NA
39649,39648,561,1937,Textile Engineering 紡織,NA
39651,39650,70078,1923,Mining Engineering 礦冶,NA
39653,39652,235,1936,Mechanical Engineering 機械,NA
39657,39656,1730,1920,Telecommunications 電訊,NA
39659,39658,561,1937,Textile Engineering 紡織,NA
39661,39660,3530,1924,Electrical Engineering 電機,NA
39674,39673,235,1920,Civil Engineering 土木,NA
39679,39678,998,1939,Electrical Engineering 電機,NA
39681,39680,235,1934,Electrical Engineering 電機,NA
39684,39683,229,1936,Civil Engineering 土木,NA
39687,39686,998,1929,Electrical Engineering 電機,NA
39692,39691,692,1932,Civil Engineering 土木,NA
39695,39694,6977,1914,Mining Engineering 礦冶,NA
39703,39702,692,1930,Mining Engineering 礦冶,NA
39711,39710,821,1932,Architecture 建築,NA
39713,39712,1730,1919,Telecommunications 電訊,NA
39715,39714,1730,1917,Telecommunications 電訊,NA
39717,39716,998,1930,Electrical Engineering 電機,NA
39719,39718,998,1932,Civil Engineering 土木,NA
39721,39720,1499,1922,Civil Engineering 土木,NA
39723,39722,2224,1916,Civil Engineering 土木,NA
39725,39724,235,1936,Electrical Engineering 電機,NA
39728,39727,998,1930,Electrical Engineering 電機,NA
39731,39729,1499,1926,Civil Engineering 土木,NA
39736,39735,39737,1932,Chemical Engineering 化工,NA
39755,39754,235,1939,Mechanical Engineering 機械,NA
39757,39756,426,1936,Civil Engineering 土木,NA
39759,39758,1310,1924,Chemical Engineering 化工,NA
39763,39762,561,1939,Textile Engineering 紡織,NA
39765,39764,235,1924,Electrical Engineering 電機,NA
39766,39764,227,NA,Electrical Engineering 電機,Research 研究
39767,39764,2685,1929,Mechanical Engineering 機械,NA
39779,39778,1730,1920,Radio Engineering 無線電,NA
39781,39780,235,1913,Civil Engineering 土木,NA
39784,39783,229,1934,Civil Engineering 土木,NA
39788,39787,1730,1920,Radio Engineering 無線電,NA
39790,39789,455,1930,Mechanical Engineering 機械,NA
39797,39796,7133,1915,Civil Engineering 土木,NA
39812,39811,235,1924,Electrical Engineering 電機,NA
39830,39828,70078,1913,Mining Engineering 礦冶,NA
39832,39831,998,1939,Chemical Engineering 化工,NA
39834,39833,498,1930,Mechanical Engineering 機械,NA
39836,39835,837,1926,Mining Engineering 礦冶,NA
39841,39840,675,1927,Civil Engineering 土木,NA
39843,39842,2224,1918,Mechanical Engineering 機械,NA
39844,39842,155,NA,Electrical Engineering 電機,Doctor 博士
39851,39850,235,1926,Mechanical Engineering 機械,NA
39852,39850,198,1935,Mechanical Engineering 機械,Master 碩士
39862,39861,675,NA,Civil Engineering 土木,NA
39864,39863,12802,1908,Mechanical Engineering 機械,NA
39875,39874,994,1933,Civil Engineering 土木,NA
39878,39877,455,1933,Chemical Engineering 化工,NA
39880,39879,994,1920,Civil Engineering 土木,NA
39883,39882,235,1930,Mechanical Engineering 機械,NA
39889,39888,675,1937,Civil Engineering 土木,NA
39891,39890,195,1924,Mechanical Engineering 機械,Bachelor 學士
39892,39890,195,1925,Mechanical Engineering 機械,Master 碩士
39903,39902,998,1935,Electrical Engineering 電機,NA
39905,39904,1730,1912,Civil Engineering 土木,NA
39907,39906,235,1938,Mechanical Engineering 機械,NA
39909,39908,235,1939,Civil Engineering 土木,NA
39911,39910,498,1933,Electrical Engineering 電機,NA
39915,39914,1310,1922,Electrical Engineering 電機,NA
39921,39919,561,1934,Textile Engineering 紡織,NA
39923,39922,198,NA,Mining Engineering 礦冶,NA
39926,39925,1499,1918,Civil Engineering 土木,NA
39928,39927,235,1913,Civil Engineering 土木,NA
39929,39927,224,1916,Mechanical Engineering 機械,NA
39947,39946,498,1934,Electrical Engineering 電機,NA
39949,39948,455,1937,Civil Engineering 土木,NA
39952,39951,1310,1922,Mechanical Engineering 機械,NA
39961,39960,12994,1927,Civil Engineering 土木,NA
39973,39972,1499,1931,Civil Engineering 土木,NA
39977,39975,455,1937,Chemical Engineering 化工,NA
39979,39978,692,1909,Mining Engineering 礦冶,NA
39980,39978,188,NA,Mining Engineering 礦冶,Master 碩士
39981,39978,151,NA,unspecified,Research 研究
39993,39991,9076,1930,Chemical Engineering 化工,Doctor 博士
40000,39999,998,1934,Electrical Engineering 電機,NA
40002,40001,555,1938,Electrical Engineering 電機,NA
40004,40003,2876,1938,Civil Engineering 土木,NA
40006,40005,725,1923,Mechanical Engineering 機械,NA
40008,40007,725,1936,Mining Engineering 礦冶,NA
40010,40009,675,1932,Civil Engineering 土木,NA
40012,40011,5740,1914,Mining Engineering 礦冶,NA
40026,40025,725,1922,Mining Engineering 礦冶,NA
40030,40029,1730,1912,Electrical Engineering 電機,NA
40032,40031,1499,1924,Civil Engineering 土木,NA
40034,40033,120,1928,Mechanical Engineering 機械,NA
40041,40040,561,1937,Textile Engineering 紡織,NA
40043,40042,561,1926,Textile Engineering 紡織,NA
40048,40047,235,1924,Electrical Engineering 電機,NA
40050,40049,455,1931,Architecture 建築,NA
40052,40051,998,1933,Chemical Engineering 化工,NA
40056,40055,1730,1920,Telecommunications 電訊,NA
40058,40057,40059,1922,Mechanical Engineering 機械,NA
40067,40066,901,1937,Civil Engineering 土木,NA
40070,40069,235,1935,Mechanical Engineering 機械,NA
40074,40073,1730,1912,Civil Engineering 土木,NA
40076,40075,998,1935,Civil Engineering 土木,NA
40078,40077,1730,1912,unspecified,NA
40082,40081,232,1925,Civil Engineering 土木,NA
40090,40089,195,1922,Mechanical Engineering 機械,Bachelor 學士
40091,40089,195,1923,Aeronautical Engineering 航空機械,Master 碩士
40100,40099,455,1934,Civil Engineering 土木,NA
40103,40102,692,1935,Mechanical Engineering 機械,NA
40106,40105,235,1915,Civil Engineering 土木,NA
40112,40111,455,1934,Civil Engineering 土木,NA
40114,40113,2740,1928,Mining Engineering 礦冶,NA
40121,40120,498,1938,Chemical Engineering 化工,NA
40123,40122,70078,1920,Civil Engineering 土木,NA
40128,40127,561,1919,Textile Engineering 紡織,NA
40130,40129,1730,1915,Radio Engineering 無線電,NA
40132,40131,561,1920,Textile Engineering 紡織,NA
40133,40131,12116,1923,Textile Engineering 紡織,NA
40135,40134,1730,1924,Radio Engineering 無線電,NA
40137,40136,2224,1937,Surveying 測量,NA
40139,40138,455,1930,Architecture 建築,NA
40142,40140,1269,1939,Mining Engineering 礦冶,NA
40144,40143,235,1926,Mechanical Engineering 機械,NA
40145,40143,227,NA,Civil Engineering 土木,Master 碩士
40153,40151,235,1925,Electrical Engineering 電機,NA
40168,40167,235,1934,Mechanical Engineering 機械,NA
40170,40169,235,1935,Mechanical Engineering 機械,NA
40172,40171,2224,1939,Surveying 測量,NA
40175,40174,998,1930,Electrical Engineering 電機,NA
40182,40180,725,1928,Electrical Engineering 電機,NA
40184,40183,2224,1922,Civil Engineering 土木,NA
40186,40185,40187,1932,Mechanical Engineering 機械,NA
40193,40192,561,1934,Textile Engineering 紡織,NA
40195,40194,675,1937,Civil Engineering 土木,NA
40197,40196,876,1936,Civil Engineering 土木,NA
40199,40198,235,1930,Mechanical Engineering 機械,NA
40202,40201,235,1935,Civil Engineering 土木,NA
40204,40203,235,NA,Civil Engineering 土木,NA
40206,40205,235,1933,Electrical Engineering 電機,NA
40207,40205,190,NA,Civil Engineering 土木,Research 研究
40224,40223,675,1936,Civil Engineering 土木,NA
40227,40226,235,1929,Electrical Engineering 電機,NA
40234,40233,692,1935,Mechanical Engineering 機械,NA
40236,40235,70078,1919,Mining Engineering 礦冶,NA
40246,40244,1310,NA,Architecture 建築,NA
40251,40250,455,1937,Civil Engineering 土木,NA
40253,40252,235,1924,Electrical Engineering 電機,NA
40256,40255,70078,1919,Mining Engineering 礦冶,NA
40258,40257,561,1939,Textile Engineering 紡織,NA
40260,40259,998,1936,Civil Engineering 土木,NA
40262,40261,115,1933,Civil Engineering 土木,NA
40264,40263,692,1936,Mining Engineering 礦冶,NA
40271,40270,235,1925,Mechanical Engineering 機械,NA
40281,40280,4599,1926,Electrical Engineering 電機,NA
40289,40288,1730,1919,Telecommunications 電信,NA
40291,40290,349,1936,Civil Engineering 土木,Zhuanke 專科
40293,40292,692,1929,Electrical Engineering 電機,NA
40303,40302,1730,1918,Radio Engineering 無線電,NA
40305,40304,1730,1912,Telecommunications 電信,NA
40309,40308,516,1936,Civil Engineering 土木,NA
40311,40310,837,1926,Mining Engineering 礦冶,NA
40313,40312,3044,1939,Civil Engineering 土木,NA
40315,40314,901,1939,Civil Engineering 土木,NA
40317,40316,1499,1933,Civil Engineering 土木,NA
40322,40321,451,1936,Civil Engineering 土木,NA
40324,40323,451,1937,Civil Engineering 土木,NA
40326,40325,692,1929,Civil Engineering 土木,NA
40327,40325,227,1932,Civil Engineering 土木,Master 碩士
40336,40335,692,1934,Civil Engineering 土木,NA
40340,40339,4094,NA,Mechanical Engineering 機械,NA
40343,40342,349,1937,Telecommunications 電信,Zhuanke 專科
40345,40344,198,1929,Civil Engineering 土木,NA
40353,40352,349,1935,Civil Engineering 土木,Zhuanke 專科
40355,40354,3073,1936,Civil Engineering 土木,NA
40359,40358,3530,1926,Electrical Engineering 電機,NA
40361,40358,9480,NA,Electrical Engineering 電機,NA
40365,40364,692,1923,Civil Engineering 土木,NA
40366,40364,181,1925,Civil Engineering 土木,Master 碩士
40369,40368,516,1939,Mechanical Engineering 機械,NA
40371,40370,498,1936,Mechanical Engineering 機械,NA
40373,40372,998,1936,Electrical Engineering 電機,NA
40376,40375,7087,1937,Turbine 輪機,NA
40378,40377,235,1920,Civil Engineering 土木,NA
40385,40384,1310,1924,Electrical Engineering 電機,NA
40402,40401,675,1937,Civil Engineering 土木,NA
40405,40403,998,1939,Chemical Engineering 化工,NA
40407,40406,70078,1913,Civil Engineering 土木,NA
40410,40408,235,1935,Civil Engineering 土木,NA
40417,40416,235,1931,Civil Engineering 土木,NA
40420,40418,455,1930,Civil Engineering 土木,NA
40422,40421,1730,1912,Telecommunications 電信,NA
40424,40423,692,1912,Civil Engineering 土木,NA
40427,40426,1730,1912,Telecommunications 電信,NA
40429,40428,40430,1927,Mechanical Engineering 機械,NA
40438,40437,1730,1920,Telecommunications 電信,NA
40447,40445,516,1939,Architecture 建築,NA
40449,40448,1730,1920,Radio Engineering 無線電,NA
40450,40448,235,1924,Electrical Engineering 電機,NA
40454,40453,1499,1939,Civil Engineering 土木,NA
40456,40455,1730,1912,Telecommunications 電信,NA
40458,40457,561,1926,Textile Engineering 紡織,NA
40461,40460,498,1935,Electrical Engineering 電機,NA
40464,40462,998,1938,Mechanical Engineering 機械,NA
40466,40465,1742,1937,Civil Engineering 土木,NA
40468,40467,232,1924,Chemical Engineering 化工,NA
40482,40481,235,1923,Electrical Engineering 電機,NA
40483,40481,227,1929,Electrical Engineering 電機,Master 碩士
40490,40489,349,1938,Civil Engineering 土木,Zhuanke 專科
40492,40491,349,1937,Telecommunications 電信,Zhuanke 專科
40494,40493,876,1937,Civil Engineering 土木,NA
40496,40495,516,1936,Civil Engineering 土木,NA
40498,40497,516,1936,Chemical Engineering 化工,NA
40500,40499,349,1938,Mechanical Engineering 機械,NA
40502,40501,837,1934,Electrical Engineering 電機,NA
40511,40510,1269,1937,Chemical Engineering 化工,NA
40513,40512,12994,NA,Civil Engineering 土木,NA
40516,40515,278,NA,Electrical Engineering 電機,NA
40521,40519,1730,1912,Telecommunications 電信,NA
40523,40522,1499,1938,Civil Engineering 土木,NA
40525,40524,188,NA,Mining Engineering 礦冶,Master 碩士
40537,40536,455,1937,Civil Engineering 土木,NA
40539,40538,901,1937,Civil Engineering 土木,NA
40541,40540,1730,1916,Civil Engineering 土木,NA
40543,40542,3044,1938,Civil Engineering 土木,NA
40545,40544,1499,1926,Civil Engineering 土木,NA
40553,40552,235,1929,Electrical Engineering 電機,NA
40554,40552,2370,1934,unspecified,Research 研究
40562,40561,1499,1936,Civil Engineering 土木,NA
40564,40563,498,1933,Mechanical Engineering 機械,NA
40567,40565,498,1934,Chemical Engineering 化工,NA
40569,40568,1730,1919,Telecommunications 電信,NA
40572,40571,692,1935,Civil Engineering 土木,NA
40576,40575,555,1939,Electrical Engineering 電機,NA
40578,40577,1102,NA,Mechanical Engineering 機械,NA
40579,40577,1369,NA,Electrical Engineering 電機,NA
40592,40591,354,1937,Mechanical Engineering 機械,NA
40594,40593,1499,1920,Civil Engineering 土木,NA
40596,40595,235,1924,Electrical Engineering 電機,NA
40605,40604,498,1933,Electrical Engineering 電機,NA
40607,40606,516,1939,Mechanical Engineering 機械,NA
40609,40608,5740,1927,Mechanical Engineering 機械,NA
40621,40620,455,1931,Mechanical Engineering 機械,NA
40623,40622,901,1932,Civil Engineering 土木,NA
40626,40625,198,NA,Civil Engineering 土木,NA
40630,40629,198,NA,Architecture 建築,NA
40636,40635,2840,1930,Mechanical Engineering 機械,NA
40647,40646,2876,1939,Civil Engineering 土木,NA
40649,40648,2840,1930,unspecified,NA
40653,40652,2224,1922,Mechanical Engineering 機械,NA
40655,40654,1516,1937,Civil Engineering 土木,NA
40657,40656,227,1921,Civil Engineering 土木,NA
40658,40656,171,1929,City planning,Research 研究
40671,40670,7349,NA,Civil Engineering 土木,NA
40677,40676,235,1929,Electrical Engineering 電機,NA
40678,40676,227,NA,Electrical Engineering 電機,Master 碩士
40690,40689,498,1934,Mechanical Engineering 機械,NA
40692,40691,354,1938,Civil Engineering 土木,NA
40695,40693,692,1932,Civil Engineering 土木,NA
40698,40697,167,NA,Civil Engineering 土木,NA
40706,40705,349,1936,Mechanical Engineering 機械,NA
40708,40707,5740,1928,Chemical Engineering 化工,NA
40715,40714,30772,1913,Civil Engineering 土木,NA
40727,40726,235,1935,Electrical Engineering 電機,NA
40729,40728,195,1930,Chemical Engineering 化工,Master 碩士
40730,40728,198,NA,unspecified,Research 研究
40742,40741,725,1916,Civil Engineering 土木,Zhuanke 專科
40744,40743,855,NA,Mechanical Engineering 機械,NA
40749,40748,2224,1935,Civil Engineering 土木,NA
40751,40750,516,1930,Electrical Engineering 電機,NA
40753,40752,36730,NA,Chemical Engineering 化工,NA
40760,40758,4419,1938,Mining Engineering 礦冶,NA
40763,40762,1499,1935,Civil Engineering 土木,NA
40768,40766,1730,1916,Civil Engineering 土木,NA
40770,40769,235,1925,Electrical Engineering 電機,NA
40773,40772,235,1916,Civil Engineering 土木,NA
40775,40774,235,1917,Electrical Engineering 電機,NA
40776,40774,9076,1922,Electrical Engineering 電機,Master 碩士
40786,40785,235,1915,Civil Engineering 土木,NA
40789,40788,235,1933,Civil Engineering 土木,NA
40791,40790,235,1918,Civil Engineering 土木,NA
40793,40792,16706,1926,Civil Engineering 土木,NA
40797,40796,725,1937,Electrical Engineering 電機,NA
40799,40798,235,1931,Mechanical Engineering 機械,NA
40800,40798,188,1936,Mechanical Engineering 機械,Master 碩士
40801,40798,188,1938,Mechanical Engineering 機械,Doctor 博士
40805,40804,455,1930,Architecture 建築,NA
40808,40807,1269,1936,Mechanical Engineering 機械,NA
40810,40809,2840,NA,Mechanical Engineering 機械,NA
40811,40809,40812,NA,unspecified,畢業
40817,40816,23712,NA,Mechanical Engineering 機械,NA
40824,40823,855,1931,Chemical Engineering 化工,NA
40827,40826,529,1931,Civil Engineering 土木,NA
40832,40831,855,1925,Mechanical Engineering 機械,NA
40834,40833,725,1926,Mechanical Engineering 機械,NA
40836,40835,998,1937,Civil Engineering 土木,NA
40838,40837,227,NA,Electrical Engineering 電機,Master 碩士
40846,40844,3073,1935,Civil Engineering 土木,NA
40850,40849,649,1932,unspecified,NA
40852,40851,692,1937,Mining Engineering 礦冶,NA
40854,40853,235,1929,Electrical Engineering 電機,NA
40870,40869,1730,1924,Radio Engineering 無線電,Zhuanke 專科
40872,40871,455,1929,Civil Engineering 土木,NA
40873,40871,171,NA,Civil Engineering 土木,Master 碩士
40877,40876,1499,1933,Civil Engineering 土木,NA
40880,40879,235,1937,Electrical Engineering 電機,NA
40882,40881,1499,1922,Civil Engineering 土木,NA
40884,40883,837,1925,Mining Engineering 礦冶,NA
40899,40898,229,1932,Civil Engineering 土木,NA
40903,40902,12138,1915,Textile Engineering 紡織,Master 碩士
40906,40905,692,1930,Mining Engineering 礦冶,NA
40916,40915,498,1933,Electrical Engineering 電機,NA
40918,40917,516,1936,Civil Engineering 土木,NA
40920,40919,692,1937,Mechanical Engineering 機械,NA
40923,40921,235,1938,Mechanical Engineering 機械,NA
40925,40924,120,1923,Mining Engineering 礦冶,NA
40926,40924,120,1924,Mining Engineering 礦冶,Doctor 博士
40927,40924,40928,1925,unspecified,Research 研究
40945,40944,455,1937,Civil Engineering 土木,NA
40946,40944,455,1939,Mechanical Engineering 機械,特別班
40948,40947,1499,1939,Mining Engineering 礦冶,NA
40950,40949,529,1936,Electrical Engineering 電機,NA
40952,40951,1499,1933,Civil Engineering 土木,NA
40956,40955,33231,1924,Mechanical Engineering 機械,NA
40961,40960,725,1930,Mechanical Engineering 機械,NA
40963,40962,725,1935,Mining Engineering 礦冶,NA
40965,40964,1499,1916,Civil Engineering 土木,NA
40968,40966,561,1936,Chemical Engineering 化工,NA
40970,40969,139,1928,Civil Engineering 土木,NA
40974,40973,498,1933,Mechanical Engineering 機械,NA
40976,40975,561,1933,Textile Engineering 紡織,NA
40979,40978,529,1939,Electrical Engineering 電機,NA
40981,40980,229,1937,Mechanical Engineering 機械,NA
40983,40982,354,1937,Civil Engineering 土木,NA
40985,40984,3530,1925,Electrical Engineering 電機,NA
40987,40986,2876,1937,Civil Engineering 土木,NA
40989,40988,821,1934,Civil Engineering 土木,NA
40991,40990,529,1933,Civil Engineering 土木,NA
40996,40995,229,1936,Civil Engineering 土木,NA
41000,40998,1499,1917,Civil Engineering 土木,NA
41008,41007,1483,1921,Textile Engineering 紡織,NA
41012,41011,692,1935,Mechanical Engineering 機械,NA
41014,41013,2328,1937,Civil Engineering 土木,NA
41016,41015,2328,1937,Electrical Engineering 電機,NA
41018,41017,821,1938,Civil Engineering 土木,NA
41020,41019,498,1932,Electrical Engineering 電機,NA
41022,41021,498,1935,Mechanical Engineering 機械,NA
41025,41024,855,1924,Mechanical Engineering 機械,NA
41027,41026,498,1930,Chemical Engineering 化工,NA
41032,41031,3073,1932,Mining Engineering 礦冶,NA
41040,41039,561,1936,Textile Engineering 紡織,NA
41043,41042,692,1916,Civil Engineering 土木,NA
41045,41044,821,1929,Electrical Engineering 電機,NA
41047,41046,195,1923,Mechanical Engineering 機械,Bachelor 學士
41055,41054,354,1935,Civil Engineering 土木,NA
41058,41057,455,1934,Civil Engineering 土木,NA
41061,41060,6140,NA,Mining Engineering 礦冶,NA
41070,41067,349,1938,Architecture 建築,NA
41074,41072,516,1935,Civil Engineering 土木,NA
41076,41073,235,1930,Electrical Engineering 電機,NA
41081,41078,349,1938,Architecture 建築,NA
41083,41082,2840,1926,Mechanical Engineering 機械,NA
41084,41080,455,1939,Mechanical Engineering 機械,NA
41088,41087,561,1934,Textile Engineering 紡織,NA
41090,41089,9439,1937,Radio Engineering 無線電,Zhuanke 專科
41092,41091,725,1916,Mining Engineering 礦冶,Zhuanke 專科
41094,41093,725,1917,Mechanical Engineering 機械,Master 碩士
41098,41095,235,1923,Electrical Engineering 電機,NA
41101,41099,529,1938,Civil Engineering 土木,NA
41103,41102,349,1937,Mechanical Engineering 機械,NA
41105,41104,235,1912,Electrical Engineering 電機,NA
41118,41117,195,1930,Electrical Engineering 電機,NA
41119,41117,195,1931,Electrical Engineering 電機,Master 碩士
41140,41134,70078,1917,Civil Engineering 土木,NA
41144,41141,1499,1915,Civil Engineering 土木,NA
41147,41145,855,1937,Electrical Engineering 電機,NA
41149,41148,1907,1925,Electrical Engineering 電機,NA
41157,41155,7349,1926,Civil Engineering 土木,NA
41161,41159,1499,1916,Civil Engineering 土木,NA
41166,41164,1730,1918,Radio Engineering 無線電,NA
41168,41167,1269,1939,Electrical Engineering 電機,NA
41171,41170,498,1929,Mechanical Engineering 機械,NA
41174,41169,725,1931,Mechanical Engineering 機械,NA
41181,41178,561,1923,Textile Engineering 紡織,NA
41182,41180,349,1936,Architecture 建築,NA
41184,41183,561,1918,Textile Engineering 紡織,NA
41187,41186,561,1933,Textile Engineering 紡織,NA
41189,41188,561,1933,Textile Engineering 紡織,NA
41191,41190,41192,1910,Civil Engineering 土木,NA
41197,41185,692,1938,Mechanical Engineering 機械,NA
41209,41201,649,1930,unspecified,NA
41213,41211,821,1934,Electrical Engineering 電機,NA
41216,41215,235,1939,Mechanical Engineering 機械,NA
41217,41214,855,1928,Mechanical Engineering 機械,NA
41219,41218,725,1928,Electrical Engineering 電機,NA
41221,41220,855,1936,Mechanical Engineering 機械,NA
41224,41222,561,1926,Textile Engineering 紡織,NA
41227,41225,998,1936,Civil Engineering 土木,NA
41230,41228,855,1937,Electrical Engineering 電機,NA
41232,41231,229,1937,Mechanical Engineering 機械,NA
41235,41233,498,1933,Electrical Engineering 電機,NA
41236,41234,235,1929,Mechanical Engineering 機械,NA
41238,41237,235,1933,Civil Engineering 土木,NA
41243,41242,675,1925,Civil Engineering 土木,NA
41252,41251,41253,NA,Mining Engineering 礦冶,NA
41255,41254,2004,1937,Mechanical Engineering 機械,NA
41256,41251,3146,NA,unspecified,Research 研究
41263,41260,1730,1918,Radio Engineering 無線電,NA
41264,41262,692,1937,Mechanical Engineering 機械,NA
41266,41265,498,1937,Electrical Engineering 電機,NA
41268,41267,520,1931,Mining Engineering 礦冶,NA
41273,41272,692,1931,Mining Engineering 礦冶,NA
41277,41276,855,1936,Mechanical Engineering 機械,NA
41280,41279,2740,1928,Mining Engineering 礦冶,NA
41283,41282,561,1934,Textile Engineering 紡織,NA
41285,41284,649,1932,unspecified,NA
41288,41287,2876,1937,Civil Engineering 土木,NA
41290,41289,725,1916,Civil Engineering 土木,Zhuanke 專科
41293,41291,516,1939,Electrical Engineering 電機,NA
41295,41294,349,1937,Telecommunications 電信,Zhuanke 專科
41297,41296,498,1937,Mechanical Engineering 機械,NA
41300,41299,227,1926,Electrical Engineering 電機,NA
41310,41309,3073,1936,Textile Engineering 紡織,NA
41314,41313,1730,1912,Civil Engineering 土木,NA
41317,41316,516,1939,Chemical Engineering 化工,NA
41319,41318,498,1934,Mechanical Engineering 機械,NA
41322,41320,455,1934,Electrical Engineering 電機,NA
41326,41325,855,1925,Mechanical Engineering 機械,NA
41328,41327,4163,1915,Chemical Engineering 化工,NA
41335,41334,41336,1929,Mechanical Engineering 機械,NA
41345,41344,498,1938,Electrical Engineering 電機,NA
41347,41346,692,1938,Civil Engineering 土木,NA
41349,41348,70078,1919,Mining Engineering 礦冶,NA
41352,41351,1730,1916,Civil Engineering 土木,NA
41355,41354,821,1935,Electrical Engineering 電機,NA
41357,41356,649,1935,unspecified,NA
41361,41360,855,1925,Mechanical Engineering 機械,NA
41363,41362,120,NA,Electrical Engineering 電機,NA
41364,41362,33231,1927,Electrical Engineering 電機,Doctor 博士
41376,41375,692,1934,Mining Engineering 礦冶,NA
41381,41380,235,1921,Civil Engineering 土木,NA
41386,41385,855,1926,Chemical Engineering 化工,NA
41388,41387,1730,1923,Electrical Engineering 電機,NA
41390,41389,725,1934,Civil Engineering 土木,NA
41392,41391,725,1924,Mechanical Engineering 機械,NA
41394,41393,725,1931,Mining Engineering 礦冶,NA
41397,41396,235,1925,Electrical Engineering 電機,NA
41398,41396,227,1931,Electrical Engineering 電機,Master 碩士
41408,41407,692,1935,Mining Engineering 礦冶,NA
41415,41414,2876,1938,Civil Engineering 土木,NA
41417,41416,561,1939,Textile Engineering 紡織,NA
41419,41418,692,1937,Mechanical Engineering 機械,NA
41422,41421,855,1932,Mechanical Engineering 機械,NA
41429,41427,516,1937,Chemical Engineering 化工,NA
41432,41430,1253,1928,Civil Engineering 土木,NA
41434,41433,692,1938,Mining Engineering 礦冶,NA
41436,41435,41437,1915,Electrical Engineering 電機,NA
41448,41447,152,1915,Electrical Engineering 電機,NA
41464,41463,1742,1939,Civil Engineering 土木,NA
41466,41465,520,1934,Mining Engineering 礦冶,NA
41470,41469,725,1916,Mining Engineering 礦冶,NA
41472,41471,455,1930,Civil Engineering 土木,NA
41475,41474,349,1937,Architecture 建築,NA
41477,41476,181,1925,Chemical Engineering 化工,NA
41483,41482,2328,1936,Civil Engineering 土木,NA
41487,41486,1499,1933,Civil Engineering 土木,NA
41491,41490,2840,1927,Mechanical Engineering 機械,NA
41501,41500,692,1932,Civil Engineering 土木,NA
41503,41502,1310,1924,Textile Engineering 紡織,NA
41507,41506,725,1925,Mining Engineering 礦冶,NA
41509,41508,725,1931,Mechanical Engineering 機械,NA
41511,41510,5740,1917,Chemical Engineering 化工,NA
41514,41513,692,1928,Civil Engineering 土木,NA
41517,41516,725,1924,Mining Engineering 礦冶,NA
41519,41518,195,NA,Mechanical Engineering 機械,NA
41526,41525,1499,1932,Civil Engineering 土木,NA
41528,41527,235,1934,Civil Engineering 土木,NA
41534,41533,4419,1936,Mining Engineering 礦冶,NA
41536,41535,516,1937,Civil Engineering 土木,NA
41538,41537,1730,1920,Telecommunications 電訊,NA
41545,41544,451,1938,Civil Engineering 土木,NA
41547,41546,675,1936,Civil Engineering 土木,NA
41549,41548,3073,1938,Civil Engineering 土木,NA
41551,41550,227,NA,Civil Engineering 土木,NA
41555,41554,649,1932,unspecified,NA
41558,41557,529,1939,Mechanical Engineering 機械,NA
41560,41559,675,1932,Civil Engineering 土木,NA
41563,41561,227,1918,Mechanical Engineering 機械,NA
41572,41571,1730,1918,Electrical Engineering 電機,NA
41574,41573,235,1914,Civil Engineering 土木,NA
41575,41573,9076,1918,Civil Engineering 土木,Master 碩士
41587,41586,3530,1924,unspecified,畢業
41592,41591,1499,1937,Civil Engineering 土木,NA
41594,41593,1730,1915,Electrical Engineering 電機,NA
41609,41608,235,1923,Mechanical Engineering 機械,NA
41612,41611,555,1939,Electrical Engineering 電機,NA
41615,41613,1499,1922,Civil Engineering 土木,NA
41618,41617,195,1921,Electrical Engineering 電機,Master 碩士
41626,41625,529,1939,Electrical Engineering 電機,NA
41629,41628,41630,1935,Mining Engineering 礦冶,NA
41636,41635,516,1939,Chemical Engineering 化工,NA
41638,41637,998,1928,Electrical Engineering 電機,NA
41646,41645,692,1936,Mechanical Engineering 機械,NA
41654,41652,649,1930,unspecified,NA
41656,41655,235,1938,Electrical Engineering 電機,NA
41658,41657,855,1939,Chemical Engineering 化工,NA
41660,41659,725,1919,Civil Engineering 土木,NA
41664,41663,529,1938,Civil Engineering 土木,NA
41666,41665,70078,1924,Radio Engineering 無線電,Zhuanke 專科
41670,41669,198,NA,Architecture 建築,NA
41678,41677,3073,1937,Mining Engineering 礦冶,NA
41680,41679,855,1927,Mechanical Engineering 機械,NA
41682,41681,498,1936,Electrical Engineering 電機,NA
41688,41686,1269,1938,Electrical Engineering 電機,NA
41691,41689,70078,1917,Mining Engineering 礦冶,NA
41692,41689,120,NA,Mining Engineering 礦冶,Doctor 博士
41699,41698,555,1939,Electrical Engineering 電機,NA
41701,41700,455,1933,Electrical Engineering 電機,NA
41711,41710,2121,NA,Architecture 建築,NA
41717,41716,675,1933,Civil Engineering 土木,NA
41719,41718,115,1935,Electrical Engineering 電機,NA
41721,41720,1310,NA,Electrical Engineering 電機,NA
41725,41724,41726,1939,Civil Engineering 土木,NA
41728,41727,675,1927,Civil Engineering 土木,NA
41730,41729,198,NA,Mechanical Engineering 機械,NA
41731,41729,195,1923,Mechanical Engineering 機械,Master 碩士
41742,41741,349,1936,Civil Engineering 土木,Zhuanke 專科
41745,41744,821,1929,Mechanical Engineering 機械,NA
41747,41746,349,1938,Civil Engineering 土木,Zhuanke 專科
41749,41748,235,1939,Civil Engineering 土木,NA
41751,41750,675,1929,Civil Engineering 土木,NA
41753,41752,1499,1937,Civil Engineering 土木,NA
41755,41754,1730,1921,Telecommunications 電信,NA
41763,41762,1679,1935,Civil Engineering 土木,NA
41765,41764,115,1937,Chemical Engineering 化工,NA
41767,41766,516,1939,Chemical Engineering 化工,NA
41769,41768,235,1939,Civil Engineering 土木,NA
41771,41770,555,1938,Mechanical Engineering 機械,NA
41773,41772,498,1932,Mechanical Engineering 機械,NA
41775,41774,349,1938,Civil Engineering 土木,Zhuanke 專科
41777,41776,1499,1936,Civil Engineering 土木,NA
41779,41778,235,1938,Civil Engineering 土木,NA
41781,41780,11540,NA,Civil Engineering 土木,NA
41784,41783,198,NA,Chemical Engineering 化工,NA
41792,41791,349,1937,Civil Engineering 土木,Zhuanke 專科
41794,41793,349,1935,Civil Engineering 土木,NA
41800,41799,498,1933,Mechanical Engineering 機械,NA
41803,41802,349,1935,Civil Engineering 土木,Zhuanke 專科
41805,41804,837,1927,Mining Engineering 礦冶,NA
41808,41807,2224,1937,Surveying 測量,NA
41810,41809,1730,1918,Radio Engineering 無線電,NA
41812,41811,349,1938,Civil Engineering 土木,Zhuanke 專科
41814,41813,455,1937,Civil Engineering 土木,NA
41817,41816,555,1938,Electrical Engineering 電機,NA
41819,41818,1499,1931,Civil Engineering 土木,NA
41820,41818,129,1933,Civil Engineering 土木,Master 碩士
41824,41823,1499,1933,Civil Engineering 土木,NA
41826,41825,349,1938,Architecture 建築,NA
41828,41827,455,1939,Architecture 建築,NA
41830,41829,1730,1912,Civil Engineering 土木,NA
41833,41832,426,1932,Civil Engineering 土木,NA
41835,41834,426,1932,unspecified,NA
41837,41836,692,1927,Mining Engineering 礦冶,NA
41846,41845,1730,1918,Radio Engineering 無線電,NA
41848,41847,649,1935,Hydraulic Engineering 水利,NA
41851,41850,2224,1937,Surveying 測量,NA
41853,41852,821,1938,Civil Engineering 土木,NA
41855,41854,198,NA,Chemical Engineering 化工,NA
41861,41860,516,1939,Mechanical Engineering 機械,NA
41863,41862,516,1936,Civil Engineering 土木,NA
41865,41864,152,1912,Civil Engineering 土木,NA
41866,41864,267,1915,Architecture 建築,NA
41872,41871,9076,NA,Civil Engineering 土木,NA
41877,41876,181,1918,Chemical Engineering 化工,NA
41885,41884,649,1932,Hydraulic Engineering 水利,NA
41889,41888,179,1923,Civil Engineering 土木,NA
41890,41888,152,NA,unspecified,NA
41891,41888,276,NA,unspecified,Research 研究
41907,41906,152,NA,Civil Engineering 土木,NA
41910,41909,171,1918,Mechanical Engineering 機械,NA
41911,41909,195,1919,Civil Engineering 土木,Master 碩士
41922,41921,3044,1935,Civil Engineering 土木,NA
41930,41929,3073,1936,Mining Engineering 礦冶,NA
41937,41936,692,1932,Civil Engineering 土木,NA
41940,41939,5466,1928,Electrical Engineering 電機,NA
41948,41947,235,1938,Mechanical Engineering 機械,NA
41950,41949,529,1937,Mechanical Engineering 機械,NA
41952,41951,1742,1938,Civil Engineering 土木,NA
41955,41954,725,1931,Mining Engineering 礦冶,NA
41959,41957,649,1930,unspecified,NA
41961,41960,998,1938,Electrical Engineering 電機,NA
41963,41962,455,1939,Civil Engineering 土木,NA
41965,41964,2224,1924,Civil Engineering 土木,NA
41969,41968,498,1930,Electrical Engineering 電機,NA
41972,41971,41973,1908,Mechanical Engineering 機械,NA
41980,41979,1499,1938,Civil Engineering 土木,NA
41982,41981,692,1936,Mechanical Engineering 機械,NA
41984,41983,1499,1935,Civil Engineering 土木,NA
41987,41986,235,1925,Electrical Engineering 電機,NA
41994,41993,235,1938,Civil Engineering 土木,NA
41996,41995,235,1931,Mechanical Engineering 機械,NA
42003,42001,1730,1914,Radio Engineering 無線電,NA
42005,42004,1730,1924,Radio Engineering 無線電,Zhuanke 專科
42009,42008,2740,1922,Mining Engineering 礦冶,NA
42016,42015,561,1939,Textile Engineering 紡織,NA
42018,42017,42019,1920,Electrical Engineering 電機,NA
42033,42032,998,1930,Electrical Engineering 電機,NA
42037,42036,227,NA,Mechanical Engineering 機械,NA
42047,42046,42048,1928,Civil Engineering 土木,NA
42052,42051,198,NA,Civil Engineering 土木,Master 碩士
42056,42055,692,1919,Mining Engineering 礦冶,NA
42062,42061,2876,1938,Civil Engineering 土木,NA
42064,42063,1269,1938,Mining Engineering 礦冶,NA
42066,42065,529,1937,Electrical Engineering 電機,NA
42068,42067,498,1936,Chemical Engineering 化工,NA
42071,42070,235,1932,Electrical Engineering 電機,NA
42084,42083,529,1937,Civil Engineering 土木,NA
42086,42085,451,1939,Civil Engineering 土木,NA
42088,42087,725,1916,Civil Engineering 土木,Zhuanke 專科
42090,42089,235,1924,Electrical Engineering 電機,NA
42100,42099,725,1930,Mechanical Engineering 機械,NA
42102,42101,349,1936,Civil Engineering 土木,Zhuanke 專科
42104,42103,529,1929,Mechanical Engineering 機械,NA
42108,42105,692,1924,Mining Engineering 礦冶,NA
42110,42109,7349,1925,Civil Engineering 土木,NA
42120,42119,725,1928,Electrical Engineering 電機,NA
42123,42121,426,1937,Civil Engineering 土木,NA
42125,42124,1310,1919,Electrical Engineering 電機,NA
42132,42131,14999,1934,Electrical Engineering 電機,NA
42139,42138,11540,1927,Mining Engineering 礦冶,NA
42152,42151,529,1935,Electrical Engineering 電機,NA
42155,42154,229,1936,Civil Engineering 土木,NA
42158,42157,725,1929,Mechanical Engineering 機械,NA
42165,42164,1730,1916,Civil Engineering 土木,NA
42171,42169,235,1936,Electrical Engineering 電機,NA
42173,42172,520,1936,Civil Engineering 土木,NA
42175,42174,2740,1926,Mining Engineering 礦冶,NA
42181,42180,725,1929,Mining Engineering 礦冶,NA
42183,42182,235,1932,Electrical Engineering 電機,NA
42186,42185,354,1939,Civil Engineering 土木,NA
42188,42187,455,1939,Mechanical Engineering 機械,NA
42191,42190,235,1926,Mechanical Engineering 機械,NA
42196,42195,994,1924,Electrical Engineering 電機,NA
42198,42197,455,1930,Civil Engineering 土木,NA
42202,42201,426,1936,Civil Engineering 土木,NA
42204,42203,455,1930,Chemical Engineering 化工,NA
42207,42206,725,1916,Civil Engineering 土木,Zhuanke 專科
42212,42211,252,NA,Chemical Engineering 化工,NA
42215,42214,2224,1921,Mechanical Engineering 機械,NA
42216,42214,120,1925,Mechanical Engineering 機械,NA
42226,42225,1730,1918,Electrical Engineering 電機,NA
42228,42227,498,1930,Chemical Engineering 化工,NA
42230,42229,2224,1921,Civil Engineering 土木,NA
42235,42234,821,1932,Civil Engineering 土木,NA
42237,42236,70078,1916,Civil Engineering 土木,NA
42241,42240,120,1930,Chemical Engineering 化工,NA
42249,42248,70078,1921,Mining Engineering 礦冶,NA
42251,42250,876,1937,Civil Engineering 土木,NA
42255,42254,235,1926,Mechanical Engineering 機械,NA
42260,42259,725,1919,Civil Engineering 土木,NA
42265,42264,855,1930,Mechanical Engineering 機械,NA
42269,42268,855,1937,Mechanical Engineering 機械,NA
42271,42270,349,1936,Civil Engineering 土木,Zhuanke 專科
42273,42272,692,1919,Mining Engineering 礦冶,NA
42279,42278,2121,1917,Chemical Engineering 化工,NA
42287,42286,498,1936,Electrical Engineering 電機,NA
42289,42288,529,1933,Civil Engineering 土木,NA
42292,42291,998,1936,Chemical Engineering 化工,NA
42294,42293,195,1920,Chemical Engineering 化工,Bachelor 學士
42310,42309,692,1931,Civil Engineering 土木,NA
42313,42312,2888,1939,Mechanical Engineering 機械,NA
42315,42314,529,1938,Civil Engineering 土木,NA
42317,42316,242,1924,Mechanical Engineering 機械,NA
42327,42326,692,NA,Civil Engineering 土木,NA
42329,42328,1499,1918,Civil Engineering 土木,NA
42331,42330,235,1937,Electrical Engineering 電機,NA
42333,42332,235,1913,Civil Engineering 土木,NA
42342,42341,223,1925,Architecture 建築,Master 碩士
42361,42360,455,1935,Mechanical Engineering 機械,NA
42364,42363,455,1930,Civil Engineering 土木,NA
42366,42365,649,1937,unspecified,NA
42368,42367,229,1936,Civil Engineering 土木,NA
42372,42371,516,1939,Mechanical Engineering 機械,NA
42374,42373,498,1932,Electrical Engineering 電機,NA
42376,42375,855,1925,Mechanical Engineering 機械,NA
42381,42380,235,1926,Mechanical Engineering 機械,NA
42390,42389,675,1935,Civil Engineering 土木,NA
42392,42391,2740,1928,Mining Engineering 礦冶,NA
42394,42393,1499,1935,Civil Engineering 土木,NA
42397,42396,692,1933,Civil Engineering 土木,NA
42404,42403,498,1931,Textile Engineering 紡織,NA
42406,42405,2876,1939,Civil Engineering 土木,NA
42408,42407,725,1929,Mining Engineering 礦冶,NA
42410,42409,227,NA,Electrical Engineering 電機,NA
42417,42416,2328,1935,Chemical Engineering 化工,NA
42420,42419,3073,1935,Mining Engineering 礦冶,NA
42423,42422,235,1938,Civil Engineering 土木,NA
42425,42424,235,1936,Civil Engineering 土木,NA
42427,42426,354,1934,Civil Engineering 土木,NA
42429,42428,725,1934,Civil Engineering 土木,NA
42432,42431,529,1926,Electrical Engineering 電機,NA
42436,42435,2224,1930,Electrical Engineering 電機,NA
42444,42443,855,1930,Chemical Engineering 化工,NA
42447,42445,1269,1936,Mechanical Engineering 機械,NA
42450,42448,855,1930,Chemical Engineering 化工,NA
42452,42451,2224,1932,Civil Engineering 土木,NA
42460,42459,725,1931,Mechanical Engineering 機械,NA
42462,42461,1310,1927,Chemical Engineering 化工,NA
42472,42471,855,1923,Chemical Engineering 化工,NA
42476,42475,349,1938,Architecture 建築,NA
42480,42479,451,1934,Civil Engineering 土木,NA
42482,42481,2840,1926,Architecture 建築,NA
42487,42485,561,1935,Textile Engineering 紡織,NA
42489,42488,855,1929,Mechanical Engineering 機械,NA
42494,42493,242,NA,Chemical Engineering 化工,Master 碩士
42497,42496,725,1927,Mining Engineering 礦冶,NA
42501,42500,455,1930,Civil Engineering 土木,NA
42503,42502,235,1936,Electrical Engineering 電機,NA
42510,42509,725,1911,Mining Engineering 礦冶,NA
42512,42511,725,1927,Mining Engineering 礦冶,NA
42514,42513,561,1927,Textile Engineering 紡織,NA
42518,42517,725,1916,Civil Engineering 土木,Zhuanke 專科
42520,42519,725,1937,Mechanical Engineering 機械,NA
42522,42521,483,1929,Chemistry 化學,NA
42523,42521,42524,1930,unspecified,Research 研究
42525,42521,120,1938,Chemical Engineering 化工,Doctor 博士
42531,42530,498,1938,Mechanical Engineering 機械,NA
42533,42532,2328,1936,Electrical Engineering 電機,NA
42535,42534,151,NA,Mining Engineering 礦冶,Doctor 博士
42539,42538,725,1932,Mining Engineering 礦冶,NA
42543,42542,3044,1938,Civil Engineering 土木,NA
42545,42544,349,1938,Architecture 建築,NA
42549,42548,267,NA,Civil Engineering 土木,NA
42559,42558,5466,1913,Mining Engineering 礦冶,NA
42563,42562,1730,1914,Telecommunications 電信,NA
42565,42564,1499,1932,Civil Engineering 土木,NA
42568,42567,235,1931,Civil Engineering 土木,NA
42571,42570,529,1935,Civil Engineering 土木,NA
42574,42573,692,1920,Mining Engineering 礦冶,NA
42576,42575,561,1935,Textile Engineering 紡織,NA
42579,42577,1499,1933,Civil Engineering 土木,NA
42581,42580,498,1935,Electrical Engineering 電機,NA
42584,42582,7087,1936,Turbine 輪機,NA
42591,42590,2888,1939,Civil Engineering 土木,NA
42593,42592,1499,1926,Civil Engineering 土木,NA
42596,42595,1499,1933,Civil Engineering 土木,NA
42598,42597,2740,1927,Mining Engineering 礦冶,NA
42611,42610,455,1939,Mechanical Engineering 機械,NA
42614,42612,498,1930,Mechanical Engineering 機械,NA
42618,42615,498,1937,Mechanical Engineering 機械,NA
42623,42622,1730,1912,Telecommunications 電信,NA
42625,42624,1730,1912,Telecommunications 電信,NA
42627,42626,70078,1913,Mining Engineering 礦冶,NA
42632,42630,516,1936,Chemical Engineering 化工,NA
42634,42633,349,1935,Civil Engineering 土木,Zhuanke 專科
42636,42635,455,1937,Civil Engineering 土木,NA
42638,42637,1730,1912,Telecommunications 電信,NA
42639,42637,1730,1916,Electrical Engineering 電機,NA
42643,42641,1269,1939,Mining Engineering 礦冶,NA
42646,42644,1499,1933,Civil Engineering 土木,NA
42652,42649,561,1919,Textile Engineering 紡織,NA
42655,42653,235,1932,Mechanical Engineering 機械,NA
42661,42660,3073,1932,Mining Engineering 礦冶,NA
42668,42667,235,1939,Mechanical Engineering 機械,NA
42671,42670,1499,1935,Civil Engineering 土木,NA
42674,42673,235,1933,Mechanical Engineering 機械,NA
42676,42675,516,1939,Chemical Engineering 化工,NA
42678,42677,692,NA,Mechanical Engineering 機械,NA
42683,42682,998,1934,Civil Engineering 土木,NA
42685,42684,2224,1937,Civil Engineering 土木,NA
42687,42686,235,1939,Electrical Engineering 電機,NA
42689,42688,876,1939,Electrical Engineering 電機,NA
42691,42690,555,1938,Civil Engineering 土木,NA
42693,42692,3530,1927,Electrical Engineering 電機,NA
42698,42697,529,1939,Mechanical Engineering 機械,NA
42702,42701,516,1939,Chemical Engineering 化工,NA
42703,42700,451,1938,Civil Engineering 土木,NA
42705,42704,821,1935,Civil Engineering 土木,NA
42707,42706,561,NA,Textile Engineering 紡織,NA
42710,42708,516,1935,Chemical Engineering 化工,NA
42712,42709,2224,1920,Civil Engineering 土木,NA
42713,42711,235,1931,Civil Engineering 土木,NA
42715,42709,12688,1925,Civil Engineering 土木,NA
42720,42719,3073,1935,Mining Engineering 礦冶,NA
42724,42723,725,1931,Mining Engineering 礦冶,NA
42727,42726,498,1937,Electrical Engineering 電機,NA
42730,42729,1269,1939,Civil Engineering 土木,NA
42731,42728,994,1927,Civil Engineering 土木,NA
42733,42732,426,1930,Civil Engineering 土木,NA
42737,42736,561,1937,Textile Engineering 紡織,NA
42738,42735,725,1936,Civil Engineering 土木,NA
42740,42739,498,NA,Electrical Engineering 電機,NA
42742,42741,725,1932,Electrical Engineering 電機,NA
42745,42743,3073,1932,Mining Engineering 礦冶,NA
42746,42744,349,1935,Civil Engineering 土木,Zhuanke 專科
42751,42744,516,1936,Civil Engineering 土木,NA
42753,42752,725,1926,Mining Engineering 礦冶,NA
42759,42756,349,1933,Mechanical Engineering 機械,NA
42760,42758,1730,1915,Radio Engineering 無線電,NA
42764,42763,451,1938,Civil Engineering 土木,NA
42766,42765,451,1939,Civil Engineering 土木,NA
42768,42767,998,1935,Chemical Engineering 化工,NA
42771,42770,235,1930,Electrical Engineering 電機,NA
42776,42775,498,1931,Electrical Engineering 電機,NA
42778,42777,498,1929,Electrical Engineering 電機,NA
42781,42780,855,1929,Mechanical Engineering 機械,NA
42786,42785,1730,1912,Telecommunications 電信,NA
42788,42787,498,1933,Mechanical Engineering 機械,NA
42790,42789,529,1926,Electrical Engineering 電機,NA
42800,42799,354,1938,Mechanical Engineering 機械,NA
42802,42801,516,1936,Civil Engineering 土木,NA
42805,42803,555,1938,Electrical Engineering 電機,NA
42807,42804,821,1933,Electrical Engineering 電機,NA
42808,42806,692,1931,Civil Engineering 土木,NA
42809,42804,498,1934,Electrical Engineering 電機,NA
42813,42811,1310,1931,Mechanical Engineering 機械,NA
42824,42823,520,1935,Civil Engineering 土木,NA
42826,42825,837,1926,Mining Engineering 礦冶,NA
42832,42831,235,1921,Electrical Engineering 電機,NA
42839,42836,8454,1915,Mining Engineering 礦冶,NA
42852,42851,725,1927,Civil Engineering 土木,NA
42855,42853,2888,1939,Civil Engineering 土木,NA
42857,42856,516,1939,Chemical Engineering 化工,NA
42860,42859,725,1923,Mining Engineering 礦冶,NA
42872,42871,354,1933,Civil Engineering 土木,NA
42879,42878,2888,1939,Electrical Engineering 電機,NA
42885,42884,3044,1934,Civil Engineering 土木,NA
42891,42889,1499,1935,Civil Engineering 土木,NA
42896,42895,455,1934,Electrical Engineering 電機,NA
42902,42899,555,1939,Civil Engineering 土木,NA
42905,42904,725,1934,Civil Engineering 土木,NA
42908,42906,2584,NA,Mining Engineering 礦冶,NA
42925,42924,455,1938,Electrical Engineering 電機,NA
42929,42928,229,1937,Mechanical Engineering 機械,NA
42930,42927,2224,1937,Civil Engineering 土木,NA
42932,42931,498,1937,Mechanical Engineering 機械,NA
42934,42933,692,1935,Civil Engineering 土木,NA
42937,42936,349,1937,Telecommunications 電信,Zhuanke 專科
42939,42938,1269,1936,Chemical Engineering 化工,NA
42941,42940,455,1933,Electrical Engineering 電機,NA
42948,42947,1499,1938,Civil Engineering 土木,NA
42950,42949,5740,1916,Mechanical Engineering 機械,NA
42959,42958,1950,1917,Architecture 建築,NA
42960,42958,23712,1923,天數系,NA
42968,42967,529,1930,Civil Engineering 土木,NA
42972,42971,529,1938,Mining Engineering 礦冶,NA
42974,42973,725,1919,Mining Engineering 礦冶,NA
42976,42975,837,1935,Electrical Engineering 電機,NA
42980,42979,235,1936,Mechanical Engineering 機械,NA
42987,42986,692,1934,Mining Engineering 礦冶,NA
42990,42989,561,1939,Textile Engineering 紡織,NA
42992,42991,692,1935,Civil Engineering 土木,NA
42995,42994,561,1936,Chemical Engineering 化工,NA
42997,42996,529,1939,Mining Engineering 礦冶,NA
42999,42998,235,1915,Civil Engineering 土木,NA
43003,43002,455,1937,Architecture 建築,NA
43005,43004,70078,1920,Civil Engineering 土木,NA
43007,43006,235,1924,Electrical Engineering 電機,NA
43019,43018,11540,NA,Mechanical Engineering 機械,NA
43026,43025,1310,1926,Chemical Engineering 化工,NA
43030,43029,692,1920,Civil Engineering 土木,NA
43033,43032,70078,1922,Mining Engineering 礦冶,NA
43035,43034,520,1939,Chemical Engineering 化工,NA
43037,43036,4419,1939,Mining Engineering 礦冶,Zhuanke 專科
43039,43038,3073,1938,Civil Engineering 土木,NA
43041,43040,235,1931,Civil Engineering 土木,NA
43046,43045,561,1939,Textile Engineering 紡織,NA
43048,43047,43049,1928,Mining Engineering 礦冶,NA
43054,43053,498,1929,Textile Engineering 紡織,NA
43057,43055,235,1931,Civil Engineering 土木,NA
43059,43058,998,1936,Civil Engineering 土木,NA
43061,43060,855,1928,Chemical Engineering 化工,NA
43064,43063,529,1932,Electrical Engineering 電機,NA
43067,43065,43068,NA,Civil Engineering 土木,NA
43080,43079,2224,1927,Civil Engineering 土木,NA
43082,43081,2224,1935,Electrical Engineering 電機,NA
43084,43083,229,1937,Mechanical Engineering 機械,NA
43087,43085,195,NA,Mechanical Engineering 機械,Bachelor 學士
43087,43085,195,NA,Electrical Engineering 電機,Bachelor 學士
43088,43085,195,NA,Mechanical Engineering 機械,Master 碩士
43096,43095,1269,1939,Civil Engineering 土木,NA
43099,43097,561,1925,Textile Engineering 紡織,NA
43101,43100,3044,1937,Civil Engineering 土木,NA
43103,43102,455,1933,Chemical Engineering 化工,NA
43106,43105,235,1920,Electrical Engineering 電機,NA
43113,43112,235,1933,Mechanical Engineering 機械,NA
43125,43124,1310,1920,Chemical Engineering 化工,NA
43133,43132,2224,1920,Civil Engineering 土木,NA
43135,43134,1907,1920,Electrical Engineering 電機,NA
43145,43144,692,1936,Mechanical Engineering 機械,NA
43149,43148,2224,1919,Civil Engineering 土木,NA
43151,43150,855,1931,Electrical Engineering 電機,NA
43160,43159,675,1936,Civil Engineering 土木,NA
43162,43161,675,1932,Civil Engineering 土木,NA
43164,43163,692,1932,Civil Engineering 土木,NA
43166,43165,520,1938,Civil Engineering 土木,NA
43168,43167,197,NA,Mining Engineering 礦冶,NA
43173,43172,1499,1917,Civil Engineering 土木,NA
43183,43182,998,1934,Civil Engineering 土木,NA
43185,43184,998,1936,Electrical Engineering 電機,NA
43191,43190,235,1936,Electrical Engineering 電機,NA
43195,43194,455,1935,Electrical Engineering 電機,NA
43199,43198,725,1927,Mining Engineering 礦冶,NA
43201,43200,223,NA,Civil Engineering 土木,NA
43205,43204,2224,1939,Electrical Engineering 電機,NA
43208,43207,498,1933,Textile Engineering 紡織,NA
43212,43211,516,1939,Chemical Engineering 化工,NA
43214,43213,235,1917,Civil Engineering 土木,NA
43218,43217,455,1939,Civil Engineering 土木,NA
43220,43219,692,1920,Mining Engineering 礦冶,NA
43238,43237,692,1920,Mining Engineering 礦冶,NA
43243,43242,1499,1933,Civil Engineering 土木,NA
43247,43246,1730,1912,Civil Engineering 土木,NA
43250,43249,1730,1916,Electrical Engineering 電機,NA
43254,43252,837,1928,Chemical Engineering 化工,NA
43255,43252,198,1935,Mining Engineering 礦冶,Doctor 博士
43263,43261,1499,1928,Civil Engineering 土木,NA
43266,43265,1499,1932,Civil Engineering 土木,NA
43269,43268,22608,1926,Electrical Engineering 電機,NA
43277,43276,179,1917,Civil Engineering 土木,NA
43284,43283,1730,1917,Radio Engineering 無線電,NA
43286,43285,725,1916,Civil Engineering 土木,NA
43289,43288,15222,1937,Electrical Engineering 電機,NA
43291,43290,1730,1918,Radio Engineering 無線電,NA
43293,43292,998,1934,Chemical Engineering 化工,NA
43295,43294,1950,1925,Civil Engineering 土木,NA
43298,43297,43300,1928,Chemical Engineering 化工,NA
43310,43309,725,1926,Mining Engineering 礦冶,NA
43323,43322,3073,1933,Mining Engineering 礦冶,NA
43328,43327,455,1936,Civil Engineering 土木,NA
43331,43330,725,1930,Mechanical Engineering 機械,NA
43334,43333,455,1939,Chemical Engineering 化工,NA
43336,43335,455,1933,Chemical Engineering 化工,NA
43340,43339,821,1935,Civil Engineering 土木,NA
43342,43341,498,1933,Mechanical Engineering 機械,NA
43344,43343,229,1914,Physics 物理,NA
43345,43343,171,1920,Electrical Engineering 電機,Doctor 博士
43352,43351,998,1936,Civil Engineering 土木,NA
43354,43353,349,1938,Architecture 建築,NA
43356,43355,451,1938,Civil Engineering 土木,NA
43358,43357,1499,1915,Civil Engineering 土木,NA
43360,43359,2224,1927,Mechanical Engineering 機械,NA
43366,43365,692,1912,Civil Engineering 土木,NA
43368,43367,529,1930,Civil Engineering 土木,NA
43373,43372,1730,1920,Telecommunications 電信,NA
43375,43374,639,NA,Chemical Engineering 化工,Doctor 博士
43382,43381,152,1921,Civil Engineering 土木,NA
43386,43385,235,1922,Mechanical Engineering 機械,NA
43397,43395,198,NA,Mining Engineering 礦冶,NA
43411,43410,229,1933,Civil Engineering 土木,NA
43415,43414,876,1937,Civil Engineering 土木,NA
43417,43416,998,1931,Civil Engineering 土木,NA
43419,43418,516,1935,Chemical Engineering 化工,NA
43423,43422,725,1930,Mining Engineering 礦冶,NA
43425,43424,198,NA,Civil Engineering 土木,Master 碩士
43428,43427,1679,1938,Civil Engineering 土木,NA
43430,43429,426,1931,Civil Engineering 土木,NA
43432,43431,1730,1920,Telecommunications 電信,NA
43438,43437,235,1919,Civil Engineering 土木,NA
43440,43439,235,1933,Civil Engineering 土木,NA
43443,43442,498,1929,Mechanical Engineering 機械,NA
43447,43446,235,1936,Electrical Engineering 電機,NA
43452,43451,2224,1934,Civil Engineering 土木,NA
43455,43454,516,1935,Civil Engineering 土木,NA
43457,43456,998,1936,Electrical Engineering 電機,NA
43461,43460,31951,1932,Mechanical Engineering 機械,NA
43471,43470,1310,1936,Mechanical Engineering 機械,NA
43476,43474,4419,1936,Mining Engineering 礦冶,NA
43478,43477,994,1930,Civil Engineering 土木,NA
43480,43479,349,1938,Mechanical Engineering 機械,NA
43482,43481,1730,1912,Civil Engineering 土木,NA
43486,43485,561,1920,Textile Engineering 紡織,NA
43489,43488,235,1926,Electrical Engineering 電機,NA
43490,43488,227,1932,Electrical Engineering 電機,Master 碩士
43496,43495,455,1939,Civil Engineering 土木,NA
43498,43497,229,1936,Electrical Engineering 電機,NA
43506,43505,1499,1932,Civil Engineering 土木,NA
43508,43507,675,1939,Civil Engineering 土木,NA
43510,43509,692,1917,Civil Engineering 土木,NA
43513,43512,998,1937,Chemical Engineering 化工,NA
43515,43514,349,1937,Telecommunications 電信,NA
43517,43516,516,1935,Chemical Engineering 化工,NA
43519,43518,129,NA,Civil Engineering 土木,Master 碩士
43522,43521,426,1937,Civil Engineering 土木,NA
43524,43523,1499,1939,Civil Engineering 土木,NA
43526,43525,451,1937,Civil Engineering 土木,NA
43528,43527,561,1923,Textile Engineering 紡織,NA
43530,43529,516,1937,Civil Engineering 土木,NA
43532,43531,151,1935,Chemical Engineering 化工,NA
43535,43534,1499,1928,Civil Engineering 土木,NA
43538,43537,516,1936,Civil Engineering 土木,NA
43540,43539,1483,1915,Textile Engineering 紡織,NA
43545,43544,498,1938,Chemical Engineering 化工,NA
43547,43546,994,1935,Civil Engineering 土木,NA
43549,43548,235,1919,Civil Engineering 土木,NA
43553,43552,994,1936,Electrical Engineering 電機,NA
43555,43554,725,1916,Civil Engineering 土木,NA
43557,43556,498,1932,Electrical Engineering 電機,NA
43559,43558,70078,1917,Mining Engineering 礦冶,NA
43571,43570,2740,1918,Mining Engineering 礦冶,NA
43575,43574,529,1936,Civil Engineering 土木,NA
43578,43577,529,1938,Electrical Engineering 電機,NA
43582,43581,529,1937,Civil Engineering 土木,NA
43584,43583,1730,1920,Telecommunications 電信,NA
43586,43585,455,1932,Electrical Engineering 電機,NA
43590,43589,70078,1921,Civil Engineering 土木,NA
43593,43592,70078,1918,Mining Engineering 礦冶,NA
43594,43592,167,NA,unspecified,Research 研究
43599,43598,3073,1934,Mining Engineering 礦冶,NA
43605,43604,1730,1921,Telecommunications 電信,NA
43607,43606,529,1937,Civil Engineering 土木,NA
43609,43608,837,1936,Electrical Engineering 電機,NA
43611,43610,70078,1919,Mining Engineering 礦冶,NA
43613,43612,998,1937,Electrical Engineering 電機,NA
43615,43614,998,1928,Chemical Engineering 化工,NA
43617,43616,998,1928,Electrical Engineering 電機,NA
43620,43619,235,1939,Mechanical Engineering 機械,NA
43622,43621,235,1935,Mechanical Engineering 機械,NA
43625,43624,2224,1939,Civil Engineering 土木,NA
43628,43626,1310,1930,Chemical Engineering 化工,NA
43629,43626,1310,1933,Chemical Engineering 化工,NA
43637,43636,675,1927,Civil Engineering 土木,NA
43639,43638,455,1934,Civil Engineering 土木,NA
43645,43644,1310,NA,unspecified,NA
43654,43653,70078,1918,Mining Engineering 礦冶,NA
43663,43662,1730,1919,Telecommunications 電訊,NA
43667,43665,498,1930,Electrical Engineering 電機,NA
43675,43673,1310,NA,Electrical Engineering 電機,NA
43680,43679,516,1935,Civil Engineering 土木,NA
43682,43681,2840,1934,Mechanical Engineering 機械,NA
43688,43687,451,1938,Civil Engineering 土木,NA
43690,43689,1742,1937,Civil Engineering 土木,NA
43697,43696,692,1933,Mining Engineering 礦冶,NA
43704,43703,1499,1933,Civil Engineering 土木,NA
43708,43706,349,1938,Civil Engineering 土木,Zhuanke 專科
43710,43709,235,1937,Electrical Engineering 電機,NA
43712,43711,901,1936,Civil Engineering 土木,NA
43715,43714,675,1937,Civil Engineering 土木,NA
43721,43719,498,1930,Mechanical Engineering 機械,NA
43728,33552,235,1909,Civil Engineering 土木,NA
43730,33552,167,NA,Civil Engineering 土木,NA
43731,43727,725,1932,Mechanical Engineering 機械,NA
43734,43733,725,1916,Mining Engineering 礦冶,NA
43736,43735,455,1933,Electrical Engineering 電機,NA
43741,43740,692,1934,Civil Engineering 土木,NA
43746,43745,555,1938,Civil Engineering 土木,NA
43748,43747,1499,1922,Civil Engineering 土木,NA
43751,43750,235,1937,Mechanical Engineering 機械,NA
43757,43756,498,1932,Electrical Engineering 電機,NA
43759,43758,725,NA,Mechanical Engineering 機械,NA
43760,43755,235,1925,Mechanical Engineering 機械,NA
43762,43761,855,1923,Mechanical Engineering 機械,NA
43769,43763,998,1936,Chemical Engineering 化工,NA
43771,43768,2740,1922,unspecified,NA
43775,43770,998,1938,Chemical Engineering 化工,NA
43777,43774,354,1939,Civil Engineering 土木,NA
43780,43778,529,1936,Mining Engineering 礦冶,NA
43783,43781,229,1932,Civil Engineering 土木,NA
43784,43782,451,1939,Civil Engineering 土木,NA
43787,43786,235,1924,Electrical Engineering 電機,NA
43790,43788,561,1936,Chemical Engineering 化工,NA
43791,43789,855,1934,Electrical Engineering 電機,NA
43792,43779,994,1927,Mechanical Engineering 機械,NA
43796,43795,235,1925,Electrical Engineering 電機,NA
43813,43810,725,1931,Mechanical Engineering 機械,NA
43815,43814,675,1926,Civil Engineering 土木,NA
43818,43816,354,1939,Civil Engineering 土木,NA
43821,43819,1730,1912,Telecommunications 電訊,NA
43822,43820,529,1937,Civil Engineering 土木,NA
43824,43823,349,1937,Architecture 建築,NA
43827,43825,998,1930,Electrical Engineering 電機,NA
43828,43826,692,1917,Civil Engineering 土木,NA
43833,43831,1950,NA,Architecture 建築,NA
43840,43839,855,1929,Chemical Engineering 化工,NA
43843,43841,1730,1920,Radio Engineering 無線電,NA
43846,43845,1310,NA,Mechanical Engineering 機械,NA
43848,43844,725,1916,Civil Engineering 土木,Zhuanke 專科
43850,43849,1310,1918,Chemical Engineering 化工,NA
43856,43855,235,1936,Electrical Engineering 電機,NA
43862,43861,998,1932,Civil Engineering 土木,NA
43864,43863,516,1935,Civil Engineering 土木,NA
43866,43865,529,1930,Civil Engineering 土木,NA
43873,43871,203,1924,Mechanical Engineering 機械,NA
43874,43872,498,1934,Mechanical Engineering 機械,NA
43878,43876,1499,1936,Civil Engineering 土木,NA
43883,43882,235,1937,Civil Engineering 土木,NA
43884,43881,229,1935,Civil Engineering 土木,NA
43886,43880,516,1939,Chemical Engineering 化工,NA
43887,43885,998,NA,Mechanical Engineering 機械,NA
43892,43889,2224,1924,Mechanical Engineering 機械,NA
43893,43891,70078,1919,Civil Engineering 土木,NA
43895,43890,516,1936,Civil Engineering 土木,NA
43903,43899,235,1923,Electrical Engineering 電機,NA
43904,43899,276,1926,Electrical Engineering 電機,Master 碩士
43905,43902,235,1935,Mechanical Engineering 機械,NA
43910,43909,876,1938,Electrical Engineering 電機,NA
43913,43911,1499,1936,Civil Engineering 土木,NA
43917,43914,994,1928,Civil Engineering 土木,NA
43922,43919,235,1932,Civil Engineering 土木,NA
43926,43924,235,1928,Electrical Engineering 電機,NA
43928,43925,115,1926,Civil Engineering 土木,NA
43929,43927,455,1935,Chemical Engineering 化工,NA
43930,43925,9480,NA,Civil Engineering 土木,NA
43936,43935,115,1939,Electrical Engineering 電機,NA
43947,43945,998,1937,Electrical Engineering 電機,NA
43950,43949,6140,1913,Civil Engineering 土木,NA
43953,43948,725,1926,Mechanical Engineering 機械,NA
43955,43954,692,1927,Civil Engineering 土木,NA
43958,43957,855,1929,Mechanical Engineering 機械,NA
43960,43959,235,1933,Civil Engineering 土木,NA
43965,43963,1310,1920,Architecture 建築,NA
43973,43972,998,1934,Civil Engineering 土木,NA
43975,43974,837,1927,Mining Engineering 礦冶,NA
43979,43978,1742,1939,Civil Engineering 土木,NA
43982,43981,561,1934,Textile Engineering 紡織,NA
43985,43984,1730,1920,Telecommunications 電訊,NA
43987,43986,649,1932,unspecified,NA
43990,43977,821,1933,Mechanical Engineering 機械,NA
43993,43991,498,1937,Mechanical Engineering 機械,NA
43994,43992,15222,1925,Mechanical Engineering 機械,NA
43996,43995,901,1936,Civil Engineering 土木,NA
44000,43989,2740,1922,Mining Engineering 礦冶,NA
44007,44005,1679,1936,Civil Engineering 土木,NA
44015,44014,692,1919,Mining Engineering 礦冶,NA
44019,44018,120,NA,Aeronautical Engineering 航空機械,NA
44022,44020,821,1934,Civil Engineering 土木,NA
44025,44024,1499,1937,Civil Engineering 土木,NA
44030,44029,516,1939,Chemical Engineering 化工,NA
44032,44031,70078,1916,Civil Engineering 土木,NA
44034,44033,692,1923,Civil Engineering 土木,NA
44037,44036,561,1939,Textile Engineering 紡織,NA
44039,44038,561,1932,Textile Engineering 紡織,NA
44043,44042,561,1937,Textile Engineering 紡織,NA
44045,44044,821,1933,Electrical Engineering 電機,NA
44047,44046,15222,1919,Mechanical Engineering 機械,NA
44052,44051,725,1916,Civil Engineering 土木,NA
44054,44053,1499,1935,Mining Engineering 礦冶,NA
44057,44056,1499,1933,Civil Engineering 土木,NA
44061,44060,675,1929,Civil Engineering 土木,NA
44069,44068,725,1916,Civil Engineering 土木,NA
44071,44070,498,1937,Mechanical Engineering 機械,NA
44073,44072,692,1912,Civil Engineering 土木,NA
44076,44075,675,1927,Civil Engineering 土木,NA
44079,44078,725,1927,Mining Engineering 礦冶,NA
44081,44080,1499,1930,Civil Engineering 土木,NA
44084,44083,44085,NA,Mining Engineering 礦冶,NA
44091,44090,229,1937,Civil Engineering 土木,NA
44093,44092,1907,1918,Electrical Engineering 電機,NA
44094,44092,1730,1920,Radio Engineering 無線電,NA
44096,44095,1730,1912,Civil Engineering 土木,NA
44099,44098,725,1926,Mechanical Engineering 機械,NA
44101,44100,692,1933,Civil Engineering 土木,NA
44103,44102,70078,1923,Mining Engineering 礦冶,NA
44107,44106,235,1918,Civil Engineering 土木,NA
44115,44114,855,1924,Mechanical Engineering 機械,NA
44117,44116,235,1920,Civil Engineering 土木,NA
44121,44120,235,1923,Mechanical Engineering 機械,NA
44127,44126,235,1916,Civil Engineering 土木,NA
44128,44126,152,1917,Civil Engineering 土木,Master 碩士
44133,44132,70078,1917,Mining Engineering 礦冶,NA
44142,44139,235,1928,Mechanical Engineering 機械,NA
44148,44147,455,1930,Architecture 建築,NA
44159,44158,115,1931,Civil Engineering 土木,NA
44162,44161,2224,1939,Electrical Engineering 電機,NA
44166,44164,3073,1938,Civil Engineering 土木,NA
44168,44167,516,1936,Civil Engineering 土木,NA
44170,44169,692,1912,Mining Engineering 礦冶,NA
44183,44182,2840,NA,Chemical Engineering 化工,NA
44188,44187,455,1936,Civil Engineering 土木,NA
44192,44191,349,1935,Civil Engineering 土木,Zhuanke 專科
44195,44194,70078,1920,Civil Engineering 土木,NA
44199,44197,516,1937,Chemical Engineering 化工,NA
44200,44198,498,1933,Textile Engineering 紡織,NA
44203,44202,1730,1923,Telecommunications 電訊,NA
44204,44201,529,1937,Electrical Engineering 電機,NA
44206,44205,235,1933,Civil Engineering 土木,NA
44209,44208,998,1935,Electrical Engineering 電機,NA
44211,44210,24281,1927,Chemical Engineering 化工,Doctor 博士
44218,44217,529,1927,Mechanical Engineering 機械,NA
44219,44217,44220,1935,Air Defense 防空,Research 研究
44226,44225,725,1927,Civil Engineering 土木,NA
44228,44227,44229,1923,Chemical Engineering 化工,NA
44230,44227,9078,1924,Mining Engineering 礦冶,NA
44236,44235,29539,1925,Mechanical Engineering 機械,NA
44237,44235,198,1927,Aeronautical Engineering 航空機械,Master 碩士
44246,44245,12138,1926,Textile Engineering 紡織,Master 碩士
44249,44248,7847,1913,Mining Engineering 礦冶,NA
44250,44248,7847,1915,Mining Engineering 礦冶,Master 碩士
44264,44262,675,1929,Civil Engineering 土木,NA
44266,44265,2328,1936,Electrical Engineering 電機,NA
44268,44267,35255,1932,unspecified,NA
44271,44270,516,1939,Architecture 建築,NA
44273,44272,235,1913,Civil Engineering 土木,NA
44275,44274,15222,1921,Mechanical Engineering 機械,NA
44281,44280,561,1939,Textile Engineering 紡織,NA
44283,44282,1499,1934,Civil Engineering 土木,NA
44286,44285,529,1932,Electrical Engineering 電機,NA
44289,44288,70078,1922,Mining Engineering 礦冶,NA
44295,44294,1499,1934,Civil Engineering 土木,NA
44298,44297,675,1934,Civil Engineering 土木,NA
44300,44299,821,1932,Mining Engineering 礦冶,NA
44306,44305,235,1928,Electrical Engineering 電機,NA
44308,44307,998,1938,Chemical Engineering 化工,NA
44310,44309,498,1935,Chemical Engineering 化工,NA
44314,44313,1730,1921,Telecommunications 電信,NA
44318,44216,7133,1929,Civil Engineering 土木,NA
44327,44326,235,1931,Electrical Engineering 電機,NA
44329,44328,3073,1935,Mining Engineering 礦冶,NA
44337,44336,855,1937,Mechanical Engineering 機械,NA
44340,44339,692,1933,Civil Engineering 土木,NA
44344,44342,555,1939,Electrical Engineering 電機,NA
44345,44343,498,1936,Mechanical Engineering 機械,NA
44347,44346,675,1934,Civil Engineering 土木,NA
44350,44348,3044,1935,Civil Engineering 土木,NA
44351,44349,498,1934,Textile Engineering 紡織,NA
44353,44352,561,1926,Textile Engineering 紡織,NA
44356,44355,692,1925,Textile Engineering 紡織,NA
44362,44360,725,1922,Mechanical Engineering 機械,NA
44366,44364,675,1929,Civil Engineering 土木,NA
44370,44369,561,1919,Textile Engineering 紡織,NA
44374,44373,235,1937,Civil Engineering 土木,NA
44377,44376,1310,1921,Textile Engineering 紡織,NA
44381,44380,529,1937,Civil Engineering 土木,NA
44384,44382,561,1918,Textile Engineering 紡織,NA
44387,44383,2224,1925,Civil Engineering 土木,NA
44393,44391,455,1934,Electrical Engineering 電機,NA
44399,44397,855,1925,Mechanical Engineering 機械,NA
44401,44400,451,1936,Civil Engineering 土木,NA
44409,44405,1730,1920,Radio Engineering 無線電,NA
44413,44410,3073,1935,Mining Engineering 礦冶,NA
44422,44420,725,1930,Mining Engineering 礦冶,NA
44430,44429,11540,1934,Mining Engineering 礦冶,NA
44437,44435,3044,1934,Civil Engineering 土木,NA
44438,44436,235,1932,Electrical Engineering 電機,NA
44441,44440,235,1916,Electrical Engineering 電機,NA
44454,44453,998,1929,Chemical Engineering 化工,NA
44457,44456,349,1937,Architecture 建築,NA
44459,44458,7087,1936,Turbine 輪機,NA
44461,44460,1499,1939,Mining Engineering 礦冶,NA
44463,44462,3530,1925,Electrical Engineering 電機,NA
44467,44466,1730,1921,Telecommunications 電訊,NA
44469,44468,235,1927,Mechanical Engineering 機械,NA
44475,44474,235,1927,Electrical Engineering 電機,NA
44481,44480,235,1917,Civil Engineering 土木,NA
44483,44480,152,1918,Civil Engineering 土木,Master 碩士
44495,44494,179,1928,Civil Engineering 土木,NA
44496,44494,248,1930,Civil Engineering 土木,NA
44505,44504,821,1934,Textile Engineering 紡織,NA
44508,44507,70078,1913,Civil Engineering 土木,NA
44512,44511,1499,1937,Mining Engineering 礦冶,NA
44516,44515,692,1933,Civil Engineering 土木,NA
44519,44518,31168,NA,Chemical Engineering 化工,Doctor 博士
44524,44523,855,1932,Electrical Engineering 電機,NA
44526,44525,529,1938,Civil Engineering 土木,NA
44529,44527,876,1939,Electrical Engineering 電機,NA
44535,44533,498,1933,Electrical Engineering 電機,NA
44537,44536,529,1933,Civil Engineering 土木,NA
44545,44543,561,1926,Textile Engineering 紡織,NA
44548,44547,227,1930,Civil Engineering 土木,NA
44549,44547,198,1931,Civil Engineering 土木,Master 碩士
44550,44547,195,1933,Civil Engineering 土木,Master 碩士
44554,44553,498,1937,Mechanical Engineering 機械,NA
44556,44555,195,1921,Mechanical Engineering 機械,Bachelor 學士
44561,44560,5740,1922,Chemical Engineering 化工,NA
44574,44573,725,1937,Mining Engineering 礦冶,NA
44580,44579,498,1937,Textile Engineering 紡織,NA
44582,44581,498,1935,Mechanical Engineering 機械,NA
44584,44583,692,1929,Civil Engineering 土木,NA
44588,44587,44589,1915,Electrical Engineering 電機,NA
44594,44593,3073,1933,Mining Engineering 礦冶,NA
44598,44597,725,1926,Mining Engineering 礦冶,NA
44605,44604,498,1934,Electrical Engineering 電機,NA
44609,44608,725,1926,Mining Engineering 礦冶,NA
44611,44610,2224,1924,Mechanical Engineering 機械,NA
44622,44621,235,1912,Civil Engineering 土木,NA
44626,44625,235,1931,Electrical Engineering 電機,NA
44632,44631,876,1934,Civil Engineering 土木,NA
44635,44634,2840,1930,Civil Engineering 土木,NA
44638,44637,692,NA,Civil Engineering 土木,NA
44641,44640,455,1934,Civil Engineering 土木,NA
44643,44642,2224,1923,Electrical Engineering 電機,NA
44651,44649,1499,1917,Civil Engineering 土木,NA
44653,44652,235,1924,Electrical Engineering 電機,NA
44660,44659,1499,1922,Civil Engineering 土木,NA
44663,44662,235,1915,Civil Engineering 土木,NA
44665,44664,70078,1920,Civil Engineering 土木,NA
44667,44666,821,1930,Mining Engineering 礦冶,NA
44669,44668,235,1931,Civil Engineering 土木,NA
44672,44670,692,1928,Civil Engineering 土木,NA
44675,44674,455,1935,Electrical Engineering 電機,NA
44678,44677,725,1931,Mining Engineering 礦冶,NA
44681,44679,555,1939,Electrical Engineering 電機,NA
44683,44682,235,1911,unspecified,NA
44689,44688,1730,1918,Electrical Engineering 電機,NA
44693,44692,498,NA,Mechanical Engineering 機械,NA
44700,44699,498,1938,Chemical Engineering 化工,NA
44702,44701,279,NA,Architecture 建築,NA
44705,44704,349,1937,Chemical Engineering 化工,NA
44708,44706,498,1932,Chemical Engineering 化工,NA
44712,44711,725,1922,Mechanical Engineering 機械,NA
44716,44715,152,NA,Civil Engineering 土木,NA
44730,44729,1730,NA,Telecommunications 電信,NA
44733,44732,725,1932,Mechanical Engineering 機械,NA
44735,44734,349,1937,Chemical Engineering 化工,NA
44737,44736,516,1936,Civil Engineering 土木,NA
44739,44738,229,1935,Civil Engineering 土木,NA
44742,44741,692,1936,Mechanical Engineering 機械,NA
44744,44743,1269,1936,Chemical Engineering 化工,NA
44746,44745,2876,1938,Civil Engineering 土木,NA
44748,44747,725,1931,Mining Engineering 礦冶,NA
44751,44750,229,1934,Civil Engineering 土木,NA
44753,44752,15222,1937,Electrical Engineering 電機,NA
44755,44754,555,1938,Civil Engineering 土木,NA
44757,44756,349,1936,Civil Engineering 土木,Zhuanke 專科
44759,44758,455,1934,Civil Engineering 土木,NA
44762,44761,520,1937,Civil Engineering 土木,NA
44764,44763,692,1929,Civil Engineering 土木,NA
44767,44766,855,1925,Mechanical Engineering 機械,NA
44769,44768,725,1934,Civil Engineering 土木,NA
44775,44774,44776,NA,Chemical Engineering 化工,NA
44778,44774,44779,1926,Chemical Engineering 化工,Master 碩士
44793,44792,692,1931,Mining Engineering 礦冶,NA
44801,44800,5466,1925,Electrical Engineering 電機,NA
44810,44809,692,1937,Civil Engineering 土木,NA
44814,44813,1499,1913,Civil Engineering 土木,NA
44821,44820,692,1936,Civil Engineering 土木,NA
44824,44823,455,1936,Chemical Engineering 化工,NA
44826,44825,203,1924,Mining Engineering 礦冶,NA
44827,44825,190,NA,unspecified,NA
44828,44825,3945,NA,unspecified,NA
44829,44825,1138,1925,unspecified,Research 研究
44836,44835,2224,1932,Civil Engineering 土木,NA
44838,44837,516,1939,Chemical Engineering 化工,NA
44840,44839,692,1936,Civil Engineering 土木,NA
44842,44841,167,NA,Mining Engineering 礦冶,NA
44847,44846,516,1936,Civil Engineering 土木,NA
44849,44848,516,NA,Agriculture,NA
44850,44848,2121,1932,Chemical Engineering 化工,NA
44859,44858,349,1935,Civil Engineering 土木,NA
44862,44861,31951,1934,Architecture 建築,NA
44866,44865,229,1937,Mechanical Engineering 機械,NA
44868,44867,451,1938,Civil Engineering 土木,NA
44870,44869,451,1938,Civil Engineering 土木,NA
44872,44871,229,1933,Civil Engineering 土木,NA
44874,44873,1499,1934,Civil Engineering 土木,NA
44886,44885,44887,1937,Chemical Engineering 化工,NA
44889,44888,1730,1919,Telecommunications 電信,NA
44891,44890,70078,1913,Mining Engineering 礦冶,NA
44893,44892,229,1937,Civil Engineering 土木,NA
44895,44894,12802,1914,Mining Engineering 礦冶,NA
44905,44903,725,1927,Civil Engineering 土木,NA
44906,44904,498,1930,Chemical Engineering 化工,NA
44909,44908,855,1932,Electrical Engineering 電機,NA
44911,44910,725,1926,Mining Engineering 礦冶,NA
44913,44912,555,1939,Mechanical Engineering 機械,NA
44916,44914,1310,NA,Chemical Engineering 化工,NA
44917,44915,855,1931,Chemical Engineering 化工,NA
44923,44921,451,1938,Civil Engineering 土木,NA
44924,44922,455,1939,Civil Engineering 土木,NA
44926,44925,179,1929,Mechanical Engineering 機械,NA
44928,44925,195,1931,Mechanical Engineering 機械,Master 碩士
44930,44927,561,1932,Textile Engineering 紡織,NA
44935,44933,516,1939,Mechanical Engineering 機械,NA
44936,44934,692,1933,Mechanical Engineering 機械,NA
44940,44939,1730,1916,Civil Engineering 土木,NA
44942,44941,725,1924,Mechanical Engineering 機械,NA
44944,44943,349,1938,Architecture 建築,NA
44946,44945,349,1937,Telecommunications 電信,Zhuanke 專科
44949,44947,195,NA,Electrical Engineering 電機,NA
44950,44948,235,1936,Mechanical Engineering 機械,NA
44959,44957,692,1933,Mechanical Engineering 機械,NA
44965,44963,692,1936,Civil Engineering 土木,NA
44966,44964,455,1936,Civil Engineering 土木,NA
44970,44968,2888,1939,Civil Engineering 土木,NA
44971,44967,229,1936,Mechanical Engineering 機械,NA
44974,44973,692,1933,Civil Engineering 土木,NA
44978,44977,2224,1927,Civil Engineering 土木,NA
44980,44979,2740,1928,Mining Engineering 礦冶,NA
44986,44982,15222,1937,Electrical Engineering 電機,NA
44993,44991,692,1923,Civil Engineering 土木,NA
45006,45005,179,NA,Mechanical Engineering 機械,NA
45009,45008,675,1929,Civil Engineering 土木,NA
45011,45010,235,1932,Civil Engineering 土木,NA
45014,45013,675,1937,Civil Engineering 土木,NA
45016,45015,349,1937,Telecommunications 電信,Zhuanke 專科
45018,45017,555,1938,Mechanical Engineering 機械,NA
45020,45019,692,1927,Civil Engineering 土木,NA
45023,45022,451,1937,Civil Engineering 土木,NA
45025,45024,498,1933,Electrical Engineering 電機,NA
45027,45026,2685,1925,Mechanical Engineering 機械,NA
45034,45033,2888,1939,Civil Engineering 土木,NA
45036,45035,349,1937,Architecture 建築,NA
45039,45038,2224,1939,Surveying 測量,NA
45040,45037,235,1934,Civil Engineering 土木,NA
45042,45041,2888,1939,Civil Engineering 土木,NA
45045,45043,9076,1926,Chemical Engineering 化工,NA
45046,45044,561,1929,Textile Engineering 紡織,NA
45060,45059,1499,1933,Civil Engineering 土木,NA
45063,45062,901,1937,Civil Engineering 土木,NA
45066,45064,692,1916,Mining Engineering 礦冶,NA
45068,45067,235,1930,Electrical Engineering 電機,NA
45075,45074,235,1937,Mechanical Engineering 機械,NA
45077,45076,1730,1921,Telecommunications 電信,NA
45087,45086,235,1935,Electrical Engineering 電機,NA
45089,45088,2224,1939,Civil Engineering 土木,NA
45091,45090,982,1928,Electrical Engineering 電機,NA
45094,45093,451,1938,Civil Engineering 土木,NA
45096,45095,32646,1911,Civil Engineering 土木,NA
45098,45097,1499,1924,Civil Engineering 土木,NA
45101,45100,1499,1914,Mechanical Engineering 機械,NA
45102,45100,195,1918,Aeronautical Engineering 航空機械,Master 碩士
45109,45108,1730,1919,Telecommunications 電信,NA
45112,45111,649,1934,unspecified,NA
45116,45115,692,1934,Civil Engineering 土木,NA
45122,45121,692,1930,Mining Engineering 礦冶,NA
45130,45129,3073,1935,Mining Engineering 礦冶,NA
45135,45134,725,1927,Civil Engineering 土木,NA
45137,45136,516,1937,Civil Engineering 土木,NA
45139,45138,649,1930,unspecified,NA
45142,45141,692,1930,Mechanical Engineering 機械,NA
45144,45143,725,1925,Mining Engineering 礦冶,NA
45148,45147,229,1937,Civil Engineering 土木,NA
45150,45149,1730,1912,Civil Engineering 土木,NA
45153,45152,901,1937,Civil Engineering 土木,NA
45155,45154,3044,1935,Civil Engineering 土木,NA
45157,45156,725,1923,Mining Engineering 礦冶,NA
45159,45158,451,1935,Civil Engineering 土木,NA
45166,45165,725,1917,Mechanical Engineering 機械,NA
45168,45167,725,1933,Civil Engineering 土木,NA
45170,45169,555,1938,Mechanical Engineering 機械,NA
45173,45171,498,1938,Textile Engineering 紡織,NA
45174,45172,45181,1912,Mining Engineering 礦冶,NA
45176,45175,4163,1921,Textile Engineering 紡織,NA
45183,45180,1730,1924,Radio Engineering 無線電,NA
45206,45204,692,1937,Electrical Engineering 電機,NA
45209,45207,198,NA,Architecture 建築,NA
45213,45208,235,1933,Civil Engineering 土木,NA
45215,45214,12138,NA,Textile Engineering 紡織,NA
45221,45219,9439,1938,Radio Engineering 無線電,Zhuanke 專科
45227,45225,994,1939,Civil Engineering 土木,NA
45228,45226,235,1934,Civil Engineering 土木,NA
45232,45230,1499,1915,Civil Engineering 土木,NA
45234,45233,1730,1919,Telecommunications 電信,NA
45239,45237,198,1924,Electrical Engineering 電機,NA
45240,45236,2224,1934,Electrical Engineering 電機,NA
45241,45237,151,1924,Electrical Engineering 電機,NA
45243,45237,45245,1926,Electrical Engineering 電機,Research 研究
45251,45248,649,1930,unspecified,NA
45258,45253,555,1939,Mechanical Engineering 機械,NA
45262,45261,1499,1927,Civil Engineering 土木,NA
45265,45264,1269,1939,Mining Engineering 礦冶,NA
45267,45266,1499,1932,Civil Engineering 土木,NA
45270,45268,349,1936,Mechanical Engineering 機械,NA
45273,45269,235,1927,Electrical Engineering 電機,NA
45274,45272,876,1937,Civil Engineering 土木,NA
45276,45275,188,1920,Mining Engineering 礦冶,NA
45287,45286,994,1939,Civil Engineering 土木,NA
45289,45288,32646,1911,Civil Engineering 土木,NA
45301,45300,1730,1916,Civil Engineering 土木,NA
45303,45302,516,1939,Mechanical Engineering 機械,NA
45305,45304,725,1928,Electrical Engineering 電機,NA
45307,45306,44085,NA,Mining Engineering 礦冶,NA
45315,45314,561,1927,Textile Engineering 紡織,NA
45319,45318,3044,1935,Civil Engineering 土木,NA
45324,45323,30772,1913,Civil Engineering 土木,NA
45328,45327,1499,1922,Civil Engineering 土木,NA
45331,45330,1730,1917,Radio Engineering 無線電,NA
45333,45332,529,1931,Civil Engineering 土木,NA
45335,45334,516,1939,Civil Engineering 土木,NA
45337,45336,3073,1937,Mining Engineering 礦冶,NA
45341,45339,1269,1939,Mining Engineering 礦冶,NA
45343,45342,4094,1911,Mechanical Engineering 機械,NA
45349,45348,22773,1939,Mechanical Engineering 機械,NA
45351,45350,516,1939,Chemical Engineering 化工,NA
45353,45352,675,1937,Civil Engineering 土木,NA
45355,45354,3044,1938,Civil Engineering 土木,NA
45357,45356,451,1939,Civil Engineering 土木,NA
45359,45358,994,1939,Electrical Engineering 電機,NA
45361,45360,555,1939,Mechanical Engineering 機械,NA
45363,45362,30772,1912,Civil Engineering 土木,NA
45365,45364,516,1937,Civil Engineering 土木,NA
45367,45366,3044,1925,Chemical Engineering 化工,NA
45370,45369,6102,1919,Electrical Engineering 電機,NA
45374,45373,235,1911,Civil Engineering 土木,NA
45386,45385,349,1936,Civil Engineering 土木,NA
45388,45387,2888,1939,Civil Engineering 土木,NA
45390,45389,692,1934,Civil Engineering 土木,NA
45393,45392,516,1939,Architecture 建築,NA
45395,45394,498,1937,Chemical Engineering 化工,NA
45397,45396,78002,1925,Chemical Engineering 化工,NA
45400,45399,235,1935,Civil Engineering 土木,NA
45402,45401,1730,1912,Civil Engineering 土木,NA
45406,45404,498,1937,Mechanical Engineering 機械,NA
45408,45407,1499,1923,Civil Engineering 土木,NA
45412,45411,2328,1935,Electrical Engineering 電機,NA
45416,45415,229,1937,Mechanical Engineering 機械,NA
45418,45417,3073,1936,Mining Engineering 礦冶,NA
45420,45419,3044,1935,Civil Engineering 土木,NA
45422,45421,692,1914,Mining Engineering 礦冶,NA
45436,45435,555,1938,Electrical Engineering 電機,NA
45438,45437,649,1930,unspecified,NA
45441,45440,1310,1926,Mechanical Engineering 機械,NA
45449,45448,455,1939,Mechanical Engineering 機械,NA
45451,45450,725,1925,Mining Engineering 礦冶,NA
45453,45452,1742,1938,Civil Engineering 土木,NA
45455,45454,3044,1933,Civil Engineering 土木,NA
45457,45456,349,1937,Civil Engineering 土木,NA
45459,45458,692,1922,Civil Engineering 土木,NA
45462,45461,1310,1922,Textile Engineering 紡織,NA
45466,45465,837,1935,Electrical Engineering 電機,NA
45468,45467,675,1939,Civil Engineering 土木,NA
45471,45470,2224,1935,Civil Engineering 土木,NA
45473,45472,516,1937,Civil Engineering 土木,NA
45475,45474,235,1929,Electrical Engineering 電機,NA
45485,45484,2224,1923,Mechanical Engineering 機械,NA
45487,45486,45488,NA,Civil Engineering 土木,NA
45501,45500,2224,1934,Civil Engineering 土木,NA
45507,45506,561,1935,Textile Engineering 紡織,NA
45511,45510,198,1932,Civil Engineering 土木,Master 碩士
45517,45516,270,1927,Chemical Engineering 化工,NA
45518,45516,151,1932,Chemical Engineering 化工,Master 碩士
45519,45516,151,1933,Chemical Engineering 化工,Doctor 博士
45520,45516,45521,1927,Chemical Engineering 化工,Research 研究
45527,45526,529,1932,Civil Engineering 土木,NA
45530,45529,516,1939,Civil Engineering 土木,NA
45532,45531,516,1936,Civil Engineering 土木,NA
45534,45533,994,1939,Civil Engineering 土木,NA
45536,45535,1269,1938,Civil Engineering 土木,NA
45538,45537,36751,1934,Civil Engineering 土木,NA
45548,45545,529,1934,Civil Engineering 土木,NA
45550,45549,516,1936,Civil Engineering 土木,NA
45552,45551,3044,1936,Civil Engineering 土木,NA
45554,45553,3530,1926,Electrical Engineering 電機,NA
45556,45555,1499,1930,Civil Engineering 土木,NA
45558,45557,235,1915,Civil Engineering 土木,NA
45560,45559,455,1933,Civil Engineering 土木,NA
45562,45561,561,1939,Textile Engineering 紡織,NA
45565,45563,692,1935,Civil Engineering 土木,NA
45569,45568,1730,1921,Telecommunications 電信,NA
45571,45570,1499,1935,Civil Engineering 土木,NA
45574,45573,349,1938,Mechanical Engineering 機械,NA
45576,45575,692,1922,Mining Engineering 礦冶,NA
45590,45589,235,1920,Civil Engineering 土木,NA
45592,45591,5712,1922,Mining Engineering 礦冶,NA
45593,45591,45594,NA,Mining Engineering 礦冶,Research 研究
45602,45601,516,1937,Civil Engineering 土木,NA
45604,45603,349,1937,Civil Engineering 土木,NA
45606,45605,516,1939,Electrical Engineering 電機,NA
45608,45607,516,1936,Civil Engineering 土木,NA
45610,45609,498,1935,Chemical Engineering 化工,NA
45612,45611,692,1931,Civil Engineering 土木,NA
45627,45626,6140,1924,Mechanical Engineering 機械,NA
45635,45634,498,1937,Textile Engineering 紡織,NA
45637,45636,821,1934,Electrical Engineering 電機,NA
45639,45638,78002,1927,Chemical Engineering 化工,NA
45648,45647,229,1936,Electrical Engineering 電機,NA
45651,45650,5740,1916,Electrical Engineering 電機,NA
45667,45666,692,1936,Civil Engineering 土木,NA
45669,45668,725,1922,Mining Engineering 礦冶,NA
45671,45670,227,1930,Mechanical Engineering 機械,NA
45672,45670,179,1932,Mechanical Engineering 機械,Master 碩士
45678,45677,998,1939,Electrical Engineering 電機,NA
45681,45680,11540,NA,Chemical Engineering 化工,NA
45690,45689,45691,NA,Electrical Engineering 電機,NA
45694,45693,529,1936,Mining Engineering 礦冶,NA
45696,45695,451,1939,Civil Engineering 土木,NA
45698,45697,152,1912,Mining Engineering 礦冶,NA
45709,45708,725,1934,Mining Engineering 礦冶,NA
45711,45710,1310,1925,Textile Engineering 紡織,NA
45714,45713,1730,1920,Telecommunications 電信,NA
45716,45715,692,1936,Mechanical Engineering 機械,NA
45719,45718,2328,1934,Electrical Engineering 電機,NA
45722,45721,1499,1933,Civil Engineering 土木,NA
45724,45723,1730,1920,Telecommunications 電信,NA
45728,45727,529,1937,Civil Engineering 土木,NA
45730,45729,14405,1925,Chemical Engineering 化工,NA
45731,45729,10230,1926,Electrical Engineering 電機,NA
45745,45744,1310,1922,Chemical Engineering 化工,NA
45760,45759,1516,1937,Civil Engineering 土木,NA
45762,45761,855,1931,Electrical Engineering 電機,NA
45767,45766,692,1936,Mechanical Engineering 機械,NA
45770,45769,692,1922,Mining Engineering 礦冶,NA
45780,45779,349,1937,Telecommunications 電信,Zhuanke 專科
45782,45781,675,1931,Civil Engineering 土木,NA
45785,45783,529,1935,Electrical Engineering 電機,NA
45788,45787,855,1928,Chemical Engineering 化工,NA
45790,45789,692,1931,Civil Engineering 土木,NA
45795,45794,561,1928,Textile Engineering 紡織,NA
45798,45796,498,1931,Electrical Engineering 電機,NA
45800,45799,235,1939,Mechanical Engineering 機械,NA
45802,45801,561,1933,Textile Engineering 紡織,NA
45816,45815,195,1919,Mechanical Engineering 機械,Bachelor 學士
45830,45829,692,1935,Mechanical Engineering 機械,NA
45833,45832,115,1916,Civil Engineering 土木,NA
45835,45834,692,1938,Mining Engineering 礦冶,NA
45837,45836,821,1930,Civil Engineering 土木,NA
45841,45840,516,1939,Architecture 建築,NA
45843,45842,561,1926,Textile Engineering 紡織,NA
45845,45844,1499,1925,Civil Engineering 土木,NA
45846,45844,152,1929,Civil Engineering 土木,Master 碩士
45853,45852,198,1930,Civil Engineering 土木,NA
45863,45862,1730,1924,Radio Engineering 無線電,NA
45865,45864,692,1914,Mining Engineering 礦冶,NA
45866,45864,151,1918,Mining Engineering 礦冶,Master 碩士
45873,45869,692,1936,Mechanical Engineering 機械,NA
45875,45874,901,1938,Civil Engineering 土木,NA
45878,45876,70078,1917,Civil Engineering 土木,NA
45881,45880,1730,1917,Telecommunications 電信,NA
45883,45882,498,1936,Chemical Engineering 化工,NA
45888,45886,821,1932,Civil Engineering 土木,NA
45899,45897,692,1933,Civil Engineering 土木,NA
45905,45904,3044,1939,Civil Engineering 土木,NA
45906,45903,561,1936,Textile Engineering 紡織,NA
45908,45907,1499,1938,Civil Engineering 土木,NA
45910,45909,2740,1927,Mining Engineering 礦冶,NA
45918,45916,29803,1923,Chemical Engineering 化工,NA
45920,45917,1499,1926,Civil Engineering 土木,NA
45925,45924,692,1933,Civil Engineering 土木,NA
45930,45928,349,1937,Chemical Engineering 化工,NA
45933,45931,1730,1915,Radio Engineering 無線電,NA
45935,45932,44887,1937,Chemical Engineering 化工,NA
45937,45936,1730,1912,Civil Engineering 土木,NA
45940,45939,555,1938,Electrical Engineering 電機,NA
45941,45938,7349,1926,Civil Engineering 土木,NA
45944,45942,561,1929,Textile Engineering 紡織,NA
45947,45945,2876,1939,Civil Engineering 土木,NA
45950,45949,354,1935,Civil Engineering 土木,NA
45954,45953,455,1930,Civil Engineering 土木,NA
45956,45955,45957,1924,Mining Engineering 礦冶,NA
45968,45967,45969,1925,Telecommunications 電信,NA
45979,45978,2224,1937,Civil Engineering 土木,NA
45981,45980,692,1926,Civil Engineering 土木,NA
45986,45985,235,1920,Telecommunications 電信,NA
45988,45987,7087,1935,Turbine 輪機,NA
45991,45989,561,1924,Textile Engineering 紡織,NA
45996,45994,235,1928,Mining Engineering 礦冶,NA
46001,46000,1516,1937,Civil Engineering 土木,NA
46003,46002,167,1925,Mechanical Engineering 機械,NA
46017,46016,725,1932,Mining Engineering 礦冶,NA
46020,46018,821,1937,Civil Engineering 土木,NA
46022,46021,2876,1935,Civil Engineering 土木,NA
46025,46024,349,1938,Civil Engineering 土木,NA
46028,46026,155,1925,Civil Engineering 土木,NA
46034,46033,998,1934,Chemical Engineering 化工,NA
46036,46035,675,1936,Civil Engineering 土木,NA
46038,46037,529,1934,Civil Engineering 土木,NA
46040,46039,1269,1938,Civil Engineering 土木,NA
46042,46041,455,1934,Mechanical Engineering 機械,NA
46046,46044,235,1913,Electrical Engineering 電機,NA
46049,46048,516,1939,Mechanical Engineering 機械,NA
46051,46050,675,1937,Civil Engineering 土木,NA
46054,46053,529,1936,Mining Engineering 礦冶,NA
46056,46055,2483,1935,Mechanical Engineering 機械,NA
46061,46060,2224,1939,Surveying 測量,NA
46063,46062,498,1930,Mechanical Engineering 機械,NA
46065,46064,46066,1924,Mechanical Engineering 機械,NA
46075,46074,455,1934,Electrical Engineering 電機,NA
46078,46077,32646,1911,Civil Engineering 土木,NA
46080,46079,7087,1937,Turbine 輪機,NA
46082,46081,195,1930,Architecture 建築,Master 碩士
46086,46085,692,1934,Civil Engineering 土木,NA
46090,46089,165,1927,Civil Engineering 土木,NA
46099,46098,516,1939,Chemical Engineering 化工,NA
46101,46100,1742,1939,Civil Engineering 土木,NA
46104,46103,354,1937,Mechanical Engineering 機械,NA
46106,46105,649,1932,unspecified,NA
46109,46108,11540,1923,Chemical Engineering 化工,NA
46113,46112,349,1938,Chemical Engineering 化工,NA
46115,46114,529,1930,Electrical Engineering 電機,NA
46119,46118,131,1926,Chemical Engineering 化工,NA
46120,46118,195,1929,Chemical Engineering 化工,Master 碩士
46124,46123,2224,1930,Civil Engineering 土木,NA
46127,46126,725,1926,Mining Engineering 礦冶,NA
46130,46128,692,1910,Mining Engineering 礦冶,NA
46131,46128,151,1915,Mining Engineering 礦冶,Master 碩士
46137,46136,692,1915,Civil Engineering 土木,NA
46142,46141,516,1939,Mechanical Engineering 機械,NA
46144,46143,1499,1933,Civil Engineering 土木,NA
46148,46147,901,1933,Civil Engineering 土木,NA
46150,46149,498,1935,Electrical Engineering 電機,NA
46152,46151,150,1923,Mining Engineering 礦冶,NA
46160,46159,692,1917,Civil Engineering 土木,NA
46162,46161,692,1927,Civil Engineering 土木,NA
46165,46164,994,1937,Civil Engineering 土木,NA
46167,46166,235,1924,Electrical Engineering 電機,NA
46173,46172,1499,1933,Civil Engineering 土木,NA
46175,46174,516,1936,Civil Engineering 土木,NA
46177,46176,1730,1920,Telecommunications 電信,NA
46186,46184,998,1937,Chemical Engineering 化工,NA
46188,46187,235,1927,Mechanical Engineering 機械,NA
46192,46190,349,1938,Civil Engineering 土木,NA
46194,46193,994,1939,Electrical Engineering 電機,NA
46196,46195,349,1938,Civil Engineering 土木,NA
46198,46197,235,1937,Civil Engineering 土木,NA
46200,46199,349,1938,Mechanical Engineering 機械,NA
46202,46201,3044,1934,Civil Engineering 土木,NA
46204,46203,1730,1919,Telecommunications 電信,NA
46206,46205,190,1914,Architecture 建築,NA
46208,46207,46209,NA,Civil Engineering 土木,NA
46215,46214,516,1937,Chemical Engineering 化工,NA
46217,46216,235,1913,Electrical Engineering 電機,NA
46218,46216,9076,1937,Electrical Engineering 電機,Master 碩士
46232,46231,675,1938,Civil Engineering 土木,NA
46234,46233,198,1915,Mechanical Engineering 機械,NA
46235,46233,13468,1916,Mechanical Engineering 機械,NA
46244,46243,561,1936,Textile Engineering 紡織,NA
46246,46245,455,1932,Electrical Engineering 電機,NA
46248,46247,1499,1917,Civil Engineering 土木,NA
46250,46249,2888,1939,Mechanical Engineering 機械,NA
46253,46252,5466,1928,Electrical Engineering 電機,NA
46257,46255,11734,NA,Civil Engineering 土木,NA
46268,46267,725,1935,Mechanical Engineering 機械,NA
46270,46269,1499,1938,Civil Engineering 土木,NA
46272,46271,1499,1929,Civil Engineering 土木,NA
46275,46274,725,1933,Civil Engineering 土木,NA
46277,46276,901,1934,Civil Engineering 土木,NA
46280,46279,1499,1938,Civil Engineering 土木,NA
46282,46281,349,1938,Chemical Engineering 化工,NA
46284,46283,2224,1939,Civil Engineering 土木,NA
46286,46285,855,1924,Chemical Engineering 化工,NA
46288,46287,1730,1923,Telecommunications 電信,NA
46290,46289,725,1931,Mining Engineering 礦冶,NA
46292,46291,529,1936,Civil Engineering 土木,NA
46296,46295,821,1935,Electrical Engineering 電機,NA
46298,46297,529,1934,Civil Engineering 土木,NA
46300,46299,5740,1919,Mechanical Engineering 機械,NA
46302,46299,171,1923,Mining Engineering 礦冶,Doctor 博士
46314,46313,998,1938,Mechanical Engineering 機械,NA
46318,46317,529,1936,Electrical Engineering 電機,NA
46323,46322,1730,1920,Telecommunications 電信,NA
46340,46339,18350,1920,Textile Engineering 紡織,NA
46345,46344,855,1927,Mechanical Engineering 機械,NA
46347,46346,2224,1923,Mechanical Engineering 機械,NA
46349,46348,3073,1933,Mining Engineering 礦冶,NA
46351,46350,70078,1918,Civil Engineering 土木,NA
46355,46354,70078,1923,Mining Engineering 礦冶,NA
46358,46357,70078,1919,Mining Engineering 礦冶,NA
46375,46373,855,1930,Chemical Engineering 化工,NA
46377,46376,1310,1929,Electrical Engineering 電機,NA
46388,46387,483,1937,Electrical Engineering 電機,NA
46394,46393,692,1912,Civil Engineering 土木,NA
46396,46395,649,1932,Hydraulic Engineering 水利,NA
46399,46398,229,1936,Civil Engineering 土木,NA
46402,46401,1499,1922,Civil Engineering 土木,NA
46405,46403,1730,1912,Telecommunications 電信,NA
46406,46403,1730,1916,Electrical Engineering 電機,NA
46408,46407,451,1935,Civil Engineering 土木,NA
46410,46409,994,1933,Civil Engineering 土木,NA
46416,46415,1499,1924,Civil Engineering 土木,NA
46418,46417,235,1913,Civil Engineering 土木,NA
46420,46419,516,1939,Electrical Engineering 電機,NA
46422,46421,692,1937,Civil Engineering 土木,NA
46424,46423,561,1937,Textile Engineering 紡織,NA
46426,46425,354,1935,Civil Engineering 土木,NA
46428,46427,349,1936,Mechanical Engineering 機械,NA
46430,46429,235,1930,Electrical Engineering 電機,NA
46438,46437,855,1927,Chemical Engineering 化工,NA
46440,46439,692,1925,Mining Engineering 礦冶,NA
46444,46443,455,1933,Civil Engineering 土木,NA
46447,46446,855,1927,Chemical Engineering 化工,NA
46449,46448,198,NA,Civil Engineering 土木,NA
46459,46458,855,1923,Chemical Engineering 化工,NA
46461,46460,349,1936,Civil Engineering 土木,Zhuanke 專科
46463,46462,46464,1922,Mining Engineering 礦冶,NA
46477,46476,235,1910,Civil Engineering 土木,NA
46478,46476,4718,NA,Mining Engineering 礦冶,NA
46483,46482,451,1939,Civil Engineering 土木,NA
46485,46484,229,1937,Mining Engineering 礦冶,NA
46487,46486,235,1924,Mechanical Engineering 機械,NA
46494,46493,455,1935,Civil Engineering 土木,NA
46500,46499,1730,1920,Radio Engineering 無線電,NA
46513,46512,4670,1923,Mechanical Engineering 機械,NA
46518,46517,998,1933,Civil Engineering 土木,NA
46521,46520,46522,NA,Chemical Engineering 化工,NA
46523,46520,139,1915,Chemical Engineering 化工,Research 研究
46533,46532,229,1935,Civil Engineering 土木,NA
46536,46535,455,1930,Civil Engineering 土木,NA
46539,46538,725,1927,Mining Engineering 礦冶,NA
46541,46540,152,1929,Civil Engineering 土木,NA
46545,46544,4094,1926,Electrical Engineering 電機,NA
46550,46549,516,1939,Chemical Engineering 化工,NA
46552,46551,2224,1929,Electrical Engineering 電機,NA
46560,46558,1730,1912,Telecommunications 電信,NA
46562,46561,4718,NA,Mining Engineering 礦冶,NA
46567,46566,349,1938,Architecture 建築,NA
46569,46568,725,1937,Mechanical Engineering 機械,NA
46571,46570,821,1935,Civil Engineering 土木,NA
46574,46573,1730,1912,Telecommunications 郵電,NA
46575,46573,1730,1916,Electrical Engineering 電機,NA
46579,46577,1369,1924,Chemical Engineering 化工,NA
46585,46584,498,1933,Chemical Engineering 化工,NA
46589,46588,692,1937,Civil Engineering 土木,NA
46591,46590,349,1937,Civil Engineering 土木,NA
46593,46592,229,1935,Civil Engineering 土木,NA
46596,46595,692,1933,Civil Engineering 土木,NA
46600,46599,1499,1935,Civil Engineering 土木,NA
46603,46602,498,1933,Mechanical Engineering 機械,NA
46605,46604,876,1935,Civil Engineering 土木,NA
46607,46606,212,1932,Architecture 建築,NA
46610,46609,1730,1920,Telecommunications 電信,NA
46612,46611,692,1924,Civil Engineering 土木,NA
46614,46613,725,1916,Civil Engineering 土木,NA
46617,46615,692,1910,Civil Engineering 土木,NA
46618,46615,152,1915,Civil Engineering 土木,Master 碩士
46622,46620,649,1935,Hydraulic Engineering 水利,NA
46626,46625,451,1938,Civil Engineering 土木,NA
46628,46627,855,1925,Mechanical Engineering 機械,NA
46630,46629,349,1935,Civil Engineering 土木,Zhuanke 專科
46632,46631,692,1930,Mining Engineering 礦冶,NA
46635,46634,516,1939,Architecture 建築,NA
46637,46636,451,1935,Civil Engineering 土木,NA
46639,46638,1310,1922,Textile Engineering 紡織,NA
46642,46641,46643,NA,Electrical Engineering 電機,NA
46652,46651,516,1937,Chemical Engineering 化工,NA
46655,46653,1730,1912,Telecommunications 電信,NA
46657,46656,516,1939,Civil Engineering 土木,NA
46659,46658,516,1937,Civil Engineering 土木,NA
46660,46543,2740,1916,Mining Engineering 礦冶,NA
46669,46668,455,1938,Architecture 建築,NA
46671,46670,529,1936,Electrical Engineering 電機,NA
46674,46673,7087,1935,Turbine 輪機,NA
46677,46676,31031,1925,Civil Engineering 土木,NA
46684,46683,498,1932,Textile Engineering 紡織,NA
46688,46687,70078,1913,Mining Engineering 礦冶,NA
46690,46689,235,1939,Electrical Engineering 電機,NA
46692,46691,235,1927,Electrical Engineering 電機,NA
46697,46696,229,1937,Civil Engineering 土木,NA
46699,46698,235,1915,Electrical Engineering 電機,NA
46702,46701,2584,1921,Mining Engineering 礦冶,NA
46711,46709,46713,1911,Mining Engineering 礦冶,NA
46722,46721,837,1937,Electrical Engineering 電機,NA
46724,46723,455,1933,Architecture 建築,NA
46726,46725,529,1936,Electrical Engineering 電機,NA
46728,46727,529,1932,Electrical Engineering 電機,NA
46731,46730,1499,1935,Civil Engineering 土木,NA
46734,46733,235,1932,Mechanical Engineering 機械,NA
46741,46740,235,1934,Electrical Engineering 電機,NA
46743,46742,675,1932,Civil Engineering 土木,NA
46747,46746,1499,1939,Civil Engineering 土木,NA
46749,46748,516,1937,Civil Engineering 土木,NA
46751,46750,998,1939,Mechanical Engineering 機械,NA
46753,46752,120,1921,Civil Engineering 土木,NA
46756,46755,998,1935,Electrical Engineering 電機,NA
46758,46757,821,1933,Architecture 建築,NA
46761,46760,171,1927,Architecture 建築,Master 碩士
46766,46765,855,1926,Chemical Engineering 化工,NA
46778,46777,675,1931,Civil Engineering 土木,NA
46782,46781,516,1935,Civil Engineering 土木,NA
46784,46783,821,1932,Civil Engineering 土木,NA
46786,46785,692,1912,Civil Engineering 土木,NA
46788,46787,32646,1911,Civil Engineering 土木,NA
46791,46790,498,1934,Mechanical Engineering 機械,NA
46794,46793,235,1926,Electrical Engineering 電機,NA
46796,46795,20494,NA,Textile Engineering 紡織,Master 碩士
46800,46799,1730,1919,Telecommunications 電信,NA
46803,46801,2888,1939,Mechanical Engineering 機械,NA
46806,46804,70078,1918,Mining Engineering 礦冶,NA
46807,46805,725,1916,Mining Engineering 礦冶,Zhuanke 專科
46809,46808,70078,1918,Mining Engineering 礦冶,NA
46815,46813,2224,1917,Civil Engineering 土木,NA
46819,46817,692,1937,Mining Engineering 礦冶,NA
46823,46821,235,1921,Civil Engineering 土木,NA
46824,46821,29220,NA,Civil Engineering 土木,Master 碩士
46835,46833,349,1937,Civil Engineering 土木,Zhuanke 專科
46838,46837,70078,1917,Civil Engineering 土木,NA
46840,46839,9439,1935,Radio Engineering 無線電,Zhuanke 專科
46842,46841,998,1927,Chemical Engineering 化工,NA
46847,46846,561,1925,Textile Engineering 紡織,NA
46848,46845,520,1939,Civil Engineering 土木,NA
46850,46849,1730,1914,Radio Engineering 無線電,NA
46852,46851,529,1933,Civil Engineering 土木,NA
46856,46854,2224,1939,Civil Engineering 土木,NA
46858,46857,1499,1938,Civil Engineering 土木,NA
46862,46861,4419,1936,Mining Engineering 礦冶,NA
46864,46863,455,1932,Electrical Engineering 電機,NA
46865,46855,692,1936,Civil Engineering 土木,NA
46867,46866,354,1935,Civil Engineering 土木,NA
46870,46868,455,1935,Civil Engineering 土木,NA
46871,46869,70078,1917,Civil Engineering 土木,NA
46875,46874,561,1939,Textile Engineering 紡織,NA
46877,46873,2888,1939,Civil Engineering 土木,NA
46878,46876,901,1936,Civil Engineering 土木,NA
46883,46881,455,1936,Civil Engineering 土木,NA
46886,46882,837,1926,Mining Engineering 礦冶,NA
46889,46885,1499,1939,Civil Engineering 土木,NA
46892,46890,5740,1924,Mining Engineering 礦冶,NA
46902,46900,498,1933,Chemical Engineering 化工,NA
46908,46905,229,1937,Mechanical Engineering 機械,NA
46910,46909,692,1938,Mining Engineering 礦冶,NA
46913,46911,12994,NA,Civil Engineering 土木,NA
46918,46917,675,1933,Civil Engineering 土木,NA
46923,46922,855,1926,Chemical Engineering 化工,NA
46925,46924,235,1918,Civil Engineering 土木,NA
46927,46926,2876,NA,Mining Engineering 礦冶,NA
46933,46932,498,1929,Mechanical Engineering 機械,NA
46939,46937,235,1936,Civil Engineering 土木,NA
46944,46943,725,1916,Mining Engineering 礦冶,Zhuanke 專科
46945,46943,224,1923,Mining Engineering 礦冶,NA
46952,46949,855,1923,Mechanical Engineering 機械,NA
46962,46961,692,1916,Mining Engineering 礦冶,NA
46966,46963,235,1939,Mechanical Engineering 機械,NA
46968,46967,725,1936,Mining Engineering 礦冶,NA
46970,46969,1499,1919,Civil Engineering 土木,NA
46975,46972,561,1923,Textile Engineering 紡織,NA
46977,46974,1730,1920,Telecommunications 電訊,Zhuanke 專科
46981,46978,2004,1937,Civil Engineering 土木,NA
46983,46982,498,1938,Textile Engineering 紡織,NA
46986,46984,876,1937,Electrical Engineering 電機,NA
46987,46985,821,1929,Mechanical Engineering 機械,NA
46989,46988,561,1936,Textile Engineering 紡織,NA
46992,46990,498,1934,Mechanical Engineering 機械,NA
46994,46993,725,1937,Mechanical Engineering 機械,NA
46997,46996,1269,1939,Civil Engineering 土木,NA
46999,46998,555,1939,Mining Engineering 礦冶,NA
47002,47000,451,1937,Civil Engineering 土木,NA
47003,47001,498,1929,Chemical Engineering 化工,NA
47006,47004,725,1928,Electrical Engineering 電機,NA
47008,47005,692,1938,Civil Engineering 土木,NA
47009,47007,4718,1913,Civil Engineering 土木,NA
47014,47012,692,1933,Civil Engineering 土木,NA
47015,47013,235,1932,Civil Engineering 土木,NA
47019,47017,855,1924,Chemical Engineering 化工,NA
47020,47018,692,1931,Civil Engineering 土木,NA
47023,47022,1499,1939,Civil Engineering 土木,NA
47025,47024,855,1930,Mechanical Engineering 機械,NA
47030,47029,229,1935,Civil Engineering 土木,NA
47034,47033,1253,1933,Civil Engineering 土木,NA
47036,47035,235,1935,Mechanical Engineering 機械,NA
47039,47038,152,NA,Electrical Engineering 電機,NA
47043,47042,235,1921,Civil Engineering 土木,NA
47052,47051,725,1931,Mining Engineering 礦冶,NA
47057,47056,498,1930,Chemical Engineering 化工,NA
47059,47058,235,1939,Civil Engineering 土木,NA
47061,47060,725,1937,Mining Engineering 礦冶,NA
47063,47062,725,1926,Mechanical Engineering 機械,NA
47066,47064,1310,1910,Mechanical Engineering 機械,NA
47078,47077,47079,1913,Chemical Engineering 化工,NA
47098,47097,1310,1913,Chemical Engineering 化工,NA
47103,47102,692,1916,Mining Engineering 礦冶,NA
47105,47104,2328,1937,Electrical Engineering 電機,NA
47107,47106,498,1937,Mechanical Engineering 機械,NA
47109,47108,1730,1912,Civil Engineering 土木,NA
47112,47111,998,1936,Mechanical Engineering 機械,NA
47115,47114,516,1935,Chemical Engineering 化工,NA
47117,47116,725,1916,Civil Engineering 土木,NA
47119,47118,3073,1937,Civil Engineering 土木,NA
47121,47120,855,1927,Mechanical Engineering 機械,NA
47123,47122,855,1936,Mechanical Engineering 機械,Zhuanke 專科
47125,47124,998,1938,Mechanical Engineering 機械,NA
47128,47127,498,1936,Textile Engineering 紡織,NA
47130,47129,725,1921,Mining Engineering 礦冶,NA
47138,47137,725,1929,Mechanical Engineering 機械,NA
47140,47139,725,1929,Mechanical Engineering 機械,NA
47142,47141,455,1933,Mechanical Engineering 機械,NA
47145,47144,47146,1925,Electrical Engineering 電機,NA
47161,47160,455,1933,Civil Engineering 土木,NA
47167,47166,349,1936,Mechanical Engineering 機械,NA
47169,47168,855,1926,Mechanical Engineering 機械,NA
47171,47170,821,1938,Civil Engineering 土木,NA
47173,47172,821,1929,Electrical Engineering 電機,NA
47175,47174,516,1935,Chemical Engineering 化工,NA
47177,47176,349,1937,Mechanical Engineering 機械,NA
47179,47178,692,1937,Civil Engineering 土木,NA
47181,47180,426,1935,Civil Engineering 土木,NA
47183,47182,2224,1921,Civil Engineering 土木,NA
47185,47184,2328,1935,Electrical Engineering 電機,NA
47188,47187,855,1931,Electrical Engineering 電機,NA
47194,47192,1499,1921,Civil Engineering 土木,NA
47196,47195,451,1937,Civil Engineering 土木,NA
47198,47197,725,1934,Civil Engineering 土木,NA
47200,47199,692,1927,Civil Engineering 土木,NA
47203,47201,1269,1936,Mining Engineering 礦冶,NA
47206,47204,498,1934,Electrical Engineering 電機,NA
47208,47207,555,1938,Civil Engineering 土木,NA
47210,47209,235,1934,Civil Engineering 土木,NA
47216,47215,529,1939,Mining Engineering 礦冶,NA
47218,47217,349,1937,Chemical Engineering 化工,NA
47220,47219,725,1937,Mining Engineering 礦冶,NA
47223,47222,649,1932,unspecified,NA
47227,47226,2888,1939,Civil Engineering 土木,NA
47229,47228,692,1934,Civil Engineering 土木,NA
47234,47233,2888,1939,Mining Engineering 礦冶,NA
47236,47235,70078,1913,Mining Engineering 礦冶,NA
47238,47237,516,1939,Electrical Engineering 電機,NA
47240,47239,129,1919,Mechanical Engineering 機械,NA
47250,47249,725,1936,Mining Engineering 礦冶,NA
47255,47254,516,1939,Electrical Engineering 電機,NA
47257,47256,235,1910,Civil Engineering 土木,NA
47260,47256,4718,1914,Mining Engineering 礦冶,NA
47277,47276,821,1935,Mining Engineering 礦冶,NA
47279,47278,998,1936,Mechanical Engineering 機械,NA
47281,47280,2224,1938,Surveying 測量,NA
47283,47282,821,1932,Civil Engineering 土木,NA
47285,47284,649,1932,unspecified,NA
47288,47287,1730,1917,Telecommunications 電訊,NA
47290,47289,235,1928,Telecommunications 電訊,NA
47302,47301,725,1925,Mining Engineering 礦冶,NA
47305,47303,498,1934,Mechanical Engineering 機械,NA
47309,47308,855,1924,Mechanical Engineering 機械,NA
47311,47310,44085,1933,Mechanical Engineering 機械,NA
47319,47318,235,1934,Civil Engineering 土木,NA
47322,47321,692,1935,Civil Engineering 土木,NA
47324,47323,998,1934,Electrical Engineering 電機,NA
47328,47327,692,1937,Civil Engineering 土木,NA
47330,47329,725,1916,Civil Engineering 土木,Zhuanke 專科
47336,47335,998,1932,Civil Engineering 土木,NA
47338,47337,692,1930,Civil Engineering 土木,NA
47344,47343,561,1934,Textile Engineering 紡織,NA
47349,47348,821,1930,Mining Engineering 礦冶,NA
47359,47358,675,1926,Civil Engineering 土木,NA
47361,47360,692,1937,Civil Engineering 土木,NA
47363,47362,9480,NA,Civil Engineering 土木,NA
47366,47365,516,1939,Chemical Engineering 化工,NA
47368,47367,354,1935,Civil Engineering 土木,NA
47370,47369,455,1931,Civil Engineering 土木,NA
47373,47372,455,1934,Mechanical Engineering 機械,NA
47376,47375,2328,1935,Electrical Engineering 電機,NA
47378,47377,1310,1910,Chemical Engineering 化工,NA
47381,47380,2328,1936,Chemical Engineering 化工,NA
47383,47382,498,1933,Mechanical Engineering 機械,NA
47385,47384,498,1939,Textile Engineering 紡織,NA
47387,47386,725,1928,Civil Engineering 土木,NA
47389,47388,2328,1937,Civil Engineering 土木,NA
47391,47390,47392,1935,Electrical Engineering 電機,NA
47394,47393,426,1936,Civil Engineering 土木,NA
47396,47395,692,1929,Civil Engineering 土木,NA
47399,47398,1730,1917,Radio Engineering 無線電,NA
47402,47400,725,1928,Civil Engineering 土木,NA
47404,47403,235,1924,Mechanical Engineering 機械,NA
47409,47408,821,1931,Electrical Engineering 電機,NA
47415,47414,725,1937,Mining Engineering 礦冶,NA
47418,47416,498,1937,Chemical Engineering 化工,NA
47420,47419,2888,1939,Civil Engineering 土木,NA
47422,47421,692,1931,Civil Engineering 土木,NA
47424,47423,235,1939,Civil Engineering 土木,NA
47426,47425,115,1938,Civil Engineering 土木,NA
47428,47427,725,1926,Mining Engineering 礦冶,NA
47430,47429,692,1920,Civil Engineering 土木,NA
47434,47433,2876,1939,Civil Engineering 土木,NA
47437,47436,33732,1922,Chemical Engineering 化工,NA
47446,47445,675,1931,Civil Engineering 土木,NA
47450,47448,1499,1916,Civil Engineering 土木,NA
47458,47457,235,1937,Mechanical Engineering 機械,NA
47460,47459,1310,1921,Chemical Engineering 化工,NA
47464,47463,498,1929,Chemical Engineering 化工,NA
47466,47465,455,1938,Electrical Engineering 電機,NA
47468,47467,2224,1939,Surveying 測量,NA
47470,47469,2224,1930,Electrical Engineering 電機,NA
47476,47474,516,1937,Electrical Engineering 電機,NA
47478,47477,855,1930,Mechanical Engineering 機械,NA
47485,47484,2584,1909,Chemical Engineering 化工,NA
47488,47487,561,1934,Textile Engineering 紡織,NA
47490,47489,2328,1935,Civil Engineering 土木,NA
47494,47493,1310,1917,Mechanical Engineering 機械,NA
47502,47501,1499,1939,Civil Engineering 土木,NA
47504,47503,725,1916,Civil Engineering 土木,Zhuanke 專科
47506,47505,1730,1917,Telecommunications 電訊,NA
47509,47508,1730,1924,Radio Engineering 無線電,Zhuanke 專科
47515,47514,235,1937,Mechanical Engineering 機械,NA
47517,47516,12802,1931,Mining Engineering 礦冶,NA
47524,47523,455,1935,Electrical Engineering 電機,NA
47527,47526,235,1935,Civil Engineering 土木,NA
47531,47530,3073,1935,Mining Engineering 礦冶,NA
47540,47539,5740,NA,Mechanical Engineering 機械,NA
47549,47548,855,1937,Mechanical Engineering 機械,NA
47551,47550,675,1930,Civil Engineering 土木,NA
47555,47554,998,1930,Electrical Engineering 電機,NA
47562,47561,1730,1924,Radio Engineering 無線電,Zhuanke 專科
47566,47565,555,1939,Civil Engineering 土木,NA
47568,47567,855,1923,Mechanical Engineering 機械,NA
47574,47573,229,1936,Mechanical Engineering 機械,NA
47576,47575,235,1925,Electrical Engineering 電機,NA
47581,47580,195,1914,Sanitary Engineering,Bachelor 學士
47588,47587,235,1936,Mechanical Engineering 機械,NA
47590,47589,1730,1917,Telecommunications 電訊,NA
47594,47593,498,1929,Electrical Engineering 電機,NA
47595,47593,198,NA,Electrical Engineering 電機,Master 碩士
47596,47593,181,NA,Civil Engineering 土木,Research 研究
47600,47599,70078,1916,Mining Engineering 礦冶,NA
47603,47602,498,1934,Mechanical Engineering 機械,NA
47605,47604,235,1931,Electrical Engineering 電機,NA
47610,47609,455,1934,Civil Engineering 土木,NA
47614,47613,692,1937,Electrical Engineering 電機,NA
47616,47615,455,1935,Civil Engineering 土木,NA
47620,47619,1499,1922,Civil Engineering 土木,NA
47622,47621,3073,1938,Civil Engineering 土木,NA
47629,47628,1499,1927,Civil Engineering 土木,NA
47631,47630,3073,1935,Mining Engineering 礦冶,NA
47634,47633,235,1919,Civil Engineering 土木,NA
47638,47635,1269,1938,Electrical Engineering 電機,NA
47641,47639,1269,1938,Electrical Engineering 電機,NA
47643,47642,455,1937,Architecture 建築,NA
47646,47645,235,1919,Mechanical Engineering 機械,NA
47655,47654,235,1925,Electrical Engineering 電機,NA
47668,47667,855,1931,Chemical Engineering 化工,NA
47670,47669,855,1924,Chemical Engineering 化工,NA
47672,47671,1499,1935,Civil Engineering 土木,NA
47675,47674,235,1937,Civil Engineering 土木,NA
47677,47676,4925,1910,Mining Engineering 礦冶,NA
47690,47689,837,1937,Electrical Engineering 電機,NA
47692,47691,498,1934,Chemical Engineering 化工,NA
47697,47696,998,1930,Chemical Engineering 化工,NA
47701,47700,998,1938,Mechanical Engineering 機械,NA
47704,47703,675,1932,Civil Engineering 土木,NA
47706,47705,235,1923,Electrical Engineering 電機,NA
47707,47705,47710,1925,Electrical Engineering 電機,Master 碩士
47719,47718,10230,1910,Textile Engineering 紡織,NA
47723,47722,855,1923,Chemical Engineering 化工,NA
47725,47724,725,1932,Mechanical Engineering 機械,NA
47727,47726,1499,1933,Civil Engineering 土木,NA
47734,47733,1499,1934,Civil Engineering 土木,NA
47737,47736,455,1938,Mechanical Engineering 機械,NA
47739,47738,235,1928,Electrical Engineering 電機,NA
47750,47749,235,1933,Electrical Engineering 電機,NA
47754,47753,725,1926,Mining Engineering 礦冶,NA
47760,47759,3073,1935,Mining Engineering 礦冶,NA
47762,47761,725,1928,Civil Engineering 土木,NA
47764,47763,1269,1936,Mining Engineering 礦冶,NA
47766,47765,235,1938,Mechanical Engineering 機械,NA
47769,47767,692,NA,Mechanical Engineering 機械,NA
47773,47772,3350,1924,Mining Engineering 礦冶,NA
47779,47778,855,1925,Mechanical Engineering 機械,NA
47781,47780,2740,1922,Mining Engineering 礦冶,NA
47785,47784,821,1931,Mechanical Engineering 機械,NA
47791,47790,2328,1937,Electrical Engineering 電機,NA
47793,47792,725,1934,Civil Engineering 土木,NA
47797,47796,692,1928,Civil Engineering 土木,NA
47800,47799,498,1933,Mechanical Engineering 機械,NA
47802,47801,1499,1933,Civil Engineering 土木,NA
47804,47803,692,1936,Civil Engineering 土木,NA
47806,47805,529,1933,Electrical Engineering 電機,NA
47810,47809,998,1933,Chemical Engineering 化工,NA
47812,47811,498,1932,Chemical Engineering 化工,NA
47816,47815,198,1926,Civil Engineering 土木,NA
47817,47815,198,1927,Civil Engineering 土木,Master 碩士
47821,47820,821,1935,Electrical Engineering 電機,NA
47823,47822,229,1936,Mechanical Engineering 機械,NA
47825,47824,1499,1935,Civil Engineering 土木,NA
47828,47827,1730,1921,Telecommunications 電信,NA
47835,47834,235,1927,Mechanical Engineering 機械,NA
47843,47842,129,NA,Mechanical Engineering 機械,NA
47851,47850,561,1923,Textile Engineering 紡織,NA
47856,47855,855,1931,Chemical Engineering 化工,NA
47858,47857,6140,NA,Electrical Engineering 電機,NA
47863,47862,1730,1920,Telecommunications 電信,NA
47866,47864,1310,1920,Mechanical Engineering 機械,NA
47869,47868,235,1917,Electrical Engineering 電機,NA
47873,47871,529,1935,Electrical Engineering 電機,NA
47876,47875,455,1930,Civil Engineering 土木,NA
47879,47878,1310,1924,Chemical Engineering 化工,NA
47882,47881,498,1930,Mechanical Engineering 機械,NA
47888,47887,451,1938,Civil Engineering 土木,NA
47890,47889,198,1926,Chemical Engineering 化工,NA
47899,47898,129,1923,Chemical Engineering 化工,NA
47905,47904,1730,1916,Civil Engineering 土木,NA
47907,47906,649,1937,unspecified,NA
47909,47908,235,1933,Civil Engineering 土木,NA
47911,47910,235,1933,Civil Engineering 土木,NA
47915,47914,349,1938,Architecture 建築,NA
47918,47917,516,1937,Civil Engineering 土木,NA
47920,47919,223,1929,Architecture 建築,NA
47925,47924,555,1938,Civil Engineering 土木,NA
47927,47926,675,1939,Civil Engineering 土木,NA
47929,47928,198,1931,Civil Engineering 土木,NA
47935,47934,5712,1915,Mining Engineering 礦冶,NA
47936,47934,151,1916,Mining Engineering 礦冶,Master 碩士
47940,47939,235,1927,Electrical Engineering 電機,NA
47944,47943,235,1938,Mechanical Engineering 機械,NA
47946,47945,1499,1924,Civil Engineering 土木,NA
47950,47948,1499,1926,Civil Engineering 土木,NA
47953,47952,188,1919,Mining Engineering 礦冶,NA
47960,47959,229,1937,Mechanical Engineering 機械,NA
47968,47967,7349,1920,Civil Engineering 土木,NA
47971,47970,725,1927,Civil Engineering 土木,NA
47973,47972,6140,1926,Architecture 建築,NA
47976,47975,725,1935,Mining Engineering 礦冶,NA
47978,47977,692,1917,Mining Engineering 礦冶,NA
47979,47977,13468,NA,unspecified,Research 研究
47985,47984,675,1927,Civil Engineering 土木,NA
47987,47986,235,1936,Mechanical Engineering 機械,NA
47994,47993,235,1933,Civil Engineering 土木,NA
48001,48000,195,1927,Civil Engineering 土木,Bachelor 學士
48001,48000,195,1927,Architectural Engineering,Bachelor 學士
48002,48000,195,1928,Civil Engineering 土木,Master 碩士
48002,48000,195,1928,Architectural Engineering,Master 碩士
48012,48011,2004,1937,Mechanical Engineering 機械,NA
48014,48013,998,1931,Chemical Engineering 化工,NA
48016,48015,725,1928,Electrical Engineering 電機,NA
48018,48017,455,1937,Chemistry 化學,NA
48021,48020,1730,1912,Telecommunications 電信,NA
48023,48022,1499,1934,Mining Engineering 礦冶,NA
48026,48025,998,1932,Civil Engineering 土木,NA
48028,48027,1730,1920,Telecommunications 電信,NA
48030,48029,1730,1920,Radio Engineering 無線電,NA
48032,48031,675,1935,Civil Engineering 土木,NA
48034,48033,152,NA,Civil Engineering 土木,NA
48039,48038,1499,1934,Civil Engineering 土木,NA
48043,48042,349,1936,Civil Engineering 土木,NA
48046,48044,675,1931,Civil Engineering 土木,NA
48048,48047,235,1932,Civil Engineering 土木,NA
48054,48053,3073,1932,Mining Engineering 礦冶,NA
48059,48058,455,1937,Civil Engineering 土木,NA
48064,48063,354,1935,Civil Engineering 土木,NA
48068,48067,837,1935,Electrical Engineering 電機,NA
48070,48069,725,1929,Mining Engineering 礦冶,NA
48072,48071,349,1937,Chemical Engineering 化工,NA
48074,48073,227,1929,Mechanical Engineering 機械,Bachelor 學士
48079,48078,1730,1920,Telecommunications 電信,NA
48081,48080,998,1935,Electrical Engineering 電機,NA
48084,48083,1730,1917,Telecommunications 電信,NA
48086,48085,1499,1934,Civil Engineering 土木,NA
48089,48088,498,1935,Electrical Engineering 電機,NA
48091,48090,235,1936,Electrical Engineering 電機,NA
48093,48092,1310,1922,Mechanical Engineering 機械,NA
48104,48103,520,1936,Civil Engineering 土木,NA
48106,48105,498,1933,Textile Engineering 紡織,NA
48108,48107,48111,1932,Electrical Engineering 電機,NA
48118,48117,561,1923,Textile Engineering 紡織,NA
48120,48119,675,1934,Civil Engineering 土木,NA
48123,48122,1102,1923,Mechanical Engineering 機械,NA
48124,48122,1369,1926,Electrical Engineering 電機,NA
48134,48133,354,1939,Mechanical Engineering 機械,NA
48137,48135,235,1931,Civil Engineering 土木,NA
48141,48140,455,1930,Civil Engineering 土木,NA
48143,48142,151,NA,Mining Engineering 礦冶,Master 碩士
48147,48146,725,1936,Civil Engineering 土木,NA
48149,48148,12802,1921,Chemical Engineering 化工,NA
48159,48158,349,1937,Telecommunications 電信,NA
48161,48160,235,1935,Civil Engineering 土木,NA
48163,48162,198,1927,Civil Engineering 土木,NA
48166,48165,561,1928,Textile Engineering 紡織,NA
48169,48168,994,1939,Civil Engineering 土木,NA
48171,48170,821,1932,Civil Engineering 土木,NA
48173,48172,70078,1917,Civil Engineering 土木,NA
48176,48174,1499,1936,Civil Engineering 土木,NA
48178,48177,235,1927,Electrical Engineering 電機,NA
48182,48181,1499,1926,Civil Engineering 土木,NA
48187,48186,2224,1922,Civil Engineering 土木,NA
48190,48189,2224,1925,Mechanical Engineering 機械,NA
48194,48193,120,1928,Chemical Engineering 化工,NA
48197,48196,837,1934,Electrical Engineering 電機,NA
48206,48205,520,1938,Chemical Engineering 化工,NA
48208,48207,821,1932,Civil Engineering 土木,NA
48210,48209,78002,1921,Chemical Engineering 化工,NA
48219,48218,725,1930,Mechanical Engineering 機械,NA
48221,48220,855,1925,Mechanical Engineering 機械,NA
48223,48222,2224,1916,Civil Engineering 土木,NA
48225,48224,855,1926,Mechanical Engineering 機械,NA
48227,48226,555,1938,Civil Engineering 土木,NA
48229,48228,998,1937,Chemical Engineering 化工,NA
48231,48230,692,1937,Electrical Engineering 電機,NA
48233,48232,2328,1935,Electrical Engineering 電機,NA
48237,48236,725,1931,Mechanical Engineering 機械,NA
48240,48239,855,1926,Mechanical Engineering 機械,NA
48243,48241,48244,1929,Mining Engineering 礦冶,NA
48255,48254,725,1922,Mining Engineering 礦冶,NA
48263,48262,2740,1926,Mining Engineering 礦冶,NA
48265,48264,179,NA,Mining Engineering 礦冶,NA
48268,48267,498,1933,Electrical Engineering 電機,NA
48270,48269,821,1934,Electrical Engineering 電機,NA
48273,48272,2224,1939,Electrical Engineering 電機,NA
48275,48274,675,1929,Civil Engineering 土木,NA
48291,48290,725,1937,Mining Engineering 礦冶,NA
48293,48292,725,1932,Mechanical Engineering 機械,NA
48297,48296,725,1936,Civil Engineering 土木,NA
48299,48298,1499,1932,Civil Engineering 土木,NA
48302,48301,7087,1935,Turbine 輪機,NA
48304,48303,692,1924,Mining Engineering 礦冶,NA
48314,48313,235,1926,Mechanical Engineering 機械,NA
48316,48315,1499,1931,Civil Engineering 土木,NA
48318,48317,179,NA,Civil Engineering 土木,NA
48319,48317,248,NA,Civil Engineering 土木,NA
48322,48321,1269,1936,Mining Engineering 礦冶,NA
48324,48323,195,1917,Naval Architecture 船舶,NA
48332,48331,235,1939,Mechanical Engineering 機械,NA
48334,48333,692,1934,Mechanical Engineering 機械,NA
48338,48337,229,1935,Civil Engineering 土木,NA
48340,48339,235,1924,Mechanical Engineering 機械,NA
48347,48346,12116,NA,Textile Engineering 紡織,NA
48357,48356,998,1937,Mechanical Engineering 機械,NA
48359,48358,1499,1916,Civil Engineering 土木,NA
48362,48361,1679,1939,Civil Engineering 土木,NA
48365,48363,152,NA,Civil Engineering 土木,NA
48378,48377,516,1939,Architecture 建築,NA
48380,48379,235,1932,Civil Engineering 土木,NA
48384,48383,1499,1934,Civil Engineering 土木,NA
48387,48386,675,1934,Civil Engineering 土木,NA
48391,48390,725,1936,Civil Engineering 土木,NA
48393,48392,2224,1923,Civil Engineering 土木,NA
48403,48402,70078,1921,Mining Engineering 礦冶,NA
48404,48402,151,NA,Geology 地質,Master 碩士
48411,48410,725,1934,Civil Engineering 土木,NA
48413,48412,151,1916,Mining Engineering 礦冶,NA
48421,48420,455,1932,Civil Engineering 土木,NA
48423,48422,725,1929,Mechanical Engineering 機械,NA
48425,48424,1499,1928,Civil Engineering 土木,NA
48430,48429,876,1939,Electrical Engineering 電機,NA
48432,48431,725,1922,Mechanical Engineering 機械,NA
48434,48433,3073,1937,Civil Engineering 土木,NA
48436,48435,2740,1932,unspecified,NA
48438,48437,692,1932,Civil Engineering 土木,NA
48442,48441,498,1934,Electrical Engineering 電機,NA
48444,48443,354,1934,Civil Engineering 土木,NA
48446,48445,1499,1939,Civil Engineering 土木,NA
48448,48447,5466,NA,Mining Engineering 礦冶,NA
48452,48447,1138,NA,Mining Engineering 礦冶,NA
48464,48462,692,1923,Mining Engineering 礦冶,NA
48468,48467,198,1924,Mechanical Engineering 機械,NA
48475,48474,2224,1924,Mechanical Engineering 機械,NA
48478,48476,1730,1912,Civil Engineering 土木,NA
48481,48480,426,1932,Civil Engineering 土木,NA
48484,48483,725,1934,Civil Engineering 土木,NA
48486,48485,516,1939,Chemical Engineering 化工,NA
48488,48487,692,1923,Civil Engineering 土木,NA
48492,48491,70078,1919,Mining Engineering 礦冶,NA
48500,48499,821,1929,Mechanical Engineering 機械,NA
48504,48503,725,1927,Mining Engineering 礦冶,NA
48506,48505,725,1929,Mechanical Engineering 機械,NA
48509,48507,1499,1923,Civil Engineering 土木,NA
48512,48511,725,1928,Civil Engineering 土木,NA
48514,48513,70078,1921,Civil Engineering 土木,NA
48523,48522,2328,1936,Electrical Engineering 電機,NA
48525,48524,725,1934,Civil Engineering 土木,NA
48527,48526,876,1938,Civil Engineering 土木,NA
48529,48528,2328,1934,Electrical Engineering 電機,NA
48534,48532,498,1935,Mechanical Engineering 機械,NA
48536,48535,229,1933,Civil Engineering 土木,NA
48539,48538,1730,1918,Electrical Engineering 電機,NA
48541,48540,48542,1935,Chemical Engineering 化工,NA
48546,48545,675,1938,Civil Engineering 土木,NA
48553,48552,998,1928,Electrical Engineering 電機,NA
48560,48559,235,1935,Mechanical Engineering 機械,NA
48563,48562,455,1937,Mechanical Engineering 機械,NA
48566,48565,998,1933,Electrical Engineering 電機,NA
48572,48571,3530,1924,Electrical Engineering 電機,NA
48584,48583,1907,NA,Mechanical Engineering 機械,NA
48592,48591,235,1939,Electrical Engineering 電機,NA
48595,48594,498,1929,Chemical Engineering 化工,NA
48597,48596,354,1933,Civil Engineering 土木,NA
48599,48598,198,1926,Chemical Engineering 化工,NA
48600,48598,198,1927,unspecified,Master 碩士
48608,48607,561,1937,Textile Engineering 紡織,NA
48612,48611,1310,1927,Textile Engineering 紡織,NA
48616,48615,1499,1921,Civil Engineering 土木,NA
48618,48617,2328,1936,Chemical Engineering 化工,NA
48620,48619,229,1937,Civil Engineering 土木,NA
48622,48621,998,1936,Civil Engineering 土木,NA
48626,48625,179,1914,Architecture 建築,NA
48629,48628,5466,1910,Electrical Engineering 電機,NA
48640,48639,3073,1937,Civil Engineering 土木,NA
48642,48641,675,1936,Civil Engineering 土木,NA
48644,48643,998,1936,Civil Engineering 土木,NA
48646,48645,235,1932,Electrical Engineering 電機,NA
48659,48657,455,1931,Civil Engineering 土木,NA
48661,48660,529,1935,Civil Engineering 土木,NA
48663,48662,455,1938,Mechanical Engineering 機械,NA
48665,48664,354,1939,Civil Engineering 土木,NA
48667,48666,855,1923,Mechanical Engineering 機械,NA
48669,48668,692,1914,Mining Engineering 礦冶,NA
48671,48670,529,1937,Civil Engineering 土木,NA
48673,48672,2888,1939,Civil Engineering 土木,NA
48675,48674,1907,1921,Mechanical Engineering 機械,NA
48678,48677,48679,1922,Mining Engineering 礦冶,NA
48687,48638,155,1924,Mechanical Engineering 機械,NA
48695,48694,48696,1924,Mechanical Engineering 機械,NA
48705,48704,5466,1912,Mining Engineering 礦冶,NA
48708,48707,561,1917,Textile Engineering 紡織,NA
48711,48710,1730,1918,Radio Engineering 無線電,NA
48713,48712,78002,1932,Electrical Engineering 電機,NA
48716,48715,235,1923,Mechanical Engineering 機械,NA
48717,48715,198,NA,Mechanical Engineering 機械,Master 碩士
48718,48715,181,NA,Mechanical Engineering 機械,NA
48727,48726,235,1913,Electrical Engineering 電機,NA
48728,48726,1730,1915,Electrical Engineering 電機,NA
48741,48740,876,1935,Electrical Engineering 電機,NA
48743,48742,232,1923,Civil Engineering 土木,NA
48752,48751,229,1929,Electrical Engineering 電機,NA
48757,48756,455,1938,Civil Engineering 土木,NA
48759,48758,725,1916,Civil Engineering 土木,Zhuanke 專科
48761,48760,235,1935,Electrical Engineering 電機,NA
48764,48763,1499,1933,Civil Engineering 土木,NA
48767,48766,692,1933,Civil Engineering 土木,NA
48769,48768,649,1934,Hydraulic Engineering 水利,NA
48773,48771,229,1936,Civil Engineering 土木,NA
48777,48776,2224,1925,Mechanical Engineering 機械,NA
48784,48783,837,1925,Mining Engineering 礦冶,NA
48785,48783,2685,1928,Mechanical Engineering 機械,NA
48802,48801,235,1931,Civil Engineering 土木,NA
48807,48806,675,1932,Civil Engineering 土木,NA
48809,48808,561,1928,Textile Engineering 紡織,NA
48812,48811,235,1924,Electrical Engineering 電機,NA
48813,48811,279,1926,Electrical Engineering 電機,Master 碩士
48831,48830,235,1935,Mechanical Engineering 機械,NA
48834,48833,1102,1925,Mechanical Engineering 機械,NA
48846,48844,235,1937,Electrical Engineering 電機,NA
48851,48850,455,1935,Electrical Engineering 電機,NA
48852,48850,195,1937,Electrical Engineering 電機,NA
48853,48850,131,1938,Electrical Engineering 電機,NA
48857,48856,692,1935,Mining Engineering 礦冶,NA
48863,48862,12802,1926,Mining Engineering 礦冶,NA
48866,48855,6977,1917,Mining Engineering 礦冶,NA
48871,48870,235,1932,Civil Engineering 土木,NA
48873,48872,1730,1912,Civil Engineering 土木,NA
48882,48881,115,1935,Electrical Engineering 電機,NA
48884,48883,1499,1931,Civil Engineering 土木,NA
48887,48886,725,1916,Mining Engineering 礦冶,Zhuanke 專科
48889,48888,455,1930,Mechanical Engineering 機械,NA
48894,48893,1679,1937,Civil Engineering 土木,NA
48896,48895,876,1936,Civil Engineering 土木,NA
48899,48898,235,1931,Electrical Engineering 電機,NA
48910,48897,998,1932,Electrical Engineering 電機,NA
48914,48913,235,1924,Electrical Engineering 電機,NA
48930,48929,529,1938,Electrical Engineering 電機,NA
48932,48931,4581,1939,Civil Engineering 土木,NA
48934,48933,235,1937,Electrical Engineering 電機,NA
48937,48936,561,1924,Textile Engineering 紡織,NA
48939,48938,349,1937,Telecommunications 電信,Zhuanke 專科
48941,48940,235,1931,Electrical Engineering 電機,NA
48946,48945,1499,1934,Civil Engineering 土木,NA
48949,48948,1499,1925,Civil Engineering 土木,NA
48951,48950,235,1935,Mechanical Engineering 機械,NA
48955,48954,235,1924,Mechanical Engineering 機械,NA
48956,48954,152,1926,Mechanical Engineering 機械,Master 碩士
48957,48954,195,1928,Chemical Engineering 化工,Master 碩士
48966,48965,235,1934,Civil Engineering 土木,NA
48968,48967,1499,1917,Civil Engineering 土木,NA
48970,48969,235,1920,Electrical Engineering 電機,NA
48971,48969,4599,1922,Electrical Engineering 電機,NA
48972,48969,48973,NA,unspecified,Research 研究
48997,48996,195,1933,Architecture 建築,Master 碩士
49000,48999,248,1924,Electrical Engineering 電機,NA
49001,48999,278,1925,Electrical Engineering 電機,NA
49002,48999,278,1927,Electrical Engineering 電機,Doctor 博士
49009,49008,167,NA,Naval Architecture 造船,NA
49016,49015,235,1935,Mechanical Engineering 機械,NA
49019,49018,1730,1920,Radio Engineering 無線電,NA
49025,49024,998,1931,Civil Engineering 土木,NA
49027,49026,235,1923,Mechanical Engineering 機械,NA
49028,49026,227,NA,Mechanical Engineering 機械,NA
49036,49035,1499,1916,Civil Engineering 土木,NA
49037,49035,152,1917,Civil Engineering 土木,Master 碩士
49038,49035,13468,1920,Civil Engineering 土木,Doctor 博士
49051,49050,232,NA,Electrical Engineering 電機,Master 碩士
49060,49058,349,1938,Mechanical Engineering 機械,NA
49062,49061,2888,1939,Electrical Engineering 電機,NA
49064,49063,516,1936,Civil Engineering 土木,NA
49066,49065,2328,1934,Electrical Engineering 電機,NA
49069,49068,998,1933,Civil Engineering 土木,NA
49071,49070,235,1936,Civil Engineering 土木,NA
49073,49072,692,1938,Civil Engineering 土木,NA
49075,49074,692,1932,Civil Engineering 土木,NA
49078,49077,7133,1928,Mechanical Engineering 機械,NA
49079,49077,2121,1930,Electrical Engineering 電機,NA
49093,49092,12802,1918,Electrical Engineering 電機,NA
49110,49109,1730,1920,Radio Engineering 無線電,NA
49112,49111,70078,1923,Mining Engineering 礦冶,NA
49114,49113,692,1916,Civil Engineering 土木,NA
49117,49116,561,1924,Textile Engineering 紡織,NA
49132,49131,455,1935,Civil Engineering 土木,NA
49135,49134,3530,1924,Electrical Engineering 電機,NA
49147,49146,901,1933,Civil Engineering 土木,NA
49148,49146,152,NA,Civil Engineering 土木,NA
49151,49150,498,1936,Chemical Engineering 化工,NA
49155,49154,498,1937,Electrical Engineering 電機,NA
49161,49160,821,1935,Electrical Engineering 電機,NA
49165,49164,455,1938,Chemical Engineering 化工,NA
49169,49168,235,1938,Electrical Engineering 電機,NA
49171,49170,498,1937,Textile Engineering 紡織,NA
49175,49174,675,1929,Civil Engineering 土木,NA
49177,49176,9076,1902,Mining Engineering 礦冶,Master 碩士
49183,49182,235,1930,Electrical Engineering 電機,NA
49188,49187,516,1937,Civil Engineering 土木,NA
49190,49189,354,1936,Civil Engineering 土木,NA
49192,49191,349,1935,Civil Engineering 土木,NA
49194,49193,235,1934,Civil Engineering 土木,NA
49199,49198,235,1935,Mechanical Engineering 機械,NA
49202,49201,998,1938,Civil Engineering 土木,NA
49204,49203,516,1939,Electrical Engineering 電機,NA
49206,49205,561,1915,Textile Engineering 紡織,NA
49208,49207,675,1935,Civil Engineering 土木,NA
49210,49209,1679,1936,Civil Engineering 土木,NA
49212,49211,152,1912,Civil Engineering 土木,NA
49220,49219,227,1926,Civil Engineering 土木,NA
49236,49235,1730,1915,Radio Engineering 無線電,NA
49240,49238,876,1936,Electrical Engineering 電機,NA
49242,49241,561,1934,Textile Engineering 紡織,NA
49244,49243,2004,1937,Mechanical Engineering 機械,NA
49245,49243,49247,NA,Mechanical Engineering 機械,NA
49249,49248,4017,NA,Mechanical Engineering 機械,Doctor 博士
49253,49252,555,1939,Mechanical Engineering 機械,NA
49255,49254,1679,1937,Civil Engineering 土木,NA
49257,49256,3146,1920,Mining Engineering 礦冶,NA
49264,49263,725,1920,Mining Engineering 礦冶,NA
49268,49267,725,1916,Civil Engineering 土木,NA
49270,49269,725,1925,Mechanical Engineering 機械,NA
49272,49271,725,1931,Mechanical Engineering 機械,NA
49274,49273,855,1927,Mining Engineering 礦冶,NA
49280,49279,725,1927,Mining Engineering 礦冶,NA
49282,49281,725,1924,Mining Engineering 礦冶,NA
49284,49283,11540,1927,Mining Engineering 礦冶,NA
49286,49285,692,1931,Civil Engineering 土木,NA
49296,49294,855,1927,Mechanical Engineering 機械,NA
49298,49297,692,1933,Civil Engineering 土木,NA
49302,49301,692,1928,Mining Engineering 礦冶,NA
49309,49308,649,1937,Hydraulic Engineering 水利,NA
49311,49310,455,1934,Civil Engineering 土木,NA
49314,49313,725,1916,Civil Engineering 土木,Zhuanke 專科
49316,49315,725,1931,Mechanical Engineering 機械,NA
49318,49317,855,1928,Mechanical Engineering 機械,NA
49320,49319,235,1938,Electrical Engineering 電機,NA
49322,49321,725,1933,Electrical Engineering 電機,NA
49324,49323,561,1932,Textile Engineering 紡織,NA
49328,49326,855,1930,Mechanical Engineering 機械,NA
49330,49329,235,1936,Mechanical Engineering 機械,NA
49332,49331,1499,1932,Civil Engineering 土木,NA
49336,49335,235,1935,Civil Engineering 土木,NA
49338,49337,229,1936,Mechanical Engineering 機械,NA
49341,49340,2224,1919,Civil Engineering 土木,NA
49344,49343,235,1937,Electrical Engineering 電機,NA
49346,49345,675,1929,Civil Engineering 土木,NA
49349,49348,998,1931,Electrical Engineering 電機,NA
49351,49350,235,1934,Electrical Engineering 電機,NA
49354,49353,675,1931,Civil Engineering 土木,NA
49358,49357,235,1921,Civil Engineering 土木,NA
49360,49359,455,1934,Civil Engineering 土木,NA
49363,49362,3530,1926,Electrical Engineering 電機,NA
49365,49364,120,1927,Chemical Engineering 化工,Doctor 博士
49369,49368,855,1925,Mechanical Engineering 機械,NA
49371,49370,5740,1934,Mining Engineering 礦冶,NA
49377,49375,426,1929,Civil Engineering 土木,NA
49379,49378,1310,1909,Chemical Engineering 化工,NA
49383,49382,2224,1929,Civil Engineering 土木,NA
49385,49384,1730,1912,Telecommunications 電信,NA
49389,49388,998,1933,Civil Engineering 土木,NA
49390,49388,49391,NA,unspecified,NA
49397,49396,7087,1936,Turbine 輪機,NA
49399,49398,520,1938,Chemical Engineering 化工,NA
49401,49400,692,1915,Civil Engineering 土木,NA
49405,49404,1730,1916,Civil Engineering 土木,NA
49407,49406,179,NA,Civil Engineering 土木,NA
49408,49406,195,NA,Naval Architecture 造船,Master 碩士
49409,49406,195,NA,Naval Architecture 造船,Doctor 博士
49414,49413,725,1928,Mining Engineering 礦冶,NA
49416,49415,998,1939,Civil Engineering 土木,NA
49418,49417,516,1937,Civil Engineering 土木,NA
49420,49419,692,1923,Mining Engineering 礦冶,NA
49421,49419,224,1925,Mining Engineering 礦冶,Master 碩士
49426,49425,555,1938,Mechanical Engineering 機械,NA
49428,49427,235,1931,Civil Engineering 土木,NA
49432,49431,994,1917,Civil Engineering 土木,NA
49434,49433,229,1937,Mechanical Engineering 機械,NA
49436,49435,120,1930,Mechanical Engineering 機械,NA
49445,49444,692,1929,Mechanical Engineering 機械,NA
49454,49453,725,1932,Mechanical Engineering 機械,NA
49456,49455,1499,1935,Mining Engineering 礦冶,NA
49459,49458,2328,1920,Mechanical Engineering 機械,NA
49465,49464,649,1932,Hydraulic Engineering 水利,NA
49468,49467,725,1933,Electrical Engineering 電機,NA
49470,49469,1730,1915,Electrical Engineering 電機,NA
49472,49471,855,1924,Chemical Engineering 化工,NA
49475,49473,235,1936,Civil Engineering 土木,NA
49477,49476,2328,1937,Electrical Engineering 電機,NA
49479,49478,855,1926,Mechanical Engineering 機械,NA
49481,49480,1499,1918,Civil Engineering 土木,NA
49485,49484,837,1936,Electrical Engineering 電機,NA
49487,49486,1499,1935,Civil Engineering 土木,NA
49490,49489,498,1933,Mechanical Engineering 機械,NA
49492,49491,181,NA,Chemical Engineering 化工,NA
49501,49500,520,1934,Mining Engineering 礦冶,NA
49504,49502,561,1925,Textile Engineering 紡織,NA
49507,49506,235,1932,Civil Engineering 土木,NA
49511,49510,1730,1914,Radio Engineering 無線電,NA
49515,49514,235,1932,Civil Engineering 土木,NA
49516,49514,198,NA,Civil Engineering 土木,NA
49522,49521,235,1926,Electrical Engineering 電機,NA
49527,49526,235,1931,Electrical Engineering 電機,NA
49531,49530,235,1933,Mechanical Engineering 機械,NA
49534,49533,1730,1927,Telecommunications 電信,Zhuanke 專科
49537,49536,561,1936,Chemical Engineering 化工,NA
49539,49538,455,1935,Civil Engineering 土木,NA
49543,49541,235,1939,Electrical Engineering 電機,NA
49545,49544,12688,1925,unspecified,NA
49557,49556,229,1935,Civil Engineering 土木,NA
49560,49555,1730,1912,Telecommunications 電訊,NA
49562,49561,561,1932,Textile Engineering 紡織,NA
49564,49563,561,1925,Textile Engineering 紡織,NA
49567,49566,3530,1924,Electrical Engineering 電機,NA
49572,49571,675,1928,Civil Engineering 土木,NA
49574,49571,152,1932,Civil Engineering 土木,Master 碩士
49581,49573,675,1936,Civil Engineering 土木,NA
49582,49580,498,1931,Electrical Engineering 電機,NA
49584,49580,155,1934,unspecified,Research 研究
49592,49587,1499,1931,Civil Engineering 土木,NA
49597,49596,235,1929,Mechanical Engineering 機械,NA
49602,49600,235,1935,Civil Engineering 土木,NA
49606,49601,23712,NA,Mining Engineering 礦冶,NA
49607,49605,152,1927,Civil Engineering 土木,NA
49608,49605,198,1929,Civil Engineering 土木,Master 碩士
49618,49615,998,1937,Electrical Engineering 電機,NA
49621,49619,120,NA,Mining Engineering 礦冶,NA
49625,49624,195,1926,Civil Engineering 土木,Bachelor 學士
49626,49624,171,NA,Business 商科,Master 碩士
49639,49638,455,1937,Chemical Engineering 化工,NA
49641,49640,529,1937,Mechanical Engineering 機械,NA
49643,49642,692,1934,Mechanical Engineering 機械,NA
49648,49647,455,1930,Civil Engineering 土木,NA
49657,49650,529,1938,Electrical Engineering 電機,NA
49658,49656,426,1937,Civil Engineering 土木,NA
49660,49659,3530,1924,Chemical Engineering 化工,NA
49663,49662,235,1931,Civil Engineering 土木,NA
49664,49661,649,1934,Hydraulic Engineering 水利,NA
49665,49662,198,1935,Civil Engineering 土木,Master 碩士
49670,49669,998,1937,Mechanical Engineering 機械,NA
49672,49671,235,1928,Electrical Engineering 電機,NA
49676,49674,1269,1939,Mining Engineering 礦冶,NA
49679,49678,1499,1922,Civil Engineering 土木,NA
49682,49680,49683,1925,Textile Engineering 紡織,NA
49684,49681,998,1936,Chemical Engineering 化工,NA
49685,49681,998,NA,unspecified,Research 研究
49689,49687,235,1913,Electrical Engineering 電機,NA
49690,49688,129,NA,Civil Engineering 土木,NA
49691,49687,9076,NA,Electrical Engineering 電機,Master 碩士
49692,49688,171,NA,Civil Engineering 土木,Master 碩士|Doctor 博士
49697,49695,498,1930,Mechanical Engineering 機械,NA
49704,49703,529,1939,Mechanical Engineering 機械,NA
49707,49706,1499,1926,Civil Engineering 土木,NA
49709,49705,692,1930,Mechanical Engineering 機械,NA
49722,49721,235,1935,Civil Engineering 土木,NA
49725,49724,529,1937,Civil Engineering 土木,NA
49727,49726,49728,1909,Civil Engineering 土木,NA
49741,49740,426,1928,Civil Engineering 土木,NA
49746,49745,30772,1913,Civil Engineering 土木,NA
49749,49748,426,1930,Civil Engineering 土木,NA
49751,49750,821,1932,Architecture 建築,NA
49759,49758,529,1937,Civil Engineering 土木,NA
49761,49760,561,1927,Textile Engineering 紡織,NA
49763,49762,7133,1927,Mechanical Engineering 機械,NA
49772,49771,529,1932,Civil Engineering 土木,NA
49775,49774,235,1929,Electrical Engineering 電機,NA
49781,49780,998,1936,Electrical Engineering 電機,NA
49787,49786,455,1935,Architecture 建築,NA
49791,49790,692,1910,Civil Engineering 土木,NA
49794,49793,70078,1923,Mining Engineering 礦冶,NA
49796,49795,498,1937,Electrical Engineering 電機,NA
49798,49797,223,NA,Chemical Engineering 化工,Doctor 博士
49802,49801,725,1926,Mining Engineering 礦冶,NA
49804,49803,455,1935,Mechanical Engineering 機械,NA
49807,49806,555,1938,Mechanical Engineering 機械,NA
49809,49808,994,1918,Civil Engineering 土木,NA
49811,49810,198,1928,Chemical Engineering 化工,NA
49812,49810,198,1929,Chemical Engineering 化工,Master 碩士
49819,49818,1310,1935,Mechanical Engineering 機械,NA
49822,49821,252,1927,Chemical Engineering 化工,NA
49824,49823,498,1935,Textile Engineering 紡織,NA
49828,49827,1499,1928,Civil Engineering 土木,NA
49830,49829,498,1936,Chemical Engineering 化工,NA
49836,49835,6977,NA,Electrical Engineering 電機,NA
49847,49846,529,1930,Civil Engineering 土木,NA
49851,49850,498,1932,Electrical Engineering 電機,NA
49854,49853,498,1933,Electrical Engineering 電機,NA
49856,49855,649,1930,unspecified,NA
49858,49857,129,NA,Aeronautical Engineering 航空機械,NA
49864,49863,155,1929,Mechanical Engineering 機械,NA
49869,49868,78002,1917,Electrical Engineering 電機,NA
49870,49868,49871,1920,unspecified,NA
49872,49868,227,NA,unspecified,Research 研究
49883,49882,998,1936,Civil Engineering 土木,NA
49885,49884,235,1930,Electrical Engineering 電機,NA
49889,49888,235,1936,Mechanical Engineering 機械,NA
49894,49893,498,1933,Textile Engineering 紡織,NA
49896,49895,235,1914,Mechanical Engineering 機械,NA
49901,49900,455,1937,Electrical Engineering 電機,NA
49905,49904,455,1933,Civil Engineering 土木,NA
49915,49914,498,1930,Electrical Engineering 電機,NA
49921,49920,692,1928,Civil Engineering 土木,NA
49924,49923,2121,1927,Chemical Engineering 化工,Master 碩士
49925,49923,10230,1928,Chemical Engineering 化工,NA
49935,49934,2224,1919,Mechanical Engineering 機械,NA
49947,49946,561,1932,Textile Engineering 紡織,NA
49949,49948,498,1936,Electrical Engineering 電機,NA
49951,49950,982,1922,Electrical Engineering 電機,NA
49961,49960,2224,1938,Mechanical Engineering 機械,NA
49963,49962,1730,1920,Telecommunications 電信,NA
49965,49964,2224,1936,Civil Engineering 土木,NA
49967,49966,498,1932,Chemical Engineering 化工,NA
49969,49968,498,1933,Mechanical Engineering 機械,NA
49971,49970,279,1923,Chemical Engineering 化工,NA
49972,49970,46522,NA,unspecified,Research 研究
49981,49980,235,1915,Civil Engineering 土木,NA
49987,49986,529,1931,Electrical Engineering 電機,NA
49991,49990,229,1937,Mechanical Engineering 機械,NA
49993,49992,725,1928,Electrical Engineering 電機,NA
49995,49994,498,1936,Textile Engineering 紡織,NA
49997,49996,354,1936,Civil Engineering 土木,NA
49999,49998,821,1935,Mechanical Engineering 機械,NA
50001,50000,529,1935,Electrical Engineering 電機,NA
50004,50003,555,1938,Electrical Engineering 電機,NA
50006,50005,4776,1924,Mechanical Engineering 機械,NA
50008,50007,1730,1912,Civil Engineering 土木,NA
50011,50010,901,1933,Civil Engineering 土木,NA
50013,50012,692,1934,Civil Engineering 土木,NA
50017,50016,855,1923,Mechanical Engineering 機械,NA
50019,50018,455,1930,Civil Engineering 土木,NA
50025,50024,235,1924,Electrical Engineering 電機,NA
50034,50033,725,1925,Mechanical Engineering 機械,NA
50036,50035,2740,1922,Mining Engineering 礦冶,NA
50045,50044,855,1927,Mechanical Engineering 機械,NA
50047,50046,675,1939,unspecified,NA
50049,50048,455,1932,Civil Engineering 土木,NA
50051,50050,516,1939,Mechanical Engineering 機械,NA
50053,50052,2224,1921,Mechanical Engineering 機械,NA
50064,50063,1730,1919,Telecommunications 電訊,NA
50067,50066,7087,1937,Turbine 輪機,NA
50069,50068,692,1928,Mining Engineering 礦冶,NA
50090,50089,728,1932,Mining Engineering 礦冶,NA
50102,50101,561,1929,Textile Engineering 紡織,NA
50104,50103,1499,1917,Civil Engineering 土木,NA
50108,50107,516,1939,Mechanical Engineering 機械,NA
50110,50109,692,1910,Civil Engineering 土木,NA
50112,50111,876,1938,Civil Engineering 土木,NA
50114,50113,354,1939,Mechanical Engineering 機械,NA
50116,50115,649,1935,unspecified,NA
50120,50119,195,NA,Civil Engineering 土木,NA
50126,50125,561,1930,Textile Engineering 紡織,NA
50128,50127,516,1939,Mechanical Engineering 機械,NA
50130,50129,179,NA,Mechanical Engineering 機械,NA
50131,50129,198,NA,Radio Engineering 無線電,NA
50138,50137,1730,1918,Radio Engineering 無線電,NA
50141,50139,455,1935,Electrical Engineering 電機,NA
50145,50144,516,1937,Civil Engineering 土木,NA
50147,50146,455,1934,Civil Engineering 土木,NA
50150,50149,70078,1913,Civil Engineering 土木,NA
50152,50151,455,1930,Mechanical Engineering 機械,NA
50160,50159,235,1916,Civil Engineering 土木,NA
50161,50159,152,1920,Civil Engineering 土木,Master 碩士
50162,50159,198,1921,Civil Engineering 土木,Master 碩士
50179,50178,235,1918,Electrical Engineering 電機,NA
50180,50178,152,1921,Electrical Engineering 電機,Master 碩士
50191,50190,354,1934,Civil Engineering 土木,NA
50193,50192,235,1930,Electrical Engineering 電機,NA
50198,50197,50200,NA,Civil Engineering 土木,NA
50202,50197,227,NA,unspecified,Research 研究
50205,50204,516,1939,Chemical Engineering 化工,NA
50207,50206,235,1934,Civil Engineering 土木,NA
50209,50208,36236,1932,Civil Engineering 土木,NA
50218,50217,498,1934,Mechanical Engineering 機械,NA
50222,50221,150,1925,Mining Engineering 礦冶,NA
50228,50227,455,1932,Civil Engineering 土木,NA
50233,50232,349,1938,Chemical Engineering 化工,NA
50235,50234,901,1933,Civil Engineering 土木,NA
50239,50238,455,1930,Electrical Engineering 電機,NA
50245,50244,998,1931,Civil Engineering 土木,NA
50247,50246,229,1934,Civil Engineering 土木,NA
50251,50250,2224,1939,Electrical Engineering 電機,NA
50253,50252,455,1933,Mechanical Engineering 機械,NA
50259,50258,692,1938,Electrical Engineering 電機,NA
50261,50260,167,NA,Naval Architecture 造船,NA
50262,50260,195,1917,Naval Architecture 船舶,NA
50276,50275,994,1939,Electrical Engineering 電機,NA
50278,50277,455,1931,Civil Engineering 土木,NA
50295,50294,354,1933,Civil Engineering 土木,NA
50298,50297,692,1915,Civil Engineering 土木,NA
50300,50299,7087,1937,Turbine 輪機,NA
50302,50301,451,1934,Civil Engineering 土木,NA
50304,50303,235,NA,Mechanical Engineering 機械,NA
50305,50303,227,NA,Mechanical Engineering 機械,Master 碩士
50312,50311,561,1926,Textile Engineering 紡織,NA
50316,50315,455,1937,Civil Engineering 土木,NA
50318,50317,235,1936,Civil Engineering 土木,NA
50321,50320,520,1934,Civil Engineering 土木,NA
50323,50322,227,1916,Civil Engineering 土木,NA
50329,50328,725,1911,Mining Engineering 礦冶,NA
50336,50335,1310,1929,Architecture 建築,NA
50340,50339,354,1934,Civil Engineering 土木,NA
50342,50341,41192,1910,Civil Engineering 土木,NA
50347,50346,998,1930,Chemical Engineering 化工,NA
50351,50350,998,1936,Civil Engineering 土木,NA
50354,50352,354,1934,Civil Engineering 土木,NA
50359,50358,725,1935,Mechanical Engineering 機械,NA
50361,50360,354,1939,Mechanical Engineering 機械,NA
50363,50362,235,1927,Electrical Engineering 電機,NA
50365,50364,1499,1930,Civil Engineering 土木,NA
50366,50364,152,1934,Civil Engineering 土木,Master 碩士
50379,50378,498,1930,Chemical Engineering 化工,NA
50381,50380,692,1938,Civil Engineering 土木,NA
50383,50382,235,1916,Electrical Engineering 電機,NA
50386,50385,876,1935,Civil Engineering 土木,NA
50388,50387,195,1919,Electrical Engineering 電機,Bachelor 學士
50398,50397,1730,1918,Radio Engineering 無線電,NA
50400,50399,152,1925,Civil Engineering 土木,NA
50404,50403,1499,1932,Civil Engineering 土木,NA
50408,50406,354,1935,Civil Engineering 土木,NA
50418,50417,561,1937,Textile Engineering 紡織,NA
50420,50419,498,1936,Electrical Engineering 電機,NA
50422,50421,70078,NA,Mining Engineering 礦冶,NA
50429,50428,426,1936,Civil Engineering 土木,NA
50431,50430,649,1937,unspecified,NA
50433,50432,1499,1935,Civil Engineering 土木,NA
50439,50438,529,1936,Civil Engineering 土木,NA
50442,50441,1679,1934,Civil Engineering 土木,NA
50445,50444,901,1935,Civil Engineering 土木,NA
50447,50446,1499,1927,Civil Engineering 土木,NA
50450,50449,354,1938,Mechanical Engineering 機械,NA
50452,50451,2328,1936,Electrical Engineering 電機,NA
50454,50453,821,1938,Electrical Engineering 電機,NA
50456,50455,692,1935,Mining Engineering 礦冶,NA
50458,50457,529,1939,Mechanical Engineering 機械,NA
50460,50459,10230,NA,Chemical Engineering 化工,NA
50461,50459,1946,NA,Chemical Engineering 化工,Master 碩士
50468,50467,5740,1925,Mining Engineering 礦冶,NA
50479,50478,1730,1915,Electrical Engineering 電機,NA
50484,50483,15222,1937,Civil Engineering 土木,NA
50486,50485,12994,1926,Civil Engineering 土木,NA
50489,50488,725,1926,Mechanical Engineering 機械,NA
50491,50490,44887,1925,Mechanical Engineering 機械,NA
50493,50492,725,1936,Civil Engineering 土木,NA
50495,50494,725,1929,Mining Engineering 礦冶,NA
50497,50496,2328,1935,Civil Engineering 土木,NA
50500,50499,725,1931,Mechanical Engineering 機械,NA
50506,50505,725,1920,Civil Engineering 土木,NA
50510,50509,190,1912,Civil Engineering 土木,NA
50513,50512,725,1923,Mechanical Engineering 機械,NA
50515,50514,529,1932,Civil Engineering 土木,NA
50521,50520,70078,1919,Civil Engineering 土木,NA
50524,50523,115,1939,Chemical Engineering 化工,NA
50526,50525,1730,1917,Telecommunications 電信,NA
50531,50530,675,1933,Civil Engineering 土木,NA
50534,50532,498,1934,Mechanical Engineering 機械,NA
50537,50535,5094,NA,Textile Engineering 紡織,NA
50543,50541,2224,1927,Mechanical Engineering 機械,NA
50546,50544,561,1928,Textile Engineering 紡織,NA
50548,50547,855,1937,Electrical Engineering 電機,NA
50550,50549,235,1933,Mechanical Engineering 機械,NA
50553,50552,235,1928,Electrical Engineering 電機,NA
50558,50557,235,1923,Electrical Engineering 電機,NA
50566,50564,195,1914,Naval Architecture 造船,NA
50581,50580,498,1938,Mechanical Engineering 機械,NA
50583,50582,195,1934,Chemical Engineering 化工,NA
50586,50585,998,1936,Civil Engineering 土木,NA
50589,50588,821,1935,Civil Engineering 土木,NA
50591,50590,455,1938,Architecture 建築,NA
50593,50592,235,1932,Mechanical Engineering 機械,NA
50598,50597,455,1930,Mechanical Engineering 機械,NA
50603,50602,235,1931,Mechanical Engineering 機械,NA
50605,50604,725,1927,Civil Engineering 土木,NA
50607,50606,7087,1938,Turbine 輪機,NA
50609,50608,235,1935,Civil Engineering 土木,NA
50611,50610,235,1921,Civil Engineering 土木,NA
50613,50612,2004,1937,Mechanical Engineering 機械,NA
50615,50614,675,1929,Civil Engineering 土木,NA
50618,50617,229,1932,Civil Engineering 土木,NA
50620,50619,354,1934,Civil Engineering 土木,NA
50623,50622,7087,1936,Turbine 輪機,NA
50625,50624,675,1937,Civil Engineering 土木,NA
50627,50626,455,1931,Civil Engineering 土木,NA
50629,50628,516,1936,Civil Engineering 土木,NA
50631,50630,235,1924,Electrical Engineering 電機,NA
50634,50633,235,1924,Electrical Engineering 電機,NA
50637,50636,50638,1915,Textile Engineering 紡織,NA
50642,50641,2224,1939,Electrical Engineering 電機,NA
50645,50644,455,1937,Civil Engineering 土木,NA
50647,50646,235,1929,Electrical Engineering 電機,NA
50656,50655,451,1937,Civil Engineering 土木,NA
50658,50657,516,1935,Civil Engineering 土木,NA
50660,50659,235,1933,Civil Engineering 土木,NA
50662,50661,998,1933,Electrical Engineering 電機,NA
50668,50667,516,1939,Architecture 建築,NA
50670,50669,498,1935,Textile Engineering 紡織,NA
50672,50671,1742,1938,Civil Engineering 土木,NA
50679,50678,4419,1938,Mining Engineering 礦冶,NA
50682,50681,NA,1938,Mechanical Engineering 機械,NA
50684,50683,821,1935,Civil Engineering 土木,NA
50688,50685,5740,1918,Chemical Engineering 化工,NA
50695,50694,855,1925,Mechanical Engineering 機械,NA
50697,50696,235,1916,Civil Engineering 土木,NA
50699,50698,455,1930,Chemical Engineering 化工,NA
50701,50700,235,1938,Civil Engineering 土木,NA
50703,50702,451,1935,Civil Engineering 土木,NA
50705,50704,692,1933,Civil Engineering 土木,NA
50708,50707,692,1934,Mechanical Engineering 機械,NA
50711,50710,692,1917,Civil Engineering 土木,NA
50714,50713,1499,1934,Civil Engineering 土木,NA
50717,50716,455,1939,Civil Engineering 土木,NA
50719,50718,855,1928,Mechanical Engineering 機械,NA
50721,50720,167,1914,Naval Architecture 造船,NA
50722,50720,195,1917,Naval Architecture 造船,NA
50733,50732,725,1923,Mining Engineering 礦冶,NA
50735,50734,725,1923,Mining Engineering 礦冶,NA
50753,50752,855,1923,Chemical Engineering 化工,NA
50756,50754,725,1920,Mining Engineering 礦冶,NA
50762,50761,725,1936,Mining Engineering 礦冶,NA
50765,50764,3073,1937,Mining Engineering 礦冶,NA
50767,50766,235,1923,Mechanical Engineering 機械,NA
50772,50771,2328,1937,Civil Engineering 土木,NA
50774,50773,229,1933,Mechanical Engineering 機械,NA
50775,50773,50776,NA,unspecified,NA
50779,50778,3073,1935,Mining Engineering 礦冶,NA
50785,50784,2888,1939,Mechanical Engineering 機械,NA
50787,50786,516,1939,Architecture 建築,NA
50789,50788,455,1931,Mechanical Engineering 機械,NA
50794,50793,1730,1912,Telecommunications 電信,NA
50796,50795,692,1937,Civil Engineering 土木,NA
50798,50797,1730,1920,Radio Engineering 無線電,NA
50809,50808,692,1937,Mechanical Engineering 機械,NA
50814,50813,1499,1934,Civil Engineering 土木,NA
50817,50816,821,1938,Civil Engineering 土木,NA
50819,50818,1516,1937,Civil Engineering 土木,NA
50821,50820,1730,1914,Radio Engineering 無線電,NA
50823,50822,2888,1939,Civil Engineering 土木,NA
50825,50824,725,1925,Mining Engineering 礦冶,NA
50828,50827,561,1936,Chemical Engineering 化工,NA
50831,50830,649,1937,unspecified,NA
50833,50832,70078,1921,Mining Engineering 礦冶,NA
50835,50832,120,1930,Mining Engineering 礦冶,NA
50841,50840,855,1937,Chemical Engineering 化工,NA
50843,50842,1907,1926,Chemical Engineering 化工,NA
50846,50845,235,1920,Electrical Engineering 電機,NA
50851,50850,36236,1931,Mechanical Engineering 機械,NA
50859,50858,1946,1925,Mechanical Engineering 機械,NA
50876,50875,901,1934,Civil Engineering 土木,NA
50878,50877,529,1938,Civil Engineering 土木,NA
50880,50879,3073,1936,Mining Engineering 礦冶,NA
50885,50884,151,1925,Chemical Engineering 化工,NA
50898,50897,50899,1918,Mining Engineering 礦冶,NA
50912,50911,1499,1934,Civil Engineering 土木,NA
50915,50914,235,1923,Mechanical Engineering 機械,NA
50921,50920,7349,1919,Civil Engineering 土木,NA
50939,50938,115,1935,Chemical Engineering 化工,NA
50942,50940,561,1925,Textile Engineering 紡織,NA
50944,50943,692,1938,Civil Engineering 土木,NA
50946,50945,855,1932,Chemical Engineering 化工,NA
50948,50947,675,1932,Civil Engineering 土木,NA
50950,50949,235,1934,Civil Engineering 土木,NA
50952,50951,2584,1921,Mining Engineering 礦冶,NA
50973,50972,498,1933,Electrical Engineering 電機,NA
50975,50974,70078,1913,Mining Engineering 礦冶,NA
50977,50976,229,1936,Civil Engineering 土木,NA
50979,50978,455,1939,Electrical Engineering 電機,NA
50982,50981,498,1933,Electrical Engineering 電機,NA
50984,50983,998,1939,Chemical Engineering 化工,NA
50986,50985,3073,1938,Civil Engineering 土木,NA
50988,50987,2033,1900,Civil Engineering 土木,NA
50990,50989,455,1934,Electrical Engineering 電機,NA
50993,50992,516,1936,Civil Engineering 土木,NA
50995,50994,235,1933,Civil Engineering 土木,NA
50998,50997,821,1934,Textile Engineering 紡織,NA
51000,50999,998,1935,Chemistry 化學,NA
51002,51001,235,1927,Electrical Engineering 電機,NA
51007,51006,561,1933,Textile Engineering 紡織,NA
51009,51006,51010,1937,Textile Engineering 紡織,Research 研究
51018,51017,2840,1929,Electrical Engineering 電機,NA
51019,51017,4599,1931,Radio Engineering 無線電,NA
51025,51024,235,1928,Electrical Engineering 電機,NA
51027,51026,1730,1918,Radio Engineering 無線電,NA
51029,51028,561,1918,Textile Engineering 紡織,NA
51030,51028,12116,1924,Mechanical Engineering 機械,NA
51035,51034,1730,1918,Telecommunications 電信,NA
51038,51037,675,1934,Civil Engineering 土木,NA
51042,51040,516,1937,Civil Engineering 土木,NA
51044,51043,455,1931,Civil Engineering 土木,NA
51047,51046,455,1930,Civil Engineering 土木,NA
51051,51050,529,1936,Civil Engineering 土木,NA
51054,51053,1499,1922,Civil Engineering 土木,NA
51057,51056,235,1928,Electrical Engineering 電機,NA
51060,51059,555,1939,Civil Engineering 土木,NA
51062,51061,235,1932,Electrical Engineering 電機,NA
51069,51068,529,1934,Civil Engineering 土木,NA
51071,51070,235,1935,Electrical Engineering 電機,NA
51077,51076,855,1937,Chemical Engineering 化工,NA
51079,51078,235,1932,Civil Engineering 土木,NA
51087,51086,855,1925,Mechanical Engineering 機械,NA
51091,51090,725,1929,Mechanical Engineering 機械,NA
51093,51092,2224,1933,Civil Engineering 土木,NA
51095,51094,2033,1900,Civil Engineering 土木,NA
51097,51096,725,1931,Mechanical Engineering 機械,NA
51099,51098,198,1928,Civil Engineering 土木,NA
51100,51098,181,1930,Civil Engineering 土木,Master 碩士
51112,51111,675,1938,Civil Engineering 土木,NA
51114,51113,455,1935,Civil Engineering 土木,NA
51120,51119,725,1928,Electrical Engineering 電機,NA
51122,51121,195,1928,Electrical Engineering 電機,Master 碩士
51123,51121,51124,NA,unspecified,Research 研究
51137,51136,2224,1939,Civil Engineering 土木,NA
51139,51138,498,1930,Textile Engineering 紡織,NA
51141,51140,1730,1918,Telecommunications 電信,NA
51144,51143,498,1932,Mechanical Engineering 機械,NA
51149,51148,725,1927,Civil Engineering 土木,NA
51151,51150,235,1938,Civil Engineering 土木,NA
51153,51152,821,1934,Civil Engineering 土木,NA
51155,51154,855,1927,Mechanical Engineering 機械,NA
51160,51159,1269,1938,Mining Engineering 礦冶,NA
51163,51162,561,1918,Textile Engineering 紡織,NA
51167,51164,198,1919,Mining Engineering 礦冶,NA
51170,51169,354,1938,Mechanical Engineering 機械,NA
51172,51171,354,1935,Civil Engineering 土木,NA
51174,51173,855,1936,Mechanical Engineering 機械,NA
51176,51175,498,1931,Textile Engineering 紡織,NA
51178,51177,195,1928,Chemical Engineering 化工,Bachelor 學士
51179,51177,195,1929,Chemical Engineering 化工,Master 碩士
51180,51177,195,1932,Chemical Engineering 化工,Doctor 博士
51183,51182,7087,1937,Turbine 輪機,NA
51185,51184,2224,1916,Mechanical Engineering 機械,NA
51186,51184,639,1924,Mechanical Engineering 機械,Doctor 博士
51199,51198,1730,1920,Radio Engineering 無線電,NA
51201,51200,7087,1937,Turbine 輪機,NA
51203,51202,455,1935,Civil Engineering 土木,NA
51206,51205,998,1933,Civil Engineering 土木,NA
51209,51208,235,1927,Electrical Engineering 電機,NA
51213,51212,2224,1925,Mechanical Engineering 機械,NA
51216,51215,837,1926,Mining Engineering 礦冶,NA
51218,51217,1499,1939,Civil Engineering 土木,NA
51220,51219,692,1938,Civil Engineering 土木,NA
51222,51221,1499,1914,Mechanical Engineering 機械,NA
51223,51221,152,1923,Civil Engineering 土木,Master 碩士
51238,51237,455,1935,Electrical Engineering 電機,NA
51242,51241,516,1939,Mechanical Engineering 機械,NA
51244,51243,229,1918,Mechanical Engineering 機械,NA
51245,51243,195,1921,Mechanical Engineering 機械,Master 碩士
51254,51253,1369,1926,Electrical Engineering 電機,NA
51259,51258,2888,1939,Civil Engineering 土木,NA
51261,51260,2740,1922,Mining Engineering 礦冶,NA
51263,51262,1499,1939,Civil Engineering 土木,NA
51265,51264,725,1924,Mechanical Engineering 機械,NA
51267,51266,235,1931,Civil Engineering 土木,NA
51271,51270,235,1933,Civil Engineering 土木,NA
51278,51276,197,1924,Mining Engineering 礦冶,NA
51279,51276,9078,1925,Mining Engineering 礦冶,Master 碩士
51280,51276,151,1926,unspecified,Master 碩士
51292,51291,529,1935,Electrical Engineering 電機,NA
51299,51298,235,1934,Mechanical Engineering 機械,NA
51304,51303,1499,1923,Civil Engineering 土木,NA
51305,51303,152,NA,Civil Engineering 土木,Master 碩士
51310,51308,12802,NA,Mining Engineering 礦冶,NA
51324,51323,561,1937,Textile Engineering 紡織,NA
51326,51325,998,1933,Electrical Engineering 電機,NA
51330,51329,725,1926,Mechanical Engineering 機械,NA
51335,51334,235,1937,Electrical Engineering 電機,NA
51338,51337,235,1909,Civil Engineering 土木,NA
51339,51337,51340,1913,Mechanical Engineering 機械,NA
51353,51352,229,1936,Electrical Engineering 電機,NA
51355,51354,1730,1918,Telecommunications 電信,NA
51357,51356,3146,NA,Civil Engineering 土木,Master 碩士
51364,51362,649,1939,unspecified,NA
51366,51365,692,1927,Mining Engineering 礦冶,NA
51368,51367,725,1920,Mining Engineering 礦冶,NA
51370,51369,3073,1932,Mining Engineering 礦冶,NA
51380,51379,115,1925,Civil Engineering 土木,NA
51384,51381,2224,1923,Civil Engineering 土木,NA
51386,51385,725,1921,Mining Engineering 礦冶,NA
51388,51387,855,1925,Mechanical Engineering 機械,NA
51390,51389,725,1930,Mining Engineering 礦冶,NA
51392,51391,649,1930,unspecified,NA
51394,51393,692,1932,Civil Engineering 土木,NA
51397,51396,998,1933,Electrical Engineering 電機,NA
51399,51398,235,1913,Civil Engineering 土木,NA
51407,51406,1730,1912,Civil Engineering 土木,NA
51411,51410,44887,1937,Electrical Engineering 電機,NA
51413,51412,837,1933,Electrical Engineering 電機,NA
51418,51417,998,1933,Electrical Engineering 電機,NA
51420,51417,120,NA,unspecified,Research 研究
51428,51427,675,1938,Civil Engineering 土木,NA
51430,51429,70078,1917,Civil Engineering 土木,NA
51432,51431,1907,1924,Electrical Engineering 電機,NA
51442,51441,498,1930,Textile Engineering 紡織,NA
51445,51444,5712,1925,Electrical Engineering 電機,NA
51451,51450,529,1937,Mechanical Engineering 機械,NA
51453,51452,179,1923,Mechanical Engineering 機械,NA
51463,51462,1499,1934,Civil Engineering 土木,NA
51467,51466,692,1927,Civil Engineering 土木,NA
51470,51469,235,1938,Electrical Engineering 電機,NA
51472,51471,1269,1939,Mining Engineering 礦冶,NA
51474,51473,235,1933,Civil Engineering 土木,NA
51478,51477,4419,1936,Mining Engineering 礦冶,NA
51483,51482,1310,NA,Mechanical Engineering 機械,NA
51492,51491,235,1933,Civil Engineering 土木,NA
51496,51495,235,1938,Civil Engineering 土木,NA
51498,51497,561,1933,Textile Engineering 紡織,NA
51500,51499,675,1933,Civil Engineering 土木,NA
51506,51505,2584,NA,Civil Engineering 土木,NA
51521,51520,235,1912,Electrical Engineering 電機,NA
51522,51520,151,1922,Radio Engineering 無線電,Master 碩士
51531,51530,195,1917,Mining Engineering 礦冶,Bachelor 學士
51532,51530,224,1917,Mining Engineering 礦冶,NA
51548,51547,561,1936,Textile Engineering 紡織,NA
51550,51549,692,1922,Civil Engineering 土木,NA
51553,51552,692,NA,Mining Engineering 礦冶,NA
51557,51556,1310,1917,Mechanical Engineering 機械,NA
51571,51570,455,1938,Architecture 建築,NA
51572,21663,227,1914,Civil Engineering 土木,NA
51574,51573,529,1937,Civil Engineering 土木,NA
51577,51576,1730,1920,Telecommunications 電信,NA
51579,51578,354,1937,Civil Engineering 土木,NA
51581,51580,4925,1910,Electrical Engineering 電機,NA
51591,51590,235,1936,Mechanical Engineering 機械,NA
51593,51592,692,1935,Civil Engineering 土木,NA
51595,51594,235,1924,Mechanical Engineering 機械,NA
51600,51599,1269,1937,Chemical Engineering 化工,NA
51602,51601,1742,1939,Civil Engineering 土木,NA
51605,51604,998,1933,Electrical Engineering 電機,NA
51608,51607,6339,1926,Electrical Engineering 電機,NA
51613,51611,4776,1927,Chemistry 化學,NA
51614,51611,3146,NA,Mining Engineering 礦冶,Master 碩士
51621,51620,1679,1935,Civil Engineering 土木,NA
51624,51623,235,1927,Mechanical Engineering 機械,NA
51629,51628,70078,1922,Mining Engineering 礦冶,NA
51632,51631,455,1939,Civil Engineering 土木,NA
51634,51633,70078,1913,Mining Engineering 礦冶,NA
51645,51644,455,1933,Civil Engineering 土木,NA
51659,51658,455,1933,Civil Engineering 土木,NA
51664,51663,675,1937,Civil Engineering 土木,NA
51669,51668,498,1935,Mechanical Engineering 機械,NA
51679,51677,227,1929,Electrical Engineering 電機,NA
51680,51677,171,1931,Electrical Engineering 電機,Master 碩士
51694,51693,1499,1932,Civil Engineering 土木,NA
51697,51696,649,1934,unspecified,NA
51700,51699,821,1938,Civil Engineering 土木,NA
51702,51701,1730,1918,Telecommunications 電信,NA
51704,51703,7349,NA,Civil Engineering 土木,NA
51707,51706,692,1916,Mining Engineering 礦冶,NA
51715,51714,692,1936,Mining Engineering 礦冶,NA
51719,51718,151,1921,Mining Engineering 礦冶,Master 碩士
51729,51728,2004,1939,Civil Engineering 土木,NA
51731,51730,6140,NA,Mechanical Engineering 機械,NA
51740,51739,498,1932,Mechanical Engineering 機械,NA
51741,51739,227,NA,Mechanical Engineering 機械,Research 研究
51746,51745,349,1937,Architecture 建築,NA
51748,51747,498,1935,Textile Engineering 紡織,NA
51750,51749,837,1937,Chemical Engineering 化工,NA
51752,51751,837,1926,Mining Engineering 礦冶,NA
51761,51760,529,1939,Electrical Engineering 電機,NA
51764,51763,2328,1936,Chemical Engineering 化工,NA
51766,51765,498,1929,Chemical Engineering 化工,NA
51768,51767,998,1933,Chemical Engineering 化工,NA
51770,51769,349,1936,Civil Engineering 土木,Zhuanke 專科
51772,51771,855,1932,Chemical Engineering 化工,NA
51774,51773,561,1930,Textile Engineering 紡織,NA
51776,51775,349,1938,Architecture 建築,NA
51778,51777,349,1937,Architecture 建築,NA
51780,51779,30772,1913,unspecified,NA
51787,51786,1730,1916,Civil Engineering 土木,NA
51790,51789,692,1924,Civil Engineering 土木,NA
51792,51791,78002,1922,Chemical Engineering 化工,NA
51796,51795,498,1934,Electrical Engineering 電機,NA
51798,51797,349,1937,Civil Engineering 土木,Zhuanke 專科
51800,51799,235,1937,Civil Engineering 土木,NA
51802,51801,235,1917,Civil Engineering 土木,NA
51806,51805,15222,1919,Mechanical Engineering 機械,NA
51811,51810,725,1925,Mechanical Engineering 機械,NA
51813,51812,2033,1900,Civil Engineering 土木,NA
51815,51814,725,1931,Mechanical Engineering 機械,NA
51817,51816,821,1933,Mechanical Engineering 機械,NA
51820,51819,455,1937,Chemical Engineering 化工,NA
51823,51822,855,1924,Chemical Engineering 化工,NA
51825,51824,1730,1920,Telecommunications 電信,NA
51827,51826,NA,1936,Civil Engineering 土木,Zhuanke 專科
51829,51828,725,1927,Civil Engineering 土木,NA
51832,51831,235,1912,Civil Engineering 土木,NA
51834,51833,725,1931,Mechanical Engineering 機械,NA
51837,51836,516,1937,Civil Engineering 土木,NA
51839,51838,4419,1938,Mining Engineering 礦冶,NA
51843,51842,2876,1937,Civil Engineering 土木,NA
51845,51844,1730,1914,Radio Engineering 無線電,NA
51847,51846,998,1935,Civil Engineering 土木,NA
51849,51848,876,1937,Electrical Engineering 電機,NA
51851,51850,2888,1939,Civil Engineering 土木,NA
51854,51852,516,1937,Civil Engineering 土木,NA
51856,51855,692,1934,Civil Engineering 土木,NA
51860,51858,2888,1939,Civil Engineering 土木,NA
51862,51861,529,1939,Mechanical Engineering 機械,NA
51864,51863,1102,1926,Mechanical Engineering 機械,NA
51871,51870,1499,1935,Civil Engineering 土木,NA
51874,51873,855,1927,Mechanical Engineering 機械,NA
51876,51875,725,1924,Mining Engineering 礦冶,NA
51878,51877,70078,1922,Civil Engineering 土木,NA
51880,51879,1269,1937,Chemical Engineering 化工,NA
51882,51881,2888,1939,Civil Engineering 土木,NA
51884,51883,692,1930,Mining Engineering 礦冶,NA
51891,51890,1310,1915,Chemical Engineering 化工,NA
51896,51895,855,1932,Chemical Engineering 化工,NA
51898,51897,498,1932,Electrical Engineering 電機,NA
51900,51899,2888,1939,Mechanical Engineering 機械,NA
51902,51901,1730,1918,Electrical Engineering 電機,NA
51904,51903,1499,1933,Civil Engineering 土木,NA
51907,51906,1499,1935,Civil Engineering 土木,NA
51910,51909,2224,1934,Electrical Engineering 電機,NA
51912,51911,1499,1939,Civil Engineering 土木,NA
51914,51913,561,1922,Textile Engineering 紡織,NA
51917,51916,725,1931,Mining Engineering 礦冶,NA
51919,51918,3073,1932,Mining Engineering 礦冶,NA
51928,51927,2224,1930,Electrical Engineering 電機,NA
51935,51934,692,1935,Civil Engineering 土木,NA
51938,51937,235,1932,Civil Engineering 土木,NA
51941,51940,821,1933,Civil Engineering 土木,NA
51944,51943,229,1936,Civil Engineering 土木,NA
51951,51950,1730,1914,Radio Engineering 無線電,NA
51953,51952,1499,1929,Civil Engineering 土木,NA
51957,51956,115,1930,Civil Engineering 土木,NA
51959,51958,901,1938,Civil Engineering 土木,NA
51962,51961,2224,1919,Civil Engineering 土木,NA
51963,51961,120,1922,Civil Engineering 土木,NA
51973,51972,516,1935,Civil Engineering 土木,NA
51975,51974,152,1919,Civil Engineering 土木,Master 碩士
51982,51981,235,1938,Mechanical Engineering 機械,NA
51985,51984,235,1939,Mechanical Engineering 機械,NA
51987,51986,451,1939,Civil Engineering 土木,NA
51989,51988,129,NA,Civil Engineering 土木,NA
51990,51988,131,NA,unspecified,Master 碩士
51997,51996,2224,1924,Mechanical Engineering 機械,NA
52005,52004,2224,1920,Mechanical Engineering 機械,NA
52007,52006,235,1933,Mechanical Engineering 機械,NA
52010,52009,1730,NA,Telecommunications 電訊,NA
52013,52012,455,1935,Civil Engineering 土木,NA
52016,52015,354,1938,Mechanical Engineering 機械,NA
52018,52017,235,1939,Civil Engineering 土木,NA
52020,52019,1516,1937,Civil Engineering 土木,NA
52022,52021,2224,1916,Civil Engineering 土木,NA
52024,52023,692,1912,Mining Engineering 礦冶,NA
52029,52028,821,1931,Mechanical Engineering 機械,NA
52031,52030,498,1937,Mechanical Engineering 機械,NA
52034,52033,235,1933,Civil Engineering 土木,NA
52037,52036,1730,1924,Radio Engineering 無線電,Zhuanke 專科
52041,52040,529,1936,Civil Engineering 土木,NA
52044,52043,725,1927,Civil Engineering 土木,NA
52048,52047,498,1933,Mechanical Engineering 機械,NA
52050,52049,229,1936,Electrical Engineering 電機,NA
52053,52052,725,1926,Mining Engineering 礦冶,NA
52066,52065,2224,1939,Surveying 測量,NA
52068,52067,3530,1925,Electrical Engineering 電機,NA
52080,52079,1310,1932,Chemical Engineering 化工,NA
52083,52082,1730,1918,Telecommunications 電信,NA
52098,52097,3530,1924,Electrical Engineering 電機,NA
52102,52101,855,1927,Chemical Engineering 化工,NA
52106,52105,3530,1926,Electrical Engineering 電機,NA
52108,52107,725,1927,Civil Engineering 土木,NA
52110,52109,235,1933,Civil Engineering 土木,NA
52112,52111,235,1938,Civil Engineering 土木,NA
52114,52113,498,1934,Electrical Engineering 電機,NA
52116,52115,1730,1912,Electrical Engineering 電機,NA
52119,52118,998,1931,Civil Engineering 土木,NA
52122,52121,455,1935,Electrical Engineering 電機,NA
52125,52124,151,1917,Mining Engineering 礦冶,Master 碩士
52136,52135,18350,NA,Textile Engineering 紡織,NA
52137,52135,223,NA,Textile Engineering 紡織,Master 碩士
52141,52139,2224,1934,Civil Engineering 土木,NA
52143,52142,1730,1920,Radio Engineering 無線電,NA
52145,52144,70078,1926,Electrical Engineering 電機,NA
52153,52152,3530,1926,Chemical Engineering 化工,NA
52156,52155,349,1935,Civil Engineering 土木,NA
52162,52161,235,1920,Civil Engineering 土木,NA
52163,52161,198,NA,unspecified,Master 碩士
52170,52169,3044,1935,Civil Engineering 土木,NA
52176,52175,235,1923,Electrical Engineering 電機,NA
52179,52178,998,1936,Chemical Engineering 化工,NA
52181,52180,520,1936,Civil Engineering 土木,NA
52183,52182,692,1919,Mining Engineering 礦冶,NA
52184,52182,151,NA,Mining Engineering 礦冶,Master 碩士
52185,52182,152,NA,Mining Engineering 礦冶,Research 研究
52186,52182,179,NA,Mining Engineering 礦冶,Research 研究
52196,52194,675,1934,Civil Engineering 土木,NA
52200,52198,5466,NA,Mining Engineering 礦冶,NA
52205,52204,561,1937,Textile Engineering 紡織,NA
52207,52206,455,1930,Civil Engineering 土木,NA
52209,52208,555,1938,Mechanical Engineering 機械,NA
52211,52210,692,1929,Civil Engineering 土木,NA
52220,52219,855,1932,Chemical Engineering 化工,NA
52222,52221,529,1936,Civil Engineering 土木,NA
52226,52225,725,1932,Mechanical Engineering 機械,NA
52228,52227,455,1939,Civil Engineering 土木,NA
52230,52229,498,1934,Electrical Engineering 電機,NA
52232,52231,529,1926,Electrical Engineering 電機,NA
52240,52239,675,1936,Civil Engineering 土木,NA
52244,52243,235,1928,Electrical Engineering 電機,NA
52256,52255,451,1934,Civil Engineering 土木,NA
52258,52257,2888,1939,Mining Engineering 礦冶,NA
52260,52259,692,1932,Civil Engineering 土木,NA
52270,52269,561,1923,Textile Engineering 紡織,NA
52272,52271,1499,NA,Civil Engineering 土木,NA
52275,52274,455,1932,Mechanical Engineering 機械,NA
52276,52274,52277,1936,Aviation 航空,Doctor 博士
52285,52284,5390,NA,Textile Engineering 紡織,NA
52290,52288,498,1930,Chemical Engineering 化工,NA
52292,52291,235,1932,Electrical Engineering 電機,NA
52295,52294,561,1922,Textile Engineering 紡織,NA
52297,52296,455,1937,Chemical Engineering 化工,NA
52299,52298,555,1938,Electrical Engineering 電機,NA
52301,52300,1907,1924,Chemical Engineering 化工,NA
52304,52303,70078,1913,Civil Engineering 土木,NA
52307,52306,725,1917,Mechanical Engineering 機械,NA
52309,52308,235,1931,Electrical Engineering 電機,NA
52312,52311,235,1924,Mechanical Engineering 機械,NA
52314,52313,2224,1919,Civil Engineering 土木,NA
52317,52315,1742,1938,Civil Engineering 土木,NA
52319,52318,2224,1919,Mechanical Engineering 機械,NA
52320,52318,120,NA,unspecified,Research 研究
52331,52330,498,1937,Electrical Engineering 電機,NA
52333,52332,2224,1919,Mechanical Engineering 機械,NA
52335,52334,2224,1919,Civil Engineering 土木,NA
52341,52340,1499,1935,Civil Engineering 土木,NA
52344,52343,2224,1919,Civil Engineering 土木,NA
52347,52346,692,1935,Civil Engineering 土木,NA
52350,52349,725,1936,Mining Engineering 礦冶,NA
52353,52352,235,1935,Civil Engineering 土木,NA
52356,52355,70078,1919,Civil Engineering 土木,NA
52359,52358,1907,1922,Mechanical Engineering 機械,NA
52365,52364,2483,NA,Civil Engineering 土木,NA
52370,52369,1499,1927,Civil Engineering 土木,NA
52373,52372,855,1929,Chemical Engineering 化工,NA
52375,52374,12802,NA,Mechanical Engineering 機械,NA
52384,52383,5094,NA,Textile Engineering 紡織,NA
52387,52386,855,1932,Electrical Engineering 電機,NA
52389,52388,235,1934,Civil Engineering 土木,NA
52392,52391,1499,1924,Civil Engineering 土木,NA
52394,52393,235,1925,Electrical Engineering 電機,NA
52402,52401,235,1939,Electrical Engineering 電機,NA
52404,52403,3073,1935,Mining Engineering 礦冶,NA
52407,52406,1499,1926,Civil Engineering 土木,NA
52409,52408,349,1938,Civil Engineering 土木,NA
52411,52410,229,1936,Civil Engineering 土木,NA
52415,52414,821,1934,Civil Engineering 土木,NA
52417,52416,455,1938,Chemical Engineering 化工,NA
52419,52418,555,1938,Civil Engineering 土木,NA
52421,52420,235,1939,Mechanical Engineering 機械,NA
52423,52422,4776,1924,Mechanical Engineering 機械,NA
52425,52424,1730,1920,Telecommunications 電信,NA
52427,52426,152,1927,Chemical Engineering 化工,NA
52428,52426,198,1928,Chemical Engineering 化工,Master 碩士
52433,52432,2888,1939,Textile Engineering 紡織,NA
52435,52434,998,1935,Electrical Engineering 電機,NA
52440,52439,455,1939,Civil Engineering 土木,NA
52442,52441,876,1935,Electrical Engineering 電機,NA
52444,52443,725,1932,Electrical Engineering 電機,NA
52446,52445,692,1935,Civil Engineering 土木,NA
52448,52447,855,1923,Chemical Engineering 化工,NA
52450,52449,10230,1924,Chemical Engineering 化工,NA
52451,52449,2121,1929,Chemical Engineering 化工,Master 碩士
52458,52457,855,1932,Mechanical Engineering 機械,NA
52460,52459,725,1931,Mining Engineering 礦冶,NA
52462,52461,2840,1929,Mechanical Engineering 機械,NA
52463,52461,10230,1928,Electrical Engineering 電機,NA
52468,52467,1499,1928,Civil Engineering 土木,NA
52473,52472,1499,1932,Civil Engineering 土木,NA
52476,52475,70078,1921,Civil Engineering 土木,NA
52479,52478,354,1935,Civil Engineering 土木,NA
52481,52480,692,1932,Mining Engineering 礦冶,NA
52485,52484,692,1928,Mining Engineering 礦冶,NA
52495,52494,276,1919,Civil Engineering 土木,NA
52501,52500,7133,1920,Aeronautical Engineering 航空機械,NA
52509,52508,1679,1938,Civil Engineering 土木,NA
52511,52510,725,1937,Mechanical Engineering 機械,NA
52513,52512,2888,1939,Textile Engineering 紡織,NA
52515,52514,498,1934,Chemical Engineering 化工,NA
52517,52516,3530,1927,Electrical Engineering 電機,NA
52529,52527,692,1928,Mining Engineering 礦冶,NA
52541,52540,529,NA,Civil Engineering 土木,NA
52564,52562,35792,1916,Aeronautical Engineering 航空機械,NA
52565,52562,35792,1917,Mechanical Engineering 機械,NA
52566,52562,35792,1918,Electrical Engineering 電機,NA
52578,52577,1310,1927,Electrical Engineering 電機,NA
52584,52583,235,1930,Electrical Engineering 電機,NA
52592,52591,354,1936,Civil Engineering 土木,NA
52594,52593,1730,1916,Electrical Engineering 電機,NA
52596,52595,6339,1926,Electrical Engineering 電機,NA
52608,52607,821,1935,Civil Engineering 土木,NA
52610,52609,451,1938,Civil Engineering 土木,NA
52612,52611,1730,1921,Telecommunications 電訊,NA
52614,52613,179,NA,Civil Engineering 土木,NA
52619,52618,520,1939,Civil Engineering 土木,NA
52620,21702,692,1933,Civil Engineering 土木,NA
52622,52621,7349,1922,Civil Engineering 土木,NA
52635,52634,675,1936,Civil Engineering 土木,NA
52637,52636,278,1914,Electrical Engineering 電機,NA
52638,52636,139,1921,unspecified,NA
52639,52636,151,1922,unspecified,Research 研究
52646,52645,7087,1935,Turbine 輪機,NA
52648,52647,855,1931,Chemical Engineering 化工,NA
52650,52649,6339,1923,Electrical Engineering 電機,NA
52656,52655,498,1931,Chemical Engineering 化工,NA
52660,52659,4776,1924,Physics 物理,NA
52661,52659,9471,1935,Engineering (general/undefined) 工科/工程師,Doctor 博士
52663,52662,725,1936,Civil Engineering 土木,NA
52668,52665,235,1933,Electrical Engineering 電機,NA
52673,52671,235,1933,Civil Engineering 土木,NA
52678,52676,692,1931,Civil Engineering 土木,NA
52681,52680,1499,1927,Civil Engineering 土木,NA
52685,52683,2328,1934,Electrical Engineering 電機,NA
52686,52684,725,1929,Mining Engineering 礦冶,NA
52691,52689,725,1929,Mining Engineering 礦冶,NA
52697,52696,235,1928,Electrical Engineering 電機,NA
52701,52699,725,1927,Civil Engineering 土木,NA
52707,52704,1253,1928,Civil Engineering 土木,NA
52708,52706,227,NA,Electrical Engineering 電機,NA
52714,52713,498,1933,Electrical Engineering 電機,NA
52718,52715,998,1934,Electrical Engineering 電機,NA
52724,52722,235,1928,Electrical Engineering 電機,NA
52728,52726,2328,1934,Electrical Engineering 電機,NA
52731,52730,44887,1931,Mechanical Engineering 機械,NA
52735,52734,4163,1909,Mechanical Engineering 機械,NA
52743,52742,235,1924,Electrical Engineering 電機,NA
52753,52752,349,1938,Chemical Engineering 化工,NA
52755,52754,235,1924,Electrical Engineering 電機,NA
52761,52760,235,1928,Mechanical Engineering 機械,NA
52766,52765,692,1936,Mechanical Engineering 機械,NA
52774,52773,1307,1919,Civil Engineering 土木,NA
52776,52775,198,1916,Chemical Engineering 化工,NA
52783,52782,2328,1936,Chemical Engineering 化工,NA
52786,52785,725,1911,Mining Engineering 礦冶,NA
52788,52787,1730,1920,Telecommunications 電信,NA
52794,52793,529,1937,Civil Engineering 土木,NA
52796,52795,2888,1939,Civil Engineering 土木,NA
52798,52797,451,1939,Civil Engineering 土木,NA
52800,52799,692,1914,Mining Engineering 礦冶,NA
52802,52801,529,1933,Civil Engineering 土木,NA
52805,52804,235,1927,Electrical Engineering 電機,NA
52817,52816,725,1926,Mechanical Engineering 機械,NA
52819,52818,22425,1925,Electrical Engineering 電機,NA
52826,52823,455,1929,Civil Engineering 土木,NA
52829,52828,692,1930,Mechanical Engineering 機械,NA
52831,52830,1310,1915,Textile Engineering 紡織,NA
52835,52833,455,1933,Civil Engineering 土木,NA
52837,52836,855,1932,Chemical Engineering 化工,NA
52841,52840,498,1935,Electrical Engineering 電機,NA
52843,52842,235,1931,Mechanical Engineering 機械,NA
52846,52845,725,1929,Mining Engineering 礦冶,NA
52848,52847,555,1939,Civil Engineering 土木,NA
52850,52849,235,1923,Mechanical Engineering 機械,NA
52863,52862,675,1931,Civil Engineering 土木,NA
52865,52864,692,1931,Civil Engineering 土木,NA
52869,52868,561,1923,Textile Engineering 紡織,NA
52872,52871,2224,1939,Electrical Engineering 電機,NA
52874,52873,22608,1919,Electrical Engineering 電機,NA
52889,52887,229,1936,Mechanical Engineering 機械,NA
52891,52890,32646,1913,Civil Engineering 土木,NA
52894,52893,498,1933,Mechanical Engineering 機械,NA
52897,52896,235,1935,Civil Engineering 土木,NA
52901,52900,235,1929,Electrical Engineering 電機,NA
52906,52905,235,1927,Electrical Engineering 電機,NA
52911,52910,115,1935,Chemical Engineering 化工,NA
52914,52913,498,1931,Chemical Engineering 化工,NA
52916,52915,725,1928,Electrical Engineering 電機,NA
52918,52917,855,1924,Mechanical Engineering 機械,NA
52921,52920,354,1937,Civil Engineering 土木,NA
52923,52922,998,1936,Electrical Engineering 電機,NA
52928,52927,229,1935,Civil Engineering 土木,NA
52932,52931,855,1930,Mechanical Engineering 機械,NA
52938,52937,235,1914,Civil Engineering 土木,NA
52952,52951,354,1935,Civil Engineering 土木,NA
52956,52955,1730,1920,Telecommunications 電信,NA
52959,52958,725,NA,Civil Engineering 土木,Zhuanke 專科
52960,52958,725,1919,Civil Engineering 土木,NA
52966,52965,235,1936,Mechanical Engineering 機械,NA
52968,52967,998,1936,Civil Engineering 土木,NA
52971,52970,994,1939,Civil Engineering 土木,NA
52973,52972,561,1936,Textile Engineering 紡織,NA
52975,52974,998,1938,Civil Engineering 土木,NA
52977,52976,7087,1934,Turbine 輪機,NA
52985,52984,1499,1933,Civil Engineering 土木,NA
52988,52987,235,1926,Mechanical Engineering 機械,NA
52990,52989,692,1910,Civil Engineering 土木,NA
52992,52991,70078,1919,Mining Engineering 礦冶,NA
52993,52991,13473,NA,Oil deposit 油礦,Research 研究
53003,53002,498,1929,Electrical Engineering 電機,NA
53005,53004,198,1917,Mining Engineering 礦冶,NA
53020,53019,455,1930,Electrical Engineering 電機,NA
53024,53023,692,1935,Civil Engineering 土木,NA
53028,53027,1679,1933,Civil Engineering 土木,NA
53030,53029,235,1929,Electrical Engineering 電機,NA
53033,53029,53032,1934,unspecified,Research 研究
53045,53044,235,1924,Mechanical Engineering 機械,NA
53048,53047,561,1918,Textile Engineering 紡織,NA
53050,53049,561,1917,Textile Engineering 紡織,NA
53051,53049,12116,1922,Textile Engineering 紡織,NA
53055,53054,901,1932,Civil Engineering 土木,NA
53057,53056,455,1937,Civil Engineering 土木,NA
53061,53060,455,1932,Civil Engineering 土木,NA
53068,53067,235,1939,Civil Engineering 土木,NA
53070,53069,7349,NA,Civil Engineering 土木,NA
53073,53072,2888,1939,Mechanical Engineering 機械,NA
53075,53074,235,1934,Civil Engineering 土木,NA
53077,53076,152,1917,Civil Engineering 土木,NA
53093,53092,235,1910,Civil Engineering 土木,NA
53097,53096,529,1938,Civil Engineering 土木,NA
53099,53098,837,1936,Electrical Engineering 電機,NA
53102,53101,235,1921,Electrical Engineering 電機,NA
53103,53101,276,1923,Telecommunications 電信,Master 碩士
53109,53108,998,1934,Civil Engineering 土木,NA
53112,53111,675,1936,Civil Engineering 土木,NA
53114,53113,235,1927,Mechanical Engineering 機械,NA
53117,53116,1730,1921,Telecommunications 電信,NA
53123,53122,235,1933,Civil Engineering 土木,NA
53126,53125,235,1913,Civil Engineering 土木,NA
53129,53128,529,1930,Civil Engineering 土木,NA
53133,53132,45969,1925,Radio Engineering 無線電,NA
53144,53143,692,1931,Civil Engineering 土木,NA
53149,53148,426,1934,Civil Engineering 土木,NA
53152,53151,229,1936,Mechanical Engineering 機械,NA
53155,53154,9076,NA,Mechanical Engineering 機械,NA
53156,53154,198,NA,Mechanical Engineering 機械,NA
53167,53166,855,1931,Chemical Engineering 化工,NA
53169,53168,498,1938,Chemical Engineering 化工,NA
53171,53170,725,1926,Mechanical Engineering 機械,NA
53178,53177,498,1933,Mechanical Engineering 機械,NA
53180,53179,27717,1926,Electrical Engineering 電機,NA
53183,53182,821,1933,Mechanical Engineering 機械,NA
53186,53185,855,1931,Chemical Engineering 化工,NA
53192,53191,498,1935,Mechanical Engineering 機械,NA
53196,53195,198,NA,Mechanical Engineering 機械,NA
53197,53195,38101,NA,Chemical Engineering 化工,NA
53219,53218,7133,1925,Mechanical Engineering 機械,NA
53230,53229,498,1930,Chemical Engineering 化工,NA
53232,53231,561,1922,Textile Engineering 紡織,NA
53235,53234,529,1933,Civil Engineering 土木,NA
53239,53238,1730,1919,Telecommunications 電信,NA
53250,53249,1499,1936,Civil Engineering 土木,NA
53252,53251,855,1928,Chemical Engineering 化工,NA
53254,53253,998,1934,Civil Engineering 土木,NA
53258,53257,455,1937,Mechanical Engineering 機械,NA
53261,53260,53262,1929,Mechanical Engineering 機械,NA
53270,53269,529,1930,Civil Engineering 土木,NA
53275,53274,725,1935,Mining Engineering 礦冶,NA
53277,53276,498,1936,Mechanical Engineering 機械,NA
53280,53278,725,1935,Mechanical Engineering 機械,NA
53282,53281,1730,1920,Radio Engineering 無線電,NA
53299,53298,855,1924,Chemical Engineering 化工,NA
53301,53300,235,NA,Mechanical Engineering 機械,NA
53303,53302,53304,1927,Electrical Engineering 電機,NA
53314,53313,692,1932,Civil Engineering 土木,NA
53319,53318,354,1934,Civil Engineering 土木,NA
53323,53322,223,1923,Architecture 建築,NA
53329,53327,1679,1936,Civil Engineering 土木,NA
53331,53330,2033,1900,Civil Engineering 土木,NA
53333,53332,120,1925,Electrical Engineering 電機,NA
53344,53343,195,1928,Electrical Engineering 電機,Bachelor 學士
53345,53343,171,1928,Telecommunications 電信,NA
53353,53352,235,1935,Electrical Engineering 電機,NA
53357,53356,855,1929,Chemical Engineering 化工,NA
53359,53358,529,1930,Civil Engineering 土木,NA
53362,53361,3530,1925,Electrical Engineering 電機,NA
53365,53364,1499,1921,Civil Engineering 土木,NA
53379,53378,1730,1918,Electrical Engineering 電機,NA
53380,53378,15103,1921,Radio Engineering 無線電,NA
53390,53389,2840,1924,Mechanical Engineering 機械,NA
53395,53394,1730,1914,Telecommunications 電信,NA
53398,21601,53400,1923,Mining Engineering 礦冶,NA
53403,21601,276,1926,unspecified,Master 碩士
53414,53413,22608,NA,Electrical Engineering 電機,NA
53423,53422,998,1938,Civil Engineering 土木,NA
53425,53424,876,1937,Civil Engineering 土木,NA
53427,53426,229,1934,Civil Engineering 土木,NA
53430,53429,901,1936,Civil Engineering 土木,NA
53432,53431,455,1939,Civil Engineering 土木,NA
53434,53433,235,1932,Electrical Engineering 電機,NA
53440,53437,2224,1939,Mechanical Engineering 機械,NA
53443,53441,227,1925,Mechanical Engineering 機械,NA
53444,53442,2224,1934,Electrical Engineering 電機,NA
53448,53447,1310,1925,Chemical Engineering 化工,NA
53461,53460,70078,1916,Civil Engineering 土木,NA
53462,53460,152,1919,Civil Engineering 土木,Master 碩士
53477,53476,1730,1921,Telecommunications 電信,NA
53481,53479,1499,1939,Civil Engineering 土木,NA
53482,53480,1730,1912,Civil Engineering 土木,NA
53485,53484,498,1937,Electrical Engineering 電機,NA
53486,53483,561,1936,Textile Engineering 紡織,NA
53488,53487,227,1917,Mechanical Engineering 機械,Master 碩士
53492,53491,455,1930,Civil Engineering 土木,NA
53496,53493,998,1938,Electrical Engineering 電機,NA
53499,53497,725,1916,Civil Engineering 土木,NA
53501,53497,276,NA,Civil Engineering 土木,Master 碩士
53510,53508,855,1937,Mechanical Engineering 機械,Zhuanke 專科
53512,53511,520,1934,Mining Engineering 礦冶,NA
53515,53513,235,1934,Mechanical Engineering 機械,NA
53517,53514,235,1935,Electrical Engineering 電機,NA
53520,53519,516,1936,Chemical Engineering 化工,NA
53523,53522,235,1938,Electrical Engineering 電機,NA
53524,53521,229,1937,Civil Engineering 土木,NA
53528,53526,2328,1934,Electrical Engineering 電機,NA
53531,53529,455,1935,Civil Engineering 土木,NA
53534,53532,235,1938,Civil Engineering 土木,NA
53538,53536,837,1936,Electrical Engineering 電機,NA
53540,53539,2584,1908,Mining Engineering 礦冶,NA
53541,53535,692,1919,Mining Engineering 礦冶,NA
53545,53544,998,1933,Civil Engineering 土木,NA
53553,53552,1499,1924,Civil Engineering 土木,NA
53560,53557,516,1935,Civil Engineering 土木,NA
53564,53563,235,1925,Mechanical Engineering 機械,NA
53565,53562,529,1938,Mechanical Engineering 機械,NA
53566,53563,152,1929,Mechanical Engineering 機械,Master 碩士
53570,53567,529,1938,Civil Engineering 土木,NA
53574,53573,821,1929,Mechanical Engineering 機械,NA
53575,53573,179,1932,Mechanical Engineering 機械,Master 碩士
53582,53581,498,1936,Mechanical Engineering 機械,NA
53584,53583,6339,NA,Chemical Engineering 化工,NA
53585,53583,28532,1928,Chemical Engineering 化工,NA
53593,53592,725,1937,Mining Engineering 礦冶,NA
53595,53594,7419,1927,Mining Engineering 礦冶,NA
53599,53598,2004,1937,Mechanical Engineering 機械,NA
53601,53600,901,1933,Civil Engineering 土木,NA
53603,53602,1730,1919,Telecommunications 電信,NA
53611,53610,498,1937,Electrical Engineering 電機,NA
53613,53612,675,1934,Civil Engineering 土木,NA
53615,53614,725,1931,Mining Engineering 礦冶,NA
53617,53616,70078,1922,Civil Engineering 土木,NA
53620,53619,998,1936,Electrical Engineering 電機,NA
53623,53622,561,1937,Textile Engineering 紡織,NA
53625,53624,70078,1919,Civil Engineering 土木,NA
53628,53626,3073,1938,Civil Engineering 土木,NA
53630,53629,725,1927,Mining Engineering 礦冶,NA
53632,53631,725,1933,Mining Engineering 礦冶,NA
53634,53633,692,1938,Civil Engineering 土木,NA
53636,53635,692,1915,Civil Engineering 土木,NA
53643,53642,11540,1930,Mining Engineering 礦冶,NA
53653,53652,235,1926,Mechanical Engineering 機械,NA
53662,53661,53262,1922,Mechanical Engineering 機械,NA
53669,53668,725,1911,Mining Engineering 礦冶,NA
53670,53668,12305,1914,Mining Engineering 礦冶,NA
53675,53674,855,1926,Mechanical Engineering 機械,NA
53680,53679,3530,1924,Electrical Engineering 電機,NA
53682,53681,529,1937,Civil Engineering 土木,NA
53684,53683,235,1934,Electrical Engineering 電機,NA
53687,53686,354,1934,Civil Engineering 土木,NA
53689,53688,1310,1925,Mechanical Engineering 機械,NA
53697,53696,3073,1937,Mining Engineering 礦冶,NA
53699,53698,692,1922,Mining Engineering 礦冶,NA
53701,53698,13468,1923,Mining Engineering 礦冶,Master 碩士
53708,53707,821,1929,Mechanical Engineering 機械,NA
53716,53715,2224,1919,Mechanical Engineering 機械,NA
53717,53715,120,1923,Electrical Engineering 電機,NA
53732,53731,235,1917,Civil Engineering 土木,NA
53747,53746,1730,1916,Civil Engineering 土木,NA
53749,53748,349,1936,Civil Engineering 土木,NA
53751,53750,235,1925,Mechanical Engineering 機械,NA
53755,53754,235,1919,unspecified,NA
53757,53756,349,1936,Civil Engineering 土木,Zhuanke 專科
53759,53758,3044,1936,Civil Engineering 土木,NA
53761,53760,516,1936,Civil Engineering 土木,NA
53763,53762,1730,1917,Radio Engineering 無線電,NA
53765,53764,229,1926,Chemistry 化學,NA
53766,53764,179,1926,Chemical Engineering 化工,NA
53767,53764,27147,1927,Chemical Engineering 化工,Master 碩士
53783,53782,1499,1922,Civil Engineering 土木,NA
53787,53786,998,1937,Chemical Engineering 化工,NA
53789,53788,4925,1909,Electrical Engineering 電機,NA
53803,53802,649,1935,unspecified,NA
53807,53806,1730,1912,Civil Engineering 土木,NA
53809,53808,235,1935,Electrical Engineering 電機,NA
53815,53814,1730,1918,Electrical Engineering 電機,NA
53817,53816,2740,1928,Mining Engineering 礦冶,NA
53822,53821,1730,1912,Electrical Engineering 電機,NA
53824,53823,235,1924,Electrical Engineering 電機,NA
53825,53823,227,1925,Electrical Engineering 電機,Master 碩士
53838,53837,2328,1936,Electrical Engineering 電機,NA
53841,53840,692,1931,Mechanical Engineering 機械,NA
53852,53851,725,1916,Mining Engineering 礦冶,NA
53854,53853,354,1934,Civil Engineering 土木,NA
53859,53858,455,1933,Civil Engineering 土木,NA
53861,53860,235,1927,Mechanical Engineering 機械,NA
53869,53868,516,1939,Architecture 建築,NA
53871,53870,349,1938,Architecture 建築,NA
53873,53872,70078,1916,Civil Engineering 土木,NA
53876,53875,1730,1914,Radio Engineering 無線電,NA
53878,53877,2224,1937,Electrical Engineering 電機,NA
53881,53880,994,1928,Civil Engineering 土木,NA
53883,53882,529,1916,Civil Engineering 土木,NA
53886,53885,516,1937,Civil Engineering 土木,NA
53888,53887,451,1934,Civil Engineering 土木,NA
53890,53889,235,1939,Electrical Engineering 電機,NA
53892,53891,994,1939,Civil Engineering 土木,NA
53894,53893,3530,1926,Electrical Engineering 電機,NA
53902,53901,516,1933,Chemical Engineering 化工,NA
53904,53903,516,1935,Chemical Engineering 化工,NA
53906,53905,38101,1928,Chemical Engineering 化工,NA
53909,53908,4827,1932,Electrical Engineering 電機,NA
53914,53913,692,1936,Civil Engineering 土木,NA
53916,53915,692,1932,Civil Engineering 土木,NA
53919,53918,998,1936,Mechanical Engineering 機械,NA
53921,53920,235,1930,Electrical Engineering 電機,NA
53924,53923,235,1912,Electrical Engineering 電機,NA
53933,53932,235,1936,Mechanical Engineering 機械,NA
53935,53934,1730,1920,Radio Engineering 無線電,NA
53937,53936,235,1912,Electrical Engineering 電機,NA
53942,53941,235,1932,Civil Engineering 土木,NA
53945,53944,455,1933,Mechanical Engineering 機械,NA
53949,53948,2328,1934,Electrical Engineering 電機,NA
53953,53952,229,1929,Chemistry 化學,NA
53954,53952,3146,1933,Chemistry 化學,Doctor 博士
53955,53952,190,1934,Chemical Engineering 化工,NA
53956,53952,195,1935,unspecified,Research 研究
53961,53960,821,1934,Textile Engineering 紡織,NA
53963,53962,354,1933,Civil Engineering 土木,NA
53971,53970,692,1930,Civil Engineering 土木,NA
53982,53981,692,1931,Civil Engineering 土木,NA
53985,53984,235,1931,Electrical Engineering 電機,NA
53989,53988,354,1939,Electrical Engineering 電機,NA
53991,53990,2840,1935,Civil Engineering 土木,NA
53998,53997,855,1930,Chemical Engineering 化工,NA
54000,53999,692,1936,Mechanical Engineering 機械,NA
54002,54001,692,NA,Mechanical Engineering 機械,NA
54006,54005,692,1934,Mechanical Engineering 機械,NA
54009,54008,2328,1934,Electrical Engineering 電機,NA
54012,54011,821,1932,Textile Engineering 紡織,NA
54014,54013,692,1910,Mining Engineering 礦冶,NA
54016,54015,821,1930,Mining Engineering 礦冶,NA
54020,54017,1730,1920,Telecommunications 電信,NA
54022,54021,54023,1932,Electrical Engineering 電機,NA
54026,54025,901,1937,Civil Engineering 土木,NA
54030,54029,998,1937,Electrical Engineering 電機,NA
54032,54031,235,1930,Electrical Engineering 電機,NA
54037,54036,1730,1921,Telecommunications 電信,NA
54039,54038,198,1925,Chemical Engineering 化工,NA
54047,54046,876,1937,Electrical Engineering 電機,NA
54049,54048,70078,1922,Mining Engineering 礦冶,NA
54051,54050,2328,1935,Civil Engineering 土木,NA
54054,54053,7133,1910,Civil Engineering 土木,NA
54065,54064,223,1923,Mechanical Engineering 機械,NA
54080,54079,455,1932,Civil Engineering 土木,NA
54086,54083,821,1934,Textile Engineering 紡織,NA
54088,54087,1499,1934,Civil Engineering 土木,NA
54093,54092,876,1938,Electrical Engineering 電機,NA
54095,54094,876,1934,Civil Engineering 土木,NA
54097,54096,498,1933,Electrical Engineering 電機,NA
54101,54100,692,1930,Mining Engineering 礦冶,NA
54104,54103,195,1923,Naval Architecture 造船,Bachelor 學士
54105,54103,198,1925,Mechanical Engineering 機械,NA
54114,54113,235,1938,Mechanical Engineering 機械,NA
54116,54115,455,1929,Civil Engineering 土木,NA
54131,54130,1499,1916,Civil Engineering 土木,NA
54133,54132,1730,1915,Radio Engineering 無線電,NA
54135,54134,70078,1922,Mining Engineering 礦冶,NA
54137,54136,725,1925,Mechanical Engineering 機械,NA
54139,54138,561,NA,Textile Engineering 紡織,NA
54140,54138,5094,1931,Textile Engineering 紡織,NA
54144,54143,998,1937,Mechanical Engineering 機械,NA
54146,54145,994,1936,Civil Engineering 土木,NA
54148,54147,994,1937,Civil Engineering 土木,NA
54150,54149,115,1930,Civil Engineering 土木,NA
54152,54151,1499,1917,Civil Engineering 土木,NA
54156,54155,2888,1939,Mining Engineering 礦冶,NA
54159,54158,561,1920,Textile Engineering 紡織,NA
54163,54162,2888,1939,Civil Engineering 土木,NA
54165,54164,1499,1936,Civil Engineering 土木,NA
54167,54166,455,1937,Civil Engineering 土木,NA
54171,54168,498,1936,Mechanical Engineering 機械,NA
54173,54172,725,1916,Civil Engineering 土木,Zhuanke 專科
54175,54174,455,1934,Mechanical Engineering 機械,NA
54178,54177,4581,1939,Civil Engineering 土木,NA
54180,54179,12116,1924,Civil Engineering 土木,NA
54185,54184,901,1937,Civil Engineering 土木,NA
54187,54186,516,1937,Chemical Engineering 化工,NA
54189,54188,3073,1936,Mining Engineering 礦冶,NA
54194,54193,1499,1917,Civil Engineering 土木,NA
54196,54195,235,1937,Mechanical Engineering 機械,NA
54198,54197,5466,1912,Civil Engineering 土木,NA
54209,54208,235,1932,Civil Engineering 土木,NA
54212,54211,1730,1912,Telecommunications 電信,NA
54214,54213,998,1932,Civil Engineering 土木,NA
54219,54218,675,1937,Civil Engineering 土木,NA
54221,54220,675,1935,Civil Engineering 土木,NA
54223,54222,1730,1920,Radio Engineering 無線電,NA
54225,54224,235,1939,Electrical Engineering 電機,NA
54227,54226,855,1926,Mechanical Engineering 機械,NA
54229,54228,4163,1926,Chemical Engineering 化工,NA
54232,54231,649,1930,unspecified,NA
54234,54233,498,1935,Mechanical Engineering 機械,NA
54236,54235,276,1914,Chemical Engineering 化工,NA
54244,54243,998,1934,Civil Engineering 土木,NA
54247,54246,821,1929,Civil Engineering 土木,NA
54251,54250,821,1934,Civil Engineering 土木,NA
54253,54252,235,1939,Mechanical Engineering 機械,NA
54255,54254,6102,NA,Chemical Engineering 化工,NA
54261,54260,1730,1918,Electrical Engineering 電機,NA
54263,54262,561,1921,Textile Engineering 紡織,NA
54265,54264,354,1938,Civil Engineering 土木,NA
54267,54266,561,1933,Textile Engineering 紡織,NA
54271,54270,12688,1930,Electrical Engineering 電機,NA
54284,54283,649,1932,unspecified,NA
54287,54286,70078,1913,Civil Engineering 土木,NA
54291,54290,529,1938,Civil Engineering 土木,NA
54293,54292,7087,1935,Turbine 輪機,NA
54296,54295,223,1929,Architecture 建築,NA
54300,54299,855,1937,Chemical Engineering 化工,Zhuanke 專科
54302,54301,998,1939,Mechanical Engineering 機械,NA
54304,54303,529,1931,Civil Engineering 土木,NA
54309,54308,1730,1924,Radio Engineering 無線電,Zhuanke 專科
54318,54317,455,1929,Electrical Engineering 電機,NA
54325,54324,725,1937,Mechanical Engineering 機械,NA
54327,54326,725,1919,Mining Engineering 礦冶,NA
54335,54334,498,1935,Textile Engineering 紡織,NA
54339,54338,349,1935,Civil Engineering 土木,Zhuanke 專科
54341,54340,150,1917,Mining Engineering 礦冶,NA
54342,54340,151,1919,Mining Engineering 礦冶,Master 碩士
54347,54346,1499,1916,Civil Engineering 土木,NA
54359,54358,516,1938,Mechanical Engineering 機械,NA
54362,54361,279,NA,Chemical Engineering 化工,NA
54363,54361,151,NA,Chemical Engineering 化工,NA
54364,54361,190,1926,Chemical Engineering 化工,Master 碩士
54369,54368,1946,1934,Mining Engineering 礦冶,NA
54379,54378,1730,1924,Radio Engineering 無線電,NA
54381,54380,1269,1938,Civil Engineering 土木,NA
54383,54382,1310,1926,Chemical Engineering 化工,NA
54397,54395,426,1934,Civil Engineering 土木,NA
54401,54400,7133,1929,Mechanical Engineering 機械,NA
54410,54409,998,1936,Electrical Engineering 電機,NA
54416,54414,11734,NA,Advanced Mechanical Engineering 高等機械,NA
54419,54418,6339,1926,Electrical Engineering 電機,NA
54435,54434,1730,1920,Electrical Engineering 電機,NA
54437,54436,555,1938,Mechanical Engineering 機械,NA
54444,54438,190,NA,Mechanical Engineering 機械,NA
54444,54438,190,NA,Electrical Engineering 電機,NA
54444,54438,190,NA,Aeronautical Engineering,NA
54448,54438,54446,1912,Aviation 飛行,NA
54458,54457,994,1926,Civil Engineering 土木,NA
54465,54464,354,1937,Civil Engineering 土木,NA
54467,54466,725,1933,Electrical Engineering 電機,NA
54470,54469,855,1924,Chemical Engineering 化工,NA
54472,54471,692,1933,Mining Engineering 礦冶,NA
54473,54471,190,NA,unspecified,Research 研究
54482,54481,54483,1924,Electrical Engineering 電機,NA
54490,54488,855,1932,Chemical Engineering 化工,NA
54492,54491,725,1926,Mechanical Engineering 機械,NA
54494,54493,725,1935,Mechanical Engineering 機械,NA
54496,54495,455,1930,Chemical Engineering 化工,NA
54498,54497,692,1933,Civil Engineering 土木,NA
54500,54499,235,1939,Mechanical Engineering 機械,NA
54502,54501,2224,1933,Civil Engineering 土木,NA
54506,54505,44085,1931,Mechanical Engineering 機械,NA
54512,54511,561,1924,Textile Engineering 紡織,NA
54515,54514,692,1913,Civil Engineering 土木,NA
54519,54518,725,1925,Mining Engineering 礦冶,NA
54524,54523,5740,1913,Mining Engineering 礦冶,NA
54533,54532,229,1937,Civil Engineering 土木,NA
54535,54534,235,1934,Electrical Engineering 電機,NA
54537,54536,675,1933,Civil Engineering 土木,NA
54538,54536,179,NA,Civil Engineering 土木,NA
54541,54540,4718,1910,Chemical Engineering 化工,NA
54545,54544,498,1934,Textile Engineering 紡織,NA
54547,54546,855,1923,Mechanical Engineering 機械,NA
54551,54550,675,1932,Civil Engineering 土木,NA
54553,54552,15222,1937,Civil Engineering 土木,NA
54555,54554,855,1925,Mechanical Engineering 機械,NA
54557,54556,498,1934,Electrical Engineering 電機,NA
54562,54561,855,1931,Mechanical Engineering 機械,NA
54564,54563,998,1936,Electrical Engineering 電機,NA
54571,54570,876,1936,unspecified,NA
54573,54572,529,1935,Civil Engineering 土木,NA
54575,54574,821,1931,Mechanical Engineering 機械,NA
54579,54578,821,1935,Electrical Engineering 電機,NA
54581,54580,692,1912,Civil Engineering 土木,NA
54583,54582,498,1933,Mechanical Engineering 機械,NA
54589,54588,227,1921,Chemical Engineering 化工,NA
54590,54588,152,1922,Chemical Engineering 化工,Research 研究
54599,54598,837,1925,Mining Engineering 礦冶,NA
54608,54607,555,1938,Civil Engineering 土木,NA
54610,54609,235,1924,Electrical Engineering 電機,NA
54611,54609,171,1926,Electrical Engineering 電機,Master 碩士
54612,54609,195,1926,Electrical Engineering 電機,Master 碩士
54616,54615,998,1932,Civil Engineering 土木,NA
54618,54617,692,1934,Mining Engineering 礦冶,NA
54624,54623,2224,1935,Electrical Engineering 電機,NA
54626,54625,229,1934,Civil Engineering 土木,NA
54629,54628,692,1938,Mechanical Engineering 機械,NA
54631,54630,235,1918,Civil Engineering 土木,NA
54636,54635,9480,NA,Electrical Engineering 電機,NA
54642,54641,725,1916,Mining Engineering 礦冶,NA
54648,54647,649,1934,unspecified,NA
54651,54650,6140,1928,Electrical Engineering 電機,NA
54657,54656,1679,1938,Civil Engineering 土木,NA
54659,54658,821,1934,Civil Engineering 土木,NA
54661,54660,2224,1916,Mechanical Engineering 機械,NA
54674,54673,1310,1925,Chemical Engineering 化工,NA
54686,54685,692,1912,Civil Engineering 土木,NA
54688,54687,455,1934,Architecture 建築,NA
54694,54693,115,1938,Electrical Engineering 電機,NA
54696,54695,235,1934,Civil Engineering 土木,NA
54698,54697,1730,1923,Telecommunications 電信,NA
54706,54705,821,1930,Mining Engineering 礦冶,NA
54708,54707,235,1935,Electrical Engineering 電機,NA
54710,54709,198,1916,Chemical Engineering 化工,NA
54714,54713,235,1926,Electrical Engineering 電機,NA
54723,54721,855,1935,Mechanical Engineering 機械,NA
54729,54728,235,1932,Civil Engineering 土木,NA
54732,54731,2224,1932,Mechanical Engineering 機械,NA
54733,54730,725,1936,Civil Engineering 土木,NA
54736,54735,561,1921,Textile Engineering 紡織,NA
54739,54738,1730,1917,Telecommunications 電訊,NA
54740,54737,235,1929,Electrical Engineering 電機,NA
54744,54742,235,1938,Civil Engineering 土木,NA
54748,54745,2888,1939,Electrical Engineering 電機,NA
54750,54749,821,1937,Civil Engineering 土木,NA
54752,54751,3044,1931,Chemistry 化學,NA
54753,54751,198,1932,Civil Engineering 土木,Master 碩士
54758,54757,998,1935,Civil Engineering 土木,NA
54759,54754,1730,1919,Telecommunications 電信,NA
54761,54760,725,1916,Mining Engineering 礦冶,NA
54763,54762,725,1919,Mining Engineering 礦冶,NA
54765,54764,725,1916,Mining Engineering 礦冶,Zhuanke 專科
54770,54769,426,1933,Civil Engineering 土木,NA
54772,54771,855,1926,Mechanical Engineering 機械,NA
54775,54774,498,1932,Electrical Engineering 電機,NA
54780,54778,1730,1921,Telecommunications 電訊,NA
54781,54773,821,1938,Electrical Engineering 電機,NA
54783,54782,692,1930,Mining Engineering 礦冶,NA
54787,54786,561,1932,Textile Engineering 紡織,NA
54792,54791,692,1934,Civil Engineering 土木,NA
54796,54793,725,1933,Electrical Engineering 電機,NA
54799,54797,675,1930,Civil Engineering 土木,NA
54804,54803,516,1939,Mechanical Engineering 機械,NA
54807,54806,516,1939,Civil Engineering 土木,NA
54811,54810,455,1939,Civil Engineering 土木,NA
54814,54812,179,1923,Mechanical Engineering 機械,NA
54815,54813,692,1925,Mining Engineering 礦冶,NA
54816,54812,152,1926,Mechanical Engineering 機械,Master 碩士
54833,54832,692,1932,Civil Engineering 土木,NA
54835,54834,2224,1939,Electrical Engineering 電機,NA
54837,54836,692,1936,Civil Engineering 土木,NA
54840,54838,516,1937,Civil Engineering 土木,NA
54842,54841,821,1937,Electrical Engineering 電機,NA
54844,54843,426,1937,Civil Engineering 土木,NA
54847,54845,725,1921,Mining Engineering 礦冶,NA
54856,54854,675,1930,Civil Engineering 土木,NA
54857,54855,349,1937,Mechanical Engineering 機械,NA
54859,54858,725,1917,Mechanical Engineering 機械,Zhuanke 專科
54861,54860,692,1933,Civil Engineering 土木,NA
54868,54867,516,1936,Civil Engineering 土木,NA
54870,54869,725,1916,Civil Engineering 土木,Zhuanke 專科
54872,54871,692,1925,Mining Engineering 礦冶,NA
54881,54880,725,1937,Mining Engineering 礦冶,NA
54884,54882,725,1935,Mining Engineering 礦冶,NA
54885,54883,692,1936,Civil Engineering 土木,NA
54887,54886,1499,1934,Civil Engineering 土木,NA
54889,54888,855,1930,Chemical Engineering 化工,NA
54891,54890,235,1929,Mechanical Engineering 機械,NA
54898,54897,2328,1936,Electrical Engineering 電機,NA
54901,54900,725,1937,Mining Engineering 礦冶,NA
54903,54902,426,1936,Civil Engineering 土木,NA
54905,54904,455,1933,Civil Engineering 土木,NA
54907,54906,821,1932,Mining Engineering 礦冶,NA
54909,54908,188,1921,Mechanical Engineering 機械,NA
54916,54915,725,1933,Mining Engineering 礦冶,NA
54918,54899,1499,1922,Civil Engineering 土木,NA
54919,54917,1499,1939,Civil Engineering 土木,NA
54922,54921,229,1937,Civil Engineering 土木,NA
54924,54923,1950,1934,Civil Engineering 土木,NA
54927,54926,120,1928,Electrical Engineering 電機,NA
54937,54936,649,1932,unspecified,NA
54941,54940,649,1937,unspecified,NA
54943,54942,725,1918,Mechanical Engineering 機械,NA
54947,54946,516,1937,Civil Engineering 土木,NA
54949,54948,2840,1934,Electrical Engineering 電機,NA
54952,54950,455,1930,Civil Engineering 土木,NA
54955,54954,639,1939,Civil Engineering 土木,NA
54959,54958,229,1937,Mechanical Engineering 機械,NA
54961,54960,1730,1915,Telecommunications 電信,NA
54964,54963,692,1930,Civil Engineering 土木,NA
54968,54967,692,1931,Mechanical Engineering 機械,NA
54970,54969,725,1923,Mining Engineering 礦冶,NA
54972,54971,529,1939,Mechanical Engineering 機械,NA
54975,54974,529,1933,Electrical Engineering 電機,NA
54981,54980,1730,1915,Radio Engineering 無線電,NA
54982,54980,1730,1918,Telecommunications 電信,NA
54987,54986,1730,1921,Telecommunications 電信,NA
54989,54988,1730,1917,Telecommunications 電訊,NA
54991,54990,2224,1939,Mechanical Engineering 機械,NA
54993,54992,35792,1914,Electrical Engineering 電機,NA
54994,54992,35792,1916,Mechanical Engineering 機械,NA
54995,54992,54996,1918,Chemical Engineering 化工,NA
55010,55009,725,1932,Electrical Engineering 電機,NA
55014,55013,855,1925,Mechanical Engineering 機械,NA
55016,55015,725,1916,Civil Engineering 土木,NA
55018,55017,725,1936,Civil Engineering 土木,NA
55020,55019,725,1928,Electrical Engineering 電機,NA
55022,55021,44085,1927,Electrical Engineering 電機,NA
55034,55033,1730,1919,Telecommunications 電信,NA
55036,55035,561,1921,Textile Engineering 紡織,NA
55038,55037,9076,NA,Chemical Engineering 化工,Doctor 博士
55045,55044,5740,1929,Mining Engineering 礦冶,NA
55054,55053,70078,1921,Physics 物理,NA
55055,55053,190,1926,Mechanical Engineering 機械,NA
55061,55060,855,1925,Mechanical Engineering 機械,NA
55063,55062,998,1936,Civil Engineering 土木,NA
55065,55064,190,NA,Mining Engineering 礦冶,NA
55068,55067,725,1927,Mining Engineering 礦冶,NA
55072,55071,692,1931,Civil Engineering 土木,NA
55075,55074,855,1924,Mechanical Engineering 機械,NA
55077,55076,1499,1935,Civil Engineering 土木,NA
55080,55078,2483,1932,Electrical Engineering 電機,NA
55088,55087,235,1933,Electrical Engineering 電機,NA
55091,55089,1253,1933,Civil Engineering 土木,NA
55095,55094,2224,1919,Mechanical Engineering 機械,NA
55100,55099,2328,1935,Civil Engineering 土木,NA
55103,55102,498,1934,Mechanical Engineering 機械,NA
55105,55104,725,1927,Civil Engineering 土木,NA
55116,55115,675,1937,Civil Engineering 土木,NA
55118,55117,725,1932,Mechanical Engineering 機械,NA
55120,55119,2328,1934,Chemical Engineering 化工,NA
55124,55122,235,1938,Electrical Engineering 電機,NA
55126,55125,529,1939,Electrical Engineering 電機,NA
55128,55127,529,1939,Electrical Engineering 電機,NA
55131,55130,455,1933,Electrical Engineering 電機,NA
55134,55133,1499,1926,Civil Engineering 土木,NA
55136,55135,998,1933,Civil Engineering 土木,NA
55138,55137,3044,1934,Civil Engineering 土木,NA
55146,55145,229,1934,Civil Engineering 土木,NA
55149,55148,349,1935,Civil Engineering 土木,Zhuanke 專科
55151,55150,692,1919,Mining Engineering 礦冶,NA
55152,55150,151,1921,Mining Engineering 礦冶,Master 碩士
55164,55163,1730,1914,Radio Engineering 無線電,NA
55166,55165,451,1939,Civil Engineering 土木,NA
55168,55167,1730,1912,Civil Engineering 土木,NA
55171,55170,692,1934,Mechanical Engineering 機械,NA
55175,55174,55176,1933,Civil Engineering 土木,NA
55177,55174,55176,1936,Civil Engineering 土木,Master 碩士
55190,55189,837,1926,Mining Engineering 礦冶,NA
55201,55200,998,1934,Electrical Engineering 電機,NA
55207,55206,1269,1936,Mining Engineering 礦冶,NA
55210,55209,3073,1936,Civil Engineering 土木,NA
55212,55211,855,1929,Mechanical Engineering 機械,NA
55214,55213,692,1922,Civil Engineering 土木,NA
55218,55217,1499,1925,Civil Engineering 土木,NA
55224,55223,451,1939,Civil Engineering 土木,NA
55226,55225,195,1923,Electrical Engineering 電機,Bachelor 學士
55227,55225,195,1926,Electrical Engineering 電機,Master 碩士
55236,55235,1499,1922,Civil Engineering 土木,NA
55238,55237,498,1930,Electrical Engineering 電機,NA
55240,55239,498,1932,Mechanical Engineering 機械,NA
55242,55241,692,1928,Mining Engineering 礦冶,NA
55248,55247,692,1933,Mining Engineering 礦冶,NA
55254,55253,152,1928,Civil Engineering 土木,NA
55262,55261,498,1931,Electrical Engineering 電機,NA
55264,55263,46713,1912,Mining Engineering 礦冶,NA
55275,55274,675,1939,Civil Engineering 土木,NA
55277,55276,4163,1915,Chemical Engineering 化工,NA
55285,55284,821,1930,Civil Engineering 土木,NA
55287,55286,7349,NA,unspecified,NA
55296,55295,649,1935,unspecified,NA
55299,55298,235,1916,Electrical Engineering 電機,NA
55312,55311,12802,1920,Chemical Engineering 化工,NA
55315,55314,14873,1926,Civil Engineering 土木,NA
55319,55318,725,1929,Mechanical Engineering 機械,NA
55321,55320,3530,1925,Electrical Engineering 電機,NA
55323,55322,455,1939,Mechanical Engineering 機械,NA
55325,55324,2740,1928,Mining Engineering 礦冶,NA
55331,55330,6140,NA,Civil Engineering 土木,NA
55342,55341,1730,1917,Radio Engineering 無線電,中等
55345,55344,728,1926,Mining Engineering 礦冶,NA
55356,55355,451,1938,Civil Engineering 土木,NA
55358,55357,855,1928,Mechanical Engineering 機械,NA
55364,55363,455,1933,Mechanical Engineering 機械,NA
55369,55368,498,1936,Electrical Engineering 電機,NA
55371,55370,855,1925,Mechanical Engineering 機械,NA
55374,55372,1730,1912,Telecommunications 電訊,NA
55376,55375,725,1935,Mining Engineering 礦冶,NA
55380,55379,235,1939,Electrical Engineering 電機,NA
55384,55383,2888,1939,Civil Engineering 土木,NA
55386,55385,349,1936,Architecture 建築,NA
55388,55387,10656,1922,Civil Engineering 土木,NA
55400,55399,235,1931,Electrical Engineering 電機,NA
55404,55403,7087,1936,Turbine 輪機,NA
55414,55413,235,1920,Electrical Engineering 電機,NA
55415,55413,4599,1924,Electrical Engineering 電機,NA
55428,55427,3073,1938,Civil Engineering 土木,NA
55430,55429,455,1935,Architecture 建築,NA
55432,55431,70078,1922,Mining Engineering 礦冶,NA
55434,55433,3530,1925,Electrical Engineering 電機,NA
55436,55435,2328,1935,Civil Engineering 土木,NA
55439,55438,235,1933,Electrical Engineering 電機,NA
55443,55441,227,1921,Electrical Engineering 電機,NA
55454,55453,692,1936,Civil Engineering 土木,NA
55456,55455,1499,1928,Civil Engineering 土木,NA
55460,55459,821,1934,Electrical Engineering 電機,NA
55462,55461,498,1930,Chemical Engineering 化工,NA
55466,55465,692,1930,Mechanical Engineering 機械,NA
55474,55473,152,1919,Civil Engineering 土木,NA
55483,55482,349,1937,Mechanical Engineering 機械,NA
55485,55484,498,1936,Textile Engineering 紡織,NA
55488,55487,1310,1921,Chemical Engineering 化工,NA
55494,55493,692,1933,Civil Engineering 土木,NA
55496,55495,692,1936,Mining Engineering 礦冶,NA
55503,55502,235,1924,Electrical Engineering 電機,NA
55510,55509,561,1930,Textile Engineering 紡織,NA
55512,55511,692,1931,Mining Engineering 礦冶,NA
55520,55519,692,1924,Mining Engineering 礦冶,NA
55529,55528,3073,1935,Mining Engineering 礦冶,NA
55533,55532,1307,1920,Civil Engineering 土木,Zhuanke 專科
55534,55532,455,1930,Electrical Engineering 電機,NA
55536,55535,516,1939,Mechanical Engineering 機械,NA
55538,55537,1102,1925,Mechanical Engineering 機械,NA
55543,55542,855,1923,Mechanical Engineering 機械,NA
55545,55544,994,1934,Civil Engineering 土木,NA
55552,55551,2328,1935,Chemical Engineering 化工,NA
55554,55553,1499,1932,Civil Engineering 土木,NA
55557,55556,675,1920,Civil Engineering 土木,NA
55558,55556,152,NA,unspecified,Research 研究
55559,55556,29220,NA,unspecified,Research 研究
55563,55562,725,1916,Mining Engineering 礦冶,Zhuanke 專科
55565,55564,78002,1922,Textile Engineering 紡織,NA
55569,55567,2888,1939,Chemical Engineering 化工,NA
55571,55570,2033,1900,Civil Engineering 土木,NA
55573,55572,498,1937,Chemical Engineering 化工,NA
55575,55574,649,1932,unspecified,NA
55578,55577,692,1937,Mining Engineering 礦冶,NA
55586,55585,349,1935,Civil Engineering 土木,Zhuanke 專科
55588,55587,455,1939,Mechanical Engineering 機械,NA
55590,55589,725,1933,Civil Engineering 土木,NA
55592,55591,5740,1906,unspecified,NA
55593,55591,120,1910,Engineering (general/undefined) 工科/工程師,Bachelor 學士
55594,55591,120,1915,Engineering (general/undefined) 工科/工程師,Doctor 博士
55596,55595,998,1936,Civil Engineering 土木,NA
55598,55597,198,1932,Aeronautical Engineering 航空機械,NA
55599,55597,198,1933,Aeronautical Engineering 航空機械,Master 碩士
55608,55607,725,1934,Civil Engineering 土木,NA
55611,55610,451,1938,Civil Engineering 土木,NA
55614,55612,855,1924,Mechanical Engineering 機械,NA
55616,55615,516,1937,Civil Engineering 土木,NA
55618,55617,235,1930,Electrical Engineering 電機,NA
55620,55619,229,1929,Chemistry 化學,NA
55621,55619,203,1936,Chemical Engineering 化工,Master 碩士
55622,55619,198,NA,unspecified,Research 研究
55623,55619,179,NA,unspecified,Research 研究
55629,55628,855,1930,Chemical Engineering 化工,NA
55631,55630,235,1935,Civil Engineering 土木,NA
55634,55633,821,1933,Architecture 建築,NA
55636,55635,235,1937,Electrical Engineering 電機,NA
55639,55637,692,1937,Mechanical Engineering 機械,NA
55645,55644,70078,1922,Mining Engineering 礦冶,NA
55647,55646,270,1929,Electrical Engineering 電機,NA
55665,55664,235,1928,Mechanical Engineering 機械,NA
55669,55668,1730,1915,Radio Engineering 無線電,NA
55671,55670,195,1916,Naval Architecture 造船,Master 碩士
55686,55685,692,1912,Mining Engineering 礦冶,NA
55695,55694,3073,1935,Mining Engineering 礦冶,NA
55699,55698,555,1938,Civil Engineering 土木,NA
55701,55700,692,1934,Mechanical Engineering 機械,NA
55704,55703,725,1933,Civil Engineering 土木,NA
55706,55705,3073,1937,Mining Engineering 礦冶,NA
55709,55708,1730,1912,Civil Engineering 土木,NA
55711,55710,561,1937,Textile Engineering 紡織,NA
55713,55712,455,1937,Electrical Engineering 電機,NA
55715,55714,3530,1924,Chemical Engineering 化工,NA
55716,55714,179,NA,Chemical Engineering 化工,NA
55717,55714,198,NA,Chemical Engineering 化工,Master 碩士
55722,55721,1499,1935,Civil Engineering 土木,NA
55725,55724,561,1915,Textile Engineering 紡織,NA
55727,55726,692,1925,Civil Engineering 土木,NA
55729,55728,692,1934,Civil Engineering 土木,NA
55732,55731,1499,1932,Civil Engineering 土木,NA
55736,55735,1499,1933,Civil Engineering 土木,NA
55739,55738,692,1938,Civil Engineering 土木,NA
55741,55740,692,1925,Mining Engineering 礦冶,NA
55757,55756,516,1935,Civil Engineering 土木,NA
55759,55758,1499,1924,Civil Engineering 土木,NA
55762,55761,561,1933,Textile Engineering 紡織,NA
55764,55763,70078,1916,Civil Engineering 土木,NA
55766,55765,692,1935,Civil Engineering 土木,NA
55768,55767,725,1922,Mechanical Engineering 機械,NA
55770,55769,2328,1936,Civil Engineering 土木,NA
55775,55774,855,1931,Electrical Engineering 電機,NA
55779,55778,855,1932,Chemical Engineering 化工,NA
55782,55780,498,1932,Electrical Engineering 電機,NA
55784,55783,692,1933,Civil Engineering 土木,NA
55787,55786,455,1935,Civil Engineering 土木,NA
55790,55789,855,1927,Mechanical Engineering 機械,NA
55792,55791,529,1939,Civil Engineering 土木,NA
55794,55793,855,1931,Electrical Engineering 電機,NA
55799,55798,235,1924,Electrical Engineering 電機,NA
55803,55802,455,1933,Electrical Engineering 電機,NA
55805,55804,235,1932,Civil Engineering 土木,NA
55808,55807,876,1935,Civil Engineering 土木,NA
55811,55809,2224,1931,Civil Engineering 土木,NA
55814,55813,516,1936,Civil Engineering 土木,NA
55816,55815,1907,1925,Chemical Engineering 化工,NA
55817,55815,224,1928,Chemical Engineering 化工,Doctor 博士
55825,55824,498,1930,Electrical Engineering 電機,NA
55829,55828,23712,1927,Mechanical Engineering 機械,NA
55842,55840,1742,1939,Civil Engineering 土木,NA
55844,55843,498,1933,Mechanical Engineering 機械,NA
55847,55845,498,1938,Chemical Engineering 化工,NA
55849,55848,649,1937,unspecified,NA
55851,55850,692,1931,Civil Engineering 土木,NA
55854,55853,235,1935,Electrical Engineering 電機,NA
55857,55856,1730,1916,Civil Engineering 土木,NA
55860,55859,1730,1919,Telecommunications 電信,NA
55876,55875,1499,1924,Civil Engineering 土木,NA
55879,55878,529,1930,Civil Engineering 土木,NA
55883,55882,115,1929,unspecified,NA
55884,55882,5466,1933,Electrical Engineering 電機,NA
55891,55890,855,1925,Mechanical Engineering 機械,NA
55896,55895,12802,1914,Chemical Engineering 化工,NA
55900,55899,498,1936,Textile Engineering 紡織,NA
55902,55901,692,1936,Mining Engineering 礦冶,NA
55904,55903,529,1936,Mechanical Engineering 機械,NA
55906,55905,3044,1936,Civil Engineering 土木,NA
55908,55907,692,1930,Mechanical Engineering 機械,NA
55911,55910,821,1933,Mechanical Engineering 機械,NA
55913,55912,179,1921,Mechanical Engineering 機械,NA
55914,55912,198,NA,unspecified,Research 研究
55925,55924,5740,1927,Civil Engineering 土木,NA
55930,55929,1499,1929,Civil Engineering 土木,NA
55933,55932,1253,1928,Civil Engineering 土木,NA
55937,55936,129,NA,Civil Engineering 土木,NA
55938,55936,53304,NA,Electrical Engineering 電機,NA
55951,55950,725,1935,Mining Engineering 礦冶,NA
55953,55952,821,1932,Civil Engineering 土木,NA
55956,55954,229,1937,Mechanical Engineering 機械,NA
55958,55957,349,1937,Civil Engineering 土木,Zhuanke 專科
55960,55959,2876,1937,Civil Engineering 土木,NA
55963,55961,2876,1939,Civil Engineering 土木,NA
55965,55964,498,1932,Chemical Engineering 化工,NA
55969,55968,725,1920,Mining Engineering 礦冶,NA
55971,55970,821,1929,Civil Engineering 土木,NA
55974,55972,498,1932,Chemical Engineering 化工,NA
55976,55975,2328,1934,Electrical Engineering 電機,NA
55982,55981,1499,1931,Civil Engineering 土木,NA
55985,55984,2224,1939,Surveying 測量,NA
55987,55986,692,1932,Mining Engineering 礦冶,NA
55997,55996,2888,1939,Civil Engineering 土木,NA
55999,55998,529,1939,Electrical Engineering 電機,NA
56001,56000,5390,1911,Civil Engineering 土木,NA
56004,56003,1499,1926,Civil Engineering 土木,NA
56007,56006,235,1929,Electrical Engineering 電機,NA
56011,56010,692,1910,Mining Engineering 礦冶,NA
56019,56018,692,1938,Mechanical Engineering 機械,NA
56021,56020,725,1923,Mechanical Engineering 機械,NA
56024,56022,498,1931,Electrical Engineering 電機,NA
56026,56025,2328,1935,Electrical Engineering 電機,NA
56030,56029,6339,1931,Electrical Engineering 電機,NA
56043,56042,725,1924,Mining Engineering 礦冶,NA
56045,56044,1730,1918,Telecommunications 電信,NA
56047,56046,692,1930,Civil Engineering 土木,NA
56050,56049,1516,1936,Mechanical Engineering 機械,NA
56060,56059,498,1932,Mechanical Engineering 機械,NA
56064,56063,821,1931,Electrical Engineering 電機,NA
56066,56065,1499,1927,Civil Engineering 土木,NA
56069,56068,1499,1927,Civil Engineering 土木,NA
56074,56073,692,1935,Mining Engineering 礦冶,NA
56080,56079,725,1931,Mining Engineering 礦冶,NA
56084,56083,692,1931,Mechanical Engineering 機械,NA
56090,56089,498,1936,Mechanical Engineering 機械,NA
56093,56092,725,1917,Mechanical Engineering 機械,NA
56095,56094,235,1938,Civil Engineering 土木,NA
56097,56096,855,1928,Mechanical Engineering 機械,NA
56099,56098,855,1924,Chemical Engineering 化工,NA
56103,56102,1499,1931,Civil Engineering 土木,NA
56108,56107,821,1931,Electrical Engineering 電機,NA
56110,56109,725,1916,Mining Engineering 礦冶,NA
56112,56111,426,1935,Civil Engineering 土木,NA
56114,56113,855,1934,Electrical Engineering 電機,NA
56117,56116,235,1931,Civil Engineering 土木,NA
56121,56120,855,1927,Mechanical Engineering 機械,NA
56123,56122,1499,1932,Civil Engineering 土木,NA
56126,56125,6140,1923,Mechanical Engineering 機械,NA
56132,56131,2224,1921,Civil Engineering 土木,NA
56135,56134,725,1928,Mining Engineering 礦冶,NA
56137,56136,855,1926,Chemical Engineering 化工,NA
56139,56138,855,1927,Mechanical Engineering 機械,NA
56141,56140,725,1932,Mining Engineering 礦冶,NA
56143,56142,725,1925,Mechanical Engineering 機械,NA
56149,56148,821,1937,Civil Engineering 土木,NA
56151,56150,179,NA,Civil Engineering 土木,NA
56152,56150,152,NA,Civil Engineering 土木,Master 碩士
56155,56154,649,1935,unspecified,NA
56159,56158,229,1934,Civil Engineering 土木,NA
56163,56161,36730,1928,Mechanical Engineering 機械,NA
56171,56170,725,1931,Mining Engineering 礦冶,NA
56176,56175,56177,1934,Mining Engineering 礦冶,NA
56182,56181,198,1927,Aeronautical Engineering 航空機械,NA
56193,56192,649,1934,unspecified,NA
56196,56195,692,1936,Mechanical Engineering 機械,NA
56199,56198,821,1938,Civil Engineering 土木,NA
56201,56200,725,1926,Mechanical Engineering 機械,NA
56203,56202,821,1932,Textile Engineering 紡織,NA
56205,56204,821,1931,Electrical Engineering 電機,NA
56207,56206,455,1937,Civil Engineering 土木,NA
56210,56209,692,1930,Mining Engineering 礦冶,NA
56218,56217,235,1925,Electrical Engineering 電機,NA
56219,56217,198,NA,Electrical Engineering 電機,Master 碩士
56222,56221,692,1916,Civil Engineering 土木,NA
56226,56225,252,1936,Chemical Engineering 化工,Master 碩士
56234,56233,555,1938,Mechanical Engineering 機械,NA
56236,56235,1907,1918,Chemical Engineering 化工,NA
56239,56238,1499,1934,Civil Engineering 土木,NA
56242,56241,426,1928,Civil Engineering 土木,NA
56244,56243,2224,1923,Civil Engineering 土木,NA
56247,56246,725,1916,Civil Engineering 土木,NA
56249,56248,725,1926,Mining Engineering 礦冶,NA
56251,56250,2224,1927,Civil Engineering 土木,NA
56253,56252,498,1935,Mechanical Engineering 機械,NA
56255,56254,529,1931,Civil Engineering 土木,NA
56260,56259,529,1933,Electrical Engineering 電機,NA
56263,56262,70078,1918,Civil Engineering 土木,NA
56266,56264,1253,1933,Civil Engineering 土木,NA
56270,56269,498,1937,Electrical Engineering 電機,NA
56272,56271,821,1935,Civil Engineering 土木,NA
56274,56273,70078,1920,Mining Engineering 礦冶,NA
56281,56280,692,1932,Mining Engineering 礦冶,NA
56286,56285,498,1936,Chemical Engineering 化工,NA
56288,56287,649,1934,unspecified,NA
56293,56291,725,1916,Mining Engineering 礦冶,Zhuanke 專科
56294,56292,725,1933,Electrical Engineering 電機,NA
56296,56295,426,1939,Civil Engineering 土木,NA
56299,56298,555,1938,Civil Engineering 土木,NA
56300,56297,692,1936,Mechanical Engineering 機械,NA
56303,56301,4827,1931,Electrical Engineering 電機,NA
56306,56304,876,1938,Electrical Engineering 電機,NA
56312,56310,70078,1919,Mining Engineering 礦冶,NA
56317,56316,2224,1932,Civil Engineering 土木,NA
56320,56319,725,1929,Mining Engineering 礦冶,NA
56328,56327,998,1934,Civil Engineering 土木,NA
56331,56329,1516,1937,Civil Engineering 土木,NA
56336,56333,725,1935,Mining Engineering 礦冶,NA
56339,56337,235,1928,Mechanical Engineering 機械,NA
56343,56340,235,1934,Civil Engineering 土木,NA
56350,56348,821,1930,Mining Engineering 礦冶,NA
56351,56349,998,1936,Civil Engineering 土木,NA
56355,56352,498,1936,Textile Engineering 紡織,NA
56358,56356,725,1928,Civil Engineering 土木,NA
56359,56357,498,1930,Textile Engineering 紡織,NA
56362,56361,70078,1916,Civil Engineering 土木,NA
56366,56364,1730,1912,Civil Engineering 土木,NA
56368,56367,6339,1923,Electrical Engineering 電機,NA
56375,56372,354,1938,Civil Engineering 土木,NA
56379,56377,821,1930,Civil Engineering 土木,NA
56384,56381,725,1932,Electrical Engineering 電機,NA
56391,56389,725,1936,Mining Engineering 礦冶,NA
56393,56392,561,1918,Textile Engineering 紡織,NA
56398,56397,725,1932,Chemical Engineering 化工,NA
56400,56399,3073,1935,Mining Engineering 礦冶,NA
56403,56402,3073,1936,Mining Engineering 礦冶,NA
56405,56404,561,1928,Textile Engineering 紡織,NA
56410,56409,855,1923,Chemical Engineering 化工,NA
56413,56412,498,1932,Electrical Engineering 電機,NA
56416,56415,1102,1922,Mechanical Engineering 機械,Master 碩士
56423,56422,70078,1922,Mining Engineering 礦冶,NA
56425,56424,675,1930,Civil Engineering 土木,NA
56427,56426,2224,1929,Electrical Engineering 電機,NA
56433,56432,998,1934,Civil Engineering 土木,NA
56439,56437,270,1924,Chemistry 化學,NA
56440,56437,188,1925,Chemical Engineering 化工,NA
56441,56437,151,1926,Chemical Engineering 化工,NA
56452,56451,821,1929,Civil Engineering 土木,NA
56453,56451,152,1929,Civil Engineering 土木,Master 碩士
56454,56451,179,NA,Civil Engineering 土木,Research 研究
56463,56462,56464,1921,Ceramics 陶瓷,NA
56474,56473,821,1930,Mining Engineering 礦冶,NA
56476,56475,1499,1930,Civil Engineering 土木,NA
56479,56478,692,1919,Mining Engineering 礦冶,NA
56484,56483,516,1939,Mechanical Engineering 機械,NA
56486,56485,692,1932,Civil Engineering 土木,NA
56489,56488,692,1937,Mining Engineering 礦冶,NA
56491,56490,227,NA,Aeronautical Engineering 航空機械,NA
56499,56498,498,1929,Mechanical Engineering 機械,NA
56502,56501,649,1930,Hydraulic Engineering 水利,NA
56506,56505,229,1937,Civil Engineering 土木,NA
56508,56507,1499,1922,Civil Engineering 土木,NA
56509,56507,152,1930,unspecified,Research 研究
56520,56519,998,1933,Civil Engineering 土木,NA
56522,56521,235,1931,Civil Engineering 土木,NA
56525,56524,1499,1932,Civil Engineering 土木,NA
56527,56526,821,1932,Civil Engineering 土木,NA
56530,56529,876,1936,Civil Engineering 土木,NA
56532,56531,821,1935,Mechanical Engineering 機械,NA
56534,56533,998,1933,Electrical Engineering 電機,NA
56536,56535,426,1930,Civil Engineering 土木,NA
56538,56537,516,1939,Mechanical Engineering 機械,NA
56540,56539,725,1924,Mechanical Engineering 機械,NA
56550,56549,227,1924,Civil Engineering 土木,NA
56553,56552,725,1927,Civil Engineering 土木,NA
56555,56554,498,1934,Mechanical Engineering 機械,NA
56557,56556,821,1935,Civil Engineering 土木,NA
56559,56558,3073,1933,Mining Engineering 礦冶,NA
56568,56567,1253,1928,Civil Engineering 土木,NA
56572,56571,2328,1935,Chemical Engineering 化工,NA
56575,56574,725,1931,Mining Engineering 礦冶,NA
56577,56576,27717,1919,Mining Engineering 礦冶,NA
56587,56586,3073,1937,Mining Engineering 礦冶,NA
56594,56593,725,1922,Mining Engineering 礦冶,NA
56596,56595,198,NA,Electrical Engineering 電機,NA
56603,56602,529,1937,Electrical Engineering 電機,NA
56605,56604,2888,1939,Civil Engineering 土木,NA
56607,56606,37312,1926,Civil Engineering 土木,NA
56608,56606,37312,1927,Electrical Engineering 電機,NA
56609,56606,37312,1934,Civil Engineering 土木,Master 碩士
56617,56616,675,1934,Civil Engineering 土木,NA
56620,56619,901,1938,Civil Engineering 土木,NA
56622,56621,1730,1914,Radio Engineering 無線電,NA
56625,56624,235,1937,Electrical Engineering 電機,NA
56627,56626,498,1933,Electrical Engineering 電機,NA
56630,56628,821,1934,Mechanical Engineering 機械,NA
56632,56631,455,1939,Civil Engineering 土木,NA
56634,56633,354,1939,Mechanical Engineering 機械,NA
56636,56635,725,1916,Mining Engineering 礦冶,Zhuanke 專科
56638,56637,2328,1934,Electrical Engineering 電機,NA
56642,56641,675,1929,Civil Engineering 土木,NA
56656,56655,498,1936,Chemical Engineering 化工,NA
56660,56659,1730,1920,Radio Engineering 無線電,NA
56662,56661,2876,1939,Civil Engineering 土木,NA
56664,56663,725,1929,Mining Engineering 礦冶,NA
56666,56665,1730,1915,Electrical Engineering 電機,NA
56668,56667,229,1933,Civil Engineering 土木,NA
56672,56671,1730,1916,Civil Engineering 土木,NA
56675,56673,4419,1936,Mining Engineering 礦冶,NA
56677,56676,3146,1926,Mining Engineering 礦冶,NA
56687,56686,349,1938,Mechanical Engineering 機械,NA
56690,56688,3073,1935,Civil Engineering 土木,NA
56693,56692,498,1936,Chemical Engineering 化工,NA
56696,56695,561,1915,Textile Engineering 紡織,NA
56698,56697,235,1939,Electrical Engineering 電機,NA
56701,56700,855,1924,Chemical Engineering 化工,NA
56705,56704,692,1927,Mining Engineering 礦冶,NA
56725,56724,692,1923,Mining Engineering 礦冶,NA
56729,56728,692,1931,Civil Engineering 土木,NA
56732,56731,692,1936,Civil Engineering 土木,NA
56734,56733,855,1931,Electrical Engineering 電機,NA
56739,56738,455,1932,Civil Engineering 土木,NA
56743,56742,725,1929,Mechanical Engineering 機械,NA
56745,56744,2876,1935,Civil Engineering 土木,NA
56748,56747,855,1924,Mechanical Engineering 機械,NA
56754,56753,516,1939,Mechanical Engineering 機械,NA
56756,56755,2224,1920,Civil Engineering 土木,NA
56765,56764,70078,1919,Civil Engineering 土木,NA
56767,56766,1730,1915,Electrical Engineering 電機,NA
56771,56770,649,1934,Hydraulic Engineering 水利,NA
56775,56774,725,1923,Mechanical Engineering 機械,NA
56777,56776,837,1935,Electrical Engineering 電機,NA
56781,56780,235,1920,Electrical Engineering 電機,NA
56790,56788,855,1928,Mechanical Engineering 機械,NA
56792,56791,855,1927,Chemical Engineering 化工,NA
56794,56793,821,1929,Electrical Engineering 電機,NA
56797,56796,516,1939,Chemical Engineering 化工,NA
56799,56798,725,1916,Civil Engineering 土木,NA
56802,56801,516,1936,Civil Engineering 土木,NA
56805,56803,1730,1912,Civil Engineering 土木,NA
56809,56807,1253,1928,Civil Engineering 土木,NA
56813,56812,1499,1922,Civil Engineering 土木,NA
56816,56815,9439,1936,Radio Engineering 無線電,NA
56818,56817,692,1932,Civil Engineering 土木,NA
56821,56820,725,1927,Civil Engineering 土木,NA
56826,56825,70078,1919,Civil Engineering 土木,NA
56828,56827,561,1937,Textile Engineering 紡織,NA
56830,56829,529,1936,Civil Engineering 土木,NA
56833,56832,555,1939,Electrical Engineering 電機,NA
56835,56834,1499,1938,Civil Engineering 土木,NA
56837,56836,1730,1916,Electrical Engineering 電機,NA
56839,56838,649,1932,unspecified,NA
56842,56841,855,1931,Electrical Engineering 電機,NA
56844,56843,901,1939,Civil Engineering 土木,NA
56846,56845,555,1938,Civil Engineering 土木,NA
56848,56847,235,1925,Mechanical Engineering 機械,NA
56855,56854,498,1934,Mechanical Engineering 機械,NA
56857,56856,855,1932,Electrical Engineering 電機,NA
56859,56858,692,1912,Mining Engineering 礦冶,NA
56872,56871,235,1933,Civil Engineering 土木,NA
56876,56875,354,1938,Civil Engineering 土木,NA
56878,56877,1499,1934,Civil Engineering 土木,NA
56881,56880,455,1929,Civil Engineering 土木,NA
56885,56884,17964,1937,Electrical Engineering 電機,NA
56888,56887,516,1939,Chemical Engineering 化工,NA
56890,56889,1730,1912,Civil Engineering 土木,NA
56893,56892,349,1937,Chemical Engineering 化工,NA
56895,56894,555,1938,Mechanical Engineering 機械,NA
56897,56896,855,1931,Electrical Engineering 電機,NA
56899,56898,451,1937,Civil Engineering 土木,NA
56901,56900,455,1938,Civil Engineering 土木,NA
56903,56902,675,1937,Civil Engineering 土木,NA
56905,56904,1730,1912,Civil Engineering 土木,NA
56909,56908,1499,1917,Civil Engineering 土木,NA
56911,56910,426,1937,Civil Engineering 土木,NA
56913,56912,2224,1935,Electrical Engineering 電機,NA
56916,56915,120,1934,Mechanical Engineering 機械,NA
56929,56928,649,1932,unspecified,NA
56932,56931,229,1936,Mechanical Engineering 機械,NA
56934,56933,994,1939,Civil Engineering 土木,NA
56936,56935,4599,1926,Electrical Engineering 電機,NA
56937,56935,1946,1927,Mechanical Engineering 機械,NA
56944,56943,821,1930,Civil Engineering 土木,NA
56946,56945,1310,1921,Textile Engineering 紡織,NA
56949,56948,692,1910,Mining Engineering 礦冶,NA
56954,56953,725,1930,Mining Engineering 礦冶,NA
56956,56955,821,1938,Civil Engineering 土木,NA
56958,56957,692,1932,Civil Engineering 土木,NA
56962,56961,56963,NA,Mechanical Engineering 機械,NA
56966,56961,56967,1932,Aeronautical Engineering 航空機械,NA
56974,56973,2876,1938,Civil Engineering 土木,NA
56976,56975,649,1930,unspecified,NA
56978,56977,725,1917,Mechanical Engineering 機械,NA
56980,56979,33732,1922,Mechanical Engineering 機械,NA
56984,56983,725,1936,Mining Engineering 礦冶,NA
56997,56996,725,1933,Electrical Engineering 電機,NA
57000,56999,725,1931,Mining Engineering 礦冶,NA
57003,57002,235,1926,Electrical Engineering 電機,NA
57009,57008,855,1937,Chemical Engineering 化工,NA
57011,57010,10230,1922,Mechanical Engineering 機械,NA
57012,57010,4599,1926,Electrical Engineering 電機,NA
57025,57024,3530,1925,Electrical Engineering 電機,NA
57035,57034,235,1935,Mechanical Engineering 機械,NA
57043,57042,120,1914,Architecture 建築,NA
57045,57044,855,1926,Chemical Engineering 化工,NA
57047,57046,561,1927,Textile Engineering 紡織,NA
57050,57049,837,1935,Electrical Engineering 電機,NA
57055,57054,426,1937,Civil Engineering 土木,NA
57057,57056,455,1933,Electrical Engineering 電機,NA
57059,57058,725,1932,Mining Engineering 礦冶,NA
57061,57060,725,1936,Civil Engineering 土木,NA
57063,57062,692,1933,Mechanical Engineering 機械,NA
57066,57065,561,1923,Textile Engineering 紡織,NA
57072,57071,1310,1916,Electrical Engineering 電機,NA
57083,57082,692,1919,Civil Engineering 土木,NA
57087,57086,349,1937,Telecommunications 電信,Zhuanke 專科
57089,57088,354,1936,Civil Engineering 土木,NA
57094,57093,1102,1923,Mechanical Engineering 機械,NA
57102,57101,529,1934,Civil Engineering 土木,NA
57104,57103,2584,1926,Electrical Engineering 電機,NA
57115,57114,2328,1934,Electrical Engineering 電機,NA
57118,57117,171,1918,Civil Engineering 土木,NA
57130,57129,529,1938,Mechanical Engineering 機械,NA
57132,57131,2888,1939,Civil Engineering 土木,NA
57134,57133,821,1932,Mining Engineering 礦冶,NA
57137,57136,70078,1921,Civil Engineering 土木,NA
57144,57142,837,1936,Chemical Engineering 化工,NA
57146,57145,235,1928,Electrical Engineering 電機,NA
57149,57148,198,1922,Aeronautical Engineering 航空機械,NA
57159,57158,725,1925,Mechanical Engineering 機械,NA
57161,57160,1730,1919,Telecommunications 電信,NA
57164,57163,235,1933,Mechanical Engineering 機械,NA
57166,57165,998,1934,Chemical Engineering 化工,NA
57168,57167,120,NA,Civil Engineering 土木,NA
57176,57175,1730,1921,Telecommunications 電信,NA
57179,57178,235,1927,Electrical Engineering 電機,NA
57186,57185,235,1926,Electrical Engineering 電機,NA
57193,57192,498,1933,Textile Engineering 紡織,NA
57195,57194,1310,1914,Electrical Engineering 電機,NA
57221,57220,349,1938,Civil Engineering 土木,Zhuanke 專科
57223,57222,1730,1917,Telecommunications 電訊,NA
57226,57224,349,1938,Civil Engineering 土木,Zhuanke 專科
57229,57225,821,1933,Mechanical Engineering 機械,NA
57230,57227,455,1932,Civil Engineering 土木,NA
57233,57232,3073,1936,Mining Engineering 礦冶,NA
57237,57236,821,1934,Mechanical Engineering 機械,NA
57238,57235,2888,1939,Civil Engineering 土木,NA
57245,57244,2224,1925,Civil Engineering 土木,NA
57261,57260,837,1936,Electrical Engineering 電機,NA
57266,57241,3073,1938,Civil Engineering 土木,NA
57269,57267,1730,1912,Civil Engineering 土木,NA
57271,57268,1499,1920,Civil Engineering 土木,NA
57273,57270,821,1935,Civil Engineering 土木,NA
57276,57275,498,1933,Electrical Engineering 電機,NA
57284,57274,2224,1920,Mechanical Engineering 機械,NA
57285,57274,120,1928,Mechanical Engineering 機械,NA
57287,57282,1730,1917,Telecommunications 電訊,NA
57290,57289,821,1938,Civil Engineering 土木,NA
57297,57295,2224,1939,Electrical Engineering 電機,NA
57300,57299,235,1934,Civil Engineering 土木,NA
57304,57302,70078,1919,Mining Engineering 礦冶,NA
57308,57307,821,1933,Textile Engineering 紡織,NA
57318,57317,498,1936,Textile Engineering 紡織,NA
57320,57319,2328,1930,Mechanical Engineering 機械,NA
57328,57327,1516,1937,Civil Engineering 土木,NA
57330,57329,235,1921,Electrical Engineering 電機,NA
57338,57337,821,1935,Civil Engineering 土木,NA
57341,57340,3073,1936,Mining Engineering 礦冶,NA
57343,57342,529,1935,Civil Engineering 土木,NA
57348,57347,4163,1931,Chemical Engineering 化工,NA
57352,57351,235,1931,Electrical Engineering 電機,NA
57358,57357,2224,1939,Civil Engineering 土木,NA
57362,57361,649,1939,unspecified,NA
57364,57363,994,1933,Civil Engineering 土木,NA
57366,57365,692,1938,Mechanical Engineering 機械,NA
57371,57370,235,1938,Electrical Engineering 電機,NA
57376,57375,529,1938,Civil Engineering 土木,NA
57378,57377,692,1925,Civil Engineering 土木,NA
57383,57382,725,1928,Electrical Engineering 電機,NA
57385,57384,692,1920,Mining Engineering 礦冶,NA
57390,57389,692,1922,Civil Engineering 土木,NA
57393,57392,529,1938,Mining Engineering 礦冶,NA
57395,57394,1499,1938,Civil Engineering 土木,NA
57397,57396,725,1931,Mechanical Engineering 機械,NA
57399,57398,692,1935,Civil Engineering 土木,NA
57403,57402,18260,1910,Civil Engineering 土木,NA
57412,57411,561,1929,Textile Engineering 紡織,NA
57414,57413,3073,1937,Civil Engineering 土木,NA
57416,57415,692,1938,Mechanical Engineering 機械,NA
57419,57417,2888,1939,Mining Engineering 礦冶,NA
57422,57421,692,1937,Civil Engineering 土木,NA
57424,57423,NA,1932,Architecture 建築,NA
57426,57425,692,1931,Civil Engineering 土木,NA
57429,57428,649,1935,unspecified,NA
57432,57431,855,1924,Chemical Engineering 化工,NA
57434,57433,855,1924,Mechanical Engineering 機械,NA
57443,57442,498,1931,Electrical Engineering 電機,NA
57446,57444,1499,1935,Mining Engineering 礦冶,NA
57449,57448,3073,1937,Civil Engineering 土木,NA
57451,57450,7087,1934,Turbine 輪機,NA
57454,57453,235,1924,Mechanical Engineering 機械,NA
57457,57456,70078,1920,Mining Engineering 礦冶,NA
57463,57462,6977,1926,Mining Engineering 礦冶,NA
57473,57472,821,1929,Civil Engineering 土木,NA
57475,57474,1499,1928,Civil Engineering 土木,NA
57481,57480,692,1914,Mining Engineering 礦冶,NA
57484,57483,821,1937,Civil Engineering 土木,NA
57487,57485,270,1934,Aeronautical Engineering 航空機械,NA
57491,57490,901,1932,Civil Engineering 土木,NA
57493,57492,725,1934,Civil Engineering 土木,NA
57497,57496,725,1928,Mining Engineering 礦冶,NA
57503,57502,354,1937,Civil Engineering 土木,NA
57505,57504,725,1925,Mining Engineering 礦冶,NA
57509,57508,561,1936,Textile Engineering 紡織,NA
57511,57510,455,1937,Civil Engineering 土木,NA
57513,57512,70078,1922,Mining Engineering 礦冶,NA
57515,57514,725,1927,Mining Engineering 礦冶,NA
57520,57519,692,1933,Civil Engineering 土木,NA
57523,57522,855,1934,Electrical Engineering 電機,NA
57529,57528,152,NA,Mechanical Engineering 機械,NA
57534,57533,855,1933,Chemical Engineering 化工,NA
57538,57537,498,1931,Chemical Engineering 化工,NA
57540,57539,195,1922,Mining Engineering 礦冶,Bachelor 學士
57541,57539,171,1923,unspecified,Research 研究
57553,57552,725,1917,Mechanical Engineering 機械,Zhuanke 專科
57561,57560,901,1918,Science (unspecified),NA
57562,57560,224,1921,Mining Engineering 礦冶,NA
57568,57567,235,1922,Electrical Engineering 電機,NA
57570,57569,498,1936,Electrical Engineering 電機,NA
57574,57573,998,1936,Chemical Engineering 化工,NA
57577,57576,235,1921,Civil Engineering 土木,NA
57581,57580,725,1922,Mining Engineering 礦冶,NA
57585,57584,235,1932,Civil Engineering 土木,NA
57587,57586,725,1916,Mining Engineering 礦冶,Zhuanke 專科
57589,57588,725,1926,Mining Engineering 礦冶,NA
57591,57590,692,1934,Civil Engineering 土木,NA
57595,57594,229,1929,Chemistry 化學,NA
57596,57594,179,1931,Chemistry 化學,Master 碩士
57599,57594,57600,1932,unspecified,Research 研究
57607,57606,561,1926,Textile Engineering 紡織,NA
57609,57608,2224,1918,Mechanical Engineering 機械,NA
57611,57610,3044,1936,Civil Engineering 土木,NA
57614,57613,1950,1925,Architecture 建築,NA
57621,57620,1730,1918,Telecommunications 電訊,NA
57623,57622,675,1932,Civil Engineering 土木,NA
57628,57627,516,1939,Mechanical Engineering 機械,NA
57630,57629,2328,1936,Electrical Engineering 電機,NA
57632,57631,1310,1925,Chemical Engineering 化工,NA
57635,57634,235,1938,Mechanical Engineering 機械,NA
57638,57637,1730,1916,Civil Engineering 土木,NA
57640,57639,555,1939,Civil Engineering 土木,NA
57642,57641,855,1929,Chemical Engineering 化工,NA
57644,57643,855,1929,Chemical Engineering 化工,NA
57646,57645,498,1933,Electrical Engineering 電機,NA
57648,57647,855,1929,Chemical Engineering 化工,NA
57652,57651,198,1924,Mechanical Engineering 機械,NA
57661,57660,821,1933,Civil Engineering 土木,NA
57665,57664,498,1933,Chemical Engineering 化工,NA
57667,57666,855,NA,Chemical Engineering 化工,NA
57669,57668,1499,1931,Civil Engineering 土木,NA
57672,57671,2888,1939,Mechanical Engineering 機械,NA
57675,57674,349,1937,Mechanical Engineering 機械,NA
57677,57676,649,1935,unspecified,NA
57680,57679,2876,1937,Civil Engineering 土木,NA
57682,57681,4827,NA,Civil Engineering 土木,NA
57685,57684,516,1935,Chemical Engineering 化工,NA
57687,57686,516,1939,Mechanical Engineering 機械,NA
57689,57688,3073,1936,Mining Engineering 礦冶,NA
57691,57690,3073,1935,Civil Engineering 土木,NA
57696,57695,1310,1910,Chemical Engineering 化工,NA
57700,57699,18762,NA,Mechanical Engineering 機械,NA
57703,57702,50899,1921,Mining Engineering 礦冶,NA
57717,57716,3073,1935,Mining Engineering 礦冶,NA
57720,57719,516,1939,Mechanical Engineering 機械,NA
57722,57721,692,1925,Mining Engineering 礦冶,NA
57726,57725,555,1938,Civil Engineering 土木,NA
57728,57727,692,1927,Civil Engineering 土木,NA
57743,57742,455,1934,Electrical Engineering 電機,NA
57745,57744,2876,1935,Mining Engineering 礦冶,NA
57752,57751,498,1933,Electrical Engineering 電機,NA
57754,57753,561,1936,Textile Engineering 紡織,NA
57756,57755,451,1938,Civil Engineering 土木,NA
57758,57757,349,1937,Mechanical Engineering 機械,NA
57760,57759,516,1936,Civil Engineering 土木,NA
57763,57762,1730,1916,Civil Engineering 土木,NA
57765,57764,195,1927,Chemical Engineering 化工,NA
57766,57764,195,1928,Chemical Engineering 化工,Master 碩士
57767,57764,195,1931,Chemical Engineering 化工,Doctor 博士
57775,57774,1499,1937,Civil Engineering 土木,NA
57777,57776,198,1914,Chemical Engineering 化工,NA
57778,57776,151,1915,Chemical Engineering 化工,Master 碩士
57793,57792,349,1937,Mechanical Engineering 機械,NA
57795,57794,70078,1913,Civil Engineering 土木,NA
57797,57796,516,1937,Civil Engineering 土木,NA
57799,57798,516,1939,Electrical Engineering 電機,NA
57801,57800,516,1937,Civil Engineering 土木,NA
57804,57802,561,1926,Textile Engineering 紡織,NA
57806,57805,4599,NA,Electrical Engineering 電機,NA
57809,57808,529,1938,Civil Engineering 土木,NA
57811,57810,1499,1930,Civil Engineering 土木,NA
57814,57813,152,1917,Civil Engineering 土木,Master 碩士
57822,57821,190,NA,Mining Engineering 礦冶,NA
57833,57832,529,1937,Civil Engineering 土木,NA
57835,57834,1499,1931,unspecified,NA
57840,57839,1310,1918,Electrical Engineering 電機,NA
57850,57849,529,1935,Civil Engineering 土木,NA
57856,57855,2840,1925,Civil Engineering 土木,NA
57863,57862,235,1938,Mechanical Engineering 機械,NA
57865,57864,195,1922,Mechanical Engineering 機械,Bachelor 學士
57876,57874,1730,1920,Electrical Engineering 電機,NA
57878,57877,1307,1920,Civil Engineering 土木,NA
57881,57879,7419,1922,Mechanical Engineering 機械,NA
57882,57879,6977,NA,Metallurgy 冶金,Research 研究
57892,57891,649,1932,unspecified,NA
57895,57894,235,1935,Electrical Engineering 電機,NA
57898,57897,998,1931,Civil Engineering 土木,NA
57902,57901,235,1933,Mechanical Engineering 機械,NA
57905,57904,232,1931,Civil Engineering 土木,Master 碩士
57908,57907,675,1931,Civil Engineering 土木,NA
57910,57909,498,1931,Electrical Engineering 電機,NA
57914,57913,451,1938,Civil Engineering 土木,NA
57916,57915,821,1934,Electrical Engineering 電機,NA
57918,57917,235,1924,Electrical Engineering 電機,NA
57919,57917,171,1927,Electrical Engineering 電機,Master 碩士
57926,57925,235,1938,Civil Engineering 土木,NA
57928,57927,998,1938,Electrical Engineering 電機,NA
57931,57930,498,1933,Mechanical Engineering 機械,NA
57933,57932,6140,NA,Civil Engineering 土木,NA
57937,57936,354,1933,Civil Engineering 土木,NA
57939,57938,821,1933,Civil Engineering 土木,NA
57941,57940,1499,1937,Civil Engineering 土木,NA
57943,57942,1310,1918,Mechanical Engineering 機械,NA
57951,57950,1310,1918,Mechanical Engineering 機械,NA
57959,57958,235,1933,Electrical Engineering 電機,NA
57961,57960,1730,1912,Telecommunications 電信,NA
57963,57962,555,1939,Civil Engineering 土木,NA
57965,57964,837,1935,Electrical Engineering 電機,NA
57967,57966,179,NA,Civil Engineering 土木,NA
57972,57971,2004,1937,Mechanical Engineering 機械,NA
57974,57973,821,1933,Mechanical Engineering 機械,NA
57978,57977,498,1932,Electrical Engineering 電機,NA
57980,57979,1730,1919,Telecommunications 電訊,NA
57987,57986,6339,NA,Electrical Engineering 電機,NA
57988,57986,2121,NA,Science (unspecified),Master 碩士
57989,57986,1369,NA,Chemical Engineering 化工,Research 研究
57998,57997,151,1924,Mining Engineering 礦冶,Master 碩士
58003,58002,1269,1938,Mining Engineering 礦冶,NA
58005,58004,2740,1922,Mining Engineering 礦冶,NA
58012,58011,349,1936,Mechanical Engineering 機械,NA
58014,58013,2224,NA,Civil Engineering 土木,NA
58015,58013,120,NA,Civil Engineering 土木,NA
58026,58023,2740,1928,Mining Engineering 礦冶,NA
58028,58027,70078,1922,Mining Engineering 礦冶,NA
58030,58029,451,1939,Civil Engineering 土木,NA
58032,58031,229,1937,Civil Engineering 土木,NA
58034,58033,2888,1939,Chemical Engineering 化工,NA
58037,58036,1907,1925,Mechanical Engineering 機械,NA
58045,58044,498,1929,Electrical Engineering 電機,NA
58050,58049,2328,1936,Electrical Engineering 電機,NA
58052,58051,529,1937,Civil Engineering 土木,NA
58054,58053,837,1935,Electrical Engineering 電機,NA
58056,58055,349,1937,Chemical Engineering 化工,NA
58058,58057,516,1937,Civil Engineering 土木,NA
58060,58059,529,1935,Mining Engineering 礦冶,NA
58062,58061,227,1926,Electrical Engineering 電機,NA
58063,58061,278,1927,Electrical Engineering 電機,NA
58066,58065,1499,1925,Civil Engineering 土木,NA
58068,58067,1499,1928,Civil Engineering 土木,NA
58071,58070,1499,1924,Civil Engineering 土木,NA
58074,58073,1499,1926,Civil Engineering 土木,NA
58076,58075,1499,1917,Civil Engineering 土木,NA
58079,58078,1499,1935,Civil Engineering 土木,NA
58081,58080,1499,1937,Civil Engineering 土木,NA
58083,58082,1730,1917,Radio Engineering 無線電,NA
58085,58084,1499,1926,Civil Engineering 土木,NA
58086,58084,152,1927,Civil Engineering 土木,Master 碩士
58092,58091,1499,1919,Civil Engineering 土木,NA
58096,58094,692,1915,Mining Engineering 礦冶,NA
58098,58097,152,1913,Electrical Engineering 電機,NA
58110,58109,5466,1926,Electrical Engineering 電機,NA
58119,58117,6339,NA,Electrical Engineering 電機,NA
58129,58127,58130,1926,Civil Engineering 土木,Master 碩士
58141,58139,1269,1939,Mining Engineering 礦冶,NA
58143,58142,1730,1912,Civil Engineering 土木,NA
58146,58145,195,1913,Naval Architecture 造船,Bachelor 學士
58147,58145,195,1915,Naval Architecture 造船,Master 碩士
58158,58157,152,1910,Civil Engineering 土木,NA
58168,58167,498,1937,Chemical Engineering 化工,NA
58170,58169,529,1934,Electrical Engineering 電機,NA
58172,58171,455,1933,Civil Engineering 土木,NA
58174,58173,5466,NA,Mechanical Engineering 機械,NA
58188,58187,195,1917,Mining Engineering 礦冶,Master 碩士
58189,58187,3157,1928,Architecture 建築,NA
58198,58197,561,1933,Textile Engineering 紡織,NA
58203,58202,2224,1937,Surveying 測量,NA
58205,58204,516,1936,Chemical Engineering 化工,NA
58207,58206,561,1936,Chemical Engineering 化工,NA
58209,58208,1499,1926,Civil Engineering 土木,NA
58210,58208,195,NA,Civil Engineering 土木,Master 碩士
58211,58208,190,NA,Aviation 航空,Doctor 博士
58217,58216,1269,1936,Mechanical Engineering 機械,NA
58220,58219,229,1937,Civil Engineering 土木,NA
58222,58221,32646,1912,Civil Engineering 土木,NA
58225,58224,4419,1936,Mining Engineering 礦冶,NA
58227,58226,3073,1937,Mining Engineering 礦冶,NA
58230,58229,1269,1939,Civil Engineering 土木,NA
58232,58231,235,1936,Mechanical Engineering 機械,NA
58237,58236,2224,1937,Civil Engineering 土木,NA
58239,58238,498,1929,Electrical Engineering 電機,NA
58241,58240,229,1937,Mechanical Engineering 機械,NA
58243,58242,195,1921,Mechanical Engineering 機械,Bachelor 學士
58244,58242,195,1922,Aeronautical Engineering,Master 碩士
58251,58250,998,1937,Mechanical Engineering 機械,NA
58254,58253,876,1938,Electrical Engineering 電機,NA
58259,58258,725,1927,Civil Engineering 土木,NA
58261,58260,498,1933,Electrical Engineering 電機,NA
58263,58262,498,1937,Chemical Engineering 化工,NA
58265,58264,235,1920,Civil Engineering 土木,NA
58269,58268,235,1930,Mechanical Engineering 機械,NA
58272,58271,821,1930,Mechanical Engineering 機械,NA
58276,58275,235,1926,Electrical Engineering 電機,NA
58285,58284,235,1937,Mechanical Engineering 機械,NA
58289,58288,692,1921,Civil Engineering 土木,NA
58298,58297,235,1938,Mechanical Engineering 機械,NA
58300,58299,561,1919,Textile Engineering 紡織,NA
58302,58301,12994,1913,Civil Engineering 土木,NA
58307,58306,1499,1938,Civil Engineering 土木,NA
58309,58308,529,1934,Mechanical Engineering 機械,NA
58312,58311,235,1933,Civil Engineering 土木,NA
58315,75087,2033,NA,Civil Engineering 土木,NA
58317,58316,855,1930,Chemical Engineering 化工,NA
58319,58318,1499,1936,Mining Engineering 礦冶,NA
58322,58321,675,1936,Civil Engineering 土木,NA
58324,58323,692,1931,Mechanical Engineering 機械,NA
58329,58328,725,1928,Electrical Engineering 電機,NA
58331,58330,2328,NA,Mechanical Engineering 機械,NA
58344,58341,1499,1928,Civil Engineering 土木,NA
58347,58346,18260,NA,Civil Engineering 土木,NA
58352,58351,692,1931,Civil Engineering 土木,NA
58356,58355,1730,1920,Radio Engineering 無線電,NA
58358,58357,235,1937,Electrical Engineering 電機,NA
58360,58359,692,1935,Mechanical Engineering 機械,NA
58367,58365,725,1916,Mining Engineering 礦冶,Zhuanke 專科
58369,58368,855,1925,Mechanical Engineering 機械,NA
58372,58371,1499,1931,Civil Engineering 土木,NA
58375,58374,725,1928,Electrical Engineering 電機,NA
58377,58376,529,1938,Electrical Engineering 電機,NA
58385,58384,235,1925,Electrical Engineering 電機,NA
58390,58389,498,1937,Chemical Engineering 化工,NA
58392,58391,692,1934,Civil Engineering 土木,NA
58395,58394,725,1926,Mechanical Engineering 機械,NA
58399,58396,1907,1915,Electrical Engineering 電機,NA
58414,58413,561,1926,Textile Engineering 紡織,NA
58416,58415,998,1928,Electrical Engineering 電機,NA
58424,58423,235,1939,Civil Engineering 土木,NA
58426,58425,229,1933,Civil Engineering 土木,NA
58430,58429,692,1934,Civil Engineering 土木,NA
58435,58434,855,1937,Electrical Engineering 電機,NA
58437,58436,855,1926,Mechanical Engineering 機械,NA
58442,58441,70078,1917,Civil Engineering 土木,NA
58456,58455,555,1939,Civil Engineering 土木,NA
58458,58457,1499,1932,Civil Engineering 土木,NA
58462,58461,725,1928,Electrical Engineering 電機,NA
58464,58463,2224,1919,Electrical Engineering 電機,NA
58477,58476,2224,1923,Mechanical Engineering 機械,NA
58478,58476,120,NA,Military Engineering 兵工機械,NA
58481,58480,1907,1924,Mechanical Engineering 機械,NA
58495,58494,649,1937,Hydraulic Engineering 水利,NA
58497,58496,855,1924,Chemical Engineering 化工,NA
58499,58498,725,1932,Mechanical Engineering 機械,NA
58501,58500,725,1927,Mining Engineering 礦冶,NA
58506,58505,70078,1922,Mining Engineering 礦冶,NA
58512,58511,725,1932,Mining Engineering 礦冶,NA
58516,58515,821,1935,Mechanical Engineering 機械,NA
58518,58517,725,1916,Mining Engineering 礦冶,Zhuanke 專科
58521,58519,561,1923,Textile Engineering 紡織,NA
58523,58522,692,1934,Mechanical Engineering 機械,NA
58529,58528,1499,1917,Civil Engineering 土木,NA
58531,58530,821,1932,Civil Engineering 土木,NA
58533,58532,2224,1938,Electrical Engineering 電機,NA
58535,58534,855,1926,Mechanical Engineering 機械,NA
58537,58536,4419,1936,Mining Engineering 礦冶,Zhuanke 專科
58544,58543,455,1937,Mechanical Engineering 機械,NA
58548,58547,516,1936,Chemical Engineering 化工,NA
58550,58549,692,1933,Civil Engineering 土木,NA
58553,58552,529,1939,Civil Engineering 土木,NA
58555,58554,1946,1926,Architecture 建築,NA
58559,58558,998,1936,Electrical Engineering 電機,NA
58561,58560,725,1935,Mechanical Engineering 機械,NA
58566,58565,725,1930,Mechanical Engineering 機械,NA
58568,58567,349,1935,Civil Engineering 土木,Zhuanke 專科
58570,58569,649,1930,unspecified,NA
58574,58573,675,1927,Civil Engineering 土木,NA
58576,58575,561,1917,Textile Engineering 紡織,NA
58578,58577,498,1930,Mechanical Engineering 機械,NA
58580,58579,235,1929,Electrical Engineering 電機,NA
58581,58579,171,1930,Electrical Engineering 電機,Master 碩士
58582,58579,195,1931,unspecified,Research 研究
58585,58584,692,1935,Civil Engineering 土木,NA
58587,58586,498,1936,Chemical Engineering 化工,NA
58589,58588,516,1939,Electrical Engineering 電機,NA
58591,58590,235,1935,Electrical Engineering 電機,NA
58594,58593,3530,1926,Electrical Engineering 電機,NA
58596,58595,555,1939,Electrical Engineering 電機,NA
58598,58597,23158,1929,Naval Architecture 造船,NA
58614,58613,235,1920,Civil Engineering 土木,NA
58623,58622,2224,1916,Electrical Engineering 電機,NA
58637,58636,1499,1932,Civil Engineering 土木,NA
58640,58639,725,1923,Mechanical Engineering 機械,NA
58644,58643,46713,1912,Mechanical Engineering 機械,NA
58659,58658,58662,1914,Mechanical Engineering 機械,NA
58678,58677,855,1926,Chemical Engineering 化工,NA
58680,58679,725,1911,Mining Engineering 礦冶,NA
58682,58681,692,1933,Mechanical Engineering 機械,NA
58686,58685,190,NA,Mechanical Engineering 機械,NA
58687,58685,195,1924,Civil Engineering 土木,Bachelor 學士
58700,58699,1730,1912,Civil Engineering 土木,NA
58703,58702,498,1935,Mechanical Engineering 機械,NA
58705,58704,498,1935,Mechanical Engineering 機械,NA
58707,58706,349,NA,Telecommunications 電信,Zhuanke 專科
58709,58708,197,1924,Mining Engineering 礦冶,NA
58710,58708,9076,NA,Mining Engineering 礦冶,Master 碩士
58717,58716,1499,1932,Civil Engineering 土木,NA
58724,58723,1516,1936,Mechanical Engineering 機械,NA
58728,58727,349,1937,Mechanical Engineering 機械,NA
58730,58729,649,1935,unspecified,NA
58735,58734,58736,1923,Mechanical Engineering 機械,NA
58741,58740,692,1930,Mining Engineering 礦冶,NA
58745,58744,692,1932,Civil Engineering 土木,NA
58756,58755,561,1926,Textile Engineering 紡織,NA
58765,58764,561,1927,Textile Engineering 紡織,NA
58768,58767,1499,1922,Civil Engineering 土木,NA
58769,58767,152,1923,Civil Engineering 土木,Master 碩士
58783,58782,561,1929,Textile Engineering 紡織,NA
58785,58784,54023,1910,Mining Engineering 礦冶,NA
58796,58795,70078,1922,Civil Engineering 土木,NA
58799,58798,516,1935,Civil Engineering 土木,NA
58802,58800,649,1935,unspecified,NA
58807,58801,115,1937,Civil Engineering 土木,NA
58809,58808,3073,1937,Mining Engineering 礦冶,NA
58811,58810,455,1933,Chemical Engineering 化工,NA
58815,58814,2328,1926,Chemical Engineering 化工,NA
58818,58817,516,1939,Mechanical Engineering 機械,NA
58820,58819,349,1938,Architecture 建築,NA
58822,58821,455,1931,Architecture 建築,NA
58824,58823,235,1924,Electrical Engineering 電機,NA
58825,58823,171,1929,Telecommunications 電訊,Master 碩士
58841,58840,675,1938,Civil Engineering 土木,NA
58843,58842,3073,1934,Mining Engineering 礦冶,NA
58846,58845,235,1939,Mechanical Engineering 機械,NA
58848,58847,498,1931,Chemical Engineering 化工,NA
58854,58853,455,1931,Civil Engineering 土木,NA
58857,58856,2328,1935,Electrical Engineering 電機,NA
58860,58859,725,1928,Civil Engineering 土木,NA
58862,58861,516,1939,Architecture 建築,NA
58864,58863,349,1938,Mechanical Engineering 機械,NA
58866,58865,821,1937,Civil Engineering 土木,NA
58868,58867,692,1934,Civil Engineering 土木,NA
58872,58871,229,1935,Electrical Engineering 電機,NA
58875,58874,455,1930,Civil Engineering 土木,NA
58877,58876,725,1937,Mechanical Engineering 機械,NA
58879,58878,855,1931,Chemical Engineering 化工,NA
58881,58880,692,1937,Civil Engineering 土木,NA
58883,58882,58884,1924,unspecified,NA
58889,58888,455,1930,Civil Engineering 土木,NA
58893,58892,70078,1922,Civil Engineering 土木,NA
58895,58894,2876,1935,Civil Engineering 土木,NA
58898,58897,152,NA,Civil Engineering 土木,Master 碩士
58910,58909,7349,1922,Civil Engineering 土木,NA
58917,58916,692,1938,Mechanical Engineering 機械,NA
58919,58918,235,1933,Civil Engineering 土木,NA
58922,58921,876,1935,Civil Engineering 土木,NA
58924,58923,2888,1939,Civil Engineering 土木,NA
58926,58925,1499,1916,Civil Engineering 土木,NA
58928,58927,58929,NA,Mechanical Engineering 機械,NA
58931,58927,195,NA,Mechanical Engineering 機械,Master 碩士
58936,58935,2224,1935,Electrical Engineering 電機,NA
58941,58940,1310,1920,Electrical Engineering 電機,NA
58946,58945,1499,1921,Civil Engineering 土木,NA
58950,58949,235,1933,Civil Engineering 土木,NA
58954,58952,516,1936,Chemical Engineering 化工,NA
58957,58956,349,1938,Civil Engineering 土木,Zhuanke 專科
58959,58958,1730,1912,Civil Engineering 土木,NA
58961,58960,725,1926,Mechanical Engineering 機械,NA
58964,58963,692,1925,Civil Engineering 土木,NA
58967,58966,725,1933,Electrical Engineering 電機,NA
58969,58968,235,1936,Civil Engineering 土木,NA
58973,58972,235,1936,Civil Engineering 土木,NA
58975,58974,349,1937,Civil Engineering 土木,Zhuanke 專科
58978,58977,692,1934,Mechanical Engineering 機械,NA
58982,58981,1269,1936,Mechanical Engineering 機械,NA
58985,58983,1730,1915,Electrical Engineering 電機,NA
58987,58986,349,1935,Civil Engineering 土木,Zhuanke 專科
58989,58988,2888,1939,Mechanical Engineering 機械,NA
58991,58990,1499,1939,Civil Engineering 土木,NA
58993,58992,44887,1937,Chemical Engineering 化工,NA
58995,58994,901,1928,Science (unspecified),NA
58996,58994,13527,1929,Mechanical Engineering 機械,NA
58997,58994,198,1930,Mechanical Engineering 機械,Master 碩士
59008,59007,561,1923,Textile Engineering 紡織,NA
59010,59009,17964,1924,Mining Engineering 礦冶,NA
59020,59019,725,1932,Mining Engineering 礦冶,NA
59022,59021,1310,1917,Chemical Engineering 化工,NA
59025,59024,821,1934,Civil Engineering 土木,NA
59027,59026,235,1932,Mechanical Engineering 機械,NA
59032,59031,516,1936,Civil Engineering 土木,NA
59034,59033,2224,1922,Civil Engineering 土木,NA
59036,59035,2888,1939,Mechanical Engineering 機械,NA
59038,59037,561,1936,Chemical Engineering 化工,NA
59041,59040,235,1936,Mechanical Engineering 機械,NA
59044,59043,1730,1915,Electrical Engineering 電機,NA
59046,59045,1730,1918,Electrical Engineering 電機,NA
59048,59047,555,1939,Electrical Engineering 電機,NA
59050,59049,855,1928,Chemical Engineering 化工,NA
59052,59051,725,1931,Mechanical Engineering 機械,NA
59054,59053,692,1936,Mechanical Engineering 機械,NA
59058,59057,455,1939,Civil Engineering 土木,NA
59060,59059,1499,1937,Civil Engineering 土木,NA
59062,59061,70078,1913,Civil Engineering 土木,NA
59064,59063,855,1923,Mechanical Engineering 機械,NA
59073,59071,725,1937,Mechanical Engineering 機械,NA
59075,59074,675,1935,Civil Engineering 土木,NA
59077,59076,498,1936,Electrical Engineering 電機,NA
59079,59078,498,1935,Mechanical Engineering 機械,NA
59081,59080,235,1924,Mechanical Engineering 機械,NA
59083,59082,520,1916,Civil Engineering 土木,NA
59091,59089,1730,1914,Radio Engineering 無線電,NA
59103,59101,4718,1918,Electrical Engineering 電機,NA
59119,59118,2888,1939,Mechanical Engineering 機械,NA
59121,59120,235,1914,Civil Engineering 土木,NA
59125,59124,59126,1925,Mechanical Engineering 機械,NA
59129,59128,855,1925,Mechanical Engineering 機械,NA
59131,59130,998,1933,Civil Engineering 土木,NA
59133,59132,349,1935,Civil Engineering 土木,Zhuanke 專科
59135,59134,2328,1910,Mechanical Engineering 機械,NA
59139,59138,998,1935,Electrical Engineering 電機,NA
59144,59143,561,1920,Textile Engineering 紡織,NA
59146,59145,855,1924,Mechanical Engineering 機械,NA
59148,59147,837,1925,Mining Engineering 礦冶,NA
59154,59153,498,1934,Electrical Engineering 電機,NA
59158,59157,692,1920,Mining Engineering 礦冶,NA
59168,59167,725,1919,Civil Engineering 土木,NA
59170,59169,529,1936,Civil Engineering 土木,NA
59174,59173,725,1927,Mining Engineering 礦冶,NA
59176,59175,1730,1912,Civil Engineering 土木,NA
59178,59177,498,1930,Mechanical Engineering 機械,NA
59181,59179,498,1933,Mechanical Engineering 機械,NA
59183,59182,235,1935,Electrical Engineering 電機,NA
59187,59186,725,1920,Mining Engineering 礦冶,NA
59189,59188,18350,1916,Textile Engineering 紡織,NA
59193,59192,4581,1927,Civil Engineering 土木,NA
59203,59202,235,1938,Electrical Engineering 電機,NA
59205,59204,349,1937,Telecommunications 電訊,NA
59207,59206,901,1938,Civil Engineering 土木,NA
59210,59209,7087,1934,Turbine 輪機,NA
59212,59211,455,1934,Civil Engineering 土木,NA
59215,59214,649,1932,unspecified,NA
59218,59217,1730,1912,Civil Engineering 土木,NA
59220,59219,195,1924,Mechanical Engineering 機械,Bachelor 學士
59230,59229,7349,1917,Civil Engineering 土木,NA
59233,59232,1307,1919,Civil Engineering 土木,NA
59235,59234,725,1917,Mechanical Engineering 機械,NA
59237,59236,455,1930,Civil Engineering 土木,NA
59240,59239,120,1919,Mechanical Engineering 機械,NA
59249,59248,529,1931,Civil Engineering 土木,NA
59252,59251,2328,1933,Textile Engineering 紡織,NA
59257,59256,455,1933,Electrical Engineering 電機,NA
59258,59256,59261,NA,unspecified,NA
59266,59265,529,1930,Electrical Engineering 電機,NA
59269,59268,498,1931,Mechanical Engineering 機械,NA
59271,59270,725,1922,Mechanical Engineering 機械,NA
59279,59278,1907,1924,Chemical Engineering 化工,NA
59283,59282,235,1921,Electrical Engineering 電機,NA
59284,59282,171,1930,unspecified,Research 研究
59295,59294,1730,1919,Telecommunications 電訊,NA
59297,59296,1307,1919,Mechanical Engineering 機械,NA
59298,59296,31951,1926,Mechanical Engineering 機械,NA
59309,59307,349,1935,Civil Engineering 土木,NA
59311,59310,10230,NA,Electrical Engineering 電機,NA
59312,59310,4599,NA,Radio Engineering 無線電,NA
59322,59321,1499,1933,Civil Engineering 土木,NA
59326,59324,1730,1912,Telecommunications 電訊,NA
59329,59328,1499,1926,Civil Engineering 土木,NA
59335,59334,2876,1935,Civil Engineering 土木,NA
59337,59336,455,1939,Civil Engineering 土木,NA
59339,59338,2888,1939,Mechanical Engineering 機械,NA
59341,59340,1310,1911,Mechanical Engineering 機械,NA
59349,59348,1269,1939,Electrical Engineering 電機,NA
59351,59350,498,1936,Textile Engineering 紡織,NA
59353,59352,32646,1911,Civil Engineering 土木,NA
59362,59361,235,1926,Electrical Engineering 電機,NA
59371,59370,2224,1938,Electrical Engineering 電機,NA
59373,59372,529,1938,Civil Engineering 土木,NA
59375,59374,1253,1930,Civil Engineering 土木,NA
59380,59379,120,NA,Mechanical Engineering 機械,NA
59388,59386,1499,1936,Mining Engineering 礦冶,NA
59392,59391,2004,1937,Mechanical Engineering 機械,NA
59394,59393,692,1920,Civil Engineering 土木,NA
59397,59396,675,NA,Civil Engineering 土木,NA
59400,59399,235,1924,Mechanical Engineering 機械,NA
59405,59404,2224,1927,Mechanical Engineering 機械,NA
59406,59404,155,1930,Mechanical Engineering 機械,NA
59417,59415,195,1915,Sanitary Engineering,Bachelor 學士
59430,59428,2224,1939,Electrical Engineering 電機,NA
59432,59431,59433,1934,Chemical Engineering 化工,NA
59436,59435,455,1931,Electrical Engineering 電機,NA
59439,59438,4419,1936,Mining Engineering 礦冶,NA
59441,59440,70078,1922,Mining Engineering 礦冶,NA
59443,59442,20270,NA,Mining Engineering 礦冶,NA
59450,59449,2224,1921,Mechanical Engineering 機械,NA
59454,59453,354,1938,Mechanical Engineering 機械,NA
59457,59455,725,1935,Mechanical Engineering 機械,NA
59459,59458,3530,1925,Electrical Engineering 電機,NA
59462,59461,561,1927,Textile Engineering 紡織,NA
59468,59467,998,1935,Chemical Engineering 化工,NA
59470,59469,876,1934,Civil Engineering 土木,NA
59472,59471,901,1934,Civil Engineering 土木,NA
59474,59473,349,1937,Telecommunications 電訊,NA
59476,59475,876,1934,Civil Engineering 土木,NA
59478,59477,520,1933,Mining Engineering 礦冶,NA
59481,59480,235,1924,Electrical Engineering 電機,NA
59485,59484,855,1924,Chemical Engineering 化工,NA
59488,59486,1269,1939,Civil Engineering 土木,NA
59490,59489,2033,1900,Civil Engineering 土木,NA
59492,59491,235,1936,Mechanical Engineering 機械,NA
59494,59493,529,1935,Civil Engineering 土木,NA
59497,59496,692,1923,Civil Engineering 土木,NA
59505,59504,692,1928,Civil Engineering 土木,NA
59506,59504,12116,NA,unspecified,Research 研究
59508,59507,354,1935,Civil Engineering 土木,NA
59511,59510,229,1934,Civil Engineering 土木,NA
59513,59512,455,1934,Electrical Engineering 電機,NA
59515,59514,994,1936,Civil Engineering 土木,NA
59517,59516,1730,NA,Telecommunications 電訊,NA
59519,59518,235,1930,Mechanical Engineering 機械,NA
59522,59521,1269,1937,Chemical Engineering 化工,NA
59524,59523,692,1922,Mining Engineering 礦冶,NA
59528,59527,2224,1925,Civil Engineering 土木,NA
59532,59531,998,1933,Electrical Engineering 電機,NA
59535,59534,44085,1933,Chemical Engineering 化工,NA
59538,59537,235,1920,Civil Engineering 土木,NA
59548,59547,455,1937,Mechanical Engineering 機械,NA
59551,59550,1730,1915,Radio Engineering 無線電,NA
59553,59552,235,1933,Mechanical Engineering 機械,NA
59555,59554,3530,1926,Chemical Engineering 化工,NA
59558,59557,235,1933,Civil Engineering 土木,NA
59564,59563,115,1938,Electrical Engineering 電機,NA
59566,59565,692,1933,Civil Engineering 土木,NA
59570,59569,498,1932,Electrical Engineering 電機,NA
59579,59578,1310,1915,Chemical Engineering 化工,NA
59582,59581,821,1933,Civil Engineering 土木,NA
59584,59583,855,1925,Mechanical Engineering 機械,NA
59586,59585,725,1928,Mining Engineering 礦冶,NA
59591,59590,692,1926,Mining Engineering 礦冶,NA
59599,59598,44887,1932,Chemical Engineering 化工,NA
59602,59601,725,1927,Civil Engineering 土木,NA
59604,59603,5390,1919,Textile Engineering 紡織,NA
59607,59606,1516,1936,Civil Engineering 土木,NA
59609,59608,498,1930,Chemical Engineering 化工,NA
59611,59610,821,1931,Electrical Engineering 電機,NA
59613,59612,235,1930,Electrical Engineering 電機,NA
59614,59612,155,NA,Electrical Engineering 電機,Doctor 博士
59621,59620,1730,1920,Telecommunications 電信,NA
59623,59622,675,1934,Civil Engineering 土木,NA
59625,59624,725,1918,Mining Engineering 礦冶,NA
59633,59632,516,1935,Civil Engineering 土木,NA
59635,59634,498,1938,Mechanical Engineering 機械,NA
59637,59636,3530,1923,Mechanical Engineering 機械,NA
59642,59641,235,1939,Electrical Engineering 電機,NA
59644,59643,235,1936,Electrical Engineering 電機,NA
59646,59645,998,1938,Chemical Engineering 化工,NA
59648,59647,1730,1916,Civil Engineering 土木,NA
59651,59650,516,1939,Electrical Engineering 電機,NA
59653,59652,3044,1936,Civil Engineering 土木,NA
59655,59654,855,1929,Chemical Engineering 化工,NA
59657,59656,2876,1938,Civil Engineering 土木,NA
59659,59658,516,1939,Architecture 建築,NA
59661,59660,27717,1920,Electrical Engineering 電機,NA
59662,59660,2121,1923,Electrical Engineering 電機,Doctor 博士
59678,59677,455,1930,Civil Engineering 土木,NA
59680,59679,235,1925,Electrical Engineering 電機,NA
59694,59693,451,1937,Civil Engineering 土木,NA
59696,59695,1499,1922,Civil Engineering 土木,NA
59700,59699,1742,1937,Civil Engineering 土木,NA
59703,59701,455,1933,Civil Engineering 土木,NA
59705,59704,561,1937,Textile Engineering 紡織,NA
59707,59706,70078,1922,Civil Engineering 土木,NA
59712,59710,2876,1935,Civil Engineering 土木,NA
59714,59713,195,1923,Mechanical Engineering 機械,Bachelor 學士
59715,59713,59716,1923,Mechanical Engineering 機械,NA
59722,59721,855,1925,Mechanical Engineering 機械,NA
59724,59723,692,1934,Civil Engineering 土木,NA
59726,59725,998,1933,Civil Engineering 土木,NA
59729,59728,455,1929,Civil Engineering 土木,NA
59735,59734,7349,1922,Civil Engineering 土木,NA
59738,59737,725,1925,Mechanical Engineering 機械,NA
59740,59739,455,1929,Civil Engineering 土木,NA
59743,59742,1907,1928,Chemical Engineering 化工,NA
59751,59750,235,1925,Mechanical Engineering 機械,NA
59755,59754,2328,1934,Chemical Engineering 化工,NA
59758,59757,516,1936,Civil Engineering 土木,NA
59760,59759,229,1923,Civil Engineering 土木,NA
59764,59763,179,NA,Mechanical Engineering 機械,NA
59767,59766,195,1921,Electrical Engineering 電機,Bachelor 學士
59768,59766,171,NA,Electrical Engineering 電機,Master 碩士
59777,59776,498,1936,Mechanical Engineering 機械,NA
59779,59778,1499,1932,Civil Engineering 土木,NA
59782,59781,195,1919,Electrical Engineering 電機,Bachelor 學士
59789,59788,227,1925,Architecture 建築,NA
59790,59788,227,1926,Architecture 建築,Master 碩士
59795,59794,70078,1917,Civil Engineering 土木,NA
59798,59797,649,1930,unspecified,NA
59802,59801,821,1934,Electrical Engineering 電機,NA
59805,59804,451,1938,Civil Engineering 土木,NA
59807,59806,821,1935,Civil Engineering 土木,NA
59812,59811,2224,1921,Civil Engineering 土木,NA
59814,59813,725,1918,Mechanical Engineering 機械,NA
59830,59829,725,1934,Civil Engineering 土木,NA
59832,59831,455,1933,Civil Engineering 土木,NA
59834,59833,229,1933,Civil Engineering 土木,NA
59836,59835,1730,1919,Telecommunications 電信,NA
59840,59839,1499,1928,Civil Engineering 土木,NA
59847,59846,1499,1927,Civil Engineering 土木,NA
59850,59849,235,1930,Mechanical Engineering 機械,NA
59857,59856,1730,1918,Electrical Engineering 電機,NA
59859,59858,692,1933,Mechanical Engineering 機械,NA
59862,59860,6977,1913,Civil Engineering 土木,NA
59875,59874,235,1924,Electrical Engineering 電機,NA
59880,59879,529,1934,Civil Engineering 土木,NA
59882,59881,426,1939,Civil Engineering 土木,NA
59884,59883,876,1937,Electrical Engineering 電機,NA
59886,59885,2328,1934,Electrical Engineering 電機,NA
59889,59888,994,NA,Mechanical Engineering 機械,NA
59890,59888,34468,NA,Mechanical Engineering 機械,NA
59891,59888,198,1926,Mechanical Engineering 機械,Master 碩士
59901,59900,994,1935,Civil Engineering 土木,NA
59903,59902,692,1930,Civil Engineering 土木,NA
59907,59906,692,1937,Electrical Engineering 電機,NA
59909,59908,692,1934,Civil Engineering 土木,NA
59912,59911,1499,1933,Civil Engineering 土木,NA
59914,59913,12138,NA,Textile Engineering 紡織,NA
59920,59918,520,1937,Civil Engineering 土木,NA
59922,59921,516,1936,Civil Engineering 土木,NA
59924,59923,692,1932,Civil Engineering 土木,NA
59928,59926,70078,1922,Mining Engineering 礦冶,NA
59935,59934,692,1924,Civil Engineering 土木,NA
59945,59944,555,1939,Electrical Engineering 電機,NA
59947,59946,821,1934,Mechanical Engineering 機械,NA
59949,59948,855,1924,Chemical Engineering 化工,NA
59952,59951,1730,1914,Radio Engineering 無線電,NA
59954,59953,70078,1919,Mining Engineering 礦冶,NA
59956,59955,235,1925,Mechanical Engineering 機械,NA
59965,59964,5740,1923,Mining Engineering 礦冶,NA
59978,59977,455,1934,Electrical Engineering 電機,NA
59985,59984,455,1935,Civil Engineering 土木,NA
59989,59988,516,1939,Mechanical Engineering 機械,NA
59993,59992,1310,NA,Chemical Engineering 化工,NA
60008,60007,349,1937,Telecommunications 電信,Zhuanke 專科
60010,60009,483,1931,Chemical Engineering 化工,NA
60011,60009,42524,1934,unspecified,NA
60012,60009,190,NA,Mining Engineering 礦冶,Research 研究
60017,60016,675,NA,Civil Engineering 土木,NA
60019,60018,349,1937,Chemical Engineering 化工,NA
60022,60020,349,NA,Telecommunications 電信,Zhuanke 專科
60024,60023,516,1939,Mechanical Engineering 機械,NA
60028,60025,1310,1922,Chemical Engineering 化工,NA
60042,60041,994,NA,Civil Engineering 土木,NA
60044,60043,7349,1921,Civil Engineering 土木,NA
60047,60046,516,1939,Architecture 建築,NA
60049,60048,483,1936,Chemical Engineering 化工,NA
60050,60048,198,1938,Chemical Engineering 化工,Master 碩士
60051,60048,14999,NA,unspecified,Research 研究
60058,60057,516,1939,Civil Engineering 土木,NA
60060,60059,150,NA,Mining Engineering 礦冶,NA
60065,60064,725,1933,Mining Engineering 礦冶,NA
60067,60066,1499,1939,Civil Engineering 土木,NA
60069,60068,649,1937,unspecified,NA
60071,60070,855,1930,Mechanical Engineering 機械,NA
60078,60077,2888,1939,Civil Engineering 土木,NA
60080,60079,725,1933,Civil Engineering 土木,NA
60082,60081,725,1925,Mechanical Engineering 機械,NA
60084,60083,725,1927,Mining Engineering 礦冶,NA
60090,60089,725,1916,Mining Engineering 礦冶,NA
60093,60092,229,1936,Mechanical Engineering 機械,NA
60095,60094,649,NA,unspecified,NA
60100,60098,821,1935,Mechanical Engineering 機械,NA
60102,60101,229,1937,Mechanical Engineering 機械,NA
60103,60101,455,1939,Mechanical Engineering 機械,特別班
60105,60104,2328,NA,Chemical Engineering 化工,NA
60112,60111,675,1937,Civil Engineering 土木,NA
60114,60113,1730,1917,Wire Telecommunications 有線電,工程班
60116,60115,837,1926,Mining Engineering 礦冶,NA
60126,60125,235,1936,Mechanical Engineering 機械,NA
60128,60127,561,1917,Textile Engineering 紡織,NA
60130,60129,235,1926,Mechanical Engineering 機械,NA
60136,60135,235,1935,Mechanical Engineering 機械,NA
60139,60138,561,1939,Textile Engineering 紡織,NA
60141,60140,115,1935,Electrical Engineering 電機,NA
60143,60142,235,1939,Civil Engineering 土木,NA
60145,60144,1730,1920,Radio Engineering 無線電,NA
60147,60146,115,1939,Mechanical Engineering 機械,NA
60149,60148,349,1937,Telecommunications 電信,Zhuanke 專科
60151,60150,1730,1912,Civil Engineering 土木,NA
60153,60152,235,1932,Electrical Engineering 電機,NA
60165,60164,901,1934,Civil Engineering 土木,NA
60168,60167,1679,1937,Civil Engineering 土木,NA
60170,60169,1499,1921,Mechanical Engineering 機械,NA
60179,60178,998,1931,Civil Engineering 土木,NA
60181,60180,998,1937,Electrical Engineering 電機,NA
60185,60184,195,1922,Electrical Engineering 電機,Bachelor 學士
60194,60193,235,1925,Electrical Engineering 電機,NA
60199,60198,354,1935,Civil Engineering 土木,NA
60204,60203,455,1937,Civil Engineering 土木,NA
60206,60205,561,1935,Textile Engineering 紡織,NA
60208,60207,561,1925,Textile Engineering 紡織,NA
60211,60210,529,1931,Civil Engineering 土木,NA
60216,60215,1730,1920,Telecommunications 電訊,NA
60218,60217,725,1932,Mechanical Engineering 機械,NA
60222,60221,14873,1935,Civil Engineering 土木,NA
60232,60231,725,1933,Civil Engineering 土木,NA
60235,60233,426,1937,Civil Engineering 土木,NA
60237,60236,35792,1912,Mining Engineering 礦冶,NA
60256,60255,561,1930,Textile Engineering 紡織,NA
60259,60258,821,1935,Civil Engineering 土木,NA
60261,60260,561,1929,Textile Engineering 紡織,NA
60265,60264,2328,1935,Chemical Engineering 化工,NA
60268,60267,692,1933,Mechanical Engineering 機械,NA
60271,60270,855,1928,Chemical Engineering 化工,NA
60273,60272,5740,1924,Mining Engineering 礦冶,NA
60284,60283,426,1937,Civil Engineering 土木,NA
60286,60285,725,1927,Civil Engineering 土木,NA
60288,60287,498,1929,Textile Engineering 紡織,NA
60290,60289,41437,1917,Mechanical Engineering 機械,NA
60291,60289,6140,1924,Civil Engineering 土木,NA
60297,60296,235,1930,Electrical Engineering 電機,NA
60302,60301,692,1930,Mining Engineering 礦冶,NA
60310,60309,821,1929,Mechanical Engineering 機械,NA
60312,60311,4925,1910,Electrical Engineering 電機,NA
60325,60324,235,1932,Civil Engineering 土木,NA
60327,60326,725,1928,Electrical Engineering 電機,NA
60329,60328,115,NA,Civil Engineering 土木,NA
60330,60328,60331,NA,unspecified,NA
60349,60348,151,1926,Electrical Engineering 電機,NA
60360,60358,561,1932,Textile Engineering 紡織,NA
60364,60363,855,1929,Mechanical Engineering 機械,NA
60366,60365,498,1937,Mechanical Engineering 機械,NA
60368,60367,227,1928,Mechanical Engineering 機械,NA
60369,60367,198,1931,Mechanical Engineering 機械,Master 碩士
60377,60376,498,1937,Electrical Engineering 電機,NA
60379,60378,2328,1937,Electrical Engineering 電機,NA
60381,60380,455,1934,Civil Engineering 土木,NA
60384,60383,855,1932,Chemical Engineering 化工,NA
60386,60385,1499,1934,Civil Engineering 土木,NA
60388,60387,229,1934,Civil Engineering 土木,NA
60392,60391,725,1936,Civil Engineering 土木,NA
60394,60393,725,1936,Mining Engineering 礦冶,NA
60396,60395,692,1925,Civil Engineering 土木,NA
60405,60403,1499,1918,Civil Engineering 土木,NA
60409,60407,70078,1929,Civil Engineering 土木,NA
60412,60411,725,1926,Mechanical Engineering 機械,NA
60414,60413,692,1926,Civil Engineering 土木,NA
60417,60416,994,1937,Civil Engineering 土木,NA
60419,60418,349,1937,Architecture 建築,NA
60421,60420,2224,1936,Electrical Engineering 電機,NA
60423,60422,455,1934,Civil Engineering 土木,NA
60428,60426,1253,1929,Civil Engineering 土木,NA
60430,60429,498,1931,Mechanical Engineering 機械,NA
60433,60432,821,1931,Mechanical Engineering 機械,NA
60435,60434,1730,1912,Telecommunications 電訊,NA
60437,60436,2224,1934,Electrical Engineering 電機,NA
60442,60441,821,NA,Mechanical Engineering 機械,NA
60444,60443,2876,1938,Civil Engineering 土木,NA
60446,60445,198,1916,Civil Engineering 土木,Master 碩士
60461,60460,998,1934,Civil Engineering 土木,NA
60466,60465,235,1934,Electrical Engineering 電機,NA
60468,60467,349,1938,Civil Engineering 土木,Zhuanke 專科
60470,60469,498,1935,Electrical Engineering 電機,NA
60473,60472,1269,1938,Chemical Engineering 化工,NA
60476,60475,692,1930,Mining Engineering 礦冶,NA
60479,60474,529,1938,Mechanical Engineering 機械,NA
60482,60480,1730,1912,Telecommunications 電信,NA
60484,60483,213,1928,Civil Engineering 土木,NA
60492,60491,1730,1916,Civil Engineering 土木,NA
60494,60493,3044,1938,Civil Engineering 土木,NA
60496,60495,1516,1937,Mechanical Engineering 機械,NA
60498,60497,516,1936,Civil Engineering 土木,NA
60500,60499,151,NA,Chemical Engineering 化工,NA
60504,60503,2888,1939,Mechanical Engineering 機械,NA
60506,60505,1499,1928,Civil Engineering 土木,NA
60507,60505,152,1930,Civil Engineering 土木,Master 碩士
60516,60515,4599,1923,Electrical Engineering 電機,NA
60524,60523,354,1937,Civil Engineering 土木,NA
60526,60525,2004,1939,Mechanical Engineering 機械,NA
60528,60527,498,1931,Chemical Engineering 化工,NA
60531,60530,235,1914,Civil Engineering 土木,NA
60535,60534,235,1917,Civil Engineering 土木,NA
60538,60537,2876,1939,Civil Engineering 土木,NA
60540,60539,120,1925,Mechanical Engineering 機械,NA
60551,60550,235,1933,Civil Engineering 土木,NA
60554,60553,150,1924,Mining Engineering 礦冶,NA
60570,60569,1499,1938,Civil Engineering 土木,NA
60572,60571,561,1939,Textile Engineering 紡織,NA
60574,60573,235,1924,Electrical Engineering 電機,NA
60576,60575,2102,1930,Chemical Engineering 化工,NA
60580,60579,2224,1937,Electrical Engineering 電機,NA
60586,60584,498,1932,Chemical Engineering 化工,NA
60588,60587,837,1926,Mining Engineering 礦冶,NA
60594,60593,235,1935,Mechanical Engineering 機械,NA
60595,60583,229,1935,Civil Engineering 土木,NA
60598,60597,2224,1919,Mechanical Engineering 機械,NA
60606,60603,235,1935,Civil Engineering 土木,NA
60608,60605,229,1933,Civil Engineering 土木,NA
60611,60610,561,1936,Textile Engineering 紡織,NA
60618,60617,4419,1937,Mining Engineering 礦冶,NA
60624,60623,529,1930,Civil Engineering 土木,NA
60628,60627,561,1935,Textile Engineering 紡織,NA
60631,60629,235,1936,Mechanical Engineering 機械,NA
60634,60633,70078,1913,Mining Engineering 礦冶,NA
60636,60635,998,1939,Civil Engineering 土木,NA
60638,60637,78002,1924,Electrical Engineering 電機,NA
60642,60609,2224,1933,Electrical Engineering 電機,NA
60645,60643,2888,1939,Civil Engineering 土木,NA
60653,60646,1730,1917,Radio Engineering 無線電,NA
60656,60654,235,1934,Mechanical Engineering 機械,NA
60662,60660,7349,1920,Civil Engineering 土木,NA
60668,60667,876,1936,Electrical Engineering 電機,NA
60672,60671,1310,1920,Textile Engineering 紡織,NA
60676,60675,498,1932,Electrical Engineering 電機,NA
60678,60677,1679,1937,Civil Engineering 土木,NA
60680,60679,1499,1916,Civil Engineering 土木,NA
60692,60691,1499,1927,Civil Engineering 土木,NA
60695,60694,692,1921,Mining Engineering 礦冶,NA
60697,60696,235,1936,Electrical Engineering 電機,NA
60699,60698,455,1930,Civil Engineering 土木,NA
60701,60700,235,1934,Mechanical Engineering 機械,NA
60704,60703,1310,1906,Electrical Engineering 電機,NA
60706,60705,276,1932,Mechanical Engineering 機械,NA
60718,60717,1499,1930,Civil Engineering 土木,NA
60721,60720,7133,1933,Electrical Engineering 電機,NA
60731,60730,1730,1920,Radio Engineering 無線電,NA
60734,60733,235,1914,Electrical Engineering 電機,NA
60735,60733,152,NA,Electrical Engineering 電機,Master 碩士
60738,60737,2224,1922,Mechanical Engineering 機械,NA
60743,60742,235,1912,Civil Engineering 土木,NA
60745,60744,235,1926,Electrical Engineering 電機,NA
60747,60746,1907,1920,Chemical Engineering 化工,NA
60757,60756,235,1936,Civil Engineering 土木,NA
60759,60758,455,1932,Civil Engineering 土木,NA
60761,60760,4908,1931,Chemical Engineering 化工,NA
60762,60760,60763,1936,unspecified,Research 研究
60769,60768,1730,1920,Telecommunications 電信,NA
60771,60770,2004,1937,Civil Engineering 土木,NA
60775,60774,235,1915,Electrical Engineering 電機,NA
60789,60788,692,1938,Civil Engineering 土木,NA
60791,60790,561,1920,Textile Engineering 紡織,NA
60793,60792,998,1935,Civil Engineering 土木,NA
60795,60794,675,1928,Civil Engineering 土木,NA
60798,60797,2224,1921,Civil Engineering 土木,NA
60809,60808,212,1922,Civil Engineering 土木,NA
60826,60825,5740,1923,Mining Engineering 礦冶,NA
60832,60831,998,1931,Electrical Engineering 電機,NA
60834,60833,855,1931,Chemical Engineering 化工,NA
60836,60835,1730,1917,Radio Engineering 無線電,NA
60838,60837,675,1939,Civil Engineering 土木,NA
60840,60839,998,1935,Electrical Engineering 電機,NA
60843,60842,349,1938,Architecture 建築,NA
60845,60844,498,1936,Mechanical Engineering 機械,NA
60848,60847,1499,1937,Civil Engineering 土木,NA
60851,60850,455,1935,Civil Engineering 土木,NA
60854,60853,235,1910,Civil Engineering 土木,NA
60855,60853,4718,NA,Mining Engineering 礦冶,NA
60869,60868,235,1929,Mechanical Engineering 機械,NA
60879,60878,561,1936,Textile Engineering 紡織,NA
60881,60880,725,1933,Civil Engineering 土木,NA
60883,60882,1730,1920,Radio Engineering 無線電,NA
60896,60895,692,1931,Mining Engineering 礦冶,NA
60901,60900,529,1938,Civil Engineering 土木,NA
60903,60902,498,1937,Textile Engineering 紡織,NA
60905,60904,2004,1937,Mechanical Engineering 機械,NA
60907,60906,5740,1929,Mining Engineering 礦冶,NA
60913,60912,821,1929,Electrical Engineering 電機,NA
60923,60922,998,1937,Mechanical Engineering 機械,NA
60927,60926,1907,1923,Chemical Engineering 化工,NA
60931,60930,227,1925,Chemical Engineering 化工,NA
60932,60930,38101,1926,Chemical Engineering 化工,Master 碩士
60948,60947,70078,1916,Civil Engineering 土木,NA
60950,60949,692,1928,Civil Engineering 土木,NA
60953,60952,60954,1909,Civil Engineering 土木,NA
60964,60963,229,1936,Civil Engineering 土木,NA
60967,60966,70078,1916,Civil Engineering 土木,NA
60970,60968,821,1931,Mechanical Engineering 機械,NA
60974,60973,349,1937,Telecommunications 電信,NA
60976,60975,821,1938,Civil Engineering 土木,NA
60978,60977,675,NA,Civil Engineering 土木,NA
60980,60979,235,1933,Civil Engineering 土木,NA
60982,60981,2224,1927,Mechanical Engineering 機械,NA
60984,60983,235,1914,Electrical Engineering 電機,NA
60987,60986,349,1938,Mechanical Engineering 機械,NA
60989,60988,692,1923,Mining Engineering 礦冶,NA
60990,60988,171,1928,Mining Engineering 礦冶,Doctor 博士
60997,60996,998,1938,Electrical Engineering 電機,NA
61002,61001,692,1938,Civil Engineering 土木,NA
61004,61003,675,1934,Civil Engineering 土木,NA
61006,61005,516,1937,Chemical Engineering 化工,NA
61008,61007,235,1932,Civil Engineering 土木,NA
61011,61010,120,1931,Mechanical Engineering 機械,Doctor 博士
61017,61016,229,1935,Civil Engineering 土木,NA
61022,61021,16161,NA,Electrical Engineering 電機,NA
61023,61021,12116,1918,Electrical Engineering 電機,Master 碩士
61030,61029,561,1930,Textile Engineering 紡織,NA
61032,61031,61033,1925,Mechanical Engineering 機械,NA
61035,61034,725,1935,Mining Engineering 礦冶,NA
61037,61036,188,1919,Chemical Engineering 化工,NA
61038,61036,3157,1919,Chemical Engineering 化工,NA
61039,61036,151,NA,Chemical Engineering 化工,Master 碩士
61052,61051,821,1932,Textile Engineering 紡織,NA
61054,61053,821,1933,Mechanical Engineering 機械,NA
61056,61055,821,1933,Civil Engineering 土木,NA
61059,61058,516,1939,Mechanical Engineering 機械,NA
61061,61060,349,1937,Mechanical Engineering 機械,NA
61063,61062,235,1934,Civil Engineering 土木,NA
61066,61065,1679,1937,Civil Engineering 土木,NA
61068,61067,235,1924,Mechanical Engineering 機械,NA
61076,61075,1730,1916,Civil Engineering 土木,NA
61079,61078,2224,1937,Surveying 測量,NA
61081,61080,725,1924,Mining Engineering 礦冶,NA
61083,61082,455,1935,Civil Engineering 土木,NA
61086,61085,349,1937,Mechanical Engineering 機械,NA
61088,61087,1730,1912,Civil Engineering 土木,NA
61090,61089,561,1923,Textile Engineering 紡織,NA
61095,61094,649,1937,unspecified,NA
61097,61096,692,1919,Civil Engineering 土木,NA
61101,61100,529,1934,Mechanical Engineering 機械,NA
61105,61104,455,1937,Chemical Engineering 化工,NA
61107,61106,235,1935,Civil Engineering 土木,NA
61110,61109,498,1935,Electrical Engineering 電機,NA
61112,61111,498,1934,Chemical Engineering 化工,NA
61114,61113,692,1933,Mechanical Engineering 機械,NA
61119,61118,1742,1937,Civil Engineering 土木,NA
61121,61120,235,1937,Civil Engineering 土木,NA
61123,61122,235,1930,Electrical Engineering 電機,NA
61129,61127,1499,1931,Civil Engineering 土木,NA
61131,61130,675,1928,Civil Engineering 土木,NA
61135,61134,692,1915,Mining Engineering 礦冶,NA
61137,61136,1730,1918,Telecommunications 電訊,NA
61139,61138,426,1939,Civil Engineering 土木,NA
61141,61140,561,1918,Textile Engineering 紡織,NA
61143,61142,675,1938,Civil Engineering 土木,NA
61145,61144,5740,1929,Chemical Engineering 化工,NA
61151,61150,675,1936,Civil Engineering 土木,NA
61154,61153,692,1927,Civil Engineering 土木,NA
61158,61157,1730,1916,Civil Engineering 土木,NA
61160,61159,5390,1911,Chemical Engineering 化工,NA
61176,61175,1499,1926,Civil Engineering 土木,NA
61180,61179,188,1915,Mining Engineering 礦冶,NA
61194,61193,998,1935,Chemical Engineering 化工,NA
61196,61195,855,1930,Mechanical Engineering 機械,NA
61198,61197,455,1933,Civil Engineering 土木,NA
61200,61199,115,1922,Civil Engineering 土木,NA
61201,61199,4599,1923,Electrical Engineering 電機,NA
61205,61203,455,1930,Civil Engineering 土木,NA
61207,61206,59126,1919,Mechanical Engineering 機械,NA
61214,61213,354,1939,Mechanical Engineering 機械,NA
61216,61215,235,1933,Civil Engineering 土木,NA
61218,61217,3530,1924,Electrical Engineering 電機,NA
61225,61224,692,1934,Civil Engineering 土木,NA
61228,61227,1499,1930,Civil Engineering 土木,NA
61230,61229,235,1933,Electrical Engineering 電機,NA
61234,61233,5712,1919,Mining Engineering 礦冶,NA
61249,61248,235,1934,Civil Engineering 土木,NA
61251,61250,195,1915,Aeronautical Engineering,Master 碩士
61261,61260,1730,1924,Radio Engineering 無線電,NA
61264,61263,1950,NA,Civil Engineering 土木,NA
61265,61263,12994,NA,unspecified,NA
61266,61263,120,1925,unspecified,Research 研究
61274,61273,455,1934,Civil Engineering 土木,NA
61277,61275,1269,1939,Civil Engineering 土木,NA
61279,61278,692,1937,Mining Engineering 礦冶,NA
61281,61280,70078,1923,Mining Engineering 礦冶,NA
61283,61282,520,1934,Civil Engineering 土木,NA
61285,61284,998,1931,Electrical Engineering 電機,NA
61288,61286,2740,1926,Mining Engineering 礦冶,NA
61296,61295,151,1913,Mining Engineering 礦冶,NA
61313,61310,529,1938,Civil Engineering 土木,NA
61315,61314,115,1936,Civil Engineering 土木,NA
61317,61316,692,1910,Mining Engineering 礦冶,NA
61321,61320,115,1934,Civil Engineering 土木,NA
61323,61322,235,1924,Electrical Engineering 電機,NA
61331,61330,7087,1937,Turbine 輪機,NA
61333,61332,529,1937,Mining Engineering 礦冶,NA
61337,61336,455,NA,Civil Engineering 土木,NA
61340,61339,1730,1912,Civil Engineering 土木,NA
61343,61342,1310,1929,Mechanical Engineering 機械,NA
61357,61356,649,1932,Hydraulic Engineering 水利,NA
61361,61360,349,1936,Civil Engineering 土木,Zhuanke 專科
61364,61362,498,1937,Mechanical Engineering 機械,NA
61366,61365,1730,1915,Telecommunications 電信,NA
61368,61367,1730,1918,Telecommunications 電信,NA
61370,61369,349,1938,Mechanical Engineering 機械,NA
61372,61371,349,1937,Telecommunications 電信,Zhuanke 專科
61374,61373,235,1935,Electrical Engineering 電機,NA
61377,61376,7419,1925,Mining Engineering 礦冶,NA
61388,61387,998,1936,Electrical Engineering 電機,NA
61390,61389,998,1931,Electrical Engineering 電機,NA
61395,61394,529,1939,Civil Engineering 土木,NA
61397,61396,129,NA,Mechanical Engineering 機械,NA
61400,61399,1310,1927,Electrical Engineering 電機,NA
61414,61413,235,1931,Civil Engineering 土木,NA
61416,61415,235,1936,Mechanical Engineering 機械,NA
61425,61424,235,1923,Mechanical Engineering 機械,NA
61433,61432,235,1936,Mechanical Engineering 機械,NA
61436,61435,235,1919,Electrical Engineering 電機,NA
61438,61437,349,1938,Architecture 建築,NA
61440,61439,529,1930,Electrical Engineering 電機,NA
61445,61444,998,1939,Mechanical Engineering 機械,NA
61447,61446,1730,1916,Electrical Engineering 電機,NA
61455,61454,675,1934,Civil Engineering 土木,NA
61457,61456,692,1919,Civil Engineering 土木,NA
61458,61456,152,NA,Civil Engineering 土木,Master 碩士
61469,61468,1730,1920,Telecommunications 電訊,NA
61471,61470,498,1936,Electrical Engineering 電機,NA
61473,61472,1499,1916,Civil Engineering 土木,NA
61475,61474,692,1924,Civil Engineering 土木,NA
61477,61476,349,1934,Mechanical Engineering 機械,NA
61482,61481,426,1932,Civil Engineering 土木,NA
61484,61483,529,1934,Electrical Engineering 電機,NA
61486,61485,1499,1939,Civil Engineering 土木,NA
61488,61487,235,1938,Electrical Engineering 電機,NA
61490,61489,235,1939,Civil Engineering 土木,NA
61492,61491,529,1938,Civil Engineering 土木,NA
61494,61493,426,1936,Civil Engineering 土木,NA
61496,61495,9076,1916,Mechanical Engineering 機械,NA
61505,61504,994,1920,Civil Engineering 土木,NA
61507,61506,198,1922,Chemical Engineering 化工,NA
61508,61506,179,1933,Chemical Engineering 化工,Master 碩士
61517,61515,821,1933,Mechanical Engineering 機械,NA
61519,61518,70078,1922,Mining Engineering 礦冶,NA
61522,61521,235,1939,Electrical Engineering 電機,NA
61524,61523,455,1932,Electrical Engineering 電機,NA
61531,61530,4599,1913,Electrical Engineering 電機,NA
61536,61535,2224,1939,Mechanical Engineering 機械,NA
61538,61537,1730,1915,Electrical Engineering 電機,NA
61545,61544,498,1933,Electrical Engineering 電機,NA
61550,61549,998,1935,Electrical Engineering 電機,NA
61552,61551,2224,1939,Electrical Engineering 電機,NA
61555,61554,235,1933,Civil Engineering 土木,NA
61557,61434,2224,1923,Mechanical Engineering 機械,NA
61559,61558,692,1915,Mining Engineering 礦冶,NA
61573,61572,725,1926,Mechanical Engineering 機械,NA
61575,61574,3530,1927,Mechanical Engineering 機械,NA
61578,61577,1730,1912,Civil Engineering 土木,NA
61579,61576,120,1934,Mechanical Engineering 機械,NA
61581,61580,4163,NA,unspecified,NA
61582,61580,152,NA,Chemical Engineering 化工,Master 碩士
61590,61589,998,1936,Civil Engineering 土木,NA
61592,61591,498,1935,Mechanical Engineering 機械,NA
61594,61593,2224,1925,Civil Engineering 土木,NA
61595,61588,235,1927,Electrical Engineering 電機,NA
61606,61605,129,NA,Mechanical Engineering 機械,NA
61616,61614,235,1923,Electrical Engineering 電機,NA
61623,61622,195,1930,Chemical Engineering 化工,Bachelor 學士
61624,61622,9076,1933,Chemical Engineering 化工,Master 碩士
61625,61622,129,1932,Chemical Engineering 化工,Research 研究
61628,61627,235,1932,Mechanical Engineering 機械,NA
61629,61627,61630,NA,unspecified,Research 研究
61631,61618,120,NA,Mining Engineering 礦冶,NA
61635,61634,725,1937,Mining Engineering 礦冶,NA
61638,61636,555,1938,Mechanical Engineering 機械,NA
61640,61639,32646,1911,Civil Engineering 土木,NA
61648,61637,1499,1928,Civil Engineering 土木,NA
61655,61654,675,1934,Civil Engineering 土木,NA
61657,61656,692,1927,Civil Engineering 土木,NA
61661,61660,349,1935,Civil Engineering 土木,NA
61667,61665,70078,1921,Civil Engineering 土木,NA
61680,61679,198,NA,Mining Engineering 礦冶,NA
61684,61682,235,1917,unspecified,NA
61687,61685,115,1937,Electrical Engineering 電機,NA
61694,61689,561,1922,Textile Engineering 紡織,NA
61696,61695,692,1937,Civil Engineering 土木,NA
61698,61697,520,1935,Civil Engineering 土木,NA
61701,61700,520,1935,Mining Engineering 礦冶,NA
61703,61702,561,1918,Textile Engineering 紡織,NA
61705,61704,2328,1923,Chemical Engineering 化工,NA
61714,61713,235,1938,Civil Engineering 土木,NA
61716,61715,235,1930,Electrical Engineering 電機,NA
61723,61722,235,1939,Mechanical Engineering 機械,NA
61725,61724,1310,1936,Chemical Engineering 化工,NA
61730,61729,195,1929,Civil Engineering 土木,Bachelor 學士
61731,61729,171,1930,Civil Engineering 土木,Master 碩士
61732,61729,120,1930,unspecified,Research 研究
61741,61740,349,1937,Chemical Engineering 化工,NA
61743,61742,7087,1935,Turbine 輪機,NA
61745,61744,2888,1939,Civil Engineering 土木,NA
61747,61746,235,1936,Civil Engineering 土木,NA
61749,61748,1730,1921,Telecommunications 電訊,NA
61752,61751,1310,1918,Textile Engineering 紡織,NA
61756,61755,498,1929,Electrical Engineering 電機,NA
61758,61757,675,1933,Civil Engineering 土木,NA
61760,61759,455,1935,Electrical Engineering 電機,NA
61765,61764,251,1933,Chemistry 化學,NA
61766,61764,30398,1938,Mining Engineering 礦冶,Master 碩士
61780,61779,1730,1919,Telecommunications 電訊,NA
61792,61791,2224,1921,Civil Engineering 土木,NA
61795,61794,998,1937,Electrical Engineering 電機,NA
61797,61796,235,1933,Civil Engineering 土木,NA
61800,61799,998,1939,Civil Engineering 土木,NA
61802,61801,235,1921,Electrical Engineering 電機,NA
61807,61805,2328,1935,Mechanical Engineering 機械,NA
61810,61809,455,1938,Mechanical Engineering 機械,NA
61812,61811,901,1938,Civil Engineering 土木,NA
61814,61813,2121,1923,Chemical Engineering 化工,NA
61827,61826,2224,1929,Electrical Engineering 電機,NA
61832,61831,692,1912,Civil Engineering 土木,NA
61836,61835,692,1931,Civil Engineering 土木,NA
61843,61842,1310,NA,Chemical Engineering 化工,NA
61853,61852,516,1936,Civil Engineering 土木,NA
61856,61855,2004,1939,Mechanical Engineering 機械,NA
61858,61857,179,1909,Civil Engineering 土木,NA
61869,61868,2888,1939,Civil Engineering 土木,NA
61871,61870,855,1924,Mechanical Engineering 機械,NA
61884,61883,235,1914,Civil Engineering 土木,NA
61885,61883,9076,NA,Civil Engineering 土木,Master 碩士
61902,61901,692,1938,Electrical Engineering 電機,NA
61904,61903,529,1933,Electrical Engineering 電機,NA
61913,61912,23158,1928,Naval Architecture 造船,NA
61934,61933,692,1917,Civil Engineering 土木,NA
61935,61933,152,1930,Civil Engineering 土木,Master 碩士
61938,61937,270,1922,Electrical Engineering 電機,Master 碩士
61961,61960,115,1922,Electrical Engineering 電機,NA
61962,61960,1946,1930,Physics 物理,NA
61974,61973,855,1935,Mining Engineering 礦冶,NA
61976,61975,6339,1925,Electrical Engineering 電機,NA
61980,61979,1499,1925,Civil Engineering 土木,NA
61984,61983,821,1935,Civil Engineering 土木,NA
61986,61985,725,1936,Civil Engineering 土木,NA
61988,61987,692,1931,Mining Engineering 礦冶,NA
61992,61991,692,1924,Mining Engineering 礦冶,NA
62004,62003,498,1933,Chemical Engineering 化工,NA
62007,62006,725,1935,Mechanical Engineering 機械,NA
62011,62010,855,1929,Mechanical Engineering 機械,NA
62013,62012,821,1934,Civil Engineering 土木,NA
62015,62014,349,1937,Telecommunications 電信,Zhuanke 專科
62017,62016,498,1938,Electrical Engineering 電機,NA
62019,62018,529,1927,Electrical Engineering 電機,NA
62028,62027,152,NA,Civil Engineering 土木,Master 碩士
62032,62031,692,1935,Civil Engineering 土木,NA
62035,62034,692,1929,Mining Engineering 礦冶,NA
62043,62042,692,1932,Civil Engineering 土木,NA
62046,62045,498,1936,Mechanical Engineering 機械,NA
62049,62048,649,1935,unspecified,NA
62052,62051,692,1923,Civil Engineering 土木,NA
62056,62055,1907,1926,Mechanical Engineering 機械,NA
62069,62067,529,1933,Electrical Engineering 電機,NA
62071,62070,821,1932,Architecture 建築,NA
62074,62073,821,1931,Mechanical Engineering 機械,NA
62080,62079,529,1935,Electrical Engineering 電機,NA
62082,62081,455,1935,Civil Engineering 土木,NA
62087,62086,725,1922,Mechanical Engineering 機械,NA
62096,62095,529,1934,Civil Engineering 土木,NA
62099,62098,821,1934,Civil Engineering 土木,NA
62101,62100,1253,1933,Civil Engineering 土木,NA
62106,62105,516,1935,Civil Engineering 土木,NA
62108,62107,675,1929,Civil Engineering 土木,NA
62113,62112,1499,1923,Civil Engineering 土木,NA
62116,62115,498,1934,Mechanical Engineering 機械,NA
62118,62117,235,1931,Electrical Engineering 電機,NA
62125,62123,235,1931,Electrical Engineering 電機,NA
62130,62129,152,1918,Civil Engineering 土木,NA
62131,62129,152,1919,Civil Engineering 土木,Master 碩士
62134,62132,1499,1937,Civil Engineering 土木,NA
62138,62136,455,1937,Architecture 建築,NA
62144,62143,235,1934,Electrical Engineering 電機,NA
62147,62145,516,1935,Civil Engineering 土木,NA
62151,62150,235,1934,Mechanical Engineering 機械,NA
62152,62150,4034,NA,Aviation 航空,Doctor 博士
62158,62155,235,1916,Electrical Engineering 電機,NA
62159,62156,455,1931,Mechanical Engineering 機械,NA
62174,62173,855,1925,Mechanical Engineering 機械,NA
62176,62175,229,1932,Civil Engineering 土木,NA
62180,62179,561,1920,Textile Engineering 紡織,NA
62182,62181,120,NA,Civil Engineering 土木,NA
62188,62186,555,1938,Electrical Engineering 電機,NA
62192,62190,235,1916,Civil Engineering 土木,NA
62195,62194,561,1922,Textile Engineering 紡織,NA
62203,62202,516,1935,Chemical Engineering 化工,NA
62205,62204,3044,1936,Civil Engineering 土木,NA
62207,62206,555,1939,Civil Engineering 土木,NA
62209,62208,227,1930,Civil Engineering 土木,NA
62210,62208,152,1931,unspecified,Research 研究
62221,62220,235,1937,Electrical Engineering 電機,NA
62223,62222,1499,1927,Civil Engineering 土木,NA
62225,62224,27717,1925,Mechanical Engineering 機械,NA
62226,62224,1946,NA,Science (unspecified),畢業
62229,62200,561,1922,Textile Engineering 紡織,NA
62238,62230,9076,1933,Chemical Engineering 化工,Master 碩士
62242,62241,2224,1939,Electrical Engineering 電機,NA
62245,62244,120,1922,Mining Engineering 礦冶,NA
62247,62246,9076,1918,Civil Engineering 土木,NA
62256,62255,235,1925,Electrical Engineering 電機,NA
62265,62264,235,1926,Electrical Engineering 電機,NA
62269,62268,1499,1933,Civil Engineering 土木,NA
62271,62270,1499,1917,Civil Engineering 土木,NA
62274,62273,1499,1933,Civil Engineering 土木,NA
62277,62276,455,1938,Electrical Engineering 電機,NA
62280,62279,1310,1922,Mechanical Engineering 機械,NA
62288,62287,235,1933,Civil Engineering 土木,NA
62293,62292,354,1939,Civil Engineering 土木,NA
62295,62294,692,1927,Civil Engineering 土木,NA
62303,62302,998,1936,Civil Engineering 土木,NA
62305,62304,998,1936,Civil Engineering 土木,NA
62307,62306,692,1914,Mining Engineering 礦冶,NA
62318,62317,229,1937,Civil Engineering 土木,NA
62320,62319,998,1938,Civil Engineering 土木,NA
62322,62321,998,1936,Chemical Engineering 化工,NA
62324,62323,70078,1920,Mining Engineering 礦冶,NA
62332,62331,692,1938,Mining Engineering 礦冶,NA
62334,62333,725,1927,Civil Engineering 土木,NA
62336,62335,235,1914,Electrical Engineering 電機,NA
62338,62337,675,1931,Civil Engineering 土木,NA
62340,62339,235,1921,Electrical Engineering 電機,NA
62341,62339,227,1925,Electrical Engineering 電機,Master 碩士
62345,62344,152,1925,Civil Engineering 土木,Master 碩士
62365,62364,4419,1937,Mining Engineering 礦冶,NA
62370,62369,235,1923,Electrical Engineering 電機,NA
62386,62385,994,1931,Civil Engineering 土木,NA
62388,62387,998,1936,Civil Engineering 土木,NA
62390,62389,354,1935,Civil Engineering 土木,NA
62393,62392,1679,1939,Civil Engineering 土木,NA
62395,62394,675,1937,Civil Engineering 土木,NA
62400,62399,692,1910,Civil Engineering 土木,NA
62405,62404,455,1935,Chemical Engineering 化工,NA
62409,62408,837,1935,Electrical Engineering 電機,NA
62411,62410,555,1938,Mechanical Engineering 機械,NA
62413,62412,498,1937,Electrical Engineering 電機,NA
62415,62414,70078,1919,Mining Engineering 礦冶,NA
62417,62416,32646,1911,Civil Engineering 土木,NA
62419,62418,115,1919,Civil Engineering 土木,NA
62421,62420,2224,1930,Electrical Engineering 電機,NA
62424,62423,455,1935,Mechanical Engineering 機械,NA
62427,62426,998,1937,Mechanical Engineering 機械,NA
62429,62428,62430,1924,Civil Engineering 土木,NA
62432,62431,349,1935,Civil Engineering 土木,Zhuanke 專科
62435,62433,555,1939,Electrical Engineering 電機,NA
62437,62436,1499,1927,Civil Engineering 土木,NA
62439,62438,1499,1934,Civil Engineering 土木,NA
62442,62441,152,1931,Mechanical Engineering 機械,Master 碩士
62460,62459,70078,1919,Civil Engineering 土木,NA
62462,62461,179,1915,Chemical Engineering 化工,Master 碩士
62471,62469,1499,1918,Civil Engineering 土木,NA
62475,62474,1310,1919,Electrical Engineering 電機,NA
62485,62484,235,1929,Mechanical Engineering 機械,NA
62488,62487,1499,1930,Civil Engineering 土木,NA
62490,62489,2224,1937,Civil Engineering 土木,NA
62492,62491,498,1931,Textile Engineering 紡織,NA
62494,62493,451,1935,Civil Engineering 土木,NA
62496,62495,229,1934,Civil Engineering 土木,NA
62499,62498,692,1915,Mining Engineering 礦冶,NA
62501,62500,821,NA,Mechanical Engineering 機械,NA
62503,62502,349,1938,Architecture 建築,NA
62505,62504,9439,NA,Telecommunications 電信,Zhuanke 專科
62509,62508,12994,1933,Chemical Engineering 化工,NA
62511,62510,349,1937,Telecommunications 電信,Zhuanke 專科
62513,62512,451,1938,Civil Engineering 土木,NA
62515,62514,516,1939,Electrical Engineering 電機,NA
62517,62516,235,1933,Civil Engineering 土木,NA
62519,62518,529,1939,Electrical Engineering 電機,NA
62521,62520,451,1938,Civil Engineering 土木,NA
62523,62522,70078,1916,Civil Engineering 土木,NA
62531,62530,1730,1921,Telecommunications 電信,NA
62535,62534,692,1927,Mining Engineering 礦冶,NA
62538,62537,3073,1937,Civil Engineering 土木,NA
62540,62539,179,1922,Civil Engineering 土木,NA
62543,62542,1499,1937,Civil Engineering 土木,NA
62545,62544,692,1922,Civil Engineering 土木,NA
62548,62547,229,1935,Civil Engineering 土木,NA
62551,62550,998,1937,Chemical Engineering 化工,NA
62553,62552,725,1928,Mining Engineering 礦冶,NA
62555,62554,516,1939,Mechanical Engineering 機械,NA
62557,62556,2888,1939,Mining Engineering 礦冶,NA
62559,62558,1499,1939,Civil Engineering 土木,NA
62561,62560,516,1939,Civil Engineering 土木,NA
62563,62562,1730,1920,Telecommunications 電訊,NA
62565,62564,529,1937,Electrical Engineering 電機,NA
62567,62566,529,1932,Civil Engineering 土木,NA
62570,62569,235,1932,Civil Engineering 土木,NA
62575,62574,498,1936,Electrical Engineering 電機,NA
62577,62574,62579,NA,unspecified,Research 研究
62583,62582,2888,1939,Mining Engineering 礦冶,NA
62585,62584,529,1937,Mining Engineering 礦冶,NA
62587,62586,529,1930,Civil Engineering 土木,NA
62590,62589,349,1937,Mechanical Engineering 機械,NA
62593,62591,7349,NA,Civil Engineering 土木,NA
62605,62604,529,1938,Mechanical Engineering 機械,NA
62607,62606,1730,1912,Civil Engineering 土木,NA
62609,62608,855,1926,Mechanical Engineering 機械,NA
62614,62613,2876,1938,Civil Engineering 土木,NA
62616,62615,675,1928,Civil Engineering 土木,NA
62618,62617,235,1936,Mechanical Engineering 機械,NA
62620,62619,1679,1939,Civil Engineering 土木,NA
62622,62621,1310,1922,Electrical Engineering 電機,NA
62636,62635,998,1934,Civil Engineering 土木,NA
62637,62635,198,NA,Civil Engineering 土木,Master 碩士
62645,62644,998,1933,Chemical Engineering 化工,NA
62648,62647,6140,1931,Civil Engineering 土木,NA
62655,62654,1730,1914,Radio Engineering 無線電,NA
62657,62656,561,1937,Textile Engineering 紡織,NA
62659,62658,6140,NA,Electrical Engineering 電機,NA
62663,62662,2224,1938,Civil Engineering 土木,NA
62665,62664,1310,1920,Textile Engineering 紡織,NA
62682,62681,235,1932,Electrical Engineering 電機,NA
62690,62689,455,1929,Civil Engineering 土木,NA
62692,62691,455,1931,Civil Engineering 土木,NA
62695,62694,855,NA,Chemical Engineering 化工,NA
62697,62696,516,1939,Mechanical Engineering 機械,NA
62699,62698,516,1939,Chemical Engineering 化工,NA
62701,62700,725,1927,Civil Engineering 土木,NA
62703,62702,692,1930,Civil Engineering 土木,NA
62706,62705,17964,1924,Civil Engineering 土木,NA
62719,62718,998,1935,Civil Engineering 土木,NA
62721,62720,451,1939,Civil Engineering 土木,NA
62723,62722,2224,1939,Civil Engineering 土木,NA
62730,62729,455,1933,Civil Engineering 土木,NA
62732,62731,235,1926,Mechanical Engineering 機械,NA
62742,62741,498,1937,Chemical Engineering 化工,NA
62744,62743,7349,1917,Civil Engineering 土木,NA
62747,62746,1679,1939,Civil Engineering 土木,NA
62750,62748,561,1920,Textile Engineering 紡織,NA
62751,62748,12116,1926,Textile Engineering 紡織,NA
62754,62753,426,1933,Civil Engineering 土木,NA
62757,62756,120,NA,Electrical Engineering 電機,NA
62766,62765,62430,1920,Civil Engineering 土木,NA
62768,62767,998,1929,Chemical Engineering 化工,NA
62770,62769,455,1934,Electrical Engineering 電機,NA
62773,62772,455,1939,Electrical Engineering 電機,NA
62775,62774,229,1936,Electrical Engineering 電機,NA
62778,62777,821,1930,Mining Engineering 礦冶,NA
62784,62783,561,1918,Textile Engineering 紡織,NA
62786,62785,561,1919,Textile Engineering 紡織,NA
62788,62787,227,1925,Electrical Engineering 電機,NA
62789,62787,195,1926,Electrical Engineering 電機,Master 碩士
62796,62795,692,1916,Mining Engineering 礦冶,NA
62797,62795,270,1920,Mechanical Engineering 機械,Master 碩士
62805,62804,498,1933,Mechanical Engineering 機械,NA
62808,62807,235,1937,Mechanical Engineering 機械,NA
62810,62809,229,1935,Civil Engineering 土木,NA
62812,62811,725,1929,Mechanical Engineering 機械,NA
62814,62813,227,1921,Civil Engineering 土木,NA
62815,62813,195,1923,Mechanical Engineering 機械,Research 研究
62816,62813,62818,1924,Aviation 航空,NA
62826,62825,354,1936,Civil Engineering 土木,NA
62828,62827,2224,1921,Civil Engineering 土木,NA
62830,62829,455,1939,Civil Engineering 土木,NA
62832,62831,235,1929,Electrical Engineering 電機,NA
62835,62834,2876,1937,Civil Engineering 土木,NA
62837,62836,855,1924,Mechanical Engineering 機械,NA
62839,62838,725,1937,Mechanical Engineering 機械,NA
62841,62840,855,1928,Mechanical Engineering 機械,NA
62845,62844,692,1934,Mining Engineering 礦冶,NA
62856,62855,4670,1932,Mining Engineering 礦冶,NA
62861,62860,837,1936,Electrical Engineering 電機,NA
62870,62869,692,1930,Civil Engineering 土木,NA
62875,62874,725,1926,Mining Engineering 礦冶,NA
62877,62876,821,1929,Electrical Engineering 電機,NA
62879,62878,649,1939,unspecified,NA
62881,62880,9076,1923,Chemical Engineering 化工,NA
62882,62880,151,NA,Chemical Engineering 化工,Master 碩士
62884,62883,235,1925,Mechanical Engineering 機械,NA
62900,62899,2224,1935,Civil Engineering 土木,NA
62904,62903,2876,1935,Civil Engineering 土木,NA
62906,62905,498,1930,Mechanical Engineering 機械,NA
62910,62909,1499,NA,Civil Engineering 土木,NA
62912,62911,31168,1922,Mechanical Engineering 機械,NA
62919,62918,32646,1911,unspecified,NA
62937,62936,516,1937,Chemical Engineering 化工,NA
62939,62938,2224,1937,Surveying 測量,NA
62941,62940,561,1919,Textile Engineering 紡織,NA
62945,62944,1499,1937,Civil Engineering 土木,NA
62947,62946,451,1938,Civil Engineering 土木,NA
62949,62948,455,1939,Electrical Engineering 電機,NA
62951,62950,235,1934,Civil Engineering 土木,NA
62953,62952,115,1922,Civil Engineering 土木,NA
62955,62954,998,1937,Civil Engineering 土木,NA
62958,62957,692,1910,Civil Engineering 土木,NA
62963,62961,235,1931,Civil Engineering 土木,NA
62967,62966,692,1915,Civil Engineering 土木,NA
62969,62968,561,1932,Textile Engineering 紡織,NA
62971,62970,675,1927,Civil Engineering 土木,NA
62973,62972,35792,1919,Mechanical Engineering 機械,NA
62982,62980,2102,1932,Mechanical Engineering 機械,NA
62988,62987,561,1922,Textile Engineering 紡織,NA
62991,62990,235,1914,Civil Engineering 土木,NA
62997,62996,498,1931,Mechanical Engineering 機械,NA
62999,62998,8454,1924,Mechanical Engineering 機械,NA
63007,63006,235,1924,Mechanical Engineering 機械,NA
63011,63010,4094,NA,Chemical Engineering 化工,NA
63020,63019,692,1923,Mining Engineering 礦冶,NA
63021,63019,224,NA,Mining Engineering 礦冶,Master 碩士
63029,63028,692,1927,Civil Engineering 土木,NA
63031,63030,229,1935,Civil Engineering 土木,NA
63034,63033,455,1935,Civil Engineering 土木,NA
63037,63036,692,1919,Civil Engineering 土木,NA
63039,63036,152,1921,Civil Engineering 土木,Master 碩士
63048,63047,63049,NA,Civil Engineering 土木,NA
63052,63051,451,1935,Civil Engineering 土木,NA
63054,63053,235,1925,Electrical Engineering 電機,NA
63055,63053,227,1932,Electrical Engineering 電機,Master 碩士
63070,63069,529,1936,Mining Engineering 礦冶,NA
63076,63009,179,1926,Mechanical Engineering 機械,NA
63084,63083,675,1934,Civil Engineering 土木,NA
63085,63083,63086,NA,Civil Engineering 土木,NA
63091,63089,5740,1921,Civil Engineering 土木,NA
63103,63102,235,1920,Civil Engineering 土木,NA
63108,63107,2888,1939,Electrical Engineering 電機,NA
63110,63109,235,1928,Mechanical Engineering 機械,NA
63115,63114,32224,NA,Chemical Engineering 化工,NA
63120,63119,455,1939,Chemical Engineering 化工,NA
63122,63121,1730,1919,Telecommunications 電信,NA
63131,63130,70078,1918,Mining Engineering 礦冶,NA
63144,63143,2224,1939,Civil Engineering 土木,NA
63146,63145,529,1930,Civil Engineering 土木,NA
63150,63149,1742,1937,Civil Engineering 土木,NA
63152,63151,1730,1916,Civil Engineering 土木,NA
63154,63153,675,1937,Civil Engineering 土木,NA
63156,63155,70078,1917,Civil Engineering 土木,NA
63158,63157,1499,1931,Civil Engineering 土木,NA
63163,63162,529,1939,Civil Engineering 土木,NA
63165,63164,529,1934,Electrical Engineering 電機,NA
63169,63168,455,1938,Architecture 建築,NA
63171,63170,4827,1930,Mechanical Engineering 機械,NA
63178,63177,426,1934,Civil Engineering 土木,NA
63181,63180,1742,1937,Civil Engineering 土木,NA
63183,63182,1730,1917,Telecommunications 電信,NA
63186,63184,876,1939,Civil Engineering 土木,NA
63188,63187,235,1930,Electrical Engineering 電機,NA
63191,63190,1742,1939,Civil Engineering 土木,NA
63194,63193,1730,1917,Telecommunications 電信,NA
63199,63198,725,1934,Civil Engineering 土木,NA
63201,63200,498,1933,Mechanical Engineering 機械,NA
63203,63202,725,1926,Mechanical Engineering 機械,NA
63205,63204,229,1936,Civil Engineering 土木,NA
63211,63210,7349,1917,Civil Engineering 土木,NA
63214,63213,1679,1937,Civil Engineering 土木,NA
63216,63215,498,1938,Electrical Engineering 電機,NA
63218,63217,725,1925,Mechanical Engineering 機械,NA
63220,63219,561,1921,Textile Engineering 紡織,NA
63224,63223,498,1933,Electrical Engineering 電機,NA
63226,63225,529,1930,Electrical Engineering 電機,NA
63230,63229,5740,1921,Civil Engineering 土木,NA
63241,63240,692,1927,Mining Engineering 礦冶,NA
63252,63251,725,1928,Electrical Engineering 電機,NA
63254,63253,2224,1939,Mechanical Engineering 機械,NA
63256,63255,38400,1935,Electrical Engineering 電機,NA
63261,63260,725,1935,Mining Engineering 礦冶,NA
63263,63262,855,1927,Chemical Engineering 化工,NA
63265,63264,692,1937,Mechanical Engineering 機械,NA
63267,63266,692,1933,Civil Engineering 土木,NA
63271,63270,725,1936,Civil Engineering 土木,NA
63273,63272,529,1930,Electrical Engineering 電機,NA
63276,63275,994,1918,Mechanical Engineering 機械,NA
63283,63282,70078,1919,Civil Engineering 土木,NA
63305,63304,2224,1939,Surveying 測量,NA
63307,63306,837,1925,Mining Engineering 礦冶,NA
63311,63310,455,1930,Civil Engineering 土木,NA
63319,63318,12688,1911,Mechanical Engineering 機械,NA
63326,63325,1499,1924,Civil Engineering 土木,NA
63342,63341,1730,1912,Civil Engineering 土木,NA
63344,63343,2224,1933,Civil Engineering 土木,NA
63347,63346,44776,1922,Electrical Engineering 電機,NA
63353,63352,235,NA,Electrical Engineering 電機,NA
63356,63355,235,1935,Mechanical Engineering 機械,NA
63359,63358,25654,1926,Mechanical Engineering 機械,NA
63366,63365,692,1935,Civil Engineering 土木,NA
63369,63368,235,1934,Electrical Engineering 電機,NA
63373,63371,529,1938,Civil Engineering 土木,NA
63375,63374,235,1924,Mechanical Engineering 機械,NA
63379,63378,498,1929,Electrical Engineering 電機,NA
63381,63380,235,1930,Electrical Engineering 電機,NA
63384,63383,455,1929,Civil Engineering 土木,NA
63386,63385,1742,1937,Civil Engineering 土木,NA
63388,63387,498,1933,Mechanical Engineering 機械,NA
63393,63392,561,1917,Textile Engineering 紡織,NA
63396,63395,235,1932,Civil Engineering 土木,NA
63400,63398,2328,1935,Electrical Engineering 電機,NA
63403,63402,4419,1936,Mining Engineering 礦冶,Zhuanke 專科
63405,63404,63406,1927,Civil Engineering 土木,NA
63408,63407,63409,1927,Chemical Engineering 化工,Doctor 博士
63412,63407,120,1928,Chemical Engineering 化工,NA
63418,63417,45488,NA,Architecture 建築,NA
63427,63426,2224,1917,Civil Engineering 土木,NA
63429,63428,1310,1930,Chemical Engineering 化工,NA
63444,63443,179,NA,Electrical Engineering 電機,NA
63445,63443,227,NA,Electrical Engineering 電機,Master 碩士
63449,63448,179,NA,Architecture 建築,NA
63450,63448,152,1929,Civil Engineering 土木,Master 碩士
63455,63454,994,1928,Electrical Engineering 電機,NA
63464,63463,1499,1927,Civil Engineering 土木,NA
63468,63467,455,1939,Civil Engineering 土木,NA
63470,63469,998,1937,Mechanical Engineering 機械,NA
63472,63471,227,NA,Mechanical Engineering 機械,NA
63475,63474,62430,1920,Civil Engineering 土木,NA
63477,63476,725,1926,Mining Engineering 礦冶,NA
63480,63478,115,1939,Civil Engineering 土木,NA
63482,63481,235,1938,Civil Engineering 土木,NA
63484,63483,498,NA,Electrical Engineering 電機,NA
63491,63490,235,1938,Mechanical Engineering 機械,NA
63493,63492,821,1935,Civil Engineering 土木,NA
63495,63494,70078,1921,Civil Engineering 土木,NA
63498,63497,561,1924,Textile Engineering 紡織,NA
63500,63499,3073,1936,Mining Engineering 礦冶,NA
63503,63502,692,1915,Mining Engineering 礦冶,NA
63504,63502,129,1921,Mining Engineering 礦冶,Master 碩士
63505,63502,179,1922,unspecified,Research 研究
63517,63516,7349,1926,Civil Engineering 土木,NA
63520,63519,70078,1916,Civil Engineering 土木,NA
63524,63522,235,1912,Electrical Engineering 電機,NA
63525,63523,223,1926,Architecture 建築,Master 碩士
63528,63527,235,1934,Civil Engineering 土木,NA
63529,63522,198,1916,Electrical Engineering 電機,Master 碩士
63532,63530,3073,1932,Mining Engineering 礦冶,NA
63552,63547,998,1937,Chemical Engineering 化工,NA
63554,63553,235,1918,Electrical Engineering 電機,NA
63557,63555,252,NA,Chemical Engineering 化工,NA
63574,63573,1499,1913,Civil Engineering 土木,NA
63597,63596,50638,1914,Mechanical Engineering 機械,NA
63605,63604,150,1924,Mining Engineering 礦冶,NA
63606,63604,195,1927,Electrical Engineering 電機,NA
63621,63620,498,1935,Chemical Engineering 化工,NA
63623,63622,675,1937,Civil Engineering 土木,NA
63625,63624,692,1934,Civil Engineering 土木,NA
63628,63627,2224,1919,Civil Engineering 土木,NA
63630,63629,692,1930,Mining Engineering 礦冶,NA
63638,63637,692,1916,Civil Engineering 土木,NA
63643,63642,1499,1935,Civil Engineering 土木,NA
63646,63645,4163,1924,Chemical Engineering 化工,NA
63652,63650,2224,1930,Civil Engineering 土木,NA
63654,63653,191,1927,Chemical Engineering 化工,NA
63669,63668,349,1936,Civil Engineering 土木,Zhuanke 專科
63671,63670,1730,1915,Electrical Engineering 電機,NA
63674,63673,998,1931,Civil Engineering 土木,NA
63676,63675,1730,1918,Radio Engineering 無線電,NA
63678,63677,692,1938,Civil Engineering 土木,NA
63681,63679,498,1936,Chemical Engineering 化工,NA
63683,63682,1499,1925,Civil Engineering 土木,NA
63703,63702,1730,1915,Electrical Engineering 電機,NA
63705,63704,821,1938,Civil Engineering 土木,NA
63707,63706,229,1934,Civil Engineering 土木,NA
63710,63709,675,1926,Civil Engineering 土木,NA
63712,63711,837,1934,Electrical Engineering 電機,NA
63715,63714,692,1933,Civil Engineering 土木,NA
63718,63717,692,1932,Civil Engineering 土木,NA
63720,63719,529,1935,Civil Engineering 土木,NA
63728,63727,692,1912,Civil Engineering 土木,NA
63732,63731,46066,1924,Mechanical Engineering 機械,NA
63743,63742,2328,1936,Electrical Engineering 電機,NA
63746,63745,1730,1920,Telecommunications 電訊,Zhuanke 專科
63748,63747,2224,1918,Mechanical Engineering 機械,NA
63762,63761,235,1938,Mechanical Engineering 機械,NA
63764,63763,1269,1939,Civil Engineering 土木,NA
63766,63765,649,1930,unspecified,NA
63768,3973,455,1938,Chemical Engineering 化工,NA
63769,63767,1730,1919,Telecommunications 電信,NA
63771,63770,3073,1937,Mining Engineering 礦冶,NA
63773,63772,649,1930,unspecified,NA
63776,63775,998,1936,Electrical Engineering 電機,NA
63777,63775,120,NA,Electrical Engineering 電機,NA
63780,63778,1730,1920,Telecommunications 電訊,Zhuanke 專科
63784,63783,4163,1923,Textile Engineering 紡織,NA
63787,63786,8454,1919,Mining Engineering 礦冶,NA
63804,63803,692,1920,Civil Engineering 土木,NA
63807,63806,725,1934,Mining Engineering 礦冶,NA
63809,63808,2888,1939,Mining Engineering 礦冶,NA
63815,63814,498,1937,Electrical Engineering 電機,NA
63817,63816,725,1924,Mechanical Engineering 機械,NA
63819,63818,70078,1921,Civil Engineering 土木,NA
63821,63820,998,1936,Electrical Engineering 電機,NA
63826,63825,855,1937,Electrical Engineering 電機,NA
63828,63827,855,1929,Chemical Engineering 化工,NA
63832,63831,725,NA,Mining Engineering 礦冶,NA
63834,63833,725,1916,Mining Engineering 礦冶,NA
63836,63835,3073,1938,Civil Engineering 土木,NA
63838,63837,725,1926,Mechanical Engineering 機械,NA
63843,63842,1730,1920,Telecommunications 電訊,NA
63845,63844,1730,1916,Civil Engineering 土木,NA
63847,63846,649,1934,unspecified,NA
63850,63849,179,NA,Electrical Engineering 電機,NA
63865,63864,2224,1936,Electrical Engineering 電機,NA
63868,63867,2584,NA,Mining Engineering 礦冶,NA
63873,63872,821,1934,Electrical Engineering 電機,NA
63875,63874,692,1936,Civil Engineering 土木,NA
63877,63876,498,1932,Mechanical Engineering 機械,NA
63880,63878,1516,1936,Civil Engineering 土木,NA
63882,63881,15203,1931,Electrical Engineering 電機,NA
63884,63881,171,1933,Electrical Engineering 電機,Master 碩士
63890,63889,692,NA,Civil Engineering 土木,NA
63894,63892,115,1936,Civil Engineering 土木,NA
63896,63895,1730,1921,Telecommunications 電訊,NA
63900,63899,725,1925,Mechanical Engineering 機械,NA
63902,63901,1730,1915,Telecommunications 電訊,NA
63904,63903,2888,1939,Electrical Engineering 電機,NA
63906,63905,516,1939,Electrical Engineering 電機,NA
63908,63907,155,1934,Mining Engineering 礦冶,NA
63914,63913,901,1935,Civil Engineering 土木,NA
63916,63915,349,1936,Architecture 建築,NA
63918,63917,349,1937,Chemical Engineering 化工,NA
63920,63919,821,1930,Mining Engineering 礦冶,NA
63922,63921,692,1916,Civil Engineering 土木,NA
63924,63923,821,1933,Textile Engineering 紡織,NA
63926,63925,152,1931,Civil Engineering 土木,Master 碩士
63935,63934,242,1933,Electrical Engineering 電機,NA
63938,63937,152,1918,Mechanical Engineering 機械,NA
63947,63946,855,1937,Mechanical Engineering 機械,NA
63949,63948,232,1923,Mechanical Engineering 機械,Master 碩士
63953,63952,725,1935,Mining Engineering 礦冶,NA
63955,63954,821,1937,Civil Engineering 土木,NA
63958,63956,2224,1922,Mechanical Engineering 機械,NA
63960,63956,12688,NA,Mechanical Engineering 機械,NA
63961,63956,39737,1926,Textile Engineering 紡織,NA
63971,63970,498,1936,Mechanical Engineering 機械,NA
63973,63972,516,1939,Civil Engineering 土木,NA
63975,63974,1907,1925,Electrical Engineering 電機,NA
63976,63974,195,1927,Electrical Engineering 電機,Master 碩士
63980,63979,821,1937,Civil Engineering 土木,NA
63982,63981,349,1937,Telecommunications 電信,NA
63984,63983,821,1935,Mechanical Engineering 機械,NA
63987,63986,692,1930,Civil Engineering 土木,NA
63990,63989,14873,1932,Civil Engineering 土木,NA
63995,63993,498,1934,Mechanical Engineering 機械,NA
63998,63997,64000,NA,Architecture 建築,NA
64004,64003,195,1918,Architecture 建築,Bachelor 學士
64008,64007,675,1938,Civil Engineering 土木,NA
64010,64009,498,1932,Chemical Engineering 化工,NA
64012,64011,516,1937,Civil Engineering 土木,NA
64014,64013,516,1939,Mechanical Engineering 機械,NA
64016,64015,2224,1925,Mechanical Engineering 機械,NA
64027,64026,2888,1939,Mining Engineering 礦冶,NA
64029,64028,1499,1932,Civil Engineering 土木,NA
64032,64031,692,1929,Civil Engineering 土木,NA
64035,64034,725,1926,Mining Engineering 礦冶,NA
64037,64036,725,1927,Mining Engineering 礦冶,NA
64042,64041,1369,1925,Chemical Engineering 化工,NA
64045,64044,725,1927,Mining Engineering 礦冶,NA
64048,64047,821,1930,Civil Engineering 土木,NA
64050,64049,855,1926,Chemical Engineering 化工,NA
64052,64051,692,1933,Civil Engineering 土木,NA
64056,64055,725,1937,Mining Engineering 礦冶,NA
64058,64057,692,1931,Mining Engineering 礦冶,NA
64063,64062,821,1931,Electrical Engineering 電機,NA
64065,64064,725,1936,Mining Engineering 礦冶,NA
64069,64068,725,1937,Electrical Engineering 電機,NA
64071,64070,692,1932,Civil Engineering 土木,NA
64074,64073,229,1936,Civil Engineering 土木,NA
64077,64076,855,1923,Mechanical Engineering 機械,NA
64082,64081,821,1934,Civil Engineering 土木,NA
64085,64084,1499,1938,Civil Engineering 土木,NA
64087,64086,692,1935,Mining Engineering 礦冶,NA
64089,64088,229,1935,Civil Engineering 土木,NA
64093,64092,70078,1919,Civil Engineering 土木,NA
64095,64094,855,1936,Mechanical Engineering 機械,NA
64097,64096,151,NA,Chemical Engineering 化工,NA
64101,64100,855,1936,Mechanical Engineering 機械,NA
64103,64102,354,1933,Civil Engineering 土木,NA
64108,64107,2328,1935,Electrical Engineering 電機,NA
64111,64110,725,1924,Mining Engineering 礦冶,NA
64113,64112,855,1923,Mechanical Engineering 機械,NA
64115,64114,498,1935,Mechanical Engineering 機械,NA
64117,64116,855,1924,Chemical Engineering 化工,NA
64119,64118,692,1933,Civil Engineering 土木,NA
64122,64121,2224,1929,Electrical Engineering 電機,NA
64127,64126,821,1938,Civil Engineering 土木,NA
64129,64128,837,1926,Mining Engineering 礦冶,NA
64130,64128,5466,1935,Geology 地質,NA
64139,64137,78002,NA,Textile Engineering 紡織,NA
64142,64141,994,1919,Civil Engineering 土木,NA
64155,64154,229,1935,Civil Engineering 土木,NA
64158,64157,649,1939,unspecified,NA
64160,64159,725,1927,Civil Engineering 土木,NA
64162,64161,3350,NA,Mining Engineering 礦冶,NA
64166,64165,855,1932,Chemical Engineering 化工,NA
64171,64170,516,1935,Civil Engineering 土木,NA
64173,64172,349,1937,Chemical Engineering 化工,NA
64177,64176,53262,NA,Mechanical Engineering 機械,NA
64182,64181,1269,1936,Mining Engineering 礦冶,NA
64184,64183,498,1939,Chemical Engineering 化工,NA
64189,64188,349,1938,Civil Engineering 土木,NA
64191,64190,1730,1916,Civil Engineering 土木,NA
64207,64206,529,1934,Civil Engineering 土木,NA
64209,64208,235,1925,Mechanical Engineering 機械,NA
64210,64208,227,1927,Mechanical Engineering 機械,Master 碩士
64217,64216,520,1925,Civil Engineering 土木,NA
64220,64219,64221,NA,Civil Engineering 土木,NA
64222,64219,6140,NA,Civil Engineering 土木,NA
64225,64224,349,1936,Civil Engineering 土木,NA
64227,64226,1907,NA,Mechanical Engineering 機械,NA
64232,64231,235,1927,Electrical Engineering 電機,NA
64234,64231,171,1930,Electrical Engineering 電機,Master 碩士
64235,64231,151,1936,Engineering (general/undefined) 工科/工程師,Doctor 博士
64245,64244,354,1934,Civil Engineering 土木,NA
64248,64247,235,1914,Civil Engineering 土木,NA
64253,64252,529,1935,Electrical Engineering 電機,NA
64256,64255,692,1934,Civil Engineering 土木,NA
64259,64258,529,1931,Mechanical Engineering 機械,NA
64262,64261,529,1931,Civil Engineering 土木,NA
64264,64263,555,1938,Civil Engineering 土木,NA
64266,64265,235,1939,Electrical Engineering 電機,NA
64268,64267,516,1935,Civil Engineering 土木,NA
64272,64271,516,1937,Civil Engineering 土木,NA
64274,64273,1499,1933,Civil Engineering 土木,NA
64277,64276,555,1938,Mechanical Engineering 機械,NA
64279,64278,725,1934,Mining Engineering 礦冶,NA
64283,64282,235,1938,Civil Engineering 土木,NA
64285,64284,1730,1919,Telecommunications 電信,NA
64288,64287,725,1930,Mechanical Engineering 機械,NA
64290,64289,455,1930,Architecture 建築,NA
64292,64291,725,1926,Mining Engineering 礦冶,NA
64294,64293,498,1930,Electrical Engineering 電機,NA
64296,64295,1310,1926,Chemical Engineering 化工,NA
64308,64307,1499,1913,Civil Engineering 土木,NA
64310,64309,692,1931,Civil Engineering 土木,NA
64314,64313,115,1935,Electrical Engineering 電機,NA
64316,64315,1730,1912,Telecommunications 郵電,班
64317,64315,1730,1916,Electrical Engineering 電氣工程,班
64319,64318,1499,1932,Civil Engineering 土木,NA
64322,64321,248,1921,Electrical Engineering 電機,NA
64329,64328,70078,1919,Civil Engineering 土木,NA
64331,64330,235,1938,Civil Engineering 土木,NA
64333,64332,498,1930,Electrical Engineering 電機,NA
64336,64335,235,1936,Electrical Engineering 電機,NA
64339,64338,455,1934,Civil Engineering 土木,NA
64345,64344,1102,1923,Mechanical Engineering 機械,NA
64362,64361,3530,1925,Electrical Engineering 電機,NA
64364,64363,561,1936,Chemical Engineering 化工,NA
64366,64365,1730,1917,Telecommunications 電信,NA
64368,64367,1269,1937,Chemical Engineering 化工,NA
64370,64369,7419,1921,Mining Engineering 礦冶,NA
64384,64383,516,1939,Chemical Engineering 化工,NA
64386,64385,2224,1922,Mechanical Engineering 機械,NA
64388,64387,1499,1933,Civil Engineering 土木,NA
64392,64391,821,1935,Civil Engineering 土木,NA
64395,64393,349,1935,Civil Engineering 土木,Zhuanke 專科
64412,64411,235,1929,Mechanical Engineering 機械,NA
64417,64416,6339,1928,Electrical Engineering 電機,NA
64425,64424,1310,1930,Chemical Engineering 化工,NA
64429,64428,821,1934,Electrical Engineering 電機,NA
64431,64430,30772,1912,Civil Engineering 土木,NA
64433,64432,235,1916,Civil Engineering 土木,NA
64435,64434,675,1925,Civil Engineering 土木,NA
64437,64436,70078,1922,Civil Engineering 土木,NA
64439,64438,15494,1916,Textile Engineering 紡織,NA
64443,64442,498,1933,Electrical Engineering 電機,NA
64445,64444,483,1919,Agriculture 農科,NA
64446,64444,152,1921,Chemical Engineering 化工,Master 碩士
64454,64453,561,1922,Textile Engineering 紡織,NA
64456,64455,1499,1931,Civil Engineering 土木,NA
64458,64457,235,1925,Mechanical Engineering 機械,NA
64459,64457,227,1927,Mechanical Engineering 機械,Master 碩士
64468,64467,529,1937,Mechanical Engineering 機械,NA
64470,64469,3044,1937,Civil Engineering 土木,NA
64473,64472,692,1937,Civil Engineering 土木,NA
64475,64474,498,1933,Electrical Engineering 電機,NA
64478,64477,498,1933,Electrical Engineering 電機,NA
64481,64480,20791,1924,Electrical Engineering 電機,NA
64484,64452,235,1922,Mechanical Engineering 機械,NA
64485,64452,179,1927,Mechanical Engineering 機械,Master 碩士
64494,64493,516,1935,Civil Engineering 土木,NA
64498,64495,235,1936,Mechanical Engineering 機械,NA
64502,64501,692,1923,Civil Engineering 土木,NA
64505,64504,1516,1936,Mechanical Engineering 機械,NA
64509,64508,1730,1921,Telecommunications 電信,NA
64511,64510,12138,1923,Chemical Engineering 化工,NA
64512,64510,20494,1924,Chemical Engineering 化工,Master 碩士
64513,64510,20494,1926,Chemical Engineering 化工,Zhuanke 專科
64514,64510,195,NA,unspecified,Research 研究
64515,64510,151,1922,unspecified,Research 研究
64531,64530,455,1939,Mechanical Engineering 機械,NA
64533,64532,5740,1917,Mining Engineering 礦冶,NA
64544,64543,692,1915,Mining Engineering 礦冶,NA
64547,64546,1730,1920,Telecommunications 電信,NA
64562,64561,561,1917,Textile Engineering 紡織,NA
64566,64565,639,1932,Civil Engineering 土木,NA
64575,64574,1730,1920,Telecommunications 電信,NA
64576,64574,235,NA,Electrical Engineering 電機,NA
64584,64583,529,1933,Civil Engineering 土木,NA
64594,64591,520,1938,Chemical Engineering 化工,NA
64596,64595,64597,1923,Electrical Engineering 電機,NA
64611,64610,70078,1919,Civil Engineering 土木,NA
64613,64612,1499,1939,Civil Engineering 土木,NA
64615,64614,1499,1933,Civil Engineering 土木,NA
64617,64616,151,1922,Chemical Engineering 化工,Master 碩士
64628,64626,692,1938,Civil Engineering 土木,NA
64630,64629,529,1934,Electrical Engineering 電機,NA
64634,64633,1310,1927,Textile Engineering 紡織,NA
64638,64637,821,1933,Electrical Engineering 電機,NA
64640,64639,235,1933,Civil Engineering 土木,NA
64642,64641,998,1937,Mechanical Engineering 機械,NA
64645,64644,167,1921,Civil Engineering 土木,NA
64663,64662,555,1939,Electrical Engineering 電機,NA
64665,64664,2004,1939,Mechanical Engineering 機械,NA
64670,64669,152,NA,Chemical Engineering 化工,Master 碩士
64671,64669,46522,NA,unspecified,Research 研究
64681,64680,44085,NA,Mechanical Engineering 機械,NA
64682,64680,227,1924,Mechanical Engineering 機械,Master 碩士
64683,64680,120,1926,unspecified,NA
64691,64690,455,1930,Civil Engineering 土木,NA
64693,64692,1499,1919,Civil Engineering 土木,NA
64695,64694,235,1929,Electrical Engineering 電機,NA
64699,64698,4581,1939,Civil Engineering 土木,NA
64701,64700,451,1938,Civil Engineering 土木,NA
64703,64702,455,1930,Civil Engineering 土木,NA
64708,64707,901,1935,Civil Engineering 土木,NA
64710,64709,1679,1937,Civil Engineering 土木,NA
64712,64711,7087,1935,Turbine 輪機,NA
64717,64716,235,1933,Mechanical Engineering 機械,NA
64720,64719,725,1928,Mining Engineering 礦冶,NA
64722,64721,675,1934,Civil Engineering 土木,NA
64725,64723,1499,1925,Civil Engineering 土木,NA
64728,64727,235,1934,Electrical Engineering 電機,NA
64731,64730,561,1927,Textile Engineering 紡織,NA
64733,64732,516,1939,Mechanical Engineering 機械,NA
64735,64734,1730,1916,Civil Engineering 土木,NA
64738,64737,1730,1916,Civil Engineering 土木,NA
64740,64739,876,1937,Electrical Engineering 電機,NA
64745,64744,235,1922,Electrical Engineering 電機,NA
64747,64746,725,1937,Electrical Engineering 電機,NA
64749,64748,235,1938,Mechanical Engineering 機械,NA
64751,64750,1730,1920,Telecommunications 電信,NA
64753,64752,235,1938,Electrical Engineering 電機,NA
64755,64754,195,1929,Chemical Engineering 化工,Bachelor 學士
64758,64548,31951,1934,Civil Engineering 土木,NA
64762,64761,179,1929,Architecture 建築,NA
64765,64764,455,1938,Architecture 建築,NA
64767,64766,195,1927,Chemical Engineering 化工,Master 碩士
64776,64775,179,1924,Civil Engineering 土木,Master 碩士
64790,64789,212,1927,Civil Engineering 土木,NA
64794,64793,70078,1922,Civil Engineering 土木,NA
64798,64797,1679,1939,Civil Engineering 土木,NA
64800,64799,1950,NA,Civil Engineering 土木,NA
64808,64807,4776,1925,Civil Engineering 土木,NA
64810,64809,516,1937,Chemical Engineering 化工,NA
64812,64811,235,1923,Electrical Engineering 電機,NA
64824,64823,529,1939,Electrical Engineering 電機,NA
64826,64825,529,1939,Civil Engineering 土木,NA
64828,64827,59433,1916,Chemical Engineering 化工,NA
64844,64843,455,1939,Civil Engineering 土木,NA
64846,64845,349,1938,Architecture 建築,NA
64858,64857,7349,1925,Civil Engineering 土木,NA
64861,64860,28532,1927,Chemical Engineering 化工,NA
64862,64860,29803,1930,Chemical Engineering 化工,NA
64870,64869,1499,1939,Civil Engineering 土木,NA
64872,64871,354,1933,Civil Engineering 土木,NA
64879,64878,354,1933,Civil Engineering 土木,NA
64883,64882,2004,1939,Mechanical Engineering 機械,NA
64889,64888,198,NA,Chemical Engineering 化工,NA
64890,64888,198,NA,Electrical Engineering 電機,Master 碩士
64894,64893,1679,1939,Civil Engineering 土木,NA
64896,64895,1310,1924,Textile Engineering 紡織,NA
64899,64898,4419,1936,Mining Engineering 礦冶,Zhuanke 專科
64906,64905,2004,1937,Civil Engineering 土木,NA
64911,64910,426,1934,Civil Engineering 土木,NA
64914,64913,426,1936,Civil Engineering 土木,NA
64916,64915,692,1915,Civil Engineering 土木,NA
64918,64917,195,1923,Chemical Engineering 化工,Bachelor 學士
64919,64917,3157,1924,Chemical Engineering 化工,Master 碩士
64932,64931,994,1931,Civil Engineering 土木,NA
64934,64933,529,1935,Civil Engineering 土木,NA
64937,64936,2876,1938,Civil Engineering 土木,NA
64941,64940,2224,1921,Mechanical Engineering 機械,NA
64943,64942,3044,1936,Civil Engineering 土木,NA
64962,64961,516,1937,Civil Engineering 土木,NA
64964,64963,498,1930,Mechanical Engineering 機械,NA
64973,64972,1730,1920,Telecommunications 電信,NA
64975,64974,498,1934,Mechanical Engineering 機械,NA
64977,64976,821,1937,Civil Engineering 土木,NA
64979,64978,9439,1937,Telecommunications 電信,Zhuanke 專科
64981,64980,235,1934,Electrical Engineering 電機,NA
64982,64980,64983,NA,Aeronautical Engineering 航空工程,Zhuanke 專科
64988,64987,235,1934,Mechanical Engineering 機械,NA
64993,64992,1730,1921,Telecommunications 電信,NA
64999,64998,455,1933,Civil Engineering 土木,NA
65007,65006,555,1938,Civil Engineering 土木,NA
65009,65008,498,1937,Textile Engineering 紡織,NA
65011,65010,179,1923,Mechanical Engineering 機械,NA
65022,65021,725,1924,Mining Engineering 礦冶,NA
65024,65023,1307,1923,Civil Engineering 土木,NA
65034,65033,561,1921,Textile Engineering 紡織,NA
65036,65035,235,1918,Civil Engineering 土木,NA
65045,65044,235,1924,Electrical Engineering 電機,NA
65046,65044,195,1928,Electrical Engineering 電機,Master 碩士
65060,65059,152,1909,Civil Engineering 土木,NA
65072,65071,235,1919,Civil Engineering 土木,NA
65074,65073,235,1920,Electrical Engineering 電機,NA
65079,65078,349,1937,Civil Engineering 土木,NA
65081,65080,455,1935,Mechanical Engineering 機械,NA
65085,65084,235,1923,Mechanical Engineering 機械,NA
65086,65084,152,NA,Mechanical Engineering 機械,Master 碩士
65093,65092,1730,1921,Telecommunications 電信,NA
65095,65094,692,1931,Civil Engineering 土木,NA
65098,65097,821,1935,Mechanical Engineering 機械,NA
65100,65099,1730,1920,Telecommunications 電訊,NA
65102,65101,998,1939,Civil Engineering 土木,NA
65104,65103,235,1927,Mechanical Engineering 機械,NA
65105,65103,227,1928,Civil Engineering 土木,Master 碩士
65106,65103,152,NA,Civil Engineering 土木,Research 研究
65111,65110,821,1933,Electrical Engineering 電機,NA
65113,65112,2224,1934,Electrical Engineering 電工,NA
65115,65114,7087,1937,Turbine 輪機,NA
65117,65116,235,1934,Electrical Engineering 電機,NA
65119,65118,2004,1939,Mechanical Engineering 機械,NA
65123,65121,498,1936,Electrical Engineering 電機,NA
65125,65124,998,1936,Chemical Engineering 化工,NA
65130,65129,1310,1912,Mechanical Engineering 機械,NA
65139,65137,901,1936,Civil Engineering 土木,NA
65141,65140,555,1938,Mechanical Engineering 機械,NA
65143,65142,1499,1932,Civil Engineering 土木,NA
65147,65146,2876,1937,Civil Engineering 土木,NA
65149,65148,115,1922,Civil Engineering 土木,NA
65151,65150,1730,1921,Telecommunications 電訊,NA
65155,65154,1499,1924,Civil Engineering 土木,NA
65158,65157,235,1927,Electrical Engineering 電機,NA
65160,65159,195,1918,Mechanical Engineering 機械,Bachelor 學士
65171,65170,224,1920,Mining Engineering 礦冶,NA
65179,65178,998,1936,Electrical Engineering 電機,NA
65182,65181,2224,1937,Civil Engineering 土木,NA
65184,65183,998,1936,Civil Engineering 土木,NA
65187,65186,1730,1915,Radio Engineering 無線電,NA
65189,65188,455,1932,Chemical Engineering 化工,NA
65192,65191,70078,1925,Electrical Engineering 電機,NA
65197,65196,235,1923,Electrical Engineering 電機,NA
65203,65202,561,1932,Textile Engineering 紡織,NA
65205,65204,235,1920,Civil Engineering 土木,NA
65209,65208,2224,1939,Electrical Engineering 電機,NA
65211,65210,3530,1926,Electrical Engineering 電機,NA
65219,65218,561,1937,Textile Engineering 紡織,NA
65221,65220,1950,1932,Civil Engineering 土木,NA
65223,65222,235,1932,Civil Engineering 土木,NA
65225,65224,235,1928,Electrical Engineering 電機,NA
65234,65233,901,1939,Civil Engineering 土木,NA
65236,65235,725,1923,Mining Engineering 礦冶,NA
65238,65237,516,1936,Civil Engineering 土木,NA
65240,65239,2740,1928,Mining Engineering 礦冶,NA
65241,65239,65242,NA,unspecified,Research 研究
65251,65250,235,1937,Civil Engineering 土木,NA
65254,65253,725,1927,Mining Engineering 礦冶,NA
65256,65255,837,1937,Electrical Engineering 電機,NA
65259,65257,675,1938,Civil Engineering 土木,NA
65261,65260,821,1938,Electrical Engineering 電機,NA
65263,65262,692,1936,Civil Engineering 土木,NA
65265,65264,725,1924,Mechanical Engineering 機械,NA
65272,65271,692,1928,Mining Engineering 礦冶,NA
65283,65282,725,1937,Mechanical Engineering 機械,NA
65285,65284,1499,1917,Civil Engineering 土木,NA
65293,65292,998,1937,Civil Engineering 土木,NA
65295,65294,998,1936,Chemical Engineering 化工,NA
65297,65296,354,1937,Civil Engineering 土木,NA
65299,65298,349,1938,Civil Engineering 土木,Zhuanke 專科
65301,65300,725,1919,Mining Engineering 礦冶,NA
65304,65303,2224,1939,Electrical Engineering 電機,NA
65306,65305,229,1935,Civil Engineering 土木,NA
65309,65308,498,1933,Mechanical Engineering 機械,NA
65311,65310,65314,1936,Civil Engineering 土木,NA
65318,65317,3073,1937,Mining Engineering 礦冶,NA
65320,65319,725,1936,Mining Engineering 礦冶,NA
65322,65321,692,1910,Mining Engineering 礦冶,NA
65330,65329,821,1935,Mechanical Engineering 機械,NA
65332,65331,235,1934,Civil Engineering 土木,NA
65335,65334,349,1937,Telecommunications 電信,Zhuanke 專科
65337,65336,1499,1929,Civil Engineering 土木,NA
65339,65338,1730,1912,Civil Engineering 土木,NA
65345,65344,901,1938,Civil Engineering 土木,NA
65349,65348,998,1938,Civil Engineering 土木,NA
65351,65350,235,1939,Civil Engineering 土木,NA
65353,65352,639,1940,Aeronautical Engineering 航空機械,NA
65356,65355,498,1934,Electrical Engineering 電機,NA
65358,65357,235,1928,Electrical Engineering 電機,NA
65360,65359,692,1915,Civil Engineering 土木,NA
65364,65363,675,1936,Civil Engineering 土木,NA
65367,65366,229,1936,Civil Engineering 土木,NA
65370,65369,675,1932,Civil Engineering 土木,NA
65376,65375,1499,1925,Civil Engineering 土木,NA
65379,65378,235,1919,Civil Engineering 土木,NA
65382,65381,998,1933,Civil Engineering 土木,NA
65385,65384,235,1933,Mechanical Engineering 機械,NA
65388,65387,1730,1920,Telecommunications 電訊,NA
65392,65391,1499,1932,Civil Engineering 土木,NA
65395,65394,2584,1925,Mechanical Engineering 機械,NA
65410,65408,498,1934,Electrical Engineering 電機,NA
65412,65411,12994,1930,Civil Engineering 土木,NA
65415,65414,12994,1933,Civil Engineering 土木,NA
65418,65417,12994,NA,Civil Engineering 土木,NA
65421,65420,2004,1939,Civil Engineering 土木,NA
65423,65422,229,1935,Civil Engineering 土木,NA
65427,65426,498,1934,Electrical Engineering 電機,NA
65429,65428,9471,1914,Mining Engineering 礦冶,NA
65439,65438,1499,1930,Civil Engineering 土木,NA
65443,65442,855,1931,Mechanical Engineering 機械,NA
65448,65447,1730,1920,Telecommunications 電信,NA
65451,65450,998,1932,Civil Engineering 土木,NA
65454,65453,2224,1938,Mechanical Engineering 機械,NA
65456,65455,151,1931,Chemical Engineering 化工,NA
65463,65462,692,1913,Civil Engineering 土木,NA
65468,65467,3530,1926,Electrical Engineering 電機,NA
65469,65467,65470,1928,Radio Engineering 無線電,NA
65471,65467,65472,NA,Radio Engineering 無線電,Research 研究
65473,65467,15103,NA,Radio Engineering 無線電,Research 研究
65483,65482,675,1933,Civil Engineering 土木,NA
65485,65484,1730,1920,Telecommunications 電信,NA
65494,65493,235,1935,Electrical Engineering 電機,NA
65497,65496,349,1937,Telecommunications 電信,NA
65499,65498,115,1935,Chemical Engineering 化工,NA
65501,65500,821,1929,Mechanical Engineering 機械,NA
65502,65500,227,1932,Mechanical Engineering 機械,Master 碩士
65508,65507,876,1934,Civil Engineering 土木,NA
65511,65509,1499,1932,Civil Engineering 土木,NA
65513,65512,1516,1937,Mechanical Engineering 機械,NA
65515,65514,235,1919,Civil Engineering 土木,NA
65529,65528,675,1936,Civil Engineering 土木,NA
65531,65530,561,1936,Textile Engineering 紡織,NA
65533,65532,16161,NA,Naval Architecture 造船,NA
65536,65535,35792,1913,Electrical Engineering 電機,NA
65546,65545,455,1930,Civil Engineering 土木,NA
65549,65548,998,1936,Electrical Engineering 電機,NA
65551,65550,1499,1931,Civil Engineering 土木,NA
65552,65550,198,NA,Civil Engineering 土木,Master 碩士
65556,65555,998,1931,Civil Engineering 土木,NA
65559,65558,167,1913,Mechanical Engineering 機械,NA
65566,65565,1499,1934,Civil Engineering 土木,NA
65569,65568,675,1935,Civil Engineering 土木,NA
65571,65570,821,1935,Civil Engineering 土木,NA
65573,65572,998,1922,Civil Engineering 土木,NA
65576,65575,1499,1933,Civil Engineering 土木,NA
65578,65577,1907,NA,Electrical Engineering 電機,NA
65586,65585,498,1930,Chemical Engineering 化工,NA
65588,65587,555,1939,Mechanical Engineering 機械,NA
65590,65589,175,NA,Civil Engineering 土木,NA
65594,65593,1483,1931,Textile Engineering 紡織,NA
65597,65596,1730,1916,Civil Engineering 土木,NA
65599,65598,8454,1922,Mining Engineering 礦冶,NA
65608,65607,2224,1924,Mechanical Engineering 機械,NA
65612,65611,2224,1929,Civil Engineering 土木,NA
65614,65613,70078,1919,Mining Engineering 礦冶,NA
65619,65618,1310,1935,Chemical Engineering 化工,NA
65620,65618,1310,1936,Chemical Engineering 化工,Research 研究
65623,65622,229,1934,Civil Engineering 土木,NA
65625,65624,235,1910,Civil Engineering 土木,NA
65627,65624,276,1912,Civil Engineering 土木,Master 碩士
65638,65637,2224,1938,Surveying 測量,NA
65640,65639,529,1935,Civil Engineering 土木,NA
65643,65642,1499,1930,Civil Engineering 土木,NA
65650,65649,692,1917,Mining Engineering 礦冶,NA
65652,65651,7349,1921,Civil Engineering 土木,NA
65664,65663,561,1937,Textile Engineering 紡織,NA
65666,65665,555,1938,Civil Engineering 土木,NA
65668,65667,70078,1920,Civil Engineering 土木,NA
65670,65669,235,1934,Civil Engineering 土木,NA
65673,65672,6339,1931,Electrical Engineering 電機,NA
65682,65681,692,1932,Mining Engineering 礦冶,NA
65687,65686,455,1932,Mechanical Engineering 機械,NA
65688,65686,13974,NA,unspecified,NA
65691,65690,561,1918,Textile Engineering 紡織,NA
65693,65692,498,1929,Electrical Engineering 電機,NA
65697,65696,235,1922,Mechanical Engineering 機械,NA
65699,65698,59126,1925,Chemical Engineering 化工,NA
65709,65708,150,1922,Mining Engineering 礦冶,NA
65710,65708,151,1923,Mining Engineering 礦冶,Research 研究
65719,65717,235,1931,Civil Engineering 土木,NA
65723,65722,455,1935,Electrical Engineering 電機,NA
65726,65725,561,1921,Textile Engineering 紡織,NA
65728,65727,821,1930,Civil Engineering 土木,NA
65730,65729,235,1922,Electrical Engineering 電機,NA
65731,65729,171,1926,Electrical Engineering 電機,Master 碩士
65738,65737,45488,NA,Electrical Engineering 電機,NA
65739,65737,34468,NA,Mechanical Engineering 機械,NA
65747,65746,1269,1936,Chemical Engineering 化工,NA
65749,65748,235,1935,Civil Engineering 土木,NA
65751,65750,349,1935,Civil Engineering 土木,Zhuanke 專科
65754,65753,12802,1919,Electrical Engineering 電機,NA
65761,65760,1730,1915,Radio Engineering 無線電,NA
65763,65762,14843,1913,Mechanical Engineering 機械,NA
65775,65774,426,1930,Civil Engineering 土木,NA
65780,65779,2328,1937,Electrical Engineering 電機,NA
65783,65782,1907,1925,Mechanical Engineering 機械,NA
65792,65791,692,1928,Mining Engineering 礦冶,NA
65810,65809,725,1926,Mining Engineering 礦冶,NA
65813,65812,1269,1936,Chemical Engineering 化工,NA
65815,65814,7087,1934,Turbine 輪機,NA
65817,65816,821,1935,Civil Engineering 土木,NA
65820,65819,725,1935,Mechanical Engineering 機械,NA
65823,65822,7087,1934,Turbine 輪機,NA
65825,65824,483,NA,Electrical Engineering 電機,NA
65833,65832,270,1926,Chemical Engineering 化工,Master 碩士
65836,65835,235,1933,Civil Engineering 土木,NA
65838,65837,235,1933,Civil Engineering 土木,NA
65839,65837,152,NA,Civil Engineering 土木,Master 碩士
65842,65841,152,1915,Civil Engineering 土木,NA
65846,65845,354,1935,Civil Engineering 土木,NA
65850,65849,2224,1933,Civil Engineering 土木,NA
65852,65851,855,1925,Mechanical Engineering 機械,NA
65856,65855,455,1930,Architecture 建築,NA
65858,65857,70078,1916,Civil Engineering 土木,NA
65861,65859,692,1932,Civil Engineering 土木,NA
65870,65869,232,1923,Chemical Engineering 化工,NA
65871,65869,3157,1924,Chemical Engineering 化工,Master 碩士
65893,65892,2840,1932,Civil Engineering 土木,NA
65897,65896,692,1938,Civil Engineering 土木,NA
65899,65898,692,1922,Mining Engineering 礦冶,NA
65910,65909,1499,1937,Civil Engineering 土木,NA
65912,65911,837,1926,Mining Engineering 礦冶,NA
65913,65911,49247,NA,Mechanical Engineering 機械,NA
65921,65920,692,1931,Mining Engineering 礦冶,NA
65926,65925,725,1933,Electrical Engineering 電機,NA
65934,65933,235,1939,Mechanical Engineering 機械,NA
65936,65935,1269,1939,Electrical Engineering 電機,NA
65938,65937,354,1935,Civil Engineering 土木,NA
65940,65939,229,1934,Civil Engineering 土木,NA
65943,65942,692,1925,Civil Engineering 土木,NA
65955,65954,235,1935,Civil Engineering 土木,NA
65959,65958,1499,1931,Civil Engineering 土木,NA
65962,65961,1369,1924,Chemical Engineering 化工,NA
65970,65969,451,1935,Civil Engineering 土木,NA
65972,65971,675,1932,Civil Engineering 土木,NA
65974,65973,24703,1927,Civil Engineering 土木,NA
65978,65977,1310,1913,Textile Engineering 紡織,NA
65981,65980,235,1938,Civil Engineering 土木,NA
65983,65982,235,1935,Mechanical Engineering 機械,NA
65986,65985,561,1923,Textile Engineering 紡織,NA
65988,65987,16161,1914,Naval Architecture 造船,NA
65995,65994,998,1937,Electrical Engineering 電機,NA
66002,66001,498,1935,Mechanical Engineering 機械,NA
66005,66004,516,1930,Mechanical Engineering 機械,NA
66007,66006,1730,1917,Telecommunications 電信,NA
66009,66008,692,1930,Civil Engineering 土木,NA
66011,66010,675,1934,Civil Engineering 土木,NA
66013,66012,1499,1919,Civil Engineering 土木,NA
66015,66014,725,1927,Mining Engineering 礦冶,NA
66020,66019,235,1934,Electrical Engineering 電機,NA
66022,66021,855,1937,Mechanical Engineering 機械,NA
66024,66023,349,1937,Civil Engineering 土木,Zhuanke 專科
66026,66025,498,1935,Chemical Engineering 化工,NA
66029,66027,66031,1932,Electrical Engineering 電機,NA
66030,66028,167,1911,Naval Architecture 造船,NA
66046,66045,219,1925,Architecture 建築,Master 碩士
66053,66052,229,1932,Civil Engineering 土木,NA
66054,66051,998,1931,Electrical Engineering 電機,NA
66057,66056,70078,1919,Civil Engineering 土木,NA
66060,66059,235,1931,Electrical Engineering 電機,NA
66063,66061,855,1926,Chemical Engineering 化工,NA
66065,66064,855,1927,Mechanical Engineering 機械,NA
66068,66067,998,1936,Mechanical Engineering 機械,NA
66070,66066,529,1939,Electrical Engineering 電機,NA
66071,66069,235,1926,Electrical Engineering 電機,NA
66073,66072,1499,1938,Civil Engineering 土木,NA
66076,66074,561,1935,Textile Engineering 紡織,NA
66086,66084,1499,1936,Civil Engineering 土木,NA
66089,66088,692,1936,Mining Engineering 礦冶,NA
66091,66090,2328,1935,Civil Engineering 土木,NA
66095,66092,152,1914,Mechanical Engineering 機械,NA
66095,66092,152,1914,Electrical Engineering 電機,NA
66096,66094,235,1933,Electrical Engineering 電機,NA
66097,66094,455,1938,Mechanical Engineering 機械,特別班
66098,66092,265,1915,Electrical Engineering 電機,Master 碩士
66103,66100,998,1939,Civil Engineering 土木,NA
66106,66104,821,1935,Electrical Engineering 電機,NA
66111,66109,455,1933,Civil Engineering 土木,NA
66112,66110,1499,1927,Civil Engineering 土木,NA
66119,66116,1730,1923,Telecommunications 電信,NA
66120,66117,498,1933,Electrical Engineering 電機,NA
66123,66122,998,1938,Electrical Engineering 電機,NA
66129,66125,692,1914,Mining Engineering 礦冶,NA
66133,66132,455,1938,Mechanical Engineering 機械,NA
66135,66134,2328,1921,Mechanical Engineering 機械,NA
66144,66142,152,1912,Civil Engineering 土木,NA
66149,66147,455,1939,Mechanical Engineering 機械,NA
66158,66156,498,1933,Chemical Engineering 化工,NA
66161,66159,692,1929,Mining Engineering 礦冶,NA
66173,66171,1499,1934,Civil Engineering 土木,NA
66178,66176,2888,1939,Civil Engineering 土木,NA
66181,66179,821,1933,Architecture 建築,NA
66186,66183,516,1939,Architecture 建築,NA
66189,66188,529,1926,Civil Engineering 土木,NA
66190,66187,349,1938,Architecture 建築,NA
66194,66193,2121,1912,Civil Engineering 土木,NA
66197,66195,1499,1927,Civil Engineering 土木,NA
66203,66201,1310,1930,Mechanical Engineering 機械,NA
66213,66212,725,1927,Civil Engineering 土木,NA
66216,66214,7087,1936,Turbine 輪機,NA
66217,66215,227,1925,Mechanical Engineering 機械,NA
66233,66232,529,1936,Mining Engineering 礦冶,NA
66234,66231,692,1933,Civil Engineering 土木,NA
66237,66236,498,1931,Chemical Engineering 化工,NA
66238,66235,561,1928,Textile Engineering 紡織,NA
66244,66243,561,1933,Textile Engineering 紡織,NA
66246,66245,821,1935,Civil Engineering 土木,NA
66251,66250,1730,1912,Civil Engineering 土木,NA
66255,66254,516,1936,Civil Engineering 土木,NA
66257,66256,498,1934,Electrical Engineering 電機,NA
66261,66260,1253,1933,Civil Engineering 土木,NA
66264,66263,855,1925,Mechanical Engineering 機械,NA
66269,66262,1310,1935,Chemical Engineering 化工,NA
66275,66273,725,1923,Mechanical Engineering 機械,NA
66277,66276,1499,1933,Civil Engineering 土木,NA
66280,66279,349,1938,Chemical Engineering 化工,NA
66284,66283,498,1932,Mechanical Engineering 機械,NA
66286,66285,7087,1934,Turbine 輪機,NA
66290,66287,1679,1937,Civil Engineering 土木,NA
66297,66295,529,1935,Civil Engineering 土木,NA
66299,66296,451,1938,Civil Engineering 土木,NA
66300,66298,561,1936,Textile Engineering 紡織,NA
66302,66301,498,1931,Electrical Engineering 電機,NA
66304,66303,821,1933,Mechanical Engineering 機械,NA
66306,66305,498,1938,Textile Engineering 紡織,NA
66310,66308,235,1925,Electrical Engineering 電機,NA
66312,66309,675,1929,Civil Engineering 土木,NA
66317,66316,675,1939,Civil Engineering 土木,NA
66319,66318,498,1934,Textile Engineering 紡織,NA
66321,66320,692,1938,Civil Engineering 土木,NA
66323,66322,2224,1925,Mechanical Engineering 機械,NA
66331,66330,6977,1923,Civil Engineering 土木,NA
66338,66337,1679,1937,Civil Engineering 土木,NA
66340,66339,998,1936,Electrical Engineering 電機,NA
66343,66342,1269,1936,Chemical Engineering 化工,NA
66345,66344,62430,1919,Civil Engineering 土木,NA
66347,66346,1946,1925,unspecified,NA
66363,66362,70078,1913,Mining Engineering 礦冶,NA
66367,66366,821,1933,Textile Engineering 紡織,NA
66371,66370,725,1917,Mechanical Engineering 機械,Zhuanke 專科
66373,66372,855,1928,Mechanical Engineering 機械,NA
66381,66380,855,1932,Chemical Engineering 化工,NA
66383,66382,29249,1926,Electrical Engineering 電機,NA
66397,66396,455,1933,Civil Engineering 土木,NA
66400,66399,1730,1914,Radio Engineering 無線電,NA
66402,66401,675,1933,Civil Engineering 土木,NA
66404,66403,725,1930,Mining Engineering 礦冶,NA
66407,66406,1499,1936,Civil Engineering 土木,NA
66409,66408,561,1935,Textile Engineering 紡織,NA
66411,66410,725,1934,Civil Engineering 土木,NA
66413,66412,529,1936,Civil Engineering 土木,NA
66415,66414,498,1934,Electrical Engineering 電機,NA
66424,66423,229,1937,Civil Engineering 土木,NA
66426,66425,821,1934,Civil Engineering 土木,NA
66429,66428,692,1929,Civil Engineering 土木,NA
66433,66432,235,1937,Electrical Engineering 電機,NA
66438,66437,426,1928,Civil Engineering 土木,NA
66440,66439,855,1932,Mechanical Engineering 機械,NA
66444,66443,516,1939,Architecture 建築,NA
66446,66445,725,1928,Civil Engineering 土木,NA
66448,66447,498,1936,Electrical Engineering 電機,NA
66451,66450,725,1930,Mechanical Engineering 機械,NA
66453,66452,2224,1927,Mechanical Engineering 機械,NA
66455,66454,455,1935,Electrical Engineering 電機,NA
66458,66457,195,1913,Naval Architecture 造船,Bachelor 學士
66464,66463,529,1936,Civil Engineering 土木,NA
66466,66465,516,1935,Civil Engineering 土木,NA
66468,66467,349,1936,Civil Engineering 土木,Zhuanke 專科
66470,66469,837,1937,Electrical Engineering 電機,NA
66472,66471,649,1930,unspecified,NA
66474,66473,692,1919,Civil Engineering 土木,NA
66487,66486,1499,1938,Civil Engineering 土木,NA
66489,66488,529,1927,Electrical Engineering 電機,NA
66492,66491,998,1928,Electrical Engineering 電機,NA
66502,66501,5740,1917,Civil Engineering 土木,NA
66517,66516,1730,1917,Telecommunications 電信,NA
66519,66518,1499,1934,Civil Engineering 土木,NA
66521,66520,516,1935,Civil Engineering 土木,NA
66523,66522,692,1938,Mining Engineering 礦冶,NA
66525,66524,692,1938,Civil Engineering 土木,NA
66527,66526,2224,1936,Electrical Engineering 電機,NA
66530,66529,66531,1926,Civil Engineering 土木,NA
66544,66543,12994,1926,Civil Engineering 土木,NA
66555,66554,529,1926,Electrical Engineering 電機,NA
66557,66556,692,1915,Mining Engineering 礦冶,NA
66565,66564,498,1933,Mechanical Engineering 機械,NA
66567,66566,4718,1913,Mining Engineering 礦冶,NA
66575,66574,70078,1921,Mining Engineering 礦冶,NA
66577,66576,692,1915,Civil Engineering 土木,NA
66582,66581,998,1932,Civil Engineering 土木,NA
66584,66583,2224,1934,Civil Engineering 土木,NA
66586,66585,349,1937,Architecture 建築,NA
66588,66587,229,1936,Civil Engineering 土木,NA
66592,66591,675,1936,Civil Engineering 土木,NA
66595,66594,12802,1911,Mechanical Engineering 機械,NA
66606,66605,451,1939,Civil Engineering 土木,NA
66608,66607,270,1929,Chemical Engineering 化工,NA
66609,66607,270,1930,Chemical Engineering 化工,Master 碩士
66610,66607,198,1932,Chemical Engineering 化工,Doctor 博士
66618,66617,998,1928,Chemical Engineering 化工,NA
66621,66619,675,1932,Civil Engineering 土木,NA
66623,66622,516,1936,Civil Engineering 土木,NA
66625,66624,58736,1921,Mining Engineering 礦冶,NA
66636,66635,34021,1916,Aeronautical Engineering 航空機械,NA
66645,66644,70078,1919,Civil Engineering 土木,NA
66657,66656,998,1932,Civil Engineering 土木,NA
66660,66659,1950,1927,Civil Engineering 土木,NA
66669,66668,235,1928,Electrical Engineering 電機,NA
66681,66680,725,1919,Mining Engineering 礦冶,NA
66683,66682,498,1935,Textile Engineering 紡織,NA
66685,66684,349,1938,Mechanical Engineering 機械,NA
66690,66689,70078,1913,Civil Engineering 土木,NA
66692,66691,998,1939,Civil Engineering 土木,NA
66694,66693,1138,1915,Mining Engineering 礦冶,NA
66708,66707,529,1937,Mining Engineering 礦冶,NA
66713,66712,3044,1936,Civil Engineering 土木,NA
66715,66714,998,1930,Electrical Engineering 電機,NA
66716,66714,66717,NA,Telecommunications 電信,NA
66721,66720,2224,1920,Civil Engineering 土木,NA
66724,66723,2584,1926,Chemical Engineering 化工,NA
66730,66729,235,1927,Electrical Engineering 電機,NA
66733,66732,561,1922,Textile Engineering 紡織,NA
66735,66734,1730,1918,Telecommunications 電信,NA
66739,66738,4163,1928,Chemical Engineering 化工,NA
66746,66745,561,1936,Chemical Engineering 化工,NA
66748,66747,516,1936,Chemical Engineering 化工,NA
66750,66749,692,NA,Civil Engineering 土木,NA
66753,66752,561,1928,Textile Engineering 紡織,NA
66755,66754,561,1936,Textile Engineering 紡織,NA
66757,66756,455,1933,Electrical Engineering 電機,NA
66760,66759,3044,1939,Civil Engineering 土木,NA
66762,66761,725,1935,Mining Engineering 礦冶,NA
66766,66764,498,1934,Electrical Engineering 電機,NA
66768,66767,675,1935,Civil Engineering 土木,NA
66770,66769,235,1923,Electrical Engineering 電機,NA
66774,66773,70078,1916,Civil Engineering 土木,NA
66777,66776,62430,1923,Civil Engineering 土木,NA
66779,66778,675,1932,Civil Engineering 土木,NA
66781,66780,451,1938,Civil Engineering 土木,NA
66783,66782,3073,1936,Civil Engineering 土木,NA
66785,66784,3044,1938,Civil Engineering 土木,NA
66787,66786,455,1937,Civil Engineering 土木,NA
66791,66790,1730,1917,Telecommunications 電信,NA
66793,66792,1269,1939,Civil Engineering 土木,NA
66795,66794,195,1925,Electrical Engineering 電機,Bachelor 學士
66796,66794,195,1926,Electrical Engineering 電機,Master 碩士
66804,66803,498,1933,Mechanical Engineering 機械,NA
66808,66807,1730,1916,Telecommunications 電信,NA
66810,66809,821,1937,Civil Engineering 土木,NA
66819,66818,498,1936,Textile Engineering 紡織,NA
66829,66828,692,1910,Mining Engineering 礦冶,NA
66831,66830,4419,1936,Mining Engineering 礦冶,Zhuanke 專科
66833,66832,855,1928,Mechanical Engineering 機械,NA
66835,66834,855,1928,Mechanical Engineering 機械,NA
66837,66836,725,1927,Mining Engineering 礦冶,NA
66839,66838,1730,1920,Telecommunications 電信,NA
66841,66840,876,1937,Electrical Engineering 電機,NA
66843,66842,455,1939,Mechanical Engineering 機械,NA
66845,66844,2888,1939,Civil Engineering 土木,NA
66847,66846,561,1923,Textile Engineering 紡織,NA
66850,66849,235,1918,Civil Engineering 土木,NA
66852,66851,235,1929,Electrical Engineering 電機,NA
66855,66854,235,1924,Electrical Engineering 電機,NA
66871,66870,235,1928,Electrical Engineering 電機,NA
66872,66870,12116,1934,Electrical Engineering 電機,Master 碩士
66886,66885,1499,1935,Mining Engineering 礦冶,NA
66890,66889,561,1921,Textile Engineering 紡織,NA
66896,66894,1499,1929,Civil Engineering 土木,NA
66899,66898,235,1935,Civil Engineering 土木,NA
66902,66901,235,1933,Electrical Engineering 電機,NA
66905,66904,235,1932,Mechanical Engineering 機械,NA
66908,66907,455,1933,Civil Engineering 土木,NA
66910,66909,235,1934,Civil Engineering 土木,NA
66913,66912,498,1937,Chemical Engineering 化工,NA
66919,66917,3044,1936,Civil Engineering 土木,NA
66921,66920,529,1931,Electrical Engineering 電機,NA
66933,66932,235,1935,Mechanical Engineering 機械,NA
66938,66937,235,1927,Electrical Engineering 電機,NA
66948,66947,3044,1938,Civil Engineering 土木,NA
66950,66949,1499,1931,Civil Engineering 土木,NA
66953,66952,994,1939,Electrical Engineering 電機,NA
66960,66959,8454,1915,Mining Engineering 礦冶,NA
66972,66971,62430,1919,Civil Engineering 土木,NA
66974,66973,7133,1926,Mechanical Engineering 機械,NA
66983,66982,529,1936,Electrical Engineering 電機,NA
66985,66984,901,1937,Civil Engineering 土木,NA
66999,66998,229,1933,Civil Engineering 土木,NA
67001,67000,1946,1927,Aeronautical Engineering 航空機械,NA
67010,67009,498,1936,Textile Engineering 紡織,NA
67012,67011,516,1939,Electrical Engineering 電機,NA
67014,67013,876,1936,Civil Engineering 土木,NA
67016,67015,235,1924,Mechanical Engineering 機械,NA
67023,67022,998,1935,Electrical Engineering 電機,NA
67027,67026,235,1924,Mechanical Engineering 機械,NA
67028,67026,152,1925,Mechanical Engineering 機械,Master 碩士
67036,67035,235,1913,Civil Engineering 土木,NA
67037,67035,179,NA,Mechanical Engineering 機械,NA
67041,67040,235,1930,Mechanical Engineering 機械,NA
67052,67051,1730,1917,Telecommunications 電訊,NA
67056,67054,692,1910,Mining Engineering 礦冶,NA
67058,67057,675,1938,Civil Engineering 土木,NA
67060,67059,998,1930,Chemical Engineering 化工,NA
67062,67061,451,1938,Civil Engineering 土木,NA
67064,67063,725,1927,Civil Engineering 土木,NA
67069,67068,901,1938,Civil Engineering 土木,NA
67073,67072,235,1923,Mechanical Engineering 機械,NA
67076,67075,725,1928,Electrical Engineering 電機,NA
67080,67079,516,1936,Civil Engineering 土木,NA
67082,67081,1679,1939,Civil Engineering 土木,NA
67084,67083,516,1939,Chemical Engineering 化工,NA
67086,67085,1310,NA,Electrical Engineering 電機,NA
67087,67085,11540,NA,Mechanical Engineering 機械,NA
67088,67085,5740,1929,unspecified,Research 研究
67097,67096,1730,1914,Radio Engineering 無線電,NA
67100,67099,235,1938,Electrical Engineering 電機,NA
67102,67101,70078,1916,Civil Engineering 土木,NA
67104,67103,455,1933,Civil Engineering 土木,NA
67107,67106,44085,1931,Electrical Engineering 電機,NA
67118,67117,692,1933,Civil Engineering 土木,NA
67121,67120,1730,1920,Radio Engineering 無線電,NA
67122,67120,4599,1922,Radio Engineering 無線電,NA
67137,67136,1907,1923,Electrical Engineering 電機,NA
67147,67146,349,1936,Architecture 建築,NA
67151,67150,235,1935,Mechanical Engineering 機械,NA
67154,67153,725,1934,Mining Engineering 礦冶,NA
67156,67155,4776,1934,Electrical Engineering 電機,NA
67159,67158,2224,1934,Electrical Engineering 電機,NA
67161,67160,555,1938,Electrical Engineering 電機,NA
67163,67162,2224,1939,Electrical Engineering 電機,NA
67165,67164,725,1926,Mining Engineering 礦冶,NA
67167,67166,235,1937,Civil Engineering 土木,NA
67169,67168,675,1929,Civil Engineering 土木,NA
67171,67170,2224,1930,Electrical Engineering 電機,NA
67176,67175,2224,1936,Electrical Engineering 電機,NA
67180,67179,354,1939,Civil Engineering 土木,NA
67182,67181,498,1932,Chemical Engineering 化工,NA
67188,67187,24703,NA,Civil Engineering 土木,NA
67195,67194,198,1923,Chemical Engineering 化工,NA
67199,67198,1730,1912,Telecommunications 電信,NA
67201,67200,235,1914,Electrical Engineering 電機,NA
67204,67203,516,1936,Chemical Engineering 化工,NA
67206,67205,498,1933,Mechanical Engineering 機械,NA
67208,67207,235,1939,Mechanical Engineering 機械,NA
67210,67209,725,NA,Civil Engineering 土木,NA
67212,67211,235,1935,Civil Engineering 土木,NA
67215,67214,1499,1928,Civil Engineering 土木,NA
67218,67217,821,1932,Civil Engineering 土木,NA
67221,67220,354,1933,Civil Engineering 土木,NA
67223,67222,876,1938,Civil Engineering 土木,NA
67230,67229,1499,1926,Civil Engineering 土木,NA
67233,67232,1269,1936,Mining Engineering 礦冶,NA
67235,67234,349,1936,Mechanical Engineering 機械,NA
67237,67236,53262,1928,Mechanical Engineering 機械,NA
67243,67242,2328,1908,Mechanical Engineering 機械,NA
67259,67258,451,1938,Civil Engineering 土木,NA
67261,67260,2004,1937,Civil Engineering 土木,NA
67263,67262,235,1931,Civil Engineering 土木,NA
67268,67267,235,1936,Civil Engineering 土木,NA
67270,67269,3146,NA,Mining Engineering 礦冶,NA
67273,67272,67274,1909,Civil Engineering 土木,NA
67281,67280,120,1925,Mechanical Engineering 機械,NA
67290,67289,498,1930,Chemical Engineering 化工,NA
67292,67291,235,1919,Electrical Engineering 電機,NA
67300,67299,2224,1925,Civil Engineering 土木,NA
67302,67301,516,1939,Mechanical Engineering 機械,NA
67305,67303,235,1913,Civil Engineering 土木,NA
67307,67306,70078,1919,Mining Engineering 礦冶,NA
67323,67322,235,1931,Civil Engineering 土木,NA
67326,67325,455,1933,Electrical Engineering 電機,NA
67334,67332,354,1939,Mechanical Engineering 機械,NA
67337,67336,229,1936,Civil Engineering 土木,NA
67340,67339,821,1935,Civil Engineering 土木,NA
67344,67343,1730,1912,Telecommunications 電信,NA
67346,67345,26673,1928,Chemical Engineering 化工,NA
67347,67345,155,1932,Chemical Engineering 化工,Doctor 博士
67355,67354,44776,NA,Electrical Engineering 電機,NA
67360,67359,675,1938,Civil Engineering 土木,NA
67362,67361,349,1937,Telecommunications 電信,Zhuanke 專科
67364,67363,33732,1927,Chemical Engineering 化工,NA
67365,67363,29539,1929,Chemical Engineering 化工,NA
67366,67363,190,1930,Chemical Engineering 化工,NA
67387,67385,498,1934,Mechanical Engineering 機械,NA
67389,67388,516,1939,Architecture 建築,NA
67391,67390,70078,1916,Mining Engineering 礦冶,NA
67399,67398,3044,1935,Civil Engineering 土木,NA
67402,67400,1499,1921,Civil Engineering 土木,NA
67406,67404,1499,1921,Civil Engineering 土木,NA
67407,67404,152,1922,Civil Engineering 土木,Master 碩士
67420,67419,2840,1926,Mechanical Engineering 機械,NA
67429,67428,1499,1922,Civil Engineering 土木,NA
67431,67430,516,1937,Chemical Engineering 化工,NA
67433,67432,998,1937,Chemical Engineering 化工,NA
67435,67434,349,1937,Civil Engineering 土木,Zhuanke 專科
67437,67436,1499,1914,Civil Engineering 土木,NA
67444,67443,855,1923,Chemical Engineering 化工,NA
67446,67445,2224,1939,Electrical Engineering 電機,NA
67448,67447,30772,1913,Civil Engineering 土木,NA
67450,67449,455,1933,Civil Engineering 土木,NA
67452,67451,692,1919,Civil Engineering 土木,NA
67455,67454,120,1928,Aeronautical Engineering 航空機械,NA
67470,67469,998,1928,Electrical Engineering 電機,NA
67472,67471,349,1934,Civil Engineering 土木,Zhuanke 專科
67477,67476,235,1914,unspecified,NA
67480,67479,455,1930,Civil Engineering 土木,NA
67489,67488,235,1924,Electrical Engineering 電機,NA
67493,67492,235,1937,Mechanical Engineering 機械,NA
67499,67498,3044,NA,Civil Engineering 土木,NA
67505,67504,235,1931,Electrical Engineering 電機,NA
67510,67509,455,1936,Chemical Engineering 化工,NA
67512,67511,529,1937,Mining Engineering 礦冶,NA
67514,67513,1730,1918,Electrical Engineering 電機,NA
67515,67513,4599,1923,Telecommunications 電信,NA
67529,67528,39737,1933,Chemical Engineering 化工,NA
67533,67532,561,1936,Textile Engineering 紡織,NA
67535,67534,235,1937,Civil Engineering 土木,NA
67537,67536,229,1936,Civil Engineering 土木,NA
67540,67539,455,1934,Civil Engineering 土木,NA
67544,67543,195,1914,Mechanical Engineering 機械,NA
67545,67543,151,1915,Physics 物理,Master 碩士
67555,67554,725,1936,Mining Engineering 礦冶,NA
67557,67556,349,1937,Telecommunications 電信,Zhuanke 專科
67559,67558,1310,1923,Mechanical Engineering 機械,NA
67566,67565,3530,1927,Chemical Engineering 化工,NA
67569,67568,354,1933,Civil Engineering 土木,NA
67575,67574,498,1929,Electrical Engineering 電機,NA
67578,67577,4718,1918,Civil Engineering 土木,NA
67582,67581,70078,1913,Civil Engineering 土木,NA
67586,67585,455,1930,Civil Engineering 土木,NA
67588,67587,455,1930,Civil Engineering 土木,NA
67596,67595,235,1915,Civil Engineering 土木,NA
67605,67604,235,1924,Mechanical Engineering 機械,NA
67617,67616,235,1923,Electrical Engineering 電機,NA
67618,67616,171,1925,unspecified,Master 碩士
67622,67621,529,1937,Civil Engineering 土木,NA
67624,67623,1730,1912,Civil Engineering 土木,NA
67626,67625,1499,1934,Civil Engineering 土木,NA
67628,67627,998,1937,Civil Engineering 土木,NA
67630,67629,498,1938,Chemical Engineering 化工,NA
67632,67631,725,1927,Civil Engineering 土木,NA
67636,67635,4419,1936,Mining Engineering 礦冶,Zhuanke 專科
67638,67637,1730,1920,Telecommunications 電信,NA
67645,67644,1907,1922,Chemical Engineering 化工,NA
67646,67644,38101,1933,Chemical Engineering 化工,Master 碩士
67647,67644,276,NA,unspecified,Research 研究
67659,67658,2224,1939,Electrical Engineering 電機,NA
67662,67661,455,1939,Mechanical Engineering 機械,NA
67664,67663,1730,1914,Telecommunications 電信,NA
67665,67663,1730,1918,Radio Engineering 無線電,NA
67668,67667,1499,1935,Civil Engineering 土木,NA
67670,67669,67671,1932,Mechanical Engineering 機械,NA
67674,67673,30772,1913,Civil Engineering 土木,NA
67677,67676,70078,1921,Mining Engineering 礦冶,NA
67679,67678,692,1930,Civil Engineering 土木,NA
67683,67682,235,1937,Civil Engineering 土木,NA
67685,67684,1730,1921,Telecommunications 電信,NA
67687,67686,516,1935,Chemical Engineering 化工,NA
67689,67688,235,1931,Mechanical Engineering 機械,NA
67691,67690,516,1935,Chemical Engineering 化工,NA
67693,67692,426,1930,Civil Engineering 土木,NA
67695,67694,1310,1922,Chemical Engineering 化工,NA
67702,67701,2888,1939,Civil Engineering 土木,NA
67704,67703,1679,1936,Civil Engineering 土木,NA
67708,67707,2224,1931,Civil Engineering 土木,NA
67713,67712,235,1924,Mechanical Engineering 機械,NA
67719,67718,195,1923,Chemical Engineering 化工,Bachelor 學士
67726,67725,349,1938,Architecture 建築,NA
67728,67727,50200,1934,Aeronautical Engineering 航空機械,NA
67735,67734,455,1931,Architecture 建築,NA
67737,67736,3146,NA,Mining Engineering 礦冶,NA
67746,67745,455,1933,Architecture 建築,NA
67748,67747,229,1937,Civil Engineering 土木,NA
67750,67749,498,1934,Chemical Engineering 化工,NA
67752,67751,7349,NA,Civil Engineering 土木,NA
67756,67755,692,1933,Civil Engineering 土木,NA
67759,67758,998,1930,Electrical Engineering 電機,NA
67764,67763,1730,1918,Telecommunications 電訊,NA
67766,67765,1730,1924,Radio Engineering 無線電,NA
67768,67767,1499,1911,Civil Engineering 土木,NA
67773,67772,209,1899,Turbine 輪機,NA
67774,67772,4718,NA,unspecified,NA
67775,67772,67776,NA,unspecified,Research 研究
67802,67801,235,1931,Civil Engineering 土木,NA
67803,67801,198,NA,Civil Engineering 土木,Master 碩士
67809,67807,5712,1914,Mining Engineering 礦冶,NA
67819,67818,235,1915,Electrical Engineering 電機,NA
67821,67820,692,1910,Civil Engineering 土木,NA
67824,67823,35792,1910,Electrical Engineering 電機,NA
67837,67836,692,1926,Mining Engineering 礦冶,NA
67839,67838,41726,1937,Civil Engineering 土木,NA
67843,67840,2224,1939,Civil Engineering 土木,NA
67845,67844,349,1937,Architecture 建築,NA
67847,67846,120,1932,Electrical Engineering 電機,NA
67852,67851,498,1931,Chemical Engineering 化工,NA
67854,67853,235,1931,Civil Engineering 土木,NA
67857,67856,229,1935,Civil Engineering 土木,NA
67862,67861,561,1924,Textile Engineering 紡織,NA
67864,67863,455,1933,Civil Engineering 土木,NA
67866,67865,2224,1921,Civil Engineering 土木,NA
67867,67865,155,1924,Civil Engineering 土木,NA
67881,67880,675,1936,Civil Engineering 土木,NA
67884,67883,12688,NA,Mechanical Engineering 機械,NA
67895,67894,1499,1937,Civil Engineering 土木,NA
67897,67896,20662,NA,Civil Engineering 土木,NA
67902,67901,455,1934,Civil Engineering 土木,NA
67905,67904,998,1931,Electrical Engineering 電機,NA
67909,67906,692,1932,Civil Engineering 土木,NA
67912,67911,229,1936,Mechanical Engineering 機械,NA
67915,67914,837,1936,Electrical Engineering 電機,NA
67917,67916,78002,NA,Electrical Engineering 電機,NA
67921,67920,675,1936,Civil Engineering 土木,NA
67924,67922,1499,1929,Civil Engineering 土木,NA
67929,67928,1742,1937,Civil Engineering 土木,NA
67931,67930,855,1925,Mechanical Engineering 機械,NA
67933,67932,227,1932,Electrical Engineering 電機,NA
67937,67936,837,1936,Electrical Engineering 電機,NA
67939,67938,1499,1935,Civil Engineering 土木,NA
67942,67941,235,1919,Electrical Engineering 電機,NA
67943,67941,278,1922,Electrical Engineering 電機,NA
67953,67952,5740,1926,Mining Engineering 礦冶,NA
67959,67958,498,1929,Electrical Engineering 電機,NA
67964,67963,2888,1939,Civil Engineering 土木,NA
67966,67965,555,1939,Mechanical Engineering 機械,NA
67968,67967,235,1934,Electrical Engineering 電機,NA
67971,67970,1730,1912,Telecommunications 電信,NA
67973,67972,692,1912,Mining Engineering 礦冶,NA
67978,67977,998,1938,Mechanical Engineering 機械,NA
67980,67979,455,1935,Mechanical Engineering 機械,NA
67984,67983,901,1932,Civil Engineering 土木,NA
67987,67986,725,1916,Mining Engineering 礦冶,NA
67989,67988,692,1920,Civil Engineering 土木,NA
67993,67992,2876,1937,Civil Engineering 土木,NA
67995,67994,2888,1939,Civil Engineering 土木,NA
67997,67996,1499,1939,Civil Engineering 土木,NA
67999,67998,1499,1930,Civil Engineering 土木,NA
68002,68001,235,1919,Civil Engineering 土木,NA
68008,68007,9076,1925,Civil Engineering 土木,NA
68009,68007,198,1928,Civil Engineering 土木,Master 碩士
68010,68007,181,1930,Civil Engineering 土木,Doctor 博士
68015,68014,455,1935,Civil Engineering 土木,NA
68018,68017,901,1937,Civil Engineering 土木,NA
68020,68019,725,1929,Mining Engineering 礦冶,NA
68025,68024,821,1934,Electrical Engineering 電機,NA
68027,68026,821,1937,Civil Engineering 土木,NA
68029,68028,7087,1936,Turbine 輪機,NA
68033,68032,455,1932,Civil Engineering 土木,NA
68035,68034,498,1933,Textile Engineering 紡織,NA
68038,68036,235,1939,Mechanical Engineering 機械,NA
68040,68039,675,1933,Civil Engineering 土木,NA
68042,68041,692,1936,Mining Engineering 礦冶,NA
68046,68045,2888,1939,Civil Engineering 土木,NA
68048,68047,516,1938,Electrical Engineering 電機,NA
68052,68051,498,1933,Electrical Engineering 電機,NA
68055,68054,1907,1925,Electrical Engineering 電機,NA
68063,68062,229,1936,Civil Engineering 土木,NA
68066,68065,725,1934,Civil Engineering 土木,NA
68070,68069,78002,1922,Chemical Engineering 化工,NA
68074,68073,2840,NA,Electrical Engineering 電機,NA
68084,68083,1310,NA,Electrical Engineering 電機,NA
68091,68089,2888,1939,Mining Engineering 礦冶,NA
68093,68092,994,1939,Electrical Engineering 電機,NA
68095,68094,354,1937,Civil Engineering 土木,NA
68097,68096,235,1915,Civil Engineering 土木,NA
68099,68098,998,1935,Civil Engineering 土木,NA
68101,68100,455,1929,Civil Engineering 土木,NA
68105,68104,1499,1920,Mechanical Engineering 機械,NA
68107,68106,520,1939,Civil Engineering 土木,NA
68109,68108,354,1934,Civil Engineering 土木,NA
68114,68113,6140,NA,Electrical Engineering 電機,NA
68118,68117,2224,1916,Mechanical Engineering 機械,NA
68127,68126,70078,1919,Civil Engineering 土木,NA
68129,68128,235,1928,Electrical Engineering 電機,NA
68132,68131,692,1929,Mining Engineering 礦冶,NA
68136,68135,229,1936,Civil Engineering 土木,NA
68142,68141,354,1938,Mechanical Engineering 機械,NA
68145,68144,2224,1935,Civil Engineering 土木,NA
68149,68148,529,1937,Mechanical Engineering 機械,NA
68151,68150,1499,1935,Civil Engineering 土木,NA
68154,68153,675,1938,Civil Engineering 土木,NA
68156,68155,195,1922,Mechanical Engineering 機械,Bachelor 學士
68161,62504,68162,NA,unspecified,NA
68163,51499,68164,NA,unspecified,畢業
68230,50850,68231,NA,unspecified,畢業
68233,68232,998,1936,Mechanical Engineering 機械,NA
68235,68234,998,1929,Chemical Engineering 化工,NA
68237,68236,235,1923,Electrical Engineering 電機,NA
68238,68236,152,NA,Electrical Engineering 電機,Master 碩士
68246,68245,692,1924,Civil Engineering 土木,NA
68248,68247,68249,1937,Hydraulic Engineering 水利,NA
68251,68250,232,1925,Civil Engineering 土木,NA
68259,68258,1730,1920,Telecommunications 電信,NA
68262,68261,529,1937,Civil Engineering 土木,NA
68265,68264,451,1939,Civil Engineering 土木,NA
68267,68266,115,1936,Civil Engineering 土木,NA
68269,68268,70078,1919,Civil Engineering 土木,NA
68273,68272,1499,1934,Civil Engineering 土木,NA
68276,68275,998,1937,Civil Engineering 土木,NA
68279,68278,68249,1934,Hydraulic Engineering 水利,NA
68283,68282,70078,1913,Civil Engineering 土木,NA
68285,68284,1730,1917,Telecommunications 電信,NA
68287,68286,68288,1933,Electrical Engineering 電機,NA
68293,68292,235,1939,Mechanical Engineering 機械,NA
68295,68294,68249,1932,Hydraulic Engineering 水利,NA
68298,68297,2224,1939,Electrical Engineering 電機,NA
68300,68299,229,1937,Mechanical Engineering 機械,NA
68302,68301,1730,1918,Telecommunications 電信,NA
68310,68309,235,1935,Civil Engineering 土木,NA
68312,68311,349,1936,Architecture 建築,NA
68314,68313,349,1937,Civil Engineering 土木,Zhuanke 專科
68316,68315,349,1935,Civil Engineering 土木,Zhuanke 專科
68318,68317,1499,1921,Civil Engineering 土木,NA
68321,68320,2328,1925,Mechanical Engineering 機械,NA
68338,68337,692,1933,Mechanical Engineering 機械,NA
68341,68340,235,1925,Mechanical Engineering 機械,NA
68345,68344,1499,1934,Civil Engineering 土木,NA
68348,68347,12994,NA,Civil Engineering 土木,NA
68354,68353,229,1935,Civil Engineering 土木,NA
68358,68357,235,1929,Mechanical Engineering 機械,NA
68359,68357,227,1933,Mechanical Engineering 機械,Master 碩士
68371,68370,692,1935,Civil Engineering 土木,NA
68375,68374,1730,1917,Telecommunications 電訊,NA
68379,68378,692,1929,Civil Engineering 土木,NA
68382,68381,235,1924,Mechanical Engineering 機械,NA
68388,68387,2224,1930,Civil Engineering 土木,NA
68392,68391,235,1938,Civil Engineering 土木,NA
68395,68394,67274,1910,Civil Engineering 土木,NA
68396,68394,4718,1915,Science 理科,NA
68404,68403,46713,1911,Mining Engineering 礦冶,NA
68422,68421,12688,1927,Civil Engineering 土木,NA
68434,68433,3530,1925,Chemical Engineering 化工,NA
68436,68435,63049,1917,Civil Engineering 土木,NA
68446,68445,68447,1929,Naval Architecture 造船,NA
68458,68457,1499,1937,Mining Engineering 礦冶,NA
68465,68464,855,1936,Mechanical Engineering 機械,NA
68467,68466,529,1937,Civil Engineering 土木,NA
68469,68468,855,1937,Mechanical Engineering 機械,NA
68471,68470,561,1936,Textile Engineering 紡織,NA
68474,68473,855,1932,Mechanical Engineering 機械,NA
68476,68475,455,1933,Mechanical Engineering 機械,NA
68488,68487,455,1935,Civil Engineering 土木,NA
68492,68491,855,1926,Chemical Engineering 化工,NA
68494,68493,235,1930,Electrical Engineering 電機,NA
68497,68496,455,1939,Civil Engineering 土木,NA
68499,68498,1499,1938,Civil Engineering 土木,NA
68501,68500,1730,1919,Telecommunications 電信,NA
68503,68502,675,1937,Civil Engineering 土木,NA
68505,68504,516,1937,Chemical Engineering 化工,NA
68507,68506,3044,1935,Civil Engineering 土木,NA
68509,68508,516,1939,Mechanical Engineering 機械,NA
68511,68510,4419,1936,Mining Engineering 礦冶,Zhuanke 專科
68513,68512,120,NA,Architecture 建築,NA
68516,68515,2224,1939,Civil Engineering 土木,NA
68518,68517,675,1934,Civil Engineering 土木,NA
68520,68519,38101,NA,Mechanical Engineering 機械,NA
68529,68528,1907,1922,Electrical Engineering 電機,NA
68530,68528,171,1928,Electrical Engineering 電機,Master 碩士
68540,68539,561,1918,Textile Engineering 紡織,NA
68543,68542,235,1912,Electrical Engineering 電機,NA
68550,68549,1730,1912,Telecommunications 電信,NA
68552,68551,4581,1939,Civil Engineering 土木,NA
68554,68553,498,1930,Chemical Engineering 化工,NA
68556,68555,675,1938,Civil Engineering 土木,NA
68558,68557,455,1935,Electrical Engineering 電機,NA
68561,68559,1310,1923,Chemical Engineering 化工,NA
68569,68568,235,1936,Civil Engineering 土木,NA
68571,68570,516,1939,Mechanical Engineering 機械,NA
68573,68572,516,1937,Civil Engineering 土木,NA
68575,68574,561,1929,Textile Engineering 紡織,NA
68578,68577,725,1930,Mechanical Engineering 機械,NA
68580,68579,9076,NA,Mechanical Engineering 機械,NA
68585,68584,692,1937,Mining Engineering 礦冶,NA
68587,68586,115,1935,Electrical Engineering 電機,NA
68588,68586,4599,NA,Electrical Engineering 電機,NA
68591,68590,725,1929,Mining Engineering 礦冶,NA
68593,68592,354,1939,Civil Engineering 土木,NA
68595,68594,498,NA,Electrical Engineering 電機,NA
68599,68598,235,1925,Mechanical Engineering 機械,NA
68605,68604,1499,1937,Mining Engineering 礦冶,NA
68607,68606,837,1937,Electrical Engineering 電機,NA
68609,68608,2328,1935,Electrical Engineering 電機,NA
68612,68611,1907,1928,Mechanical Engineering 機械,NA
68619,68618,855,1937,Mechanical Engineering 機械,NA
68621,68620,451,1935,Civil Engineering 土木,NA
68623,68622,821,1937,Electrical Engineering 電機,NA
68625,68624,235,1937,Mechanical Engineering 機械,NA
68627,68626,2328,1936,Electrical Engineering 電機,NA
68629,68628,235,1934,Mechanical Engineering 機械,NA
68632,68631,498,1934,Electrical Engineering 電機,NA
68634,68633,1742,1937,Civil Engineering 土木,NA
68636,68635,354,1937,Civil Engineering 土木,NA
68638,68637,855,1921,Mechanical Engineering 機械,NA
68640,68639,115,1919,Civil Engineering 土木,NA
68641,68639,4599,NA,Electrical Engineering 電機,NA
68649,68648,1730,1918,Electrical Engineering 電機,NA
68651,68650,70078,1917,Civil Engineering 土木,NA
68653,68652,129,1918,Mining Engineering 礦冶,Master 碩士
68666,68665,235,1932,Civil Engineering 土木,NA
68668,68667,235,1934,Mechanical Engineering 機械,NA
68673,68672,426,1930,Civil Engineering 土木,NA
68676,68675,354,1939,Civil Engineering 土木,NA
68679,68678,1499,1932,Civil Engineering 土木,NA
68683,68682,725,1922,Mining Engineering 礦冶,NA
68685,68684,5275,1927,Mechanical Engineering 機械,NA
68694,68693,692,1937,Mining Engineering 礦冶,NA
68697,68696,675,1934,Civil Engineering 土木,NA
68699,68698,2033,1900,Civil Engineering 土木,NA
68701,68700,998,1934,Chemical Engineering 化工,NA
68703,68702,455,1930,Civil Engineering 土木,NA
68706,68705,235,1924,Electrical Engineering 電機,NA
68722,68721,235,1932,Civil Engineering 土木,NA
68728,68727,235,1932,Civil Engineering 土木,NA
68732,68730,498,1937,Chemical Engineering 化工,NA
68734,68733,1730,1920,Radio Engineering 無線電,NA
68736,68735,855,1925,Mechanical Engineering 機械,NA
68738,68737,2004,1937,Mechanical Engineering 機械,NA
68740,68739,2004,1939,Mechanical Engineering 機械,NA
68742,68741,455,1930,Civil Engineering 土木,NA
68744,68743,235,1926,Mechanical Engineering 機械,NA
68752,68750,235,1926,Electrical Engineering 電機,NA
68759,68758,235,1933,Civil Engineering 土木,NA
68762,68761,235,1938,Mechanical Engineering 機械,NA
68764,68763,498,1936,Textile Engineering 紡織,NA
68769,68768,516,1939,Civil Engineering 土木,NA
68772,68771,675,1936,Civil Engineering 土木,NA
68774,68773,2840,NA,Mechanical Engineering 機械,NA
68777,68776,349,1935,Civil Engineering 土木,NA
68779,68778,235,1936,Electrical Engineering 電機,NA
68781,68780,1499,1935,Mining Engineering 礦冶,NA
68788,68787,32646,1911,Civil Engineering 土木,NA
68791,68790,1499,1914,Mechanical Engineering 機械,NA
68793,68792,516,1935,Civil Engineering 土木,NA
68795,68794,498,1933,Electrical Engineering 電機,NA
68797,68796,198,1914,Mechanical Engineering 機械,NA
68811,68810,451,1935,Civil Engineering 土木,NA
68813,68812,455,1930,Civil Engineering 土木,NA
68815,68814,529,1937,Mining Engineering 礦冶,NA
68818,68817,498,1937,Mechanical Engineering 機械,NA
68820,68819,837,1936,Electrical Engineering 電機,NA
68821,68819,455,1938,Mechanical Engineering 機械,NA
68823,68822,1499,1932,Civil Engineering 土木,NA
68825,68824,555,1939,Electrical Engineering 電機,NA
68827,68826,235,1935,Civil Engineering 土木,NA
68831,68830,62430,1923,Mechanical Engineering 機械,NA
68839,68838,2224,1930,Electrical Engineering 電機,NA
68848,68847,24281,NA,Mechanical Engineering 機械,NA
68852,68851,235,1937,Mechanical Engineering 機械,NA
68854,68853,235,1933,Civil Engineering 土木,NA
68856,68855,3530,1926,Electrical Engineering 電機,NA
68866,68865,6140,1921,Electrical Engineering 電機,NA
68870,68869,68871,1925,Mechanical Engineering 機械,NA
68876,68875,725,1933,Electrical Engineering 電機,NA
68879,68878,725,1931,Mining Engineering 礦冶,NA
68881,68880,150,1924,Mining Engineering 礦冶,NA
68886,68885,725,1923,Mining Engineering 礦冶,NA
68888,68887,725,1925,Mining Engineering 礦冶,NA
68890,68889,498,1930,Electrical Engineering 電機,NA
68892,68891,498,1931,Electrical Engineering 電機,NA
68894,68893,725,1933,Civil Engineering 土木,NA
68896,68895,725,1935,Mining Engineering 礦冶,NA
68899,68898,725,1916,Mining Engineering 礦冶,NA
68901,68900,68902,1918,Mining Engineering 礦冶,Master 碩士
68909,68908,426,1930,Civil Engineering 土木,NA
68911,68910,529,1937,Electrical Engineering 電機,NA
68913,68912,725,1911,Mining Engineering 礦冶,NA
68915,68914,12305,NA,Mining Engineering 礦冶,NA
68918,68917,692,1934,Mechanical Engineering 機械,NA
68921,68920,855,1924,Mechanical Engineering 機械,NA
68927,68925,2483,1925,Electrical Engineering 電機,NA
68930,68929,1499,1930,Civil Engineering 土木,NA
68932,68931,821,1932,Architecture 建築,NA
68940,68939,649,1932,unspecified,NA
68942,68941,1499,1937,Civil Engineering 土木,NA
68944,68943,529,1939,Electrical Engineering 電機,NA
68946,68945,354,1938,Civil Engineering 土木,NA
68948,68947,235,1938,Mechanical Engineering 機械,NA
68950,68949,725,1918,Mechanical Engineering 機械,NA
68954,68953,692,1935,Mining Engineering 礦冶,NA
68957,68953,692,1937,Mining Engineering 礦冶,Research 研究
68962,68961,498,1937,Chemical Engineering 化工,NA
68964,68963,649,1930,unspecified,NA
68967,68966,725,1926,Mining Engineering 礦冶,NA
68972,68971,725,1928,Mechanical Engineering 機械,NA
68982,68981,692,1936,Mining Engineering 礦冶,NA
68985,68984,725,1935,Mechanical Engineering 機械,NA
68987,68986,235,1931,Civil Engineering 土木,NA
68993,68992,1730,1919,Telecommunications 電信,NA
68996,68995,725,1928,Mining Engineering 礦冶,NA
68999,68998,725,1931,Mechanical Engineering 機械,NA
69001,69000,354,1935,Civil Engineering 土木,NA
69003,69002,692,1931,Civil Engineering 土木,NA
69010,69009,235,1921,Electrical Engineering 電機,NA
69011,69009,276,1922,Electrical Engineering 電機,Master 碩士
69026,69025,1499,1926,Civil Engineering 土木,NA
69030,69029,998,1933,Civil Engineering 土木,NA
69033,69032,70078,1929,Civil Engineering 土木,NA
69035,69034,555,1938,Electrical Engineering 電機,NA
69037,69036,555,1939,Electrical Engineering 電機,NA
69039,69038,675,1936,Civil Engineering 土木,NA
69041,69040,1730,1924,Radio Engineering 無線電,NA
69050,69049,998,1931,Electrical Engineering 電機,NA
69052,69051,1499,1932,Civil Engineering 土木,NA
69054,69053,6977,1919,Chemical Engineering 化工,NA
69071,69070,451,1936,Civil Engineering 土木,NA
69073,69072,529,1934,Mechanical Engineering 機械,NA
69075,69074,529,1934,Mechanical Engineering 機械,NA
69077,69076,3073,1937,Mining Engineering 礦冶,NA
69084,69083,692,1934,Civil Engineering 土木,NA
69088,69087,725,1926,Mining Engineering 礦冶,NA
69090,69089,12138,1932,Textile Engineering 紡織,NA
69093,69092,3073,1937,Mining Engineering 礦冶,NA
69095,69094,36730,1929,Chemical Engineering 化工,NA
69108,69107,692,1937,Civil Engineering 土木,NA
69115,69114,120,1929,Electrical Engineering 電機,NA
69121,69120,3073,1935,Mining Engineering 礦冶,NA
69124,69123,555,1939,Civil Engineering 土木,NA
69126,69125,1499,1935,Mining Engineering 礦冶,NA
69129,69128,516,1939,Mechanical Engineering 機械,NA
69131,69130,212,1917,Mechanical Engineering 機械,NA
69145,69144,349,1937,Architecture 建築,NA
69147,69146,354,1935,Civil Engineering 土木,NA
69149,69148,3350,1928,Mining Engineering 礦冶,NA
69160,69159,2328,1936,Electrical Engineering 電機,NA
69162,69161,529,1932,Civil Engineering 土木,NA
69165,69164,821,1934,Civil Engineering 土木,NA
69167,69166,529,1938,Electrical Engineering 電機,NA
69169,69168,235,1939,Electrical Engineering 電機,NA
69172,69170,1730,1924,Radio Engineering 無線電,NA
69176,69174,2224,1927,Mechanical Engineering 機械,NA
69184,69183,152,NA,Civil Engineering 土木,Master 碩士
69193,69192,235,1939,Civil Engineering 土木,NA
69195,69194,998,1931,Electrical Engineering 電機,NA
69197,69196,235,1933,Civil Engineering 土木,NA
69200,69199,2033,1900,Civil Engineering 土木,NA
69208,69207,1269,1938,Electrical Engineering 電機,NA
69211,69209,1730,1915,Radio Engineering 無線電,NA
69213,69212,2033,1900,Civil Engineering 土木,NA
69215,69214,235,1929,Electrical Engineering 電機,NA
69218,69217,692,1933,Mechanical Engineering 機械,NA
69220,69219,426,1939,Civil Engineering 土木,NA
69222,69221,6140,NA,Civil Engineering 土木,NA
69226,69225,354,1933,Mechanical Engineering 機械,NA
69228,69227,1499,1923,Civil Engineering 土木,NA
69231,69230,235,1928,Mechanical Engineering 機械,NA
69238,69237,455,1938,Architecture 建築,NA
69240,69239,692,1934,Civil Engineering 土木,NA
69242,69241,6339,1933,Electrical Engineering 電機,NA
69253,69252,675,1933,Civil Engineering 土木,NA
69255,69254,561,1926,Textile Engineering 紡織,NA
69257,69256,235,1935,Electrical Engineering 電機,NA
69260,69259,520,1935,Mining Engineering 礦冶,NA
69262,69261,7349,NA,Civil Engineering 土木,NA
69266,69265,561,1925,Textile Engineering 紡織,NA
69268,69267,1730,1918,Telecommunications 電訊,NA
69271,69270,1946,1925,Mechanical Engineering 機械,Master 碩士
69272,69270,4599,1926,Electrical Engineering 電機,NA
69273,69270,4599,NA,Radio Engineering 無線電,NA
69281,69280,349,1938,Chemical Engineering 化工,NA
69283,69282,1516,1936,Civil Engineering 土木,NA
69285,69284,821,1930,Civil Engineering 土木,NA
69288,69287,675,1931,Civil Engineering 土木,NA
69290,69289,11540,1930,Chemical Engineering 化工,NA
69293,69292,821,1932,Mining Engineering 礦冶,NA
69300,69299,520,1935,Civil Engineering 土木,NA
69302,69301,1499,1935,Civil Engineering 土木,NA
69305,69304,675,1933,Civil Engineering 土木,NA
69307,69306,235,1931,Civil Engineering 土木,NA
69311,69310,235,1917,Electrical Engineering 電機,NA
69317,69316,2033,1900,Civil Engineering 土木,NA
69319,69318,152,1914,Mechanical Engineering 機械,NA
69320,69318,152,1915,Mechanical Engineering 機械,Master 碩士
69332,69331,455,1934,Electrical Engineering 電機,NA
69336,69335,1499,1934,Civil Engineering 土木,NA
69338,69337,235,1937,Mechanical Engineering 機械,NA
69340,69339,235,1925,Electrical Engineering 電機,NA
69342,69341,229,1937,Civil Engineering 土木,NA
69344,73643,70078,1917,Civil Engineering 土木,NA
69348,69347,855,1937,Mechanical Engineering 機械,NA
69350,69349,1730,1915,Radio Engineering 無線電,NA
69353,69352,354,1937,Civil Engineering 土木,NA
69355,69354,179,1927,Civil Engineering 土木,NA
69356,69354,179,1928,Civil Engineering 土木,Master 碩士
69375,69374,151,NA,unspecified,NA
69379,18413,195,NA,unspecified,NA
69385,69384,152,NA,unspecified,NA
69395,69394,195,1926,Electrical Engineering 電工,Bachelor 學士
69437,29828,152,NA,unspecified,NA
69450,35432,195,NA,unspecified,NA
69452,47012,122,NA,unspecified,NA
69455,10428,4718,NA,unspecified,NA
69460,69459,1907,NA,unspecified,NA
69514,69513,41437,NA,unspecified,NA
69518,69517,69519,NA,unspecified,NA
69526,69525,41437,NA,unspecified,NA
69530,69529,41437,NA,unspecified,NA
69534,69533,69535,NA,unspecified,NA
69539,69538,227,NA,unspecified,NA
69543,69542,998,NA,unspecified,NA
69551,69550,2224,NA,unspecified,NA
69557,27173,122,NA,unspecified,NA
69562,69561,22608,NA,unspecified,NA
69570,69569,9076,NA,unspecified,NA
69576,69575,235,NA,unspecified,NA
69580,69579,235,NA,unspecified,NA
69586,69585,235,NA,unspecified,NA
69590,69589,195,NA,unspecified,NA
69595,69594,235,NA,unspecified,NA
69605,69604,69606,NA,unspecified,NA
69614,69613,198,NA,unspecified,NA
69619,69617,152,NA,unspecified,NA
70048,60445,229,1910,Civil Engineering 土木,NA
70229,70227,4419,NA,Mining Engineering 礦冶,NA
70311,70308,4419,NA,Mining Engineering 礦冶,NA
70329,70326,4419,NA,Mining Engineering 礦冶,NA
70402,70400,4419,NA,Mining Engineering 礦冶,NA
70455,70453,4419,NA,Mining Engineering 礦冶,NA
70467,70465,4419,NA,Mining Engineering 礦冶,NA
70497,70496,4419,NA,Mining Engineering 礦冶,NA
70555,70554,4419,NA,Mining Engineering 礦冶,NA
70591,70590,4419,NA,Mining Engineering 礦冶,NA
70637,70636,4419,NA,Mining Engineering 礦冶,NA
70654,70653,4419,NA,Mining Engineering 礦冶,NA
70666,70664,4419,NA,Mining Engineering 礦冶,NA
70698,70697,4419,NA,Mining Engineering 礦冶,NA
70777,70775,4419,NA,Mining Engineering 礦冶,NA
70796,70795,675,1931,Civil Engineering 土木,NA
70800,70799,235,1926,Mechanical Engineering 機械,NA
70807,70806,675,1935,Civil Engineering 土木,NA
70811,70810,1730,1921,Telecommunications 電訊,NA
70815,70814,451,1937,Civil Engineering 土木,NA
70817,70816,7349,NA,Civil Engineering 土木,NA
70823,70822,1499,1920,Civil Engineering 土木,NA
70824,70822,152,NA,Civil Engineering 土木,Master 碩士
70833,70832,4925,1911,Mining Engineering 礦冶,NA
70844,70843,1730,1920,Telecommunications 電訊,NA
70847,70846,998,1938,Civil Engineering 土木,NA
70849,70848,529,1937,Civil Engineering 土木,NA
70851,70850,5466,1923,Mining Engineering 礦冶,NA
70861,70860,498,1933,Electrical Engineering 電機,NA
70865,70864,692,1937,Civil Engineering 土木,NA
70867,70866,235,1933,Mechanical Engineering 機械,NA
70870,70869,561,1920,Textile Engineering 紡織,NA
70872,70871,455,1937,Civil Engineering 土木,NA
70875,70874,998,1935,Chemical Engineering 化工,NA
70877,70876,235,1916,Civil Engineering 土木,NA
70887,70886,16161,1905,Mining Engineering 礦冶,NA
70902,70901,2033,1900,Civil Engineering 土木,NA
70904,70903,70078,1919,Civil Engineering 土木,NA
70906,70905,1730,1923,Telecommunications 電信,NA
70910,70909,3530,1925,Electrical Engineering 電機,NA
70914,70913,998,1932,Electrical Engineering 電機,NA
70918,70917,235,1936,Electrical Engineering 電機,NA
70923,70922,675,1933,Civil Engineering 土木,NA
70925,70924,675,1933,Civil Engineering 土木,NA
70926,70526,692,1915,Mining Engineering 礦冶,NA
70938,70937,229,1937,Electrical Engineering 電機,NA
70941,70940,561,1927,Textile Engineering 紡織,NA
70945,70944,235,1925,Mechanical Engineering 機械,NA
70947,70946,70078,1921,Civil Engineering 土木,NA
70949,70948,998,1937,Chemical Engineering 化工,NA
70951,70950,692,1928,Civil Engineering 土木,NA
70953,70952,2224,1938,Surveying 測量,NA
70955,70954,235,1937,Electrical Engineering 電機,NA
70958,70957,498,1935,Textile Engineering 紡織,NA
70960,70959,70078,1919,Mining Engineering 礦冶,NA
70962,70961,1499,1935,Civil Engineering 土木,NA
70965,70964,45957,1924,Mining Engineering 礦冶,NA
70971,70970,998,1939,Civil Engineering 土木,NA
70973,70972,998,1934,Electrical Engineering 電機,NA
70975,70974,1730,1917,Telecommunications 電信,NA
70978,70977,235,1928,Mechanical Engineering 機械,NA
70986,70985,498,1935,Textile Engineering 紡織,NA
70990,70531,692,1928,Mining Engineering 礦冶,NA
71001,71000,455,1934,Civil Engineering 土木,NA
71004,71003,455,1938,Civil Engineering 土木,NA
71006,71005,354,1934,Civil Engineering 土木,NA
71012,71011,2328,NA,Electrical Engineering 電機,NA
71014,71013,1499,1930,Civil Engineering 土木,NA
71017,71016,998,1938,Chemical Engineering 化工,NA
71019,71018,561,1928,Textile Engineering 紡織,NA
71022,71021,1310,1919,Chemical Engineering 化工,NA
71026,71025,30772,1912,Civil Engineering 土木,NA
71028,71027,1310,1934,Electrical Engineering 電機,NA
71034,71033,675,1929,Civil Engineering 土木,NA
71036,71035,675,1933,Civil Engineering 土木,NA
71038,71037,998,1936,Electrical Engineering 電機,NA
71042,71041,692,1929,Civil Engineering 土木,NA
71045,71044,998,1934,Chemistry 化學,NA
71047,71046,235,1925,Electrical Engineering 電機,NA
71056,71055,455,1929,Civil Engineering 土木,NA
71058,71057,855,1926,Chemistry 化學,NA
71060,71059,1742,1937,Civil Engineering 土木,NA
71062,71061,2888,1939,Civil Engineering 土木,NA
71065,71064,455,1930,Civil Engineering 土木,NA
71069,71068,455,1934,Civil Engineering 土木,NA
71073,71072,1499,1937,Civil Engineering 土木,NA
71075,71074,1307,1923,Civil Engineering 土木,NA
71079,71076,455,1935,Civil Engineering 土木,NA
71081,70532,837,1926,Mining Engineering 礦冶,NA
71082,70532,49247,1929,Aeronautical Engineering 航空機械,NA
71095,71094,235,1935,Electrical Engineering 電機,NA
71100,71099,498,1933,Electrical Engineering 電機,NA
71104,71103,2328,1924,Mechanical Engineering 機械,NA
71108,71107,498,1932,Electrical Engineering 電機,NA
71111,71109,235,1937,Mechanical Engineering 機械,NA
71113,71112,455,1934,Civil Engineering 土木,NA
71116,71115,529,1931,Electrical Engineering 電機,NA
71119,71118,198,1928,Mining Engineering 礦冶,NA
71120,71118,151,NA,Mining Engineering 礦冶,Research 研究
71132,71131,1499,1924,Civil Engineering 土木,NA
71137,71136,235,1925,Mechanical Engineering 機械,NA
71138,71136,198,NA,Aeronautical Engineering 航空機械,Master 碩士
71149,71148,1499,1922,Civil Engineering 土木,NA
71151,71150,349,1938,Chemical Engineering 化工,NA
71154,71153,529,1939,Civil Engineering 土木,NA
71156,71155,188,1919,Mining Engineering 礦冶,NA
71173,71172,62430,1920,Civil Engineering 土木,NA
71175,71174,11540,1927,Chemical Engineering 化工,NA
71181,71180,120,NA,Surveying 測量,NA
71190,71189,725,1927,Mining Engineering 礦冶,NA
71192,71191,4599,1922,Electrical Engineering 電機,NA
71202,71200,529,1935,Civil Engineering 土木,NA
71207,71206,16161,1915,Mechanical Engineering 機械,NA
71216,71215,529,1934,Electrical Engineering 電機,NA
71218,71217,498,1931,Chemical Engineering 化工,NA
71223,71221,520,1938,Chemical Engineering 化工,NA
71225,71224,516,1939,Architecture 建築,NA
71227,71226,1269,1939,Civil Engineering 土木,NA
71229,71228,235,1938,Electrical Engineering 電機,NA
71231,71230,455,1934,Architecture 建築,NA
71234,71233,516,1937,Civil Engineering 土木,NA
71236,71235,516,1935,Civil Engineering 土木,NA
71238,71237,998,1936,Electrical Engineering 電機,NA
71240,71239,1742,1938,Civil Engineering 土木,NA
71245,71244,3044,1937,Civil Engineering 土木,NA
71247,71246,248,NA,Electrical Engineering 電機,NA
71250,71249,2121,1928,Chemical Engineering 化工,Doctor 博士
71258,71257,7087,1937,Turbine 輪機,NA
71260,71259,692,1910,Civil Engineering 土木,NA
71261,71259,179,1918,Civil Engineering 土木,Master 碩士
71292,71291,31478,NA,Mechanical Engineering 機械,NA
71299,71298,516,1935,Civil Engineering 土木,NA
71305,71304,2224,1939,Electrical Engineering 電機,NA
71307,71306,520,1935,Mining Engineering 礦冶,NA
71315,71314,198,1925,Mechanical Engineering 機械,NA
71325,71324,1310,1922,Textile Engineering 紡織,NA
71328,71327,1730,1912,Telecommunications 電信,NA
71330,71329,455,1939,Architecture 建築,NA
71332,71331,451,1939,Civil Engineering 土木,NA
71334,71333,235,1930,Mechanical Engineering 機械,NA
71339,71338,529,1934,Electrical Engineering 電機,NA
71342,71341,516,1935,Civil Engineering 土木,NA
71344,71343,1499,1933,Civil Engineering 土木,NA
71347,71346,1730,1912,Civil Engineering 土木,NA
71350,71349,2888,1939,Civil Engineering 土木,NA
71352,71351,232,1922,Electrical Engineering 電機,NA
71369,71368,235,1930,Mechanical Engineering 機械,NA
71370,71368,3945,1935,Mechanical Engineering 機械,NA
71371,71368,3945,1935,Mining Engineering 礦冶,NA
71375,71374,692,1919,Mining Engineering 礦冶,NA
71384,71383,1310,1921,Textile Engineering 紡織,NA
71387,71386,529,1936,Mining Engineering 礦冶,NA
71389,71388,6977,1924,Electrical Engineering 電機,NA
71398,71397,555,1939,Electrical Engineering 電機,NA
71400,71399,498,1936,Textile Engineering 紡織,NA
71402,71401,349,1937,Civil Engineering 土木,NA
71404,71403,1499,1916,Civil Engineering 土木,NA
71418,71417,675,1931,Civil Engineering 土木,NA
71420,71419,901,1937,Civil Engineering 土木,NA
71422,71421,46713,NA,Civil Engineering 土木,NA
71423,71421,71424,1913,Surveying 測量,NA
71440,71439,252,1935,Aviation 航空,NA
71440,71439,252,1935,Surveying 測量,NA
71448,71447,498,1937,Chemical Engineering 化工,NA
71450,71449,675,1929,Civil Engineering 土木,NA
71452,71451,349,1937,Mechanical Engineering 機械,NA
71454,71453,7087,1937,Turbine 輪機,NA
71457,71456,71458,1925,Electrical Engineering 電機,NA
71467,71466,520,1933,Mining Engineering 礦冶,NA
71469,71468,1499,1916,Civil Engineering 土木,NA
71471,71470,692,1935,Civil Engineering 土木,NA
71475,71472,12802,NA,Mechanical Engineering 機械,NA
71476,71472,11540,NA,Mechanical Engineering 機械,NA
71482,71481,195,1923,Chemical Engineering 化工,Bachelor 學士
71483,71481,195,1926,Chemical Engineering 化工,Doctor 博士
71487,71486,498,1932,Mechanical Engineering 機械,NA
71489,71488,349,1935,Civil Engineering 土木,NA
71491,71490,520,1934,Civil Engineering 土木,NA
71493,71492,248,NA,Electrical Engineering 電機,NA
71504,71503,994,1930,Civil Engineering 土木,NA
71516,71515,520,1934,Mining Engineering 礦冶,NA
71518,71517,36236,NA,Civil Engineering 土木,NA
71526,71525,70078,1922,Mining Engineering 礦冶,NA
71532,71531,179,NA,Mechanical Engineering 機械,NA
71540,71539,692,1923,Mining Engineering 礦冶,NA
71541,71539,224,NA,Mining Engineering 礦冶,Master 碩士
71547,71546,516,1936,Civil Engineering 土木,NA
71549,71548,1483,1908,Textile Engineering 紡織,NA
71553,71552,516,1935,Civil Engineering 土木,NA
71555,71554,451,1936,Civil Engineering 土木,NA
71557,71556,649,1935,unspecified,NA
71561,71560,649,1937,unspecified,NA
71563,71562,821,1938,Electrical Engineering 電機,NA
71565,71564,821,1933,Textile Engineering 紡織,NA
71567,71566,3350,1925,Mining Engineering 礦冶,NA
71578,71577,529,1936,Mining Engineering 礦冶,NA
71580,71579,855,1932,Electrical Engineering 電機,NA
71582,71581,516,1935,Chemical Engineering 化工,NA
71584,71583,2888,1939,Civil Engineering 土木,NA
71586,71585,235,1936,Mechanical Engineering 機械,NA
71588,71587,1269,1937,Civil Engineering 土木,NA
71590,71589,5466,1927,Electrical Engineering 電機,NA
71596,71595,561,1921,Textile Engineering 紡織,NA
71598,71597,354,1934,Civil Engineering 土木,NA
71600,71599,139,NA,Mechanical Engineering 機械,NA
71603,71602,692,1933,Civil Engineering 土木,NA
71607,71606,198,NA,Mechanical Engineering 機械,NA
71613,71612,248,NA,Civil Engineering 土木,Master 碩士
71622,71621,20270,NA,Mining Engineering 礦冶,NA
71639,71638,235,1930,Electrical Engineering 電機,NA
71645,71644,3044,1938,Civil Engineering 土木,NA
71647,71646,998,1939,unspecified,NA
71649,71648,516,1935,Civil Engineering 土木,NA
71651,71650,1269,1939,Mining Engineering 礦冶,NA
71654,71653,675,1937,Civil Engineering 土木,NA
71656,71655,561,1919,Textile Engineering 紡織,NA
71659,71658,235,1919,Electrical Engineering 電機,NA
71660,71658,152,1922,Electrical Engineering 電機,Master 碩士
71671,71670,235,1920,Civil Engineering 土木,NA
71673,71672,2876,1938,Civil Engineering 土木,NA
71675,71674,349,1938,Architecture 建築,NA
71677,71676,71678,1923,Chemistry 化學,NA
71679,71676,198,1927,Chemical Engineering 化工,Master 碩士
71688,71687,520,1935,Mining Engineering 礦冶,NA
71690,71689,675,1929,Civil Engineering 土木,NA
71692,71691,998,1929,Electrical Engineering 電機,NA
71697,71696,994,1925,Civil Engineering 土木,NA
71700,71699,354,1934,Civil Engineering 土木,NA
71701,70284,115,1931,Civil Engineering 土木,NA
71706,71705,67274,1910,unspecified,NA
71707,71705,16161,NA,Naval Architecture 造船,NA
71715,71714,516,1937,Civil Engineering 土木,NA
71717,71716,152,NA,Civil Engineering 土木,NA
71720,71719,561,1934,Textile Engineering 紡織,NA
71726,71725,1102,NA,Mechanical Engineering 機械,NA
71727,71725,4599,NA,Electrical Engineering 電機,NA
71728,71725,71729,NA,步兵兵器系,NA
71739,71738,498,1933,Electrical Engineering 電機,NA
71741,71740,675,1934,Civil Engineering 土木,NA
71743,71742,195,NA,Aeronautical Engineering 航空機械,Master 碩士
71754,71753,354,1935,Civil Engineering 土木,NA
71756,71755,2584,NA,Chemical Engineering 化工,NA
71763,70285,70078,1917,Mining Engineering 礦冶,NA
71765,70285,129,1919,Mining Engineering 礦冶,Master 碩士
71777,71776,675,1937,Civil Engineering 土木,NA
71779,71778,115,1930,Civil Engineering 土木,NA
71786,71785,1269,1933,Mechanical Engineering 機械,NA
71789,71788,998,1932,Chemical Engineering 化工,NA
71791,71790,516,1936,Civil Engineering 土木,NA
71793,71792,354,1939,Civil Engineering 土木,NA
71795,71794,235,1927,Mechanical Engineering 機械,NA
71797,71796,354,1937,Mechanical Engineering 機械,NA
71799,71798,516,1939,Architecture 建築,NA
71801,71800,235,1932,Mechanical Engineering 機械,NA
71807,71806,675,1928,Civil Engineering 土木,NA
71809,71808,2888,1930,Mechanical Engineering 機械,NA
71811,71810,7087,1934,Turbine 輪機,NA
71818,71817,516,1937,Chemical Engineering 化工,NA
71820,71819,675,NA,Civil Engineering 土木,NA
71822,71821,235,1931,Electrical Engineering 電機,NA
71824,71823,235,1931,Civil Engineering 土木,NA
71828,71827,998,1934,Electrical Engineering 電機,NA
71830,71829,498,1934,Electrical Engineering 電機,NA
71833,71832,29082,1905,Mechanical Engineering 機械,NA
71838,71837,349,1936,Architecture 建築,NA
71840,71839,529,1933,Electrical Engineering 電機,NA
71849,71848,3530,1924,Chemical Engineering 化工,NA
71851,71850,998,1936,Chemical Engineering 化工,NA
71853,71852,675,1937,Civil Engineering 土木,NA
71855,71854,901,1927,Civil Engineering 土木,NA
71858,71857,2224,1938,Civil Engineering 土木,NA
71860,71859,498,1929,Chemical Engineering 化工,NA
71862,71861,529,1937,Civil Engineering 土木,NA
71864,71863,692,1931,Chemical Engineering 化工,NA
71866,71865,235,1932,Electrical Engineering 電機,NA
71874,71873,235,1926,Electrical Engineering 電機,NA
71882,70288,2888,1939,Mining Engineering 礦冶,NA
71884,71883,30772,1913,Civil Engineering 土木,NA
71896,71895,12994,1930,Civil Engineering 土木,NA
71899,71898,7087,1936,Turbine 輪機,NA
71904,71903,498,1929,Electrical Engineering 電機,NA
71906,71905,115,1926,Civil Engineering 土木,NA
71908,71907,115,1920,Civil Engineering 土木,NA
71910,71909,115,1919,Electrical Engineering 電機,NA
71911,71909,4599,1921,Electrical Engineering 電機,NA
71919,71918,2685,1927,Mechanical Engineering 機械,NA
71927,71926,198,NA,Mechanical Engineering 機械,NA
71933,71932,139,NA,Architecture 建築,NA
71938,71937,235,1924,Electrical Engineering 電機,NA
71941,71940,235,1936,Civil Engineering 土木,NA
71944,71943,152,1923,Civil Engineering 土木,NA
71948,71947,1310,1936,Electrical Engineering 電機,NA
71954,71953,675,1925,Civil Engineering 土木,NA
71956,71955,235,1936,Civil Engineering 土木,NA
71958,71957,529,1938,Mining Engineering 礦冶,NA
71960,71959,354,1936,Civil Engineering 土木,NA
71962,71961,70078,1919,Civil Engineering 土木,NA
71965,71963,12802,NA,Mining Engineering 礦冶,NA
71979,71978,2224,1924,Civil Engineering 土木,NA
71981,71980,70078,1916,Civil Engineering 土木,NA
71987,71986,67274,1911,Electrical Engineering 電機,NA
71988,71986,276,NA,Electrical Engineering 電機,Master 碩士
72011,72010,235,1929,Mechanical Engineering 機械,NA
72014,72013,235,1913,Civil Engineering 土木,NA
72016,72012,516,1937,Chemical Engineering 化工,NA
72018,72017,151,NA,Mining Engineering 礦冶,NA
72021,72020,349,1935,Civil Engineering 土木,NA
72023,72022,692,1931,Civil Engineering 土木,NA
72026,72025,1730,1924,Radio Engineering 無線電,NA
72030,72029,498,1931,Mechanical Engineering 機械,NA
72039,72038,516,1936,Civil Engineering 土木,NA
72041,72040,227,NA,Chemical Engineering 化工,NA
72045,72044,2224,1938,Surveying 測量,NA
72047,72046,72048,1919,Mechanical Engineering 機械,NA
72060,72059,150,1918,Mining Engineering 礦冶,NA
72066,72065,235,1927,Mechanical Engineering 機械,NA
72067,72065,179,NA,Mechanical Engineering 機械,Research 研究
72073,72072,2740,1922,Mining Engineering 礦冶,NA
72082,72081,2224,1938,Surveying 測量,NA
72084,72083,1730,1928,Radio Engineering 無線電,NA
72087,72086,235,1927,Electrical Engineering 電機,NA
72092,72091,235,1923,Electrical Engineering 電機,NA
72094,72091,152,NA,Electrical Engineering 電機,Master 碩士
72099,72098,516,1939,Electrical Engineering 電機,NA
72101,72100,349,1937,Chemical Engineering 化工,NA
72103,72102,2840,NA,Electrical Engineering 電機,NA
72107,72106,2328,1937,Civil Engineering 土木,NA
72109,72108,455,1934,Civil Engineering 土木,NA
72111,72110,498,1935,Mechanical Engineering 機械,NA
72113,72112,235,1934,Electrical Engineering 電機,NA
72114,72112,195,NA,Electrical Engineering 電機,NA
72117,72116,455,NA,Chemical Engineering 化工,NA
72120,72119,72121,1923,Mechanical Engineering 機械,NA
72126,72125,235,1936,Electrical Engineering 電機,NA
72129,72128,235,1932,Civil Engineering 土木,NA
72133,72132,2224,1921,Civil Engineering 土木,NA
72134,69646,229,1936,Civil Engineering 土木,NA
72138,72137,692,1937,Civil Engineering 土木,NA
72140,72139,1499,1920,Civil Engineering 土木,NA
72142,72141,498,1937,Electrical Engineering 電機,NA
72144,72143,692,1920,Mining Engineering 礦冶,NA
72160,72159,498,1932,Chemical Engineering 化工,NA
72162,72161,498,1937,Chemical Engineering 化工,NA
72164,72163,516,1939,Mechanical Engineering 機械,NA
72166,72165,516,1936,Civil Engineering 土木,NA
72167,69648,229,1937,Civil Engineering 土木,NA
72169,72168,195,1925,Civil Engineering 土木,NA
72172,72171,516,1937,Civil Engineering 土木,NA
72174,72173,235,1933,Civil Engineering 土木,NA
72178,72177,235,1935,Mechanical Engineering 機械,NA
72179,72177,455,1938,Mechanical Engineering 機械,NA
72181,72180,235,1935,Electrical Engineering 電機,NA
72184,72183,1102,NA,Electrical Engineering 電機,NA
72185,72183,4599,NA,Electrical Engineering 電機,NA
72189,72188,455,1932,Mechanical Engineering 機械,NA
72192,72191,675,1937,Civil Engineering 土木,NA
72194,72193,1730,1920,Electrical Engineering 電機,NA
72198,72197,1730,1912,Telecommunications 電訊,NA
72236,72235,4419,NA,Mining Engineering 礦冶,NA
72240,72239,4419,NA,Mining Engineering 礦冶,NA
72259,72258,4419,NA,Mining Engineering 礦冶,NA
72360,72359,4419,NA,Mining Engineering 礦冶,NA
72539,17245,179,1924,unspecified,NA
72544,23710,72546,NA,unspecified,NA
72548,72547,72549,NA,unspecified,NA
72552,72551,2033,NA,unspecified,NA
72556,72555,72557,NA,unspecified,NA
72560,72559,72561,NA,unspecified,NA
72563,72562,167,NA,Engineering (general/undefined) 工科/工程師,NA
72567,70234,72569,NA,Civil Engineering 土木,NA
72572,72571,72573,NA,unspecified,NA
72576,72575,179,NA,unspecified,NA
72577,72575,9076,NA,unspecified,NA
72580,72579,72581,NA,unspecified,NA
72583,72582,72584,NA,unspecified,NA
72588,72587,2033,NA,unspecified,NA
72590,72589,152,NA,unspecified,NA
72593,72592,151,NA,unspecified,NA
72595,72594,223,NA,unspecified,NA
72599,72598,692,NA,unspecified,NA
72602,72601,72603,NA,unspecified,NA
72608,7397,72609,NA,unspecified,NA
72613,72612,209,NA,unspecified,NA
72617,72616,2033,NA,unspecified,NA
72620,72619,72621,NA,unspecified,NA
72624,36445,72609,NA,unspecified,NA
72629,72628,692,NA,unspecified,NA
72632,28894,72633,NA,unspecified,NA
72635,72634,2584,NA,unspecified,NA
72638,72637,72639,NA,unspecified,NA
72644,72643,72645,NA,unspecified,NA
72648,72647,72650,NA,unspecified,NA
72655,72653,5740,NA,unspecified,NA
72658,72657,11734,NA,unspecified,NA
72660,72659,1310,NA,unspecified,NA
72667,38392,72609,NA,unspecified,NA
72670,72669,5740,NA,unspecified,NA
72674,72673,72675,NA,unspecified,NA
72678,72677,72584,NA,鐵路科,NA
72681,72680,72546,NA,unspecified,NA
72684,72683,2033,NA,unspecified,NA
72688,72685,72689,NA,unspecified,NA
72717,4199,151,1919,unspecified,Master 碩士
72720,28616,129,1923,unspecified,Bachelor 學士
72734,72732,193,1923,Textile Engineering 紡織,Bachelor 學士
72758,72757,152,NA,unspecified,Doctor 博士
72771,72770,5466,NA,Mining Engineering 礦冶,NA
72776,72775,70078,NA,unspecified,NA
72800,72799,155,NA,unspecified,Bachelor 學士
72808,70626,9480,NA,Science (unspecified),Doctor 博士
72809,70626,72812,NA,unspecified,Doctor 博士
72815,70626,120,NA,Engineering (general/undefined) 工科/工程師,Doctor 博士
72829,72828,129,NA,Metallurgical Engineering 冶金工程,NA
72843,72842,72844,NA,unspecified,NA
72846,21593,151,NA,unspecified,NA
72851,72850,5740,NA,unspecified,NA
72854,15887,70078,NA,unspecified,NA
72859,72858,72689,NA,unspecified,NA
72865,72864,692,NA,unspecified,NA
72869,72868,72584,NA,鐵路科,NA
72872,72871,72873,NA,unspecified,NA
72877,72876,72675,NA,unspecified,NA
72883,72882,2033,NA,unspecified,NA
72886,72885,725,NA,unspecified,NA
72889,72888,1679,NA,unspecified,NA
72892,72891,70078,NA,unspecified,NA
72898,72897,1679,NA,unspecified,NA
72902,72901,11734,NA,unspecified,NA
72907,72906,5740,NA,unspecified,NA
72910,72909,72557,NA,unspecified,NA
72913,72912,70078,NA,unspecified,NA
72914,26770,129,NA,unspecified,NA
72917,72916,227,NA,unspecified,NA
72919,72918,279,NA,unspecified,NA
72921,72920,72922,NA,unspecified,NA
72927,72926,11734,NA,unspecified,NA
72931,72930,72650,NA,unspecified,NA
72934,72933,151,NA,unspecified,NA
72937,72936,2678,NA,unspecified,NA
72940,72939,11734,NA,unspecified,NA
72942,72941,72943,NA,unspecified,NA
72951,72950,692,NA,unspecified,NA
72954,72953,3044,NA,unspecified,NA
72957,72956,2584,NA,unspecified,NA
72960,72959,5740,NA,unspecified,NA
72962,72961,72584,NA,鐵路科,NA
72964,72963,198,NA,unspecified,NA
72966,72965,72967,NA,unspecified,NA
72973,72972,1310,NA,unspecified,NA
72978,72977,27770,NA,unspecified,NA
72982,72981,32224,NA,unspecified,NA
72984,72983,1499,NA,unspecified,NA
72990,72989,1310,NA,unspecified,NA
72993,72992,18260,NA,unspecified,NA
72995,72994,209,NA,unspecified,NA
72997,72996,72584,1892,Civil Engineering 土木,NA
73004,73003,2033,NA,unspecified,NA
73007,73006,692,NA,unspecified,NA
73008,72420,2033,NA,unspecified,NA
73010,31629,9076,NA,unspecified,NA
73012,73011,73013,NA,unspecified,NA
73016,73015,692,NA,unspecified,NA
73110,73109,235,NA,unspecified,NA
73112,73111,152,NA,unspecified,NA
73115,73114,72844,NA,unspecified,NA
73120,73119,72609,NA,unspecified,NA
73123,73122,195,1882,Civil Engineering 土木,NA
73126,73125,73127,NA,unspecified,NA
73134,73133,901,NA,unspecified,NA
73137,73136,73139,NA,unspecified,NA
73144,73143,73145,NA,unspecified,NA
73148,73147,235,NA,unspecified,NA
73150,73149,32646,NA,unspecified,NA
73152,73151,11734,NA,unspecified,NA
73154,73153,72609,NA,unspecified,NA
73164,73163,60954,NA,unspecified,NA
73168,73167,73169,NA,unspecified,NA
73176,73175,73177,NA,unspecified,NA
73184,73183,2033,NA,unspecified,NA
73188,73187,73190,NA,unspecified,NA
73193,73192,11734,NA,unspecified,NA
73195,73194,5390,NA,unspecified,NA
73198,4552,73199,NA,unspecified,NA
73202,73201,73203,NA,unspecified,NA
73206,73205,73207,NA,unspecified,NA
73211,73210,73212,NA,unspecified,NA
73218,73214,198,1914,Civil Engineering 土木,NA
73222,73221,73223,NA,unspecified,NA
73224,73221,72967,NA,unspecified,NA
73228,73227,190,NA,unspecified,NA
73231,73230,235,NA,Engineering (general/undefined) 工科/工程師,NA
73246,73245,692,NA,unspecified,NA
73252,73250,4925,NA,unspecified,NA
73309,73308,72650,NA,unspecified,NA
73317,73316,73318,NA,unspecified,NA
73327,73326,72967,NA,unspecified,NA
73329,73328,10656,NA,unspecified,NA
73332,73331,60954,NA,unspecified,NA
73335,73322,10656,NA,unspecified,NA
73338,73337,71424,NA,unspecified,NA
73339,36800,72967,NA,unspecified,NA
73344,73343,1310,NA,unspecified,NA
73348,73347,2584,NA,unspecified,NA
73352,73351,72689,NA,unspecified,NA
73354,45373,32646,NA,unspecified,NA
73362,73361,67274,NA,unspecified,NA
73365,73364,44085,NA,unspecified,NA
73367,47042,152,NA,unspecified,NA
73375,73374,73376,NA,unspecified,NA
73378,73377,60954,NA,unspecified,NA
73381,73380,27770,NA,unspecified,NA
73383,15575,229,NA,unspecified,NA
73388,73387,70078,NA,unspecified,NA
73426,73425,10656,NA,unspecified,NA
73429,73428,279,NA,unspecified,NA
73432,73431,6977,NA,unspecified,NA
73435,73434,2033,NA,unspecified,NA
73442,73441,4718,NA,unspecified,NA
73445,73444,234,NA,unspecified,NA
73447,73446,73448,NA,unspecified,NA
73450,73449,2033,NA,unspecified,NA
73453,73452,73454,NA,unspecified,NA
73456,73455,73457,NA,unspecified,NA
73459,73458,73460,NA,unspecified,NA
73463,73462,73464,NA,unspecified,NA
73473,73472,73460,NA,unspecified,NA
73478,73477,5740,NA,Engineering (general/undefined) 工科/工程師,NA
73481,73480,73482,NA,unspecified,NA
73485,73484,72633,NA,unspecified,NA
73490,73489,2033,NA,unspecified,NA
73493,73492,1310,NA,unspecified,NA
73496,73495,692,NA,unspecified,NA
73498,73497,235,NA,unspecified,NA
73501,73500,42048,NA,unspecified,NA
73503,46813,72650,NA,Engineering (general/undefined) 工科/工程師,NA
73507,73506,141,NA,unspecified,NA
73510,73509,73454,NA,unspecified,NA
73513,73512,1310,NA,unspecified,NA
73516,73515,72603,NA,unspecified,NA
73520,73519,11734,NA,unspecified,NA
73524,73523,73464,NA,unspecified,NA
73528,73527,27770,NA,unspecified,NA
73532,73531,11734,NA,unspecified,NA
73536,73535,10656,NA,unspecified,NA
73539,73538,27770,NA,unspecified,NA
73543,73542,73545,NA,unspecified,NA
73547,73546,73548,NA,unspecified,NA
73551,73550,11734,NA,unspecified,NA
73554,73553,4718,NA,unspecified,NA
73557,73556,72609,NA,unspecified,NA
73558,73556,73559,NA,unspecified,NA
73566,73565,129,NA,unspecified,NA
73568,12197,1907,NA,unspecified,NA
73572,73571,11734,NA,unspecified,NA
73574,21531,38101,NA,Engineering (general/undefined) 工科/工程師,NA
73580,73579,179,1919,Science (unspecified),NA
73586,73585,73587,NA,unspecified,NA
73591,73590,46713,NA,unspecified,NA
73596,12002,60954,NA,unspecified,NA
73601,73598,4925,NA,unspecified,NA
73606,73605,10656,NA,unspecified,NA
73610,73609,11734,NA,unspecified,NA
73612,73611,73613,NA,unspecified,NA
73616,73615,73617,NA,unspecified,NA
73618,43949,72967,NA,unspecified,NA
73620,33765,72967,NA,unspecified,NA
73622,73621,692,NA,unspecified,NA
73629,73628,41192,NA,unspecified,NA
73634,73633,73635,NA,unspecified,NA
73639,73638,73642,NA,unspecified,NA
73646,59192,10656,NA,unspecified,NA
73649,73648,63086,NA,unspecified,NA
73696,73695,46713,NA,unspecified,NA
73701,73699,72967,NA,unspecified,NA
73711,73708,73635,NA,unspecified,NA
73716,73715,72967,NA,unspecified,NA
73718,73717,72967,NA,unspecified,NA
73728,73726,73729,NA,unspecified,NA
73738,73737,73739,NA,unspecified,NA
73744,73743,10656,NA,unspecified,NA
73747,73746,27770,NA,unspecified,NA
73767,73766,72633,NA,unspecified,NA
73770,73769,73635,NA,unspecified,NA
73775,73774,2033,NA,unspecified,NA
73778,73777,73460,NA,unspecified,NA
73780,73779,73635,NA,unspecified,NA
73782,73781,10656,NA,unspecified,NA
73785,73784,19774,NA,unspecified,NA
73790,73789,10656,NA,unspecified,NA
73793,73792,73454,NA,unspecified,NA
73796,73795,72967,NA,unspecified,NA
73801,73800,73802,NA,unspecified,NA
73806,73805,10656,NA,unspecified,NA
73809,73808,19774,NA,unspecified,NA
73814,73813,692,NA,unspecified,NA
73819,73818,10656,NA,unspecified,NA
73824,73823,10656,NA,unspecified,NA
73827,73826,10656,NA,unspecified,NA
73831,73830,27770,NA,unspecified,NA
73836,73835,73837,NA,unspecified,NA
73840,73839,73841,NA,unspecified,NA
73844,73843,2033,NA,unspecified,NA
73847,73846,73635,NA,unspecified,NA
73849,73848,63086,NA,unspecified,NA
73852,73851,41192,NA,unspecified,NA
73856,73855,27770,NA,unspecified,NA
73860,73859,73861,NA,unspecified,NA
73864,73863,72689,NA,unspecified,NA
73866,73865,73739,NA,unspecified,NA
73869,73868,10656,NA,unspecified,NA
73872,73871,73873,NA,unspecified,NA
73876,73875,73877,NA,unspecified,NA
73880,73879,2033,NA,unspecified,NA
73882,73881,60954,NA,unspecified,NA
73887,73886,46713,NA,unspecified,NA
73891,73890,1310,NA,unspecified,NA
73897,73896,12802,NA,unspecified,NA
73899,21512,152,NA,unspecified,NA
73903,73902,5390,NA,unspecified,NA
73906,73905,5740,NA,unspecified,NA
74051,28372,1907,NA,unspecified,NA
74053,74052,1310,NA,unspecified,NA
74055,74054,9480,NA,unspecified,NA
74060,74059,11734,NA,unspecified,NA
74066,74065,152,NA,unspecified,NA
74073,74072,7025,NA,unspecified,NA
74076,74075,152,NA,unspecified,NA
74077,74075,171,NA,unspecified,NA
74080,74079,12802,NA,unspecified,NA
74083,74082,74084,NA,unspecified,NA
74087,74086,1310,NA,unspecified,NA
74090,74089,74091,NA,unspecified,NA
74094,74093,74095,NA,unspecified,NA
74098,74097,74099,NA,unspecified,NA
74101,74100,72689,NA,unspecified,NA
74103,74102,195,NA,unspecified,NA
74107,74105,74108,NA,unspecified,NA
74112,74111,19774,NA,unspecified,NA
74114,74113,74115,NA,unspecified,NA
74118,74117,209,NA,unspecified,NA
74120,74119,72689,NA,unspecified,NA
74122,74121,1907,NA,unspecified,NA
74125,74124,1310,NA,unspecified,NA
74128,74127,255,NA,unspecified,NA
74130,74129,74131,NA,unspecified,NA
74138,74137,74139,NA,unspecified,NA
74141,25755,276,NA,unspecified,NA
74144,74143,1310,NA,unspecified,NA
74147,74146,279,NA,unspecified,NA
74153,74152,1310,1910,Electricity 電氣,NA
74157,74156,74158,NA,unspecified,NA
74162,74161,1310,NA,unspecified,NA
74166,74165,1310,NA,unspecified,NA
74171,74170,267,NA,unspecified,NA
74177,74176,1310,NA,unspecified,NA
74182,74181,129,NA,unspecified,NA
74186,74185,151,NA,unspecified,NA
74190,74189,2584,NA,unspecified,NA
74194,74193,190,NA,unspecified,NA
74198,74197,151,NA,unspecified,NA
74200,74199,74201,NA,unspecified,NA
74205,74204,74206,NA,unspecified,NA
74208,74207,20791,NA,unspecified,NA
74210,74209,72689,NA,unspecified,NA
74212,9678,198,NA,unspecified,NA
74214,74213,74215,NA,unspecified,NA
74218,74217,167,NA,unspecified,NA
74221,74220,167,NA,unspecified,NA
74224,74223,74225,NA,unspecified,NA
74227,74226,74228,NA,unspecified,NA
74231,74230,74232,NA,unspecified,NA
74235,74234,5740,NA,War Machinery 造兵,NA
74238,74237,74239,NA,unspecified,NA
74243,74242,1310,NA,unspecified,NA
74246,74245,1310,NA,unspecified,NA
74251,74250,10656,NA,unspecified,NA
74254,74253,1310,NA,unspecified,NA
74257,74256,10656,NA,unspecified,NA
74260,74259,10656,NA,unspecified,NA
74263,74262,10656,NA,unspecified,NA
74266,74265,10656,NA,unspecified,NA
74279,74278,74280,NA,unspecified,NA
74286,74284,74287,NA,鐵路科,NA
74294,74293,14443,NA,unspecified,NA
74301,74300,74302,NA,unspecified,NA
74306,74305,901,NA,unspecified,NA
74318,74317,74319,NA,unspecified,NA
74481,31333,150,1913,unspecified,NA
74484,31333,229,NA,unspecified,NA
74497,74495,692,NA,Mining Engineering 礦冶,NA
74498,74495,171,1909,Chemistry 化學,NA
74512,74511,1310,NA,unspecified,NA
74520,74519,74522,NA,Sericulture,NA
74525,74519,4094,NA,Agriculture 農科,Doctor 博士
74548,55330,72650,NA,Civil Engineering 土木,NA
74556,74555,187,1905,Electrical Engineering 電工,NA
74585,61179,901,1911,unspecified,NA
74590,74589,692,1900,unspecified,NA
74591,74589,129,1905,unspecified,NA
74592,74589,151,1907,unspecified,Master 碩士
74627,74625,167,1916,Naval Architecture 船舶,NA
74627,74625,167,1916,Mechanical Engineering 機械,NA
74627,74625,167,1916,Civil Engineering 土木,NA
74647,74646,498,NA,unspecified,NA
74648,74646,152,NA,unspecified,NA
74671,1796,235,1919,Engineering (general/undefined) 工科/工程師,NA
74682,74680,994,NA,Engineering (general/undefined) 工科/工程師,NA
74706,29378,30772,1909,unspecified,NA
74747,1381,195,1916,Chemistry 化學,Bachelor 學士
74747,1381,195,1916,Chemical Engineering 化工,Bachelor 學士
74768,50387,229,1914,unspecified,NA
74822,38286,229,1920,unspecified,NA
74829,72732,229,NA,unspecified,NA
74841,74840,74842,NA,Engineering (general/undefined) 工科/工程師,NA
74843,74840,74844,NA,Municipal Construction,NA
74855,22980,235,1907,unspecified,NA
74856,22980,179,NA,Electrical Engineering 電工,NA
74857,22980,195,NA,Hydraulic Engineering 水利,NA
74864,73122,74865,1880,unspecified,NA
74903,74901,901,NA,unspecified,NA
74904,74901,235,NA,unspecified,NA
74905,74901,188,NA,Engineering (general/undefined) 工科/工程師,NA
74906,74901,212,NA,Engineering (general/undefined) 工科/工程師,NA
74921,21643,70078,NA,unspecified,NA
74922,21643,120,NA,unspecified,NA
74939,74938,249,NA,Engineering (general/undefined) 工科/工程師,NA
75054,75053,195,1914,Naval Architecture 造船,NA
75067,38260,229,1916,unspecified,NA
75068,38260,29220,1917,unspecified,NA
75084,63275,498,NA,unspecified,NA
75088,75087,73802,NA,unspecified,NA
75089,75087,2033,1900,unspecified,NA
75144,75140,179,1915,unspecified,NA
75145,75140,198,1917,Chemical Engineering 化工,NA
75146,75140,151,1918,Chemical Engineering 化工,Master 碩士
75147,75140,151,1919,Chemistry 化學,NA
75154,56462,217,NA,Ceramics 陶瓷,NA
75163,57997,3350,1915,Mining Engineering 礦冶,NA
75167,57997,151,1928,Mining Engineering 礦冶,Doctor 博士
75187,75185,75188,1914,Engineering (general/undefined) 工科/工程師,NA
75216,75214,75217,1909,unspecified,NA
75218,75214,195,NA,Naval Architecture 船舶,Master 碩士
75231,2386,901,NA,unspecified,NA
75232,2386,229,1914,unspecified,NA
75233,2386,171,1918,Civil Engineering 土木,NA
75242,72432,837,NA,unspecified,NA
75243,72432,229,NA,unspecified,NA
75244,72432,188,NA,Metallurgy 冶金,NA
75268,73125,901,1903,unspecified,NA
75269,73125,227,1910,Engineering (general/undefined) 工科/工程師,NA
75305,75304,75306,NA,unspecified,NA
75307,75304,75308,1916,unspecified,NA
75309,75304,75310,1919,Aeronautical Engineering 航空機械,NA
75311,75304,75312,NA,unspecified,NA
75313,75304,75314,NA,unspecified,NA
75324,73214,901,1910,unspecified,NA
75332,75331,901,1886,unspecified,NA
75349,9861,75350,NA,Engineering (general/undefined) 工科/工程師,NA
75378,75377,901,1908,unspecified,NA
75379,75377,152,1912,Civil Engineering 土木,NA
75391,28485,235,NA,unspecified,NA
75396,71481,229,1920,unspecified,NA
75403,71206,75306,1909,unspecified,NA
75428,61857,235,1905,unspecified,NA
75432,61857,129,1907,Civil Engineering 土木,NA
75457,30892,229,1920,unspecified,NA
75627,282,26673,1904,unspecified,NA
75643,21661,692,1899,Mining 採冶,NA
75657,11798,229,1913,unspecified,NA
75661,11891,692,1910,unspecified,NA
75662,11891,75664,1912,Chemistry 化學,NA
75722,75721,235,NA,unspecified,NA
75724,75721,269,1904,unspecified,NA
75725,75721,266,1905,unspecified,NA
75749,9006,901,1895,unspecified,NA
75750,9006,3146,1907,Metallurgy 冶金,NA
75751,9006,901,1916,unspecified,Doctor 博士
75756,75754,235,1920,Railway Administration,NA
75757,75754,198,1923,unspecified,NA
75758,75754,198,1924,Railway Engineering/Transportation,Master 碩士
75759,75754,223,1929,Railway Administration,Doctor 博士
75773,42293,229,NA,unspecified,NA
75876,75873,45488,NA,unspecified,NA
75877,75873,279,1908,Civil Engineering 土木,NA
75878,75873,188,1910,Mining 採冶,NA
75879,75873,151,1911,Geology 地質,NA
75940,75939,179,NA,Civil Engineering 土木,Master 碩士
75961,40524,222,1911,unspecified,NA
75965,75962,167,NA,Engineering (general/undefined) 工科/工程師,NA
75978,75976,5740,NA,Civil Engineering 土木,NA
76649,76648,152,1917,Civil Engineering 土木,NA
76655,75939,179,NA,Science (unspecified),NA
76657,76656,198,1917,Civil Engineering 土木,NA
76664,76663,232,1918,Civil Engineering 土木,NA
76671,76670,223,1918,Science (unspecified),NA
76672,76670,152,1919,Civil Engineering 土木,Master 碩士
76685,76684,994,1916,Science (unspecified),NA
76686,76684,152,1918,Civil Engineering 土木,NA
76717,38628,152,1918,Civil Engineering 土木,Master 碩士
76731,76730,76733,1916,Civil Engineering 土木,NA
76793,76790,179,1918,Science (unspecified),Master 碩士
76795,21531,232,1918,Civil Engineering 土木,NA
76798,76797,276,1916,Science (unspecified),NA
76799,76797,276,1917,Science (unspecified),Master 碩士
76805,57813,152,1916,Civil Engineering 土木,NA
76881,33583,195,1918,Science (unspecified),NA
76896,45100,195,1917,Civil Engineering 土木,NA
76908,76907,7847,1916,Science (unspecified),NA
76914,76913,235,1917,Civil Engineering 土木,NA
76918,69426,235,1918,Civil Engineering 土木,NA
76919,69426,152,1919,Civil Engineering 土木,Master 碩士
76924,76922,44229,1918,Civil Engineering 土木,NA
76926,11880,152,1919,Civil Engineering 土木,Master 碩士
76938,76937,70078,1914,Civil Engineering 土木,NA
76949,76948,223,1918,Science (unspecified),NA
76955,76954,223,1918,Science (unspecified),NA
76958,76957,223,1918,Science (unspecified),NA
76966,76965,195,1920,Chemical Engineering 化工,Bachelor 學士
76970,76969,227,1917,Science (unspecified),NA
76974,76973,217,1920,Science (unspecified),NA
76976,76975,198,1917,Science (unspecified),NA
76978,76975,198,1918,Science (unspecified),Master 碩士
76982,76981,198,1918,Science (unspecified),NA
76984,76981,151,1919,unspecified,Master 碩士
76988,1603,203,NA,unspecified,Master 碩士
76993,76992,227,NA,Science (unspecified),NA
76997,76996,179,1917,Science (unspecified),NA
76998,76996,252,1918,Science (unspecified),Master 碩士
77002,77001,265,1917,Electrical Engineering 電機工程,NA
77012,77011,179,1917,unspecified,NA
77013,77011,179,1918,unspecified,Master 碩士
77015,77014,235,1916,Electrical Engineering 電機,NA
77042,77041,77043,1917,Mechanical Engineering 機械,NA
77050,59660,1907,NA,Electrical Engineering 電機,NA
77051,75829,1310,NA,Electrical Engineering 電機,NA
77052,57010,29082,NA,Mechanical Engineering 機械,NA
77054,77053,70078,NA,unspecified,NA
77056,9209,179,NA,Engineering (general/undefined) 工科/工程師,NA
77060,77059,8454,NA,Mechanical Engineering 機械,NA
77063,77062,151,NA,unspecified,NA
77065,66989,1730,NA,Telecommunications 電信,NA
77067,77066,77068,NA,Mechanical Engineering 機械,NA
77072,77071,1310,NA,圖按科 Cartography,NA
77076,77075,1946,NA,Science 理科,NA
77084,77082,27770,NA,unspecified,NA
77086,21629,227,NA,unspecified,NA
77093,77092,1730,NA,unspecified,NA
77097,77096,1310,NA,unspecified,NA
77099,77007,152,NA,unspecified,NA
77101,76856,994,NA,unspecified,NA
77107,77106,77109,NA,unspecified,NA
77119,77118,1907,NA,unspecified,NA
77123,77121,5390,NA,Civil Engineering 土木,NA
77126,77125,77128,NA,unspecified,NA
77131,77129,2840,NA,unspecified,NA
77137,77134,71678,NA,Mechanical Engineering 機械,NA
77142,77140,1310,NA,Chemistry 化學,NA
77147,77146,167,NA,unspecified,NA
77150,77149,994,NA,unspecified,NA
77155,77154,77156,NA,unspecified,NA
77159,77158,5740,NA,unspecified,NA
77163,77162,32224,NA,unspecified,NA
77166,77165,901,NA,unspecified,NA
77169,77168,45181,NA,unspecified,NA
77172,77171,1907,NA,unspecified,NA
77176,77175,77177,NA,unspecified,NA
77179,75826,47079,NA,unspecified,NA
77182,77181,198,NA,unspecified,NA
77184,21531,232,NA,Engineering (general/undefined) 工科/工程師,NA
77187,77186,235,NA,unspecified,NA
77190,77189,190,NA,unspecified,NA
77193,77192,74139,NA,unspecified,NA
77197,77196,70078,NA,unspecified,NA
77200,77199,498,NA,Mechanical Engineering 機械,NA
77204,77203,455,NA,unspecified,NA
77207,77206,2584,NA,unspecified,NA
77209,69488,276,NA,unspecified,NA
77211,77210,46713,NA,unspecified,NA
77214,77213,1907,NA,Electrical Engineering 電機,NA
77217,77216,2224,NA,Civil Engineering 土木,NA
77221,77220,1310,NA,Electrical Engineering 電機,NA
77223,12251,675,NA,Engineering (general/undefined) 工科/工程師,NA
77225,61506,1907,NA,unspecified,NA
77227,77226,29082,NA,Civil Engineering 土木,NA
77229,77228,72603,NA,unspecified,NA
77232,77231,1310,NA,Architecture 建築,NA
77233,21510,198,NA,Civil Engineering 土木,NA
77236,77235,994,NA,unspecified,NA
77238,77237,77239,NA,unspecified,NA
77243,77242,195,1924,Mechanical Engineering 機械,Bachelor 學士
77248,64766,195,1926,Chemical Engineering 化工,Bachelor 學士
77249,26613,195,1928,Chemical Engineering 化工,Master 碩士
77253,72201,195,1918,Mining Engineering 礦冶,Bachelor 學士
77258,77257,195,1926,Mechanical Engineering 機械,Bachelor 學士
77259,77257,195,1926,Mining Engineering 礦冶,Master 碩士
77261,77260,195,1922,Civil Engineering 土木,NA
77267,15294,195,1925,Mechanical Engineering 機械,Bachelor 學士
77269,77268,195,1929,Electrical Engineering 電機,Bachelor 學士
77272,77271,195,1930,Mechanical Engineering 機械,Bachelor 學士
77274,77273,195,1931,Mechanical Engineering 機械,NA
77277,69488,195,1924,Civil Engineering 土木,Bachelor 學士
77286,77285,195,NA,Chemical Engineering 化工,Bachelor 學士
77288,77287,195,1914,Civil Engineering 土木,Bachelor 學士
77292,73235,195,1930,Electrical Engineering 電工,Bachelor 學士
77295,77294,195,1922,Mechanical Engineering 機械,NA
77296,63555,195,1924,Electrical Engineering 電工,NA
77300,77299,195,1923,Chemical Engineering 化工,Bachelor 學士
77302,77301,195,1922,Chemical Engineering 化工,Bachelor 學士
77304,77303,195,1930,Civil Engineering 土木,Bachelor 學士
77306,77305,195,1926,Electrical Engineering 電工,Bachelor 學士
77307,77305,195,1926,Electrical Engineering 電工,Master 碩士
77312,22442,195,1929,Chemical Engineering 化工,Bachelor 學士
77313,64917,195,1923,Chemical Engineering 化工,Master 碩士
77314,26613,195,1928,Chemical Engineering 化工,Bachelor 學士
77315,20464,195,1929,Civil Engineering 土木,Bachelor 學士
77322,77321,195,1922,Electrical Engineering 電工,Bachelor 學士
77323,77321,195,1922,Electrical Engineering 電工,Master 碩士
77324,36571,195,1918,Electrical Engineering 電工,Bachelor 學士
77327,77326,195,1934,Mechanical Engineering 機械,NA
77331,77330,195,1920,Mechanical Engineering 機械,Bachelor 學士
77336,77335,195,1922,Engineering Administration,Bachelor 學士
77339,77338,195,1926,Electrical Engineering 電工,Bachelor 學士
77341,77340,195,1926,Electrical Engineering 電工,Bachelor 學士
77342,61250,195,1914,Mechanical Engineering 機械,Bachelor 學士
77342,61250,195,1914,Naval Architecture 船舶,Bachelor 學士
77347,77346,195,1923,Chemical Engineering 化工,Bachelor 學士
77348,77346,195,1924,Chemical Engineering 化工,Master 碩士
77356,77355,195,1926,Electrical Engineering 電工,NA
77358,77357,195,1916,Naval Architecture 船舶,Bachelor 學士
77359,77357,195,1916,Naval Architecture 船舶,Master 碩士
77361,77360,195,1922,Physics 物理,Bachelor 學士
77362,77360,195,1922,Physics 物理,Master 碩士
77363,77360,151,1922,Physics 物理,Doctor 博士
77365,13208,195,1922,Electrical Engineering 電工,Master 碩士
77367,13208,195,1922,Electrical Engineering 電工,Bachelor 學士
77368,13916,195,1924,Electrical Engineering 電工,Bachelor 學士
77369,13916,195,1924,Electrical Engineering 電工,Master 碩士
77376,77375,195,1926,Electrical Engineering 電工,Bachelor 學士
77378,48954,195,1928,Chemical Engineering 化工,Bachelor 學士
77381,29537,195,1928,Chemical Engineering 化工,Bachelor 學士
77383,77382,195,NA,Naval Architecture 船舶,Bachelor 學士
77385,4199,195,1918,Chemical Engineering 化工,Bachelor 學士
77388,4354,195,1915,Mining Engineering 礦冶,Bachelor 學士
77390,31844,195,1914,Marine Engineering,Bachelor 學士
77395,1180,195,1913,Chemical Engineering 化工,Bachelor 學士
77398,1039,195,1926,Chemical Engineering 化工,Bachelor 學士
77399,1039,195,1926,Chemical Engineering 化工,Master 碩士
77402,77401,195,1918,Electrochemical Engineering,Bachelor 學士
77403,21519,195,1919,Civil Engineering 土木,Master 碩士
77406,33656,195,1918,Mining Engineering 礦冶,NA
77410,77409,195,1924,Mechanical Engineering 機械,Bachelor 學士
77411,77409,195,1924,Engineering Administration,Bachelor 學士
77413,51121,195,1928,Electrical Engineering 電機,Bachelor 學士
77416,69416,195,1918,Civil Engineering 土木,NA
77421,77420,195,NA,Mining Engineering 礦冶,Bachelor 學士
77423,46081,195,1930,Architectural Engineering,Bachelor 學士
77425,46118,195,1929,Chemical Engineering 化工,Bachelor 學士
77427,77426,227,NA,Electrical Engineering 電工,Bachelor 學士
77428,77426,227,NA,Electrical Engineering 電工,Master 碩士
77429,77426,195,NA,Electrical Engineering 電工,Research 研究
77440,77439,195,1924,Civil Engineering 土木,Bachelor 學士
77448,77447,195,1922,Mechanical Engineering 機械,Bachelor 學士
77449,21641,195,1915,Mechanical Engineering 機械,Bachelor 學士
77456,65044,195,1928,Electrical Engineering 電工,Bachelor 學士
77458,77457,195,NA,Aeronautical Engineering,NA
77459,32609,195,1928,Electrical Engineering 電工,Bachelor 學士
77460,22739,195,1929,Chemical Engineering 化工,Bachelor 學士
77461,22980,195,1916,Electrical Engineering 電工,Bachelor 學士
77462,22980,195,1916,Electrical Engineering 電工,Master 碩士
77466,77465,195,NA,Electrical Engineering 電工,Bachelor 學士
77467,69487,195,1926,Civil Engineering 土木,Bachelor 學士
77468,69487,171,1926,Civil Engineering 土木,Master 碩士
77472,44649,195,1919,Sanitary Engineering,Bachelor 學士
77475,69495,195,1930,Architecture 建築,Bachelor 學士
77476,69495,195,1930,Architecture 建築,Master 碩士
77481,77480,195,1927,Engineering Administration,Bachelor 學士
77483,77482,195,1924,Chemical Engineering 化工,Bachelor 學士
77485,77484,195,1931,Civil Engineering 土木,Bachelor 學士
77487,77486,195,NA,Mining Engineering 礦冶,Bachelor 學士
77490,77489,195,NA,Mechanical Engineering 機械,NA
77492,77491,195,1927,Mechanical Engineering 機械,Bachelor 學士
77493,77491,195,1927,Mechanical Engineering 機械,Master 碩士
77495,77494,195,1918,Engineering Administration,Bachelor 學士
77499,77498,195,1932,Naval Architecture 船舶,NA
77500,5259,195,1927,Electrical Engineering 電工,Bachelor 學士
77502,44925,195,1931,Mechanical Engineering 機械,Bachelor 學士
77504,NA,195,NA,Naval Architecture 船舶,Bachelor 學士
77505,77503,195,1920,Naval Architecture 船舶,Bachelor 學士
77509,36015,195,1928,Electrical Engineering 電工,Bachelor 學士
77510,36015,195,1928,Electrical Engineering 電工,Master 碩士
77512,77511,195,1922,Chemical Engineering 化工,NA
77514,77513,195,1930,Building Construction,Bachelor 學士
77516,77515,195,1925,Mechanical Engineering 機械,Bachelor 學士
77517,77515,195,1925,Mechanical Engineering 機械,Master 碩士
77527,77526,195,1933,Electrical Engineering 電工,Bachelor 學士
77532,37455,195,1920,Electrical Engineering 電工,Bachelor 學士
77533,37455,195,1920,Electrical Engineering 電工,Master 碩士
77537,77536,195,1926,Civil Engineering 土木,Bachelor 學士
77543,77542,195,1922,Chemical Engineering 化工,Bachelor 學士
77547,77546,195,NA,Engineering Administration,NA
77549,77548,195,1928,Engineering Administration,Bachelor 學士
77551,77550,195,NA,Mechanical Engineering 機械,Bachelor 學士
77555,77554,195,NA,Chemical Engineering 化工,NA
77559,77558,195,1926,Mining Engineering 礦冶,Bachelor 學士
77564,77563,195,1929,Civil Engineering 土木,Bachelor 學士
77565,58187,195,1917,Mining Engineering 礦冶,Bachelor 學士
77567,77566,195,1916,Mechanical Engineering 機械,Bachelor 學士
77570,77569,195,NA,Chemistry 化學,Bachelor 學士
77572,28813,195,1927,Geological Engineering,Master 碩士
77573,62787,195,1926,Electrical Engineering 電工,Bachelor 學士
77575,77574,195,1920,Electrical Engineering 電工,Bachelor 學士
77577,77576,195,1932,Mining Engineering 礦冶,NA
77579,NA,195,1931,Electrical Engineering 電工,NA
77580,77578,195,1931,Electrical Engineering 電工,NA
77582,NA,195,1929,Mechanical Engineering 機械,NA
77583,77581,195,1929,Mechanical Engineering 機械,NA
77585,77584,195,1920,Mechanical Engineering 機械,Bachelor 學士
77593,NA,195,1925,Chemical Engineering 化工,Bachelor 學士
77594,77592,195,1925,Chemical Engineering 化工,Bachelor 學士
77596,NA,195,1921,Chemical Engineering 化工,NA
77597,77595,195,1921,Chemical Engineering 化工,NA
77599,77598,195,1924,Mechanical Engineering 機械,NA
77601,77600,195,1923,Electrical Engineering 電工,Bachelor 學士
77604,77603,195,1925,Chemical Engineering 化工,NA
77608,77607,195,NA,Chemical Engineering 化工,Bachelor 學士
77609,77607,195,NA,Chemical Engineering 化工,Master 碩士
77611,77610,195,1923,Chemical Engineering 化工,Bachelor 學士
77612,77610,195,1924,Chemical Engineering 化工,Master 碩士
77617,20105,195,1922,Mechanical Engineering 機械,NA
77619,77618,195,1925,Electrical Engineering 電工,Bachelor 學士
77624,77623,195,1921,Mechanical Engineering 機械,Bachelor 學士
77626,77625,179,1928,Ceramics 陶瓷,Bachelor 學士
77627,77625,179,1929,Ceramics 陶瓷,Master 碩士
77628,77625,195,NA,Chemical Engineering 化工,NA
77630,77629,195,1926,Civil Engineering 土木,NA
77634,77633,195,1924,Chemical Engineering 化工,Bachelor 學士
77636,17567,195,1928,Mechanical Engineering 機械,Master 碩士
77637,17567,195,1926,Electrical Engineering 電工,Bachelor 學士
77638,17989,195,1924,Mechanical Engineering 機械,Bachelor 學士
77642,NA,195,1929,Chemical Engineering 化工,NA
77643,77641,195,1929,Chemical Engineering 化工,NA
77644,18452,195,1926,Electrical Engineering 電工,NA
77647,NA,195,1924,Civil Engineering 土木,Bachelor 學士
77648,77646,195,1924,Civil Engineering 土木,Bachelor 學士
77650,NA,195,1925,Chemical Engineering 化工,NA
77651,77649,195,1925,Chemical Engineering 化工,NA
77653,77652,195,1926,Mechanical Engineering 機械,Bachelor 學士
77654,77652,195,1926,Mechanical Engineering 機械,Master 碩士
77657,25232,195,1911,Mining Engineering 礦冶,Bachelor 學士
77658,9678,195,1917,Naval Architecture 船舶,Bachelor 學士
77659,10446,75431,NA,Chemistry 化學,Bachelor 學士
77661,77660,195,1916,Mechanical Engineering 機械,NA
77662,8481,195,1919,Civil Engineering 土木,Bachelor 學士
77663,6871,229,1923,Engineering Administration,Bachelor 學士
77665,77664,195,1923,Engineering Administration,Bachelor 學士
77668,NA,195,1924,Mining Engineering 礦冶,NA
77669,77667,195,1924,Mining Engineering 礦冶,NA
77674,NA,195,1929,Mechanical Engineering 機械,Bachelor 學士
77675,77673,195,1929,Mechanical Engineering 機械,Bachelor 學士
77676,14098,195,1925,Chemical Engineering 化工,Bachelor 學士
77678,NA,195,1912,Civil Engineering 土木,NA
77679,77677,195,1913,Civil Engineering 土木,Bachelor 學士
77681,NA,195,1930,Civil Engineering 土木,Bachelor 學士
77682,77680,195,1930,Civil Engineering 土木,Bachelor 學士
77683,48142,195,1910,Mining Engineering 礦冶,Bachelor 學士
77684,73980,195,1928,Electrical Engineering 電工,Master 碩士
77688,NA,195,1923,Chemical Engineering 化工,Bachelor 學士
77689,77687,195,1923,Chemical Engineering 化工,Bachelor 學士
77692,NA,195,1925,Mechanical Engineering 機械,NA
77693,77691,195,1925,Mechanical Engineering 機械,NA
77695,74199,195,1908,Mining Engineering 礦冶,Bachelor 學士
77696,74199,195,1909,Mining Engineering 礦冶,Master 碩士
77700,77699,195,1915,Electrical Engineering 電工,Bachelor 學士
77703,77702,195,NA,Civil Engineering 土木,Bachelor 學士
77704,69428,195,1922,Civil Engineering 土木,Bachelor 學士
77706,21163,195,1915,Mining Engineering 礦冶,Master 碩士
77708,51243,195,1921,Mechanical Engineering 機械,Bachelor 學士
77710,NA,195,NA,Metallurgy 冶金,Bachelor 學士
77711,77709,195,NA,Metallurgy 冶金,Bachelor 學士
77712,69421,195,1918,Civil Engineering 土木,Bachelor 學士
77713,69421,195,1918,Civil Engineering 土木,Master 碩士
77714,62880,195,1927,Chemical Engineering 化工,Bachelor 學士
77715,62813,195,1924,Civil Engineering 土木,Bachelor 學士
77717,NA,195,NA,Electrical Engineering 電工,NA
77718,77716,195,NA,Electrical Engineering 電工,NA
77719,47580,195,1914,Sanitary Engineering,Master 碩士
77722,NA,195,1923,Electrical Engineering 電工,Bachelor 學士
77723,77721,195,1923,Electrical Engineering 電工,Master 碩士
77724,77721,195,1923,Electrical Engineering 電工,Bachelor 學士
77726,70132,276,NA,Geology 地質,Master 碩士
77727,36558,195,1925,Chemical Engineering 化工,Bachelor 學士
77729,11143,195,1926,Electrical Engineering 電工,Bachelor 學士
77731,12000,179,1928,Sanitary Engineering,Bachelor 學士
77733,77732,195,1929,Electrical Engineering 電工,Bachelor 學士
77734,77732,171,1930,Electrical Engineering 電工,Master 碩士
77737,NA,195,1925,Chemical Engineering 化工,Bachelor 學士
77738,77736,195,1925,Chemical Engineering 化工,Bachelor 學士
77739,77736,195,1927,Chemical Engineering 化工,Master 碩士
77743,27631,195,1924,Chemical Engineering 化工,Bachelor 學士
77746,77745,195,1925,Electrical Engineering 電工,Bachelor 學士
77747,77745,195,1926,Electrical Engineering 電工,Master 碩士
77750,NA,195,1923,Civil Engineering 土木,NA
77751,77749,195,1923,Civil Engineering 土木,NA
77753,NA,195,1920,Naval Architecture 船舶,Bachelor 學士
77754,77752,195,1920,Naval Architecture 船舶,Bachelor 學士
77757,23741,195,1916,Aeronautical Engineering,Bachelor 學士
77759,NA,195,1918,Aeronautical Engineering,Bachelor 學士
77760,77758,195,1918,Aeronautical Engineering,Bachelor 學士
77761,77758,195,1918,Aeronautical Engineering,Master 碩士
77763,NA,195,1923,Electrical Engineering 電工,Bachelor 學士
77764,77762,195,1923,Electrical Engineering 電工,Bachelor 學士
77767,NA,195,1918,Chemical Engineering 化工,Bachelor 學士
77768,77766,195,1918,Chemical Engineering 化工,Bachelor 學士
77771,NA,195,1924,Chemical Engineering 化工,Bachelor 學士
77772,77770,195,1924,Chemical Engineering 化工,Bachelor 學士
77774,NA,195,NA,Sanitary Engineering,NA
77775,77773,195,1927,Sanitary Engineering,NA
77778,NA,195,1928,Chemical Engineering 化工,Bachelor 學士
77779,77777,195,1928,Chemical Engineering 化工,Bachelor 學士
77780,8290,195,1928,Mechanical Engineering 機械,NA
77783,10152,195,1914,Electrical Engineering 電工,Master 碩士
77785,NA,195,1931,Electrical Engineering 電工,NA
77786,77784,195,1931,Electrical Engineering 電工,NA
77787,41617,195,1921,Electrical Engineering 電工,Master 碩士
77788,39991,195,NA,Chemical Engineering 化工,Bachelor 學士
77789,71742,195,1929,Electrical Engineering 電工,Bachelor 學士
77790,49406,195,1930,Naval Architecture 船舶,Bachelor 學士
77792,53764,195,1928,Chemical Engineering 化工,Master 碩士
77794,NA,195,1928,Mechanical Engineering 機械,Bachelor 學士
77795,77793,195,1928,Mechanical Engineering 機械,Bachelor 學士
77797,NA,195,NA,Electrical Engineering 電工,NA
77798,77796,195,NA,Electrical Engineering 電工,NA
77800,77799,195,1928,Aeronautical Engineering,Bachelor 學士
77802,NA,195,NA,Electrical Engineering 電工,Bachelor 學士
77803,77801,195,1915,Electrical Engineering 電工,Master 碩士
77805,1136,195,1922,Mining Engineering 礦冶,NA
77813,77811,455,1945,Civil Engineering 土木,Bachelor 學士
77816,77815,455,1945,Civil Engineering 土木,Bachelor 學士
77820,77819,455,1945,Civil Engineering 土木,Bachelor 學士
77824,77823,455,1945,Civil Engineering 土木,Bachelor 學士
77828,77827,455,1945,Civil Engineering 土木,Bachelor 學士
77832,77831,455,1945,Civil Engineering 土木,Bachelor 學士
77837,77835,455,1945,Civil Engineering 土木,Bachelor 學士
77842,77841,455,1945,Civil Engineering 土木,Bachelor 學士
77846,77845,455,1945,Civil Engineering 土木,Bachelor 學士
77850,77849,455,1945,Civil Engineering 土木,Bachelor 學士
77854,77853,455,1945,Civil Engineering 土木,Bachelor 學士
77856,77855,455,1945,Civil Engineering 土木,Bachelor 學士
77860,77859,455,1945,Civil Engineering 土木,Bachelor 學士
77862,77861,455,1945,Civil Engineering 土木,Bachelor 學士
77868,77867,455,1945,Civil Engineering 土木,Bachelor 學士
77872,77871,455,1945,Civil Engineering 土木,Bachelor 學士
77878,77877,455,1945,Civil Engineering 土木,Bachelor 學士
77880,77879,455,1945,Civil Engineering 土木,Bachelor 學士
77885,77884,455,1945,Civil Engineering 土木,Bachelor 學士
77889,77888,455,1945,Civil Engineering 土木,Bachelor 學士
77893,77892,455,1945,Civil Engineering 土木,Bachelor 學士
77898,77897,455,1945,Civil Engineering 土木,Bachelor 學士
77900,77899,455,1945,Civil Engineering 土木,Bachelor 學士
77906,77905,455,1945,Civil Engineering 土木,Bachelor 學士
77911,77910,455,1945,Civil Engineering 土木,Bachelor 學士
77915,77914,455,1945,Civil Engineering 土木,Bachelor 學士
77919,77918,455,1945,Civil Engineering 土木,Bachelor 學士
77923,77922,455,1945,Civil Engineering 土木,Bachelor 學士
77927,77926,455,1945,Civil Engineering 土木,Bachelor 學士
77931,77930,455,1945,Civil Engineering 土木,Bachelor 學士
77933,77932,455,1945,Civil Engineering 土木,Bachelor 學士
77935,77934,455,1945,Civil Engineering 土木,Bachelor 學士
77939,77938,455,1945,Civil Engineering 土木,Bachelor 學士
77941,77940,455,1945,Civil Engineering 土木,Bachelor 學士
77946,77945,455,1945,Civil Engineering 土木,Bachelor 學士
77950,77949,455,1945,Civil Engineering 土木,Bachelor 學士
77955,77954,455,1945,Civil Engineering 土木,Bachelor 學士
77959,77958,455,1945,Civil Engineering 土木,Bachelor 學士
77965,77964,455,1945,Civil Engineering 土木,Bachelor 學士
77967,77966,455,1945,Civil Engineering 土木,Bachelor 學士
77972,77971,455,1945,Civil Engineering 土木,Bachelor 學士
77976,77975,455,1945,Chemical Engineering 化工,Bachelor 學士
77979,77978,455,1945,Chemical Engineering 化工,Bachelor 學士
77981,77980,455,1945,Chemical Engineering 化工,Bachelor 學士
77983,77982,455,1945,Chemical Engineering 化工,Bachelor 學士
77985,77984,455,1945,Chemical Engineering 化工,Bachelor 學士
77987,77986,455,1945,Chemical Engineering 化工,Bachelor 學士
77989,77988,455,1945,Chemical Engineering 化工,Bachelor 學士
77991,77990,455,1945,Chemical Engineering 化工,Bachelor 學士
77993,77992,455,1945,Chemical Engineering 化工,Bachelor 學士
77995,77994,455,1945,Chemical Engineering 化工,Bachelor 學士
77997,77996,455,1945,Chemical Engineering 化工,Bachelor 學士
77999,77998,455,1945,Chemical Engineering 化工,Bachelor 學士
78001,78000,455,1945,Chemical Engineering 化工,Bachelor 學士
