employer_id,employer_name,location_id,parent_id,parent_name
284,Chinese Government Purchasing Commission,125,NA,NA
290,Nanjing Republican Government,71,NA,NA
292,American Legation,410,NA,NA
294,Beijing Industrial Institute,82,NA,NA
302,"Chinese Delegation, Paris Peace Conference",159,NA,NA
309,Chinese Educational Mission,149,NA,NA
311,Chinese Embassy,166,NA,NA
330,湖南新化礦務局,67,NA,NA
373,津浦鐵路流浦口電廠,374,NA,NA
379,湖南水口山鉛鋅礦務局,67,NA,NA
390,九澧平民工廠,NA,NA,NA
394,省營黑鉛鍊廠冶鍊,NA,NA,NA
396,烘砂爐,NA,NA,NA
398,建設廳鑽探工程,NA,NA,NA
400,湖南鍊鋅廠,67,NA,NA
407,山海關橋梁工廠,NA,NA,NA
414,Hulan–Hailun Railway 呼海鐵路,13060,NA,NA
416,Nanjing–Wuhu Railway 江南鐵路公司,90,NA,NA
418,福州協測路,419,NA,NA
421,湘川公路,NA,NA,NA
434,德國北門機廠,121,NA,NA
439,上海馥亞電機公司,877,NA,NA
447,津浦鐵路濟韓,NA,NA,NA
463,東北無線電,NA,NA,NA
465,北京清河航空工廠,466,NA,NA
468,湖南第三汽車路局,67,NA,NA
472,湖南民生工廠,67,NA,NA
475,湖南高級工業職業學校,67,NA,NA
477,第四路軍總指揮部,NA,NA,NA
487,Westvaco Chlorine Products Co. (Westvaco Chlorine Co.),1387,NA,NA
489,Smith Agri. Chem. Products Co.,NA,NA,NA
492,上海天章造紙公司,877,NA,NA
494,南京軍醫署軍醫學校,90,NA,NA
503,Qingdao–Jinan Railway 膠濟鐵路,2331,NA,NA
510,瀋陽東北交通委員會,511,NA,NA
532,Hubei Construction Bureau 湖北建設廳,68,NA,NA
534,湖南省公路局,67,NA,NA
564,湖南第一紡織廠,67,NA,NA
574,粵漢鐵路機務,NA,NA,NA
576,廣州公用局,350,NA,NA
578,國民政府,NA,NA,NA
580,廣州第一製彈廠,350,NA,NA
588,上海拔拍葛鍋爐公司,877,NA,NA
606,成都四川鐵道學校,607,NA,NA
609,"成彭, 成康, 成簡各馬路局",607,NA,NA
611,四川省立工農兩學院,80,NA,NA
613,中央軍校成都分校,80,NA,NA
623,安徽水利工程處,60,NA,NA
629,直隸工業專校,NA,NA,NA
631,Jingxing Mining Bureau 井陘礦務局,632,NA,NA
634,正豐煤公司,632,NA,NA
636,宏福煤礦公司,NA,NA,NA
642,Military Affairs Commission 軍事委員會,90,NA,NA
663,京奉鐵路管理局唐山工程處,445,NA,NA
665,Chili River Commission 順直水利委員會,427,NA,NA
669,天津整理海河善後,427,NA,NA
687,Henan River Bureau 河南河務局,66,NA,NA
694,湖北大冶鐵鑛,NA,NA,NA
696,河北邢臺中學,NA,NA,NA
699,河北邢臺女子師範,68,NA,NA
701,河北鉅鹿建設局,63,NA,NA
703,河北簡易師範學校,63,NA,NA
716,Yellow River Commission 黃河水利委員會,717,NA,NA
731,足尾銅山,5574,NA,NA
734,小坂銅山,735,NA,NA
737,及九洲八幡製鐵所,738,NA,NA
740,山西學兵團,76,NA,NA
742,山西工業學校,743,NA,NA
745,陽泉保晉公司,746,NA,NA
748,壽陽保晉公司,749,NA,NA
757,國府救濟水災委員會,NA,NA,NA
761,全國經委會西北國營公路,NA,NA,NA
763,河北省建設廳,63,NA,NA
768,湖南沅江種移院,67,NA,NA
771,江西牯嶺工程局,70,NA,NA
778,Shandong Construction Bureau 山東建設廳,77,NA,NA
780,小清河工程委員會,NA,NA,NA
786,江蘇疏浚宜溧金丹,62,NA,NA
788,Zhejiang Water Conservancy 浙江水利局,999,NA,NA
790,江蘇疏浚陵口段運河工程事務所,51073,NA,NA
792,金溧路工程處,NA,NA,NA
830,沔縣寧漢公路,NA,NA,NA
832,Shaanxi Construction Bureau 陝西建設廳,2596,NA,NA
834,同官咸楡路,NA,NA,NA
847,第四路,NA,NA,NA
851,新寧鐵路,350,NA,NA
857,Taiyuan Munitions Factory 太原兵工廠,726,NA,NA
859,Shanxi Military Factory 山西軍人工藝實習廠,726,NA,NA
861,平津修械廠,NA,NA,NA
863,Northwest Industrial Company 太原西北實業公司,726,NA,NA
883,海軍魚雷槍礮學校,NA,NA,NA
885,閩廈警備司令部,886,NA,NA
888,福州無線電局,419,NA,NA
891,廈門無線電台,886,NA,NA
893,廈門海軍無線電台,886,NA,NA
895,廈門市公安局,886,NA,NA
915,"General, and Chevrolet Auto. Co.",NA,NA,NA
917,北平關稅,410,NA,NA
919,北平國府,410,NA,NA
921,寶隆公,NA,NA,NA
923,Harking Import Export Co 赫金公司,NA,NA,NA
925,Beijing Municipal Government 北平市政府,410,NA,NA
928,公共汽車管理處,NA,NA,NA
947,河北滹沱河灌溉,NA,NA,NA
970,中國酒精廠,NA,NA,NA
972,National Resources Commission 資源委員會,90,NA,NA
978,上海順昌鐵工廠,877,NA,NA
985,American Bridge Co.,1387,NA,NA
987,Northeastern University 東北大學,511,NA,NA
989,Wuhan University 武漢大學,356,NA,NA
991,北寧鐵路山海關工廠,NA,NA,NA
1007,武昌市政工程處,356,NA,NA
1019,滬寧滬甬鐵路,NA,NA,NA
1021,Guangxi Engineering Department 廣西建設廳,73,NA,NA
1023,平蒙公路總局,NA,NA,NA
1025,Jiangsu Construction Bureau 江蘇建設廳,71,NA,NA
1027,蚌埠市工務局,1028,NA,NA
1030,南京自來水工程處,90,NA,NA
1033,湖北省會工程處,356,NA,NA
1035,武昌市政處,1036,NA,NA
1044,Massachusetts Institute of Technology,144,NA,NA
1054,上海水泥廠,877,NA,NA
1058,Ministry of War 軍政部,90,NA,NA
1060,昆明泰山實業公司,556,NA,NA
1071,香港公和行,1072,NA,NA
1085,安徽水東鐵路局,60,NA,NA
1087,安徽烈山煤礦公司,60,NA,NA
1089,裕含煤礦,NA,NA,NA
1105,法國費府機車廠實習,NA,NA,NA
1108,北京工商部/北平工商部,410,NA,NA
1117,美國貝布利鋼鐵公司,NA,NA,NA
1119,漢陽鋼鐵廠,1120,NA,NA
1122,Shanghai Munitions Factory 上海兵工廠,877,NA,NA
1129,湖南南華女校教,67,NA,NA
1133,湖南機械廠,67,NA,NA
1135,Hunan Highway Bureau 湖南公路局,67,NA,NA
1141,Han Ye Ping Company 湖北漢冶萍公司,1120,NA,NA
1143,Anhui Construction Bureau 安徽建設廳,60,NA,NA
1145,山東礦,77,NA,NA
1147,省會電燈廠,NA,NA,NA
1150,福建德源礦業公司,NA,NA,NA
1152,廣西西灣煤場,NA,NA,NA
1155,湖南江華礦務局,NA,NA,NA
1157,廣東曲江富國煤礦公司,13364,NA,NA
1159,Yunnan University 雲南大學,81,NA,NA
1164,上海大昌建築公司,877,NA,NA
1176,濟南材料廠,1177,NA,NA
1179,浦口材料廠,71,NA,NA
1193,上海楊樹浦電廠,877,NA,NA
1196,上海南洋烟草公司,877,NA,NA
1198,上海羅森德洋行,877,NA,NA
1200,上海安利洋行,877,NA,NA
1202,大冶礦廠,382,NA,NA
1214,杭州閘口電廠,999,NA,NA
1223,江西第一職業學校,70,NA,NA
1238,天津無線電公司,427,NA,NA
1240,湖南建設廳專門,67,NA,NA
1242,四路總指揮部,NA,NA,NA
1244,Hunan University 湖南大學,590,NA,NA
1248,華蓋建築事務所,NA,NA,NA
1278,浙江省立湘湖師範,999,NA,NA
1280,安徽省立第四女子中學,60,NA,NA
1282,浙江省電話局,62,NA,NA
1284,浙江省建設廳,62,NA,NA
1295,Shanghai Power Company 上海電力公司,877,NA,NA
1297,中央機器製造廠,NA,NA,NA
1312,南京電燈廠,90,NA,NA
1314,江蘇省立工業學校,1315,NA,NA
1317,上海商務印書館,877,NA,NA
1319,上海鑄豐搪瓷公司,877,NA,NA
1321,Pootung Electricity Company 浦東電氣公司,1322,NA,NA
1326,上海銀行,92,NA,NA
1339,General Electric,146,NA,NA
1341,Philco,NA,NA,NA
1343,Stone & Webster Co.,1344,NA,NA
1349,萬縣水電廠,1350,NA,NA
1354,中央軍官學校成都分校,607,NA,NA
1385,Larkin Co.,74748,NA,NA
1389,Procter & Comble Co.,74749,NA,NA
1391,Miner Laboratories,12065,NA,NA
1393,五洲固本藥皂,NA,NA,NA
1398,Shanghai Public Utility Bureau 上海市公用局,877,NA,NA
1405,上海光華火油公司工,877,NA,NA
1407,上海合中企業公司,877,NA,NA
1418,浙江杭江水利局,62,NA,NA
1420,Zhejiang Highway Department 浙江公路局,62,NA,NA
1423,江南水利處,NA,NA,NA
1431,Henan Construction Department 河南建設廳,66,NA,NA
1496,工兵測探局,NA,NA,NA
1501,滬杭鐵路,NA,NA,NA
1504,山東天源煤礦,77,NA,NA
1507,浦鎮機廠,71,NA,NA
1510,上饒機廠,1511,NA,NA
1527,National Construction Commission 建設委員會,90,NA,NA
1541,Central University 中央大學,90,NA,NA
1547,江蘇淞江建設局,71,NA,NA
1550,上海楊錫鏐建築師事務所,877,NA,NA
1552,上海靜波建築事務所,877,NA,NA
1562,湖北沙市汽車站工程處,590,NA,NA
1571,Shanxi University 山西大學,726,NA,NA
1595,審計部上海市審計處,877,NA,NA
1600,新中公司,877,NA,NA
1610,湖北漢宣路,68,NA,NA
1648,錢塘江工程局,NA,NA,NA
1662,山西忻窰支線,76,NA,NA
1685,東京王子製紙株式會社,604,NA,NA
1688,山西晉恒造紙廠,76,NA,NA
1698,四川第四區專員公署,1434,NA,NA
1706,華新紗廠,NA,NA,NA
1718,福建閩江工程局,61,NA,NA
1721,莆田電廠,1714,NA,NA
1724,福建長樂蓮柄港溉田管理處,1725,NA,NA
1727,湘西電廠,NA,NA,NA
1735,寧波四明電話公司,1736,NA,NA
1738,紹興電話公司,909,NA,NA
1754,川康農田水利貸款委員會,1434,NA,NA
1760,軍委會營房設計委員會,NA,NA,NA
1763,安徽蚌埠市政籌備處,1028,NA,NA
1766,江南海塘工務處,NA,NA,NA
1774,南京客車房,90,NA,NA
1786,New York State Highway Department,146,NA,NA
1788,Dodge Bros Corporation,NA,NA,NA
1790,吳淞中國鐵工廠,877,NA,NA
1792,上海開灤煤礦碼頭,877,NA,NA
1794,上海大鑫鋼鐵工廠,877,NA,NA
1800,Westinghouse Elec. & Mfg. Co.,1801,NA,NA
1804,吳淞無線電報局,877,NA,NA
1806,寧波無線電報局,1736,NA,NA
1809,交通部商船學校,NA,NA,NA
1811,航務專員學校,NA,NA,NA
1813,中國無線電工程學校,NA,NA,NA
1815,國營招商局,NA,NA,NA
1820,Guangdong Construction Bureau 廣東建設廳,74,NA,NA
1843,南昌航空機械學校,522,NA,NA
1849,南洋荷屬爪哇茉莉芬糖廠,1850,NA,NA
1853,廣東硫酸蘇打廠,74,NA,NA
1855,資源委員會化工材料廠,NA,NA,NA
1860,Wilson Foundry,1387,NA,NA
1862,廣東硫酸廠,74,NA,NA
1865,廣州第四路軍軍墾煉礦廠,350,NA,NA
1879,Tsinghua (Qinghua) University 清華大學,410,NA,NA
1895,杭州飛機製造廠,999,NA,NA
1912,Hsiang Hua Electricity Company 上海翔華電氣公司,877,NA,NA
1914,桐城光明電氣公司,1227,NA,NA
1916,安徽省會電話局,60,NA,NA
1939,大連電車作業所,1940,NA,NA
1943,八幡製鋼所,NA,NA,NA
1947,奉天省長公署,64,NA,NA
1957,Sun Yat-sen University 中山大學,350,NA,NA
1960,奉天電燈廠,64,NA,NA
1963,Fengyong University 馮庸大學,511,NA,NA
1965,兵工廠兵工學校,NA,NA,NA
1967,奉天建設廳,64,NA,NA
1980,江岸機廠,1981,NA,NA
1998,南京僑務委員會,90,NA,NA
2017,中央軍官學校,NA,NA,NA
2019,江蘇省土地整理委員會,71,NA,NA
2021,鎮江縣政府土地局 (鎮江土地局),1618,NA,NA
2025,Beiyang University/Beiyang Technical Institute 北洋大學/北洋工學院,427,NA,NA
2044,上海英商電氣公司,877,NA,NA
2048,Chinese Engineering and Development Company 天津大昌實業公司,427,NA,NA
2056,天津工部局,427,NA,NA
2080,奉天電車,64,NA,NA
2083,Jilin–Hailong Railway 吉海鐵路,7874,NA,NA
2085,遼寧建設廳,64,NA,NA
2088,哈爾濱電報局,13060,NA,NA
2093,哈爾濱電話局,13060,NA,NA
2105,日本廣島瓦斯會社,2106,NA,NA
2108,東京電氣試驗所,604,NA,NA
2110,上海五和精鹽公司,877,NA,NA
2112,上海開成造酸公司,877,NA,NA
2117,上海亞洲電氣公司,877,NA,NA
2124,Diedrich 織染廠,159,NA,NA
2127,廣州市立師範學校,350,NA,NA
2129,廣東教育廳,350,NA,NA
2131,Guangdong Polytechnical College 廣東工專,350,NA,NA
2133,勷勤大學工學院教,350,NA,NA
2135,國華染織工廠,NA,NA,NA
2154,北平電台,410,NA,NA
2156,聯合電報,NA,NA,NA
2158,International Channel Shanghai 上海國際電台,877,NA,NA
2170,Jiangxi Polytechnical College 江西工業專門學校,70,NA,NA
2178,上海無線電台,877,NA,NA
2180,南京無線電台,90,NA,NA
2182,洛陽無線電台,2183,NA,NA
2185,四川無線電台,1434,NA,NA
2188,福州無線電台,419,NA,NA
2190,北平無線電台,410,NA,NA
2192,上海海關,877,NA,NA
2215,北京女子大學,410,NA,NA
2226,禪臣洋行,NA,NA,NA
2239,瑞士電氣公司,2240,NA,NA
2242,Esche Weiss 廠,NA,NA,NA
2245,Hangzhou Electric Power Plant 杭州電廠,999,NA,NA
2248,杭州電氣公司,999,NA,NA
2252,麗水分廠,2253,NA,NA
2257,日本東京電燈公司,604,NA,NA
2259,芝浦製造所,NA,NA,NA
2263,湖北實業司,68,NA,NA
2265,湖北工業學校,68,NA,NA
2268,武昌高師,356,NA,NA
2270,武昌師範大學,356,NA,NA
2273,湖北教育廳,68,NA,NA
2275,Jiji Hydroelectric Company 漢口既濟水電公司,2380,NA,NA
2283,上海法租界工部局,877,NA,NA
2285,安徽大學,1903,NA,NA
2287,廣東黃埔海軍學校,350,NA,NA
2299,皇姑屯機廠,NA,NA,NA
2322,Zhejiang Construction Bureau 浙江建設廳,62,NA,NA
2325,河北井陘礦廠,632,NA,NA
2330,青島市自來水廠,2331,NA,NA
2358,箇舊錫務公司,NA,NA,NA
2360,富滇銀行,NA,NA,NA
2362,雲南實業廳,NA,NA,NA
2364,昆明富田新銀行,556,NA,NA
2366,雲南省政府,81,NA,NA
2373,Standard Telephones & Cables Ltd.,125,NA,NA
2376,上海無線電總台,877,NA,NA
2379,漢口電報局,2380,NA,NA
2382,汕頭無線電話台,2383,NA,NA
2396,杭州蕙蘭中學,999,NA,NA
2398,蘇州晏成中學,1315,NA,NA
2401,University of Nanking 南京金陵大學,90,NA,NA
2403,滬江大學,877,NA,NA
2405,常州中學,2406,NA,NA
2408,東吳大學,23132,NA,NA
2414,南通紡織專門學校,562,NA,NA
2416,Ministry of Finance 財政部,90,NA,NA
2441,西北實業公司製紙廠,NA,NA,NA
2447,上海天利淡氣廠,877,NA,NA
2453,浦信鐵路,NA,NA,NA
2455,黑龍江第一中學,65,NA,NA
2457,Zhoujiakou–Xiangyang Railway 周襄鐵路,410,NA,NA
2459,閩江濬河局,61,NA,NA
2461,北京市政公署,410,NA,NA
2466,閩江縂局,61,NA,NA
2468,閩江工程處,61,NA,NA
2474,Ministry of Economy 經濟部,1270,NA,NA
2476,宜賓電廠籌備處,2477,NA,NA
2485,東省鐵路,NA,NA,NA
2487,紀延齡工程事務所,NA,NA,NA
2495,河南鄭州電報局,2496,NA,NA
2501,Zhejiang University 浙江大學,999,NA,NA
2503,高工機械科,NA,NA,NA
2513,Liaoning–Hailong Railway 奉海鐵路/瀋海鐵路,511,NA,NA
2518,山東運河工程局,1177,NA,NA
2551,國際電台,NA,NA,NA
2553,煙臺長短波無線電台,NA,NA,NA
2555,廈門電報局,886,NA,NA
2574,日本染料工廠,258,NA,NA
2576,日本帝大研究室,258,NA,NA
2578,八幡製鐵所,258,NA,NA
2587,Shanghai Central Mint 上海中央造幣廠,877,NA,NA
2591,杭州造紙廠,999,NA,NA
2593,上海中華造船廠,877,NA,NA
2595,西安機器局,2596,NA,NA
2598,中孚染織廠,NA,NA,NA
2600,湖北省公路局,68,NA,NA
2604,Siemens Co.,121,NA,NA
2613,Kwang Hua University 光華大學,877,NA,NA
2615,上海西門子洋行,877,NA,NA
2617,National Defense Planning Commission 國防設計委員會,90,NA,NA
2620,Ministry of Communications 交通部,NA,NA,NA
2628,日本遞信省,258,NA,NA
2631,青島電報局,2331,NA,NA
2646,威海衞管理公署,NA,NA,NA
2650,上海新通公司,877,NA,NA
2652,大公職業學校,NA,NA,NA
2655,首都電廠助理,90,NA,NA
2663,京畿水災河工督辦處,NA,NA,NA
2667,包寧鐵路,NA,NA,NA
2675,揚子建業公司,NA,NA,NA
2681,Chengdu–Chongqing Railway 成渝鐵路,1270,NA,NA
2687,杭州武林鐵工廠,999,NA,NA
2689,臨城煤礦,2690,NA,NA
2692,柳江煤礦,2693,NA,NA
2698,浙江省立甲種學校,62,NA,NA
2712,Beiping University 北平大學,410,NA,NA
2714,中國大學,NA,NA,NA
2716,平民大學,NA,NA,NA
2718,中國公學,NA,NA,NA
2742,Zhongyuan Coal Mine Company 河南李河中原煤礦公司,3074,NA,NA
2750,Metropolitan-Vickers Elec. C.,125,NA,NA
2759,福建公用局,61,NA,NA
2761,衡陽電廠,459,NA,NA
2763,安徽省立第一職校汽車科,60,NA,NA
2766,河南鞏縣兵工廠,1002,NA,NA
2768,藝徒學校教務,NA,NA,NA
2770,製磚所,NA,NA,NA
2792,綏遠五原屯墾督辦公署,NA,NA,NA
2800,秦皇島柳江煤礦,2801,NA,NA
2804,山西保晉公司,76,NA,NA
2806,察哈爾建設廳,13060,NA,NA
2808,復州灣煤礦局,NA,NA,NA
2810,山西渾源中學,2797,NA,NA
2827,Qiangtan River Bridge Engineering Department 錢塘江橋工程處,999,NA,NA
2833,陝西華洋,78,NA,NA
2845,北平研究院,410,NA,NA
2851,廣西工程專門學校,73,NA,NA
2867,綏遠建設廳,96,NA,NA
2871,漢口無線電話台,2380,NA,NA
2896,北平故宮博物院,410,NA,NA
2903,福建長樂縣溉田,1725,NA,NA
2934,中福礦務大學,NA,NA,NA
2939,河南省度量衡檢定所,66,NA,NA
2948,Agfa,121,NA,NA
2953,大同大學,877,NA,NA
2955,上海聯益化學工程事務所,877,NA,NA
2957,同德醫學院,2958,NA,NA
2960,星光照相化學廠,NA,NA,NA
2962,德商愛禮司洋行,NA,NA,NA
2989,藝員養成所,NA,NA,NA
2994,廣水機務分段,2995,NA,NA
3006,Wuchang Hydroelectric Power 武昌水電廠,1036,NA,NA
3026,濟南電燈公司,1177,NA,NA
3028,濟南市社會局,1177,NA,NA
3039,河南鎮平工藝學校,3040,NA,NA
3047,嶺南大學,1072,NA,NA
3063,Ateliers de Constructions Electriques de Charleroi,3064,NA,NA
3066,英中國使館,3067,NA,NA
3070,總機廠,NA,NA,NA
3087,North China Water Conservancy Commission 華北水利委員會,427,NA,NA
3093,Shandong University 山東大學,1177,NA,NA
3098,新嘉坡總領事,3099,NA,NA
3104,名古屋鐵路局,3105,NA,NA
3109,漢口市政府,2380,NA,NA
3111,湖北水利局,68,NA,NA
3125,Hunan Construction Bureau 湖南建設廳,67,NA,NA
3127,湖南第一紡紗廠,67,NA,NA
3129,川康藏電政管理局,NA,NA,NA
3141,上海中華無線電研究社,877,NA,NA
3149,Chinese Engineering and Mining Company 開灤礦務局,445,NA,NA
3161,蘇州中元造紙試驗所,1315,NA,NA
3163,K. V. P.,1387,NA,NA
3167,濟南華興造紙廠,1177,NA,NA
3170,永利錏廠,4297,NA,NA
3178,開封兵工廠,717,NA,NA
3180,濟南槍彈廠,1177,NA,NA
3188,浙江青田鉬礦,3189,NA,NA
3208,Pullman Car & Mfg. Corp.,1387,NA,NA
3221,國金山鐵廠,NA,NA,NA
3245,成都工專,607,NA,NA
3247,成都高等師範,607,NA,NA
3249,太倉第四中學,2641,NA,NA
3251,常熟縣立中學,807,NA,NA
3253,孝友中學,807,NA,NA
3260,美國愛列斯卻而毛史機器製造公司,1387,NA,NA
3262,"Anderson, Meyer & Co. 上海慎昌洋行",877,NA,NA
3264,九江永興紗廠電氣,3265,NA,NA
3268,無錫廣勤紡織公司,1664,NA,NA
3278,南京電報局,90,NA,NA
3287,紐約城市政衞生工程公司,146,NA,NA
3289,紐約城克羅建築公司,146,NA,NA
3294,南洋路礦學校,877,NA,NA
3301,安徽橋工局,60,NA,NA
3304,江蘇公路局,71,NA,NA
3308,湖南行營公路處,67,NA,NA
3317,北平自來水公司,410,NA,NA
3340,九江無線電台,3265,NA,NA
3343,廣州無線電台,350,NA,NA
3345,曲江電報局,NA,NA,NA
3353,雲南工業學校,81,NA,NA
3355,第一師範學校,NA,NA,NA
3357,高級中學校,NA,NA,NA
3361,雲南東川礦業公司,3362,NA,NA
3369,江西陶業學校,70,NA,NA
3371,江西陶業試驗所,70,NA,NA
3373,Jiangxi Reconstruction Bureau 江西建設廳,70,NA,NA
3375,江西陶業管理局,31565,NA,NA
3384,山東濟南工業試驗所,1177,NA,NA
3386,山東工專,77,NA,NA
3389,山東工業試驗所,77,NA,NA
3391,汕頭市政府,2383,NA,NA
3393,廣東工業專校,74,NA,NA
3395,廣東第一中學校,74,NA,NA
3397,廣東鹽務總處,74,NA,NA
3400,廣東寧水土布公司,74,NA,NA
3417,中央杭州電機製造廠,999,NA,NA
3427,江西公路,70,NA,NA
3440,Hanyang Arsenal 漢陽兵工廠,1120,NA,NA
3442,上海益中機器廠,877,NA,NA
3444,長沙湖南黑鋁煉廠,590,NA,NA
3446,華陰兵工廠,3447,NA,NA
3455,英國費克斯飛機製造廠,NA,NA,NA
3457,北京航空署,410,NA,NA
3459,山東航空教練所,77,NA,NA
3461,山東航空處,77,NA,NA
3463,東北航空處,NA,NA,NA
3465,洛陽航空,2183,NA,NA
3481,美國紐約薩洛球司城道路工程局,146,NA,NA
3510,湖北武英公路,NA,NA,NA
3512,湖北省道漢鄂襄養路,68,NA,NA
3514,湖北救災備荒委員會,68,NA,NA
3518,Shanxi Polytechnical College 山西工業專校,743,NA,NA
3522,湖南兵工廠,68,NA,NA
3543,Shanghai Public Works Department 上海市工務局,877,NA,NA
3551,G. E. C.,3552,NA,NA
3556,上海中華聯合工程會計事務所,877,NA,NA
3557,安徽皖西各路,60,NA,NA
3559,宜昌電廠,3560,NA,NA
3566,蕪南電廠,NA,NA,NA
3572,遼寧省政府,64,NA,NA
3579,教育部東北靑年教育救濟處,NA,NA,NA
3583,大沽造船廠,427,NA,NA
3595,Pennsylvania Railroad,135,NA,NA
3598,山東天源煤礦公司,77,NA,NA
3600,遼寧禮和洋行華,64,NA,NA
3602,天津安利洋行,427,NA,NA
3604,捷隆洋行汽車部,NA,NA,NA
3614,河南開封水利局,717,NA,NA
3648,青島港務局,2331,NA,NA
3650,高密光明電燈公司,3645,NA,NA
3652,博東悅昇煤礦公司,NA,NA,NA
3677,北平督辦全國兵工署,410,NA,NA
3679,北平陸軍部,410,NA,NA
3681,漢冶鐵廠礦公司,NA,NA,NA
3683,河北鞏縣兵工廠槍廠,1002,NA,NA
3697,蕪湖皖省鐵路公司,NA,NA,NA
3700,皖路公司,60,NA,NA
3702,蕪湖關監督署,3703,NA,NA
3705,廣東肇慶都司令部,3706,NA,NA
3714,美國勿蘭斯威工廠,1387,NA,NA
3717,上海茂和洋行,877,NA,NA
3719,廈門華興建築,886,NA,NA
3734,貴州建設廳,75,NA,NA
3757,濟南電話公司,1177,NA,NA
3759,博山電話公司,3760,NA,NA
3762,濟寧電話公司,3763,NA,NA
3776,Suzhou Telephone Office 蘇州電話局,1315,NA,NA
3778,江西電政管理局,70,NA,NA
3793,Columet & Hechler Mining Co.,1387,NA,NA
3795,Bethlehem Steel Co.,39281,NA,NA
3798,永利化學工業公司,NA,NA,NA
3808,陝西富平立誠初級中學,3809,NA,NA
3814,杭州中央飛機製造廠,999,NA,NA
3823,Beijing Public Works Department 北平市工務局,410,NA,NA
3845,蚌埠機務分段,1028,NA,NA
3849,常德鼎新電燈公司,402,NA,NA
3873,齋堂煤礦,NA,NA,NA
3875,中興礦局,NA,NA,NA
3877,中英公司,NA,NA,NA
3880,山西設計審查會,76,NA,NA
3882,北平成達初級中學,410,NA,NA
3888,五省市交通委員,NA,NA,NA
3890,全國公路交通委員會,NA,NA,NA
3894,公路管理局,NA,NA,NA
3896,交通管理股,NA,NA,NA
3909,中國製釘公司,877,NA,NA
3947,倫敦狄金生造紙廠,3067,NA,NA
3949,漢口福興漂染廠,2380,NA,NA
3951,常州通成紗廠,2406,NA,NA
3953,卜內門洋碱公司,NA,NA,NA
3957,五豐染織廠,NA,NA,NA
3959,上海光明染織廠,877,NA,NA
3972,Central Military Academy 中央陸軍軍官學校,90,NA,NA
3986,Anhui Highway Department 安徽公路局,60,NA,NA
4011,上海永安紡織公司,877,NA,NA
4020,德國克魯沙化學工廠,121,NA,NA
4022,巴登省蘇打工廠實習,4023,NA,NA
4026,哈爾濱厚生製革公司,13060,NA,NA
4028,中央陸地測量學校,NA,NA,NA
4030,軍委會總顧問辦公廳,NA,NA,NA
4037,Tongji University 同濟大學,877,NA,NA
4045,河北中學,63,NA,NA
4074,陝西第二中學,78,NA,NA
4097,上海漢藜公司鍾靈印字機製造廠,877,NA,NA
4099,上海仲明機器廠,877,NA,NA
4103,西北國營公路管理局,NA,NA,NA
4109,上海久勝洋行,877,NA,NA
4111,上海開能達公司,877,NA,NA
4113,漢口市公共汽車管理處,2380,NA,NA
4115,漢口市天祥洋行,2380,NA,NA
4117,大冶利華煤礦公司,382,NA,NA
4140,宜興中學,1630,NA,NA
4142,寧波效實中學,1736,NA,NA
4146,武進縣政府,965,NA,NA
4159,浙江省道,62,NA,NA
4166,英國煤礦,125,NA,NA
4168,德國五金礦廠,121,NA,NA
4170,山東礦務,77,NA,NA
4172,淄博章礦政局,4173,NA,NA
4175,山東財政廳礦務,77,NA,NA
4177,嶧沂礦政局,77,NA,NA
4179,山東礦業專門學校,77,NA,NA
4181,山東化分礦質局,77,NA,NA
4184,山東即墨永明重晶石礦,77,NA,NA
4203,永利製鹼公司,NA,NA,NA
4216,興寳煤礦公司,NA,NA,NA
4218,河北礦業監理委員會,63,NA,NA
4230,大同保晉礦務分公司,NA,NA,NA
4237,桂林廣西紡織機械廠,4238,NA,NA
4244,Mc Clintic Marshall Steel Construction Co,1387,NA,NA
4260,G. E. Mfg. Co.,1387,NA,NA
4275,熱河北票煤礦公司,4276,NA,NA
4294,G. E. 電廠,1387,NA,NA
4296,六合永利化學工業公司,4297,NA,NA
4311,湘黔公路,NA,NA,NA
4323,Central Broadcast Administration 中央廣播事業管理處,90,NA,NA
4336,法國羅瓦機械廠,159,NA,NA
4340,巴黎無線電總公司,1948,NA,NA
4343,開灤礦務局林西礦,4345,NA,NA
4357,Thomas 鋼鐵公司,1387,NA,NA
4359,南京秣陵關勘礦事務所,90,NA,NA
4363,國民政府救濟水災委員會,NA,NA,NA
4365,經濟委員會工程處,NA,NA,NA
4380,參謀本部電雷學校,NA,NA,NA
4384,江蘇電政管理局,71,NA,NA
4389,中央警官學校,NA,NA,NA
4396,南京江寧學務公所,90,NA,NA
4403,江蘇興化縣局,4407,NA,NA
4409,雲南全省公路總局,81,NA,NA
4411,寳應縣建設局,4412,NA,NA
4417,沐陽縣建設局,71,NA,NA
4421,江蘇揚州中學,4423,NA,NA
4440,上海中國建築公司,877,NA,NA
4457,重慶煉鋼廠,1270,NA,NA
4484,廣州中央軍校,350,NA,NA
4486,建委會無線電管理處上海台,877,NA,NA
4489,陝西機器局,78,NA,NA
4491,徐州電台,4492,NA,NA
4494,廈門總台,886,NA,NA
4496,真茹國際發報台,4497,NA,NA
4499,上海國際台,877,NA,NA
4501,昆明國際支台,556,NA,NA
4511,Jiaozuo College of Engineering 焦作工學院,3074,NA,NA
4517,美國斯東公司,1387,NA,NA
4519,美國吼斯飛機廠,1387,NA,NA
4521,美國電根打字機公司,1387,NA,NA
4534,南通學院,562,NA,NA
4539,湖南益陽鞏縣兵工廠,4540,NA,NA
4547,重慶華西興業公司,1270,NA,NA
4557,Zhangzhou–Xiamen Railway 漳廈鐵路,886,NA,NA
4559,漳州浚河局,4561,NA,NA
4563,福州交通司路,419,NA,NA
4566,順粵漢鐵,NA,NA,NA
4568,國際義賑會,NA,NA,NA
4574,東方大港,NA,NA,NA
4578,中國石公司,877,NA,NA
4586,Nankai University 南開大學,427,NA,NA
4605,國立編譯館,90,NA,NA
4611,Racquette River 造紙廠,4612,NA,NA
4622,河南水利委員會,66,NA,NA
4630,Telefunken Co. (Telefunken Gesellschaft),432,NA,NA
4632,瀋陽東北無線電,511,NA,NA
4634,哈爾濱電台,13060,NA,NA
4640,東北電信,NA,NA,NA
4653,河南電政管理局,66,NA,NA
4655,陝西電政管理局,78,NA,NA
4657,陝西省電線工務處,78,NA,NA
4659,固肅工務處,NA,NA,NA
4661,鄭固工務處,NA,NA,NA
4664,許昌電報局,4665,NA,NA
4672,山西育材機器廠,76,NA,NA
4674,山西晉煤公運局,76,NA,NA
4685,Junkers 廠,121,NA,NA
4687,Junkers 飛機廠駐滬代表,877,NA,NA
4689,Central Aviation School 中央航空學校,90,NA,NA
4691,National Aviation Committee 航空委員會,90,NA,NA
4697,上海華商水泥公司,877,NA,NA
4706,Fudan University 復旦大學,877,NA,NA
4708,東華大學,877,NA,NA
4730,河南地政處,66,NA,NA
4737,Pittsburg Locomotive Co.,1801,NA,NA
4739,New York Central Railroad,8693,NA,NA
4741,上海浦東中學,1322,NA,NA
4743,上海揚子建業公司,877,NA,NA
4747,江南水泥廠,90,NA,NA
4769,津浦鐵路浦口電廠,374,NA,NA
4771,含山縣通俗教育演講所,4762,NA,NA
4781,山東水利局,77,NA,NA
4783,江蘇清江浦水利局,3839,NA,NA
4799,虞秉烈建築師,NA,NA,NA
4819,中湘煤礦公司,NA,NA,NA
4821,資委源員會臨時鍊銅廠,NA,NA,NA
4831,參謀本部陸地測量學校,NA,NA,NA
4837,大豐煤礦公司,37586,NA,NA
4851,江蘇省立醫科大學,71,NA,NA
4853,江蘇省立第二女子師範,71,NA,NA
4855,江西省立中山大學,70,NA,NA
4857,同濟大學附屬機師學校,NA,NA,NA
4862,京湘鐵路,NA,NA,NA
4876,京貴鐵路,NA,NA,NA
4896,Dodge Auto. Co.,199,NA,NA
4898,米西根省汽車學校,199,NA,NA
4900,National Labor University 國立勞働大學,877,NA,NA
4902,中華職業學校,NA,NA,NA
4904,上海華光汽車公司,877,NA,NA
4911,天廚味精廠,NA,NA,NA
4928,唐山開灤礦局,445,NA,NA
4931,高麗稷山金礦,NA,NA,NA
4933,江蘇江淮水利測量局,71,NA,NA
4936,Zhongxing Coal Mining Company 山東嶧縣中興煤礦公司,4937,NA,NA
4939,安徽水東官礦廠,60,NA,NA
4941,江蘇松海塘工程處,71,NA,NA
4943,鎮江自來水公司,1618,NA,NA
4955,Rochester Railway Signals Co.,1387,NA,NA
4957,廣西柳慶公路總局,73,NA,NA
4964,廣西農村建設試辦區,73,NA,NA
4966,廣西省政,NA,NA,NA
4970,Xufu–Kunming Railway 敘昆鐵路,556,NA,NA
4985,江西省立工專,70,NA,NA
4987,江西第三中學,70,NA,NA
5001,Guangxi University 廣西大學,4238,NA,NA
5008,Guangzhou Public Works Department 廣州市工務局,350,NA,NA
5010,交通部鐵道部,NA,NA,NA
5013,南寧市政工程處,4422,NA,NA
5025,梧州交通部電報局,4962,NA,NA
5027,清遠交通部電報局,5028,NA,NA
5030,黃埔交通部電報局,5031,NA,NA
5033,佛山交通部電報局,5034,NA,NA
5037,東莞交通部電報局,1817,NA,NA
5043,黃埔中央軍事政治學校,5031,NA,NA
5045,梧州電話局,4962,NA,NA
5047,整理廣東全省電報線路委員會,74,NA,NA
5051,廣東電政管理局,74,NA,NA
5061,大冶鋼鐵廠,382,NA,NA
5064,濟南機務,1177,NA,NA
5066,香港華茶公司,1072,NA,NA
5069,上海華業公司,877,NA,NA
5115,武昌市政府,1036,NA,NA
5122,廣東石井兵工廠,74,NA,NA
5124,湖南黑鉛鍊廠,67,NA,NA
5126,國民革命軍,NA,NA,NA
5128,江右軍總指揮部,NA,NA,NA
5139,連雲市市政籌備處,5141,NA,NA
5147,U. S. Steel Company,1387,NA,NA
5150,Columbia University,146,NA,NA
5152,山西育才鍊鋼廠,76,NA,NA
5154,民生鍊鐵機器,NA,NA,NA
5156,太原西北鍊鋼廠,726,NA,NA
5174,Dorman,125,NA,NA
5176,Long Steel Company,1387,NA,NA
5179,砲兵技術研究處,NA,NA,NA
5184,商務印書館,410,NA,NA
5189,山東恩縣縣政府,4082,NA,NA
5193,Nanchang Municipal Committee 南昌市政委員會,522,NA,NA
5200,北京工業大學,410,NA,NA
5204,Ministry of Industry 實業部,90,NA,NA
5220,長春電話局,755,NA,NA
5223,吉林電話局,72,NA,NA
5236,上海華西興業公司,877,NA,NA
5255,北平女子中學校,410,NA,NA
5257,協成建築公司,NA,NA,NA
5264,美國亞倫斯卻發斯機器製造公司,1387,NA,NA
5267,Jardine Matheson 上海怡和機器公司,877,NA,NA
5271,湖北電政管理局,68,NA,NA
5277,法國汽車,159,NA,NA
5279,法國飛機,159,NA,NA
5286,磁縣中和煤礦,5287,NA,NA
5289,磁縣致和煤礦,5287,NA,NA
5299,Edison Elec. Co.,1387,NA,NA
5307,上海亞細亞火油公司,877,NA,NA
5311,華通電業機器廠,NA,NA,NA
5319,漢口隆昌染織廠,2380,NA,NA
5338,上海江南製紙公司,877,NA,NA
5342,湖北鄂東省道工程處,68,NA,NA
5351,修濬閩江總局,NA,NA,NA
5353,閩江工程委員會,NA,NA,NA
5366,日本東京帝國大學,604,NA,NA
5370,省立第一甲種工業學,NA,NA,NA
5372,Sichuan University 四川大學,607,NA,NA
5374,重慶市商品檢驗所,1270,NA,NA
5381,民國大學,410,NA,NA
5383,重慶南岸中學,1270,NA,NA
5385,二十四軍武器修理所,NA,NA,NA
5387,資源委員會資中酒精廠,429,NA,NA
5409,宣洛煤礦,77,NA,NA
5411,四灤煤礦,NA,NA,NA
5416,西灣煉錫廠,NA,NA,NA
5424,Huai River Water Conservancy 導淮委員會,90,NA,NA
5442,建築部,NA,NA,NA
5449,Zhejiang Telephone Bureau 浙江電話局,62,NA,NA
5454,杭州工業專門學校,999,NA,NA
5460,軍政部交通技術教練所,NA,NA,NA
5469,齋堂礦務局,NA,NA,NA
5484,安徽工業學校,60,NA,NA
5486,第一中學校,NA,NA,NA
5495,杭州自來水籌備委員會,999,NA,NA
5499,上海郵政儲金匯業總局,877,NA,NA
5512,美國意里諾愛鋼鐵公司,1387,NA,NA
5517,英商安利洋行,NA,NA,NA
5519,華北機器五金部,NA,NA,NA
5524,國民經濟建設運動委員會,NA,NA,NA
5532,石井兵工廠審檢處,NA,NA,NA
5538,Ministry of Railways 鐵道部,90,NA,NA
5540,新路建設委員會,NA,NA,NA
5550,安徽饅頭山煤礦,60,NA,NA
5559,株萍鐵路,388,NA,NA
5563,京都市政,2585,NA,NA
5566,江蘇土地整理委員會,1618,NA,NA
5571,日本日立銅礦,258,NA,NA
5573,足尾銅礦,5574,NA,NA
5576,尾去澤銅礦,258,NA,NA
5578,小阪銅礦,5579,NA,NA
5581,夕張煤礦,5582,NA,NA
5584,入山煤礦,NA,NA,NA
5586,崎戶煤礦,5587,NA,NA
5592,湖南香花嶺礦務局,67,NA,NA
5594,實業部礦業,NA,NA,NA
5599,Jiangxi Hydraulic Department 南昌江西水利局,522,NA,NA
5603,上海郵務局,877,NA,NA
5611,美國波斯頓斯斗脫文廠,1387,NA,NA
5613,斯斗脫衣廠,NA,NA,NA
5617,南洋兄弟煙草公司,NA,NA,NA
5620,重慶市電力廠,1270,NA,NA
5624,河南衞輝華新紡織公司,66,NA,NA
5632,Baldwin Loco. Works,1387,NA,NA
5636,閘口機廠,5637,NA,NA
5640,機車裝配工場,NA,NA,NA
5654,空軍軍官學校,NA,NA,NA
5656,四川彭縣銅礦籌備處,4824,NA,NA
5668,Zhong Fu Company 河南焦作中福煤礦公司,3074,NA,NA
5678,江蘇第一農業學校,71,NA,NA
5693,應城縣道委員會,5688,NA,NA
5703,美國 Arizona 銅礦公司,113,NA,NA
5706,廣東韶關土猪嶺煤,5707,NA,NA
5709,香港城門水塘馬克敦公司,1072,NA,NA
5716,廣東欽州裕欽錳礦,5718,NA,NA
5720,江西樂平錳礦,795,NA,NA
5723,漢口商品檢驗局,2380,NA,NA
5728,裕甡公司,NA,NA,NA
5742,湖北鍊鋼廠,68,NA,NA
5744,水口山礦局,NA,NA,NA
5746,楚怡工業專門學校,590,NA,NA
5748,平江金礦,1004,NA,NA
5750,塘沽永利製鹼廠,5751,NA,NA
5764,Liers 糖廠化驗,2753,NA,NA
5766,Cockeul 鍊鋼廠,2753,NA,NA
5768,Longdo 鍊鋼廠,2753,NA,NA
5770,重慶國軍第二十一軍部建設,1270,NA,NA
5772,重慶第二女師校,1270,NA,NA
5774,吉昌鐵號,NA,NA,NA
5776,國醫藥館,NA,NA,NA
5789,太原古城發電廠,726,NA,NA
5794,華商上海水泥廠,877,NA,NA
5796,中國水坭廠,NA,NA,NA
5798,上海拔柏葛鍋爐公司,877,NA,NA
5807,大冶象鼻山鐵礦,382,NA,NA
5812,滬寧鐵路,NA,NA,NA
5828,湖北中學,68,NA,NA
5838,浙江水利工程處,62,NA,NA
5844,E. I. du Pont de Nemouist Co.,1387,NA,NA
5846,Van Tassel Tanning Co.,1387,NA,NA
5849,Duralith Corporation,1387,NA,NA
5853,廣州自來水管理委員會,350,NA,NA
5855,廣東工業試驗所,74,NA,NA
5868,漢宜鐵路,NA,NA,NA
5870,順直水委會,NA,NA,NA
5872,華北水委會,NA,NA,NA
5895,遼寧東北無線電長途電話監督處,64,NA,NA
5897,東北電政管理局,NA,NA,NA
5900,交通部天津無線電總台,NA,NA,NA
5909,開封河南地質調查所,717,NA,NA
5914,美國煤油研究社,1387,NA,NA
5921,河北開平礦務公司,1857,NA,NA
5923,河北礦政調查局,63,NA,NA
5925,Lincheng Mining Affairs Bureau 河北臨城礦務局,2690,NA,NA
5927,北平中央煤礦公司,410,NA,NA
5942,青島無線電總台,2331,NA,NA
5962,上海濬浦總局,877,NA,NA
5967,衞生署,NA,NA,NA
5974,上海緯通紗廠,877,NA,NA
5982,天津商品檢驗局,427,NA,NA
6014,郾城董莊堵口工程處,6015,NA,NA
6026,山東高等學堂,77,NA,NA
6028,山東礦業專校,77,NA,NA
6030,山東修治水陸省道籌備處,77,NA,NA
6033,膠澳商埠,NA,NA,NA
6035,山東全省路政局,77,NA,NA
6049,安徽官礦,60,NA,NA
6060,神戶三麥造船所,6058,NA,NA
6069,廣州市新電力廠籌備處,350,NA,NA
6105,安徽省會科學館,60,NA,NA
6116,萍鄉礦務局,388,NA,NA
6120,吉林農商部,72,NA,NA
6122,吉林實業廳,72,NA,NA
6124,宣化龍烟鐵礦公司,1299,NA,NA
6126,江蘇江北運河工程局,71,NA,NA
6130,徐州上海華東煤礦公司,71,NA,NA
6143,瑞商 Rube 廠申廠,NA,NA,NA
6157,太原新化化學工廠,726,NA,NA
6159,太原製造廠,726,NA,NA
6173,Hebei Polytechnical College 河北工業學院,63,NA,NA
6180,濟南兵工廠,1177,NA,NA
6209,香港美爾頓大學,1072,NA,NA
6217,太原育才煉鋼廠,726,NA,NA
6219,太原民生煉鋼機器廠,726,NA,NA
6221,山西平定中學,4394,NA,NA
6227,南京市土地局,90,NA,NA
6246,河南焦作煤礦,3074,NA,NA
6263,浙江電政管理局,62,NA,NA
6274,長樂溉田局,1725,NA,NA
6276,上海歐亞航空公司,877,NA,NA
6284,軍委會交通處,NA,NA,NA
6287,重慶委員長行營交通處,1270,NA,NA
6294,湖北省政府視察室,63,NA,NA
6308,無錫麗新布廠原動部,1664,NA,NA
6314,Nanjing Electric Power Plant 首都電廠,90,NA,NA
6317,Turin 航空專修院,6318,NA,NA
6324,重慶川東聯合工業學校,1270,NA,NA
6326,北川鐵路,NA,NA,NA
6329,江北建設局,2165,NA,NA
6331,江北鄉村電話管理處,2165,NA,NA
6333,重慶江合協記煤礦公司,1270,NA,NA
6348,揚子江防汎委員會,NA,NA,NA
6350,Henan University 河南大學,717,NA,NA
6358,山西省政建設,76,NA,NA
6364,四川北川鐵路公司,6365,NA,NA
6367,怡泰煤礦公司,NA,NA,NA
6369,江合煤礦公司,NA,NA,NA
6377,津浦鐵路膝縣工務分段,NA,NA,NA
6399,大成建築公司,NA,NA,NA
6410,天津中國銀行,427,NA,NA
6414,湖北宜昌第四中學,3560,NA,NA
6423,Yenching University 燕京大學,410,NA,NA
6426,上海貝德生洋行,877,NA,NA
6428,Wisconsin Highway Department,277,NA,NA
6430,福建公路,61,NA,NA
6443,河南李河煤礦,6444,NA,NA
6446,王封煤礦,NA,NA,NA
6463,上海楓林橋國際支電台,877,NA,NA
6470,法國製革廠,159,NA,NA
6474,L'Université Franco-Chinoise 中法大學,410,NA,NA
6476,上海德威洋行,877,NA,NA
6478,Institut Technique Franco-Chinois de Shanghai 中法國立工學院,877,NA,NA
6486,長沙中學,590,NA,NA
6491,北京電氣工業學校,410,NA,NA
6493,湖北老河口電燈公司,6494,NA,NA
6496,漢口泰安紗廠,2380,NA,NA
6498,湖北第三中學,68,NA,NA
6500,武漢市政委員會,356,NA,NA
6527,天津造幣廠,427,NA,NA
6540,日本東京工業大學,604,NA,NA
6546,漢口市公用局,2380,NA,NA
6548,漢口市警察局,2380,NA,NA
6558,青島亞州商行,2331,NA,NA
6568,Henan Water Conservancy College 河南水利工專,66,NA,NA
6577,上海工部局,877,NA,NA
6579,福州電氣公司,419,NA,NA
6581,Three Eastern Provinces Munitions Factory 遼寧東三省兵工廠,64,NA,NA
6596,吳縣建設局,1079,NA,NA
6599,東三省陸軍整理處工務處,NA,NA,NA
6601,六合縣建設局,4297,NA,NA
6603,東三省無線電總台,NA,NA,NA
6610,全國廣播無線電公司,NA,NA,NA
6627,雲南壘允南畹河橋工處,81,NA,NA
6638,龍溪河水力發電廠,1434,NA,NA
6643,China Electric 上海中國電氣公司,877,NA,NA
6645,廣州自動電話管理委員會,350,NA,NA
6654,南昌電話局,522,NA,NA
6656,江蘇省政府,71,NA,NA
6669,濟南電氣公司,1177,NA,NA
6672,山東泰安電燈公司,6673,NA,NA
6681,上海麗明機織印染廠,877,NA,NA
6686,Jiangxi Highway Bureau 江西公路處,70,NA,NA
6719,廣州市教育局,350,NA,NA
6731,河海工程專門學校,90,NA,NA
6735,蘇北濱海墾殖區測量隊,6736,NA,NA
6739,江蘇墾殖設計委員會,71,NA,NA
6744,上海美商開洛公司,877,NA,NA
6746,上海惠勒公司,877,NA,NA
6748,上海亞達公司,877,NA,NA
6762,河南第一水利局,66,NA,NA
6766,上海順昌公司石粉鐵工廠,877,NA,NA
6779,戚墅堰震華電廠,1347,NA,NA
6792,新架坡斯文生建築公司,3099,NA,NA
6794,中南建築公司,NA,NA,NA
6807,福建勸業會籌備事務局,61,NA,NA
6814,吳縣電報局,1079,NA,NA
6827,皖淮工程局,6828,NA,NA
6831,西京建設委員會,2596,NA,NA
6836,導淮船閘工程局,NA,NA,NA
6846,湘南煤礦局,67,NA,NA
6848,雲南一平浪煤礦,6849,NA,NA
6875,無錫慶豐紡織公司,1664,NA,NA
6891,比國恩濤波染料廠,2753,NA,NA
6894,北平中法大學,410,NA,NA
6896,上海中孚染料廠,877,NA,NA
6901,同蒲路,NA,NA,NA
6903,霍縣工務段,6904,NA,NA
6911,"武昌布、紗、絲、蔴, 四局",1036,NA,NA
6915,Unknown,NA,NA,NA
6925,浙贛鐵路金華車房,1597,NA,NA
6933,上海市土地局,877,NA,NA
6944,民生實業公司,NA,NA,NA
6946,烟台大順行利安輪,6947,NA,NA
6950,民憲輪,NA,NA,NA
6952,江陰電雷學校,1016,NA,NA
6959,四川瀘縣濟和水力發電廠,6961,NA,NA
6980,奉天撫順金溝煤礦,4042,NA,NA
6982,江蘇農礦廳,71,NA,NA
6984,安徽寳興鐵礦公司,60,NA,NA
6989,貴州黔隆煤廠,75,NA,NA
7004,湖北電政管理局漢口無線電話台,2380,NA,NA
7016,英國茂偉電機製造總廠,125,NA,NA
7020,漢口安利洋行,2380,NA,NA
7035,南洋商學院,NA,NA,NA
7039,香港建國工程學校教,1072,NA,NA
7048,廣州新電力廠,350,NA,NA
7061,特派考察歐美各國,NA,NA,NA
7063,比國烏克瑞鋼鐵廠工,NA,NA,NA
7074,東京宇野澤鐵工所,604,NA,NA
7077,福建泉州培元兩級中學,6394,NA,NA
7082,江寧縣政府,1881,NA,NA
7090,Jiangnan Shipyard 上海江南造船所,877,NA,NA
7099,山東齊河縣政府,7100,NA,NA
7117,河南水利局,66,NA,NA
7128,蚌埠陸軍,1028,NA,NA
7135,Hebei Construction Bureau 河北建設廳,63,NA,NA
7138,河南整理水道委員會,66,NA,NA
7159,資源委員會天河煤礦籌備處,7160,NA,NA
7196,山東河務局,1177,NA,NA
7203,山西壬申製造廠,76,NA,NA
7205,太原西北鐵工廠,726,NA,NA
7209,日本神戶市政廳,6058,NA,NA
7211,吳淞商埠局,7212,NA,NA
7217,江西市工務局,70,NA,NA
7220,南昌市工務局,522,NA,NA
7222,江西省政府墓地委員會,70,NA,NA
7227,湖南水利局,67,NA,NA
7233,美國拉也馬機車廠,137,NA,NA
7236,江都大明電燈廠,1042,NA,NA
7238,泰興墟明電燈廠,2985,NA,NA
7245,太原綏晉兵工廠,726,NA,NA
7252,北平市社會局,410,NA,NA
7264,如皋耀如電氣公司,2352,NA,NA
7280,美波士頓司車韋白司脫公司,2037,NA,NA
7287,佛音電台,NA,NA,NA
7303,上海興業建築師事務所,877,NA,NA
7320,山東定陶縣政府,775,NA,NA
7324,美國國家公路局,NA,NA,NA
7334,無錫麗新紡織漂染印整理工廠,1664,NA,NA
7351,Xiaoqing River Engineering Department 山東小清河工程局,77,NA,NA
7359,日本東京電氣株式會社,604,NA,NA
7361,汕頭公用局,2383,NA,NA
7364,上海中華電氣製作所,877,NA,NA
7366,蕪湖電話局,3703,NA,NA
7375,國立西北農林專科學校,NA,NA,NA
7421,South Manchuria Railway 南滿鐵路,1940,NA,NA
7448,南京陸軍交輜學校,90,NA,NA
7466,Concrete Steel Co.,1387,NA,NA
7468,Roanoke Bridge and Iron Co。,7469,NA,NA
7471,Jinan Public Works Department 濟南市工務局,1177,NA,NA
7473,Shandong Bureau of Industry 山東實業廳,77,NA,NA
7475,濟南市自來水籌備委員會,1177,NA,NA
7480,上海市政府,877,NA,NA
7497,山西桑乾河河務局,76,NA,NA
7503,太原晉恆製紙廠,726,NA,NA
7505,壽陽縣建設局,749,NA,NA
7518,河海工科大學,71,NA,NA
7528,上海東南信託公司,877,NA,NA
7545,師範大學,NA,NA,NA
7548,中央政治學校,NA,NA,NA
7558,工業標準委員會,NA,NA,NA
7563,國防化學專門委員會,NA,NA,NA
7565,液體燃料管理委員會,NA,NA,NA
7567,中國工程師學會,NA,NA,NA
7569,中國度量衡學會,NA,NA,NA
7571,中國化學會,NA,NA,NA
7579,四川江津職業學校,3319,NA,NA
7603,無錫中學,1664,NA,NA
7605,江蘇南菁中學,1664,NA,NA
7614,中央黨部廣播電台,NA,NA,NA
7616,中央軍令部無線電訓練所,NA,NA,NA
7625,Hebei Institution of Technology 河北工學院,427,NA,NA
7631,吳興電廠,1113,NA,NA
7638,Chinese Electric Power Company 上海華商電氣公司,877,NA,NA
7642,英國茂偉電機廠,125,NA,NA
7646,上海亞洲電器公司,877,NA,NA
7659,平綏路,NA,NA,NA
7666,Forest Product Laboratory,1387,NA,NA
7668,Fitchburg Paper Company,7669,NA,NA
7675,蘇州大華紙廠,1315,NA,NA
7689,南京鼓樓電話局,90,NA,NA
7694,上海英國通用電器廠,877,NA,NA
7707,海軍江南造船所,NA,NA,NA
7710,海軍招商局,NA,NA,NA
7728,上海興華公司,877,NA,NA
7730,上海阜豐麵粉公司,877,NA,NA
7740,震旦大學,877,NA,NA
7753,東三省無線電,NA,NA,NA
7755,東北無線電專校,NA,NA,NA
7757,哈爾濱無線電台,13060,NA,NA
7760,威海衛無線電台,7761,NA,NA
7767,沙利貿易公司,NA,NA,NA
7773,永利硫酸廠,NA,NA,NA
7783,青島市政府保安無線電台,2331,NA,NA
7787,烟台海關,6947,NA,NA
7796,上海南洋中學,877,NA,NA
7798,莆田電燈公司,1714,NA,NA
7800,南京永利化學工業公司,90,NA,NA
7823,日本新潟鐵工廠,7824,NA,NA
7827,吳淞中華民國製糖工廠,7212,NA,NA
7850,上海通用電器公司,877,NA,NA
7854,川漢路,NA,NA,NA
7862,杭州市政府,999,NA,NA
7879,湖北象鼻山鐵礦,7880,NA,NA
7891,神戶電氣局,6058,NA,NA
7893,大阪川北電機製造所,551,NA,NA
7895,漢口日商泰安紗廠,2380,NA,NA
7897,湖南常德電燈公司,402,NA,NA
7903,廣東土地廳,74,NA,NA
7906,內政部,90,NA,NA
7914,山西平定陽泉保音礦務公司,4394,NA,NA
7931,江海關稅務司總署,7932,NA,NA
7959,山東莒縣縣有建設,7960,NA,NA
7980,廣州第一集團軍總司令部,350,NA,NA
7994,河南省建設廳,66,NA,NA
7996,許南路橋樑工程處,NA,NA,NA
8011,交通部張家口無線電台,8012,NA,NA
8014,南京交通兵團,90,NA,NA
8016,合肥電台,1903,NA,NA
8018,河南保安處,66,NA,NA
8033,Yorkshire Kitson Locomotive Manufacturing,4164,NA,NA
8036,Foo's Gas & oil Co.,8037,NA,NA
8041,廣州電力公司,350,NA,NA
8043,九龍中華電力公司,NA,NA,NA
8045,廣西電力廠,73,NA,NA
8049,京滬路,NA,NA,NA
8055,招商局海晏,NA,NA,NA
8058,江華兩輪,NA,NA,NA
8060,民生公司,NA,NA,NA
8064,大沽造船所,427,NA,NA
8082,房產地畝管理委員會,NA,NA,NA
8086,日本小坂銅礦,735,NA,NA
8088,湖南黄金洞金礦局,67,NA,NA
8090,衡州水口山鋁鋅礦局,8091,NA,NA
8093,寧鄉煤礦公司,1231,NA,NA
8095,新化錫礦山銻礦局,2429,NA,NA
8101,"Scneiader 工廠, Schneider 工廠",NA,NA,NA
8103,Formen 飛機工廠,NA,NA,NA
8105,Botoz 飛機工廠,NA,NA,NA
8112,首都航空工廠,NA,NA,NA
8113,首都航空,NA,NA,NA
8129,德國克虜伯鋼鐵廠,121,NA,NA
8133,瑞士機車廠,2240,NA,NA
8136,雲南鋼鐵廠籌備委員會,81,NA,NA
8144,第二十九軍司令部,NA,NA,NA
8146,交通處,NA,NA,NA
8148,管理處,NA,NA,NA
8162,湖南攸縣公路局,8163,NA,NA
8170,三門灣路工程處,8171,NA,NA
8178,天津中國第一水工試驗所,427,NA,NA
8191,南通大生一廠,562,NA,NA
8211,中央組織委員會,NA,NA,NA
8217,上海華商電器公司,877,NA,NA
8227,山東省政府省道辦事處,77,NA,NA
8229,利荷汽車路局,NA,NA,NA
8244,北平東北礦務局,410,NA,NA
8254,天津汞利製碱公司,427,NA,NA
8256,濟南兵工廠藥廠,1177,NA,NA
8258,陝西度量衡檢定所,78,NA,NA
8274,浦口電氣廠,374,NA,NA
8293,天津海京毛織廠,427,NA,NA
8309,山東南運,77,NA,NA
8311,山海關橋共,8312,NA,NA
8314,石河橋工,NA,NA,NA
8333,財政局,NA,NA,NA
8349,天津疏濬金鍾河委員會,427,NA,NA
8352,華陽閘工程處,NA,NA,NA
8376,Guangxi Provincial Government 廣西省政府,73,NA,NA
8387,浙江民政廳,62,NA,NA
8407,協約國共同監管中東及西比利亞鐵路,NA,NA,NA
8409,漢粵川路,NA,NA,NA
8411,膠濟路,NA,NA,NA
8416,鐵道法規編訂委員,NA,NA,NA
8424,順澤水利委員會,NA,NA,NA
8426,上海隆昌建築,877,NA,NA
8432,上海華啟顧問工程師事務所,877,NA,NA
8441,上海中華職業學校,877,NA,NA
8444,華東機器廠,NA,NA,NA
8446,上海機器廠,877,NA,NA
8458,河北臨城煤礦,2690,NA,NA
8460,井涇正豐煤礦,NA,NA,NA
8462,醴陵石門煤礦,558,NA,NA
8464,湘潭雲湖煤礦,16722,NA,NA
8466,華東煤礦,NA,NA,NA
8471,大生三廠,NA,NA,NA
8473,江蘇富安紗廠,71,NA,NA
8478,湖南雲湖煤礦,8479,NA,NA
8485,天津榮華工程公司,427,NA,NA
8497,廣東公路處,74,NA,NA
8500,Great China University 大夏大學,877,NA,NA
8503,上海造幣廠,877,NA,NA
8505,Hankou Public Works Department 漢口市工務局,2380,NA,NA
8512,廣州培正中學,350,NA,NA
8528,山西教育廳,76,NA,NA
8530,山西保晉礦務公司,76,NA,NA
8536,湘川綫桃里段,NA,NA,NA
8549,廣州美術學校,350,NA,NA
8558,Guomin University 廣東國民大學,350,NA,NA
8562,蕪湖裕中紗廠,3703,NA,NA
8564,南通大生紡織公司,562,NA,NA
8566,九江元興紡織公司,3265,NA,NA
8576,浙江高級工科職業學校,62,NA,NA
8583,南洋無線電傳習所,NA,NA,NA
8585,中國聯合工程公司,877,NA,NA
8590,天津整理河海委員會,427,NA,NA
8592,Renshen Factory 太原壬申製造廠,726,NA,NA
8606,Zhijiang University 之江文理學院,999,NA,NA
8609,上海博惠公司,877,NA,NA
8611,上海徐鑫堂建築工程師事務所,877,NA,NA
8623,長沙雅禮大學,590,NA,NA
8628,上海建華化學工業公司,877,NA,NA
8649,天津永利公司,427,NA,NA
8662,Ford Motor Mfg. Co. 福特公司,17289,NA,NA
8665,廣東新寧鐵路,74,NA,NA
8669,廣州機廠,350,NA,NA
8681,武昌電話局,1036,NA,NA
8684,貴州電政管理局,75,NA,NA
8689,Washington Pulp & Paper Co. Ltd.,8690,NA,NA
8692,廣東銀行紐約分行,8693,NA,NA
8695,上海聯泰水火保險公司,877,NA,NA
8697,上海同義地產公司,877,NA,NA
8705,北票煤礦,4276,NA,NA
8708,馬家溝煤礦,8709,NA,NA
8712,開灤趙各莊鑛,8713,NA,NA
8718,南京電話局,90,NA,NA
8720,鎮江電報局,1618,NA,NA
8728,山西保晉礦務總公司,76,NA,NA
8730,陽泉礦業公司,746,NA,NA
8733,蔭營煤礦,8734,NA,NA
8760,杭州建築公司,999,NA,NA
8786,中稱職業教育社,410,NA,NA
8790,上海市立新陸師範學校,877,NA,NA
8800,太原綏靖公署,726,NA,NA
8803,路局,NA,NA,NA
8805,金陵兵工廠,90,NA,NA
8821,Tianjin Public Works Department 天津市工務局,427,NA,NA
8832,河北統税局,63,NA,NA
8839,Aachen T. H. (Aachen Technische Hochschule),8840,NA,NA
8843,德國 I. G.,121,NA,NA
8845,喜望鋼鐵,NA,NA,NA
8863,大連沙河口工廠,1940,NA,NA
8871,巴黎 Thomson-Houston 電機製造廠,1948,NA,NA
8873,Beiping Public Utility Bureau 北平市公用局,410,NA,NA
8877,"Peiping Chinese Electric Light & Power Company, Ltd. 北平華商電燈公司",410,NA,NA
8891,漢陽火藥廠,1120,NA,NA
8898,中國派赴,NA,NA,NA
8900,上海中國酒精廠,877,NA,NA
8902,開遠酒精廠,8903,NA,NA
8907,上海濬浦局,877,NA,NA
8947,揚州電話局,4423,NA,NA
8950,山西電政管理局,76,NA,NA
8959,河南第九區築路處,66,NA,NA
8962,汴粵幹線萬藕,NA,NA,NA
8970,蘇州安定高級中學,1315,NA,NA
8972,江蘇女子職業中學,71,NA,NA
8985,J. H. Day Co,1387,NA,NA
8988,Iowa Valley Operating Co.,182,NA,NA
8991,Wilbirt’s Myrtle Groove Sugar Co,1387,NA,NA
8995,上海晶華製糖公司,877,NA,NA
8997,上海稅務專門學校,877,NA,NA
9005,Chongqing University 重慶大學,1270,NA,NA
9009,英國卡古廠,125,NA,NA
9013,St. John's University 聖約翰大學,877,NA,NA
9016,湖北漢陽鋼鐵廠,68,NA,NA
9027,鐵廠管理處,NA,NA,NA
9039,山西孝義縣,9040,NA,NA
9041,山西,76,NA,NA
9050,浦口永利錏廠,374,NA,NA
9060,新威礦冶公司,NA,NA,NA
9081,Shanxi Reconstruction Bureau 山西建設廳,76,NA,NA
9083,太原經濟建設委員會,726,NA,NA
9096,Siping–Taonan Railway 四洮鐵路,72,NA,NA
9104,天津長蘆鹽區改良碱地委員會,427,NA,NA
9106,岷江電廠,1434,NA,NA
9110,上海煤氣公司,877,NA,NA
9121,山西銅川初中,76,NA,NA
9140,吉林省政府,72,NA,NA
9146,西安天成公司,2596,NA,NA
9168,吳淞無線電台,7212,NA,NA
9177,上海敬業中學,877,NA,NA
9185,法國巴黎埃洛耳汽車廠,1948,NA,NA
9187,巴黎電話工廠,1948,NA,NA
9219,漢口國民政府財政部技士,2380,NA,NA
9227,Ministry of Foreign Affairs 外交部,NA,NA,NA
9237,洛陽電台,2183,NA,NA
9249,京西門頭溝通興煤礦公司,NA,NA,NA
9255,黑龍江梧桐河金礦局,65,NA,NA
9257,觀都金礦局,NA,NA,NA
9268,浦津鐵路,NA,NA,NA
9298,B. F. Sturtevent Company,2037,NA,NA
9302,柳江煤礦鐵路公司,2693,NA,NA
9331,International Horrester Company,1387,NA,NA
9334,天津萬國汽車公司,427,NA,NA
9342,鹽城礦務局,496,NA,NA
9361,太原宏記煤礦公司,726,NA,NA
9366,天津英工部局,427,NA,NA
9368,威海中學,7761,NA,NA
9370,林西開灤煤礦局,4345,NA,NA
9374,洮索鐵路,NA,NA,NA
9376,青島禮華中學,2331,NA,NA
9378,豐潤縣立中學,2884,NA,NA
9387,松江縣建設局,1409,NA,NA
9390,上海市渡輪管理處,877,NA,NA
9418,安陽縣立女子簡易師範,1975,NA,NA
9427,西安市政府工程處,2596,NA,NA
9457,雲南臨箇鐵路,81,NA,NA
9464,滇緬公路,81,NA,NA
9473,Ministry of Industry and Agriculture 農商部,410,NA,NA
9491,Hunan Institute of Technology 湖南工專,590,NA,NA
9493,明憲中學,NA,NA,NA
9496,水口山礦務局,NA,NA,NA
9500,湖南省銀行監理,67,NA,NA
9522,河北靈壽滹沱河灌溉工程處,9523,NA,NA
9530,Radio Corporation of America,8693,NA,NA
9533,真茹國際電台,4497,NA,NA
9556,山東第十三區,77,NA,NA
9563,山東西崑運煤鐵路專綫,77,NA,NA
9565,四川上川輕便鐵路,1434,NA,NA
9582,太谷銘賢學校,9583,NA,NA
9591,溧陽振亨電氣廠,9592,NA,NA
9594,武進大成紡織染公司,965,NA,NA
9596,宜興和明電氣公司,1630,NA,NA
9598,武進電氣廠,965,NA,NA
9600,蘭州電廠,9601,NA,NA
9618,青島膠澳商埠工程事務處,2331,NA,NA
9629,山東省道辦事處,77,NA,NA
9649,福建政務委員會,61,NA,NA
9651,農礦部,90,NA,NA
9653,Fujian Construction Bureau 福建建設廳,61,NA,NA
9655,福州三民中學,419,NA,NA
9661,上海東方化學製造廠,877,NA,NA
9669,貴州公路局,NA,NA,NA
9671,復興公司,NA,NA,NA
9681,北平南苑航空工廠,410,NA,NA
9686,秦皇島航政辦事處,2801,NA,NA
9688,上海財政部,877,NA,NA
9725,北平電車公司,410,NA,NA
9728,雲南錫礦,81,NA,NA
9746,浙江四中,62,NA,NA
9748,上海立達學園,877,NA,NA
9750,長興煤礦,2932,NA,NA
9752,四川油礦,1434,NA,NA
9776,河南電話局,66,NA,NA
9789,廣西礦產探測團,73,NA,NA
9791,武昌建設廳,1036,NA,NA
9793,湖北大冶富華煤礦公司,382,NA,NA
9795,大冶源華煤礦公司,NA,NA,NA
9804,泰安山東第一礦務局,6673,NA,NA
9826,建委會模範灌溉管理局,NA,NA,NA
9835,上海振泰紗廠,877,NA,NA
9839,濟南市政府,1177,NA,NA
9875,日本千住製絨所,9876,NA,NA
9881,青島雙盛織染工廠,2331,NA,NA
9883,山東工商廳,77,NA,NA
9897,Essen 煉焦廠,9898,NA,NA
9900,Hannover 煤膏廠,9901,NA,NA
9922,Karlsruhe Technische Hochschule,9924,NA,NA
9926,Berlin Technische Hochschule,432,NA,NA
9935,山東督辦公署,77,NA,NA
9937,香港越南實業公司,1072,NA,NA
9939,香港中山工商煉油公司,1072,NA,NA
9941,中山華聯煤油產品公司,1993,NA,NA
9943,廣西師範專校,4238,NA,NA
9945,廣西化學試驗所 (廣西省政府化學試驗所),73,NA,NA
9958,吳淞國民製糖公司,7212,NA,NA
9962,上海中國汽車製造公司,877,NA,NA
9984,英國斐克師海軍造船廠,125,NA,NA
9986,蘭開夏電機廠,9988,NA,NA
9990,茂偉電廠,NA,NA,NA
10000,中央鋼鐵廠籌備委員會,NA,NA,NA
10015,上海鑄亞鐵工廠,877,NA,NA
10019,杭州水利工程局,999,NA,NA
10021,Shensi Conservancy Bureau 陝西水利局,2596,NA,NA
10047,浙江海塘測量處,62,NA,NA
10050,江蘇審計處,71,NA,NA
10077,湖北大冶礦,68,NA,NA
10086,德國大德染料廠,121,NA,NA
10089,上海德孚洋行,877,NA,NA
10103,陝西漢寧公路,78,NA,NA
10112,瀋陽電燈廠,511,NA,NA
10115,瀋陽丙寅海外貿易公司,511,NA,NA
10143,山東徵江服役實施委員會,77,NA,NA
10145,山東第四區水利,77,NA,NA
10151,陸軍獨立兵工第一團,NA,NA,NA
10163,河南焦作中學,66,NA,NA
10165,石家莊石門中學,2992,NA,NA
10167,大同師範學校,743,NA,NA
10174,河北長途電話管理處,63,NA,NA
10176,河北電政管理局,63,NA,NA
10186,Nancy G.E. Co.,4095,NA,NA
10188,Strasbourg 水力發電廠,10189,NA,NA
10191,蘇聯全國水力發電工程局,10192,NA,NA
10194,中央水力研究院,NA,NA,NA
10232,法國百利安,159,NA,NA
10234,史及德火車,NA,NA,NA
10236,滬太長途汽車公司,877,NA,NA
10241,江南汽車公司,90,NA,NA
10249,山東電政管理局,77,NA,NA
10258,北京美豐洋行,410,NA,NA
10261,北京海京洋行,410,NA,NA
10263,天津海京洋行,427,NA,NA
10265,上海海京洋行,877,NA,NA
10267,公懋洋行,NA,NA,NA
10269,法國滑及耐電機廠,159,NA,NA
10298,太原機械工程處,726,NA,NA
10313,雲南箇舊鐵路,81,NA,NA
10318,雲南箇碧臨屏鐵路公司,81,NA,NA
10321,淮南鐵路,3669,NA,NA
10324,雲南省政府整理箇碧公司,81,NA,NA
10327,雲南箇碧石鐵路公司,81,NA,NA
10340,British Westinghouse T. H. Co.,125,NA,NA
10348,Southeast University 東南大學,90,NA,NA
10357,上海新裕紡織公司第一廠,877,NA,NA
10385,天津電報南局,427,NA,NA
10390,Xiangqin University 勷勤大學,350,NA,NA
10394,烟台電話局,6947,NA,NA
10407,安徽長途電話管理處,60,NA,NA
10417,綏新公路,NA,NA,NA
10434,Daokou–Qinghua Railway 道清鐵路,3074,NA,NA
10443,中央電瓷廠,NA,NA,NA
10460,Ill. 鐵路  (Illinois 鐵路),140,NA,NA
10463,New York 鐵路,146,NA,NA
10465,Jinan University 暨南大學,877,NA,NA
10472,南京中央醫院建築工程處,90,NA,NA
10481,成都師範大學,607,NA,NA
10488,開灤礦務總局,NA,NA,NA
10492,Unknown factory in Germany,121,NA,NA
10494,Unknown factory in Sweden,10495,NA,NA
10497,Unknown factory in Norway,10498,NA,NA
10500,Unknown factory in Denmark,10501,NA,NA
10504,大中華紗廠,NA,NA,NA
10506,上海恆豐紗廠,877,NA,NA
10508,上海恆大紗廠,877,NA,NA
10510,公勤記機器廠,NA,NA,NA
10522,巴黎無線電公司,1948,NA,NA
10525,倫敦無線電公司,3067,NA,NA
10551,上海肇和中學,877,NA,NA
10587,山西陸軍修械所,76,NA,NA
10593,山西巡按使,76,NA,NA
10596,山西財政司,76,NA,NA
10598,兵工廠機槍廠,76,NA,NA
10606,上海明成鐵工廠,877,NA,NA
10608,安徽職業學校,60,NA,NA
10619,軍事委員會交通技術學校,NA,NA,NA
10623,浦鎮機廠工,NA,NA,NA
10635,Breslau T. H.,4018,NA,NA
10637,石家莊煉焦廠,2992,NA,NA
10643,昌黎雙軌工程處,841,NA,NA
10645,奉榆鐵路,64,NA,NA
10647,葫蘆島工程處,10648,NA,NA
10651,塘山代理管段工程,NA,NA,NA
10658,National Conservancy Bureau 全國水利局,410,NA,NA
10660,淮揚徐海平剖面測量局,NA,NA,NA
10665,編查,NA,NA,NA
10678,信陽機務,1490,NA,NA
10698,南通大生電廠,562,NA,NA
10700,陝西酒精廠,78,NA,NA
10702,資中酒精廊,429,NA,NA
10708,京黔公路,NA,NA,NA
10737,江浦縣政府,3839,NA,NA
10751,北寧路山海關工務分段工程,NA,NA,NA
10753,溝幫子工務段工程,NA,NA,NA
10755,晉綏測量,NA,NA,NA
10759,駐滬鋼樑監造團,NA,NA,NA
10772,湖北鍾祥襄堤工程處,NA,NA,NA
10778,上海永安紡織廠,877,NA,NA
10793,北平溫泉中學,410,NA,NA
10800,平民中學,NA,NA,NA
10847,Columbia 鋼鐵廠,10848,NA,NA
10851,廣州土地局,350,NA,NA
10853,江西鎢礦局,70,NA,NA
10857,楊梅山煤礦,NA,NA,NA
10869,廣州波彌文洋行,350,NA,NA
10873,香港應利船廠,1072,NA,NA
10875,石井工廠軍,NA,NA,NA
10877,中央兵工試驗所,NA,NA,NA
10879,中德中學校,NA,NA,NA
10881,夏葛女子醫科大學,NA,NA,NA
10883,空軍總司令部,NA,NA,NA
10885,廣州空軍司令部,350,NA,NA
10891,上海中央研究,877,NA,NA
10897,安慶工業學校,1910,NA,NA
10899,上海羅德土木工程設計公司,877,NA,NA
10920,廣州市新電廠,NA,NA,NA
10922,Canton Municipal Electric Power Administration 廣州市電力管理處,350,NA,NA
10926,宜賓電廠,2477,NA,NA
10949,開洛公司遼寧分公司,NA,NA,NA
10963,湘潭煤礦,16722,NA,NA
10965,Tianfu Coal Mining 天府煤礦公司,1434,NA,NA
10970,東北礦務局,NA,NA,NA
10972,西安分礦,2596,NA,NA
10974,福建安溪礦務學校,10975,NA,NA
10977,河北興仁金礦,63,NA,NA
10979,四川天府煤礦局,1434,NA,NA
10981,四川石燕煤礦,1434,NA,NA
10992,南昌市,522,NA,NA
10996,上海自來水公司,877,NA,NA
11001,福州電話公司,419,NA,NA
11009,American Loco. Works,146,NA,NA
11016,河南第一工廠,66,NA,NA
11018,中原公司,3074,NA,NA
11020,河南農工器具廠,66,NA,NA
11023,河南電話總局,66,NA,NA
11025,河南省政府,66,NA,NA
11034,河南洛潼公路,66,NA,NA
11075,上海閘北水電廠,877,NA,NA
11094,日本東京市街電車會社,604,NA,NA
11096,芝浦製作所,604,NA,NA
11098,長沙高工學校,590,NA,NA
11101,北京高工專校,410,NA,NA
11103,北京工業專校,410,NA,NA
11105,電氣科,NA,NA,NA
11107,北平工業大學,410,NA,NA
11111,北票炭礦公司,4276,NA,NA
11118,清河製呢廠,466,NA,NA
11120,廣東紡織廠,74,NA,NA
11129,美國無綫電及電話合作社,NA,NA,NA
11131,紐約電話公司,8693,NA,NA
11152,津浦鐵路天津機廠,427,NA,NA
11156,Central Radio Station 南京中央廣播電台,90,NA,NA
11164,奉天兵工廠,64,NA,NA
11168,製瓷公司,NA,NA,NA
11170,金銀化學出品社,121,NA,NA
11173,等,NA,NA,NA
11175,新華化學工業廠,NA,NA,NA
11196,湖南電政管理局,NA,NA,NA
11212,廣州市自來水廠,350,NA,NA
11222,Unknown coal mine,11223,NA,NA
11236,中央水工試驗所,90,NA,NA
11239,哈爾濱電業公司,13060,NA,NA
11249,技術司,NA,NA,NA
11252,青島華新紗廠,2331,NA,NA
11264,青島大中華建築公司,2331,NA,NA
11268,蕪湖省立第一中等職校,3703,NA,NA
11280,無錫實業學校,1664,NA,NA
11282,中國建設工程公司,NA,NA,NA
11288,柳州製彈廠,11289,NA,NA
11300,Liege 電燈公司,5467,NA,NA
11303,湖北全省長途電話局,68,NA,NA
11310,廣東兵工廠,74,NA,NA
11312,汕頭製彈廠,2383,NA,NA
11314,浙江礦產調查所,62,NA,NA
11316,開封煉硝廠,717,NA,NA
11328,河北子牙河河務局,63,NA,NA
11332,長沙高等工業學校,590,NA,NA
11335,Standard Oil 美孚洋行,NA,NA,NA
11337,大通煤礦公司,27081,NA,NA
11339,長興煤礦公司,62,NA,NA
11341,江蘇賈汪煤礦公司,11343,NA,NA
11353,上海和興鋼廠,877,NA,NA
11355,上海電洋機器,877,NA,NA
11357,上海中國合眾航業公司,877,NA,NA
11361,張家口無線電報局,8012,NA,NA
11364,洛陽無線電報局,2183,NA,NA
11366,廣州無線電局,350,NA,NA
11369,吳淞無線電局,7212,NA,NA
11371,武昌無線電局,1036,NA,NA
11377,陸海空軍總司令部,NA,NA,NA
11383,上海新通貿易公司,877,NA,NA
11403,上海新裕,877,NA,NA
11408,梅縣廣東省銀行,566,NA,NA
11420,貴東公路,NA,NA,NA
11430,香港強華搪磁鉛器製造廠,1072,NA,NA
11434,飛機修理廠設,NA,NA,NA
11450,Stutevant 廠,1387,NA,NA
11452,Qingdao Public Works Department 靑島市工務局/靑島市工務局,2331,NA,NA
11454,"Chapei Electricity & Waterworks, Ltd. 上海閘北水電公司",877,NA,NA
11466,江津電燈公司,3319,NA,NA
11478,上海新亞藥廠,877,NA,NA
11494,General Electric Company plc (英國通用電氣公司),125,NA,NA
11528,泰興兩宜公學校,2985,NA,NA
11533,綏遠包頭電氣公司,96,NA,NA
11537,吳淞永安紡織公司,7212,NA,NA
11543,軍需學校,NA,NA,NA
11561,比國國家鐵路公司,2753,NA,NA
11562,河南整理各道改良土壤委員會,66,NA,NA
11567,廣西全省治河委員會,73,NA,NA
11572,廣西水利工程處,73,NA,NA
11588,Hohai University 河海大學,90,NA,NA
11590,Hangzhou Public Works Department 杭州市工務局,999,NA,NA
11593,西湖博覽會,999,NA,NA
11605,河北順德中學,3042,NA,NA
11609,北平地質調查所,410,NA,NA
11630,望口錫礦,NA,NA,NA
11632,山東廣播電台,77,NA,NA
11634,濟南富克令無線電製造廠,1177,NA,NA
11636,濟南公懋洋行,NA,NA,NA
11644,大新銅礦,11645,NA,NA
11647,湘東煤礦,11648,NA,NA
11650,協成煤礦,NA,NA,NA
11652,錦屏鐵礦,11653,NA,NA
11655,湖北大冶利華煤礦公司,382,NA,NA
11667,浙江工專,62,NA,NA
11669,浙江德國電機製造廠,62,NA,NA
11684,Buick Motor Company,1387,NA,NA
11686,"Curtiss Aeroplane & Motor Company, Ltd",1387,NA,NA
11689,北平南苑航空學校,410,NA,NA
11692,張家口西北汽車處,8012,NA,NA
11698,南京航空學校,90,NA,NA
11700,南昌航空學校,522,NA,NA
11702,杭州航空學校,999,NA,NA
11731,天津永定河中上游工程處,NA,NA,NA
11736,大井機廠,258,NA,NA
11738,大官機廠,258,NA,NA
11745,上海南站機務處,877,NA,NA
11750,福州廣播電台,NA,NA,NA
11762,黃埔內港工程處,5031,NA,NA
11773,熱河北票煤礦工務課,NA,NA,NA
11775,淮南煤礦工務課,3669,NA,NA
11779,安徽福利民鐵礦,60,NA,NA
11781,武昌無線電台,1036,NA,NA
11785,漢陽電話局,1120,NA,NA
11789,奉天八道壕煤礦,64,NA,NA
11791,漢口電話分局,2380,NA,NA
11795,江西鄱樂煤礦公司,70,NA,NA
11808,東北航務局,NA,NA,NA
11810,上海中國航空公司,877,NA,NA
11817,比國國營鐵路局,2753,NA,NA
11819,河南水利,66,NA,NA
11822,河南滑縣縣政府,66,NA,NA
11823,C. E. F. B. 電力公司,2753,NA,NA
11825,比國中國美術店,2753,NA,NA
11843,張家口口北造幣廠,8012,NA,NA
11846,遼寧西安煤礦,15985,NA,NA
11848,河北興隆冀北金礦,63,NA,NA
11892,招商局,NA,NA,NA
11896,百祿鐵廠,11899,NA,NA
11914,福司鋼廠,NA,NA,NA
11927,鋼廠,1120,NA,NA
11935,鑄造廠,NA,NA,NA
11944,兵工學校,NA,NA,NA
11948,上海和興鋼鐵廠,NA,NA,NA
11955,南昌火工作業所籌備處,NA,NA,NA
11986,技術司理化研究處,NA,NA,NA
12007,大同口泉晉北礦廠,743,NA,NA
12041,江蘇泗陽縣政府,12042,NA,NA
12055,Universal Communication Co.,1387,NA,NA
12057,廣東無綫電局,74,NA,NA
12059,廣州軍用無綫電總台,350,NA,NA
12064,Automatic Electric Company,12065,NA,NA
12067,上海無綫電管理局,877,NA,NA
12069,Shanghai Telephone Company 上海電話公司,877,NA,NA
12080,水東煤礦,8012,NA,NA
12083,泉州黎明高中,6394,NA,NA
12102,技術部,NA,NA,NA
12104,河北豐潤中學,2884,NA,NA
12112,浙江台州初中,12113,NA,NA
12118,馬尾船政局,419,NA,NA
12122,Thornycroft 機器廠,125,NA,NA
12124,Gardners 工廠,125,NA,NA
12141,上海普益經緯公司,877,NA,NA
12145,雲南鍍礦工程處,NA,NA,NA
12155,湖北崇通公路,68,NA,NA
12159,Manitowoc Shipbuilding Co.,1387,NA,NA
12161,上海六合貿易工程公司,877,NA,NA
12163,上海市政府建設委員會,877,NA,NA
12170,漢口無線電話中央台,NA,NA,NA
12181,法國陸軍部無線電處,NA,NA,NA
12183,無線電公司,NA,NA,NA
12185,無線電台,NA,NA,NA
12187,電報局,NA,NA,NA
12210,恆安公司雲龍海輪,NA,NA,NA
12219,Jilin–Dunhua Railway 吉敦鐵路,755,NA,NA
12222,蕪萱輕便鐵路,NA,NA,NA
12224,吉林大學,755,NA,NA
12229,復興土木建築公司,522,NA,NA
12239,尾去澤銅山,258,NA,NA
12241,內鄉炭礦,9772,NA,NA
12243,山東技術廳,77,NA,NA
12250,山東博東礦業公司,NA,NA,NA
12255,經委會棉業,NA,NA,NA
12266,天津寶成紗廠,427,NA,NA
12277,江西省立女子職業學校,70,NA,NA
12281,Pierce-Arrow Motor Car Company,1387,NA,NA
12307,山西第一中學校,76,NA,NA
12325,西北洋灰廠,NA,NA,NA
12344,東北兵工廠,NA,NA,NA
12371,山東博山縣建設,12372,NA,NA
12386,哈爾濱三十六棚工廠,13060,NA,NA
12388,瀋陽啟明中學,511,NA,NA
12390,瀋陽民生工廠,511,NA,NA
12421,漢口第一紡織廠,2380,NA,NA
12425,河北井陘礦局,632,NA,NA
12430,恩口煤礦局,6556,NA,NA
12432,宣明煤礦公司,NA,NA,NA
12444,華昌貿易公司,146,NA,NA
12447,怡和洋行,NA,NA,NA
12451,新中工程公司,NA,NA,NA
12460,江西實修職業學校,70,NA,NA
12465,山東同興煤礦,77,NA,NA
12468,德商喜望公司,NA,NA,NA
12473,Jilin–Changchun Railway 吉長鐵路,755,NA,NA
12477,武昌長波無綫電台,1036,NA,NA
12480,漢口公安局,2380,NA,NA
12483,鄭縣無線電台,3976,NA,NA
12507,Swenson Evaporator Company,1387,NA,NA
12509,Michigan Sugar Company,199,NA,NA
12512,上海開元電化廠,877,NA,NA
12514,大中華公司,NA,NA,NA
12523,太原市路工局,726,NA,NA
12554,揚州第八中學,4423,NA,NA
12556,久勝洋行設計,NA,NA,NA
12558,總司令部交通處,NA,NA,NA
12573,重慶中央工業職業學,1270,NA,NA
12582,天源煤礦事務所,NA,NA,NA
12594,廣西省建設廳,73,NA,NA
12621,蘇州蘇綸紡織廠,1315,NA,NA
12636,浙贛煤礦,NA,NA,NA
12644,The Detroit Edison Company,1387,NA,NA
12648,上海安迪生電器廠,877,NA,NA
12651,上海燈泡公司,877,NA,NA
12656,禹縣濟眾煤礦,3803,NA,NA
12678,漢口短波無線電台,2380,NA,NA
12680,上海華洋德律風公司,877,NA,NA
12698,陸軍大學,NA,NA,NA
12707,華成電器廠,NA,NA,NA
12716,I. C. S.,NA,NA,NA
12721,直隸實業廳,63,NA,NA
12723,河北農礦廳,63,NA,NA
12725,六河溝公司,12726,NA,NA
12728,磁縣致和煤礦公司,5287,NA,NA
12739,澄衷中學,877,NA,NA
12746,京山堤工總局,12743,NA,NA
12749,湖北第二區防汎處,68,NA,NA
12759,江贛工程局,NA,NA,NA
12772,Brooklyn Union Gas Co.,12773,NA,NA
12784,坊子第三分,12785,NA,NA
12804,Sichuan Construction Bureau 四川建設廳,1434,NA,NA
12811,四川省立實業製革廠,1434,NA,NA
12813,成都造幣廠,607,NA,NA
12815,四川省立高等工業學校,1434,NA,NA
12817,四川省長公署重慶行署,1270,NA,NA
12819,四川實業廳,1434,NA,NA
12821,四川屯殖督辦署,1434,NA,NA
12823,四川省政府,1434,NA,NA
12825,四川省第十六區,1434,NA,NA
12862,香港大成機器造紙廠,1072,NA,NA
12864,廣州製紙廠,350,NA,NA
12867,廣東省營新造糖廠,74,NA,NA
12892,Ministry of Education 教育部,NA,NA,NA
12899,湖南建設廳永濟堤工程處,3901,NA,NA
12909,天津中國無線電業公司,427,NA,NA
12917,廣州西村士敏土廠,350,NA,NA
12922,保定女子師範學校,12923,NA,NA
12932,山西榆次晉華紡織公司,11187,NA,NA
12934,太原工業職業學校,726,NA,NA
12952,川康建設委員會,NA,NA,NA
12955,雅州水力發電廠,NA,NA,NA
12957,重慶電力公司,1270,NA,NA
12967,督辦川漢粵鐵路總公所,NA,NA,NA
12970,漢粵川鐵路,NA,NA,NA
12975,技術委員會,NA,NA,NA
12997,雷司德工業學校,NA,NA,NA
12999,航空機械學校,NA,NA,NA
13009,上海美亞染煉廠,877,NA,NA
13024,愛利期強麥機械製造廠,1387,NA,NA
13026,湖北第一紗廠,68,NA,NA
13054,洮鄭鐵路,NA,NA,NA
13057,奉天鐵路,64,NA,NA
13059,哈爾濱鐵路,13060,NA,NA
13068,第四集團軍無線電台,NA,NA,NA
13085,安慶市工務局,1910,NA,NA
13087,救濟水災會,NA,NA,NA
13097,渤海公司,NA,NA,NA
13104,湖南建設委員會,67,NA,NA
13122,井陘礦局開灤煤礦,632,NA,NA
13124,八道溝煤礦,NA,NA,NA
13131,湖南沅陵行營公路處,13132,NA,NA
13146,上海北站車房,877,NA,NA
13148,上海南站機車房,877,NA,NA
13154,Michigan State Highway Dept.,199,NA,NA
13161,日本足尾銅礦,258,NA,NA
13163,田川炭礦山,13164,NA,NA
13166,常盤炭礦山,NA,NA,NA
13169,萍礦,NA,NA,NA
13171,江西工專探冶科,70,NA,NA
13173,江西地質調查所,70,NA,NA
13180,Illinoise University,140,NA,NA
13193,湖南華昌公司,67,NA,NA
13195,吉安昌明煤礦公司,8954,NA,NA
13198,井陘協和煤礦,632,NA,NA
13202,廈門大學,886,NA,NA
13223,德國克虜伯動力廠,NA,NA,NA
13237,Borsig GmbH,121,NA,NA
13285,Studebaker 汽車廠,1387,NA,NA
13287,天祥洋行機廠,NA,NA,NA
13291,廣州市電話局,350,NA,NA
13304,Minnesota 煤鐵礦公司,204,NA,NA
13306,中英煤礦公司,NA,NA,NA
13309,北平中英煤礦公司,410,NA,NA
13313,廣東省營糖廠順德分廠,3042,NA,NA
13319,穆陵礦,NA,NA,NA
13322,廣州市自來水公司,350,NA,NA
13324,Guangzhou–Kowloon Railway 廣九鐵路,350,NA,NA
13349,協和醫院,NA,NA,NA
13351,中央防疫處,NA,NA,NA
13354,衞生部,NA,NA,NA
13363,粵漢鐵路曲江營業區,13364,NA,NA
13370,開平煤礦,1857,NA,NA
13372,林西煤礦,4345,NA,NA
13374,河北勘礦局,63,NA,NA
13395,豫西橋涵工程處,66,NA,NA
13401,Lachlan & Co.,125,NA,NA
13405,Vicker Co.,NA,NA,NA
13412,河北工商廳,63,NA,NA
13414,河北工業試驗所,63,NA,NA
13420,大通煤礦,NA,NA,NA
13422,筑東煤礦,NA,NA,NA
13446,孔士洋行,NA,NA,NA
13449,晉綏輕便鐵路,NA,NA,NA
13452,紹敦電機公司,877,NA,NA
13454,臨風工務,NA,NA,NA
13456,安徽省立安慶高級工業職業學校,60,NA,NA
13478,河南民生煤礦,66,NA,NA
13483,宜洛煤礦,2183,NA,NA
13487,河北大學,12923,NA,NA
13503,江西萍鄉礦務局,388,NA,NA
13509,保定河北優級師範,12923,NA,NA
13511,保定河北大學,12923,NA,NA
13515,北平礦務整理委員會,NA,NA,NA
13530,Belle Alkali Co.,274,NA,NA
13532,Federal Chemical Co.,NA,NA,NA
13535,V. I. Products Corp.,1387,NA,NA
13538,漢口中國煤氣機製造廠,2380,NA,NA
13541,開封利通汽車公司,717,NA,NA
13544,長安同成公司,6721,NA,NA
13566,江西萍礦,70,NA,NA
13571,湖北象鼻山官鐵礦局,68,NA,NA
13573,湖北振業煤礦公司,68,NA,NA
13597,General Railway Signal Company,1387,NA,NA
13600,Union Switch and Signal Company,1387,NA,NA
13635,武漢行營,356,NA,NA
13645,河北柳江煤礦,63,NA,NA
13649,西安煤礦,2596,NA,NA
13658,中央黨部,522,NA,NA
13666,太原育才機器廠,726,NA,NA
13668,育才兵工廠,NA,NA,NA
13673,上海三極無線電傳習所,877,NA,NA
13675,上海華生電器製造廠,877,NA,NA
13685,綏遠電燈公司,96,NA,NA
13688,東京芝蒲製機場,604,NA,NA
13691,長崎造船所,NA,NA,NA
13693,湖南土水工程局,67,NA,NA
13701,Michigan University,199,NA,NA
13709,蕭縣國術館,5105,NA,NA
13724,廣東豐順縣立中學,74,NA,NA
13726,中山縣立師範,1993,NA,NA
13729,實用工業學校,1072,NA,NA
13731,中國建設工程學校,NA,NA,NA
13735,漢口振寰紗廠,NA,NA,NA
13746,輾鋼部,NA,NA,NA
13754,河南濟眾煤礦公司,66,NA,NA
13776,天津市政府,427,NA,NA
13795,Vickers,125,NA,NA
13802,滬杭甬路,NA,NA,NA
13806,中國工業煉氣公司,NA,NA,NA
13819,Iowa University,13820,NA,NA
13822,Tennessee Valley 工程處,13823,NA,NA
13830,佛堂電氣公司,NA,NA,NA
13836,鎮江陸軍,1618,NA,NA
13843,巴黎中央電信局,1948,NA,NA
13851,塘沽永利化學公司,5751,NA,NA
13856,淮南煤礦,3669,NA,NA
13868,海門大生三廠,1189,NA,NA
13872,九江利中紗廠,3265,NA,NA
13879,崇明電台,1256,NA,NA
13881,河南無線電信學校,66,NA,NA
13888,上海開灤碼頭,877,NA,NA
13896,山東嶧縣縣政府,4937,NA,NA
13907,上海永豐貿易公司,877,NA,NA
13911,兩廣地質調查所,350,NA,NA
13913,瓊崖實業公署,13914,NA,NA
13934,山東公路管理局,77,NA,NA
13936,山東省政府,77,NA,NA
13947,永定莊礦,13948,NA,NA
13956,山東高密縣,3645,NA,NA
13969,綏遠省政府,96,NA,NA
13984,西安臨時辦公室,2596,NA,NA
14014,天津招商局,427,NA,NA
14016,豫鄂電政,NA,NA,NA
14021,長安報局,6721,NA,NA
14028,廣州國民政府軍事委員會,350,NA,NA
14030,整理新寧鐵路委員會,14031,NA,NA
14033,廣東潖江兵器製造廠,74,NA,NA
14035,廣州市立第二職業學校,350,NA,NA
14041,保定育德鐵工廠,12923,NA,NA
14043,河北省立第九中學,63,NA,NA
14046,河北省立農學院,63,NA,NA
14048,育德中學,12923,NA,NA
14057,長治中學,1493,NA,NA
14059,太原十年建設,726,NA,NA
14102,Merrimac Chemical Co.,1387,NA,NA
14104,Re. vele Sugar Refining Co.,1387,NA,NA
14113,陸軍通信兵團,11223,NA,NA
14125,上海正風中學,877,NA,NA
14127,上海務本女子中學,877,NA,NA
14133,昆明煉鋼廠,556,NA,NA
14137,天津河海整委會,427,NA,NA
14139,上海羅邦傑建築事務所,877,NA,NA
14158,上海總台,877,NA,NA
14166,Mead 水電公司,1387,NA,NA
14177,William Arrol Steel Bridge Co.,1387,NA,NA
14184,南京同濟建築公司,90,NA,NA
14190,西北農工器具廠,NA,NA,NA
14205,山東堂邑縣,77,NA,NA
14237,福建工藝傳習所,61,NA,NA
14242,北平社會局,410,NA,NA
14272,杭州無線電台,999,NA,NA
14274,浙江長途電話管理處,62,NA,NA
14281,上海安迪生電器公司,877,NA,NA
14283,中國製瓷公司,877,NA,NA
14286,電燈局,NA,NA,NA
14289,教育廳,NA,NA,NA
14302,杭州中央防空學校,999,NA,NA
14307,察哈爾農專,93,NA,NA
14311,漢口江漢水利工程局,3114,NA,NA
14326,首都輪渡工程處,NA,NA,NA
14346,香港電聲行,1072,NA,NA
14348,廣東無線電專門學校,74,NA,NA
14388,江蘇淮北鹽務建沱委員會,71,NA,NA
14397,上海永安一廠,877,NA,NA
14402,四川第三行政督察區,1434,NA,NA
14408,星加坡星洲日報,14409,NA,NA
14413,中央僑務委員會,NA,NA,NA
14415,華僑招待所,NA,NA,NA
14419,廣東省政府,74,NA,NA
14426,Western Electric Company (Western Elec. Co.),1387,NA,NA
14463,上海鹽務稽核所,877,NA,NA
14468,Boston I. T.,2037,NA,NA
14470,廣東高等師範學校,74,NA,NA
14473,廣州電話總局,350,NA,NA
14475,廣州電車公司,350,NA,NA
14481,Western District Power Company 上海滬西電力公司,877,NA,NA
14485,河北省立天津中學,427,NA,NA
14501,河南水利處,66,NA,NA
14503,四川水利局,1434,NA,NA
14507,大益成紗廠,2313,NA,NA
14519,Chicago and Eastern Illinois Railroad,140,NA,NA
14532,浙江公路管理局,62,NA,NA
14555,湖南裕甡公司,67,NA,NA
14568,天津廣播電台,427,NA,NA
14628,青島港政局,2331,NA,NA
14631,山東長途電話局,77,NA,NA
14633,青島化學工業社,2331,NA,NA
14645,浙江廣播,62,NA,NA
14649,路燈股,NA,NA,NA
14655,空軍機械學校,14656,NA,NA
14674,英國橋梁公司,125,NA,NA
14692,張家口市政處,8012,NA,NA
14697,葫蘆島北寧路港務處,10648,NA,NA
14707,陝西涇惠渠管理局,78,NA,NA
14715,江南河海工程處,14716,NA,NA
14720,江南水利工程處,14716,NA,NA
14730,嘉興民豐紙廠,1604,NA,NA
14732,江蘇長途電話省交換所,71,NA,NA
14740,北平香山慈幼院,410,NA,NA
14743,上海江海關郵,877,NA,NA
14749,廣州建設處,350,NA,NA
14763,豐田紗廠,NA,NA,NA
14766,大生紗廠,NA,NA,NA
14769,Sung Sing Cotton Mills 申新紡織廠,877,NA,NA
14775,北寧鐵路天津機務段,427,NA,NA
14789,山東路政總局,77,NA,NA
14794,山東省會市政廳,77,NA,NA
14795,江蘇省立鹽城中學,496,NA,NA
14798,江蘇省立如皋中學,2352,NA,NA
14801,江蘇省立南通中學,562,NA,NA
14808,唐山工廠,445,NA,NA
14813,山東魯大煤礦公司,77,NA,NA
14824,南京興業建築公司,90,NA,NA
14833,山東滕縣,14834,NA,NA
14836,山東陽穀縣,3916,NA,NA
14838,山東第十四區,77,NA,NA
14847,四川財政廳,1434,NA,NA
14849,四川省長公署,1434,NA,NA
14852,四川公立工專,1434,NA,NA
14855,成屬公立中學,1434,NA,NA
14857,四川省立工學院,1434,NA,NA
14859,四川度量衡檢定所,1434,NA,NA
14876,哈爾濱中俄工業大學,13060,NA,NA
14882,德國立材料試驗所,121,NA,NA
14888,洛陽工程處,2183,NA,NA
14894,總理陵園管理委員會,NA,NA,NA
14914,美國馬克橋梁公司,1387,NA,NA
14920,國道設計委員會,NA,NA,NA
14948,鴻章紗廠,NA,NA,NA
14950,九江久興紗廠,3265,NA,NA
14960,嘉興民豐造紙廠,NA,NA,NA
14969,安徽水利局,60,NA,NA
14974,中岩銅冶鍊所,258,NA,NA
14976,仙山製鐵所,NA,NA,NA
14978,重慶銅元局,1270,NA,NA
14981,綦江縣建設局,4795,NA,NA
14984,綦江謙餘礦業公司,4795,NA,NA
15001,Junker Ruh,121,NA,NA
15003,BEN,121,NA,NA
15017,蚌埠交通兵團,1028,NA,NA
15024,日東三菱航空發動機製作所,258,NA,NA
15036,梅縣東山中學,566,NA,NA
15038,梅縣梅北中學,566,NA,NA
15068,江南製造局,14716,NA,NA
15079,Cockenill 煤礦,2753,NA,NA
15081,四川省公署,1434,NA,NA
15083,礦質分化局,NA,NA,NA
15087,四川工專,1434,NA,NA
15089,鷄鳴山煤礦,NA,NA,NA
15105,Marconi 廠,125,NA,NA
15107,Eiffel Tower,1948,NA,NA
15109,美 R. C. A.,1387,NA,NA
15127,烟台電報局,6947,NA,NA
15130,北戴河電報局,15131,NA,NA
15134,烟濟電線工程處,NA,NA,NA
15147,武昌江漢造船廠,1036,NA,NA
15149,漢口市立職業學校,2380,NA,NA
15155,亞洲合記機器公司,NA,NA,NA
15161,上海義品銀行建築部,877,NA,NA
15163,江蘇溧武公路,71,NA,NA
15183,河南第四水利局,66,NA,NA
15206,National Cask Register Co.,1387,NA,NA
15209,上海合興機器製造廠,877,NA,NA
15228,廣東士敏土廠,74,NA,NA
15302,九江市政府,3265,NA,NA
15321,南京基泰工程處,90,NA,NA
15400,南京兵工專門學校,90,NA,NA
15417,紐約 John Compell 公司  New York John Compell Company,1387,NA,NA
15420,湖南第一紗廠,67,NA,NA
15422,棉業統制委員會,NA,NA,NA
15425,中國銀行,NA,NA,NA
15437,溫州通易礦務公司,9204,NA,NA
15446,四川省立師範,1434,NA,NA
15449,上海郵政局,877,NA,NA
15458,Jingxing Mining Affairs Bureau 河北井陘礦務局,632,NA,NA
15476,湖北漢宜公路,68,NA,NA
15500,三友實業社,877,NA,NA
15530,江蘇賑務處,71,NA,NA
15545,Birmingham University,3552,NA,NA
15566,National Economic Council 全國經濟委員會,90,NA,NA
15596,康益洋行曹娥江工程處,NA,NA,NA
15604,Oklahoma University,178,NA,NA
15613,范文照建築師事務所,NA,NA,NA
15634,塘沽黃海化學工業研究社,5751,NA,NA
15644,定襄第二高小校,723,NA,NA
15646,定襄初中,723,NA,NA
15648,奉天禮和洋行,NA,NA,NA
15650,上海禮和洋行,NA,NA,NA
15657,大新振記染織廠,NA,NA,NA
15666,Städtisches Bauamt,121,NA,NA
15670,國立藝專,NA,NA,NA
15679,廣西鍾山太和錫礦,NA,NA,NA
15692,美國聖德菲鐵路公司,1387,NA,NA
15694,隴海路工務處,NA,NA,NA
15696,京奉路,NA,NA,NA
15698,關外打通枝線,NA,NA,NA
15708,防空學校修理廠,NA,NA,NA
15744,北京農業大學,410,NA,NA
15746,京師大學,410,NA,NA
15749,鄂東公路,NA,NA,NA
15751,陝西西荊公路,78,NA,NA
15781,天津河北郵政局,427,NA,NA
15789,育德女子師範學校,NA,NA,NA
15791,河北省立醫學院,63,NA,NA
15803,幣制局,NA,NA,NA
15805,南京造幣廠,90,NA,NA
15818,北平工學院,410,NA,NA
15831,督辦漢口建築商場事宜處,2380,NA,NA
15833,交通傳習所,NA,NA,NA
15850,Xi'an–Hanzhong Highway 陝西寶鷄西漢公路,78,NA,NA
15876,江蘇松江中學,1409,NA,NA
15882,Gutehoffnungshütte,121,NA,NA
15894,視察路工司,NA,NA,NA
15898,山西軍人工藝學校,726,NA,NA
15899,巴拿馬賽會,1387,NA,NA
15903,路政司,NA,NA,NA
15905,西北水壓機廠,NA,NA,NA
15911,Guangzhou–Sanshui Railway 廣三鐵路,350,NA,NA
15917,技術標準各委員會,NA,NA,NA
15919,全國運動大會,NA,NA,NA
15921,中央體育場,NA,NA,NA
15926,鐵道生規委員會,NA,NA,NA
15928,全國鐵道材料會,NA,NA,NA
15930,粵漢鐵路整理計劃委員會,NA,NA,NA
15934,代理新路委員會,NA,NA,NA
15937,交通部滬漢電報幹,NA,NA,NA
15951,無錫揚水白茆閘工程處,NA,NA,NA
15982,北平清河鎮製呢廠,NA,NA,NA
15989,南京中央軍校,90,NA,NA
15991,泰縣建設局,1748,NA,NA
15999,安慶電燈廠,1910,NA,NA
16002,河北實業廳,NA,NA,NA
16019,山東沂水縣政府,16021,NA,NA
16032,大阪發動機株式會社,551,NA,NA
16039,山西綏靖公署,726,NA,NA
16042,山西鑿井局,76,NA,NA
16048,上海美國自動電氣公司,NA,NA,NA
16057,山東堂邑縣政府,16058,NA,NA
16080,河南葉縣中學,66,NA,NA
16095,海軍部,NA,NA,NA
16107,晉恆造紙廠,NA,NA,NA
16119,山東工業專門學校,77,NA,NA
16130,南京鹽務稽核所,90,NA,NA
16142,別子銅山,258,NA,NA
16144,二瀨炭礦,NA,NA,NA
16147,小阪銅山,NA,NA,NA
16155,山東魯大礦美公司,NA,NA,NA
16159,山東博山悅昇煤礦,77,NA,NA
16170,浦口永利化學工業公司,374,NA,NA
16182,福州市工務局,419,NA,NA
16184,河南潢川九區築路處,66,NA,NA
16188,Gansu Construction Bureau 甘肅建設廳,9601,NA,NA
16198,韶坪公路工程處,NA,NA,NA
16211,裕昌造紙廠,NA,NA,NA
16213,協義繅絲廠,NA,NA,NA
16246,第七平定職業中學,NA,NA,NA
16248,山西保晉煤礦公司,NA,NA,NA
16277,河南大城煤礦,12542,NA,NA
16280,黑龍江鶴岡煤礦,65,NA,NA
16284,饅頭山協記煤礦公司,NA,NA,NA
16288,四川省立甲種工業學校,NA,NA,NA
16290,高等蠶絲學校,NA,NA,NA
16292,成都晶星發電廠,NA,NA,NA
16294,四川兵工廠,1434,NA,NA
16297,二十九軍綿陽修械所,NA,NA,NA
16306,上海光華絲光染織廠,877,NA,NA
16308,上海大華印染廠,877,NA,NA
16329,察哈爾財政廳,NA,NA,NA
16365,西康金礦局,95,NA,NA
16382,重慶自來水廠,1270,NA,NA
16385,兩路機務處,NA,NA,NA
16387,滬杭機務段,NA,NA,NA
16389,鞏縣兵工廠,1002,NA,NA
16401,銅山機廠,NA,NA,NA
16407,廣東台山工務局,4977,NA,NA
16409,Wuzhou Public Works Department 梧州市工務局,4962,NA,NA
16414,江蘇建設處,71,NA,NA
16416,鎮江建設局,1618,NA,NA
16420,衡陽材料廠,459,NA,NA
16424,美 National Paper Factory,1387,NA,NA
16431,華興造紙公司,NA,NA,NA
16433,敍昆鐵路,NA,NA,NA
16447,濟南電台,NA,NA,NA
16449,烟台電台,NA,NA,NA
16451,汕頭電台,NA,NA,NA
16453,南京電台,NA,NA,NA
16469,上海市社會局,877,NA,NA
16472,美紐約港務局,NA,NA,NA
16474,英倫敦港務局,NA,NA,NA
16477,碼頭倉庫管理處,NA,NA,NA
16496,漢口第一紡織公司,2380,NA,NA
16504,汕頭無線電台,2383,NA,NA
16507,安慶無線電台,1910,NA,NA
16509,長沙無線電台,590,NA,NA
16512,歸綏電報局,16514,NA,NA
16516,靑島電報局,NA,NA,NA
16524,修改稅則委員會,NA,NA,NA
16543,資源委員會礦,NA,NA,NA
16551,河南中州大學,66,NA,NA
16553,河南實業廳,66,NA,NA
16555,甘肅兵工礦師養成所,69,NA,NA
16557,甘肅省政府,69,NA,NA
16559,陝西省政府,78,NA,NA
16562,礦產調查研究所,NA,NA,NA
16590,New York University (美 N. Y. U.),8693,NA,NA
16605,沙市電話局,16606,NA,NA
16609,揚州江北長途電話管理處,4423,NA,NA
16611,蚌埠電話局,1028,NA,NA
16613,洛陽電話局,2183,NA,NA
16616,漢口電話局,2380,NA,NA
16644,天津津通公路,NA,NA,NA
16648,鄭州高埠籌備處,NA,NA,NA
16650,湖北陽宋公路,NA,NA,NA
16666,河南禹縣濟眾煤礦,3803,NA,NA
16700,Central Aircraft Manufacturing Company 中央杭州飛機製造廠,999,NA,NA
16702,天津航業公司,427,NA,NA
16714,蕪湖明遠電氣公司,3703,NA,NA
16720,甘肅省立第一工業學校,69,NA,NA
16746,熱河北票煤礦,4276,NA,NA
16751,河北豐潤縣立中學,2884,NA,NA
16802,陝西涇惠渠,78,NA,NA
16807,天津中日中學,427,NA,NA
16814,濟南信昌洋行,1177,NA,NA
16819,法國聖大無線電台,159,NA,NA
16821,巴黎郵電部,1948,NA,NA
16823,平津廣播電台,NA,NA,NA
16834,河南電話管理局,66,NA,NA
16849,美國紡織廠針織廠,1387,NA,NA
16860,天津工商學院,427,NA,NA
16862,湖北農產整理運銷處,68,NA,NA
16876,James Bertram & Son Ltd. Bonnington Paper Mills,125,NA,NA
16882,河北工業學校,63,NA,NA
16902,東三省交通委員會,NA,NA,NA
16905,東北工廠,NA,NA,NA
16926,天津中國國貨銀行,427,NA,NA
16928,天津師範學校,427,NA,NA
16933,河北統稅總局,63,NA,NA
16935,河北新城縣,63,NA,NA
16937,行唐縣,9346,NA,NA
16939,河南大成煤礦公司,NA,NA,NA
16944,陝西西安建設委員會工務處,2596,NA,NA
16954,濰縣大華染織廠,9613,NA,NA
16965,哈爾濱電業局電車廠,13060,NA,NA
16967,哈爾濱電廠,13060,NA,NA
16982,塘沽機務段,5751,NA,NA
17007,廣西公路管理局,73,NA,NA
17033,安那康打銅礦公司銅礦,1387,NA,NA
17035,冶銅廠,1387,NA,NA
17037,Los Angeles 礦廠機器廠,1387,NA,NA
17039,Los Angeles 銅礦公司,1387,NA,NA
17041,湖北大冶富源煤礦公司,382,NA,NA
17047,武漢大學工學院,356,NA,NA
17058,廣州石井兵工廠,350,NA,NA
17085,天津中國工程公司,427,NA,NA
17087,山西水利局,76,NA,NA
17091,河南水利工程專校,66,NA,NA
17143,鍋爐廠,NA,NA,NA
17178,市中心區域建設委員會,877,NA,NA
17188,茂生洋行,877,NA,NA
17191,國務院,NA,NA,NA
17195,河北官產總處灤縣官產局,1659,NA,NA
17197,北平華信建築公司,NA,NA,NA
17213,山西工專機械工廠,76,NA,NA
17216,美國礦廠,NA,NA,NA
17226,吉林省垣自來水籌備處,72,NA,NA
17228,長春市政委員會,755,NA,NA
17230,Zhejiang Electricity Department 浙江省電氣局,62,NA,NA
17255,Michigan 銅礦公司,199,NA,NA
17259,河北昌平分水嶺,NA,NA,NA
17262,山西農礦廳,NA,NA,NA
17266,山東省政府建設廳,77,NA,NA
17295,漢陽兵工專門學校,1120,NA,NA
17311,鎭江大照電氣公司,1618,NA,NA
17320,天津銀元局,427,NA,NA
17322,勸業鐵工廠,NA,NA,NA
17374,汕頭治河處,NA,NA,NA
17393,大沽平津修械廠,NA,NA,NA
17396,山西育才煉鋼機器廠,NA,NA,NA
17403,Decatur Bridge Co.,1387,NA,NA
17408,山東煙維汽車公司,77,NA,NA
17411,天津濟安自來水公司,427,NA,NA
17413,山西雍裕紗廠,NA,NA,NA
17418,萬國奶品公司,NA,NA,NA
17438,首都道路工程處,NA,NA,NA
17441,首都建設委員會,NA,NA,NA
17446,南京市政府,90,NA,NA
17501,上海鍊銅廠,877,NA,NA
17515,上海社會局,877,NA,NA
17520,石家莊礦業監理委員會,2992,NA,NA
17524,廣州良友村,350,NA,NA
17551,北平福公司,410,NA,NA
17553,比國營業公司,NA,NA,NA
17555,荷蘭銀公司,NA,NA,NA
17558,開灤礦務公司,NA,NA,NA
17560,天津裕津公司,427,NA,NA
17576,西南聯合大學,556,NA,NA
17584,鄞縣縣政府,1161,NA,NA
17599,華中營業公司,NA,NA,NA
17631,水電廠,NA,NA,NA
17642,上海通用洋行,877,NA,NA
17644,泰和洋行,9575,NA,NA
17648,上海公茂機器造船廠,877,NA,NA
17652,龍潭中國水泥廠,44472,NA,NA
17660,交通部全州機廠,NA,NA,NA
17674,山西兵工廠,76,NA,NA
17690,寧波職業中學,1736,NA,NA
17697,上海安迪生燈泡廠,877,NA,NA
17699,Oppel Electric Mfg. Co. Ltd. 中國亞浦耳電器廠,877,NA,NA
17736,長沙高級中學,590,NA,NA
17741,宣化鷄鳴山煤礦,1299,NA,NA
17744,穆稜煤礦,17745,NA,NA
17747,馬家溝開灤礦務局,445,NA,NA
17756,首都警察廳,NA,NA,NA
17760,九江市政委員會,3265,NA,NA
17783,上海泰來洋行,877,NA,NA
17798,塘沽黃海化學社,5751,NA,NA
17814,日本東京池貝發動機,604,NA,NA
17820,芝浦及東京煤氣電氣公司,604,NA,NA
17823,淸河航空工廠,NA,NA,NA
17827,天津工業專門學校,427,NA,NA
17832,東莞糖廠化驗系,1817,NA,NA
17838,北平工業學校,410,NA,NA
17840,南京中央軍官學校,90,NA,NA
17848,保定育德中學,12923,NA,NA
17853,保定醫學院,12923,NA,NA
17861,Babcock & Wilcox Ltd.,125,NA,NA
17867,石家莊電燈公司,2992,NA,NA
17872,北平師範,410,NA,NA
17906,廣西南寧染織廠,73,NA,NA
17909,然河北票煤礦公司,63,NA,NA
17939,天津特別一區公署,427,NA,NA
17958,江蘇土地局全省土地測量隊,71,NA,NA
17960,江蘇地政局,71,NA,NA
17966,日本大阪 General Motors Co. 工場,551,NA,NA
17971,川崎造船所,17972,NA,NA
17974,湖北第一監獄,68,NA,NA
17976,湖北第四區專員公署,68,NA,NA
17980,中華大學,410,NA,NA
17982,湖北航業局,68,NA,NA
17984,湖北修械所,68,NA,NA
17993,Taikoo Dockyard and Engineering Company 太古船塢,1072,NA,NA
17995,Pierce Arrow Federalmotor Car Co.,1387,NA,NA
17997,Pierce Arrow Federalmotor Truck Co.,1387,NA,NA
18006,湘桂路,NA,NA,NA
18012,石家莊大興紗廠,2992,NA,NA
18039,晉綏兵工礦產測採局,NA,NA,NA
18049,法國南部電氣煉鋼廠,159,NA,NA
18051,巴黎自動車製造廠,1948,NA,NA
18053,漢陽兵工廠專門學校,1120,NA,NA
18061,西安綏靖公署汽車廠,2596,NA,NA
18064,北平華商電燈公司修造廠,410,NA,NA
18070,河南民生煤礦公司,66,NA,NA
18075,平西齋堂煤礦公司,NA,NA,NA
18077,張都鐵路,NA,NA,NA
18080,北平美滿公司,410,NA,NA
18084,廣州電力管理處,350,NA,NA
18103,上海恆昌機器廠,877,NA,NA
18120,南通大生第一紡織公司,562,NA,NA
18133,大同保晉礦務公司,743,NA,NA
18136,山西軍人煤廠,76,NA,NA
18139,山西同寶煤礦,76,NA,NA
18143,壽陽保晉礦務分公司,749,NA,NA
18156,大益成紡織公司,NA,NA,NA
18157,淸華工程公司,NA,NA,NA
18159,雍裕紡織公司,NA,NA,NA
18172,江西實業廳,70,NA,NA
18181,江西工業專科學校,70,NA,NA
18185,江西礦業地質調查所,70,NA,NA
18189,首都鐵路輪渡工程處,NA,NA,NA
18200,秦皇島柳江煤礦公司,2801,NA,NA
18215,中國公學理工學院,11223,NA,NA
18221,中法工學院,877,NA,NA
18232,美國鋼鐵廠,1387,NA,NA
18241,Commercial Soap Co.,1387,NA,NA
18243,瀋陽北寧琺瑯工廠,511,NA,NA
18245,強華搪瓷鋁器製造廠,NA,NA,NA
18249,雲南工業試驗所,81,NA,NA
18253,湖北漢安公路,68,NA,NA
18265,Robert Cran Co.,125,NA,NA
18267,Wallace 鑄造廠,125,NA,NA
18274,小呂宋椰油公司,NA,NA,NA
18276,閩南民辦汽車路公司,NA,NA,NA
18278,汕頭市政局,2383,NA,NA
18280,韓工冶河處,NA,NA,NA
18282,浦泉洋龍公路處,NA,NA,NA
18284,泉州市政,6394,NA,NA
18290,長沙高級工業學校,590,NA,NA
18308,武昌陸軍,1036,NA,NA
18310,中華電線製造廠,NA,NA,NA
18312,武昌第一中學校,1036,NA,NA
18329,比京及德國來因省,NA,NA,NA
18331,河北開灤礦,63,NA,NA
18333,奉天張嶺鐵礦,64,NA,NA
18335,熱河北票煤礦總公司,94,NA,NA
18341,礦產化驗所,590,NA,NA
18353,廣州國華織造廠,350,NA,NA
18375,豫皖綏靖主任公署,NA,NA,NA
18391,首都電廠新廠,NA,NA,NA
18398,英商耶木製造廠,NA,NA,NA
18402,上海寧紹輪船公司,877,NA,NA
18404,上海國營招商局,877,NA,NA
18410,上海市工業試驗所,877,NA,NA
18428,上海中國無線電公司,877,NA,NA
18432,無錫電話公司,1664,NA,NA
18434,崑山電話公司,1636,NA,NA
18436,太倉電話公司,2641,NA,NA
18438,溧陽電話公司,9592,NA,NA
18443,上海章華毛絨紡織廠,877,NA,NA
18449,長沙湖南電燈公司,590,NA,NA
18451,湖南教育廳,67,NA,NA
18469,南陽專員公署,9772,NA,NA
18476,南昌師範學校,522,NA,NA
18479,江西省立第一中學教,70,NA,NA
18489,安慶公路局,NA,NA,NA
18494,巴黎 Institut Catholique (Institut Catholique de Paris),1948,NA,NA
18496,Parfumerie Houbigant,1948,NA,NA
18499,湖北工業化驗社,NA,NA,NA
18501,應城石羔物品製造廠,NA,NA,NA
18504,中國利華化學工業社,NA,NA,NA
18548,上海茂和公司,877,NA,NA
18561,廣東第一兵器製造廠,74,NA,NA
18569,北平天壇無線電,410,NA,NA
18583,北票煤礦公司,4276,NA,NA
18596,山東省立第六中學,77,NA,NA
18613,銅山電報局,NA,NA,NA
18621,美國墾務局,NA,NA,NA
18623,龍溪河水力發電工程處,NA,NA,NA
18629,首都電話局,90,NA,NA
18631,山東平陰縣科,18632,NA,NA
18634,濟南趵突泉自來水籌備委員會,NA,NA,NA
18645,四行儲蓄會,NA,NA,NA
18659,天津市南開中學,427,NA,NA
18661,同豐煤礦公司,NA,NA,NA
18666,廣州自來水廠,350,NA,NA
18674,河北省立工業學院,427,NA,NA
18680,武昌國營金水流域農場,1036,NA,NA
18705,上海前元實業公司,877,NA,NA
18707,六合工程貿易公司,4297,NA,NA
18709,瀋陽中國建業公司,511,NA,NA
18711,哈爾濱中國建業公司,13060,NA,NA
18713,上海荷蘭治港公司,877,NA,NA
18715,董大酉聯合建築師事務所,NA,NA,NA
18727,工商部,NA,NA,NA
18748,大庾縣政府,6572,NA,NA
18751,江西地質礦業,70,NA,NA
18767,賈汪華東煤礦,11343,NA,NA
18803,日本足尾銅山 （Ashio Copper Mine),18805,NA,NA
18812,雲南農礦廳,81,NA,NA
18814,無錫麗新染織整理廠,1664,NA,NA
18817,雲南建設廳,81,NA,NA
18823,廣西電政管理局,73,NA,NA
18827,天津順直水利委員會,427,NA,NA
18885,江蘇第一中學,71,NA,NA
18888,中央組織部,NA,NA,NA
18892,南京廣播無線電台,90,NA,NA
18895,中央短波無線電台,NA,NA,NA
18912,法國巴黎汽車製造廠,1948,NA,NA
18914,Nancy 鑄鋼廠,4095,NA,NA
18923,鄭州職工學校,2496,NA,NA
18943,福州短波無線電台,419,NA,NA
18955,四川工學院,607,NA,NA
18963,河南羅山路,66,NA,NA
18974,"基泰建築工程司 (Kwan, Chu and Yang Architects)",NA,NA,NA
18983,南京總理陵園管理委員會,90,NA,NA
19014,天津督辦水災河工處測量局,427,NA,NA
19044,台山縣立中學,4977,NA,NA
19046,廣東省立第一女子中學,74,NA,NA
19067,江蘇長途電話處,71,NA,NA
19074,青島膠澳商埠港政局,2331,NA,NA
19076,青島市港務局,2331,NA,NA
19086,唐山華新紡織染廠,445,NA,NA
19138,福建海軍船政局,61,NA,NA
19154,香港大學,1072,NA,NA
19164,上海新裕一廠,877,NA,NA
19178,太原修機所廠,726,NA,NA
19181,壬申製造廠,NA,NA,NA
19183,太原西北機械廠,726,NA,NA
19200,Sichuan Highway Department 四川公路局,1434,NA,NA
19207,濟南利荷汽車路局,1177,NA,NA
19209,靑島民生工廠,2331,NA,NA
19211,北洋染織廠,NA,NA,NA
19213,競美礦石製造廠,2331,NA,NA
19223,Pittsburg Coal Company,1801,NA,NA
19225,長沙公立專門學校,590,NA,NA
19227,湖南省營礦務總局,67,NA,NA
19230,湖北東山煤礦公司,68,NA,NA
19232,湖南硝礦局,67,NA,NA
19237,漢陽湖北省立高級中學,1120,NA,NA
19246,鎮江省立民衆教育館,1618,NA,NA
19251,大華電器公司,NA,NA,NA
19260,蕪湖電廠,3703,NA,NA
19262,南昌中央飛機製造工廠,522,NA,NA
19277,南京中學,90,NA,NA
19285,山西省立第一中學,76,NA,NA
19287,新民中學,NA,NA,NA
19290,太原三晉中學,726,NA,NA
19306,漳州無線電台,4561,NA,NA
19308,杭州中央航空學校,999,NA,NA
19336,Yunnan–Burma Railway 滇緬鐵路,556,NA,NA
19348,無錫市政局建設股,1664,NA,NA
19350,私立無錫中學校,1664,NA,NA
19391,河北同義煤礦,63,NA,NA
19410,四洮路局,NA,NA,NA
19416,Wuhu–Zhapu Railway 蕪乍鐵路,14716,NA,NA
19419,鐵道材料工廠,NA,NA,NA
19428,山東第三水利區水利,77,NA,NA
19430,山東濱蒲利廣霑棣游荒設治籌備處,3760,NA,NA
19432,山東平原建設,77,NA,NA
19466,太原西北毛織廠,726,NA,NA
19494,美國騰倫溪管理局,1387,NA,NA
19508,湖北六河溝製鐵公司,12726,NA,NA
19544,常熟市政工程處,807,NA,NA
19549,江門市政廳,19550,NA,NA
19552,江門市政局,19550,NA,NA
19554,新會縣政府,2780,NA,NA
19556,廣東木炭汽車爐製造廠,74,NA,NA
19558,番禺縣政府,449,NA,NA
19565,天津河東中學,427,NA,NA
19569,綏遠實業廳,96,NA,NA
19579,河北教育廳,63,NA,NA
19593,China Navigation Company 太古輪船公司,427,NA,NA
19612,無線電管理處,NA,NA,NA
19614,上海蘇州中學,877,NA,NA
19617,監察院,NA,NA,NA
19625,京都工業試驗所,2585,NA,NA
19628,日本東亞洋灰場,258,NA,NA
19642,英國 M. V. 電機製造廠,125,NA,NA
19667,浙江吳興電氣公司,1113,NA,NA
19674,漢口揚子煉鐵廠,2380,NA,NA
19683,廣東省營製紙廠,74,NA,NA
19687,西安建設委員會,NA,NA,NA
19695,山西晉華紡織公司,76,NA,NA
19721,山東長途電話工程隊,77,NA,NA
19725,濟寧電燈公司,3763,NA,NA
19740,本溪煤礦局,8508,NA,NA
19744,安徽華益鐵礦,60,NA,NA
19746,山東魯大公司,77,NA,NA
19748,遼寧農礦廳 (遼寧農鑛廳),64,NA,NA
19780,湖南高等工業學校,67,NA,NA
19783,山西太原軍人工藝實習廠,726,NA,NA
19786,魯案督辦公署,NA,NA,NA
19792,汕頭堤工局,2383,NA,NA
19796,天圖鐵路,NA,NA,NA
19800,山東省會廣播無線電台,77,NA,NA
19818,爰姆士銀鋁礦,121,NA,NA
19820,來呡石油礦,19821,NA,NA
19824,北平冀察政務委員會,410,NA,NA
19859,山西第七中學,76,NA,NA
19874,河南輝縣百泉鄉村師範學校,66,NA,NA
19879,大阪礮兵工廠,258,NA,NA
19883,陝西試辦礦,78,NA,NA
19885,河南無烟藥局,66,NA,NA
19889,甘肅製造局,69,NA,NA
19891,廣西兵器研究會,73,NA,NA
19927,Iowa State High Way Comm.,1387,NA,NA
19941,塘沽碱廠,5751,NA,NA
19947,天津東方鐵工廠,427,NA,NA
19977,寧海縣教育局,6169,NA,NA
19981,浙閩贛皖邊區公路,11223,NA,NA
19987,延甌公路,9204,NA,NA
19996,唐山頤中運銷烟草公司,445,NA,NA
20005,香港富隆建築公司,1072,NA,NA
20006,鹽務稽核總所,NA,NA,NA
20042,山東省立第一職業學校,77,NA,NA
20046,山東省立職業學校,77,NA,NA
20054,浙江瑞安電報局,3884,NA,NA
20108,美國弗魯列達省橋樑公司,20109,NA,NA
20111,太湖水利局,NA,NA,NA
20113,蘇州布政籌備處,1315,NA,NA
20117,吳縣清丈隊,1079,NA,NA
20119,蘇州工業學校,1315,NA,NA
20147,遼寧大北金鐵公司,64,NA,NA
20149,遼寧礦務總局,64,NA,NA
20151,河北平興煤礦公司,63,NA,NA
20153,北京鹽務總稽核,410,NA,NA
20155,山西河東鹽務稽核分所,NA,NA,NA
20158,四川鹽務稽核分所,1434,NA,NA
20160,福建鹽務稽核分所,61,NA,NA
20162,兩浙鹽務稽核分所,NA,NA,NA
20164,河北密雲平泰礦業公司,NA,NA,NA
20180,四川鋼鐵廠,1434,NA,NA
20185,中華教育文化基金董事會,410,NA,NA
20198,北平電報局/北京電報局,410,NA,NA
20229,哈爾濱市政府,13060,NA,NA
20237,Reaumont 製造廠,2753,NA,NA
20240,Gosselies 飛行場,2753,NA,NA
20242,南京及杭州航空學校,90,NA,NA
20257,大有利電業公司,NA,NA,NA
20265,蘇淞機務段,NA,NA,NA
20272,北京電車公司,410,NA,NA
20274,北京工業專門學校,410,NA,NA
20287,CahIsehenk Hensehele-Sohr 廠,121,NA,NA
20304,龍西渠工程處,NA,NA,NA
20318,無錫建設局,1664,NA,NA
20364,海南島瓊崖鐵路 (琼崖鐵路),13914,NA,NA
20371,上海奇異安迪生電器公司,877,NA,NA
20373,昌明電器公司,NA,NA,NA
20375,中元製造廠,NA,NA,NA
20378,中央電瓷製造廠,NA,NA,NA
20386,American Smelting and Refining Company (Amer. Smelting Co.),113,NA,NA
20389,福中礦務大學,3074,NA,NA
20398,山西榆次魏榆初級商業職業學校,20399,NA,NA
20426,太原電燈新記公司,726,NA,NA
20438,芷江第六職業學校,1589,NA,NA
20447,紐約工務局,8693,NA,NA
20452,美國畢士恒鋼鐵廠,1387,NA,NA
20455,無烟彈廠,NA,NA,NA
20473,輝縣,20470,NA,NA
20477,雲南水利總局,81,NA,NA
20479,迤西公路,81,NA,NA
20481,昆明市工務局,556,NA,NA
20483,East Continent University 東陸大學,81,NA,NA
20485,雲南霑益縣,81,NA,NA
20520,河南中原公司第一礦廠,66,NA,NA
20524,中原礦廠,NA,NA,NA
20533,"Lam, Glines & Co 天津允元實業公司",427,NA,NA
20538,四平街中華興業公司,NA,NA,NA
20542,江蘇水利局,71,NA,NA
20560,雲南公路局,81,NA,NA
20562,中央林區管理局,NA,NA,NA
20565,雲南錫鐵工程處,81,NA,NA
20584,江西瓷業公司,70,NA,NA
20587,江西饒州陶業學校,70,NA,NA
20590,江西窰業學校,70,NA,NA
20593,江西陶務局,70,NA,NA
20601,Ta Chung Steel and Iron Foundry 大中煤礦公司,410,NA,NA
20608,青島市政局,2331,NA,NA
20621,交通部法規委員會,NA,NA,NA
20623,武漢市工務局,356,NA,NA
20628,湖北公路局,68,NA,NA
20631,鋼鐵廠建築工程處,NA,NA,NA
20638,晉北礦路務科,12012,NA,NA
20640,西北實業第一礦廠,NA,NA,NA
20664,Basse Isere 發電所,159,NA,NA
20666,Chambon 堤壩建築工程處,159,NA,NA
20668,重慶民生實業公司,1270,NA,NA
20670,高坑岩水力發電廠,NA,NA,NA
20679,杭州皮革廠,999,NA,NA
20681,江測丈隊,NA,NA,NA
20683,軍政部學兵隊,NA,NA,NA
20685,Gong County Military Factory 河南鞏縣兵工分廠,1002,NA,NA
20700,青島水道事務所,2331,NA,NA
20702,東北電信學校,NA,NA,NA
20704,青島工程事務所,2331,NA,NA
20707,水道部,NA,NA,NA
20708,遼寧市自動電話局,64,NA,NA
20720,英國帕概特鋼廠,125,NA,NA
20722,太原工專,726,NA,NA
20725,山西陽泉保晉鐵廠,76,NA,NA
20739,河南礦業技師事務所,66,NA,NA
20753,陝西咸檢路測量隊,78,NA,NA
20766,日本釜石製鐵所,20767,NA,NA
20780,Indiana Highway Department,228,NA,NA
20782,Pennsylvania Highway Department (Penn. Highway Dept.),135,NA,NA
20795,大連滿鐵工廠,1940,NA,NA
20809,上海馥記營造廠,877,NA,NA
20811,國府電台,NA,NA,NA
20832,徐州寳興麵粉公司,4492,NA,NA
20850,開封同成建築公司,717,NA,NA
20871,武昌裕華紡織廠,1036,NA,NA
20885,AEG Aktiengesellschaft,432,NA,NA
20887,Friedrich Krupp AG,NA,NA,NA
20895,上海潔麗工程公司,877,NA,NA
20909,河南第一高中,66,NA,NA
20917,河北公路局,63,NA,NA
20920,山西建設委員會,76,NA,NA
20922,山西村政處,76,NA,NA
20955,山東霑化縣政府,6629,NA,NA
20960,Sir W.G. Armstrong Whitworth & Co. Ltd.,125,NA,NA
20962,Parsons,125,NA,NA
20982,溫州普華電燈公司,9204,NA,NA
20984,東甄電話公司,NA,NA,NA
20988,景德鎮景耀電燈公司,NA,NA,NA
20990,上海開洛電話機器公司,877,NA,NA
20992,康福公司,NA,NA,NA
21034,蕪湖市政督辦公署,3703,NA,NA
21037,蘇州工專,1315,NA,NA
21048,南京高等師範,90,NA,NA
21062,Illinois Central Railroad,140,NA,NA
21076,上海馬爾康洋行,877,NA,NA
21086,湖北省政府秘書處,68,NA,NA
21101,West Virginia 公路局,274,NA,NA
21111,農本局,NA,NA,NA
21117,塘沽永利製鹼公司,5751,NA,NA
21133,中央政治委員會交通專門委員會,NA,NA,NA
21152,上海江南造紙廠,877,NA,NA
21158,河南福中公司,66,NA,NA
21226,天津華北水利委員會,427,NA,NA
21266,鋼鐵廠遷建委員會,NA,NA,NA
21276,塘沽永利鹼廠,5751,NA,NA
21293,廣州市政府,350,NA,NA
21295,廣州市自來水管理處,350,NA,NA
21298,重慶審計部,1270,NA,NA
21301,廣東省審計處,74,NA,NA
21336,青島海軍無線電台,2331,NA,NA
21349,京都市營造局,410,NA,NA
21351,通豐麵粉廠,NA,NA,NA
21359,天津中美實業公司,427,NA,NA
21374,天津裕元紗廠,427,NA,NA
21376,天津衞德洋行,427,NA,NA
21380,天津英工部局水道處,427,NA,NA
21398,徐州華東煤礦公司,4492,NA,NA
21400,高坑煤礦,NA,NA,NA
21402,思口煤礦,21403,NA,NA
21418,美 Waddell 工程師事務所,8693,NA,NA
21426,山西公路局,76,NA,NA
21437,上海費博顧問工程師事務所工程師,877,NA,NA
21442,"Mitsubishi Heavy Industries, Ltd. 日本三菱",258,NA,NA
21447,U. S. Shipping Board,NA,NA,NA
21468,山東臨沂中學,77,NA,NA
21485,南通大學,562,NA,NA
21487,南洋模範中學,NA,NA,NA
21489,泰縣電話公司,1748,NA,NA
21508,China International Famine Relief Commission 中國華洋義賑救災總會,410,NA,NA
21521,Whangpoo Conservancy Board 上海浚浦局,877,NA,NA
21525,China Radio Corporation,877,NA,NA
21530,National Health Administration,90,NA,NA
21542,北平龍烟鐵礦,410,NA,NA
21544,六河溝洋灰廠,NA,NA,NA
21558,濟南電燈電話公司,1177,NA,NA
21562,山東省立工專,77,NA,NA
21567,滕縣電燈公司,14834,NA,NA
21572,中央銀行,877,NA,NA
21574,中央信託局購料處,NA,NA,NA
21589,Yung Ku Engineering and Contracting 雲南府永固建築厰,556,NA,NA
21605,Bureau of Mineral Resources,999,NA,NA
21631,"Arnhold & Co., Ltd.",2380,NA,NA
21634,上海禮豐洋行,877,NA,NA
21639,上海謙信洋行,877,NA,NA
21650,山東省立礦業專門學校,77,NA,NA
21653,山東農礦廳,77,NA,NA
21666,Chief Inspectorate of Salt Revenue,877,NA,NA
21682,National Normal University 國立北平師範大學/北京師範大學,410,NA,NA
21685,Foh Sing Flour Mill No. 5 福新,21686,NA,NA
21691,Reconstruction Bureau Ningxia 寧夏建設廳,21693,NA,NA
21696,North China Mission Architects Bureau,410,NA,NA
21699,British Municipal Council,427,NA,NA
21712,Lushan Administrative Bureau,15308,NA,NA
21716,"Engineering Practice, Inc.",410,NA,NA
21723,Pine Wood,21724,NA,NA
21731,水線工程局,NA,NA,NA
21747,瀋陽兵工廠,511,NA,NA
21753,浙江省立農業學校,62,NA,NA
21755,浙江大學農學院,62,NA,NA
21757,杭州私立安定初中,999,NA,NA
21764,杭州電氣局,999,NA,NA
21767,上海華通電業機器廠,877,NA,NA
21777,巴黎阿爾培廠,1948,NA,NA
21779,軍政部航空學校,NA,NA,NA
21781,軍政部航空署,NA,NA,NA
21790,東北交通用品製造廠,NA,NA,NA
21793,上海亞洲電器製造廠,877,NA,NA
21796,無錫公益鐵工廠,1664,NA,NA
21807,興寶煤礦公司,NA,NA,NA
21809,趙閣莊開灤礦務局,445,NA,NA
21830,四川工業試驗所,1434,NA,NA
21837,長沙基泰工程公司,590,NA,NA
21873,察哈爾省立宣化職業學校,93,NA,NA
21875,山東泰安省立高中,6673,NA,NA
21881,廣西容蒼公路,73,NA,NA
21885,梧州自來水廠,4962,NA,NA
21887,廣西自來水廠,73,NA,NA
21891,朝陽大學,10202,NA,NA
21893,青島峯村油廠,2331,NA,NA
21895,天津京津瓷瓦廠,427,NA,NA
21898,青島商品檢驗局,2331,NA,NA
21900,青島羅氏化驗所,2331,NA,NA
21911,Osram Co.,NA,NA,NA
21920,河北廣播電台籌備處,63,NA,NA
21928,寧波工業學校,1736,NA,NA
21930,寧波師範學校,1736,NA,NA
21933,寧波商業學校,1736,NA,NA
21935,山西高等審判廳,76,NA,NA
21938,上海租界臨時法院,877,NA,NA
21941,江蘇高等法院第二分院,71,NA,NA
21956,河南第三水利,66,NA,NA
21961,土木系,NA,NA,NA
22010,商標局,NA,NA,NA
22019,漢口江防司令部,2380,NA,NA
22022,松江稅警總團司令部,1409,NA,NA
22067,南開學校,22068,NA,NA
22073,山東南運河水利局,77,NA,NA
22078,Simplex Wire and Cable Co.,15299,NA,NA
22081,航空署工廠,NA,NA,NA
22086,山西經濟設計委員會,76,NA,NA
22091,四川嘉藥製紙廠,1434,NA,NA
22112,天津電車電燈公司,427,NA,NA
22118,山西大同中學,76,NA,NA
22126,海門家庭機織業,1189,NA,NA
22138,川康綏靖公署子彈廠,NA,NA,NA
22161,Gejiu–Bisezhai Railway 雲南箇碧鐵路,81,NA,NA
22192,廣州市自動電話管理委員會,350,NA,NA
22195,廣州市電話管理處,350,NA,NA
22202,大通鐵路工段,NA,NA,NA
22238,上海大陸公司,877,NA,NA
22270,International Telephone & Telegraph,1387,NA,NA
22272,無錫耀明新記電氣公司,1664,NA,NA
22275,浙江長途電話局,62,NA,NA
22278,無錫振新紗廠,1664,NA,NA
22282,湘江電廠,16722,NA,NA
22308,莫干山電廠,NA,NA,NA
22310,瑞士埃世維電機廠,NA,NA,NA
22312,上海天利洋行,877,NA,NA
22315,成都啟明電氣公司,607,NA,NA
22324,敦化工務鐵路,NA,NA,NA
22336,山西汾河河務局,76,NA,NA
22343,長沙市政府,590,NA,NA
22346,湖南水道測量隊,67,NA,NA
22355,貴陽電報局,3924,NA,NA
22362,貴州第一中學,75,NA,NA
22364,貴陽電報學校,3924,NA,NA
22374,美國鍊鋼廠,1387,NA,NA
22376,美國銅鑛公司,1387,NA,NA
22379,濟南礦業專門學校,1177,NA,NA
22382,齊魯大學,1177,NA,NA
22384,杭州礦產調查所,999,NA,NA
22396,江西第二中學,70,NA,NA
22403,天津基泰工程司,427,NA,NA
22405,湖南垸堤,67,NA,NA
22422,福建縣政人員訓練所,61,NA,NA
22429,太原無線電信局,726,NA,NA
22431,太原廣播電台,726,NA,NA
22452,湘黔區電廠,NA,NA,NA
22456,資源委員會貴陽電廠,3924,NA,NA
22462,綏遠經濟調查團,96,NA,NA
22464,綏遠經濟建設委員會,96,NA,NA
22466,兵器研究委員會,NA,NA,NA
22468,山西火藥廠,76,NA,NA
22478,重慶渝簡馬路,1270,NA,NA
22480,Northwest University 西北大學,2596,NA,NA
22484,陝西水利工專,78,NA,NA
22490,德國 Bayer 氮氣廠,121,NA,NA
22498,上海南洋建築公司,877,NA,NA
22504,浙江廣播無綫電台,62,NA,NA
22511,福州自來水廠,419,NA,NA
22538,香港陳炳勳建築師事務所,1072,NA,NA
22563,張家口華北電燈公司,8012,NA,NA
22566,湖南保安處,67,NA,NA
22571,餘泗公路,NA,NA,NA
22600,海軍江南造船廠,14716,NA,NA
22604,上海民生公司,877,NA,NA
22610,日本明治電氣株式會社,258,NA,NA
22612,南京工專工場,90,NA,NA
22618,無錫東方電器廠,1664,NA,NA
22620,常州厚生機器廠,2406,NA,NA
22622,江蘇農具製造所,71,NA,NA
22624,阜寧建設局,342,NA,NA
22671,河北印花稅局,63,NA,NA
22673,晉城崇實初級中學校,13681,NA,NA
22683,上海招商局,877,NA,NA
22685,宜昌關監督公署,3560,NA,NA
22721,浙江電氣試驗所,62,NA,NA
22821,水災救濟委員會第十二區工賑局,NA,NA,NA
22823,山東第二區水利,77,NA,NA
22827,蚌埠電報局,1028,NA,NA
22836,上海張裕泰營造廠,877,NA,NA
22845,福建公路委員會,61,NA,NA
22847,建浦公路工程處,NA,NA,NA
22860,Mass. State Government Water Supply Dept.,144,NA,NA
22863,上海市內地自來水公司,877,NA,NA
22869,江浙農具製造所,NA,NA,NA
22880,鎢礦工程處,70,NA,NA
22884,廣西交通水利,73,NA,NA
22914,上海章華毛絨紡織公司,877,NA,NA
22918,北平丹華火柴公司,410,NA,NA
22920,Liuhegou Coal Mine Company 六河溝煤礦公司,10120,NA,NA
22930,大通煤礦廠,NA,NA,NA
22939,建設廳,NA,NA,NA
22943,麻團公路,NA,NA,NA
22972,美國自動電器公司,1387,NA,NA
22974,中國自動電話公司,NA,NA,NA
22985,鄭州豫豐紗廠,2496,NA,NA
22991,宜昌關,3560,NA,NA
22998,Ministry of Posts and Communications 郵傳部,410,NA,NA
23047,湘滇鐵路,NA,NA,NA
23051,河北疏濬滹沱河,NA,NA,NA
23073,北洋大學工學院,427,NA,NA
23087,金山初級中學,2114,NA,NA
23089,上海新中工程公司,877,NA,NA
23093,青島華新紡織公司,2331,NA,NA
23100,濟南陸大鐵工廠,1177,NA,NA
23102,天津昇昌洋行,427,NA,NA
23136,安徽教育廳,60,NA,NA
23153,葫蘆島商埠督辦,10648,NA,NA
23185,浙江東方大港,62,NA,NA
23187,陝西經惠渠,3809,NA,NA
23210,廣州劉溉漂建築師事務所,350,NA,NA
23259,湖南煉銻廠,67,NA,NA
23261,廣東實業廳,74,NA,NA
23275,蛟河工務段,23276,NA,NA
23338,日本富土製紙公司,258,NA,NA
23341,上海寶源製紙公司,877,NA,NA
23345,浙江武林製紙公司,62,NA,NA
23361,West Penn. Steel Co. U. M. Bliss Co.,135,NA,NA
23366,中央業試驗所,NA,NA,NA
23376,京兆實業廳,82,NA,NA
23378,北平鐵道大學,410,NA,NA
23392,Panhard et Levassor 汽車製造廠,159,NA,NA
23394,Flot 汽車工廠,4035,NA,NA
23396,上海快利汽車公司,877,NA,NA
23398,上海中法工業專門學校,877,NA,NA
23401,市辦公共汽車管理處,NA,NA,NA
23413,上海滬寧長途電話管理處,877,NA,NA
23415,江蘇長途電話管理處,71,NA,NA
23427,遼寧復州灣煤礦,64,NA,NA
23433,祁零煤礦,NA,NA,NA
23440,山海關東方旅行社,8312,NA,NA
23450,The Jeffery Mfg. Co.,1387,NA,NA
23452,上海麥邊洋行,877,NA,NA
23454,杭州建設廳,999,NA,NA
23456,常山煤礦,1522,NA,NA
23479,南京北極閣無線電台,90,NA,NA
23481,東南無線電台,NA,NA,NA
23497,梧州電力廠,4962,NA,NA
23518,General Railway Signal Co.,1387,NA,NA
23519,河北財政廳,63,NA,NA
23559,杭州市工務科,999,NA,NA
23593,龍潭中國水泥公司,NA,NA,NA
23595,啓新洋灰公司,445,NA,NA
23597,華記水泥公司,NA,NA,NA
23599,江南水泥公司,NA,NA,NA
23601,華中水泥廠,NA,NA,NA
23603,昆明水泥公司,556,NA,NA
23612,上海阜豐麵粉廠,877,NA,NA
23628,唐山開灤礦場,445,NA,NA
23671,大光明電氣公司,NA,NA,NA
23685,河北省立第二工科學校,63,NA,NA
23689,上海審計處,877,NA,NA
23693,河北農學院,63,NA,NA
23733,國際聯盟交通技術委員會,NA,NA,NA
23747,Boeing Airplane Co.,23748,NA,NA
23750,海軍飛機工程處,NA,NA,NA
23752,海軍總司令部飛機處,NA,NA,NA
23754,海軍製造飛機處,NA,NA,NA
23776,唐山開灤礦務局,445,NA,NA
23779,河南新安煤礦,10928,NA,NA
23781,陝縣民生煤礦礦務處,NA,NA,NA
23785,江蘇華東煤礦,71,NA,NA
23787,宣化寶興煤礦,NA,NA,NA
23789,萬縣電報局,1350,NA,NA
23791,河北永安煤礦,63,NA,NA
23798,遼寧八道壕煤礦,64,NA,NA
23807,岳州電報局,NA,NA,NA
23809,常德電報局,402,NA,NA
23811,宜昌電報局,3560,NA,NA
23816,漢口無線電總台,2380,NA,NA
23830,天津孫恩吉鐵工廠,427,NA,NA
23832,中天電器廠,NA,NA,NA
23834,天津孫恩吉父子鐵工廠,427,NA,NA
23859,浙江航政局,62,NA,NA
23862,光華火油公司,NA,NA,NA
23871,上海開明中學,877,NA,NA
23873,淮陰師範學校,6460,NA,NA
23882,湖北開源煤礦公司,68,NA,NA
23884,鷄鳴山礦,NA,NA,NA
23886,吉林穆稜煤礦,NA,NA,NA
23893,華寶煤礦公司,77,NA,NA
23908,Grand Canal Improvement Board 督辦運河工程事宜處,427,NA,NA
23912,Tangent Manufacturing Works 譚真製造工廠,NA,NA,NA
23924,Cheng-chih Middle School,1618,NA,NA
23927,China Press,NA,NA,NA
23930,Red Cross Wuchang,1036,NA,NA
23942,Kiangsu Grand Canal Board,4423,NA,NA
23964,協興煤礦公司,743,NA,NA
23966,中和煤礦公司,NA,NA,NA
23980,湖北第十區專員公署,68,NA,NA
23983,川湘公路黔江段工程處,NA,NA,NA
23989,上海中興煤礦總公司,877,NA,NA
24032,陝西榆林工業職業學校,78,NA,NA
24035,宣化工業職業學校,1299,NA,NA
24048,廣西桂林區公路,73,NA,NA
24051,江西第六中學,70,NA,NA
24056,吉安市政府,8954,NA,NA
24085,安徽亳縣硝磺局,60,NA,NA
24093,河南省黨部,66,NA,NA
24100,Allis Chalmers  Mfg. Co.,277,NA,NA
24106,金陵兵工鎳銅廠,90,NA,NA
24130,中央政治軍事學校,356,NA,NA
24142,廣州無線電材料廠,350,NA,NA
24148,廣東無線電管理局,74,NA,NA
24158,南通大生三廠,562,NA,NA
24165,上海新瑞和洋行,877,NA,NA
24187,防空委員會,NA,NA,NA
24194,陸軍通信兵學校,NA,NA,NA
24200,廣西賀縣地方建設廳,73,NA,NA
24203,南寧建設廳,4422,NA,NA
24214,美國政府道路部,1387,NA,NA
24216,山東即墨縣政府,4161,NA,NA
24224,Erie R. R. Co. (Erie Railroad Co.),8693,NA,NA
24248,美國冶鍊公司,NA,NA,NA
24254,Northern Pacific Railway,204,NA,NA
24276,比京龔斯代建築公司,3060,NA,NA
24286,柏林釀造學院,432,NA,NA
24289,廣西酒精廠,73,NA,NA
24291,湖南酒精廠,67,NA,NA
24308,燃料研究室,NA,NA,NA
24329,山東歷城職業學校,10138,NA,NA
24342,山東煙台省立中學,6947,NA,NA
24357,上海浦東自來水廠,877,NA,NA
24365,華豐紡織公司,877,NA,NA
24371,震華電機製造廠,NA,NA,NA
24374,紹興大明電氣公司,909,NA,NA
24376,嘉興永明電燈公司,1604,NA,NA
24378,松江電氣公司,1409,NA,NA
24403,南鄭水利局,24404,NA,NA
24406,漢南水利局,24407,NA,NA
24423,Rowen Navarre 紙廠,159,NA,NA
24425,上海中央研究院工程研究所,877,NA,NA
24427,武昌電燈公司,1036,NA,NA
24446,山東郯城縣政府,77,NA,NA
24463,西北公路局/西北國營公路局,NA,NA,NA
24512,浦口水利錏廠,374,NA,NA
24518,南京軍事交通機械修造廠,90,NA,NA
24524,錫滬公路,NA,NA,NA
24531,山東淄川炭礦,77,NA,NA
24542,廣西政治實驗區,73,NA,NA
24553,Borsig 工廠,121,NA,NA
24570,河南沁河水利局,66,NA,NA
24574,山東長清縣政府,24578,NA,NA
24577,山東觀城縣第三科,24579,NA,NA
24588,經濟委員會棉業統制會,NA,NA,NA
24612,綏遠綏區屯墾督辦辦事處,24613,NA,NA
24619,Southern Railroad Company (Southern R. R. Co.),1387,NA,NA
24621,West Virginia State Highway Department (W. Virginia State Highway Dept),274,NA,NA
24638,雲南昆華工職學校,81,NA,NA
24645,廣州民興木廠,350,NA,NA
24656,山東恆益煤礦公司,77,NA,NA
24660,南石門口煤礦,24662,NA,NA
24666,開平礦務局,1857,NA,NA
24669,馬家溝礦務局,8709,NA,NA
24671,江蘇銀行,90,NA,NA
24715,鹽務稽核所,NA,NA,NA
24720,中國氣化鋅公司,NA,NA,NA
24722,美國黑考老深造紙機器公司,NA,NA,NA
24739,太原慎昌洋行,726,NA,NA
24748,陝西械器局第四廠,78,NA,NA
24753,三合煤礦公司,NA,NA,NA
24754,美國氣化鋅公司,NA,NA,NA
24770,河南鄭州市政工程處,2496,NA,NA
24795,New York General R.R. Co.,146,NA,NA
24805,太風長途汽車公司,726,NA,NA
24807,陝西農工機器製造廠,78,NA,NA
24831,上海無線電機製造廠,877,NA,NA
24857,山西大益成紡織公司,76,NA,NA
24863,浙江長途話務,62,NA,NA
24866,紹興電報局,909,NA,NA
24886,湖南潭寶汽車路,67,NA,NA
24888,長沙市政公所,590,NA,NA
24890,奉天京榆駐軍司令部營房,64,NA,NA
24902,塘沽永利化學工業公司,5751,NA,NA
24904,製碱廠,NA,NA,NA
24920,本溪湖煤鐵公司,NA,NA,NA
24925,東北礦務公司,NA,NA,NA
24965,溫州甌海礦業公司,24966,NA,NA
24968,湖南財政廳,67,NA,NA
24970,河南財政廳,66,NA,NA
24973,南京大陸鐵礦公司,90,NA,NA
24976,北平新利煤礦公司,410,NA,NA
24987,東京鐵道局,NA,NA,NA
25002,第一師範院,NA,NA,NA
25004,第一工學院,NA,NA,NA
25010,安徽安慶公路局,1910,NA,NA
25030,晉北峪口礦廠,12012,NA,NA
25050,崞縣中學,2071,NA,NA
25071,西安天成建築公司,2596,NA,NA
25096,University of Pittsburg,1801,NA,NA
25098,濟南山東礦業專校,1177,NA,NA
25110,川鄂電廠,25111,NA,NA
25124,太原煉鋼廠,726,NA,NA
25134,Westinghouse Air Brake Company,1801,NA,NA
25142,雲南昆華醫院,81,NA,NA
25144,箇舊衛生院,25145,NA,NA
25159,杭州自來水廠,999,NA,NA
25162,劉澗船閘工程局,7050,NA,NA
25169,保定同仁中學,12923,NA,NA
25174,重慶市電話局,1270,NA,NA
25179,鞍山製鐵所,25180,NA,NA
25183,晉察綏無線電信局,NA,NA,NA
25187,山西無線電製造廠,76,NA,NA
25189,晉綏軍無線電局,NA,NA,NA
25198,"Fay, Spofford & Thorndike",2037,NA,NA
25203,Tientsin Habor Bureau,427,NA,NA
25220,英 Manchester 工廠,25218,NA,NA
25235,Pennsylvania 鋼鐵廠,135,NA,NA
25238,Carnegie 鋼鐵廠,NA,NA,NA
25240,湖南高等師範學校,67,NA,NA
25243,湖南工專,67,NA,NA
25246,北平龍烟鐵礦公司,410,NA,NA
25255,內務部封濟國道,NA,NA,NA
25258,國道委員會,NA,NA,NA
25267,寧湘鐵路工程局,NA,NA,NA
25268,寧湘鐵路,NA,NA,NA
25270,滬寧甬路局,NA,NA,NA
25272,滬杭甬路局,NA,NA,NA
25282,光華女中,NA,NA,NA
25284,太原女子中學校,726,NA,NA
25288,上海新裕紡織公司第一工廠,877,NA,NA
25305,中國建築材料公司,NA,NA,NA
25309,漢口市立第一中學,2380,NA,NA
25319,英 Wilson & Co.,7643,NA,NA
25335,上海大元建築事務所,877,NA,NA
25346,寧波市政府工務局,1736,NA,NA
25349,上海大元營造廠,877,NA,NA
25352,昭明電氣公司,NA,NA,NA
25359,廈門電台,886,NA,NA
25370,上海縣建設局,877,NA,NA
25373,南匯縣建設局,1770,NA,NA
25379,四川自流井鹵務局,1434,NA,NA
25385,陝西省水利局,78,NA,NA
25396,聯合紡織機器總經理處,NA,NA,NA
25439,直隸工業專門學校,63,NA,NA
25442,無錫輔仁中學,1664,NA,NA
25450,江蘇工業專門學校,71,NA,NA
25459,南京東方公學,90,NA,NA
25470,水產學校,62,NA,NA
25489,湖北棉花攙水攙雜取締所,68,NA,NA
25514,益中電氣公司,NA,NA,NA
25518,第四集團軍司令部兵器研究委員會,NA,NA,NA
25521,廣西兵工,73,NA,NA
25523,廣西科學研究所,73,NA,NA
25525,南寧機械廠,4422,NA,NA
25536,上海美通汽車公司,877,NA,NA
25540,上海通用汽車公司,877,NA,NA
25542,南京國民汽車公司,90,NA,NA
25566,山東第二礦務局,77,NA,NA
25591,山西第四中學,76,NA,NA
25593,山西省立長治農科初級職業學校,1493,NA,NA
25604,陝西省立三原初級工業職業學校,2310,NA,NA
25633,上海市北中學,877,NA,NA
25635,河南南臨公路工程處,66,NA,NA
25658,日本東京島津製作所,604,NA,NA
25662,約克洋行工程部,NA,NA,NA
25665,Hitachi mfg. Co. Ltd. 日立製作所,NA,NA,NA
25666,上海琅記工程行,877,NA,NA
25670,上海電料轉運處,877,NA,NA
25682,保晉公司第三礦廠,NA,NA,NA
25688,紐約鮑爾耕工程事務所,146,NA,NA
25701,吳淞商船學校,7212,NA,NA
25703,江蘇省立水產學校,71,NA,NA
25712,開封電報局,717,NA,NA
25732,德國 Krupp 廠,121,NA,NA
25734,德國 Mauser 廠,121,NA,NA
25736,德國 Hanomag 廠,9901,NA,NA
25738,德國 Durkopp 廠,121,NA,NA
25775,American Loco. Co.,8693,NA,NA
25786,南京土地局,90,NA,NA
25800,河南建設處,66,NA,NA
25804,南京礮兵學校,90,NA,NA
25824,西康裕寧公司,95,NA,NA
25833,織維試驗室,NA,NA,NA
25857,山西省路北一段管理局,76,NA,NA
25871,直隸修治河道籌辦處,NA,NA,NA
25873,河北子牙河務局,63,NA,NA
25875,大清河河務局,427,NA,NA
25885,江蘇銅山華東煤礦,24302,NA,NA
25905,長沙杭州工專,590,NA,NA
25916,Deald Verpur 機廠,1387,NA,NA
25918,美國機械公司,1387,NA,NA
25921,上海監務稽核總所,877,NA,NA
25926,山東德縣建設廳,22850,NA,NA
25929,山東第十二區,77,NA,NA
25931,山東第三區,77,NA,NA
25937,中華教育文化基金會,410,NA,NA
25941,無線電報話管理處,NA,NA,NA
25945,航空委會,NA,NA,NA
25949,杭州國立工業專校,999,NA,NA
25951,大中華煉染整理公司,NA,NA,NA
25953,大美絲織廠,NA,NA,NA
25955,大中華賽璐珞廠,NA,NA,NA
25958,中國工商誼記橡膠廠,NA,NA,NA
25960,光華化學工業社,NA,NA,NA
25962,民營化學工業社,NA,NA,NA
26003,蘇州電氣公司,1315,NA,NA
26006,南京蘇州電氣公司,90,NA,NA
26015,安徽實業廳,60,NA,NA
26017,安徽第二師範,60,NA,NA
26019,廣東梅州中學,26020,NA,NA
26026,淮南礦路公司,3669,NA,NA
26028,貴州企業公司梵凈金礦,26029,NA,NA
26031,基江鐵礦,26032,NA,NA
26044,蘭谿實驗縣政府,1076,NA,NA
26066,太原西北化學工廠,726,NA,NA
26082,周囊鐵路,NA,NA,NA
26085,無錫商埠局,1664,NA,NA
26087,無錫水利工程局,1664,NA,NA
26089,太倉建設局,2641,NA,NA
26094,山東民政廳,77,NA,NA
26118,滇黔桂區經濟調查隊,NA,NA,NA
26152,陝北石油探勘處,78,NA,NA
26189,成都大學,607,NA,NA
26200,廣西工程講習所,73,NA,NA
26204,平梧公路局,NA,NA,NA
26210,趙各莊開灤煤礦,8713,NA,NA
26212,河北馬家溝井工,8709,NA,NA
26218,鎮江大照電氣公司,1618,NA,NA
26229,Birmingham Steel Bridge Co,3552,NA,NA
26253,浙江餘杭縣商會,62,NA,NA
26259,西北實業公司農工器具廠,NA,NA,NA
26266,山海關橋樑廠,8312,NA,NA
26269,徐州機廠,4492,NA,NA
26285,陝北油礦探勘處 (陝北油鑛探勘處),NA,NA,NA
26302,亞洲機器製造廠,NA,NA,NA
26325,六河溝航空署,12726,NA,NA
26330,北京女子師範學校,410,NA,NA
26332,六河溝鍊鐵廠,NA,NA,NA
26334,黑龍江財政廳,65,NA,NA
26336,遼寧本溪湖煤礦公司,64,NA,NA
26338,遼寧礦務局,64,NA,NA
26368,審計部河南審計處,66,NA,NA
26383,航空學校,NA,NA,NA
26392,上海天廚澱粉廠,877,NA,NA
26435,太湖水利委員會,26378,NA,NA
26439,建設委員會灌溉管理局,NA,NA,NA
26443,同濟大學工廠,NA,NA,NA
26445,青島電氣公司,2331,NA,NA
26453,日本東京筱原電鍍電鑄工廠,604,NA,NA
26455,遼寧本溪湖煤鐵公司,64,NA,NA
26457,哈爾濱電話總局,13060,NA,NA
26460,北平電話總局,410,NA,NA
26477,海門中學,1189,NA,NA
26498,N. J. (New Jersey) 處,226,NA,NA
26500,Pennsylvania 處,135,NA,NA
26502,California 處,130,NA,NA
26504,浙江高等學堂,62,NA,NA
26508,北平冀北金礦公司,410,NA,NA
26519,江蘇江南水利工程處,71,NA,NA
26528,礦立中學,NA,NA,NA
26530,豐潤中學,2884,NA,NA
26537,湖北武英公路工程處,68,NA,NA
26550,漳州工務局,4561,NA,NA
26554,龍岩公路局,26555,NA,NA
26558,龍漳工務處,NA,NA,NA
26561,廈門市政府,886,NA,NA
26567,漳州水利處,4561,NA,NA
26573,香港工務局,1072,NA,NA
26579,京綏鐵路機務處,NA,NA,NA
26605,南京地政局,90,NA,NA
26615,揚子江技術委員會,NA,NA,NA
26620,湖南湘陰揚子江測量處,5273,NA,NA
26628,川康农田水利贷款委员会天星堰工程處,26629,NA,NA
26657,省立茶葉專門學校,NA,NA,NA
26675,Ford Auto. Co.,1387,NA,NA
26688,漢中漢寧公路,26690,NA,NA
26689,中華工業化學研究所,877,NA,NA
26692,安徽省立高級工業職業學校,60,NA,NA
26708,上海鍊鋼廠,877,NA,NA
26718,上海光中染織廠,877,NA,NA
26724,江蘇徐州公路處,4492,NA,NA
26726,河南公路局,66,NA,NA
26733,山東濟華北農村建設協會,77,NA,NA
26742,Columbus Margarine Co.,26743,NA,NA
26746,上海市衞生試驗所,877,NA,NA
26753,南京工商部,90,NA,NA
26758,北平農學院,410,NA,NA
26781,九江強中機器製造廠,3265,NA,NA
26812,堵築永定河決口工程處,13948,NA,NA
26836,交通研究所,NA,NA,NA
26844,江蘇鹽城行政督察專員公署,496,NA,NA
26860,探煤工程段,NA,NA,NA
26867,錦西煤礦,10648,NA,NA
26878,冀北金礦,63,NA,NA
26896,萍鄉高坑煤礦局,388,NA,NA
26904,河北中和煤礦公司,63,NA,NA
26937,吉同鐵路局,72,NA,NA
26941,遠東建築公司,2596,NA,NA
26961,山西懷仁礦,25625,NA,NA
26966,安源煤礦,26967,NA,NA
26969,陽泉保晉礦務局第二礦廠,746,NA,NA
26982,山西陽泉保晉總公司,746,NA,NA
26984,育才鍊油廠煤礦部,NA,NA,NA
26989,大同保晉公司,743,NA,NA
26994,口泉煤廠,26998,NA,NA
27009,上海懋利公司,877,NA,NA
27015,山東清平縣政府,26683,NA,NA
27031,湖南鍊船廠,67,NA,NA
27032,American Radiator Co.,1387,NA,NA
27036,上海愼昌洋行,877,NA,NA
27049,Konsolidierte Alkali Work,121,NA,NA
27055,浙江嵊杉長途汽車公司,1259,NA,NA
27061,杭州公安局,999,NA,NA
27063,美國無線電合組公司,1387,NA,NA
27066,Tel. & Telegraph Co.,1387,NA,NA
27067,錫滬長途汽車公司,NA,NA,NA
27092,北平香山慈幼學院,410,NA,NA
27124,柳州西南公路,11289,NA,NA
27128,京滬公路,410,NA,NA
27130,山東禹城縣,27131,NA,NA
27150,比國亞拿爾鋼廠,2753,NA,NA
27154,耀華機器廠,2801,NA,NA
27156,山東汽車路管理局,77,NA,NA
27168,長沙聯合大學,590,NA,NA
27177,東三省航空處,NA,NA,NA
27186,三四方面軍團汽車大隊工廠,NA,NA,NA
27201,太原并州中學,726,NA,NA
27205,廿一軍航空司令部,NA,NA,NA
27211,成渝路修車廠,607,NA,NA
27217,廿一軍戰車大隊,NA,NA,NA
27251,上海李錦沛建築事務所,877,NA,NA
27253,南京新中建築公司,90,NA,NA
27255,孝康建築事務所,NA,NA,NA
27271,河北第三師範,63,NA,NA
27273,遼寧第二工科學校,64,NA,NA
27286,河北博野四存中學,63,NA,NA
27304,建設銀公司,NA,NA,NA
27322,張店等機務段,NA,NA,NA
27352,興達汽車公司,NA,NA,NA
27366,上海新學會社,877,NA,NA
27368,浙江浦江興亞中學,5335,NA,NA
27370,兩浙定海場,2146,NA,NA
27372,安徽宣城農墾,27373,NA,NA
27375,奉化商業學校,2625,NA,NA
27381,"U.S. Nitro Plant ""C""",NA,NA,NA
27393,湖南育才中學,67,NA,NA
27405,北平農礦部,410,NA,NA
27408,穆稜煤礦公司鐵路科,NA,NA,NA
27456,北平市立高級職業學校,410,NA,NA
27479,Worthington Corporation (Worthington Co.),1387,NA,NA
27484,南京社會局,90,NA,NA
27513,Gilford Motor Co. 廠,27510,NA,NA
27515,Gardener & Sons 廠,25218,NA,NA
27517,浙江公路局機務股,62,NA,NA
27522,錫滬太汽車修理廠,NA,NA,NA
27578,平遙縣立初級中學,1359,NA,NA
27596,山西平陸清查財政委員及勸學所,16085,NA,NA
27598,懷仁縣政府實業,25625,NA,NA
27600,方山縣政府實業,27601,NA,NA
27603,陽城縣政府實業,12361,NA,NA
27615,山東章邱縣政府,10399,NA,NA
27648,秦皇島柳江煤礦鐵路公司,2801,NA,NA
27691,山西雍裕紡織公司,76,NA,NA
27719,法國博柔汽車,NA,NA,NA
27721,莫特車廠,NA,NA,NA
27723,天津長城工廠,427,NA,NA
27726,河北省立工業職業學校,63,NA,NA
27731,南京五州中學,90,NA,NA
27733,南京陸軍軍官學校,90,NA,NA
27772,四川交通部鐵道學校,1270,NA,NA
27777,四川農業專校,1434,NA,NA
27779,成都川南馬路總局,607,NA,NA
27782,川黔公路,1270,NA,NA
27797,太原晉生織染工廠,726,NA,NA
27801,日本鐵道省大井工廠機關車客貨車製造廠,258,NA,NA
27803,吉林工業學校,72,NA,NA
27805,山西省立第二師範學校,76,NA,NA
27807,太原市政設計委員會,726,NA,NA
27809,太原友仁中學校,726,NA,NA
27811,山西省立運城中學,27813,NA,NA
27836,山西省路南三段,76,NA,NA
27849,天津通成公司,427,NA,NA
27867,鞏縣兵工新廠電廠,1002,NA,NA
27869,南京電廠,90,NA,NA
27880,南京電信機件修造廠,90,NA,NA
27883,Swan Hunter Co.,125,NA,NA
27895,上海三星棉鐵廠,877,NA,NA
27909,南昌中央飛機製造廠,522,NA,NA
27917,比京魯塞麥里斯化學廠,2753,NA,NA
27926,浙江鐵路,62,NA,NA
27930,上海滬閩南柘長途汽車公司,877,NA,NA
27934,吉林穆稜煤礦公司,72,NA,NA
27939,吉林第一礦廠,72,NA,NA
27945,獲澤中學,27946,NA,NA
27948,山西晉城縣建設局,13681,NA,NA
27950,山西沁源銅川初級中學,27951,NA,NA
27971,江西教育廳,70,NA,NA
27973,江西工業試驗所,70,NA,NA
27978,南昌心遠中學,522,NA,NA
27990,重慶鍊鋼廠,1270,NA,NA
28003,鄭州大陸銀行,2496,NA,NA
28014,上海公共租界工部局,877,NA,NA
28016,漢口亞細亞火油公司,2380,NA,NA
28030,濟南成通紡織公司,1177,NA,NA
28046,南京工業專校,90,NA,NA
28047,晉城縣第三高級小學,13681,NA,NA
28052,青城十年建設設計委員會,86,NA,NA
28057,綏遠包頭屯墾辦事處,6003,NA,NA
28072,太原壬申各廠料品審核處,726,NA,NA
28084,焦作福中公司,3074,NA,NA
28089,焦作礦務研究會,3074,NA,NA
28094,河南汲輝鉛礦廠,66,NA,NA
28098,淇縣興豫煤礦公司,28099,NA,NA
28103,陝西鎮安鐵礦官廠,28106,NA,NA
28105,上海基泰公司,877,NA,NA
28116,陝西化驗所,78,NA,NA
28136,山西三晉中學,76,NA,NA
28148,開封普臨電燈公司,717,NA,NA
28150,南昌水電廠,522,NA,NA
28166,江北運河工程處,71,NA,NA
28183,山西育才廠,76,NA,NA
28188,福建泉州市政局,6394,NA,NA
28190,安溪縣道局,10975,NA,NA
28199,日本富士製紙株式會社第五工場,258,NA,NA
28201,日本東京皮革株式會社製澁工場,604,NA,NA
28203,山西普晉鉛銀礦務公司,76,NA,NA
28205,山西省長公署,76,NA,NA
28208,山西工業試驗所,76,NA,NA
28210,太原斌業專門學校,726,NA,NA
28213,太原晉恆製紙工廠,726,NA,NA
28215,山西實業處,76,NA,NA
28221,江蘇南通中學,562,NA,NA
28223,新安官礦專局,10928,NA,NA
28228,奉天迫擊礮廠,64,NA,NA
28230,漢口其來洋行,2380,NA,NA
28243,山東滕縣縣政府,14834,NA,NA
28278,中山縣工務局,1993,NA,NA
28281,廣東東路,74,NA,NA
28283,汕頭市政廳,2383,NA,NA
28295,海門大生第三紡織公司,1189,NA,NA
28313,天津特別二區公署,427,NA,NA
28319,北寧鐵路塘沽工務段,NA,NA,NA
28321,奉天工業學校,64,NA,NA
28323,北平大陸煤鐵公司,410,NA,NA
28327,天津耀華中學,427,NA,NA
28328,浙贛鐵路杭南工務段,NA,NA,NA
28340,湖北華洋,68,NA,NA
28343,漢口第三特區管理局,2380,NA,NA
28345,韶贛國道,NA,NA,NA
28349,廣東全省公路處,74,NA,NA
28360,Legislative Yuan 立法院,90,NA,NA
28363,廣州德士古火油公司,350,NA,NA
28370,香港電報局,1072,NA,NA
28377,The National Steel Co.,NA,NA,NA
28385,北平印刷局,410,NA,NA
28417,太原保晉鐵廠,726,NA,NA
28426,上海永新造船廠,877,NA,NA
28428,Jebsen & Co. Ltd. (捷成洋行),NA,NA,NA
28444,江蘇省立第一農業學校,71,NA,NA
28446,江蘇省立第三農業學校,71,NA,NA
28448,上海東華大學,877,NA,NA
28451,法政學院,877,NA,NA
28490,軍事交通技術學校,NA,NA,NA
28493,安慶電廠,1910,NA,NA
28495,上海亞光製造公司,877,NA,NA
28534,安南堤岸穗城學校,NA,NA,NA
28536,廣東省立廣州農工職業學校,350,NA,NA
28567,山東優等師範學校,77,NA,NA
28569,北京高師,410,NA,NA
28572,鹽務署化驗處,NA,NA,NA
28581,南京宏業磚瓦公司,90,NA,NA
28585,導准委員會,NA,NA,NA
28594,浙江高工職校,62,NA,NA
28601,河北省公署,63,NA,NA
28608,蘇州工業專門學校,1315,NA,NA
28610,無錫縣立乙種工業學校,1664,NA,NA
28612,蘇州延齡織廠,1315,NA,NA
28630,通州中學,NA,NA,NA
28634,上海中學,877,NA,NA
28641,成都公立工業專校,607,NA,NA
28643,重慶甲種工業學校,1270,NA,NA
28645,重慶聯合縣立中學,1270,NA,NA
28647,宜昌市政府,3560,NA,NA
28649,萬縣市政府,1350,NA,NA
28657,湖北省立第三中學,68,NA,NA
28672,河南宏豫鐵礦公司,66,NA,NA
28674,上海新和興鋼鐵廠,877,NA,NA
28689,海軍馬尾造船所,NA,NA,NA
28697,福建南平銅礦公司,10743,NA,NA
28699,廣西富賀錫礦,73,NA,NA
28710,湖南桂陽省立初級染織陶瓷職業學校,527,NA,NA
28724,泰安中學,6673,NA,NA
28726,泰安第一礦務局,6673,NA,NA
28733,廣東兵工總廠,74,NA,NA
28736,上海光明電器廠,877,NA,NA
28738,海鹽電話公司,NA,NA,NA
28740,廣州長波無線電台,350,NA,NA
28768,開封同城公司,717,NA,NA
28818,Academia Sinicia 南京中央研究院,90,NA,NA
28822,美國柯州虎城御虎礦公司,NA,NA,NA
28832,Northwest Steel Mill 太原西北煉鋼廠,726,NA,NA
28839,太原山西全省汽車路管理局,726,NA,NA
28845,太原架空索道工程研究會,726,NA,NA
28866,北平軍政部製呢廠,410,NA,NA
28878,四川南充教育局,12808,NA,NA
28908,莆田電報局,1714,NA,NA
28912,遼寧四平街電燈公司,28913,NA,NA
28929,廣東第二兵器製造廠,74,NA,NA
28933,第四集團軍科學,NA,NA,NA
28961,安徽六安縣立中學校,28962,NA,NA
28964,隼陽省立第三中學,NA,NA,NA
28979,江蘇沛縣建設局,9066,NA,NA
28990,四川善後督辦公署,1434,NA,NA
28992,重慶廣播電台,1270,NA,NA
28996,廣東軍事政治學校,74,NA,NA
29017,崇明大通紗廠,1256,NA,NA
29023,濟南電報局,1177,NA,NA
29033,第一集團軍,NA,NA,NA
29035,第四集團,NA,NA,NA
29040,桂陽鄉村師範,527,NA,NA
29061,章邱天源煤礦,10399,NA,NA
29070,湖南礦務總局,67,NA,NA
29072,裕甡公司/ 裕甡錳礦局,NA,NA,NA
29074,五洲固本皂藥廠,NA,NA,NA
29084,揚子機器廠,NA,NA,NA
29086,日本東京芝浦製作所,604,NA,NA
29090,Yahata Steel Works 福崗八幡製鐵所,29091,NA,NA
29093,Kushikino Gold Mine (鹿兒島三井串木野金礦),29094,NA,NA
29096,川內水力發電所,NA,NA,NA
29099,東京京城電氣會社,604,NA,NA
29102,漢陽電氣公司,1120,NA,NA
29106,北京無綫電報局,410,NA,NA
29109,上海無綫電報收發處,877,NA,NA
29111,蕪湖電報局,3703,NA,NA
29113,鎮江電話局,1618,NA,NA
29122,湖南省立第三甲種工業學校,67,NA,NA
29126,湖南省立初級工業學校,67,NA,NA
29128,湖南高級工業學校,67,NA,NA
29132,英 Sheffield 煉鋼廠,7643,NA,NA
29177,重慶華興機廠,1270,NA,NA
29184,河南觀音堂民生煤礦公司,66,NA,NA
29191,上海高昌廟兵工廠,877,NA,NA
29194,江岸機務分段,1981,NA,NA
29222,上海製革廠,877,NA,NA
29224,上海中國漆皮廠,877,NA,NA
29253,Nat. Gypsum Co.,1387,NA,NA
29256,秦皇島耀華玻璃公司,2801,NA,NA
29260,日本千葉電廠,29261,NA,NA
29263,山東電氣訓練所,77,NA,NA
29284,京滬長途電話,NA,NA,NA
29290,Winchester Repeating Arms Co.,1387,NA,NA
29293,天津炳耀工程公司,427,NA,NA
29301,昆明市政府,556,NA,NA
29305,青島膠澳商埠港工局,2331,NA,NA
29308,浙江省道局,62,NA,NA
29311,福建度量衡檢定所,61,NA,NA
29314,電表檢驗所,NA,NA,NA
29318,北平電燈公司,410,NA,NA
29324,雲南全省經濟委員會,81,NA,NA
29327,道路工程學校,NA,NA,NA
29333,高雷八屬公路處,NA,NA,NA
29335,雷州公路汽車管理處,74,NA,NA
29337,廣東化縣縣政府,29372,NA,NA
29344,西安陝西機器局,2596,NA,NA
29356,日本鷹取鐵路工廠,258,NA,NA
29358,大連南滿鐵路沙河口工廠,29359,NA,NA
29361,上海同興紡織公司第一廠,NA,NA,NA
29363,三新紡織公司,NA,NA,NA
29365,南昌兵工實習廠,522,NA,NA
29369,隴海鐵路洛陽機械廠,2183,NA,NA
29374,廣州市土地局,350,NA,NA
29385,農礦部,NA,NA,NA
29400,經濟委員會涇洛工程局,NA,NA,NA
29409,資委會辰谿煤礦公司,29410,NA,NA
29432,英 Shell Oil Co.,125,NA,NA
29434,Charleroi 油田公司,3064,NA,NA
29447,Charleroi U. M. H.,3064,NA,NA
29449,開封造幣廠,717,NA,NA
29472,北京第五硝磺局,410,NA,NA
29475,磁縣六合煤礦公司,5287,NA,NA
29477,蠶絲改良委員會,NA,NA,NA
29509,上海馬海洋行,877,NA,NA
29511,天津馬克敦建築公司,427,NA,NA
29533,花溪渠工程處,29534,NA,NA
29542,上海大用橡皮廠,877,NA,NA
29555,鶴崗煤礦,29557,NA,NA
29559,川東石油礦,NA,NA,NA
29561,四川省立第四第三師範,1434,NA,NA
29563,萬縣師範,1350,NA,NA
29584,蘇浙皖京滬五省市交通委員會,NA,NA,NA
29589,廣州面具廠,350,NA,NA
29606,廣州通用油墨油漆公司,350,NA,NA
29623,南寧製革廠,4422,NA,NA
29643,廣東金山中學,2114,NA,NA
29668,江西工商管理處,70,NA,NA
29678,福中礦科大學,3074,NA,NA
29680,河南工科大學,66,NA,NA
29685,湖北省建設廳,68,NA,NA
29687,灤縣開灤礦務局,1659,NA,NA
29691,濟南基泰公司,1177,NA,NA
29740,航空處,NA,NA,NA
29744,鐵通部,NA,NA,NA
29763,贛東築路委員會,70,NA,NA
29788,上海公和洋行,877,NA,NA
29794,上海中原,877,NA,NA
29799,青島國際電台,2331,NA,NA
29808,西京市政府建設委員會,2596,NA,NA
29815,天津恆源紡織廠,427,NA,NA
29859,上海利華貿易公司,877,NA,NA
29873,交通部供應委員會,NA,NA,NA
29884,蒼梧縣政府,5212,NA,NA
29886,廣西民政廳,73,NA,NA
29888,總司令部,NA,NA,NA
29905,揚州江北長途汽車公司,4423,NA,NA
29907,南通地方路工處,562,NA,NA
29914,雲慶縣立師範,29915,NA,NA
29929,贛南華盛礦業公司,70,NA,NA
29944,遼寧海城裕民電氣廠,4449,NA,NA
29962,廈門自來水公司,886,NA,NA
29965,江西省政府,70,NA,NA
29967,南昌市電燈整理處,522,NA,NA
29994,上海中央化學玻璃廠,877,NA,NA
29999,長安徐固電線工程處,6721,NA,NA
30001,嘉興電線,1604,NA,NA
30003,安徽電政管理局,60,NA,NA
30014,湖南水口山鉛礦局,8278,NA,NA
30016,湖南江華錫礦局,67,NA,NA
30018,峽山口協昌煤礦運銷公司,NA,NA,NA
30020,湖南省立高級工業學校,67,NA,NA
30023,長沙職業學校,590,NA,NA
30025,貴州建設處,75,NA,NA
30030,日本川琦造船所,30033,NA,NA
30039,四川高等工業學校,1434,NA,NA
30042,四川高級工業學校,1434,NA,NA
30047,Syracuse University,146,NA,NA
30049,上海化驗所,877,NA,NA
30061,Guangzhou Lingnan University 廣州嶺南大學,350,NA,NA
30124,日本鐵道院,258,NA,NA
30126,浙江行政公署,62,NA,NA
30140,河北磁縣怡立煤礦,5287,NA,NA
30154,克虜伯工廠,121,NA,NA
30156,喜望工廠,NA,NA,NA
30158,樂克林工廠,NA,NA,NA
30210,天津修械廠,427,NA,NA
30217,新鄉第四區工業職業學校,28259,NA,NA
30226,Arcturus 真空管製造廠,1387,NA,NA
30228,R. C. A. 無線電台,125,NA,NA
30241,青島督辦公署,2331,NA,NA
30245,日本大阪天神製燧所,30246,NA,NA
30248,柴田製革廠,258,NA,NA
30250,山東大華染織工廠,77,NA,NA
30252,大華染織公司廠,77,NA,NA
30267,遼寧礮廠附設民生工廠,64,NA,NA
30269,六河溝煉鐵廠,12726,NA,NA
30271,揚子鍊鐵廠,4423,NA,NA
30284,重慶漢合興建築公司,1270,NA,NA
30295,美國公眾事業建築公司,1387,NA,NA
30297,上海三北機器廠,877,NA,NA
30299,三北輪埠公司,877,NA,NA
30302,東方年紅電光公司,NA,NA,NA
30306,昆明中央信托局,556,NA,NA
30348,上海恆昌祥機器造船廠,877,NA,NA
30360,日本名古屋車輛會社,3105,NA,NA
30362,江西鐵工廠,70,NA,NA
30374,首都永利公司硫酸廠鐵工廠,NA,NA,NA
30384,天津河海工程局,427,NA,NA
30386,南京第一飛機修理廠,90,NA,NA
30388,天津整理海河委員會,427,NA,NA
30401,英國利物浦築路處,30399,NA,NA
30403,英國利物浦汽車工廠,30399,NA,NA
30407,黃浦軍官學校,30408,NA,NA
30410,廣東航空局,74,NA,NA
30418,河南省農村合作委員會,66,NA,NA
30429,山西陽泉廣懋煤礦公司,746,NA,NA
30431,外石圪疊礦廠,746,NA,NA
30438,四川銅元局製造廠,1434,NA,NA
30441,四川宜華電氣公司,1434,NA,NA
30452,英國東北鐵廠,125,NA,NA
30454,天津北洋鐵工廠,427,NA,NA
30456,大沽海軍造船所,427,NA,NA
30463,上海益中電機製造廠,877,NA,NA
30485,日本足尾礦山,258,NA,NA
30490,廿九軍航空處,NA,NA,NA
30492,雲南航空處,81,NA,NA
30511,鍊銅所,NA,NA,NA
30536,陝西西北農林專科,78,NA,NA
30573,培道女中,350,NA,NA
30575,Canton Kwong Wah Medical College 私立光華醫學院,350,NA,NA
30577,中山中國煤油公司,1993,NA,NA
30579,廣東省營市頭糖廠,350,NA,NA
30594,延長石油礦,NA,NA,NA
30620,Pennsylvania Rail Road Company (Penn. R. R. Co.),NA,NA,NA
30622,交通銀行無綫電總台,NA,NA,NA
30632,保定電話局,12923,NA,NA
30639,德國政府工程師事務所,121,NA,NA
30648,大同電燈公司,743,NA,NA
30650,青鎮電燈公司,NA,NA,NA
30652,楊柳青電燈公司,NA,NA,NA
30665,安徽省政府,60,NA,NA
30668,電燈廠,NA,NA,NA
30678,法國侯洛飛機廠,159,NA,NA
30680,西特安汽車廠,NA,NA,NA
30683,勞工大學工廠,NA,NA,NA
30718,大連滿鐵會社砂河口機廠,1940,NA,NA
30720,山西機械廠,76,NA,NA
30726,湖南高工,67,NA,NA
30728,吳淞中國公學,877,NA,NA
30730,廣州勷勤大學,350,NA,NA
30747,正太鐵路工務分段,NA,NA,NA
30758,美國電氣公司比路研究所,NA,NA,NA
30760,New York Telephone Company (N. Y. Tel. Co.),146,NA,NA
30764,廣州市自動電話委員會,350,NA,NA
30766,粵漢無線電話籌備處,NA,NA,NA
30769,廣東長途電話籌備處,74,NA,NA
30774,北平市財政局,410,NA,NA
30785,上海進步機器廠,877,NA,NA
30787,上海勤工機器廠,877,NA,NA
30821,河南農業專門學校,66,NA,NA
30823,河南高中師範學校,66,NA,NA
30825,河南初中女師學校,66,NA,NA
30828,山東東武區長途電話工程處,77,NA,NA
30844,日本鐵道省電氣局,258,NA,NA
30857,英 United Steel Co.,27510,NA,NA
30859,English Steel Corporation,25218,NA,NA
30864,上海新和興煉鋼廠,877,NA,NA
30881,河北磁縣礦務局,5287,NA,NA
30887,山西統計處,76,NA,NA
30890,山西民政廳,76,NA,NA
30899,京衢鐵路工程局,410,NA,NA
30920,Chicago Western Electric Co.,12065,NA,NA
30924,江蘇電業管理處,71,NA,NA
30930,河北保定電燈公司,12923,NA,NA
30932,歸綏電燈公司,16514,NA,NA
30936,遼寧電燈廠,511,NA,NA
30953,山東省立師範,77,NA,NA
30964,Michigan Portland Cement Works,30966,NA,NA
30980,廣州永業磚窰,350,NA,NA
30982,廣州家具廠,350,NA,NA
30988,粵港長途自動電話工程隊,NA,NA,NA
30995,法鐵路公司,NA,NA,NA
30997,比鐵路公司,NA,NA,NA
31016,遂寧飛行場,24956,NA,NA
31033,法國北方鐵路公司,NA,NA,NA
31035,時乃得公司,NA,NA,NA
31044,山西財政廳,76,NA,NA
31057,天津靄益吉中華電機廠,427,NA,NA
31083,上海裕昌煤號,877,NA,NA
31091,遼吉黑電信管理處,NA,NA,NA
31133,江蘇實業廳,71,NA,NA
31142,江陰縣立戚家村小學校,31144,NA,NA
31173,Breslau University,4018,NA,NA
31175,Dresden 化學廠,31176,NA,NA
31179,鄭州西北製革廠,2496,NA,NA
31196,山東博山利和煤礦,3760,NA,NA
31210,日本大阪礮兵工場,30246,NA,NA
31212,上海製造局,877,NA,NA
31241,山東度量衡檢定所,77,NA,NA
31255,江蘇鹽城專員公署,496,NA,NA
31273,經濟委員會,146,NA,NA
31300,S. Wales 煤廠 (South Wales 煤廠),31301,NA,NA
31303,S. Wales 窰廠 (South Wales 窰廠),31301,NA,NA
31306,太原礦務公司,726,NA,NA
31308,晉礦管理處,726,NA,NA
31310,太原國立大學,726,NA,NA
31323,上海光華化學工藝社,877,NA,NA
31336,湖南久通銻礦公司,31337,NA,NA
31349,遼寧兵工廠,64,NA,NA
31364,駐德大使館,121,NA,NA
31366,山西軍人實習所核計處,76,NA,NA
31383,美造紙工廠,1387,NA,NA
31385,美硫酸工廠,1387,NA,NA
31387,美煤氣工廠,1387,NA,NA
31389,美磨石工廠,1387,NA,NA
31391,美肥料工廠,1387,NA,NA
31393,美炸藥工廠,1387,NA,NA
31395,上海商業公司,877,NA,NA
31397,小呂宋益華商業公司,NA,NA,NA
31400,大中華興業公司,31401,NA,NA
31403,和昌洋行,NA,NA,NA
31405,江蘇郵包稅局,71,NA,NA
31408,江蘇印花煙酒税局,71,NA,NA
31410,濟南中國棉業貿易公司,1177,NA,NA
31412,中國棉花打包公司,11223,NA,NA
31419,廣東無線電大電台,74,NA,NA
31422,上海美商擴大無線電公司,877,NA,NA
31424,中雍無線電機廠,NA,NA,NA
31426,上海大華無線電公司,877,NA,NA
31435,煙台海壩,6947,NA,NA
31470,Webster Mill,1387,NA,NA
31488,英 B. T. H. 廠,27510,NA,NA
31508,海陽縣政府,31509,NA,NA
31517,Gansu–Sichuan Highway 甘川公路,69,NA,NA
31538,杭州防空學校,999,NA,NA
31545,上海東亞工程公司,877,NA,NA
31582,上海和興化鐵廠,877,NA,NA
31595,Gary Works 鋼廠,31596,NA,NA
31598,Allis-Chalmers 廠,1387,NA,NA
31601,自設機器工廠,NA,NA,NA
31607,張家口電報局,8012,NA,NA
31649,石家莊機廠分廠,2992,NA,NA
31671,秦皇島開灤礦務局,2801,NA,NA
31675,西安利秦工藝社製造廠,2596,NA,NA
31687,鍾淵紡績工場,604,NA,NA
31689,新嘉坡中華編織染公司,3099,NA,NA
31692,海豐縣立中學,31693,NA,NA
31696,蒼梧縣立職業學校,5212,NA,NA
31700,法 Reueau 工廠,NA,NA,NA
31702,中央訓政委員會,NA,NA,NA
31704,法國工部局,NA,NA,NA
31706,南京市社會局,90,NA,NA
31708,南京度量衡檢定所,90,NA,NA
31721,Xizhimen–Zhaitang Railway 門齋鐵路,410,NA,NA
31734,河南修武縣政府科,10958,NA,NA
31748,廣東鹽務管理局,74,NA,NA
31760,河北臨城煤礦公司,2690,NA,NA
31777,湖南臨湘縣立中學,67,NA,NA
31779,湖南省立第一職業學校,67,NA,NA
31781,湖南省第一高級工業學校,67,NA,NA
31785,文藝中學,NA,NA,NA
31806,山西第二中學,76,NA,NA
31810,保晉公司,726,NA,NA
31834,北平市立社教人員養成所,410,NA,NA
31848,福州船政局,419,NA,NA
31851,青島碼頭科,2331,NA,NA
31855,東北造船所,NA,NA,NA
31863,美 N. Y. State Highway Dept.,8693,NA,NA
31865,首都建設委員會道路工程處,NA,NA,NA
31891,天津禪臣洋行機器部,427,NA,NA
31894,中天電機廠,NA,NA,NA
31910,保晉鑛務公司,NA,NA,NA
31921,綏遠省政府縣政研究委員會,96,NA,NA
31948,浙贛鐵路南萍工務段,NA,NA,NA
31976,河北寶興公司,63,NA,NA
31992,上海閘北電廠,877,NA,NA
32002,廈門鼓浪嶼中華電氣公司,886,NA,NA
32042,太原無綫電台,726,NA,NA
32044,漢口四集團軍無線電機製造廠,2380,NA,NA
32047,交通部長沙無線電台,590,NA,NA
32050,交通部武昌無線電台,1036,NA,NA
32061,日本東京小穴電機製作所,604,NA,NA
32063,宇田川發電所,NA,NA,NA
32065,吉林大興電氣公司,72,NA,NA
32067,天津電燈電車新公司,427,NA,NA
32069,三吉工廠,NA,NA,NA
32073,天津二九電友社,427,NA,NA
32080,衢州區修車場,NA,NA,NA
32104,鎔鍊廠,NA,NA,NA
32108,江蘇銅山縣,24302,NA,NA
32125,南昌市公用局,522,NA,NA
32127,杭州第三中山大學,999,NA,NA
32129,南京軍事交通技術學校,90,NA,NA
32134,陝西教育廳,78,NA,NA
32142,揚子電氣公司,NA,NA,NA
32144,淮南北路公司,3669,NA,NA
32147,中國建設銀行公司,NA,NA,NA
32151,南昌市政處,522,NA,NA
32157,塘沽永利碱廠,5751,NA,NA
32159,江西省立第十中學,70,NA,NA
32161,鎮江中學,1618,NA,NA
32163,蘇州中學,1315,NA,NA
32165,安徽省立高級中學,60,NA,NA
32170,上海鎢礦公司,877,NA,NA
32172,江西贛南鎢礦公司,70,NA,NA
32191,日本福島盤城炭礦山,32192,NA,NA
32194,栃木足尾銅礦山,18805,NA,NA
32196,黑龍江第一工科高中礦,65,NA,NA
32201,遼寧興安區屯墾公署,64,NA,NA
32205,西北煉鋼廠煉焦部,NA,NA,NA
32280,杭州商辦鐵路公司,999,NA,NA
32284,建築局,NA,NA,NA
32299,廣東沙茭公路,74,NA,NA
32301,東路公路,NA,NA,NA
32303,香港山內採石,1072,NA,NA
32311,上海電政總局,877,NA,NA
32322,山東電話總公司,77,NA,NA
32333,永安紡織第一廠,NA,NA,NA
32341,保晉礦務分公司,NA,NA,NA
32390,上海電信機料試驗所,877,NA,NA
32393,上海水線,877,NA,NA
32396,南京水線,90,NA,NA
32404,蒙藏委員會殺虎口合站管理局,32405,NA,NA
32424,邕寧自動電話局,11551,NA,NA
32449,Mitsui Kushikino Mining (鹿兒島縣三井串木野礦業所),29094,NA,NA
32454,長崎縣銅礦床區,32455,NA,NA
32476,南京大學,90,NA,NA
32492,蘇嘉鐵路,1315,NA,NA
32504,無錫麗明毛織廠,1664,NA,NA
32508,Qixin Cement Factory 唐山啟新洋灰公司,445,NA,NA
32510,太原德商福和洋行,726,NA,NA
32523,謙信機器公司,877,NA,NA
32536,宜興工賑浚河,1630,NA,NA
32551,波音機廠,NA,NA,NA
32568,浙江造紙場,62,NA,NA
32571,北京鹽務署化驗處,410,NA,NA
32573,上海天津造紙廠,NA,NA,NA
32576,天津長蘆運署駐久大精鹽廠,427,NA,NA
32578,常關,NA,NA,NA
32594,通濟練習艦,NA,NA,NA
32596,海軍總司令部,877,NA,NA
32599,海軍辦事處機要處,NA,NA,NA
32601,首都電話總局,90,NA,NA
32605,上海海岸巡防處,877,NA,NA
32621,上海約克洋行,877,NA,NA
32630,江蘇蕭縣大中煤礦北井,5105,NA,NA
32649,上海中華工業專門學校,877,NA,NA
32676,山西猗氏棉花摻水,10761,NA,NA
32680,陸軍測量局,NA,NA,NA
32684,米家河浚河委員會,NA,NA,NA
32687,緯通紡織廠,32692,NA,NA
32722,山東溥益製糖公司機器課,77,NA,NA
32735,保定清苑電報局,12923,NA,NA
32742,禮和洋行,NA,NA,NA
32762,Penn. Bridge Corp.,135,NA,NA
32767,上海六合公司,877,NA,NA
32769,開宜公司,NA,NA,NA
32792,南京國立東北中山中學,90,NA,NA
32801,駐滬水線工程處,877,NA,NA
32813,東北航空隊,NA,NA,NA
32815,東北航空司令部工廠,NA,NA,NA
32822,江西省立初級職業學校,70,NA,NA
32859,Hupmobile Corp.,NA,NA,NA
32892,唐山中國銀行,445,NA,NA
32894,秦皇島中國銀行,2801,NA,NA
32902,南京海軍魚雷槍砲學校,90,NA,NA
32905,上海海軍輪電工作所,877,NA,NA
32910,湖南官礦局,67,NA,NA
32912,長沙華東煤礦公司,590,NA,NA
32914,新化錫礦山官礦局,2429,NA,NA
32916,湖南礦產營業處,67,NA,NA
32922,河北工業專門學校,63,NA,NA
32938,日本板橋火藥廠,32939,NA,NA
32953,行政院,NA,NA,NA
32959,首都電廠路燈委員會,NA,NA,NA
32988,廣州自動電話所,350,NA,NA
33001,河南省河務局,66,NA,NA
33028,黑龍江工業學校,65,NA,NA
33030,直隸紫荊關河工處,63,NA,NA
33033,商品陳列所,NA,NA,NA
33036,河北黃河河務局,63,NA,NA
33038,山西省桑乾河務局,76,NA,NA
33043,日本東京中央電話局,604,NA,NA
33065,京華印書局,410,NA,NA
33079,省立蘇州工業學校,1315,NA,NA
33105,新疆無線電台,79,NA,NA
33109,吳淞永安二廠,877,NA,NA
33119,上海開洛公司,877,NA,NA
33121,南寧長波電台,4422,NA,NA
33139,北平短波電台,410,NA,NA
33148,海軍航空處,NA,NA,NA
33188,華海建築事務所,NA,NA,NA
33206,四川萬縣水電廠,1350,NA,NA
33234,廬山管理局,15308,NA,NA
33240,晉綏兵工築路,726,NA,NA
33244,龍烟鐵礦鍊廠,NA,NA,NA
33253,井陘礦廠機務處,632,NA,NA
33259,林西開灤礦廠,4345,NA,NA
33260,上海靄益吉電機廠,877,NA,NA
33275,濟南兵工廠機器廠,1177,NA,NA
33332,山西銅圓廠,76,NA,NA
33334,山西軍械廠,76,NA,NA
33338,太原電燈公司,726,NA,NA
33340,綏遠電燈麵粉公司,96,NA,NA
33343,新絳紡紗廠,2313,NA,NA
33345,太原工業學校,726,NA,NA
33360,北京垞清高線鐵路,410,NA,NA
33363,江西鄱樂礦局,70,NA,NA
33365,四川威遠鐵廠,3866,NA,NA
33368,河北房山興寶公司,33369,NA,NA
33385,山東曹縣簡易鄉村,19830,NA,NA
33397,廣東兵器廠,74,NA,NA
33401,廣東造幣廠,74,NA,NA
33403,澳門自來水公司,33404,NA,NA
33411,奉天礦務局,64,NA,NA
33421,廣西經濟委員會,73,NA,NA
33424,合山煤礦公司,33425,NA,NA
33433,衛輝華新紗廠,33435,NA,NA
33480,泰康洋行,NA,NA,NA
33484,恆大洋行,NA,NA,NA
33486,潘山鋼窗公司,NA,NA,NA
33493,廣西省立第三師範,73,NA,NA
33496,廣西省立第一女中學,73,NA,NA
33502,濟南無線電台,1177,NA,NA
33504,威海衞無線電台,7761,NA,NA
33512,蘇常公路,NA,NA,NA
33537,Chromium Corp.,NA,NA,NA
33539,U. S. Resaick Corp.,NA,NA,NA
33589,美國福開森建築公司,NA,NA,NA
33593,吳淞大中華沙廠,7212,NA,NA
33595,無錫太湖水泥公司工程處,1664,NA,NA
33597,上海金城銀行,877,NA,NA
33601,軍事工程團,903,NA,NA
33616,萬國無綫公司,NA,NA,NA
33618,天津北洋汽車公司,427,NA,NA
33620,廣東河南交通處交通教導營,NA,NA,NA
33622,廣東空軍學校,350,NA,NA
33626,廣汕無綫電話汕頭分台,2383,NA,NA
33635,八道溝礦局,33636,NA,NA
33638,阜新煤礦,33639,NA,NA
33642,遼寧礦產調查處,64,NA,NA
33652,R. H. Harris,NA,NA,NA
33663,黑龍江探礦團,65,NA,NA
33665,上海硝礦局,877,NA,NA
33667,上海鹽務稅核所,877,NA,NA
33677,上海復旦大學附中,877,NA,NA
33687,華南中學,90,NA,NA
33701,漢口楊子鐵廠,2380,NA,NA
33703,四川自營煤礦,1434,NA,NA
33705,四川縣立中學,1434,NA,NA
33707,隆昌公共理化試驗場,13428,NA,NA
33743,法國 Platt 酒精廠,159,NA,NA
33745,廣州三友化學工業研究所,350,NA,NA
33747,南華製造酒精公司,350,NA,NA
33749,廣東省營市頭酒精廠,74,NA,NA
33771,河海善後工程處,NA,NA,NA
33775,山西水利工程委員會,76,NA,NA
33791,山西鋼元製造廠,76,NA,NA
33797,天津修械所,427,NA,NA
33802,湖北民政廳,68,NA,NA
33807,永成藥房,NA,NA,NA
33827,河北省立保定中學,12923,NA,NA
33829,Cleveland Enameling Co.,33834,NA,NA
33859,Blande 電傳像工廠,1948,NA,NA
33900,淮南運副公署,3669,NA,NA
33906,山東第五水利區,77,NA,NA
33912,Henschel & Sohn 機車廠,121,NA,NA
33914,G. Polysius 機器廠,121,NA,NA
33921,上海肇新化學廠,877,NA,NA
33925,柏林發電廠,432,NA,NA
33936,漢口通和煤業公司,2380,NA,NA
33961,第五路軍科學研究所,NA,NA,NA
33975,奉吉黑電政監督處,NA,NA,NA
33977,京奉電綫工程處,NA,NA,NA
33979,呼蘭電報局,28236,NA,NA
33990,陝西建設處,78,NA,NA
34004,河南省農具製造廠,66,NA,NA
34025,福州省會衞生事務所,419,NA,NA
34027,南京衞生實驗處,90,NA,NA
34051,廣西公路局,73,NA,NA
34059,上海東南建築公司,877,NA,NA
34084,民生中學,NA,NA,NA
34096,山東高中,77,NA,NA
34099,濟南工業職業學校,1177,NA,NA
34104,南京建委會,90,NA,NA
34128,漢口招商局,2380,NA,NA
34151,黑龍江農礦廳,65,NA,NA
34154,鶴岡煤礦公司,34158,NA,NA
34184,上海市衞生局,877,NA,NA
34196,上海市政府土地局,877,NA,NA
34232,大同保晉分公司,743,NA,NA
34239,開封礦業技師事務所,717,NA,NA
34257,日本東京關東酸曹,604,NA,NA
34260,福島縣盤城水泥公司,32192,NA,NA
34262,八幡製鐵所副產部,258,NA,NA
34267,江西省立工專校,70,NA,NA
34298,美國建築公司,NA,NA,NA
34317,B. F. Sturtevant Co,2037,NA,NA
34319,上海薛德爾洋行,877,NA,NA
34331,安亭新中電氣公司,1636,NA,NA
34333,常熟電氣廠,807,NA,NA
34347,德國許西紙漿製造廠,121,NA,NA
34371,湖南建設處,67,NA,NA
34375,長沙省有黑鉛提煉廠,590,NA,NA
34381,濟南市自來水籌備處,1177,NA,NA
34383,濟南自來水公司,1177,NA,NA
34390,省立重慶高級工業職業學校,1270,NA,NA
34424,Penn. 礦鐵廠,135,NA,NA
34426,武昌大學,1036,NA,NA
34430,湖北農礦廳,68,NA,NA
34434,河南農工器械製造廠,66,NA,NA
34438,浙江寧橫公路,62,NA,NA
34440,寧波高級工科職業學校,1736,NA,NA
34470,Ford Motor Co.,17289,NA,NA
34475,漢口兵站,2380,NA,NA
34477,上海同昌車行,877,NA,NA
34486,上海東北公司,877,NA,NA
34490,上海定中工程事務所,877,NA,NA
34507,平遙楙友工藝學社,1359,NA,NA
34513,天津機械研究社,427,NA,NA
34520,望高錫礦,NA,NA,NA
34539,四川江津縣立初級職業中學校,3319,NA,NA
34550,湖北靈鄉鐵礦,34551,NA,NA
34553,中央鋼鐵廠,NA,NA,NA
34556,上海鋼窗公司,877,NA,NA
34573,通州發電廠,34574,NA,NA
34576,煙台益文商業專科學校,6947,NA,NA
34578,黃縣縣立初級中學縣立初級中學,2481,NA,NA
34584,遼寧省立工業學校,64,NA,NA
34599,南京應用化學研究所,90,NA,NA
34614,日本橫川電力廠,258,NA,NA
34616,浙江鎮海華明電燈公司,1305,NA,NA
34618,上海中國工商公司,877,NA,NA
34621,重慶燭川電燈公司,1270,NA,NA
34623,重慶電話所,1270,NA,NA
34625,重慶市政府,1270,NA,NA
34627,重慶市電話總所,1270,NA,NA
34642,熱河凌源水溝煤礦,34643,NA,NA
34646,宣化天興煤礦,1299,NA,NA
34657,上海六合工程公司,877,NA,NA
34659,上海懋業銀行,877,NA,NA
34663,青島大學,2331,NA,NA
34675,廣東工務司課,74,NA,NA
34682,平綏鐵路豐蘇分段,NA,NA,NA
34693,南荊公路,34695,NA,NA
34704,京蕪鐵路,410,NA,NA
34714,溫州南堤電燈公司,9204,NA,NA
34716,浙江廣播電台,62,NA,NA
34724,交通銀行,NA,NA,NA
34732,上海源利工程行,877,NA,NA
34740,南京偉漢工程行,90,NA,NA
34765,泰安縣禹村官礦,34766,NA,NA
34804,湖北沙市電氣廠,16606,NA,NA
34821,上海興業建築事務所,877,NA,NA
34826,Bell Telephone Company,1387,NA,NA
34837,開封駐豫軍人工廠,717,NA,NA
34839,北平義生絲毛紡織工廠,410,NA,NA
34841,綏遠毛織廠,96,NA,NA
34869,廣東全省長途電話修養股,74,NA,NA
34872,香港長途電話,1072,NA,NA
34883,M. A. N. 廠,121,NA,NA
34906,上海市中心建設委員會,877,NA,NA
34915,安徽省立第一工廠,60,NA,NA
34917,三省剿匪總司令部農村金融救濟處,NA,NA,NA
34925,廣州大學,350,NA,NA
34928,Washington State Highway Dept.,8690,NA,NA
34943,雲南礦業公司,81,NA,NA
34945,開遠水電廠,8903,NA,NA
34960,黃埔軍官學校,5031,NA,NA
34964,甘肅省立第三師範,69,NA,NA
34971,滬北工巡捐局,877,NA,NA
34985,濟南省立工業職業學校,1177,NA,NA
34990,英國道門鋼廠,125,NA,NA
34996,天津港務局,427,NA,NA
35009,福新五廠,2380,NA,NA
35015,英國人島及康哇爾省,125,NA,NA
35017,Birmingham Mining & Copper Company (伯明罕礦公司),3552,NA,NA
35020,漢冶萍煤鐵公司,1120,NA,NA
35023,安徽官礦督辦處,60,NA,NA
35026,Wuhu Public Works Department 蕪湖市工務局,3703,NA,NA
35044,南京自來水籌備處,90,NA,NA
35060,陝西公路局,78,NA,NA
35063,西北綏靖公署,NA,NA,NA
35070,揚子鐵廠,NA,NA,NA
35072,井陘寶昌煤礦公司,632,NA,NA
35076,井陘正豐煤礦公司,632,NA,NA
35081,中國聯合無線電公司,NA,NA,NA
35099,東京下田硝子株式會社,604,NA,NA
35102,江蘇省立宜興陶瓷職業學校,1630,NA,NA
35104,福建省立德化瓷業改良場,35105,NA,NA
35109,上海新業工廠,877,NA,NA
35118,商京市土地局,NA,NA,NA
35132,上海中歐商品陳列營業有限公司,877,NA,NA
35135,上海裕華化學工業公司,877,NA,NA
35142,比國 La Brugeoise,2753,NA,NA
35158,太倉中學,2641,NA,NA
35160,上海奇異安迪生公司,877,NA,NA
35167,武進鎮澄公路,NA,NA,NA
35169,楊靖公路,NA,NA,NA
35187,7th World Road Congress 第七次國際道路會,39556,NA,NA
35189,山東第一區水利,77,NA,NA
35261,太湖流域水利工程處,NA,NA,NA
35272,重慶武器修器所,1270,NA,NA
35286,湖北團浠公路,68,NA,NA
35292,湖北平崇公路,68,NA,NA
35294,巴施公路,NA,NA,NA
35374,廈門電力公司發電所,886,NA,NA
35376,商務印書館總廠,NA,NA,NA
35380,Fargo Eng. Co.,35382,NA,NA
35381,上海工業試驗所,877,NA,NA
35386,武昌電廠工程處,1036,NA,NA
35416,日本長崎紡織株式會社,32455,NA,NA
35418,上海恆豐紡織新局,877,NA,NA
35421,榆次晉華太原晉生祁縣晉華三廠辦事處,NA,NA,NA
35465,浙江杭良綫鄞奉公路及黃樂公路,62,NA,NA
35467,西蘭公路漢寧公路,NA,NA,NA
35486,上海亞光電木製造公司,877,NA,NA
35498,Ohio Columbia City 水廠,137,NA,NA
35511,滇黔鐵路,11289,NA,NA
35531,河南永利局,66,NA,NA
35543,廣州建設委員會,350,NA,NA
35546,廣東水利局工務課,74,NA,NA
35559,廣東信託有限公司建築部,74,NA,NA
35589,南通大生紗廠,562,NA,NA
35609,督辦京畿水災善後事宜處,NA,NA,NA
35616,福州市公共汽車公司,419,NA,NA
35618,武漢市公共汽車管理處,356,NA,NA
35621,福州閩西汽車公司,419,NA,NA
35624,上海北極公司服務部,877,NA,NA
35633,國際無綫電台,NA,NA,NA
35643,河北省鑛業監理委員會,63,NA,NA
35653,曹縣建設局,19830,NA,NA
35663,北平市衛生局,410,NA,NA
35681,畿輔大學,82,NA,NA
35694,鑫昌礦業公司,7722,NA,NA
35723,安慶無綫電台,1910,NA,NA
35728,長沙福華汽車公司,590,NA,NA
35730,漢口大中貿易公司,2380,NA,NA
35733,美信洋行,2380,NA,NA
35738,交通部平哈電報幹綫第一區工務分處,35739,NA,NA
35756,蚌埠輕便鐵路,1028,NA,NA
35778,山西育才鍊鋼機器廠,76,NA,NA
35783,天津永利化學工業公司,427,NA,NA
35796,廈門電燈廠,886,NA,NA
35800,勞大工廠,NA,NA,NA
35802,南京市衞生事務所,90,NA,NA
35804,南京市防護團救護股,90,NA,NA
35810,湖南工業學校,67,NA,NA
35827,上海國際電信局,877,NA,NA
35840,南京中國造紙廠,90,NA,NA
35842,上海大華化學工業社,877,NA,NA
35845,廣東省營硫酸蘇打廠,74,NA,NA
35861,Junkers 飛機廠,121,NA,NA
35864,廣東飛機製造廠,74,NA,NA
35867,廣東工兵試驗廠,74,NA,NA
35869,廣東華西興業公司,74,NA,NA
35871,廣東琶江兵工廠,74,NA,NA
35877,四川省立工專,1434,NA,NA
35879,四川省立女子高等實業學校,1434,NA,NA
35882,四川二十四軍建設委員會,1434,NA,NA
35884,四川工業學校,1434,NA,NA
35917,錢塘江橋工處,999,NA,NA
35937,西安水利局,2596,NA,NA
35945,鄭州亞細亞煤油公司,2496,NA,NA
35950,山西銘賢學校,76,NA,NA
35957,巴黎格拉姆電機製造廠,1948,NA,NA
35961,太原航空學校,726,NA,NA
35971,山西電氣研究會,76,NA,NA
35988,Bucyrus 挖泥機器製造廠,35985,NA,NA
36000,山西測繪化分局,76,NA,NA
36011,南京兩廣中學,90,NA,NA
36030,中湘煤礦,NA,NA,NA
36039,保定工業職業學校,12923,NA,NA
36073,杭州大有利電氣公司,999,NA,NA
36103,廣西道路管理局,73,NA,NA
36112,東方大港籌備處,36113,NA,NA
36154,新化中學,2429,NA,NA
36162,黑龍江鶴江煤礦公司,65,NA,NA
36164,開灤唐山煤礦,445,NA,NA
36184,華昌礦冶公司,NA,NA,NA
36186,湖南長沙礦務局,590,NA,NA
36188,江華鋅礦公司,NA,NA,NA
36190,水口山礦,NA,NA,NA
36195,上海中央信託局,877,NA,NA
36204,濟南濟源工廠,1177,NA,NA
36207,山東女中,77,NA,NA
36209,上海盛天陶器廠,877,NA,NA
36242,重慶無線電台,1270,NA,NA
36245,長途電話工務室,NA,NA,NA
36269,遼陽天利煤礦,819,NA,NA
36271,熱河興隆金礦,36360,NA,NA
36275,香港城門水塘馬墩工程處,1072,NA,NA
36277,香港礦務公司,1072,NA,NA
36290,安徽皖西築路處,60,NA,NA
36294,永利化工公司,427,NA,NA
36305,Hansa 航空測量公司,121,NA,NA
36307,陸地測量總局,NA,NA,NA
36319,山東博東公司,77,NA,NA
36326,梅縣廣益中學,566,NA,NA
36330,廣州寶生建築公司,350,NA,NA
36332,黃埔商埠籌備處,5031,NA,NA
36353,陝縣民生煤礦公司,29749,NA,NA
36364,無錫麗新紗廠,1664,NA,NA
36368,江蘇省立鹽城高級應用化學科職業學校,496,NA,NA
36378,塘沽久大精鹽公司,NA,NA,NA
36380,青島永裕鹽業公司,2331,NA,NA
36397,昆明國際電台,556,NA,NA
36407,廣西無綫電製造廠,73,NA,NA
36408,舒六公路工程所,NA,NA,NA
36421,橋樑設計股,NA,NA,NA
36431,濟寧工業職業學校,3763,NA,NA
36446,陝西省立高級中學,78,NA,NA
36452,蘇皖魯剿匪總司令部軍需處,NA,NA,NA
36456,北寧電報總局,NA,NA,NA
36460,北京電政監督處,410,NA,NA
36463,東三省電政監督處,NA,NA,NA
36476,上海龍華飛行港管理處,877,NA,NA
36482,上海奇異燈泡廠,877,NA,NA
36501,甘肅電報學校,69,NA,NA
36505,開封無綫電學校,717,NA,NA
36527,滬楓鐵路,877,NA,NA
36537,湘南礦務局,67,NA,NA
36539,中福礦務公司,NA,NA,NA
36547,山東省立臨清初中,36548,NA,NA
36576,Edison Power Company,1387,NA,NA
36606,Chicago 橋樑廠,12065,NA,NA
36626,江南海塘寶山段,NA,NA,NA
36628,浙江省水利局杭海段,62,NA,NA
36629,浙江省水利局,62,NA,NA
36635,合作無綫電研究所,NA,NA,NA
36649,太原兵器研究會,726,NA,NA
36653,山西無線電管理處,76,NA,NA
36656,長途電話工程委員會,NA,NA,NA
36661,福州無綫電報局,419,NA,NA
36664,北京電氣技術委員會,410,NA,NA
36666,北平廣播電台,410,NA,NA
36670,軍分會電信教練所,NA,NA,NA
36676,Siemens 廠,432,NA,NA
36703,蕪湖電台,3703,NA,NA
36706,九江電台,3265,NA,NA
36763,漢口揚子機器公司,2380,NA,NA
36779,杞縣縣立中學,28826,NA,NA
36795,鐵路管理學校,NA,NA,NA
36803,上海安記營造廠,877,NA,NA
36820,安徽貴池饅頭山煤礦,2534,NA,NA
36844,天津特一區公署,427,NA,NA
36850,北平國際大電台,410,NA,NA
36852,海車部吳淞海岸巡防處,7212,NA,NA
36877,山西飛機廠,76,NA,NA
36898,廣州電報局,350,NA,NA
36900,上海電信學校,877,NA,NA
36902,廣州電信學校,350,NA,NA
36904,上海電信機器廠,877,NA,NA
36908,福廣電綫工務處,NA,NA,NA
36920,華東煤礦公司總事務所,NA,NA,NA
36927,瀋陽海城電報局,4449,NA,NA
36929,瀋陽無線電,511,NA,NA
36953,英國康和省鑛礦場,125,NA,NA
36957,農專工專學校,NA,NA,NA
36959,廣東大學,74,NA,NA
36977,浙江省金武永路,62,NA,NA
36979,湖北省第五區公路處,68,NA,NA
36986,天祥洋行機器部,NA,NA,NA
37033,交通大學研究所,NA,NA,NA
37035,永固造漆公司,NA,NA,NA
37047,宜溧金丹運河工程處,NA,NA,NA
37049,黃災善後工賑工程處,NA,NA,NA
37051,孟河二工程局,NA,NA,NA
37053,包港二工程局,NA,NA,NA
37071,崇明無線電報局,1256,NA,NA
37096,法國卜齊兵工廠,159,NA,NA
37099,河北農科大學,63,NA,NA
37135,開平馬家溝開灤礦廠,NA,NA,NA
37141,山西晉綏兵工築路總指揮部,76,NA,NA
37152,水災救濟委員會,NA,NA,NA
37160,漢冶萍鐵廠,1120,NA,NA
37164,榆次縣魏榆電汽廠,11187,NA,NA
37166,山西師範學校,76,NA,NA
37168,山西省立工專,76,NA,NA
37170,太原女师,726,NA,NA
37180,磁縣官礦局,5287,NA,NA
37182,武安冠華煤礦,37183,NA,NA
37226,天津京畿河工督辦處,427,NA,NA
37240,上海鹽務稽核總所,877,NA,NA
37244,河南商水縣營業稅徵收,66,NA,NA
37256,龍烟公司,NA,NA,NA
37265,山東文登縣建設局,6678,NA,NA
37267,威海衞光明電氣公司,7761,NA,NA
37278,馬尾海軍學校 (福州海軍學校),419,NA,NA
37280,飛潛學校,419,NA,NA
37298,日本大阪大同電力株式會社,551,NA,NA
37301,天津無綫電台,427,NA,NA
37326,N. Y. Air Brake Co,37327,NA,NA
37344,廣東興寧縣第一中學,13846,NA,NA
37346,崇明富安紗廠,1256,NA,NA
37364,龍口烟濰公路,37366,NA,NA
37379,開灤礦務局,NA,NA,NA
37387,上海大興建築事務所,877,NA,NA
37393,河南陝州專員公署,37394,NA,NA
37406,第一集團軍空軍司,NA,NA,NA
37436,西北鹽務管理局,NA,NA,NA
37444,湖南長途電話工程處,67,NA,NA
37486,省立太原中學,726,NA,NA
37516,祁縣益晉織染公司,4130,NA,NA
37557,Frick Ice Machine Co.,1387,NA,NA
37571,南陽水利局,9772,NA,NA
37578,太原華瑞博物調查會,726,NA,NA
37596,寧園工務組,90,NA,NA
37598,驗收材料委員會,NA,NA,NA
37611,天津海河工程局,427,NA,NA
37636,四川綿羅馬路局,1434,NA,NA
37639,成都工務局,607,NA,NA
37642,新都縣政府,37643,NA,NA
37645,四川第一區行政督察專員公署,1434,NA,NA
37667,德 Siemens 電機廠香港分行,1072,NA,NA
37687,秦皇島耀華機器製造玻璃公司,2801,NA,NA
37723,第二集團軍無綫電管理處,NA,NA,NA
37740,浙江硤石電燈公司,1113,NA,NA
37754,吳淞大中華紗廠,7212,NA,NA
37758,柏林世界第二次動力大會,432,NA,NA
37764,電業函授學校,NA,NA,NA
37773,啟新唐山電力廠,445,NA,NA
37776,京蕪路,NA,NA,NA
37778,京杭路,NA,NA,NA
37780,蘇嘉路,71,NA,NA
37782,福建崇建路,61,NA,NA
37786,西安近郊路,2596,NA,NA
37795,上海泰昌祥船行,877,NA,NA
37809,河南水利專校,66,NA,NA
37818,上海市理科實驗室,877,NA,NA
37820,貴州公路管理局,75,NA,NA
37829,京滬鐵路南京車房,90,NA,NA
37832,鐵道部戚墅堰機廠,1347,NA,NA
37836,京滬鐵路南京機房,90,NA,NA
37838,Head Wrightson & Co. 鑄鋼廠,27510,NA,NA
37841,錫滬機務段上北車房,NA,NA,NA
37860,北平電政管理局,410,NA,NA
37864,中華工業專門學校,NA,NA,NA
37888,皖西公路,60,NA,NA
37898,Carnegie Steel Co.,1387,NA,NA
37913,廣東省立工專,74,NA,NA
37915,廣州工程事務所,350,NA,NA
37917,勷勤工學院,74,NA,NA
37937,遼寧民生工廠,64,NA,NA
37939,開封靜宜女中教,717,NA,NA
37953,日本荒澤銅礦,258,NA,NA
37979,山西省立第二中學,76,NA,NA
37996,光啓社,NA,NA,NA
38005,山東平度縣政府,4189,NA,NA
38029,太原瑞華地質調查會,726,NA,NA
38031,山西實業廳,76,NA,NA
38033,山西寧鄉晉興煤礦公司,1231,NA,NA
38072,湖北公礦公署,68,NA,NA
38082,禾豐造紙廠,NA,NA,NA
38086,上海永明電燈泡廠,877,NA,NA
38092,江蘇淮陰電廠,6460,NA,NA
38109,上海國民製糖公司,877,NA,NA
38112,晶華製糖公司,NA,NA,NA
38114,五洲皂藥廠,NA,NA,NA
38117,吳淞國民製糖廠,7212,NA,NA
38119,廣西糖廠,73,NA,NA
38163,Switch Board Dept.,NA,NA,NA
38165,紐約 Edison Power Co.,146,NA,NA
38167,United Radio Co.,NA,NA,NA
38182,上海財政部鹽務稽核總所,877,NA,NA
38215,重慶中等學校,1270,NA,NA
38217,重慶工務局,1270,NA,NA
38219,重慶聯立高級中學,1270,NA,NA
38229,緬甸鉛銀礦公司,NA,NA,NA
38231,河南礦專校,66,NA,NA
38235,湖南香花嶺錫礦局,67,NA,NA
38237,平江金礦局,1004,NA,NA
38240,湖南宜章瑤崗仙澤民鎢礦公司,67,NA,NA
38243,暨興裕鎢礦公司,NA,NA,NA
38263,仁立實業公司,427,NA,NA
38284,臨風總段,4371,NA,NA
38290,百斯利恆鍊鋼廠 (Bethlehem Steel Company),39281,NA,NA
38292,拉比工程公司 (J. Harold Rapp & Company),1801,NA,NA
38296,中央建設委員會,NA,NA,NA
38303,唐山華新紡織公司,445,NA,NA
38315,直隸財政廳,63,NA,NA
38330,中央軍校,NA,NA,NA
38335,成都啟明電燈公司,607,NA,NA
38353,唐山機廠,445,NA,NA
38355,蕪湖明遠電燈公司,3703,NA,NA
38357,交通部無線電管理處,NA,NA,NA
38361,杭州電氣廠,999,NA,NA
38367,S. D. Warren & Co. Paper Mill,3158,NA,NA
38369,南洋貿易公司,NA,NA,NA
38372,上海中國化學工業社製造廠,877,NA,NA
38374,晶明玻璃廠,NA,NA,NA
38395,浙江鐵路公司,62,NA,NA
38402,廣東惠州軍墾第一糖廠,74,NA,NA
38404,廣東省營工業管理處揭陽糖廠,74,NA,NA
38427,北京無綫電台,410,NA,NA
38429,包頭無綫電台,6003,NA,NA
38431,寧夏無綫電台,21693,NA,NA
38437,巴縣至沅陵設綫工程,80,NA,NA
38459,宜巴公路,3560,NA,NA
38469,上海新裕紗廠,877,NA,NA
38503,北平天壇電台,410,NA,NA
38505,廣西無綫電管理局,73,NA,NA
38507,湖北省政府電務室,68,NA,NA
38530,中華鐵工廠,NA,NA,NA
38562,瀋陽電話局,511,NA,NA
38566,哈滿綏長途電話局,13060,NA,NA
38621,美國芝加哥杜威爾建築事務所,12065,NA,NA
38624,東亞建築公司,NA,NA,NA
38632,潮汕鐵路公司,2383,NA,NA
38653,上海泰山磚瓦公司,877,NA,NA
38671,蘇州造幣廠,1315,NA,NA
38674,長沙第一紗廠,590,NA,NA
38690,膠濟鐵路青島廠,2331,NA,NA
38695,Bethlehem Ship Building Corp,1387,NA,NA
38698,Alfred Holt & Co.,30399,NA,NA
38700,香港藍烟通輪船公司,1072,NA,NA
38710,美國無線廣播電台,1387,NA,NA
38713,東北大學電工系,511,NA,NA
38719,山西棉花檢查所,76,NA,NA
38726,北海道夕張炭礦,38727,NA,NA
38737,山西全省公路,76,NA,NA
38746,山西育才煉鋼廠,76,NA,NA
38760,四川省立高級職校,1434,NA,NA
38769,重慶電話局,1270,NA,NA
38772,廣州市自動電話管理處,350,NA,NA
38800,山西軍人工藝實習工廠,76,NA,NA
38814,福中中學,NA,NA,NA
38867,廈門無綫電總台,886,NA,NA
38870,上海無綫電總台,877,NA,NA
38877,淮南公路,3669,NA,NA
38908,山東歷城工業職校,77,NA,NA
38921,雲南公路總局,81,NA,NA
38945,華成電器製造廠,NA,NA,NA
38958,南寧衡州線測量隊,4422,NA,NA
38966,粵滇鐵路,74,NA,NA
38968,柳渝綫測量隊,NA,NA,NA
38979,廣東八路軍總指揮部,74,NA,NA
38982,湖北建設廳公路處,68,NA,NA
39010,大冶開灤礦務局,382,NA,NA
39021,北平特別市政府,410,NA,NA
39031,西安省會電話局,2596,NA,NA
39055,嘉興和豐造紙廠,1604,NA,NA
39059,Blande,1948,NA,NA
39061,交通部上海電料管理局,877,NA,NA
39064,杭州華豐紙廠,999,NA,NA
39066,嘉興秀綸絲廠,1604,NA,NA
39069,廣東無綫電學校,74,NA,NA
39076,湖南香花嶺礦局,67,NA,NA
39080,湖南長沙黑鉛煉廠,590,NA,NA
39084,漢口製革廠,2380,NA,NA
39088,山東博山淄博漳礦政局,4173,NA,NA
39094,實業部正豐監督處,NA,NA,NA
39111,Xi'an Electric Power Plant 西京電廠,2596,NA,NA
39114,四川省立第一女子師範學校,1434,NA,NA
39129,上海統益紗廠,877,NA,NA
39131,上海裕民毛絨線廠,877,NA,NA
39144,貴州省政府建設廳,75,NA,NA
39166,天津市特二區工務局,427,NA,NA
39170,上海金業交易所,877,NA,NA
39194,福建兵工廠,61,NA,NA
39196,廣東石井兵器製造廠,74,NA,NA
39199,中國煤油製煉總廠,NA,NA,NA
39201,廣東肥田料廠,74,NA,NA
39231,湖北省長途電話,68,NA,NA
39263,招商局海瑞輪,NA,NA,NA
39265,重慶民生公司,1270,NA,NA
39272,江蘇江都靑整會,71,NA,NA
39274,上海創制中學高中部,877,NA,NA
39300,趙各莊煤礦,8713,NA,NA
39311,進山中學,726,NA,NA
39315,祁縣縣立初級中學,4130,NA,NA
39359,雲南五金工廠,81,NA,NA
39361,昆華高級工業學校,81,NA,NA
39378,上海中國電器公司,877,NA,NA
39391,A. C. E. C.,2753,NA,NA
39401,金城鐵工廠,2331,NA,NA
39412,開封機廠,717,NA,NA
39433,西南公路營理處筑平段,3924,NA,NA
39466,成渝軍路,607,NA,NA
39469,宜萬鐵路,NA,NA,NA
39471,四川民政廳,1434,NA,NA
39473,宜昌商埠局,3560,NA,NA
39475,萬縣商埠局,1350,NA,NA
39488,北平軍需學校,410,NA,NA
39512,綏遠中學校,96,NA,NA
39514,綏遠兵工廠,96,NA,NA
39522,開封河務總局,717,NA,NA
39524,河南省整理水道改良土壤委員會,66,NA,NA
39533,委員長南昌行營審核處,522,NA,NA
39540,委員長重慶行營第二廳,1270,NA,NA
39551,南京砲兵學校,90,NA,NA
39560,N. Y. Red Devil 製漆公司,146,NA,NA
39563,香港中華製漆公司,1072,NA,NA
39569,福建工專,61,NA,NA
39577,"Niagara Alkan Co,",NA,NA,NA
39580,廣東合羣化學廠,74,NA,NA
39582,廣東省營苛性鈉廠,74,NA,NA
39585,廣東西村士敏土廠,74,NA,NA
39590,上海華生電器廠,877,NA,NA
39592,南翔華明電器製造廠,NA,NA,NA
39603,京畿一帶水災事宜處,NA,NA,NA
39605,河工局,NA,NA,NA
39615,Kellogg Switchboard and Supply Co.,1387,NA,NA
39617,廣州市自動電話所,350,NA,NA
39624,Papeteries de Pont-de-Claix,159,NA,NA
39628,Hannoverschen Papierfabriken,121,NA,NA
39630,廣東苛性鈉廠,74,NA,NA
39645,上海統益紡織公司機務科後紡保全科,877,NA,NA
39665,常州震華電廠,2406,NA,NA
39667,吳淞永安紗廠,7212,NA,NA
39677,郵政總局經劃處,90,NA,NA
39697,雲南補乃銻礦公司,81,NA,NA
39699,北平印鑄局,410,NA,NA
39707,山西礦業公司,76,NA,NA
39734,西南公路處工務科,67,NA,NA
39739,Ammendorf Zeitungs Papierfabrik,39740,NA,NA
39745,Wörgl Zellulosefabrik,39746,NA,NA
39749,上海天章造紙廠,877,NA,NA
39751,南京中國造紙公司籌備處,90,NA,NA
39761,上海達豐染織廠,877,NA,NA
39773,上海華商公共汽車公司,877,NA,NA
39777,上海通信汽車公司營業部,877,NA,NA
39799,巴黎建築公司,1948,NA,NA
39801,法國岡城礦務局,39802,NA,NA
39806,北平鐵路管理學校,410,NA,NA
39873,上海景華工廠,877,NA,NA
39886,上海大中華造船機器廠,877,NA,NA
39895,Pittsburgh Steel Co,1801,NA,NA
39954,日本大官工場,258,NA,NA
39956,南滿沙河口工場,NA,NA,NA
39963,比利時鐵道部,2753,NA,NA
39965,比國橋路工程局,2753,NA,NA
39984,美國貝士利恆鐵廠,1387,NA,NA
39986,日本小幡製鐵所,258,NA,NA
39995,Engineering Exp. Sta.,1387,NA,NA
40015,湖北民信銻礦公司,68,NA,NA
40017,官礦公署大新官銅礦採煤處,11645,NA,NA
40020,陽興炭山灣官礦,NA,NA,NA
40024,西安大興紡織公司,2596,NA,NA
40036,Deutsche Lufthansa AG 德國漢莎航空公司,432,NA,NA
40045,湖北女子職業學校,68,NA,NA
40054,四川家畜保育所化學研究室,1434,NA,NA
40063,德國惟落司汽車工廠,NA,NA,NA
40080,廈門電話公司,886,NA,NA
40084,美國戴維司顧問橋樑工程公司,NA,NA,NA
40086,沙羅門凱司顧問工程公司,NA,NA,NA
40108,潮州金山中學,2114,NA,NA
40110,汕頭土地局,2383,NA,NA
40156,A. T. & T. C,40157,NA,NA
40160,梧州無線電台,4962,NA,NA
40162,廣西無線電管理局,4422,NA,NA
40189,大阪鐵道局鷹取工廠,551,NA,NA
40213,A. S. E. A. 電機廠,40214,NA,NA
40217,S. T. A. L. 汽輪機廠,40219,NA,NA
40232,上海利達公司,877,NA,NA
40241,協記礦局,NA,NA,NA
40248,東京 Bergamini 建築事務所,604,NA,NA
40268,章邱煤礦,10399,NA,NA
40283,福州工業學校,419,NA,NA
40285,廈門海軍司令部,886,NA,NA
40296,南京陸軍通信學校,90,NA,NA
40298,福建電業管理所,61,NA,NA
40300,基督教青年會協會建築部,NA,NA,NA
40307,天津電報總局,427,NA,NA
40329,雲南臨屏鐵路,81,NA,NA
40338,杭州玉萍鐵路局,NA,NA,NA
40348,福州協和學院,419,NA,NA
40383,林瑞驥工程事務所,NA,NA,NA
40388,杭州公用局,999,NA,NA
40392,青島市公用局,2331,NA,NA
40397,天津中國無綫電業公司,427,NA,NA
40400,重慶市電力籌備處,1270,NA,NA
40412,澳門馬爾康洋行,33404,NA,NA
40414,汕頭自來水公司,2383,NA,NA
40433,Atlas-Werks 機器廠,121,NA,NA
40435,Citroën 汽車廠,1948,NA,NA
40443,洛陽電話支局,2183,NA,NA
40472,"Woburn Mach. Co.,",40473,NA,NA
40475,美國合作墾植農場管工,NA,NA,NA
40477,大南製革廠,NA,NA,NA
40479,川鄂區電廠,NA,NA,NA
40485,美國惠士電機製造廠,NA,NA,NA
40527,美國畢士堡煤礦公司,NA,NA,NA
40535,山東金礦管理委員會,77,NA,NA
40559,上海國際通訊大電台籌備處,877,NA,NA
40574,南京衞生實驗所,90,NA,NA
40581,西貢亞細亞火油公司,NA,NA,NA
40585,西貢城琴油公司,NA,NA,NA
40589,廣州鋼窗製造公司,350,NA,NA
40598,上海中華工業廠,877,NA,NA
40600,通用電氣公司,NA,NA,NA
40602,漢運洋行,NA,NA,NA
40611,日本鐵道省機關車工場,258,NA,NA
40613,Ludwig Löwe,432,NA,NA
40615,A. G. C. G.,NA,NA,NA
40617,Skodawerke A. G.,40618,NA,NA
40632,美國地采市亞弼簡公司,NA,NA,NA
40643,審查委員會,NA,NA,NA
40661,南京國都設計處,90,NA,NA
40663,葫蘆島港務處,10648,NA,NA
40666,廣州公路處,350,NA,NA
40668,廣州黃埔開埠督辦公署,350,NA,NA
40675,交通部西南公路處,NA,NA,NA
40680,美國自動電話公司,NA,NA,NA
40683,漢口暨威海衞無綫電台,NA,NA,NA
40685,武漢電話公司,356,NA,NA
40702,全川道路建設處,NA,NA,NA
40720,平津公路段,NA,NA,NA
40722,長江水道整理委員會,NA,NA,NA
40725,經濟委員會籌備處江贛工程局,NA,NA,NA
40732,美國威利臣冶鐵公司,1387,NA,NA
40734,慰寧士宦臣公司,NA,NA,NA
40737,天原電化廠,NA,NA,NA
40740,廣州苛性鈉廠,350,NA,NA
40779,Columbus Elec. Light & Power Co.,26743,NA,NA
40781,上海益中機器公司,877,NA,NA
40795,漢南水利管理局,24407,NA,NA
40814,比國兵工廠,2753,NA,NA
40858,上海電話總局,877,NA,NA
40863,京滬沿公路長途電話設綫工程處,877,NA,NA
40865,浙贛鐵路局,62,NA,NA
40875,南京衞生署,90,NA,NA
40908,開藻煤礦,NA,NA,NA
40912,廣東富國煤礦,74,NA,NA
40930,Berndorf 鹽場,121,NA,NA
40932,Holland 煤礦,121,NA,NA
40934,Nordstern 煤礦,121,NA,NA
40936,湖南地質調查所,67,NA,NA
40939,礦業法起草委員會,NA,NA,NA
40954,廣西銀行,73,NA,NA
40959,陝西省營酒精廠,78,NA,NA
41002,北京市政公所,410,NA,NA
41005,北京亞細亞火油公司,410,NA,NA
41010,上海中國國貨銀行,877,NA,NA
41030,重慶濃華油漆印墨廠,1270,NA,NA
41063,河南焦作福公司,3074,NA,NA
41065,河南武安信誠煤礦,37183,NA,NA
41108,寧波法政專門學校,1736,NA,NA
41110,浙江第四中學,62,NA,NA
41112,寧波女子師範,1736,NA,NA
41114,寧波市教育局,1736,NA,NA
41116,鄞縣縣立女子中學,1161,NA,NA
41124,美國門羅要塞,1387,NA,NA
41133,中國實業銀行,NA,NA,NA
41139,無錫茂新麵粉公司,1664,NA,NA
41151,遼寧縣立中學,64,NA,NA
41154,淞浦機廠,71,NA,NA
41198,宣渝灘險事務所,NA,NA,NA
41203,湖北省政府,68,NA,NA
41229,衞輝華新沙廠,NA,NA,NA
41258,雲南煉錫公司,81,NA,NA
41261,雲南出口礦產品運銷處,81,NA,NA
41302,印第安電業公司,41303,NA,NA
41312,山東省營金礦,77,NA,NA
41324,昆明耀龍電氣公司,556,NA,NA
41330,Wm. Banker Tannery,27510,NA,NA
41332,太原陸軍糧服局,726,NA,NA
41339,法國爾歐汽車廠修機廠,159,NA,NA
41341,保定高職,12923,NA,NA
41343,魯豐紗廠,77,NA,NA
41367,瑞士靜電廠,2240,NA,NA
41370,北平綏靖公署,410,NA,NA
41378,開平馬家溝開灤礦務局,1857,NA,NA
41400,美國合組無綫電公司,1387,NA,NA
41406,洛陽國際支台,2183,NA,NA
41440,湖北陽新大新官礦富池煉廠,17052,NA,NA
41442,福建建甌東游金礦,2978,NA,NA
41446,大冶臨時煉銅廠,382,NA,NA
41450,Niagara Power Co.,41451,NA,NA
41460,中國科學社,90,NA,NA
41462,中國科學圖書儀器公司,877,NA,NA
41468,湖南桂陽初級染織陶瓷科職業學校,527,NA,NA
41479,重慶聯中校,1270,NA,NA
41493,法國汽車廠,159,NA,NA
41495,法國飛機廠,159,NA,NA
41505,無錫振新紡織公司,1664,NA,NA
41565,Minneapolis 機廠,41566,NA,NA
41581,廣西柳州公路局,11289,NA,NA
41584,平梧公路,NA,NA,NA
41589,奉化溪口武嶺中學,41590,NA,NA
41623,杭州中山大學,999,NA,NA
41633,江西地質礦業調查所,70,NA,NA
41641,寧海中學,6169,NA,NA
41651,柏林炸藥學院,432,NA,NA
41672,Thomes Tamer 建築師事務所,1387,NA,NA
41674,上海建業地產公司,877,NA,NA
41685,中央短波廣播電台籌備處,90,NA,NA
41697,南京建設委員會,90,NA,NA
41703,九省長途電話局,NA,NA,NA
41705,上海浦東電氣公司,1322,NA,NA
41709,漢中電廠,26690,NA,NA
41740,新光電力公司,NA,NA,NA
41760,濟青長途電話話務管理處,2331,NA,NA
41788,生絲檢查所,NA,NA,NA
41790,廣州合羣化學製造廠,350,NA,NA
41797,東莞建設局,1817,NA,NA
41840,上海開成酸廠,877,NA,NA
41842,瑞安硫鐵礦,3884,NA,NA
41844,湖南茶陵鐵礦探勘隊,7888,NA,NA
41858,苛士的氯氣廠,NA,NA,NA
41874,天津林泰工程公司,427,NA,NA
41894,福建建甌梨山煤礦公司,2978,NA,NA
41896,福州協和建築部,419,NA,NA
41899,福州市政局,419,NA,NA
41902,漳夏鐵路,NA,NA,NA
41913,美國鋼鐵出口商業公司,1387,NA,NA
41915,John R. Freeman,41928,NA,NA
41919,廈門工務局,886,NA,NA
41926,廣東治河委員會,74,NA,NA
41933,山東玲瓏金礦公司,77,NA,NA
41935,開封黎明中學,717,NA,NA
41942,Liege 電車公司,5467,NA,NA
41975,比國郭克里廠,2753,NA,NA
42007,汕頭電報局,2383,NA,NA
42039,Midland Steel Co.,1387,NA,NA
42054,南京基泰工程司,90,NA,NA
42060,廣東南華煤礦,74,NA,NA
42073,雲南超通民眾實業公司,81,NA,NA
42077,漳州電廠,4561,NA,NA
42079,永安電廠,42080,NA,NA
42092,武進電話公司,965,NA,NA
42094,無錫耀明電燈公司,1664,NA,NA
42112,永定河河務局,13948,NA,NA
42115,揚子江北運河工程局,NA,NA,NA
42127,東京電機製作所,604,NA,NA
42137,軍用光學器材工廠籌備處,NA,NA,NA
42142,四川越雋甸禹銅礦公司,1434,NA,NA
42145,四川全省土產改進委員會,1434,NA,NA
42147,四川生產建設會,1434,NA,NA
42160,太原第一師範,726,NA,NA
42275,遼寧東北煤礦,64,NA,NA
42281,廣州大本營,350,NA,NA
42284,天津造幣總廠,427,NA,NA
42296,N. Y. State Test Lab,8693,NA,NA
42298,Libbey-Owens. Sheet Glass. Co.,1387,NA,NA
42301,天源煤廠,2183,NA,NA
42319,Ford T. S. 廠,1387,NA,NA
42321,天津井陘礦務局,427,NA,NA
42325,綏遠新綏長途汽車公司,96,NA,NA
42344,基泰工程司事務所,NA,NA,NA
42348,福建實業司,61,NA,NA
42355,廣東華洋義賑會,74,NA,NA
42359,福建省會工務處,61,NA,NA
42385,安徽省會電燈廠,60,NA,NA
42400,山東華洋義賑會,77,NA,NA
42412,奉天開灤煤礦,64,NA,NA
42439,漢陽周恆順機器廠,1120,NA,NA
42454,南京陸軍工兵學校,90,NA,NA
42466,山西省政府設計委員會,76,NA,NA
42468,壬申化學工廠,NA,NA,NA
42478,廣東建設廳公路處,74,NA,NA
42499,山西大同礦業公司口泉運輸處,743,NA,NA
42505,南京北河口自來水廠,90,NA,NA
42507,桂林電力廠,4238,NA,NA
42516,廣東合作事業委員會,74,NA,NA
42541,太原晉綏兵工礦產測探局,726,NA,NA
42547,香港美華中學,1072,NA,NA
42551,江蘇鐵路學校,71,NA,NA
42554,廣東建設廳韶平公路,74,NA,NA
42588,民生實業輪船公司,NA,NA,NA
42601,江西樂平中學,70,NA,NA
42608,玉山煤礦籌備處,802,NA,NA
42621,雲南省立高級工業職業學校,81,NA,NA
42642,廣西電報補習所,73,NA,NA
42648,第四集團軍通訊補習班,NA,NA,NA
42651,廣西省立第一中學,73,NA,NA
42656,廣西南寧電報局,4422,NA,NA
42681,杭州中央飛機廠,999,NA,NA
42718,德國 Zublin (Züblin) 建築公司,8797,NA,NA
42816,武昌電燈局,1036,NA,NA
42819,廣州無綫電話台,350,NA,NA
42820,陸軍交,90,NA,NA
42829,瀋陽第二工科學校,511,NA,NA
42838,第八路總指揮部,NA,NA,NA
42843,南海九江市政局,3265,NA,NA
42845,廣東興寧縣,13846,NA,NA
42847,南華大學,NA,NA,NA
42854,湖南華昌鍊礦公司,67,NA,NA
42865,綏遠都統署修械所,96,NA,NA
42867,天津平津修械廠,427,NA,NA
42868,當塗鐵礦,60,NA,NA
42876,荻港鐵礦,1072,NA,NA
42877,武漢近郊工程處,356,NA,NA
42883,陽新錳礦,17052,NA,NA
42901,湘鄉煤礦,6556,NA,NA
42910,湖南工業試驗所,67,NA,NA
42914,湖南第二汽車路,67,NA,NA
42917,江蘇省立松江中學,71,NA,NA
42923,湖北陽新銅礦,17052,NA,NA
42944,萬泰洋行,877,NA,NA
42946,B. T. H. 公司,125,NA,NA
42952,湖北官礦局,63,NA,NA
42954,Worthington 水力機械公司,125,NA,NA
42963,北平中央觀象台,410,NA,NA
42984,株州公路處,5544,NA,NA
43001,黑龍江省公署,65,NA,NA
43009,第二十六軍電務總管處,NA,NA,NA
43012,湖南軍官講習所,67,NA,NA
43015,山東長途電話管理處,77,NA,NA
43017,山東工程人員訓練班電汽科,77,NA,NA
43022,江蘇農具製造廠,71,NA,NA
43070,爪哇八泗鐵路,1850,NA,NA
43073,爪哇錦石埠中華學校,1850,NA,NA
43075,安徽宣郎廣汽車路,60,NA,NA
43077,天長浚河工程處,20579,NA,NA
43110,崑山泰記電氣公司,1636,NA,NA
43115,"British Insulated Cables, Ltd.",43116,NA,NA
43127,廣西工業學校,73,NA,NA
43131,湖南省立長沙初級工業職校,590,NA,NA
43141,江蘇長途電話交換所,71,NA,NA
43154,山西新絳縣大益成紡紗廠發電廠,2313,NA,NA
43156,西北電氣廠,NA,NA,NA
43178,淮南鹽地清丈隊,3669,NA,NA
43210,無錫協新毛紡織廠,1664,NA,NA
43223,Illinois Steel Company (Ill. Steel Co.),140,NA,NA
43226,Universal Portland Cement Co.,228,NA,NA
43245,唐山工學院,445,NA,NA
43257,American Rolling Mill Company (ARMCO),43258,NA,NA
43274,震華製造電機廠,NA,NA,NA
43302,日本大藏省釀造試驗所,258,NA,NA
43304,山西第二貧民高小,76,NA,NA
43314,山西代縣中學,1364,NA,NA
43316,察綏兩省總稽查處,NA,NA,NA
43319,大同恆義煤礦公司,743,NA,NA
43321,大同女子中學,743,NA,NA
43326,開封礦業技士事務所,717,NA,NA
43370,安徽郎溪縣京建公路,43371,NA,NA
43380,四川酒精廠,1434,NA,NA
43401,河南焦作礦務大學,3074,NA,NA
43403,吉林穆陵煤礦,72,NA,NA
43406,中福工務處,NA,NA,NA
43463,上海泉漳中學,877,NA,NA
43465,安樂棉毛紡織廠,877,NA,NA
43468,廈門雙十中學,886,NA,NA
43502,美國冶煉公司,NA,NA,NA
43543,上海中國內衣公司,877,NA,NA
43561,秦皇島北柳江路礦公司,2801,NA,NA
43597,林西開灤礦務局,4345,NA,NA
43631,江西磚瓦廠,70,NA,NA
43633,江西省立陶業學校,70,NA,NA
43635,江西光大磁業公司,70,NA,NA
43642,江南建設廳,14716,NA,NA
43647,瀋陽市電車廠,511,NA,NA
43657,安徽宿松北山煤礦,60,NA,NA
43659,湖南造幣廠,67,NA,NA
43677,瀘縣濟和水力電廠,6961,NA,NA
43694,淮南礦務局,3669,NA,NA
43700,廣西出入口貿易處,73,NA,NA
43718,陝甘兩省調查礦產,NA,NA,NA
43722,河南南陽調查礦產,9772,NA,NA
43724,黑龍江吉興金廠,65,NA,NA
43726,陝縣民生煤礦股份有限公司,29749,NA,NA
43744,陸軍第三軍,NA,NA,NA
43753,漢口既濟電廠,2380,NA,NA
43766,江蘇海門中學校,1189,NA,NA
43773,上海仲明汽車公司,877,NA,NA
43801,日本川崎市東京製綫株式會社,604,NA,NA
43808,名古屋市日活電綫製造株式會社,3105,NA,NA
43812,陸軍二百師通訊營第三連材料員,NA,NA,NA
43836,華北水委員會,NA,NA,NA
43838,巴黎布羅尼市府工程處,1948,NA,NA
43860,南翔華成電器製造廠,NA,NA,NA
43869,湖南楚怡高級工業學校,67,NA,NA
43877,上海申新紡織第七廠,877,NA,NA
43897,廣東潮安修濬三利溪委員會,338,NA,NA
43908,加拿大國家鐵道公司電力廠機器廠,262,NA,NA
43918,黃埔軍事政治學校,5031,NA,NA
43933,南京自來水廠,90,NA,NA
43940,康川洋行,NA,NA,NA
43942,西安無綫電台,2596,NA,NA
43944,漢口無綫電台,2380,NA,NA
43952,廣東北沙公路,74,NA,NA
43967,成都市政府,607,NA,NA
43969,河北省雄縣,2974,NA,NA
44008,東北帝大金屬材料研究所,NA,NA,NA
44011,河北房山縣坨清商綫公司,33369,NA,NA
44017,江蘇財政廳,71,NA,NA
44028,廣東第二兵工廠,74,NA,NA
44041,吳淞永安第二紗廠,NA,NA,NA
44050,天津祐元紗廠修機廠,427,NA,NA
44059,山西忻密鐵路,NA,NA,NA
44064,邕龍公路,NA,NA,NA
44066,鎮區公路,NA,NA,NA
44087,熱河財政廳,94,NA,NA
44089,熱河建設廳,94,NA,NA
44105,無錫市政工程處,1664,NA,NA
44110,匯芳公司,877,NA,NA
44112,江西省教育會,70,NA,NA
44123,上海寶成紗廠,877,NA,NA
44136,龍烟鍊鐵廠,NA,NA,NA
44151,中國無綫電工程學校,NA,NA,NA
44165,陸軍第二百,NA,NA,NA
44172,察省宣化中學,1299,NA,NA
44175,口北道尹公署,NA,NA,NA
44214,廣東軍事學校,74,NA,NA
44252,Ashington Colliery,44253,NA,NA
44257,磁縣中和煤礦公司,5287,NA,NA
44277,天津北洋紡織廠,427,NA,NA
44279,中外運輸公司,NA,NA,NA
44292,河北第六中學,63,NA,NA
44302,"開灤公司 Kailuan (Group) Co., Ltd.",63,NA,NA
44312,濟南溥益糖廠,1177,NA,NA
44320,上海太平洋水綫電報收發處,877,NA,NA
44368,太湖流域水利委員會,26378,NA,NA
44379,天津達生製綫廠,427,NA,NA
44386,上海民生紗廠,877,NA,NA
44396,北京司法部,410,NA,NA
44412,北平無綫電台,410,NA,NA
44421,直隸無綫電管理處,63,NA,NA
44425,成都川康邊防總部,607,NA,NA
44426,山西晉城護澤縣立中學,13681,NA,NA
44446,江西捷安輪船公司,70,NA,NA
44451,嵊縣開明電廠,1259,NA,NA
44465,福州電廠,419,NA,NA
44477,第五路軍總指揮部,NA,NA,NA
44479,中華三極銳電公司,NA,NA,NA
44485,McClintic Marshall Construction Co.,1801,NA,NA
44488,彥記建築事務所,877,NA,NA
44531,中法求新造船廠,NA,NA,NA
44542,河南第二水利局,66,NA,NA
44566,廣西硫酸廠,73,NA,NA
44568,兩廣省辦硫酸廠,74,NA,NA
44571,廣州省立工專,350,NA,NA
44586,南京基泰工程公司,90,NA,NA
44596,省立臨汝中學,NA,NA,NA
44601,并州大學,726,NA,NA
44603,山西大同女子初級中學,743,NA,NA
44613,上海雅利洋行,877,NA,NA
44615,東三省兵工廠槍廠,NA,NA,NA
44656,駐津電料儲轉處,427,NA,NA
44658,國際電訊局,NA,NA,NA
44687,中國自動電器公司,NA,NA,NA
44691,自強軍艦,NA,NA,NA
44773,山西製造廠,76,NA,NA
44781,Goodyear Tire & Rubber Company,44782,NA,NA
44784,太原第三集團軍總司令部,726,NA,NA
44787,北平民國大學,410,NA,NA
44798,三道溝礦廠,44812,NA,NA
44806,陝西電話局,78,NA,NA
44808,引涇工程處,NA,NA,NA
44844,廣西富須礦局,73,NA,NA
44853,Lyon U.,2122,NA,NA
44864,香港建新營造公司,1072,NA,NA
44882,華北大學,NA,NA,NA
44897,福建財政廳礦務科,61,NA,NA
44899,北平農商部,410,NA,NA
44901,實業部礦政司,NA,NA,NA
44920,福州省立工業學校,419,NA,NA
44938,上海炳耀工程公司,877,NA,NA
44952,東省特別區立第二女子中學,NA,NA,NA
44954,哈爾濱自動電話,13060,NA,NA
44988,吉利中俄官商合辦穆稜煤礦公司,NA,NA,NA
44998,華北美以美總會,NA,NA,NA
45051,新生機器廠,NA,NA,NA
45054,廣東毫幣改鑄廠,74,NA,NA
45057,嘉定合作五金公司,903,NA,NA
45083,江蘇江北長途電話管理處,71,NA,NA
45104,Curtiss-Wright Eng. Co.,8693,NA,NA
45114,洛博公路,NA,NA,NA
45118,山東夏津縣建設,45119,NA,NA
45125,山東聊城師範,77,NA,NA
45146,山西紀平煤礦,76,NA,NA
45163,廣州市政府坭城新電力廠,350,NA,NA
45179,上海真裕公司,877,NA,NA
45186,山西督辦公署,76,NA,NA
45187,Yoke Shiol,NA,NA,NA
45190,山西省立無綫電學校,76,NA,NA
45196,北京農商部,410,NA,NA
45197,湖北省政府電台,68,NA,NA
45201,山西礦務局,76,NA,NA
45202,武昌啟黃中學,1036,NA,NA
45220,大隆鐵廠,877,NA,NA
45224,上海康元製罐廠,877,NA,NA
45244,廣西南寧度量衡檢定所,4422,NA,NA
45249,Atwater Kent Radio Co.,18351,NA,NA
45252,廣州第八路,350,NA,NA
45257,廣東無綫電廠,74,NA,NA
45278,Lehigh Valley Coal and Navigation Co.,135,NA,NA
45283,廣東南路公路,74,NA,NA
45317,江西實修染織學校,70,NA,NA
45321,廣東冶河委員會,74,NA,NA
45326,北平衞華工程公司,410,NA,NA
45347,鄭州機務處,2496,NA,NA
45377,廣澳鐵路,NA,NA,NA
45379,增仙鐵路,NA,NA,NA
45383,廣州鐵道專門學校,350,NA,NA
45425,福州礦業專門學校,419,NA,NA
45427,奉天本溪河煤礦鐵公司,64,NA,NA
45429,八道濠煤礦,NA,NA,NA
45431,西安建設廳,2596,NA,NA
45444,佐藤製造廠,258,NA,NA
45464,成都翕華織物工廠,607,NA,NA
45490,咪地洋行,NA,NA,NA
45492,宇新機器製造廠,NA,NA,NA
45495,香港亞洲煤球公司,1072,NA,NA
45514,Lutus 工程公司,NA,NA,NA
45523,紐約華昌貿易公司,8693,NA,NA
45540,河南現代中學,66,NA,NA
45567,山東聊城縣有建設,3331,NA,NA
45580,天津慎昌洋行,427,NA,NA
45582,南京建華中學,90,NA,NA
45586,蕪湖華盛公司,3703,NA,NA
45588,管理中英庚款董事會,NA,NA,NA
45598,長沙書院坪省立第一中學,590,NA,NA
45600,湖南礦產化驗所,67,NA,NA
45614,河北薊運河河務局,63,NA,NA
45619,西北農林專校,NA,NA,NA
45623,成渝公路,607,NA,NA
45625,西京市政建設委員會,410,NA,NA
45654,橫濱電氣會社,17969,NA,NA
45656,湖南省長公署,67,NA,NA
45658,湖南長沙電燈公司,590,NA,NA
45674,Heating & Ventilating Machinery Mfg. Co.,1387,NA,NA
45687,中央陸軍學校,NA,NA,NA
45702,廣東增城帽峯山金礦,74,NA,NA
45704,曲江黃岡嶺銻鑛,27436,NA,NA
45706,揭陽塘湖山鉍礦錫礦鎢礦,6701,NA,NA
45726,北平軍委分會,410,NA,NA
45734,法國人造汽油工廠,159,NA,NA
45736,法國人造絲工廠,159,NA,NA
45738,重慶製造廠,1270,NA,NA
45740,重慶科學實驗所,1270,NA,NA
45742,重慶國民革命軍第二十一軍司令部,1270,NA,NA
45747,日本東京坂西製革廠,604,NA,NA
45749,大坂林木石碱廠,258,NA,NA
45751,上海中華皮革廠,877,NA,NA
45754,江西省立第一職業學校,70,NA,NA
45758,江西省立工業,70,NA,NA
45764,安澤縣立第一高小學,24430,NA,NA
45772,北平景山龍烟鐵礦,410,NA,NA
45774,河北大名第十一中學,11040,NA,NA
45776,北方售品處,NA,NA,NA
45793,陝西涇洛工程局,78,NA,NA
45806,Pratt & Whitney Co.,45807,NA,NA
45809,Colts Small Arms Co.,1387,NA,NA
45811,Brown & Sharp Mfg. Co.,41928,NA,NA
45819,Kerr Turbine Co.,45820,NA,NA
45839,渭惠渠工程處,NA,NA,NA
45851,河北灤縣工程處,1659,NA,NA
45855,Gahasan Construction Co.,1387,NA,NA
45857,Delaware and Hudson R. R.,45858,NA,NA
45871,孫總理祕書團隊,NA,NA,NA
45879,Halcomb Steel Co.,12065,NA,NA
45914,福中公司桐張河零銷處,NA,NA,NA
45922,Cholon 糖廠,45923,NA,NA
45927,長蘆鹽運使署,NA,NA,NA
45948,香港三光布廠,1072,NA,NA
45961,魯大礦業公司,NA,NA,NA
45964,膠縣福安鉛礦公司,3203,NA,NA
45966,章邱一元煤礦公司,10399,NA,NA
45972,東北高等軍學研究班,NA,NA,NA
45974,營口無線台,21550,NA,NA
45977,綏遠電報局,96,NA,NA
45993,如皋丁堰達記布廠,2352,NA,NA
46005,英國皇家工程學校,125,NA,NA
46007,Dawson & Downie Pump Works,46008,NA,NA
46010,William Beardmore & Co.,1569,NA,NA
46070,Ateliers F. L. 機車廠,159,NA,NA
46093,上海英工部局,877,NA,NA
46111,福州解藩路科學館,419,NA,NA
46146,創新營造廠,NA,NA,NA
46154,美國銅礦公司,1387,NA,NA
46157,河北塘沽開灤礦務局,5751,NA,NA
46181,衡州電報局,8091,NA,NA
46224,常州紗廠,2406,NA,NA
46227,南通通明電氣公司,562,NA,NA
46230,天生港電廠,562,NA,NA
46237,揚州兩淮中學校,4423,NA,NA
46239,河南高等學校,66,NA,NA
46242,上海中華煤球公司,877,NA,NA
46264,漢口漢寧汽車工程處,2380,NA,NA
46266,禮山縣新治建設委員會,46256,NA,NA
46306,湖南鐵工廠,67,NA,NA
46309,革命軍第四十軍政治部,NA,NA,NA
46326,Michigan Tel. Co.,199,NA,NA
46329,紐約 A. T. & T.,146,NA,NA
46336,杭州電話局,999,NA,NA
46362,井陘礦務總局,632,NA,NA
46366,唐山礦局,445,NA,NA
46370,長坪公路改善工程處,NA,NA,NA
46380,東京電力,604,NA,NA
46382,八幡製鐵廠,46383,NA,NA
46390,南京鼓樓醫院電務部,90,NA,NA
46412,香港鑛務公司,1072,NA,NA
46414,廣梅鐵路,350,NA,NA
46432,廣西梧州市營電力廠,4962,NA,NA
46434,廣西第四高中,73,NA,NA
46442,浙江長興煤礦公司,2932,NA,NA
46452,廣東石龍市工務局,74,NA,NA
46468,北流縣立第一中學校,544,NA,NA
46471,北流縣礦務局,544,NA,NA
46503,北京無綫電局,410,NA,NA
46505,福州無綫電局,419,NA,NA
46507,烟台無綫電局,6947,NA,NA
46528,上海振華油漆廠,877,NA,NA
46531,上海元豐油漆廠,877,NA,NA
46555,太原山西軍人工藝實習廠,726,NA,NA
46581,四川全美炭廠,1434,NA,NA
46587,天津永明漆廠,427,NA,NA
46624,山東濱縣縣政府,3239,NA,NA
46649,中山港中國煤油公司,1993,NA,NA
46663,江西地質礦物調查所,70,NA,NA
46665,樂平建設局,795,NA,NA
46679,上海華法營造廠,877,NA,NA
46686,四川省立高級工科職業學校,1434,NA,NA
46705,四川雲陽中學,1434,NA,NA
46708,永谷煤礦公司,68,NA,NA
46718,會同金礦局,46719,NA,NA
46745,江蘇建設所,71,NA,NA
46764,北平中國營造學社,410,NA,NA
46768,太原山西育才煉鋼廠,726,NA,NA
46772,寧武縣建設局,9432,NA,NA
46774,山西實業公司寧武鐵礦採礦處,9432,NA,NA
46775,山西實業公司,76,NA,NA
46780,杭州虎林中學,999,NA,NA
46798,天津華新紡織公司,427,NA,NA
46811,河北齋堂煤礦,63,NA,NA
46814,北京齋堂煤礦公司,410,NA,NA
46820,北平京兆尹公署馬路,410,NA,NA
46831,張家口市政籌備處,8012,NA,NA
46836,江西全省總路局總段,70,NA,NA
46844,成都縣立中學,607,NA,NA
46893,天津高等商業學校,427,NA,NA
46898,南開商行,22068,NA,NA
46899,武昌中山大學,1036,NA,NA
46912,山彪煤礦,46916,NA,NA
46930,鳳儀縣金廠,46931,NA,NA
46935,彌渡縣鉛銀廠,46936,NA,NA
46965,河北樂亭進修中學,8780,NA,NA
46973,怡立煤礦,NA,NA,NA
46980,沙市電報局,16606,NA,NA
47011,天津英租界自來水廠,427,NA,NA
47028,蘭州西北製紙廠,9601,NA,NA
47055,文水縣立初級中學,4225,NA,NA
47068,日本東京礮兵工廠,604,NA,NA
47071,四川機械工廠,1434,NA,NA
47073,明星榨油工廠長,NA,NA,NA
47076,四川室堂水電廠,1434,NA,NA
47084,北平興美工藝所,410,NA,NA
47086,上海中華書局,877,NA,NA
47088,上海德人凹版印刷所,877,NA,NA
47090,上海雲裳公司,877,NA,NA
47092,湖北職業學校,68,NA,NA
47094,上海英文大陸報館,877,NA,NA
47132,山西川至中學,76,NA,NA
47134,左雲礦,4846,NA,NA
47136,文水縣立初中,4225,NA,NA
47148,南京總司令部無線電製造修理所,90,NA,NA
47150,無錫工藝機器廠,1664,NA,NA
47152,無錫東方電氣廠,1664,NA,NA
47164,東亞公司,NA,NA,NA
47190,山西育才機器廠,76,NA,NA
47225,孟縣縣政府,5332,NA,NA
47243,湖南雙利礦務公司,67,NA,NA
47245,漢口得庸公司,2380,NA,NA
47248,中國實業公司,11223,NA,NA
47264,中國礦業代辦所,11223,NA,NA
47272,致和實業公司,NA,NA,NA
47275,北平永安煤礦事務所,410,NA,NA
47299,南京電務局,90,NA,NA
47313,山東省立第二職業學校,77,NA,NA
47315,山東省高級中學,77,NA,NA
47332,渾源縣教育局,2797,NA,NA
47346,奉化天順茶廠,2625,NA,NA
47352,黑龍江省金礦,65,NA,NA
47356,湖北銅礦,68,NA,NA
47412,哈爾濱自動電話局,13060,NA,NA
47432,浙江省立第七中學,62,NA,NA
47439,杭州武林造紙廠,999,NA,NA
47441,上海中一化工廠,877,NA,NA
47444,中孚染料總廠,NA,NA,NA
47462,省立濟南初級工業職業學校,NA,NA,NA
47480,太原修械所,726,NA,NA
47496,安徽省立第一甲種工校,60,NA,NA
47511,北平天壇長波無綫電報局,410,NA,NA
47521,四川全省工業試驗所,1434,NA,NA
47533,湖南臨武縣初級中學,47534,NA,NA
47538,興長煤礦公司,NA,NA,NA
47542,日本大阪汽車製造會社,551,NA,NA
47553,青島大東建築行,2331,NA,NA
47558,B. T. H. Co.,121,NA,NA
47564,山東無綫電管理處,77,NA,NA
47592,武昌電報局,1036,NA,NA
47612,蘇錫公路,71,NA,NA
47624,甘青公路,69,NA,NA
47626,臨洮溥濟渠設計測量隊,69,NA,NA
47649,無錫慶豐紡織漂染整理廠,1664,NA,NA
47651,無錫發電所,1664,NA,NA
47657,長沙軍用電台,590,NA,NA
47659,南京軍用電台,90,NA,NA
47666,新明電氣廠,19517,NA,NA
47680,巴東復昌銅礦公司,23403,NA,NA
47682,江西晉城煤公司,13681,NA,NA
47684,江蘇益大中興公司,71,NA,NA
47688,恩口煤礦公司,NA,NA,NA
47694,漢口漢江中學,2380,NA,NA
47714,上海無綫電報局,877,NA,NA
47721,上海中華第一針織廠,877,NA,NA
47743,上海建華無綫電公司,877,NA,NA
47748,中國無綫電工程學校教,877,NA,NA
47756,忻縣中學校,2732,NA,NA
47758,察哈爾都統署修械所,93,NA,NA
47771,蘭州甘肅省立第一中學,9601,NA,NA
47777,西北煤礦,NA,NA,NA
47787,遼寧迫擊礮廠,64,NA,NA
47808,湖南無綫電製造廠,67,NA,NA
47814,唐山德盛窰業廠,445,NA,NA
47831,長沙四路軍指揮部,590,NA,NA
47840,上海江南造紙公司,877,NA,NA
47845,美孚火油公司,NA,NA,NA
47848,西南航空公司,NA,NA,NA
47854,山西大益成紗廠,76,NA,NA
47861,第三路軍總部電務處,NA,NA,NA
47892,Penn. Salt Co.,1801,NA,NA
47896,廣東工器製造廠,74,NA,NA
47922,上海莊俊建築師事務所,877,NA,NA
47933,N. Y. Poughkeepsie 公路處,146,NA,NA
47938,山東大崑崙悅昇公司,77,NA,NA
47956,美恆紡織公司,877,NA,NA
47958,美亞織綢廠,877,NA,NA
47981,美國製管廠,1387,NA,NA
47992,大中國自行車公司籌備處,NA,NA,NA
48004,Hoy Foundry & Iron Works,1387,NA,NA
48006,Purdy and Henderson Co.,8693,NA,NA
48009,鄱陽梁陳童蔡營造事務所,11209,NA,NA
48099,廣漢電燈廠,14230,NA,NA
48101,成都機械廠,607,NA,NA
48126,上海中央高等汽車學校,877,NA,NA
48128,常州中國工藝學校,2406,NA,NA
48151,台灣台南製酒株式會社,48152,NA,NA
48154,台灣總督府專賣局,48152,NA,NA
48156,高雄南部製酒株式會社,14656,NA,NA
48185,雲南昆剝路,81,NA,NA
48199,蚌埠耀淮電燈公司,1028,NA,NA
48201,蚌埠電廠,1028,NA,NA
48213,上海安迪生電瓷廠,877,NA,NA
48215,廣西賓陽瓷廠,73,NA,NA
48235,察哈爾宣化職業學校,93,NA,NA
48246,黑龍江鶴崗煤礦採煤部,29557,NA,NA
48250,黑龍江省政府,65,NA,NA
48252,東北中學,NA,NA,NA
48260,山西保晉礦務局,76,NA,NA
48277,徐州建設局,4492,NA,NA
48280,河北省立第四中學,63,NA,NA
48283,黃河董莊堵口工程處,NA,NA,NA
48285,山東省第七區,77,NA,NA
48288,山東公署科,77,NA,NA
48306,山東招遠玲瓏山金礦,656,NA,NA
48312,山東玲瓏山金礦公司,48345,NA,NA
48349,Mather & Platt,25218,NA,NA
48351,Tweedales & Smalley,48352,NA,NA
48354,無錫麗新紡織印染公司,1664,NA,NA
48374,中法工商學院,NA,NA,NA
48395,上海寶昌洋行,877,NA,NA
48397,河南農林專門學校,66,NA,NA
48406,美國紐約自然歷史博物館,146,NA,NA
48440,武昌軍事委員會,1036,NA,NA
48455,長沙黑鉛提煉廠,590,NA,NA
48466,河北省立易縣中學,32029,NA,NA
48516,龍烟鐵廠,410,NA,NA
48519,金溝煤礦,NA,NA,NA
48531,北平市立職業學校,410,NA,NA
48549,農田貸款委員會,NA,NA,NA
48555,杭州廣播電台,999,NA,NA
48576,廣州電氣公司,350,NA,NA
48580,龍章造紙廠,877,NA,NA
48586,平綫鐵路,NA,NA,NA
48588,大同車輛調度所,743,NA,NA
48610,裕華紡織廠,NA,NA,NA
48634,南京電燈局,90,NA,NA
48649,廈門無綫電台,886,NA,NA
48652,南京電政管理局,90,NA,NA
48654,重慶電報局,1270,NA,NA
48684,安徽安平煤礦公司,60,NA,NA
48686,西安利通汽車公司,2596,NA,NA
48731,美國合眾電報公司,1387,NA,NA
48733,武昌無綫電報局,1036,NA,NA
48739,瀋陽無綫電台,511,NA,NA
48745,Foundation Co.,1387,NA,NA
48791,漢口揚子鑄廠煉鐵廠,2380,NA,NA
48794,美國通用汽車製造廠,NA,NA,NA
48797,河南硝磺局,66,NA,NA
48816,Automatic Elec. Mfg. Co.,1387,NA,NA
48817,Western 電錶廠,NA,NA,NA
48824,明和紡織廠,NA,NA,NA
48836,法國阿羅諾汽車廠,159,NA,NA
48842,鄭州機務總段,2496,NA,NA
48860,鑛產事務所,NA,NA,NA
48865,日本八番製鐵所,258,NA,NA
48869,撫順炭礦,4042,NA,NA
48875,太原無綫電製造廠,726,NA,NA
48879,電氣鍊鋼廠,NA,NA,NA
48901,更生電機製造廠,NA,NA,NA
48903,上海開能達洋行,877,NA,NA
48907,上海祥泰洋行,877,NA,NA
48909,上海通用電氣有限公司,877,NA,NA
48928,委員長武昌行營交通處,1036,NA,NA
48975,法國軍用電試驗所,159,NA,NA
48977,法國各無綫電台,159,NA,NA
48980,廣州無綫電台,350,NA,NA
48985,中國亞浦爾廠,NA,NA,NA
49011,海容艦輪機所,2331,NA,NA
49022,福州無綫電台,419,NA,NA
49053,Novo Corp,12053,NA,NA
49055,Wright Aeronautical,226,NA,NA
49083,Belfort Alstom 廠,49084,NA,NA
49086,Comniue 煤氣公司,NA,NA,NA
49089,第卅二軍修械所,NA,NA,NA
49096,奧村電氣製作會社處,NA,NA,NA
49098,橫濱電氣株式會社處,17969,NA,NA
49100,大阪中央電氣處,551,NA,NA
49103,陝西國民軍第十師電務處,78,NA,NA
49107,陝西朝邑官廳,78,NA,NA
49119,泰興縣商會常務委員會,2985,NA,NA
49121,泰興縣食糧管理委員會,2985,NA,NA
49142,江都振揚電氣公司,1042,NA,NA
49222,美國鐵道聯合會,1387,NA,NA
49225,台山縣政府建設局,4977,NA,NA
49228,廣州美商馬克敦建築公司,350,NA,NA
49230,台山美商馬克敦公司,4977,NA,NA
49259,英國鋼鐵廠,125,NA,NA
49266,山西省政府建設廳,76,NA,NA
49291,黃河水災救濟委員會,NA,NA,NA
49307,定襄鐵礦,723,NA,NA
49356,廣西南寧市自來水廠,4422,NA,NA
49367,上海永和實業公司,877,NA,NA
49373,廣西機械廠,73,NA,NA
49381,天津河北工業試驗所,427,NA,NA
49394,浙江行營公路處,62,NA,NA
49403,菲列賓領事,NA,NA,NA
49430,上海永大建築公司,877,NA,NA
49438,Junkeas 飛機發動機廠,121,NA,NA
49440,道馳機器廠,121,NA,NA
49447,天津交涉公署,427,NA,NA
49451,太原車務人員訓練所,726,NA,NA
49461,天津普育鐵工廠,427,NA,NA
49495,廣州市衞生局,350,NA,NA
49498,廣西實業院,73,NA,NA
49525,江西第四中學,70,NA,NA
49542,杭州市政府公路,999,NA,NA
49547,德國鐵道修理廠,121,NA,NA
49569,武昌裕華紗廠,1036,NA,NA
49570,重慶行營交通處,1270,NA,NA
49576,美商慎昌洋行,NA,NA,NA
49593,女子學院,NA,NA,NA
49628,江蘇教育廳,71,NA,NA
49636,國營鋼鐵廠籌備委員會,NA,NA,NA
49653,修復官莊圩工務所,NA,NA,NA
49710,浙贛路理事會,62,NA,NA
49713,天津五三工廠,427,NA,NA
49716,天津覺民中學,427,NA,NA
49730,成都川邊軍路,607,NA,NA
49737,中日國際圖們江橋,11223,NA,NA
49743,天津永和建築公司,427,NA,NA
49753,上海范文照建築事務所,877,NA,NA
49755,上海楊錫繆建築事務所,877,NA,NA
49757,大理石廠,1867,NA,NA
49765,第四集團軍航空處,NA,NA,NA
49767,中央上海航空工廠,877,NA,NA
49769,廣西航空學校,73,NA,NA
49779,武昌製呢廠,1036,NA,NA
49814,Michigan Carton Co.,199,NA,NA
49826,合肥縣立女子職業學校,1903,NA,NA
49833,湖南省立芷江鄉村師範,67,NA,NA
49843,順德縣,3042,NA,NA
49849,河南光山第七築路處,8775,NA,NA
49860,粵空軍司令部,74,NA,NA
49874,Marconi Radio Mfg. Co.,1387,NA,NA
49876,雲南全省模範工藝廠,81,NA,NA
49879,雲南實習工場,81,NA,NA
49909,龍溪水力電廠,4553,NA,NA
49911,水力發電勘測總隊,NA,NA,NA
49927,Lyon 人造絲廠,2122,NA,NA
49929,法國維漆廠,159,NA,NA
49938,江蘇民政廳,71,NA,NA
49943,上海市材料處,877,NA,NA
49953,北平協和醫學院,410,NA,NA
49957,南京勵志社,90,NA,NA
49983,江蘇省立第二中學,71,NA,NA
49989,衡陽第三職業學校,459,NA,NA
50022,江蘇疏浚宜溧運河工程處,71,NA,NA
50041,河南彰德益安煤礦公司,66,NA,NA
50055,日本大阪砲兵工廠,551,NA,NA
50057,天津普育機器公司,427,NA,NA
50072,大同礦業公司狼兒溝礦廠,50082,NA,NA
50075,山西同寶礦業公司,76,NA,NA
50080,山益煤礦公司,NA,NA,NA
50092,北海道靜狩金礦山,38727,NA,NA
50143,南京軍械修造廠,90,NA,NA
50155,上海滬蓉航空公司,877,NA,NA
50168,瓊崖公路,13914,NA,NA
50176,江蘇設計委員會,71,NA,NA
50186,廣東電車公司,74,NA,NA
50220,江蘇嘉定合作五金製造公司,903,NA,NA
50255,溫州中學,9204,NA,NA
50264,英國摩士莊船廠,50265,NA,NA
50268,美國紐倫敦電船公司,50269,NA,NA
50285,New Jersey Ship,NA,NA,NA
50308,浙江常山常玉汽車公司,1522,NA,NA
50314,陝西省立三原初級工業學校,2310,NA,NA
50331,山西通省工藝局,76,NA,NA
50333,山西晉華煤礦公司,76,NA,NA
50349,兩浙南沙秤放總局,NA,NA,NA
50370,二十四年度廣州高等考試襄試,NA,NA,NA
50373,京衢鐵路,NA,NA,NA
50376,京贛路局,NA,NA,NA
50394,天津無綫電業公司,427,NA,NA
50411,湖北省立江陵中學,68,NA,NA
50413,金水流域農場,NA,NA,NA
50424,通易礦業公司,NA,NA,NA
50463,國民政府政務委員會,NA,NA,NA
50472,南昌公路處,522,NA,NA
50474,南昌建設廳,522,NA,NA
50508,保晉第四礦廠,NA,NA,NA
50518,湖南教育會,67,NA,NA
50539,營口紡紗廠,21550,NA,NA
50560,津口電機廠,NA,NA,NA
50569,Fore River 造船廠,50570,NA,NA
50574,廈門造船所,886,NA,NA
50579,上海英商華盛貿易公司,877,NA,NA
50640,杭州慶春絲織公司,999,NA,NA
50651,長沙電話局,590,NA,NA
50653,長沙電工廠,590,NA,NA
50674,川滇東路,81,NA,NA
50677,貴州穗靜公路,75,NA,NA
50693,漢陽兵工廠,1120,NA,NA
50724,英國麥克森維格造船廠,125,NA,NA
50726,美國紐倫敦潛艇廠,50269,NA,NA
50728,美國紐約造船所,146,NA,NA
50737,山西省代縣中學校,50738,NA,NA
50740,忻州市第一中学,50738,NA,NA
50744,山西省陽興中學,726,NA,NA
50747,太原成成中学,726,NA,NA
50749,山西雲山高中,726,NA,NA
50751,太原西北煉銅廠,726,NA,NA
50758,大同同寶公司工程處,743,NA,NA
50801,交通團,NA,NA,NA
50803,河南無綫電學校,66,NA,NA
50806,寧波電台,1736,NA,NA
50839,上海勵志書局,877,NA,NA
50849,上海華通電機廠,877,NA,NA
50856,上海市度量衡檢定所,877,NA,NA
50861,巴黎 Citroën 汽車廠,1948,NA,NA
50863,Gaudron 飛機廠,NA,NA,NA
50866,柳江機械廠,2693,NA,NA
50868,上海中央汽車學校,877,NA,NA
50872,軍事交通研究所,NA,NA,NA
50887,La Co. Chemigue,159,NA,NA
50889,de La Rochelle,NA,NA,NA
50893,Chicago By-Products Coking Co.,12065,NA,NA
50901,Mass. 鋁礦,1387,NA,NA
50903,湖南實業司,67,NA,NA
50905,湖南公立工專,67,NA,NA
50907,全國實業行政會,NA,NA,NA
50909,湖南實業廳,67,NA,NA
50918,漢口機車廠,2380,NA,NA
50923,江淮水利局,NA,NA,NA
50925,淮陽徐海平剖面測量局,25429,NA,NA
50931,澳門荷蘭治港公司,33404,NA,NA
50933,北婆羅洲亞細亞火油公司,NA,NA,NA
50935,上海柏韻士工程事務所,877,NA,NA
50954,日本中野煤礦,50971,NA,NA
50956,金田煤礦,NA,NA,NA
50958,豐田煤礦,50970,NA,NA
50962,奉天煤礦公司,64,NA,NA
50965,吉林奶子山煤礦公司,72,NA,NA
50967,黑龍江鶴崗煤礦公司,29557,NA,NA
50969,怡豐麵粉公司,NA,NA,NA
51004,上海立達學院,877,NA,NA
51012,高德洋行,NA,NA,NA
51014,蒼梧縣立工科中學,5212,NA,NA
51016,廣西柳州中學,11289,NA,NA
51021,巴黎地底電車廠,1948,NA,NA
51067,倫敦標準電氣公司,3067,NA,NA
51102,Iowa State Highway Dept.,182,NA,NA
51132,上海建設委員會,877,NA,NA
51146,開封河南省立農工器械製造廠,717,NA,NA
51188,德國孟河思廠,121,NA,NA
51226,宜昌陸軍部修濬宜渝灘險工程處,3560,NA,NA
51229,美國得克鐵路,1387,NA,NA
51256,ETS Tissot et Curis Installations électriques,2122,NA,NA
51274,江西全省衞生處,70,NA,NA
51286,安徽烈山煤礦,60,NA,NA
51295,零陵縣立中學,4809,NA,NA
51301,上海大公職業學校,877,NA,NA
51307,慎昌洋行鐵路材料部,NA,NA,NA
51312,遼寧本溪湖鐵礦公司,8508,NA,NA
51315,生野礦山,NA,NA,NA
51319,農業學校,NA,NA,NA
51321,昆華師範學校,NA,NA,NA
51328,上海閘北水力電廠,877,NA,NA
51333,西北機車廠,NA,NA,NA
51342,Duncan Stewart Eng. Works,125,NA,NA
51351,購料審查會,NA,NA,NA
51375,北平西山自營煤礦,410,NA,NA
51378,六河溝太冶廠礦,12726,NA,NA
51402,漢口中華懋業銀行,2380,NA,NA
51404,膠海關監督公署,2331,NA,NA
51415,天津新華銀行,427,NA,NA
51424,B. I. Cables 廠,27510,NA,NA
51437,安慶電話局,1910,NA,NA
51458,湘中汽車路司機師訓練所,67,NA,NA
51485,天津工專,427,NA,NA
51488,安徽公安局,60,NA,NA
51490,蕪湖江南鐵路公司,3703,NA,NA
51509,東台裕華墾植公司,NA,NA,NA
51512,九江商埠督辦公署,3265,NA,NA
51514,江西省道局,70,NA,NA
51519,貴州省政府,75,NA,NA
51525,Telegraph & Telephone Co.,NA,NA,NA
51534,美國太陽石油公司,74782,NA,NA
51536,河北龍烟鐵礦,63,NA,NA
51543,國民經濟建設運動總會,NA,NA,NA
51546,經濟部西昌辦事處,31450,NA,NA
51555,馬家溝開灤造磚廠,NA,NA,NA
51561,增全鑄造廠,NA,NA,NA
51564,廣東工藝局,74,NA,NA
51566,廣州製彈廠,350,NA,NA
51584,省辦第一電話局,90,NA,NA
51589,濰縣電氣公司,9613,NA,NA
51610,濟南高級中學,1177,NA,NA
51618,江蘇六合永利硫酸錏廠,4297,NA,NA
51626,上海市政府社會局,877,NA,NA
51688,輔仁大學,410,NA,NA
51709,河南井陘礦廠,632,NA,NA
51721,山東煤礦,77,NA,NA
51723,花鼓山煤礦,5976,NA,NA
51734,溝幫子分廠,410,NA,NA
51754,湖南坪江金礦局,67,NA,NA
51757,湖南醴陵石門口礦局,558,NA,NA
51759,河北臨城礦局,2690,NA,NA
51785,青島太古洋行,2331,NA,NA
51794,福建省政府,61,NA,NA
51808,天津北洋紡紗廠,427,NA,NA
51866,湖南第一汽車路局,67,NA,NA
51887,大同礦局,743,NA,NA
51922,廣西富賀鍾模範錫礦局,73,NA,NA
51925,南寧礦務局,4422,NA,NA
51932,青島市政府,2331,NA,NA
51946,杭州錢塘江橋工處,999,NA,NA
51992,廣西合山煤礦公司,33425,NA,NA
52002,漢口德商咪吔洋行,2380,NA,NA
52026,南京第三區礦務監督署,90,NA,NA
52039,青島無線電台,2331,NA,NA
52046,天津商品捻驗局,427,NA,NA
52056,白晉汽車路,NA,NA,NA
52060,察省建設廳,93,NA,NA
52062,懷來建設局,27645,NA,NA
52074,廣州無線電廠,350,NA,NA
52077,交通兵團,NA,NA,NA
52087,美國蓄電廠,1387,NA,NA
52100,武昌行營交通處無線電修理所,1036,NA,NA
52104,山西晉恆紙廠,76,NA,NA
52131,餘干煤礦局,14581,NA,NA
52149,魯東電力公司,77,NA,NA
52158,廣東省政府技術室,74,NA,NA
52168,上海證券物品交易所,877,NA,NA
52172,曲江縣政府建設局,13364,NA,NA
52188,Michigan 煉銅廠,199,NA,NA
52202,Liege 拉海煤礦,5467,NA,NA
52213,山東濱浦利霑棣墾丈總局,77,NA,NA
52217,山東地方行政人員訓練所,77,NA,NA
52247,漢口總台,2380,NA,NA
52249,漢口全國無綫電通訊網第二區,2380,NA,NA
52254,昆明國際無綫電支台,556,NA,NA
52263,Marconi Radio Mfg. Co,125,NA,NA
52266,懷來水利委員會,27645,NA,NA
52268,正陽煤礦,5260,NA,NA
52280,航委會,NA,NA,NA
52282,中航分校,NA,NA,NA
52323,奉天華北機器廠,64,NA,NA
52328,濟南省長公署專門技術委員會,1177,NA,NA
52339,山東第十六區,77,NA,NA
52431,漢口商檢局,2380,NA,NA
52454,建設大學,410,NA,NA
52465,法古柏瓦電機製造廠,159,NA,NA
52487,湖南水口山煤務局,67,NA,NA
52491,湖南永興鼎新煤礦公司,16164,NA,NA
52493,湖南醴陵石門口煤礦局,558,NA,NA
52498,湖南株萍鐵路工務處,67,NA,NA
52503,Henry Potez 飛機製造廠,159,NA,NA
52531,遼寧東北礦務局興城錳礦,25978,NA,NA
52533,大嶺滑石礦,NA,NA,NA
52539,富國煤礦公司,NA,NA,NA
52543,江西建設委員會,70,NA,NA
52545,會昌 縣,52546,NA,NA
52548,永修縣,27458,NA,NA
52550,萍鄉縣,388,NA,NA
52552,新建縣,7718,NA,NA
52560,全國交通學術研究會,NA,NA,NA
52569,藝徒講習所,NA,NA,NA
52571,普洱道尹公署,29353,NA,NA
52573,思浦區公路,NA,NA,NA
52575,寧洱縣政府,52563,NA,NA
52581,吉林省立職業學校,72,NA,NA
52599,四川成都工學院,607,NA,NA
52601,成都長途汽車公司,607,NA,NA
52603,重慶華西公司,1270,NA,NA
52605,重慶市自來水廠,1270,NA,NA
52624,江陰縣道局,1016,NA,NA
52626,淞滬商埠督辦公署工務處,92,NA,NA
52653,太原晉綏無綫電訊局,726,NA,NA
52658,上海森記造紙廠,877,NA,NA
52690,山西省工商廳,76,NA,NA
52702,無錫縣立初中,1664,NA,NA
52711,雲南普洱殖邊督辦公署,29353,NA,NA
52746,梧州商埠局,4962,NA,NA
52750,廣西八步電力分廠,5414,NA,NA
52771,青島海軍學校,2331,NA,NA
52807,梧州短波無線電台,4962,NA,NA
52809,柳州長波無線電台,11289,NA,NA
52815,甘寧電政管理局,9601,NA,NA
52839,西河口鐵礦採礦處,743,NA,NA
52855,丹陽建設局,14247,NA,NA
52857,南通建設局,562,NA,NA
52859,南通縣政府,562,NA,NA
52861,寶山縣政府,3133,NA,NA
52867,山東第十七區,77,NA,NA
52880,武進福大紗廠,965,NA,NA
52884,南昌電燈整理處,522,NA,NA
52925,上海藹益吉中華電機廠,877,NA,NA
52934,山西軍人工藝廠,76,NA,NA
52979,英商瑞鎔機器造船廠,877,NA,NA
53007,Minnesota State 礦廠,204,NA,NA
53009,Penn. State 煤礦公司,135,NA,NA
53012,陝西礦業公司,78,NA,NA
53014,徐州賈汪煤礦公司,4492,NA,NA
53038,國民會議,NA,NA,NA
53053,上海德商高得商行,877,NA,NA
53063,湖北堤工局,68,NA,NA
53080,Baltimore Ohio R.R.,53081,NA,NA
53086,"北平, 天津, 奉天中華興業公司",NA,NA,NA
53091,蜀華實業公司,607,NA,NA
53139,瀋陽廣播電台,511,NA,NA
53159,奉天鳳城縣立中學,64,NA,NA
53162,奉天外交祕書處,64,NA,NA
53164,北平棣華學校,410,NA,NA
53175,副司令行營,NA,NA,NA
53190,大同礦業公司,743,NA,NA
53199,美國南方製糖廠,1387,NA,NA
53203,國民製糖公司,NA,NA,NA
53206,鄂岸鹽務稽核處,3101,NA,NA
53208,實業部國民糖廠,NA,NA,NA
53210,江西印花菸酒稅局,70,NA,NA
53212,湖北印花菸酒稅局,68,NA,NA
53217,中國汽車公司,NA,NA,NA
53227,安慶高工,1910,NA,NA
53242,奉天電報局,64,NA,NA
53245,營口電報局,21550,NA,NA
53264,文昌縣立中學校,40694,NA,NA
53266,琼文中學校,NA,NA,NA
53268,文昌縣城電力公司,40694,NA,NA
53285,青島無綫電台,2331,NA,NA
53287,山東無綫電監督處,77,NA,NA
53289,烟台無綫電台,6947,NA,NA
53291,杭州無綫電台,999,NA,NA
53293,寧波無綫電台,1736,NA,NA
53308,廣東潮梅治河分會,74,NA,NA
53310,廣東潮梅建設局,74,NA,NA
53326,上海華蓋建築事務所,877,NA,NA
53335,上海南洋機器廠,877,NA,NA
53337,上海民生鐵廠,877,NA,NA
53368,九廬汽車公司,70,NA,NA
53372,安徽省立第一職業中學,60,NA,NA
53387,遼寧航政處,64,NA,NA
53397,新疆迪化電台,79,NA,NA
53407,北平鹽務專校,410,NA,NA
53419,寧夏電報局,NA,NA,NA
53436,天津天祥洋行,427,NA,NA
53452,安徽省立二中,60,NA,NA
53457,日本化學工業會社,258,NA,NA
53464,Reading Company,18351,NA,NA
53475,杭州醫藥專科,999,NA,NA
53495,Fairbanks Morse 機器公司,1387,NA,NA
53502,成都工業專門學院,607,NA,NA
53509,黃運聯運工程處,77,NA,NA
53543,歸綏中學,16514,NA,NA
53549,甘肅洮惠渠,69,NA,NA
53590,安慶女子職校,1910,NA,NA
53640,開灤礦局趙各莊礦,NA,NA,NA
53646,杵島炭礦,NA,NA,NA
53649,雲南師範學院,81,NA,NA
53657,陸軍軍官學校,NA,NA,NA
53664,廣東省立第一中學,74,NA,NA
53666,廣東兵器製造廠,74,NA,NA
53677,山西民生鍊鋼機器廠,76,NA,NA
53691,日本小倉鐵道工廠,258,NA,NA
53703,美國卡乃奇鋼鐵廠,NA,NA,NA
53712,東三省兵工廠,NA,NA,NA
53721,Berzman 電機廠,121,NA,NA
53723,自動電話機製造廠,121,NA,NA
53741,川桂公路,NA,NA,NA
53769,Eastern Paper Mfg. Co.,1387,NA,NA
53771,Revere Sugar Refinery,1387,NA,NA
53773,天津海河整理委員會,427,NA,NA
53778,天津水產專校,427,NA,NA
53780,天津工業學院,427,NA,NA
53791,日本東京電車株式會社,604,NA,NA
53832,全國電氣事業指導委員會,NA,NA,NA
53834,九江映廬電燈公司,3265,NA,NA
53844,安徽淮南煤礦,3669,NA,NA
53848,陽新大冶銅礦,17052,NA,NA
53863,北平國道局,410,NA,NA
53897,塘棲鎮新明電燈公司,53898,NA,NA
53947,金華同濟大學附設工廠,NA,NA,NA
53951,河北省農田水利委員會鑿泉所,63,NA,NA
53959,六合永利化學公司,4297,NA,NA
53966,湖北通莘段公路,68,NA,NA
53975,山東台濰公路,77,NA,NA
53977,山東黃河董莊堵口工程委員會,77,NA,NA
53979,山東征工服役實施委員會,77,NA,NA
54069,Packard 汽車廠,34866,NA,NA
54071,派克汽車廠,NA,NA,NA
54073,福新公司,2380,NA,NA
54077,建明建築事務所,NA,NA,NA
54107,美國馬瑞蘭省崔點船廠,1387,NA,NA
54109,廣州工專機械科,350,NA,NA
54119,監造寧抗國道工程處,64,NA,NA
54123,疏浚常熟白茆河工程事務所,807,NA,NA
54126,杭州灣海,999,NA,NA
54142,濟南成通紗廠,1177,NA,NA
54161,無錫廣勤紗廠,1664,NA,NA
54191,河南教育廳中學師範學校學生畢業會考委員會,66,NA,NA
54204,同成鐵路,76,NA,NA
54257,法國克納蘇鋼廠,159,NA,NA
54275,Laun Rundfunk-Endstation Osram,121,NA,NA
54278,貴州電氣局,75,NA,NA
54312,東沙島無線電觀象台,54314,NA,NA
54322,吳江興業電氣公司,1100,NA,NA
54329,山西平定礦務,4394,NA,NA
54331,山西大同礦務,743,NA,NA
54350,廣西軍路,73,NA,NA
54354,北平鐵路大學,410,NA,NA
54366,N. Y. Elec. & Gas Co.,8693,NA,NA
54371,日內瓦國聯,54372,NA,NA
54385,日本山口縣中國興業會社,54386,NA,NA
54389,帝國車胎會社,258,NA,NA
54392,東京大日本工業會社,604,NA,NA
54394,武昌中國工商誼記橡膠廠,1036,NA,NA
54399,上海基泰建造公司,877,NA,NA
54403,L'eflebe 鐵工廠,159,NA,NA
54405,Strapood 國家鐵路局,159,NA,NA
54412,全國民營電業聯合會電業學校,877,NA,NA
54421,法國克魯熱城,159,NA,NA
54433,南昌無綫電通訊員訓練班磁電學校,522,NA,NA
54450,英國泰來內燃機製造廠,125,NA,NA
54453,University of London,3067,NA,NA
54455,上海毛絨紡織公司,877,NA,NA
54460,婆羅洲 Sarawak Oilfields Ltd.,54461,NA,NA
54476,J. Stone & Co.,3067,NA,NA
54485,香港電燈公司,1072,NA,NA
54517,康益洋行,877,NA,NA
54530,青島市社會局,2331,NA,NA
54568,昆華鐵業公司,81,NA,NA
54585,山東省立德縣初中,77,NA,NA
54587,萊蕪縣政府,14624,NA,NA
54593,河南中山大學,66,NA,NA
54595,第二集團軍教育處,NA,NA,NA
54602,井陘焦廠,632,NA,NA
54606,和順井,NA,NA,NA
54620,濟寧第七中學,3763,NA,NA
54633,星加坡Swanson公司,3099,NA,NA
54665,立大洋碱廠,NA,NA,NA
54669,輪渡管理處,NA,NA,NA
54676,日本東京瓦斯株式會社,604,NA,NA
54691,南京陳旺記營造廠,90,NA,NA
54717,Brown Boveri,2240,NA,NA
54719,Sulger 廠,2240,NA,NA
54724,無錫永泰絲廠,1664,NA,NA
54777,上海正始中學,877,NA,NA
54785,河北定縣中學,719,NA,NA
54790,河南靜宜女中,66,NA,NA
54802,甘肅阿干鎮煤礦管理處,54805,NA,NA
54824,臨城礦,2690,NA,NA
54826,南京市財政局,90,NA,NA
54850,察哈爾康商張寶清丈局,93,NA,NA
54875,遼寧復州煤礦,64,NA,NA
54896,武進機車房,965,NA,NA
54911,南昌高等師範,522,NA,NA
54930,德國鐵路公司,121,NA,NA
54966,山東省立泰安中學,6673,NA,NA
54977,湘鄉中學,6556,NA,NA
54999,比國聖母製糖廠,2753,NA,NA
55001,某斯製造機器工廠,2753,NA,NA
55024,日本東京明治電機製作所,604,NA,NA
55026,山西太原無綫電信局,726,NA,NA
55028,張家口熱察綏蒙電政管理局,8012,NA,NA
55031,太原無綫電學校,726,NA,NA
55040,Ohio University,26744,NA,NA
55047,撫順煤礦,4042,NA,NA
55049,西安中山大學,2596,NA,NA
55052,陝西省立採礦處,78,NA,NA
55084,哈爾濱電業局,13060,NA,NA
55093,移滷就煤,NA,NA,NA
55097,上海大中華火柴公司,877,NA,NA
55108,河北汽車路,63,NA,NA
55110,津保磁沽內河航運局,427,NA,NA
55154,Michigan 銅鑛公司,199,NA,NA
55157,美國維羅納鐵鑛公司,1387,NA,NA
55159,佛雷德銅鑛公司,1387,NA,NA
55179,北平全國煤油礦事宜處,410,NA,NA
55184,陝西省道局,78,NA,NA
55186,總理陵園工程組,90,NA,NA
55192,河北怡立煤礦公司,63,NA,NA
55196,黑龍江探金團,65,NA,NA
55204,蘭谿長明電氣公司,1076,NA,NA
55216,天津平安公司,427,NA,NA
55231,廣州黃埔商埠計劃工程處,5031,NA,NA
55246,保定高級工業職業學校,12923,NA,NA
55256,Karlsruhe River Lab.,9924,NA,NA
55258,Hozen & Whipple Civil Engineers,1387,NA,NA
55268,桂陽礦局,527,NA,NA
55271,益陽久通公司,4540,NA,NA
55279,太原分化局,726,NA,NA
55281,山西陸軍製革廠,76,NA,NA
55290,六揚公路,4423,NA,NA
55294,青衣渠工程處,NA,NA,NA
55303,日本電氣株式會社,258,NA,NA
55329,道口經理河運處煤廠,NA,NA,NA
55347,黑龍江甲種工業學校,65,NA,NA
55349,遠大金礦公司,NA,NA,NA
55352,山東復興煤礦公司,77,NA,NA
55354,遠大礦業公司,NA,NA,NA
55378,North Shanxi Mining Affairs Bureau 山西大同晉北礦務局,743,NA,NA
55391,錢塘江塘岸工程處,62,NA,NA
55402,上海安利公司,877,NA,NA
55407,上海海軍江南造船所,877,NA,NA
55409,平順輪船,NA,NA,NA
55412,蕪湖船政辦事處,NA,NA,NA
55421,上海國際通信大電台籌備處,877,NA,NA
55445,昆明東陸大學,556,NA,NA
55448,雲南全省電話局,81,NA,NA
55450,雲南廣播電台,81,NA,NA
55452,雲南無綫電局,81,NA,NA
55464,天津利中製酸公司,427,NA,NA
55470,上海孔士洋行,877,NA,NA
55472,山東長山中學,12235,NA,NA
55476,美國佛省西耶賓自來水廠,20109,NA,NA
55478,廈門自來水廠,886,NA,NA
55492,天津新大染廠,427,NA,NA
55499,廣東鋼鐵廠籌備委員會,74,NA,NA
55506,Ruston & Hornsby,125,NA,NA
55516,天恩礦冶公司 (天恩鑛冶公司),NA,NA,NA
55518,宣化女師,1299,NA,NA
55522,奉天興城鉛鑛,25978,NA,NA
55524,大嶺滑石公司,NA,NA,NA
55526,奉天吉祥公司,64,NA,NA
55531,鞏縣中學,1002,NA,NA
55541,新西南高等實業學校,NA,NA,NA
55548,福州工務處,419,NA,NA
55582,雲南財政廳,81,NA,NA
55601,Stinson Airplane Co.,34866,NA,NA
55603,Lockheed Airplane Co.,1387,NA,NA
55643,明良煤礦公司,NA,NA,NA
55650,海軍應端練習艦,NA,NA,NA
55653,農觀軍艦,NA,NA,NA
55655,豫章軍艦,NA,NA,NA
55657,福州海軍輪機專校,419,NA,NA
55662,上海電通公司,877,NA,NA
55673,美國紐約肯蒙塾造船廠,8693,NA,NA
55680,南京海軍部,90,NA,NA
55683,福州修濬閩江工程局,419,NA,NA
55688,河北礦務整理委員會,63,NA,NA
55691,察哈爾宣化天興煤礦公司,1299,NA,NA
55697,陝西商縣商南中學,16757,NA,NA
55744,河北中英煤礦,63,NA,NA
55747,北京大學女子師範學院,410,NA,NA
55749,北平大學女子文理學院,410,NA,NA
55772,上海六合建築公司,877,NA,NA
55777,太原新記電燈公司,726,NA,NA
55796,太原火藥廠,726,NA,NA
55833,甘肅交通處汽車廠,69,NA,NA
55835,湖南航空處,67,NA,NA
55869,規劃全國無線電通訊網委員會,NA,NA,NA
55871,蘭州電燈廠,9601,NA,NA
55886,比國三省聯合發電廠,2753,NA,NA
55888,威利無線電收音機製造所,NA,NA,NA
55898,南京審計部,90,NA,NA
55917,河南省立第一工廠,66,NA,NA
55919,河南省立第四工廠,66,NA,NA
55935,滇南公路,NA,NA,NA
55940,San Francisco 時報,12053,NA,NA
55944,潮陽建設局,1941,NA,NA
55946,潮梅沾河分會,NA,NA,NA
55967,山東濟寧初級工業職業學校,3763,NA,NA
55979,四川油鑛探勘處,1434,NA,NA
55989,山東淄川魯大煤礦,3771,NA,NA
56013,正定中學,7956,NA,NA
56028,天津市社會局工廠,427,NA,NA
56032,Lamur 電力鐵路,159,NA,NA
56034,Usine Fond 水電廠,159,NA,NA
56036,Long-Wy 鍊鋼廠,56037,NA,NA
56041,上海匯明電筒電池廠,877,NA,NA
56052,青島源盛爐片工廠,2331,NA,NA
56088,河南彰德中國打包公司,29485,NA,NA
56157,湖北省道管理局,68,NA,NA
56168,日本名古屋車輛製造株式會社,3105,NA,NA
56174,雲山中學,726,NA,NA
56179,比國列日國有鋼鐵工廠,2753,NA,NA
56184,Keystone Aircraft Corp,56186,NA,NA
56188,克穆索飛機廠,1387,NA,NA
56213,樂平鄱樂煤礦,795,NA,NA
56224,保定志存中學,12923,NA,NA
56228,成都華西大學,607,NA,NA
56230,成都國術專校,607,NA,NA
56232,華美女子中學,607,NA,NA
56268,雲南一平浪製鹽場,6849,NA,NA
56278,安徽礦產調查所,60,NA,NA
56311,南京參謀部,90,NA,NA
56315,鎮江電雷學校,1618,NA,NA
56325,山西盂縣中學,4266,NA,NA
56332,山西第六師範學校,76,NA,NA
56335,臨汾女子師範學校,4371,NA,NA
56347,平漢鐵路機務處彰德機務分段,29485,NA,NA
56370,Paris-Rhone 廠,1948,NA,NA
56374,Keller Leleux 電化合金廠,1948,NA,NA
56378,上海 Raymond Collet 建築公司,877,NA,NA
56395,上海裕新紡織公司,877,NA,NA
56408,上海緯通紡織廠,877,NA,NA
56418,法國石大代鋼鐵廠,159,NA,NA
56430,上海順昌石粉廠,877,NA,NA
56448,漢口江海關,3114,NA,NA
56450,重慶關,1270,NA,NA
56456,遼寧振興煤礦公司,56457,NA,NA
56466,香港青山陶業公司,1072,NA,NA
56468,香港羅湖機器製磚公司,1072,NA,NA
56472,天津中英商業公司,427,NA,NA
56481,河北磁縣官礦局,5287,NA,NA
56496,中央航校,NA,NA,NA
56504,河南河務分局,66,NA,NA
56512,U. S. Bureau of Public Roads,1387,NA,NA
56544,山西修械所,76,NA,NA
56547,察哈爾修機所,93,NA,NA
56564,淮南路礦公司,3669,NA,NA
56570,雲南道路工程學校,81,NA,NA
56580,遼寧東華技術公司,64,NA,NA
56583,杭州市,999,NA,NA
56589,晉綏兵工測採局,76,NA,NA
56591,湖南工礦,67,NA,NA
56598,美 Ball Tel. Co.,1387,NA,NA
56611,Canadian Pacific Railway (Canadian Pacific R. R. Co.),1387,NA,NA
56613,廣東軍墾第一糖廠,74,NA,NA
56615,廣東馬克敦公司,74,NA,NA
56640,天津特一區自來水廠,427,NA,NA
56670,北平基泰工程事務所,410,NA,NA
56679,盧森堡哈德鋼鐵廠,56680,NA,NA
56684,晉城崇實中學,13681,NA,NA
56707,開灤中學校,NA,NA,NA
56709,開藻礦務局,NA,NA,NA
56715,蚌埠淮南煤礦井局,1028,NA,NA
56717,務准工南礦路公司,NA,NA,NA
56720,洞山淮南煤礦區鑽探處,3669,NA,NA
56722,西井井下第一工程段,NA,NA,NA
56750,懷仁縣府,25625,NA,NA
56752,山西恆義煤礦公司,76,NA,NA
56773,陝西藍田西荊公路所,31483,NA,NA
56811,宜良雲南陸良間公路,95,NA,NA
56823,河北曲陽縣政府,9420,NA,NA
56863,長沙遠東礦公司,590,NA,NA
56865,維大公司,590,NA,NA
56868,瑞源洋行,NA,NA,NA
56919,荷蘭 H. L. H. 砲廠,9893,NA,NA
56921,瑞士 Sig 槍廠,2240,NA,NA
56923,瑞典 Bofors 砲廠,10495,NA,NA
56939,法國百來格工廠,159,NA,NA
56941,法國無線電廠,159,NA,NA
56952,磁縣煤礦籌備處,5287,NA,NA
56970,Büssing Automobile Werke,56964,NA,NA
57014,法國梭松兄弟公司發電廠,159,NA,NA
57020,鄂北長途電話工程處,68,NA,NA
57029,吳縣市鄉長途電話,1079,NA,NA
57032,無錫市鄉長途電話,1664,NA,NA
57038,湖州電廠,684,NA,NA
57040,九江電廠,3265,NA,NA
57068,廣西土布廠,73,NA,NA
57070,廣西婦女職業學校,73,NA,NA
57075,江蘇第一工業學校,71,NA,NA
57078,武昌竟成電燈公司,1036,NA,NA
57085,天津亞細亞火油公司,427,NA,NA
57096,萬縣電燈電話局,1350,NA,NA
57099,成都公路局,607,NA,NA
57110,廣東電力廠,74,NA,NA
57120,美國軍營,1387,NA,NA
57123,廣東整理新寧鐵路委員會,74,NA,NA
57140,陝西引洛工程處,78,NA,NA
57151,奉天航空處,64,NA,NA
57153,北中航空署,410,NA,NA
57155,北京農工部,410,NA,NA
57171,渝簡公路,1270,NA,NA
57182,如皋耀明電燈公司,2352,NA,NA
57197,東京中央電報局電話局,604,NA,NA
57199,省無綫電傳習所,NA,NA,NA
57201,北平軍政部,410,NA,NA
57205,四川自流井,1434,NA,NA
57207,重慶電燈公司,1270,NA,NA
57209,四川濟和水力電廠,1434,NA,NA
57211,重慶利江輪船公司,1270,NA,NA
57216,交通兵,NA,NA,NA
57218,南京兵工學校,90,NA,NA
57242,空軍第二修理廠,NA,NA,NA
57247,鄭州商埠督辦公署,2496,NA,NA
57252,河南道公路局,66,NA,NA
57254,開封市政府,717,NA,NA
57263,連雲港電廠,5141,NA,NA
57278,晉綏軍無綫電機製造廠,NA,NA,NA
57281,晉綏軍無綫電學校,NA,NA,NA
57291,柏林材料試驗所,432,NA,NA
57294,萊茵火藥廠,121,NA,NA
57323,遼寧第三高中,64,NA,NA
57325,北平勵志中學,410,NA,NA
57401,江西九江揚子江下游測量隊,3265,NA,NA
57406,廣東治河處,74,NA,NA
57440,甘肅造幣廠,69,NA,NA
57468,禹村煤礦局,34766,NA,NA
57470,博山第二礦務局,3760,NA,NA
57489,美國太平洋漁業公司,1387,NA,NA
57495,山東穀陽縣,NA,NA,NA
57500,保晉礦廠,NA,NA,NA
57517,山西白晉路工局,76,NA,NA
57525,西安新汽車修理廠,2596,NA,NA
57532,上海斯可達工廠,877,NA,NA
57557,北平財政部印刷局,410,NA,NA
57564,湖北漢陽鐵廠,1120,NA,NA
57572,福州工業職業學校,419,NA,NA
57583,山西長治初級中學校,1493,NA,NA
57602,上海五洲固本皂藥廠,877,NA,NA
57616,交通部東方大港,NA,NA,NA
57618,鐵道部東方大港,NA,NA,NA
57650,山西度量衡檢定所,76,NA,NA
57654,美國愛理斯卡麻廠,1387,NA,NA
57698,江西南城縣,15429,NA,NA
57705,Pittsburgh 煤礦公司,1801,NA,NA
57707,West Virginia 煤礦公司,274,NA,NA
57711,開封河南督署,717,NA,NA
57713,湯陰樹德煤礦,28803,NA,NA
57731,遼寧工專,64,NA,NA
57733,天津建設公司,427,NA,NA
57735,杭州建設公司,999,NA,NA
57737,遠東建設公司,NA,NA,NA
57747,Yunnan Tin 雲南錫業公司,81,NA,NA
57780,Chicago Sherwin-Williams Paint Store,12065,NA,NA
57782,New York Ketonic Phem. Co.,8693,NA,NA
57785,廣州工業學校,350,NA,NA
57788,廣州造幣廠,350,NA,NA
57791,廣州軍墾經理事務所,350,NA,NA
57824,英伯明罕鍊銅廠,3552,NA,NA
57826,聯合鋼鐵廠,3552,NA,NA
57829,陝西兵工廠造幣廠,78,NA,NA
57847,北平中國學院,410,NA,NA
57858,重慶廣陽壩飛機場,1270,NA,NA
57860,三益建築事務所,NA,NA,NA
57869,無錫九來麵粉廠,1664,NA,NA
57871,上海五和織造廠,877,NA,NA
57873,鎮江貽成麵粉廠,1618,NA,NA
57889,鐵路部購料委員會廣州分會,350,NA,NA
57945,湖南省立第三工校,67,NA,NA
57948,湖南第一甲種工校,67,NA,NA
57953,廣東甲種工業學校,74,NA,NA
57956,廣東財政廳,74,NA,NA
57984,香港電政管理局,1072,NA,NA
57991,Schueder,159,NA,NA
57993,Grommont,159,NA,NA
57995,University of Grenoble,1370,NA,NA
58007,河南李河村礦廠,6444,NA,NA
58048,江西九江鄉村師範學校,3265,NA,NA
58100,美國西園氏電機製造廠,1387,NA,NA
58112,比國顏路電廠,2753,NA,NA
58132,法國巴黎雪鐵龍汽車公廠,1948,NA,NA
58135,廣東梅縣建設局,566,NA,NA
58152,寧波市政府,1736,NA,NA
58160,河北廣平府中學,63,NA,NA
58166,唐山工程學院,445,NA,NA
58176,比國閣克禮林廠,2753,NA,NA
58178,范里蒙糖廠,2753,NA,NA
58180,上海法工部局,877,NA,NA
58182,法商德威洋行,NA,NA,NA
58185,杭州造幣廠,999,NA,NA
58191,美國鋼鐵公司,1387,NA,NA
58246,Keyport Aeromarine Co.,1387,NA,NA
58256,上海法商電力公司,877,NA,NA
58267,時昌運動器具公司,NA,NA,NA
58281,代辦浙江高級工科中學,62,NA,NA
58283,杭州高級中學,999,NA,NA
58291,河南水利測繪學校,66,NA,NA
58334,北京自來水公司,410,NA,NA
58340,渤海化學工廠,NA,NA,NA
58379,湖南瀘溪縣政府,58380,NA,NA
58404,北京電話局,410,NA,NA
58418,浙江無線電籌備處,62,NA,NA
58432,山東肥城縣政府,58433,NA,NA
58466,暨南學校,NA,NA,NA
58470,江灣模範工廠,NA,NA,NA
58485,上海無綫電機製造廠,877,NA,NA
58487,武昌無綫電台,1036,NA,NA
58491,湖北省道機務,68,NA,NA
58540,色保區鑛務區,73,NA,NA
58563,太原新民高級中學,726,NA,NA
58572,武陟上北河務分局,11031,NA,NA
58600,Danzig 萬國船廠,23159,NA,NA
58602,廣州長風船廠,350,NA,NA
58617,克理洋行,NA,NA,NA
58625,上海求實造船廠,877,NA,NA
58627,南通電廠,562,NA,NA
58632,哈爾濱鐵廠,13060,NA,NA
58647,水口山鋁鑛,67,NA,NA
58649,湖南久通銻鑛,67,NA,NA
58651,江西昌明煤礦,70,NA,NA
58664,美國軍械廠,1387,NA,NA
58666,聚慶源機器廠,NA,NA,NA
58668,成都兵工廠,607,NA,NA
58670,綏定兵工廠,NA,NA,NA
58684,天津東方機器工廠,427,NA,NA
58689,天津信中公司,427,NA,NA
58732,山東范縣縣政府,58733,NA,NA
58743,山東華寶煤礦公司,77,NA,NA
58748,綏遠民生渠水利公會,96,NA,NA
58752,甘肅水渠設計測量隊,69,NA,NA
58754,甘肅水利工程處,69,NA,NA
58758,上海恒豐紗廠,877,NA,NA
58763,濟南仁豐紡織染廠,1177,NA,NA
58772,天津直隸省公署,427,NA,NA
58774,天津特三區公署,427,NA,NA
58781,山東建坨委員會,77,NA,NA
58790,雲南工專,81,NA,NA
58792,黑龍江部,65,NA,NA
58827,英國茂偉電器製造公司,NA,NA,NA
58835,浙江手工業指導所,62,NA,NA
58870,山東濟陽縣政府,26158,NA,NA
58887,天津市立師範學校,427,NA,NA
58912,修築利菏公路,NA,NA,NA
58914,李升屯特別工程處,NA,NA,NA
58948,洮南鐵路,NA,NA,NA
58980,河北唐山中學,445,NA,NA
58999,General Motors 廠,1387,NA,NA
59005,別克汽車公司,NA,NA,NA
59017,湖南汞業管理處,67,NA,NA
59066,山西設計委員會,76,NA,NA
59068,山西省政設計審查會,76,NA,NA
59070,山西物產證券研究會,76,NA,NA
59085,江西政務委員會,70,NA,NA
59093,天津陸軍部,427,NA,NA
59105,英國威士脱電力廠,125,NA,NA
59107,Grenoble 三得天,1370,NA,NA
59111,四川高等師範學校,1434,NA,NA
59123,重慶銅元工程,1270,NA,NA
59191,山東厚德貧民工廠,77,NA,NA
59195,廈門石碼市政局,886,NA,NA
59198,浙江吳興建設局,1113,NA,NA
59224,蘇州農具製造所,1315,NA,NA
59242,Phönix 工廠,121,NA,NA
59277,太原西北製造廠設計處,726,NA,NA
59281,中國油漆顏料公司,NA,NA,NA
59293,中央無綫電廠製造廠,NA,NA,NA
59300,上海大效機器製造廠,877,NA,NA
59302,上海模範工廠,877,NA,NA
59317,重慶無綫電總台,1270,NA,NA
59320,成都廣播電台,607,NA,NA
59346,東北航空工廠,NA,NA,NA
59357,滬閔南拓長途汽車工程處,NA,NA,NA
59360,上海市中心區道路工程管理處,877,NA,NA
59377,雲南教育廳,81,NA,NA
59411,同德學院,2958,NA,NA
59427,浙江省政府,999,NA,NA
59445,山東戰地政務委員會,77,NA,NA
59452,蘇爾壽工程公司,NA,NA,NA
59464,江西審核委員會,70,NA,NA
59466,江西模範染織實授學校,70,NA,NA
59483,全國體育協進會,NA,NA,NA
59499,遼寧第一工科高級中學,64,NA,NA
59526,北平門頭溝宏福煤礦,410,NA,NA
59530,長沙迪新土木建築公司,590,NA,NA
59542,竟成造紙廠,NA,NA,NA
59544,三興地產公司,NA,NA,NA
59546,隆興號,NA,NA,NA
59560,上海英商自來水公司工程部,877,NA,NA
59562,杭州市自來水廠,999,NA,NA
59568,河北滹沱河灌溉工程處,63,NA,NA
59572,北平春明女中,410,NA,NA
59577,電表較驗所,NA,NA,NA
59588,山西第六中學,76,NA,NA
59594,張多鐵路,NA,NA,NA
59664,里昂巴得電機製造廠,2122,NA,NA
59666,瑞士水力發電廠,2240,NA,NA
59668,倫敦中央電機廠,3067,NA,NA
59673,廣州市頭糖廠,350,NA,NA
59675,武漢法比同學會,356,NA,NA
59683,北平天壇無綫電報局,410,NA,NA
59686,福建長樂蓮柄港,1725,NA,NA
59688,福建理工中學,61,NA,NA
59690,廈門電燈公司,886,NA,NA
59692,湖南煤礦,67,NA,NA
59718,"Saco-Lowell Textile Machine Co.,",1387,NA,NA
59746,元豐油漆公司,877,NA,NA
59748,永華漆廠,877,NA,NA
59762,廣東地政人員養成所,74,NA,NA
59772,河北工專,63,NA,NA
59784,上海永安紗廠,877,NA,NA
59786,益中機器瓷電公司,NA,NA,NA
59792,Chicago Dovel & Metz,12065,NA,NA
59824,太原中華汽機製造廠,726,NA,NA
59826,山西汽車修理廠,76,NA,NA
59865,北平全國財政討論委員會,410,NA,NA
59867,北京華威銀行,410,NA,NA
59872,山東魯豐紗廠,77,NA,NA
59893,Michigan Chevrolet Motor Co.,199,NA,NA
59895,澳門岐關公路,33404,NA,NA
59916,天津德義洋行,427,NA,NA
59930,江西科學館,70,NA,NA
59932,江西省立女職等校,70,NA,NA
59942,天津長蘆工程委員會,427,NA,NA
59959,Chicago Great Western R. R.,12065,NA,NA
59967,日本北海道各煤礦油礦,38727,NA,NA
59969,高州油礦探查團,59970,NA,NA
59987,南昌水利局,522,NA,NA
59995,汕頭潮海工廠,2383,NA,NA
59997,職工傳習所,2383,NA,NA
59999,江西陶業專校,70,NA,NA
60003,廣西陶瓷廠,73,NA,NA
60006,賓陽磁器廠,8491,NA,NA
60015,金陵女子文理學院,90,NA,NA
60030,日本坂田製革所,258,NA,NA
60032,相馬石鹼製造所,60033,NA,NA
60035,福村石鹼工場,258,NA,NA
60053,柏林市煤氣廠,432,NA,NA
60055,Karlsruhe 煤氣廠,9924,NA,NA
60062,Colorado State,149,NA,NA
60073,晉北鑛務局,12012,NA,NA
60075,大同麵粉電燈公司,743,NA,NA
60088,祁縣初級中學,4130,NA,NA
60108,渤海化學工業公司,427,NA,NA
60121,河南豫修煤礦,66,NA,NA
60123,福源煤礦,60124,NA,NA
60172,唐山機器廠,445,NA,NA
60174,洛陽機器廠,2183,NA,NA
60191,上海大華科學儀器公司,877,NA,NA
60196,寧波印花稅局,1736,NA,NA
60201,江西臨川中學,14760,NA,NA
60220,清源友聯造胰社,5979,NA,NA
60224,哈爾濱東省特別區第二中學,13060,NA,NA
60240,四川礦業總會,1434,NA,NA
60242,冕寧麻哈礦局,60243,NA,NA
60251,建昌煤礦,NA,NA,NA
60253,河北協中煤礦公司,63,NA,NA
60263,靖江善餘染織廠,2443,NA,NA
60299,江蘇如皋耀如電氣公司,2352,NA,NA
60314,日本東京電鐵株式會社,604,NA,NA
60316,大連滿鐵電器作業所,1940,NA,NA
60333,法 Ming d’Anzin 煤礦,159,NA,NA
60335,法 Schneider 汽車廠,159,NA,NA
60337,法 Central 發電廠,159,NA,NA
60347,麟記工程所,NA,NA,NA
60351,美國紐約全文怒公司,146,NA,NA
60353,廣東中山縣政府,1993,NA,NA
60362,西安裕泰沙廠,2596,NA,NA
60372,Chicago Belke Mfg. Co.,12065,NA,NA
60448,Michigan Central R. R.,199,NA,NA
60450,Truscon Steel Co.,NA,NA,NA
60454,亞洲建築公司,NA,NA,NA
60463,上海威爾洋行,877,NA,NA
60478,濟南女子師範學校,1177,NA,NA
60510,廣東佛中鐵路,74,NA,NA
60514,上海海關工程處,877,NA,NA
60519,南京特別市政府,90,NA,NA
60542,德國鮑雪許廠,121,NA,NA
60549,漢口軍政部,2380,NA,NA
60561,長清煤礦局,24578,NA,NA
60567,上海江蘇銀行,877,NA,NA
60578,湖北武昌職業學校,1036,NA,NA
60590,直隸修治河道籌備處,63,NA,NA
60613,永安紗廠,NA,NA,NA
60621,廣西錫礦經理處,73,NA,NA
60640,東京電話局,604,NA,NA
60644,名古屋大同電力會,3105,NA,NA
60648,大井大同電力會,NA,NA,NA
60650,杭州電話公司,999,NA,NA
60670,上海華基工程公司,877,NA,NA
60674,常州大成紡織染公司,2406,NA,NA
60708,Milwaukee 工廠,35985,NA,NA
60723,巴黎地道電車公司,1948,NA,NA
60740,濟南陸大工廠,1177,NA,NA
60751,重慶建華製漆廠,1270,NA,NA
60754,漢口建華機製油漆公司,2380,NA,NA
60778,公用電氣公司,1387,NA,NA
60782,無錫慶豐紗廠,1664,NA,NA
60786,蘇州電汽廠,1315,NA,NA
60800,南京暨南中學,90,NA,NA
60802,哈爾濱行政長官公署,13060,NA,NA
60804,哈爾濱特別市政府,13060,NA,NA
60812,美國熱爐公司,146,NA,NA
60815,中源工程行,877,NA,NA
60817,上海新申衞生工程行,877,NA,NA
60821,日本三池炭礦,258,NA,NA
60857,N. Wales 煤礦,60858,NA,NA
60860,露其雷煤礦,NA,NA,NA
60864,復州灣煤礦公司,60865,NA,NA
60867,安徽繁昌裕繁礦產,31829,NA,NA
60871,英國機車廠,125,NA,NA
60886,法巴黎勒瓦勞班雷無線電機製造廠,1948,NA,NA
60915,大連中央電話局,1940,NA,NA
60918,遼寧洮南電報電話局,64,NA,NA
60920,洮南無綫電台,16600,NA,NA
60929,上海國定稅則委員會,877,NA,NA
60936,Sterling Sugars,60937,NA,NA
60939,"Refined Syrups, Inc.",1387,NA,NA
60944,上海建源公司,877,NA,NA
60946,廣東汕頭糖廠,2383,NA,NA
60992,美國鐵管公司,1387,NA,NA
61014,駐德商務專員辦公處,121,NA,NA
61041,Bangor Paper Work,3158,NA,NA
61044,Butler-Johnson Corp,1387,NA,NA
61071,長沙嶽雲高中,590,NA,NA
61093,大緯印染織廠,877,NA,NA
61099,成都水利知事公署,607,NA,NA
61149,上海華美染料廠,877,NA,NA
61162,日本獨逸染料合名會社,258,NA,NA
61164,湖南第一第二甲種工業學校,67,NA,NA
61167,湖南織布廠籌備處,67,NA,NA
61169,湖南教育行政委員會,67,NA,NA
61172,湖南建築工程學校,67,NA,NA
61178,新加坡興海建築公司,3099,NA,NA
61183,宣城安平煤礦,27373,NA,NA
61188,中央兵工試驗廠工務處,NA,NA,NA
61190,中央礮兵工廠籌備委員會,NA,NA,NA
61192,浙江設計委員會,62,NA,NA
61210,奉天開拓鐵路公司,64,NA,NA
61232,劉行國際電台,NA,NA,NA
61237,美國冶錫廠及鉛廠,1387,NA,NA
61243,廣西永康公司,73,NA,NA
61245,湖南煉銅廠,67,NA,NA
61256,上海德士古洋行,877,NA,NA
61268,湖南光華電燈廠,67,NA,NA
61292,常口礦廠管理處,NA,NA,NA
61298,Kingston Coal Co.,61299,NA,NA
61301,Lake Superior Iron Mines,61302,NA,NA
61306,湖南裕興鎢礦公司,67,NA,NA
61319,保定硝礦局,12923,NA,NA
61328,江都電話局,1042,NA,NA
61348,四川瀘州兵工廠,26798,NA,NA
61351,成都四川兵工廠,607,NA,NA
61355,福電鐵工廠,NA,NA,NA
61359,河南閿鄉縣政府,32014,NA,NA
61382,天興金礦,34647,NA,NA
61404,遞信省電氣試驗所,NA,NA,NA
61420,重慶市公共汽車公司,1270,NA,NA
61430,浙贛路,62,NA,NA
61462,美國凹魯落溝渠,1387,NA,NA
61464,Boston Stevenson 自來水,2037,NA,NA
61528,新華影業公司,877,NA,NA
61566,明誠中學,1270,NA,NA
61568,巴縣中學,80,NA,NA
61571,四川江北治平初級中學,2165,NA,NA
61599,柳州電力廠,11289,NA,NA
61621,奉天華西興業公司,64,NA,NA
61652,兩浙鹽務整頓會,NA,NA,NA
61688,美國聖德佛鐵路,1387,NA,NA
61693,美迪洋行,NA,NA,NA
61720,無錫申新紡織公司,1664,NA,NA
61727,杭州大同電化廠,999,NA,NA
61734,德國柏林自來水公司,432,NA,NA
61736,天津衞生局,427,NA,NA
61768,上海持志學院附中,877,NA,NA
61774,紹興稽山中學,909,NA,NA
61776,上海萬泰儀器公司,877,NA,NA
61784,英國倫敦郵政廳,3067,NA,NA
61788,杭州電綫工務處,999,NA,NA
61817,湖北第一師範校,68,NA,NA
61822,京兆工業學校,410,NA,NA
61824,湖北理化實驗所,68,NA,NA
61834,天津開灤礦務局,427,NA,NA
61848,精勤煉銅廠,427,NA,NA
61864,中蘇會議專門委員會,NA,NA,NA
61876,西北化學廠,NA,NA,NA
61879,西北製造廠,NA,NA,NA
61892,美國中央建築公司,1387,NA,NA
61897,永定河工程處,NA,NA,NA
61906,湖南電器製造公司,67,NA,NA
61909,湖南廣播電台,67,NA,NA
61915,Danzig 造船廠,23159,NA,NA
61918,Homburg 船模試驗所,61919,NA,NA
61924,廣州中德中學,350,NA,NA
61926,廣東航海講習所,74,NA,NA
61930,廣州第二職業學校,350,NA,NA
61932,廣州長風造船廠,350,NA,NA
61940,Chicago G. E. Mfg. Co.,12065,NA,NA
61942,美國通用公司,1387,NA,NA
61944,美國舊金山電台,12053,NA,NA
61946,天津電信專門學校,427,NA,NA
61964,Nancy 電機廠,4095,NA,NA
61996,慈利礦局,8675,NA,NA
61998,雄黃礦局,6972,NA,NA
62000,湖南煉鋁廠,67,NA,NA
62021,湖南水口山鑛務局,67,NA,NA
62040,天津謙信洋行,427,NA,NA
62058,溥益製糖工廠,NA,NA,NA
62066,北平市第一工廠,410,NA,NA
62078,北平東北行健學會,410,NA,NA
62084,江西永新縣政府,8366,NA,NA
62092,晉綏軍粮分處,NA,NA,NA
62103,雲南廣通縣舍資一平浪製鹽場工程處,62104,NA,NA
62164,中國工藝專門學校,NA,NA,NA
62167,上海光華糖廠,877,NA,NA
62170,中央飛機製造廠,NA,NA,NA
62201,永安紡織廠,NA,NA,NA
62217,江西中正橋工程監工處,70,NA,NA
62219,南昌市政府,522,NA,NA
62228,汕頭女子中學,2383,NA,NA
62232,上海滬南汽車公司,877,NA,NA
62235,杭州車務處,999,NA,NA
62249,Central R. R. Co.,NA,NA,NA
62253,廣州工程局,350,NA,NA
62259,上海電訊學校,877,NA,NA
62282,上海中華電器製作所,877,NA,NA
62284,東海縣建設局,53328,NA,NA
62290,廣東軍墾糖廠,74,NA,NA
62297,山東公路局,77,NA,NA
62310,福建財政廳,61,NA,NA
62312,福建實業廳,61,NA,NA
62314,福建礦業專校,61,NA,NA
62316,中央儲蓄會,NA,NA,NA
62326,山東博山東方公司,3760,NA,NA
62347,廣州電台,350,NA,NA
62350,汕頭代工務局,2383,NA,NA
62356,廣州市電力管理委員會,350,NA,NA
62363,廣州自來水管理處,350,NA,NA
62373,公共電氣事業社,1387,NA,NA
62375,戚墅堰電廠發電廠,1347,NA,NA
62397,南京總部交通處,90,NA,NA
62402,天津泰中商行,427,NA,NA
62449,南昌開明新記電燈公司,522,NA,NA
62453,上海申新紡織總公司,877,NA,NA
62455,福茂新麵粉總公司,NA,NA,NA
62458,湖南機器廠,67,NA,NA
62477,福建省立第二中學,61,NA,NA
62481,省立廈門職業學校,886,NA,NA
62483,南京中央工業職業學校,90,NA,NA
62533,南京電信局,90,NA,NA
62573,福建省會工程局,61,NA,NA
62581,山東建坨工程處通信組膠澳區分,NA,NA,NA
62625,東北鐵路,NA,NA,NA
62627,航空工校,NA,NA,NA
62653,福建晉江縣政府,7071,NA,NA
62667,日本和歌山紡織紀之川工場,62668,NA,NA
62674,武進市行政局,965,NA,NA
62676,武進中學,965,NA,NA
62678,武進民豐紗廠,965,NA,NA
62680,武進縣商會,965,NA,NA
62688,信許電廠籌備處,NA,NA,NA
62710,安徽大東煤礦,60,NA,NA
62715,浦划公路工程事務所,NA,NA,NA
62717,江蘇駐第六區縣建設,71,NA,NA
62727,四川洪濟工廠,1434,NA,NA
62735,美國司徒文廠,1387,NA,NA
62760,四川省造幣廠,1434,NA,NA
62763,洪濟冰廠,NA,NA,NA
62802,京滬鐵路南京機務段,NA,NA,NA
62847,平原中學,16224,NA,NA
62849,正誼中學,1177,NA,NA
62851,諸城中學,13941,NA,NA
62854,山西金礦,76,NA,NA
62859,河北井陘正豐煤礦公司,63,NA,NA
62872,上海建海工程事務所,877,NA,NA
62889,贛州市政府,62890,NA,NA
62892,贛州治_委員會,62890,NA,NA
62894,贛縣中學,9535,NA,NA
62914,法國崗城機車總廠,159,NA,NA
62917,鄭州停車廠,2496,NA,NA
62921,福建民政司,61,NA,NA
62927,順宜水利委員會,NA,NA,NA
62931,修浚閩江總局,NA,NA,NA
62933,金水建閘工程處,NA,NA,NA
62943,上海亞東醫院,877,NA,NA
62984,日本門司鐵道局小倉工場機車修理部,62985,NA,NA
62993,導淮工程團,877,NA,NA
63003,廣西桂南公路局,73,NA,NA
63013,平海鐵路,NA,NA,NA
63027,中央執行委員,NA,NA,NA
63068,上海中國建設工程公司,877,NA,NA
63072,維益久通銻礦公司,NA,NA,NA
63074,福元煤礦公司,NA,NA,NA
63080,南寧機器廠,4422,NA,NA
63124,漢口鄂湘川報務總管處,NA,NA,NA
63126,成都電報局,607,NA,NA
63128,漢口電報傳習所,2380,NA,NA
63139,遼寧實業廳,64,NA,NA
63148,江漢堤工局,3114,NA,NA
63160,美國芝加哥陸西機器廠,12065,NA,NA
63167,天利淡氣製品廠,NA,NA,NA
63173,浙江水產品製造廠,62,NA,NA
63196,東三省電報線路,NA,NA,NA
63207,南京東北中學,90,NA,NA
63209,南京中山中學,90,NA,NA
63228,湖南第二職業學校,67,NA,NA
63233,南昌土地局,522,NA,NA
63258,Litton Eng. Lab.,1387,NA,NA
63289,漢口公用局,2380,NA,NA
63296,上海安設滬烟水線,877,NA,NA
63298,滂江平恰工程處,NA,NA,NA
63300,京滬電報電話,410,NA,NA
63302,北平恰克圖綫路,410,NA,NA
63309,重慶義中和煤礦公司,1270,NA,NA
63329,南雄公路,63330,NA,NA
63332,廣東中區綏靖公署,74,NA,NA
63334,三南公路,NA,NA,NA
63337,廣西南寧區公路管理局,4422,NA,NA
63361,日本高工,258,NA,NA
63416,國防化學委員會,NA,NA,NA
63420,美克芝機建築師事務所,NA,NA,NA
63422,漢標建築師事務所,NA,NA,NA
63424,廣州華粵工程公司,350,NA,NA
63431,日本煉瓦株式會社,258,NA,NA
63433,東京硝子,604,NA,NA
63436,四川威遠縣新華公司,3866,NA,NA
63438,四川第一工科高級中學校,1434,NA,NA
63440,成都高級工業職業學校,607,NA,NA
63442,重慶高級陶磁科職業學校,1270,NA,NA
63452,南京陳明記營造廠,90,NA,NA
63457,九龍電燈公司,63458,NA,NA
63461,韶州電燈公司,NA,NA,NA
63487,通縣發電廠,30478,NA,NA
63489,北平南河沿電車變流廠,410,NA,NA
63507,督辦安徽全省官礦處,60,NA,NA
63509,安徽官礦饅頭山煤礦局,60,NA,NA
63512,浙江農礦處,62,NA,NA
63536,河南洛臨路,66,NA,NA
63538,郭德門電機製造廠,NA,NA,NA
63540,河南南荊路,66,NA,NA
63543,河南許洛路,66,NA,NA
63559,上海恆昌洋行,877,NA,NA
63564,美國華盛頓海軍造礮廠,8690,NA,NA
63566,上海亞洲機器公司,877,NA,NA
63581,New London 海軍軍港,50269,NA,NA
63583,馬尾海軍飛潛學校,419,NA,NA
63585,福州航政局,419,NA,NA
63588,上海海軍總司令部軍械處,877,NA,NA
63592,上海海軍軍械處,877,NA,NA
63594,湖口海軍軍械處,50353,NA,NA
63599,福建電氣電話公司,61,NA,NA
63601,青島社會局,2331,NA,NA
63603,青島度量衡檢定所,2331,NA,NA
63608,Mine in Butte Montana,63609,NA,NA
63616,上海交通銀行總行,877,NA,NA
63635,集砂壩官鑛局,NA,NA,NA
63641,天津英租界工部局,427,NA,NA
63648,漢口福興漂染整理廠,2380,NA,NA
63656,Meeker Sugar Factory,1387,NA,NA
63658,上海吳淞製糖廠,7212,NA,NA
63660,福建仙遊建設局,2942,NA,NA
63662,福州協和大學,419,NA,NA
63667,惠陽糖廠,571,NA,NA
63686,葫蘆島荷蘭治港公司,10648,NA,NA
63688,青島荷蘭治港公司,2331,NA,NA
63690,烟台海港 (煙台海港),6947,NA,NA
63692,連雲港,5141,NA,NA
63695,江陰港口,1016,NA,NA
63698,廣州黃埔海港,5031,NA,NA
63723,福建第一行政督察專員公署,61,NA,NA
63725,長樂縣政府,1725,NA,NA
63734,法國西特區汽車工廠,159,NA,NA
63737,北平職業學校,410,NA,NA
63759,山東普集官莊煤礦,63760,NA,NA
63792,湖南臨武香花嶺錫鑛局,47534,NA,NA
63795,武昌造幣廠,1036,NA,NA
63798,江華上伍堡錫鑛局,63799,NA,NA
63801,江華鑛務局,63799,NA,NA
63813,汕頭市工務局,2383,NA,NA
63824,明新電氣公司,NA,NA,NA
63830,山西左雲燃料研究所,4846,NA,NA
63886,Cambridge Power Co.,1387,NA,NA
63910,德國好望公司鋼鐵廠煉焦廠,121,NA,NA
63964,廣州兵器試驗廠,350,NA,NA
63968,廣州建築工廠辦事處,350,NA,NA
64002,南京基泰工程事務所,90,NA,NA
64006,上海基泰工程司事務所,877,NA,NA
64021,廣州魯麟洋行,350,NA,NA
64023,廣州香港仕德洋行,1072,NA,NA
64060,廈門安溪礦務學校,886,NA,NA
64080,綏遠麵粉廠,96,NA,NA
64099,Wolverine Shoe Tanning Corp.,1387,NA,NA
64132,山東泰安華寶煤礦,6673,NA,NA
64146,綏遠警察廳,96,NA,NA
64149,天津亨大建築公司,427,NA,NA
64196,哈爾濱商埠局,13060,NA,NA
64237,美國司莊伯電話製造公司,1387,NA,NA
64281,山西右玉初中,32405,NA,NA
64298,柳州鵝山磚廠,11289,NA,NA
64301,廣西第五中學,73,NA,NA
64304,百色建設局,NA,NA,NA
64326,塘沽永利製?工廠,5751,NA,NA
64347,法國克魯蘇車頭廠,159,NA,NA
64351,徠奴托汽車廠,159,NA,NA
64353,依司拔羅飛機廠,159,NA,NA
64355,勝德織造廠,877,NA,NA
64358,天津啟明鑄鋼廠,427,NA,NA
64360,塘沽永利公司,5751,NA,NA
64372,日本鯰田煤礦,258,NA,NA
64374,復州振興煤礦,56457,NA,NA
64377,肇南肇陽西煤礦,64378,NA,NA
64382,佛崗信義錫礦,13274,NA,NA
64401,天津大中華電通公司,427,NA,NA
64403,美國商部標準局,1387,NA,NA
64407,合眾鐵道機關信號公司,1387,NA,NA
64409,東方貿易工程公司,NA,NA,NA
64414,北寧路唐山機廠,445,NA,NA
64419,Atelier Neret Peleret Picard Picset,159,NA,NA
64421,Lyon Societe Francaise de Tubize,2122,NA,NA
64427,重慶高級陶磁職學校,1270,NA,NA
64448,American White Leaded Colour Works,1387,NA,NA
64450,大華紅丹公司,NA,NA,NA
64465,浙江高級工業職業學校,62,NA,NA
64483,大阪神戶各電車會社,551,NA,NA
64497,大連電氣株式會社,1940,NA,NA
64517,美撤哥羅宛爾機器廠,1387,NA,NA
64519,凱白爾染色公司,NA,NA,NA
64522,上海華純織造廠,877,NA,NA
64525,哈爾濱同記工廠,13060,NA,NA
64535,日本神岡礦山鉛煉廠,258,NA,NA
64550,瀋陽市政公所,511,NA,NA
64554,瀋陽東北電信管理處,511,NA,NA
64557,瀋陽東北無綫電總台,511,NA,NA
64564,上海紿敦電機公司,877,NA,NA
64568,德國巴燕水利局,NA,NA,NA
64570,國有鐵道局實習,NA,NA,NA
64573,陝西西北農林專科學校,78,NA,NA
64578,崇明無線電台,1256,NA,NA
64588,協助各省公路,NA,NA,NA
64619,奉天精鹽製造廠,64,NA,NA
64632,湖南藝芳中學,67,NA,NA
64636,上海鴻章紡織染廠,877,NA,NA
64647,克利多連鐵道及機車廠,NA,NA,NA
64650,北平農大學,410,NA,NA
64661,重慶委員長行營,1270,NA,NA
64668,上海德士古火油公司,877,NA,NA
64673,美國孟羅紙廠,1387,NA,NA
64675,依斯頓紙廠,NA,NA,NA
64677,及瑞士西利亞紙廠,2240,NA,NA
64679,福建造紙廠,61,NA,NA
64685,南京工專附屬工廠,90,NA,NA
64689,考選委員會,NA,NA,NA
64697,福建海軍陸戰隊無線電台,61,NA,NA
64715,上海李麥工程事務所,877,NA,NA
64757,廣東順德糖廠,3042,NA,NA
64760,碧力摩公司,1072,NA,NA
64770,美國麻省非治卜紙廠,144,NA,NA
64772,上海麗安電氣公司,877,NA,NA
64788,中國製油廠,NA,NA,NA
64802,法國哈佛爾河海工程處,64803,NA,NA
64805,巴黎中央建築公司,1948,NA,NA
64815,濟南發電所,1177,NA,NA
64818,天津嘉利鐵廠,427,NA,NA
64820,天津倪克紡毛廠,427,NA,NA
64822,天津仁立紡毛廠,427,NA,NA
64830,日本寶田石油株式會社,258,NA,NA
64832,大阪乾餾會社,551,NA,NA
64840,四川資興石油公司,1434,NA,NA
64842,重慶寶源煤礦公司,1270,NA,NA
64851,上海美電洋行,877,NA,NA
64853,上海恒敦洋行,877,NA,NA
64855,上海北極公司,877,NA,NA
64865,Du Nord 化工廠,159,NA,NA
64887,昆筑公路,NA,NA,NA
64902,廣西省營西灣煤場,73,NA,NA
64908,正祥營造公司,NA,NA,NA
64921,Mass. 化學製紙廠,144,NA,NA
64923,Maine Paper Mills,3158,NA,NA
64925,Eastern Paper Mills,1387,NA,NA
64927,廣西富賀鐘礦務處,73,NA,NA
64948,福泉永公路,61,NA,NA
64950,福建興泉永公路,61,NA,NA
64953,建樂煤礦,61,NA,NA
64955,南洋實興公司,61,NA,NA
64958,廣西錫礦處,73,NA,NA
64970,北平市度量衡檢定所,410,NA,NA
65001,福建漳龍區公路分局,61,NA,NA
65003,山東臨沂縣,9801,NA,NA
65005,山東第十八區第七區,77,NA,NA
65013,美國維爾特製冰公司,1387,NA,NA
65015,活特聞西方煤氣機械製造公司,NA,NA,NA
65026,浙江第一中學,62,NA,NA
65028,浙江溫嶺縣公署,26999,NA,NA
65030,金陵製造局,90,NA,NA
65041,天津金剛橋,427,NA,NA
65088,美國莫金台斯柴油機製造廠,1387,NA,NA
65127,中國植物油料廠,NA,NA,NA
65162,美國倍斯林姆造船公司,1387,NA,NA
65216,洛陽國際電台,2183,NA,NA
65230,天津青島蕪湖無線電台,2331,NA,NA
65245,蕭縣建設局,5105,NA,NA
65276,興華礦局,NA,NA,NA
65325,吉林採金延和分局,72,NA,NA
65347,湘桂路南鎮段,459,NA,NA
65372,陸羊礮兵學校湯山場舍工程處,NA,NA,NA
65398,日本大阪阪祁鐵工廠,551,NA,NA
65406,湖北公路管理局修理總廠,68,NA,NA
65431,法國總統煤礦公司,159,NA,NA
65433,江西漢冶萍公司萍鄉煤礦,388,NA,NA
65437,上海大中煤礦公司,877,NA,NA
65441,海關總稅務司署海務科工程處,NA,NA,NA
65490,英皇家蒙內克水線船,125,NA,NA
65518,長沙湘雅醫院,590,NA,NA
65539,Westinghouse Elec. Mfg. Co.,125,NA,NA
65541,上海金龍洋行電氣機械部,877,NA,NA
65563,大冶鋼廠,382,NA,NA
65592,夏威夷島政府,176,NA,NA
65629,美國威斯康辛省政府鐵道司,277,NA,NA
65631,芝密聖保羅鐵路公司,1387,NA,NA
65657,江寧鐵路局,1881,NA,NA
65675,法國維榮納水電廠,159,NA,NA
65677,法國聖若冶電力鐵路,159,NA,NA
65680,中法銀公司,NA,NA,NA
65702,北平今是中學,410,NA,NA
65704,南京女子中學,90,NA,NA
65714,山東台村煤礦局,77,NA,NA
65742,廣州電話局,350,NA,NA
65790,湖北漢陽高工,1120,NA,NA
65794,開鸞鑛,NA,NA,NA
65800,河北師範,63,NA,NA
65804,青海金鑛探勘處,86,NA,NA
65806,西北工學院,NA,NA,NA
65873,卡拉馬素紙廠,1387,NA,NA
65875,北大紙廠,NA,NA,NA
65879,富賀鐘礦務整理處,73,NA,NA
65881,廣東陳村市,65882,NA,NA
65890,廣東製紙廠,74,NA,NA
65901,河北磁縣煤礦,5287,NA,NA
65905,陝西油礦探勘處,78,NA,NA
65907,灌南煤礦局,7703,NA,NA
65924,河南女子師範,66,NA,NA
65952,西京市建設委員會,2596,NA,NA
65964,Papeteries de France,159,NA,NA
65976,興寧縣政府,13846,NA,NA
65991,海軍製造學校,NA,NA,NA
65993,江南造船所,NA,NA,NA
66018,晉北礦局,NA,NA,NA
66033,英國保樂公司,125,NA,NA
66036,英國約翰卜郎造船廠,125,NA,NA
66037,Earnshaw Docks & Honolulu Iron Works Co.,1387,NA,NA
66041,薛德洋行,NA,NA,NA
66043,聯保保險公司,NA,NA,NA
66085,拔柏葛鍋爐公司,NA,NA,NA
66102,東三省協約技術部,NA,NA,NA
66131,熱河淩源中學,94,NA,NA
66137,北平龍煙鐵鑛,410,NA,NA
66140,滿洲里電燈廠,66141,NA,NA
66150,南京督辦浦口商埠事宜處,90,NA,NA
66153,海軍軍官學校,NA,NA,NA
66157,北平株欽鐵路,NA,NA,NA
66164,吉林第二師範,72,NA,NA
66167,河北存實中學,63,NA,NA
66184,南京東方大港籌備委員會,90,NA,NA
66206,日本大宮鐵道工廠,258,NA,NA
66223,開灤礦冶局,445,NA,NA
66225,招商局公平輪船三管輪,NA,NA,NA
66274,南京兵工專校,90,NA,NA
66328,華西興業公司,NA,NA,NA
66349,浙江公立專門學校,62,NA,NA
66352,浙江第四高中,62,NA,NA
66356,寶華絲織廠,NA,NA,NA
66359,強華實業公司,NA,NA,NA
66361,防毒面具廠,NA,NA,NA
66385,日本九軌發電廠,258,NA,NA
66387,日本安川電機製作所,258,NA,NA
66392,四川金堂水力發電廠,65122,NA,NA
66419,晉綏軍官教導團,NA,NA,NA
66422,太原電機製造所,726,NA,NA
66477,天津漢士工務公司,427,NA,NA
66499,杭州閘口電氣公司,999,NA,NA
66505,北平內務部,410,NA,NA
66535,浙江公路處,62,NA,NA
66539,南京華蓋建築事務所,90,NA,NA
66542,上海楊子建築公司,877,NA,NA
66546,比利時國家鐵路公司,2753,NA,NA
66548,吉林自來水公司,72,NA,NA
66572,楊子機器公司,NA,NA,NA
66580,上海浙江興業銀行,877,NA,NA
66598,神戶川崎造船廠,6058,NA,NA
66612,美國西北實驗公司,1387,NA,NA
66615,廣州羅代基金會,350,NA,NA
66628,台寨分礦,NA,NA,NA
66630,上海六河溝煤礦總公司,877,NA,NA
66638,法國汽車及飛機廠,159,NA,NA
66641,上海永新洋行出口部,877,NA,NA
66647,廣東海陸工路局,74,NA,NA
66673,Cohoes 水力發電所,1387,NA,NA
66675,Litiea 電氣公司,1387,NA,NA
66677,Harmond Mills 紡紗廠,1387,NA,NA
66687,香港星州電廠,1072,NA,NA
66696,New Castle 錫鉛煤鋅等礦,50265,NA,NA
66698,Wales 錫鉛煤鋅等礦,31301,NA,NA
66702,上海漢冶萍煤鐵公司,877,NA,NA
66706,可熾昌記鐵號,NA,NA,NA
66726,廣西醫學院,73,NA,NA
66741,上海怡生染廠,877,NA,NA
66789,陝西武功農林專校,78,NA,NA
66800,廣州市公用局,350,NA,NA
66816,開封普臨電氣公司,717,NA,NA
66821,巴縣縣立中學,80,NA,NA
66823,重慶高級職業學校,1270,NA,NA
66825,重慶女子初級職業學校,1270,NA,NA
66827,廣益中學,NA,NA,NA
66860,Union Elec. Co.,NA,NA,NA
66863,中央電氣公司,NA,NA,NA
66866,世界動力會,NA,NA,NA
66875,上海建委會,877,NA,NA
66877,倫敦英國郵電部研究所,NA,NA,NA
66881,蕪湖短波無綫電台,NA,NA,NA
66883,真茹國際無線電台,NA,NA,NA
66892,衞輝華新紗廠,NA,NA,NA
66915,湖南防毒面具製造廠,67,NA,NA
66924,蕪湖工業專校,3703,NA,NA
66926,湖南嶽雲中學,67,NA,NA
66929,建國中學,NA,NA,NA
66931,湖南電燈公司,67,NA,NA
66935,江蘇京蕪公路,71,NA,NA
66940,安徽電綫工務處,60,NA,NA
66943,安徽潁州電報局,60,NA,NA
66945,漢口滬漢電報幹綫工務處,NA,NA,NA
66955,香港電廠,1072,NA,NA
66957,昆明運輸人員訓練所,556,NA,NA
66964,湖南鍊鉛廠,67,NA,NA
66967,湖南土法白鋁鍊廠,67,NA,NA
66970,湖南煉鋅廠,67,NA,NA
66976,法國巴黎羅蘭汽車工廠,1948,NA,NA
66979,南京公共汽車公司,90,NA,NA
66988,四川中國木業公司,1434,NA,NA
67003,法 Renault 飛機廠,159,NA,NA
67005,上海虹橋航空工廠,877,NA,NA
67044,英國標準電器公司,27510,NA,NA
67050,中國歐亞兩航空公司南京辦事處,90,NA,NA
67066,應縣高小,22109,NA,NA
67090,日本鐵道省工場及研究所,258,NA,NA
67109,日本橫濱蓄音器會社,17969,NA,NA
67112,仙台放送電台,20792,NA,NA
67115,山東國貨陳列館,77,NA,NA
67124,法國軍事電器材料研究所,159,NA,NA
67126,"保圖, 里昂, 聖塔西等各大電台",159,NA,NA
67131,軍事無線電學校,NA,NA,NA
67134,北平經理處通信處,410,NA,NA
67139,河北雙橋無線電台,63,NA,NA
67143,藝術學院,410,NA,NA
67145,北平市立第一中學,410,NA,NA
67174,湖南中國汽車製造公司總廠,67,NA,NA
67185,北平各中學,410,NA,NA
67197,北平慕貞女中,410,NA,NA
67245,日本大阪鐵工所,551,NA,NA
67247,天保山造船廠,551,NA,NA
67252,直隸商品陳列所調查課,63,NA,NA
67255,英美機器廠,NA,NA,NA
67266,崑山中學,1636,NA,NA
67284,湖北紗布絲麻四局,68,NA,NA
67295,武進常州紗廠,965,NA,NA
67297,戚墅堰通成紡織公司,1347,NA,NA
67310,山東悅昇煤礦,77,NA,NA
67313,安徽益華鐵礦,60,NA,NA
67316,安徽寶興鐵礦,60,NA,NA
67318,浙江璋華砩礦,62,NA,NA
67320,浙江第七中學,62,NA,NA
67329,通信兵團,NA,NA,NA
67350,Puhl & Co.,121,NA,NA
67352,Leopold Laserson 廠,121,NA,NA
67357,Westinghouse 廠,1387,NA,NA
67368,C. Kenyon Rubber Tyre Co.,1387,NA,NA
67370,Vulcan Rubber Proofing Co.,1387,NA,NA
67372,南洋岑業良樹膠製造廠,NA,NA,NA
67377,上海大用橡皮製造廠,877,NA,NA
67380,上海華南橡膠雨布廠,877,NA,NA
67382,廣西工業試驗所,73,NA,NA
67384,梧州廣西橡膠製造廠,4962,NA,NA
67412,廣東農工所,74,NA,NA
67417,潮汕港務局,NA,NA,NA
67423,Charleroi A. C. F. C. 廠,NA,NA,NA
67425,廣東省立第四中學,74,NA,NA
67427,汕頭礐光中學,2383,NA,NA
67457,Heinkel Flugzeugwerke,121,NA,NA
67460,Earman,159,NA,NA
67462,Gaudron,NA,NA,NA
67464,廣東空軍飛機工廠,74,NA,NA
67466,航空署首都修理工廠,NA,NA,NA
67475,廣東瓊崖綏靖委員公署,74,NA,NA
67483,上海泰康洋行,877,NA,NA
67491,靖江長中學校,2443,NA,NA
67496,株州機廠,5544,NA,NA
67501,培英中學,NA,NA,NA
67508,三極無線電學校,NA,NA,NA
67517,松江縣立高等小學校,1409,NA,NA
67520,東南無線電管理處,NA,NA,NA
67522,吳淞海岸電台,7212,NA,NA
67542,宣城京衢路工程局,27373,NA,NA
67547,美國勃勿羅汽油機器公司,1387,NA,NA
67549,漢口揚子機器製造公司,2380,NA,NA
67552,杭州杭機廠,999,NA,NA
67561,日本東京日本鐵工所,604,NA,NA
67571,廣西荔梧公路,73,NA,NA
67580,香港浩昌和五金公司,1072,NA,NA
67594,武昌民生紡絲公司,1036,NA,NA
67602,南昌行營閩浙贛皖邊區公路處,NA,NA,NA
67608,天津機務副段,427,NA,NA
67611,東京東洋硝子工場,604,NA,NA
67649,山東溥益製糖釀造工廠,77,NA,NA
67698,日本人造肥料工場,258,NA,NA
67700,青島膠澳電汽公司,2331,NA,NA
67711,辰谿兵工廠,29410,NA,NA
67732,交通部留美學生監督處,NA,NA,NA
67740,北平礦業,410,NA,NA
67744,南京蒙藏委員會,90,NA,NA
67779,Woolwich 兵工廠,3067,NA,NA
67782,Lee-Enfield 槍廠,125,NA,NA
67784,Waltham Abbey 製藥廠,67785,NA,NA
67788,Newcastle-upon-Tyne 砲廠,50265,NA,NA
67791,Krupp 砲廠,9898,NA,NA
67793,Schneider 兵工廠,159,NA,NA
67795,上海兵工署,877,NA,NA
67797,烟台海軍槍砲練習所,6947,NA,NA
67814,朝陽煤礦,10202,NA,NA
67817,上海華中煤業公司,877,NA,NA
67871,上海特別市工務局,877,NA,NA
67873,青島特別市政府,2331,NA,NA
67886,東北特種車隊,NA,NA,NA
67899,西京籌備委員會,NA,NA,NA
67975,江西上饒中學,67976,NA,NA
67991,上海華啟公司,877,NA,NA
68006,廣州社會社,350,NA,NA
68023,寧武中學,76,NA,NA
68059,天津衞戍司令部,427,NA,NA
68072,上海民生墨水工廠,877,NA,NA
68076,新中貿易公司,NA,NA,NA
68078,重慶大同機器電料公司,1270,NA,NA
68080,玉森農場,NA,NA,NA
68082,吉利洋行,NA,NA,NA
68103,陝西大荔涇洛工程局,78,NA,NA
68112,湖北公路管理局,68,NA,NA
68166,熱河朝陽夏家窰,NA,NA,NA
68168,開灤礦局馬家溝礦廠,NA,NA,NA
68170,灃惠渠,NA,NA,NA
68172,龍惠溪測量隊分,NA,NA,NA
68179,熱河財政分廳,94,NA,NA
68181,察哈爾財政分廳,93,NA,NA
68183,黑龍江梧桐河金礦試驗場,65,NA,NA
68190,川粵鐵路,NA,NA,NA
68197,杭州汽車號,999,NA,NA
68199,南陽汽車號,9772,NA,NA
68201,上海中國煤氣機製造煤廠,877,NA,NA
68203,武陽夏三鎮商埠公署,NA,NA,NA
68205,華洋義賑會湖北分會,68,NA,NA
68207,漢陽東城垸堤河工程處公署,1120,NA,NA
68209,加修漢口張公堤總董事會,2380,NA,NA
68213,京黔鐵路,NA,NA,NA
68215,山東交通部青濰城烟工程處,77,NA,NA
68220,武漢工程處,356,NA,NA
68223,香港巴馬丹拿,1072,NA,NA
68225,香港工務司署,1072,NA,NA
68229,收地部,NA,NA,NA
68242,上海公共汽車公司,877,NA,NA
68255,韶坪公路,NA,NA,NA
68281,河南洛寧長水鎮豫西橋涵工程處,66,NA,NA
68307,遼吉黑電政監督處,NA,NA,NA
68328,北平恆興織染廠,410,NA,NA
68330,慈型機械工廠,NA,NA,NA
68363,Lima 機車公司,1387,NA,NA
68384,上海郵務管理局,877,NA,NA
68401,江蘇水產學校,71,NA,NA
68408,雲南錫務公司,81,NA,NA
68410,湖南江華錫礦,63799,NA,NA
68412,湖南黑鉛煉廠工業化驗所,67,NA,NA
68414,江西裕豐鎢礦公司,70,NA,NA
68418,湖南礦業公會,67,NA,NA
68424,德國加斯麥三和土廠,121,NA,NA
68426,Louis Eilers 橋廠,121,NA,NA
68451,英國固敏造船廠,125,NA,NA
68454,海軍馬尾飛潛學校,419,NA,NA
68456,上海招商總局,877,NA,NA
68478,上海龍華水泥廠,877,NA,NA
68480,上海龍華水泥公司,877,NA,NA
68482,四川水泥廠,1434,NA,NA
68484,上海水泥公司,877,NA,NA
68490,松江縣政府,1409,NA,NA
68523,古巴各製糖廠,68524,NA,NA
68527,上海購料委員會,877,NA,NA
68532,福州無線電報局,419,NA,NA
68545,江蘇省立第八中學,71,NA,NA
68547,第五師範,NA,NA,NA
68563,日本電鍍電池工場,258,NA,NA
68566,日本中央研究所,258,NA,NA
68602,江寧建設局,1881,NA,NA
68614,四川巴縣鄉村電話管理處,80,NA,NA
68616,重慶市中學,1270,NA,NA
68643,馬江船政局,NA,NA,NA
68655,美國礦務局,1387,NA,NA
68658,開乃特金礦,1387,NA,NA
68687,比利時鐵路工程處,2753,NA,NA
68689,法國聖太田鐵工廠,159,NA,NA
68709,International Standard Elec. Corp.,125,NA,NA
68711,Leo La Brations Standard,159,NA,NA
68713,太倉電燈公司,2641,NA,NA
68718,浙江長途電話籌備處,62,NA,NA
68785,湖南省政府,67,NA,NA
68799,Paige Motor Car Co.,34866,NA,NA
68803,張庫長途汽車處,8012,NA,NA
68806,石景山龍煙鐵廠,410,NA,NA
68834,山東惠民中學,77,NA,NA
68837,濟南初級中學,1177,NA,NA
68841,蕪湖職業學校,3703,NA,NA
68843,藹益吉中華電機製造廠,NA,NA,NA
68859,安徽中等職業學校,1910,NA,NA
68873,河南陝州停車廠,37394,NA,NA
68936,董大酉建築事務所,877,NA,NA
68952,山西工專染織工廠,76,NA,NA
68974,天津長途電話局,427,NA,NA
68976,河北長途電話局,63,NA,NA
68990,永彰建築事務所,877,NA,NA
69006,淳安縣政府,26295,NA,NA
69016,D. P. Robinson Co.,1387,NA,NA
69056,佐藤工業實驗所,258,NA,NA
69058,日本製糖公司,258,NA,NA
69060,明治製糖公司,258,NA,NA
69062,上海明華製糖公司,877,NA,NA
69065,浙江杭縣建設局,765,NA,NA
69068,金華區,1597,NA,NA
69081,四川人和製鐵公司,1434,NA,NA
69086,山東無棣縣政府,22400,NA,NA
69097,日本橫濱市立商工實習學校肥皂廠,17969,NA,NA
69100,日清製油株式會社,258,NA,NA
69111,天鳳公路,NA,NA,NA
69133,美國邁雷機械廠,1387,NA,NA
69135,紐約造船廠,146,NA,NA
69152,"日本秋田縣荒山, 金澤, 足尾等銅山",729,NA,NA
69154,福島縣廣田炭礦,32192,NA,NA
69158,西康建設委員會,95,NA,NA
69180,浦東上川交通公司,1322,NA,NA
69182,濟南 A. E. G. 中華電機廠,1177,NA,NA
69202,河北開灤礦務局,63,NA,NA
69244,法國巴黎地底電車發電所,1948,NA,NA
69246,水力發電廠,1948,NA,NA
69248,煤力發電廠,1948,NA,NA
69275,法國電機工廠,159,NA,NA
69277,法國無線電台,159,NA,NA
69323,Pittsburgh Electric Furnace Corp,1801,NA,NA
69346,青島市財政局,2331,NA,NA
69381,冀北電力公司,NA,NA,NA
69399,中央政治大學,90,NA,NA
69441,廣州電廠,350,NA,NA
69443,淮南鐵路局,NA,NA,NA
69457,上海天祥洋行,877,NA,NA
69507,台灣省鋼鐵公司,69508,NA,NA
69511,南京國際廣播電台,90,NA,NA
69516,重慶豫豐紗廠,1270,NA,NA
69522,上海中國紡織建設公司,877,NA,NA
69528,合川豫豐紗廠,23657,NA,NA
69537,重慶申新第四紗廠,1270,NA,NA
69541,天津電力公司,427,NA,NA
69545,祥泰公司,877,NA,NA
69547,新元電機製造廠,877,NA,NA
69554,新安電機廠,877,NA,NA
69559,國防部,90,NA,NA
69565,工程貿易進出口行,877,NA,NA
69567,天元實業公司,877,NA,NA
69582,中建電機製造廠,877,NA,NA
69598,林洪慶工程師事務所,877,NA,NA
69601,中國農業機械公司,877,NA,NA
69608,上海四達工業廠,877,NA,NA
69634,鎮江縣政府,1618,NA,NA
69666,浙江省公路局,62,NA,NA
69670,漢白路工程處,26690,NA,NA
69677,蘇崑工程處 (蘇崑公路工程處),1636,NA,NA
69685,湯山砲校,69686,NA,NA
69695,赤山湖河工賑處,12167,NA,NA
69794,華中建築公司,90,NA,NA
69819,宜興縣政府,1630,NA,NA
69821,蕭山縣政府,15471,NA,NA
70002,六合縣政府,4297,NA,NA
70079,Beijing University 北京大學,410,NA,NA
70090,建川煤鑛公司,NA,NA,NA
70096,國立西南聯合大學,556,NA,NA
70099,礦冶研究所,NA,NA,NA
70110,昆明煉廠,556,NA,NA
70113,雲南鑛業公司,81,NA,NA
70116,滇西煤礦籌備處,70117,NA,NA
70122,五福煤廠,NA,NA,NA
70128,龍門煤礦局,70129,NA,NA
70136,中印公路,70137,NA,NA
70154,遷建委員會大建分廠籌備處,NA,NA,NA
70160,建中煤礦,NA,NA,NA
70189,寶源企業公司鑛務部,NA,NA,NA
70191,貴州企業公司,75,NA,NA
70208,樂昌公司工鑛組,NA,NA,NA
70211,威遠煤礦公司,NA,NA,NA
70239,四川鑛業公司,1434,NA,NA
70249,中國興業公司,NA,NA,NA
70252,陵江煉鐵廠,70253,NA,NA
70255,貴州煤礦公司,75,NA,NA
70259,東林煤礦公司,1270,NA,NA
70263,鹽務總局技術處,NA,NA,NA
70275,粵桂金鑛探勘隊,73,NA,NA
70278,大公鐮冶化學公司,NA,NA,NA
70287,渝鑫鋼鐵廠,1270,NA,NA
70292,沅桃採金處,67,NA,NA
70296,工礦調整處,NA,NA,NA
70333,桂林沈宜甲工廠,4238,NA,NA
70364,華僑企業公司,NA,NA,NA
70366,益大煤鐮公司,NA,NA,NA
70378,四川省第二鑛區測勘隊,1434,NA,NA
70391,江西金鑛廠,70,NA,NA
70463,資和冶煉公司,NA,NA,NA
70521,永登煤鑛局,69,NA,NA
70540,成都燃料公司灌縣煤鑛,67401,NA,NA
70545,隴海路寶雞機廠,2496,NA,NA
70551,甘肅鑛業公司,69,NA,NA
70553,國立貴陽師範學院,3924,NA,NA
70580,鑛冶研究所,NA,NA,NA
70605,中央地質調查所,NA,NA,NA
70617,貴州農工學院,75,NA,NA
70640,興國工鑛公司鑛業部,NA,NA,NA
70668,桂林科學實驗館,4238,NA,NA
70674,福建企業公司,61,NA,NA
70677,貴陽建設廳,3924,NA,NA
70684,太中實業公司,NA,NA,NA
70692,四川礦業公司江北煤礦,1434,NA,NA
70741,外匯平準基金委員會,NA,NA,NA
70748,三才生煤礦公司,NA,NA,NA
70804,甌海關,24966,NA,NA
70819,王竹兩港潮水閘工程處,NA,NA,NA
70828,河北運河善後委員會,63,NA,NA
70853,比國沙洛王北齊利煤礦,2753,NA,NA
70855,德薩爾管理局,2753,NA,NA
70880,上海平民居所委員會,877,NA,NA
70883,上海市教育局,877,NA,NA
70890,河北中華礦業公司,63,NA,NA
70893,山東德州兵工處,77,NA,NA
70895,天津協昌和罐鋼廠,427,NA,NA
70900,上海永安鑄鋼廠,877,NA,NA
70930,吉林磐石銅礦局,72,NA,NA
70932,吉林採金局,72,NA,NA
70943,上海寶興紡織廠,877,NA,NA
70992,山東省立第九中學,77,NA,NA
70994,濟南省立第一中學,1177,NA,NA
70998,山東採金局,77,NA,NA
71024,上海噴漆製造廠,877,NA,NA
71030,日本名古屋火力發電所,3105,NA,NA
71054,肇明電氣公司,NA,NA,NA
71071,浙江杭平段海塘工程處,62,NA,NA
71085,Eastman 飛機公司,1387,NA,NA
71087,Hisc. 飛機公司,1387,NA,NA
71090,杭州航空署,999,NA,NA
71098,上海中國無線電業公司,877,NA,NA
71122,美國佛密亞煤礦,1387,NA,NA
71124,Sullivan Co.,1387,NA,NA
71127,麻省泉田水電建設,144,NA,NA
71135,重慶市工務處城區工務派出所,1270,NA,NA
71140,Glenn L. Martin Aircraft Co.,1387,NA,NA
71162,新加坡市政府,3099,NA,NA
71165,川湘鐵路籌備處,NA,NA,NA
71171,中國礦業公司,NA,NA,NA
71183,德國陸地測量總局,121,NA,NA
71185,柏林漢莎攝影測量公司,432,NA,NA
71194,比國安維斯白爾電話公司,2753,NA,NA
71197,泰安電報局,6673,NA,NA
71210,克斯提飛機發動機廠,125,NA,NA
71220,上海大中染料廠,877,NA,NA
71243,中國運輸公司,NA,NA,NA
71252,福建光復中學,61,NA,NA
71254,福建鑄幣廠,61,NA,NA
71263,Morgan Engineering Co.,1387,NA,NA
71268,葫蘆島運河局,10648,NA,NA
71270,葫蘆島黃河局,10648,NA,NA
71272,長蘆鹽務稽核分所,427,NA,NA
71275,松江鹽務稽核分所,1409,NA,NA
71277,川南鹽務稽核分所,1434,NA,NA
71282,皖岸榷運局,NA,NA,NA
71286,南京鹽務稽核總所,90,NA,NA
71288,鹽務署,NA,NA,NA
71290,上海鹽務總局,877,NA,NA
71294,西北汽車公司修車廠,NA,NA,NA
71301,廣東繅絲廠籌備處,74,NA,NA
71309,江西安源礦業管理處,26967,NA,NA
71311,江西貴谿建設局,1514,NA,NA
71313,南昌中學,522,NA,NA
71317,美國維廉工程公司,1387,NA,NA
71319,貿利車身公司,NA,NA,NA
71354,Frazer-Shield & Co.,1387,NA,NA
71365,無軌電車籌備委員會,NA,NA,NA
71411,廣西邕賓公路局,73,NA,NA
71413,梧州公路局,4962,NA,NA
71415,梧州市政局,4962,NA,NA
71426,湖北陸軍測量學校,68,NA,NA
71428,湖北陸軍測量局,68,NA,NA
71430,湖南中路汽車路局,67,NA,NA
71434,湖南地方自治訓練所,67,NA,NA
71438,湖南常德縣城堤工程委員會,402,NA,NA
71464,山西無線電學校,76,NA,NA
71478,青島海軍工廠,2331,NA,NA
71495,Stanford U. 研究所,130,NA,NA
71497,Chicago Power Co.,12065,NA,NA
71499,廣州市第三職業學校,350,NA,NA
71506,Ransomes & Rapier Ltd,125,NA,NA
71508,"Braithwaite & Co., Ltd",125,NA,NA
71510,香港華仁書院,1072,NA,NA
71512,香港亞細亞自來水廠,1072,NA,NA
71514,上海特火油公司,877,NA,NA
71522,淮安建設局,1292,NA,NA
71528,江西甲種工業學校,70,NA,NA
71535,廣東西村工專,74,NA,NA
71569,日本九州豐國炭礦及目尾炭礦,71570,NA,NA
71575,湖南永興福和煤礦公司,16164,NA,NA
71592,比國列日電機廠,2753,NA,NA
71618,安徽省會工務局,60,NA,NA
71629,廣州政務委員會,350,NA,NA
71633,軍事參議院,NA,NA,NA
71636,軍事訓練總監部,NA,NA,NA
71681,Ohio Box Board Co.,137,NA,NA
71704,河北開灤礦務局趙各莊段,8713,NA,NA
71745,廣東空軍技術處,74,NA,NA
71747,廣東航空學校,74,NA,NA
71750,德國飛機製造廠,121,NA,NA
71767,Colorado 電煉錳鐵鎢鐵合金廠,149,NA,NA
71769,黑龍江關都金礦,65,NA,NA
71771,雲南政府交通司,81,NA,NA
71774,雲南東大公司,81,NA,NA
71782,上海內地特別市工廠,877,NA,NA
71804,鄭州修車廠,2496,NA,NA
71814,福建涵江電廠,61,NA,NA
71843,湖南無線電製造所,67,NA,NA
71847,湖南交通學校,67,NA,NA
71872,香港安利洋行,1072,NA,NA
71879,廣州新通貿易公司,350,NA,NA
71913,法國巴黎隧道電車公司,1948,NA,NA
71915,都門生公司,159,NA,NA
71921,美國檀香山國民銀行,71922,NA,NA
71924,美國奧嘩胡汽車公司,1387,NA,NA
71929,Montana Power Co.,1387,NA,NA
71935,Chicago Smith Building Co,12065,NA,NA
71967,湖南實業學校,67,NA,NA
71969,滇黔礦務監督署,NA,NA,NA
71992,American Tel. & Telegraph Co,1387,NA,NA
72006,天津市商會,427,NA,NA
72009,國民政府整理內外債委員會,NA,NA,NA
72028,廣東無線電專校,74,NA,NA
72052,青島港務工程局,2331,NA,NA
72063,衡山坑村採礦處,4594,NA,NA
72079,正誼煤礦,NA,NA,NA
72089,廣西柳州無線電台,11289,NA,NA
72105,中華汽車業務社,NA,NA,NA
72123,上海美孚油行工場,877,NA,NA
72148,江蘇運河工程總局,71,NA,NA
72150,江蘇省立第七中學,71,NA,NA
72152,海門啟秀中學,1189,NA,NA
72154,三益中學,71,NA,NA
72156,南通江蘇省立第四中學,71,NA,NA
72158,南通建築公司,562,NA,NA
72176,京瀋鐵路,410,NA,NA
72196,湖北電政局,68,NA,NA
72217,和濟冶煉廠,NA,NA,NA
72231,新興煤礦,NA,NA,NA
72261,珙長鑛業公司,NA,NA,NA
72263,合江煤礦公司,NA,NA,NA
72275,燃料管理處,NA,NA,NA
72308,總理實業計劃研究會,NA,NA,NA
72326,裕元公司,NA,NA,NA
72329,犍槳翻砂廠,NA,NA,NA
72331,上川鋼鐵公司製鐵廠,NA,NA,NA
72342,人和公司人和溝鐵廠,NA,NA,NA
72347,甘肅臨時參議會,69,NA,NA
72364,武鳴上達金礦公司,NA,NA,NA
72382,國立西康技專,95,NA,NA
72401,採金局甘肅金鑛探勘隊,69,NA,NA
72414,湖南金鐮局,67,NA,NA
72423,湘江煤礦,NA,NA,NA
72435,貴州鑛產探測團,75,NA,NA
72442,資和洗焦廠,NA,NA,NA
72447,中央調查統計局,NA,NA,NA
72471,恆豐煤礦,NA,NA,NA
72497,張芭馬煤礦,NA,NA,NA
72499,貴陽煤礦鑑公司築東鑛埸,3924,NA,NA
72533,運輸統制局運務總處,NA,NA,NA
72597,崔海建築測繪所,NA,NA,NA
72623,英美煙公司,NA,NA,NA
72626,江蘇第二工業學校,NA,NA,NA
72663,隆昌公司,NA,NA,NA
72705,"National Highway Administration, Chungking (Chongqing)",1270,NA,NA
72711,Ming-Sung Machine Works,NA,NA,NA
72714,Heng-Shun Machines Works,2165,NA,NA
72719,"Engineering Bureau, Guizhou-Guangxi Railway",73,NA,NA
72722,"National Conservancy Commission, Kolosan",1270,NA,NA
72725,China Development Corporation,1270,NA,NA
72728,Kia Hua Cement Company,NA,NA,NA
72731,San Min Chu I Youth Corps,1270,NA,NA
72738,Chahar Provincial Government,93,NA,NA
72741,Xinjiang Provincial Government,79,NA,NA
72745,Ministry of Economic Affairs,1270,NA,NA
72748,China Electrical Engineering Society,NA,NA,NA
72750,Rensselaer Polytechnic Institute,59844,NA,NA
72753,Committee for the Supervision of the Removal of Factories from Shanghai to the Interior,877,NA,NA
72760,"China Match Raw Materials Manufacturing Co.,",NA,NA,NA
72769,Paoki - Tienshui Railway Engineering Bureau,19095,NA,NA
72780,Kuomintang Central Executive Committee,1270,NA,NA
72783,Central Yuan,79,NA,NA
72787,Bridge Planing and Engineering Bureau,1270,NA,NA
72795,"Sichuan-Yunnan Railway Co.,",556,NA,NA
72803,Chinese delegation in United Nations Monetary and Financial Conference,NA,NA,NA
72817,China Geological Survey (CGS),410,NA,NA
72820,Chinese Delegation to Coronation of King George VI,NA,NA,NA
72824,Central Military Commission (China),410,NA,NA
72831,Ta Hsin Iron and Steel Works,877,NA,NA
72834,Yu Hsin Iron and Steel Works,1270,NA,NA
72856,鄭州商埠籌備處,2496,NA,NA
72881,檢察局,NA,NA,NA
72896,廣州慎昌洋行,350,NA,NA
72905,北京亞歐營造局,410,NA,NA
72945,上海中華滙業銀行,877,NA,NA
72947,三源煤礦公司,NA,NA,NA
72949,廣東鐵路專門學校,350,NA,NA
73117,執政府,NA,NA,NA
73142,美利堅橋務公司,1387,NA,NA
73166,震華電氣廠,NA,NA,NA
73179,奉天阜成建築公司,64,NA,NA
73197,京報館,410,NA,NA
73209,開成土木公司,NA,NA,NA
73226,香港工程局,1072,NA,NA
73256,安徽水利測量局,60,NA,NA
73315,上海滬閔汽車路,877,NA,NA
73334,清孟鐵路,NA,NA,NA
73341,安記工程司處,NA,NA,NA
73360,湖北官產清理處,68,NA,NA
73369,美國橋樑公司,1387,NA,NA
73372,安徽省城省道局工務科,60,NA,NA
73467,亞細亞火油公司,1072,NA,NA
73487,江門商埠,19550,NA,NA
73518,萬國運動賽馬會,410,NA,NA
73541,重慶建築商場,1270,NA,NA
73578,大通建築工廠,NA,NA,NA
73583,河南通豐公司,66,NA,NA
73593,市政工所,NA,NA,NA
73595,西湖測量處,999,NA,NA
73637,江西財政廳,70,NA,NA
73672,中央無線電器材公司,NA,NA,NA
73725,上海廣播電台,NA,NA,NA
73772,香港市政公所,1072,NA,NA
73798,協順木廠,427,NA,NA
73894,北京首公公司,410,NA,NA
73912,法商電車電燈公司,1270,NA,NA
73934,利民鐵工廠,NA,NA,NA
73959,華德燈泡廠,NA,NA,NA
73972,亞美無線電公司,877,NA,NA
73979,公用電機公司,877,NA,NA
73990,京滬鐵路管理局材料處,NA,NA,NA
73999,上海工程企業公司,877,NA,NA
74001,科學大眾出版社,877,NA,NA
74004,中華工程公司,NA,NA,NA
74006,中國油輪公司,NA,NA,NA
74010,誠孚鐵廠,877,NA,NA
74012,大成電機廠,877,NA,NA
74014,中央絕緣器材公司,877,NA,NA
74016,民營電業協會,877,NA,NA
74019,僑聯公司,877,NA,NA
74022,中央航空公司無線電股,877,NA,NA
74026,國際飯店,877,NA,NA
74030,中國理化廠,877,NA,NA
74033,亞浦耳燈泡廠,877,NA,NA
74035,大中瓷電股份有限公司,877,NA,NA
74041,行政院善後救濟分署儲運局,NA,NA,NA
74047,國立上海高級機械職業公司,877,NA,NA
74070,上海BBC公司,877,NA,NA
74151,天津新通貿易公司,427,NA,NA
74174,北京電燈公司,410,NA,NA
74179,北京青年會留學部,410,NA,NA
74203,廣東電力公司,350,NA,NA
74248,上海華商紗廠聯合會,877,NA,NA
74332,大中電工廠,NA,NA,NA
74336,美國西電公司上海分公司,877,NA,NA
74338,民豐紗廠,NA,NA,NA
74342,鴻康電料廠,NA,NA,NA
74350,益朗電光廠,NA,NA,NA
74353,中美企業公司,NA,NA,NA
74358,上海市立工業専科學校,NA,NA,NA
74360,中國染織印染工程事務所,NA,NA,NA
74363,安東工程貿易公司,NA,NA,NA
74422,漢士洋行,NA,NA,NA
74455,維昌洋行,NA,NA,NA
74489,The Light Railway Company,74491,NA,NA
74504,Chinese National History Compiling Bureau,NA,NA,NA
74510,Chinese Geographical Society,410,NA,NA
74558,Board of Commerce 商部,NA,NA,NA
74563,Hankow real estate and trading company,2380,NA,NA
74565,Peking Society of Natural History,410,NA,NA
74567,Peking Laboratory of Natural History,410,NA,NA
74575,Pacific Trading Company,2380,NA,NA
74578,H. S. Chuck Engineering Corporation,2380,NA,NA
74580,The second special administrative district of Hankow,2380,NA,NA
74588,Far East Trading Co.,877,NA,NA
74597,Tsang Shing Mau-Fung-Shan Gold Mining and Milling Company,NA,NA,NA
74601,Bright Star Company,590,NA,NA
74603,National Commercial and Savings Bank of Hongkong,1072,NA,NA
74608,"Headquarters of Bandit Suppression Forces for the Border Districts of Kiangsi, Kwangtung and Fukien",NA,NA,NA
74613,Broadcasting Station of the Nanchang Provisional Headquarters,522,NA,NA
74615,"Headquarters of the Commander-in-Chief of the Northern Route Bandit-suppression Forces for the Provinces of Kiangsi, Kwangtung, Fukien, Hunan, and Hupeh",NA,NA,NA
74618,Headquarters of the Pacification Commissioner of Kiangsi,73,NA,NA
74632,Chiang Kai-shek's headquarters,NA,NA,NA
74639,Workers' model village in Pootung,877,NA,NA
74641,Officers' Moral Endeavor Association,90,NA,NA
74644,Association for Economic and Social Advancement in Shanghai,877,NA,NA
74655,Navigation Bureau 航政局,877,NA,NA
74663,Tobacco tax bureau for Chekiang,62,NA,NA
74665,Headquarter of the 19th Route Army,877,NA,NA
74669,Branch office of the Peiping-Tientsin Wireless Station,NA,NA,NA
74673,Long Island Trans-Ocenic central station,1387,NA,NA
74675,KDKA radio broadcasting,1801,NA,NA
74677,China Radio Engineering College,877,NA,NA
74688,Dr. Wu Ting-fang's Office,NA,NA,NA
74692,Customs at Canton,74,NA,NA
74713,Wu-han railway Bridge,NA,NA,NA
74719,Port Development Bureau of Chengchow,2496,NA,NA
74721,Committee for construction of Dr. Sun Yat-sen's Tomb,NA,NA,NA
74731,River Conservancy College,90,NA,NA
74736,Compilation section of the Organization Department of the Central Party Headquarters,NA,NA,NA
74743,Changsha–Liuyang Road,590,NA,NA
74763,Nanking Central Industrial Laboratory,90,NA,NA
74766,China Chemcial Industries,877,NA,NA
74771,Chee Hsin Engineering Works,427,NA,NA
74773,Chee Hsin Cement Co.,427,NA,NA
74786,Jones Laughlin Steel Works,1801,NA,NA
74788,Edgewater Steel Co.,135,NA,NA
74792,Hunan Public Technical College,67,NA,NA
74794,Kiangsu Provincial Library,71,NA,NA
74811,National Iron and Steel Works,NA,NA,NA
74816,Ningbo Machine Factory,1736,NA,NA
74819,Shanghai Telegraph Training School,877,NA,NA
74825,Acme Corporation,8693,NA,NA
74827,Fukien Provincial Conservancy Works,61,NA,NA
74831,Secretary team of Chang Hsiao-liang,NA,NA,NA
74854,Office for the Dredging of the Paimouho,NA,NA,NA
74861,Nanking Conservancy College,90,NA,NA
74881,Association of Chinese and American Engineers,410,NA,NA
74883,Chinese Engineers Association,NA,NA,NA
74886,Shinguah Daily News,74887,NA,NA
74890,Young China,1387,NA,NA
74895,The Executive Committee of the Nanking Special District Party Headquarters,90,NA,NA
74897,The publicity department of the Nanking Special District Party Headquarters,90,NA,NA
74899,Central Daily News,90,NA,NA
74909,Yangtsze Trading Co.,2380,NA,NA
74911,Chinese delegation to the International Red Cross Conference,54372,NA,NA
74916,Shanghai office of the Bank of Canton,877,NA,NA
74924,National Water Conservancy College,90,NA,NA
74929,Weipei (Shensi) Irrigation Work,78,NA,NA
74936,Chinese Chamber of Commerce,146,NA,NA
74941,Shanhaikwan Railway,8312,NA,NA
74946,Viceroy of the Three Eastern Provinces,72,NA,NA
74948,外務部,NA,NA,NA
74950,North China International Society of Famine Relief,NA,NA,NA
74953,Bureau for the rendition of Weihaiwei,77,NA,NA
74957,"Ministry of Communication, Military Government of Canton",74,NA,NA
74959,武寧市,34412,NA,NA
74962,東莞市,1817,NA,NA
74965,Shanghai Independent Weekly,NA,NA,NA
75056,New London Ship and Engine Company,75057,NA,NA
75060,New York Shipbuilding Corporation,75061,NA,NA
75064,Eastern Hide and Leather Co.,NA,NA,NA
75066,Kiangnan Dock & Engineering Works,877,NA,NA
75070,Mosaic Tile,137,NA,NA
75072,General Electric Company,75073,NA,NA
75075,General Chamber of Commerce of Shanghai,877,NA,NA
75079,National Pottery Company,877,NA,NA
75091,Weihaiwei regiment,38793,NA,NA
75093,濟南警察局,1177,NA,NA
75095,Office of the Viceroy of Chihli,12923,NA,NA
75100,Far Eastern Times 東方時報,427,NA,NA
75102,Continental Motors,75103,NA,NA
75109,Aviation Monthly,NA,NA,NA
75111,Headquarters of the 3rd and 4th Group Armies of the Fengtien Forces,64,NA,NA
75118,Headquarters of the Commander of the Northeastern Frontier Defense Force,NA,NA,NA
75150,University of Amoy,886,NA,NA
75156,Thatcher Furnace Co.,75157,NA,NA
75160,Baltimore Porcelain Enamel Manufacturing Co.,53081,NA,NA
75162,Chen Kwong Ceramics Co.,1072,NA,NA
75165,U.S. Metal Refining Co.,75166,NA,NA
75190,Edinburgh Municipality,18263,NA,NA
75192,Canton Constabulary,350,NA,NA
75196,Military roads bureau of Kwangtung,74,NA,NA
75198,Committee to draft the provisional constitution,90,NA,NA
75201,Peking Parliament,410,NA,NA
75204,Southern Constitutional Government,350,NA,NA
75212,China National Institute,877,NA,NA
75225,The Government Irrigation Works at Lien Ping Kiang,61,NA,NA
75235,J. B. Ferguson & Company,274,NA,NA
75237,Nanyang Railway and Mining College,877,NA,NA
75246,Assistant team to Prof. A. E. Seaman,NA,NA,NA
75299,Railway Administration College,NA,NA,NA
75318,The Air Squadron of Wu Pei-fu,NA,NA,NA
75321,Aeronautical department at Nanking,90,NA,NA
75323,Hungjao Airdrome,877,NA,NA
75326,Conservancy Engineering College,90,NA,NA
75342,Pukou Port Administration,90,NA,NA
75345,Tung Hui Industrial Corporation,NA,NA,NA
75347,Chung Foo Union Bank,877,NA,NA
75352,Shore-defense Bureau in Nantung,562,NA,NA
75354,Nantung Projects,562,NA,NA
75365,Yuan Shih-kai's office,NA,NA,NA
75367,Artillery regiment of 5th Division in Shantung,77,NA,NA
75369,Military of Urga,84,NA,NA
75375,Commission on Mongolian Affairs,NA,NA,NA
75389,Chinese Delegation to the Washington Conference,8690,NA,NA
75399,Canton Experimental Arsenal,350,NA,NA
75402,Journal of the Chinese Chemical Society,NA,NA,NA
75407,"Hawthorn, Lesile Engine Works",50265,NA,NA
75409,Electric Boat Company,50269,NA,NA
75412,College of Naval Construction,419,NA,NA
75415,Kiangsi Revolutionary Government,70,NA,NA
75420,Pittsburg Valley Mining co.,1801,NA,NA
75422,Tenson Paint Manufacturing Co.,1801,NA,NA
75425,Pittsburg Glass Works,1801,NA,NA
75434,Chicago and Alton Railway,12065,NA,NA
75436,Chicago-North-Western Railway,12065,NA,NA
75438,Kansas City Terminal Railway,161,NA,NA
75440,Shanghai Polytechnic institute,877,NA,NA
75449,Talin Talc mine,1940,NA,NA
75451,Pingerhfong magnesite mine,NA,NA,NA
75453,Hsincheng manganese mine,NA,NA,NA
75456,Manchurian Christian Medical College,511,NA,NA
75462,Theodore Boehnert Engineers Partnership,2331,NA,NA
75464,Assistant Team of J. J. Mantell,NA,NA,NA
75466,Special Commission for the Investigation of Dyke Work Expenditure,68,NA,NA
75630,University of Illinois,12065,NA,NA
75632,Chinese Students' Monthly,NA,NA,NA
75639,"Chinese Delegation, International Telegraphic Conferences",NA,NA,NA
75641,"Chinese delegation, Washington International Radio-telegraphic Conference",NA,NA,NA
75645,Institute of Mining and Metallurgy,3067,NA,NA
75648,Pao Tai Mining and Smelting Co.,4962,NA,NA
75651,Panoff and Antimony Refinery,2380,NA,NA
75654,The mine committee for the rendition of the Shantung mines,77,NA,NA
75656,"Chinese Delegation, The World Engineering Congress",604,NA,NA
75660,The Committee on the Sino-American Air Agreement,NA,NA,NA
75666,Bohlor Steel Works,11899,NA,NA
75668,Bofors Steel Works,10495,NA,NA
75670,China industrial laboratory,877,NA,NA
75672,Manchurian Arsenal,NA,NA,NA
75692,中國農民銀行總管理處,NA,NA,NA
75699,中國石油公司南京辦事處,90,NA,NA
75711,Hongkong and Whampoa Dock Company,1072,NA,NA
75713,Lloyd's Register of British and Foreign Shipping,1072,NA,NA
75716,Shanghai Engineering Shipbuilding and Dock Company,877,NA,NA
75718,Bailey and Compan's Shipyard,1072,NA,NA
75720,Sui Fung Company and the Mutual Trading Company,2380,NA,NA
75728,Office of Shanghai Military Governor,877,NA,NA
75730,Secretary team to Dr. Sun Yat-sen,NA,NA,NA
75738,Police of the special Area of Manchuria,511,NA,NA
75747,Public Safety Bureau of Shanghai,877,NA,NA
75753,Office of President Li Yuan-hung,NA,NA,NA
75763,"Chicago, Rock Island and Pacific Railroad",12065,NA,NA
75770,Committee on Transportation of Goods at Railway Risk,NA,NA,NA
75775,New York State Waterworks,146,NA,NA
75881,"Peale, Peacock and Kerr Coal Company",135,NA,NA
75887,Shanghai Commercial and Savings Bank,877,NA,NA
75889,China Union Company Ltd.,NA,NA,NA
75891,Union Motors,NA,NA,NA
75901,Hai Ho Improvement Commission,NA,NA,NA
75908,Pencoyd Steel Works,18351,NA,NA
75920,Sino-Japanese Negotiations,NA,NA,NA
75934,Lytton Commission,NA,NA,NA
75936,Chinese Delegation to League of Nations,54372,NA,NA
75938,Administration of Indemnity Funds Remitted by the British Government,NA,NA,NA
75960,Great Northern Port,NA,NA,NA
75967,Anhui Engineering Technical College,60,NA,NA
75981,Yu Hwa Afforestation Company,71,NA,NA
75989,Planning Committee of Party Affairs Committee of Kuomintang,NA,NA,NA
75991,Standing Committee of the Party Affairs Readjustment Committee,70,NA,NA
75993,Party Affairs Department of the Field Headquarters of the Bandit-Suppression Forces,70,NA,NA
75995,Kuomintang daily news,70,NA,NA
76003,Kerosene and Salt Control Bureau of the Provisional Headquarters of the President of Military Affairs Commission,NA,NA,NA
76005,Kiangsi Provincial 3rd Middle School,70,NA,NA
76007,Hsin-Yuan Middle School,522,NA,NA
76012,Standing Committee of the Executive Committee of Kiangsi Provincial Party Headquarters,70,NA,NA
76015,Hsin Chien Middle School,3265,NA,NA
76017,Mass Education Committee of Nanchang,522,NA,NA
76133,聯勤司令部電信修理廠漢口分部,2380,NA,NA
76143,漢口廣播電台,2380,NA,NA
76184,第二區公路局,NA,NA,NA
76192,大冶石灰窰華新水泥公司,382,NA,NA
76303,農民銀行電台,NA,NA,NA
76305,隴海路運輸處電信科,NA,NA,NA
76309,南院門郵政匯業局電台,78,NA,NA
76312,隴縣第一號信袋,15180,NA,NA
76314,北校場二號長官部修造所,NA,NA,NA
76316,南大街四維書局,NA,NA,NA
76384,台灣電力公司,76385,NA,NA
76398,台灣郵電管理局,NA,NA,NA
76411,台灣工程有限公司,76385,NA,NA
76416,台灣電工業有限公司,76385,NA,NA
76419,國立台灣大學工學院,76385,NA,NA
76424,台灣廣播電台,76385,NA,NA
76428,台灣工礦器材公司,76385,NA,NA
76434,台灣水泥有限公司,76385,NA,NA
76439,台灣肥料公司第一廠,76440,NA,NA
76447,台灣省政府建設廳電力科,NA,NA,NA
76451,屏東建設局,76643,NA,NA
76455,台北電信局,76385,NA,NA
76503,浙贛鐵路電訊工程室,NA,NA,NA
76546,Lanzhou Telecommunications Office 蘭州電信局,9601,NA,NA
76621,甘肅廣播電台,69,NA,NA
76624,蘭州公路局,9601,NA,NA
76637,空軍氣象台,NA,NA,NA
76641,王家莊農業學校,NA,NA,NA
76651,鐵路公司,NA,NA,NA
76660,New York State Railways Company,146,NA,NA
76668,Santa Fe 鐵路行車部管理部,NA,NA,NA
76674,"The Dredge ""George W. Catt.""",76675,NA,NA
76683,開濬閩江,61,NA,NA
76693,浙江紹興湯公祠紹蕭段工程處,909,NA,NA
76695,American Locomotive Co.,1387,NA,NA
76697,Baldwin Loco. Co.,1387,NA,NA
76701,浙江測量隊,62,NA,NA
76708,審訂鐵路法規會,NA,NA,NA
76722,昌昱工路工程處,62,NA,NA
76726,鐵路實習,NA,NA,NA
76729,定路綫建築及養路工事,NA,NA,NA
76740,南京衛生署工程組,90,NA,NA
76765,潼川第九區築路處,58984,NA,NA
76780,青島榮青工務所,2331,NA,NA
76783,Virginian Railway,1387,NA,NA
76788,浙江黃岩西江閘工程處,1779,NA,NA
76792,嘉魚第三工程所,68,NA,NA
76801,"Chicago, Burlington and Quincy Railroad",1387,NA,NA
76804,廣西馬路,73,NA,NA
76813,C. & A. R. R.,NA,NA,NA
76815,"Cleveland, Cincinnati, Chicago and St. Louis Railway",1387,NA,NA
76817,上海凌浦局,877,NA,NA
76819,邱縣十方院大清河務局,42002,NA,NA
76830,湖南岳州湘鄂水文站,43098,NA,NA
76845,湖北監利第四工務所,68,NA,NA
76876,河北民政廳技術室,427,NA,NA
76886,Camp Construction Work,NA,NA,NA
76889,Concrete Building Construction,NA,NA,NA
76899,Camp Eustis,76900,NA,NA
76902,山東工河,77,NA,NA
76906,吉黑稽核處,NA,NA,NA
76916,聖得佛鐵路公司,NA,NA,NA
76928,China Realty Co.,877,NA,NA
76932,湖南省立法政學校,67,NA,NA
76936,Army Supply Base,12773,NA,NA
76943,造紙廠,NA,NA,NA
76945,Combustion Engineer,NA,NA,NA
76947,"John Reilly, Co.",75157,NA,NA
76951,University of Pennsylvania,135,NA,NA
76961,John Lucas Paint Works,NA,NA,NA
76964,U. S. Nitrate Plant No. 2,1387,NA,NA
76972,Mount Union College,137,NA,NA
76987,Butterworth-Judson Corporation,1387,NA,NA
76995,Illuminating Engineering & Incandescent Lamps Co.,1387,NA,NA
77000,紐約電燈公司,146,NA,NA
77004,G. B. Co.,NA,NA,NA
77006,Commonwealth Edison Co.,NA,NA,NA
77009,"Shopard & Crane Hoist, Co.",NA,NA,NA
77019,紐約電話局,146,NA,NA
77023,永州長群中學,77025,NA,NA
77033,河南省立善化中學,66,NA,NA
77035,梧州中學,4962,NA,NA
77039,美國奇異公司,1387,NA,NA
77079,湖北省黨部,68,NA,NA
77089,特三區工務局,NA,NA,NA
77095,湖北省政府無綫電台,68,NA,NA
77117,漢口德隆機器公司,2380,NA,NA
77219,武昌省會工程處,1036,NA,NA
77245,Swatow Commercial Junior College,2383,NA,NA
77247,Swatow Academy,2383,NA,NA
77266,Journal of China Electrical Engineering,NA,NA,NA
77282,Canton High Normal School,NA,NA,NA
77291,Hay Foundry and Iron Works,75157,NA,NA
77309,Peiping College of Technology,410,NA,NA
77329,Agricultural Implements Works,1315,NA,NA
77333,Chinese Reconstruction Bureau,NA,NA,NA
77344,Journal of Chinese Engineering Society,NA,NA,NA
77387,Pacific Alkali Co.,5751,NA,NA
77394,Shanghai Iron Works,877,NA,NA
77405,Hwang Pu River Dredging Bureau,NA,NA,NA
77408,Lin-Cheng Coal Mining Co.,63,NA,NA
77415,Hua-Hsin Cotton Mills,427,NA,NA
77419,Chien Hua Corp.,877,NA,NA
77434,P. U. M. C.,410,NA,NA
77436,Fu Hua Trading Co.,877,NA,NA
77442,Palmer & Turner,877,NA,NA
77451,Lam Glines & Co. Inc.,877,NA,NA
77471,Masters & Chase,NA,NA,NA
77474,Southeastern Engineering & Construction Co.,877,NA,NA
77479,Chi Tai Engineering Corp,NA,NA,NA
77497,The Continental Corporation of China,NA,NA,NA
77507,Miki Co.,877,NA,NA
77522,H. K. T. Works. P. N. R. Mukden,511,NA,NA
77524,Chia Ying Chow Middle School,2383,NA,NA
77539,Fairchild Aerial Surveys,NA,NA,NA
77541,Waddell & Hardesty,8693,NA,NA
77545,Tung Ying Co.,877,NA,NA
77557,Chiu-Feng Flour Mills,1664,NA,NA
77562,U-Un,33404,NA,NA
77591,Wellers Manufacturing Co.,NA,NA,NA
77614,Tan Kah Kee & Co.,3099,NA,NA
77622,Mah Jong Restaurant,2037,NA,NA
77656,Theodore E. Ferris,8693,NA,NA
77671,Yen Ching Company,590,NA,NA
77698,Tobacco Tax Administration,NA,NA,NA
77742,Hui Chun Silver Company,NA,NA,NA
77756,Admiralty,NA,NA,NA
77822,原廣州軍區,350,NA,NA
77826,南京農業大學,90,NA,NA
77830,南京市教育局,90,NA,NA
77834,中華人民共和國機械工業部,410,NA,NA
77840,武漢鋼鐵設計研究院,356,NA,NA
77848,成都鐵路局,607,NA,NA
77852,鄭州黃河水利科研所,2496,NA,NA
77858,南京市政公用局,90,NA,NA
77865,中國科學院,NA,NA,NA
77870,上海靜安區教育學院,877,NA,NA
77874,中華人民共和國鐵道部,NA,NA,NA
77883,常熟碧溪中學,807,NA,NA
77887,江蘇省電力建設公司,71,NA,NA
77891,無錫電影膠片廠,1664,NA,NA
77902,中國人民解放軍,NA,NA,NA
77908,武漢第一冶金建設公司,356,NA,NA
77913,南京機床廠,90,NA,NA
77917,上海市寶山縣工農中學,3133,NA,NA
77921,山東省水利勘測研究院,77,NA,NA
77925,原山東省交通廳,77,NA,NA
77929,江蘇省建工局,71,NA,NA
77937,長江流域規劃辦公室,NA,NA,NA
77943,中華人民共和國勞動部,NA,NA,NA
77948,江蘇省公路工程公司,71,NA,NA
77952,中華人民共和國冶金工業部,NA,NA,NA
77957,南京市雨花台中學,90,NA,NA
77969,杭州大學,999,NA,NA
298,Beijing–Hankou Railway 京漢鐵路/平漢鐵路,410,5538,Ministry of Railways 鐵道部
300,Beijing Ministry of Communications 北平交通部,410,2620,Ministry of Communications 交通部
304,Chinese Eastern Railway 東清鐵路/中東鐵路,13060,2620,Ministry of Communications 交通部
376,鐵道部首都鐵路輪渡,90,5538,Ministry of Railways 鐵道部
381,Daye Iron Mines 湖北大冶鐵礦,382,1141,Han Ye Ping Company 湖北漢冶萍公司
384,Hanyang Iron Mines 湖北漢冶萍公司漢陽鐵廠,1120,1141,Han Ye Ping Company 湖北漢冶萍公司
387,Pingxiang Coal Mines 江西萍鄉煤礦,388,1141,Han Ye Ping Company 湖北漢冶萍公司
423,"National Economic Commission, Jianghan Engineering Department 經濟委員會江漢工程局",3114,15566,National Economic Council 全國經濟委員會
470,東北交通委員會無線電,511,510,瀋陽東北交通委員會
505,Beijing–Mukden/Beijing–Liaoning Railway 京奉鐵路/平奉鐵路/北寧鐵路,427,5538,Ministry of Railways 鐵道部
536,Hunan–Guizhou Railway Engineering Department 湘黔鐵路工程局,30588,8287,Hunan–Guizhou Railway 湘黔鐵路
582,上海兵工廠龍華製彈廠,877,1122,Shanghai Munitions Factory 上海兵工廠
584,Nanjing–Shanghai and Shanghai–Hangzhou–Ningbo Railways 京滬滬杭甬鐵路,877,5538,Ministry of Railways 鐵道部
678,Zhejiang–Jiangxi Railway 杭江鐵路/浙贛鐵路,999,5538,Ministry of Railways 鐵道部
759,Gansu–Haizhou Railway 隴海鐵路,2496,5538,Ministry of Railways 鐵道部
816,冀北金礦局,63,26878,冀北金礦
825,NEC Highway Department 全國經濟委員會公路處,90,15566,National Economic Council 全國經濟委員會
940,Beijing–Suiyuan Railway 京張鐵路/京綏鐵路/平綏鐵路,410,5538,Ministry of Railways 鐵道部
1014,General Staff Headquarters 參謀本部,90,642,Military Affairs Commission 軍事委員會
1038,Central Electrical Equipment Factory 資源委員會中央電工器材廠,16722,972,National Resources Commission 資源委員會
1174,Tianjin–Pukou Railway 津浦鐵路,427,5538,Ministry of Railways 鐵道部
1372,資委會昆湖電廠,556,972,National Resources Commission 資源委員會
1403,Nanjing–Shanghai Railway 京滬鐵路,877,5538,Ministry of Railways 鐵道部
1554,財政部兩淮建坨,NA,2416,Ministry of Finance 財政部
1583,平綏鐵路南口機廠及車房,43143,940,Beijing–Suiyuan Railway 京張鐵路/京綏鐵路/平綏鐵路
1587,平綏鐵路北平機務處,410,940,Beijing–Suiyuan Railway 京張鐵路/京綏鐵路/平綏鐵路
1602,National Construction Commission Qishuyan Electric Power Plant 建設委員會戚墅堰電廠,1347,1527,National Construction Commission 建設委員會
1616,南京揚子江水利委員地形測量隊,90,21309,Yangtze River Commission 揚子江水利委員會
1624,Zhengding–Taiyuan Railway 正太鐵路,2992,5538,Ministry of Railways 鐵道部
1646,Taonan–Ang'angxi Railroad 洮昂鐵路,16600,300,Beijing Ministry of Communications 北平交通部
1758,Nanjing Public Works Department 南京市政府工務局,90,17446,南京市政府
1835,鞏縣兵工分廠氯氣廠,1002,20685,Gong County Military Factory 河南鞏縣兵工分廠
1893,Tianjin–Pukou Railway Puzhen Workshop 津浦鐵路浦鎮機廠,90,1174,Tianjin–Pukou Railway 津浦鐵路
2040,Shanghai Telegraph Office 上海電報局,877,2620,Ministry of Communications 交通部
2046,Guangzhou–Hankou Railway 粵漢鐵路,1036,5538,Ministry of Railways 鐵道部
2050,Chinese Engineering and Development Qingdao 靑島大昌實業公司,2331,2048,Chinese Engineering and Development Company 天津大昌實業公司
2098,Beijing (Beiping) Telephone Bureau 北平電話局,410,2620,Ministry of Communications 交通部
2139,National Economic Commission Hydraulics Department 經濟委員會水利處,90,15566,National Economic Council 全國經濟委員會
2250,浙東電力廠,62,2322,Zhejiang Construction Bureau 浙江建設廳
2421,平漢路工務處高邑分,2422,298,Beijing–Hankou Railway 京漢鐵路/平漢鐵路
2565,同蒲鐵路南段,NA,2848,Datong–Puzhou Railway 同蒲鐵路
2581,軍政部理化研究所,NA,1058,Ministry of War 軍政部
2609,Department of War Industries 南京兵工署,90,1058,Ministry of War 軍政部
2673,南京華中營業公司,90,17599,華中營業公司
2752,Bell Telephone Company,2753,34826,Bell Telephone Company
2755,天津西門子洋行,427,2604,Siemens Co.
2772,安徽公路管理處,60,3986,Anhui Highway Department 安徽公路局
2774,NRC Committee on Relocating Steelworks 資委會鋼鐵廠遷建委員會,2380,972,National Resources Commission 資源委員會
2848,Datong–Puzhou Railway 同蒲鐵路,9432,5538,Ministry of Railways 鐵道部
2929,浙江長興煤礦局,2932,9750,長興煤礦
2981,福建建設廳機器修造廠,61,9653,Fujian Construction Bureau 福建建設廳
2991,平漢鐵路石家莊機務分段,2992,298,Beijing–Hankou Railway 京漢鐵路/平漢鐵路
3004,湖北建設廳武昌機廠,1036,532,Hubei Construction Bureau 湖北建設廳
3184,中福礦廠,NA,5668,Zhong Fu Company 河南焦作中福煤礦公司
3231,Nanjing–Jiangxi Railway 京贛鐵路,90,5538,Ministry of Railways 鐵道部
3364,North Yunnan Mining Company 滇北鑛務公司,81,972,National Resources Commission 資源委員會
3429,Nanchang–Jiujiang Railway 南潯鐵路,3265,5538,Ministry of Railways 鐵道部
3565,中東鐵路哈爾濱總機廠,13060,304,Chinese Eastern Railway 東清鐵路/中東鐵路
3569,Central Machine Factory 資源委員會中央機器廠,16722,972,National Resources Commission 資源委員會
3668,Huainan Coal Mining Bureau 淮南煤礦局,3669,1527,National Construction Commission 建設委員會
3690,Beijing–Liaoning Railway Tangshan Workshop 北寧鐵路唐山工廠,445,505,Beijing–Mukden/Beijing–Liaoning Railway 京奉鐵路/平奉鐵路/北寧鐵路
3754,Qingdao Telephone Office 青島電話局,2331,2620,Ministry of Communications 交通部
3791,Fordson Coal Co.,1387,8662,Ford Motor Mfg. Co. 福特公司
3992,Wuhan Telephone Bureau 交通部武漢電話局,356,2620,Ministry of Communications 交通部
4039,Central Aircraft Manufacturing Company Nanchang 中央南昌飛機製造廠,522,16700,Central Aircraft Manufacturing Company 中央杭州飛機製造廠
4070,交通部首都電話局,90,2620,Ministry of Communications 交通部
4101,浙江公路局麗水第四區管理處,2253,1420,Zhejiang Highway Department 浙江公路局
4214,河北井陘煤礦,632,972,National Resources Commission 資源委員會
4221,NRC Nantong Coal Mine 資源委員會南桐煤礦,4222,972,National Resources Commission 資源委員會
4264,資委會新電廠,NA,972,National Resources Commission 資源委員會
4283,Ford Trade School,17289,8662,Ford Motor Mfg. Co. 福特公司
4377,Chinese Government Radio Administration 交通部國際電台,NA,2620,Ministry of Communications 交通部
4432,壬申製造廠第二廠,NA,19181,壬申製造廠
4438,江蘇建設廳公路局,71,1025,Jiangsu Construction Bureau 江蘇建設廳
4470,京滬鐵路上海段,877,1403,Nanjing–Shanghai Railway 京滬鐵路
4602,交通部上海電信機械製造廠,877,15139,Nanjing Ministry of Communications 交通部
4642,Tianjin Telegraph Office 交通部天津電報局,427,2620,Ministry of Communications 交通部
4745,上海華中營業公司,877,17599,華中營業公司
4806,浙江公路局修車廠,62,1420,Zhejiang Highway Department 浙江公路局
4823,資委會彭縣銅礦,4824,972,National Resources Commission 資源委員會
4839,允元建築公司,NA,20533,"Lam, Glines & Co 天津允元實業公司"
4959,廣西建設廳交通處,73,1021,Guangxi Engineering Department 廣西建設廳
4999,廣西省政府水利工程處,73,8376,Guangxi Provincial Government 廣西省政府
5040,沙面交通部電報局,9975,2620,Ministry of Communications 交通部
5049,交通部廣州,350,2620,Ministry of Communications 交通部
5103,無錫申新第三紡織公司 (申新第三紗廠/申新三廠),1664,14769,Sung Sing Cotton Mills 申新紡織廠
5202,Beijing Jiaotong University 北京交通大學/ 北平交通大學,410,2620,Ministry of Communications 交通部
5413,Pinggui Mining Affairs Bureau 平桂礦務局,5414,972,National Resources Commission 資源委員會
5439,Standard Oil Hankou 漢口美孚洋行,2380,11335,Standard Oil 美孚洋行
5491,安徽官礦督辦處水來輕便鐵道水東局,60,35023,安徽官礦督辦處
5497,上海銀行南京分行,90,1326,上海銀行
5501,上海交通部,877,2620,Ministry of Communications 交通部
5515,鞏縣兵工廠鋼鐵,1002,16389,鞏縣兵工廠
5522,蚌埠淮南煤礦局,1028,3668,Huainan Coal Mining Bureau 淮南煤礦局
5535,Shanghai Jiaotong University 南洋大學/交通大學,877,2620,Ministry of Communications 交通部
5542,Chuchow Workshop 株州機廠籌備處,5544,2046,Guangzhou–Hankou Railway 粵漢鐵路
5552,湖北六河溝煤礦公司,68,22920,Liuhegou Coal Mine Company 六河溝煤礦公司
5802,Sichuan–Hankou Railway 川漢鐵路,2380,2620,Ministry of Communications 交通部
5805,湖北官礦公署,68,5805,湖北官礦公署
5820,兵工署彈道研究,NA,2609,Department of War Industries 南京兵工署
5893,Tianjin Telephone Bureau 天津電話局,427,2620,Ministry of Communications 交通部
6254,鎢業管理處鎢礦,NA,18754,NRC Tungsten Supervision Department 資委會鎢業管理處
6381,Chinese Telegraph Administration 交通部電政總局,90,15139,Nanjing Ministry of Communications 交通部
6385,Hunan–Guangxi Railway 湘桂鐵路,459,5538,Ministry of Railways 鐵道部
6458,Chinese Engineering and Development Nanchang 大昌公司,522,2048,Chinese Engineering and Development Company 天津大昌實業公司
6542,兵工專門學校,NA,1058,Ministry of War 軍政部
6597,交通部世界通信局,NA,300,Beijing Ministry of Communications 北平交通部
6691,南昌航空委員會,522,4691,National Aviation Committee 航空委員會
6790,Zhuzhou–Qinzhou Railway 株欽鐵路,30588,300,Beijing Ministry of Communications 北平交通部
6994,貴州礦務局,75,972,National Resources Commission 資源委員會
7406,Cangzhou–Shijiazhuang Railway 滄石鐵路,2992,2620,Ministry of Communications 交通部
7555,Bureau of Measurements 實業部全國度量衡局,90,5204,Ministry of Industry 實業部
7629,Shanghai–Hangzhou–Ningbo Railway 滬杭甬鐵路,877,584,Nanjing–Shanghai and Shanghai–Hangzhou–Ningbo Railways 京滬滬杭甬鐵路
8080,Hunan–Hubei Railway 湘鄂鐵路/粵漢鐵路湘鄂段,2380,2046,Guangzhou–Hankou Railway 粵漢鐵路
8150,岷江電廠籌備處,1434,9106,岷江電廠
8287,Hunan–Guizhou Railway 湘黔鐵路,30588,5538,Ministry of Railways 鐵道部
8335,福建公路總工程處,61,6430,福建公路
8867,四川財政特派員公署,1434,2416,Ministry of Finance 財政部
8909,浦信鐵路工程局,NA,2453,浦信鐵路
8911,交通部鐵路聯運事務處,NA,2620,Ministry of Communications 交通部
8957,武漢分校武漢分校工程,NA,3972,Central Military Academy 中央陸軍軍官學校
9011,德國紅土廠 Rothe Erde,121,8129,德國克虜伯鋼鐵廠
9018,湖北漢冶萍公司大冶鐵廠,382,1141,Han Ye Ping Company 湖北漢冶萍公司
9170,無線電報房,877,2040,Shanghai Telegraph Office 上海電報局
9202,揚莊活動壩工程局,NA,5424,Huai River Water Conservancy 導淮委員會
9228,漢口特三區市政管理局,2380,9227,Ministry of Foreign Affairs 外交部
9253,鎢礦官局,NA,3679,北平陸軍部
9258,觀都金礦局機器試驗場長,NA,9257,觀都金礦局
9269,韓浦工務段,NA,9268,浦津鐵路
9280,駐五辦公處,NA,2792,綏遠五原屯墾督辦公署
9336,Chinese Engineering and Development Shanghai 上海大昌實業公司,877,2048,Chinese Engineering and Development Company 天津大昌實業公司
9453,煙台海壩工程會,6947,31435,煙台海壩
9571,同蒲鐵路北段,NA,2848,Datong–Puzhou Railway 同蒲鐵路
9667,西南公路局,NA,15566,National Economic Council 全國經濟委員會
9684,交通部上海航政局,877,2620,Ministry of Communications 交通部
9711,長途電話省交換所,71,1025,Jiangsu Construction Bureau 江蘇建設廳
9903,軍政部應用化學研究所,NA,1058,Ministry of War 軍政部
9969,交通部廣州無線電總台,350,2620,Ministry of Communications 交通部
9971,交通部廈門無線電總台,886,2620,Ministry of Communications 交通部
9972,交通部吳淞電台,7212,2620,Ministry of Communications 交通部
9974,交通部崇明等處電台,1256,2620,Ministry of Communications 交通部
10093,平綏鐵路工務段,NA,940,Beijing–Suiyuan Railway 京張鐵路/京綏鐵路/平綏鐵路
10125,廣西電力廠桂林分廠,4238,8045,廣西電力廠
10210,Zhejiang–Jiangxi Railway Nanchang–Pingxiang Section 浙贛鐵路南萍段,522,678,Zhejiang–Jiangxi Railway 杭江鐵路/浙贛鐵路
10225,平桂礦務局西灣煤礦,73908,5413,Pinggui Mining Affairs Bureau 平桂礦務局
10344,北平市政府河道管理處,410,925,Beijing Municipal Government 北平市政府
10382,交通部上海海岸電台,877,2620,Ministry of Communications 交通部
10387,廣州中國電氣公司,350,6643,China Electric 上海中國電氣公司
10469,南潯鐵路管理局,3265,3429,Nanchang–Jiujiang Railway 南潯鐵路
10621,津浦鐵路機務處,NA,1174,Tianjin–Pukou Railway 津浦鐵路
10676,平漢鐵路江岸機器廠,1981,298,Beijing–Hankou Railway 京漢鐵路/平漢鐵路
10691,浙江建設人員養成所,62,2322,Zhejiang Construction Bureau 浙江建設廳
10719,中央電氣試驗所,NA,1527,National Construction Commission 建設委員會
10721,NCC Electrical Machinery Factory 建委會電機製造廠,877,1527,National Construction Commission 建設委員會
10749,京奉鐵路通遼工務段,NA,505,Beijing–Mukden/Beijing–Liaoning Railway 京奉鐵路/平奉鐵路/北寧鐵路
10757,浙贛鐵路工程處,NA,678,Zhejiang–Jiangxi Railway 杭江鐵路/浙贛鐵路
10788,Beijing–Liaoning Railway Tangshan Machine Factory 北寧鐵路唐山機廠,445,505,Beijing–Mukden/Beijing–Liaoning Railway 京奉鐵路/平奉鐵路/北寧鐵路
10791,Qingdao–Jinan Railway Sifang Locomotive & Rolling Stock 膠濟鐵路四方機廠,2331,503,Qingdao–Jinan Railway 膠濟鐵路
10803,隴海鐵路海州停車廠,9285,759,Gansu–Haizhou Railway 隴海鐵路
10951,中國自動電話公司遼寧分公司,NA,22974,中國自動電話公司
11162,Siemens 電氣廠,432,2604,Siemens Co.
11194,交通部無線電台,NA,2620,Ministry of Communications 交通部
11247,兵工署理化研究所,NA,2609,Department of War Industries 南京兵工署
11251,兵工署技術司設計處,NA,28441,Department of War Industries Technology Department 兵工署技術司
11258,Beijing–Suiyuan Railway Nankou Workshop 平綏鐵路南口機廠,43143,940,Beijing–Suiyuan Railway 京張鐵路/京綏鐵路/平綏鐵路
11260,粵漢鐵路運輸處,NA,2046,Guangzhou–Hankou Railway 粵漢鐵路
11271,Zhejiang–Jiangxi Railway Gan River Bridge Engineering Department 浙贛鐵路贛江橋工處,999,678,Zhejiang–Jiangxi Railway 杭江鐵路/浙贛鐵路
11324,杭州中央飛機製造廠檢驗部,999,3814,杭州中央飛機製造廠
11347,中央研究院物理研究所,NA,28818,Academia Sinicia 南京中央研究院
11385,導淮入海工程處,71,1025,Jiangsu Construction Bureau 江蘇建設廳
11436,航空委員會韶關製造廠,5707,4691,National Aviation Committee 航空委員會
11469,資委會龍溪河水力發電廠,NA,972,National Resources Commission 資源委員會
11484,交通部技術室,NA,2620,Ministry of Communications 交通部
11486,天津無綫電總台,427,2620,Ministry of Communications 交通部
11488,開灤礦務局總電廠,NA,3149,Chinese Engineering and Mining Company 開灤礦務局
11611,安徽淮南煤礦公司,3669,13856,淮南煤礦
11619,平桂礦務局上林金礦,11622,5413,Pinggui Mining Affairs Bureau 平桂礦務局
11627,山東建設廳無線電管理處,77,778,Shandong Construction Bureau 山東建設廳
11740,京滬鐵路吳淞機廠,7212,1403,Nanjing–Shanghai Railway 京滬鐵路
11764,資源委員會自流井電廠,NA,972,National Resources Commission 資源委員會
11894,鐵道部建設司,NA,5538,Ministry of Railways 鐵道部
11898,建委會首都電廠,NA,1527,National Construction Commission 建設委員會
11919,正太鐵路機廠,NA,1624,Zhengding–Taiyuan Railway 正太鐵路
12200,鐵道部工機車料委員會,NA,5538,Ministry of Railways 鐵道部
12207,交通部廣州航政局,NA,2620,Ministry of Communications 交通部
12334,綏遠華洋義賑會,96,21508,China International Famine Relief Commission 中國華洋義賑救災總會
12341,北寧鐵路皇姑屯,12342,505,Beijing–Mukden/Beijing–Liaoning Railway 京奉鐵路/平奉鐵路/北寧鐵路
12359,戚墅堰機廠,1347,5538,Ministry of Railways 鐵道部
12402,北平研究院化學研究所,410,2845,北平研究院
12489,交通部九省長途電話工程處,NA,300,Beijing Ministry of Communications 北平交通部
12493,福建電政管理局,61,2620,Ministry of Communications 交通部
12495,南京交通部供應委員會,90,15139,Nanjing Ministry of Communications 交通部
12521,財政部山西統稅楡次查驗所,76,2416,Ministry of Finance 財政部
12525,太原西北實業公司煉鋼廠,726,863,Northwest Industrial Company 太原西北實業公司
12560,建委會廈門短波無線電台,886,1527,National Construction Commission 建設委員會
12592,廣西省政府技術室,73,8376,Guangxi Provincial Government 廣西省政府
12605,江蘇建設廳蘇北濱海,6736,1025,Jiangsu Construction Bureau 江蘇建設廳
12630,北平市政府衞生局,410,925,Beijing Municipal Government 北平市政府
12658,Zhong Fu Joint Office 中福兩公司聯合辦事處,3074,5668,Zhong Fu Company 河南焦作中福煤礦公司
12672,滬杭甬鐵路閘口車房,5637,7629,Shanghai–Hangzhou–Ningbo Railway 滬杭甬鐵路
12674,滬杭甬鐵路上北車房,NA,7629,Shanghai–Hangzhou–Ningbo Railway 滬杭甬鐵路
12733,成渝鐵路工程局,1270,2681,Chengdu–Chongqing Railway 成渝鐵路
12776,永利化學工業公司錏廠,NA,3798,永利化學工業公司
12781,北寧鐵路唐山製造廠,445,505,Beijing–Mukden/Beijing–Liaoning Railway 京奉鐵路/平奉鐵路/北寧鐵路
12833,津浦鐵路工務處駐津辦事處,427,1174,Tianjin–Pukou Railway 津浦鐵路
12875,湖北公路工程處,68,20628,湖北公路局
12882,湘黔鐵路長沙轉運所,590,8287,Hunan–Guizhou Railway 湘黔鐵路
12907,國民革命軍無線電製造廠,NA,5126,國民革命軍
12925,滬杭甬鐵路杭曹段工程處,877,7629,Shanghai–Hangzhou–Ningbo Railway 滬杭甬鐵路
12949,資委會青島電廠,2331,972,National Resources Commission 資源委員會
12982,交通部全國鐵路路線審查委員會,NA,2620,Ministry of Communications 交通部
13066,建委會無綫電機製造廠,NA,1527,National Construction Commission 建設委員會
13144,滬杭甬鐵路閘口機廠,5637,7629,Shanghai–Hangzhou–Ningbo Railway 滬杭甬鐵路
13205,資委會調查湖南銻礦,67,972,National Resources Commission 資源委員會
13231,Krupp 動力廠,121,8129,德國克虜伯鋼鐵廠
13233,西門子 (Siemens) 透平廠,121,2604,Siemens Co.
13235,Borsig GmbH 鍋鐵廠,121,13237,Borsig GmbH
13262,京滬鐵路上海電廠,877,1403,Nanjing–Shanghai Railway 京滬鐵路
13341,湖北水利局鍾祥堤工程處,68,3111,湖北水利局
13466,兵工署百水橋研究所,NA,2609,Department of War Industries 南京兵工署
13537,襄河路第一區防汛處,NA,13537,襄河路第一區防汛處
13548,江西水利局工程處,70,5599,Jiangxi Hydraulic Department 南昌江西水利局
13569,湖北官礦督辦公署,68,5805,湖北官礦公署
13576,湖北象鼻山鐵礦管理處,NA,7879,湖北象鼻山鐵礦
13603,交通部技術委員會,NA,2620,Ministry of Communications 交通部
13609,鐵道部技術標準審訂委員會,90,5538,Ministry of Railways 鐵道部
13612,鐵道部技監室,90,5538,Ministry of Railways 鐵道部
13626,Gansu–Haizhou Railway Tongguan–Xi'an Section 隴海鐵路潼西段,39992,759,Gansu–Haizhou Railway 隴海鐵路
13632,上海交通部電報機器廠,877,5501,上海交通部
13636,武漢行營交通分處,356,13635,武漢行營
13638,軍政部軍事交通機械修造廠,NA,1058,Ministry of War 軍政部
13647,東北礦務局八道壕煤礦,NA,10970,東北礦務局
13651,冀北金礦公司,63,26878,冀北金礦
13720,浙江公路平嘉段工程,62,13720,浙江公路平嘉段工程
13810,鐵道部中央材料試驗廳,NA,5538,Ministry of Railways 鐵道部
13833,江蘇建設廳阜寧縣城鄉電話,342,1025,Jiangsu Construction Bureau 江蘇建設廳
13932,交通水利機械製造廠,77,778,Shandong Construction Bureau 山東建設廳
13981,西蘭公路工務所,NA,39352,經濟委員會西蘭公路
14011,隴海鐵路工務總段,NA,759,Gansu–Haizhou Railway 隴海鐵路
14087,平綏路局工務處,NA,7659,平綏路
14093,東北電信管理處,NA,4640,東北電信
14097,交通部熱察綏蒙電政管理局,NA,2620,Ministry of Communications 交通部
14129,資委會鎢鐵廠籌備委員會,NA,972,National Resources Commission 資源委員會
14131,州省政府梵靜山金礦試採工程處,75,14131,州省政府梵靜山金礦試採工程處
14141,浙江建設廳風景整理建設委員會,62,2322,Zhejiang Construction Bureau 浙江建設廳
14143,滬杭甬鐵路杭曹段,999,7629,Shanghai–Hangzhou–Ningbo Railway 滬杭甬鐵路
14156,交通部無線電管理局,NA,2620,Ministry of Communications 交通部
14168,Tangshan Jiaotong University 唐山工專/交通部唐山工業專校/交通大學唐山學院/交通部唐山大學/唐山大學/唐山交大,445,2620,Ministry of Communications 交通部
14193,同蒲鐵路凌渡機務段,NA,2848,Datong–Puzhou Railway 同蒲鐵路
14201,華北水利委員會桑乾河工程總辦事處,NA,3087,North China Water Conservancy Commission 華北水利委員會
14218,浙贛鐵路湘東橋工處,11648,678,Zhejiang–Jiangxi Railway 杭江鐵路/浙贛鐵路
14253,Zhejiang–Jiangxi Railway Hangzhou–Nanchang Section 浙贛鐵路杭南段分,999,678,Zhejiang–Jiangxi Railway 杭江鐵路/浙贛鐵路
14331,Guangzhou–Hankou Railway Zhuzhou–Shaoguan Section 粵漢鐵路株韶段,459,2046,Guangzhou–Hankou Railway 粵漢鐵路
14418,廣東省政府營工監理委員會,74,14419,廣東省政府
14595,津浦鐵路蚌埠分段,1028,1174,Tianjin–Pukou Railway 津浦鐵路
14653,Tianjin–Pukou Railway Jinan Workshop 津浦鐵路濟南機廠,1177,1174,Tianjin–Pukou Railway 津浦鐵路
14658,交通部技術人員訓練所,NA,2620,Ministry of Communications 交通部
14660,資委會純鐵煉廠,NA,972,National Resources Commission 資源委員會
14669,北寧鐵路山海關橋梁廠,8312,505,Beijing–Mukden/Beijing–Liaoning Railway 京奉鐵路/平奉鐵路/北寧鐵路
14676,中央機器廠籌備處,NA,3569,Central Machine Factory 資源委員會中央機器廠
14752,平漢鐵路工務處江岸修,NA,298,Beijing–Hankou Railway 京漢鐵路/平漢鐵路
14778,中央黨部廣播無綫電台,NA,13658,中央黨部
14884,參謀主部乍潡浦工程處,NA,14884,參謀主部乍潡浦工程處
14886,參謀本部京郊工程處,NA,1014,General Staff Headquarters 參謀本部
14917,隴海鐵路督辦公署,NA,759,Gansu–Haizhou Railway 隴海鐵路
14932,軍委會交通研究委員會,NA,642,Military Affairs Commission 軍事委員會
14935,資委會鎢銻聯合運輸處,NA,972,National Resources Commission 資源委員會
14992,江西公路機械修理廠,NA,3427,江西公路
14994,航空委員會修理工廠,NA,4691,National Aviation Committee 航空委員會
15006,京滬滬杭甬鐵路機務處,NA,584,Nanjing–Shanghai and Shanghai–Hangzhou–Ningbo Railways 京滬滬杭甬鐵路
15009,交通部材料司梧州辦事處,NA,2620,Ministry of Communications 交通部
15071,北寧鐵路瀋陽機廠,511,505,Beijing–Mukden/Beijing–Liaoning Railway 京奉鐵路/平奉鐵路/北寧鐵路
15112,南京無線電台籌備處,90,2180,南京無線電台
15116,交通部國際電信局,90,15139,Nanjing Ministry of Communications 交通部
15139,Nanjing Ministry of Communications 交通部,90,2620,Ministry of Communications 交通部
15165,江蘇溧武公路工賑處,71,15163,江蘇溧武公路
15252,中法大學高中,NA,6474,L'Université Franco-Chinoise 中法大學
15326,上海市工務局閘北區工程管理處,877,3543,Shanghai Public Works Department 上海市工務局
15328,交通部西南公路管理處,NA,2620,Ministry of Communications 交通部
15408,資源委員會礦業處,NA,972,National Resources Commission 資源委員會
15486,資委會甘肅油礦籌備處,69,26156,Gansu Oil Fields 甘肅油礦
15491,上海永安紡織第三廠,877,4011,上海永安紡織公司
15498,浙江工專染色分析染工場,62,11667,浙江工專
15569,導淮委員會工程處,NA,5424,Huai River Water Conservancy 導淮委員會
15585,津浦鐵路工務處,427,1174,Tianjin–Pukou Railway 津浦鐵路
15610,上海允元實業公司,877,20533,"Lam, Glines & Co 天津允元實業公司"
15690,隴海鐵路工程局,NA,759,Gansu–Haizhou Railway 隴海鐵路
15700,東北交通委員會路政處,511,510,瀋陽東北交通委員會
15706,四洮鐵路駐捷克國克斯達工廠,NA,9096,Siping–Taonan Railway 四洮鐵路
15710,南京防空學校兵器學校,90,15710,南京防空學校兵器學校
15712,兵工署光學處,NA,2609,Department of War Industries 南京兵工署
15768,同蒲鐵路管理局,NA,2848,Datong–Puzhou Railway 同蒲鐵路
15801,財政部化驗所,NA,2416,Ministry of Finance 財政部
15836,津浦鐵路北段,NA,1174,Tianjin–Pukou Railway 津浦鐵路
15838,津浦鐵路總段,NA,1174,Tianjin–Pukou Railway 津浦鐵路
15840,津浦鐵路津濟工務段,NA,1174,Tianjin–Pukou Railway 津浦鐵路
15913,平漢路南段辦事處,NA,298,Beijing–Hankou Railway 京漢鐵路/平漢鐵路
15915,交通部鐵路,NA,2620,Ministry of Communications 交通部
15942,上海永安紡織公司第三廠,877,4011,上海永安紡織公司
16006,北寧鐵路山海關工務分段,NA,505,Beijing–Mukden/Beijing–Liaoning Railway 京奉鐵路/平奉鐵路/北寧鐵路
16035,Beijing–Hankou Railway Changxindian Workshop 平漢鐵路長辛店機廠,37572,298,Beijing–Hankou Railway 京漢鐵路/平漢鐵路
16070,上海永安紡織公司第一廠,877,4011,上海永安紡織公司
16076,豫皖綏靖主任公署訓練委員會駐新鄉督察處,NA,18375,豫皖綏靖主任公署
16190,甘川公路蘭秦段工務所,NA,31517,Gansu–Sichuan Highway 甘川公路
16319,隴海鐵路工務處,2496,759,Gansu–Haizhou Railway 隴海鐵路
16331,瀋海鐵路海西支線,NA,2513,Liaoning–Hailong Railway 奉海鐵路/瀋海鐵路
16367,資源委員會川康銅業管理處,95,972,National Resources Commission 資源委員會
16376,京滬滬杭甬鐵路閘口機廠,5637,584,Nanjing–Shanghai and Shanghai–Hangzhou–Ningbo Railways 京滬滬杭甬鐵路
16399,隴海鐵路洛陽機廠,2183,759,Gansu–Haizhou Railway 隴海鐵路
16418,粵漢鐵路株州材料廠,5544,2046,Guangzhou–Hankou Railway 粵漢鐵路
16457,上海電報局收報,877,2040,Shanghai Telegraph Office 上海電報局
16537,震旦大學化學部,877,7740,震旦大學
16540,經濟部礦冶研究所,NA,2474,Ministry of Economy 經濟部
16545,資委會昆明煉銅廠,556,972,National Resources Commission 資源委員會
16618,Shanghai Telephone Bureau 上海閘北電話局,877,2620,Ministry of Communications 交通部
16664,北寧鐵路機務第二總段,NA,505,Beijing–Mukden/Beijing–Liaoning Railway 京奉鐵路/平奉鐵路/北寧鐵路
16674,津浦鐵路工務分段,NA,1174,Tianjin–Pukou Railway 津浦鐵路
16677,津浦鐵路天津總局,427,1174,Tianjin–Pukou Railway 津浦鐵路
16689,Central Radio Factory 資委會中央無線電機製造廠,590,972,National Resources Commission 資源委員會
16693,黃河水利委員會陝縣水文站,29749,716,Yellow River Commission 黃河水利委員會
16734,平漢鐵路信陽機務分段,1490,298,Beijing–Hankou Railway 京漢鐵路/平漢鐵路
16737,浙江建設廳水利股,62,2322,Zhejiang Construction Bureau 浙江建設廳
16768,龍溪河水力發電廠工程處,NA,6638,龍溪河水力發電廠
16827,上海交通部電信學校,NA,5501,上海交通部
16829,上海無線電管理處,NA,2178,上海無線電台
16868,北寧鐵路塘沽工務分段,NA,505,Beijing–Mukden/Beijing–Liaoning Railway 京奉鐵路/平奉鐵路/北寧鐵路
16878,山西大學教授京師職業學校,NA,1571,Shanxi University 山西大學
16894,西北實業公司機車廠,NA,863,Northwest Industrial Company 太原西北實業公司
16911,呼海齊克兩鐵路總辦公署會辦,NA,16911,呼海齊克兩鐵路總辦公署會辦
16914,行政院駐平政整會,NA,32953,行政院
16916,北寧鐵路總務處,NA,505,Beijing–Mukden/Beijing–Liaoning Railway 京奉鐵路/平奉鐵路/北寧鐵路
16963,交通部哈爾濱電話局,13060,2620,Ministry of Communications 交通部
16978,北寧鐵路機務處,NA,505,Beijing–Mukden/Beijing–Liaoning Railway 京奉鐵路/平奉鐵路/北寧鐵路
16980,北寧鐵路機務段,NA,505,Beijing–Mukden/Beijing–Liaoning Railway 京奉鐵路/平奉鐵路/北寧鐵路
17019,粵漢鐵路湘鄂段工務處,2380,8080,Hunan–Hubei Railway 湘鄂鐵路/粵漢鐵路湘鄂段
17023,粵漢鐵路工務分段,NA,2046,Guangzhou–Hankou Railway 粵漢鐵路
17065,國民政府考試院銓敘部,NA,578,國民政府
17103,湖南公路局桃晃段,67,1135,Hunan Highway Bureau 湖南公路局
17111,南潯鐵路工程課,NA,3429,Nanchang–Jiujiang Railway 南潯鐵路
17115,南潯鐵路機務處,3265,3429,Nanchang–Jiujiang Railway 南潯鐵路
17122,平漢鐵路鄭州機務段,2496,298,Beijing–Hankou Railway 京漢鐵路/平漢鐵路
17131,軍委會營房設計委員會代辦公處,NA,1760,軍委會營房設計委員會
17141,正太鐵路石家莊機廠,2992,1624,Zhengding–Taiyuan Railway 正太鐵路
17157,滬杭甬鐵路白沙機廠,NA,584,Nanjing–Shanghai and Shanghai–Hangzhou–Ningbo Railways 京滬滬杭甬鐵路
17184,Henan Committee on Water Administration and Soil Improvement 河南整理水道改良土壤委員會,66,2416,Ministry of Finance 財政部
17233,北寧鐵路技術室,NA,505,Beijing–Mukden/Beijing–Liaoning Railway 京奉鐵路/平奉鐵路/北寧鐵路
17268,京滬鐵路京丹段,NA,1403,Nanjing–Shanghai Railway 京滬鐵路
17270,京滬鐵路京錫工務段,NA,1403,Nanjing–Shanghai Railway 京滬鐵路
17327,平綏鐵路張家口機廠,8012,940,Beijing–Suiyuan Railway 京張鐵路/京綏鐵路/平綏鐵路
17338,平漢鐵路漢口機廠,2380,298,Beijing–Hankou Railway 京漢鐵路/平漢鐵路
17354,湖北建設廳鄂東區武英路,68,532,Hubei Construction Bureau 湖北建設廳
17382,京滬鐵路上北分段,NA,1403,Nanjing–Shanghai Railway 京滬鐵路
17385,京滬鐵路蘇淞段,NA,1403,Nanjing–Shanghai Railway 京滬鐵路
17416,山西雍裕紗廠駐津辦事處,427,17413,山西雍裕紗廠
17425,九江電話局,3265,2620,Ministry of Communications 交通部
17429,太原電話局,726,2620,Ministry of Communications 交通部
17480,平綏鐵路大同機務段,743,940,Beijing–Suiyuan Railway 京張鐵路/京綏鐵路/平綏鐵路
17522,井陘礦務局天津辦事處,427,631,Jingxing Mining Bureau 井陘礦務局
17529,津浦路滄州分段,17530,1174,Tianjin–Pukou Railway 津浦鐵路
17536,京滬鐵路京丹機務,NA,1403,Nanjing–Shanghai Railway 京滬鐵路
17539,京滬滬杭甬鐵路錫滬機務段,NA,584,Nanjing–Shanghai and Shanghai–Hangzhou–Ningbo Railways 京滬滬杭甬鐵路
17634,同濟高級職校,877,4037,Tongji University 同濟大學
17662,交通部天津電話局,427,2620,Ministry of Communications 交通部
17683,北寧鐵路工務處,427,505,Beijing–Mukden/Beijing–Liaoning Railway 京奉鐵路/平奉鐵路/北寧鐵路
17685,京湘鐵路贛湘段,NA,4862,京湘鐵路
17706,隴海鐵路洛陽西機廠,2183,759,Gansu–Haizhou Railway 隴海鐵路
17711,隴海鐵路駐滬轉運所,NA,759,Gansu–Haizhou Railway 隴海鐵路
17734,湖南建設廳地質調查所,67,3125,Hunan Construction Bureau 湖南建設廳
17763,購置委員會,NA,972,National Resources Commission 資源委員會
17817,浙贛鐵路江邊車房,NA,678,Zhejiang–Jiangxi Railway 杭江鐵路/浙贛鐵路
17890,湖南公路局桃里段,67,1135,Hunan Highway Bureau 湖南公路局
17926,Chinese Engineering and Development Fengtian 奉天大昌實業公司,64,2048,Chinese Engineering and Development Company 天津大昌實業公司
17968,橫濱 Ford Motors Co. 工場,17969,8662,Ford Motor Mfg. Co. 福特公司
18004,鐵道部機廠,NA,5538,Ministry of Railways 鐵道部
18007,湘桂路衡桂段,NA,18006,湘桂路
18021,Nanjing–Jiangxi Railway Xuancheng–Guixi Section 京贛鐵路宣貴段,27373,3231,Nanjing–Jiangxi Railway 京贛鐵路
18041,資委會銻業管理處貴州分處,75,18041,資委會銻業管理處貴州分處
18086,兵工署動力廠,NA,2609,Department of War Industries 南京兵工署
18092,Siping–Zhengjiatun Railway 四鄭鐵路,37581,9096,Siping–Taonan Railway 四洮鐵路
18122,北平交通部鐵路,410,300,Beijing Ministry of Communications 北平交通部
18188,江西省政府萍礦管理處,70,18188,江西省政府萍礦管理處
18197,Nanjing–Jiangxi Railway Xuancheng–Guixi Section Engineering Department 京贛鐵路宣貴段工程局,27373,18021,Nanjing–Jiangxi Railway Xuancheng–Guixi Section 京贛鐵路宣貴段
18202,河北怡立煤礦公司機務處,63,22923,河北磁縣怡立煤礦公司
18234,航空委員會製造廠,NA,4691,National Aviation Committee 航空委員會
18247,經濟委員會五金工廠,NA,15566,National Economic Council 全國經濟委員會
18295,軍政部兵工署應用化學研究所,NA,2609,Department of War Industries 南京兵工署
18315,漢口既濟水電公司工務處,2380,2275,Jiji Hydroelectric Company 漢口既濟水電公司
18318,漢口既濟水電公司水務處,NA,2275,Jiji Hydroelectric Company 漢口既濟水電公司
18325,兵工署工廠接收委員會,NA,2609,Department of War Industries 南京兵工署
18380,湖南公路局桃里段工程處,NA,17890,湖南公路局桃里段
18406,交通部漢口航政局,2380,2620,Ministry of Communications 交通部
18417,建委會電氣處,NA,1527,National Construction Commission 建設委員會
18458,建委會上海電機製造廠,877,1527,National Construction Commission 建設委員會
18527,四洮鐵路工程司,NA,9096,Siping–Taonan Railway 四洮鐵路
18535,津浦鐵路韓浦工務總段,NA,1174,Tianjin–Pukou Railway 津浦鐵路
18601,上海申新五廠,877,14769,Sung Sing Cotton Mills 申新紡織廠
18609,鄭州電話局,2496,2620,Ministry of Communications 交通部
18626,首都電話局下關分局,NA,18629,首都電話局
18641,交通部電池廠,NA,2620,Ministry of Communications 交通部
18647,成都航空委員會,607,4691,National Aviation Committee 航空委員會
18754,NRC Tungsten Supervision Department 資委會鎢業管理處,522,972,National Resources Commission 資源委員會
18755,湖北建設廳武英公路局,NA,532,Hubei Construction Bureau 湖北建設廳
18918,平漢鐵路鄭州機廠,2496,298,Beijing–Hankou Railway 京漢鐵路/平漢鐵路
18939,南京建委會短波無線電台,90,1527,National Construction Commission 建設委員會
18941,外交部短波無線電台,NA,9227,Ministry of Foreign Affairs 外交部
19054,粵漢鐵路南段管理局,350,44442,粵漢鐵路南段
19115,建設委員會宣洛煤礦工程處,NA,1527,National Construction Commission 建設委員會
19127,平綏鐵路關溝段,NA,940,Beijing–Suiyuan Railway 京張鐵路/京綏鐵路/平綏鐵路
19129,綏遠民生渠工務所,96,2139,National Economic Commission Hydraulics Department 經濟委員會水利處
19140,正太鐵路機務處,2992,1624,Zhengding–Taiyuan Railway 正太鐵路
19254,西門子無線電修配處,NA,2604,Siemens Co.
19273,平綏路局,NA,7659,平綏路
19294,鐵道部總機廠,90,5538,Ministry of Railways 鐵道部
19304,西門子,NA,2604,Siemens Co.
19375,浙贛鐵路江邊機廠,NA,678,Zhejiang–Jiangxi Railway 杭江鐵路/浙贛鐵路
19450,太原西北實業公司機器廠,726,863,Northwest Industrial Company 太原西北實業公司
19476,平漢鐵路長辛店修理廠,37572,298,Beijing–Hankou Railway 京漢鐵路/平漢鐵路
19506,六河溝煤礦公司煉鐵廠,NA,22920,Liuhegou Coal Mine Company 六河溝煤礦公司
19526,平綏鐵路機務段,410,940,Beijing–Suiyuan Railway 京張鐵路/京綏鐵路/平綏鐵路
19601,Lien Yun Harbor 隴海鐵路連雲港電廠,5141,759,Gansu–Haizhou Railway 隴海鐵路
19719,山東省政府駐京無線電台,410,13936,山東省政府
19749,實業部礦業司,NA,5204,Ministry of Industry 實業部
19750,本溪煤礦局採礦部,8508,19740,本溪煤礦局
19805,西北實業公司皮革製作廠,NA,863,Northwest Industrial Company 太原西北實業公司
19814,焦作中福公司第二礦廠,3074,5668,Zhong Fu Company 河南焦作中福煤礦公司
19846,西北實業公司火柴廠,NA,863,Northwest Industrial Company 太原西北實業公司
19861,西北實業公司機械廠,NA,863,Northwest Industrial Company 太原西北實業公司
19863,太原晉綏軍無線電信局電機製造廠,726,19863,太原晉綏軍無線電信局電機製造廠
19872,中福聯合辦事處工務處,NA,12658,Zhong Fu Joint Office 中福兩公司聯合辦事處
19887,華陰兵工廠潼關分廠,3447,3446,華陰兵工廠
19932,湖南建設廳水利委員會,67,3125,Hunan Construction Bureau 湖南建設廳
19936,湖南建設廳疏河工程處,67,3125,Hunan Construction Bureau 湖南建設廳
19940,湖南建設廳水道測量隊,67,3125,Hunan Construction Bureau 湖南建設廳
19943,湘黔鐵路設計課,NA,8287,Hunan–Guizhou Railway 湘黔鐵路
20013,Shanghai Telephone Bureau 交通部上海電話局,877,15139,Nanjing Ministry of Communications 交通部
20022,浙贛鐵路玉南段,NA,678,Zhejiang–Jiangxi Railway 杭江鐵路/浙贛鐵路
20062,首都電話北分局,NA,18629,首都電話局
20091,北洋工學院機械系,NA,2025,Beiyang University/Beiyang Technical Institute 北洋大學/北洋工學院
20096,京滬滬杭甬鐵路工務處,NA,584,Nanjing–Shanghai and Shanghai–Hangzhou–Ningbo Railways 京滬滬杭甬鐵路
20104,北寧鐵路山海關分段,8312,505,Beijing–Mukden/Beijing–Liaoning Railway 京奉鐵路/平奉鐵路/北寧鐵路
20221,北寧鐵路豐台機務段,410,505,Beijing–Mukden/Beijing–Liaoning Railway 京奉鐵路/平奉鐵路/北寧鐵路
20243,京滬鐵路工務處京錫段,NA,1403,Nanjing–Shanghai Railway 京滬鐵路
20246,航委會第四處,NA,20246,航委會第四處
20263,京滬鐵路張華浜廠,NA,1403,Nanjing–Shanghai Railway 京滬鐵路
20285,太原西北實業公司機車廠,726,863,Northwest Industrial Company 太原西北實業公司
20301,山東建設廳小清河工程局,77,778,Shandong Construction Bureau 山東建設廳
20345,河南河務局沁陽西沁河務分局局,66,687,Henan River Bureau 河南河務局
20442,同蒲鐵路平磧工務總段,NA,2848,Datong–Puzhou Railway 同蒲鐵路
20450,廣東工務司水利課,74,20450,廣東工務司水利課
20457,交通部鐵路技術委員會,NA,15915,交通部鐵路
20462,南口機廠機械正,43143,11258,Beijing–Suiyuan Railway Nankou Workshop 平綏鐵路南口機廠
20644,西北實業公司製造廠,726,863,Northwest Industrial Company 太原西北實業公司
20711,Qiqihar–Keshan Railway 齊克鐵路,65,20711,Qiqihar–Keshan Railway 齊克鐵路
20727,西北鍊鋼廠鍊鐵部,NA,5156,太原西北鍊鋼廠
21270,太原西北鍊鋼廠鋼鐵部,726,5156,太原西北鍊鋼廠
21309,Yangtze River Commission 揚子江水利委員會,90,2620,Ministry of Communications 交通部
21343,海軍第三艦隊,NA,16095,海軍部
21391,隴海鐵路汴洛機廠,2496,759,Gansu–Haizhou Railway 隴海鐵路
21412,軍政部營造司,NA,1058,Ministry of War 軍政部
21432,Post & McCord 建築公司,NA,985,American Bridge Co.
21449,隴海鐵路機務處,NA,759,Gansu–Haizhou Railway 隴海鐵路
21483,北寧鐵路號誌工程處,NA,505,Beijing–Mukden/Beijing–Liaoning Railway 京奉鐵路/平奉鐵路/北寧鐵路
21505,漢口交通部,2380,2620,Ministry of Communications 交通部
21597,"Kailan Mining Administration, Shanghai Office",877,3149,Chinese Engineering and Mining Company 開灤礦務局
21622,北寧鐵路號誌所,NA,505,Beijing–Mukden/Beijing–Liaoning Railway 京奉鐵路/平奉鐵路/北寧鐵路
21637,Chinese Engineering and Development Guangzhou 大昌實業公司,350,2048,Chinese Engineering and Development Company 天津大昌實業公司
21820,上海工部局電氣廠,877,6577,上海工部局
21883,廣西容蒼公路梧州工務局,4962,21881,廣西容蒼公路
21914,建委會無綫電管理處,NA,1527,National Construction Commission 建設委員會
21917,湖南廣播電台籌備處,67,61909,湖南廣播電台
21945,山西工專電機工廠,76,3518,Shanxi Polytechnical College 山西工業專校
21953,安徽建設廳蕪宣輕便鐵路,60,1143,Anhui Construction Bureau 安徽建設廳
21977,津浦鐵路工務處津韓總段,NA,1174,Tianjin–Pukou Railway 津浦鐵路
21980,道清鐵路漢孟支路,NA,10434,Daokou–Qinghua Railway 道清鐵路
21992,平漢鐵路道清支線工務段,NA,298,Beijing–Hankou Railway 京漢鐵路/平漢鐵路
21994,道楚支線新工段,NA,298,Beijing–Hankou Railway 京漢鐵路/平漢鐵路
21999,浙江水利局鹽平段海塘工程處,NA,788,Zhejiang Water Conservancy 浙江水利局
22013,鐵道部龍烟鐵礦,NA,5538,Ministry of Railways 鐵道部
22028,軍政部軍用無線電台管理局,NA,1058,Ministry of War 軍政部
22056,鐵道部工務司,NA,5538,Ministry of Railways 鐵道部
22083,山西大學電工系,726,1571,Shanxi University 山西大學
22116,實業部工廠,NA,5204,Ministry of Industry 實業部
22139,太原西北實業公司鑄造廠,726,863,Northwest Industrial Company 太原西北實業公司
22150,太原西北實業公司裝造廠,726,863,Northwest Industrial Company 太原西北實業公司
22157,南滿鐵路大連工廠,1940,7421,South Manchuria Railway 南滿鐵路
22189,中國電氣公司製造廠,877,6643,China Electric 上海中國電氣公司
22204,洮昂鐵路工務處,NA,1646,Taonan–Ang'angxi Railroad 洮昂鐵路
22220,江蘇建設廳公路處,71,1025,Jiangsu Construction Bureau 江蘇建設廳
22264,鐵道部新路建設委員會,NA,5538,Ministry of Railways 鐵道部
22298,中央黨部組織部,NA,13658,中央黨部
22330,航空委員會無線電機修造廠,NA,4691,National Aviation Committee 航空委員會
22410,南桐煤礦採煤組,4222,4221,NRC Nantong Coal Mine 資源委員會南桐煤礦
22427,太原兵工廠電氣廠,726,857,Taiyuan Munitions Factory 太原兵工廠
22450,建委會甲種學,NA,1527,National Construction Commission 建設委員會
22470,兵工署研究委員會,NA,2609,Department of War Industries 南京兵工署
22507,航空委員會無綫電修造廠,NA,4691,National Aviation Committee 航空委員會
22602,招商局新豐輪,NA,11892,招商局
22628,交通部電信機料造廠,NA,2620,Ministry of Communications 交通部
22657,京滬鐵路電廠,NA,1403,Nanjing–Shanghai Railway 京滬鐵路
22663,建委會灌溉管理局,NA,1527,National Construction Commission 建設委員會
22678,呼海鐵路機廠,NA,414,Hulan–Hailun Railway 呼海鐵路
22688,交通部北平無線電總台,410,2620,Ministry of Communications 交通部
22701,南通大生副廠,562,18120,南通大生第一紡織公司
22707,上海申新第七紡織廠,877,14769,Sung Sing Cotton Mills 申新紡織廠
22719,浙江大學電機系,NA,2501,Zhejiang University 浙江大學
22723,中央大學工學院,NA,1541,Central University 中央大學
22735,實業部國營鋼鐵籌備委員會,NA,5204,Ministry of Industry 實業部
22737,Bureau of Industrial Research 實業部中央工業試驗所,90,5204,Ministry of Industry 實業部
22767,軍政部上海煉鋼廠,877,1058,Ministry of War 軍政部
22923,河北磁縣怡立煤礦公司,5287,30140,河北磁縣怡立煤礦
22956,上海工部局電氣處,877,6577,上海工部局
22959,上海工部局工務處,877,6577,上海工部局
22993,財政部稅則委員會,NA,2416,Ministry of Finance 財政部
23008,京贛鐵路贛境工程處,NA,3231,Nanjing–Jiangxi Railway 京贛鐵路
23043,湘黔區電廠工程處,NA,22452,湘黔區電廠
23048,湘滇鐵路台運支路,NA,23047,湘滇鐵路
23065,山東全省汽車路管理局濟南車機廠,1177,27156,山東汽車路管理局
23177,Tianshui–Chengdu Railway 天成鐵路,607,15139,Nanjing Ministry of Communications 交通部
23183,CIFRC Minsheng Canal 華洋義賑會綏遠民生渠,96,21508,China International Famine Relief Commission 中國華洋義賑救災總會
23223,平綏鐵路機務處,410,940,Beijing–Suiyuan Railway 京張鐵路/京綏鐵路/平綏鐵路
23284,江南製造局兵工學校,14716,15068,江南製造局
23304,平漢鐵路張家口機務股,8012,298,Beijing–Hankou Railway 京漢鐵路/平漢鐵路
23320,河南洛潼公路盧閿段,66,11034,河南洛潼公路
23380,平綏鐵路張垣機廠,410,940,Beijing–Suiyuan Railway 京張鐵路/京綏鐵路/平綏鐵路
23418,交通部電政材料司,NA,6381,Chinese Telegraph Administration 交通部電政總局
23431,資委會高坑煤礦,NA,972,National Resources Commission 資源委員會
23470,津浦鐵路工務處徐州分段,4492,15585,津浦鐵路工務處
23483,交通大學電機學院,NA,5535,Shanghai Jiaotong University 南洋大學/交通大學
23486,交通大學工學院,NA,5535,Shanghai Jiaotong University 南洋大學/交通大學
23504,中央電工器材廠籌備委員會,NA,1038,Central Electrical Equipment Factory 資源委員會中央電工器材廠
23521,津浦鐵路機務處電廠,427,1174,Tianjin–Pukou Railway 津浦鐵路
23619,Shanxi–Suiyuan Conscript Highway Headquarters 太原晉綏兵工築路總指揮部,726,33240,晉綏兵工築路
23674,工商部國民製糖公司整理處,NA,18727,工商部
23677,上海申新第九紡織廠,877,14769,Sung Sing Cotton Mills 申新紡織廠
23680,中央軍官學校洛陽分校電廠,NA,2017,中央軍官學校
23696,資源委員會四川油礦探勘處,1434,972,National Resources Commission 資源委員會
23718,京漢鐵路工務處,NA,298,Beijing–Hankou Railway 京漢鐵路/平漢鐵路
23720,京漢鐵路京熱路綫,NA,298,Beijing–Hankou Railway 京漢鐵路/平漢鐵路
23722,京漢鐵路周郾路綫,NA,298,Beijing–Hankou Railway 京漢鐵路/平漢鐵路
23724,京漢鐵路德石路綫,NA,298,Beijing–Hankou Railway 京漢鐵路/平漢鐵路
23726,京漢鐵路滄石路綫,NA,298,Beijing–Hankou Railway 京漢鐵路/平漢鐵路
23737,隴海鐵路西段工程局,2496,759,Gansu–Haizhou Railway 隴海鐵路
23876,經委會中央棉產改進所,NA,15566,National Economic Council 全國經濟委員會
23933,Ministry of Foreign Affairs Wuchang 武昌外交部,1036,9227,Ministry of Foreign Affairs 外交部
23945,Beijing Ministry of Finance 北京財政部,410,2416,Ministry of Finance 財政部
23950,B. T .H. 廠 (British Thomson-Houston),23951,1339,General Electric
24008,河南洛潼公路橋涵工程處,66,11034,河南洛潼公路
24030,軍政部北平製呢廠,410,1058,Ministry of War 軍政部
24111,交通部揚州電話局,90,15139,Nanjing Ministry of Communications 交通部
24134,正太鐵路工務處,NA,1624,Zhengding–Taiyuan Railway 正太鐵路
24141,粵漢鐵路株韶工程局,8091,14331,Guangzhou–Hankou Railway Zhuzhou–Shaoguan Section 粵漢鐵路株韶段
24179,Siemens 西門子洋行,1072,2604,Siemens Co.
24227,鐵道部購料委員會,90,5538,Ministry of Railways 鐵道部
24255,資委會銻業管理處,NA,972,National Resources Commission 資源委員會
24257,Chinese Engineering and Development Mukden 瀋陽大昌實業公司,511,2048,Chinese Engineering and Development Company 天津大昌實業公司
24271,膠濟鐵路工務處,2331,503,Qingdao–Jinan Railway 膠濟鐵路
24305,平綏鐵路南口機廠江南汽車公司,14716,11258,Beijing–Suiyuan Railway Nankou Workshop 平綏鐵路南口機廠
24310,資委會新電廠工程處,NA,4264,資委會新電廠
24316,浙贛鐵路玉山車房,802,678,Zhejiang–Jiangxi Railway 杭江鐵路/浙贛鐵路
24344,安徽饅頭山煤礦協記公司,60,5550,安徽饅頭山煤礦
24369,西門子電機廠,NA,2604,Siemens Co.
24483,上海兵工廠礮彈廠,877,1122,Shanghai Munitions Factory 上海兵工廠
24500,京滬鐵路機務處,877,1403,Nanjing–Shanghai Railway 京滬鐵路
24572,山東建設廳濬河工程處,77,778,Shandong Construction Bureau 山東建設廳
24607,津浦鐵路津濟工務總段,NA,1174,Tianjin–Pukou Railway 津浦鐵路
24631,浙贛鐵路理事會,62,678,Zhejiang–Jiangxi Railway 杭江鐵路/浙贛鐵路
24690,交通部國際無線電台,877,2620,Ministry of Communications 交通部
24695,交通部雲南電政管理局,81,2620,Ministry of Communications 交通部
24698,長途電話營業處,NA,2620,Ministry of Communications 交通部
24714,鹽務稽核所山東建坨委員會,77,24715,鹽務稽核所
24732,交通部滬福幹綫工務處,NA,2620,Ministry of Communications 交通部
24751,軍政部華陰兵工廠,3447,1058,Ministry of War 軍政部
24766,太原西北實業公司煤礦第一廠,726,863,Northwest Industrial Company 太原西北實業公司
24776,粵漢鐵路株州機廠,5544,2046,Guangzhou–Hankou Railway 粵漢鐵路
24833,國民革命軍總司令部,NA,5126,國民革命軍
24835,建委會寧波無線電台,1736,1527,National Construction Commission 建設委員會
24837,京滬滬杭甬鐵路杭甬機務段,877,584,Nanjing–Shanghai and Shanghai–Hangzhou–Ningbo Railways 京滬滬杭甬鐵路
24894,長沙市政籌備處,590,22343,長沙市政府
24923,西安煤礦公司,2596,13649,西安煤礦
24985,東京鐵道局大宮工場,24986,24987,東京鐵道局
24989,北寧鐵路皇姑屯機廠,12342,505,Beijing–Mukden/Beijing–Liaoning Railway 京奉鐵路/平奉鐵路/北寧鐵路
25026,實業部地質調查所,NA,5204,Ministry of Industry 實業部
25060,西北實業公司煉鐵部,NA,863,Northwest Industrial Company 太原西北實業公司
25152,四洮鐵路機務課,NA,9096,Siping–Taonan Railway 四洮鐵路
25155,江西工專機械工廠,70,2170,Jiangxi Polytechnical College 江西工業專門學校
25213,浙贛鐵路南萍工務第二段,NA,678,Zhejiang–Jiangxi Railway 杭江鐵路/浙贛鐵路
25248,鐵道部駐美,1387,5538,Ministry of Railways 鐵道部
25260,膠濟鐵路工務分段,NA,503,Qingdao–Jinan Railway 膠濟鐵路
25293,上海申新紡織公司第一廠,877,14769,Sung Sing Cotton Mills 申新紡織廠
25296,上海申新紡織公司第八廠,877,14769,Sung Sing Cotton Mills 申新紡織廠
25321,膠濟鐵路機務處,NA,503,Qingdao–Jinan Railway 膠濟鐵路
25325,京贛鐵路工程局,NA,3231,Nanjing–Jiangxi Railway 京贛鐵路
25333,鐵道部鐵道技術標準審訂委員會,90,5538,Ministry of Railways 鐵道部
25362,交通部材料司採購處,NA,15139,Nanjing Ministry of Communications 交通部
25389,京滬滬杭甬鐵路管理局工務處,NA,584,Nanjing–Shanghai and Shanghai–Hangzhou–Ningbo Railways 京滬滬杭甬鐵路
25447,財政部造紙廠,NA,2416,Ministry of Finance 財政部
25479,平漢鐵路電務分段,NA,298,Beijing–Hankou Railway 京漢鐵路/平漢鐵路
25481,交通部電業科,NA,2620,Ministry of Communications 交通部
25572,軍政部兵工署材料庫,NA,1058,Ministry of War 軍政部
25612,湘黔鐵路湘江橋工程處,NA,8287,Hunan–Guizhou Railway 湘黔鐵路
25617,西北實業公司煉鋼廠鍊鐵部,NA,863,Northwest Industrial Company 太原西北實業公司
25678,實業部全國度量衡局檢定室,NA,7555,Bureau of Measurements 實業部全國度量衡局
25715,湖北電政管理局報務課,68,5271,湖北電政管理局
25723,兵工署兵工專門委員會,NA,2609,Department of War Industries 南京兵工署
25743,金陵兵工廠槍廠,NA,8805,金陵兵工廠
25745,鞏縣兵工廠機器廠,1002,16389,鞏縣兵工廠
25754,軍政部南通軍工廠,562,1058,Ministry of War 軍政部
25901,河北工學院機械廠,427,7625,Hebei Institution of Technology 河北工學院
25944,航空委會無線電機修造廠,NA,25945,航空委會
25999,G. E. Co. 總廠,1387,1339,General Electric
26001,G. E. Co. 福司煤機廠,1387,1339,General Electric
26047,湘桂鐵路桂南工程局,73,6385,Hunan–Guangxi Railway 湘桂鐵路
26071,太原西北煤鋼廠,726,863,Northwest Industrial Company 太原西北實業公司
26075,廈門自來水公司工程部,886,29962,廈門自來水公司
26115,交通部鐵道處,NA,2620,Ministry of Communications 交通部
26124,資委會鎢業管理處汕頭辦事處,2383,18754,NRC Tungsten Supervision Department 資委會鎢業管理處
26144,軍政部軍需署,NA,1058,Ministry of War 軍政部
26149,吉長鐵路局機務段,755,12473,Jilin–Changchun Railway 吉長鐵路
26156,Gansu Oil Fields 甘肅油礦,69,972,National Resources Commission 資源委員會
26165,隴海鐵路洛陽機車廠,2183,759,Gansu–Haizhou Railway 隴海鐵路
26169,隴海鐵路徐州機車廠,4492,759,Gansu–Haizhou Railway 隴海鐵路
26176,中央大學航空工程系,90,1541,Central University 中央大學
26202,容蒼公路局,73,21881,廣西容蒼公路
26289,資委會嘉陽煤礦,NA,972,National Resources Commission 資源委員會
26300,浙江大學代辦高工學校,62,2501,Zhejiang University 浙江大學
26345,兵工署製造司,NA,2609,Department of War Industries 南京兵工署
26416,西北實業公司鍊鋼廠,726,863,Northwest Industrial Company 太原西北實業公司
26426,粵漢鐵路黃埔支線工務分段,5031,2046,Guangzhou–Hankou Railway 粵漢鐵路
26433,建設委員會水利處,NA,1527,National Construction Commission 建設委員會
26449,軍政部礮兵技術研究處,NA,1058,Ministry of War 軍政部
26470,西京市建設委員會下水道工務所,2596,65952,西京市建設委員會
26572,河南建設廳工務處,66,1431,Henan Construction Department 河南建設廳
26584,平漢鐵路機務道處,410,298,Beijing–Hankou Railway 京漢鐵路/平漢鐵路
26602,江蘇建設廳蘇崑公路,71,1025,Jiangsu Construction Bureau 江蘇建設廳
26659,膠濟鐵路電務分段,NA,503,Qingdao–Jinan Railway 膠濟鐵路
26664,廣州兩廣地質調查所化驗部,350,13911,兩廣地質調查所
26704,南京兵工研究委員會,90,2609,Department of War Industries 南京兵工署
26706,兵工署資源司,NA,2609,Department of War Industries 南京兵工署
26714,兵工署鋼鐵廠遷建委員會,NA,2609,Department of War Industries 南京兵工署
26756,天津商品檢驗局化驗農檢處,427,5982,天津商品檢驗局
26808,北寧鐵路港務處,NA,505,Beijing–Mukden/Beijing–Liaoning Railway 京奉鐵路/平奉鐵路/北寧鐵路
26810,北寧鐵路區流河管段,NA,505,Beijing–Mukden/Beijing–Liaoning Railway 京奉鐵路/平奉鐵路/北寧鐵路
26822,A. E. G. 工廠,432,20885,AEG Aktiengesellschaft
26826,上海交通部電料儲轉處,877,5501,上海交通部
26872,太原兵工廠砲彈廠,726,857,Taiyuan Munitions Factory 太原兵工廠
26902,安徽當塗鐵礦公司專用鐵路管理處,14238,42868,當塗鐵礦
26973,京漢鐵路工程處,410,298,Beijing–Hankou Railway 京漢鐵路/平漢鐵路
26975,全國鐵路線路審查會,NA,2620,Ministry of Communications 交通部
26977,交通部技術廳,NA,300,Beijing Ministry of Communications 北平交通部
26981,鐵道部技術處,90,5538,Ministry of Railways 鐵道部
27106,平漢鐵路藝員養成所,NA,298,Beijing–Hankou Railway 京漢鐵路/平漢鐵路
27126,江蘇公路處,62,3304,江蘇公路局
27139,廣西省政府建設廳,73,8376,Guangxi Provincial Government 廣西省政府
27204,同蒲鐵路太原工務段,726,2848,Datong–Puzhou Railway 同蒲鐵路
27213,西北實業公司鑄造處,726,863,Northwest Industrial Company 太原西北實業公司
27227,NRC Qijiang Iron Mine 資源委員會綦江鐵礦,4795,972,National Resources Commission 資源委員會
27232,同蒲鐵路工程股,NA,2848,Datong–Puzhou Railway 同蒲鐵路
27307,資源委員會機器製造廠,90,972,National Resources Commission 資源委員會
27390,湖南公路局修理總廠,NA,1135,Hunan Highway Bureau 湖南公路局
27413,湘黔鐵路工程測量隊,NA,8287,Hunan–Guizhou Railway 湘黔鐵路
27454,北平大學電機工廠,410,2712,Beiping University 北平大學
27552,北寧鐵路豐台段,NA,505,Beijing–Mukden/Beijing–Liaoning Railway 京奉鐵路/平奉鐵路/北寧鐵路
27589,北寧鐵路天津車房,427,505,Beijing–Mukden/Beijing–Liaoning Railway 京奉鐵路/平奉鐵路/北寧鐵路
27591,北寧鐵路前門車房,427,505,Beijing–Mukden/Beijing–Liaoning Railway 京奉鐵路/平奉鐵路/北寧鐵路
27640,全國經委會救災會第十二區工賑局,NA,15566,National Economic Council 全國經濟委員會
27663,太原西北實業公司捲菸廠,726,863,Northwest Industrial Company 太原西北實業公司
27753,湘黔鐵路第四總段工程處,NA,8287,Hunan–Guizhou Railway 湘黔鐵路
27775,Yichang–Kuizhou Railway 宜夔鐵路局,3560,5802,Sichuan–Hankou Railway 川漢鐵路
27790,綏遠建設廳公路工程處,96,2867,綏遠建設廳
27825,冀察委員會建設委員會,410,19824,北平冀察政務委員會
27838,山西公路管理局,76,21426,山西公路局
27861,平漢鐵路第一總段,NA,298,Beijing–Hankou Railway 京漢鐵路/平漢鐵路
28018,武昌行營,1036,642,Military Affairs Commission 軍事委員會
28041,山西西北汽車修理所,726,863,Northwest Industrial Company 太原西北實業公司
28061,山西西北汽車修理廠,726,28041,山西西北汽車修理所
28161,American Bridge Co. 愛城分廠,1387,985,American Bridge Co.
28163,江蘇建設廳公路籌備處,71,1025,Jiangsu Construction Bureau 江蘇建設廳
28169,江北運河江都段工務所,1042,28166,江北運河工程處
28171,Ministerial Committee on Administering the Yangzi 交通部揚子江水道整理委員會,90,2620,Ministry of Communications 交通部
28179,川藏電政管理局,607,2620,Ministry of Communications 交通部
28195,平漢鐵路車務處,NA,298,Beijing–Hankou Railway 京漢鐵路/平漢鐵路
28232,漢口其來洋行開封分行,717,28230,漢口其來洋行
28234,漢口其來洋行西安分行,2596,28230,漢口其來洋行
28315,北寧鐵路管理局,NA,505,Beijing–Mukden/Beijing–Liaoning Railway 京奉鐵路/平奉鐵路/北寧鐵路
28381,平綏鐵路包寧段,NA,940,Beijing–Suiyuan Railway 京張鐵路/京綏鐵路/平綏鐵路
28441,Department of War Industries Technology Department 兵工署技術司,90,2609,Department of War Industries 南京兵工署
28481,北寧鐵路皇姑屯工廠,12342,505,Beijing–Mukden/Beijing–Liaoning Railway 京奉鐵路/平奉鐵路/北寧鐵路
28483,唐山工廠冶鑄所,445,14808,唐山工廠
28756,黃河水利西京辦事處,2596,716,Yellow River Commission 黃河水利委員會
28780,資源委員會電工器材廠研究室,NA,972,National Resources Commission 資源委員會
28820,資委會雲南錫礦,81,972,National Resources Commission 資源委員會
28988,第二十一軍電台,NA,5126,國民革命軍
29031,粵漢鐵路廣韶段,350,2046,Guangzhou–Hankou Railway 粵漢鐵路
29134,京滬滬杭甬鐵路錫滬段,877,1403,Nanjing–Shanghai Railway 京滬鐵路
29175,同蒲鐵路太原機務段,726,2848,Datong–Puzhou Railway 同蒲鐵路
29236,Sichuan–Guizhou Railway 川黔鐵路,1270,5538,Ministry of Railways 鐵道部
29339,軍政部兵工署製造司,NA,2609,Department of War Industries 南京兵工署
29341,同濟大學實習工廠,NA,4037,Tongji University 同濟大學
29367,江西建設廳鐵廠,70,3373,Jiangxi Reconstruction Bureau 江西建設廳
29482,資源委員會易門鐵礦局 (易門鐵鑛局),29483,972,National Resources Commission 資源委員會
29520,隴海鐵路港務工程段,2496,759,Gansu–Haizhou Railway 隴海鐵路
29638,Ford Motor Company Shanghai 福特汽車公司上海,877,26675,Ford Auto. Co.
29658,南京電信機械修造廠,90,1058,Ministry of War 軍政部
29714,安徽淮南煤礦局,3669,3668,Huainan Coal Mining Bureau 淮南煤礦局
29721,同蒲鐵路介休分工區,9830,2848,Datong–Puzhou Railway 同蒲鐵路
29770,京滬滬杭甬鐵路吳淞機廠,7212,584,Nanjing–Shanghai and Shanghai–Hangzhou–Ningbo Railways 京滬滬杭甬鐵路
29825,資源委員會龍溪河水力發電廠,4553,972,National Resources Commission 資源委員會
29917,資源委員會四川金礦採礦,1434,972,National Resources Commission 資源委員會
29919,採金局,NA,23945,Beijing Ministry of Finance 北京財政部
29984,軍政部宜昌工程處,3560,1058,Ministry of War 軍政部
30054,江西福特汽車公司,70,26675,Ford Auto. Co.
30088,資源委員會雲南鋼鐵廠,81,972,National Resources Commission 資源委員會
30100,軍政部中央修械所,NA,1058,Ministry of War 軍政部
30108,平漢鐵路長辛店材料廠,37572,298,Beijing–Hankou Railway 京漢鐵路/平漢鐵路
30177,交通部上海電報機器製造廠,877,2620,Ministry of Communications 交通部
30179,上海 Western Elec. Co,877,14426,Western Electric Company (Western Elec. Co.)
30196,軍政部兵工署防毒面具廠,NA,2609,Department of War Industries 南京兵工署
30265,福特煤鐵廠,NA,8662,Ford Motor Mfg. Co. 福特公司
30311,河北開灤煤礦,63,3149,Chinese Engineering and Mining Company 開灤礦務局
30412,國民革命軍航空處,NA,5126,國民革命軍
30497,浙贛鐵路南段,NA,678,Zhejiang–Jiangxi Railway 杭江鐵路/浙贛鐵路
30599,嘉陽煤礦公司礦廠,14373,26289,資委會嘉陽煤礦
30641,Siemens 建築部,121,2604,Siemens Co.
30783,上海 A. E. G. 公司,877,20885,AEG Aktiengesellschaft
30789,同濟大學附設高級工業職業學校,877,4037,Tongji University 同濟大學
30976,廣東建設廳西村士敏土廠,NA,1820,Guangdong Construction Bureau 廣東建設廳
31014,四川公路局簡蓬段,NA,19200,Sichuan Highway Department 四川公路局
31037,平漢鐵路信陽彰德機務段,1490,298,Beijing–Hankou Railway 京漢鐵路/平漢鐵路
31046,遼寧迫擊礮廠附設民生工廠,NA,47787,遼寧迫擊礮廠
31148,軍政部電雷學校,NA,1058,Ministry of War 軍政部
31194,焦作中福煤礦公司第一廠採煤處,3074,5668,Zhong Fu Company 河南焦作中福煤礦公司
31234,開灤各礦廠,NA,3149,Chinese Engineering and Mining Company 開灤礦務局
31246,西安黃河水利委員會導渭工程處,2596,716,Yellow River Commission 黃河水利委員會
31288,平漢鐵路局工務處,NA,298,Beijing–Hankou Railway 京漢鐵路/平漢鐵路
31295,隴海鐵路工務處港務工程段,NA,16319,隴海鐵路工務處
31318,山東公路管理局濟南車機廠,NA,13934,山東公路管理局
31433,上海工部局工程處,877,6577,上海工部局
31446,粵漢鐵路湘鄂線管理局,2380,8080,Hunan–Hubei Railway 湘鄂鐵路/粵漢鐵路湘鄂段
31448,粵漢路管理局,NA,2046,Guangzhou–Hankou Railway 粵漢鐵路
31481,平漢鐵路機務處,410,298,Beijing–Hankou Railway 京漢鐵路/平漢鐵路
31515,北寧鐵路灤河橋工處,427,505,Beijing–Mukden/Beijing–Liaoning Railway 京奉鐵路/平奉鐵路/北寧鐵路
31533,粵漢鐵路株韶段工程局,NA,2046,Guangzhou–Hankou Railway 粵漢鐵路
31540,南京航空委員會防空學校,90,31540,南京航空委員會防空學校
31728,北寧鐵路錦縣工段,14301,505,Beijing–Mukden/Beijing–Liaoning Railway 京奉鐵路/平奉鐵路/北寧鐵路
31762,Liuhegou Coal Mine Company Henan 河南六河溝煤礦公司,29485,22920,Liuhegou Coal Mine Company 六河溝煤礦公司
31820,膠濟鐵路博山發電所,3760,503,Qingdao–Jinan Railway 膠濟鐵路
32174,開灤礦務局林西礦井下管段,4345,3149,Chinese Engineering and Mining Company 開灤礦務局
32231,浙贛鐵路工務處,999,678,Zhejiang–Jiangxi Railway 杭江鐵路/浙贛鐵路
32461,三菱造船所,32455,21442,"Mitsubishi Heavy Industries, Ltd. 日本三菱"
32580,鐵道部印刷廠,NA,5538,Ministry of Railways 鐵道部
32585,交通部郵電學校,NA,2620,Ministry of Communications 交通部
32587,交通部吳淞海岸無綫電台,877,2620,Ministry of Communications 交通部
32591,交通部交通傳習所,NA,2620,Ministry of Communications 交通部
32607,江南造船所電氣理電氣理工班,877,7090,Jiangnan Shipyard 上海江南造船所
32627,建委會長興煤礦井,NA,1527,National Construction Commission 建設委員會
32651,北寧鐵路總局,NA,505,Beijing–Mukden/Beijing–Liaoning Railway 京奉鐵路/平奉鐵路/北寧鐵路
32653,北寧鐵路工務處山海關工廠,8312,17683,北寧鐵路工務處
32726,浙江鐵路公司車輛課,NA,27926,浙江鐵路
32728,北平電車公司修造廠,NA,9725,北平電車公司
32733,天津華新紗廠原動部,NA,1706,華新紗廠
32884,膠濟鐵路材料處,2331,503,Qingdao–Jinan Railway 膠濟鐵路
32888,京奉鐵路會計處,NA,505,Beijing–Mukden/Beijing–Liaoning Railway 京奉鐵路/平奉鐵路/北寧鐵路
33005,資源委員會純鐵煉廠,90,972,National Resources Commission 資源委員會
33101,津浦鐵路天津修機廠,427,1174,Tianjin–Pukou Railway 津浦鐵路
33124,上海西門子公司 (Siemens),877,2604,Siemens Co.
33141,柏林 Siemens Co.,432,2604,Siemens Co.
33179,漢口中國電氣公司,2380,6643,China Electric 上海中國電氣公司
33208,資委會水力發電勘探隊,NA,972,National Resources Commission 資源委員會
33277,兵工署面具廠籌備處,NA,2609,Department of War Industries 南京兵工署
33394,上海美孚玻璃廠,877,37223,上海美孚洋行
33541,上海中央研究院化學研究所,877,28818,Academia Sinicia 南京中央研究院
33576,楊樹浦電廠,NA,1295,Shanghai Power Company 上海電力公司
33591,慎昌洋行建築部,NA,3262,"Anderson, Meyer & Co. 上海慎昌洋行"
33693,太原西北實業公司窰廠,NA,863,Northwest Industrial Company 太原西北實業公司
33722,中央廣播電台技術科,NA,11156,Central Radio Station 南京中央廣播電台
33736,海軍江南造船所電機課,NA,7707,海軍江南造船所
33754,資源委員會龍溪河水力發電廠工程處,4553,29825,資源委員會龍溪河水力發電廠
33835,江南鐵路工務處,NA,416,Nanjing–Wuhu Railway 江南鐵路公司
33917,京奉鐵路機廠,427,505,Beijing–Mukden/Beijing–Liaoning Railway 京奉鐵路/平奉鐵路/北寧鐵路
33933,六河溝煤礦漢口分公司,2380,22920,Liuhegou Coal Mine Company 六河溝煤礦公司
34008,河南省農具製造廠開封長途汽車營業部,717,34004,河南省農具製造廠
34020,導淮委員會三河壩工程處,90,5424,Huai River Water Conservancy 導淮委員會
34132,滬杭鐵路甬紹段,NA,1501,滬杭鐵路
34174,京滬鐵路吳淞廠,7212,1403,Nanjing–Shanghai Railway 京滬鐵路
34210,經濟委員會涇洛工程局洛惠渠監工所,NA,29400,經濟委員會涇洛工程局
34265,江西建設廳建設委員會,70,3373,Jiangxi Reconstruction Bureau 江西建設廳
34308,資委會電氣試驗室,NA,972,National Resources Commission 資源委員會
34349,軍政部兵工專校,NA,1058,Ministry of War 軍政部
34463,滬杭甬鐵路機務處滬杭段上北車房,877,584,Nanjing–Shanghai and Shanghai–Hangzhou–Ningbo Railways 京滬滬杭甬鐵路
34472,南京機械修造廠汽車工場,90,24518,南京軍事交通機械修造廠
34479,經濟委員會汽車機務人員訓練所,NA,15566,National Economic Council 全國經濟委員會
34511,呼海鐵路松浦總機廠,NA,414,Hulan–Hailun Railway 呼海鐵路
34516,淮南鐵路機廠,3669,10321,淮南鐵路
34535,鞏縣兵工廠礮彈廠,1002,16389,鞏縣兵工廠
34594,北寧鐵路局山海關工廠,8312,505,Beijing–Mukden/Beijing–Liaoning Railway 京奉鐵路/平奉鐵路/北寧鐵路
34741,浙贛鐵路袁水河橋工處,999,678,Zhejiang–Jiangxi Railway 杭江鐵路/浙贛鐵路
34812,申新第四紡織廠,2380,14769,Sung Sing Cotton Mills 申新紡織廠
34831,軍需署營造司,NA,26144,軍政部軍需署
34886,粵漢鐵路湘鄂段機務處,1036,2046,Guangzhou–Hankou Railway 粵漢鐵路
35000,浙贛鐵路工務第五分段,NA,678,Zhejiang–Jiangxi Railway 杭江鐵路/浙贛鐵路
35145,隴海鐵路徐州機廠,4492,759,Gansu–Haizhou Railway 隴海鐵路
35163,中央電瓷廠代理沅陵分廠,13132,10443,中央電瓷廠
35227,北寧鐵路機務處唐山工廠,445,505,Beijing–Mukden/Beijing–Liaoning Railway 京奉鐵路/平奉鐵路/北寧鐵路
35400,永定河測量隊,NA,11731,天津永定河中上游工程處
35404,天臨黃臨兩路工程,NA,14532,浙江公路管理局
35452,江蘇建設廳建設局,NA,1025,Jiangsu Construction Bureau 江蘇建設廳
35481,南京永利化學工業公司硫酸錏廠,NA,7800,南京永利化學工業公司
35519,上海振泰紡織廠,877,9835,上海振泰紗廠
35570,金華機務,NA,678,Zhejiang–Jiangxi Railway 杭江鐵路/浙贛鐵路
35597,粵漢鐵路工事課,NA,2046,Guangzhou–Hankou Railway 粵漢鐵路
35600,粵漢鐵路管理局,NA,2046,Guangzhou–Hankou Railway 粵漢鐵路
35661,南昌軍事委員會,522,642,Military Affairs Commission 軍事委員會
35715,漢冶萍公司萍鄉煤礦,388,1141,Han Ye Ping Company 湖北漢冶萍公司
35762,湖南公路局機械修理處,67,1135,Hunan Highway Bureau 湖南公路局
35997,中央航空學校工廠,90,4689,Central Aviation School 中央航空學校
36121,中央大學建築委員會,90,1541,Central University 中央大學
36160,開灤礦務局馬家溝礦,8709,3149,Chinese Engineering and Mining Company 開灤礦務局
36166,天津謙信洋行機器部,427,62040,天津謙信洋行
36265,太原西北實業公司签化廠,726,863,Northwest Industrial Company 太原西北實業公司
36273,廣東建設廳恩平金礦,5131,1820,Guangdong Construction Bureau 廣東建設廳
36296,資源委員會動力油料廠,NA,972,National Resources Commission 資源委員會
36328,廣東建設廳東路省道行車管理處,NA,1820,Guangdong Construction Bureau 廣東建設廳
36338,京滬鐵路機務段,NA,1403,Nanjing–Shanghai Railway 京滬鐵路
36467,軍委會北平分會,410,642,Military Affairs Commission 軍事委員會
36541,資源委員會易門鐵鑄局,29483,972,National Resources Commission 資源委員會
36701,建設委員會上海無綫電機製造廠,877,1527,National Construction Commission 建設委員會
36886,軍委會駐滬無綫電機製造廠,877,642,Military Affairs Commission 軍事委員會
36945,交通部電政同人公益會,NA,2620,Ministry of Communications 交通部
37019,京滬鐵路上海北站機車房,877,1403,Nanjing–Shanghai Railway 京滬鐵路
37022,京滬鐵路機務處上北客車房,NA,1403,Nanjing–Shanghai Railway 京滬鐵路
37064,Directorate of Telecommunications 交通部電信局,NA,2620,Ministry of Communications 交通部
37088,津浦鐵路大槐樹機廠,NA,1174,Tianjin–Pukou Railway 津浦鐵路
37102,平漢鐵路工務第一總段,NA,298,Beijing–Hankou Railway 京漢鐵路/平漢鐵路
37209,資委會鎢業管理處廣東分處,74,18754,NRC Tungsten Supervision Department 資委會鎢業管理處
37223,上海美孚洋行,877,11335,Standard Oil 美孚洋行
37232,津浦鐵路考工課,NA,1174,Tianjin–Pukou Railway 津浦鐵路
37234,天津市政府港務處,427,13776,天津市政府
37311,Post & McCord Co.,1387,985,American Bridge Co.
37328,津浦鐵路車輛場,NA,1174,Tianjin–Pukou Railway 津浦鐵路
37335,粵漢鐵路廠務處,NA,2046,Guangzhou–Hankou Railway 粵漢鐵路
37361,唐山開灤礦務局工務處,445,23776,唐山開灤礦務局
37398,廣東工專機械科,NA,2131,Guangdong Polytechnical College 廣東工專
37400,中山大學機械系,NA,1957,Sun Yat-sen University 中山大學
37441,第四路總指揮部,NA,847,第四路
37458,浙江大學工學院,999,2501,Zhejiang University 浙江大學
37518,祁縣織染廠,4130,19695,山西晉華紡織公司
37524,同蒲鐵路機務段,NA,2848,Datong–Puzhou Railway 同蒲鐵路
37528,平綏鐵路南口段,43143,940,Beijing–Suiyuan Railway 京張鐵路/京綏鐵路/平綏鐵路
37620,北平內務部國道委員會,410,66505,北平內務部
37657,浙江大學電機工程系,999,2501,Zhejiang University 浙江大學
37670,兵工署砲兵技術研究處,NA,2609,Department of War Industries 南京兵工署
37826,京滬鐵路常州車房,2406,1403,Nanjing–Shanghai Railway 京滬鐵路
37834,湘桂鐵路桂林機廠,4238,6385,Hunan–Guangxi Railway 湘桂鐵路
37919,第一集團軍無綫電學校,NA,29033,第一集團軍
37945,平綏鐵路綏遠機務分段,96,940,Beijing–Suiyuan Railway 京張鐵路/京綏鐵路/平綏鐵路
37990,平漢鐵路廣水機車廠,2995,298,Beijing–Hankou Railway 京漢鐵路/平漢鐵路
38059,交通部漢口無線電台,2380,2620,Ministry of Communications 交通部
38067,河南洛潼公路盧闓段,66,11034,河南洛潼公路
38174,北寧鐵路工務處塘沽工務分段,5751,17683,北寧鐵路工務處
38433,國際電台真如發報台,NA,2551,國際電台
38435,交通部巴縣電報局,80,2620,Ministry of Communications 交通部
38442,交通部衡陽電報局,459,2620,Ministry of Communications 交通部
38481,萍鄉煤礦整理局,NA,387,Pingxiang Coal Mines 江西萍鄉煤礦
38532,交通部路政司總務科,NA,2620,Ministry of Communications 交通部
38534,交通研究會,NA,2620,Ministry of Communications 交通部
38536,隴海鐵路汴洛局總務處,NA,759,Gansu–Haizhou Railway 隴海鐵路
38538,漢口市政委員會,NA,3109,漢口市政府
38542,京滬滬杭甬鐵路管理局,877,584,Nanjing–Shanghai and Shanghai–Hangzhou–Ningbo Railways 京滬滬杭甬鐵路
38545,資委會國外貿易事務所,NA,972,National Resources Commission 資源委員會
38607,山東大學附設高中,NA,3093,Shandong University 山東大學
38609,山東省政府農礦所,NA,13936,山東省政府
38782,資委會冶金室,NA,972,National Resources Commission 資源委員會
38796,資源委員會電業管理處,NA,972,National Resources Commission 資源委員會
38859,浙江公路管理處,62,1420,Zhejiang Highway Department 浙江公路局
39013,申新紗廠,NA,14769,Sung Sing Cotton Mills 申新紡織廠
39218,粵漢鐵路武昌機廠,1036,2046,Guangzhou–Hankou Railway 粵漢鐵路
39225,實業部上海商品檢驗局,877,5204,Ministry of Industry 實業部
39306,粵漢鐵路工程處,1036,2046,Guangzhou–Hankou Railway 粵漢鐵路
39352,經濟委員會西蘭公路,2596,15566,National Economic Council 全國經濟委員會
39537,委員長武昌行營第六處,1036,28018,武昌行營
39573,平奉鐵路唐山機廠,445,505,Beijing–Mukden/Beijing–Liaoning Railway 京奉鐵路/平奉鐵路/北寧鐵路
39636,隴海鐵路電廠,NA,759,Gansu–Haizhou Railway 隴海鐵路
39663,青島四方鐵道工場設計課,2331,10791,Qingdao–Jinan Railway Sifang Locomotive & Rolling Stock 膠濟鐵路四方機廠
39669,上海電力公司電纜股,NA,1295,Shanghai Power Company 上海電力公司
39672,首都電廠電務股,NA,6314,Nanjing Electric Power Plant 首都電廠
39690,鞏縣兵工分廠水電所配電股,NA,20685,Gong County Military Factory 河南鞏縣兵工分廠
39709,辰谿煤業辦事處,29410,29409,資委會辰谿煤礦公司
39769,美國配琪汽車廠,NA,34470,Ford Motor Co.
39771,上海華光汽車修理工廠,NA,4904,上海華光汽車公司
39775,上海美通汽車公司營業部,NA,25536,上海美通汽車公司
39794,兵工署漢陽材料管理處,1120,2609,Department of War Industries 南京兵工署
39815,武漢電話總局設置股,NA,3992,Wuhan Telephone Bureau 交通部武漢電話局
39818,首都電話局修養股,NA,4070,交通部首都電話局
39820,首都電話局材料股,NA,4070,交通部首都電話局
39823,浙江電話局材料股,NA,5449,Zhejiang Telephone Bureau 浙江電話局
39825,浙江電話局交換股,NA,5449,Zhejiang Telephone Bureau 浙江電話局
39838,北寧鐵路分段,NA,505,Beijing–Mukden/Beijing–Liaoning Railway 京奉鐵路/平奉鐵路/北寧鐵路
39856,軍政部軍用鐵道教練隊,NA,1058,Ministry of War 軍政部
39859,中央工業試驗所動力試驗室,NA,22737,Bureau of Industrial Research 實業部中央工業試驗所
39867,北平農商部度量衡製造所,410,9473,Ministry of Industry and Agriculture 農商部
39869,南京工商部度量衡廠,90,26753,南京工商部
39871,實業部度量衡養成所,NA,5204,Ministry of Industry 實業部
39899,中央大學機械科,NA,1541,Central University 中央大學
39913,膠濟鐵路機務段,NA,503,Qingdao–Jinan Railway 膠濟鐵路
39917,漢江既濟水電公司電務處,NA,2275,Jiji Hydroelectric Company 漢口既濟水電公司
39939,津浦鐵路西沽機廠,427,1174,Tianjin–Pukou Railway 津浦鐵路
40095,中央軍校航空隊,NA,38330,中央軍校
40125,平漢鐵路黃河南岸橋工分段,40126,298,Beijing–Hankou Railway 京漢鐵路/平漢鐵路
40150,隴海鐵路工程課,NA,759,Gansu–Haizhou Railway 隴海鐵路
40209,Babcock and Wilcox 鍋爐廠,NA,17861,Babcock & Wilcox Ltd.
40211,Thomson-Houston 電機廠,NA,23950,B. T .H. 廠 (British Thomson-Houston)
40487,京滬滬杭甬鐵路閘口電廠,5637,584,Nanjing–Shanghai and Shanghai–Hangzhou–Ningbo Railways 京滬滬杭甬鐵路
40856,交通部京滬傳真電報滬局,877,2620,Ministry of Communications 交通部
40901,平漢鐵路工務處,NA,298,Beijing–Hankou Railway 京漢鐵路/平漢鐵路
41034,河南中福煤礦公司工程科,66,5668,Zhong Fu Company 河南焦作中福煤礦公司
41037,河南中福第一礦廠,66,5668,Zhong Fu Company 河南焦作中福煤礦公司
41143,津浦鐵路滁州工務分段,41146,1174,Tianjin–Pukou Railway 津浦鐵路
41165,北寧鐵路山海關號誌段,NA,505,Beijing–Mukden/Beijing–Liaoning Railway 京奉鐵路/平奉鐵路/北寧鐵路
41179,平綏鐵路總務處,NA,940,Beijing–Suiyuan Railway 京張鐵路/京綏鐵路/平綏鐵路
41212,四川華洋義賑會工程處,1434,21508,China International Famine Relief Commission 中國華洋義賑救災總會
41453,上海美孚公司,877,11335,Standard Oil 美孚洋行
41489,平漢鐵路漢口修理廠,2380,298,Beijing–Hankou Railway 京漢鐵路/平漢鐵路
41530,西門子鋼鐵廠,NA,2604,Siemens Co.
41579,交通部上海工專,877,2620,Ministry of Communications 交通部
41596,張家口無綫電報局,8012,2620,Ministry of Communications 交通部
41598,外蒙古庫倫無綫電報局,84,2620,Ministry of Communications 交通部
41601,洛陽無綫電報局,2183,2620,Ministry of Communications 交通部
41603,青島無綫電報局,2331,2620,Ministry of Communications 交通部
41606,吳淞無綫電報局,7212,2620,Ministry of Communications 交通部
41668,廣州無綫電管理處,350,2620,Ministry of Communications 交通部
41786,廣東建設廳工業試驗所,74,1820,Guangdong Construction Bureau 廣東建設廳
41869,上海美孚建築部,877,37223,上海美孚洋行
41924,廣東建設廳北路幹綫工程處,74,1820,Guangdong Construction Bureau 廣東建設廳
41989,遼寧礦務局八道壕煤礦,64,26338,遼寧礦務局
42024,建委會貴陽電燈廠,3924,1527,National Construction Commission 建設委員會
42026,建委會蘇州電氣廠,1315,1527,National Construction Commission 建設委員會
42030,建委會江蘇淮安電廠,1292,1527,National Construction Commission 建設委員會
42097,美國芝加哥自動電話公司,12065,40680,美國自動電話公司
42149,四川建設廳地質礦產調查處,1434,12804,Sichuan Construction Bureau 四川建設廳
42339,交通部天津扶輪中學,427,2620,Ministry of Communications 交通部
42350,交通部路政司,NA,2620,Ministry of Communications 交通部
42387,漢口無綫電總台,2380,2620,Ministry of Communications 交通部
42666,資源委員會大冶銅礦,382,972,National Resources Commission 資源委員會
42792,國民革命軍第四集團軍軍械局,NA,5126,國民革命軍
42795,第四集團軍長江江防司令部,NA,642,Military Affairs Commission 軍事委員會
42922,資源委員會四川汞業分處,1434,972,National Resources Commission 資源委員會
42982,交通部株州機廠,5544,2620,Ministry of Communications 交通部
43094,上海水泥公司龍華廠,877,4697,上海華商水泥公司
43158,西北實業公司發電分廠,726,863,Northwest Industrial Company 太原西北實業公司
43181,浙贛鐵路南萍第十二工務段副,999,678,Zhejiang–Jiangxi Railway 杭江鐵路/浙贛鐵路
43203,廣東建設廳技術室,74,1820,Guangdong Construction Bureau 廣東建設廳
43228,北平西山龍烟鐵礦煉廠,410,21542,北平龍烟鐵礦
43281,上海永利化學工業公司駐滬辦事處,877,53459,上海永利化學工業公司
43308,大同西北實業公司興農酒精廠,743,54099,大同西北實業公司
43338,國立中央研究院化學研究所,NA,28818,Academia Sinicia 南京中央研究院
43347,交通部上海無線電管理局,877,15139,Nanjing Ministry of Communications 交通部
43388,交通部電料管理局,NA,15139,Nanjing Ministry of Communications 交通部
43392,交通部無綫電管理局,NA,15139,Nanjing Ministry of Communications 交通部
43413,河南建設廳洛葉公路,66,1431,Henan Construction Department 河南建設廳
43484,隴海鐵路車務處,NA,759,Gansu–Haizhou Railway 隴海鐵路
43563,京綏鐵路雞鳴山煤礦所,43580,940,Beijing–Suiyuan Railway 京張鐵路/京綏鐵路/平綏鐵路
43568,平綏鐵路口泉購煤所,26998,940,Beijing–Suiyuan Railway 京張鐵路/京綏鐵路/平綏鐵路
43650,北寧鐵路天津電科,427,505,Beijing–Mukden/Beijing–Liaoning Railway 京奉鐵路/平奉鐵路/北寧鐵路
43738,交通部電信機料修造廠,NA,2620,Ministry of Communications 交通部
43794,太原兵工廠發電廠,726,857,Taiyuan Munitions Factory 太原兵工廠
43858,西門子電機廠京滬分行,NA,2604,Siemens Co.
43900,兵工署礮兵技術研究處,NA,2609,Department of War Industries 南京兵工署
43934,軍委會宜昌無綫電台,3560,642,Military Affairs Commission 軍事委員會
44023,國民革命軍杭州兵工試驗廠,999,5126,國民革命軍
44146,招商局工程委員會,NA,11892,招商局
44155,招商局公學航海專科,NA,11892,招商局
44442,粵漢鐵路南段,1036,2046,Guangzhou–Hankou Railway 粵漢鐵路
44452,廣東建設廳水利局,74,1820,Guangdong Construction Bureau 廣東建設廳
44591,交通部電報局,NA,2620,Ministry of Communications 交通部
44607,隴海鐵路銅山機車廠,24302,759,Gansu–Haizhou Railway 隴海鐵路
44617,同濟大學附設機師學校,NA,4037,Tongji University 同濟大學
44624,津浦鐵路工務處韓浦工務段,NA,1174,Tianjin–Pukou Railway 津浦鐵路
44648,資委會機器製造廠籌備委員會,NA,55641,資委會機器製造廠
44695,呼海鐵路松浦機廠,44710,414,Hulan–Hailun Railway 呼海鐵路
44958,經濟委員會汽車駕駛人員訓練所,NA,15566,National Economic Council 全國經濟委員會
45079,九江電話局牯嶺分局,45080,17425,九江電話局
45205,津浦鐵路車務處,NA,1174,Tianjin–Pukou Railway 津浦鐵路
45293,湖北官礦公署大冶鐵路,382,5805,湖北官礦公署
45372,平漢鐵路石家莊機務段,2992,298,Beijing–Hankou Railway 京漢鐵路/平漢鐵路
45410,廣東治河委員會潮梅分會,NA,41926,廣東治河委員會
45434,實業部礦業金融調劑委員會,NA,5204,Ministry of Industry 實業部
45544,山東建設廳水利區,77,778,Shandong Construction Bureau 山東建設廳
45584,上海商務印書館製造部,877,1317,上海商務印書館
45617,經濟委員會衞生實驗處,NA,15566,National Economic Council 全國經濟委員會
45630,北寧鐵路唐山機械廠,445,505,Beijing–Mukden/Beijing–Liaoning Railway 京奉鐵路/平奉鐵路/北寧鐵路
45632,北寧鐵路秦皇島機務,2801,505,Beijing–Mukden/Beijing–Liaoning Railway 京奉鐵路/平奉鐵路/北寧鐵路
45641,兵工署上海製藥廠,877,2609,Department of War Industries 南京兵工署
45643,兵工署上海龍華分廠,877,2609,Department of War Industries 南京兵工署
45860,經濟委員會公路處甘肅陝西工程,NA,825,NEC Highway Department 全國經濟委員會公路處
45893,湖北省政府教育廳,NA,41203,湖北省政府
45895,湖北省政府建設廳,NA,41203,湖北省政府
46031,上海中國銀行建築課,877,15425,中國銀行
46171,中國電氣公司廣州分行,NA,6643,China Electric 上海中國電氣公司
46321,鐵道部株州機廠,90,5538,Ministry of Railways 鐵道部
46333,交通部上海電池廠,877,2620,Ministry of Communications 交通部
46436,廣西電力廠柳州分廠,11289,8045,廣西電力廠
46474,廣西省政府礦務局駐平桂區辦事處,5414,8376,Guangxi Provincial Government 廣西省政府
46492,滬杭甬鐵路上海南站車房,877,7629,Shanghai–Hangzhou–Ningbo Railway 滬杭甬鐵路
46825,交通部烟濰路,410,300,Beijing Ministry of Communications 北平交通部
46880,浙贛鐵路工務處設計股,999,32231,浙贛鐵路工務處
46959,西北鑄造廠,726,863,Northwest Industrial Company 太原西北實業公司
47047,廣三鐵路購料委員會,NA,15911,Guangzhou–Sanshui Railway 廣三鐵路
47096,國民政府文官處印刷鑄局,NA,578,國民政府
47293,軍委會交通技術學校,NA,642,Military Affairs Commission 軍事委員會
47500,北平中法大學孔德學院,410,6894,北平中法大學
47579,唐山啟新洋灰工廠,445,32508,Qixin Cement Factory 唐山啟新洋灰公司
47661,交通部青島海岸電台,2331,2620,Ministry of Communications 交通部
47741,軍委會無綫電廠,NA,642,Military Affairs Commission 軍事委員會
47885,齊克鐵路龍江機務段,NA,20711,Qiqihar–Keshan Railway 齊克鐵路
47997,經濟委員會西北辦事處,NA,15566,National Economic Council 全國經濟委員會
48113,廣東建設廳廣汕無綫電話台,NA,1820,Guangdong Construction Bureau 廣東建設廳
48115,廣東建設廳苛性鈉廠籌備處,NA,1820,Guangdong Construction Bureau 廣東建設廳
48192,同濟大學附設高中,NA,4037,Tongji University 同濟大學
48249,黑龍江省政府大青山煤礦採煤事務所,NA,48250,黑龍江省政府
48327,漢冶萍公司大冶礦廠,1120,1141,Han Ye Ping Company 湖北漢冶萍公司
48343,軍委會航空處,90,642,Military Affairs Commission 軍事委員會
48473,華北赫金公司,NA,923,Harking Import Export Co 赫金公司
48496,交通部天津電料處,427,2620,Ministry of Communications 交通部
48498,財政部天津造幣廠,427,2416,Ministry of Finance 財政部
48577,廣州電氣公司新發電所,350,48576,廣州電氣公司
48605,實業部漢口商品檢驗局,2380,5204,Ministry of Industry 實業部
48655,重慶電報局川康藏電政管理局,NA,48654,重慶電報局
48737,瀋陽東北無綫電監督處,511,4632,瀋陽東北無線電
48789,交通部上海航政局蕪湖辦事處,3703,9684,交通部上海航政局
48795,美國通用汽車製造廠上海分廠,877,48794,美國通用汽車製造廠
48826,交通部行都電話籌備處,NA,2620,Ministry of Communications 交通部
48848,北寧鐵路機務處唐山機廠,445,505,Beijing–Mukden/Beijing–Liaoning Railway 京奉鐵路/平奉鐵路/北寧鐵路
48959,M. I. T. 煉化工廠,144,1044,Massachusetts Institute of Technology
49234,西南公路運輸管理局,NA,2620,Ministry of Communications 交通部
49278,同蒲鐵路介休機分段,9830,2848,Datong–Puzhou Railway 同蒲鐵路
49300,經濟委員會陝西涇洛工程局,78,15566,National Economic Council 全國經濟委員會
49387,平綏鐵路南口材料廠,NA,940,Beijing–Suiyuan Railway 京張鐵路/京綏鐵路/平綏鐵路
49411,兵工署魚雷營,NA,2609,Department of War Industries 南京兵工署
49513,北平電報局公安街收發處,NA,20198,北平電報局/北京電報局
49550,M. A. N. 廠原動力廠,121,34883,M. A. N. 廠
49588,Telefunken Co.  無綫電工廠,121,4630,Telefunken Co. (Telefunken Gesellschaft)
49631,上海煉鋼廠,877,1058,Ministry of War 軍政部
49677,武漢電話局漢口分局,2380,3992,Wuhan Telephone Bureau 交通部武漢電話局
49789,軍政部湯山彈道研究所,NA,1058,Ministry of War 軍政部
50015,北寧鐵路工務處山海關工務分段,8312,505,Beijing–Mukden/Beijing–Liaoning Railway 京奉鐵路/平奉鐵路/北寧鐵路
50094,宮城縣三菱細倉礦山,50095,21442,"Mitsubishi Heavy Industries, Ltd. 日本三菱"
50098,廣東建設廳狗牙洞煤礦,50099,1820,Guangdong Construction Bureau 廣東建設廳
50106,京滬滬杭甬鐵路滬杭段,NA,584,Nanjing–Shanghai and Shanghai–Hangzhou–Ningbo Railways 京滬滬杭甬鐵路
50135,交通部廣播無綫電台,NA,2620,Ministry of Communications 交通部
50211,經濟委員會裏下河工程局,50212,15566,National Economic Council 全國經濟委員會
50214,導淮委員會劉老澗工程局,NA,5424,Huai River Water Conservancy 導淮委員會
50216,浙江建設廳水利工程處,NA,2322,Zhejiang Construction Bureau 浙江建設廳
50230,陝西建設廳渭北水利工程處,NA,832,Shaanxi Construction Bureau 陝西建設廳
50416,資委會水力發電勘測總隊,NA,972,National Resources Commission 資源委員會
50465,農業研究所,NA,50463,國民政府政務委員會
50555,京滬鐵路電機廠,NA,1403,Nanjing–Shanghai Railway 京滬鐵路
50666,浙贛鐵路杭玉段,NA,678,Zhejiang–Jiangxi Railway 杭江鐵路/浙贛鐵路
50731,廣東軍事委員會海軍局,NA,642,Military Affairs Commission 軍事委員會
50882,鐵道部焦作職工學校,3074,5538,Ministry of Railways 鐵道部
50927,全國水利局導淮測量處,NA,10658,National Conservancy Bureau 全國水利局
51105,經濟委員會籌備處,NA,15566,National Economic Council 全國經濟委員會
51116,經濟委員會臨時水工試驗所,NA,15566,National Economic Council 全國經濟委員會
51126,G. E. Co. 交流電機部,1387,1339,General Electric
51134,建設委員會上海電機製造廠,877,1527,National Construction Commission 建設委員會
51191,北寧鐵路皇姑屯廠,NA,505,Beijing–Mukden/Beijing–Liaoning Railway 京奉鐵路/平奉鐵路/北寧鐵路
51194,北寧鐵路唐山材料廠,NA,505,Beijing–Mukden/Beijing–Liaoning Railway 京奉鐵路/平奉鐵路/北寧鐵路
51231,交通部歐美鐵路,NA,2620,Ministry of Communications 交通部
51233,京奉鐵路號誌處,NA,505,Beijing–Mukden/Beijing–Liaoning Railway 京奉鐵路/平奉鐵路/北寧鐵路
51373,陝西建設廳地質調查所,NA,832,Shaanxi Construction Bureau 陝西建設廳
51409,隴海鐵路第二總段,NA,759,Gansu–Haizhou Railway 隴海鐵路
51426,中央電工器材廠第一廠,NA,1038,Central Electrical Equipment Factory 資源委員會中央電工器材廠
51494,膠濟鐵路工務第一段,NA,503,Qingdao–Jinan Railway 膠濟鐵路
51528,交通部上海電報機器廠,877,2620,Ministry of Communications 交通部
51684,Siemens Co. 工廠,121,2604,Siemens Co.
51869,長沙大修車廠,590,1135,Hunan Highway Bureau 湖南公路局
51955,津浦鐵路德州工務段,NA,1174,Tianjin–Pukou Railway 津浦鐵路
51966,M. A. N. 橋樑建築廠,NA,34883,M. A. N. 廠
51999,京漢鐵路機務處漢口分段,2380,298,Beijing–Hankou Railway 京漢鐵路/平漢鐵路
52070,軍校高級班無線電科,NA,38330,中央軍校
52089,北京交通部電政司,410,300,Beijing Ministry of Communications 北平交通部
52235,隴海鐵路陝州機車廠,37394,759,Gansu–Haizhou Railway 隴海鐵路
52326,濟南新城兵工廠,1177,6180,濟南兵工廠
52400,實業部中央工廠檢查處,NA,5204,Ministry of Industry 實業部
52519,總司令部交通處無綫電機製造廠,NA,12558,總司令部交通處
52589,Krupp 鋼鐵廠,9898,20887,Friedrich Krupp AG
52764,招商局機器廠,NA,11892,招商局
52780,漢陽兵工廠製酸廠,1120,3440,Hanyang Arsenal 漢陽兵工廠
52878,申新第二紡織廠,NA,14769,Sung Sing Cotton Mills 申新紡織廠
52886,申新第六紡織廠,NA,14769,Sung Sing Cotton Mills 申新紡織廠
52899,內政部衞生署,NA,7906,內政部
52940,交通部郵電專門學校,877,2620,Ministry of Communications 交通部
52948,貨捐局德州分局,52949,1174,Tianjin–Pukou Railway 津浦鐵路
52983,招商局海元輪,NA,11892,招商局
52997,農商部礦政司,NA,9473,Ministry of Industry and Agriculture 農商部
53016,實業部勞工司,NA,5204,Ministry of Industry 實業部
53059,衞生署衞生工程師訓練班,NA,52899,內政部衞生署
53065,經濟委員會金水閘辦事處,NA,15566,National Economic Council 全國經濟委員會
53095,上海美孚油公司,NA,37223,上海美孚洋行
53146,西蘭汽車路北段工程處,NA,13981,西蘭公路工務所
53215,浙贛鐵路總務處,NA,678,Zhejiang–Jiangxi Railway 杭江鐵路/浙贛鐵路
53225,蕪屯路管理處,NA,34704,京蕪鐵路
53375,江南鐵路蕪乍總段,NA,416,Nanjing–Wuhu Railway 江南鐵路公司
53377,浙贛鐵路玉南分段,NA,678,Zhejiang–Jiangxi Railway 杭江鐵路/浙贛鐵路
53417,交通部沙市無線電台,16606,2620,Ministry of Communications 交通部
53453,大昌公司津行,427,6458,Chinese Engineering and Development Nanchang 大昌公司
53459,上海永利化學工業公司,877,3798,永利化學工業公司
53507,浙贛鐵路機務課,NA,678,Zhejiang–Jiangxi Railway 杭江鐵路/浙贛鐵路
53660,北寧鐵路南口機廠,43143,505,Beijing–Mukden/Beijing–Liaoning Railway 京奉鐵路/平奉鐵路/北寧鐵路
53714,北寧鐵路塘沽機務段,5751,505,Beijing–Mukden/Beijing–Liaoning Railway 京奉鐵路/平奉鐵路/北寧鐵路
53719,Siemens 電機廠,121,2604,Siemens Co.
53775,天津商品檢驗局化驗處,427,5982,天津商品檢驗局
53797,中國實業銀行上海行,877,41133,中國實業銀行
53799,中國實業銀行青島行,2331,41133,中國實業銀行
53801,中國實業銀行天津行,427,41133,中國實業銀行
53805,河南河務局趙莊民埝工程事務所,66,687,Henan River Bureau 河南河務局
53812,資委會電氣室,NA,972,National Resources Commission 資源委員會
53836,教育部工業教育審查委員會,NA,12892,Ministry of Education 教育部
53856,南京工務局下水道工程處,90,1758,Nanjing Public Works Department 南京市政府工務局
53865,津浦鐵路機務段,NA,1174,Tianjin–Pukou Railway 津浦鐵路
54028,成都華西興業公司,607,4547,重慶華西興業公司
54099,大同西北實業公司,743,863,Northwest Industrial Company 太原西北實業公司
54249,北寧鐵路豐台工務分段,NA,505,Beijing–Mukden/Beijing–Liaoning Railway 京奉鐵路/平奉鐵路/北寧鐵路
54269,上海永安紡織公司紡織科,877,4011,上海永安紡織公司
54273,Siemens Telefunken,432,2604,Siemens Co.
54280,軍委會廣州行營,350,642,Military Affairs Commission 軍事委員會
54289,軍委會宜昌行營,3560,642,Military Affairs Commission 軍事委員會
54298,內政部地政司,NA,7906,內政部
54352,膠濟鐵路材料廠,NA,503,Qingdao–Jinan Railway 膠濟鐵路
54356,浙贛鐵路工務段,NA,678,Zhejiang–Jiangxi Railway 杭江鐵路/浙贛鐵路
54373,日內瓦國聯第十八屆勞工會中國代表處,NA,54371,日內瓦國聯
54408,平漢鐵路機務處長辛店修理廠,NA,31481,平漢鐵路機務處
54423,京漢鐵路電務分段,NA,298,Beijing–Hankou Railway 京漢鐵路/平漢鐵路
54426,南京工務局下關辦事處,90,1758,Nanjing Public Works Department 南京市政府工務局
54452,London U. 工廠,3067,54453,University of London
54479,資委會礦室,NA,972,National Resources Commission 資源委員會
54712,上海美孚行化學部,NA,37223,上海美孚洋行
54747,交通部漢渝電報幹綫工程處,NA,2620,Ministry of Communications 交通部
54864,同蒲鐵路大同工務段,743,2848,Datong–Puzhou Railway 同蒲鐵路
54894,京滬鐵路機務處錫滬段,NA,1403,Nanjing–Shanghai Railway 京滬鐵路
54957,Siemens-Bauunion,121,2604,Siemens Co.
55003,京漢鐵路修理廠,NA,298,Beijing–Hankou Railway 京漢鐵路/平漢鐵路
55005,平漢鐵路保定機器分段,NA,298,Beijing–Hankou Railway 京漢鐵路/平漢鐵路
55008,平漢鐵路長辛店機務分段,NA,298,Beijing–Hankou Railway 京漢鐵路/平漢鐵路
55012,西北實業公司鐵工廠,NA,863,Northwest Industrial Company 太原西北實業公司
55082,中東鐵路總工廠,13060,304,Chinese Eastern Railway 東清鐵路/中東鐵路
55113,華洋義賑會山西永利委員會,76,21508,China International Famine Relief Commission 中國華洋義賑救災總會
55306,天津分公司,427,6643,China Electric 上海中國電氣公司
55309,上海中國電氣公司上海營業部,877,6643,China Electric 上海中國電氣公司
55339,Kaifeng–Luoyang Railway 隴海鐵路汴洛局,NA,759,Gansu–Haizhou Railway 隴海鐵路
55394,浙江水利局海塘工程處,62,788,Zhejiang Water Conservancy 浙江水利局
55397,江蘇建設廳羊福公路,71,1025,Jiangsu Construction Bureau 江蘇建設廳
55417,交通部漢口無綫電管理處,2380,2620,Ministry of Communications 交通部
55426,交通部駐滬國際報話費核算處,877,5501,上海交通部
55481,南京工務局下水道工務處,90,1758,Nanjing Public Works Department 南京市政府工務局
55501,滇北礦務公司礦山廠,NA,3364,North Yunnan Mining Company 滇北鑛務公司
55561,財政部山東建坨委員會,77,2416,Ministry of Finance 財政部
55583,雲南財政廳一平浪製鹽場,6849,55582,雲南財政廳
55627,軍政部孝義兵工分廠,9040,1058,Ministry of War 軍政部
55641,資委會機器製造廠,NA,972,National Resources Commission 資源委員會
55660,上海兵工廠輪機器廠,877,1122,Shanghai Munitions Factory 上海兵工廠
55831,航空署上海航空工廠考工部,877,22081,航空署工廠
55839,南昌航委會,522,52280,航委會
55874,資委會鑛業處,NA,972,National Resources Commission 資源委員會
56009,烟台電報局水綫工程處,NA,15127,烟台電報局
56015,平綏鐵路雞鳴山礦廠,NA,940,Beijing–Suiyuan Railway 京張鐵路/京綏鐵路/平綏鐵路
56017,北寧鐵路運輸處,NA,505,Beijing–Mukden/Beijing–Liaoning Railway 京奉鐵路/平奉鐵路/北寧鐵路
56054,兵工署材料試驗處,NA,2609,Department of War Industries 南京兵工署
56056,山東大學實習工廠,77,3093,Shandong University 山東大學
56058,資委會雲南錫礦工程處,81,972,National Resources Commission 資源委員會
56106,津浦鐵路浦鎮工務分段,NA,1174,Tianjin–Pukou Railway 津浦鐵路
56145,平綏鐵路駐津運轉所,NA,940,Beijing–Suiyuan Railway 京張鐵路/京綏鐵路/平綏鐵路
56147,同蒲鐵路材料廠,NA,2848,Datong–Puzhou Railway 同蒲鐵路
56167,北平財政部印刷局工務科,NA,23945,Beijing Ministry of Finance 北京財政部
56290,河南河務局陳橋下北河務分局,NA,687,Henan River Bureau 河南河務局
56313,南京參謀部陸地測量局,90,56311,南京參謀部
56382,上海怡和繅絲廠,877,5267,Jardine Matheson 上海怡和機器公司
56386,西北實業公司毛織廠,NA,863,Northwest Industrial Company 太原西北實業公司
56396,上海裕新紡織公司第二廠,877,56395,上海裕新紡織公司
56645,湖北建設廳鄂北省道,68,532,Hubei Construction Bureau 湖北建設廳
56651,陝西漢寧公路建設廳,78,10103,陝西漢寧公路
56653,經委會西北辦事處,NA,15566,National Economic Council 全國經濟委員會
56658,西北實業公司研究室,NA,863,Northwest Industrial Company 太原西北實業公司
56925,兵工署技術司步兵器材廠,NA,28441,Department of War Industries Technology Department 兵工署技術司
57006,廣西軍用無線電技術學校,NA,40162,廣西無線電管理局
57018,湖北長途電話訓練班,NA,11303,湖北全省長途電話局
57092,浙贛鐵路橋樑股,NA,678,Zhejiang–Jiangxi Railway 杭江鐵路/浙贛鐵路
57106,日本神戶三菱株式會社電機製作所,6058,21442,"Mitsubishi Heavy Industries, Ltd. 日本三菱"
57188,鐵道部統一材料名稱籌備會,NA,5538,Ministry of Railways 鐵道部
57190,津浦鐵路浦口電氣幫工程司,374,1174,Tianjin–Pukou Railway 津浦鐵路
57265,資委會自流井電廠,57315,972,National Resources Commission 資源委員會
57313,航空兵器技術研究處,90,2609,Department of War Industries 南京兵工署
57350,武昌製革廠,1036,1058,Ministry of War 軍政部
57369,陸軍交輜學校汽車修理工廠,90,7448,南京陸軍交輜學校
57437,太原槍彈廠,726,857,Taiyuan Munitions Factory 太原兵工廠
57479,同蒲鐵路臨汾工務段,4371,2848,Datong–Puzhou Railway 同蒲鐵路
57531,上海斯可達工廠駐京,410,57532,上海斯可達工廠
57536,西北實業公司製造廠第十七廠,NA,863,Northwest Industrial Company 太原西北實業公司
57566,漢冶萍公司大冶石灰窰鐵山採礦處,57612,1141,Han Ye Ping Company 湖北漢冶萍公司
57626,勷勤大學附屬中學 (勷勤大學附中),350,10390,Xiangqin University 勷勤大學
57658,河北汽車路管理局,63,55108,河北汽車路
57693,津浦鐵路濟韓工務總段,NA,1174,Tianjin–Pukou Railway 津浦鐵路
57724,井陘礦務局煉焦廠,632,631,Jingxing Mining Bureau 井陘礦務局
57771,廈門大學化學系,886,13202,廈門大學
57843,北京交通部電氣試驗所,410,300,Beijing Ministry of Communications 北平交通部
58338,津浦鐵路西沽機務段,NA,1174,Tianjin–Pukou Railway 津浦鐵路
58349,衞生署工程組,NA,52899,內政部衞生署
58364,江南水泥廠安裝工程處,NA,4747,江南水泥廠
58382,交通部西南運輸管理局,NA,2620,Ministry of Communications 交通部
58401,日本南滿鐵路大連電氣作業所,1940,7421,South Manchuria Railway 南滿鐵路
58407,四洮鐵路局電氣廠,NA,9096,Siping–Taonan Railway 四洮鐵路
58409,北寧鐵路局電務課,NA,505,Beijing–Mukden/Beijing–Liaoning Railway 京奉鐵路/平奉鐵路/北寧鐵路
58412,天津電話局塘沽分局,5751,5893,Tianjin Telephone Bureau 天津電話局
58422,參謀本部陸地測量總局,NA,1014,General Staff Headquarters 參謀本部
58557,廣東第一集團軍總司令部,74,29033,第一集團軍
58604,海軍第四艦隊司令部,NA,16095,海軍部
58606,第一艦隊總司令部,NA,16095,海軍部
58610,交通部船員銓定委員會,NA,2620,Ministry of Communications 交通部
58653,漢冶萍整理委員會,70,2620,Ministry of Communications 交通部
58674,漢陽兵工廠審檢處,1120,3440,Hanyang Arsenal 漢陽兵工廠
58695,北寧鐵路天津車務處,427,505,Beijing–Mukden/Beijing–Liaoning Railway 京奉鐵路/平奉鐵路/北寧鐵路
58788,農商部昆明第七區礦務監督署,556,9473,Ministry of Industry and Agriculture 農商部
58813,南開大學應用化學研究所,427,4586,Nankai University 南開大學
58830,Telefunken 無綫電公司,121,4630,Telefunken Co. (Telefunken Gesellschaft)
58852,山東建設廳工業試驗所,77,778,Shandong Construction Bureau 山東建設廳
59056,津浦鐵路濟南機務分段,1177,1174,Tianjin–Pukou Railway 津浦鐵路
59094,天津陸軍部無綫電報第二所,427,59093,天津陸軍部
59097,北平陸軍部電信教練所,410,3679,北平陸軍部
59100,軍委會北平分會電信教練所,410,36467,軍委會北平分會
59115,成都大學英文系,607,26189,成都大學
59137,河北工業學院天津水產專科學校,427,6173,Hebei Polytechnical College 河北工業學院
59172,湘黔鐵路工程課,NA,8287,Hunan–Guizhou Railway 湘黔鐵路
59185,湖北電政管理局無綫電話收話台,68,5271,湖北電政管理局
59254,河北工業學院附設工廠,NA,6173,Hebei Polytechnical College 河北工業學院
59291,長沙中央無線電機製造廠籌備處,590,16689,Central Radio Factory 資委會中央無線電機製造廠
59331,浙贛鐵路南萍段工程處,NA,10210,Zhejiang–Jiangxi Railway Nanchang–Pingxiang Section 浙贛鐵路南萍段
59333,浙贛鐵路南萍段山前河橋工處試署,NA,10210,Zhejiang–Jiangxi Railway Nanchang–Pingxiang Section 浙贛鐵路南萍段
59364,交通部駐滬電料管理局,877,2620,Ministry of Communications 交通部
59366,交通部無綫電訓練所,NA,2620,Ministry of Communications 交通部
59810,華陽工程處,601,21309,Yangtze River Commission 揚子江水利委員會
59838,津浦電報幹線,427,1174,Tianjin–Pukou Railway 津浦鐵路
59852,京滬鐵路機車廠,877,1403,Nanjing–Shanghai Railway 京滬鐵路
59878,機務處上海電廠,877,1403,Nanjing–Shanghai Railway 京滬鐵路
60133,戚墅堰震華製造電機廠,1347,1602,National Construction Commission Qishuyan Electric Power Plant 建設委員會戚墅堰電廠
60214,粵漢鐵路總務處,NA,2046,Guangzhou–Hankou Railway 粵漢鐵路
60226,中東鐵路局,NA,304,Chinese Eastern Railway 東清鐵路/中東鐵路
60227,中東鐵路局繙譯處,NA,60226,中東鐵路局
60230,中東鐵路局工務處,NA,60226,中東鐵路局
60245,平綏鐵路雞鳴山煤礦事務所,NA,940,Beijing–Suiyuan Railway 京張鐵路/京綏鐵路/平綏鐵路
60294,大冶鐵礦廠,NA,381,Daye Iron Mines 湖北大冶鐵礦
60307,開灤礦務局林西管段,NA,3149,Chinese Engineering and Mining Company 開灤礦務局
60318,北京西門子洋行,410,2604,Siemens Co.
60320,北京財政部印刷局,410,23945,Beijing Ministry of Finance 北京財政部
60323,杭州電氣公司總務課,999,2248,杭州電氣公司
60339,安徽烈山煤礦局,60,51286,安徽烈山煤礦
60341,暨南大學理學院,350,10465,Jinan University 暨南大學
60354,廣東中山縣政府建設局,1993,60353,廣東中山縣政府
60356,粵漢鐵路機務處,NA,2046,Guangzhou–Hankou Railway 粵漢鐵路
60390,北平衞生局技術股,410,12630,北平市政府衞生局
60402,海南島瓊崖鐵路工程局,13914,20364,海南島瓊崖鐵路 (琼崖鐵路)
60452,津浦鐵路浦鎮分段,NA,1174,Tianjin–Pukou Railway 津浦鐵路
60533,上海銀行西安分行,2596,1326,上海銀行
60544,西門子汽車廠,NA,33124,上海西門子公司 (Siemens)
60601,萍鄉煤礦局修理處,388,387,Pingxiang Coal Mines 江西萍鄉煤礦
60615,實業部棉紡織工業管理處,NA,5204,Ministry of Industry 實業部
60626,湖南公路攸茶段,67,1135,Hunan Highway Bureau 湖南公路局
60683,京奉鐵路興城工段,25978,505,Beijing–Mukden/Beijing–Liaoning Railway 京奉鐵路/平奉鐵路/北寧鐵路
60714,平綏鐵路南口機務段,43143,940,Beijing–Suiyuan Railway 京張鐵路/京綏鐵路/平綏鐵路
60728,膠濟鐵路浦口電氣分廠,374,503,Qingdao–Jinan Railway 膠濟鐵路
60888,廣州無線電管理處,350,2620,Ministry of Communications 交通部
60898,東北礦務局漠河金礦,70077,10970,東北礦務局
60957,江西鐵路區段,70,27926,浙江鐵路
61345,東京日立製作所,604,25665,Hitachi mfg. Co. Ltd. 日立製作所
61407,天津電話局唐山分局,445,5893,Tianjin Telephone Bureau 天津電話局
61411,天津電話局東分局,NA,5893,Tianjin Telephone Bureau 天津電話局
61562,同濟大學附設高等中學,877,4037,Tongji University 同濟大學
61643,交通部漢西測勘隊,NA,2620,Ministry of Communications 交通部
61646,淮北建坨委員會,NA,1554,財政部兩淮建坨
61670,建委會購料委員會,90,1527,National Construction Commission 建設委員會
61754,中央研究院紡織染實驗館,NA,28818,Academia Sinicia 南京中央研究院
61830,天津 A. E. G. 中華電機廠,427,26822,A. E. G. 工廠
61880,西北製造廠工務處,NA,61879,西北製造廠
61882,西北實業公司第九廠,NA,863,Northwest Industrial Company 太原西北實業公司
61889,交通大學圖書館,877,5535,Shanghai Jiaotong University 南洋大學/交通大學
61899,平綏鐵路工務處,NA,940,Beijing–Suiyuan Railway 京張鐵路/京綏鐵路/平綏鐵路
61953,天津市政府隄工委員會,427,13776,天津市政府
61955,鐵道部機務科,NA,5538,Ministry of Railways 鐵道部
61959,中央軍校特訓班,NA,38330,中央軍校
61982,浙贛鐵路工務分段,NA,678,Zhejiang–Jiangxi Railway 杭江鐵路/浙贛鐵路
62002,平桂礦務局煉錫廠,5414,5413,Pinggui Mining Affairs Bureau 平桂礦務局
62038,開灤礦務局馬家溝煤礦,8709,3149,Chinese Engineering and Mining Company 開灤礦務局
62054,河北建設廳技術室,63,7135,Hebei Construction Bureau 河北建設廳
62059,溥益製糖工廠修機廠,NA,62058,溥益製糖工廠
62063,江西建設廳技術室,70,3373,Jiangxi Reconstruction Bureau 江西建設廳
62076,東北大學工廠,511,987,Northeastern University 東北大學
62085,江西永新縣政府建設科,8366,62084,江西永新縣政府
62094,壬申製造廠工務科,NA,19181,壬申製造廠
62124,貴谿總機廠,62,678,Zhejiang–Jiangxi Railway 杭江鐵路/浙贛鐵路
62197,京滬鐵路常州分段,2406,1403,Nanjing–Shanghai Railway 京滬鐵路
62251,香港 Sir W. G. Armstrong & Co.,1072,20960,Sir W.G. Armstrong Whitworth & Co. Ltd.
62378,資委會湘黔區電廠,NA,972,National Resources Commission 資源委員會
62380,漢冶萍公司大冶廠,382,1141,Han Ye Ping Company 湖北漢冶萍公司
62384,資委會電工器材廠,NA,972,National Resources Commission 資源委員會
62407,資委會重慶煉銅廠,1270,972,National Resources Commission 資源委員會
62464,中山大學理工學院,NA,1957,Sun Yat-sen University 中山大學
62473,浙贛鐵路杭玉工務分段,NA,678,Zhejiang–Jiangxi Railway 杭江鐵路/浙贛鐵路
62598,水災救濟委員會第七區工賑局,NA,37152,水災救濟委員會
62897,浙贛鐵路杭州段,999,678,Zhejiang–Jiangxi Railway 杭江鐵路/浙贛鐵路
62965,津浦鐵路蚌埠工務分段,NA,1174,Tianjin–Pukou Railway 津浦鐵路
63018,隴海鐵路西段,NA,759,Gansu–Haizhou Railway 隴海鐵路
63044,津浦鐵路韓浦段,NA,1174,Tianjin–Pukou Railway 津浦鐵路
63059,青島長短波無綫電台,2331,2620,Ministry of Communications 交通部
63061,烟台長短波無綫電台,6947,2620,Ministry of Communications 交通部
63063,上海長短波無綫電台,877,2620,Ministry of Communications 交通部
63098,交通部購料委員會,NA,2620,Ministry of Communications 交通部
63222,大生一廠紡紗工場,NA,8191,南通大生一廠
63239,參謀本部城寨組,NA,1014,General Staff Headquarters 參謀本部
63248,浙贛鐵路礦產鑽探隊,NA,678,Zhejiang–Jiangxi Railway 杭江鐵路/浙贛鐵路
63269,黃河水利委員會測量隊,NA,716,Yellow River Commission 黃河水利委員會
63293,揚子江水利委員會查勘隊,NA,21309,Yangtze River Commission 揚子江水利委員會
63315,江蘇建設廳鎮澄工程處,71,1025,Jiangsu Construction Bureau 江蘇建設廳
63321,津浦鐵路濟南工廠,427,1174,Tianjin–Pukou Railway 津浦鐵路
63466,北寧鐵路古冶工務段,NA,505,Beijing–Mukden/Beijing–Liaoning Railway 京奉鐵路/平奉鐵路/北寧鐵路
63549,漢口西門子洋行,2380,2604,Siemens Co.
63569,上海西門子電廠,877,33124,上海西門子公司 (Siemens)
63611,浙江長興煤礦井工科,2932,9750,長興煤礦
63619,湘南煤礦局工務處,NA,6846,湘南煤礦局
63632,遼寧農鑛廳鑛務科,64,19748,遼寧農礦廳 (遼寧農鑛廳)
63663,福州協和大學事務部,NA,63662,福州協和大學
63701,航空委員會事務所,NA,4691,National Aviation Committee 航空委員會
63730,唐山開灤礦務局唐山地畝處,445,23776,唐山開灤礦務局
63740,中法大學鐵工廠,NA,6474,L'Université Franco-Chinoise 中法大學
63756,山東建設廳水利機械製造廠,NA,778,Shandong Construction Bureau 山東建設廳
63782,天津電話局管理股,427,5893,Tianjin Telephone Bureau 天津電話局
63790,湖南財政廳礦務科,NA,24968,湖南財政廳
63796,武昌造幣廠總務科,NA,63795,武昌造幣廠
63802,江華鑛務局業務課,NA,63801,江華鑛務局
63860,交通部江西南潯區,8109,15139,Nanjing Ministry of Communications 交通部
63945,開灤煤礦局,NA,505,Beijing–Mukden/Beijing–Liaoning Railway 京奉鐵路/平奉鐵路/北寧鐵路
64213,軍政部交通兵團,NA,1058,Ministry of War 軍政部
64349,克魯蘇車煉鋼廠,159,64347,法國克魯蘇車頭廠
64507,平漢鐵路機務處修機廠,410,31481,平漢鐵路機務處
64605,杭州電氣公司泗安分廠,64606,2248,杭州電氣公司
64835,財政部成都造幣廠,607,2416,Ministry of Finance 財政部
64885,陸軍交輜學校汽車工廠,90,7448,南京陸軍交輜學校
64966,度量衡檢定人員養成所,NA,18727,工商部
64991,廣州怡和機器公司,350,5267,Jardine Matheson 上海怡和機器公司
64995,交通部滬漢電報幹綫工務處,877,2620,Ministry of Communications 交通部
65227,建委會上海第一短波無線電台,877,1527,National Construction Commission 建設委員會
65249,中央研究院歷史語言研究所,NA,28818,Academia Sinicia 南京中央研究院
65267,太原兵工廠礮廠,726,857,Taiyuan Munitions Factory 太原兵工廠
65270,西北實業公司審檢處,NA,863,Northwest Industrial Company 太原西北實業公司
65274,天津造幣廠化驗科,427,6527,天津造幣廠
65281,西北煉鋼廠煉鐵部,NA,28832,Northwest Steel Mill 太原西北煉鋼廠
65327,河北農礦廳設計委員會,63,12723,河北農礦廳
65341,平漢鐵路高碑店站,65343,298,Beijing–Hankou Railway 京漢鐵路/平漢鐵路
65475,總司令行營無線電台,NA,29888,總司令部
65477,建委會北平無線電台,410,1527,National Construction Commission 建設委員會
65492,交通部電話技術規則編訂委員會,NA,2620,Ministry of Communications 交通部
65707,天廚味精廠香港分廠,NA,4911,天廚味精廠
65757,北平電話局交換股,410,2098,Beijing (Beiping) Telephone Bureau 北平電話局
65759,北平電話局設置股,410,2098,Beijing (Beiping) Telephone Bureau 北平電話局
65765,京漢鐵路長辛店機廠,37572,298,Beijing–Hankou Railway 京漢鐵路/平漢鐵路
65768,京漢鐵路廠務課,NA,298,Beijing–Hankou Railway 京漢鐵路/平漢鐵路
65771,京綏鐵路廠務課,NA,940,Beijing–Suiyuan Railway 京張鐵路/京綏鐵路/平綏鐵路
65827,建委會九江電廠,3265,1527,National Construction Commission 建設委員會
65844,京滬滬杭甬鐵路產業課,NA,584,Nanjing–Shanghai and Shanghai–Hangzhou–Ningbo Railways 京滬滬杭甬鐵路
65864,淮南路局,NA,10321,淮南鐵路
65868,南桐煤礦土木測繪組,NA,4221,NRC Nantong Coal Mine 資源委員會南桐煤礦
65886,廣東士敏土廠營業處,74,15228,廣東士敏土廠
65888,西村士敏土廠工務處,NA,12917,廣州西村士敏土廠
65891,廣東製紙廠籌備處,NA,65890,廣東製紙廠
65919,北寧鐵路機務處總稽查室,NA,16978,北寧鐵路機務處
65949,山東運河工程局工務課,1177,2518,山東運河工程局
65998,資委會錫礦工程處,NA,972,National Resources Commission 資源委員會
66079,開灤礦務局林西發電廠,4345,3149,Chinese Engineering and Mining Company 開灤礦務局
66082,雲南公路局宜陸段,81,20560,雲南公路局
66172,福建公路局寧福工程處,NA,6430,福建公路
66209,河北工學院高職部,NA,7625,Hebei Institution of Technology 河北工學院
66211,河北工學院機工科,NA,7625,Hebei Institution of Technology 河北工學院
66226,開灤礦冶局工程處,NA,66223,開灤礦冶局
66253,津浦鐵路車務分段,NA,1174,Tianjin–Pukou Railway 津浦鐵路
66259,重慶電力公司電力廠,NA,12957,重慶電力公司
66266,山西育才機器廠煉鋼機器廠,NA,47190,山西育才機器廠
66270,山西育才機器廠虎鉗廠,NA,47190,山西育才機器廠
66291,交通部直轄廈門航政辦事處,886,2620,Ministry of Communications 交通部
66293,上海航政局溫州辦事處,9204,9684,交通部上海航政局
66369,大生紡織公司第二紡廠,NA,8564,南通大生紡織公司
66379,西北實業公司第五廠,NA,863,Northwest Industrial Company 太原西北實業公司
66395,成都工學院電廠,NA,52599,四川成都工學院
66435,南昌水電廠籌備處,NA,28150,南昌水電廠
66462,交通大學事務室,NA,5535,Shanghai Jiaotong University 南洋大學/交通大學
66481,東北礦務局復州灣煤礦,64,10970,東北礦務局
66484,河南河務局總局,NA,687,Henan River Bureau 河南河務局
66494,杭州電氣公司供電股,NA,2248,杭州電氣公司
66497,杭州市政府礮兵技術研究處,NA,7862,杭州市政府
66509,四洮鐵路考工課,NA,9096,Siping–Taonan Railway 四洮鐵路
66512,四洮鐵路工程課,NA,9096,Siping–Taonan Railway 四洮鐵路
66515,北寧路山海關工廠,8312,505,Beijing–Mukden/Beijing–Liaoning Railway 京奉鐵路/平奉鐵路/北寧鐵路
66537,南京市工務局審勘股,NA,1758,Nanjing Public Works Department 南京市政府工務局
66550,吉長鐵路工廠,NA,12473,Jilin–Changchun Railway 吉長鐵路
66569,漢陽鋼鐵廠化鐵股,NA,1119,漢陽鋼鐵廠
66590,太原綏靖公署工務組,NA,8800,太原綏靖公署
66602,楚怡工校機械科,NA,5746,楚怡工業專門學校
66604,湖南高工機械科,NA,30726,湖南高工
66710,資委會鎢鑛工程處,NA,972,National Resources Commission 資源委員會
66728,廣西省政府衞生委員會,73,8376,Guangxi Provincial Government 廣西省政府
66857,交通部上海電報修理廠,877,2620,Ministry of Communications 交通部
66879,建委會上海第三短波無綫電台,NA,1527,National Construction Commission 建設委員會
66888,平綏鐵路南口工務段,43143,940,Beijing–Suiyuan Railway 京張鐵路/京綏鐵路/平綏鐵路
67524,交通部無線電報管理處,NA,2620,Ministry of Communications 交通部
67919,交通部首都電話局東山鎮分局,68319,4070,交通部首都電話局
68174,經委會鍾祥遙堤,29596,15566,National Economic Council 全國經濟委員會
68218,西門子電話部,NA,19304,西門子
68290,北寧鐵路山海關電信段,8312,505,Beijing–Mukden/Beijing–Liaoning Railway 京奉鐵路/平奉鐵路/北寧鐵路
68305,交通部瀋哈電報幹線工務處,NA,2620,Ministry of Communications 交通部
68324,井陘礦局機廠,NA,12425,河北井陘礦局
68332,山東大學工廠,NA,3093,Shandong University 山東大學
68334,清華大學工廠,NA,1879,Tsinghua (Qinghua) University 清華大學
68336,河北工業學院工廠,NA,6173,Hebei Polytechnical College 河北工業學院
68352,北寧鐵路工程課,NA,505,Beijing–Mukden/Beijing–Liaoning Railway 京奉鐵路/平奉鐵路/北寧鐵路
68356,清華大學特別研究室,NA,1879,Tsinghua (Qinghua) University 清華大學
68369,鐵道部技術標準委員會,NA,5538,Ministry of Railways 鐵道部
68373,西漢公路局,NA,15850,Xi'an–Hanzhong Highway 陝西寶鷄西漢公路
68377,天津電報局東馬路收發處,NA,4642,Tianjin Telegraph Office 交通部天津電報局
68386,交通部郵政總局,NA,2620,Ministry of Communications 交通部
68390,中央陸軍軍官學校成都分校,607,3972,Central Military Academy 中央陸軍軍官學校
68416,湖南實業司化驗所,NA,50903,湖南實業司
68419,湖南礦業公會化驗室,NA,68418,湖南礦業公會
68432,同濟大學工學院,NA,4037,Tongji University 同濟大學
68438,隴海鐵路工務段,NA,759,Gansu–Haizhou Railway 隴海鐵路
68461,資委會昆明煉鋼廠,556,972,National Resources Commission 資源委員會
68656,美國礦務局研究室,NA,68655,美國礦務局
68663,浙江長興煤礦,2932,2929,浙江長興煤礦局
68681,平漢鐵路郾城分段,6015,298,Beijing–Hankou Railway 京漢鐵路/平漢鐵路
68726,江南水泥廠工程處,NA,4747,江南水泥廠
68747,南滿鐵路長春機廠,755,7421,South Manchuria Railway 南滿鐵路
68861,建委會無線電機製造廠,NA,1527,National Construction Commission 建設委員會
69358,湖北建設廳漢宜省道工程處,NA,532,Hubei Construction Bureau 湖北建設廳
69387,交通大學電機系,NA,5535,Shanghai Jiaotong University 南洋大學/交通大學
69404,中央大學電機系,NA,1541,Central University 中央大學
69434,申新第三紡織公司電務處,NA,5103,無錫申新第三紡織公司 (申新第三紗廠/申新三廠)
69436,冀北電力公司電業處,NA,69381,冀北電力公司
69439,閘北水電公司業務科,NA,11454,"Chapei Electricity & Waterworks, Ltd. 上海閘北水電公司"
69446,資源委員會全國水力發電總處,NA,972,National Resources Commission 資源委員會
69454,經濟部電業司,NA,2474,Ministry of Economy 經濟部
69464,津浦鐵路管理局,427,1174,Tianjin–Pukou Railway 津浦鐵路
69465,津浦鐵路管理局駐滬辦事處,877,69464,津浦鐵路管理局
69467,台灣省鋼鐵公司第二廠,14656,69507,台灣省鋼鐵公司
69523,上海中國紡織建設公司第十二廠,NA,69522,上海中國紡織建設公司
69532,上海中國紡織建設公司第十七廠,NA,69522,上海中國紡織建設公司
69574,申新第九紗廠原動部,NA,23677,上海申新第九紡織廠
69592,交通大學機械系,NA,5535,Shanghai Jiaotong University 南洋大學/交通大學
69623,杭州平海路市政府公務科,NA,7862,杭州市政府
69625,江漢工程局第二工務所,NA,423,"National Economic Commission, Jianghan Engineering Department 經濟委員會江漢工程局"
69631,蕪湖獅子山後江南鐵路公司京蕪線,NA,51490,蕪湖江南鐵路公司
69638,南京參謀本部技術訓練班,90,1014,General Staff Headquarters 參謀本部
69667,浙江省公路局第四區公路管理處,2253,69666,浙江省公路局
69672,浙江省公路局屯建壽路第三分段工程處,NA,69666,浙江省公路局
69674,經委會公路工程督察處,NA,15566,National Economic Council 全國經濟委員會
69687,湯山砲校校舍工程處,NA,69685,湯山砲校
69693,浙江省公路局麗水各路工程聯合辦事處,2253,69666,浙江省公路局
69697,導淮入海工程處轉淮安段,6460,11385,導淮入海工程處
69784,浙贛鐵路中興工程公司,90,678,Zhejiang–Jiangxi Railway 杭江鐵路/浙贛鐵路
69788,南京軍事委員會行營交通處,NA,642,Military Affairs Commission 軍事委員會
69803,經委會金水建閘辦事處,69804,15566,National Economic Council 全國經濟委員會
69806,導淮委員會劉老澗船閘工程局,7050,5424,Huai River Water Conservancy 導淮委員會
69808,導淮委員會淮陰船閘工程局,6460,5424,Huai River Water Conservancy 導淮委員會
69810,浙江省公路局第三區公路管理處,453,1420,Zhejiang Highway Department 浙江公路局
69813,江蘇省建設廳錫滬路工程處,807,1025,Jiangsu Construction Bureau 江蘇建設廳
69817,江蘇省建設廳蘇常路工程處,NA,1025,Jiangsu Construction Bureau 江蘇建設廳
69829,江蘇省建設廳疏浚鎮武運河工賑處第六段工程事務所,NA,1025,Jiangsu Construction Bureau 江蘇建設廳
69982,浙贛鐵路局第四工務段,1597,678,Zhejiang–Jiangxi Railway 杭江鐵路/浙贛鐵路
69984,浙江省水利局三堰工程處,453,788,Zhejiang Water Conservancy 浙江水利局
69986,浙贛鐵路局杭玉段工務第一分段,15471,50666,浙贛鐵路杭玉段
69990,江蘇省建設廳鄭海幹線宿銅段測量隊,NA,1025,Jiangsu Construction Bureau 江蘇建設廳
70101,電化冶煉廠業務課,NA,70432,資源委員會電化冶煉廠
70106,益門煤礦廠,1434,16367,資源委員會川康銅業管理處
70141,Tin Mining Administration Bureau 錫業管理處,NA,972,National Resources Commission 資源委員會
70144,甘肅金礦探勘隊,69,29919,採金局
70149,Mercury Mining Administration Bureau 汞業管理處,NA,972,National Resources Commission 資源委員會
70164,兵工署四十二廠,NA,2609,Department of War Industries 南京兵工署
70224,平桂鑛務局半路墟鐵廠,NA,5413,Pinggui Mining Affairs Bureau 平桂礦務局
70232,金鑛探勘隊,NA,29919,採金局
70233,中央造幣廠桂林分廠,4238,2587,Shanghai Central Mint 上海中央造幣廠
70317,財政部稅務署,NA,2416,Ministry of Finance 財政部
70354,烏格煤礦,81,70141,Tin Mining Administration Bureau 錫業管理處
70382,經濟部工鑛調整處,NA,2474,Ministry of Economy 經濟部
70389,中央研究院地質研究所,NA,28818,Academia Sinicia 南京中央研究院
70394,資源委員會黔西鐵鑛籌備處,NA,972,National Resources Commission 資源委員會
70422,金城銀行重慶信託分部,1270,33597,上海金城銀行
70432,資源委員會電化冶煉廠,NA,972,National Resources Commission 資源委員會
70439,經濟部礦業司,NA,2474,Ministry of Economy 經濟部
70469,柳坪煤礦,NA,70249,中國興業公司
70523,鑛冶研究所試驗洗焦廠,NA,70099,礦冶研究所
70559,兵工署第二工廠煤礦處井,NA,2609,Department of War Industries 南京兵工署
70587,雲南錫業公司選鑛廠,NA,57747,Yunnan Tin 雲南錫業公司
70612,大渡口鋼鐡廠機廠,NA,2774,NRC Committee on Relocating Steelworks 資委會鋼鐵廠遷建委員會
70702,南溪區採金處,NA,29919,採金局
70724,雲南鑛業公司探採工程處,NA,70113,雲南鑛業公司
70728,雲南錫業公司銀洞錫鑛,NA,57747,Yunnan Tin 雲南錫業公司
70787,四川鑛業公司璧山鋼廠,NA,70239,四川鑛業公司
70830,浙贛鐵路駐滬辦事處,NA,678,Zhejiang–Jiangxi Railway 杭江鐵路/浙贛鐵路
70980,平漢鐵路機務分段,NA,298,Beijing–Hankou Railway 京漢鐵路/平漢鐵路
70984,鄂縣機務分段,NA,298,Beijing–Hankou Railway 京漢鐵路/平漢鐵路
71040,江蘇建設廳長途電話省交換所,NA,1025,Jiangsu Construction Bureau 江蘇建設廳
71106,北寧鐵路機車機械所,NA,505,Beijing–Mukden/Beijing–Liaoning Railway 京奉鐵路/平奉鐵路/北寧鐵路
71143,交通部滬蓉航空線管理處飛機修理廠,NA,2620,Ministry of Communications 交通部
71205,湘黔鐵路湘江橋工處,NA,8287,Hunan–Guizhou Railway 湘黔鐵路
71303,中山大學附中,NA,1957,Sun Yat-sen University 中山大學
71406,粵漢鐵路廣詔段,NA,2046,Guangzhou–Hankou Railway 粵漢鐵路
71460,日本東京芝區遞信省官吏人員訓練所,NA,2628,日本遞信省
71551,上海財政部稅務署,NA,9688,上海財政部
71559,陝西褒城西漢公路事務處,NA,15850,Xi'an–Hanzhong Highway 陝西寶鷄西漢公路
71736,參謀本部參謀訓練班,NA,1014,General Staff Headquarters 參謀本部
71762,漢陽火藥廠無烟藥廠,NA,8891,漢陽火藥廠
71816,六合永利化學工業公司硫酸錏廠電工部,NA,3798,永利化學工業公司
71876,四洮鐵路電務科,NA,9096,Siping–Taonan Railway 四洮鐵路
71892,皖北華洋義賑會,NA,21508,China International Famine Relief Commission 中國華洋義賑救災總會
72033,湖南公路江東修理廠下攝修理廠,NA,1135,Hunan Highway Bureau 湖南公路局
72035,湖南公路局黃花市修理廠,NA,1135,Hunan Highway Bureau 湖南公路局
72037,湖南公路局 湘鄉修理廠,NA,1135,Hunan Highway Bureau 湖南公路局
72204,甘肅油礦局西安辦事處,2596,26156,Gansu Oil Fields 甘肅油礦
72209,資源委員會蘭州辦事處,9601,972,National Resources Commission 資源委員會
72228,資源委員會資渝煉鋼廠,NA,972,National Resources Commission 資源委員會
72289,川康興業公司,NA,70249,中國興業公司
72298,綦江鐵鑛白石塘鑛場,77046,27227,NRC Qijiang Iron Mine 資源委員會綦江鐵礦
72339,採金局西溪區採金處,NA,29919,採金局
72354,中國興業公司涪陵鐵廠,NA,70249,中國興業公司
72368,中國興業公司彭涪鐵鑛,NA,70249,中國興業公司
72372,資源委員會鎢業管理處湖南分處,67,18754,NRC Tungsten Supervision Department 資委會鎢業管理處
72385,採金局南溪區採金處,NA,29919,採金局
72406,四川鑛業公司廣元煤礦顧籌備處,NA,70239,四川鑛業公司
72408,雲南錫業公司箇舊冶煉廠,NA,57747,Yunnan Tin 雲南錫業公司
72430,雲南錫業公司老廠錫鑛,NA,57747,Yunnan Tin 雲南錫業公司
72476,資源委員會西南鑛產測勘處,NA,972,National Resources Commission 資源委員會
72522,經濟部鑛業司,NA,2474,Ministry of Economy 經濟部
72565,膠濟路工務處,NA,8411,膠濟路
72607,京奉路錦朝支綫,NA,15696,京奉路
73603,京綏路豐鎮工務分段,NA,940,Beijing–Suiyuan Railway 京張鐵路/京綏鐵路/平綏鐵路
73816,粵漢鐵路車務處,NA,2046,Guangzhou–Hankou Railway 粵漢鐵路
73834,京漢路北京工程處,410,298,Beijing–Hankou Railway 京漢鐵路/平漢鐵路
73858,京奉路天津東站,427,505,Beijing–Mukden/Beijing–Liaoning Railway 京奉鐵路/平奉鐵路/北寧鐵路
74169,交通部大學北京學校,410,2620,Ministry of Communications 交通部
74309,交通部航政司,NA,2620,Ministry of Communications 交通部
74472,京漢鐵路盧保段,NA,298,Beijing–Hankou Railway 京漢鐵路/平漢鐵路
74507,Sinological Institue of Amoy University,NA,13202,廈門大學
74529,Administrative Bureau of Public Parks of Nanking Municipality,NA,1758,Nanjing Public Works Department 南京市政府工務局
74531,Sericultural Station of Nanking,NA,17446,南京市政府
74533,Department of Agriculture of the Ministry of Industry,NA,5204,Ministry of Industry 實業部
74604,Hankow office of the National Commercial and Savings Bank of Hongkong,2380,74603,National Commercial and Savings Bank of Hongkong
74609,Communication Department of the Bandit Supression Forces,NA,74608,"Headquarters of Bandit Suppression Forces for the Border Districts of Kiangsi, Kwangtung and Fukien"
74611,Communication Department of the Provisional Headquarters of the President of the Military Affairs Commission at Nanchang,522,35661,南昌軍事委員會
74616,Communication Department of the Headquarters of the Commander-in-Chief,NA,74615,"Headquarters of the Commander-in-Chief of the Northern Route Bandit-suppression Forces for the Provinces of Kiangsi, Kwangtung, Fukien, Hunan, and Hupeh"
74619,Communication Department of the Headquarters of the Pacification Commissioner of Kiangsi,NA,74618,Headquarters of the Pacification Commissioner of Kiangsi
74621,Communications Department of the Provisional Headquarters of the President of the Military Affairs Commission,1270,642,Military Affairs Commission 軍事委員會
74623,Training Institute of Radio Engineers of the Provisional Headquarters,NA,642,Military Affairs Commission 軍事委員會
74685,Printing and engraving bureau of the Department of Amdinistration of the Constitutional Government at Canton,NA,14419,廣東省政府
74690,Foreign Affairs for Kiungchow,NA,14419,廣東省政府
74694,Foreign Affairs at Canton,NA,14419,廣東省政府
74698,Customs Administration,NA,578,國民政府
74700,Foreign Relations Committee,NA,578,國民政府
74704,Central Executive Committee of Kuomingtang,NA,578,國民政府
74715,Sze-Ping-Kai Taonanfu Railway,NA,2620,Ministry of Communications 交通部
74724,Committee for the ceremony and the funeral affairs of Dr. Sun Yat-sen,NA,578,國民政府
74726,Construction commission for Cemetery for Martyrs of the Revolution,NA,578,國民政府
74754,Department of Mints in the Ministry of Finance,410,23945,Beijing Ministry of Finance 北京財政部
74974,National Highway Planning Commission of the Ministry of Railways,NA,5538,Ministry of Railways 鐵道部
75193,Public works department of the Canton Constabulary,350,75192,Canton Constabulary
75932,Commission on Standardization of Railway Technics,NA,5538,Ministry of Railways 鐵道部
75947,Water Conservancy Department,NA,1527,National Construction Commission 建設委員會
77037,財政部造幣廠,90,2416,Ministry of Finance 財政部
77252,Research Laboratory of Applied Chemistry,144,1044,Massachusetts Institute of Technology
77807,Massachusetts Institute of Technology Chinese Students Directory,15299,1044,Massachusetts Institute of Technology
77844,鐵道部計劃統計局,NA,77874,中華人民共和國鐵道部
77866,中國科學院上海生物工程實驗基地,877,77865,中國科學院
77875,鐵道部第四勘測設計院,NA,77874,中華人民共和國鐵道部
77896,鐵道部科技局技術交流處,NA,77874,中華人民共和國鐵道部
77903,中國人民解放軍鐵道兵,NA,77902,中國人民解放軍
77904,鐵道兵駐南京軍區工作組,90,77903,中國人民解放軍鐵道兵
77909,武漢第一冶金建設公司職工大學,356,77908,武漢第一冶金建設公司
77944,勞動部勞動科學研究所,NA,77943,中華人民共和國勞動部
77953,冶金部第十九冶金建設公司特種工程公司,NA,77952,中華人民共和國冶金工業部
77962,武漢鐵路局,356,77874,中華人民共和國鐵道部
77963,武漢鐵路局橋樑鑑定隊,356,77962,武漢鐵路局
77970,杭州大學數學系,999,77969,杭州大學
77974,青海鐵路局,86,77874,中華人民共和國鐵道部
