person_id,societies,societies_number,societies_date,societies_status
282,Association of Chinese and American Engineers,NA,Republican era,NA
282,Chinese Institute of Engineers 中華工程師學會,NA,Republican era,NA
320,NA,NA,Republican era,NA
322,NA,NA,Republican era,NA
336,NA,NA,Republican era,NA
340,NA,NA,Republican era,NA
368,NA,NA,Republican era,NA
401,NA,NA,Republican era,NA
424,NA,NA,Republican era,NA
428,NA,NA,Republican era,NA
441,NA,NA,Republican era,NA
448,NA,NA,Republican era,NA
452,NA,NA,Republican era,NA
458,NA,NA,Republican era,NA
478,NA,NA,Republican era,NA
480,NA,NA,Republican era,NA
495,NA,NA,Republican era,NA
513,NA,NA,Republican era,NA
517,NA,NA,Republican era,NA
523,NA,NA,Republican era,NA
537,NA,NA,Republican era,NA
543,NA,NA,Republican era,NA
546,NA,NA,Republican era,NA
552,NA,NA,Republican era,NA
557,NA,NA,Republican era,NA
565,NA,NA,Republican era,NA
568,NA,NA,Republican era,NA
570,NA,NA,Republican era,NA
589,NA,NA,Republican era,NA
593,NA,NA,Republican era,NA
596,NA,NA,Republican era,NA
600,NA,NA,Republican era,NA
614,NA,NA,Republican era,NA
617,NA,NA,Republican era,NA
624,NA,NA,Republican era,NA
637,NA,NA,Republican era,NA
643,NA,NA,Republican era,NA
651,NA,NA,Republican era,NA
655,NA,NA,Republican era,NA
658,NA,NA,Republican era,NA
672,NA,NA,Republican era,NA
679,NA,NA,Republican era,NA
683,NA,NA,Republican era,NA
689,NA,NA,Republican era,NA
705,NA,NA,Republican era,NA
710,NA,NA,Republican era,NA
718,NA,NA,Republican era,NA
722,NA,NA,Republican era,NA
750,NA,NA,Republican era,NA
764,NA,NA,Republican era,NA
774,NA,NA,Republican era,NA
781,NA,NA,Republican era,NA
794,NA,NA,Republican era,NA
798,NA,NA,Republican era,NA
801,NA,NA,Republican era,NA
805,NA,NA,Republican era,NA
812,Chinese Institute of Mining and Metallurgy 中國礦冶工程學會,NA,Republican era,NA
817,NA,NA,Republican era,NA
822,Association of Chinese and American Engineers,NA,Republican era,NA
826,NA,NA,Republican era,NA
835,NA,NA,Republican era,NA
838,NA,NA,Republican era,NA
840,NA,NA,Republican era,NA
843,Chinese Institute of Electrical Engineers 中國電機工程師學會,NA,Republican era,NA
848,NA,NA,Republican era,NA
852,NA,NA,Republican era,NA
865,NA,NA,Republican era,NA
868,NA,NA,Republican era,NA
870,NA,NA,Republican era,NA
874,NA,NA,Republican era,NA
878,NA,NA,Republican era,NA
899,NA,NA,Republican era,NA
902,NA,NA,Republican era,NA
905,NA,NA,Republican era,NA
908,NA,NA,Republican era,NA
930,NA,NA,Republican era,NA
931,NA,NA,Republican era,NA
934,NA,NA,Republican era,NA
941,China Hydraulic Engineering Society 中國水利工程學會,NA,Republican era,NA
949,NA,NA,Republican era,NA
952,NA,NA,Republican era,NA
955,NA,NA,Republican era,NA
958,NA,NA,Republican era,NA
961,NA,NA,Republican era,NA
964,NA,NA,Republican era,NA
973,NA,NA,Republican era,NA
979,NA,NA,Republican era,NA
992,NA,NA,Republican era,NA
995,NA,NA,Republican era,NA
1003,NA,NA,Republican era,NA
1010,NA,NA,Republican era,NA
1015,Zhongguo gongchengshi xuehui Wuhan fenhui 中國工程師學會武漢分會,NA,Republican era,NA
1039,NA,NA,Republican era,NA
1041,NA,NA,Republican era,NA
1047,NA,NA,Republican era,NA
1055,NA,NA,Republican era,NA
1062,NA,NA,Republican era,NA
1066,NA,NA,Republican era,NA
1068,NA,NA,Republican era,NA
1073,NA,NA,Republican era,NA
1075,NA,NA,Republican era,NA
1078,NA,NA,Republican era,NA
1082,Chinese Institute of Mining and Metallurgy 中國礦冶工程學會,NA,Republican era,NA
1090,NA,NA,Republican era,NA
1094,NA,NA,Republican era,NA
1098,NA,NA,Republican era,NA
1112,NA,NA,Republican era,NA
1125,NA,NA,Republican era,NA
1136,Chinese Institute of Mining and Metallurgy 中國礦冶工程學會,NA,Republican era,NA
1160,NA,NA,Republican era,NA
1165,NA,NA,Republican era,NA
1180,Chinese Institute of Engineers 中華工程師學會,NA,Republican era,NA
1188,Zhongguo gongchengshi xuehui Wuhan fenhui 中國工程師學會武漢分會,NA,Republican era,NA
1204,Chinese Institute of Electrical Engineers 中國電機工程師學會,NA,Republican era,NA
1209,NA,NA,Republican era,NA
1215,NA,NA,Republican era,NA
1217,NA,NA,Republican era,NA
1219,NA,NA,Republican era,NA
1224,China Colourists’ Association 中國染化工程學會,NA,Republican era,NA
1226,NA,NA,Republican era,NA
1229,NA,NA,Republican era,NA
1245,NA,NA,Republican era,NA
1250,NA,NA,Republican era,NA
1254,NA,NA,Republican era,NA
1258,NA,NA,Republican era,NA
1263,NA,NA,Republican era,NA
1267,NA,NA,Republican era,NA
1271,NA,NA,Republican era,NA
1285,NA,NA,Republican era,NA
1287,NA,NA,Republican era,NA
1289,NA,NA,Republican era,NA
1298,NA,NA,Republican era,NA
1302,NA,NA,Republican era,NA
1304,NA,NA,Republican era,NA
1308,NA,NA,Republican era,NA
1323,NA,NA,Republican era,NA
1327,NA,NA,Republican era,NA
1329,NA,NA,Republican era,NA
1331,NA,NA,Republican era,NA
1334,NA,NA,Republican era,NA
1351,NA,NA,Republican era,NA
1355,NA,NA,Republican era,NA
1358,NA,NA,Republican era,NA
1361,NA,NA,Republican era,NA
1363,NA,NA,Republican era,NA
1366,NA,NA,Republican era,NA
1373,NA,NA,Republican era,NA
1375,NA,NA,Republican era,NA
1377,NA,NA,Republican era,NA
1381,China Engineering Society 中國工程學會,NA,Republican era,NA
1399,China Engineering Society 中國工程學會,NA,Republican era,NA
1408,NA,NA,Republican era,NA
1414,NA,NA,Republican era,NA
1424,NA,NA,Republican era,NA
1426,NA,NA,Republican era,NA
1432,NA,NA,Republican era,NA
1458,NA,NA,Republican era,NA
1464,NA,NA,Republican era,NA
1469,NA,NA,Republican era,NA
1471,NA,NA,Republican era,NA
1475,NA,NA,Republican era,NA
1479,NA,NA,Republican era,NA
1481,China Colourists’ Association 中國染化工程學會,NA,Republican era,NA
1486,NA,NA,Republican era,NA
1489,NA,NA,Republican era,NA
1492,NA,NA,Republican era,NA
1497,NA,NA,Republican era,NA
1513,NA,NA,Republican era,NA
1518,NA,NA,Republican era,NA
1521,NA,NA,Republican era,NA
1528,NA,NA,Republican era,NA
1532,NA,NA,Republican era,NA
1538,NA,NA,Republican era,NA
1543,NA,NA,Republican era,NA
1558,NA,NA,Republican era,NA
1563,NA,NA,Republican era,NA
1566,NA,NA,Republican era,NA
1572,NA,NA,Republican era,NA
1575,NA,NA,Republican era,NA
1577,NA,NA,Republican era,NA
1580,NA,NA,Republican era,NA
1588,NA,NA,Republican era,NA
1591,NA,NA,Republican era,NA
1596,Chinese Institute of Electrical Engineers 中國電機工程師學會,NA,Republican era,NA
1603,China Engineering Society 中國工程學會,NA,Republican era,NA
1606,NA,NA,Republican era,NA
1611,NA,NA,Republican era,NA
1613,NA,NA,Republican era,NA
1617,China Colourists’ Association 中國染化工程學會,NA,Republican era,NA
1620,NA,NA,Republican era,NA
1625,NA,NA,Republican era,NA
1629,NA,NA,Republican era,NA
1632,NA,NA,Republican era,NA
1635,NA,NA,Republican era,NA
1639,NA,NA,Republican era,NA
1642,NA,NA,Republican era,NA
1654,NA,NA,Republican era,NA
1658,NA,NA,Republican era,NA
1663,Chinese Institute of Engineers 中華工程師學會,NA,Republican era,NA
1668,NA,NA,Republican era,NA
1670,NA,NA,Republican era,NA
1673,NA,NA,Republican era,NA
1677,NA,NA,Republican era,NA
1681,NA,NA,Republican era,NA
1691,NA,NA,Republican era,NA
1693,NA,NA,Republican era,NA
1699,NA,NA,Republican era,NA
1707,NA,NA,Republican era,NA
1710,NA,NA,Republican era,NA
1713,NA,NA,Republican era,NA
1728,NA,NA,Republican era,NA
1739,NA,NA,Republican era,NA
1743,NA,NA,Republican era,NA
1745,NA,NA,Republican era,NA
1747,NA,NA,Republican era,NA
1755,NA,NA,Republican era,NA
1768,NA,NA,Republican era,NA
1778,NA,NA,Republican era,NA
1781,NA,NA,Republican era,NA
1796,Chinese Institute of Electrical Engineers 中國電機工程師學會,NA,Republican era,NA
1796,American Institute of Electrical Engineers,NA,Republican era,NA
1796,American Radio Relay League,NA,Republican era,NA
1796,China Engineering Society 中國工程學會,NA,Republican era,NA
1796,China Amateur Radio Union,NA,Republican era,NA
1816,NA,NA,Republican era,NA
1822,NA,NA,Republican era,NA
1826,NA,NA,Republican era,NA
1829,NA,NA,Republican era,NA
1831,NA,NA,Republican era,NA
1836,NA,NA,Republican era,NA
1838,NA,NA,Republican era,NA
1844,NA,NA,Republican era,NA
1846,NA,NA,Republican era,NA
1856,NA,NA,Republican era,NA
1866,NA,NA,Republican era,NA
1872,NA,NA,Republican era,NA
1874,NA,NA,Republican era,NA
1880,NA,NA,Republican era,NA
1884,NA,NA,Republican era,NA
1887,NA,NA,Republican era,NA
1890,NA,NA,Republican era,NA
1896,NA,NA,Republican era,NA
1898,NA,NA,Republican era,NA
1900,NA,NA,Republican era,NA
1902,NA,NA,Republican era,NA
1905,NA,NA,Republican era,NA
1917,NA,NA,Republican era,NA
1918,NA,NA,Republican era,NA
1921,NA,NA,Republican era,NA
1922,NA,NA,Republican era,NA
1925,NA,NA,Republican era,NA
1929,NA,NA,Republican era,NA
1930,NA,NA,Republican era,NA
1933,NA,NA,Republican era,NA
1935,NA,NA,Republican era,NA
1936,Chinese Institute of Electrical Engineers 中國電機工程師學會,NA,Republican era,NA
1971,NA,NA,Republican era,NA
1974,NA,NA,Republican era,NA
1982,NA,NA,Republican era,NA
1986,NA,NA,Republican era,NA
1989,Chinese Institute of Electrical Engineers 中國電機工程師學會,NA,Republican era,NA
1992,NA,NA,Republican era,NA
2000,NA,NA,Republican era,NA
2002,NA,NA,Republican era,NA
2005,NA,NA,Republican era,NA
2007,NA,NA,Republican era,NA
2009,NA,NA,Republican era,NA
2011,China Hydraulic Engineering Society 中國水利工程學會,NA,Republican era,NA
2026,NA,NA,Republican era,NA
2029,NA,NA,Republican era,NA
2031,NA,NA,Republican era,NA
2034,NA,NA,Republican era,NA
2041,NA,NA,Republican era,NA
2052,NA,NA,Republican era,NA
2057,China Engineering Society 中國工程學會,NA,Republican era,NA
2059,NA,NA,Republican era,NA
2061,NA,NA,Republican era,NA
2064,NA,NA,Republican era,NA
2067,NA,NA,Republican era,NA
2070,NA,NA,Republican era,NA
2073,NA,NA,Republican era,NA
2075,NA,NA,Republican era,NA
2100,NA,NA,Republican era,NA
2113,NA,NA,Republican era,NA
2119,NA,NA,Republican era,NA
2136,NA,NA,Republican era,NA
2140,NA,NA,Republican era,NA
2149,NA,NA,Republican era,NA
2159,NA,NA,Republican era,NA
2162,NA,NA,Republican era,NA
2171,NA,NA,Republican era,NA
2193,NA,NA,Republican era,NA
2195,NA,NA,Republican era,NA
2198,NA,NA,Republican era,NA
2209,NA,NA,Republican era,NA
2211,NA,NA,Republican era,NA
2219,NA,NA,Republican era,NA
2229,NA,NA,Republican era,NA
2235,NA,NA,Republican era,NA
2254,Chinese Institute of Engineers 中華工程師學會,NA,Republican era,NA
2276,NA,NA,Republican era,NA
2289,NA,NA,Republican era,NA
2291,NA,NA,Republican era,NA
2295,NA,NA,Republican era,NA
2302,China Hydraulic Engineering Society 中國水利工程學會,NA,Republican era,NA
2306,NA,NA,Republican era,NA
2309,NA,NA,Republican era,NA
2312,NA,NA,Republican era,NA
2315,NA,NA,Republican era,NA
2326,NA,NA,Republican era,NA
2332,NA,NA,Republican era,NA
2334,NA,NA,Republican era,NA
2344,NA,NA,Republican era,NA
2346,NA,NA,Republican era,NA
2348,NA,NA,Republican era,NA
2351,NA,NA,Republican era,NA
2355,NA,NA,Republican era,NA
2367,Chinese Institute of Electrical Engineers 中國電機工程師學會,NA,Republican era,NA
2384,NA,NA,Republican era,NA
2386,China Engineering Society 中國工程學會,NA,Republican era,NA
2389,NA,NA,Republican era,NA
2392,NA,NA,Republican era,NA
2409,NA,NA,Republican era,NA
2411,NA,NA,Republican era,NA
2417,NA,NA,Republican era,NA
2423,NA,NA,Republican era,NA
2426,NA,NA,Republican era,NA
2428,Chinese Institute of Mining and Metallurgy 中國礦冶工程學會,NA,Republican era,NA
2432,NA,NA,Republican era,NA
2434,NA,NA,Republican era,NA
2437,NA,NA,Republican era,NA
2442,NA,NA,Republican era,NA
2449,NA,NA,Republican era,NA
2469,Chinese Institute of Electrical Engineers 中國電機工程師學會,NA,Republican era,NA
2478,NA,NA,Republican era,NA
2480,NA,NA,Republican era,NA
2488,NA,NA,Republican era,NA
2492,NA,NA,Republican era,NA
2497,NA,NA,Republican era,NA
2504,NA,NA,Republican era,NA
2507,NA,NA,Republican era,NA
2510,NA,NA,Republican era,NA
2519,NA,NA,Republican era,NA
2522,NA,NA,Republican era,NA
2529,NA,NA,Republican era,NA
2532,NA,NA,Republican era,NA
2538,NA,NA,Republican era,NA
2541,NA,NA,Republican era,NA
2544,NA,NA,Republican era,NA
2548,NA,NA,Republican era,NA
2556,NA,NA,Republican era,NA
2558,NA,NA,Republican era,NA
2562,NA,NA,Republican era,NA
2566,NA,NA,Republican era,NA
2582,NA,NA,Republican era,NA
2588,NA,NA,Republican era,NA
2601,NA,NA,Republican era,NA
2622,NA,NA,Republican era,NA
2624,NA,NA,Republican era,NA
2635,NA,NA,Republican era,NA
2640,NA,NA,Republican era,NA
2643,NA,NA,Republican era,NA
2647,NA,NA,Republican era,NA
2657,NA,NA,Republican era,NA
2668,NA,NA,Republican era,NA
2670,NA,NA,Republican era,NA
2676,Chinese Institute of Engineers 中華工程師學會,NA,Republican era,NA
2682,Chinese Institute of Mining and Metallurgy 中國礦冶工程學會,NA,Republican era,NA
2699,NA,NA,Republican era,NA
2708,Chinese Institute of Mining and Metallurgy 中國礦冶工程學會,NA,Republican era,NA
2719,NA,NA,Republican era,NA
2721,NA,NA,Republican era,NA
2724,NA,NA,Republican era,NA
2727,NA,NA,Republican era,NA
2731,NA,NA,Republican era,NA
2734,NA,NA,Republican era,NA
2737,Chinese Institute of Mining and Metallurgy 中國礦冶工程學會,NA,Republican era,NA
2745,NA,NA,Republican era,NA
2747,NA,NA,Republican era,NA
2775,NA,NA,Republican era,NA
2777,NA,NA,Republican era,NA
2779,NA,NA,Republican era,NA
2784,NA,NA,Republican era,NA
2788,NA,NA,Republican era,NA
2793,NA,NA,Republican era,NA
2796,NA,NA,Republican era,NA
2813,NA,NA,Republican era,NA
2815,NA,NA,Republican era,NA
2817,NA,NA,Republican era,NA
2819,NA,NA,Republican era,NA
2821,NA,NA,Republican era,NA
2828,NA,NA,Republican era,NA
2834,NA,NA,Republican era,NA
2836,NA,NA,Republican era,NA
2842,NA,NA,Republican era,NA
2854,NA,NA,Republican era,NA
2856,NA,NA,Republican era,NA
2860,NA,NA,Republican era,NA
2863,NA,NA,Republican era,NA
2868,Chinese Institute of Electrical Engineers 中國電機工程師學會,NA,Republican era,NA
2872,NA,NA,Republican era,NA
2874,NA,NA,Republican era,NA
2877,NA,NA,Republican era,NA
2879,NA,NA,Republican era,NA
2886,NA,NA,Republican era,NA
2890,China Hydraulic Engineering Society 中國水利工程學會,NA,Republican era,NA
2893,NA,NA,Republican era,NA
2897,NA,NA,Republican era,NA
2900,NA,NA,Republican era,NA
2922,NA,NA,Republican era,NA
2924,NA,NA,Republican era,NA
2941,NA,NA,Republican era,NA
2944,NA,NA,Republican era,NA
2963,NA,NA,Republican era,NA
2965,NA,NA,Republican era,NA
2967,NA,NA,Republican era,NA
2969,NA,NA,Republican era,NA
2973,NA,NA,Republican era,NA
2977,NA,NA,Republican era,NA
2984,NA,NA,Republican era,NA
2996,NA,NA,Republican era,NA
2998,NA,NA,Republican era,NA
3000,NA,NA,Republican era,NA
3007,NA,NA,Republican era,NA
3009,NA,NA,Republican era,NA
3013,NA,NA,Republican era,NA
3015,NA,NA,Republican era,NA
3018,NA,NA,Republican era,NA
3020,NA,NA,Republican era,NA
3022,NA,NA,Republican era,NA
3030,NA,NA,Republican era,NA
3032,NA,NA,Republican era,NA
3035,NA,NA,Republican era,NA
3041,NA,NA,Republican era,NA
3052,NA,NA,Republican era,NA
3055,NA,NA,Republican era,NA
3057,NA,NA,Republican era,NA
3071,NA,NA,Republican era,NA
3077,NA,NA,Republican era,NA
3079,NA,NA,Republican era,NA
3081,NA,NA,Republican era,NA
3084,NA,NA,Republican era,NA
3088,NA,NA,Republican era,NA
3090,NA,NA,Republican era,NA
3094,NA,NA,Republican era,NA
3100,Zhongguo gongchengshi xuehui Wuhan fenhui 中國工程師學會武漢分會,NA,Republican era,NA
3116,NA,NA,Republican era,NA
3118,China Power Engineering Society 中國動力工程學會,NA,Republican era,NA
3118,Chinese Institute of Electrical Engineers 中國電機工程師學會,NA,Republican era,NA
3132,NA,NA,Republican era,NA
3135,NA,NA,Republican era,NA
3137,NA,NA,Republican era,NA
3142,Chinese Institute of Mining and Metallurgy 中國礦冶工程學會,NA,Republican era,NA
3150,NA,NA,Republican era,NA
3152,NA,NA,Republican era,NA
3154,NA,NA,Republican era,NA
3171,Chinese Institute of Mining and Metallurgy 中國礦冶工程學會,NA,Republican era,NA
3196,NA,NA,Republican era,NA
3198,NA,NA,Republican era,NA
3202,NA,NA,Republican era,NA
3211,NA,NA,Republican era,NA
3213,NA,NA,Republican era,NA
3217,NA,NA,Republican era,NA
3222,NA,NA,Republican era,NA
3224,NA,NA,Republican era,NA
3228,NA,NA,Republican era,NA
3232,NA,NA,Republican era,NA
3234,NA,NA,Republican era,NA
3236,NA,NA,Republican era,NA
3238,NA,NA,Republican era,NA
3242,NA,NA,Republican era,NA
3254,NA,NA,Republican era,NA
3256,Chinese Institute of Electrical Engineers 中國電機工程師學會,NA,Republican era,NA
3269,NA,NA,Republican era,NA
3272,NA,NA,Republican era,NA
3274,NA,NA,Republican era,NA
3279,NA,NA,Republican era,NA
3282,NA,NA,Republican era,NA
3298,NA,NA,Republican era,NA
3310,NA,NA,Republican era,NA
3312,NA,NA,Republican era,NA
3318,NA,NA,Republican era,NA
3322,NA,NA,Republican era,NA
3325,NA,NA,Republican era,NA
3328,NA,NA,Republican era,NA
3330,NA,NA,Republican era,NA
3334,NA,NA,Republican era,NA
3337,NA,NA,Republican era,NA
3347,NA,NA,Republican era,NA
3365,NA,NA,Republican era,NA
3376,NA,NA,Republican era,NA
3381,NA,NA,Republican era,NA
3404,NA,NA,Republican era,NA
3406,NA,NA,Republican era,NA
3409,NA,NA,Republican era,NA
3412,NA,NA,Republican era,NA
3414,NA,NA,Republican era,NA
3418,NA,NA,Republican era,NA
3421,NA,NA,Republican era,NA
3423,NA,NA,Republican era,NA
3430,NA,NA,Republican era,NA
3432,NA,NA,Republican era,NA
3434,NA,NA,Republican era,NA
3437,NA,NA,Republican era,NA
3449,NA,NA,Republican era,NA
3451,NA,NA,Republican era,NA
3466,NA,NA,Republican era,NA
3470,NA,NA,Republican era,NA
3473,NA,NA,Republican era,NA
3475,NA,NA,Republican era,NA
3477,NA,NA,Republican era,NA
3487,NA,NA,Republican era,NA
3490,NA,NA,Republican era,NA
3494,NA,NA,Republican era,NA
3497,NA,NA,Republican era,NA
3499,Chinese Institute of Electrical Engineers 中國電機工程師學會,NA,Republican era,NA
3504,NA,NA,Republican era,NA
3507,NA,NA,Republican era,NA
3515,NA,NA,Republican era,NA
3528,NA,NA,Republican era,NA
3531,NA,NA,Republican era,NA
3533,NA,NA,Republican era,NA
3536,NA,NA,Republican era,NA
3538,NA,NA,Republican era,NA
3539,NA,NA,Republican era,NA
3546,China Power Engineering Society 中國動力工程學會,NA,Republican era,NA
3546,Chinese Institute of Electrical Engineers 中國電機工程師學會,NA,Republican era,NA
3547,NA,NA,Republican era,NA
3561,NA,NA,Republican era,NA
3570,NA,NA,Republican era,NA
3576,NA,NA,Republican era,NA
3581,NA,NA,Republican era,NA
3585,NA,NA,Republican era,NA
3587,NA,NA,Republican era,NA
3591,Chinese Institute of Mining and Metallurgy 中國礦冶工程學會,NA,Republican era,NA
3607,NA,NA,Republican era,NA
3610,NA,NA,Republican era,NA
3617,NA,NA,Republican era,NA
3638,NA,NA,Republican era,NA
3641,NA,NA,Republican era,NA
3644,NA,NA,Republican era,NA
3653,NA,NA,Republican era,NA
3655,NA,NA,Republican era,NA
3657,NA,NA,Republican era,NA
3661,NA,NA,Republican era,NA
3664,NA,NA,Republican era,NA
3671,NA,NA,Republican era,NA
3674,NA,NA,Republican era,NA
3685,NA,NA,Republican era,NA
3693,NA,NA,Republican era,NA
3709,NA,NA,Republican era,NA
3722,NA,NA,Republican era,NA
3723,NA,NA,Republican era,NA
3724,NA,NA,Republican era,NA
3727,NA,NA,Republican era,NA
3731,NA,NA,Republican era,NA
3737,NA,NA,Republican era,NA
3738,NA,NA,Republican era,NA
3742,NA,NA,Republican era,NA
3746,NA,NA,Republican era,NA
3748,NA,NA,Republican era,NA
3764,NA,NA,Republican era,NA
3767,NA,NA,Republican era,NA
3770,NA,NA,Republican era,NA
3773,NA,NA,Republican era,NA
3779,NA,NA,Republican era,NA
3782,NA,NA,Republican era,NA
3786,Chinese Institute of Mining and Metallurgy 中國礦冶工程學會,NA,Republican era,NA
3799,NA,NA,Republican era,NA
3802,NA,NA,Republican era,NA
3805,NA,NA,Republican era,NA
3810,NA,NA,Republican era,NA
3815,NA,NA,Republican era,NA
3818,NA,NA,Republican era,NA
3825,NA,NA,Republican era,NA
3828,NA,NA,Republican era,NA
3831,NA,NA,Republican era,NA
3833,NA,NA,Republican era,NA
3835,NA,NA,Republican era,NA
3838,NA,NA,Republican era,NA
3846,NA,NA,Republican era,NA
3850,NA,NA,Republican era,NA
3854,NA,NA,Republican era,NA
3856,NA,NA,Republican era,NA
3859,NA,NA,Republican era,NA
3862,China Hydraulic Engineering Society 中國水利工程學會,NA,Republican era,NA
3865,NA,NA,Republican era,NA
3868,NA,NA,Republican era,NA
3870,Chinese Institute of Mining and Metallurgy 中國礦冶工程學會,NA,Republican era,NA
3883,NA,NA,Republican era,NA
3900,NA,NA,Republican era,NA
3903,NA,NA,Republican era,NA
3905,NA,NA,Republican era,NA
3913,NA,NA,Republican era,NA
3914,China Colourists’ Association 中國染化工程學會,NA,Republican era,NA
3918,NA,NA,Republican era,NA
3920,NA,NA,Republican era,NA
3923,NA,NA,Republican era,NA
3926,NA,NA,Republican era,NA
3928,NA,NA,Republican era,NA
3932,NA,NA,Republican era,NA
3934,NA,NA,Republican era,NA
3937,NA,NA,Republican era,NA
3939,NA,NA,Republican era,NA
3942,NA,NA,Republican era,NA
3960,NA,NA,Republican era,NA
3962,NA,NA,Republican era,NA
3965,NA,NA,Republican era,NA
3968,NA,NA,Republican era,NA
3973,NA,NA,Republican era,NA
3975,NA,NA,Republican era,NA
3980,NA,NA,Republican era,NA
3987,NA,NA,Republican era,NA
3989,NA,NA,Republican era,NA
3993,NA,NA,Republican era,NA
3998,NA,NA,Republican era,NA
4004,NA,NA,Republican era,NA
4008,NA,NA,Republican era,NA
4012,NA,NA,Republican era,NA
4015,NA,NA,Republican era,NA
4031,NA,NA,Republican era,NA
4040,NA,NA,Republican era,NA
4050,NA,NA,Republican era,NA
4053,NA,NA,Republican era,NA
4055,NA,NA,Republican era,NA
4057,NA,NA,Republican era,NA
4059,NA,NA,Republican era,NA
4061,NA,NA,Republican era,NA
4063,NA,NA,Republican era,NA
4065,NA,NA,Republican era,NA
4067,NA,NA,Republican era,NA
4071,NA,NA,Republican era,NA
4075,NA,NA,Republican era,NA
4078,NA,NA,Republican era,NA
4081,NA,NA,Republican era,NA
4085,NA,NA,Republican era,NA
4088,NA,NA,Republican era,NA
4092,NA,NA,Republican era,NA
4104,NA,NA,Republican era,NA
4106,Zhongguo gongchengshi xuehui Wuhan fenhui 中國工程師學會武漢分會,NA,Republican era,NA
4118,NA,NA,Republican era,NA
4121,NA,NA,Republican era,NA
4125,Association of Chinese and American Engineers,NA,Republican era,NA
4125,China Hydraulic Engineering Society 中國水利工程學會,NA,Republican era,NA
4128,NA,NA,Republican era,NA
4132,NA,NA,Republican era,NA
4134,NA,NA,Republican era,NA
4137,NA,NA,Republican era,NA
4151,Chinese Institute of Mining and Metallurgy 中國礦冶工程學會,NA,Republican era,NA
4152,Chinese Institute of Engineers 中華工程師學會,NA,Republican era,NA
4185,NA,NA,Republican era,NA
4188,NA,NA,Republican era,NA
4191,NA,NA,Republican era,NA
4194,NA,NA,Republican era,NA
4197,NA,NA,Republican era,NA
4199,China Engineering Society 中國工程學會,NA,Republican era,NA
4205,Chinese Institute of Mining and Metallurgy 中國礦冶工程學會,NA,Republican era,NA
4227,NA,NA,Republican era,NA
4231,Chinese Institute of Electrical Engineers 中國電機工程師學會,NA,Republican era,NA
4234,NA,NA,Republican era,NA
4239,China Engineering Society 中國工程學會,NA,Republican era,NA
4254,China Power Engineering Society 中國動力工程學會,NA,Republican era,NA
4254,Chinese Institute of Electrical Engineers 中國電機工程師學會,NA,Republican era,NA
4265,NA,NA,Republican era,NA
4268,NA,NA,Republican era,NA
4271,NA,NA,Republican era,NA
4278,Chinese Institute of Mining and Metallurgy 中國礦冶工程學會,NA,Republican era,NA
4285,NA,NA,Republican era,NA
4288,NA,NA,Republican era,NA
4290,NA,NA,Republican era,NA
4298,NA,NA,Republican era,NA
4300,NA,NA,Republican era,NA
4303,NA,NA,Republican era,NA
4306,NA,NA,Republican era,NA
4313,NA,NA,Republican era,NA
4316,NA,NA,Republican era,NA
4318,NA,NA,Republican era,NA
4319,NA,NA,Republican era,NA
4325,NA,NA,Republican era,NA
4326,NA,NA,Republican era,NA
4329,Chinese Institute of Electrical Engineers 中國電機工程師學會,NA,Republican era,NA
4334,Chinese Institute of Mining and Metallurgy 中國礦冶工程學會,NA,Republican era,NA
4346,NA,NA,Republican era,NA
4348,NA,NA,Republican era,NA
4350,NA,NA,Republican era,NA
4352,NA,NA,Republican era,NA
4354,NA,NA,Republican era,NA
4368,NA,NA,Republican era,NA
4370,NA,NA,Republican era,NA
4374,NA,NA,Republican era,NA
4382,NA,NA,Republican era,NA
4388,NA,NA,Republican era,NA
4391,NA,NA,Republican era,NA
4392,NA,NA,Republican era,NA
4399,NA,NA,Republican era,NA
4400,NA,NA,Republican era,NA
4413,NA,NA,Republican era,NA
4424,NA,NA,Republican era,NA
4427,NA,NA,Republican era,NA
4434,NA,NA,Republican era,NA
4444,NA,NA,Republican era,NA
4446,NA,NA,Republican era,NA
4448,NA,NA,Republican era,NA
4451,NA,NA,Republican era,NA
4453,Chinese Institute of Electrical Engineers 中國電機工程師學會,NA,Republican era,NA
4458,NA,NA,Republican era,NA
4461,NA,NA,Republican era,NA
4463,NA,NA,Republican era,NA
4465,NA,NA,Republican era,NA
4467,NA,NA,Republican era,NA
4471,NA,NA,Republican era,NA
4473,NA,NA,Republican era,NA
4475,NA,NA,Republican era,NA
4477,NA,NA,Republican era,NA
4480,NA,NA,Republican era,NA
4502,NA,NA,Republican era,NA
4505,NA,NA,Republican era,NA
4507,NA,NA,Republican era,NA
4512,NA,NA,Republican era,NA
4525,NA,NA,Republican era,NA
4531,China Colourists’ Association 中國染化工程學會,NA,Republican era,NA
4541,NA,NA,Republican era,NA
4548,NA,NA,Republican era,NA
4550,NA,NA,Republican era,NA
4552,Chinese Institute of Engineers 中華工程師學會,NA,Republican era,NA
4579,NA,NA,Republican era,NA
4582,NA,NA,Republican era,NA
4591,NA,NA,Republican era,NA
4593,NA,NA,Republican era,NA
4606,NA,NA,Republican era,NA
4615,NA,NA,Republican era,NA
4618,NA,NA,Republican era,NA
4624,NA,NA,Republican era,NA
4635,NA,NA,Republican era,NA
4643,NA,NA,Republican era,NA
4646,NA,NA,Republican era,NA
4648,Chinese Institute of Electrical Engineers 中國電機工程師學會,NA,Republican era,NA
4650,NA,NA,Republican era,NA
4666,NA,NA,Republican era,NA
4668,NA,NA,Republican era,NA
4678,NA,NA,Republican era,NA
4682,NA,NA,Republican era,NA
4693,NA,NA,Republican era,NA
4698,NA,NA,Republican era,NA
4715,Chinese Institute of Mining and Metallurgy 中國礦冶工程學會,NA,Republican era,NA
4723,NA,NA,Republican era,NA
4725,NA,NA,Republican era,NA
4727,NA,NA,Republican era,NA
4731,NA,NA,Republican era,NA
4733,China Hydraulic Engineering Society 中國水利工程學會,NA,Republican era,NA
4748,NA,NA,Republican era,NA
4750,NA,NA,Republican era,NA
4752,NA,NA,Republican era,NA
4756,NA,NA,Republican era,NA
4758,NA,NA,Republican era,NA
4761,NA,NA,Republican era,NA
4766,NA,NA,Republican era,NA
4774,NA,NA,Republican era,NA
4778,NA,NA,Republican era,NA
4786,NA,NA,Republican era,NA
4790,NA,NA,Republican era,NA
4791,NA,NA,Republican era,NA
4801,NA,NA,Republican era,NA
4808,NA,NA,Republican era,NA
4811,NA,NA,Republican era,NA
4813,NA,NA,Republican era,NA
4815,Chinese Institute of Mining and Metallurgy 中國礦冶工程學會,NA,Republican era,NA
4825,NA,NA,Republican era,NA
4832,NA,NA,Republican era,NA
4841,NA,NA,Republican era,NA
4845,NA,NA,Republican era,NA
4848,NA,NA,Republican era,NA
4858,NA,NA,Republican era,NA
4865,NA,NA,Republican era,NA
4868,NA,NA,Republican era,NA
4870,NA,NA,Republican era,NA
4872,China Hydraulic Engineering Society 中國水利工程學會,NA,Republican era,NA
4877,NA,NA,Republican era,NA
4881,NA,NA,Republican era,NA
4890,NA,NA,Republican era,NA
4892,NA,NA,Republican era,NA
4906,NA,NA,Republican era,NA
4915,NA,NA,Republican era,NA
4919,NA,NA,Republican era,NA
4923,NA,NA,Republican era,NA
4944,NA,NA,Republican era,NA
4948,NA,NA,Republican era,NA
4951,NA,NA,Republican era,NA
4967,NA,NA,Republican era,NA
4971,NA,NA,Republican era,NA
4973,NA,NA,Republican era,NA
4976,NA,NA,Republican era,NA
4979,NA,NA,Republican era,NA
4981,NA,NA,Republican era,NA
4988,NA,NA,Republican era,NA
4991,NA,NA,Republican era,NA
4995,NA,NA,Republican era,NA
5002,NA,NA,Republican era,NA
5016,NA,NA,Republican era,NA
5018,NA,NA,Republican era,NA
5022,NA,NA,Republican era,NA
5053,NA,NA,Republican era,NA
5056,Chinese Institute of Engineers 中華工程師學會,NA,Republican era,NA
5072,NA,NA,Republican era,NA
5075,NA,NA,Republican era,NA
5077,NA,NA,Republican era,NA
5080,NA,NA,Republican era,NA
5085,NA,NA,Republican era,NA
5088,NA,NA,Republican era,NA
5098,NA,NA,Republican era,NA
5100,NA,NA,Republican era,NA
5104,NA,NA,Republican era,NA
5107,NA,NA,Republican era,NA
5110,NA,NA,Republican era,NA
5112,NA,NA,Republican era,NA
5117,NA,NA,Republican era,NA
5130,NA,NA,Republican era,NA
5133,NA,NA,Republican era,NA
5135,NA,NA,Republican era,NA
5143,Chinese Institute of Mining and Metallurgy 中國礦冶工程學會,NA,Republican era,NA
5157,NA,NA,Republican era,NA
5159,NA,NA,Republican era,NA
5162,NA,NA,Republican era,NA
5164,NA,NA,Republican era,NA
5166,NA,NA,Republican era,NA
5171,NA,NA,Republican era,NA
5180,NA,NA,Republican era,NA
5185,NA,NA,Republican era,NA
5190,NA,NA,Republican era,NA
5195,Chinese Institute of Mining and Metallurgy 中國礦冶工程學會,NA,Republican era,NA
5205,NA,NA,Republican era,NA
5207,NA,NA,Republican era,NA
5209,NA,NA,Republican era,NA
5211,NA,NA,Republican era,NA
5214,NA,NA,Republican era,NA
5226,NA,NA,Republican era,NA
5229,NA,NA,Republican era,NA
5231,NA,NA,Republican era,NA
5233,Chinese Institute of Mining and Metallurgy 中國礦冶工程學會,NA,Republican era,NA
5237,NA,NA,Republican era,NA
5239,NA,NA,Republican era,NA
5241,NA,NA,Republican era,NA
5243,NA,NA,Republican era,NA
5247,NA,NA,Republican era,NA
5249,NA,NA,Republican era,NA
5252,NA,NA,Republican era,NA
5259,NA,NA,Republican era,NA
5272,NA,NA,Republican era,NA
5281,NA,NA,Republican era,NA
5290,NA,NA,Republican era,NA
5293,NA,NA,Republican era,NA
5302,NA,NA,Republican era,NA
5304,Zhongguo gongchengshi xuehui Wuhan fenhui 中國工程師學會武漢分會,NA,Republican era,NA
5308,NA,NA,Republican era,NA
5312,NA,NA,Republican era,NA
5314,NA,NA,Republican era,NA
5320,NA,NA,Republican era,NA
5322,NA,NA,Republican era,NA
5326,NA,NA,Republican era,NA
5329,NA,NA,Republican era,NA
5331,NA,NA,Republican era,NA
5334,NA,NA,Republican era,NA
5339,NA,NA,Republican era,NA
5346,NA,NA,Republican era,NA
5348,NA,NA,Republican era,NA
5356,NA,NA,Republican era,NA
5358,NA,NA,Republican era,NA
5362,NA,NA,Republican era,NA
5375,NA,NA,Republican era,NA
5388,Chinese Institute of Engineers 中華工程師學會,NA,Republican era,NA
5391,NA,NA,Republican era,NA
5393,NA,NA,Republican era,NA
5396,NA,NA,Republican era,NA
5398,NA,NA,Republican era,NA
5401,NA,NA,Republican era,NA
5403,NA,NA,Republican era,NA
5405,NA,NA,Republican era,NA
5417,NA,NA,Republican era,NA
5421,NA,NA,Republican era,NA
5425,NA,NA,Republican era,NA
5428,NA,NA,Republican era,NA
5431,NA,NA,Republican era,NA
5433,Chinese Institute of Engineers 中華工程師學會,NA,Republican era,NA
5433,Zhongguo gongchengshi xuehui Wuhan fenhui 中國工程師學會武漢分會,NA,Republican era,NA
5443,NA,NA,Republican era,NA
5446,NA,NA,Republican era,NA
5450,Chinese Institute of Electrical Engineers 中國電機工程師學會,NA,Republican era,NA
5462,Zhongguo gongchengshi xuehui Wuhan fenhui 中國工程師學會武漢分會,NA,Republican era,NA
5478,NA,NA,Republican era,NA
5480,NA,NA,Republican era,NA
5503,Chinese Institute of Electrical Engineers 中國電機工程師學會,NA,Republican era,NA
5505,Chinese Institute of Mining and Metallurgy 中國礦冶工程學會,NA,Republican era,NA
5525,NA,NA,Republican era,NA
5527,NA,NA,Republican era,NA
5529,Association of Chinese and American Engineers,NA,Republican era,NA
5545,NA,NA,Republican era,NA
5553,NA,NA,Republican era,NA
5568,Chinese Institute of Mining and Metallurgy 中國礦冶工程學會,NA,Republican era,NA
5596,NA,NA,Republican era,NA
5600,NA,NA,Republican era,NA
5604,NA,NA,Republican era,NA
5606,NA,NA,Republican era,NA
5621,NA,NA,Republican era,NA
5625,NA,NA,Republican era,NA
5628,NA,NA,Republican era,NA
5641,NA,NA,Republican era,NA
5643,NA,NA,Republican era,NA
5646,NA,NA,Republican era,NA
5649,NA,NA,Republican era,NA
5657,NA,NA,Republican era,NA
5660,NA,NA,Republican era,NA
5662,NA,NA,Republican era,NA
5669,NA,NA,Republican era,NA
5671,NA,NA,Republican era,NA
5673,NA,NA,Republican era,NA
5675,NA,NA,Republican era,NA
5681,NA,NA,Republican era,NA
5685,NA,NA,Republican era,NA
5687,NA,NA,Republican era,NA
5698,NA,NA,Republican era,NA
5700,NA,NA,Republican era,NA
5710,Chinese Institute of Mining and Metallurgy 中國礦冶工程學會,NA,Republican era,NA
5732,NA,NA,Republican era,NA
5735,NA,NA,Republican era,NA
5736,NA,NA,Republican era,NA
5752,NA,NA,Republican era,NA
5755,NA,NA,Republican era,NA
5758,NA,NA,Republican era,NA
5761,NA,NA,Republican era,NA
5777,Chinese Institute of Electrical Engineers 中國電機工程師學會,NA,Republican era,NA
5780,NA,NA,Republican era,NA
5782,NA,NA,Republican era,NA
5784,NA,NA,Republican era,NA
5790,Chinese Institute of Engineers 中華工程師學會,NA,Republican era,NA
5799,Chinese Institute of Engineers 中華工程師學會,NA,Republican era,NA
5814,NA,NA,Republican era,NA
5816,NA,NA,Republican era,NA
5821,NA,NA,Republican era,NA
5825,NA,NA,Republican era,NA
5829,NA,NA,Republican era,NA
5832,NA,NA,Republican era,NA
5834,NA,NA,Republican era,NA
5839,NA,NA,Republican era,NA
5858,NA,NA,Republican era,NA
5861,NA,NA,Republican era,NA
5864,China Hydraulic Engineering Society 中國水利工程學會,NA,Republican era,NA
5879,NA,NA,Republican era,NA
5881,NA,NA,Republican era,NA
5883,Chinese Institute of Mining and Metallurgy 中國礦冶工程學會,NA,Republican era,NA
5886,NA,NA,Republican era,NA
5889,NA,NA,Republican era,NA
5901,NA,NA,Republican era,NA
5903,NA,NA,Republican era,NA
5910,NA,NA,Republican era,NA
5916,NA,NA,Republican era,NA
5928,NA,NA,Republican era,NA
5932,NA,NA,Republican era,NA
5934,NA,NA,Republican era,NA
5936,NA,NA,Republican era,NA
5939,NA,NA,Republican era,NA
5946,NA,NA,Republican era,NA
5949,NA,NA,Republican era,NA
5952,NA,NA,Republican era,NA
5954,NA,NA,Republican era,NA
5957,NA,NA,Republican era,NA
5959,NA,NA,Republican era,NA
5963,NA,NA,Republican era,NA
5968,NA,NA,Republican era,NA
5971,NA,NA,Republican era,NA
5975,NA,NA,Republican era,NA
5978,NA,NA,Republican era,NA
5983,NA,NA,Republican era,NA
5985,NA,NA,Republican era,NA
5988,NA,NA,Republican era,NA
5991,NA,NA,Republican era,NA
5994,NA,NA,Republican era,NA
5998,NA,NA,Republican era,NA
6000,NA,NA,Republican era,NA
6002,NA,NA,Republican era,NA
6005,NA,NA,Republican era,NA
6009,NA,NA,Republican era,NA
6011,NA,NA,Republican era,NA
6016,NA,NA,Republican era,NA
6018,NA,NA,Republican era,NA
6020,NA,NA,Republican era,NA
6022,NA,NA,Republican era,NA
6038,NA,NA,Republican era,NA
6040,NA,NA,Republican era,NA
6043,Chinese Institute of Mining and Metallurgy 中國礦冶工程學會,NA,Republican era,NA
6055,NA,NA,Republican era,NA
6062,NA,NA,Republican era,NA
6064,NA,NA,Republican era,NA
6066,NA,NA,Republican era,NA
6070,NA,NA,Republican era,NA
6072,NA,NA,Republican era,NA
6074,NA,NA,Republican era,NA
6077,NA,NA,Republican era,NA
6079,NA,NA,Republican era,NA
6082,NA,NA,Republican era,NA
6087,Chinese Institute of Electrical Engineers 中國電機工程師學會,NA,Republican era,NA
6089,NA,NA,Republican era,NA
6092,NA,NA,Republican era,NA
6097,NA,NA,Republican era,NA
6100,NA,NA,Republican era,NA
6106,NA,NA,Republican era,NA
6110,NA,NA,Republican era,NA
6113,Chinese Institute of Mining and Metallurgy 中國礦冶工程學會,NA,Republican era,NA
6134,NA,NA,Republican era,NA
6137,NA,NA,Republican era,NA
6144,NA,NA,Republican era,NA
6150,NA,NA,Republican era,NA
6154,NA,NA,Republican era,NA
6161,NA,NA,Republican era,NA
6164,NA,NA,Republican era,NA
6168,NA,NA,Republican era,NA
6174,NA,NA,Republican era,NA
6181,NA,NA,Republican era,NA
6183,NA,NA,Republican era,NA
6185,NA,NA,Republican era,NA
6187,NA,NA,Republican era,NA
6192,NA,NA,Republican era,NA
6194,NA,NA,Republican era,NA
6196,NA,NA,Republican era,NA
6198,NA,NA,Republican era,NA
6202,NA,NA,Republican era,NA
6204,NA,NA,Republican era,NA
6210,NA,NA,Republican era,NA
6212,NA,NA,Republican era,NA
6214,NA,NA,Republican era,NA
6224,NA,NA,Republican era,NA
6228,NA,NA,Republican era,NA
6230,NA,NA,Republican era,NA
6232,NA,NA,Republican era,NA
6234,NA,NA,Republican era,NA
6236,NA,NA,Republican era,NA
6238,NA,NA,Republican era,NA
6240,Chinese Institute of Mining and Metallurgy 中國礦冶工程學會,NA,Republican era,NA
6255,NA,NA,Republican era,NA
6258,NA,NA,Republican era,NA
6260,NA,NA,Republican era,NA
6264,NA,NA,Republican era,NA
6266,NA,NA,Republican era,NA
6269,NA,NA,Republican era,NA
6271,NA,NA,Republican era,NA
6277,NA,NA,Republican era,NA
6280,NA,NA,Republican era,NA
6289,NA,NA,Republican era,NA
6295,NA,NA,Republican era,NA
6298,NA,NA,Republican era,NA
6300,NA,NA,Republican era,NA
6303,NA,NA,Republican era,NA
6311,NA,NA,Republican era,NA
6319,China Engineering Society 中國工程學會,NA,Republican era,NA
6334,NA,NA,Republican era,NA
6337,NA,NA,Republican era,NA
6340,NA,NA,Republican era,NA
6343,China Hydraulic Engineering Society 中國水利工程學會,NA,Republican era,NA
6353,NA,NA,Republican era,NA
6360,NA,NA,Republican era,NA
6370,NA,NA,Republican era,NA
6372,NA,NA,Republican era,NA
6374,NA,NA,Republican era,NA
6378,NA,NA,Republican era,NA
6382,NA,NA,Republican era,NA
6388,NA,NA,Republican era,NA
6391,NA,NA,Republican era,NA
6393,NA,NA,Republican era,NA
6396,NA,NA,Republican era,NA
6400,NA,NA,Republican era,NA
6402,NA,NA,Republican era,NA
6404,NA,NA,Republican era,NA
6406,NA,NA,Republican era,NA
6411,NA,NA,Republican era,NA
6415,NA,NA,Republican era,NA
6417,Association of Chinese and American Engineers,NA,Republican era,NA
6435,NA,NA,Republican era,NA
6438,NA,NA,Republican era,NA
6448,NA,NA,Republican era,NA
6450,NA,NA,Republican era,NA
6452,NA,NA,Republican era,NA
6455,NA,NA,Republican era,NA
6459,NA,NA,Republican era,NA
6464,NA,NA,Republican era,NA
6479,NA,NA,Republican era,NA
6481,NA,NA,Republican era,NA
6483,NA,NA,Republican era,NA
6487,Zhongguo gongchengshi xuehui Wuhan fenhui 中國工程師學會武漢分會,NA,Republican era,NA
6505,NA,NA,Republican era,NA
6510,NA,NA,Republican era,NA
6516,NA,NA,Republican era,NA
6519,NA,NA,Republican era,NA
6522,Chinese Institute of Mining and Metallurgy 中國礦冶工程學會,NA,Republican era,NA
6531,NA,NA,Republican era,NA
6537,NA,NA,Republican era,NA
6549,NA,NA,Republican era,NA
6553,NA,NA,Republican era,NA
6561,NA,NA,Republican era,NA
6563,NA,NA,Republican era,NA
6571,NA,NA,Republican era,NA
6574,NA,NA,Republican era,NA
6584,NA,NA,Republican era,NA
6585,NA,NA,Republican era,NA
6588,NA,NA,Republican era,NA
6607,NA,NA,Republican era,NA
6614,NA,NA,Republican era,NA
6616,NA,NA,Republican era,NA
6620,NA,NA,Republican era,NA
6622,NA,NA,Republican era,NA
6624,NA,NA,Republican era,NA
6628,NA,NA,Republican era,NA
6631,NA,NA,Republican era,NA
6640,Chinese Institute of Electrical Engineers 中國電機工程師學會,NA,Republican era,NA
6648,Chinese Institute of Electrical Engineers 中國電機工程師學會,NA,Republican era,NA
6659,NA,NA,Republican era,NA
6661,Zhongguo gongchengshi xuehui Wuhan fenhui 中國工程師學會武漢分會,NA,Republican era,NA
6663,NA,NA,Republican era,NA
6665,NA,NA,Republican era,NA
6674,NA,NA,Republican era,NA
6676,NA,NA,Republican era,NA
6682,NA,NA,Republican era,NA
6688,NA,NA,Republican era,NA
6692,NA,NA,Republican era,NA
6695,NA,NA,Republican era,NA
6697,NA,NA,Republican era,NA
6700,NA,NA,Republican era,NA
6703,NA,NA,Republican era,NA
6705,NA,NA,Republican era,NA
6708,NA,NA,Republican era,NA
6716,NA,NA,Republican era,NA
6720,NA,NA,Republican era,NA
6723,NA,NA,Republican era,NA
6727,NA,NA,Republican era,NA
6740,NA,NA,Republican era,NA
6750,NA,NA,Republican era,NA
6753,NA,NA,Republican era,NA
6757,Chinese Institute of Electrical Engineers 中國電機工程師學會,NA,Republican era,NA
6759,NA,NA,Republican era,NA
6763,NA,NA,Republican era,NA
6767,NA,NA,Republican era,NA
6770,NA,NA,Republican era,NA
6773,NA,NA,Republican era,NA
6782,NA,NA,Republican era,NA
6785,NA,NA,Republican era,NA
6787,NA,NA,Republican era,NA
6796,NA,NA,Republican era,NA
6799,NA,NA,Republican era,NA
6801,NA,NA,Republican era,NA
6811,Chinese Institute of Electrical Engineers 中國電機工程師學會,NA,Republican era,NA
6822,NA,NA,Republican era,NA
6833,NA,NA,Republican era,NA
6838,NA,NA,Republican era,NA
6841,NA,NA,Republican era,NA
6843,Chinese Institute of Mining and Metallurgy 中國礦冶工程學會,NA,Republican era,NA
6852,NA,NA,Republican era,NA
6855,NA,NA,Republican era,NA
6859,NA,NA,Republican era,NA
6862,NA,NA,Republican era,NA
6864,NA,NA,Republican era,NA
6867,NA,NA,Republican era,NA
6869,NA,NA,Republican era,NA
6871,NA,NA,Republican era,NA
6877,NA,NA,Republican era,NA
6879,NA,NA,Republican era,NA
6881,NA,NA,Republican era,NA
6883,NA,NA,Republican era,NA
6887,NA,NA,Republican era,NA
6898,NA,NA,Republican era,NA
6905,NA,NA,Republican era,NA
6908,NA,NA,Republican era,NA
6916,NA,NA,Republican era,NA
6919,NA,NA,Republican era,NA
6921,NA,NA,Republican era,NA
6928,NA,NA,Republican era,NA
6936,NA,NA,Republican era,NA
6938,NA,NA,Republican era,NA
6953,NA,NA,Republican era,NA
6955,NA,NA,Republican era,NA
6964,NA,NA,Republican era,NA
6967,NA,NA,Republican era,NA
6971,NA,NA,Republican era,NA
6974,NA,NA,Republican era,NA
6995,NA,NA,Republican era,NA
6997,NA,NA,Republican era,NA
6999,NA,NA,Republican era,NA
7001,Chinese Institute of Electrical Engineers 中國電機工程師學會,NA,Republican era,NA
7005,NA,NA,Republican era,NA
7008,NA,NA,Republican era,NA
7010,NA,NA,Republican era,NA
7013,NA,NA,Republican era,NA
7021,NA,NA,Republican era,NA
7023,NA,NA,Republican era,NA
7030,NA,NA,Republican era,NA
7032,NA,NA,Republican era,NA
7040,NA,NA,Republican era,NA
7042,NA,NA,Republican era,NA
7044,NA,NA,Republican era,NA
7049,Chinese Institute of Mining and Metallurgy 中國礦冶工程學會,NA,Republican era,NA
7054,NA,NA,Republican era,NA
7057,Zhongguo gongchengshi xuehui Wuhan fenhui 中國工程師學會武漢分會,NA,Republican era,NA
7066,NA,NA,Republican era,NA
7070,NA,NA,Republican era,NA
7079,NA,NA,Republican era,NA
7084,NA,NA,Republican era,NA
7093,NA,NA,Republican era,NA
7096,NA,NA,Republican era,NA
7101,NA,NA,Republican era,NA
7107,NA,NA,Republican era,NA
7111,NA,NA,Republican era,NA
7113,NA,NA,Republican era,NA
7118,NA,NA,Republican era,NA
7122,NA,NA,Republican era,NA
7124,NA,NA,Republican era,NA
7129,NA,NA,Republican era,NA
7131,NA,NA,Republican era,NA
7145,NA,NA,Republican era,NA
7148,NA,NA,Republican era,NA
7150,NA,NA,Republican era,NA
7153,NA,NA,Republican era,NA
7155,NA,NA,Republican era,NA
7162,NA,NA,Republican era,NA
7164,Zhongguo gongchengshi xuehui Wuhan fenhui 中國工程師學會武漢分會,NA,Republican era,NA
7172,NA,NA,Republican era,NA
7177,NA,NA,Republican era,NA
7181,NA,NA,Republican era,NA
7183,Association of Chinese and American Engineers,NA,Republican era,NA
7183,China Hydraulic Engineering Society 中國水利工程學會,NA,Republican era,NA
7183,China Engineering Society 中國工程學會,NA,Republican era,NA
7187,NA,NA,Republican era,NA
7190,NA,NA,Republican era,NA
7192,NA,NA,Republican era,NA
7197,NA,NA,Republican era,NA
7200,NA,NA,Republican era,NA
7206,NA,NA,Republican era,NA
7228,NA,NA,Republican era,NA
7242,NA,NA,Republican era,NA
7247,NA,NA,Republican era,NA
7249,NA,NA,Republican era,NA
7257,NA,NA,Republican era,NA
7259,NA,NA,Republican era,NA
7261,NA,NA,Republican era,NA
7266,NA,NA,Republican era,NA
7270,NA,NA,Republican era,NA
7273,NA,NA,Republican era,NA
7275,Chinese Institute of Electrical Engineers 中國電機工程師學會,NA,Republican era,NA
7291,NA,NA,Republican era,NA
7295,NA,NA,Republican era,NA
7298,NA,NA,Republican era,NA
7300,NA,NA,Republican era,NA
7304,NA,NA,Republican era,NA
7310,NA,NA,Republican era,NA
7315,NA,NA,Republican era,NA
7317,NA,NA,Republican era,NA
7321,NA,NA,Republican era,NA
7327,NA,NA,Republican era,NA
7328,NA,NA,Republican era,NA
7335,NA,NA,Republican era,NA
7338,NA,NA,Republican era,NA
7340,NA,NA,Republican era,NA
7342,NA,NA,Republican era,NA
7346,NA,NA,Republican era,NA
7352,NA,NA,Republican era,NA
7355,Chinese Institute of Electrical Engineers 中國電機工程師學會,NA,Republican era,NA
7369,NA,NA,Republican era,NA
7372,NA,NA,Republican era,NA
7376,NA,NA,Republican era,NA
7379,NA,NA,Republican era,NA
7384,NA,NA,Republican era,NA
7388,NA,NA,Republican era,NA
7392,NA,NA,Republican era,NA
7395,NA,NA,Republican era,NA
7397,Chinese Institute of Engineers 中華工程師學會,NA,Republican era,NA
7410,China Colourists’ Association 中國染化工程學會,NA,Republican era,NA
7412,NA,NA,Republican era,NA
7414,NA,NA,Republican era,NA
7417,NA,NA,Republican era,NA
7429,NA,NA,Republican era,NA
7431,NA,NA,Republican era,NA
7433,NA,NA,Republican era,NA
7436,NA,NA,Republican era,NA
7439,NA,NA,Republican era,NA
7442,NA,NA,Republican era,NA
7444,NA,NA,Republican era,NA
7449,NA,NA,Republican era,NA
7451,NA,NA,Republican era,NA
7454,NA,NA,Republican era,NA
7457,NA,NA,Republican era,NA
7463,NA,NA,Republican era,NA
7477,Chinese Institute of Electrical Engineers 中國電機工程師學會,NA,Republican era,NA
7481,NA,NA,Republican era,NA
7483,NA,NA,Republican era,NA
7486,NA,NA,Republican era,NA
7488,NA,NA,Republican era,NA
7490,NA,NA,Republican era,NA
7493,NA,NA,Republican era,NA
7498,NA,NA,Republican era,NA
7500,NA,NA,Republican era,NA
7507,NA,NA,Republican era,NA
7510,NA,NA,Republican era,NA
7512,NA,NA,Republican era,NA
7521,NA,NA,Republican era,NA
7524,Association of Chinese and American Engineers,NA,Republican era,NA
7524,Chinese Institute of Electrical Engineers 中國電機工程師學會,NA,Republican era,NA
7530,NA,NA,Republican era,NA
7533,NA,NA,Republican era,NA
7539,China Engineering Society 中國工程學會,NA,Republican era,NA
7573,NA,NA,Republican era,NA
7576,NA,NA,Republican era,NA
7580,NA,NA,Republican era,NA
7582,NA,NA,Republican era,NA
7584,NA,NA,Republican era,NA
7589,NA,NA,Republican era,NA
7593,NA,NA,Republican era,NA
7595,NA,NA,Republican era,NA
7597,NA,NA,Republican era,NA
7600,NA,NA,Republican era,NA
7606,NA,NA,Republican era,NA
7608,NA,NA,Republican era,NA
7610,NA,NA,Republican era,NA
7617,NA,NA,Republican era,NA
7619,NA,NA,Republican era,NA
7622,NA,NA,Republican era,NA
7626,NA,NA,Republican era,NA
7633,NA,NA,Republican era,NA
7635,NA,NA,Republican era,NA
7639,Chinese Institute of Electrical Engineers 中國電機工程師學會,NA,Republican era,NA
7648,NA,NA,Republican era,NA
7650,NA,NA,Republican era,NA
7652,NA,NA,Republican era,NA
7654,Chinese Institute of Mining and Metallurgy 中國礦冶工程學會,NA,Republican era,NA
7656,NA,NA,Republican era,NA
7660,NA,NA,Republican era,NA
7662,NA,NA,Republican era,NA
7676,NA,NA,Republican era,NA
7680,NA,NA,Republican era,NA
7682,NA,NA,Republican era,NA
7686,NA,NA,Republican era,NA
7690,NA,NA,Republican era,NA
7695,NA,NA,Republican era,NA
7699,NA,NA,Republican era,NA
7702,NA,NA,Republican era,NA
7715,NA,NA,Republican era,NA
7717,NA,NA,Republican era,NA
7720,NA,NA,Republican era,NA
7724,NA,NA,Republican era,NA
7731,NA,NA,Republican era,NA
7733,NA,NA,Republican era,NA
7735,NA,NA,Republican era,NA
7741,NA,NA,Republican era,NA
7743,NA,NA,Republican era,NA
7745,NA,NA,Republican era,NA
7748,NA,NA,Republican era,NA
7750,NA,NA,Republican era,NA
7763,Chinese Institute of Mining and Metallurgy 中國礦冶工程學會,NA,Republican era,NA
7770,NA,NA,Republican era,NA
7776,NA,NA,Republican era,NA
7779,NA,NA,Republican era,NA
7788,NA,NA,Republican era,NA
7801,NA,NA,Republican era,NA
7804,NA,NA,Republican era,NA
7808,NA,NA,Republican era,NA
7810,NA,NA,Republican era,NA
7814,NA,NA,Republican era,NA
7816,NA,NA,Republican era,NA
7818,NA,NA,Republican era,NA
7820,NA,NA,Republican era,NA
7829,NA,NA,Republican era,NA
7832,NA,NA,Republican era,NA
7835,NA,NA,Republican era,NA
7837,NA,NA,Republican era,NA
7840,NA,NA,Republican era,NA
7843,NA,NA,Republican era,NA
7845,NA,NA,Republican era,NA
7851,Chinese Institute of Engineers 中華工程師學會,NA,Republican era,NA
7859,NA,NA,Republican era,NA
7864,NA,NA,Republican era,NA
7866,NA,NA,Republican era,NA
7868,NA,NA,Republican era,NA
7870,NA,NA,Republican era,NA
7873,NA,NA,Republican era,NA
7876,NA,NA,Republican era,NA
7881,Zhongguo gongchengshi xuehui Wuhan fenhui 中國工程師學會武漢分會,NA,Republican era,NA
7887,NA,NA,Republican era,NA
7899,NA,NA,Republican era,NA
7907,NA,NA,Republican era,NA
7909,NA,NA,Republican era,NA
7910,NA,NA,Republican era,NA
7917,NA,NA,Republican era,NA
7919,NA,NA,Republican era,NA
7923,NA,NA,Republican era,NA
7928,NA,NA,Republican era,NA
7933,NA,NA,Republican era,NA
7935,Chinese Institute of Electrical Engineers 中國電機工程師學會,NA,Republican era,NA
7937,NA,NA,Republican era,NA
7945,NA,NA,Republican era,NA
7948,NA,NA,Republican era,NA
7950,NA,NA,Republican era,NA
7952,NA,NA,Republican era,NA
7955,NA,NA,Republican era,NA
7961,NA,NA,Republican era,NA
7963,NA,NA,Republican era,NA
7966,NA,NA,Republican era,NA
7968,NA,NA,Republican era,NA
7970,NA,NA,Republican era,NA
7972,China Power Engineering Society 中國動力工程學會,NA,Republican era,NA
7974,NA,NA,Republican era,NA
7977,Chinese Institute of Electrical Engineers 中國電機工程師學會,NA,Republican era,NA
7981,NA,NA,Republican era,NA
7986,NA,NA,Republican era,NA
7997,NA,NA,Republican era,NA
7999,NA,NA,Republican era,NA
8007,NA,NA,Republican era,NA
8020,NA,NA,Republican era,NA
8023,NA,NA,Republican era,NA
8025,NA,NA,Republican era,NA
8027,NA,NA,Republican era,NA
8046,NA,NA,Republican era,NA
8050,NA,NA,Republican era,NA
8061,NA,NA,Republican era,NA
8065,NA,NA,Republican era,NA
8067,NA,NA,Republican era,NA
8070,NA,NA,Republican era,NA
8074,NA,NA,Republican era,NA
8077,NA,NA,Republican era,NA
8083,NA,NA,Republican era,NA
8097,NA,NA,Republican era,NA
8115,NA,NA,Republican era,NA
8121,NA,NA,Republican era,NA
8124,NA,NA,Republican era,NA
8126,NA,NA,Republican era,NA
8137,NA,NA,Republican era,NA
8140,NA,NA,Republican era,NA
8151,NA,NA,Republican era,NA
8155,NA,NA,Republican era,NA
8157,NA,NA,Republican era,NA
8159,NA,NA,Republican era,NA
8164,NA,NA,Republican era,NA
8167,NA,NA,Republican era,NA
8173,China Hydraulic Engineering Society 中國水利工程學會,NA,Republican era,NA
8180,NA,NA,Republican era,NA
8184,NA,NA,Republican era,NA
8187,NA,NA,Republican era,NA
8192,NA,NA,Republican era,NA
8195,NA,NA,Republican era,NA
8197,NA,NA,Republican era,NA
8199,NA,NA,Republican era,NA
8201,NA,NA,Republican era,NA
8204,NA,NA,Republican era,NA
8206,NA,NA,Republican era,NA
8208,Chinese Institute of Electrical Engineers 中國電機工程師學會,NA,Republican era,NA
8212,Chinese Institute of Electrical Engineers 中國電機工程師學會,NA,Republican era,NA
8218,NA,NA,Republican era,NA
8220,NA,NA,Republican era,NA
8222,NA,NA,Republican era,NA
8224,NA,NA,Republican era,NA
8232,NA,NA,Republican era,NA
8234,NA,NA,Republican era,NA
8236,NA,NA,Republican era,NA
8239,NA,NA,Republican era,NA
8241,NA,NA,Republican era,NA
8245,NA,NA,Republican era,NA
8247,NA,NA,Republican era,NA
8250,NA,NA,Republican era,NA
8259,NA,NA,Republican era,NA
8261,NA,NA,Republican era,NA
8264,Chinese Institute of Electrical Engineers 中國電機工程師學會,NA,Republican era,NA
8270,China Power Engineering Society 中國動力工程學會,NA,Republican era,NA
8277,NA,NA,Republican era,NA
8281,NA,NA,Republican era,NA
8288,NA,NA,Republican era,NA
8290,NA,NA,Republican era,NA
8294,NA,NA,Republican era,NA
8301,NA,NA,Republican era,NA
8303,NA,NA,Republican era,NA
8306,NA,NA,Republican era,NA
8320,NA,NA,Republican era,NA
8323,NA,NA,Republican era,NA
8340,NA,NA,Republican era,NA
8343,NA,NA,Republican era,NA
8346,NA,NA,Republican era,NA
8356,NA,NA,Republican era,NA
8359,NA,NA,Republican era,NA
8361,NA,NA,Republican era,NA
8363,NA,NA,Republican era,NA
8365,NA,NA,Republican era,NA
8368,NA,NA,Republican era,NA
8370,NA,NA,Republican era,NA
8372,NA,NA,Republican era,NA
8378,NA,NA,Republican era,NA
8380,NA,NA,Republican era,NA
8382,NA,NA,Republican era,NA
8384,NA,NA,Republican era,NA
8391,NA,NA,Republican era,NA
8393,Chinese Institute of Electrical Engineers 中國電機工程師學會,NA,Republican era,NA
8396,Association of Chinese and American Engineers,NA,Republican era,NA
8396,Chinese Institute of Engineers 中華工程師學會,NA,Republican era,NA
8396,American Society of Civil Engineers,NA,Republican era,NA
8396,Lehigh Club of China,NA,Republican era,NA
8418,Chinese Institute of Engineers 中華工程師學會,NA,Republican era,NA
8427,NA,NA,Republican era,NA
8429,NA,NA,Republican era,NA
8433,NA,NA,Republican era,NA
8435,NA,NA,Republican era,NA
8437,NA,NA,Republican era,NA
8447,NA,NA,Republican era,NA
8449,NA,NA,Republican era,NA
8452,Chinese Institute of Mining and Metallurgy 中國礦冶工程學會,NA,Republican era,NA
8468,NA,NA,Republican era,NA
8474,NA,NA,Republican era,NA
8481,Association of Chinese and American Engineers,NA,Republican era,NA
8481,China Engineering Society 中國工程學會,NA,Republican era,NA
8486,NA,NA,Republican era,NA
8488,NA,NA,Republican era,NA
8490,NA,NA,Republican era,NA
8493,NA,NA,Republican era,NA
8507,NA,NA,Republican era,NA
8509,NA,NA,Republican era,NA
8516,NA,NA,Republican era,NA
8518,NA,NA,Republican era,NA
8520,NA,NA,Republican era,NA
8522,NA,NA,Republican era,NA
8524,NA,NA,Republican era,NA
8531,NA,NA,Republican era,NA
8533,NA,NA,Republican era,NA
8545,NA,NA,Republican era,NA
8551,NA,NA,Republican era,NA
8555,NA,NA,Republican era,NA
8559,NA,NA,Republican era,NA
8570,NA,NA,Republican era,NA
8573,NA,NA,Republican era,NA
8577,NA,NA,Republican era,NA
8579,NA,NA,Republican era,NA
8586,NA,NA,Republican era,NA
8593,NA,NA,Republican era,NA
8596,NA,NA,Republican era,NA
8598,NA,NA,Republican era,NA
8601,NA,NA,Republican era,NA
8603,NA,NA,Republican era,NA
8612,NA,NA,Republican era,NA
8615,NA,NA,Republican era,NA
8617,NA,NA,Republican era,NA
8619,American Chemistry Society,NA,Republican era,NA
8619,Chinese Science Society,NA,Republican era,NA
8619,China Engineering Society 中國工程學會,NA,Republican era,NA
8619,Chemical Engineering Society of China 中國化學工程學會,NA,Republican era,NA
8629,NA,NA,Republican era,NA
8632,NA,NA,Republican era,NA
8634,NA,NA,Republican era,NA
8637,NA,NA,Republican era,NA
8640,NA,NA,Republican era,NA
8643,NA,NA,Republican era,NA
8645,NA,NA,Republican era,NA
8650,NA,NA,Republican era,NA
8653,NA,NA,Republican era,NA
8655,NA,NA,Republican era,NA
8657,NA,NA,Republican era,NA
8659,NA,NA,Republican era,NA
8671,NA,NA,Republican era,NA
8674,NA,NA,Republican era,NA
8678,NA,NA,Republican era,NA
8685,NA,NA,Republican era,NA
8698,NA,NA,Republican era,NA
8701,NA,NA,Republican era,NA
8715,NA,NA,Republican era,NA
8721,NA,NA,Republican era,NA
8724,NA,NA,Republican era,NA
8735,Chinese Institute of Mining and Metallurgy 中國礦冶工程學會,NA,Republican era,NA
8739,NA,NA,Republican era,NA
8741,NA,NA,Republican era,NA
8744,NA,NA,Republican era,NA
8746,NA,NA,Republican era,NA
8748,NA,NA,Republican era,NA
8750,NA,NA,Republican era,NA
8752,NA,NA,Republican era,NA
8754,NA,NA,Republican era,NA
8767,NA,NA,Republican era,NA
8770,Chinese Institute of Engineers 中華工程師學會,NA,Republican era,NA
8779,NA,NA,Republican era,NA
8783,NA,NA,Republican era,NA
8791,NA,NA,Republican era,NA
8793,NA,NA,Republican era,NA
8806,NA,NA,Republican era,NA
8808,NA,NA,Republican era,NA
8811,NA,NA,Republican era,NA
8813,NA,NA,Republican era,NA
8818,NA,NA,Republican era,NA
8823,NA,NA,Republican era,NA
8825,NA,NA,Republican era,NA
8827,NA,NA,Republican era,NA
8834,NA,NA,Republican era,NA
8849,NA,NA,Republican era,NA
8851,NA,NA,Republican era,NA
8853,NA,NA,Republican era,NA
8856,NA,NA,Republican era,NA
8858,NA,NA,Republican era,NA
8868,NA,NA,Republican era,NA
8879,NA,NA,Republican era,NA
8882,NA,NA,Republican era,NA
8885,NA,NA,Republican era,NA
8888,NA,NA,Republican era,NA
8895,NA,NA,Republican era,NA
8904,NA,NA,Republican era,NA
8915,NA,NA,Republican era,NA
8918,Chinese Institute of Mining and Metallurgy 中國礦冶工程學會,NA,Republican era,NA
8924,NA,NA,Republican era,NA
8926,NA,NA,Republican era,NA
8929,NA,NA,Republican era,NA
8932,NA,NA,Republican era,NA
8937,NA,NA,Republican era,NA
8939,NA,NA,Republican era,NA
8942,NA,NA,Republican era,NA
8951,NA,NA,Republican era,NA
8953,NA,NA,Republican era,NA
8963,NA,NA,Republican era,NA
8965,NA,NA,Republican era,NA
8974,NA,NA,Republican era,NA
8976,NA,NA,Republican era,NA
8979,NA,NA,Republican era,NA
8998,NA,NA,Republican era,NA
9001,NA,NA,Republican era,NA
9006,Chinese Institute of Mining and Metallurgy 中國礦冶工程學會,NA,Republican era,NA
9006,Chinese Institute of Engineers 中華工程師學會,NA,Republican era,NA
9028,Chinese Institute of Mining and Metallurgy 中國礦冶工程學會,NA,Republican era,NA
9035,NA,NA,Republican era,NA
9043,NA,NA,Republican era,NA
9045,NA,NA,Republican era,NA
9047,NA,NA,Republican era,NA
9051,NA,NA,Republican era,NA
9053,NA,NA,Republican era,NA
9056,NA,NA,Republican era,NA
9063,NA,NA,Republican era,NA
9065,NA,NA,Republican era,NA
9068,NA,NA,Republican era,NA
9070,NA,NA,Republican era,NA
9072,NA,NA,Republican era,NA
9074,NA,NA,Republican era,NA
9084,NA,NA,Republican era,NA
9086,NA,NA,Republican era,NA
9088,NA,NA,Republican era,NA
9090,NA,NA,Republican era,NA
9092,NA,NA,Republican era,NA
9097,NA,NA,Republican era,NA
9099,NA,NA,Republican era,NA
9107,NA,NA,Republican era,NA
9111,NA,NA,Republican era,NA
9113,NA,NA,Republican era,NA
9116,NA,NA,Republican era,NA
9124,NA,NA,Republican era,NA
9135,NA,NA,Republican era,NA
9147,NA,NA,Republican era,NA
9149,NA,NA,Republican era,NA
9151,NA,NA,Republican era,NA
9153,NA,NA,Republican era,NA
9155,NA,NA,Republican era,NA
9159,NA,NA,Republican era,NA
9161,NA,NA,Republican era,NA
9165,NA,NA,Republican era,NA
9172,NA,NA,Republican era,NA
9174,NA,NA,Republican era,NA
9178,NA,NA,Republican era,NA
9180,NA,NA,Republican era,NA
9188,NA,NA,Republican era,NA
9192,NA,NA,Republican era,NA
9199,NA,NA,Republican era,NA
9203,NA,NA,Republican era,NA
9206,NA,NA,Republican era,NA
9209,Chinese Institute of Engineers 中華工程師學會,NA,Republican era,NA
9209,Zhongguo gongchengshi xuehui Wuhan fenhui 中國工程師學會武漢分會,NA,Republican era,NA
9232,NA,NA,Republican era,NA
9234,NA,NA,Republican era,NA
9239,NA,NA,Republican era,NA
9244,Chinese Institute of Engineers 中華工程師學會,NA,Republican era,NA
9246,NA,NA,Republican era,NA
9259,NA,NA,Republican era,NA
9262,NA,NA,Republican era,NA
9265,NA,NA,Republican era,NA
9270,NA,NA,Republican era,NA
9272,NA,NA,Republican era,NA
9277,China Hydraulic Engineering Society 中國水利工程學會,NA,Republican era,NA
9281,NA,NA,Republican era,NA
9284,NA,NA,Republican era,NA
9287,NA,NA,Republican era,NA
9289,NA,NA,Republican era,NA
9291,NA,NA,Republican era,NA
9295,China Power Engineering Society 中國動力工程學會,NA,Republican era,NA
9308,Chinese Institute of Engineers 中華工程師學會,NA,Republican era,NA
9310,NA,NA,Republican era,NA
9315,NA,NA,Republican era,NA
9320,NA,NA,Republican era,NA
9323,NA,NA,Republican era,NA
9339,NA,NA,Republican era,NA
9343,Chinese Institute of Mining and Metallurgy 中國礦冶工程學會,NA,Republican era,NA
9345,Chinese Institute of Mining and Metallurgy 中國礦冶工程學會,NA,Republican era,NA
9349,NA,NA,Republican era,NA
9354,NA,NA,Republican era,NA
9356,NA,NA,Republican era,NA
9362,Chinese Institute of Mining and Metallurgy 中國礦冶工程學會,NA,Republican era,NA
9371,NA,NA,Republican era,NA
9380,NA,NA,Republican era,NA
9383,NA,NA,Republican era,NA
9391,NA,NA,Republican era,NA
9395,NA,NA,Republican era,NA
9399,NA,NA,Republican era,NA
9403,NA,NA,Republican era,NA
9406,NA,NA,Republican era,NA
9408,NA,NA,Republican era,NA
9410,NA,NA,Republican era,NA
9413,NA,NA,Republican era,NA
9415,NA,NA,Republican era,NA
9419,NA,NA,Republican era,NA
9424,NA,NA,Republican era,NA
9428,NA,NA,Republican era,NA
9431,NA,NA,Republican era,NA
9435,NA,NA,Republican era,NA
9437,NA,NA,Republican era,NA
9440,NA,NA,Republican era,NA
9442,NA,NA,Republican era,NA
9444,NA,NA,Republican era,NA
9446,NA,NA,Republican era,NA
9448,NA,NA,Republican era,NA
9450,NA,NA,Republican era,NA
9465,NA,NA,Republican era,NA
9469,NA,NA,Republican era,NA
9476,NA,NA,Republican era,NA
9478,NA,NA,Republican era,NA
9483,NA,NA,Republican era,NA
9486,NA,NA,Republican era,NA
9501,NA,NA,Republican era,NA
9504,NA,NA,Republican era,NA
9507,NA,NA,Republican era,NA
9510,NA,NA,Republican era,NA
9513,NA,NA,Republican era,NA
9515,NA,NA,Republican era,NA
9517,NA,NA,Republican era,NA
9519,NA,NA,Republican era,NA
9525,Chinese Institute of Electrical Engineers 中國電機工程師學會,NA,Republican era,NA
9534,NA,NA,Republican era,NA
9541,NA,NA,Republican era,NA
9544,NA,NA,Republican era,NA
9546,NA,NA,Republican era,NA
9548,NA,NA,Republican era,NA
9550,NA,NA,Republican era,NA
9557,NA,NA,Republican era,NA
9559,NA,NA,Republican era,NA
9574,NA,NA,Republican era,NA
9577,NA,NA,Republican era,NA
9586,China Power Engineering Society 中國動力工程學會,NA,Republican era,NA
9586,Chinese Institute of Electrical Engineers 中國電機工程師學會,NA,Republican era,NA
9602,NA,NA,Republican era,NA
9604,NA,NA,Republican era,NA
9606,NA,NA,Republican era,NA
9609,NA,NA,Republican era,NA
9612,China Hydraulic Engineering Society 中國水利工程學會,NA,Republican era,NA
9623,NA,NA,Republican era,NA
9625,NA,NA,Republican era,NA
9632,NA,NA,Republican era,NA
9635,NA,NA,Republican era,NA
9637,NA,NA,Republican era,NA
9639,NA,NA,Republican era,NA
9642,NA,NA,Republican era,NA
9645,Chinese Institute of Mining and Metallurgy 中國礦冶工程學會,NA,Republican era,NA
9656,NA,NA,Republican era,NA
9658,China Colourists’ Association 中國染化工程學會,NA,Republican era,NA
9662,NA,NA,Republican era,NA
9673,NA,NA,Republican era,NA
9675,NA,NA,Republican era,NA
9678,Chinese Institute of Engineers 中華工程師學會,NA,Republican era,NA
9691,NA,NA,Republican era,NA
9698,NA,NA,Republican era,NA
9702,Chinese Institute of Mining and Metallurgy 中國礦冶工程學會,NA,Republican era,NA
9704,NA,NA,Republican era,NA
9706,NA,NA,Republican era,NA
9708,NA,NA,Republican era,NA
9712,NA,NA,Republican era,NA
9715,NA,NA,Republican era,NA
9719,NA,NA,Republican era,NA
9721,NA,NA,Republican era,NA
9730,NA,NA,Republican era,NA
9732,NA,NA,Republican era,NA
9735,NA,NA,Republican era,NA
9737,NA,NA,Republican era,NA
9754,NA,NA,Republican era,NA
9757,NA,NA,Republican era,NA
9760,NA,NA,Republican era,NA
9762,NA,NA,Republican era,NA
9764,NA,NA,Republican era,NA
9766,NA,NA,Republican era,NA
9769,NA,NA,Republican era,NA
9771,NA,NA,Republican era,NA
9778,NA,NA,Republican era,NA
9780,NA,NA,Republican era,NA
9782,NA,NA,Republican era,NA
9784,NA,NA,Republican era,NA
9796,NA,NA,Republican era,NA
9798,NA,NA,Republican era,NA
9800,Chinese Institute of Mining and Metallurgy 中國礦冶工程學會,NA,Republican era,NA
9805,NA,NA,Republican era,NA
9808,NA,NA,Republican era,NA
9810,NA,NA,Republican era,NA
9812,NA,NA,Republican era,NA
9815,NA,NA,Republican era,NA
9817,NA,NA,Republican era,NA
9820,NA,NA,Republican era,NA
9821,NA,NA,Republican era,NA
9829,NA,NA,Republican era,NA
9832,NA,NA,Republican era,NA
9836,NA,NA,Republican era,NA
9840,NA,NA,Republican era,NA
9844,NA,NA,Republican era,NA
9847,NA,NA,Republican era,NA
9850,NA,NA,Republican era,NA
9853,NA,NA,Republican era,NA
9855,NA,NA,Republican era,NA
9858,NA,NA,Republican era,NA
9861,China Hydraulic Engineering Society 中國水利工程學會,NA,Republican era,NA
9864,NA,NA,Republican era,NA
9867,NA,NA,Republican era,NA
9872,NA,NA,Republican era,NA
9889,NA,NA,Republican era,NA
9904,NA,NA,Republican era,NA
9906,NA,NA,Republican era,NA
9909,NA,NA,Republican era,NA
9911,NA,NA,Republican era,NA
9913,NA,NA,Republican era,NA
9916,NA,NA,Republican era,NA
9919,NA,NA,Republican era,NA
9929,NA,NA,Republican era,NA
9931,NA,NA,Republican era,NA
9947,NA,NA,Republican era,NA
9949,NA,NA,Republican era,NA
9964,NA,NA,Republican era,NA
9976,NA,NA,Republican era,NA
9981,NA,NA,Republican era,NA
9993,NA,NA,Republican era,NA
9996,Chinese Institute of Mining and Metallurgy 中國礦冶工程學會,NA,Republican era,NA
10002,NA,NA,Republican era,NA
10005,NA,NA,Republican era,NA
10010,NA,NA,Republican era,NA
10012,NA,NA,Republican era,NA
10016,NA,NA,Republican era,NA
10022,NA,NA,Republican era,NA
10024,NA,NA,Republican era,NA
10028,NA,NA,Republican era,NA
10031,NA,NA,Republican era,NA
10033,NA,NA,Republican era,NA
10038,NA,NA,Republican era,NA
10040,NA,NA,Republican era,NA
10042,NA,NA,Republican era,NA
10044,NA,NA,Republican era,NA
10052,NA,NA,Republican era,NA
10055,NA,NA,Republican era,NA
10057,NA,NA,Republican era,NA
10060,NA,NA,Republican era,NA
10062,NA,NA,Republican era,NA
10064,NA,NA,Republican era,NA
10066,NA,NA,Republican era,NA
10068,NA,NA,Republican era,NA
10070,NA,NA,Republican era,NA
10073,NA,NA,Republican era,NA
10081,China Colourists’ Association 中國染化工程學會,NA,Republican era,NA
10090,NA,NA,Republican era,NA
10094,NA,NA,Republican era,NA
10096,NA,NA,Republican era,NA
10099,NA,NA,Republican era,NA
10104,NA,NA,Republican era,NA
10106,NA,NA,Republican era,NA
10109,NA,NA,Republican era,NA
10122,NA,NA,Republican era,NA
10126,NA,NA,Republican era,NA
10128,NA,NA,Republican era,NA
10132,Association of Chinese and American Engineers,NA,Republican era,NA
10137,NA,NA,Republican era,NA
10140,NA,NA,Republican era,NA
10146,NA,NA,Republican era,NA
10148,NA,NA,Republican era,NA
10152,China Power Engineering Society 中國動力工程學會,NA,Republican era,NA
10157,NA,NA,Republican era,NA
10168,NA,NA,Republican era,NA
10170,NA,NA,Republican era,NA
10177,NA,NA,Republican era,NA
10179,NA,NA,Republican era,NA
10182,NA,NA,Republican era,NA
10196,NA,NA,Republican era,NA
10198,NA,NA,Republican era,NA
10201,NA,NA,Republican era,NA
10203,Chinese Institute of Engineers 中華工程師學會,NA,Republican era,NA
10205,NA,NA,Republican era,NA
10207,NA,NA,Republican era,NA
10211,NA,NA,Republican era,NA
10213,NA,NA,Republican era,NA
10215,NA,NA,Republican era,NA
10219,NA,NA,Republican era,NA
10221,Chinese Institute of Mining and Metallurgy 中國礦冶工程學會,NA,Republican era,NA
10226,NA,NA,Republican era,NA
10228,NA,NA,Republican era,NA
10242,NA,NA,Republican era,NA
10246,NA,NA,Republican era,NA
10250,NA,NA,Republican era,NA
10252,NA,NA,Republican era,NA
10276,NA,NA,Republican era,NA
10278,NA,NA,Republican era,NA
10282,NA,NA,Republican era,NA
10284,NA,NA,Republican era,NA
10286,NA,NA,Republican era,NA
10288,NA,NA,Republican era,NA
10291,NA,NA,Republican era,NA
10294,NA,NA,Republican era,NA
10302,NA,NA,Republican era,NA
10305,NA,NA,Republican era,NA
10307,NA,NA,Republican era,NA
10309,NA,NA,Republican era,NA
10328,NA,NA,Republican era,NA
10333,NA,NA,Republican era,NA
10335,NA,NA,Republican era,NA
10353,NA,NA,Republican era,NA
10358,NA,NA,Republican era,NA
10360,NA,NA,Republican era,NA
10363,NA,NA,Republican era,NA
10366,NA,NA,Republican era,NA
10373,NA,NA,Republican era,NA
10376,Chinese Institute of Electrical Engineers 中國電機工程師學會,NA,Republican era,NA
10395,NA,NA,Republican era,NA
10397,NA,NA,Republican era,NA
10398,NA,NA,Republican era,NA
10405,NA,NA,Republican era,NA
10412,NA,NA,Republican era,NA
10414,NA,NA,Republican era,NA
10419,NA,NA,Republican era,NA
10421,NA,NA,Republican era,NA
10424,NA,NA,Republican era,NA
10428,China Power Engineering Society 中國動力工程學會,NA,Republican era,NA
10430,NA,NA,Republican era,NA
10436,NA,NA,Republican era,NA
10439,NA,NA,Republican era,NA
10444,NA,NA,Republican era,NA
10446,NA,NA,Republican era,NA
10450,NA,NA,Republican era,NA
10474,NA,NA,Republican era,NA
10483,NA,NA,Republican era,NA
10485,NA,NA,Republican era,NA
10489,Zhongguo gongchengshi xuehui Wuhan fenhui 中國工程師學會武漢分會,NA,Republican era,NA
10513,NA,NA,Republican era,NA
10515,Chinese Institute of Electrical Engineers 中國電機工程師學會,NA,Republican era,NA
10518,NA,NA,Republican era,NA
10531,NA,NA,Republican era,NA
10533,NA,NA,Republican era,NA
10535,NA,NA,Republican era,NA
10537,NA,NA,Republican era,NA
10542,NA,NA,Republican era,NA
10545,NA,NA,Republican era,NA
10548,NA,NA,Republican era,NA
10552,NA,NA,Republican era,NA
10556,NA,NA,Republican era,NA
10560,NA,NA,Republican era,NA
10570,NA,NA,Republican era,NA
10572,NA,NA,Republican era,NA
10576,NA,NA,Republican era,NA
10579,NA,NA,Republican era,NA
10583,NA,NA,Republican era,NA
10600,NA,NA,Republican era,NA
10602,NA,NA,Republican era,NA
10611,NA,NA,Republican era,NA
10613,NA,NA,Republican era,NA
10616,NA,NA,Republican era,NA
10627,NA,NA,Republican era,NA
10630,NA,NA,Republican era,NA
10633,NA,NA,Republican era,NA
10638,NA,NA,Republican era,NA
10652,NA,NA,Republican era,NA
10654,China Hydraulic Engineering Society 中國水利工程學會,NA,Republican era,NA
10666,NA,NA,Republican era,NA
10668,NA,NA,Republican era,NA
10671,NA,NA,Republican era,NA
10679,NA,NA,Republican era,NA
10681,NA,NA,Republican era,NA
10683,NA,NA,Republican era,NA
10686,NA,NA,Republican era,NA
10688,NA,NA,Republican era,NA
10692,NA,NA,Republican era,NA
10694,NA,NA,Republican era,NA
10703,NA,NA,Republican era,NA
10705,Chinese Institute of Mining and Metallurgy 中國礦冶工程學會,NA,Republican era,NA
10709,NA,NA,Republican era,NA
10712,NA,NA,Republican era,NA
10714,NA,NA,Republican era,NA
10723,NA,NA,Republican era,NA
10726,NA,NA,Republican era,NA
10729,NA,NA,Republican era,NA
10732,NA,NA,Republican era,NA
10734,NA,NA,Republican era,NA
10738,NA,NA,Republican era,NA
10740,NA,NA,Republican era,NA
10742,NA,NA,Republican era,NA
10746,NA,NA,Republican era,NA
10760,NA,NA,Republican era,NA
10763,NA,NA,Republican era,NA
10765,NA,NA,Republican era,NA
10767,NA,NA,Republican era,NA
10769,NA,NA,Republican era,NA
10773,NA,NA,Republican era,NA
10779,NA,NA,Republican era,NA
10782,NA,NA,Republican era,NA
10794,NA,NA,Republican era,NA
10806,NA,NA,Republican era,NA
10822,NA,NA,Republican era,NA
10824,Chinese Institute of Electrical Engineers 中國電機工程師學會,NA,Republican era,NA
10827,NA,NA,Republican era,NA
10831,NA,NA,Republican era,NA
10833,NA,NA,Republican era,NA
10839,Chinese Institute of Electrical Engineers 中國電機工程師學會,NA,Republican era,NA
10841,NA,NA,Republican era,NA
10843,Chinese Institute of Mining and Metallurgy 中國礦冶工程學會,NA,Republican era,NA
10858,NA,NA,Republican era,NA
10860,NA,NA,Republican era,NA
10864,NA,NA,Republican era,NA
10866,NA,NA,Republican era,NA
10886,NA,NA,Republican era,NA
10892,NA,NA,Republican era,NA
10903,NA,NA,Republican era,NA
10906,NA,NA,Republican era,NA
10908,NA,NA,Republican era,NA
10911,NA,NA,Republican era,NA
10914,NA,NA,Republican era,NA
10916,NA,NA,Republican era,NA
10927,NA,NA,Republican era,NA
10930,NA,NA,Republican era,NA
10932,NA,NA,Republican era,NA
10935,Association of Chinese and American Engineers,NA,Republican era,NA
10935,Chinese Institute of Engineers 中華工程師學會,NA,Republican era,NA
10935,Tsingtao Lions Club,NA,Republican era,NA
10935,Tsingtao International Club,NA,Republican era,NA
10935,Zhongguo gongchengshi xuehui Wuhan fenhui 中國工程師學會武漢分會,NA,Republican era,NA
10940,NA,NA,Republican era,NA
10942,NA,NA,Republican era,NA
10944,NA,NA,Republican era,NA
10952,NA,NA,Republican era,NA
10955,NA,NA,Republican era,NA
10957,NA,NA,Republican era,NA
10967,NA,NA,Republican era,NA
10982,Chinese Institute of Mining and Metallurgy 中國礦冶工程學會,NA,Republican era,NA
10993,NA,NA,Republican era,NA
10997,NA,NA,Republican era,NA
11002,NA,NA,Republican era,NA
11004,NA,NA,Republican era,NA
11006,NA,NA,Republican era,NA
11011,NA,NA,Republican era,NA
11013,NA,NA,Republican era,NA
11026,NA,NA,Republican era,NA
11028,NA,NA,Republican era,NA
11030,NA,NA,Republican era,NA
11035,NA,NA,Republican era,NA
11037,NA,NA,Republican era,NA
11039,NA,NA,Republican era,NA
11042,NA,NA,Republican era,NA
11044,NA,NA,Republican era,NA
11046,NA,NA,Republican era,NA
11050,NA,NA,Republican era,NA
11052,NA,NA,Republican era,NA
11054,NA,NA,Republican era,NA
11057,NA,NA,Republican era,NA
11060,NA,NA,Republican era,NA
11067,NA,NA,Republican era,NA
11069,NA,NA,Republican era,NA
11071,NA,NA,Republican era,NA
11076,NA,NA,Republican era,NA
11078,NA,NA,Republican era,NA
11080,NA,NA,Republican era,NA
11082,NA,NA,Republican era,NA
11088,NA,NA,Republican era,NA
11091,Chinese Institute of Mining and Metallurgy 中國礦冶工程學會,NA,Republican era,NA
11114,NA,NA,Republican era,NA
11121,NA,NA,Republican era,NA
11124,Chinese Institute of Electrical Engineers 中國電機工程師學會,NA,Republican era,NA
11134,NA,NA,Republican era,NA
11137,NA,NA,Republican era,NA
11139,NA,NA,Republican era,NA
11143,NA,NA,Republican era,NA
11153,NA,NA,Republican era,NA
11158,China Colourists’ Association 中國染化工程學會,NA,Republican era,NA
11177,NA,NA,Republican era,NA
11179,NA,NA,Republican era,NA
11182,NA,NA,Republican era,NA
11184,NA,NA,Republican era,NA
11186,NA,NA,Republican era,NA
11189,NA,NA,Republican era,NA
11191,NA,NA,Republican era,NA
11197,NA,NA,Republican era,NA
11199,NA,NA,Republican era,NA
11202,NA,NA,Republican era,NA
11204,NA,NA,Republican era,NA
11207,NA,NA,Republican era,NA
11208,NA,NA,Republican era,NA
11216,China Engineering Society 中國工程學會,NA,Republican era,NA
11224,NA,NA,Republican era,NA
11228,NA,NA,Republican era,NA
11240,NA,NA,Republican era,NA
11253,NA,NA,Republican era,NA
11261,NA,NA,Republican era,NA
11272,NA,NA,Republican era,NA
11274,NA,NA,Republican era,NA
11284,NA,NA,Republican era,NA
11286,NA,NA,Republican era,NA
11291,NA,NA,Republican era,NA
11295,NA,NA,Republican era,NA
11297,Zhongguo gongchengshi xuehui Wuhan fenhui 中國工程師學會武漢分會,NA,Republican era,NA
11304,NA,NA,Republican era,NA
11307,NA,NA,Republican era,NA
11317,NA,NA,Republican era,NA
11319,NA,NA,Republican era,NA
11321,NA,NA,Republican era,NA
11325,NA,NA,Republican era,NA
11329,Chinese Institute of Mining and Metallurgy 中國礦冶工程學會,NA,Republican era,NA
11344,NA,NA,Republican era,NA
11348,NA,NA,Republican era,NA
11358,NA,NA,Republican era,NA
11374,NA,NA,Republican era,NA
11380,Chinese Institute of Electrical Engineers 中國電機工程師學會,NA,Republican era,NA
11386,NA,NA,Republican era,NA
11390,NA,NA,Republican era,NA
11394,NA,NA,Republican era,NA
11397,NA,NA,Republican era,NA
11400,NA,NA,Republican era,NA
11405,NA,NA,Republican era,NA
11411,NA,NA,Republican era,NA
11412,NA,NA,Republican era,NA
11415,NA,NA,Republican era,NA
11417,NA,NA,Republican era,NA
11423,NA,NA,Republican era,NA
11424,NA,NA,Republican era,NA
11427,NA,NA,Republican era,NA
11437,NA,NA,Republican era,NA
11439,NA,NA,Republican era,NA
11442,NA,NA,Republican era,NA
11444,NA,NA,Republican era,NA
11455,NA,NA,Republican era,NA
11460,China Power Engineering Society 中國動力工程學會,NA,Republican era,NA
11460,Chinese Institute of Electrical Engineers 中國電機工程師學會,NA,Republican era,NA
11463,NA,NA,Republican era,NA
11470,NA,NA,Republican era,NA
11474,NA,NA,Republican era,NA
11479,NA,NA,Republican era,NA
11481,NA,NA,Republican era,NA
11495,NA,NA,Republican era,NA
11500,NA,NA,Republican era,NA
11502,Chinese Institute of Engineers 中華工程師學會,NA,Republican era,NA
11504,NA,NA,Republican era,NA
11506,NA,NA,Republican era,NA
11515,NA,NA,Republican era,NA
11521,NA,NA,Republican era,NA
11524,NA,NA,Republican era,NA
11529,NA,NA,Republican era,NA
11534,NA,NA,Republican era,NA
11538,NA,NA,Republican era,NA
11544,NA,NA,Republican era,NA
11546,NA,NA,Republican era,NA
11548,NA,NA,Republican era,NA
11550,NA,NA,Republican era,NA
11553,NA,NA,Republican era,NA
11563,NA,NA,Republican era,NA
11568,NA,NA,Republican era,NA
11571,NA,NA,Republican era,NA
11574,NA,NA,Republican era,NA
11580,NA,NA,Republican era,NA
11582,NA,NA,Republican era,NA
11602,NA,NA,Republican era,NA
11614,NA,NA,Republican era,NA
11617,NA,NA,Republican era,NA
11637,NA,NA,Republican era,NA
11639,NA,NA,Republican era,NA
11641,Chinese Institute of Mining and Metallurgy 中國礦冶工程學會,NA,Republican era,NA
11656,NA,NA,Republican era,NA
11658,NA,NA,Republican era,NA
11661,NA,NA,Republican era,NA
11664,NA,NA,Republican era,NA
11674,NA,NA,Republican era,NA
11676,NA,NA,Republican era,NA
11679,NA,NA,Republican era,NA
11705,NA,NA,Republican era,NA
11721,NA,NA,Republican era,NA
11724,NA,NA,Republican era,NA
11727,NA,NA,Republican era,NA
11732,NA,NA,Republican era,NA
11746,NA,NA,Republican era,NA
11751,NA,NA,Republican era,NA
11755,Chinese Institute of Mining and Metallurgy 中國礦冶工程學會,NA,Republican era,NA
11756,NA,NA,Republican era,NA
11765,NA,NA,Republican era,NA
11768,NA,NA,Republican era,NA
11770,Zhongguo gongchengshi xuehui Wuhan fenhui 中國工程師學會武漢分會,NA,Republican era,NA
11782,Chinese Institute of Mining and Metallurgy 中國礦冶工程學會,NA,Republican era,NA
11793,NA,NA,Republican era,NA
11796,NA,NA,Republican era,NA
11798,Iron and Steel Institute of London,NA,Republican era,NA
11815,NA,NA,Republican era,NA
11826,NA,NA,Republican era,NA
11828,NA,NA,Republican era,NA
11831,NA,NA,Republican era,NA
11833,NA,NA,Republican era,NA
11836,NA,NA,Republican era,NA
11838,NA,NA,Republican era,NA
11851,NA,NA,Republican era,NA
11853,NA,NA,Republican era,NA
11858,NA,NA,Republican era,NA
11861,NA,NA,Republican era,NA
11863,NA,NA,Republican era,NA
11865,NA,NA,Republican era,NA
11869,NA,NA,Republican era,NA
11871,NA,NA,Republican era,NA
11873,NA,NA,Republican era,NA
11875,NA,NA,Republican era,NA
11880,China Engineering Society 中國工程學會,NA,Republican era,NA
11882,NA,NA,Republican era,NA
11886,NA,NA,Republican era,NA
11888,NA,NA,Republican era,NA
11891,NA,NA,Republican era,NA
11902,NA,NA,Republican era,NA
11904,NA,NA,Republican era,NA
11906,NA,NA,Republican era,NA
11907,NA,NA,Republican era,NA
11910,NA,NA,Republican era,NA
11916,NA,NA,Republican era,NA
11922,NA,NA,Republican era,NA
11926,NA,NA,Republican era,NA
11930,NA,NA,Republican era,NA
11940,NA,NA,Republican era,NA
11943,NA,NA,Republican era,NA
11951,NA,NA,Republican era,NA
11958,NA,NA,Republican era,NA
11960,NA,NA,Republican era,NA
11961,NA,NA,Republican era,NA
11964,NA,NA,Republican era,NA
11967,NA,NA,Republican era,NA
11970,NA,NA,Republican era,NA
11971,NA,NA,Republican era,NA
11974,NA,NA,Republican era,NA
11975,NA,NA,Republican era,NA
11977,NA,NA,Republican era,NA
11982,NA,NA,Republican era,NA
11987,NA,NA,Republican era,NA
11990,NA,NA,Republican era,NA
11995,NA,NA,Republican era,NA
11996,NA,NA,Republican era,NA
12000,NA,NA,Republican era,NA
12002,Chinese Institute of Engineers 中華工程師學會,NA,Republican era,NA
12013,NA,NA,Republican era,NA
12016,NA,NA,Republican era,NA
12018,NA,NA,Republican era,NA
12020,NA,NA,Republican era,NA
12022,Chinese Institute of Mining and Metallurgy 中國礦冶工程學會,NA,Republican era,NA
12026,NA,NA,Republican era,NA
12028,NA,NA,Republican era,NA
12032,NA,NA,Republican era,NA
12037,NA,NA,Republican era,NA
12043,NA,NA,Republican era,NA
12045,NA,NA,Republican era,NA
12050,NA,NA,Republican era,NA
12060,Chinese Institute of Electrical Engineers 中國電機工程師學會,NA,Republican era,NA
12070,NA,NA,Republican era,NA
12072,NA,NA,Republican era,NA
12074,NA,NA,Republican era,NA
12084,NA,NA,Republican era,NA
12086,NA,NA,Republican era,NA
12088,NA,NA,Republican era,NA
12093,NA,NA,Republican era,NA
12095,NA,NA,Republican era,NA
12097,NA,NA,Republican era,NA
12105,NA,NA,Republican era,NA
12109,NA,NA,Republican era,NA
12114,NA,NA,Republican era,NA
12128,NA,NA,Republican era,NA
12130,NA,NA,Republican era,NA
12136,NA,NA,Republican era,NA
12142,Chinese Institute of Mining and Metallurgy 中國礦冶工程學會,NA,Republican era,NA
12146,NA,NA,Republican era,NA
12148,NA,NA,Republican era,NA
12152,NA,NA,Republican era,NA
12156,NA,NA,Republican era,NA
12165,NA,NA,Republican era,NA
12171,Chinese Institute of Electrical Engineers 中國電機工程師學會,NA,Republican era,NA
12174,NA,NA,Republican era,NA
12177,Chinese Institute of Electrical Engineers 中國電機工程師學會,NA,Republican era,NA
12195,NA,NA,Republican era,NA
12197,NA,NA,Republican era,NA
12202,NA,NA,Republican era,NA
12211,NA,NA,Republican era,NA
12231,NA,NA,Republican era,NA
12234,NA,NA,Republican era,NA
12251,Zhongguo gongchengshi xuehui Wuhan fenhui 中國工程師學會武漢分會,NA,Republican era,NA
12258,NA,NA,Republican era,NA
12260,NA,NA,Republican era,NA
12263,NA,NA,Republican era,NA
12267,NA,NA,Republican era,NA
12269,NA,NA,Republican era,NA
12272,NA,NA,Republican era,NA
12274,NA,NA,Republican era,NA
12278,NA,NA,Republican era,NA
12288,NA,NA,Republican era,NA
12290,Association of Chinese and American Engineers,NA,Republican era,NA
12290,China Hydraulic Engineering Society 中國水利工程學會,NA,Republican era,NA
12292,NA,NA,Republican era,NA
12294,NA,NA,Republican era,NA
12297,NA,NA,Republican era,NA
12299,NA,NA,Republican era,NA
12303,NA,NA,Republican era,NA
12313,NA,NA,Republican era,NA
12315,NA,NA,Republican era,NA
12317,NA,NA,Republican era,NA
12319,NA,NA,Republican era,NA
12322,NA,NA,Republican era,NA
12326,NA,NA,Republican era,NA
12329,NA,NA,Republican era,NA
12337,NA,NA,Republican era,NA
12347,NA,NA,Republican era,NA
12350,NA,NA,Republican era,NA
12352,NA,NA,Republican era,NA
12360,NA,NA,Republican era,NA
12363,NA,NA,Republican era,NA
12366,NA,NA,Republican era,NA
12368,NA,NA,Republican era,NA
12375,NA,NA,Republican era,NA
12377,NA,NA,Republican era,NA
12379,NA,NA,Republican era,NA
12381,NA,NA,Republican era,NA
12383,NA,NA,Republican era,NA
12393,NA,NA,Republican era,NA
12395,NA,NA,Republican era,NA
12399,NA,NA,Republican era,NA
12403,NA,NA,Republican era,NA
12405,NA,NA,Republican era,NA
12408,NA,NA,Republican era,NA
12414,NA,NA,Republican era,NA
12416,NA,NA,Republican era,NA
12418,NA,NA,Republican era,NA
12422,Chinese Institute of Mining and Metallurgy 中國礦冶工程學會,NA,Republican era,NA
12433,NA,NA,Republican era,NA
12435,NA,NA,Republican era,NA
12438,NA,NA,Republican era,NA
12452,NA,NA,Republican era,NA
12457,NA,NA,Republican era,NA
12461,Chinese Institute of Mining and Metallurgy 中國礦冶工程學會,NA,Republican era,NA
12470,NA,NA,Republican era,NA
12484,Chinese Institute of Electrical Engineers 中國電機工程師學會,NA,Republican era,NA
12496,NA,NA,Republican era,NA
12499,NA,NA,Republican era,NA
12502,NA,NA,Republican era,NA
12504,NA,NA,Republican era,NA
12515,NA,NA,Republican era,NA
12526,NA,NA,Republican era,NA
12528,NA,NA,Republican era,NA
12530,NA,NA,Republican era,NA
12532,NA,NA,Republican era,NA
12534,NA,NA,Republican era,NA
12539,NA,NA,Republican era,NA
12541,NA,NA,Republican era,NA
12544,NA,NA,Republican era,NA
12547,NA,NA,Republican era,NA
12549,NA,NA,Republican era,NA
12551,Chinese Institute of Electrical Engineers 中國電機工程師學會,NA,Republican era,NA
12563,NA,NA,Republican era,NA
12567,NA,NA,Republican era,NA
12569,NA,NA,Republican era,NA
12574,NA,NA,Republican era,NA
12576,NA,NA,Republican era,NA
12578,NA,NA,Republican era,NA
12583,NA,NA,Republican era,NA
12585,NA,NA,Republican era,NA
12588,NA,NA,Republican era,NA
12595,NA,NA,Republican era,NA
12597,NA,NA,Republican era,NA
12600,NA,NA,Republican era,NA
12606,NA,NA,Republican era,NA
12608,NA,NA,Republican era,NA
12610,NA,NA,Republican era,NA
12612,NA,NA,Republican era,NA
12614,NA,NA,Republican era,NA
12616,NA,NA,Republican era,NA
12622,NA,NA,Republican era,NA
12624,NA,NA,Republican era,NA
12627,NA,NA,Republican era,NA
12631,NA,NA,Republican era,NA
12633,Chinese Institute of Mining and Metallurgy 中國礦冶工程學會,NA,Republican era,NA
12640,China Power Engineering Society 中國動力工程學會,NA,Republican era,NA
12640,Chinese Institute of Electrical Engineers 中國電機工程師學會,NA,Republican era,NA
12652,Chinese Institute of Mining and Metallurgy 中國礦冶工程學會,NA,Republican era,NA
12659,NA,NA,Republican era,NA
12661,NA,NA,Republican era,NA
12664,NA,NA,Republican era,NA
12666,NA,NA,Republican era,NA
12669,NA,NA,Republican era,NA
12675,NA,NA,Republican era,NA
12683,NA,NA,Republican era,NA
12686,China Hydraulic Engineering Society 中國水利工程學會,NA,Republican era,NA
12690,NA,NA,Republican era,NA
12693,NA,NA,Republican era,NA
12701,NA,NA,Republican era,NA
12704,NA,NA,Republican era,NA
12710,NA,NA,Republican era,NA
12713,Chinese Institute of Mining and Metallurgy 中國礦冶工程學會,NA,Republican era,NA
12729,NA,NA,Republican era,NA
12734,NA,NA,Republican era,NA
12742,China Hydraulic Engineering Society 中國水利工程學會,NA,Republican era,NA
12752,NA,NA,Republican era,NA
12754,Chinese Institute of Electrical Engineers 中國電機工程師學會,NA,Republican era,NA
12756,NA,NA,Republican era,NA
12760,NA,NA,Republican era,NA
12763,NA,NA,Republican era,NA
12777,NA,NA,Republican era,NA
12787,NA,NA,Republican era,NA
12789,NA,NA,Republican era,NA
12791,NA,NA,Republican era,NA
12793,NA,NA,Republican era,NA
12795,NA,NA,Republican era,NA
12797,NA,NA,Republican era,NA
12800,NA,NA,Republican era,NA
12805,NA,NA,Republican era,NA
12807,NA,NA,Republican era,NA
12826,NA,NA,Republican era,NA
12828,NA,NA,Republican era,NA
12830,NA,NA,Republican era,NA
12834,NA,NA,Republican era,NA
12836,NA,NA,Republican era,NA
12838,NA,NA,Republican era,NA
12842,NA,NA,Republican era,NA
12845,NA,NA,Republican era,NA
12847,NA,NA,Republican era,NA
12849,NA,NA,Republican era,NA
12851,NA,NA,Republican era,NA
12855,NA,NA,Republican era,NA
12858,NA,NA,Republican era,NA
12869,NA,NA,Republican era,NA
12872,NA,NA,Republican era,NA
12876,China Hydraulic Engineering Society 中國水利工程學會,NA,Republican era,NA
12883,NA,NA,Republican era,NA
12885,Chinese Institute of Mining and Metallurgy 中國礦冶工程學會,NA,Republican era,NA
12896,NA,NA,Republican era,NA
12900,NA,NA,Republican era,NA
12911,NA,NA,Republican era,NA
12913,NA,NA,Republican era,NA
12919,NA,NA,Republican era,NA
12926,NA,NA,Republican era,NA
12928,NA,NA,Republican era,NA
12935,NA,NA,Republican era,NA
12938,NA,NA,Republican era,NA
12940,NA,NA,Republican era,NA
12942,NA,NA,Republican era,NA
12944,NA,NA,Republican era,NA
12946,NA,NA,Republican era,NA
12950,NA,NA,Republican era,NA
12958,NA,NA,Republican era,NA
12963,Chinese Institute of Engineers 中華工程師學會,NA,Republican era,NA
12985,NA,NA,Republican era,NA
12987,NA,NA,Republican era,NA
12990,NA,NA,Republican era,NA
12992,NA,NA,Republican era,NA
13000,NA,NA,Republican era,NA
13003,NA,NA,Republican era,NA
13005,NA,NA,Republican era,NA
13011,NA,NA,Republican era,NA
13014,NA,NA,Republican era,NA
13016,NA,NA,Republican era,NA
13018,NA,NA,Republican era,NA
13021,NA,NA,Republican era,NA
13032,NA,NA,Republican era,NA
13035,NA,NA,Republican era,NA
13038,NA,NA,Republican era,NA
13041,NA,NA,Republican era,NA
13042,NA,NA,Republican era,NA
13047,NA,NA,Republican era,NA
13049,NA,NA,Republican era,NA
13061,Chinese Institute of Electrical Engineers 中國電機工程師學會,NA,Republican era,NA
13071,NA,NA,Republican era,NA
13077,NA,NA,Republican era,NA
13089,NA,NA,Republican era,NA
13091,NA,NA,Republican era,NA
13094,NA,NA,Republican era,NA
13099,NA,NA,Republican era,NA
13101,NA,NA,Republican era,NA
13105,NA,NA,Republican era,NA
13107,NA,NA,Republican era,NA
13112,NA,NA,Republican era,NA
13114,NA,NA,Republican era,NA
13116,NA,NA,Republican era,NA
13118,Chinese Institute of Mining and Metallurgy 中國礦冶工程學會,NA,Republican era,NA
13127,NA,NA,Republican era,NA
13134,NA,NA,Republican era,NA
13136,NA,NA,Republican era,NA
13138,NA,NA,Republican era,NA
13141,NA,NA,Republican era,NA
13151,NA,NA,Republican era,NA
13158,NA,NA,Republican era,NA
13175,NA,NA,Republican era,NA
13182,NA,NA,Republican era,NA
13185,NA,NA,Republican era,NA
13187,NA,NA,Republican era,NA
13189,Chinese Institute of Mining and Metallurgy 中國礦冶工程學會,NA,Republican era,NA
13208,NA,NA,Republican era,NA
13211,NA,NA,Republican era,NA
13216,NA,NA,Republican era,NA
13218,NA,NA,Republican era,NA
13220,NA,NA,Republican era,NA
13239,NA,NA,Republican era,NA
13247,NA,NA,Republican era,NA
13250,NA,NA,Republican era,NA
13252,NA,NA,Republican era,NA
13254,Chinese Institute of Electrical Engineers 中國電機工程師學會,NA,Republican era,NA
13263,Chinese Institute of Engineers 中華工程師學會,NA,Republican era,NA
13263,Zhongguo gongchengshi xuehui Wuhan fenhui 中國工程師學會武漢分會,NA,Republican era,NA
13270,NA,NA,Republican era,NA
13273,NA,NA,Republican era,NA
13276,NA,NA,Republican era,NA
13278,NA,NA,Republican era,NA
13280,NA,NA,Republican era,NA
13282,NA,NA,Republican era,NA
13297,NA,NA,Republican era,NA
13301,NA,NA,Republican era,NA
13310,NA,NA,Republican era,NA
13314,Chinese Institute of Mining and Metallurgy 中國礦冶工程學會,NA,Republican era,NA
13327,NA,NA,Republican era,NA
13334,NA,NA,Republican era,NA
13336,China Hydraulic Engineering Society 中國水利工程學會,NA,Republican era,NA
13342,NA,NA,Republican era,NA
13344,NA,NA,Republican era,NA
13360,China Engineering Society 中國工程學會,NA,Republican era,NA
13365,Chinese Institute of Mining and Metallurgy 中國礦冶工程學會,NA,Republican era,NA
13365,Chinese Institute of Engineers 中華工程師學會,NA,Republican era,NA
13377,NA,NA,Republican era,NA
13382,NA,NA,Republican era,NA
13385,NA,NA,Republican era,NA
13388,NA,NA,Republican era,NA
13392,NA,NA,Republican era,NA
13396,Zhongguo gongchengshi xuehui Wuhan fenhui 中國工程師學會武漢分會,NA,Republican era,NA
13402,Chinese Institute of Mining and Metallurgy 中國礦冶工程學會,NA,Republican era,NA
13409,Chinese Institute of Mining and Metallurgy 中國礦冶工程學會,NA,Republican era,NA
13423,NA,NA,Republican era,NA
13427,NA,NA,Republican era,NA
13431,NA,NA,Republican era,NA
13433,NA,NA,Republican era,NA
13434,NA,NA,Republican era,NA
13438,NA,NA,Republican era,NA
13440,NA,NA,Republican era,NA
13441,NA,NA,Republican era,NA
13459,NA,NA,Republican era,NA
13461,Chinese Institute of Mining and Metallurgy 中國礦冶工程學會,NA,Republican era,NA
13490,NA,NA,Republican era,NA
13492,NA,NA,Republican era,NA
13496,NA,NA,Republican era,NA
13498,NA,NA,Republican era,NA
13500,NA,NA,Republican era,NA
13516,NA,NA,Republican era,NA
13518,NA,NA,Republican era,NA
13522,NA,NA,Republican era,NA
13546,NA,NA,Republican era,NA
13551,NA,NA,Republican era,NA
13555,NA,NA,Republican era,NA
13557,NA,NA,Republican era,NA
13558,NA,NA,Republican era,NA
13561,NA,NA,Republican era,NA
13577,NA,NA,Republican era,NA
13579,NA,NA,Republican era,NA
13582,Chinese Institute of Electrical Engineers 中國電機工程師學會,NA,Republican era,NA
13584,NA,NA,Republican era,NA
13587,NA,NA,Republican era,NA
13591,NA,NA,Republican era,NA
13593,China Engineering Society 中國工程學會,NA,Republican era,NA
13593,Zhongguo gongchengshi xuehui Wuhan fenhui 中國工程師學會武漢分會,NA,Republican era,NA
13598,NA,NA,Republican era,NA
13604,NA,NA,Republican era,NA
13613,NA,NA,Republican era,NA
13614,Chinese Institute of Electrical Engineers 中國電機工程師學會,NA,Republican era,NA
13618,NA,NA,Republican era,NA
13620,NA,NA,Republican era,NA
13622,NA,NA,Republican era,NA
13627,NA,NA,Republican era,NA
13631,NA,NA,Republican era,NA
13642,Chinese Institute of Mining and Metallurgy 中國礦冶工程學會,NA,Republican era,NA
13653,NA,NA,Republican era,NA
13660,Chinese Institute of Electrical Engineers 中國電機工程師學會,NA,Republican era,NA
13661,NA,NA,Republican era,NA
13663,NA,NA,Republican era,NA
13676,NA,NA,Republican era,NA
13678,NA,NA,Republican era,NA
13680,NA,NA,Republican era,NA
13683,NA,NA,Republican era,NA
13697,NA,NA,Republican era,NA
13703,NA,NA,Republican era,NA
13705,NA,NA,Republican era,NA
13710,Chinese Institute of Electrical Engineers 中國電機工程師學會,NA,Republican era,NA
13712,NA,NA,Republican era,NA
13715,NA,NA,Republican era,NA
13717,NA,NA,Republican era,NA
13721,NA,NA,Republican era,NA
13732,NA,NA,Republican era,NA
13736,NA,NA,Republican era,NA
13738,NA,NA,Republican era,NA
13740,NA,NA,Republican era,NA
13747,NA,NA,Republican era,NA
13749,NA,NA,Republican era,NA
13751,NA,NA,Republican era,NA
13757,NA,NA,Republican era,NA
13760,NA,NA,Republican era,NA
13762,NA,NA,Republican era,NA
13764,NA,NA,Republican era,NA
13766,NA,NA,Republican era,NA
13768,NA,NA,Republican era,NA
13771,NA,NA,Republican era,NA
13773,NA,NA,Republican era,NA
13777,NA,NA,Republican era,NA
13779,NA,NA,Republican era,NA
13781,NA,NA,Republican era,NA
13784,NA,NA,Republican era,NA
13787,NA,NA,Republican era,NA
13790,NA,NA,Republican era,NA
13792,Chinese Institute of Engineers 中華工程師學會,NA,Republican era,NA
13807,NA,NA,Republican era,NA
13812,NA,NA,Republican era,NA
13814,NA,NA,Republican era,NA
13816,NA,NA,Republican era,NA
13825,NA,NA,Republican era,NA
13827,Chinese Institute of Electrical Engineers 中國電機工程師學會,NA,Republican era,NA
13838,NA,NA,Republican era,NA
13840,NA,NA,Republican era,NA
13845,NA,NA,Republican era,NA
13848,NA,NA,Republican era,NA
13852,NA,NA,Republican era,NA
13858,NA,NA,Republican era,NA
13860,NA,NA,Republican era,NA
13862,NA,NA,Republican era,NA
13865,NA,NA,Republican era,NA
13869,NA,NA,Republican era,NA
13873,NA,NA,Republican era,NA
13875,NA,NA,Republican era,NA
13884,NA,NA,Republican era,NA
13889,NA,NA,Republican era,NA
13891,NA,NA,Republican era,NA
13893,NA,NA,Republican era,NA
13898,NA,NA,Republican era,NA
13900,NA,NA,Republican era,NA
13902,NA,NA,Republican era,NA
13904,NA,NA,Republican era,NA
13908,Chinese Institute of Mining and Metallurgy 中國礦冶工程學會,NA,Republican era,NA
13916,Chinese Institute of Electrical Engineers 中國電機工程師學會,NA,Republican era,NA
13923,NA,NA,Republican era,NA
13937,NA,NA,Republican era,NA
13940,NA,NA,Republican era,NA
13949,NA,NA,Republican era,NA
13951,NA,NA,Republican era,NA
13958,NA,NA,Republican era,NA
13960,NA,NA,Republican era,NA
13964,NA,NA,Republican era,NA
13966,NA,NA,Republican era,NA
13971,NA,NA,Republican era,NA
13977,NA,NA,Republican era,NA
13985,NA,NA,Republican era,NA
13987,NA,NA,Republican era,NA
13989,NA,NA,Republican era,NA
13991,NA,NA,Republican era,NA
13997,NA,NA,Republican era,NA
13999,NA,NA,Republican era,NA
14001,NA,NA,Republican era,NA
14006,NA,NA,Republican era,NA
14008,NA,NA,Republican era,NA
14023,NA,NA,Republican era,NA
14025,NA,NA,Republican era,NA
14036,NA,NA,Republican era,NA
14038,NA,NA,Republican era,NA
14049,NA,NA,Republican era,NA
14051,NA,NA,Republican era,NA
14054,NA,NA,Republican era,NA
14062,NA,NA,Republican era,NA
14064,NA,NA,Republican era,NA
14066,NA,NA,Republican era,NA
14068,NA,NA,Republican era,NA
14070,NA,NA,Republican era,NA
14072,NA,NA,Republican era,NA
14074,NA,NA,Republican era,NA
14076,NA,NA,Republican era,NA
14078,NA,NA,Republican era,NA
14080,NA,NA,Republican era,NA
14083,NA,NA,Republican era,NA
14088,NA,NA,Republican era,NA
14090,NA,NA,Republican era,NA
14098,NA,NA,Republican era,NA
14110,NA,NA,Republican era,NA
14114,NA,NA,Republican era,NA
14116,NA,NA,Republican era,NA
14119,NA,NA,Republican era,NA
14134,NA,NA,Republican era,NA
14144,NA,NA,Republican era,NA
14146,NA,NA,Republican era,NA
14148,NA,NA,Republican era,NA
14150,NA,NA,Republican era,NA
14153,NA,NA,Republican era,NA
14160,NA,NA,Republican era,NA
14174,NA,NA,Republican era,NA
14181,NA,NA,Republican era,NA
14185,NA,NA,Republican era,NA
14187,NA,NA,Republican era,NA
14194,NA,NA,Republican era,NA
14196,NA,NA,Republican era,NA
14198,NA,NA,Republican era,NA
14202,NA,NA,Republican era,NA
14210,NA,NA,Republican era,NA
14219,Chinese Institute of Engineers 中華工程師學會,NA,Republican era,NA
14220,NA,NA,Republican era,NA
14224,NA,NA,Republican era,NA
14226,NA,NA,Republican era,NA
14231,NA,NA,Republican era,NA
14233,NA,NA,Republican era,NA
14244,NA,NA,Republican era,NA
14246,NA,NA,Republican era,NA
14250,NA,NA,Republican era,NA
14254,China Engineering Society 中國工程學會,NA,Republican era,NA
14257,NA,NA,Republican era,NA
14258,Zhongguo gongchengshi xuehui Wuhan fenhui 中國工程師學會武漢分會,NA,Republican era,NA
14264,Chinese Institute of Electrical Engineers 中國電機工程師學會,NA,Republican era,NA
14266,NA,NA,Republican era,NA
14269,NA,NA,Republican era,NA
14271,NA,NA,Republican era,NA
14292,NA,NA,Republican era,NA
14294,NA,NA,Republican era,NA
14296,NA,NA,Republican era,NA
14298,NA,NA,Republican era,NA
14300,NA,NA,Republican era,NA
14305,NA,NA,Republican era,NA
14313,NA,NA,Republican era,NA
14315,Chinese Institute of Engineers 中華工程師學會,NA,Republican era,NA
14315,Zhongguo gongchengshi xuehui Wuhan fenhui 中國工程師學會武漢分會,NA,Republican era,NA
14318,NA,NA,Republican era,NA
14320,NA,NA,Republican era,NA
14327,NA,NA,Republican era,NA
14332,NA,NA,Republican era,NA
14335,NA,NA,Republican era,NA
14337,NA,NA,Republican era,NA
14339,NA,NA,Republican era,NA
14341,NA,NA,Republican era,NA
14343,NA,NA,Republican era,NA
14355,NA,NA,Republican era,NA
14358,China Hydraulic Engineering Society 中國水利工程學會,NA,Republican era,NA
14361,NA,NA,Republican era,NA
14363,NA,NA,Republican era,NA
14365,NA,NA,Republican era,NA
14368,NA,NA,Republican era,NA
14370,NA,NA,Republican era,NA
14372,NA,NA,Republican era,NA
14375,NA,NA,Republican era,NA
14377,NA,NA,Republican era,NA
14379,Chinese Institute of Electrical Engineers 中國電機工程師學會,NA,Republican era,NA
14382,NA,NA,Republican era,NA
14385,NA,NA,Republican era,NA
14389,NA,NA,Republican era,NA
14392,NA,NA,Republican era,NA
14394,NA,NA,Republican era,NA
14399,NA,NA,Republican era,NA
14403,NA,NA,Republican era,NA
14420,NA,NA,Republican era,NA
14422,NA,NA,Republican era,NA
14431,NA,NA,Republican era,NA
14434,NA,NA,Republican era,NA
14437,NA,NA,Republican era,NA
14439,NA,NA,Republican era,NA
14441,NA,NA,Republican era,NA
14444,NA,NA,Republican era,NA
14447,NA,NA,Republican era,NA
14449,NA,NA,Republican era,NA
14453,NA,NA,Republican era,NA
14455,NA,NA,Republican era,NA
14464,Chinese Institute of Electrical Engineers 中國電機工程師學會,NA,Republican era,NA
14482,NA,NA,Republican era,NA
14486,NA,NA,Republican era,NA
14488,NA,NA,Republican era,NA
14491,NA,NA,Republican era,NA
14493,NA,NA,Republican era,NA
14496,NA,NA,Republican era,NA
14498,NA,NA,Republican era,NA
14504,NA,NA,Republican era,NA
14508,NA,NA,Republican era,NA
14510,NA,NA,Republican era,NA
14512,NA,NA,Republican era,NA
14514,NA,NA,Republican era,NA
14524,NA,NA,Republican era,NA
14529,NA,NA,Republican era,NA
14533,NA,NA,Republican era,NA
14536,NA,NA,Republican era,NA
14538,NA,NA,Republican era,NA
14544,NA,NA,Republican era,NA
14546,NA,NA,Republican era,NA
14548,NA,NA,Republican era,NA
14550,NA,NA,Republican era,NA
14557,NA,NA,Republican era,NA
14560,NA,NA,Republican era,NA
14564,NA,NA,Republican era,NA
14571,NA,NA,Republican era,NA
14575,NA,NA,Republican era,NA
14577,NA,NA,Republican era,NA
14580,NA,NA,Republican era,NA
14583,NA,NA,Republican era,NA
14585,NA,NA,Republican era,NA
14588,NA,NA,Republican era,NA
14591,NA,NA,Republican era,NA
14596,NA,NA,Republican era,NA
14602,NA,NA,Republican era,NA
14605,NA,NA,Republican era,NA
14607,NA,NA,Republican era,NA
14610,NA,NA,Republican era,NA
14612,NA,NA,Republican era,NA
14615,NA,NA,Republican era,NA
14623,NA,NA,Republican era,NA
14635,NA,NA,Republican era,NA
14638,NA,NA,Republican era,NA
14640,NA,NA,Republican era,NA
14650,NA,NA,Republican era,NA
14661,NA,NA,Republican era,NA
14663,NA,NA,Republican era,NA
14678,NA,NA,Republican era,NA
14680,NA,NA,Republican era,NA
14682,NA,NA,Republican era,NA
14684,NA,NA,Republican era,NA
14687,NA,NA,Republican era,NA
14689,NA,NA,Republican era,NA
14700,NA,NA,Republican era,NA
14704,NA,NA,Republican era,NA
14711,NA,NA,Republican era,NA
14717,Zhongguo gongchengshi xuehui Wuhan fenhui 中國工程師學會武漢分會,NA,Republican era,NA
14721,NA,NA,Republican era,NA
14727,NA,NA,Republican era,NA
14733,NA,NA,Republican era,NA
14735,NA,NA,Republican era,NA
14737,NA,NA,Republican era,NA
14746,NA,NA,Republican era,NA
14751,NA,NA,Republican era,NA
14755,NA,NA,Republican era,NA
14757,NA,NA,Republican era,NA
14758,NA,NA,Republican era,NA
14770,NA,NA,Republican era,NA
14771,NA,NA,Republican era,NA
14777,NA,NA,Republican era,NA
14781,NA,NA,Republican era,NA
14784,NA,NA,Republican era,NA
14787,NA,NA,Republican era,NA
14803,NA,NA,Republican era,NA
14809,NA,NA,Republican era,NA
14816,NA,NA,Republican era,NA
14819,NA,NA,Republican era,NA
14821,NA,NA,Republican era,NA
14826,NA,NA,Republican era,NA
14830,NA,NA,Republican era,NA
14839,NA,NA,Republican era,NA
14841,NA,NA,Republican era,NA
14860,NA,NA,Republican era,NA
14862,NA,NA,Republican era,NA
14866,NA,NA,Republican era,NA
14869,NA,NA,Republican era,NA
14871,NA,NA,Republican era,NA
14891,NA,NA,Republican era,NA
14895,NA,NA,Republican era,NA
14899,NA,NA,Republican era,NA
14901,NA,NA,Republican era,NA
14903,NA,NA,Republican era,NA
14908,NA,NA,Republican era,NA
14910,NA,NA,Republican era,NA
14936,NA,NA,Republican era,NA
14940,NA,NA,Republican era,NA
14943,NA,NA,Republican era,NA
14945,NA,NA,Republican era,NA
14953,NA,NA,Republican era,NA
14957,NA,NA,Republican era,NA
14965,NA,NA,Republican era,NA
14970,Chinese Institute of Mining and Metallurgy 中國礦冶工程學會,NA,Republican era,NA
14986,NA,NA,Republican era,NA
14988,NA,NA,Republican era,NA
14995,Zhongguo gongchengshi xuehui Wuhan fenhui 中國工程師學會武漢分會,NA,Republican era,NA
14997,NA,NA,Republican era,NA
15012,NA,NA,Republican era,NA
15014,NA,NA,Republican era,NA
15018,NA,NA,Republican era,NA
15021,NA,NA,Republican era,NA
15027,NA,NA,Republican era,NA
15029,NA,NA,Republican era,NA
15031,NA,NA,Republican era,NA
15033,NA,NA,Republican era,NA
15039,NA,NA,Republican era,NA
15042,NA,NA,Republican era,NA
15044,Chinese Institute of Engineers 中華工程師學會,NA,Republican era,NA
15046,NA,NA,Republican era,NA
15049,NA,NA,Republican era,NA
15051,NA,NA,Republican era,NA
15053,NA,NA,Republican era,NA
15055,NA,NA,Republican era,NA
15056,NA,NA,Republican era,NA
15060,NA,NA,Republican era,NA
15061,NA,NA,Republican era,NA
15065,NA,NA,Republican era,NA
15073,Chinese Institute of Electrical Engineers 中國電機工程師學會,NA,Republican era,NA
15076,Chinese Institute of Mining and Metallurgy 中國礦冶工程學會,NA,Republican era,NA
15091,NA,NA,Republican era,NA
15094,NA,NA,Republican era,NA
15096,NA,NA,Republican era,NA
15098,NA,NA,Republican era,NA
15100,Chinese Institute of Electrical Engineers 中國電機工程師學會,NA,Republican era,NA
15121,Chinese Institute of Electrical Engineers 中國電機工程師學會,NA,Republican era,NA
15137,Zhongguo gongchengshi xuehui Wuhan fenhui 中國工程師學會武漢分會,NA,Republican era,NA
15150,NA,NA,Republican era,NA
15152,China Engineering Society 中國工程學會,NA,Republican era,NA
15156,NA,NA,Republican era,NA
15158,NA,NA,Republican era,NA
15172,NA,NA,Republican era,NA
15176,NA,NA,Republican era,NA
15179,NA,NA,Republican era,NA
15184,NA,NA,Republican era,NA
15193,NA,NA,Republican era,NA
15199,NA,NA,Republican era,NA
15211,NA,NA,Republican era,NA
15220,NA,NA,Republican era,NA
15223,NA,NA,Republican era,NA
15231,NA,NA,Republican era,NA
15233,Chinese Institute of Mining and Metallurgy 中國礦冶工程學會,NA,Republican era,NA
15238,NA,NA,Republican era,NA
15240,NA,NA,Republican era,NA
15242,NA,NA,Republican era,NA
15244,NA,NA,Republican era,NA
15246,NA,NA,Republican era,NA
15253,NA,NA,Republican era,NA
15255,NA,NA,Republican era,NA
15258,NA,NA,Republican era,NA
15260,NA,NA,Republican era,NA
15262,NA,NA,Republican era,NA
15264,NA,NA,Republican era,NA
15269,NA,NA,Republican era,NA
15271,NA,NA,Republican era,NA
15276,NA,NA,Republican era,NA
15278,NA,NA,Republican era,NA
15280,NA,NA,Republican era,NA
15283,NA,NA,Republican era,NA
15287,NA,NA,Republican era,NA
15289,NA,NA,Republican era,NA
15292,NA,NA,Republican era,NA
15294,NA,NA,Republican era,NA
15309,NA,NA,Republican era,NA
15316,NA,NA,Republican era,NA
15318,NA,NA,Republican era,NA
15322,NA,NA,Republican era,NA
15335,NA,NA,Republican era,NA
15339,NA,NA,Republican era,NA
15343,NA,NA,Republican era,NA
15345,NA,NA,Republican era,NA
15347,NA,NA,Republican era,NA
15351,NA,NA,Republican era,NA
15363,NA,NA,Republican era,NA
15373,NA,NA,Republican era,NA
15387,NA,NA,Republican era,NA
15395,NA,NA,Republican era,NA
15402,NA,NA,Republican era,NA
15409,NA,NA,Republican era,NA
15412,NA,NA,Republican era,NA
15426,NA,NA,Republican era,NA
15428,NA,NA,Republican era,NA
15431,NA,NA,Republican era,NA
15433,NA,NA,Republican era,NA
15443,NA,NA,Republican era,NA
15450,NA,NA,Republican era,NA
15452,NA,NA,Republican era,NA
15454,NA,NA,Republican era,NA
15460,NA,NA,Republican era,NA
15463,NA,NA,Republican era,NA
15466,NA,NA,Republican era,NA
15468,NA,NA,Republican era,NA
15470,NA,NA,Republican era,NA
15487,NA,NA,Republican era,NA
15492,NA,NA,Republican era,NA
15496,NA,NA,Republican era,NA
15504,NA,NA,Republican era,NA
15513,NA,NA,Republican era,NA
15519,NA,NA,Republican era,NA
15521,NA,NA,Republican era,NA
15532,NA,NA,Republican era,NA
15537,NA,NA,Republican era,NA
15551,NA,NA,Republican era,NA
15554,NA,NA,Republican era,NA
15558,NA,NA,Republican era,NA
15560,NA,NA,Republican era,NA
15562,NA,NA,Republican era,NA
15570,NA,NA,Republican era,NA
15572,NA,NA,Republican era,NA
15573,NA,NA,Republican era,NA
15575,Chinese Institute of Engineers 中華工程師學會,NA,Republican era,NA
15589,NA,NA,Republican era,NA
15593,NA,NA,Republican era,NA
15597,NA,NA,Republican era,NA
15599,NA,NA,Republican era,NA
15601,NA,NA,Republican era,NA
15607,NA,NA,Republican era,NA
15615,NA,NA,Republican era,NA
15617,NA,NA,Republican era,NA
15620,NA,NA,Republican era,NA
15622,NA,NA,Republican era,NA
15624,NA,NA,Republican era,NA
15626,NA,NA,Republican era,NA
15627,NA,NA,Republican era,NA
15628,NA,NA,Republican era,NA
15635,NA,NA,Republican era,NA
15637,NA,NA,Republican era,NA
15639,NA,NA,Republican era,NA
15641,NA,NA,Republican era,NA
15652,NA,NA,Republican era,NA
15654,China Colourists’ Association 中國染化工程學會,NA,Republican era,NA
15659,NA,NA,Republican era,NA
15672,NA,NA,Republican era,NA
15683,NA,NA,Republican era,NA
15686,China Engineering Society 中國工程學會,NA,Republican era,NA
15703,NA,NA,Republican era,NA
15715,NA,NA,Republican era,NA
15717,NA,NA,Republican era,NA
15720,NA,NA,Republican era,NA
15722,NA,NA,Republican era,NA
15728,NA,NA,Republican era,NA
15731,NA,NA,Republican era,NA
15733,NA,NA,Republican era,NA
15735,NA,NA,Republican era,NA
15738,NA,NA,Republican era,NA
15741,NA,NA,Republican era,NA
15754,NA,NA,Republican era,NA
15756,NA,NA,Republican era,NA
15758,NA,NA,Republican era,NA
15760,Chinese Institute of Engineers 中華工程師學會,NA,Republican era,NA
15764,NA,NA,Republican era,NA
15774,NA,NA,Republican era,NA
15777,NA,NA,Republican era,NA
15782,Chinese Institute of Mining and Metallurgy 中國礦冶工程學會,NA,Republican era,NA
15792,NA,NA,Republican era,NA
15794,NA,NA,Republican era,NA
15796,NA,NA,Republican era,NA
15798,NA,NA,Republican era,NA
15809,NA,NA,Republican era,NA
15814,NA,NA,Republican era,NA
15821,NA,NA,Republican era,NA
15825,NA,NA,Republican era,NA
15827,NA,NA,Republican era,NA
15844,NA,NA,Republican era,NA
15851,NA,NA,Republican era,NA
15860,NA,NA,Republican era,NA
15866,NA,NA,Republican era,NA
15871,NA,NA,Republican era,NA
15873,Chinese Institute of Mining and Metallurgy 中國礦冶工程學會,NA,Republican era,NA
15887,Chinese Institute of Engineers 中華工程師學會,NA,Republican era,NA
15889,NA,NA,Republican era,NA
15908,NA,NA,Republican era,NA
15939,NA,NA,Republican era,NA
15943,NA,NA,Republican era,NA
15946,NA,NA,Republican era,NA
15949,NA,NA,Republican era,NA
15952,NA,NA,Republican era,NA
15956,NA,NA,Republican era,NA
15957,NA,NA,Republican era,NA
15963,NA,NA,Republican era,NA
15965,NA,NA,Republican era,NA
15970,NA,NA,Republican era,NA
15971,NA,NA,Republican era,NA
15974,NA,NA,Republican era,NA
15977,NA,NA,Republican era,NA
15978,NA,NA,Republican era,NA
15981,NA,NA,Republican era,NA
15986,NA,NA,Republican era,NA
15993,Chinese Institute of Electrical Engineers 中國電機工程師學會,NA,Republican era,NA
15995,NA,NA,Republican era,NA
16001,NA,NA,Republican era,NA
16007,NA,NA,Republican era,NA
16012,NA,NA,Republican era,NA
16015,NA,NA,Republican era,NA
16017,NA,NA,Republican era,NA
16024,NA,NA,Republican era,NA
16027,NA,NA,Republican era,NA
16028,NA,NA,Republican era,NA
16029,NA,NA,Republican era,NA
16049,NA,NA,Republican era,NA
16052,NA,NA,Republican era,NA
16060,NA,NA,Republican era,NA
16062,NA,NA,Republican era,NA
16063,NA,NA,Republican era,NA
16073,NA,NA,Republican era,NA
16079,NA,NA,Republican era,NA
16083,NA,NA,Republican era,NA
16084,NA,NA,Republican era,NA
16087,NA,NA,Republican era,NA
16091,NA,NA,Republican era,NA
16096,NA,NA,Republican era,NA
16098,NA,NA,Republican era,NA
16101,NA,NA,Republican era,NA
16102,NA,NA,Republican era,NA
16109,NA,NA,Republican era,NA
16111,NA,NA,Republican era,NA
16113,NA,NA,Republican era,NA
16115,NA,NA,Republican era,NA
16125,NA,NA,Republican era,NA
16127,Chinese Institute of Engineers 中華工程師學會,NA,Republican era,NA
16131,NA,NA,Republican era,NA
16132,NA,NA,Republican era,NA
16135,NA,NA,Republican era,NA
16137,NA,NA,Republican era,NA
16145,NA,NA,Republican era,NA
16151,NA,NA,Republican era,NA
16156,NA,NA,Republican era,NA
16166,NA,NA,Republican era,NA
16171,NA,NA,Republican era,NA
16191,NA,NA,Republican era,NA
16200,NA,NA,Republican era,NA
16202,NA,NA,Republican era,NA
16204,NA,NA,Republican era,NA
16206,NA,NA,Republican era,NA
16214,NA,NA,Republican era,NA
16216,NA,NA,Republican era,NA
16218,NA,NA,Republican era,NA
16220,NA,NA,Republican era,NA
16223,NA,NA,Republican era,NA
16227,NA,NA,Republican era,NA
16233,NA,NA,Republican era,NA
16236,NA,NA,Republican era,NA
16238,NA,NA,Republican era,NA
16242,NA,NA,Republican era,NA
16249,NA,NA,Republican era,NA
16252,NA,NA,Republican era,NA
16254,NA,NA,Republican era,NA
16256,NA,NA,Republican era,NA
16258,NA,NA,Republican era,NA
16265,NA,NA,Republican era,NA
16268,NA,NA,Republican era,NA
16273,Chinese Institute of Mining and Metallurgy 中國礦冶工程學會,NA,Republican era,NA
16298,NA,NA,Republican era,NA
16302,China Colourists’ Association 中國染化工程學會,NA,Republican era,NA
16309,NA,NA,Republican era,NA
16311,NA,NA,Republican era,NA
16320,NA,NA,Republican era,NA
16322,NA,NA,Republican era,NA
16334,China Power Engineering Society 中國動力工程學會,NA,Republican era,NA
16334,Chinese Institute of Electrical Engineers 中國電機工程師學會,NA,Republican era,NA
16336,NA,NA,Republican era,NA
16339,NA,NA,Republican era,NA
16343,NA,NA,Republican era,NA
16347,Chinese Institute of Mining and Metallurgy 中國礦冶工程學會,NA,Republican era,NA
16349,NA,NA,Republican era,NA
16351,NA,NA,Republican era,NA
16353,NA,NA,Republican era,NA
16355,NA,NA,Republican era,NA
16356,NA,NA,Republican era,NA
16359,NA,NA,Republican era,NA
16361,NA,NA,Republican era,NA
16369,NA,NA,Republican era,NA
16372,NA,NA,Republican era,NA
16375,NA,NA,Republican era,NA
16379,NA,NA,Republican era,NA
16391,NA,NA,Republican era,NA
16393,NA,NA,Republican era,NA
16402,NA,NA,Republican era,NA
16421,NA,NA,Republican era,NA
16436,NA,NA,Republican era,NA
16439,NA,NA,Republican era,NA
16442,NA,NA,Republican era,NA
16458,NA,NA,Republican era,NA
16460,NA,NA,Republican era,NA
16463,NA,NA,Republican era,NA
16478,NA,NA,Republican era,NA
16482,NA,NA,Republican era,NA
16485,NA,NA,Republican era,NA
16489,NA,NA,Republican era,NA
16493,NA,NA,Republican era,NA
16497,NA,NA,Republican era,NA
16499,NA,NA,Republican era,NA
16517,NA,NA,Republican era,NA
16527,NA,NA,Republican era,NA
16529,Chinese Institute of Electrical Engineers 中國電機工程師學會,NA,Republican era,NA
16532,NA,NA,Republican era,NA
16534,NA,NA,Republican era,NA
16547,Chinese Institute of Mining and Metallurgy 中國礦冶工程學會,NA,Republican era,NA
16566,NA,NA,Republican era,NA
16570,NA,NA,Republican era,NA
16572,NA,NA,Republican era,NA
16575,NA,NA,Republican era,NA
16579,NA,NA,Republican era,NA
16581,Chinese Institute of Mining and Metallurgy 中國礦冶工程學會,NA,Republican era,NA
16586,NA,NA,Republican era,NA
16598,NA,NA,Republican era,NA
16602,NA,NA,Republican era,NA
16619,Chinese Institute of Engineers 中華工程師學會,NA,Republican era,NA
16623,NA,NA,Republican era,NA
16633,NA,NA,Republican era,NA
16635,NA,NA,Republican era,NA
16637,NA,NA,Republican era,NA
16639,NA,NA,Republican era,NA
16641,NA,NA,Republican era,NA
16657,NA,NA,Republican era,NA
16660,NA,NA,Republican era,NA
16671,NA,NA,Republican era,NA
16681,China Hydraulic Engineering Society 中國水利工程學會,NA,Republican era,NA
16686,NA,NA,Republican era,NA
16690,NA,NA,Republican era,NA
16694,NA,NA,Republican era,NA
16697,NA,NA,Republican era,NA
16703,NA,NA,Republican era,NA
16708,NA,NA,Republican era,NA
16710,NA,NA,Republican era,NA
16716,NA,NA,Republican era,NA
16743,NA,NA,Republican era,NA
16756,NA,NA,Republican era,NA
16761,NA,NA,Republican era,NA
16764,NA,NA,Republican era,NA
16766,NA,NA,Republican era,NA
16771,NA,NA,Republican era,NA
16774,NA,NA,Republican era,NA
16776,NA,NA,Republican era,NA
16778,NA,NA,Republican era,NA
16780,NA,NA,Republican era,NA
16786,NA,NA,Republican era,NA
16789,NA,NA,Republican era,NA
16791,NA,NA,Republican era,NA
16793,NA,NA,Republican era,NA
16795,NA,NA,Republican era,NA
16797,NA,NA,Republican era,NA
16799,NA,NA,Republican era,NA
16803,NA,NA,Republican era,NA
16808,NA,NA,Republican era,NA
16810,NA,NA,Republican era,NA
16815,NA,NA,Republican era,NA
16837,NA,NA,Republican era,NA
16839,NA,NA,Republican era,NA
16842,NA,NA,Republican era,NA
16844,NA,NA,Republican era,NA
16851,NA,NA,Republican era,NA
16855,NA,NA,Republican era,NA
16863,NA,NA,Republican era,NA
16865,NA,NA,Republican era,NA
16869,NA,NA,Republican era,NA
16871,NA,NA,Republican era,NA
16873,NA,NA,Republican era,NA
16886,NA,NA,Republican era,NA
16888,NA,NA,Republican era,NA
16890,NA,NA,Republican era,NA
16895,NA,NA,Republican era,NA
16897,NA,NA,Republican era,NA
16899,NA,NA,Republican era,NA
16917,NA,NA,Republican era,NA
16919,NA,NA,Republican era,NA
16921,NA,NA,Republican era,NA
16930,NA,NA,Republican era,NA
16940,NA,NA,Republican era,NA
16945,NA,NA,Republican era,NA
16948,NA,NA,Republican era,NA
16951,NA,NA,Republican era,NA
16955,NA,NA,Republican era,NA
16958,NA,NA,Republican era,NA
16970,NA,NA,Republican era,NA
16972,NA,NA,Republican era,NA
16983,NA,NA,Republican era,NA
16985,NA,NA,Republican era,NA
16989,NA,NA,Republican era,NA
16991,NA,NA,Republican era,NA
16993,NA,NA,Republican era,NA
16996,NA,NA,Republican era,NA
16999,NA,NA,Republican era,NA
17002,NA,NA,Republican era,NA
17004,NA,NA,Republican era,NA
17008,NA,NA,Republican era,NA
17011,NA,NA,Republican era,NA
17013,NA,NA,Republican era,NA
17015,Zhongguo gongchengshi xuehui Wuhan fenhui 中國工程師學會武漢分會,NA,Republican era,NA
17020,NA,NA,Republican era,NA
17024,NA,NA,Republican era,NA
17026,NA,NA,Republican era,NA
17028,NA,NA,Republican era,NA
17043,NA,NA,Republican era,NA
17048,NA,NA,Republican era,NA
17051,Chinese Institute of Mining and Metallurgy 中國礦冶工程學會,NA,Republican era,NA
17066,NA,NA,Republican era,NA
17069,NA,NA,Republican era,NA
17071,NA,NA,Republican era,NA
17074,NA,NA,Republican era,NA
17076,NA,NA,Republican era,NA
17079,NA,NA,Republican era,NA
17082,NA,NA,Republican era,NA
17088,NA,NA,Republican era,NA
17092,NA,NA,Republican era,NA
17095,NA,NA,Republican era,NA
17097,NA,NA,Republican era,NA
17100,NA,NA,Republican era,NA
17104,NA,NA,Republican era,NA
17106,NA,NA,Republican era,NA
17108,NA,NA,Republican era,NA
17112,NA,NA,Republican era,NA
17125,NA,NA,Republican era,NA
17181,NA,NA,Republican era,NA
17185,NA,NA,Republican era,NA
17199,NA,NA,Republican era,NA
17201,NA,NA,Republican era,NA
17204,NA,NA,Republican era,NA
17207,NA,NA,Republican era,NA
17209,NA,NA,Republican era,NA
17223,NA,NA,Republican era,NA
17234,NA,NA,Republican era,NA
17238,NA,NA,Republican era,NA
17243,NA,NA,Republican era,NA
17245,Association of Chinese and American Engineers,NA,Republican era,NA
17245,China Hydraulic Engineering Society 中國水利工程學會,NA,Republican era,NA
17248,Chinese Institute of Mining and Metallurgy 中國礦冶工程學會,NA,Republican era,NA
17272,NA,NA,Republican era,NA
17291,NA,NA,Republican era,NA
17297,NA,NA,Republican era,NA
17301,NA,NA,Republican era,NA
17304,NA,NA,Republican era,NA
17307,China Power Engineering Society 中國動力工程學會,NA,Republican era,NA
17314,Association of Chinese and American Engineers,NA,Republican era,NA
17314,Chinese Institute of Engineers 中華工程師學會,NA,Republican era,NA
17336,NA,NA,Republican era,NA
17339,NA,NA,Republican era,NA
17343,Chinese Institute of Engineers 中華工程師學會,NA,Republican era,NA
17357,NA,NA,Republican era,NA
17361,NA,NA,Republican era,NA
17377,NA,NA,Republican era,NA
17380,NA,NA,Republican era,NA
17386,NA,NA,Republican era,NA
17389,NA,NA,Republican era,NA
17398,NA,NA,Republican era,NA
17400,NA,NA,Republican era,NA
17419,Chinese Institute of Electrical Engineers 中國電機工程師學會,NA,Republican era,NA
17421,NA,NA,Republican era,NA
17431,NA,NA,Republican era,NA
17434,NA,NA,Republican era,NA
17448,NA,NA,Republican era,NA
17450,NA,NA,Republican era,NA
17455,NA,NA,Republican era,NA
17492,Chinese Institute of Electrical Engineers 中國電機工程師學會,NA,Republican era,NA
17495,NA,NA,Republican era,NA
17498,NA,NA,Republican era,NA
17502,NA,NA,Republican era,NA
17512,NA,NA,Republican era,NA
17516,NA,NA,Republican era,NA
17561,NA,NA,Republican era,NA
17563,NA,NA,Republican era,NA
17567,NA,NA,Republican era,NA
17578,NA,NA,Republican era,NA
17581,NA,NA,Republican era,NA
17585,NA,NA,Republican era,NA
17589,NA,NA,Republican era,NA
17591,NA,NA,Republican era,NA
17593,NA,NA,Republican era,NA
17595,NA,NA,Republican era,NA
17597,NA,NA,Republican era,NA
17636,NA,NA,Republican era,NA
17639,NA,NA,Republican era,NA
17649,NA,NA,Republican era,NA
17653,NA,NA,Republican era,NA
17655,NA,NA,Republican era,NA
17666,Chinese Institute of Electrical Engineers 中國電機工程師學會,NA,Republican era,NA
17671,NA,NA,Republican era,NA
17676,NA,NA,Republican era,NA
17678,NA,NA,Republican era,NA
17687,NA,NA,Republican era,NA
17691,NA,NA,Republican era,NA
17693,NA,NA,Republican era,NA
17695,Chinese Institute of Electrical Engineers 中國電機工程師學會,NA,Republican era,NA
17701,NA,NA,Republican era,NA
17704,NA,NA,Republican era,NA
17709,NA,NA,Republican era,NA
17715,NA,NA,Republican era,NA
17731,NA,NA,Republican era,NA
17737,NA,NA,Republican era,NA
17748,NA,NA,Republican era,NA
17764,NA,NA,Republican era,NA
17766,NA,NA,Republican era,NA
17768,NA,NA,Republican era,NA
17770,NA,NA,Republican era,NA
17774,NA,NA,Republican era,NA
17776,NA,NA,Republican era,NA
17779,NA,NA,Republican era,NA
17784,NA,NA,Republican era,NA
17786,NA,NA,Republican era,NA
17789,NA,NA,Republican era,NA
17791,NA,NA,Republican era,NA
17793,NA,NA,Republican era,NA
17795,NA,NA,Republican era,NA
17799,NA,NA,Republican era,NA
17802,NA,NA,Republican era,NA
17804,NA,NA,Republican era,NA
17807,NA,NA,Republican era,NA
17809,NA,NA,Republican era,NA
17812,NA,NA,Republican era,NA
17818,NA,NA,Republican era,NA
17824,NA,NA,Republican era,NA
17828,NA,NA,Republican era,NA
17835,NA,NA,Republican era,NA
17841,NA,NA,Republican era,NA
17850,NA,NA,Republican era,NA
17851,NA,NA,Republican era,NA
17860,NA,NA,Republican era,NA
17877,NA,NA,Republican era,NA
17878,NA,NA,Republican era,NA
17882,NA,NA,Republican era,NA
17886,NA,NA,Republican era,NA
17887,NA,NA,Republican era,NA
17892,NA,NA,Republican era,NA
17894,NA,NA,Republican era,NA
17895,NA,NA,Republican era,NA
17899,NA,NA,Republican era,NA
17902,NA,NA,Republican era,NA
17905,Chinese Institute of Mining and Metallurgy 中國礦冶工程學會,NA,Republican era,NA
17910,NA,NA,Republican era,NA
17913,NA,NA,Republican era,NA
17915,NA,NA,Republican era,NA
17920,NA,NA,Republican era,NA
17922,NA,NA,Republican era,NA
17932,NA,NA,Republican era,NA
17934,NA,NA,Republican era,NA
17943,NA,NA,Republican era,NA
17945,NA,NA,Republican era,NA
17948,NA,NA,Republican era,NA
17950,NA,NA,Republican era,NA
17952,NA,NA,Republican era,NA
17954,NA,NA,Republican era,NA
17961,NA,NA,Republican era,NA
17986,Association of Chinese and American Engineers,NA,Republican era,NA
17989,NA,NA,Republican era,NA
18008,NA,NA,Republican era,NA
18013,NA,NA,Republican era,NA
18017,NA,NA,Republican era,NA
18022,NA,NA,Republican era,NA
18024,NA,NA,Republican era,NA
18026,NA,NA,Republican era,NA
18028,NA,NA,Republican era,NA
18031,NA,NA,Republican era,NA
18034,NA,NA,Republican era,NA
18036,Chinese Institute of Mining and Metallurgy 中國礦冶工程學會,NA,Republican era,NA
18042,NA,NA,Republican era,NA
18045,NA,NA,Republican era,NA
18065,NA,NA,Republican era,NA
18067,NA,NA,Republican era,NA
18071,NA,NA,Republican era,NA
18081,NA,NA,Republican era,NA
18088,Chinese Institute of Engineers 中華工程師學會,NA,Republican era,NA
18091,NA,NA,Republican era,NA
18107,NA,NA,Republican era,NA
18110,Chinese Institute of Engineers 中華工程師學會,NA,Republican era,NA
18110,China Engineering Society 中國工程學會,NA,Republican era,NA
18111,NA,NA,Republican era,NA
18116,NA,NA,Republican era,NA
18121,NA,NA,Republican era,NA
18124,NA,NA,Republican era,NA
18128,NA,NA,Republican era,NA
18130,NA,NA,Republican era,NA
18134,NA,NA,Republican era,NA
18145,NA,NA,Republican era,NA
18147,NA,NA,Republican era,NA
18149,NA,NA,Republican era,NA
18150,NA,NA,Republican era,NA
18160,NA,NA,Republican era,NA
18162,NA,NA,Republican era,NA
18164,NA,NA,Republican era,NA
18165,NA,NA,Republican era,NA
18169,NA,NA,Republican era,NA
18193,NA,NA,Republican era,NA
18203,NA,NA,Republican era,NA
18211,NA,NA,Republican era,NA
18216,NA,NA,Republican era,NA
18222,NA,NA,Republican era,NA
18235,NA,NA,Republican era,NA
18237,NA,NA,Republican era,NA
18250,NA,NA,Republican era,NA
18257,Chinese Institute of Engineers 中華工程師學會,NA,Republican era,NA
18285,NA,NA,Republican era,NA
18287,NA,NA,Republican era,NA
18291,NA,NA,Republican era,NA
18297,NA,NA,Republican era,NA
18303,Zhongguo gongchengshi xuehui Wuhan fenhui 中國工程師學會武漢分會,NA,Republican era,NA
18319,NA,NA,Republican era,NA
18322,NA,NA,Republican era,NA
18326,NA,NA,Republican era,NA
18342,NA,NA,Republican era,NA
18344,NA,NA,Republican era,NA
18348,NA,NA,Republican era,NA
18354,China Hydraulic Engineering Society 中國水利工程學會,NA,Republican era,NA
18357,Chinese Institute of Mining and Metallurgy 中國礦冶工程學會,NA,Republican era,NA
18359,NA,NA,Republican era,NA
18361,NA,NA,Republican era,NA
18363,NA,NA,Republican era,NA
18365,NA,NA,Republican era,NA
18368,NA,NA,Republican era,NA
18371,NA,NA,Republican era,NA
18377,NA,NA,Republican era,NA
18385,NA,NA,Republican era,NA
18393,NA,NA,Republican era,NA
18395,NA,NA,Republican era,NA
18407,NA,NA,Republican era,NA
18411,NA,NA,Republican era,NA
18413,China Power Engineering Society 中國動力工程學會,NA,Republican era,NA
18413,Chinese Institute of Electrical Engineers 中國電機工程師學會,NA,Republican era,NA
18423,NA,NA,Republican era,NA
18425,Chinese Institute of Electrical Engineers 中國電機工程師學會,NA,Republican era,NA
18429,NA,NA,Republican era,NA
18439,NA,NA,Republican era,NA
18444,NA,NA,Republican era,NA
18446,NA,NA,Republican era,NA
18452,Chinese Institute of Electrical Engineers 中國電機工程師學會,NA,Republican era,NA
18460,NA,NA,Republican era,NA
18462,Chinese Institute of Electrical Engineers 中國電機工程師學會,NA,Republican era,NA
18466,NA,NA,Republican era,NA
18470,NA,NA,Republican era,NA
18472,NA,NA,Republican era,NA
18480,NA,NA,Republican era,NA
18483,NA,NA,Republican era,NA
18490,Zhongguo gongchengshi xuehui Wuhan fenhui 中國工程師學會武漢分會,NA,Republican era,NA
18505,NA,NA,Republican era,NA
18509,NA,NA,Republican era,NA
18512,NA,NA,Republican era,NA
18515,NA,NA,Republican era,NA
18517,Chinese Institute of Electrical Engineers 中國電機工程師學會,NA,Republican era,NA
18519,NA,NA,Republican era,NA
18522,Chinese Institute of Engineers 中華工程師學會,NA,Republican era,NA
18530,NA,NA,Republican era,NA
18532,NA,NA,Republican era,NA
18536,NA,NA,Republican era,NA
18539,NA,NA,Republican era,NA
18541,NA,NA,Republican era,NA
18544,NA,NA,Republican era,NA
18551,NA,NA,Republican era,NA
18555,NA,NA,Republican era,NA
18558,NA,NA,Republican era,NA
18562,NA,NA,Republican era,NA
18573,NA,NA,Republican era,NA
18575,NA,NA,Republican era,NA
18577,NA,NA,Republican era,NA
18579,Chinese Institute of Mining and Metallurgy 中國礦冶工程學會,NA,Republican era,NA
18585,NA,NA,Republican era,NA
18588,NA,NA,Republican era,NA
18591,NA,NA,Republican era,NA
18598,NA,NA,Republican era,NA
18602,Chinese Institute of Electrical Engineers 中國電機工程師學會,NA,Republican era,NA
18615,China Power Engineering Society 中國動力工程學會,NA,Republican era,NA
18635,NA,NA,Republican era,NA
18636,Chinese Institute of Electrical Engineers 中國電機工程師學會,NA,Republican era,NA
18650,NA,NA,Republican era,NA
18652,NA,NA,Republican era,NA
18655,NA,NA,Republican era,NA
18663,NA,NA,Republican era,NA
18668,NA,NA,Republican era,NA
18671,NA,NA,Republican era,NA
18675,NA,NA,Republican era,NA
18681,NA,NA,Republican era,NA
18683,NA,NA,Republican era,NA
18685,NA,NA,Republican era,NA
18687,NA,NA,Republican era,NA
18689,NA,NA,Republican era,NA
18691,NA,NA,Republican era,NA
18693,NA,NA,Republican era,NA
18695,NA,NA,Republican era,NA
18699,NA,NA,Republican era,NA
18701,NA,NA,Republican era,NA
18716,NA,NA,Republican era,NA
18721,NA,NA,Republican era,NA
18724,Chinese Institute of Mining and Metallurgy 中國礦冶工程學會,NA,Republican era,NA
18730,NA,NA,Republican era,NA
18731,NA,NA,Republican era,NA
18734,NA,NA,Republican era,NA
18736,NA,NA,Republican era,NA
18738,NA,NA,Republican era,NA
18741,NA,NA,Republican era,NA
18744,NA,NA,Republican era,NA
18745,NA,NA,Republican era,NA
18756,NA,NA,Republican era,NA
18759,NA,NA,Republican era,NA
18765,NA,NA,Republican era,NA
18770,NA,NA,Republican era,NA
18775,NA,NA,Republican era,NA
18778,NA,NA,Republican era,NA
18780,NA,NA,Republican era,NA
18781,NA,NA,Republican era,NA
18783,NA,NA,Republican era,NA
18789,NA,NA,Republican era,NA
18790,NA,NA,Republican era,NA
18792,NA,NA,Republican era,NA
18795,NA,NA,Republican era,NA
18797,NA,NA,Republican era,NA
18798,NA,NA,Republican era,NA
18804,NA,NA,Republican era,NA
18807,NA,NA,Republican era,NA
18820,NA,NA,Republican era,NA
18824,NA,NA,Republican era,NA
18829,NA,NA,Republican era,NA
18834,NA,NA,Republican era,NA
18836,NA,NA,Republican era,NA
18838,NA,NA,Republican era,NA
18840,NA,NA,Republican era,NA
18844,NA,NA,Republican era,NA
18846,NA,NA,Republican era,NA
18848,NA,NA,Republican era,NA
18854,NA,NA,Republican era,NA
18856,NA,NA,Republican era,NA
18858,NA,NA,Republican era,NA
18860,NA,NA,Republican era,NA
18862,NA,NA,Republican era,NA
18864,NA,NA,Republican era,NA
18866,NA,NA,Republican era,NA
18868,NA,NA,Republican era,NA
18870,NA,NA,Republican era,NA
18873,NA,NA,Republican era,NA
18878,NA,NA,Republican era,NA
18881,Chinese Institute of Electrical Engineers 中國電機工程師學會,NA,Republican era,NA
18896,NA,NA,Republican era,NA
18898,NA,NA,Republican era,NA
18901,NA,NA,Republican era,NA
18909,NA,NA,Republican era,NA
18926,NA,NA,Republican era,NA
18929,NA,NA,Republican era,NA
18934,Chinese Institute of Electrical Engineers 中國電機工程師學會,NA,Republican era,NA
18946,NA,NA,Republican era,NA
18950,NA,NA,Republican era,NA
18957,NA,NA,Republican era,NA
18960,NA,NA,Republican era,NA
18964,NA,NA,Republican era,NA
18967,NA,NA,Republican era,NA
18969,NA,NA,Republican era,NA
18971,NA,NA,Republican era,NA
18975,NA,NA,Republican era,NA
18977,NA,NA,Republican era,NA
18980,NA,NA,Republican era,NA
18984,NA,NA,Republican era,NA
18987,NA,NA,Republican era,NA
18990,NA,NA,Republican era,NA
18993,NA,NA,Republican era,NA
18997,NA,NA,Republican era,NA
19000,NA,NA,Republican era,NA
19003,NA,NA,Republican era,NA
19007,NA,NA,Republican era,NA
19020,NA,NA,Republican era,NA
19029,NA,NA,Republican era,NA
19035,NA,NA,Republican era,NA
19047,NA,NA,Republican era,NA
19056,NA,NA,Republican era,NA
19058,NA,NA,Republican era,NA
19061,NA,NA,Republican era,NA
19063,Chinese Institute of Electrical Engineers 中國電機工程師學會,NA,Republican era,NA
19069,NA,NA,Republican era,NA
19071,NA,NA,Republican era,NA
19077,NA,NA,Republican era,NA
19080,NA,NA,Republican era,NA
19082,NA,NA,Republican era,NA
19087,NA,NA,Republican era,NA
19090,NA,NA,Republican era,NA
19092,NA,NA,Republican era,NA
19094,NA,NA,Republican era,NA
19097,NA,NA,Republican era,NA
19104,NA,NA,Republican era,NA
19106,NA,NA,Republican era,NA
19108,NA,NA,Republican era,NA
19111,Chinese Institute of Mining and Metallurgy 中國礦冶工程學會,NA,Republican era,NA
19118,NA,NA,Republican era,NA
19120,NA,NA,Republican era,NA
19123,NA,NA,Republican era,NA
19131,NA,NA,Republican era,NA
19134,NA,NA,Republican era,NA
19136,NA,NA,Republican era,NA
19148,NA,NA,Republican era,NA
19150,NA,NA,Republican era,NA
19155,NA,NA,Republican era,NA
19157,NA,NA,Republican era,NA
19161,NA,NA,Republican era,NA
19165,NA,NA,Republican era,NA
19168,NA,NA,Republican era,NA
19170,NA,NA,Republican era,NA
19172,NA,NA,Republican era,NA
19174,NA,NA,Republican era,NA
19184,NA,NA,Republican era,NA
19189,NA,NA,Republican era,NA
19201,NA,NA,Republican era,NA
19214,NA,NA,Republican era,NA
19216,NA,NA,Republican era,NA
19218,NA,NA,Republican era,NA
19220,NA,NA,Republican era,NA
19233,NA,NA,Republican era,NA
19238,NA,NA,Republican era,NA
19240,NA,NA,Republican era,NA
19242,NA,NA,Republican era,NA
19247,Chinese Institute of Electrical Engineers 中國電機工程師學會,NA,Republican era,NA
19257,NA,NA,Republican era,NA
19263,NA,NA,Republican era,NA
19265,NA,NA,Republican era,NA
19270,NA,NA,Republican era,NA
19274,NA,NA,Republican era,NA
19281,NA,NA,Republican era,NA
19291,NA,NA,Republican era,NA
19297,NA,NA,Republican era,NA
19300,NA,NA,Republican era,NA
19310,NA,NA,Republican era,NA
19312,NA,NA,Republican era,NA
19314,NA,NA,Republican era,NA
19316,NA,NA,Republican era,NA
19318,NA,NA,Republican era,NA
19321,NA,NA,Republican era,NA
19323,NA,NA,Republican era,NA
19325,NA,NA,Republican era,NA
19327,NA,NA,Republican era,NA
19329,NA,NA,Republican era,NA
19333,NA,NA,Republican era,NA
19337,NA,NA,Republican era,NA
19344,NA,NA,Republican era,NA
19351,NA,NA,Republican era,NA
19354,NA,NA,Republican era,NA
19356,NA,NA,Republican era,NA
19362,NA,NA,Republican era,NA
19368,NA,NA,Republican era,NA
19371,NA,NA,Republican era,NA
19376,NA,NA,Republican era,NA
19378,NA,NA,Republican era,NA
19381,NA,NA,Republican era,NA
19385,Chinese Institute of Mining and Metallurgy 中國礦冶工程學會,NA,Republican era,NA
19397,NA,NA,Republican era,NA
19399,NA,NA,Republican era,NA
19403,NA,NA,Republican era,NA
19405,NA,NA,Republican era,NA
19407,NA,NA,Republican era,NA
19420,NA,NA,Republican era,NA
19423,NA,NA,Republican era,NA
19433,NA,NA,Republican era,NA
19435,NA,NA,Republican era,NA
19438,NA,NA,Republican era,NA
19440,NA,NA,Republican era,NA
19445,NA,NA,Republican era,NA
19447,NA,NA,Republican era,NA
19451,NA,NA,Republican era,NA
19453,NA,NA,Republican era,NA
19455,NA,NA,Republican era,NA
19458,NA,NA,Republican era,NA
19463,NA,NA,Republican era,NA
19467,NA,NA,Republican era,NA
19469,NA,NA,Republican era,NA
19471,NA,NA,Republican era,NA
19473,Chinese Institute of Engineers 中華工程師學會,NA,Republican era,NA
19473,Zhongguo gongchengshi xuehui Wuhan fenhui 中國工程師學會武漢分會,NA,Republican era,NA
19477,NA,NA,Republican era,NA
19479,NA,NA,Republican era,NA
19481,NA,NA,Republican era,NA
19484,NA,NA,Republican era,NA
19486,NA,NA,Republican era,NA
19488,NA,NA,Republican era,NA
19491,NA,NA,Republican era,NA
19496,NA,NA,Republican era,NA
19499,NA,NA,Republican era,NA
19502,NA,NA,Republican era,NA
19509,NA,NA,Republican era,NA
19512,NA,NA,Republican era,NA
19514,NA,NA,Republican era,NA
19516,NA,NA,Republican era,NA
19519,NA,NA,Republican era,NA
19521,NA,NA,Republican era,NA
19528,Chinese Institute of Mining and Metallurgy 中國礦冶工程學會,NA,Republican era,NA
19539,NA,NA,Republican era,NA
19541,NA,NA,Republican era,NA
19546,NA,NA,Republican era,NA
19559,NA,NA,Republican era,NA
19562,NA,NA,Republican era,NA
19566,NA,NA,Republican era,NA
19573,NA,NA,Republican era,NA
19576,NA,NA,Republican era,NA
19580,NA,NA,Republican era,NA
19583,NA,NA,Republican era,NA
19585,NA,NA,Republican era,NA
19597,NA,NA,Republican era,NA
19603,Chinese Institute of Electrical Engineers 中國電機工程師學會,NA,Republican era,NA
19605,NA,NA,Republican era,NA
19608,NA,NA,Republican era,NA
19618,China Hydraulic Engineering Society 中國水利工程學會,NA,Republican era,NA
19622,NA,NA,Republican era,NA
19632,NA,NA,Republican era,NA
19634,NA,NA,Republican era,NA
19637,Chinese Institute of Electrical Engineers 中國電機工程師學會,NA,Republican era,NA
19649,Chinese Institute of Engineers 中華工程師學會,NA,Republican era,NA
19652,NA,NA,Republican era,NA
19655,Chinese Institute of Electrical Engineers 中國電機工程師學會,NA,Republican era,NA
19658,NA,NA,Republican era,NA
19660,NA,NA,Republican era,NA
19662,NA,NA,Republican era,NA
19664,Chinese Institute of Electrical Engineers 中國電機工程師學會,NA,Republican era,NA
19668,NA,NA,Republican era,NA
19671,NA,NA,Republican era,NA
19680,NA,NA,Republican era,NA
19684,NA,NA,Republican era,NA
19688,NA,NA,Republican era,NA
19690,NA,NA,Republican era,NA
19692,NA,NA,Republican era,NA
19696,NA,NA,Republican era,NA
19698,NA,NA,Republican era,NA
19701,NA,NA,Republican era,NA
19703,NA,NA,Republican era,NA
19706,NA,NA,Republican era,NA
19708,NA,NA,Republican era,NA
19710,NA,NA,Republican era,NA
19713,NA,NA,Republican era,NA
19716,NA,NA,Republican era,NA
19726,China Hydraulic Engineering Society 中國水利工程學會,NA,Republican era,NA
19729,Chinese Institute of Mining and Metallurgy 中國礦冶工程學會,NA,Republican era,NA
19733,NA,NA,Republican era,NA
19735,NA,NA,Republican era,NA
19754,NA,NA,Republican era,NA
19756,NA,NA,Republican era,NA
19758,NA,NA,Republican era,NA
19761,NA,NA,Republican era,NA
19763,NA,NA,Republican era,NA
19765,NA,NA,Republican era,NA
19767,NA,NA,Republican era,NA
19769,NA,NA,Republican era,NA
19771,NA,NA,Republican era,NA
19778,NA,NA,Republican era,NA
19788,NA,NA,Republican era,NA
19791,NA,NA,Republican era,NA
19795,NA,NA,Republican era,NA
19801,NA,NA,Republican era,NA
19806,NA,NA,Republican era,NA
19808,NA,NA,Republican era,NA
19810,NA,NA,Republican era,NA
19815,Chinese Institute of Mining and Metallurgy 中國礦冶工程學會,NA,Republican era,NA
19825,NA,NA,Republican era,NA
19827,NA,NA,Republican era,NA
19829,NA,NA,Republican era,NA
19836,NA,NA,Republican era,NA
19839,NA,NA,Republican era,NA
19843,NA,NA,Republican era,NA
19847,NA,NA,Republican era,NA
19849,NA,NA,Republican era,NA
19852,NA,NA,Republican era,NA
19854,NA,NA,Republican era,NA
19856,NA,NA,Republican era,NA
19864,NA,NA,Republican era,NA
19866,Chinese Institute of Mining and Metallurgy 中國礦冶工程學會,NA,Republican era,NA
19875,NA,NA,Republican era,NA
19892,NA,NA,Republican era,NA
19898,NA,NA,Republican era,NA
19903,NA,NA,Republican era,NA
19907,NA,NA,Republican era,NA
19909,NA,NA,Republican era,NA
19910,NA,NA,Republican era,NA
19916,NA,NA,Republican era,NA
19918,NA,NA,Republican era,NA
19921,China Hydraulic Engineering Society 中國水利工程學會,NA,Republican era,NA
19923,NA,NA,Republican era,NA
19928,Chinese Institute of Electrical Engineers 中國電機工程師學會,NA,Republican era,NA
19935,NA,NA,Republican era,NA
19944,NA,NA,Republican era,NA
19950,NA,NA,Republican era,NA
19952,NA,NA,Republican era,NA
19954,NA,NA,Republican era,NA
19957,NA,NA,Republican era,NA
19959,NA,NA,Republican era,NA
19963,NA,NA,Republican era,NA
19965,NA,NA,Republican era,NA
19967,NA,NA,Republican era,NA
19969,NA,NA,Republican era,NA
19971,NA,NA,Republican era,NA
19973,NA,NA,Republican era,NA
19978,NA,NA,Republican era,NA
19984,Chinese Institute of Electrical Engineers 中國電機工程師學會,NA,Republican era,NA
19988,NA,NA,Republican era,NA
19989,NA,NA,Republican era,NA
19993,NA,NA,Republican era,NA
19997,NA,NA,Republican era,NA
19998,NA,NA,Republican era,NA
20007,NA,NA,Republican era,NA
20008,NA,NA,Republican era,NA
20014,NA,NA,Republican era,NA
20023,NA,NA,Republican era,NA
20027,NA,NA,Republican era,NA
20029,NA,NA,Republican era,NA
20030,NA,NA,Republican era,NA
20032,NA,NA,Republican era,NA
20035,NA,NA,Republican era,NA
20039,NA,NA,Republican era,NA
20047,NA,NA,Republican era,NA
20049,NA,NA,Republican era,NA
20050,NA,NA,Republican era,NA
20057,NA,NA,Republican era,NA
20058,NA,NA,Republican era,NA
20063,NA,NA,Republican era,NA
20065,NA,NA,Republican era,NA
20067,NA,NA,Republican era,NA
20069,NA,NA,Republican era,NA
20071,NA,NA,Republican era,NA
20073,NA,NA,Republican era,NA
20076,NA,NA,Republican era,NA
20078,NA,NA,Republican era,NA
20080,NA,NA,Republican era,NA
20083,NA,NA,Republican era,NA
20093,NA,NA,Republican era,NA
20097,NA,NA,Republican era,NA
20100,NA,NA,Republican era,NA
20105,NA,NA,Republican era,NA
20122,NA,NA,Republican era,NA
20125,Association of Chinese and American Engineers,NA,Republican era,NA
20125,China Engineering Society 中國工程學會,NA,Republican era,NA
20128,NA,NA,Republican era,NA
20130,NA,NA,Republican era,NA
20132,NA,NA,Republican era,NA
20136,NA,NA,Republican era,NA
20140,NA,NA,Republican era,NA
20142,NA,NA,Republican era,NA
20144,NA,NA,Republican era,NA
20165,NA,NA,Republican era,NA
20167,NA,NA,Republican era,NA
20169,NA,NA,Republican era,NA
20173,NA,NA,Republican era,NA
20175,China Engineering Society 中國工程學會,NA,Republican era,NA
20187,NA,NA,Republican era,NA
20189,NA,NA,Republican era,NA
20192,NA,NA,Republican era,NA
20195,NA,NA,Republican era,NA
20202,NA,NA,Republican era,NA
20205,NA,NA,Republican era,NA
20207,NA,NA,Republican era,NA
20209,NA,NA,Republican era,NA
20213,NA,NA,Republican era,NA
20215,NA,NA,Republican era,NA
20217,NA,NA,Republican era,NA
20225,NA,NA,Republican era,NA
20232,NA,NA,Republican era,NA
20233,NA,NA,Republican era,NA
20247,NA,NA,Republican era,NA
20249,NA,NA,Republican era,NA
20251,NA,NA,Republican era,NA
20253,NA,NA,Republican era,NA
20260,NA,NA,Republican era,NA
20266,NA,NA,Republican era,NA
20268,NA,NA,Republican era,NA
20275,NA,NA,Republican era,NA
20277,Association of Chinese and American Engineers,NA,Republican era,NA
20280,NA,NA,Republican era,NA
20282,NA,NA,Republican era,NA
20288,NA,NA,Republican era,NA
20290,NA,NA,Republican era,NA
20292,NA,NA,Republican era,NA
20294,NA,NA,Republican era,NA
20296,NA,NA,Republican era,NA
20307,NA,NA,Republican era,NA
20309,NA,NA,Republican era,NA
20311,NA,NA,Republican era,NA
20313,NA,NA,Republican era,NA
20320,NA,NA,Republican era,NA
20323,NA,NA,Republican era,NA
20325,NA,NA,Republican era,NA
20331,NA,NA,Republican era,NA
20333,NA,NA,Republican era,NA
20335,NA,NA,Republican era,NA
20337,NA,NA,Republican era,NA
20339,NA,NA,Republican era,NA
20341,NA,NA,Republican era,NA
20346,NA,NA,Republican era,NA
20350,NA,NA,Republican era,NA
20353,NA,NA,Republican era,NA
20356,NA,NA,Republican era,NA
20358,NA,NA,Republican era,NA
20367,Chinese Institute of Electrical Engineers 中國電機工程師學會,NA,Republican era,NA
20379,NA,NA,Republican era,NA
20382,NA,NA,Republican era,NA
20391,NA,NA,Republican era,NA
20395,NA,NA,Republican era,NA
20400,NA,NA,Republican era,NA
20403,NA,NA,Republican era,NA
20408,NA,NA,Republican era,NA
20410,NA,NA,Republican era,NA
20412,NA,NA,Republican era,NA
20414,NA,NA,Republican era,NA
20419,NA,NA,Republican era,NA
20427,NA,NA,Republican era,NA
20429,NA,NA,Republican era,NA
20431,NA,NA,Republican era,NA
20433,NA,NA,Republican era,NA
20435,NA,NA,Republican era,NA
20439,NA,NA,Republican era,NA
20443,Chinese Institute of Engineers 中華工程師學會,NA,Republican era,NA
20464,Association of Chinese and American Engineers,NA,Republican era,NA
20468,NA,NA,Republican era,NA
20474,NA,NA,Republican era,NA
20486,NA,NA,Republican era,NA
20491,NA,NA,Republican era,NA
20496,NA,NA,Republican era,NA
20498,NA,NA,Republican era,NA
20501,NA,NA,Republican era,NA
20503,Chinese Institute of Engineers 中華工程師學會,NA,Republican era,NA
20506,NA,NA,Republican era,NA
20509,NA,NA,Republican era,NA
20510,NA,NA,Republican era,NA
20512,NA,NA,Republican era,NA
20516,NA,NA,Republican era,NA
20526,NA,NA,Republican era,NA
20529,NA,NA,Republican era,NA
20531,NA,NA,Republican era,NA
20535,NA,NA,Republican era,NA
20539,China Hydraulic Engineering Society 中國水利工程學會,NA,Republican era,NA
20547,NA,NA,Republican era,NA
20549,NA,NA,Republican era,NA
20554,NA,NA,Republican era,NA
20556,NA,NA,Republican era,NA
20563,NA,NA,Republican era,NA
20566,NA,NA,Republican era,NA
20568,NA,NA,Republican era,NA
20570,NA,NA,Republican era,NA
20572,NA,NA,Republican era,NA
20576,NA,NA,Republican era,NA
20578,NA,NA,Republican era,NA
20581,NA,NA,Republican era,NA
20595,NA,NA,Republican era,NA
20598,NA,NA,Republican era,NA
20603,Zhongguo gongchengshi xuehui Wuhan fenhui 中國工程師學會武漢分會,NA,Republican era,NA
20605,NA,NA,Republican era,NA
20612,NA,NA,Republican era,NA
20615,NA,NA,Republican era,NA
20618,NA,NA,Republican era,NA
20632,NA,NA,Republican era,NA
20635,NA,NA,Republican era,NA
20642,NA,NA,Republican era,NA
20646,NA,NA,Republican era,NA
20648,NA,NA,Republican era,NA
20650,Chinese Institute of Mining and Metallurgy 中國礦冶工程學會,NA,Republican era,NA
20651,NA,NA,Republican era,NA
20654,NA,NA,Republican era,NA
20657,NA,NA,Republican era,NA
20673,NA,NA,Republican era,NA
20675,NA,NA,Republican era,NA
20686,NA,NA,Republican era,NA
20689,NA,NA,Republican era,NA
20692,NA,NA,Republican era,NA
20694,NA,NA,Republican era,NA
20696,NA,NA,Republican era,NA
20715,NA,NA,Republican era,NA
20717,NA,NA,Republican era,NA
20728,NA,NA,Republican era,NA
20733,NA,NA,Republican era,NA
20741,NA,NA,Republican era,NA
20743,NA,NA,Republican era,NA
20746,NA,NA,Republican era,NA
20747,NA,NA,Republican era,NA
20761,Chinese Institute of Mining and Metallurgy 中國礦冶工程學會,NA,Republican era,NA
20774,NA,NA,Republican era,NA
20776,NA,NA,Republican era,NA
20787,NA,NA,Republican era,NA
20789,NA,NA,Republican era,NA
20801,NA,NA,Republican era,NA
20803,NA,NA,Republican era,NA
20806,NA,NA,Republican era,NA
20810,NA,NA,Republican era,NA
20813,NA,NA,Republican era,NA
20818,NA,NA,Republican era,NA
20819,NA,NA,Republican era,NA
20825,NA,NA,Republican era,NA
20826,NA,NA,Republican era,NA
20834,NA,NA,Republican era,NA
20836,NA,NA,Republican era,NA
20840,NA,NA,Republican era,NA
20842,NA,NA,Republican era,NA
20845,NA,NA,Republican era,NA
20847,NA,NA,Republican era,NA
20851,NA,NA,Republican era,NA
20853,NA,NA,Republican era,NA
20855,NA,NA,Republican era,NA
20858,NA,NA,Republican era,NA
20860,NA,NA,Republican era,NA
20863,NA,NA,Republican era,NA
20866,NA,NA,Republican era,NA
20868,NA,NA,Republican era,NA
20872,NA,NA,Republican era,NA
20874,NA,NA,Republican era,NA
20876,NA,NA,Republican era,NA
20878,NA,NA,Republican era,NA
20880,NA,NA,Republican era,NA
20889,China Hydraulic Engineering Society 中國水利工程學會,NA,Republican era,NA
20892,NA,NA,Republican era,NA
20896,NA,NA,Republican era,NA
20898,NA,NA,Republican era,NA
20900,NA,NA,Republican era,NA
20902,NA,NA,Republican era,NA
20904,NA,NA,Republican era,NA
20906,NA,NA,Republican era,NA
20911,NA,NA,Republican era,NA
20913,NA,NA,Republican era,NA
20924,NA,NA,Republican era,NA
20927,NA,NA,Republican era,NA
20931,NA,NA,Republican era,NA
20935,NA,NA,Republican era,NA
20937,NA,NA,Republican era,NA
20939,NA,NA,Republican era,NA
20941,Chinese Institute of Mining and Metallurgy 中國礦冶工程學會,NA,Republican era,NA
20945,NA,NA,Republican era,NA
20947,Chinese Institute of Mining and Metallurgy 中國礦冶工程學會,NA,Republican era,NA
20950,China Hydraulic Engineering Society 中國水利工程學會,NA,Republican era,NA
20952,NA,NA,Republican era,NA
20956,NA,NA,Republican era,NA
20964,Chinese Institute of Mining and Metallurgy 中國礦冶工程學會,NA,Republican era,NA
20973,NA,NA,Republican era,NA
20975,NA,NA,Republican era,NA
20977,NA,NA,Republican era,NA
20979,NA,NA,Republican era,NA
20993,NA,NA,Republican era,NA
20996,NA,NA,Republican era,NA
20999,NA,NA,Republican era,NA
21001,Association of Chinese and American Engineers,NA,Republican era,NA
21001,Chinese Institute of Engineers 中華工程師學會,NA,Republican era,NA
21003,NA,NA,Republican era,NA
21008,NA,NA,Republican era,NA
21015,NA,NA,Republican era,NA
21019,NA,NA,Republican era,NA
21022,NA,NA,Republican era,NA
21023,NA,NA,Republican era,NA
21026,NA,NA,Republican era,NA
21029,NA,NA,Republican era,NA
21032,NA,NA,Republican era,NA
21041,NA,NA,Republican era,NA
21042,NA,NA,Republican era,NA
21050,NA,NA,Republican era,NA
21052,NA,NA,Republican era,NA
21055,NA,NA,Republican era,NA
21059,NA,NA,Republican era,NA
21064,NA,NA,Republican era,NA
21071,NA,NA,Republican era,NA
21073,NA,NA,Republican era,NA
21078,NA,NA,Republican era,NA
21081,NA,NA,Republican era,NA
21083,NA,NA,Republican era,NA
21087,NA,NA,Republican era,NA
21091,NA,NA,Republican era,NA
21094,NA,NA,Republican era,NA
21096,American Society of Civil Engineers,NA,Republican era,NA
21112,NA,NA,Republican era,NA
21114,NA,NA,Republican era,NA
21118,NA,NA,Republican era,NA
21120,NA,NA,Republican era,NA
21122,NA,NA,Republican era,NA
21124,NA,NA,Republican era,NA
21126,NA,NA,Republican era,NA
21129,NA,NA,Republican era,NA
21134,NA,NA,Republican era,NA
21136,NA,NA,Republican era,NA
21139,NA,NA,Republican era,NA
21141,NA,NA,Republican era,NA
21145,NA,NA,Republican era,NA
21153,NA,NA,Republican era,NA
21155,NA,NA,Republican era,NA
21159,NA,NA,Republican era,NA
21161,NA,NA,Republican era,NA
21163,NA,NA,Republican era,NA
21167,NA,NA,Republican era,NA
21169,NA,NA,Republican era,NA
21172,NA,NA,Republican era,NA
21174,NA,NA,Republican era,NA
21177,NA,NA,Republican era,NA
21179,Chinese Institute of Electrical Engineers 中國電機工程師學會,NA,Republican era,NA
21183,NA,NA,Republican era,NA
21186,NA,NA,Republican era,NA
21189,NA,NA,Republican era,NA
21191,NA,NA,Republican era,NA
21196,NA,NA,Republican era,NA
21198,NA,NA,Republican era,NA
21200,NA,NA,Republican era,NA
21203,NA,NA,Republican era,NA
21205,NA,NA,Republican era,NA
21209,NA,NA,Republican era,NA
21211,NA,NA,Republican era,NA
21213,Zhongguo gongchengshi xuehui Wuhan fenhui 中國工程師學會武漢分會,NA,Republican era,NA
21220,NA,NA,Republican era,NA
21227,NA,NA,Republican era,NA
21230,NA,NA,Republican era,NA
21233,NA,NA,Republican era,NA
21236,China Hydraulic Engineering Society 中國水利工程學會,NA,Republican era,NA
21239,NA,NA,Republican era,NA
21241,NA,NA,Republican era,NA
21244,NA,NA,Republican era,NA
21246,NA,NA,Republican era,NA
21248,NA,NA,Republican era,NA
21250,NA,NA,Republican era,NA
21252,NA,NA,Republican era,NA
21255,NA,NA,Republican era,NA
21257,NA,NA,Republican era,NA
21259,NA,NA,Republican era,NA
21271,NA,NA,Republican era,NA
21273,NA,NA,Republican era,NA
21282,NA,NA,Republican era,NA
21284,NA,NA,Republican era,NA
21287,NA,NA,Republican era,NA
21302,NA,NA,Republican era,NA
21305,NA,NA,Republican era,NA
21311,NA,NA,Republican era,NA
21313,NA,NA,Republican era,NA
21318,Chinese Institute of Electrical Engineers 中國電機工程師學會,NA,Republican era,NA
21321,NA,NA,Republican era,NA
21324,NA,NA,Republican era,NA
21327,NA,NA,Republican era,NA
21332,NA,NA,Republican era,NA
21337,NA,NA,Republican era,NA
21339,NA,NA,Republican era,NA
21344,Chinese Institute of Engineers 中華工程師學會,NA,Republican era,NA
21352,NA,NA,Republican era,NA
21356,NA,NA,Republican era,NA
21361,NA,NA,Republican era,NA
21363,NA,NA,Republican era,NA
21365,NA,NA,Republican era,NA
21368,NA,NA,Republican era,NA
21370,NA,NA,Republican era,NA
21384,Chinese Institute of Engineers 中華工程師學會,NA,Republican era,NA
21388,NA,NA,Republican era,NA
21393,NA,NA,Republican era,NA
21404,Chinese Institute of Mining and Metallurgy 中國礦冶工程學會,NA,Republican era,NA
21405,NA,NA,Republican era,NA
21407,NA,NA,Republican era,NA
21414,NA,NA,Republican era,NA
21417,NA,NA,Republican era,NA
21420,NA,NA,Republican era,NA
21422,NA,NA,Republican era,NA
21428,NA,NA,Republican era,NA
21433,NA,NA,Republican era,NA
21443,NA,NA,Republican era,NA
21453,NA,NA,Republican era,NA
21454,NA,NA,Republican era,NA
21458,NA,NA,Republican era,NA
21464,NA,NA,Republican era,NA
21470,NA,NA,Republican era,NA
21473,NA,NA,Republican era,NA
21477,NA,NA,Republican era,NA
21480,NA,NA,Republican era,NA
21490,NA,NA,Republican era,NA
21492,NA,NA,Republican era,NA
21494,NA,NA,Republican era,NA
21496,NA,NA,Republican era,NA
21498,Chinese Institute of Mining and Metallurgy 中國礦冶工程學會,NA,Republican era,NA
21501,NA,NA,Republican era,NA
21503,Association of Chinese and American Engineers,NA,Republican era,NA
21503,Chinese Institute of Engineers 中華工程師學會,NA,Republican era,NA
21509,Association of Chinese and American Engineers,NA,Republican era,NA
21510,Association of Chinese and American Engineers,NA,Republican era,NA
21510,Zhongguo gongchengshi xuehui Wuhan fenhui 中國工程師學會武漢分會,NA,Republican era,NA
21512,Association of Chinese and American Engineers,NA,Republican era,NA
21512,Chinese Institute of Engineers 中華工程師學會,NA,Republican era,NA
21516,Association of Chinese and American Engineers,NA,Republican era,NA
21518,Association of Chinese and American Engineers,NA,Republican era,NA
21519,Association of Chinese and American Engineers,NA,Republican era,NA
21519,China Engineering Society 中國工程學會,NA,Republican era,NA
21522,Association of Chinese and American Engineers,NA,Republican era,NA
21528,Association of Chinese and American Engineers,NA,Republican era,NA
21528,China Hydraulic Engineering Society 中國水利工程學會,NA,Republican era,NA
21531,Association of Chinese and American Engineers,NA,Republican era,NA
21531,China Engineering Society 中國工程學會,NA,Republican era,NA
21531,Zhongguo gongchengshi xuehui Wuhan fenhui 中國工程師學會武漢分會,NA,Republican era,NA
21532,Association of Chinese and American Engineers,NA,Republican era,NA
21534,Association of Chinese and American Engineers,NA,Republican era,NA
21535,Association of Chinese and American Engineers,NA,Republican era,NA
21535,Zhongguo gongchengshi xuehui Wuhan fenhui 中國工程師學會武漢分會,NA,Republican era,NA
21537,Association of Chinese and American Engineers,NA,Republican era,NA
21537,China Hydraulic Engineering Society 中國水利工程學會,NA,Republican era,NA
21539,NA,NA,Republican era,NA
21547,NA,NA,Republican era,NA
21549,NA,NA,Republican era,NA
21552,NA,NA,Republican era,NA
21555,Association of Chinese and American Engineers,NA,Republican era,NA
21559,Association of Chinese and American Engineers,NA,Republican era,NA
21563,Association of Chinese and American Engineers,NA,Republican era,NA
21563,China Engineering Society 中國工程學會,NA,Republican era,NA
21563,American Society of Civil Engineers,NA,Republican era,NA
21575,NA,NA,Republican era,NA
21578,NA,NA,Republican era,NA
21580,NA,NA,Republican era,NA
21587,Association of Chinese and American Engineers,NA,Republican era,NA
21590,Association of Chinese and American Engineers,NA,Republican era,NA
21593,Association of Chinese and American Engineers,NA,Republican era,NA
21599,Association of Chinese and American Engineers,NA,Republican era,NA
21601,Association of Chinese and American Engineers,NA,Republican era,NA
21601,Chinese Institute of Mining and Metallurgy 中國礦冶工程學會,NA,Republican era,NA
21602,China Hydraulic Engineering Society 中國水利工程學會,NA,Republican era,NA
21608,Association of Chinese and American Engineers,NA,Republican era,NA
21609,Association of Chinese and American Engineers,NA,Republican era,NA
21610,NA,NA,Republican era,NA
21618,Association of Chinese and American Engineers,NA,Republican era,NA
21618,Chinese Institute of Engineers 中華工程師學會,NA,Republican era,NA
21619,NA,NA,Republican era,NA
21623,NA,NA,Republican era,NA
21624,Association of Chinese and American Engineers,NA,Republican era,NA
21629,Association of Chinese and American Engineers,NA,Republican era,NA
21629,Zhongguo gongchengshi xuehui Wuhan fenhui 中國工程師學會武漢分會,NA,Republican era,NA
21635,Association of Chinese and American Engineers,NA,Republican era,NA
21640,Association of Chinese and American Engineers,NA,Republican era,NA
21641,Association of Chinese and American Engineers,NA,Republican era,NA
21642,NA,NA,Republican era,NA
21643,Association of Chinese and American Engineers,NA,Republican era,NA
21643,China Hydraulic Engineering Society 中國水利工程學會,NA,Republican era,NA
21646,Chinese Institute of Mining and Metallurgy 中國礦冶工程學會,NA,Republican era,NA
21647,Association of Chinese and American Engineers,NA,Republican era,NA
21655,Association of Chinese and American Engineers,NA,Republican era,NA
21661,Association of Chinese and American Engineers,NA,Republican era,NA
21661,Chinese Institute of Mining and Metallurgy 中國礦冶工程學會,NA,Republican era,NA
21661,Chinese Institute of Engineers 中華工程師學會,NA,Republican era,NA
21661,American Institute of Mining and Metallurgical Engineers,NA,Republican era,NA
21661,Zhongguo gongchengshi xuehui Wuhan fenhui 中國工程師學會武漢分會,NA,Republican era,NA
21662,Association of Chinese and American Engineers,NA,Republican era,NA
21663,Association of Chinese and American Engineers,NA,Republican era,NA
21664,NA,NA,Republican era,NA
21669,Association of Chinese and American Engineers,NA,Republican era,NA
21671,Association of Chinese and American Engineers,NA,Republican era,NA
21671,Chinese Institute of Engineers 中華工程師學會,NA,Republican era,NA
21673,Association of Chinese and American Engineers,NA,Republican era,NA
21678,Association of Chinese and American Engineers,NA,Republican era,NA
21680,Association of Chinese and American Engineers,NA,Republican era,NA
21683,Association of Chinese and American Engineers,NA,Republican era,NA
21687,Association of Chinese and American Engineers,NA,Republican era,NA
21694,Association of Chinese and American Engineers,NA,Republican era,NA
21700,Association of Chinese and American Engineers,NA,Republican era,NA
21702,Association of Chinese and American Engineers,NA,Republican era,NA
21704,Association of Chinese and American Engineers,NA,Republican era,NA
21706,Association of Chinese and American Engineers,NA,Republican era,NA
21709,Association of Chinese and American Engineers,NA,Republican era,NA
21713,Association of Chinese and American Engineers,NA,Republican era,NA
21714,Association of Chinese and American Engineers,NA,Republican era,NA
21717,Association of Chinese and American Engineers,NA,Republican era,NA
21717,China Hydraulic Engineering Society 中國水利工程學會,NA,Republican era,NA
21719,Association of Chinese and American Engineers,NA,Republican era,NA
21721,Association of Chinese and American Engineers,NA,Republican era,NA
21721,Chinese Institute of Engineers 中華工程師學會,NA,Republican era,NA
21725,NA,NA,Republican era,NA
21728,Chinese Institute of Electrical Engineers 中國電機工程師學會,NA,Republican era,NA
21732,NA,NA,Republican era,NA
21735,NA,NA,Republican era,NA
21739,NA,NA,Republican era,NA
21741,NA,NA,Republican era,NA
21744,NA,NA,Republican era,NA
21750,NA,NA,Republican era,NA
21758,NA,NA,Republican era,NA
21761,China Power Engineering Society 中國動力工程學會,NA,Republican era,NA
21761,Chinese Institute of Electrical Engineers 中國電機工程師學會,NA,Republican era,NA
21768,NA,NA,Republican era,NA
21771,NA,NA,Republican era,NA
21784,NA,NA,Republican era,NA
21786,NA,NA,Republican era,NA
21799,NA,NA,Republican era,NA
21803,NA,NA,Republican era,NA
21811,NA,NA,Republican era,NA
21817,NA,NA,Republican era,NA
21824,NA,NA,Republican era,NA
21827,NA,NA,Republican era,NA
21831,NA,NA,Republican era,NA
21833,NA,NA,Republican era,NA
21838,NA,NA,Republican era,NA
21840,NA,NA,Republican era,NA
21845,NA,NA,Republican era,NA
21849,Chinese Institute of Electrical Engineers 中國電機工程師學會,NA,Republican era,NA
21851,NA,NA,Republican era,NA
21854,Chinese Institute of Electrical Engineers 中國電機工程師學會,NA,Republican era,NA
21856,NA,NA,Republican era,NA
21864,NA,NA,Republican era,NA
21867,Chinese Institute of Electrical Engineers 中國電機工程師學會,NA,Republican era,NA
21870,NA,NA,Republican era,NA
21876,NA,NA,Republican era,NA
21878,NA,NA,Republican era,NA
21888,NA,NA,Republican era,NA
21903,NA,NA,Republican era,NA
21921,NA,NA,Republican era,NA
21923,NA,NA,Republican era,NA
21942,NA,NA,Republican era,NA
21946,NA,NA,Republican era,NA
21962,NA,NA,Republican era,NA
21964,NA,NA,Republican era,NA
21968,NA,NA,Republican era,NA
21970,NA,NA,Republican era,NA
21972,NA,NA,Republican era,NA
21974,NA,NA,Republican era,NA
21996,NA,NA,Republican era,NA
22003,NA,NA,Republican era,NA
22015,NA,NA,Republican era,NA
22025,NA,NA,Republican era,NA
22029,NA,NA,Republican era,NA
22031,NA,NA,Republican era,NA
22033,NA,NA,Republican era,NA
22035,NA,NA,Republican era,NA
22037,NA,NA,Republican era,NA
22039,NA,NA,Republican era,NA
22041,NA,NA,Republican era,NA
22044,NA,NA,Republican era,NA
22051,NA,NA,Republican era,NA
22053,NA,NA,Republican era,NA
22057,NA,NA,Republican era,NA
22059,NA,NA,Republican era,NA
22064,NA,NA,Republican era,NA
22074,NA,NA,Republican era,NA
22087,NA,NA,Republican era,NA
22093,NA,NA,Republican era,NA
22095,Association of Chinese and American Engineers,NA,Republican era,NA
22095,Chinese Institute of Engineers 中華工程師學會,NA,Republican era,NA
22100,NA,NA,Republican era,NA
22102,NA,NA,Republican era,NA
22105,NA,NA,Republican era,NA
22108,NA,NA,Republican era,NA
22121,NA,NA,Republican era,NA
22123,NA,NA,Republican era,NA
22127,NA,NA,Republican era,NA
22129,NA,NA,Republican era,NA
22133,NA,NA,Republican era,NA
22140,NA,NA,Republican era,NA
22144,NA,NA,Republican era,NA
22152,Chinese Institute of Electrical Engineers 中國電機工程師學會,NA,Republican era,NA
22154,NA,NA,Republican era,NA
22158,NA,NA,Republican era,NA
22167,NA,NA,Republican era,NA
22169,NA,NA,Republican era,NA
22170,NA,NA,Republican era,NA
22172,Chinese Institute of Electrical Engineers 中國電機工程師學會,NA,Republican era,NA
22176,NA,NA,Republican era,NA
22178,NA,NA,Republican era,NA
22186,NA,NA,Republican era,NA
22197,NA,NA,Republican era,NA
22210,NA,NA,Republican era,NA
22214,NA,NA,Republican era,NA
22221,NA,NA,Republican era,NA
22224,NA,NA,Republican era,NA
22228,NA,NA,Republican era,NA
22234,NA,NA,Republican era,NA
22236,NA,NA,Republican era,NA
22239,NA,NA,Republican era,NA
22241,NA,NA,Republican era,NA
22243,NA,NA,Republican era,NA
22249,NA,NA,Republican era,NA
22256,NA,NA,Republican era,NA
22265,NA,NA,Republican era,NA
22287,NA,NA,Republican era,NA
22292,Chinese Institute of Electrical Engineers 中國電機工程師學會,NA,Republican era,NA
22295,Chinese Institute of Mining and Metallurgy 中國礦冶工程學會,NA,Republican era,NA
22299,NA,NA,Republican era,NA
22301,NA,NA,Republican era,NA
22303,NA,NA,Republican era,NA
22319,NA,NA,Republican era,NA
22326,NA,NA,Republican era,NA
22331,NA,NA,Republican era,NA
22337,NA,NA,Republican era,NA
22340,China Hydraulic Engineering Society 中國水利工程學會,NA,Republican era,NA
22350,NA,NA,Republican era,NA
22352,NA,NA,Republican era,NA
22366,NA,NA,Republican era,NA
22368,NA,NA,Republican era,NA
22370,Chinese Institute of Mining and Metallurgy 中國礦冶工程學會,NA,Republican era,NA
22392,NA,NA,Republican era,NA
22397,NA,NA,Republican era,NA
22399,NA,NA,Republican era,NA
22406,Chinese Institute of Mining and Metallurgy 中國礦冶工程學會,NA,Republican era,NA
22411,NA,NA,Republican era,NA
22413,NA,NA,Republican era,NA
22416,NA,NA,Republican era,NA
22419,NA,NA,Republican era,NA
22423,NA,NA,Republican era,NA
22437,NA,NA,Republican era,NA
22440,NA,NA,Republican era,NA
22442,NA,NA,Republican era,NA
22446,NA,NA,Republican era,NA
22457,NA,NA,Republican era,NA
22472,NA,NA,Republican era,NA
22475,NA,NA,Republican era,NA
22487,NA,NA,Republican era,NA
22494,NA,NA,Republican era,NA
22499,NA,NA,Republican era,NA
22501,NA,NA,Republican era,NA
22508,NA,NA,Republican era,NA
22512,NA,NA,Republican era,NA
22514,NA,NA,Republican era,NA
22516,NA,NA,Republican era,NA
22519,NA,NA,Republican era,NA
22521,NA,NA,Republican era,NA
22523,NA,NA,Republican era,NA
22525,NA,NA,Republican era,NA
22527,NA,NA,Republican era,NA
22529,NA,NA,Republican era,NA
22532,Chinese Institute of Electrical Engineers 中國電機工程師學會,NA,Republican era,NA
22535,NA,NA,Republican era,NA
22539,NA,NA,Republican era,NA
22542,NA,NA,Republican era,NA
22544,NA,NA,Republican era,NA
22546,NA,NA,Republican era,NA
22549,NA,NA,Republican era,NA
22550,Zhongguo gongchengshi xuehui Wuhan fenhui 中國工程師學會武漢分會,NA,Republican era,NA
22552,NA,NA,Republican era,NA
22558,NA,NA,Republican era,NA
22560,NA,NA,Republican era,NA
22569,NA,NA,Republican era,NA
22572,NA,NA,Republican era,NA
22574,Chinese Institute of Engineers 中華工程師學會,NA,Republican era,NA
22581,NA,NA,Republican era,NA
22586,NA,NA,Republican era,NA
22592,NA,NA,Republican era,NA
22595,NA,NA,Republican era,NA
22597,NA,NA,Republican era,NA
22606,NA,NA,Republican era,NA
22630,NA,NA,Republican era,NA
22632,NA,NA,Republican era,NA
22634,NA,NA,Republican era,NA
22636,NA,NA,Republican era,NA
22638,NA,NA,Republican era,NA
22640,NA,NA,Republican era,NA
22642,NA,NA,Republican era,NA
22644,NA,NA,Republican era,NA
22646,NA,NA,Republican era,NA
22648,NA,NA,Republican era,NA
22650,NA,NA,Republican era,NA
22652,NA,NA,Republican era,NA
22654,NA,NA,Republican era,NA
22659,NA,NA,Republican era,NA
22664,NA,NA,Republican era,NA
22668,NA,NA,Republican era,NA
22674,NA,NA,Republican era,NA
22680,NA,NA,Republican era,NA
22691,NA,NA,Republican era,NA
22694,NA,NA,Republican era,NA
22696,NA,NA,Republican era,NA
22698,NA,NA,Republican era,NA
22702,NA,NA,Republican era,NA
22704,NA,NA,Republican era,NA
22708,NA,NA,Republican era,NA
22710,NA,NA,Republican era,NA
22712,China Power Engineering Society 中國動力工程學會,NA,Republican era,NA
22712,Chinese Institute of Electrical Engineers 中國電機工程師學會,NA,Republican era,NA
22725,NA,NA,Republican era,NA
22739,NA,NA,Republican era,NA
22745,NA,NA,Republican era,NA
22751,NA,NA,Republican era,NA
22754,NA,NA,Republican era,NA
22755,NA,NA,Republican era,NA
22760,NA,NA,Republican era,NA
22762,NA,NA,Republican era,NA
22764,NA,NA,Republican era,NA
22769,NA,NA,Republican era,NA
22771,NA,NA,Republican era,NA
22774,NA,NA,Republican era,NA
22776,NA,NA,Republican era,NA
22778,NA,NA,Republican era,NA
22780,NA,NA,Republican era,NA
22782,NA,NA,Republican era,NA
22784,NA,NA,Republican era,NA
22786,NA,NA,Republican era,NA
22788,NA,NA,Republican era,NA
22790,NA,NA,Republican era,NA
22792,NA,NA,Republican era,NA
22794,NA,NA,Republican era,NA
22796,NA,NA,Republican era,NA
22798,NA,NA,Republican era,NA
22800,NA,NA,Republican era,NA
22802,NA,NA,Republican era,NA
22810,NA,NA,Republican era,NA
22812,NA,NA,Republican era,NA
22814,NA,NA,Republican era,NA
22816,NA,NA,Republican era,NA
22818,NA,NA,Republican era,NA
22824,NA,NA,Republican era,NA
22828,NA,NA,Republican era,NA
22830,NA,NA,Republican era,NA
22833,NA,NA,Republican era,NA
22837,NA,NA,Republican era,NA
22839,NA,NA,Republican era,NA
22842,NA,NA,Republican era,NA
22849,NA,NA,Republican era,NA
22852,NA,NA,Republican era,NA
22854,NA,NA,Republican era,NA
22857,NA,NA,Republican era,NA
22864,NA,NA,Republican era,NA
22870,NA,NA,Republican era,NA
22875,NA,NA,Republican era,NA
22885,NA,NA,Republican era,NA
22887,NA,NA,Republican era,NA
22890,NA,NA,Republican era,NA
22892,NA,NA,Republican era,NA
22897,NA,NA,Republican era,NA
22900,NA,NA,Republican era,NA
22903,Chinese Institute of Engineers 中華工程師學會,NA,Republican era,NA
22905,NA,NA,Republican era,NA
22907,NA,NA,Republican era,NA
22909,NA,NA,Republican era,NA
22911,NA,NA,Republican era,NA
22915,Chinese Institute of Mining and Metallurgy 中國礦冶工程學會,NA,Republican era,NA
22925,NA,NA,Republican era,NA
22927,NA,NA,Republican era,NA
22931,NA,NA,Republican era,NA
22936,NA,NA,Republican era,NA
22947,Chinese Institute of Engineers 中華工程師學會,NA,Republican era,NA
22951,NA,NA,Republican era,NA
22960,NA,NA,Republican era,NA
22964,NA,NA,Republican era,NA
22966,NA,NA,Republican era,NA
22968,NA,NA,Republican era,NA
22975,NA,NA,Republican era,NA
22978,NA,NA,Republican era,NA
22980,NA,NA,Republican era,NA
22995,Chinese Institute of Engineers 中華工程師學會,NA,Republican era,NA
23004,NA,NA,Republican era,NA
23009,NA,NA,Republican era,NA
23011,NA,NA,Republican era,NA
23013,NA,NA,Republican era,NA
23015,NA,NA,Republican era,NA
23020,NA,NA,Republican era,NA
23023,NA,NA,Republican era,NA
23026,NA,NA,Republican era,NA
23030,NA,NA,Republican era,NA
23039,NA,NA,Republican era,NA
23059,NA,NA,Republican era,NA
23061,NA,NA,Republican era,NA
23074,NA,NA,Republican era,NA
23077,Association of Chinese and American Engineers,NA,Republican era,NA
23083,NA,NA,Republican era,NA
23094,NA,NA,Republican era,NA
23096,NA,NA,Republican era,NA
23103,NA,NA,Republican era,NA
23105,NA,NA,Republican era,NA
23109,NA,NA,Republican era,NA
23112,NA,NA,Republican era,NA
23114,NA,NA,Republican era,NA
23117,NA,NA,Republican era,NA
23123,NA,NA,Republican era,NA
23125,NA,NA,Republican era,NA
23128,Chinese Institute of Mining and Metallurgy 中國礦冶工程學會,NA,Republican era,NA
23138,NA,NA,Republican era,NA
23140,NA,NA,Republican era,NA
23190,NA,NA,Republican era,NA
23192,NA,NA,Republican era,NA
23194,NA,NA,Republican era,NA
23197,NA,NA,Republican era,NA
23207,NA,NA,Republican era,NA
23212,NA,NA,Republican era,NA
23218,NA,NA,Republican era,NA
23226,Chinese Institute of Mining and Metallurgy 中國礦冶工程學會,NA,Republican era,NA
23237,NA,NA,Republican era,NA
23241,NA,NA,Republican era,NA
23243,NA,NA,Republican era,NA
23246,NA,NA,Republican era,NA
23252,NA,NA,Republican era,NA
23262,NA,NA,Republican era,NA
23278,NA,NA,Republican era,NA
23285,NA,NA,Republican era,NA
23288,NA,NA,Republican era,NA
23292,NA,NA,Republican era,NA
23297,NA,NA,Republican era,NA
23300,NA,NA,Republican era,NA
23306,NA,NA,Republican era,NA
23308,NA,NA,Republican era,NA
23312,NA,NA,Republican era,NA
23316,NA,NA,Republican era,NA
23321,NA,NA,Republican era,NA
23323,NA,NA,Republican era,NA
23327,NA,NA,Republican era,NA
23329,NA,NA,Republican era,NA
23332,NA,NA,Republican era,NA
23350,NA,NA,Republican era,NA
23354,NA,NA,Republican era,NA
23357,NA,NA,Republican era,NA
23370,NA,NA,Republican era,NA
23372,NA,NA,Republican era,NA
23382,NA,NA,Republican era,NA
23386,NA,NA,Republican era,NA
23388,NA,NA,Republican era,NA
23402,NA,NA,Republican era,NA
23405,NA,NA,Republican era,NA
23407,Chinese Institute of Electrical Engineers 中國電機工程師學會,NA,Republican era,NA
23419,NA,NA,Republican era,NA
23422,NA,NA,Republican era,NA
23435,NA,NA,Republican era,NA
23437,NA,NA,Republican era,NA
23441,NA,NA,Republican era,NA
23445,Chinese Institute of Mining and Metallurgy 中國礦冶工程學會,NA,Republican era,NA
23457,NA,NA,Republican era,NA
23459,NA,NA,Republican era,NA
23462,NA,NA,Republican era,NA
23466,NA,NA,Republican era,NA
23471,NA,NA,Republican era,NA
23473,NA,NA,Republican era,NA
23487,NA,NA,Republican era,NA
23489,Zhongguo gongchengshi xuehui Wuhan fenhui 中國工程師學會武漢分會,NA,Republican era,NA
23505,NA,NA,Republican era,NA
23507,NA,NA,Republican era,NA
23510,NA,NA,Republican era,NA
23512,Chinese Institute of Electrical Engineers 中國電機工程師學會,NA,Republican era,NA
23526,NA,NA,Republican era,NA
23530,NA,NA,Republican era,NA
23531,NA,NA,Republican era,NA
23534,NA,NA,Republican era,NA
23535,NA,NA,Republican era,NA
23538,NA,NA,Republican era,NA
23540,NA,NA,Republican era,NA
23544,NA,NA,Republican era,NA
23546,NA,NA,Republican era,NA
23548,NA,NA,Republican era,NA
23552,NA,NA,Republican era,NA
23556,NA,NA,Republican era,NA
23560,Chinese Institute of Mining and Metallurgy 中國礦冶工程學會,NA,Republican era,NA
23565,NA,NA,Republican era,NA
23567,NA,NA,Republican era,NA
23569,NA,NA,Republican era,NA
23571,NA,NA,Republican era,NA
23573,NA,NA,Republican era,NA
23580,NA,NA,Republican era,NA
23584,NA,NA,Republican era,NA
23586,Chinese Institute of Mining and Metallurgy 中國礦冶工程學會,NA,Republican era,NA
23604,NA,NA,Republican era,NA
23606,NA,NA,Republican era,NA
23608,NA,NA,Republican era,NA
23614,NA,NA,Republican era,NA
23616,NA,NA,Republican era,NA
23620,NA,NA,Republican era,NA
23625,NA,NA,Republican era,NA
23629,NA,NA,Republican era,NA
23631,NA,NA,Republican era,NA
23637,NA,NA,Republican era,NA
23639,NA,NA,Republican era,NA
23644,Chinese Institute of Mining and Metallurgy 中國礦冶工程學會,NA,Republican era,NA
23654,NA,NA,Republican era,NA
23656,NA,NA,Republican era,NA
23659,China Hydraulic Engineering Society 中國水利工程學會,NA,Republican era,NA
23661,NA,NA,Republican era,NA
23664,NA,NA,Republican era,NA
23667,NA,NA,Republican era,NA
23681,Chinese Institute of Mining and Metallurgy 中國礦冶工程學會,NA,Republican era,NA
23697,NA,NA,Republican era,NA
23700,NA,NA,Republican era,NA
23702,NA,NA,Republican era,NA
23705,NA,NA,Republican era,NA
23710,Chinese Institute of Mining and Metallurgy 中國礦冶工程學會,NA,Republican era,NA
23710,Chinese Institute of Engineers 中華工程師學會,NA,Republican era,NA
23739,NA,NA,Republican era,NA
23741,NA,NA,Republican era,NA
23757,NA,NA,Republican era,NA
23760,NA,NA,Republican era,NA
23762,NA,NA,Republican era,NA
23764,NA,NA,Republican era,NA
23766,NA,NA,Republican era,NA
23768,Chinese Institute of Mining and Metallurgy 中國礦冶工程學會,NA,Republican era,NA
23773,NA,NA,Republican era,NA
23795,Chinese Institute of Mining and Metallurgy 中國礦冶工程學會,NA,Republican era,NA
23801,NA,NA,Republican era,NA
23819,Association of Chinese and American Engineers,NA,Republican era,NA
23825,NA,NA,Republican era,NA
23827,NA,NA,Republican era,NA
23835,NA,NA,Republican era,NA
23839,NA,NA,Republican era,NA
23842,NA,NA,Republican era,NA
23844,NA,NA,Republican era,NA
23848,NA,NA,Republican era,NA
23850,NA,NA,Republican era,NA
23864,NA,NA,Republican era,NA
23866,NA,NA,Republican era,NA
23877,Chinese Institute of Mining and Metallurgy 中國礦冶工程學會,NA,Republican era,NA
23888,NA,NA,Republican era,NA
23894,NA,NA,Republican era,NA
23896,NA,NA,Republican era,NA
23898,NA,NA,Republican era,NA
23900,NA,NA,Republican era,NA
23904,NA,NA,Republican era,NA
23958,Chinese Institute of Mining and Metallurgy 中國礦冶工程學會,NA,Republican era,NA
23967,NA,NA,Republican era,NA
23969,NA,NA,Republican era,NA
23972,Chinese Institute of Mining and Metallurgy 中國礦冶工程學會,NA,Republican era,NA
23977,NA,NA,Republican era,NA
23985,NA,NA,Republican era,NA
23990,NA,NA,Republican era,NA
23992,NA,NA,Republican era,NA
23994,NA,NA,Republican era,NA
23997,NA,NA,Republican era,NA
23999,NA,NA,Republican era,NA
24001,NA,NA,Republican era,NA
24003,NA,NA,Republican era,NA
24005,NA,NA,Republican era,NA
24009,NA,NA,Republican era,NA
24012,NA,NA,Republican era,NA
24014,NA,NA,Republican era,NA
24016,NA,NA,Republican era,NA
24020,NA,NA,Republican era,NA
24024,NA,NA,Republican era,NA
24027,NA,NA,Republican era,NA
24036,NA,NA,Republican era,NA
24038,NA,NA,Republican era,NA
24045,NA,NA,Republican era,NA
24055,NA,NA,Republican era,NA
24060,NA,NA,Republican era,NA
24062,NA,NA,Republican era,NA
24065,NA,NA,Republican era,NA
24069,NA,NA,Republican era,NA
24074,NA,NA,Republican era,NA
24077,NA,NA,Republican era,NA
24081,NA,NA,Republican era,NA
24086,NA,NA,Republican era,NA
24088,NA,NA,Republican era,NA
24094,NA,NA,Republican era,NA
24095,Chinese Institute of Electrical Engineers 中國電機工程師學會,NA,Republican era,NA
24107,NA,NA,Republican era,NA
24112,NA,NA,Republican era,NA
24115,Chinese Institute of Electrical Engineers 中國電機工程師學會,NA,Republican era,NA
24118,NA,NA,Republican era,NA
24119,NA,NA,Republican era,NA
24124,NA,NA,Republican era,NA
24127,Chinese Institute of Engineers 中華工程師學會,NA,Republican era,NA
24128,NA,NA,Republican era,NA
24135,NA,NA,Republican era,NA
24136,NA,NA,Republican era,NA
24146,NA,NA,Republican era,NA
24151,NA,NA,Republican era,NA
24153,NA,NA,Republican era,NA
24154,NA,NA,Republican era,NA
24159,NA,NA,Republican era,NA
24160,NA,NA,Republican era,NA
24169,NA,NA,Republican era,NA
24172,NA,NA,Republican era,NA
24175,NA,NA,Republican era,NA
24180,NA,NA,Republican era,NA
24182,NA,NA,Republican era,NA
24190,NA,NA,Republican era,NA
24193,NA,NA,Republican era,NA
24196,NA,NA,Republican era,NA
24197,NA,NA,Republican era,NA
24201,NA,NA,Republican era,NA
24206,NA,NA,Republican era,NA
24208,NA,NA,Republican era,NA
24219,NA,NA,Republican era,NA
24229,NA,NA,Republican era,NA
24233,NA,NA,Republican era,NA
24237,NA,NA,Republican era,NA
24241,NA,NA,Republican era,NA
24242,NA,NA,Republican era,NA
24244,NA,NA,Republican era,NA
24249,Zhongguo gongchengshi xuehui Wuhan fenhui 中國工程師學會武漢分會,NA,Republican era,NA
24259,NA,NA,Republican era,NA
24261,NA,NA,Republican era,NA
24262,NA,NA,Republican era,NA
24265,NA,NA,Republican era,NA
24267,NA,NA,Republican era,NA
24273,NA,NA,Republican era,NA
24275,NA,NA,Republican era,NA
24278,NA,NA,Republican era,NA
24295,NA,NA,Republican era,NA
24297,NA,NA,Republican era,NA
24299,NA,NA,Republican era,NA
24301,NA,NA,Republican era,NA
24311,NA,NA,Republican era,NA
24313,NA,NA,Republican era,NA
24317,NA,NA,Republican era,NA
24319,NA,NA,Republican era,NA
24321,NA,NA,Republican era,NA
24324,NA,NA,Republican era,NA
24326,NA,NA,Republican era,NA
24330,NA,NA,Republican era,NA
24333,NA,NA,Republican era,NA
24335,NA,NA,Republican era,NA
24345,NA,NA,Republican era,NA
24348,NA,NA,Republican era,NA
24350,NA,NA,Republican era,NA
24354,NA,NA,Republican era,NA
24359,Chinese Institute of Electrical Engineers 中國電機工程師學會,NA,Republican era,NA
24379,NA,NA,Republican era,NA
24385,NA,NA,Republican era,NA
24388,NA,NA,Republican era,NA
24390,NA,NA,Republican era,NA
24392,NA,NA,Republican era,NA
24395,NA,NA,Republican era,NA
24397,NA,NA,Republican era,NA
24399,NA,NA,Republican era,NA
24408,NA,NA,Republican era,NA
24411,NA,NA,Republican era,NA
24413,NA,NA,Republican era,NA
24415,NA,NA,Republican era,NA
24417,NA,NA,Republican era,NA
24429,NA,NA,Republican era,NA
24433,NA,NA,Republican era,NA
24435,NA,NA,Republican era,NA
24437,NA,NA,Republican era,NA
24439,NA,NA,Republican era,NA
24441,NA,NA,Republican era,NA
24443,NA,NA,Republican era,NA
24447,NA,NA,Republican era,NA
24452,NA,NA,Republican era,NA
24456,NA,NA,Republican era,NA
24459,NA,NA,Republican era,NA
24464,NA,NA,Republican era,NA
24467,NA,NA,Republican era,NA
24471,NA,NA,Republican era,NA
24475,NA,NA,Republican era,NA
24486,Chinese Institute of Electrical Engineers 中國電機工程師學會,NA,Republican era,NA
24489,NA,NA,Republican era,NA
24491,NA,NA,Republican era,NA
24493,NA,NA,Republican era,NA
24495,NA,NA,Republican era,NA
24497,NA,NA,Republican era,NA
24501,NA,NA,Republican era,NA
24503,NA,NA,Republican era,NA
24505,NA,NA,Republican era,NA
24509,NA,NA,Republican era,NA
24513,NA,NA,Republican era,NA
24515,NA,NA,Republican era,NA
24519,NA,NA,Republican era,NA
24521,NA,NA,Republican era,NA
24526,NA,NA,Republican era,NA
24528,NA,NA,Republican era,NA
24546,NA,NA,Republican era,NA
24548,NA,NA,Republican era,NA
24551,NA,NA,Republican era,NA
24559,NA,NA,Republican era,NA
24562,NA,NA,Republican era,NA
24567,NA,NA,Republican era,NA
24580,NA,NA,Republican era,NA
24583,NA,NA,Republican era,NA
24589,NA,NA,Republican era,NA
24592,NA,NA,Republican era,NA
24594,NA,NA,Republican era,NA
24596,Chinese Institute of Engineers 中華工程師學會,NA,Republican era,NA
24602,NA,NA,Republican era,NA
24604,NA,NA,Republican era,NA
24609,NA,NA,Republican era,NA
24614,NA,NA,Republican era,NA
24616,China Hydraulic Engineering Society 中國水利工程學會,NA,Republican era,NA
24632,NA,NA,Republican era,NA
24635,NA,NA,Republican era,NA
24639,NA,NA,Republican era,NA
24650,NA,NA,Republican era,NA
24652,NA,NA,Republican era,NA
24657,NA,NA,Republican era,NA
24672,Chinese Institute of Mining and Metallurgy 中國礦冶工程學會,NA,Republican era,NA
24680,NA,NA,Republican era,NA
24681,NA,NA,Republican era,NA
24685,NA,NA,Republican era,NA
24686,Chinese Institute of Electrical Engineers 中國電機工程師學會,NA,Republican era,NA
24691,China Hydraulic Engineering Society 中國水利工程學會,NA,Republican era,NA
24700,NA,NA,Republican era,NA
24707,NA,NA,Republican era,NA
24709,NA,NA,Republican era,NA
24716,NA,NA,Republican era,NA
24727,NA,NA,Republican era,NA
24729,NA,NA,Republican era,NA
24733,NA,NA,Republican era,NA
24743,NA,NA,Republican era,NA
24758,NA,NA,Republican era,NA
24760,NA,NA,Republican era,NA
24762,NA,NA,Republican era,NA
24767,NA,NA,Republican era,NA
24772,NA,NA,Republican era,NA
24777,NA,NA,Republican era,NA
24779,NA,NA,Republican era,NA
24783,NA,NA,Republican era,NA
24785,NA,NA,Republican era,NA
24787,NA,NA,Republican era,NA
24789,NA,NA,Republican era,NA
24792,NA,NA,Republican era,NA
24800,NA,NA,Republican era,NA
24802,NA,NA,Republican era,NA
24808,NA,NA,Republican era,NA
24810,NA,NA,Republican era,NA
24813,NA,NA,Republican era,NA
24815,NA,NA,Republican era,NA
24817,NA,NA,Republican era,NA
24820,Chinese Institute of Electrical Engineers 中國電機工程師學會,NA,Republican era,NA
24826,NA,NA,Republican era,NA
24828,NA,NA,Republican era,NA
24838,NA,NA,Republican era,NA
24840,Chinese Institute of Engineers 中華工程師學會,NA,Republican era,NA
24848,NA,NA,Republican era,NA
24850,NA,NA,Republican era,NA
24854,NA,NA,Republican era,NA
24858,NA,NA,Republican era,NA
24860,NA,NA,Republican era,NA
24869,NA,NA,Republican era,NA
24871,NA,NA,Republican era,NA
24873,NA,NA,Republican era,NA
24875,NA,NA,Republican era,NA
24877,NA,NA,Republican era,NA
24879,NA,NA,Republican era,NA
24882,NA,NA,Republican era,NA
24899,NA,NA,Republican era,NA
24905,NA,NA,Republican era,NA
24913,NA,NA,Republican era,NA
24916,Chinese Institute of Mining and Metallurgy 中國礦冶工程學會,NA,Republican era,NA
24916,Chinese Institute of Engineers 中華工程師學會,NA,Republican era,NA
24929,NA,NA,Republican era,NA
24931,NA,NA,Republican era,NA
24933,NA,NA,Republican era,NA
24935,NA,NA,Republican era,NA
24937,NA,NA,Republican era,NA
24939,NA,NA,Republican era,NA
24942,NA,NA,Republican era,NA
24944,NA,NA,Republican era,NA
24947,NA,NA,Republican era,NA
24949,NA,NA,Republican era,NA
24951,NA,NA,Republican era,NA
24953,NA,NA,Republican era,NA
24958,NA,NA,Republican era,NA
24960,NA,NA,Republican era,NA
24982,NA,NA,Republican era,NA
24992,NA,NA,Republican era,NA
24998,NA,NA,Republican era,NA
25005,NA,NA,Republican era,NA
25007,NA,NA,Republican era,NA
25011,NA,NA,Republican era,NA
25013,NA,NA,Republican era,NA
25017,NA,NA,Republican era,NA
25019,NA,NA,Republican era,NA
25022,NA,NA,Republican era,NA
25032,NA,NA,Republican era,NA
25034,NA,NA,Republican era,NA
25036,NA,NA,Republican era,NA
25039,NA,NA,Republican era,NA
25042,NA,NA,Republican era,NA
25044,NA,NA,Republican era,NA
25047,NA,NA,Republican era,NA
25052,NA,NA,Republican era,NA
25055,NA,NA,Republican era,NA
25061,NA,NA,Republican era,NA
25063,NA,NA,Republican era,NA
25072,NA,NA,Republican era,NA
25078,NA,NA,Republican era,NA
25080,NA,NA,Republican era,NA
25087,NA,NA,Republican era,NA
25089,NA,NA,Republican era,NA
25091,Chinese Institute of Mining and Metallurgy 中國礦冶工程學會,NA,Republican era,NA
25103,NA,NA,Republican era,NA
25105,NA,NA,Republican era,NA
25112,NA,NA,Republican era,NA
25114,NA,NA,Republican era,NA
25116,NA,NA,Republican era,NA
25118,NA,NA,Republican era,NA
25121,NA,NA,Republican era,NA
25125,NA,NA,Republican era,NA
25128,NA,NA,Republican era,NA
25130,China Engineering Society 中國工程學會,NA,Republican era,NA
25139,NA,NA,Republican era,NA
25146,NA,NA,Republican era,NA
25148,NA,NA,Republican era,NA
25156,NA,NA,Republican era,NA
25164,NA,NA,Republican era,NA
25166,NA,NA,Republican era,NA
25170,Chinese Institute of Electrical Engineers 中國電機工程師學會,NA,Republican era,NA
25175,NA,NA,Republican era,NA
25191,NA,NA,Republican era,NA
25193,NA,NA,Republican era,NA
25206,NA,NA,Republican era,NA
25208,NA,NA,Republican era,NA
25210,NA,NA,Republican era,NA
25214,Chinese Institute of Electrical Engineers 中國電機工程師學會,NA,Republican era,NA
25225,NA,NA,Republican era,NA
25227,NA,NA,Republican era,NA
25230,NA,NA,Republican era,NA
25232,NA,NA,Republican era,NA
25250,Chinese Institute of Mining and Metallurgy 中國礦冶工程學會,NA,Republican era,NA
25261,Chinese Institute of Engineers 中華工程師學會,NA,Republican era,NA
25279,NA,NA,Republican era,NA
25285,NA,NA,Republican era,NA
25297,NA,NA,Republican era,NA
25299,NA,NA,Republican era,NA
25301,NA,NA,Republican era,NA
25306,NA,NA,Republican era,NA
25310,NA,NA,Republican era,NA
25312,NA,NA,Republican era,NA
25326,NA,NA,Republican era,NA
25336,NA,NA,Republican era,NA
25341,NA,NA,Republican era,NA
25353,NA,NA,Republican era,NA
25363,NA,NA,Republican era,NA
25376,NA,NA,Republican era,NA
25380,NA,NA,Republican era,NA
25382,NA,NA,Republican era,NA
25386,NA,NA,Republican era,NA
25391,NA,NA,Republican era,NA
25397,NA,NA,Republican era,NA
25399,NA,NA,Republican era,NA
25401,NA,NA,Republican era,NA
25403,NA,NA,Republican era,NA
25405,NA,NA,Republican era,NA
25408,China Power Engineering Society 中國動力工程學會,NA,Republican era,NA
25408,Chinese Institute of Electrical Engineers 中國電機工程師學會,NA,Republican era,NA
25414,Chinese Institute of Electrical Engineers 中國電機工程師學會,NA,Republican era,NA
25416,NA,NA,Republican era,NA
25419,NA,NA,Republican era,NA
25421,NA,NA,Republican era,NA
25423,NA,NA,Republican era,NA
25428,Chinese Institute of Mining and Metallurgy 中國礦冶工程學會,NA,Republican era,NA
25432,NA,NA,Republican era,NA
25434,NA,NA,Republican era,NA
25438,NA,NA,Republican era,NA
25444,NA,NA,Republican era,NA
25448,NA,NA,Republican era,NA
25453,NA,NA,Republican era,NA
25460,NA,NA,Republican era,NA
25464,NA,NA,Republican era,NA
25466,NA,NA,Republican era,NA
25471,NA,NA,Republican era,NA
25475,NA,NA,Republican era,NA
25485,NA,NA,Republican era,NA
25490,NA,NA,Republican era,NA
25492,NA,NA,Republican era,NA
25495,NA,NA,Republican era,NA
25497,NA,NA,Republican era,NA
25499,NA,NA,Republican era,NA
25501,NA,NA,Republican era,NA
25503,NA,NA,Republican era,NA
25506,NA,NA,Republican era,NA
25508,NA,NA,Republican era,NA
25510,NA,NA,Republican era,NA
25527,NA,NA,Republican era,NA
25531,NA,NA,Republican era,NA
25545,NA,NA,Republican era,NA
25547,NA,NA,Republican era,NA
25550,NA,NA,Republican era,NA
25553,NA,NA,Republican era,NA
25555,NA,NA,Republican era,NA
25557,NA,NA,Republican era,NA
25559,NA,NA,Republican era,NA
25561,NA,NA,Republican era,NA
25563,NA,NA,Republican era,NA
25567,NA,NA,Republican era,NA
25569,NA,NA,Republican era,NA
25573,NA,NA,Republican era,NA
25576,NA,NA,Republican era,NA
25578,NA,NA,Republican era,NA
25581,NA,NA,Republican era,NA
25584,NA,NA,Republican era,NA
25586,NA,NA,Republican era,NA
25594,NA,NA,Republican era,NA
25596,NA,NA,Republican era,NA
25599,NA,NA,Republican era,NA
25601,NA,NA,Republican era,NA
25606,NA,NA,Republican era,NA
25607,NA,NA,Republican era,NA
25610,NA,NA,Republican era,NA
25615,NA,NA,Republican era,NA
25620,NA,NA,Republican era,NA
25623,NA,NA,Republican era,NA
25624,NA,NA,Republican era,NA
25629,NA,NA,Republican era,NA
25640,NA,NA,Republican era,NA
25644,NA,NA,Republican era,NA
25645,NA,NA,Republican era,NA
25647,NA,NA,Republican era,NA
25650,NA,NA,Republican era,NA
25651,NA,NA,Republican era,NA
25655,NA,NA,Republican era,NA
25667,NA,NA,Republican era,NA
25673,NA,NA,Republican era,NA
25675,NA,NA,Republican era,NA
25679,NA,NA,Republican era,NA
25683,NA,NA,Republican era,NA
25696,NA,NA,Republican era,NA
25698,NA,NA,Republican era,NA
25704,NA,NA,Republican era,NA
25707,NA,NA,Republican era,NA
25716,NA,NA,Republican era,NA
25718,NA,NA,Republican era,NA
25727,NA,NA,Republican era,NA
25746,NA,NA,Republican era,NA
25749,NA,NA,Republican era,NA
25751,NA,NA,Republican era,NA
25755,Chinese Institute of Engineers 中華工程師學會,NA,Republican era,NA
25759,NA,NA,Republican era,NA
25761,NA,NA,Republican era,NA
25764,NA,NA,Republican era,NA
25766,NA,NA,Republican era,NA
25769,NA,NA,Republican era,NA
25771,NA,NA,Republican era,NA
25776,NA,NA,Republican era,NA
25778,NA,NA,Republican era,NA
25780,NA,NA,Republican era,NA
25782,NA,NA,Republican era,NA
25787,NA,NA,Republican era,NA
25790,NA,NA,Republican era,NA
25793,NA,NA,Republican era,NA
25801,NA,NA,Republican era,NA
25805,NA,NA,Republican era,NA
25807,NA,NA,Republican era,NA
25809,NA,NA,Republican era,NA
25814,NA,NA,Republican era,NA
25817,NA,NA,Republican era,NA
25826,NA,NA,Republican era,NA
25829,NA,NA,Republican era,NA
25835,NA,NA,Republican era,NA
25837,NA,NA,Republican era,NA
25839,NA,NA,Republican era,NA
25841,NA,NA,Republican era,NA
25843,NA,NA,Republican era,NA
25845,NA,NA,Republican era,NA
25849,NA,NA,Republican era,NA
25851,NA,NA,Republican era,NA
25854,NA,NA,Republican era,NA
25859,NA,NA,Republican era,NA
25861,NA,NA,Republican era,NA
25863,NA,NA,Republican era,NA
25865,NA,NA,Republican era,NA
25867,NA,NA,Republican era,NA
25877,NA,NA,Republican era,NA
25879,NA,NA,Republican era,NA
25882,Chinese Institute of Mining and Metallurgy 中國礦冶工程學會,NA,Republican era,NA
25888,NA,NA,Republican era,NA
25892,NA,NA,Republican era,NA
25894,NA,NA,Republican era,NA
25896,NA,NA,Republican era,NA
25898,NA,NA,Republican era,NA
25902,NA,NA,Republican era,NA
25907,NA,NA,Republican era,NA
25909,NA,NA,Republican era,NA
25911,NA,NA,Republican era,NA
25913,NA,NA,Republican era,NA
25923,NA,NA,Republican era,NA
25932,NA,NA,Republican era,NA
25934,NA,NA,Republican era,NA
25938,NA,NA,Republican era,NA
25946,NA,NA,Republican era,NA
25963,NA,NA,Republican era,NA
25967,NA,NA,Republican era,NA
25969,NA,NA,Republican era,NA
25972,NA,NA,Republican era,NA
25977,NA,NA,Republican era,NA
25980,NA,NA,Republican era,NA
25982,NA,NA,Republican era,NA
25984,NA,NA,Republican era,NA
25989,NA,NA,Republican era,NA
25991,NA,NA,Republican era,NA
25993,NA,NA,Republican era,NA
26008,NA,NA,Republican era,NA
26010,NA,NA,Republican era,NA
26012,Chinese Institute of Mining and Metallurgy 中國礦冶工程學會,NA,Republican era,NA
26033,NA,NA,Republican era,NA
26035,NA,NA,Republican era,NA
26037,NA,NA,Republican era,NA
26039,NA,NA,Republican era,NA
26049,NA,NA,Republican era,NA
26051,NA,NA,Republican era,NA
26053,NA,NA,Republican era,NA
26056,NA,NA,Republican era,NA
26059,NA,NA,Republican era,NA
26061,NA,NA,Republican era,NA
26063,NA,NA,Republican era,NA
26068,NA,NA,Republican era,NA
26072,NA,NA,Republican era,NA
26077,NA,NA,Republican era,NA
26091,NA,NA,Republican era,NA
26097,Chinese Institute of Electrical Engineers 中國電機工程師學會,NA,Republican era,NA
26100,NA,NA,Republican era,NA
26102,NA,NA,Republican era,NA
26105,NA,NA,Republican era,NA
26107,NA,NA,Republican era,NA
26109,NA,NA,Republican era,NA
26111,NA,NA,Republican era,NA
26125,NA,NA,Republican era,NA
26127,NA,NA,Republican era,NA
26129,NA,NA,Republican era,NA
26131,NA,NA,Republican era,NA
26133,NA,NA,Republican era,NA
26135,NA,NA,Republican era,NA
26137,NA,NA,Republican era,NA
26139,Chinese Institute of Electrical Engineers 中國電機工程師學會,NA,Republican era,NA
26141,NA,NA,Republican era,NA
26145,NA,NA,Republican era,NA
26157,NA,NA,Republican era,NA
26161,NA,NA,Republican era,NA
26171,NA,NA,Republican era,NA
26177,NA,NA,Republican era,NA
26179,NA,NA,Republican era,NA
26181,NA,NA,Republican era,NA
26183,NA,NA,Republican era,NA
26194,NA,NA,Republican era,NA
26196,NA,NA,Republican era,NA
26206,Chinese Institute of Mining and Metallurgy 中國礦冶工程學會,NA,Republican era,NA
26213,NA,NA,Republican era,NA
26215,NA,NA,Republican era,NA
26221,NA,NA,Republican era,NA
26223,NA,NA,Republican era,NA
26234,NA,NA,Republican era,NA
26237,NA,NA,Republican era,NA
26239,NA,NA,Republican era,NA
26242,NA,NA,Republican era,NA
26245,NA,NA,Republican era,NA
26250,NA,NA,Republican era,NA
26254,Chinese Institute of Mining and Metallurgy 中國礦冶工程學會,NA,Republican era,NA
26256,NA,NA,Republican era,NA
26260,NA,NA,Republican era,NA
26262,NA,NA,Republican era,NA
26272,NA,NA,Republican era,NA
26274,NA,NA,Republican era,NA
26276,NA,NA,Republican era,NA
26279,Chinese Institute of Mining and Metallurgy 中國礦冶工程學會,NA,Republican era,NA
26290,Chinese Institute of Mining and Metallurgy 中國礦冶工程學會,NA,Republican era,NA
26292,NA,NA,Republican era,NA
26294,NA,NA,Republican era,NA
26307,NA,NA,Republican era,NA
26311,NA,NA,Republican era,NA
26320,Chinese Institute of Mining and Metallurgy 中國礦冶工程學會,NA,Republican era,NA
26320,Zhongguo gongchengshi xuehui Wuhan fenhui 中國工程師學會武漢分會,NA,Republican era,NA
26326,Chinese Institute of Mining and Metallurgy 中國礦冶工程學會,NA,Republican era,NA
26344,NA,NA,Republican era,NA
26347,NA,NA,Republican era,NA
26355,NA,NA,Republican era,NA
26357,NA,NA,Republican era,NA
26359,NA,NA,Republican era,NA
26360,NA,NA,Republican era,NA
26363,NA,NA,Republican era,NA
26365,NA,NA,Republican era,NA
26369,NA,NA,Republican era,NA
26374,NA,NA,Republican era,NA
26377,NA,NA,Republican era,NA
26380,NA,NA,Republican era,NA
26385,NA,NA,Republican era,NA
26387,NA,NA,Republican era,NA
26389,NA,NA,Republican era,NA
26393,NA,NA,Republican era,NA
26398,NA,NA,Republican era,NA
26403,NA,NA,Republican era,NA
26406,NA,NA,Republican era,NA
26408,NA,NA,Republican era,NA
26410,NA,NA,Republican era,NA
26413,NA,NA,Republican era,NA
26417,NA,NA,Republican era,NA
26419,NA,NA,Republican era,NA
26421,NA,NA,Republican era,NA
26423,NA,NA,Republican era,NA
26427,NA,NA,Republican era,NA
26429,China Hydraulic Engineering Society 中國水利工程學會,NA,Republican era,NA
26440,NA,NA,Republican era,NA
26450,NA,NA,Republican era,NA
26461,NA,NA,Republican era,NA
26463,NA,NA,Republican era,NA
26466,NA,NA,Republican era,NA
26472,NA,NA,Republican era,NA
26474,NA,NA,Republican era,NA
26478,China Hydraulic Engineering Society 中國水利工程學會,NA,Republican era,NA
26481,NA,NA,Republican era,NA
26483,NA,NA,Republican era,NA
26486,NA,NA,Republican era,NA
26490,NA,NA,Republican era,NA
26495,Chinese Institute of Mining and Metallurgy 中國礦冶工程學會,NA,Republican era,NA
26510,NA,NA,Republican era,NA
26513,NA,NA,Republican era,NA
26516,NA,NA,Republican era,NA
26520,NA,NA,Republican era,NA
26522,NA,NA,Republican era,NA
26524,NA,NA,Republican era,NA
26531,NA,NA,Republican era,NA
26533,NA,NA,Republican era,NA
26538,NA,NA,Republican era,NA
26541,NA,NA,Republican era,NA
26543,Chinese Institute of Engineers 中華工程師學會,NA,Republican era,NA
26545,NA,NA,Republican era,NA
26563,NA,NA,Republican era,NA
26566,NA,NA,Republican era,NA
26575,NA,NA,Republican era,NA
26586,NA,NA,Republican era,NA
26588,NA,NA,Republican era,NA
26591,NA,NA,Republican era,NA
26593,NA,NA,Republican era,NA
26595,NA,NA,Republican era,NA
26596,NA,NA,Republican era,NA
26601,NA,NA,Republican era,NA
26609,NA,NA,Republican era,NA
26611,NA,NA,Republican era,NA
26613,NA,NA,Republican era,NA
26623,NA,NA,Republican era,NA
26626,NA,NA,Republican era,NA
26630,NA,NA,Republican era,NA
26632,NA,NA,Republican era,NA
26636,NA,NA,Republican era,NA
26638,NA,NA,Republican era,NA
26641,NA,NA,Republican era,NA
26643,NA,NA,Republican era,NA
26646,NA,NA,Republican era,NA
26649,NA,NA,Republican era,NA
26653,NA,NA,Republican era,NA
26660,Chinese Institute of Mining and Metallurgy 中國礦冶工程學會,NA,Republican era,NA
26666,NA,NA,Republican era,NA
26679,NA,NA,Republican era,NA
26682,NA,NA,Republican era,NA
26693,NA,NA,Republican era,NA
26695,NA,NA,Republican era,NA
26698,Chinese Institute of Mining and Metallurgy 中國礦冶工程學會,NA,Republican era,NA
26715,NA,NA,Republican era,NA
26719,NA,NA,Republican era,NA
26721,NA,NA,Republican era,NA
26729,NA,NA,Republican era,NA
26736,NA,NA,Republican era,NA
26738,NA,NA,Republican era,NA
26760,China Hydraulic Engineering Society 中國水利工程學會,NA,Republican era,NA
26770,Chinese Institute of Engineers 中華工程師學會,NA,Republican era,NA
26772,NA,NA,Republican era,NA
26775,NA,NA,Republican era,NA
26782,NA,NA,Republican era,NA
26791,NA,NA,Republican era,NA
26793,NA,NA,Republican era,NA
26797,NA,NA,Republican era,NA
26800,China Hydraulic Engineering Society 中國水利工程學會,NA,Republican era,NA
26816,NA,NA,Republican era,NA
26829,Chinese Institute of Electrical Engineers 中國電機工程師學會,NA,Republican era,NA
26839,NA,NA,Republican era,NA
26841,NA,NA,Republican era,NA
26845,NA,NA,Republican era,NA
26854,Chinese Institute of Mining and Metallurgy 中國礦冶工程學會,NA,Republican era,NA
26855,NA,NA,Republican era,NA
26862,NA,NA,Republican era,NA
26874,NA,NA,Republican era,NA
26879,NA,NA,Republican era,NA
26883,NA,NA,Republican era,NA
26887,NA,NA,Republican era,NA
26891,NA,NA,Republican era,NA
26894,NA,NA,Republican era,NA
26906,NA,NA,Republican era,NA
26908,NA,NA,Republican era,NA
26910,NA,NA,Republican era,NA
26911,NA,NA,Republican era,NA
26915,NA,NA,Republican era,NA
26916,NA,NA,Republican era,NA
26919,NA,NA,Republican era,NA
26921,Chinese Institute of Mining and Metallurgy 中國礦冶工程學會,NA,Republican era,NA
26923,NA,NA,Republican era,NA
26925,NA,NA,Republican era,NA
26932,NA,NA,Republican era,NA
26938,NA,NA,Republican era,NA
26948,NA,NA,Republican era,NA
26951,NA,NA,Republican era,NA
26953,NA,NA,Republican era,NA
26957,NA,NA,Republican era,NA
26960,NA,NA,Republican era,NA
26972,NA,NA,Republican era,NA
26985,NA,NA,Republican era,NA
26990,NA,NA,Republican era,NA
26995,NA,NA,Republican era,NA
26997,NA,NA,Republican era,NA
27001,NA,NA,Republican era,NA
27002,NA,NA,Republican era,NA
27005,NA,NA,Republican era,NA
27006,NA,NA,Republican era,NA
27012,NA,NA,Republican era,NA
27017,NA,NA,Republican era,NA
27020,NA,NA,Republican era,NA
27024,NA,NA,Republican era,NA
27027,NA,NA,Republican era,NA
27033,NA,NA,Republican era,NA
27037,NA,NA,Republican era,NA
27039,NA,NA,Republican era,NA
27040,NA,NA,Republican era,NA
27047,NA,NA,Republican era,NA
27051,NA,NA,Republican era,NA
27054,NA,NA,Republican era,NA
27057,NA,NA,Republican era,NA
27070,Chinese Institute of Mining and Metallurgy 中國礦冶工程學會,NA,Republican era,NA
27073,NA,NA,Republican era,NA
27085,NA,NA,Republican era,NA
27087,NA,NA,Republican era,NA
27089,NA,NA,Republican era,NA
27094,NA,NA,Republican era,NA
27096,NA,NA,Republican era,NA
27102,NA,NA,Republican era,NA
27107,NA,NA,Republican era,NA
27108,NA,NA,Republican era,NA
27112,NA,NA,Republican era,NA
27114,NA,NA,Republican era,NA
27115,NA,NA,Republican era,NA
27121,NA,NA,Republican era,NA
27133,NA,NA,Republican era,NA
27136,NA,NA,Republican era,NA
27144,NA,NA,Republican era,NA
27153,NA,NA,Republican era,NA
27157,NA,NA,Republican era,NA
27160,NA,NA,Republican era,NA
27169,NA,NA,Republican era,NA
27171,NA,NA,Republican era,NA
27173,China Power Engineering Society 中國動力工程學會,NA,Republican era,NA
27176,NA,NA,Republican era,NA
27179,NA,NA,Republican era,NA
27183,NA,NA,Republican era,NA
27185,NA,NA,Republican era,NA
27196,NA,NA,Republican era,NA
27206,NA,NA,Republican era,NA
27214,NA,NA,Republican era,NA
27220,NA,NA,Republican era,NA
27222,NA,NA,Republican era,NA
27224,NA,NA,Republican era,NA
27228,NA,NA,Republican era,NA
27234,NA,NA,Republican era,NA
27237,NA,NA,Republican era,NA
27240,NA,NA,Republican era,NA
27242,NA,NA,Republican era,NA
27246,NA,NA,Republican era,NA
27248,NA,NA,Republican era,NA
27257,NA,NA,Republican era,NA
27259,NA,NA,Republican era,NA
27263,NA,NA,Republican era,NA
27265,NA,NA,Republican era,NA
27268,NA,NA,Republican era,NA
27275,NA,NA,Republican era,NA
27278,NA,NA,Republican era,NA
27280,Chinese Institute of Electrical Engineers 中國電機工程師學會,NA,Republican era,NA
27283,NA,NA,Republican era,NA
27287,NA,NA,Republican era,NA
27289,NA,NA,Republican era,NA
27292,NA,NA,Republican era,NA
27294,NA,NA,Republican era,NA
27296,NA,NA,Republican era,NA
27300,NA,NA,Republican era,NA
27309,NA,NA,Republican era,NA
27312,NA,NA,Republican era,NA
27314,NA,NA,Republican era,NA
27316,NA,NA,Republican era,NA
27318,NA,NA,Republican era,NA
27326,NA,NA,Republican era,NA
27328,NA,NA,Republican era,NA
27330,NA,NA,Republican era,NA
27332,NA,NA,Republican era,NA
27334,NA,NA,Republican era,NA
27336,NA,NA,Republican era,NA
27338,NA,NA,Republican era,NA
27341,NA,NA,Republican era,NA
27343,NA,NA,Republican era,NA
27345,NA,NA,Republican era,NA
27348,NA,NA,Republican era,NA
27353,NA,NA,Republican era,NA
27355,NA,NA,Republican era,NA
27358,NA,NA,Republican era,NA
27361,NA,NA,Republican era,NA
27363,NA,NA,Republican era,NA
27378,NA,NA,Republican era,NA
27386,NA,NA,Republican era,NA
27396,NA,NA,Republican era,NA
27399,NA,NA,Republican era,NA
27414,Chinese Institute of Electrical Engineers 中國電機工程師學會,NA,Republican era,NA
27422,NA,NA,Republican era,NA
27426,NA,NA,Republican era,NA
27432,NA,NA,Republican era,NA
27435,NA,NA,Republican era,NA
27440,NA,NA,Republican era,NA
27446,NA,NA,Republican era,NA
27448,NA,NA,Republican era,NA
27457,NA,NA,Republican era,NA
27460,NA,NA,Republican era,NA
27462,NA,NA,Republican era,NA
27469,NA,NA,Republican era,NA
27471,NA,NA,Republican era,NA
27473,NA,NA,Republican era,NA
27486,NA,NA,Republican era,NA
27490,NA,NA,Republican era,NA
27494,NA,NA,Republican era,NA
27496,NA,NA,Republican era,NA
27498,NA,NA,Republican era,NA
27502,NA,NA,Republican era,NA
27504,NA,NA,Republican era,NA
27506,NA,NA,Republican era,NA
27523,NA,NA,Republican era,NA
27527,NA,NA,Republican era,NA
27529,NA,NA,Republican era,NA
27532,NA,NA,Republican era,NA
27534,NA,NA,Republican era,NA
27536,NA,NA,Republican era,NA
27539,NA,NA,Republican era,NA
27541,NA,NA,Republican era,NA
27543,NA,NA,Republican era,NA
27548,NA,NA,Republican era,NA
27553,NA,NA,Republican era,NA
27555,NA,NA,Republican era,NA
27557,NA,NA,Republican era,NA
27559,NA,NA,Republican era,NA
27562,NA,NA,Republican era,NA
27564,NA,NA,Republican era,NA
27566,NA,NA,Republican era,NA
27568,NA,NA,Republican era,NA
27571,NA,NA,Republican era,NA
27575,NA,NA,Republican era,NA
27579,NA,NA,Republican era,NA
27583,NA,NA,Republican era,NA
27585,NA,NA,Republican era,NA
27593,NA,NA,Republican era,NA
27605,NA,NA,Republican era,NA
27608,NA,NA,Republican era,NA
27612,NA,NA,Republican era,NA
27616,NA,NA,Republican era,NA
27619,NA,NA,Republican era,NA
27622,NA,NA,Republican era,NA
27625,NA,NA,Republican era,NA
27627,NA,NA,Republican era,NA
27629,NA,NA,Republican era,NA
27631,NA,NA,Republican era,NA
27634,NA,NA,Republican era,NA
27637,NA,NA,Republican era,NA
27644,Chinese Institute of Mining and Metallurgy 中國礦冶工程學會,NA,Republican era,NA
27655,NA,NA,Republican era,NA
27657,NA,NA,Republican era,NA
27660,NA,NA,Republican era,NA
27664,NA,NA,Republican era,NA
27666,NA,NA,Republican era,NA
27668,NA,NA,Republican era,NA
27671,NA,NA,Republican era,NA
27673,NA,NA,Republican era,NA
27675,NA,NA,Republican era,NA
27677,NA,NA,Republican era,NA
27679,NA,NA,Republican era,NA
27682,NA,NA,Republican era,NA
27686,NA,NA,Republican era,NA
27688,NA,NA,Republican era,NA
27693,NA,NA,Republican era,NA
27696,NA,NA,Republican era,NA
27698,NA,NA,Republican era,NA
27700,NA,NA,Republican era,NA
27703,NA,NA,Republican era,NA
27706,NA,NA,Republican era,NA
27709,NA,NA,Republican era,NA
27715,NA,NA,Republican era,NA
27728,NA,NA,Republican era,NA
27735,NA,NA,Republican era,NA
27737,NA,NA,Republican era,NA
27739,NA,NA,Republican era,NA
27741,NA,NA,Republican era,NA
27743,NA,NA,Republican era,NA
27745,NA,NA,Republican era,NA
27747,NA,NA,Republican era,NA
27750,NA,NA,Republican era,NA
27754,NA,NA,Republican era,NA
27756,NA,NA,Republican era,NA
27761,NA,NA,Republican era,NA
27763,NA,NA,Republican era,NA
27767,NA,NA,Republican era,NA
27784,NA,NA,Republican era,NA
27786,NA,NA,Republican era,NA
27792,NA,NA,Republican era,NA
27794,NA,NA,Republican era,NA
27798,NA,NA,Republican era,NA
27814,NA,NA,Republican era,NA
27816,NA,NA,Republican era,NA
27818,NA,NA,Republican era,NA
27821,NA,NA,Republican era,NA
27826,NA,NA,Republican era,NA
27828,NA,NA,Republican era,NA
27830,NA,NA,Republican era,NA
27832,NA,NA,Republican era,NA
27839,NA,NA,Republican era,NA
27841,NA,NA,Republican era,NA
27851,NA,NA,Republican era,NA
27853,NA,NA,Republican era,NA
27855,NA,NA,Republican era,NA
27857,NA,NA,Republican era,NA
27871,NA,NA,Republican era,NA
27873,NA,NA,Republican era,NA
27875,NA,NA,Republican era,NA
27877,NA,NA,Republican era,NA
27884,NA,NA,Republican era,NA
27887,NA,NA,Republican era,NA
27889,NA,NA,Republican era,NA
27891,NA,NA,Republican era,NA
27905,NA,NA,Republican era,NA
27910,NA,NA,Republican era,NA
27912,NA,NA,Republican era,NA
27914,NA,NA,Republican era,NA
27920,Chinese Institute of Engineers 中華工程師學會,NA,Republican era,NA
27931,Chinese Institute of Mining and Metallurgy 中國礦冶工程學會,NA,Republican era,NA
27940,NA,NA,Republican era,NA
27942,NA,NA,Republican era,NA
27952,NA,NA,Republican era,NA
27954,NA,NA,Republican era,NA
27958,NA,NA,Republican era,NA
27961,NA,NA,Republican era,NA
27965,NA,NA,Republican era,NA
27975,NA,NA,Republican era,NA
27980,NA,NA,Republican era,NA
27983,NA,NA,Republican era,NA
27985,NA,NA,Republican era,NA
27991,NA,NA,Republican era,NA
27993,NA,NA,Republican era,NA
27996,NA,NA,Republican era,NA
28000,NA,NA,Republican era,NA
28004,NA,NA,Republican era,NA
28006,NA,NA,Republican era,NA
28008,NA,NA,Republican era,NA
28010,NA,NA,Republican era,NA
28019,NA,NA,Republican era,NA
28021,NA,NA,Republican era,NA
28023,NA,NA,Republican era,NA
28027,NA,NA,Republican era,NA
28031,NA,NA,Republican era,NA
28036,NA,NA,Republican era,NA
28038,NA,NA,Republican era,NA
28053,NA,NA,Republican era,NA
28056,NA,NA,Republican era,NA
28059,NA,NA,Republican era,NA
28063,NA,NA,Republican era,NA
28066,NA,NA,Republican era,NA
28069,NA,NA,Republican era,NA
28074,NA,NA,Republican era,NA
28076,NA,NA,Republican era,NA
28078,NA,NA,Republican era,NA
28080,NA,NA,Republican era,NA
28085,NA,NA,Republican era,NA
28088,NA,NA,Republican era,NA
28095,NA,NA,Republican era,NA
28100,NA,NA,Republican era,NA
28107,NA,NA,Republican era,NA
28110,NA,NA,Republican era,NA
28113,NA,NA,Republican era,NA
28118,NA,NA,Republican era,NA
28120,NA,NA,Republican era,NA
28126,NA,NA,Republican era,NA
28129,NA,NA,Republican era,NA
28130,NA,NA,Republican era,NA
28133,NA,NA,Republican era,NA
28139,NA,NA,Republican era,NA
28144,NA,NA,Republican era,NA
28151,NA,NA,Republican era,NA
28153,NA,NA,Republican era,NA
28156,Zhongguo gongchengshi xuehui Wuhan fenhui 中國工程師學會武漢分會,NA,Republican era,NA
28173,NA,NA,Republican era,NA
28180,NA,NA,Republican era,NA
28185,NA,NA,Republican era,NA
28192,NA,NA,Republican era,NA
28196,NA,NA,Republican era,NA
28216,Chinese Institute of Mining and Metallurgy 中國礦冶工程學會,NA,Republican era,NA
28224,NA,NA,Republican era,NA
28235,NA,NA,Republican era,NA
28238,NA,NA,Republican era,NA
28240,NA,NA,Republican era,NA
28244,NA,NA,Republican era,NA
28249,NA,NA,Republican era,NA
28252,NA,NA,Republican era,NA
28258,NA,NA,Republican era,NA
28262,NA,NA,Republican era,NA
28265,NA,NA,Republican era,NA
28268,NA,NA,Republican era,NA
28271,NA,NA,Republican era,NA
28273,China Engineering Society 中國工程學會,NA,Republican era,NA
28289,Chinese Institute of Electrical Engineers 中國電機工程師學會,NA,Republican era,NA
28291,NA,NA,Republican era,NA
28296,NA,NA,Republican era,NA
28298,NA,NA,Republican era,NA
28300,NA,NA,Republican era,NA
28304,NA,NA,Republican era,NA
28308,NA,NA,Republican era,NA
28310,NA,NA,Republican era,NA
28317,NA,NA,Republican era,NA
28329,Chinese Institute of Engineers 中華工程師學會,NA,Republican era,NA
28330,NA,NA,Republican era,NA
28339,NA,NA,Republican era,NA
28346,NA,NA,Republican era,NA
28361,NA,NA,Republican era,NA
28365,NA,NA,Republican era,NA
28367,NA,NA,Republican era,NA
28372,Chinese Institute of Engineers 中華工程師學會,NA,Republican era,NA
28386,NA,NA,Republican era,NA
28388,NA,NA,Republican era,NA
28391,Chinese Institute of Mining and Metallurgy 中國礦冶工程學會,NA,Republican era,NA
28394,NA,NA,Republican era,NA
28396,NA,NA,Republican era,NA
28398,NA,NA,Republican era,NA
28401,NA,NA,Republican era,NA
28406,NA,NA,Republican era,NA
28411,NA,NA,Republican era,NA
28419,NA,NA,Republican era,NA
28423,NA,NA,Republican era,NA
28429,NA,NA,Republican era,NA
28432,Chinese Institute of Mining and Metallurgy 中國礦冶工程學會,NA,Republican era,NA
28438,NA,NA,Republican era,NA
28455,NA,NA,Republican era,NA
28458,NA,NA,Republican era,NA
28462,NA,NA,Republican era,NA
28469,NA,NA,Republican era,NA
28472,NA,NA,Republican era,NA
28473,NA,NA,Republican era,NA
28476,NA,NA,Republican era,NA
28485,China Power Engineering Society 中國動力工程學會,NA,Republican era,NA
28485,Chinese Institute of Electrical Engineers 中國電機工程師學會,NA,Republican era,NA
28502,NA,NA,Republican era,NA
28504,NA,NA,Republican era,NA
28507,NA,NA,Republican era,NA
28509,NA,NA,Republican era,NA
28511,Chinese Institute of Engineers 中華工程師學會,NA,Republican era,NA
28515,NA,NA,Republican era,NA
28518,NA,NA,Republican era,NA
28520,NA,NA,Republican era,NA
28522,NA,NA,Republican era,NA
28524,NA,NA,Republican era,NA
28526,NA,NA,Republican era,NA
28528,NA,NA,Republican era,NA
28538,NA,NA,Republican era,NA
28542,NA,NA,Republican era,NA
28544,NA,NA,Republican era,NA
28554,NA,NA,Republican era,NA
28556,NA,NA,Republican era,NA
28558,NA,NA,Republican era,NA
28560,NA,NA,Republican era,NA
28562,NA,NA,Republican era,NA
28564,Chinese Institute of Mining and Metallurgy 中國礦冶工程學會,NA,Republican era,NA
28564,Chinese Institute of Engineers 中華工程師學會,NA,Republican era,NA
28577,NA,NA,Republican era,NA
28582,NA,NA,Republican era,NA
28587,NA,NA,Republican era,NA
28589,NA,NA,Republican era,NA
28591,NA,NA,Republican era,NA
28595,NA,NA,Republican era,NA
28597,NA,NA,Republican era,NA
28603,NA,NA,Republican era,NA
28616,China Hydraulic Engineering Society 中國水利工程學會,NA,Republican era,NA
28619,NA,NA,Republican era,NA
28621,NA,NA,Republican era,NA
28623,NA,NA,Republican era,NA
28636,NA,NA,Republican era,NA
28638,NA,NA,Republican era,NA
28651,NA,NA,Republican era,NA
28654,NA,NA,Republican era,NA
28662,NA,NA,Republican era,NA
28664,Zhongguo gongchengshi xuehui Wuhan fenhui 中國工程師學會武漢分會,NA,Republican era,NA
28681,NA,NA,Republican era,NA
28686,NA,NA,Republican era,NA
28692,Chinese Institute of Mining and Metallurgy 中國礦冶工程學會,NA,Republican era,NA
28701,NA,NA,Republican era,NA
28703,NA,NA,Republican era,NA
28711,NA,NA,Republican era,NA
28714,NA,NA,Republican era,NA
28716,NA,NA,Republican era,NA
28719,NA,NA,Republican era,NA
28727,NA,NA,Republican era,NA
28729,NA,NA,Republican era,NA
28745,NA,NA,Republican era,NA
28747,China Hydraulic Engineering Society 中國水利工程學會,NA,Republican era,NA
28757,NA,NA,Republican era,NA
28760,NA,NA,Republican era,NA
28770,NA,NA,Republican era,NA
28772,NA,NA,Republican era,NA
28774,NA,NA,Republican era,NA
28776,NA,NA,Republican era,NA
28782,NA,NA,Republican era,NA
28788,NA,NA,Republican era,NA
28790,NA,NA,Republican era,NA
28793,NA,NA,Republican era,NA
28796,NA,NA,Republican era,NA
28800,NA,NA,Republican era,NA
28802,NA,NA,Republican era,NA
28805,NA,NA,Republican era,NA
28808,NA,NA,Republican era,NA
28810,NA,NA,Republican era,NA
28813,Chinese Institute of Mining and Metallurgy 中國礦冶工程學會,NA,Republican era,NA
28825,NA,NA,Republican era,NA
28829,NA,NA,Republican era,NA
28833,NA,NA,Republican era,NA
28836,NA,NA,Republican era,NA
28840,NA,NA,Republican era,NA
28842,NA,NA,Republican era,NA
28846,NA,NA,Republican era,NA
28848,NA,NA,Republican era,NA
28851,NA,NA,Republican era,NA
28853,NA,NA,Republican era,NA
28856,NA,NA,Republican era,NA
28863,NA,NA,Republican era,NA
28867,NA,NA,Republican era,NA
28869,NA,NA,Republican era,NA
28873,NA,NA,Republican era,NA
28875,NA,NA,Republican era,NA
28879,NA,NA,Republican era,NA
28882,NA,NA,Republican era,NA
28884,NA,NA,Republican era,NA
28886,NA,NA,Republican era,NA
28888,NA,NA,Republican era,NA
28890,NA,NA,Republican era,NA
28892,NA,NA,Republican era,NA
28894,Chinese Institute of Engineers 中華工程師學會,NA,Republican era,NA
28903,NA,NA,Republican era,NA
28905,NA,NA,Republican era,NA
28909,NA,NA,Republican era,NA
28921,NA,NA,Republican era,NA
28923,NA,NA,Republican era,NA
28926,NA,NA,Republican era,NA
28930,NA,NA,Republican era,NA
28934,NA,NA,Republican era,NA
28938,NA,NA,Republican era,NA
28942,NA,NA,Republican era,NA
28946,NA,NA,Republican era,NA
28948,NA,NA,Republican era,NA
28950,NA,NA,Republican era,NA
28952,NA,NA,Republican era,NA
28954,NA,NA,Republican era,NA
28956,NA,NA,Republican era,NA
28958,NA,NA,Republican era,NA
28967,NA,NA,Republican era,NA
28969,NA,NA,Republican era,NA
28972,NA,NA,Republican era,NA
28974,NA,NA,Republican era,NA
28976,NA,NA,Republican era,NA
28982,NA,NA,Republican era,NA
28993,NA,NA,Republican era,NA
28997,NA,NA,Republican era,NA
28999,NA,NA,Republican era,NA
29002,NA,NA,Republican era,NA
29005,NA,NA,Republican era,NA
29007,NA,NA,Republican era,NA
29010,NA,NA,Republican era,NA
29014,NA,NA,Republican era,NA
29018,NA,NA,Republican era,NA
29020,NA,NA,Republican era,NA
29024,NA,NA,Republican era,NA
29037,NA,NA,Republican era,NA
29041,NA,NA,Republican era,NA
29043,NA,NA,Republican era,NA
29046,NA,NA,Republican era,NA
29048,NA,NA,Republican era,NA
29050,NA,NA,Republican era,NA
29052,NA,NA,Republican era,NA
29054,NA,NA,Republican era,NA
29056,Chinese Institute of Mining and Metallurgy 中國礦冶工程學會,NA,Republican era,NA
29062,NA,NA,Republican era,NA
29064,Chinese Institute of Mining and Metallurgy 中國礦冶工程學會,NA,Republican era,NA
29077,NA,NA,Republican era,NA
29079,Zhongguo gongchengshi xuehui Wuhan fenhui 中國工程師學會武漢分會,NA,Republican era,NA
29103,NA,NA,Republican era,NA
29116,NA,NA,Republican era,NA
29119,NA,NA,Republican era,NA
29129,NA,NA,Republican era,NA
29136,NA,NA,Republican era,NA
29138,NA,NA,Republican era,NA
29141,NA,NA,Republican era,NA
29144,NA,NA,Republican era,NA
29146,NA,NA,Republican era,NA
29148,NA,NA,Republican era,NA
29150,NA,NA,Republican era,NA
29152,NA,NA,Republican era,NA
29154,NA,NA,Republican era,NA
29157,NA,NA,Republican era,NA
29159,NA,NA,Republican era,NA
29166,NA,NA,Republican era,NA
29168,NA,NA,Republican era,NA
29170,NA,NA,Republican era,NA
29178,NA,NA,Republican era,NA
29181,NA,NA,Republican era,NA
29185,Chinese Institute of Electrical Engineers 中國電機工程師學會,NA,Republican era,NA
29196,NA,NA,Republican era,NA
29198,NA,NA,Republican era,NA
29202,NA,NA,Republican era,NA
29204,NA,NA,Republican era,NA
29206,NA,NA,Republican era,NA
29210,NA,NA,Republican era,NA
29212,China Hydraulic Engineering Society 中國水利工程學會,NA,Republican era,NA
29218,NA,NA,Republican era,NA
29228,NA,NA,Republican era,NA
29237,NA,NA,Republican era,NA
29239,NA,NA,Republican era,NA
29243,NA,NA,Republican era,NA
29245,NA,NA,Republican era,NA
29247,NA,NA,Republican era,NA
29257,NA,NA,Republican era,NA
29266,NA,NA,Republican era,NA
29268,NA,NA,Republican era,NA
29270,China Power Engineering Society 中國動力工程學會,NA,Republican era,NA
29274,NA,NA,Republican era,NA
29276,NA,NA,Republican era,NA
29279,NA,NA,Republican era,NA
29287,NA,NA,Republican era,NA
29294,NA,NA,Republican era,NA
29296,NA,NA,Republican era,NA
29302,NA,NA,Republican era,NA
29315,NA,NA,Republican era,NA
29319,NA,NA,Republican era,NA
29321,NA,NA,Republican era,NA
29328,NA,NA,Republican era,NA
29346,NA,NA,Republican era,NA
29348,NA,NA,Republican era,NA
29350,NA,NA,Republican era,NA
29352,NA,NA,Republican era,NA
29370,NA,NA,Republican era,NA
29376,NA,NA,Republican era,NA
29378,Chinese Institute of Mining and Metallurgy 中國礦冶工程學會,NA,Republican era,NA
29378,American Institute of Mining Engineers,NA,Republican era,NA
29378,Association of Chinese and American Engineers,NA,Republican era,NA
29388,NA,NA,Republican era,NA
29390,NA,NA,Republican era,NA
29393,NA,NA,Republican era,NA
29395,NA,NA,Republican era,NA
29401,NA,NA,Republican era,NA
29403,Zhongguo gongchengshi xuehui Wuhan fenhui 中國工程師學會武漢分會,NA,Republican era,NA
29411,NA,NA,Republican era,NA
29414,Chinese Institute of Electrical Engineers 中國電機工程師學會,NA,Republican era,NA
29416,NA,NA,Republican era,NA
29419,NA,NA,Republican era,NA
29424,NA,NA,Republican era,NA
29426,Chinese Institute of Mining and Metallurgy 中國礦冶工程學會,NA,Republican era,NA
29436,NA,NA,Republican era,NA
29438,NA,NA,Republican era,NA
29441,NA,NA,Republican era,NA
29443,NA,NA,Republican era,NA
29457,NA,NA,Republican era,NA
29459,NA,NA,Republican era,NA
29461,NA,NA,Republican era,NA
29464,Chinese Institute of Mining and Metallurgy 中國礦冶工程學會,NA,Republican era,NA
29484,NA,NA,Republican era,NA
29488,NA,NA,Republican era,NA
29491,NA,NA,Republican era,NA
29493,NA,NA,Republican era,NA
29496,Chinese Institute of Electrical Engineers 中國電機工程師學會,NA,Republican era,NA
29501,NA,NA,Republican era,NA
29503,NA,NA,Republican era,NA
29506,NA,NA,Republican era,NA
29515,NA,NA,Republican era,NA
29517,NA,NA,Republican era,NA
29521,NA,NA,Republican era,NA
29523,NA,NA,Republican era,NA
29525,NA,NA,Republican era,NA
29527,NA,NA,Republican era,NA
29535,NA,NA,Republican era,NA
29537,NA,NA,Republican era,NA
29544,NA,NA,Republican era,NA
29547,NA,NA,Republican era,NA
29550,NA,NA,Republican era,NA
29552,NA,NA,Republican era,NA
29564,NA,NA,Republican era,NA
29566,NA,NA,Republican era,NA
29568,NA,NA,Republican era,NA
29570,NA,NA,Republican era,NA
29575,NA,NA,Republican era,NA
29578,NA,NA,Republican era,NA
29585,NA,NA,Republican era,NA
29590,NA,NA,Republican era,NA
29592,NA,NA,Republican era,NA
29595,Chinese Institute of Electrical Engineers 中國電機工程師學會,NA,Republican era,NA
29600,NA,NA,Republican era,NA
29602,NA,NA,Republican era,NA
29607,NA,NA,Republican era,NA
29609,NA,NA,Republican era,NA
29611,NA,NA,Republican era,NA
29615,NA,NA,Republican era,NA
29620,NA,NA,Republican era,NA
29624,NA,NA,Republican era,NA
29626,NA,NA,Republican era,NA
29628,Chinese Institute of Electrical Engineers 中國電機工程師學會,NA,Republican era,NA
29631,NA,NA,Republican era,NA
29640,NA,NA,Republican era,NA
29644,NA,NA,Republican era,NA
29646,NA,NA,Republican era,NA
29648,NA,NA,Republican era,NA
29653,NA,NA,Republican era,NA
29655,NA,NA,Republican era,NA
29659,NA,NA,Republican era,NA
29662,NA,NA,Republican era,NA
29665,NA,NA,Republican era,NA
29669,NA,NA,Republican era,NA
29674,Chinese Institute of Mining and Metallurgy 中國礦冶工程學會,NA,Republican era,NA
29688,NA,NA,Republican era,NA
29692,NA,NA,Republican era,NA
29695,NA,NA,Republican era,NA
29697,NA,NA,Republican era,NA
29700,NA,NA,Republican era,NA
29702,Chinese Institute of Electrical Engineers 中國電機工程師學會,NA,Republican era,NA
29705,NA,NA,Republican era,NA
29707,NA,NA,Republican era,NA
29709,Chinese Institute of Mining and Metallurgy 中國礦冶工程學會,NA,Republican era,NA
29715,NA,NA,Republican era,NA
29717,NA,NA,Republican era,NA
29722,NA,NA,Republican era,NA
29724,NA,NA,Republican era,NA
29727,NA,NA,Republican era,NA
29729,NA,NA,Republican era,NA
29732,NA,NA,Republican era,NA
29734,NA,NA,Republican era,NA
29750,NA,NA,Republican era,NA
29753,NA,NA,Republican era,NA
29755,NA,NA,Republican era,NA
29757,NA,NA,Republican era,NA
29759,NA,NA,Republican era,NA
29765,NA,NA,Republican era,NA
29772,NA,NA,Republican era,NA
29774,NA,NA,Republican era,NA
29779,NA,NA,Republican era,NA
29795,Chinese Institute of Electrical Engineers 中國電機工程師學會,NA,Republican era,NA
29801,NA,NA,Republican era,NA
29809,NA,NA,Republican era,NA
29812,NA,NA,Republican era,NA
29816,Chinese Institute of Electrical Engineers 中國電機工程師學會,NA,Republican era,NA
29821,NA,NA,Republican era,NA
29826,NA,NA,Republican era,NA
29828,China Power Engineering Society 中國動力工程學會,NA,Republican era,NA
29828,Chinese Institute of Electrical Engineers 中國電機工程師學會,NA,Republican era,NA
29831,NA,NA,Republican era,NA
29833,NA,NA,Republican era,NA
29839,Chinese Institute of Engineers 中華工程師學會,NA,Republican era,NA
29846,NA,NA,Republican era,NA
29848,NA,NA,Republican era,NA
29850,NA,NA,Republican era,NA
29852,NA,NA,Republican era,NA
29856,NA,NA,Republican era,NA
29860,NA,NA,Republican era,NA
29864,NA,NA,Republican era,NA
29876,NA,NA,Republican era,NA
29878,NA,NA,Republican era,NA
29880,NA,NA,Republican era,NA
29890,NA,NA,Republican era,NA
29893,NA,NA,Republican era,NA
29902,NA,NA,Republican era,NA
29909,NA,NA,Republican era,NA
29911,NA,NA,Republican era,NA
29922,NA,NA,Republican era,NA
29924,NA,NA,Republican era,NA
29926,NA,NA,Republican era,NA
29934,NA,NA,Republican era,NA
29941,NA,NA,Republican era,NA
29946,NA,NA,Republican era,NA
29951,NA,NA,Republican era,NA
29953,NA,NA,Republican era,NA
29957,NA,NA,Republican era,NA
29959,NA,NA,Republican era,NA
29969,NA,NA,Republican era,NA
29971,NA,NA,Republican era,NA
29975,NA,NA,Republican era,NA
29978,NA,NA,Republican era,NA
29980,NA,NA,Republican era,NA
29987,NA,NA,Republican era,NA
29991,NA,NA,Republican era,NA
29995,NA,NA,Republican era,NA
30004,NA,NA,Republican era,NA
30007,NA,NA,Republican era,NA
30009,NA,NA,Republican era,NA
30011,NA,NA,Republican era,NA
30026,NA,NA,Republican era,NA
30043,NA,NA,Republican era,NA
30052,NA,NA,Republican era,NA
30057,Chinese Institute of Mining and Metallurgy 中國礦冶工程學會,NA,Republican era,NA
30062,NA,NA,Republican era,NA
30064,NA,NA,Republican era,NA
30068,NA,NA,Republican era,NA
30070,NA,NA,Republican era,NA
30073,NA,NA,Republican era,NA
30079,NA,NA,Republican era,NA
30081,NA,NA,Republican era,NA
30089,NA,NA,Republican era,NA
30091,NA,NA,Republican era,NA
30093,NA,NA,Republican era,NA
30097,NA,NA,Republican era,NA
30101,NA,NA,Republican era,NA
30103,NA,NA,Republican era,NA
30111,NA,NA,Republican era,NA
30114,NA,NA,Republican era,NA
30117,NA,NA,Republican era,NA
30120,NA,NA,Republican era,NA
30131,NA,NA,Republican era,NA
30134,NA,NA,Republican era,NA
30137,NA,NA,Republican era,NA
30141,NA,NA,Republican era,NA
30143,NA,NA,Republican era,NA
30148,NA,NA,Republican era,NA
30151,Chinese Institute of Mining and Metallurgy 中國礦冶工程學會,NA,Republican era,NA
30163,NA,NA,Republican era,NA
30169,NA,NA,Republican era,NA
30171,NA,NA,Republican era,NA
30173,NA,NA,Republican era,NA
30180,NA,NA,Republican era,NA
30182,NA,NA,Republican era,NA
30186,NA,NA,Republican era,NA
30189,NA,NA,Republican era,NA
30191,NA,NA,Republican era,NA
30200,NA,NA,Republican era,NA
30203,NA,NA,Republican era,NA
30213,NA,NA,Republican era,NA
30218,NA,NA,Republican era,NA
30220,NA,NA,Republican era,NA
30222,NA,NA,Republican era,NA
30230,NA,NA,Republican era,NA
30234,NA,NA,Republican era,NA
30236,NA,NA,Republican era,NA
30238,NA,NA,Republican era,NA
30253,Chinese Institute of Electrical Engineers 中國電機工程師學會,NA,Republican era,NA
30260,Chinese Institute of Mining and Metallurgy 中國礦冶工程學會,NA,Republican era,NA
30273,NA,NA,Republican era,NA
30276,NA,NA,Republican era,NA
30278,NA,NA,Republican era,NA
30281,NA,NA,Republican era,NA
30285,NA,NA,Republican era,NA
30289,Chinese Institute of Electrical Engineers 中國電機工程師學會,NA,Republican era,NA
30303,NA,NA,Republican era,NA
30307,Chinese Institute of Mining and Metallurgy 中國礦冶工程學會,NA,Republican era,NA
30312,NA,NA,Republican era,NA
30317,NA,NA,Republican era,NA
30319,NA,NA,Republican era,NA
30321,NA,NA,Republican era,NA
30324,NA,NA,Republican era,NA
30328,NA,NA,Republican era,NA
30331,NA,NA,Republican era,NA
30333,NA,NA,Republican era,NA
30335,NA,NA,Republican era,NA
30338,NA,NA,Republican era,NA
30341,NA,NA,Republican era,NA
30343,NA,NA,Republican era,NA
30345,NA,NA,Republican era,NA
30350,NA,NA,Republican era,NA
30352,NA,NA,Republican era,NA
30354,NA,NA,Republican era,NA
30357,NA,NA,Republican era,NA
30364,NA,NA,Republican era,NA
30366,NA,NA,Republican era,NA
30369,NA,NA,Republican era,NA
30377,NA,NA,Republican era,NA
30379,NA,NA,Republican era,NA
30381,NA,NA,Republican era,NA
30390,NA,NA,Republican era,NA
30392,NA,NA,Republican era,NA
30394,Chinese Institute of Electrical Engineers 中國電機工程師學會,NA,Republican era,NA
30396,NA,NA,Republican era,NA
30419,NA,NA,Republican era,NA
30421,NA,NA,Republican era,NA
30423,NA,NA,Republican era,NA
30426,NA,NA,Republican era,NA
30433,NA,NA,Republican era,NA
30435,NA,NA,Republican era,NA
30443,NA,NA,Republican era,NA
30449,NA,NA,Republican era,NA
30458,NA,NA,Republican era,NA
30460,Chinese Institute of Electrical Engineers 中國電機工程師學會,NA,Republican era,NA
30466,NA,NA,Republican era,NA
30468,NA,NA,Republican era,NA
30471,NA,NA,Republican era,NA
30477,NA,NA,Republican era,NA
30480,Chinese Institute of Mining and Metallurgy 中國礦冶工程學會,NA,Republican era,NA
30486,NA,NA,Republican era,NA
30494,NA,NA,Republican era,NA
30498,NA,NA,Republican era,NA
30502,NA,NA,Republican era,NA
30508,NA,NA,Republican era,NA
30512,NA,NA,Republican era,NA
30514,NA,NA,Republican era,NA
30517,NA,NA,Republican era,NA
30521,NA,NA,Republican era,NA
30523,NA,NA,Republican era,NA
30525,NA,NA,Republican era,NA
30527,NA,NA,Republican era,NA
30529,NA,NA,Republican era,NA
30531,NA,NA,Republican era,NA
30533,NA,NA,Republican era,NA
30538,NA,NA,Republican era,NA
30540,NA,NA,Republican era,NA
30542,NA,NA,Republican era,NA
30552,NA,NA,Republican era,NA
30555,NA,NA,Republican era,NA
30557,NA,NA,Republican era,NA
30559,NA,NA,Republican era,NA
30561,NA,NA,Republican era,NA
30563,NA,NA,Republican era,NA
30565,NA,NA,Republican era,NA
30567,NA,NA,Republican era,NA
30569,NA,NA,Republican era,NA
30589,Chinese Institute of Mining and Metallurgy 中國礦冶工程學會,NA,Republican era,NA
30600,NA,NA,Republican era,NA
30602,NA,NA,Republican era,NA
30606,NA,NA,Republican era,NA
30609,NA,NA,Republican era,NA
30611,NA,NA,Republican era,NA
30616,NA,NA,Republican era,NA
30623,NA,NA,Republican era,NA
30625,NA,NA,Republican era,NA
30627,NA,NA,Republican era,NA
30629,Chinese Institute of Electrical Engineers 中國電機工程師學會,NA,Republican era,NA
30634,NA,NA,Republican era,NA
30636,NA,NA,Republican era,NA
30642,NA,NA,Republican era,NA
30644,Chinese Institute of Engineers 中華工程師學會,NA,Republican era,NA
30654,NA,NA,Republican era,NA
30656,NA,NA,Republican era,NA
30658,NA,NA,Republican era,NA
30661,NA,NA,Republican era,NA
30670,NA,NA,Republican era,NA
30674,NA,NA,Republican era,NA
30685,Zhongguo gongchengshi xuehui Wuhan fenhui 中國工程師學會武漢分會,NA,Republican era,NA
30689,NA,NA,Republican era,NA
30692,NA,NA,Republican era,NA
30694,NA,NA,Republican era,NA
30697,NA,NA,Republican era,NA
30701,NA,NA,Republican era,NA
30704,NA,NA,Republican era,NA
30710,NA,NA,Republican era,NA
30712,NA,NA,Republican era,NA
30715,NA,NA,Republican era,NA
30731,NA,NA,Republican era,NA
30734,NA,NA,Republican era,NA
30736,NA,NA,Republican era,NA
30738,NA,NA,Republican era,NA
30740,NA,NA,Republican era,NA
30742,NA,NA,Republican era,NA
30748,NA,NA,Republican era,NA
30750,NA,NA,Republican era,NA
30752,NA,NA,Republican era,NA
30755,NA,NA,Republican era,NA
30770,NA,NA,Republican era,NA
30775,NA,NA,Republican era,NA
30777,NA,NA,Republican era,NA
30779,NA,NA,Republican era,NA
30790,NA,NA,Republican era,NA
30794,NA,NA,Republican era,NA
30798,NA,NA,Republican era,NA
30801,NA,NA,Republican era,NA
30805,NA,NA,Republican era,NA
30808,NA,NA,Republican era,NA
30811,NA,NA,Republican era,NA
30813,NA,NA,Republican era,NA
30815,NA,NA,Republican era,NA
30817,NA,NA,Republican era,NA
30830,NA,NA,Republican era,NA
30832,NA,NA,Republican era,NA
30834,NA,NA,Republican era,NA
30837,NA,NA,Republican era,NA
30839,NA,NA,Republican era,NA
30841,NA,NA,Republican era,NA
30849,NA,NA,Republican era,NA
30851,NA,NA,Republican era,NA
30853,Chinese Institute of Mining and Metallurgy 中國礦冶工程學會,NA,Republican era,NA
30868,NA,NA,Republican era,NA
30871,NA,NA,Republican era,NA
30873,NA,NA,Republican era,NA
30876,NA,NA,Republican era,NA
30878,Chinese Institute of Mining and Metallurgy 中國礦冶工程學會,NA,Republican era,NA
30883,NA,NA,Republican era,NA
30892,NA,NA,Republican era,NA
30900,NA,NA,Republican era,NA
30903,NA,NA,Republican era,NA
30906,Chinese Institute of Mining and Metallurgy 中國礦冶工程學會,NA,Republican era,NA
30909,NA,NA,Republican era,NA
30911,NA,NA,Republican era,NA
30913,NA,NA,Republican era,NA
30914,NA,NA,Republican era,NA
30916,NA,NA,Republican era,NA
30926,NA,NA,Republican era,NA
30939,NA,NA,Republican era,NA
30942,NA,NA,Republican era,NA
30944,NA,NA,Republican era,NA
30946,NA,NA,Republican era,NA
30948,NA,NA,Republican era,NA
30950,NA,NA,Republican era,NA
30957,NA,NA,Republican era,NA
30960,NA,NA,Republican era,NA
30973,NA,NA,Republican era,NA
30977,NA,NA,Republican era,NA
30983,NA,NA,Republican era,NA
30985,NA,NA,Republican era,NA
30992,NA,NA,Republican era,NA
31003,NA,NA,Republican era,NA
31005,NA,NA,Republican era,NA
31007,NA,NA,Republican era,NA
31009,NA,NA,Republican era,NA
31011,NA,NA,Republican era,NA
31018,NA,NA,Republican era,NA
31022,NA,NA,Republican era,NA
31024,NA,NA,Republican era,NA
31027,NA,NA,Republican era,NA
31029,Chinese Institute of Engineers 中華工程師學會,NA,Republican era,NA
31039,NA,NA,Republican era,NA
31048,Chinese Institute of Electrical Engineers 中國電機工程師學會,NA,Republican era,NA
31051,NA,NA,Republican era,NA
31052,NA,NA,Republican era,NA
31061,Chinese Institute of Mining and Metallurgy 中國礦冶工程學會,NA,Republican era,NA
31067,NA,NA,Republican era,NA
31069,NA,NA,Republican era,NA
31074,NA,NA,Republican era,NA
31077,NA,NA,Republican era,NA
31080,NA,NA,Republican era,NA
31084,NA,NA,Republican era,NA
31088,NA,NA,Republican era,NA
31095,NA,NA,Republican era,NA
31098,NA,NA,Republican era,NA
31100,NA,NA,Republican era,NA
31102,NA,NA,Republican era,NA
31104,NA,NA,Republican era,NA
31107,NA,NA,Republican era,NA
31110,NA,NA,Republican era,NA
31112,NA,NA,Republican era,NA
31115,NA,NA,Republican era,NA
31117,NA,NA,Republican era,NA
31119,NA,NA,Republican era,NA
31123,NA,NA,Republican era,NA
31126,NA,NA,Republican era,NA
31128,NA,NA,Republican era,NA
31136,NA,NA,Republican era,NA
31139,NA,NA,Republican era,NA
31145,NA,NA,Republican era,NA
31149,NA,NA,Republican era,NA
31153,NA,NA,Republican era,NA
31156,NA,NA,Republican era,NA
31159,NA,NA,Republican era,NA
31162,NA,NA,Republican era,NA
31164,NA,NA,Republican era,NA
31166,NA,NA,Republican era,NA
31182,NA,NA,Republican era,NA
31184,NA,NA,Republican era,NA
31186,NA,NA,Republican era,NA
31188,NA,NA,Republican era,NA
31191,NA,NA,Republican era,NA
31197,NA,NA,Republican era,NA
31199,NA,NA,Republican era,NA
31201,NA,NA,Republican era,NA
31203,NA,NA,Republican era,NA
31205,NA,NA,Republican era,NA
31207,NA,NA,Republican era,NA
31216,NA,NA,Republican era,NA
31220,NA,NA,Republican era,NA
31222,NA,NA,Republican era,NA
31224,NA,NA,Republican era,NA
31230,NA,NA,Republican era,NA
31236,NA,NA,Republican era,NA
31238,NA,NA,Republican era,NA
31242,NA,NA,Republican era,NA
31247,NA,NA,Republican era,NA
31250,NA,NA,Republican era,NA
31252,NA,NA,Republican era,NA
31256,NA,NA,Republican era,NA
31258,NA,NA,Republican era,NA
31260,NA,NA,Republican era,NA
31269,NA,NA,Republican era,NA
31278,NA,NA,Republican era,NA
31280,NA,NA,Republican era,NA
31283,NA,NA,Republican era,NA
31285,Zhongguo gongchengshi xuehui Wuhan fenhui 中國工程師學會武漢分會,NA,Republican era,NA
31289,NA,NA,Republican era,NA
31291,NA,NA,Republican era,NA
31296,NA,NA,Republican era,NA
31314,NA,NA,Republican era,NA
31319,NA,NA,Republican era,NA
31326,NA,NA,Republican era,NA
31329,Chinese Institute of Mining and Metallurgy 中國礦冶工程學會,NA,Republican era,NA
31333,Chinese Institute of Mining and Metallurgy 中國礦冶工程學會,NA,Republican era,NA
31343,NA,NA,Republican era,NA
31345,NA,NA,Republican era,NA
31350,NA,NA,Republican era,NA
31353,NA,NA,Republican era,NA
31355,Chinese Institute of Mining and Metallurgy 中國礦冶工程學會,NA,Republican era,NA
31360,NA,NA,Republican era,NA
31368,NA,NA,Republican era,NA
31378,China Engineering Society 中國工程學會,NA,Republican era,NA
31413,NA,NA,Republican era,NA
31428,China Hydraulic Engineering Society 中國水利工程學會,NA,Republican era,NA
31436,NA,NA,Republican era,NA
31438,NA,NA,Republican era,NA
31449,NA,NA,Republican era,NA
31452,NA,NA,Republican era,NA
31463,NA,NA,Republican era,NA
31465,NA,NA,Republican era,NA
31474,NA,NA,Republican era,NA
31476,NA,NA,Republican era,NA
31482,NA,NA,Republican era,NA
31490,NA,NA,Republican era,NA
31492,NA,NA,Republican era,NA
31494,Chinese Institute of Electrical Engineers 中國電機工程師學會,NA,Republican era,NA
31497,Chinese Institute of Electrical Engineers 中國電機工程師學會,NA,Republican era,NA
31499,NA,NA,Republican era,NA
31502,NA,NA,Republican era,NA
31504,NA,NA,Republican era,NA
31510,NA,NA,Republican era,NA
31518,NA,NA,Republican era,NA
31522,NA,NA,Republican era,NA
31524,NA,NA,Republican era,NA
31526,NA,NA,Republican era,NA
31528,NA,NA,Republican era,NA
31530,NA,NA,Republican era,NA
31534,NA,NA,Republican era,NA
31541,NA,NA,Republican era,NA
31547,NA,NA,Republican era,NA
31550,NA,NA,Republican era,NA
31553,NA,NA,Republican era,NA
31558,NA,NA,Republican era,NA
31561,NA,NA,Republican era,NA
31566,NA,NA,Republican era,NA
31568,NA,NA,Republican era,NA
31571,NA,NA,Republican era,NA
31573,NA,NA,Republican era,NA
31575,NA,NA,Republican era,NA
31579,NA,NA,Republican era,NA
31584,NA,NA,Republican era,NA
31586,NA,NA,Republican era,NA
31588,NA,NA,Republican era,NA
31590,NA,NA,Republican era,NA
31592,NA,NA,Republican era,NA
31603,NA,NA,Republican era,NA
31612,NA,NA,Republican era,NA
31614,NA,NA,Republican era,NA
31616,NA,NA,Republican era,NA
31618,NA,NA,Republican era,NA
31620,NA,NA,Republican era,NA
31622,NA,NA,Republican era,NA
31626,NA,NA,Republican era,NA
31629,Chinese Institute of Engineers 中華工程師學會,NA,Republican era,NA
31640,NA,NA,Republican era,NA
31642,NA,NA,Republican era,NA
31651,NA,NA,Republican era,NA
31653,NA,NA,Republican era,NA
31656,NA,NA,Republican era,NA
31658,NA,NA,Republican era,NA
31660,NA,NA,Republican era,NA
31662,NA,NA,Republican era,NA
31667,NA,NA,Republican era,NA
31672,NA,NA,Republican era,NA
31676,NA,NA,Republican era,NA
31679,NA,NA,Republican era,NA
31682,NA,NA,Republican era,NA
31697,NA,NA,Republican era,NA
31710,NA,NA,Republican era,NA
31714,NA,NA,Republican era,NA
31717,NA,NA,Republican era,NA
31725,NA,NA,Republican era,NA
31730,NA,NA,Republican era,NA
31735,NA,NA,Republican era,NA
31737,NA,NA,Republican era,NA
31739,NA,NA,Republican era,NA
31745,NA,NA,Republican era,NA
31751,NA,NA,Republican era,NA
31754,NA,NA,Republican era,NA
31763,NA,NA,Republican era,NA
31768,NA,NA,Republican era,NA
31774,NA,NA,Republican era,NA
31786,NA,NA,Republican era,NA
31788,NA,NA,Republican era,NA
31790,NA,NA,Republican era,NA
31793,NA,NA,Republican era,NA
31795,NA,NA,Republican era,NA
31800,NA,NA,Republican era,NA
31802,NA,NA,Republican era,NA
31813,NA,NA,Republican era,NA
31816,NA,NA,Republican era,NA
31824,NA,NA,Republican era,NA
31826,NA,NA,Republican era,NA
31828,NA,NA,Republican era,NA
31831,NA,NA,Republican era,NA
31835,NA,NA,Republican era,NA
31837,NA,NA,Republican era,NA
31839,NA,NA,Republican era,NA
31844,NA,NA,Republican era,NA
31856,NA,NA,Republican era,NA
31858,NA,NA,Republican era,NA
31873,NA,NA,Republican era,NA
31877,NA,NA,Republican era,NA
31879,NA,NA,Republican era,NA
31881,NA,NA,Republican era,NA
31884,NA,NA,Republican era,NA
31886,NA,NA,Republican era,NA
31895,NA,NA,Republican era,NA
31897,NA,NA,Republican era,NA
31899,NA,NA,Republican era,NA
31901,NA,NA,Republican era,NA
31905,NA,NA,Republican era,NA
31912,NA,NA,Republican era,NA
31914,NA,NA,Republican era,NA
31917,NA,NA,Republican era,NA
31922,NA,NA,Republican era,NA
31926,NA,NA,Republican era,NA
31928,NA,NA,Republican era,NA
31933,NA,NA,Republican era,NA
31936,NA,NA,Republican era,NA
31939,NA,NA,Republican era,NA
31953,Chinese Institute of Mining and Metallurgy 中國礦冶工程學會,NA,Republican era,NA
31957,NA,NA,Republican era,NA
31959,NA,NA,Republican era,NA
31961,Chinese Institute of Mining and Metallurgy 中國礦冶工程學會,NA,Republican era,NA
31965,NA,NA,Republican era,NA
31969,NA,NA,Republican era,NA
31971,Chinese Institute of Mining and Metallurgy 中國礦冶工程學會,NA,Republican era,NA
31978,NA,NA,Republican era,NA
31980,NA,NA,Republican era,NA
31982,NA,NA,Republican era,NA
31984,NA,NA,Republican era,NA
31986,NA,NA,Republican era,NA
31995,NA,NA,Republican era,NA
31998,NA,NA,Republican era,NA
32003,NA,NA,Republican era,NA
32005,NA,NA,Republican era,NA
32007,NA,NA,Republican era,NA
32009,Chinese Institute of Engineers 中華工程師學會,NA,Republican era,NA
32016,NA,NA,Republican era,NA
32018,NA,NA,Republican era,NA
32020,NA,NA,Republican era,NA
32022,NA,NA,Republican era,NA
32026,NA,NA,Republican era,NA
32028,NA,NA,Republican era,NA
32031,NA,NA,Republican era,NA
32034,NA,NA,Republican era,NA
32037,NA,NA,Republican era,NA
32039,NA,NA,Republican era,NA
32052,NA,NA,Republican era,NA
32054,NA,NA,Republican era,NA
32056,NA,NA,Republican era,NA
32058,NA,NA,Republican era,NA
32075,NA,NA,Republican era,NA
32084,China Hydraulic Engineering Society 中國水利工程學會,NA,Republican era,NA
32088,NA,NA,Republican era,NA
32090,NA,NA,Republican era,NA
32092,NA,NA,Republican era,NA
32094,NA,NA,Republican era,NA
32096,Chinese Institute of Electrical Engineers 中國電機工程師學會,NA,Republican era,NA
32098,NA,NA,Republican era,NA
32105,NA,NA,Republican era,NA
32110,NA,NA,Republican era,NA
32114,NA,NA,Republican era,NA
32116,NA,NA,Republican era,NA
32118,NA,NA,Republican era,NA
32121,NA,NA,Republican era,NA
32148,NA,NA,Republican era,NA
32154,NA,NA,Republican era,NA
32167,Chinese Institute of Mining and Metallurgy 中國礦冶工程學會,NA,Republican era,NA
32175,NA,NA,Republican era,NA
32177,NA,NA,Republican era,NA
32180,NA,NA,Republican era,NA
32186,NA,NA,Republican era,NA
32188,NA,NA,Republican era,NA
32206,NA,NA,Republican era,NA
32209,NA,NA,Republican era,NA
32211,NA,NA,Republican era,NA
32214,NA,NA,Republican era,NA
32216,NA,NA,Republican era,NA
32220,NA,NA,Republican era,NA
32222,NA,NA,Republican era,NA
32227,NA,NA,Republican era,NA
32232,NA,NA,Republican era,NA
32237,NA,NA,Republican era,NA
32240,NA,NA,Republican era,NA
32246,NA,NA,Republican era,NA
32248,NA,NA,Republican era,NA
32257,NA,NA,Republican era,NA
32266,NA,NA,Republican era,NA
32268,NA,NA,Republican era,NA
32270,NA,NA,Republican era,NA
32272,NA,NA,Republican era,NA
32274,NA,NA,Republican era,NA
32277,Chinese Institute of Engineers 中華工程師學會,NA,Republican era,NA
32286,NA,NA,Republican era,NA
32288,NA,NA,Republican era,NA
32291,China Hydraulic Engineering Society 中國水利工程學會,NA,Republican era,NA
32294,NA,NA,Republican era,NA
32296,NA,NA,Republican era,NA
32305,Chinese Institute of Electrical Engineers 中國電機工程師學會,NA,Republican era,NA
32313,NA,NA,Republican era,NA
32316,Chinese Institute of Electrical Engineers 中國電機工程師學會,NA,Republican era,NA
32316,Zhongguo gongchengshi xuehui Wuhan fenhui 中國工程師學會武漢分會,NA,Republican era,NA
32325,NA,NA,Republican era,NA
32329,NA,NA,Republican era,NA
32336,NA,NA,Republican era,NA
32338,NA,NA,Republican era,NA
32342,NA,NA,Republican era,NA
32344,NA,NA,Republican era,NA
32346,NA,NA,Republican era,NA
32351,China Power Engineering Society 中國動力工程學會,NA,Republican era,NA
32351,Chinese Institute of Electrical Engineers 中國電機工程師學會,NA,Republican era,NA
32358,NA,NA,Republican era,NA
32360,NA,NA,Republican era,NA
32363,NA,NA,Republican era,NA
32365,NA,NA,Republican era,NA
32367,NA,NA,Republican era,NA
32370,NA,NA,Republican era,NA
32372,NA,NA,Republican era,NA
32376,Chinese Institute of Mining and Metallurgy 中國礦冶工程學會,NA,Republican era,NA
32389,NA,NA,Republican era,NA
32397,NA,NA,Republican era,NA
32401,NA,NA,Republican era,NA
32406,NA,NA,Republican era,NA
32408,NA,NA,Republican era,NA
32410,NA,NA,Republican era,NA
32421,NA,NA,Republican era,NA
32425,NA,NA,Republican era,NA
32430,NA,NA,Republican era,NA
32434,NA,NA,Republican era,NA
32444,NA,NA,Republican era,NA
32446,NA,NA,Republican era,NA
32457,NA,NA,Republican era,NA
32466,NA,NA,Republican era,NA
32470,NA,NA,Republican era,NA
32484,NA,NA,Republican era,NA
32496,NA,NA,Republican era,NA
32499,NA,NA,Republican era,NA
32501,NA,NA,Republican era,NA
32505,NA,NA,Republican era,NA
32511,NA,NA,Republican era,NA
32515,NA,NA,Republican era,NA
32517,NA,NA,Republican era,NA
32519,NA,NA,Republican era,NA
32525,NA,NA,Republican era,NA
32527,NA,NA,Republican era,NA
32529,NA,NA,Republican era,NA
32532,NA,NA,Republican era,NA
32538,NA,NA,Republican era,NA
32540,NA,NA,Republican era,NA
32542,NA,NA,Republican era,NA
32549,NA,NA,Republican era,NA
32553,NA,NA,Republican era,NA
32555,NA,NA,Republican era,NA
32558,NA,NA,Republican era,NA
32561,NA,NA,Republican era,NA
32564,NA,NA,Republican era,NA
32581,NA,NA,Republican era,NA
32583,NA,NA,Republican era,NA
32588,NA,NA,Republican era,NA
32609,NA,NA,Republican era,NA
32616,NA,NA,Republican era,NA
32622,Chinese Institute of Mining and Metallurgy 中國礦冶工程學會,NA,Republican era,NA
32631,NA,NA,Republican era,NA
32633,NA,NA,Republican era,NA
32635,NA,NA,Republican era,NA
32641,NA,NA,Republican era,NA
32643,NA,NA,Republican era,NA
32654,NA,NA,Republican era,NA
32656,Chinese Institute of Mining and Metallurgy 中國礦冶工程學會,NA,Republican era,NA
32661,NA,NA,Republican era,NA
32664,NA,NA,Republican era,NA
32672,NA,NA,Republican era,NA
32674,NA,NA,Republican era,NA
32681,NA,NA,Republican era,NA
32691,NA,NA,Republican era,NA
32694,NA,NA,Republican era,NA
32695,NA,NA,Republican era,NA
32697,NA,NA,Republican era,NA
32700,NA,NA,Republican era,NA
32702,NA,NA,Republican era,NA
32703,NA,NA,Republican era,NA
32705,NA,NA,Republican era,NA
32708,NA,NA,Republican era,NA
32711,NA,NA,Republican era,NA
32715,NA,NA,Republican era,NA
32723,NA,NA,Republican era,NA
32725,NA,NA,Republican era,NA
32730,NA,NA,Republican era,NA
32736,NA,NA,Republican era,NA
32738,NA,NA,Republican era,NA
32743,NA,NA,Republican era,NA
32746,NA,NA,Republican era,NA
32748,NA,NA,Republican era,NA
32749,NA,NA,Republican era,NA
32755,China Engineering Society 中國工程學會,NA,Republican era,NA
32758,NA,NA,Republican era,NA
32770,NA,NA,Republican era,NA
32775,China Power Engineering Society 中國動力工程學會,NA,Republican era,NA
32775,Chinese Institute of Electrical Engineers 中國電機工程師學會,NA,Republican era,NA
32781,NA,NA,Republican era,NA
32783,NA,NA,Republican era,NA
32787,NA,NA,Republican era,NA
32793,NA,NA,Republican era,NA
32798,NA,NA,Republican era,NA
32802,NA,NA,Republican era,NA
32804,NA,NA,Republican era,NA
32806,NA,NA,Republican era,NA
32817,NA,NA,Republican era,NA
32819,NA,NA,Republican era,NA
32823,NA,NA,Republican era,NA
32825,NA,NA,Republican era,NA
32827,NA,NA,Republican era,NA
32835,NA,NA,Republican era,NA
32849,NA,NA,Republican era,NA
32853,NA,NA,Republican era,NA
32863,NA,NA,Republican era,NA
32865,NA,NA,Republican era,NA
32872,NA,NA,Republican era,NA
32876,NA,NA,Republican era,NA
32878,NA,NA,Republican era,NA
32895,NA,NA,Republican era,NA
32906,NA,NA,Republican era,NA
32918,Chinese Institute of Mining and Metallurgy 中國礦冶工程學會,NA,Republican era,NA
32928,NA,NA,Republican era,NA
32932,NA,NA,Republican era,NA
32935,NA,NA,Republican era,NA
32943,NA,NA,Republican era,NA
32947,NA,NA,Republican era,NA
32950,NA,NA,Republican era,NA
32954,Chinese Institute of Electrical Engineers 中國電機工程師學會,NA,Republican era,NA
32960,NA,NA,Republican era,NA
32963,NA,NA,Republican era,NA
32965,NA,NA,Republican era,NA
32969,NA,NA,Republican era,NA
32973,NA,NA,Republican era,NA
32984,Chinese Institute of Electrical Engineers 中國電機工程師學會,NA,Republican era,NA
32990,NA,NA,Republican era,NA
33002,NA,NA,Republican era,NA
33006,NA,NA,Republican era,NA
33008,NA,NA,Republican era,NA
33010,NA,NA,Republican era,NA
33012,NA,NA,Republican era,NA
33014,NA,NA,Republican era,NA
33016,NA,NA,Republican era,NA
33020,NA,NA,Republican era,NA
33022,NA,NA,Republican era,NA
33024,NA,NA,Republican era,NA
33040,NA,NA,Republican era,NA
33047,NA,NA,Republican era,NA
33049,NA,NA,Republican era,NA
33051,NA,NA,Republican era,NA
33053,NA,NA,Republican era,NA
33056,NA,NA,Republican era,NA
33058,NA,NA,Republican era,NA
33069,NA,NA,Republican era,NA
33072,China Power Engineering Society 中國動力工程學會,NA,Republican era,NA
33072,Chinese Institute of Electrical Engineers 中國電機工程師學會,NA,Republican era,NA
33076,NA,NA,Republican era,NA
33080,NA,NA,Republican era,NA
33082,NA,NA,Republican era,NA
33085,NA,NA,Republican era,NA
33088,NA,NA,Republican era,NA
33093,NA,NA,Republican era,NA
33095,NA,NA,Republican era,NA
33098,NA,NA,Republican era,NA
33102,NA,NA,Republican era,NA
33106,NA,NA,Republican era,NA
33110,NA,NA,Republican era,NA
33112,NA,NA,Republican era,NA
33114,NA,NA,Republican era,NA
33128,NA,NA,Republican era,NA
33130,NA,NA,Republican era,NA
33132,NA,NA,Republican era,NA
33134,NA,NA,Republican era,NA
33136,NA,NA,Republican era,NA
33143,NA,NA,Republican era,NA
33151,NA,NA,Republican era,NA
33155,NA,NA,Republican era,NA
33158,NA,NA,Republican era,NA
33160,NA,NA,Republican era,NA
33163,NA,NA,Republican era,NA
33165,NA,NA,Republican era,NA
33168,NA,NA,Republican era,NA
33170,NA,NA,Republican era,NA
33171,NA,NA,Republican era,NA
33173,NA,NA,Republican era,NA
33176,NA,NA,Republican era,NA
33182,NA,NA,Republican era,NA
33184,NA,NA,Republican era,NA
33189,NA,NA,Republican era,NA
33192,NA,NA,Republican era,NA
33194,NA,NA,Republican era,NA
33196,NA,NA,Republican era,NA
33201,NA,NA,Republican era,NA
33202,NA,NA,Republican era,NA
33209,NA,NA,Republican era,NA
33211,NA,NA,Republican era,NA
33213,NA,NA,Republican era,NA
33217,NA,NA,Republican era,NA
33218,NA,NA,Republican era,NA
33221,NA,NA,Republican era,NA
33222,NA,NA,Republican era,NA
33225,NA,NA,Republican era,NA
33227,NA,NA,Republican era,NA
33228,NA,NA,Republican era,NA
33236,NA,NA,Republican era,NA
33241,Chinese Institute of Mining and Metallurgy 中國礦冶工程學會,NA,Republican era,NA
33245,NA,NA,Republican era,NA
33250,NA,NA,Republican era,NA
33255,NA,NA,Republican era,NA
33266,NA,NA,Republican era,NA
33271,NA,NA,Republican era,NA
33279,NA,NA,Republican era,NA
33287,NA,NA,Republican era,NA
33293,NA,NA,Republican era,NA
33297,NA,NA,Republican era,NA
33299,NA,NA,Republican era,NA
33301,NA,NA,Republican era,NA
33303,NA,NA,Republican era,NA
33308,NA,NA,Republican era,NA
33309,NA,NA,Republican era,NA
33312,NA,NA,Republican era,NA
33314,NA,NA,Republican era,NA
33316,NA,NA,Republican era,NA
33318,NA,NA,Republican era,NA
33322,NA,NA,Republican era,NA
33324,NA,NA,Republican era,NA
33327,NA,NA,Republican era,NA
33329,NA,NA,Republican era,NA
33346,NA,NA,Republican era,NA
33350,NA,NA,Republican era,NA
33356,Chinese Institute of Mining and Metallurgy 中國礦冶工程學會,NA,Republican era,NA
33370,NA,NA,Republican era,NA
33372,NA,NA,Republican era,NA
33374,NA,NA,Republican era,NA
33376,NA,NA,Republican era,NA
33378,NA,NA,Republican era,NA
33382,NA,NA,Republican era,NA
33386,NA,NA,Republican era,NA
33406,NA,NA,Republican era,NA
33408,NA,NA,Republican era,NA
33413,NA,NA,Republican era,NA
33415,Chinese Institute of Mining and Metallurgy 中國礦冶工程學會,NA,Republican era,NA
33418,Chinese Institute of Mining and Metallurgy 中國礦冶工程學會,NA,Republican era,NA
33428,NA,NA,Republican era,NA
33430,NA,NA,Republican era,NA
33436,NA,NA,Republican era,NA
33438,NA,NA,Republican era,NA
33440,NA,NA,Republican era,NA
33442,NA,NA,Republican era,NA
33444,NA,NA,Republican era,NA
33446,NA,NA,Republican era,NA
33448,NA,NA,Republican era,NA
33452,NA,NA,Republican era,NA
33454,NA,NA,Republican era,NA
33463,NA,NA,Republican era,NA
33469,NA,NA,Republican era,NA
33472,NA,NA,Republican era,NA
33476,NA,NA,Republican era,NA
33488,NA,NA,Republican era,NA
33490,NA,NA,Republican era,NA
33499,NA,NA,Republican era,NA
33506,NA,NA,Republican era,NA
33508,NA,NA,Republican era,NA
33515,NA,NA,Republican era,NA
33517,NA,NA,Republican era,NA
33519,NA,NA,Republican era,NA
33521,NA,NA,Republican era,NA
33523,NA,NA,Republican era,NA
33525,NA,NA,Republican era,NA
33527,NA,NA,Republican era,NA
33529,NA,NA,Republican era,NA
33542,NA,NA,Republican era,NA
33545,NA,NA,Republican era,NA
33548,NA,NA,Republican era,NA
33550,NA,NA,Republican era,NA
33552,NA,NA,Republican era,NA
33555,NA,NA,Republican era,NA
33557,NA,NA,Republican era,NA
33559,NA,NA,Republican era,NA
33561,NA,NA,Republican era,NA
33567,NA,NA,Republican era,NA
33573,NA,NA,Republican era,NA
33577,NA,NA,Republican era,NA
33580,NA,NA,Republican era,NA
33583,China Engineering Society 中國工程學會,NA,Republican era,NA
33603,NA,NA,Republican era,NA
33606,Chinese Institute of Mining and Metallurgy 中國礦冶工程學會,NA,Republican era,NA
33609,NA,NA,Republican era,NA
33627,NA,NA,Republican era,NA
33629,NA,NA,Republican era,NA
33632,Chinese Institute of Mining and Metallurgy 中國礦冶工程學會,NA,Republican era,NA
33647,NA,NA,Republican era,NA
33656,Chinese Institute of Mining and Metallurgy 中國礦冶工程學會,NA,Republican era,NA
33668,NA,NA,Republican era,NA
33670,NA,NA,Republican era,NA
33674,NA,NA,Republican era,NA
33678,NA,NA,Republican era,NA
33681,NA,NA,Republican era,NA
33684,NA,NA,Republican era,NA
33690,NA,NA,Republican era,NA
33694,NA,NA,Republican era,NA
33708,NA,NA,Republican era,NA
33710,Chinese Institute of Mining and Metallurgy 中國礦冶工程學會,NA,Republican era,NA
33713,NA,NA,Republican era,NA
33715,NA,NA,Republican era,NA
33717,NA,NA,Republican era,NA
33719,NA,NA,Republican era,NA
33725,NA,NA,Republican era,NA
33728,NA,NA,Republican era,NA
33735,NA,NA,Republican era,NA
33738,NA,NA,Republican era,NA
33740,NA,NA,Republican era,NA
33751,NA,NA,Republican era,NA
33757,NA,NA,Republican era,NA
33759,NA,NA,Republican era,NA
33761,NA,NA,Republican era,NA
33765,Chinese Institute of Engineers 中華工程師學會,NA,Republican era,NA
33765,Association of Chinese and American Engineers,NA,Republican era,NA
33774,NA,NA,Republican era,NA
33778,NA,NA,Republican era,NA
33783,NA,NA,Republican era,NA
33784,NA,NA,Republican era,NA
33786,NA,NA,Republican era,NA
33789,NA,NA,Republican era,NA
33793,NA,NA,Republican era,NA
33798,NA,NA,Republican era,NA
33803,NA,NA,Republican era,NA
33809,China Colourists’ Association 中國染化工程學會,NA,Republican era,NA
33810,NA,NA,Republican era,NA
33815,NA,NA,Republican era,NA
33817,NA,NA,Republican era,NA
33818,NA,NA,Republican era,NA
33820,NA,NA,Republican era,NA
33823,NA,NA,Republican era,NA
33830,NA,NA,Republican era,NA
33838,NA,NA,Republican era,NA
33840,NA,NA,Republican era,NA
33843,NA,NA,Republican era,NA
33846,NA,NA,Republican era,NA
33849,NA,NA,Republican era,NA
33853,NA,NA,Republican era,NA
33855,NA,NA,Republican era,NA
33864,NA,NA,Republican era,NA
33866,NA,NA,Republican era,NA
33868,NA,NA,Republican era,NA
33871,NA,NA,Republican era,NA
33874,NA,NA,Republican era,NA
33876,NA,NA,Republican era,NA
33880,NA,NA,Republican era,NA
33882,NA,NA,Republican era,NA
33884,NA,NA,Republican era,NA
33887,NA,NA,Republican era,NA
33890,NA,NA,Republican era,NA
33892,NA,NA,Republican era,NA
33894,NA,NA,Republican era,NA
33896,Chinese Institute of Engineers 中華工程師學會,NA,Republican era,NA
33901,NA,NA,Republican era,NA
33903,NA,NA,Republican era,NA
33907,NA,NA,Republican era,NA
33909,NA,NA,Republican era,NA
33922,NA,NA,Republican era,NA
33928,NA,NA,Republican era,NA
33930,Chinese Institute of Mining and Metallurgy 中國礦冶工程學會,NA,Republican era,NA
33937,NA,NA,Republican era,NA
33939,NA,NA,Republican era,NA
33941,NA,NA,Republican era,NA
33944,NA,NA,Republican era,NA
33946,NA,NA,Republican era,NA
33965,NA,NA,Republican era,NA
33972,NA,NA,Republican era,NA
33983,NA,NA,Republican era,NA
33985,NA,NA,Republican era,NA
33987,NA,NA,Republican era,NA
33991,NA,NA,Republican era,NA
33998,NA,NA,Republican era,NA
34002,NA,NA,Republican era,NA
34010,NA,NA,Republican era,NA
34012,NA,NA,Republican era,NA
34014,NA,NA,Republican era,NA
34016,NA,NA,Republican era,NA
34022,NA,NA,Republican era,NA
34029,NA,NA,Republican era,NA
34030,NA,NA,Republican era,NA
34034,NA,NA,Republican era,NA
34037,NA,NA,Republican era,NA
34040,NA,NA,Republican era,NA
34043,NA,NA,Republican era,NA
34046,NA,NA,Republican era,NA
34052,NA,NA,Republican era,NA
34053,NA,NA,Republican era,NA
34055,NA,NA,Republican era,NA
34060,NA,NA,Republican era,NA
34062,NA,NA,Republican era,NA
34063,NA,NA,Republican era,NA
34067,NA,NA,Republican era,NA
34069,NA,NA,Republican era,NA
34072,NA,NA,Republican era,NA
34074,NA,NA,Republican era,NA
34075,NA,NA,Republican era,NA
34085,NA,NA,Republican era,NA
34088,NA,NA,Republican era,NA
34090,NA,NA,Republican era,NA
34093,NA,NA,Republican era,NA
34100,China Power Engineering Society 中國動力工程學會,NA,Republican era,NA
34100,Chinese Institute of Electrical Engineers 中國電機工程師學會,NA,Republican era,NA
34110,NA,NA,Republican era,NA
34112,NA,NA,Republican era,NA
34114,NA,NA,Republican era,NA
34116,NA,NA,Republican era,NA
34119,NA,NA,Republican era,NA
34121,NA,NA,Republican era,NA
34124,Chinese Institute of Engineers 中華工程師學會,NA,Republican era,NA
34134,Chinese Institute of Electrical Engineers 中國電機工程師學會,NA,Republican era,NA
34139,NA,NA,Republican era,NA
34141,NA,NA,Republican era,NA
34145,NA,NA,Republican era,NA
34155,NA,NA,Republican era,NA
34166,NA,NA,Republican era,NA
34167,Chinese Institute of Electrical Engineers 中國電機工程師學會,NA,Republican era,NA
34171,NA,NA,Republican era,NA
34177,NA,NA,Republican era,NA
34179,NA,NA,Republican era,NA
34180,Chinese Institute of Electrical Engineers 中國電機工程師學會,NA,Republican era,NA
34186,NA,NA,Republican era,NA
34188,NA,NA,Republican era,NA
34190,NA,NA,Republican era,NA
34192,NA,NA,Republican era,NA
34195,NA,NA,Republican era,NA
34198,NA,NA,Republican era,NA
34201,NA,NA,Republican era,NA
34203,NA,NA,Republican era,NA
34204,NA,NA,Republican era,NA
34212,NA,NA,Republican era,NA
34216,NA,NA,Republican era,NA
34218,NA,NA,Republican era,NA
34220,NA,NA,Republican era,NA
34222,NA,NA,Republican era,NA
34223,NA,NA,Republican era,NA
34226,NA,NA,Republican era,NA
34228,NA,NA,Republican era,NA
34236,Chinese Institute of Electrical Engineers 中國電機工程師學會,NA,Republican era,NA
34240,NA,NA,Republican era,NA
34246,NA,NA,Republican era,NA
34248,NA,NA,Republican era,NA
34250,NA,NA,Republican era,NA
34252,NA,NA,Republican era,NA
34254,NA,NA,Republican era,NA
34269,NA,NA,Republican era,NA
34271,NA,NA,Republican era,NA
34273,NA,NA,Republican era,NA
34276,NA,NA,Republican era,NA
34278,NA,NA,Republican era,NA
34280,NA,NA,Republican era,NA
34283,NA,NA,Republican era,NA
34285,NA,NA,Republican era,NA
34288,NA,NA,Republican era,NA
34290,NA,NA,Republican era,NA
34292,NA,NA,Republican era,NA
34294,NA,NA,Republican era,NA
34302,Chinese Institute of Electrical Engineers 中國電機工程師學會,NA,Republican era,NA
34310,NA,NA,Republican era,NA
34313,NA,NA,Republican era,NA
34321,NA,NA,Republican era,NA
34325,NA,NA,Republican era,NA
34334,NA,NA,Republican era,NA
34337,NA,NA,Republican era,NA
34340,NA,NA,Republican era,NA
34343,NA,NA,Republican era,NA
34351,NA,NA,Republican era,NA
34354,NA,NA,Republican era,NA
34356,NA,NA,Republican era,NA
34358,NA,NA,Republican era,NA
34360,NA,NA,Republican era,NA
34362,NA,NA,Republican era,NA
34366,NA,NA,Republican era,NA
34377,NA,NA,Republican era,NA
34384,NA,NA,Republican era,NA
34391,NA,NA,Republican era,NA
34393,NA,NA,Republican era,NA
34396,NA,NA,Republican era,NA
34399,NA,NA,Republican era,NA
34401,NA,NA,Republican era,NA
34404,NA,NA,Republican era,NA
34407,NA,NA,Republican era,NA
34409,NA,NA,Republican era,NA
34411,NA,NA,Republican era,NA
34414,NA,NA,Republican era,NA
34416,NA,NA,Republican era,NA
34418,NA,NA,Republican era,NA
34420,Chinese Institute of Mining and Metallurgy 中國礦冶工程學會,NA,Republican era,NA
34435,NA,NA,Republican era,NA
34441,NA,NA,Republican era,NA
34443,NA,NA,Republican era,NA
34446,Chinese Institute of Electrical Engineers 中國電機工程師學會,NA,Republican era,NA
34450,NA,NA,Republican era,NA
34453,NA,NA,Republican era,NA
34459,NA,NA,Republican era,NA
34464,NA,NA,Republican era,NA
34466,NA,NA,Republican era,NA
34480,NA,NA,Republican era,NA
34482,NA,NA,Republican era,NA
34487,NA,NA,Republican era,NA
34491,NA,NA,Republican era,NA
34493,NA,NA,Republican era,NA
34496,NA,NA,Republican era,NA
34498,NA,NA,Republican era,NA
34502,NA,NA,Republican era,NA
34504,NA,NA,Republican era,NA
34508,Chinese Institute of Mining and Metallurgy 中國礦冶工程學會,NA,Republican era,NA
34521,NA,NA,Republican era,NA
34523,NA,NA,Republican era,NA
34526,NA,NA,Republican era,NA
34528,NA,NA,Republican era,NA
34536,NA,NA,Republican era,NA
34540,NA,NA,Republican era,NA
34543,NA,NA,Republican era,NA
34546,NA,NA,Republican era,NA
34558,NA,NA,Republican era,NA
34560,NA,NA,Republican era,NA
34562,NA,NA,Republican era,NA
34564,NA,NA,Republican era,NA
34566,NA,NA,Republican era,NA
34568,NA,NA,Republican era,NA
34569,NA,NA,Republican era,NA
34581,NA,NA,Republican era,NA
34585,NA,NA,Republican era,NA
34595,NA,NA,Republican era,NA
34600,NA,NA,Republican era,NA
34601,NA,NA,Republican era,NA
34605,NA,NA,Republican era,NA
34607,NA,NA,Republican era,NA
34610,NA,NA,Republican era,NA
34628,NA,NA,Republican era,NA
34632,NA,NA,Republican era,NA
34634,NA,NA,Republican era,NA
34636,Chinese Institute of Mining and Metallurgy 中國礦冶工程學會,NA,Republican era,NA
34638,NA,NA,Republican era,NA
34650,NA,NA,Republican era,NA
34652,NA,NA,Republican era,NA
34654,NA,NA,Republican era,NA
34665,NA,NA,Republican era,NA
34668,NA,NA,Republican era,NA
34673,NA,NA,Republican era,NA
34681,NA,NA,Republican era,NA
34688,NA,NA,Republican era,NA
34698,NA,NA,Republican era,NA
34701,NA,NA,Republican era,NA
34707,NA,NA,Republican era,NA
34710,NA,NA,Republican era,NA
34721,NA,NA,Republican era,NA
34725,Chinese Institute of Engineers 中華工程師學會,NA,Republican era,NA
34727,NA,NA,Republican era,NA
34742,NA,NA,Republican era,NA
34744,NA,NA,Republican era,NA
34748,NA,NA,Republican era,NA
34750,NA,NA,Republican era,NA
34759,NA,NA,Republican era,NA
34769,NA,NA,Republican era,NA
34771,NA,NA,Republican era,NA
34774,NA,NA,Republican era,NA
34776,NA,NA,Republican era,NA
34779,NA,NA,Republican era,NA
34782,NA,NA,Republican era,NA
34784,NA,NA,Republican era,NA
34786,NA,NA,Republican era,NA
34791,NA,NA,Republican era,NA
34794,NA,NA,Republican era,NA
34796,NA,NA,Republican era,NA
34799,NA,NA,Republican era,NA
34807,NA,NA,Republican era,NA
34809,NA,NA,Republican era,NA
34813,NA,NA,Republican era,NA
34815,NA,NA,Republican era,NA
34818,NA,NA,Republican era,NA
34823,NA,NA,Republican era,NA
34825,NA,NA,Republican era,NA
34833,NA,NA,Republican era,NA
34842,Chinese Institute of Electrical Engineers 中國電機工程師學會,NA,Republican era,NA
34844,NA,NA,Republican era,NA
34847,NA,NA,Republican era,NA
34849,NA,NA,Republican era,NA
34851,NA,NA,Republican era,NA
34853,NA,NA,Republican era,NA
34855,NA,NA,Republican era,NA
34859,NA,NA,Republican era,NA
34861,NA,NA,Republican era,NA
34874,NA,NA,Republican era,NA
34876,NA,NA,Republican era,NA
34878,NA,NA,Republican era,NA
34880,NA,NA,Republican era,NA
34888,NA,NA,Republican era,NA
34890,NA,NA,Republican era,NA
34895,NA,NA,Republican era,NA
34897,Chinese Institute of Electrical Engineers 中國電機工程師學會,NA,Republican era,NA
34899,NA,NA,Republican era,NA
34908,Chinese Institute of Electrical Engineers 中國電機工程師學會,NA,Republican era,NA
34919,NA,NA,Republican era,NA
34930,NA,NA,Republican era,NA
34933,NA,NA,Republican era,NA
34935,Chinese Institute of Engineers 中華工程師學會,NA,Republican era,NA
34938,NA,NA,Republican era,NA
34940,NA,NA,Republican era,NA
34946,NA,NA,Republican era,NA
34948,NA,NA,Republican era,NA
34951,NA,NA,Republican era,NA
34953,NA,NA,Republican era,NA
34957,Chinese Institute of Mining and Metallurgy 中國礦冶工程學會,NA,Republican era,NA
34967,NA,NA,Republican era,NA
34973,NA,NA,Republican era,NA
34978,NA,NA,Republican era,NA
34982,NA,NA,Republican era,NA
34986,NA,NA,Republican era,NA
34992,NA,NA,Republican era,NA
35002,NA,NA,Republican era,NA
35004,NA,NA,Republican era,NA
35006,Zhongguo gongchengshi xuehui Wuhan fenhui 中國工程師學會武漢分會,NA,Republican era,NA
35012,Chinese Institute of Mining and Metallurgy 中國礦冶工程學會,NA,Republican era,NA
35012,Zhongguo gongchengshi xuehui Wuhan fenhui 中國工程師學會武漢分會,NA,Republican era,NA
35028,NA,NA,Republican era,NA
35030,NA,NA,Republican era,NA
35032,NA,NA,Republican era,NA
35034,NA,NA,Republican era,NA
35036,NA,NA,Republican era,NA
35038,China Hydraulic Engineering Society 中國水利工程學會,NA,Republican era,NA
35050,NA,NA,Republican era,NA
35052,NA,NA,Republican era,NA
35066,NA,NA,Republican era,NA
35077,Chinese Institute of Electrical Engineers 中國電機工程師學會,NA,Republican era,NA
35084,NA,NA,Republican era,NA
35086,NA,NA,Republican era,NA
35089,NA,NA,Republican era,NA
35092,Chinese Institute of Mining and Metallurgy 中國礦冶工程學會,NA,Republican era,NA
35095,NA,NA,Republican era,NA
35106,NA,NA,Republican era,NA
35110,NA,NA,Republican era,NA
35112,NA,NA,Republican era,NA
35115,NA,NA,Republican era,NA
35119,NA,NA,Republican era,NA
35121,NA,NA,Republican era,NA
35125,NA,NA,Republican era,NA
35126,NA,NA,Republican era,NA
35130,NA,NA,Republican era,NA
35137,NA,NA,Republican era,NA
35151,China Hydraulic Engineering Society 中國水利工程學會,NA,Republican era,NA
35154,NA,NA,Republican era,NA
35164,NA,NA,Republican era,NA
35172,NA,NA,Republican era,NA
35174,China Hydraulic Engineering Society 中國水利工程學會,NA,Republican era,NA
35178,NA,NA,Republican era,NA
35181,NA,NA,Republican era,NA
35193,NA,NA,Republican era,NA
35195,Chinese Institute of Mining and Metallurgy 中國礦冶工程學會,NA,Republican era,NA
35197,NA,NA,Republican era,NA
35199,NA,NA,Republican era,NA
35202,NA,NA,Republican era,NA
35209,NA,NA,Republican era,NA
35212,NA,NA,Republican era,NA
35214,NA,NA,Republican era,NA
35216,NA,NA,Republican era,NA
35218,NA,NA,Republican era,NA
35222,NA,NA,Republican era,NA
35228,NA,NA,Republican era,NA
35230,NA,NA,Republican era,NA
35232,NA,NA,Republican era,NA
35234,NA,NA,Republican era,NA
35236,NA,NA,Republican era,NA
35243,NA,NA,Republican era,NA
35245,NA,NA,Republican era,NA
35247,NA,NA,Republican era,NA
35249,NA,NA,Republican era,NA
35251,NA,NA,Republican era,NA
35253,China Hydraulic Engineering Society 中國水利工程學會,NA,Republican era,NA
35265,NA,NA,Republican era,NA
35268,NA,NA,Republican era,NA
35273,NA,NA,Republican era,NA
35276,NA,NA,Republican era,NA
35279,NA,NA,Republican era,NA
35281,NA,NA,Republican era,NA
35283,NA,NA,Republican era,NA
35287,NA,NA,Republican era,NA
35289,NA,NA,Republican era,NA
35295,NA,NA,Republican era,NA
35297,NA,NA,Republican era,NA
35302,Chinese Institute of Mining and Metallurgy 中國礦冶工程學會,NA,Republican era,NA
35311,NA,NA,Republican era,NA
35314,NA,NA,Republican era,NA
35316,NA,NA,Republican era,NA
35318,NA,NA,Republican era,NA
35320,NA,NA,Republican era,NA
35324,NA,NA,Republican era,NA
35326,Chinese Institute of Electrical Engineers 中國電機工程師學會,NA,Republican era,NA
35333,NA,NA,Republican era,NA
35336,NA,NA,Republican era,NA
35338,NA,NA,Republican era,NA
35339,NA,NA,Republican era,NA
35345,NA,NA,Republican era,NA
35346,NA,NA,Republican era,NA
35348,Chinese Institute of Engineers 中華工程師學會,NA,Republican era,NA
35354,NA,NA,Republican era,NA
35356,NA,NA,Republican era,NA
35357,NA,NA,Republican era,NA
35360,China Hydraulic Engineering Society 中國水利工程學會,NA,Republican era,NA
35361,NA,NA,Republican era,NA
35366,NA,NA,Republican era,NA
35391,NA,NA,Republican era,NA
35405,NA,NA,Republican era,NA
35407,NA,NA,Republican era,NA
35413,NA,NA,Republican era,NA
35425,NA,NA,Republican era,NA
35428,Chinese Institute of Electrical Engineers 中國電機工程師學會,NA,Republican era,NA
35432,China Power Engineering Society 中國動力工程學會,NA,Republican era,NA
35439,NA,NA,Republican era,NA
35441,NA,NA,Republican era,NA
35443,Chinese Institute of Engineers 中華工程師學會,NA,Republican era,NA
35455,NA,NA,Republican era,NA
35459,NA,NA,Republican era,NA
35461,NA,NA,Republican era,NA
35469,NA,NA,Republican era,NA
35471,NA,NA,Republican era,NA
35473,NA,NA,Republican era,NA
35478,NA,NA,Republican era,NA
35482,Chinese Institute of Electrical Engineers 中國電機工程師學會,NA,Republican era,NA
35487,NA,NA,Republican era,NA
35489,NA,NA,Republican era,NA
35495,NA,NA,Republican era,NA
35501,NA,NA,Republican era,NA
35505,NA,NA,Republican era,NA
35508,NA,NA,Republican era,NA
35513,NA,NA,Republican era,NA
35516,NA,NA,Republican era,NA
35520,NA,NA,Republican era,NA
35522,Chinese Institute of Mining and Metallurgy 中國礦冶工程學會,NA,Republican era,NA
35527,Chinese Institute of Engineers 中華工程師學會,NA,Republican era,NA
35535,NA,NA,Republican era,NA
35548,NA,NA,Republican era,NA
35550,Chinese Institute of Electrical Engineers 中國電機工程師學會,NA,Republican era,NA
35553,NA,NA,Republican era,NA
35556,NA,NA,Republican era,NA
35561,NA,NA,Republican era,NA
35563,NA,NA,Republican era,NA
35565,NA,NA,Republican era,NA
35571,NA,NA,Republican era,NA
35575,NA,NA,Republican era,NA
35577,NA,NA,Republican era,NA
35579,NA,NA,Republican era,NA
35585,NA,NA,Republican era,NA
35590,NA,NA,Republican era,NA
35592,NA,NA,Republican era,NA
35601,NA,NA,Republican era,NA
35603,NA,NA,Republican era,NA
35605,NA,NA,Republican era,NA
35607,NA,NA,Republican era,NA
35611,NA,NA,Republican era,NA
35625,NA,NA,Republican era,NA
35627,NA,NA,Republican era,NA
35629,NA,NA,Republican era,NA
35634,NA,NA,Republican era,NA
35636,NA,NA,Republican era,NA
35638,NA,NA,Republican era,NA
35640,NA,NA,Republican era,NA
35645,NA,NA,Republican era,NA
35647,NA,NA,Republican era,NA
35649,NA,NA,Republican era,NA
35654,NA,NA,Republican era,NA
35656,NA,NA,Republican era,NA
35658,NA,NA,Republican era,NA
35664,NA,NA,Republican era,NA
35666,NA,NA,Republican era,NA
35669,NA,NA,Republican era,NA
35671,Chinese Institute of Engineers 中華工程師學會,NA,Republican era,NA
35673,NA,NA,Republican era,NA
35676,NA,NA,Republican era,NA
35687,NA,NA,Republican era,NA
35689,NA,NA,Republican era,NA
35691,NA,NA,Republican era,NA
35695,NA,NA,Republican era,NA
35697,NA,NA,Republican era,NA
35700,Chinese Institute of Engineers 中華工程師學會,NA,Republican era,NA
35700,China Hydraulic Engineering Society 中國水利工程學會,NA,Republican era,NA
35703,NA,NA,Republican era,NA
35705,NA,NA,Republican era,NA
35707,NA,NA,Republican era,NA
35711,NA,NA,Republican era,NA
35725,Zhongguo gongchengshi xuehui Wuhan fenhui 中國工程師學會武漢分會,NA,Republican era,NA
35735,NA,NA,Republican era,NA
35740,NA,NA,Republican era,NA
35742,NA,NA,Republican era,NA
35744,NA,NA,Republican era,NA
35748,NA,NA,Republican era,NA
35753,NA,NA,Republican era,NA
35757,NA,NA,Republican era,NA
35759,NA,NA,Republican era,NA
35764,NA,NA,Republican era,NA
35770,NA,NA,Republican era,NA
35772,NA,NA,Republican era,NA
35775,NA,NA,Republican era,NA
35780,NA,NA,Republican era,NA
35784,NA,NA,Republican era,NA
35786,Chinese Institute of Electrical Engineers 中國電機工程師學會,NA,Republican era,NA
35788,NA,NA,Republican era,NA
35790,NA,NA,Republican era,NA
35805,NA,NA,Republican era,NA
35807,NA,NA,Republican era,NA
35814,NA,NA,Republican era,NA
35816,NA,NA,Republican era,NA
35818,NA,NA,Republican era,NA
35824,NA,NA,Republican era,NA
35828,NA,NA,Republican era,NA
35831,NA,NA,Republican era,NA
35833,NA,NA,Republican era,NA
35836,NA,NA,Republican era,NA
35846,NA,NA,Republican era,NA
35848,NA,NA,Republican era,NA
35851,NA,NA,Republican era,NA
35855,NA,NA,Republican era,NA
35857,NA,NA,Republican era,NA
35872,NA,NA,Republican era,NA
35874,NA,NA,Republican era,NA
35885,NA,NA,Republican era,NA
35889,NA,NA,Republican era,NA
35891,NA,NA,Republican era,NA
35895,NA,NA,Republican era,NA
35897,NA,NA,Republican era,NA
35899,NA,NA,Republican era,NA
35901,Zhongguo gongchengshi xuehui Wuhan fenhui 中國工程師學會武漢分會,NA,Republican era,NA
35908,NA,NA,Republican era,NA
35911,NA,NA,Republican era,NA
35914,NA,NA,Republican era,NA
35919,NA,NA,Republican era,NA
35921,NA,NA,Republican era,NA
35923,NA,NA,Republican era,NA
35925,NA,NA,Republican era,NA
35928,NA,NA,Republican era,NA
35930,NA,NA,Republican era,NA
35932,NA,NA,Republican era,NA
35934,NA,NA,Republican era,NA
35939,NA,NA,Republican era,NA
35942,NA,NA,Republican era,NA
35946,NA,NA,Republican era,NA
35952,NA,NA,Republican era,NA
35955,Zhongguo gongchengshi xuehui Wuhan fenhui 中國工程師學會武漢分會,NA,Republican era,NA
35962,NA,NA,Republican era,NA
35965,NA,NA,Republican era,NA
35969,NA,NA,Republican era,NA
35974,NA,NA,Republican era,NA
35976,NA,NA,Republican era,NA
35979,NA,NA,Republican era,NA
35981,NA,NA,Republican era,NA
35986,Chinese Institute of Mining and Metallurgy 中國礦冶工程學會,NA,Republican era,NA
35991,NA,NA,Republican era,NA
35998,NA,NA,Republican era,NA
36003,NA,NA,Republican era,NA
36008,NA,NA,Republican era,NA
36015,NA,NA,Republican era,NA
36019,NA,NA,Republican era,NA
36021,NA,NA,Republican era,NA
36023,NA,NA,Republican era,NA
36026,Chinese Institute of Mining and Metallurgy 中國礦冶工程學會,NA,Republican era,NA
36033,NA,NA,Republican era,NA
36037,NA,NA,Republican era,NA
36042,NA,NA,Republican era,NA
36044,NA,NA,Republican era,NA
36047,NA,NA,Republican era,NA
36048,NA,NA,Republican era,NA
36051,NA,NA,Republican era,NA
36054,NA,NA,Republican era,NA
36061,NA,NA,Republican era,NA
36063,Chinese Institute of Electrical Engineers 中國電機工程師學會,NA,Republican era,NA
36070,NA,NA,Republican era,NA
36074,NA,NA,Republican era,NA
36078,NA,NA,Republican era,NA
36081,NA,NA,Republican era,NA
36086,Chinese Institute of Mining and Metallurgy 中國礦冶工程學會,NA,Republican era,NA
36088,NA,NA,Republican era,NA
36091,NA,NA,Republican era,NA
36093,NA,NA,Republican era,NA
36095,NA,NA,Republican era,NA
36097,NA,NA,Republican era,NA
36106,NA,NA,Republican era,NA
36118,NA,NA,Republican era,NA
36122,NA,NA,Republican era,NA
36124,NA,NA,Republican era,NA
36126,NA,NA,Republican era,NA
36129,NA,NA,Republican era,NA
36132,NA,NA,Republican era,NA
36134,NA,NA,Republican era,NA
36137,NA,NA,Republican era,NA
36139,NA,NA,Republican era,NA
36141,NA,NA,Republican era,NA
36143,NA,NA,Republican era,NA
36145,NA,NA,Republican era,NA
36147,NA,NA,Republican era,NA
36149,NA,NA,Republican era,NA
36151,NA,NA,Republican era,NA
36155,NA,NA,Republican era,NA
36157,Chinese Institute of Electrical Engineers 中國電機工程師學會,NA,Republican era,NA
36168,NA,NA,Republican era,NA
36170,NA,NA,Republican era,NA
36178,NA,NA,Republican era,NA
36180,Lawyers' Club,NA,Republican era,NA
36180,Lotus Club,NA,Republican era,NA
36180,Downtown Athletic Club,NA,Republican era,NA
36180,Hempstead Yacht Club of Glen Cove,NA,Republican era,NA
36180,American Institute of Mining Engineers,NA,Republican era,NA
36180,Mining and Metallurgical Society of America,NA,Republican era,NA
36196,NA,NA,Republican era,NA
36198,NA,NA,Republican era,NA
36210,NA,NA,Republican era,NA
36212,NA,NA,Republican era,NA
36214,NA,NA,Republican era,NA
36216,NA,NA,Republican era,NA
36218,NA,NA,Republican era,NA
36220,NA,NA,Republican era,NA
36224,NA,NA,Republican era,NA
36226,NA,NA,Republican era,NA
36230,NA,NA,Republican era,NA
36232,NA,NA,Republican era,NA
36234,NA,NA,Republican era,NA
36239,NA,NA,Republican era,NA
36247,NA,NA,Republican era,NA
36249,NA,NA,Republican era,NA
36252,NA,NA,Republican era,NA
36254,NA,NA,Republican era,NA
36257,NA,NA,Republican era,NA
36259,NA,NA,Republican era,NA
36261,NA,NA,Republican era,NA
36266,NA,NA,Republican era,NA
36279,NA,NA,Republican era,NA
36287,NA,NA,Republican era,NA
36291,NA,NA,Republican era,NA
36297,NA,NA,Republican era,NA
36299,NA,NA,Republican era,NA
36301,NA,NA,Republican era,NA
36310,NA,NA,Republican era,NA
36312,China Hydraulic Engineering Society 中國水利工程學會,NA,Republican era,NA
36315,NA,NA,Republican era,NA
36320,Chinese Institute of Electrical Engineers 中國電機工程師學會,NA,Republican era,NA
36322,NA,NA,Republican era,NA
36334,NA,NA,Republican era,NA
36339,NA,NA,Republican era,NA
36342,NA,NA,Republican era,NA
36345,NA,NA,Republican era,NA
36347,NA,NA,Republican era,NA
36356,NA,NA,Republican era,NA
36358,NA,NA,Republican era,NA
36361,NA,NA,Republican era,NA
36365,NA,NA,Republican era,NA
36369,NA,NA,Republican era,NA
36372,NA,NA,Republican era,NA
36374,NA,NA,Republican era,NA
36381,NA,NA,Republican era,NA
36383,NA,NA,Republican era,NA
36386,NA,NA,Republican era,NA
36389,NA,NA,Republican era,NA
36393,NA,NA,Republican era,NA
36398,NA,NA,Republican era,NA
36402,NA,NA,Republican era,NA
36414,NA,NA,Republican era,NA
36416,NA,NA,Republican era,NA
36423,NA,NA,Republican era,NA
36425,NA,NA,Republican era,NA
36427,NA,NA,Republican era,NA
36428,NA,NA,Republican era,NA
36434,NA,NA,Republican era,NA
36438,NA,NA,Republican era,NA
36440,NA,NA,Republican era,NA
36442,NA,NA,Republican era,NA
36445,Chinese Institute of Engineers 中華工程師學會,NA,Republican era,NA
36449,NA,NA,Republican era,NA
36454,NA,NA,Republican era,NA
36469,NA,NA,Republican era,NA
36472,NA,NA,Republican era,NA
36478,China Power Engineering Society 中國動力工程學會,NA,Republican era,NA
36478,Chinese Institute of Electrical Engineers 中國電機工程師學會,NA,Republican era,NA
36478,China Engineering Society 中國工程學會,NA,Republican era,NA
36483,NA,NA,Republican era,NA
36485,NA,NA,Republican era,NA
36489,NA,NA,Republican era,NA
36491,NA,NA,Republican era,NA
36493,NA,NA,Republican era,NA
36495,NA,NA,Republican era,NA
36497,NA,NA,Republican era,NA
36511,NA,NA,Republican era,NA
36514,NA,NA,Republican era,NA
36516,NA,NA,Republican era,NA
36518,NA,NA,Republican era,NA
36521,NA,NA,Republican era,NA
36524,NA,NA,Republican era,NA
36529,Chinese Institute of Mining and Metallurgy 中國礦冶工程學會,NA,Republican era,NA
36542,NA,NA,Republican era,NA
36544,NA,NA,Republican era,NA
36549,NA,NA,Republican era,NA
36551,NA,NA,Republican era,NA
36554,Chinese Institute of Electrical Engineers 中國電機工程師學會,NA,Republican era,NA
36558,NA,NA,Republican era,NA
36565,NA,NA,Republican era,NA
36568,NA,NA,Republican era,NA
36571,Chinese Institute of Electrical Engineers 中國電機工程師學會,NA,Republican era,NA
36571,China Engineering Society 中國工程學會,NA,Republican era,NA
36578,NA,NA,Republican era,NA
36583,NA,NA,Republican era,NA
36589,NA,NA,Republican era,NA
36592,NA,NA,Republican era,NA
36600,NA,NA,Republican era,NA
36602,NA,NA,Republican era,NA
36621,NA,NA,Republican era,NA
36623,Chinese Institute of Engineers 中華工程師學會,NA,Republican era,NA
36623,China Hydraulic Engineering Society 中國水利工程學會,NA,Republican era,NA
36630,NA,NA,Republican era,NA
36632,NA,NA,Republican era,NA
36636,Chinese Institute of Electrical Engineers 中國電機工程師學會,NA,Republican era,NA
36641,Chinese Institute of Electrical Engineers 中國電機工程師學會,NA,Republican era,NA
36643,Chinese Institute of Engineers 中華工程師學會,NA,Republican era,NA
36645,NA,NA,Republican era,NA
36657,NA,NA,Republican era,NA
36671,NA,NA,Republican era,NA
36679,NA,NA,Republican era,NA
36681,Chinese Institute of Electrical Engineers 中國電機工程師學會,NA,Republican era,NA
36687,NA,NA,Republican era,NA
36695,NA,NA,Republican era,NA
36697,NA,NA,Republican era,NA
36710,NA,NA,Republican era,NA
36712,NA,NA,Republican era,NA
36717,NA,NA,Republican era,NA
36719,NA,NA,Republican era,NA
36722,NA,NA,Republican era,NA
36724,NA,NA,Republican era,NA
36726,NA,NA,Republican era,NA
36728,NA,NA,Republican era,NA
36732,NA,NA,Republican era,NA
36734,NA,NA,Republican era,NA
36740,NA,NA,Republican era,NA
36746,Chinese Institute of Electrical Engineers 中國電機工程師學會,NA,Republican era,NA
36749,NA,NA,Republican era,NA
36752,NA,NA,Republican era,NA
36754,NA,NA,Republican era,NA
36757,NA,NA,Republican era,NA
36759,Chinese Institute of Mining and Metallurgy 中國礦冶工程學會,NA,Republican era,NA
36768,NA,NA,Republican era,NA
36771,NA,NA,Republican era,NA
36773,NA,NA,Republican era,NA
36776,Chinese Institute of Mining and Metallurgy 中國礦冶工程學會,NA,Republican era,NA
36785,NA,NA,Republican era,NA
36788,Chinese Institute of Engineers 中華工程師學會,NA,Republican era,NA
36800,Chinese Institute of Engineers 中華工程師學會,NA,Republican era,NA
36800,Zhongguo gongchengshi xuehui Wuhan fenhui 中國工程師學會武漢分會,NA,Republican era,NA
36804,NA,NA,Republican era,NA
36806,NA,NA,Republican era,NA
36808,NA,NA,Republican era,NA
36812,NA,NA,Republican era,NA
36814,NA,NA,Republican era,NA
36817,Chinese Institute of Mining and Metallurgy 中國礦冶工程學會,NA,Republican era,NA
36823,NA,NA,Republican era,NA
36825,NA,NA,Republican era,NA
36827,NA,NA,Republican era,NA
36829,NA,NA,Republican era,NA
36831,NA,NA,Republican era,NA
36833,NA,NA,Republican era,NA
36836,NA,NA,Republican era,NA
36838,NA,NA,Republican era,NA
36847,NA,NA,Republican era,NA
36856,NA,NA,Republican era,NA
36858,NA,NA,Republican era,NA
36861,NA,NA,Republican era,NA
36864,NA,NA,Republican era,NA
36867,Chinese Institute of Mining and Metallurgy 中國礦冶工程學會,NA,Republican era,NA
36874,NA,NA,Republican era,NA
36883,NA,NA,Republican era,NA
36889,NA,NA,Republican era,NA
36892,NA,NA,Republican era,NA
36912,Chinese Institute of Mining and Metallurgy 中國礦冶工程學會,NA,Republican era,NA
36921,NA,NA,Republican era,NA
36923,NA,NA,Republican era,NA
36934,NA,NA,Republican era,NA
36937,NA,NA,Republican era,NA
36946,NA,NA,Republican era,NA
36948,NA,NA,Republican era,NA
36950,NA,NA,Republican era,NA
36963,China Power Engineering Society 中國動力工程學會,NA,Republican era,NA
36967,NA,NA,Republican era,NA
36969,NA,NA,Republican era,NA
36972,NA,NA,Republican era,NA
36974,NA,NA,Republican era,NA
36981,NA,NA,Republican era,NA
36987,NA,NA,Republican era,NA
36990,NA,NA,Republican era,NA
36993,NA,NA,Republican era,NA
36995,NA,NA,Republican era,NA
36997,NA,NA,Republican era,NA
36999,NA,NA,Republican era,NA
37001,NA,NA,Republican era,NA
37003,Chinese Institute of Electrical Engineers 中國電機工程師學會,NA,Republican era,NA
37005,NA,NA,Republican era,NA
37008,NA,NA,Republican era,NA
37010,NA,NA,Republican era,NA
37012,NA,NA,Republican era,NA
37014,NA,NA,Republican era,NA
37016,NA,NA,Republican era,NA
37023,NA,NA,Republican era,NA
37025,NA,NA,Republican era,NA
37027,NA,NA,Republican era,NA
37038,NA,NA,Republican era,NA
37042,NA,NA,Republican era,NA
37055,NA,NA,Republican era,NA
37059,Chinese Institute of Electrical Engineers 中國電機工程師學會,NA,Republican era,NA
37066,NA,NA,Republican era,NA
37072,NA,NA,Republican era,NA
37075,NA,NA,Republican era,NA
37078,NA,NA,Republican era,NA
37080,NA,NA,Republican era,NA
37083,NA,NA,Republican era,NA
37093,NA,NA,Republican era,NA
37103,NA,NA,Republican era,NA
37107,NA,NA,Republican era,NA
37110,NA,NA,Republican era,NA
37112,Chinese Institute of Mining and Metallurgy 中國礦冶工程學會,NA,Republican era,NA
37115,NA,NA,Republican era,NA
37117,NA,NA,Republican era,NA
37119,NA,NA,Republican era,NA
37121,NA,NA,Republican era,NA
37124,NA,NA,Republican era,NA
37126,NA,NA,Republican era,NA
37128,NA,NA,Republican era,NA
37131,NA,NA,Republican era,NA
37138,NA,NA,Republican era,NA
37143,Chinese Institute of Mining and Metallurgy 中國礦冶工程學會,NA,Republican era,NA
37145,China Hydraulic Engineering Society 中國水利工程學會,NA,Republican era,NA
37149,NA,NA,Republican era,NA
37171,NA,NA,Republican era,NA
37173,NA,NA,Republican era,NA
37175,NA,NA,Republican era,NA
37177,Zhuyin Propagation Society 注音字母傳佈會,NA,Republican era,NA
37187,NA,NA,Republican era,NA
37189,NA,NA,Republican era,NA
37191,NA,NA,Republican era,NA
37193,NA,NA,Republican era,NA
37195,NA,NA,Republican era,NA
37199,NA,NA,Republican era,NA
37201,NA,NA,Republican era,NA
37204,NA,NA,Republican era,NA
37206,NA,NA,Republican era,NA
37210,NA,NA,Republican era,NA
37212,NA,NA,Republican era,NA
37215,NA,NA,Republican era,NA
37217,NA,NA,Republican era,NA
37219,Chinese Institute of Engineers 中華工程師學會,NA,Republican era,NA
37241,NA,NA,Republican era,NA
37252,Chinese Institute of Mining and Metallurgy 中國礦冶工程學會,NA,Republican era,NA
37260,NA,NA,Republican era,NA
37268,NA,NA,Republican era,NA
37270,NA,NA,Republican era,NA
37274,NA,NA,Republican era,NA
37281,NA,NA,Republican era,NA
37285,NA,NA,Republican era,NA
37290,NA,NA,Republican era,NA
37292,NA,NA,Republican era,NA
37297,NA,NA,Republican era,NA
37307,China Hydraulic Engineering Society 中國水利工程學會,NA,Republican era,NA
37320,NA,NA,Republican era,NA
37329,NA,NA,Republican era,NA
37331,NA,NA,Republican era,NA
37336,NA,NA,Republican era,NA
37341,NA,NA,Republican era,NA
37347,NA,NA,Republican era,NA
37348,NA,NA,Republican era,NA
37354,NA,NA,Republican era,NA
37358,China Engineering Society 中國工程學會,NA,Republican era,NA
37365,NA,NA,Republican era,NA
37369,NA,NA,Republican era,NA
37376,NA,NA,Republican era,NA
37381,NA,NA,Republican era,NA
37383,NA,NA,Republican era,NA
37386,NA,NA,Republican era,NA
37389,NA,NA,Republican era,NA
37397,NA,NA,Republican era,NA
37403,NA,NA,Republican era,NA
37409,NA,NA,Republican era,NA
37411,NA,NA,Republican era,NA
37413,NA,NA,Republican era,NA
37418,NA,NA,Republican era,NA
37420,NA,NA,Republican era,NA
37422,NA,NA,Republican era,NA
37424,Chinese Institute of Mining and Metallurgy 中國礦冶工程學會,NA,Republican era,NA
37432,Chinese Institute of Mining and Metallurgy 中國礦冶工程學會,NA,Republican era,NA
37437,NA,NA,Republican era,NA
37445,NA,NA,Republican era,NA
37447,NA,NA,Republican era,NA
37449,NA,NA,Republican era,NA
37451,NA,NA,Republican era,NA
37453,NA,NA,Republican era,NA
37455,Chinese Institute of Electrical Engineers 中國電機工程師學會,NA,Republican era,NA
37461,NA,NA,Republican era,NA
37464,Chinese Institute of Engineers 中華工程師學會,NA,Republican era,NA
37466,NA,NA,Republican era,NA
37469,NA,NA,Republican era,NA
37471,NA,NA,Republican era,NA
37477,NA,NA,Republican era,NA
37479,NA,NA,Republican era,NA
37483,NA,NA,Republican era,NA
37487,NA,NA,Republican era,NA
37490,NA,NA,Republican era,NA
37492,China Power Engineering Society 中國動力工程學會,NA,Republican era,NA
37492,Chinese Institute of Electrical Engineers 中國電機工程師學會,NA,Republican era,NA
37496,NA,NA,Republican era,NA
37498,NA,NA,Republican era,NA
37500,NA,NA,Republican era,NA
37506,NA,NA,Republican era,NA
37509,NA,NA,Republican era,NA
37512,NA,NA,Republican era,NA
37519,NA,NA,Republican era,NA
37525,NA,NA,Republican era,NA
37529,NA,NA,Republican era,NA
37531,NA,NA,Republican era,NA
37534,NA,NA,Republican era,NA
37536,NA,NA,Republican era,NA
37537,NA,NA,Republican era,NA
37541,NA,NA,Republican era,NA
37543,NA,NA,Republican era,NA
37545,NA,NA,Republican era,NA
37549,NA,NA,Republican era,NA
37551,NA,NA,Republican era,NA
37559,NA,NA,Republican era,NA
37561,NA,NA,Republican era,NA
37565,NA,NA,Republican era,NA
37568,Chinese Institute of Mining and Metallurgy 中國礦冶工程學會,NA,Republican era,NA
37574,Chinese Institute of Mining and Metallurgy 中國礦冶工程學會,NA,Republican era,NA
37582,NA,NA,Republican era,NA
37584,NA,NA,Republican era,NA
37588,NA,NA,Republican era,NA
37590,NA,NA,Republican era,NA
37601,NA,NA,Republican era,NA
37604,NA,NA,Republican era,NA
37607,NA,NA,Republican era,NA
37612,NA,NA,Republican era,NA
37623,NA,NA,Republican era,NA
37625,NA,NA,Republican era,NA
37627,NA,NA,Republican era,NA
37630,NA,NA,Republican era,NA
37647,NA,NA,Republican era,NA
37650,Chinese Institute of Electrical Engineers 中國電機工程師學會,NA,Republican era,NA
37658,NA,NA,Republican era,NA
37661,NA,NA,Republican era,NA
37671,NA,NA,Republican era,NA
37673,NA,NA,Republican era,NA
37676,NA,NA,Republican era,NA
37679,NA,NA,Republican era,NA
37681,NA,NA,Republican era,NA
37684,NA,NA,Republican era,NA
37688,NA,NA,Republican era,NA
37690,NA,NA,Republican era,NA
37692,NA,NA,Republican era,NA
37695,NA,NA,Republican era,NA
37697,NA,NA,Republican era,NA
37699,NA,NA,Republican era,NA
37702,NA,NA,Republican era,NA
37704,NA,NA,Republican era,NA
37711,NA,NA,Republican era,NA
37713,NA,NA,Republican era,NA
37715,NA,NA,Republican era,NA
37717,NA,NA,Republican era,NA
37719,NA,NA,Republican era,NA
37725,NA,NA,Republican era,NA
37727,NA,NA,Republican era,NA
37729,NA,NA,Republican era,NA
37731,NA,NA,Republican era,NA
37733,NA,NA,Republican era,NA
37736,NA,NA,Republican era,NA
37743,Chinese Institute of Mining and Metallurgy 中國礦冶工程學會,NA,Republican era,NA
37746,NA,NA,Republican era,NA
37749,NA,NA,Republican era,NA
37750,China Power Engineering Society 中國動力工程學會,NA,Republican era,NA
37750,Chinese Institute of Electrical Engineers 中國電機工程師學會,NA,Republican era,NA
37767,NA,NA,Republican era,NA
37769,NA,NA,Republican era,NA
37783,NA,NA,Republican era,NA
37789,NA,NA,Republican era,NA
37792,NA,NA,Republican era,NA
37798,NA,NA,Republican era,NA
37801,NA,NA,Republican era,NA
37821,NA,NA,Republican era,NA
37823,NA,NA,Republican era,NA
37843,NA,NA,Republican era,NA
37845,NA,NA,Republican era,NA
37848,NA,NA,Republican era,NA
37851,NA,NA,Republican era,NA
37853,NA,NA,Republican era,NA
37855,NA,NA,Republican era,NA
37857,NA,NA,Republican era,NA
37861,Chinese Institute of Mining and Metallurgy 中國礦冶工程學會,NA,Republican era,NA
37868,NA,NA,Republican era,NA
37872,NA,NA,Republican era,NA
37874,NA,NA,Republican era,NA
37876,NA,NA,Republican era,NA
37878,NA,NA,Republican era,NA
37880,NA,NA,Republican era,NA
37882,NA,NA,Republican era,NA
37885,NA,NA,Republican era,NA
37889,NA,NA,Republican era,NA
37892,NA,NA,Republican era,NA
37895,NA,NA,Republican era,NA
37902,NA,NA,Republican era,NA
37904,NA,NA,Republican era,NA
37907,NA,NA,Republican era,NA
37920,NA,NA,Republican era,NA
37923,NA,NA,Republican era,NA
37926,Zhongguo gongchengshi xuehui Wuhan fenhui 中國工程師學會武漢分會,NA,Republican era,NA
37929,NA,NA,Republican era,NA
37932,Chinese Institute of Mining and Metallurgy 中國礦冶工程學會,NA,Republican era,NA
37940,Chinese Institute of Engineers 中華工程師學會,NA,Republican era,NA
37949,Chinese Institute of Mining and Metallurgy 中國礦冶工程學會,NA,Republican era,NA
37960,NA,NA,Republican era,NA
37967,NA,NA,Republican era,NA
37970,NA,NA,Republican era,NA
37973,NA,NA,Republican era,NA
37975,NA,NA,Republican era,NA
37981,NA,NA,Republican era,NA
37987,NA,NA,Republican era,NA
37991,NA,NA,Republican era,NA
37993,NA,NA,Republican era,NA
37997,NA,NA,Republican era,NA
37999,NA,NA,Republican era,NA
38002,NA,NA,Republican era,NA
38009,NA,NA,Republican era,NA
38013,NA,NA,Republican era,NA
38015,China Hydraulic Engineering Society 中國水利工程學會,NA,Republican era,NA
38015,China Engineering Society 中國工程學會,NA,Republican era,NA
38025,NA,NA,Republican era,NA
38036,NA,NA,Republican era,NA
38039,NA,NA,Republican era,NA
38042,NA,NA,Republican era,NA
38044,NA,NA,Republican era,NA
38046,NA,NA,Republican era,NA
38048,NA,NA,Republican era,NA
38050,NA,NA,Republican era,NA
38052,NA,NA,Republican era,NA
38054,NA,NA,Republican era,NA
38060,NA,NA,Republican era,NA
38062,NA,NA,Republican era,NA
38064,NA,NA,Republican era,NA
38068,Chinese Institute of Mining and Metallurgy 中國礦冶工程學會,NA,Republican era,NA
38079,NA,NA,Republican era,NA
38093,Chinese Institute of Electrical Engineers 中國電機工程師學會,NA,Republican era,NA
38098,NA,NA,Republican era,NA
38122,NA,NA,Republican era,NA
38127,NA,NA,Republican era,NA
38129,NA,NA,Republican era,NA
38131,NA,NA,Republican era,NA
38133,NA,NA,Republican era,NA
38135,NA,NA,Republican era,NA
38138,NA,NA,Republican era,NA
38144,NA,NA,Republican era,NA
38147,Chinese Institute of Mining and Metallurgy 中國礦冶工程學會,NA,Republican era,NA
38153,Chinese Institute of Electrical Engineers 中國電機工程師學會,NA,Republican era,NA
38159,Chinese Institute of Electrical Engineers 中國電機工程師學會,NA,Republican era,NA
38170,NA,NA,Republican era,NA
38175,NA,NA,Republican era,NA
38177,NA,NA,Republican era,NA
38179,NA,NA,Republican era,NA
38183,NA,NA,Republican era,NA
38186,NA,NA,Republican era,NA
38190,NA,NA,Republican era,NA
38192,NA,NA,Republican era,NA
38197,NA,NA,Republican era,NA
38199,NA,NA,Republican era,NA
38201,NA,NA,Republican era,NA
38203,NA,NA,Republican era,NA
38205,NA,NA,Republican era,NA
38207,NA,NA,Republican era,NA
38210,NA,NA,Republican era,NA
38212,NA,NA,Republican era,NA
38220,NA,NA,Republican era,NA
38224,NA,NA,Republican era,NA
38226,NA,NA,Republican era,NA
38232,NA,NA,Republican era,NA
38244,NA,NA,Republican era,NA
38246,NA,NA,Republican era,NA
38248,NA,NA,Republican era,NA
38250,NA,NA,Republican era,NA
38252,NA,NA,Republican era,NA
38254,NA,NA,Republican era,NA
38260,American Ceramic Society,NA,Republican era,NA
38260,Chinese Society of Chemical Industries 中國化學工業會,NA,Republican era,NA
38264,NA,NA,Republican era,NA
38267,NA,NA,Republican era,NA
38269,NA,NA,Republican era,NA
38271,NA,NA,Republican era,NA
38274,NA,NA,Republican era,NA
38276,NA,NA,Republican era,NA
38278,NA,NA,Republican era,NA
38286,China Hydraulic Engineering Society 中國水利工程學會,NA,Republican era,NA
38300,NA,NA,Republican era,NA
38304,NA,NA,Republican era,NA
38308,NA,NA,Republican era,NA
38311,Chinese Institute of Mining and Metallurgy 中國礦冶工程學會,NA,Republican era,NA
38319,NA,NA,Republican era,NA
38321,Chinese Institute of Engineers 中華工程師學會,NA,Republican era,NA
38324,NA,NA,Republican era,NA
38327,NA,NA,Republican era,NA
38331,NA,NA,Republican era,NA
38336,NA,NA,Republican era,NA
38338,NA,NA,Republican era,NA
38340,NA,NA,Republican era,NA
38342,NA,NA,Republican era,NA
38346,NA,NA,Republican era,NA
38350,Chinese Institute of Electrical Engineers 中國電機工程師學會,NA,Republican era,NA
38363,NA,NA,Republican era,NA
38375,NA,NA,Republican era,NA
38379,NA,NA,Republican era,NA
38381,NA,NA,Republican era,NA
38383,NA,NA,Republican era,NA
38386,NA,NA,Republican era,NA
38388,NA,NA,Republican era,NA
38390,NA,NA,Republican era,NA
38392,Chinese Institute of Engineers 中華工程師學會,NA,Republican era,NA
38398,NA,NA,Republican era,NA
38405,NA,NA,Republican era,NA
38408,NA,NA,Republican era,NA
38410,NA,NA,Republican era,NA
38414,NA,NA,Republican era,NA
38416,NA,NA,Republican era,NA
38418,NA,NA,Republican era,NA
38420,NA,NA,Republican era,NA
38422,NA,NA,Republican era,NA
38424,NA,NA,Republican era,NA
38439,NA,NA,Republican era,NA
38443,NA,NA,Republican era,NA
38447,NA,NA,Republican era,NA
38449,NA,NA,Republican era,NA
38451,NA,NA,Republican era,NA
38453,NA,NA,Republican era,NA
38455,NA,NA,Republican era,NA
38461,NA,NA,Republican era,NA
38463,NA,NA,Republican era,NA
38466,NA,NA,Republican era,NA
38470,NA,NA,Republican era,NA
38472,NA,NA,Republican era,NA
38474,Chinese Institute of Mining and Metallurgy 中國礦冶工程學會,NA,Republican era,NA
38484,NA,NA,Republican era,NA
38486,NA,NA,Republican era,NA
38488,NA,NA,Republican era,NA
38490,NA,NA,Republican era,NA
38492,NA,NA,Republican era,NA
38494,NA,NA,Republican era,NA
38496,NA,NA,Republican era,NA
38499,NA,NA,Republican era,NA
38508,NA,NA,Republican era,NA
38512,NA,NA,Republican era,NA
38514,NA,NA,Republican era,NA
38517,NA,NA,Republican era,NA
38520,NA,NA,Republican era,NA
38522,NA,NA,Republican era,NA
38524,German Engineers' Association VDI,NA,Republican era,NA
38549,NA,NA,Republican era,NA
38551,NA,NA,Republican era,NA
38555,NA,NA,Republican era,NA
38557,Chinese Institute of Electrical Engineers 中國電機工程師學會,NA,Republican era,NA
38569,NA,NA,Republican era,NA
38578,NA,NA,Republican era,NA
38581,NA,NA,Republican era,NA
38583,NA,NA,Republican era,NA
38585,NA,NA,Republican era,NA
38587,NA,NA,Republican era,NA
38589,NA,NA,Republican era,NA
38592,NA,NA,Republican era,NA
38595,NA,NA,Republican era,NA
38597,NA,NA,Republican era,NA
38601,Chinese Institute of Mining and Metallurgy 中國礦冶工程學會,NA,Republican era,NA
38612,NA,NA,Republican era,NA
38614,NA,NA,Republican era,NA
38616,NA,NA,Republican era,NA
38618,NA,NA,Republican era,NA
38628,China Engineering Society 中國工程學會,NA,Republican era,NA
38633,NA,NA,Republican era,NA
38635,NA,NA,Republican era,NA
38637,NA,NA,Republican era,NA
38639,NA,NA,Republican era,NA
38641,NA,NA,Republican era,NA
38644,NA,NA,Republican era,NA
38646,NA,NA,Republican era,NA
38648,NA,NA,Republican era,NA
38650,NA,NA,Republican era,NA
38654,NA,NA,Republican era,NA
38658,NA,NA,Republican era,NA
38660,NA,NA,Republican era,NA
38662,NA,NA,Republican era,NA
38665,NA,NA,Republican era,NA
38667,NA,NA,Republican era,NA
38679,NA,NA,Republican era,NA
38681,NA,NA,Republican era,NA
38685,NA,NA,Republican era,NA
38692,NA,NA,Republican era,NA
38701,NA,NA,Republican era,NA
38704,NA,NA,Republican era,NA
38706,Chinese Institute of Electrical Engineers 中國電機工程師學會,NA,Republican era,NA
38714,NA,NA,Republican era,NA
38721,NA,NA,Republican era,NA
38723,NA,NA,Republican era,NA
38732,NA,NA,Republican era,NA
38734,NA,NA,Republican era,NA
38738,NA,NA,Republican era,NA
38740,NA,NA,Republican era,NA
38742,NA,NA,Republican era,NA
38749,NA,NA,Republican era,NA
38751,NA,NA,Republican era,NA
38753,NA,NA,Republican era,NA
38763,NA,NA,Republican era,NA
38765,NA,NA,Republican era,NA
38774,NA,NA,Republican era,NA
38776,NA,NA,Republican era,NA
38779,NA,NA,Republican era,NA
38784,NA,NA,Republican era,NA
38786,NA,NA,Republican era,NA
38788,NA,NA,Republican era,NA
38790,NA,NA,Republican era,NA
38792,NA,NA,Republican era,NA
38797,NA,NA,Republican era,NA
38802,NA,NA,Republican era,NA
38804,NA,NA,Republican era,NA
38807,NA,NA,Republican era,NA
38809,NA,NA,Republican era,NA
38811,NA,NA,Republican era,NA
38817,NA,NA,Republican era,NA
38824,NA,NA,Republican era,NA
38826,NA,NA,Republican era,NA
38833,NA,NA,Republican era,NA
38839,NA,NA,Republican era,NA
38841,NA,NA,Republican era,NA
38845,NA,NA,Republican era,NA
38847,NA,NA,Republican era,NA
38849,NA,NA,Republican era,NA
38850,NA,NA,Republican era,NA
38853,NA,NA,Republican era,NA
38856,NA,NA,Republican era,NA
38860,Chinese Institute of Electrical Engineers 中國電機工程師學會,NA,Republican era,NA
38864,NA,NA,Republican era,NA
38871,NA,NA,Republican era,NA
38873,NA,NA,Republican era,NA
38878,NA,NA,Republican era,NA
38880,NA,NA,Republican era,NA
38881,NA,NA,Republican era,NA
38885,NA,NA,Republican era,NA
38886,NA,NA,Republican era,NA
38888,NA,NA,Republican era,NA
38894,NA,NA,Republican era,NA
38896,NA,NA,Republican era,NA
38900,NA,NA,Republican era,NA
38903,NA,NA,Republican era,NA
38905,NA,NA,Republican era,NA
38910,NA,NA,Republican era,NA
38912,NA,NA,Republican era,NA
38914,NA,NA,Republican era,NA
38915,NA,NA,Republican era,NA
38922,NA,NA,Republican era,NA
38926,NA,NA,Republican era,NA
38928,NA,NA,Republican era,NA
38930,NA,NA,Republican era,NA
38934,NA,NA,Republican era,NA
38936,NA,NA,Republican era,NA
38937,NA,NA,Republican era,NA
38939,NA,NA,Republican era,NA
38948,NA,NA,Republican era,NA
38950,NA,NA,Republican era,NA
38952,Chinese Institute of Engineers 中華工程師學會,NA,Republican era,NA
38953,NA,NA,Republican era,NA
38964,NA,NA,Republican era,NA
38970,NA,NA,Republican era,NA
38972,NA,NA,Republican era,NA
38975,NA,NA,Republican era,NA
38987,Chinese Institute of Mining and Metallurgy 中國礦冶工程學會,NA,Republican era,NA
38987,Zhongguo gongchengshi xuehui Wuhan fenhui 中國工程師學會武漢分會,NA,Republican era,NA
38990,NA,NA,Republican era,NA
38992,NA,NA,Republican era,NA
38994,NA,NA,Republican era,NA
38996,NA,NA,Republican era,NA
38998,NA,NA,Republican era,NA
39003,NA,NA,Republican era,NA
39004,NA,NA,Republican era,NA
39007,NA,NA,Republican era,NA
39014,NA,NA,Republican era,NA
39017,NA,NA,Republican era,NA
39019,NA,NA,Republican era,NA
39023,NA,NA,Republican era,NA
39026,NA,NA,Republican era,NA
39033,NA,NA,Republican era,NA
39034,NA,NA,Republican era,NA
39036,NA,NA,Republican era,NA
39039,NA,NA,Republican era,NA
39043,NA,NA,Republican era,NA
39046,NA,NA,Republican era,NA
39047,NA,NA,Republican era,NA
39071,NA,NA,Republican era,NA
39074,NA,NA,Republican era,NA
39079,NA,NA,Republican era,NA
39083,NA,NA,Republican era,NA
39087,NA,NA,Republican era,NA
39090,NA,NA,Republican era,NA
39097,NA,NA,Republican era,NA
39099,NA,NA,Republican era,NA
39100,NA,NA,Republican era,NA
39102,NA,NA,Republican era,NA
39106,NA,NA,Republican era,NA
39107,NA,NA,Republican era,NA
39115,NA,NA,Republican era,NA
39117,NA,NA,Republican era,NA
39119,Chinese Institute of Electrical Engineers 中國電機工程師學會,NA,Republican era,NA
39126,NA,NA,Republican era,NA
39132,NA,NA,Republican era,NA
39136,NA,NA,Republican era,NA
39138,NA,NA,Republican era,NA
39140,NA,NA,Republican era,NA
39145,NA,NA,Republican era,NA
39147,NA,NA,Republican era,NA
39150,NA,NA,Republican era,NA
39152,NA,NA,Republican era,NA
39154,NA,NA,Republican era,NA
39156,NA,NA,Republican era,NA
39162,NA,NA,Republican era,NA
39167,NA,NA,Republican era,NA
39171,NA,NA,Republican era,NA
39173,NA,NA,Republican era,NA
39176,NA,NA,Republican era,NA
39178,NA,NA,Republican era,NA
39180,NA,NA,Republican era,NA
39184,NA,NA,Republican era,NA
39187,NA,NA,Republican era,NA
39189,NA,NA,Republican era,NA
39191,NA,NA,Republican era,NA
39202,NA,NA,Republican era,NA
39204,NA,NA,Republican era,NA
39207,NA,NA,Republican era,NA
39209,NA,NA,Republican era,NA
39212,NA,NA,Republican era,NA
39214,NA,NA,Republican era,NA
39219,NA,NA,Republican era,NA
39222,NA,NA,Republican era,NA
39226,NA,NA,Republican era,NA
39232,NA,NA,Republican era,NA
39234,NA,NA,Republican era,NA
39236,NA,NA,Republican era,NA
39238,NA,NA,Republican era,NA
39244,NA,NA,Republican era,NA
39252,NA,NA,Republican era,NA
39254,NA,NA,Republican era,NA
39256,NA,NA,Republican era,NA
39258,NA,NA,Republican era,NA
39266,NA,NA,Republican era,NA
39268,NA,NA,Republican era,NA
39276,Chinese Institute of Mining and Metallurgy 中國礦冶工程學會,NA,Republican era,NA
39279,NA,NA,Republican era,NA
39285,NA,NA,Republican era,NA
39289,NA,NA,Republican era,NA
39291,NA,NA,Republican era,NA
39301,NA,NA,Republican era,NA
39303,NA,NA,Republican era,NA
39307,NA,NA,Republican era,NA
39317,NA,NA,Republican era,NA
39321,China Power Engineering Society 中國動力工程學會,NA,Republican era,NA
39327,NA,NA,Republican era,NA
39329,NA,NA,Republican era,NA
39331,NA,NA,Republican era,NA
39333,NA,NA,Republican era,NA
39336,NA,NA,Republican era,NA
39338,NA,NA,Republican era,NA
39340,Chinese Institute of Electrical Engineers 中國電機工程師學會,NA,Republican era,NA
39342,NA,NA,Republican era,NA
39344,NA,NA,Republican era,NA
39346,NA,NA,Republican era,NA
39348,NA,NA,Republican era,NA
39353,NA,NA,Republican era,NA
39355,NA,NA,Republican era,NA
39368,NA,NA,Republican era,NA
39370,NA,NA,Republican era,NA
39373,NA,NA,Republican era,NA
39375,Chinese Institute of Electrical Engineers 中國電機工程師學會,NA,Republican era,NA
39380,NA,NA,Republican era,NA
39383,NA,NA,Republican era,NA
39387,NA,NA,Republican era,NA
39395,China Colourists’ Association 中國染化工程學會,NA,Republican era,NA
39397,NA,NA,Republican era,NA
39403,NA,NA,Republican era,NA
39405,NA,NA,Republican era,NA
39408,NA,NA,Republican era,NA
39415,NA,NA,Republican era,NA
39417,NA,NA,Republican era,NA
39419,NA,NA,Republican era,NA
39427,NA,NA,Republican era,NA
39429,NA,NA,Republican era,NA
39435,NA,NA,Republican era,NA
39438,NA,NA,Republican era,NA
39441,NA,NA,Republican era,NA
39443,NA,NA,Republican era,NA
39445,NA,NA,Republican era,NA
39452,Chinese Institute of Engineers 中華工程師學會,NA,Republican era,NA
39455,NA,NA,Republican era,NA
39457,NA,NA,Republican era,NA
39459,NA,NA,Republican era,NA
39461,NA,NA,Republican era,NA
39480,NA,NA,Republican era,NA
39483,NA,NA,Republican era,NA
39485,NA,NA,Republican era,NA
39489,NA,NA,Republican era,NA
39493,NA,NA,Republican era,NA
39495,NA,NA,Republican era,NA
39499,NA,NA,Republican era,NA
39501,NA,NA,Republican era,NA
39504,NA,NA,Republican era,NA
39507,NA,NA,Republican era,NA
39509,NA,NA,Republican era,NA
39516,NA,NA,Republican era,NA
39519,NA,NA,Republican era,NA
39526,NA,NA,Republican era,NA
39542,NA,NA,Republican era,NA
39544,NA,NA,Republican era,NA
39546,NA,NA,Republican era,NA
39548,NA,NA,Republican era,NA
39554,NA,NA,Republican era,NA
39557,NA,NA,Republican era,NA
39564,NA,NA,Republican era,NA
39566,NA,NA,Republican era,NA
39570,NA,NA,Republican era,NA
39574,NA,NA,Republican era,NA
39586,Chinese Institute of Electrical Engineers 中國電機工程師學會,NA,Republican era,NA
39594,NA,NA,Republican era,NA
39596,NA,NA,Republican era,NA
39609,NA,NA,Republican era,NA
39611,NA,NA,Republican era,NA
39618,NA,NA,Republican era,NA
39620,NA,NA,Republican era,NA
39633,Chinese Institute of Electrical Engineers 中國電機工程師學會,NA,Republican era,NA
39637,NA,NA,Republican era,NA
39639,NA,NA,Republican era,NA
39641,NA,NA,Republican era,NA
39646,NA,NA,Republican era,NA
39648,NA,NA,Republican era,NA
39650,NA,NA,Republican era,NA
39652,NA,NA,Republican era,NA
39656,NA,NA,Republican era,NA
39658,NA,NA,Republican era,NA
39660,NA,NA,Republican era,NA
39673,NA,NA,Republican era,NA
39678,NA,NA,Republican era,NA
39680,NA,NA,Republican era,NA
39683,NA,NA,Republican era,NA
39686,NA,NA,Republican era,NA
39691,NA,NA,Republican era,NA
39694,NA,NA,Republican era,NA
39702,NA,NA,Republican era,NA
39710,NA,NA,Republican era,NA
39712,Chinese Institute of Electrical Engineers 中國電機工程師學會,NA,Republican era,NA
39714,NA,NA,Republican era,NA
39716,NA,NA,Republican era,NA
39718,NA,NA,Republican era,NA
39720,NA,NA,Republican era,NA
39722,NA,NA,Republican era,NA
39724,NA,NA,Republican era,NA
39727,NA,NA,Republican era,NA
39729,NA,NA,Republican era,NA
39735,NA,NA,Republican era,NA
39754,NA,NA,Republican era,NA
39756,NA,NA,Republican era,NA
39758,NA,NA,Republican era,NA
39762,NA,NA,Republican era,NA
39764,NA,NA,Republican era,NA
39778,NA,NA,Republican era,NA
39780,NA,NA,Republican era,NA
39783,NA,NA,Republican era,NA
39787,NA,NA,Republican era,NA
39789,NA,NA,Republican era,NA
39796,NA,NA,Republican era,NA
39811,Chinese Institute of Electrical Engineers 中國電機工程師學會,NA,Republican era,NA
39828,NA,NA,Republican era,NA
39831,NA,NA,Republican era,NA
39833,NA,NA,Republican era,NA
39835,NA,NA,Republican era,NA
39840,NA,NA,Republican era,NA
39842,Chinese Institute of Mining and Metallurgy 中國礦冶工程學會,NA,Republican era,NA
39850,NA,NA,Republican era,NA
39861,NA,NA,Republican era,NA
39863,NA,NA,Republican era,NA
39874,NA,NA,Republican era,NA
39877,NA,NA,Republican era,NA
39879,Chinese Institute of Electrical Engineers 中國電機工程師學會,NA,Republican era,NA
39882,NA,NA,Republican era,NA
39888,NA,NA,Republican era,NA
39890,NA,NA,Republican era,NA
39902,NA,NA,Republican era,NA
39904,NA,NA,Republican era,NA
39906,NA,NA,Republican era,NA
39908,NA,NA,Republican era,NA
39910,NA,NA,Republican era,NA
39914,Zhongguo gongchengshi xuehui Wuhan fenhui 中國工程師學會武漢分會,NA,Republican era,NA
39919,NA,NA,Republican era,NA
39922,Zhongguo gongchengshi xuehui Wuhan fenhui 中國工程師學會武漢分會,NA,Republican era,NA
39925,NA,NA,Republican era,NA
39927,Chinese Institute of Engineers 中華工程師學會,NA,Republican era,NA
39946,NA,NA,Republican era,NA
39948,NA,NA,Republican era,NA
39951,NA,NA,Republican era,NA
39960,NA,NA,Republican era,NA
39972,NA,NA,Republican era,NA
39975,NA,NA,Republican era,NA
39978,Chinese Institute of Mining and Metallurgy 中國礦冶工程學會,NA,Republican era,NA
39978,Chinese Institute of Engineers 中華工程師學會,NA,Republican era,NA
39991,NA,NA,Republican era,NA
39999,NA,NA,Republican era,NA
40001,NA,NA,Republican era,NA
40003,NA,NA,Republican era,NA
40005,NA,NA,Republican era,NA
40007,NA,NA,Republican era,NA
40009,NA,NA,Republican era,NA
40011,NA,NA,Republican era,NA
40025,NA,NA,Republican era,NA
40029,NA,NA,Republican era,NA
40031,NA,NA,Republican era,NA
40033,NA,NA,Republican era,NA
40040,NA,NA,Republican era,NA
40042,NA,NA,Republican era,NA
40047,Chinese Institute of Electrical Engineers 中國電機工程師學會,NA,Republican era,NA
40049,NA,NA,Republican era,NA
40051,NA,NA,Republican era,NA
40055,NA,NA,Republican era,NA
40057,NA,NA,Republican era,NA
40066,NA,NA,Republican era,NA
40069,NA,NA,Republican era,NA
40073,NA,NA,Republican era,NA
40075,NA,NA,Republican era,NA
40077,NA,NA,Republican era,NA
40081,NA,NA,Republican era,NA
40089,NA,NA,Republican era,NA
40099,NA,NA,Republican era,NA
40102,NA,NA,Republican era,NA
40105,NA,NA,Republican era,NA
40111,NA,NA,Republican era,NA
40113,NA,NA,Republican era,NA
40120,NA,NA,Republican era,NA
40122,NA,NA,Republican era,NA
40127,NA,NA,Republican era,NA
40129,NA,NA,Republican era,NA
40131,NA,NA,Republican era,NA
40134,NA,NA,Republican era,NA
40136,NA,NA,Republican era,NA
40138,NA,NA,Republican era,NA
40140,NA,NA,Republican era,NA
40143,NA,NA,Republican era,NA
40151,Chinese Institute of Electrical Engineers 中國電機工程師學會,NA,Republican era,NA
40167,NA,NA,Republican era,NA
40169,NA,NA,Republican era,NA
40171,NA,NA,Republican era,NA
40174,Chinese Institute of Electrical Engineers 中國電機工程師學會,NA,Republican era,NA
40180,NA,NA,Republican era,NA
40183,NA,NA,Republican era,NA
40185,NA,NA,Republican era,NA
40192,NA,NA,Republican era,NA
40194,NA,NA,Republican era,NA
40196,NA,NA,Republican era,NA
40198,NA,NA,Republican era,NA
40201,NA,NA,Republican era,NA
40203,NA,NA,Republican era,NA
40205,NA,NA,Republican era,NA
40223,NA,NA,Republican era,NA
40225,NA,NA,Republican era,NA
40226,Chinese Institute of Electrical Engineers 中國電機工程師學會,NA,Republican era,NA
40233,NA,NA,Republican era,NA
40235,Chinese Institute of Mining and Metallurgy 中國礦冶工程學會,NA,Republican era,NA
40244,NA,NA,Republican era,NA
40250,NA,NA,Republican era,NA
40252,NA,NA,Republican era,NA
40255,NA,NA,Republican era,NA
40257,NA,NA,Republican era,NA
40259,NA,NA,Republican era,NA
40261,NA,NA,Republican era,NA
40263,Chinese Institute of Mining and Metallurgy 中國礦冶工程學會,NA,Republican era,NA
40270,NA,NA,Republican era,NA
40280,NA,NA,Republican era,NA
40288,NA,NA,Republican era,NA
40290,NA,NA,Republican era,NA
40292,NA,NA,Republican era,NA
40302,NA,NA,Republican era,NA
40304,NA,NA,Republican era,NA
40308,NA,NA,Republican era,NA
40310,Chinese Institute of Mining and Metallurgy 中國礦冶工程學會,NA,Republican era,NA
40312,NA,NA,Republican era,NA
40314,NA,NA,Republican era,NA
40316,NA,NA,Republican era,NA
40321,NA,NA,Republican era,NA
40323,NA,NA,Republican era,NA
40325,NA,NA,Republican era,NA
40335,NA,NA,Republican era,NA
40339,NA,NA,Republican era,NA
40342,NA,NA,Republican era,NA
40344,NA,NA,Republican era,NA
40352,NA,NA,Republican era,NA
40354,NA,NA,Republican era,NA
40358,NA,NA,Republican era,NA
40364,China Hydraulic Engineering Society 中國水利工程學會,NA,Republican era,NA
40368,NA,NA,Republican era,NA
40370,NA,NA,Republican era,NA
40372,NA,NA,Republican era,NA
40375,NA,NA,Republican era,NA
40377,NA,NA,Republican era,NA
40384,NA,NA,Republican era,NA
40401,NA,NA,Republican era,NA
40403,NA,NA,Republican era,NA
40406,NA,NA,Republican era,NA
40408,NA,NA,Republican era,NA
40416,NA,NA,Republican era,NA
40418,NA,NA,Republican era,NA
40421,NA,NA,Republican era,NA
40423,NA,NA,Republican era,NA
40426,NA,NA,Republican era,NA
40428,NA,NA,Republican era,NA
40437,NA,NA,Republican era,NA
40445,NA,NA,Republican era,NA
40448,NA,NA,Republican era,NA
40453,NA,NA,Republican era,NA
40455,NA,NA,Republican era,NA
40457,NA,NA,Republican era,NA
40460,NA,NA,Republican era,NA
40462,NA,NA,Republican era,NA
40465,NA,NA,Republican era,NA
40467,NA,NA,Republican era,NA
40481,NA,NA,Republican era,NA
40489,NA,NA,Republican era,NA
40491,NA,NA,Republican era,NA
40493,NA,NA,Republican era,NA
40495,NA,NA,Republican era,NA
40497,NA,NA,Republican era,NA
40499,NA,NA,Republican era,NA
40501,NA,NA,Republican era,NA
40510,NA,NA,Republican era,NA
40512,NA,NA,Republican era,NA
40515,China Engineering Society 中國工程學會,NA,Republican era,NA
40519,NA,NA,Republican era,NA
40522,NA,NA,Republican era,NA
40524,NA,NA,Republican era,NA
40536,NA,NA,Republican era,NA
40538,NA,NA,Republican era,NA
40540,Chinese Institute of Engineers 中華工程師學會,NA,Republican era,NA
40542,NA,NA,Republican era,NA
40544,NA,NA,Republican era,NA
40552,Chinese Institute of Electrical Engineers 中國電機工程師學會,NA,Republican era,NA
40561,NA,NA,Republican era,NA
40563,NA,NA,Republican era,NA
40565,NA,NA,Republican era,NA
40568,Chinese Institute of Electrical Engineers 中國電機工程師學會,NA,Republican era,NA
40571,NA,NA,Republican era,NA
40575,NA,NA,Republican era,NA
40577,NA,NA,Republican era,NA
40591,NA,NA,Republican era,NA
40593,NA,NA,Republican era,NA
40595,China Power Engineering Society 中國動力工程學會,NA,Republican era,NA
40595,Chinese Institute of Electrical Engineers 中國電機工程師學會,NA,Republican era,NA
40604,Chinese Institute of Electrical Engineers 中國電機工程師學會,NA,Republican era,NA
40606,NA,NA,Republican era,NA
40608,NA,NA,Republican era,NA
40620,NA,NA,Republican era,NA
40622,NA,NA,Republican era,NA
40625,NA,NA,Republican era,NA
40629,NA,NA,Republican era,NA
40635,NA,NA,Republican era,NA
40646,NA,NA,Republican era,NA
40648,NA,NA,Republican era,NA
40652,NA,NA,Republican era,NA
40654,NA,NA,Republican era,NA
40656,Euro-American Returned Students Association,NA,Republican era,NA
40670,NA,NA,Republican era,NA
40676,Chinese Institute of Electrical Engineers 中國電機工程師學會,NA,Republican era,NA
40676,Zhongguo gongchengshi xuehui Wuhan fenhui 中國工程師學會武漢分會,NA,Republican era,NA
40689,NA,NA,Republican era,NA
40691,NA,NA,Republican era,NA
40693,NA,NA,Republican era,NA
40697,NA,NA,Republican era,NA
40705,NA,NA,Republican era,NA
40707,NA,NA,Republican era,NA
40714,NA,NA,Republican era,NA
40726,NA,NA,Republican era,NA
40728,NA,NA,Republican era,NA
40741,NA,NA,Republican era,NA
40743,NA,NA,Republican era,NA
40748,NA,NA,Republican era,NA
40750,NA,NA,Republican era,NA
40752,NA,NA,Republican era,NA
40758,NA,NA,Republican era,NA
40762,NA,NA,Republican era,NA
40766,NA,NA,Republican era,NA
40769,Chinese Institute of Electrical Engineers 中國電機工程師學會,NA,Republican era,NA
40772,NA,NA,Republican era,NA
40774,China Engineering Society 中國工程學會,NA,Republican era,NA
40785,NA,NA,Republican era,NA
40788,NA,NA,Republican era,NA
40790,NA,NA,Republican era,NA
40792,NA,NA,Republican era,NA
40796,NA,NA,Republican era,NA
40798,NA,NA,Republican era,NA
40804,NA,NA,Republican era,NA
40807,NA,NA,Republican era,NA
40809,Chinese Institute of Electrical Engineers 中國電機工程師學會,NA,Republican era,NA
40816,NA,NA,Republican era,NA
40823,NA,NA,Republican era,NA
40826,NA,NA,Republican era,NA
40831,NA,NA,Republican era,NA
40833,NA,NA,Republican era,NA
40835,NA,NA,Republican era,NA
40837,China Power Engineering Society 中國動力工程學會,NA,Republican era,NA
40837,Chinese Institute of Electrical Engineers 中國電機工程師學會,NA,Republican era,NA
40844,NA,NA,Republican era,NA
40849,NA,NA,Republican era,NA
40851,NA,NA,Republican era,NA
40853,Chinese Institute of Electrical Engineers 中國電機工程師學會,NA,Republican era,NA
40869,NA,NA,Republican era,NA
40871,NA,NA,Republican era,NA
40876,NA,NA,Republican era,NA
40879,NA,NA,Republican era,NA
40881,NA,NA,Republican era,NA
40883,Chinese Institute of Mining and Metallurgy 中國礦冶工程學會,NA,Republican era,NA
40898,NA,NA,Republican era,NA
40902,NA,NA,Republican era,NA
40905,NA,NA,Republican era,NA
40915,NA,NA,Republican era,NA
40917,NA,NA,Republican era,NA
40919,NA,NA,Republican era,NA
40921,NA,NA,Republican era,NA
40924,Chinese Institute of Mining and Metallurgy 中國礦冶工程學會,NA,Republican era,NA
40944,NA,NA,Republican era,NA
40947,Chinese Institute of Mining and Metallurgy 中國礦冶工程學會,NA,Republican era,NA
40949,NA,NA,Republican era,NA
40951,NA,NA,Republican era,NA
40955,NA,NA,Republican era,NA
40960,NA,NA,Republican era,NA
40962,NA,NA,Republican era,NA
40964,NA,NA,Republican era,NA
40966,NA,NA,Republican era,NA
40969,NA,NA,Republican era,NA
40973,NA,NA,Republican era,NA
40975,NA,NA,Republican era,NA
40978,NA,NA,Republican era,NA
40980,NA,NA,Republican era,NA
40982,NA,NA,Republican era,NA
40984,NA,NA,Republican era,NA
40986,NA,NA,Republican era,NA
40988,NA,NA,Republican era,NA
40990,NA,NA,Republican era,NA
40995,NA,NA,Republican era,NA
40998,NA,NA,Republican era,NA
41007,NA,NA,Republican era,NA
41011,NA,NA,Republican era,NA
41013,NA,NA,Republican era,NA
41015,NA,NA,Republican era,NA
41017,NA,NA,Republican era,NA
41019,NA,NA,Republican era,NA
41021,NA,NA,Republican era,NA
41024,NA,NA,Republican era,NA
41026,NA,NA,Republican era,NA
41031,NA,NA,Republican era,NA
41039,NA,NA,Republican era,NA
41042,NA,NA,Republican era,NA
41044,NA,NA,Republican era,NA
41046,NA,NA,Republican era,NA
41054,NA,NA,Republican era,NA
41057,NA,NA,Republican era,NA
41060,NA,NA,Republican era,NA
41067,NA,NA,Republican era,NA
41072,NA,NA,Republican era,NA
41073,NA,NA,Republican era,NA
41078,NA,NA,Republican era,NA
41080,NA,NA,Republican era,NA
41082,NA,NA,Republican era,NA
41087,NA,NA,Republican era,NA
41089,NA,NA,Republican era,NA
41091,NA,NA,Republican era,NA
41093,NA,NA,Republican era,NA
41095,NA,NA,Republican era,NA
41099,NA,NA,Republican era,NA
41102,NA,NA,Republican era,NA
41104,NA,NA,Republican era,NA
41117,Chinese Institute of Electrical Engineers 中國電機工程師學會,NA,Republican era,NA
41134,Chinese Institute of Engineers 中華工程師學會,NA,Republican era,NA
41141,NA,NA,Republican era,NA
41145,NA,NA,Republican era,NA
41148,NA,NA,Republican era,NA
41155,NA,NA,Republican era,NA
41159,NA,NA,Republican era,NA
41164,NA,NA,Republican era,NA
41167,NA,NA,Republican era,NA
41169,NA,NA,Republican era,NA
41170,NA,NA,Republican era,NA
41178,NA,NA,Republican era,NA
41180,NA,NA,Republican era,NA
41183,NA,NA,Republican era,NA
41185,NA,NA,Republican era,NA
41186,NA,NA,Republican era,NA
41188,NA,NA,Republican era,NA
41190,Zhongguo gongchengshi xuehui Wuhan fenhui 中國工程師學會武漢分會,NA,Republican era,NA
41201,NA,NA,Republican era,NA
41211,NA,NA,Republican era,NA
41214,NA,NA,Republican era,NA
41215,NA,NA,Republican era,NA
41218,NA,NA,Republican era,NA
41220,NA,NA,Republican era,NA
41222,NA,NA,Republican era,NA
41225,NA,NA,Republican era,NA
41228,NA,NA,Republican era,NA
41231,NA,NA,Republican era,NA
41233,NA,NA,Republican era,NA
41234,NA,NA,Republican era,NA
41237,NA,NA,Republican era,NA
41242,NA,NA,Republican era,NA
41251,NA,NA,Republican era,NA
41254,NA,NA,Republican era,NA
41260,NA,NA,Republican era,NA
41262,NA,NA,Republican era,NA
41265,NA,NA,Republican era,NA
41267,NA,NA,Republican era,NA
41272,NA,NA,Republican era,NA
41276,NA,NA,Republican era,NA
41279,Chinese Institute of Mining and Metallurgy 中國礦冶工程學會,NA,Republican era,NA
41282,NA,NA,Republican era,NA
41284,NA,NA,Republican era,NA
41287,NA,NA,Republican era,NA
41289,NA,NA,Republican era,NA
41291,NA,NA,Republican era,NA
41294,NA,NA,Republican era,NA
41296,NA,NA,Republican era,NA
41299,NA,NA,Republican era,NA
41309,Chinese Institute of Mining and Metallurgy 中國礦冶工程學會,NA,Republican era,NA
41313,NA,NA,Republican era,NA
41316,NA,NA,Republican era,NA
41318,NA,NA,Republican era,NA
41320,NA,NA,Republican era,NA
41325,NA,NA,Republican era,NA
41327,NA,NA,Republican era,NA
41334,NA,NA,Republican era,NA
41344,Chinese Institute of Electrical Engineers 中國電機工程師學會,NA,Republican era,NA
41346,NA,NA,Republican era,NA
41348,Chinese Institute of Mining and Metallurgy 中國礦冶工程學會,NA,Republican era,NA
41351,NA,NA,Republican era,NA
41354,NA,NA,Republican era,NA
41356,NA,NA,Republican era,NA
41360,NA,NA,Republican era,NA
41362,NA,NA,Republican era,NA
41375,Chinese Institute of Mining and Metallurgy 中國礦冶工程學會,NA,Republican era,NA
41380,NA,NA,Republican era,NA
41385,NA,NA,Republican era,NA
41387,NA,NA,Republican era,NA
41389,NA,NA,Republican era,NA
41391,NA,NA,Republican era,NA
41393,NA,NA,Republican era,NA
41396,China Power Engineering Society 中國動力工程學會,NA,Republican era,NA
41396,Chinese Institute of Electrical Engineers 中國電機工程師學會,NA,Republican era,NA
41407,NA,NA,Republican era,NA
41414,NA,NA,Republican era,NA
41416,NA,NA,Republican era,NA
41418,NA,NA,Republican era,NA
41421,NA,NA,Republican era,NA
41427,NA,NA,Republican era,NA
41430,NA,NA,Republican era,NA
41433,NA,NA,Republican era,NA
41435,NA,NA,Republican era,NA
41447,Chinese Institute of Electrical Engineers 中國電機工程師學會,NA,Republican era,NA
41463,NA,NA,Republican era,NA
41465,NA,NA,Republican era,NA
41469,NA,NA,Republican era,NA
41471,NA,NA,Republican era,NA
41474,NA,NA,Republican era,NA
41476,NA,NA,Republican era,NA
41482,NA,NA,Republican era,NA
41486,NA,NA,Republican era,NA
41490,NA,NA,Republican era,NA
41500,NA,NA,Republican era,NA
41502,NA,NA,Republican era,NA
41506,NA,NA,Republican era,NA
41508,NA,NA,Republican era,NA
41510,Chinese Institute of Mining and Metallurgy 中國礦冶工程學會,NA,Republican era,NA
41513,NA,NA,Republican era,NA
41516,NA,NA,Republican era,NA
41518,NA,NA,Republican era,NA
41525,NA,NA,Republican era,NA
41527,NA,NA,Republican era,NA
41533,NA,NA,Republican era,NA
41535,NA,NA,Republican era,NA
41537,NA,NA,Republican era,NA
41544,NA,NA,Republican era,NA
41546,NA,NA,Republican era,NA
41548,NA,NA,Republican era,NA
41550,NA,NA,Republican era,NA
41554,NA,NA,Republican era,NA
41557,NA,NA,Republican era,NA
41559,NA,NA,Republican era,NA
41561,NA,NA,Republican era,NA
41571,NA,NA,Republican era,NA
41573,China Engineering Society 中國工程學會,NA,Republican era,NA
41586,NA,NA,Republican era,NA
41591,NA,NA,Republican era,NA
41593,NA,NA,Republican era,NA
41608,NA,NA,Republican era,NA
41611,NA,NA,Republican era,NA
41613,NA,NA,Republican era,NA
41617,Chinese Institute of Electrical Engineers 中國電機工程師學會,NA,Republican era,NA
41625,Chinese Institute of Electrical Engineers 中國電機工程師學會,NA,Republican era,NA
41628,NA,NA,Republican era,NA
41635,NA,NA,Republican era,NA
41637,NA,NA,Republican era,NA
41645,NA,NA,Republican era,NA
41647,NA,NA,Republican era,NA
41652,NA,NA,Republican era,NA
41655,NA,NA,Republican era,NA
41657,NA,NA,Republican era,NA
41659,NA,NA,Republican era,NA
41663,NA,NA,Republican era,NA
41665,NA,NA,Republican era,NA
41669,NA,NA,Republican era,NA
41677,NA,NA,Republican era,NA
41679,NA,NA,Republican era,NA
41681,NA,NA,Republican era,NA
41686,NA,NA,Republican era,NA
41689,NA,NA,Republican era,NA
41698,NA,NA,Republican era,NA
41700,NA,NA,Republican era,NA
41710,NA,NA,Republican era,NA
41716,NA,NA,Republican era,NA
41718,NA,NA,Republican era,NA
41720,NA,NA,Republican era,NA
41724,NA,NA,Republican era,NA
41727,NA,NA,Republican era,NA
41729,NA,NA,Republican era,NA
41741,NA,NA,Republican era,NA
41744,NA,NA,Republican era,NA
41746,NA,NA,Republican era,NA
41748,NA,NA,Republican era,NA
41750,NA,NA,Republican era,NA
41752,NA,NA,Republican era,NA
41754,NA,NA,Republican era,NA
41762,NA,NA,Republican era,NA
41764,NA,NA,Republican era,NA
41766,NA,NA,Republican era,NA
41768,NA,NA,Republican era,NA
41770,NA,NA,Republican era,NA
41772,NA,NA,Republican era,NA
41774,NA,NA,Republican era,NA
41776,NA,NA,Republican era,NA
41778,NA,NA,Republican era,NA
41780,NA,NA,Republican era,NA
41783,NA,NA,Republican era,NA
41791,NA,NA,Republican era,NA
41793,NA,NA,Republican era,NA
41799,NA,NA,Republican era,NA
41802,NA,NA,Republican era,NA
41804,Chinese Institute of Mining and Metallurgy 中國礦冶工程學會,NA,Republican era,NA
41807,NA,NA,Republican era,NA
41809,NA,NA,Republican era,NA
41811,NA,NA,Republican era,NA
41813,NA,NA,Republican era,NA
41816,NA,NA,Republican era,NA
41818,NA,NA,Republican era,NA
41823,NA,NA,Republican era,NA
41825,NA,NA,Republican era,NA
41827,NA,NA,Republican era,NA
41829,NA,NA,Republican era,NA
41832,NA,NA,Republican era,NA
41834,China Hydraulic Engineering Society 中國水利工程學會,NA,Republican era,NA
41836,Chinese Institute of Mining and Metallurgy 中國礦冶工程學會,NA,Republican era,NA
41845,NA,NA,Republican era,NA
41847,NA,NA,Republican era,NA
41850,NA,NA,Republican era,NA
41852,NA,NA,Republican era,NA
41854,NA,NA,Republican era,NA
41860,NA,NA,Republican era,NA
41862,NA,NA,Republican era,NA
41864,NA,NA,Republican era,NA
41871,NA,NA,Republican era,NA
41876,NA,NA,Republican era,NA
41884,NA,NA,Republican era,NA
41888,NA,NA,Republican era,NA
41906,NA,NA,Republican era,NA
41909,NA,NA,Republican era,NA
41921,NA,NA,Republican era,NA
41929,NA,NA,Republican era,NA
41936,NA,NA,Republican era,NA
41939,NA,NA,Republican era,NA
41947,NA,NA,Republican era,NA
41949,NA,NA,Republican era,NA
41951,NA,NA,Republican era,NA
41954,NA,NA,Republican era,NA
41957,NA,NA,Republican era,NA
41960,NA,NA,Republican era,NA
41962,NA,NA,Republican era,NA
41964,NA,NA,Republican era,NA
41968,NA,NA,Republican era,NA
41971,NA,NA,Republican era,NA
41979,NA,NA,Republican era,NA
41981,NA,NA,Republican era,NA
41983,NA,NA,Republican era,NA
41986,NA,NA,Republican era,NA
41993,NA,NA,Republican era,NA
41995,NA,NA,Republican era,NA
42001,NA,NA,Republican era,NA
42004,NA,NA,Republican era,NA
42008,NA,NA,Republican era,NA
42015,NA,NA,Republican era,NA
42017,NA,NA,Republican era,NA
42032,NA,NA,Republican era,NA
42036,NA,NA,Republican era,NA
42046,NA,NA,Republican era,NA
42051,NA,NA,Republican era,NA
42055,Chinese Institute of Mining and Metallurgy 中國礦冶工程學會,NA,Republican era,NA
42061,NA,NA,Republican era,NA
42063,NA,NA,Republican era,NA
42065,NA,NA,Republican era,NA
42067,NA,NA,Republican era,NA
42070,NA,NA,Republican era,NA
42083,NA,NA,Republican era,NA
42085,NA,NA,Republican era,NA
42087,NA,NA,Republican era,NA
42089,Chinese Institute of Electrical Engineers 中國電機工程師學會,NA,Republican era,NA
42099,NA,NA,Republican era,NA
42101,NA,NA,Republican era,NA
42103,NA,NA,Republican era,NA
42105,NA,NA,Republican era,NA
42109,China Hydraulic Engineering Society 中國水利工程學會,NA,Republican era,NA
42119,NA,NA,Republican era,NA
42121,NA,NA,Republican era,NA
42124,NA,NA,Republican era,NA
42131,NA,NA,Republican era,NA
42138,NA,NA,Republican era,NA
42151,NA,NA,Republican era,NA
42154,NA,NA,Republican era,NA
42157,NA,NA,Republican era,NA
42164,NA,NA,Republican era,NA
42169,NA,NA,Republican era,NA
42172,NA,NA,Republican era,NA
42174,NA,NA,Republican era,NA
42180,NA,NA,Republican era,NA
42182,NA,NA,Republican era,NA
42185,NA,NA,Republican era,NA
42187,NA,NA,Republican era,NA
42190,NA,NA,Republican era,NA
42195,NA,NA,Republican era,NA
42197,NA,NA,Republican era,NA
42201,NA,NA,Republican era,NA
42203,NA,NA,Republican era,NA
42206,NA,NA,Republican era,NA
42211,NA,NA,Republican era,NA
42214,NA,NA,Republican era,NA
42225,NA,NA,Republican era,NA
42227,NA,NA,Republican era,NA
42229,NA,NA,Republican era,NA
42234,NA,NA,Republican era,NA
42236,NA,NA,Republican era,NA
42240,NA,NA,Republican era,NA
42248,NA,NA,Republican era,NA
42250,NA,NA,Republican era,NA
42254,NA,NA,Republican era,NA
42259,NA,NA,Republican era,NA
42264,NA,NA,Republican era,NA
42268,NA,NA,Republican era,NA
42270,NA,NA,Republican era,NA
42272,NA,NA,Republican era,NA
42278,NA,NA,Republican era,NA
42286,NA,NA,Republican era,NA
42288,NA,NA,Republican era,NA
42291,NA,NA,Republican era,NA
42293,Chinese Institute of Mining and Metallurgy 中國礦冶工程學會,NA,Republican era,NA
42309,NA,NA,Republican era,NA
42312,NA,NA,Republican era,NA
42314,NA,NA,Republican era,NA
42316,NA,NA,Republican era,NA
42326,NA,NA,Republican era,NA
42328,NA,NA,Republican era,NA
42330,NA,NA,Republican era,NA
42332,NA,NA,Republican era,NA
42341,NA,NA,Republican era,NA
42360,NA,NA,Republican era,NA
42363,NA,NA,Republican era,NA
42365,NA,NA,Republican era,NA
42367,NA,NA,Republican era,NA
42371,NA,NA,Republican era,NA
42373,NA,NA,Republican era,NA
42375,NA,NA,Republican era,NA
42380,NA,NA,Republican era,NA
42389,NA,NA,Republican era,NA
42391,NA,NA,Republican era,NA
42393,NA,NA,Republican era,NA
42396,NA,NA,Republican era,NA
42403,NA,NA,Republican era,NA
42405,NA,NA,Republican era,NA
42407,NA,NA,Republican era,NA
42409,NA,NA,Republican era,NA
42416,NA,NA,Republican era,NA
42419,Chinese Institute of Mining and Metallurgy 中國礦冶工程學會,NA,Republican era,NA
42422,NA,NA,Republican era,NA
42424,NA,NA,Republican era,NA
42426,NA,NA,Republican era,NA
42428,NA,NA,Republican era,NA
42431,NA,NA,Republican era,NA
42435,NA,NA,Republican era,NA
42443,NA,NA,Republican era,NA
42445,NA,NA,Republican era,NA
42448,NA,NA,Republican era,NA
42451,NA,NA,Republican era,NA
42459,NA,NA,Republican era,NA
42461,NA,NA,Republican era,NA
42471,NA,NA,Republican era,NA
42475,NA,NA,Republican era,NA
42479,NA,NA,Republican era,NA
42481,NA,NA,Republican era,NA
42485,NA,NA,Republican era,NA
42488,NA,NA,Republican era,NA
42493,NA,NA,Republican era,NA
42496,NA,NA,Republican era,NA
42500,NA,NA,Republican era,NA
42502,NA,NA,Republican era,NA
42509,Chinese Institute of Mining and Metallurgy 中國礦冶工程學會,NA,Republican era,NA
42511,NA,NA,Republican era,NA
42513,NA,NA,Republican era,NA
42517,NA,NA,Republican era,NA
42519,NA,NA,Republican era,NA
42521,NA,NA,Republican era,NA
42530,NA,NA,Republican era,NA
42532,NA,NA,Republican era,NA
42534,Chinese Institute of Mining and Metallurgy 中國礦冶工程學會,NA,Republican era,NA
42538,NA,NA,Republican era,NA
42542,NA,NA,Republican era,NA
42544,NA,NA,Republican era,NA
42548,Chinese Institute of Engineers 中華工程師學會,NA,Republican era,NA
42558,NA,NA,Republican era,NA
42562,NA,NA,Republican era,NA
42564,NA,NA,Republican era,NA
42567,NA,NA,Republican era,NA
42570,NA,NA,Republican era,NA
42573,NA,NA,Republican era,NA
42575,NA,NA,Republican era,NA
42577,NA,NA,Republican era,NA
42580,NA,NA,Republican era,NA
42582,NA,NA,Republican era,NA
42590,NA,NA,Republican era,NA
42592,NA,NA,Republican era,NA
42595,NA,NA,Republican era,NA
42597,Chinese Institute of Mining and Metallurgy 中國礦冶工程學會,NA,Republican era,NA
42610,NA,NA,Republican era,NA
42612,NA,NA,Republican era,NA
42615,NA,NA,Republican era,NA
42622,NA,NA,Republican era,NA
42624,NA,NA,Republican era,NA
42626,NA,NA,Republican era,NA
42630,NA,NA,Republican era,NA
42633,NA,NA,Republican era,NA
42635,NA,NA,Republican era,NA
42637,NA,NA,Republican era,NA
42641,NA,NA,Republican era,NA
42644,NA,NA,Republican era,NA
42649,NA,NA,Republican era,NA
42653,NA,NA,Republican era,NA
42660,Chinese Institute of Mining and Metallurgy 中國礦冶工程學會,NA,Republican era,NA
42667,NA,NA,Republican era,NA
42670,NA,NA,Republican era,NA
42673,NA,NA,Republican era,NA
42675,NA,NA,Republican era,NA
42677,NA,NA,Republican era,NA
42682,NA,NA,Republican era,NA
42684,NA,NA,Republican era,NA
42686,NA,NA,Republican era,NA
42688,NA,NA,Republican era,NA
42690,NA,NA,Republican era,NA
42692,NA,NA,Republican era,NA
42697,NA,NA,Republican era,NA
42700,NA,NA,Republican era,NA
42701,NA,NA,Republican era,NA
42704,NA,NA,Republican era,NA
42706,NA,NA,Republican era,NA
42708,NA,NA,Republican era,NA
42709,NA,NA,Republican era,NA
42711,NA,NA,Republican era,NA
42719,NA,NA,Republican era,NA
42723,NA,NA,Republican era,NA
42726,NA,NA,Republican era,NA
42728,NA,NA,Republican era,NA
42729,NA,NA,Republican era,NA
42732,NA,NA,Republican era,NA
42735,NA,NA,Republican era,NA
42736,NA,NA,Republican era,NA
42739,NA,NA,Republican era,NA
42741,NA,NA,Republican era,NA
42743,NA,NA,Republican era,NA
42744,NA,NA,Republican era,NA
42752,NA,NA,Republican era,NA
42756,NA,NA,Republican era,NA
42758,NA,NA,Republican era,NA
42763,NA,NA,Republican era,NA
42765,NA,NA,Republican era,NA
42767,NA,NA,Republican era,NA
42770,NA,NA,Republican era,NA
42775,NA,NA,Republican era,NA
42777,NA,NA,Republican era,NA
42780,NA,NA,Republican era,NA
42785,NA,NA,Republican era,NA
42787,NA,NA,Republican era,NA
42789,NA,NA,Republican era,NA
42799,NA,NA,Republican era,NA
42801,NA,NA,Republican era,NA
42803,NA,NA,Republican era,NA
42804,NA,NA,Republican era,NA
42806,NA,NA,Republican era,NA
42811,NA,NA,Republican era,NA
42823,NA,NA,Republican era,NA
42825,Chinese Institute of Mining and Metallurgy 中國礦冶工程學會,NA,Republican era,NA
42831,NA,NA,Republican era,NA
42836,NA,NA,Republican era,NA
42851,NA,NA,Republican era,NA
42853,NA,NA,Republican era,NA
42856,NA,NA,Republican era,NA
42859,NA,NA,Republican era,NA
42871,NA,NA,Republican era,NA
42878,NA,NA,Republican era,NA
42884,NA,NA,Republican era,NA
42889,NA,NA,Republican era,NA
42895,NA,NA,Republican era,NA
42899,NA,NA,Republican era,NA
42904,NA,NA,Republican era,NA
42906,NA,NA,Republican era,NA
42924,NA,NA,Republican era,NA
42927,NA,NA,Republican era,NA
42928,NA,NA,Republican era,NA
42931,NA,NA,Republican era,NA
42933,NA,NA,Republican era,NA
42936,NA,NA,Republican era,NA
42938,NA,NA,Republican era,NA
42940,NA,NA,Republican era,NA
42947,NA,NA,Republican era,NA
42949,NA,NA,Republican era,NA
42958,China Hydraulic Engineering Society 中國水利工程學會,NA,Republican era,NA
42967,NA,NA,Republican era,NA
42971,NA,NA,Republican era,NA
42973,NA,NA,Republican era,NA
42975,NA,NA,Republican era,NA
42979,NA,NA,Republican era,NA
42986,NA,NA,Republican era,NA
42989,NA,NA,Republican era,NA
42991,NA,NA,Republican era,NA
42994,China Colourists’ Association 中國染化工程學會,NA,Republican era,NA
42996,NA,NA,Republican era,NA
42998,NA,NA,Republican era,NA
43002,NA,NA,Republican era,NA
43004,NA,NA,Republican era,NA
43006,NA,NA,Republican era,NA
43018,NA,NA,Republican era,NA
43025,NA,NA,Republican era,NA
43029,NA,NA,Republican era,NA
43032,NA,NA,Republican era,NA
43034,NA,NA,Republican era,NA
43036,Chinese Institute of Mining and Metallurgy 中國礦冶工程學會,NA,Republican era,NA
43038,NA,NA,Republican era,NA
43040,NA,NA,Republican era,NA
43045,NA,NA,Republican era,NA
43047,NA,NA,Republican era,NA
43053,NA,NA,Republican era,NA
43055,NA,NA,Republican era,NA
43058,NA,NA,Republican era,NA
43060,NA,NA,Republican era,NA
43063,NA,NA,Republican era,NA
43065,NA,NA,Republican era,NA
43079,NA,NA,Republican era,NA
43081,NA,NA,Republican era,NA
43083,NA,NA,Republican era,NA
43085,NA,NA,Republican era,NA
43095,NA,NA,Republican era,NA
43097,NA,NA,Republican era,NA
43100,NA,NA,Republican era,NA
43102,NA,NA,Republican era,NA
43105,China Power Engineering Society 中國動力工程學會,NA,Republican era,NA
43105,China Engineering Society 中國工程學會,NA,Republican era,NA
43105,Chinese Institute of Electrical Engineers 中國電機工程師學會,NA,Republican era,NA
43112,NA,NA,Republican era,NA
43124,NA,NA,Republican era,NA
43132,NA,NA,Republican era,NA
43134,NA,NA,Republican era,NA
43144,NA,NA,Republican era,NA
43148,NA,NA,Republican era,NA
43150,NA,NA,Republican era,NA
43159,NA,NA,Republican era,NA
43161,NA,NA,Republican era,NA
43163,NA,NA,Republican era,NA
43165,NA,NA,Republican era,NA
43167,Chinese Institute of Mining and Metallurgy 中國礦冶工程學會,NA,Republican era,NA
43172,NA,NA,Republican era,NA
43182,NA,NA,Republican era,NA
43184,NA,NA,Republican era,NA
43190,NA,NA,Republican era,NA
43194,NA,NA,Republican era,NA
43198,NA,NA,Republican era,NA
43200,NA,NA,Republican era,NA
43204,NA,NA,Republican era,NA
43207,NA,NA,Republican era,NA
43211,NA,NA,Republican era,NA
43213,NA,NA,Republican era,NA
43217,NA,NA,Republican era,NA
43219,Chinese Institute of Mining and Metallurgy 中國礦冶工程學會,NA,Republican era,NA
43231,NA,NA,Republican era,NA
43237,NA,NA,Republican era,NA
43242,NA,NA,Republican era,NA
43246,NA,NA,Republican era,NA
43249,NA,NA,Republican era,NA
43252,NA,NA,Republican era,NA
43261,NA,NA,Republican era,NA
43265,NA,NA,Republican era,NA
43268,NA,NA,Republican era,NA
43276,NA,NA,Republican era,NA
43283,NA,NA,Republican era,NA
43285,NA,NA,Republican era,NA
43288,NA,NA,Republican era,NA
43290,NA,NA,Republican era,NA
43292,NA,NA,Republican era,NA
43294,NA,NA,Republican era,NA
43297,NA,NA,Republican era,NA
43309,NA,NA,Republican era,NA
43322,NA,NA,Republican era,NA
43327,NA,NA,Republican era,NA
43330,NA,NA,Republican era,NA
43333,NA,NA,Republican era,NA
43335,NA,NA,Republican era,NA
43339,NA,NA,Republican era,NA
43341,NA,NA,Republican era,NA
43343,NA,NA,Republican era,NA
43351,NA,NA,Republican era,NA
43353,NA,NA,Republican era,NA
43355,NA,NA,Republican era,NA
43357,NA,NA,Republican era,NA
43359,NA,NA,Republican era,NA
43365,NA,NA,Republican era,NA
43367,NA,NA,Republican era,NA
43372,NA,NA,Republican era,NA
43374,NA,NA,Republican era,NA
43381,NA,NA,Republican era,NA
43385,Chinese Institute of Electrical Engineers 中國電機工程師學會,NA,Republican era,NA
43395,Chinese Institute of Mining and Metallurgy 中國礦冶工程學會,NA,Republican era,NA
43410,NA,NA,Republican era,NA
43414,NA,NA,Republican era,NA
43416,NA,NA,Republican era,NA
43418,NA,NA,Republican era,NA
43422,NA,NA,Republican era,NA
43424,NA,NA,Republican era,NA
43427,NA,NA,Republican era,NA
43429,NA,NA,Republican era,NA
43431,Chinese Institute of Electrical Engineers 中國電機工程師學會,NA,Republican era,NA
43437,NA,NA,Republican era,NA
43439,NA,NA,Republican era,NA
43442,NA,NA,Republican era,NA
43446,Chinese Institute of Electrical Engineers 中國電機工程師學會,NA,Republican era,NA
43451,NA,NA,Republican era,NA
43454,NA,NA,Republican era,NA
43456,NA,NA,Republican era,NA
43460,NA,NA,Republican era,NA
43470,NA,NA,Republican era,NA
43474,NA,NA,Republican era,NA
43477,NA,NA,Republican era,NA
43479,NA,NA,Republican era,NA
43481,NA,NA,Republican era,NA
43485,NA,NA,Republican era,NA
43488,NA,NA,Republican era,NA
43495,NA,NA,Republican era,NA
43497,NA,NA,Republican era,NA
43505,NA,NA,Republican era,NA
43507,NA,NA,Republican era,NA
43509,NA,NA,Republican era,NA
43512,NA,NA,Republican era,NA
43514,NA,NA,Republican era,NA
43516,NA,NA,Republican era,NA
43518,NA,NA,Republican era,NA
43521,NA,NA,Republican era,NA
43523,NA,NA,Republican era,NA
43525,NA,NA,Republican era,NA
43527,NA,NA,Republican era,NA
43529,NA,NA,Republican era,NA
43531,NA,NA,Republican era,NA
43534,NA,NA,Republican era,NA
43537,NA,NA,Republican era,NA
43539,NA,NA,Republican era,NA
43544,NA,NA,Republican era,NA
43546,NA,NA,Republican era,NA
43548,NA,NA,Republican era,NA
43552,NA,NA,Republican era,NA
43554,NA,NA,Republican era,NA
43556,NA,NA,Republican era,NA
43558,Chinese Institute of Mining and Metallurgy 中國礦冶工程學會,NA,Republican era,NA
43570,NA,NA,Republican era,NA
43574,NA,NA,Republican era,NA
43577,NA,NA,Republican era,NA
43581,NA,NA,Republican era,NA
43583,NA,NA,Republican era,NA
43585,NA,NA,Republican era,NA
43589,NA,NA,Republican era,NA
43592,NA,NA,Republican era,NA
43598,NA,NA,Republican era,NA
43604,NA,NA,Republican era,NA
43606,NA,NA,Republican era,NA
43608,Chinese Institute of Electrical Engineers 中國電機工程師學會,NA,Republican era,NA
43610,NA,NA,Republican era,NA
43612,NA,NA,Republican era,NA
43614,NA,NA,Republican era,NA
43616,NA,NA,Republican era,NA
43619,NA,NA,Republican era,NA
43621,NA,NA,Republican era,NA
43624,NA,NA,Republican era,NA
43626,NA,NA,Republican era,NA
43636,NA,NA,Republican era,NA
43638,NA,NA,Republican era,NA
43644,NA,NA,Republican era,NA
43653,NA,NA,Republican era,NA
43662,NA,NA,Republican era,NA
43665,NA,NA,Republican era,NA
43673,NA,NA,Republican era,NA
43679,NA,NA,Republican era,NA
43681,NA,NA,Republican era,NA
43687,NA,NA,Republican era,NA
43689,NA,NA,Republican era,NA
43696,Chinese Institute of Mining and Metallurgy 中國礦冶工程學會,NA,Republican era,NA
43703,NA,NA,Republican era,NA
43706,NA,NA,Republican era,NA
43709,NA,NA,Republican era,NA
43711,NA,NA,Republican era,NA
43714,NA,NA,Republican era,NA
43719,NA,NA,Republican era,NA
43727,NA,NA,Republican era,NA
43733,NA,NA,Republican era,NA
43735,NA,NA,Republican era,NA
43740,NA,NA,Republican era,NA
43745,NA,NA,Republican era,NA
43747,NA,NA,Republican era,NA
43750,Chinese Institute of Electrical Engineers 中國電機工程師學會,NA,Republican era,NA
43755,NA,NA,Republican era,NA
43756,NA,NA,Republican era,NA
43758,NA,NA,Republican era,NA
43761,NA,NA,Republican era,NA
43763,NA,NA,Republican era,NA
43768,NA,NA,Republican era,NA
43770,NA,NA,Republican era,NA
43774,NA,NA,Republican era,NA
43778,NA,NA,Republican era,NA
43779,NA,NA,Republican era,NA
43781,NA,NA,Republican era,NA
43782,NA,NA,Republican era,NA
43786,Chinese Institute of Electrical Engineers 中國電機工程師學會,NA,Republican era,NA
43788,NA,NA,Republican era,NA
43789,NA,NA,Republican era,NA
43795,Chinese Institute of Electrical Engineers 中國電機工程師學會,NA,Republican era,NA
43810,NA,NA,Republican era,NA
43814,NA,NA,Republican era,NA
43816,NA,NA,Republican era,NA
43819,NA,NA,Republican era,NA
43820,NA,NA,Republican era,NA
43823,NA,NA,Republican era,NA
43825,NA,NA,Republican era,NA
43826,China Hydraulic Engineering Society 中國水利工程學會,NA,Republican era,NA
43831,NA,NA,Republican era,NA
43839,Chinese Institute of Electrical Engineers 中國電機工程師學會,NA,Republican era,NA
43841,NA,NA,Republican era,NA
43844,NA,NA,Republican era,NA
43845,NA,NA,Republican era,NA
43849,NA,NA,Republican era,NA
43855,NA,NA,Republican era,NA
43861,NA,NA,Republican era,NA
43863,NA,NA,Republican era,NA
43865,NA,NA,Republican era,NA
43871,NA,NA,Republican era,NA
43872,NA,NA,Republican era,NA
43876,NA,NA,Republican era,NA
43880,NA,NA,Republican era,NA
43881,NA,NA,Republican era,NA
43882,NA,NA,Republican era,NA
43885,NA,NA,Republican era,NA
43889,NA,NA,Republican era,NA
43890,NA,NA,Republican era,NA
43891,NA,NA,Republican era,NA
43899,NA,NA,Republican era,NA
43902,NA,NA,Republican era,NA
43909,NA,NA,Republican era,NA
43911,NA,NA,Republican era,NA
43914,NA,NA,Republican era,NA
43919,NA,NA,Republican era,NA
43924,Chinese Institute of Electrical Engineers 中國電機工程師學會,NA,Republican era,NA
43925,NA,NA,Republican era,NA
43927,NA,NA,Republican era,NA
43935,Chinese Institute of Electrical Engineers 中國電機工程師學會,NA,Republican era,NA
43945,Chinese Institute of Electrical Engineers 中國電機工程師學會,NA,Republican era,NA
43948,NA,NA,Republican era,NA
43949,Chinese Institute of Engineers 中華工程師學會,NA,Republican era,NA
43954,NA,NA,Republican era,NA
43957,NA,NA,Republican era,NA
43959,NA,NA,Republican era,NA
43963,NA,NA,Republican era,NA
43972,NA,NA,Republican era,NA
43974,NA,NA,Republican era,NA
43977,NA,NA,Republican era,NA
43978,NA,NA,Republican era,NA
43981,NA,NA,Republican era,NA
43984,NA,NA,Republican era,NA
43986,NA,NA,Republican era,NA
43989,NA,NA,Republican era,NA
43991,NA,NA,Republican era,NA
43992,NA,NA,Republican era,NA
43995,NA,NA,Republican era,NA
44005,NA,NA,Republican era,NA
44014,NA,NA,Republican era,NA
44018,NA,NA,Republican era,NA
44020,NA,NA,Republican era,NA
44024,NA,NA,Republican era,NA
44029,NA,NA,Republican era,NA
44031,Chinese Institute of Engineers 中華工程師學會,NA,Republican era,NA
44033,NA,NA,Republican era,NA
44036,NA,NA,Republican era,NA
44038,NA,NA,Republican era,NA
44042,NA,NA,Republican era,NA
44044,NA,NA,Republican era,NA
44046,NA,NA,Republican era,NA
44051,NA,NA,Republican era,NA
44053,NA,NA,Republican era,NA
44056,NA,NA,Republican era,NA
44060,NA,NA,Republican era,NA
44068,NA,NA,Republican era,NA
44070,NA,NA,Republican era,NA
44072,Chinese Institute of Engineers 中華工程師學會,NA,Republican era,NA
44075,NA,NA,Republican era,NA
44078,NA,NA,Republican era,NA
44080,NA,NA,Republican era,NA
44083,NA,NA,Republican era,NA
44090,NA,NA,Republican era,NA
44092,NA,NA,Republican era,NA
44095,NA,NA,Republican era,NA
44098,NA,NA,Republican era,NA
44100,NA,NA,Republican era,NA
44102,NA,NA,Republican era,NA
44106,NA,NA,Republican era,NA
44114,NA,NA,Republican era,NA
44116,NA,NA,Republican era,NA
44120,China Power Engineering Society 中國動力工程學會,NA,Republican era,NA
44126,China Engineering Society 中國工程學會,NA,Republican era,NA
44132,Chinese Institute of Mining and Metallurgy 中國礦冶工程學會,NA,Republican era,NA
44139,NA,NA,Republican era,NA
44147,NA,NA,Republican era,NA
44158,NA,NA,Republican era,NA
44161,NA,NA,Republican era,NA
44164,NA,NA,Republican era,NA
44167,NA,NA,Republican era,NA
44169,NA,NA,Republican era,NA
44182,NA,NA,Republican era,NA
44187,NA,NA,Republican era,NA
44191,NA,NA,Republican era,NA
44194,NA,NA,Republican era,NA
44197,NA,NA,Republican era,NA
44198,NA,NA,Republican era,NA
44201,NA,NA,Republican era,NA
44202,NA,NA,Republican era,NA
44205,NA,NA,Republican era,NA
44208,NA,NA,Republican era,NA
44210,NA,NA,Republican era,NA
44216,NA,NA,Republican era,NA
44217,NA,NA,Republican era,NA
44225,NA,NA,Republican era,NA
44227,NA,NA,Republican era,NA
44235,NA,NA,Republican era,NA
44245,NA,NA,Republican era,NA
44248,Chinese Institute of Mining and Metallurgy 中國礦冶工程學會,NA,Republican era,NA
44262,NA,NA,Republican era,NA
44265,NA,NA,Republican era,NA
44267,NA,NA,Republican era,NA
44270,NA,NA,Republican era,NA
44272,NA,NA,Republican era,NA
44274,NA,NA,Republican era,NA
44280,NA,NA,Republican era,NA
44282,NA,NA,Republican era,NA
44285,Chinese Institute of Electrical Engineers 中國電機工程師學會,NA,Republican era,NA
44288,NA,NA,Republican era,NA
44294,NA,NA,Republican era,NA
44297,NA,NA,Republican era,NA
44299,NA,NA,Republican era,NA
44305,NA,NA,Republican era,NA
44307,NA,NA,Republican era,NA
44309,NA,NA,Republican era,NA
44313,NA,NA,Republican era,NA
44326,NA,NA,Republican era,NA
44328,NA,NA,Republican era,NA
44336,NA,NA,Republican era,NA
44339,NA,NA,Republican era,NA
44342,NA,NA,Republican era,NA
44343,NA,NA,Republican era,NA
44346,NA,NA,Republican era,NA
44348,NA,NA,Republican era,NA
44349,NA,NA,Republican era,NA
44352,NA,NA,Republican era,NA
44354,China Hydraulic Engineering Society 中國水利工程學會,NA,Republican era,NA
44355,NA,NA,Republican era,NA
44360,NA,NA,Republican era,NA
44364,NA,NA,Republican era,NA
44369,NA,NA,Republican era,NA
44373,NA,NA,Republican era,NA
44376,NA,NA,Republican era,NA
44380,NA,NA,Republican era,NA
44382,NA,NA,Republican era,NA
44383,NA,NA,Republican era,NA
44391,Chinese Institute of Electrical Engineers 中國電機工程師學會,NA,Republican era,NA
44397,NA,NA,Republican era,NA
44400,NA,NA,Republican era,NA
44405,NA,NA,Republican era,NA
44410,NA,NA,Republican era,NA
44420,NA,NA,Republican era,NA
44429,NA,NA,Republican era,NA
44435,NA,NA,Republican era,NA
44436,Chinese Institute of Electrical Engineers 中國電機工程師學會,NA,Republican era,NA
44440,NA,NA,Republican era,NA
44453,NA,NA,Republican era,NA
44456,NA,NA,Republican era,NA
44458,NA,NA,Republican era,NA
44460,NA,NA,Republican era,NA
44462,NA,NA,Republican era,NA
44466,NA,NA,Republican era,NA
44468,NA,NA,Republican era,NA
44474,Chinese Institute of Electrical Engineers 中國電機工程師學會,NA,Republican era,NA
44480,China Engineering Society 中國工程學會,NA,Republican era,NA
44494,NA,NA,Republican era,NA
44504,NA,NA,Republican era,NA
44507,Chinese Institute of Engineers 中華工程師學會,NA,Republican era,NA
44511,NA,NA,Republican era,NA
44515,NA,NA,Republican era,NA
44518,NA,NA,Republican era,NA
44523,NA,NA,Republican era,NA
44525,NA,NA,Republican era,NA
44527,NA,NA,Republican era,NA
44533,NA,NA,Republican era,NA
44536,NA,NA,Republican era,NA
44543,NA,NA,Republican era,NA
44547,NA,NA,Republican era,NA
44553,NA,NA,Republican era,NA
44555,NA,NA,Republican era,NA
44560,NA,NA,Republican era,NA
44573,NA,NA,Republican era,NA
44579,NA,NA,Republican era,NA
44581,NA,NA,Republican era,NA
44583,NA,NA,Republican era,NA
44587,NA,NA,Republican era,NA
44593,Chinese Institute of Mining and Metallurgy 中國礦冶工程學會,NA,Republican era,NA
44597,NA,NA,Republican era,NA
44604,NA,NA,Republican era,NA
44608,NA,NA,Republican era,NA
44610,NA,NA,Republican era,NA
44621,NA,NA,Republican era,NA
44625,Chinese Institute of Electrical Engineers 中國電機工程師學會,NA,Republican era,NA
44631,NA,NA,Republican era,NA
44634,NA,NA,Republican era,NA
44637,Chinese Institute of Engineers 中華工程師學會,NA,Republican era,NA
44640,NA,NA,Republican era,NA
44642,NA,NA,Republican era,NA
44649,China Engineering Society 中國工程學會,NA,Republican era,NA
44652,NA,NA,Republican era,NA
44659,NA,NA,Republican era,NA
44662,NA,NA,Republican era,NA
44664,Chinese Institute of Engineers 中華工程師學會,NA,Republican era,NA
44666,NA,NA,Republican era,NA
44668,NA,NA,Republican era,NA
44670,NA,NA,Republican era,NA
44674,NA,NA,Republican era,NA
44677,NA,NA,Republican era,NA
44679,NA,NA,Republican era,NA
44682,NA,NA,Republican era,NA
44688,NA,NA,Republican era,NA
44692,NA,NA,Republican era,NA
44699,NA,NA,Republican era,NA
44701,NA,NA,Republican era,NA
44704,NA,NA,Republican era,NA
44706,NA,NA,Republican era,NA
44711,NA,NA,Republican era,NA
44715,Chinese Institute of Engineers 中華工程師學會,NA,Republican era,NA
44729,NA,NA,Republican era,NA
44732,NA,NA,Republican era,NA
44734,NA,NA,Republican era,NA
44736,NA,NA,Republican era,NA
44738,NA,NA,Republican era,NA
44741,NA,NA,Republican era,NA
44743,NA,NA,Republican era,NA
44745,NA,NA,Republican era,NA
44747,NA,NA,Republican era,NA
44750,NA,NA,Republican era,NA
44752,NA,NA,Republican era,NA
44754,NA,NA,Republican era,NA
44756,NA,NA,Republican era,NA
44758,NA,NA,Republican era,NA
44761,NA,NA,Republican era,NA
44763,NA,NA,Republican era,NA
44766,NA,NA,Republican era,NA
44768,NA,NA,Republican era,NA
44774,NA,NA,Republican era,NA
44792,Chinese Institute of Mining and Metallurgy 中國礦冶工程學會,NA,Republican era,NA
44800,NA,NA,Republican era,NA
44809,NA,NA,Republican era,NA
44813,NA,NA,Republican era,NA
44820,NA,NA,Republican era,NA
44823,NA,NA,Republican era,NA
44825,NA,NA,Republican era,NA
44835,NA,NA,Republican era,NA
44837,NA,NA,Republican era,NA
44839,NA,NA,Republican era,NA
44841,Chinese Institute of Mining and Metallurgy 中國礦冶工程學會,NA,Republican era,NA
44846,NA,NA,Republican era,NA
44848,NA,NA,Republican era,NA
44858,NA,NA,Republican era,NA
44861,NA,NA,Republican era,NA
44865,NA,NA,Republican era,NA
44867,NA,NA,Republican era,NA
44869,NA,NA,Republican era,NA
44871,NA,NA,Republican era,NA
44873,NA,NA,Republican era,NA
44885,NA,NA,Republican era,NA
44888,NA,NA,Republican era,NA
44890,NA,NA,Republican era,NA
44892,NA,NA,Republican era,NA
44894,Chinese Institute of Engineers 中華工程師學會,NA,Republican era,NA
44903,NA,NA,Republican era,NA
44904,NA,NA,Republican era,NA
44908,NA,NA,Republican era,NA
44910,NA,NA,Republican era,NA
44912,NA,NA,Republican era,NA
44914,NA,NA,Republican era,NA
44915,NA,NA,Republican era,NA
44921,NA,NA,Republican era,NA
44922,NA,NA,Republican era,NA
44925,NA,NA,Republican era,NA
44927,NA,NA,Republican era,NA
44933,NA,NA,Republican era,NA
44934,NA,NA,Republican era,NA
44939,NA,NA,Republican era,NA
44941,NA,NA,Republican era,NA
44943,NA,NA,Republican era,NA
44945,NA,NA,Republican era,NA
44947,NA,NA,Republican era,NA
44948,NA,NA,Republican era,NA
44957,NA,NA,Republican era,NA
44963,NA,NA,Republican era,NA
44964,NA,NA,Republican era,NA
44967,NA,NA,Republican era,NA
44968,NA,NA,Republican era,NA
44973,NA,NA,Republican era,NA
44977,NA,NA,Republican era,NA
44979,Chinese Institute of Mining and Metallurgy 中國礦冶工程學會,NA,Republican era,NA
44982,NA,NA,Republican era,NA
44991,NA,NA,Republican era,NA
45005,NA,NA,Republican era,NA
45008,NA,NA,Republican era,NA
45010,NA,NA,Republican era,NA
45013,NA,NA,Republican era,NA
45015,NA,NA,Republican era,NA
45017,NA,NA,Republican era,NA
45019,NA,NA,Republican era,NA
45022,NA,NA,Republican era,NA
45024,NA,NA,Republican era,NA
45026,NA,NA,Republican era,NA
45033,NA,NA,Republican era,NA
45035,NA,NA,Republican era,NA
45037,NA,NA,Republican era,NA
45038,NA,NA,Republican era,NA
45041,NA,NA,Republican era,NA
45043,NA,NA,Republican era,NA
45044,NA,NA,Republican era,NA
45059,NA,NA,Republican era,NA
45062,NA,NA,Republican era,NA
45064,NA,NA,Republican era,NA
45067,NA,NA,Republican era,NA
45074,NA,NA,Republican era,NA
45076,NA,NA,Republican era,NA
45086,NA,NA,Republican era,NA
45088,NA,NA,Republican era,NA
45090,NA,NA,Republican era,NA
45093,NA,NA,Republican era,NA
45095,Chinese Institute of Engineers 中華工程師學會,NA,Republican era,NA
45097,NA,NA,Republican era,NA
45100,Chinese Institute of Engineers 中華工程師學會,NA,Republican era,NA
45100,China Engineering Society 中國工程學會,NA,Republican era,NA
45108,NA,NA,Republican era,NA
45111,NA,NA,Republican era,NA
45115,NA,NA,Republican era,NA
45121,NA,NA,Republican era,NA
45129,NA,NA,Republican era,NA
45134,NA,NA,Republican era,NA
45136,NA,NA,Republican era,NA
45138,NA,NA,Republican era,NA
45141,NA,NA,Republican era,NA
45143,NA,NA,Republican era,NA
45147,NA,NA,Republican era,NA
45149,NA,NA,Republican era,NA
45152,NA,NA,Republican era,NA
45154,NA,NA,Republican era,NA
45156,NA,NA,Republican era,NA
45158,NA,NA,Republican era,NA
45165,NA,NA,Republican era,NA
45167,NA,NA,Republican era,NA
45169,NA,NA,Republican era,NA
45171,NA,NA,Republican era,NA
45172,Chinese Institute of Mining and Metallurgy 中國礦冶工程學會,NA,Republican era,NA
45175,NA,NA,Republican era,NA
45180,NA,NA,Republican era,NA
45204,NA,NA,Republican era,NA
45207,NA,NA,Republican era,NA
45208,NA,NA,Republican era,NA
45214,NA,NA,Republican era,NA
45219,NA,NA,Republican era,NA
45225,NA,NA,Republican era,NA
45226,NA,NA,Republican era,NA
45230,NA,NA,Republican era,NA
45233,NA,NA,Republican era,NA
45236,NA,NA,Republican era,NA
45237,NA,NA,Republican era,NA
45248,NA,NA,Republican era,NA
45253,NA,NA,Republican era,NA
45261,NA,NA,Republican era,NA
45264,Chinese Institute of Mining and Metallurgy 中國礦冶工程學會,NA,Republican era,NA
45266,NA,NA,Republican era,NA
45268,NA,NA,Republican era,NA
45269,NA,NA,Republican era,NA
45272,NA,NA,Republican era,NA
45275,NA,NA,Republican era,NA
45286,NA,NA,Republican era,NA
45288,NA,NA,Republican era,NA
45300,NA,NA,Republican era,NA
45302,NA,NA,Republican era,NA
45304,NA,NA,Republican era,NA
45306,Chinese Institute of Mining and Metallurgy 中國礦冶工程學會,NA,Republican era,NA
45314,NA,NA,Republican era,NA
45318,NA,NA,Republican era,NA
45323,NA,NA,Republican era,NA
45327,NA,NA,Republican era,NA
45330,NA,NA,Republican era,NA
45332,NA,NA,Republican era,NA
45334,NA,NA,Republican era,NA
45336,NA,NA,Republican era,NA
45339,NA,NA,Republican era,NA
45342,NA,NA,Republican era,NA
45348,NA,NA,Republican era,NA
45350,NA,NA,Republican era,NA
45352,NA,NA,Republican era,NA
45354,NA,NA,Republican era,NA
45356,NA,NA,Republican era,NA
45358,NA,NA,Republican era,NA
45360,NA,NA,Republican era,NA
45362,NA,NA,Republican era,NA
45364,NA,NA,Republican era,NA
45366,NA,NA,Republican era,NA
45369,NA,NA,Republican era,NA
45373,Chinese Institute of Engineers 中華工程師學會,NA,Republican era,NA
45385,NA,NA,Republican era,NA
45387,NA,NA,Republican era,NA
45389,NA,NA,Republican era,NA
45392,NA,NA,Republican era,NA
45394,NA,NA,Republican era,NA
45396,NA,NA,Republican era,NA
45399,NA,NA,Republican era,NA
45401,NA,NA,Republican era,NA
45404,NA,NA,Republican era,NA
45407,NA,NA,Republican era,NA
45411,NA,NA,Republican era,NA
45415,NA,NA,Republican era,NA
45417,NA,NA,Republican era,NA
45419,NA,NA,Republican era,NA
45421,Chinese Institute of Mining and Metallurgy 中國礦冶工程學會,NA,Republican era,NA
45435,NA,NA,Republican era,NA
45437,NA,NA,Republican era,NA
45440,NA,NA,Republican era,NA
45448,NA,NA,Republican era,NA
45450,NA,NA,Republican era,NA
45452,NA,NA,Republican era,NA
45454,NA,NA,Republican era,NA
45456,NA,NA,Republican era,NA
45458,Chinese Institute of Engineers 中華工程師學會,NA,Republican era,NA
45461,NA,NA,Republican era,NA
45465,NA,NA,Republican era,NA
45467,NA,NA,Republican era,NA
45470,NA,NA,Republican era,NA
45472,NA,NA,Republican era,NA
45474,NA,NA,Republican era,NA
45484,NA,NA,Republican era,NA
45486,NA,NA,Republican era,NA
45500,NA,NA,Republican era,NA
45506,NA,NA,Republican era,NA
45510,NA,NA,Republican era,NA
45516,NA,NA,Republican era,NA
45526,NA,NA,Republican era,NA
45529,NA,NA,Republican era,NA
45531,NA,NA,Republican era,NA
45533,NA,NA,Republican era,NA
45535,NA,NA,Republican era,NA
45537,NA,NA,Republican era,NA
45545,NA,NA,Republican era,NA
45549,NA,NA,Republican era,NA
45551,NA,NA,Republican era,NA
45553,NA,NA,Republican era,NA
45555,NA,NA,Republican era,NA
45557,Chinese Institute of Engineers 中華工程師學會,NA,Republican era,NA
45559,NA,NA,Republican era,NA
45561,NA,NA,Republican era,NA
45563,NA,NA,Republican era,NA
45568,NA,NA,Republican era,NA
45570,NA,NA,Republican era,NA
45573,NA,NA,Republican era,NA
45575,NA,NA,Republican era,NA
45589,NA,NA,Republican era,NA
45591,NA,NA,Republican era,NA
45601,NA,NA,Republican era,NA
45603,NA,NA,Republican era,NA
45605,NA,NA,Republican era,NA
45607,NA,NA,Republican era,NA
45609,NA,NA,Republican era,NA
45611,NA,NA,Republican era,NA
45626,NA,NA,Republican era,NA
45634,NA,NA,Republican era,NA
45636,NA,NA,Republican era,NA
45638,NA,NA,Republican era,NA
45647,NA,NA,Republican era,NA
45650,NA,NA,Republican era,NA
45666,NA,NA,Republican era,NA
45668,NA,NA,Republican era,NA
45670,NA,NA,Republican era,NA
45677,NA,NA,Republican era,NA
45680,NA,NA,Republican era,NA
45689,NA,NA,Republican era,NA
45693,Chinese Institute of Mining and Metallurgy 中國礦冶工程學會,NA,Republican era,NA
45695,NA,NA,Republican era,NA
45697,NA,NA,Republican era,NA
45708,NA,NA,Republican era,NA
45710,NA,NA,Republican era,NA
45713,NA,NA,Republican era,NA
45715,NA,NA,Republican era,NA
45718,NA,NA,Republican era,NA
45721,NA,NA,Republican era,NA
45723,NA,NA,Republican era,NA
45727,NA,NA,Republican era,NA
45729,NA,NA,Republican era,NA
45744,NA,NA,Republican era,NA
45759,NA,NA,Republican era,NA
45761,NA,NA,Republican era,NA
45766,NA,NA,Republican era,NA
45769,NA,NA,Republican era,NA
45779,NA,NA,Republican era,NA
45781,NA,NA,Republican era,NA
45783,NA,NA,Republican era,NA
45787,NA,NA,Republican era,NA
45789,NA,NA,Republican era,NA
45794,NA,NA,Republican era,NA
45796,NA,NA,Republican era,NA
45799,NA,NA,Republican era,NA
45801,NA,NA,Republican era,NA
45803,NA,NA,Republican era,NA
45815,NA,NA,Republican era,NA
45829,NA,NA,Republican era,NA
45832,NA,NA,Republican era,NA
45834,Chinese Institute of Mining and Metallurgy 中國礦冶工程學會,NA,Republican era,NA
45836,NA,NA,Republican era,NA
45840,NA,NA,Republican era,NA
45842,NA,NA,Republican era,NA
45844,NA,NA,Republican era,NA
45852,NA,NA,Republican era,NA
45862,NA,NA,Republican era,NA
45864,NA,NA,Republican era,NA
45869,NA,NA,Republican era,NA
45874,NA,NA,Republican era,NA
45876,NA,NA,Republican era,NA
45880,NA,NA,Republican era,NA
45882,NA,NA,Republican era,NA
45886,NA,NA,Republican era,NA
45897,NA,NA,Republican era,NA
45903,NA,NA,Republican era,NA
45904,NA,NA,Republican era,NA
45907,NA,NA,Republican era,NA
45909,NA,NA,Republican era,NA
45916,NA,NA,Republican era,NA
45917,NA,NA,Republican era,NA
45924,NA,NA,Republican era,NA
45928,NA,NA,Republican era,NA
45931,NA,NA,Republican era,NA
45932,NA,NA,Republican era,NA
45936,NA,NA,Republican era,NA
45938,NA,NA,Republican era,NA
45939,NA,NA,Republican era,NA
45942,NA,NA,Republican era,NA
45945,NA,NA,Republican era,NA
45949,NA,NA,Republican era,NA
45953,NA,NA,Republican era,NA
45955,NA,NA,Republican era,NA
45967,NA,NA,Republican era,NA
45978,NA,NA,Republican era,NA
45980,NA,NA,Republican era,NA
45985,NA,NA,Republican era,NA
45987,NA,NA,Republican era,NA
45989,NA,NA,Republican era,NA
45994,NA,NA,Republican era,NA
46000,NA,NA,Republican era,NA
46002,NA,NA,Republican era,NA
46016,NA,NA,Republican era,NA
46018,NA,NA,Republican era,NA
46021,NA,NA,Republican era,NA
46024,NA,NA,Republican era,NA
46026,NA,NA,Republican era,NA
46033,NA,NA,Republican era,NA
46035,NA,NA,Republican era,NA
46037,NA,NA,Republican era,NA
46039,NA,NA,Republican era,NA
46041,NA,NA,Republican era,NA
46044,NA,NA,Republican era,NA
46048,NA,NA,Republican era,NA
46050,NA,NA,Republican era,NA
46053,NA,NA,Republican era,NA
46055,Chinese Institute of Electrical Engineers 中國電機工程師學會,NA,Republican era,NA
46060,NA,NA,Republican era,NA
46062,NA,NA,Republican era,NA
46064,NA,NA,Republican era,NA
46074,NA,NA,Republican era,NA
46077,Chinese Institute of Engineers 中華工程師學會,NA,Republican era,NA
46079,NA,NA,Republican era,NA
46081,NA,NA,Republican era,NA
46085,NA,NA,Republican era,NA
46089,NA,NA,Republican era,NA
46098,NA,NA,Republican era,NA
46100,NA,NA,Republican era,NA
46103,NA,NA,Republican era,NA
46105,NA,NA,Republican era,NA
46108,NA,NA,Republican era,NA
46112,NA,NA,Republican era,NA
46114,NA,NA,Republican era,NA
46118,NA,NA,Republican era,NA
46123,NA,NA,Republican era,NA
46126,NA,NA,Republican era,NA
46128,Chinese Institute of Mining and Metallurgy 中國礦冶工程學會,NA,Republican era,NA
46128,Chinese Institute of Engineers 中華工程師學會,NA,Republican era,NA
46128,American Institute of Mining Engineers,NA,Republican era,NA
46136,Chinese Institute of Mining and Metallurgy 中國礦冶工程學會,NA,Republican era,NA
46141,NA,NA,Republican era,NA
46143,NA,NA,Republican era,NA
46147,NA,NA,Republican era,NA
46149,Chinese Institute of Electrical Engineers 中國電機工程師學會,NA,Republican era,NA
46151,NA,NA,Republican era,NA
46159,NA,NA,Republican era,NA
46161,NA,NA,Republican era,NA
46164,NA,NA,Republican era,NA
46166,Chinese Institute of Electrical Engineers 中國電機工程師學會,NA,Republican era,NA
46172,NA,NA,Republican era,NA
46174,NA,NA,Republican era,NA
46176,NA,NA,Republican era,NA
46184,NA,NA,Republican era,NA
46187,NA,NA,Republican era,NA
46190,NA,NA,Republican era,NA
46193,NA,NA,Republican era,NA
46195,NA,NA,Republican era,NA
46197,NA,NA,Republican era,NA
46199,NA,NA,Republican era,NA
46201,NA,NA,Republican era,NA
46203,NA,NA,Republican era,NA
46205,NA,NA,Republican era,NA
46207,NA,NA,Republican era,NA
46214,NA,NA,Republican era,NA
46216,NA,NA,Republican era,NA
46231,NA,NA,Republican era,NA
46233,Chinese Institute of Engineers 中華工程師學會,NA,Republican era,NA
46243,NA,NA,Republican era,NA
46245,NA,NA,Republican era,NA
46247,NA,NA,Republican era,NA
46249,NA,NA,Republican era,NA
46252,NA,NA,Republican era,NA
46255,Chinese Institute of Engineers 中華工程師學會,NA,Republican era,NA
46255,Zhongguo gongchengshi xuehui Wuhan fenhui 中國工程師學會武漢分會,NA,Republican era,NA
46267,NA,NA,Republican era,NA
46269,NA,NA,Republican era,NA
46271,NA,NA,Republican era,NA
46274,NA,NA,Republican era,NA
46276,NA,NA,Republican era,NA
46279,NA,NA,Republican era,NA
46281,NA,NA,Republican era,NA
46283,NA,NA,Republican era,NA
46285,NA,NA,Republican era,NA
46287,NA,NA,Republican era,NA
46289,NA,NA,Republican era,NA
46291,NA,NA,Republican era,NA
46295,NA,NA,Republican era,NA
46297,NA,NA,Republican era,NA
46299,Chinese Institute of Mining and Metallurgy 中國礦冶工程學會,NA,Republican era,NA
46313,NA,NA,Republican era,NA
46317,NA,NA,Republican era,NA
46322,NA,NA,Republican era,NA
46339,NA,NA,Republican era,NA
46344,NA,NA,Republican era,NA
46346,NA,NA,Republican era,NA
46348,NA,NA,Republican era,NA
46350,China Hydraulic Engineering Society 中國水利工程學會,NA,Republican era,NA
46354,NA,NA,Republican era,NA
46357,NA,NA,Republican era,NA
46373,NA,NA,Republican era,NA
46376,NA,NA,Republican era,NA
46387,Chinese Institute of Electrical Engineers 中國電機工程師學會,NA,Republican era,NA
46393,NA,NA,Republican era,NA
46395,NA,NA,Republican era,NA
46398,NA,NA,Republican era,NA
46401,NA,NA,Republican era,NA
46403,NA,NA,Republican era,NA
46407,NA,NA,Republican era,NA
46409,NA,NA,Republican era,NA
46415,NA,NA,Republican era,NA
46417,NA,NA,Republican era,NA
46419,NA,NA,Republican era,NA
46421,NA,NA,Republican era,NA
46423,NA,NA,Republican era,NA
46425,NA,NA,Republican era,NA
46427,NA,NA,Republican era,NA
46429,NA,NA,Republican era,NA
46437,NA,NA,Republican era,NA
46439,NA,NA,Republican era,NA
46443,NA,NA,Republican era,NA
46446,NA,NA,Republican era,NA
46448,NA,NA,Republican era,NA
46458,NA,NA,Republican era,NA
46460,NA,NA,Republican era,NA
46462,Chinese Institute of Mining and Metallurgy 中國礦冶工程學會,NA,Republican era,NA
46476,NA,NA,Republican era,NA
46482,NA,NA,Republican era,NA
46484,NA,NA,Republican era,NA
46486,NA,NA,Republican era,NA
46493,NA,NA,Republican era,NA
46499,NA,NA,Republican era,NA
46512,NA,NA,Republican era,NA
46517,NA,NA,Republican era,NA
46520,NA,NA,Republican era,NA
46532,NA,NA,Republican era,NA
46535,NA,NA,Republican era,NA
46538,NA,NA,Republican era,NA
46540,NA,NA,Republican era,NA
46543,Chinese Institute of Mining and Metallurgy 中國礦冶工程學會,NA,Republican era,NA
46544,NA,NA,Republican era,NA
46549,NA,NA,Republican era,NA
46551,NA,NA,Republican era,NA
46558,NA,NA,Republican era,NA
46561,NA,NA,Republican era,NA
46566,NA,NA,Republican era,NA
46568,NA,NA,Republican era,NA
46570,NA,NA,Republican era,NA
46573,NA,NA,Republican era,NA
46577,NA,NA,Republican era,NA
46584,NA,NA,Republican era,NA
46588,NA,NA,Republican era,NA
46590,NA,NA,Republican era,NA
46592,NA,NA,Republican era,NA
46595,NA,NA,Republican era,NA
46599,NA,NA,Republican era,NA
46602,NA,NA,Republican era,NA
46604,NA,NA,Republican era,NA
46606,NA,NA,Republican era,NA
46609,NA,NA,Republican era,NA
46611,NA,NA,Republican era,NA
46613,NA,NA,Republican era,NA
46615,China Hydraulic Engineering Society 中國水利工程學會,NA,Republican era,NA
46620,NA,NA,Republican era,NA
46625,NA,NA,Republican era,NA
46627,NA,NA,Republican era,NA
46629,NA,NA,Republican era,NA
46631,NA,NA,Republican era,NA
46634,NA,NA,Republican era,NA
46636,NA,NA,Republican era,NA
46638,NA,NA,Republican era,NA
46641,NA,NA,Republican era,NA
46651,NA,NA,Republican era,NA
46653,NA,NA,Republican era,NA
46656,NA,NA,Republican era,NA
46658,NA,NA,Republican era,NA
46668,NA,NA,Republican era,NA
46670,NA,NA,Republican era,NA
46673,NA,NA,Republican era,NA
46676,NA,NA,Republican era,NA
46683,NA,NA,Republican era,NA
46687,NA,NA,Republican era,NA
46689,NA,NA,Republican era,NA
46691,Chinese Institute of Electrical Engineers 中國電機工程師學會,NA,Republican era,NA
46696,NA,NA,Republican era,NA
46698,NA,NA,Republican era,NA
46701,NA,NA,Republican era,NA
46709,NA,NA,Republican era,NA
46721,NA,NA,Republican era,NA
46723,NA,NA,Republican era,NA
46725,NA,NA,Republican era,NA
46727,NA,NA,Republican era,NA
46730,NA,NA,Republican era,NA
46733,NA,NA,Republican era,NA
46740,Chinese Institute of Electrical Engineers 中國電機工程師學會,NA,Republican era,NA
46742,NA,NA,Republican era,NA
46746,NA,NA,Republican era,NA
46748,NA,NA,Republican era,NA
46750,NA,NA,Republican era,NA
46752,NA,NA,Republican era,NA
46755,Chinese Institute of Electrical Engineers 中國電機工程師學會,NA,Republican era,NA
46757,NA,NA,Republican era,NA
46760,NA,NA,Republican era,NA
46765,NA,NA,Republican era,NA
46777,NA,NA,Republican era,NA
46781,NA,NA,Republican era,NA
46783,NA,NA,Republican era,NA
46785,NA,NA,Republican era,NA
46787,Chinese Institute of Engineers 中華工程師學會,NA,Republican era,NA
46790,NA,NA,Republican era,NA
46793,NA,NA,Republican era,NA
46795,NA,NA,Republican era,NA
46799,NA,NA,Republican era,NA
46801,NA,NA,Republican era,NA
46804,Chinese Institute of Mining and Metallurgy 中國礦冶工程學會,NA,Republican era,NA
46805,NA,NA,Republican era,NA
46808,NA,NA,Republican era,NA
46813,Chinese Institute of Engineers 中華工程師學會,NA,Republican era,NA
46817,NA,NA,Republican era,NA
46821,NA,NA,Republican era,NA
46833,NA,NA,Republican era,NA
46837,NA,NA,Republican era,NA
46839,NA,NA,Republican era,NA
46841,NA,NA,Republican era,NA
46845,NA,NA,Republican era,NA
46846,NA,NA,Republican era,NA
46849,NA,NA,Republican era,NA
46851,NA,NA,Republican era,NA
46854,NA,NA,Republican era,NA
46855,NA,NA,Republican era,NA
46857,NA,NA,Republican era,NA
46861,NA,NA,Republican era,NA
46863,NA,NA,Republican era,NA
46866,NA,NA,Republican era,NA
46868,NA,NA,Republican era,NA
46869,NA,NA,Republican era,NA
46873,NA,NA,Republican era,NA
46874,NA,NA,Republican era,NA
46876,NA,NA,Republican era,NA
46881,NA,NA,Republican era,NA
46882,Chinese Institute of Mining and Metallurgy 中國礦冶工程學會,NA,Republican era,NA
46885,NA,NA,Republican era,NA
46890,Chinese Institute of Mining and Metallurgy 中國礦冶工程學會,NA,Republican era,NA
46900,NA,NA,Republican era,NA
46905,NA,NA,Republican era,NA
46909,NA,NA,Republican era,NA
46911,NA,NA,Republican era,NA
46917,NA,NA,Republican era,NA
46922,NA,NA,Republican era,NA
46924,NA,NA,Republican era,NA
46926,NA,NA,Republican era,NA
46932,NA,NA,Republican era,NA
46937,NA,NA,Republican era,NA
46943,Chinese Institute of Engineers 中華工程師學會,NA,Republican era,NA
46949,NA,NA,Republican era,NA
46961,NA,NA,Republican era,NA
46963,NA,NA,Republican era,NA
46967,NA,NA,Republican era,NA
46969,NA,NA,Republican era,NA
46972,NA,NA,Republican era,NA
46974,NA,NA,Republican era,NA
46978,NA,NA,Republican era,NA
46982,NA,NA,Republican era,NA
46984,NA,NA,Republican era,NA
46985,NA,NA,Republican era,NA
46988,NA,NA,Republican era,NA
46990,NA,NA,Republican era,NA
46993,NA,NA,Republican era,NA
46996,NA,NA,Republican era,NA
46998,NA,NA,Republican era,NA
47000,NA,NA,Republican era,NA
47001,NA,NA,Republican era,NA
47004,NA,NA,Republican era,NA
47005,NA,NA,Republican era,NA
47007,Chinese Institute of Engineers 中華工程師學會,NA,Republican era,NA
47012,China Power Engineering Society 中國動力工程學會,NA,Republican era,NA
47013,NA,NA,Republican era,NA
47017,NA,NA,Republican era,NA
47018,NA,NA,Republican era,NA
47022,NA,NA,Republican era,NA
47024,NA,NA,Republican era,NA
47029,NA,NA,Republican era,NA
47033,NA,NA,Republican era,NA
47035,NA,NA,Republican era,NA
47038,NA,NA,Republican era,NA
47042,Chinese Institute of Engineers 中華工程師學會,NA,Republican era,NA
47051,NA,NA,Republican era,NA
47056,NA,NA,Republican era,NA
47058,NA,NA,Republican era,NA
47060,NA,NA,Republican era,NA
47062,NA,NA,Republican era,NA
47064,NA,NA,Republican era,NA
47077,NA,NA,Republican era,NA
47097,NA,NA,Republican era,NA
47102,NA,NA,Republican era,NA
47104,NA,NA,Republican era,NA
47106,NA,NA,Republican era,NA
47108,NA,NA,Republican era,NA
47111,NA,NA,Republican era,NA
47114,NA,NA,Republican era,NA
47116,NA,NA,Republican era,NA
47118,NA,NA,Republican era,NA
47120,NA,NA,Republican era,NA
47122,NA,NA,Republican era,NA
47124,NA,NA,Republican era,NA
47127,NA,NA,Republican era,NA
47129,NA,NA,Republican era,NA
47137,NA,NA,Republican era,NA
47139,NA,NA,Republican era,NA
47141,NA,NA,Republican era,NA
47144,NA,NA,Republican era,NA
47160,NA,NA,Republican era,NA
47166,NA,NA,Republican era,NA
47168,NA,NA,Republican era,NA
47170,NA,NA,Republican era,NA
47172,NA,NA,Republican era,NA
47174,NA,NA,Republican era,NA
47176,NA,NA,Republican era,NA
47178,NA,NA,Republican era,NA
47180,NA,NA,Republican era,NA
47182,NA,NA,Republican era,NA
47184,NA,NA,Republican era,NA
47187,NA,NA,Republican era,NA
47192,NA,NA,Republican era,NA
47195,NA,NA,Republican era,NA
47197,NA,NA,Republican era,NA
47199,NA,NA,Republican era,NA
47201,NA,NA,Republican era,NA
47204,NA,NA,Republican era,NA
47207,NA,NA,Republican era,NA
47209,NA,NA,Republican era,NA
47215,NA,NA,Republican era,NA
47217,NA,NA,Republican era,NA
47219,NA,NA,Republican era,NA
47222,NA,NA,Republican era,NA
47226,NA,NA,Republican era,NA
47228,NA,NA,Republican era,NA
47233,Chinese Institute of Mining and Metallurgy 中國礦冶工程學會,NA,Republican era,NA
47235,NA,NA,Republican era,NA
47237,NA,NA,Republican era,NA
47239,Zhongguo gongchengshi xuehui Wuhan fenhui 中國工程師學會武漢分會,NA,Republican era,NA
47249,NA,NA,Republican era,NA
47254,NA,NA,Republican era,NA
47256,Chinese Institute of Mining and Metallurgy 中國礦冶工程學會,NA,Republican era,NA
47276,NA,NA,Republican era,NA
47278,NA,NA,Republican era,NA
47280,NA,NA,Republican era,NA
47282,NA,NA,Republican era,NA
47284,NA,NA,Republican era,NA
47287,NA,NA,Republican era,NA
47289,Chinese Institute of Electrical Engineers 中國電機工程師學會,NA,Republican era,NA
47301,NA,NA,Republican era,NA
47303,NA,NA,Republican era,NA
47308,NA,NA,Republican era,NA
47310,NA,NA,Republican era,NA
47318,NA,NA,Republican era,NA
47321,NA,NA,Republican era,NA
47323,NA,NA,Republican era,NA
47327,NA,NA,Republican era,NA
47329,NA,NA,Republican era,NA
47335,NA,NA,Republican era,NA
47337,NA,NA,Republican era,NA
47343,NA,NA,Republican era,NA
47348,Chinese Institute of Mining and Metallurgy 中國礦冶工程學會,NA,Republican era,NA
47358,NA,NA,Republican era,NA
47360,NA,NA,Republican era,NA
47362,NA,NA,Republican era,NA
47365,NA,NA,Republican era,NA
47367,NA,NA,Republican era,NA
47369,NA,NA,Republican era,NA
47372,NA,NA,Republican era,NA
47375,NA,NA,Republican era,NA
47377,NA,NA,Republican era,NA
47380,NA,NA,Republican era,NA
47382,NA,NA,Republican era,NA
47384,NA,NA,Republican era,NA
47386,NA,NA,Republican era,NA
47388,NA,NA,Republican era,NA
47390,NA,NA,Republican era,NA
47393,NA,NA,Republican era,NA
47395,NA,NA,Republican era,NA
47398,NA,NA,Republican era,NA
47400,NA,NA,Republican era,NA
47403,NA,NA,Republican era,NA
47408,NA,NA,Republican era,NA
47414,NA,NA,Republican era,NA
47416,NA,NA,Republican era,NA
47419,NA,NA,Republican era,NA
47421,NA,NA,Republican era,NA
47423,NA,NA,Republican era,NA
47425,NA,NA,Republican era,NA
47427,NA,NA,Republican era,NA
47429,NA,NA,Republican era,NA
47433,NA,NA,Republican era,NA
47436,NA,NA,Republican era,NA
47445,NA,NA,Republican era,NA
47448,Chinese Institute of Engineers 中華工程師學會,NA,Republican era,NA
47457,NA,NA,Republican era,NA
47459,NA,NA,Republican era,NA
47463,NA,NA,Republican era,NA
47465,NA,NA,Republican era,NA
47467,NA,NA,Republican era,NA
47469,NA,NA,Republican era,NA
47474,NA,NA,Republican era,NA
47477,NA,NA,Republican era,NA
47484,NA,NA,Republican era,NA
47487,NA,NA,Republican era,NA
47489,NA,NA,Republican era,NA
47493,Chinese Institute of Engineers 中華工程師學會,NA,Republican era,NA
47501,NA,NA,Republican era,NA
47503,NA,NA,Republican era,NA
47505,NA,NA,Republican era,NA
47508,NA,NA,Republican era,NA
47514,NA,NA,Republican era,NA
47516,NA,NA,Republican era,NA
47523,NA,NA,Republican era,NA
47526,NA,NA,Republican era,NA
47530,NA,NA,Republican era,NA
47539,NA,NA,Republican era,NA
47548,NA,NA,Republican era,NA
47550,NA,NA,Republican era,NA
47554,Chinese Institute of Electrical Engineers 中國電機工程師學會,NA,Republican era,NA
47561,NA,NA,Republican era,NA
47565,NA,NA,Republican era,NA
47567,NA,NA,Republican era,NA
47573,NA,NA,Republican era,NA
47575,NA,NA,Republican era,NA
47580,NA,NA,Republican era,NA
47587,NA,NA,Republican era,NA
47589,NA,NA,Republican era,NA
47593,NA,NA,Republican era,NA
47599,NA,NA,Republican era,NA
47602,NA,NA,Republican era,NA
47604,NA,NA,Republican era,NA
47609,NA,NA,Republican era,NA
47613,NA,NA,Republican era,NA
47615,NA,NA,Republican era,NA
47619,NA,NA,Republican era,NA
47621,NA,NA,Republican era,NA
47628,NA,NA,Republican era,NA
47630,NA,NA,Republican era,NA
47633,NA,NA,Republican era,NA
47635,NA,NA,Republican era,NA
47639,NA,NA,Republican era,NA
47642,NA,NA,Republican era,NA
47645,NA,NA,Republican era,NA
47654,NA,NA,Republican era,NA
47667,NA,NA,Republican era,NA
47669,NA,NA,Republican era,NA
47671,NA,NA,Republican era,NA
47674,NA,NA,Republican era,NA
47676,Chinese Institute of Mining and Metallurgy 中國礦冶工程學會,NA,Republican era,NA
47689,Chinese Institute of Electrical Engineers 中國電機工程師學會,NA,Republican era,NA
47691,NA,NA,Republican era,NA
47696,NA,NA,Republican era,NA
47700,NA,NA,Republican era,NA
47703,NA,NA,Republican era,NA
47705,Chinese Institute of Electrical Engineers 中國電機工程師學會,NA,Republican era,NA
47718,NA,NA,Republican era,NA
47722,NA,NA,Republican era,NA
47724,NA,NA,Republican era,NA
47726,NA,NA,Republican era,NA
47733,NA,NA,Republican era,NA
47736,NA,NA,Republican era,NA
47738,Chinese Institute of Electrical Engineers 中國電機工程師學會,NA,Republican era,NA
47738,China Colourists’ Association 中國染化工程學會,NA,Republican era,NA
47749,NA,NA,Republican era,NA
47753,NA,NA,Republican era,NA
47759,NA,NA,Republican era,NA
47761,NA,NA,Republican era,NA
47763,NA,NA,Republican era,NA
47765,NA,NA,Republican era,NA
47767,NA,NA,Republican era,NA
47772,NA,NA,Republican era,NA
47778,NA,NA,Republican era,NA
47780,NA,NA,Republican era,NA
47784,NA,NA,Republican era,NA
47790,NA,NA,Republican era,NA
47792,NA,NA,Republican era,NA
47796,NA,NA,Republican era,NA
47799,NA,NA,Republican era,NA
47801,NA,NA,Republican era,NA
47803,NA,NA,Republican era,NA
47805,NA,NA,Republican era,NA
47809,NA,NA,Republican era,NA
47811,NA,NA,Republican era,NA
47815,NA,NA,Republican era,NA
47820,NA,NA,Republican era,NA
47822,NA,NA,Republican era,NA
47824,NA,NA,Republican era,NA
47827,Zhongguo gongchengshi xuehui Wuhan fenhui 中國工程師學會武漢分會,NA,Republican era,NA
47834,NA,NA,Republican era,NA
47842,NA,NA,Republican era,NA
47850,NA,NA,Republican era,NA
47855,NA,NA,Republican era,NA
47857,NA,NA,Republican era,NA
47862,NA,NA,Republican era,NA
47864,NA,NA,Republican era,NA
47868,China Engineering Society 中國工程學會,NA,Republican era,NA
47871,NA,NA,Republican era,NA
47875,NA,NA,Republican era,NA
47878,NA,NA,Republican era,NA
47881,NA,NA,Republican era,NA
47887,NA,NA,Republican era,NA
47889,NA,NA,Republican era,NA
47898,NA,NA,Republican era,NA
47904,NA,NA,Republican era,NA
47906,NA,NA,Republican era,NA
47908,NA,NA,Republican era,NA
47910,NA,NA,Republican era,NA
47914,NA,NA,Republican era,NA
47917,NA,NA,Republican era,NA
47919,NA,NA,Republican era,NA
47924,NA,NA,Republican era,NA
47926,NA,NA,Republican era,NA
47928,NA,NA,Republican era,NA
47934,NA,NA,Republican era,NA
47939,Chinese Institute of Electrical Engineers 中國電機工程師學會,NA,Republican era,NA
47943,NA,NA,Republican era,NA
47945,NA,NA,Republican era,NA
47948,Zhongguo gongchengshi xuehui Wuhan fenhui 中國工程師學會武漢分會,NA,Republican era,NA
47952,NA,NA,Republican era,NA
47959,NA,NA,Republican era,NA
47962,NA,NA,Republican era,NA
47967,China Hydraulic Engineering Society 中國水利工程學會,NA,Republican era,NA
47970,NA,NA,Republican era,NA
47972,NA,NA,Republican era,NA
47975,NA,NA,Republican era,NA
47977,NA,NA,Republican era,NA
47984,NA,NA,Republican era,NA
47986,NA,NA,Republican era,NA
47993,NA,NA,Republican era,NA
48000,NA,NA,Republican era,NA
48011,NA,NA,Republican era,NA
48013,NA,NA,Republican era,NA
48015,NA,NA,Republican era,NA
48017,NA,NA,Republican era,NA
48020,NA,NA,Republican era,NA
48022,Chinese Institute of Mining and Metallurgy 中國礦冶工程學會,NA,Republican era,NA
48025,NA,NA,Republican era,NA
48027,NA,NA,Republican era,NA
48029,NA,NA,Republican era,NA
48031,NA,NA,Republican era,NA
48033,NA,NA,Republican era,NA
48038,NA,NA,Republican era,NA
48042,NA,NA,Republican era,NA
48044,NA,NA,Republican era,NA
48047,NA,NA,Republican era,NA
48053,NA,NA,Republican era,NA
48058,NA,NA,Republican era,NA
48063,NA,NA,Republican era,NA
48067,NA,NA,Republican era,NA
48069,NA,NA,Republican era,NA
48071,NA,NA,Republican era,NA
48073,NA,NA,Republican era,NA
48078,NA,NA,Republican era,NA
48080,NA,NA,Republican era,NA
48083,NA,NA,Republican era,NA
48085,NA,NA,Republican era,NA
48088,NA,NA,Republican era,NA
48090,NA,NA,Republican era,NA
48092,NA,NA,Republican era,NA
48103,NA,NA,Republican era,NA
48105,NA,NA,Republican era,NA
48107,NA,NA,Republican era,NA
48117,NA,NA,Republican era,NA
48119,NA,NA,Republican era,NA
48122,NA,NA,Republican era,NA
48133,NA,NA,Republican era,NA
48135,NA,NA,Republican era,NA
48140,NA,NA,Republican era,NA
48142,Chinese Institute of Mining and Metallurgy 中國礦冶工程學會,NA,Republican era,NA
48146,NA,NA,Republican era,NA
48148,NA,NA,Republican era,NA
48158,NA,NA,Republican era,NA
48160,NA,NA,Republican era,NA
48162,NA,NA,Republican era,NA
48165,NA,NA,Republican era,NA
48168,NA,NA,Republican era,NA
48170,NA,NA,Republican era,NA
48172,NA,NA,Republican era,NA
48174,NA,NA,Republican era,NA
48177,NA,NA,Republican era,NA
48181,NA,NA,Republican era,NA
48186,NA,NA,Republican era,NA
48189,NA,NA,Republican era,NA
48193,NA,NA,Republican era,NA
48196,Chinese Institute of Electrical Engineers 中國電機工程師學會,NA,Republican era,NA
48205,NA,NA,Republican era,NA
48207,NA,NA,Republican era,NA
48209,NA,NA,Republican era,NA
48218,NA,NA,Republican era,NA
48220,NA,NA,Republican era,NA
48222,Chinese Institute of Engineers 中華工程師學會,NA,Republican era,NA
48224,NA,NA,Republican era,NA
48226,NA,NA,Republican era,NA
48228,NA,NA,Republican era,NA
48230,NA,NA,Republican era,NA
48232,NA,NA,Republican era,NA
48236,NA,NA,Republican era,NA
48239,NA,NA,Republican era,NA
48241,NA,NA,Republican era,NA
48254,NA,NA,Republican era,NA
48262,NA,NA,Republican era,NA
48264,NA,NA,Republican era,NA
48267,NA,NA,Republican era,NA
48269,NA,NA,Republican era,NA
48272,NA,NA,Republican era,NA
48274,NA,NA,Republican era,NA
48290,NA,NA,Republican era,NA
48292,NA,NA,Republican era,NA
48296,NA,NA,Republican era,NA
48298,NA,NA,Republican era,NA
48301,NA,NA,Republican era,NA
48303,Chinese Institute of Mining and Metallurgy 中國礦冶工程學會,NA,Republican era,NA
48313,NA,NA,Republican era,NA
48315,NA,NA,Republican era,NA
48317,NA,NA,Republican era,NA
48321,NA,NA,Republican era,NA
48323,NA,NA,Republican era,NA
48331,NA,NA,Republican era,NA
48333,NA,NA,Republican era,NA
48337,NA,NA,Republican era,NA
48339,NA,NA,Republican era,NA
48346,NA,NA,Republican era,NA
48356,NA,NA,Republican era,NA
48358,NA,NA,Republican era,NA
48361,NA,NA,Republican era,NA
48363,NA,NA,Republican era,NA
48377,NA,NA,Republican era,NA
48379,NA,NA,Republican era,NA
48383,NA,NA,Republican era,NA
48386,NA,NA,Republican era,NA
48390,NA,NA,Republican era,NA
48392,NA,NA,Republican era,NA
48402,Chinese Institute of Mining and Metallurgy 中國礦冶工程學會,NA,Republican era,NA
48410,NA,NA,Republican era,NA
48412,Chinese Institute of Mining and Metallurgy 中國礦冶工程學會,NA,Republican era,NA
48420,NA,NA,Republican era,NA
48422,NA,NA,Republican era,NA
48424,NA,NA,Republican era,NA
48429,NA,NA,Republican era,NA
48431,NA,NA,Republican era,NA
48433,NA,NA,Republican era,NA
48435,NA,NA,Republican era,NA
48437,NA,NA,Republican era,NA
48441,NA,NA,Republican era,NA
48443,NA,NA,Republican era,NA
48445,NA,NA,Republican era,NA
48447,Chinese Institute of Mining and Metallurgy 中國礦冶工程學會,NA,Republican era,NA
48462,NA,NA,Republican era,NA
48467,NA,NA,Republican era,NA
48474,NA,NA,Republican era,NA
48476,NA,NA,Republican era,NA
48480,NA,NA,Republican era,NA
48483,NA,NA,Republican era,NA
48485,NA,NA,Republican era,NA
48487,NA,NA,Republican era,NA
48491,NA,NA,Republican era,NA
48499,NA,NA,Republican era,NA
48503,NA,NA,Republican era,NA
48505,NA,NA,Republican era,NA
48507,NA,NA,Republican era,NA
48511,NA,NA,Republican era,NA
48513,Chinese Institute of Mining and Metallurgy 中國礦冶工程學會,NA,Republican era,NA
48522,NA,NA,Republican era,NA
48524,NA,NA,Republican era,NA
48526,NA,NA,Republican era,NA
48528,NA,NA,Republican era,NA
48532,NA,NA,Republican era,NA
48535,NA,NA,Republican era,NA
48538,NA,NA,Republican era,NA
48540,NA,NA,Republican era,NA
48545,NA,NA,Republican era,NA
48552,NA,NA,Republican era,NA
48559,NA,NA,Republican era,NA
48562,NA,NA,Republican era,NA
48565,NA,NA,Republican era,NA
48571,NA,NA,Republican era,NA
48583,NA,NA,Republican era,NA
48591,NA,NA,Republican era,NA
48594,NA,NA,Republican era,NA
48596,NA,NA,Republican era,NA
48598,Zhongguo gongchengshi xuehui Wuhan fenhui 中國工程師學會武漢分會,NA,Republican era,NA
48607,NA,NA,Republican era,NA
48611,NA,NA,Republican era,NA
48615,NA,NA,Republican era,NA
48617,NA,NA,Republican era,NA
48619,NA,NA,Republican era,NA
48621,NA,NA,Republican era,NA
48625,Chinese Institute of Engineers 中華工程師學會,NA,Republican era,NA
48628,NA,NA,Republican era,NA
48638,NA,NA,Republican era,NA
48639,NA,NA,Republican era,NA
48641,NA,NA,Republican era,NA
48643,NA,NA,Republican era,NA
48645,NA,NA,Republican era,NA
48657,NA,NA,Republican era,NA
48660,NA,NA,Republican era,NA
48662,NA,NA,Republican era,NA
48664,NA,NA,Republican era,NA
48666,NA,NA,Republican era,NA
48668,NA,NA,Republican era,NA
48670,NA,NA,Republican era,NA
48672,NA,NA,Republican era,NA
48674,NA,NA,Republican era,NA
48677,Chinese Institute of Mining and Metallurgy 中國礦冶工程學會,NA,Republican era,NA
48694,NA,NA,Republican era,NA
48704,NA,NA,Republican era,NA
48707,NA,NA,Republican era,NA
48710,NA,NA,Republican era,NA
48712,NA,NA,Republican era,NA
48715,NA,NA,Republican era,NA
48726,NA,NA,Republican era,NA
48740,NA,NA,Republican era,NA
48742,NA,NA,Republican era,NA
48751,Chinese Institute of Electrical Engineers 中國電機工程師學會,NA,Republican era,NA
48756,NA,NA,Republican era,NA
48758,NA,NA,Republican era,NA
48760,NA,NA,Republican era,NA
48763,NA,NA,Republican era,NA
48766,NA,NA,Republican era,NA
48768,NA,NA,Republican era,NA
48771,NA,NA,Republican era,NA
48776,NA,NA,Republican era,NA
48783,Chinese Institute of Mining and Metallurgy 中國礦冶工程學會,NA,Republican era,NA
48798,NA,NA,Republican era,NA
48801,NA,NA,Republican era,NA
48806,NA,NA,Republican era,NA
48808,NA,NA,Republican era,NA
48811,Chinese Institute of Electrical Engineers 中國電機工程師學會,NA,Republican era,NA
48830,NA,NA,Republican era,NA
48833,Zhongguo gongchengshi xuehui Wuhan fenhui 中國工程師學會武漢分會,NA,Republican era,NA
48844,NA,NA,Republican era,NA
48850,Chinese Institute of Electrical Engineers 中國電機工程師學會,NA,Republican era,NA
48855,NA,NA,Republican era,NA
48856,NA,NA,Republican era,NA
48862,NA,NA,Republican era,NA
48870,NA,NA,Republican era,NA
48872,NA,NA,Republican era,NA
48881,NA,NA,Republican era,NA
48883,NA,NA,Republican era,NA
48886,NA,NA,Republican era,NA
48888,NA,NA,Republican era,NA
48893,NA,NA,Republican era,NA
48895,NA,NA,Republican era,NA
48897,NA,NA,Republican era,NA
48898,China Power Engineering Society 中國動力工程學會,NA,Republican era,NA
48913,NA,NA,Republican era,NA
48929,NA,NA,Republican era,NA
48931,NA,NA,Republican era,NA
48933,Chinese Institute of Electrical Engineers 中國電機工程師學會,NA,Republican era,NA
48936,NA,NA,Republican era,NA
48938,NA,NA,Republican era,NA
48940,Chinese Institute of Electrical Engineers 中國電機工程師學會,NA,Republican era,NA
48945,NA,NA,Republican era,NA
48948,NA,NA,Republican era,NA
48950,NA,NA,Republican era,NA
48954,NA,NA,Republican era,NA
48965,NA,NA,Republican era,NA
48967,China Engineering Society 中國工程學會,NA,Republican era,NA
48969,Chinese Institute of Electrical Engineers 中國電機工程師學會,NA,Republican era,NA
48996,NA,NA,Republican era,NA
48999,Chinese Institute of Electrical Engineers 中國電機工程師學會,NA,Republican era,NA
49008,NA,NA,Republican era,NA
49015,NA,NA,Republican era,NA
49018,Chinese Institute of Electrical Engineers 中國電機工程師學會,NA,Republican era,NA
49024,NA,NA,Republican era,NA
49026,NA,NA,Republican era,NA
49035,Chinese Institute of Engineers 中華工程師學會,NA,Republican era,NA
49035,China Engineering Society 中國工程學會,NA,Republican era,NA
49035,China Hydraulic Engineering Society 中國水利工程學會,NA,Republican era,NA
49050,NA,NA,Republican era,NA
49058,NA,NA,Republican era,NA
49061,NA,NA,Republican era,NA
49063,NA,NA,Republican era,NA
49065,NA,NA,Republican era,NA
49068,NA,NA,Republican era,NA
49070,NA,NA,Republican era,NA
49072,NA,NA,Republican era,NA
49074,NA,NA,Republican era,NA
49077,NA,NA,Republican era,NA
49092,NA,NA,Republican era,NA
49109,NA,NA,Republican era,NA
49111,NA,NA,Republican era,NA
49113,China Hydraulic Engineering Society 中國水利工程學會,NA,Republican era,NA
49116,NA,NA,Republican era,NA
49131,NA,NA,Republican era,NA
49134,NA,NA,Republican era,NA
49146,NA,NA,Republican era,NA
49150,NA,NA,Republican era,NA
49154,NA,NA,Republican era,NA
49160,NA,NA,Republican era,NA
49164,NA,NA,Republican era,NA
49168,NA,NA,Republican era,NA
49170,NA,NA,Republican era,NA
49174,NA,NA,Republican era,NA
49176,Chinese Institute of Mining and Metallurgy 中國礦冶工程學會,NA,Republican era,NA
49182,NA,NA,Republican era,NA
49187,NA,NA,Republican era,NA
49189,NA,NA,Republican era,NA
49191,NA,NA,Republican era,NA
49193,NA,NA,Republican era,NA
49198,NA,NA,Republican era,NA
49201,NA,NA,Republican era,NA
49203,NA,NA,Republican era,NA
49205,NA,NA,Republican era,NA
49207,NA,NA,Republican era,NA
49209,NA,NA,Republican era,NA
49211,NA,NA,Republican era,NA
49219,NA,NA,Republican era,NA
49235,NA,NA,Republican era,NA
49238,NA,NA,Republican era,NA
49241,NA,NA,Republican era,NA
49243,NA,NA,Republican era,NA
49248,NA,NA,Republican era,NA
49252,NA,NA,Republican era,NA
49254,NA,NA,Republican era,NA
49256,NA,NA,Republican era,NA
49263,NA,NA,Republican era,NA
49267,NA,NA,Republican era,NA
49269,NA,NA,Republican era,NA
49271,NA,NA,Republican era,NA
49273,NA,NA,Republican era,NA
49279,NA,NA,Republican era,NA
49281,NA,NA,Republican era,NA
49283,Chinese Institute of Mining and Metallurgy 中國礦冶工程學會,NA,Republican era,NA
49285,NA,NA,Republican era,NA
49294,NA,NA,Republican era,NA
49297,NA,NA,Republican era,NA
49301,Chinese Institute of Mining and Metallurgy 中國礦冶工程學會,NA,Republican era,NA
49308,NA,NA,Republican era,NA
49310,NA,NA,Republican era,NA
49313,NA,NA,Republican era,NA
49315,NA,NA,Republican era,NA
49317,NA,NA,Republican era,NA
49319,NA,NA,Republican era,NA
49321,NA,NA,Republican era,NA
49323,NA,NA,Republican era,NA
49326,NA,NA,Republican era,NA
49329,NA,NA,Republican era,NA
49331,NA,NA,Republican era,NA
49335,NA,NA,Republican era,NA
49337,NA,NA,Republican era,NA
49340,NA,NA,Republican era,NA
49343,NA,NA,Republican era,NA
49345,NA,NA,Republican era,NA
49348,NA,NA,Republican era,NA
49350,NA,NA,Republican era,NA
49353,NA,NA,Republican era,NA
49357,NA,NA,Republican era,NA
49359,NA,NA,Republican era,NA
49362,NA,NA,Republican era,NA
49364,NA,NA,Republican era,NA
49368,NA,NA,Republican era,NA
49370,NA,NA,Republican era,NA
49375,NA,NA,Republican era,NA
49378,NA,NA,Republican era,NA
49382,NA,NA,Republican era,NA
49384,NA,NA,Republican era,NA
49388,NA,NA,Republican era,NA
49396,NA,NA,Republican era,NA
49398,NA,NA,Republican era,NA
49400,NA,NA,Republican era,NA
49404,Chinese Institute of Engineers 中華工程師學會,NA,Republican era,NA
49406,NA,NA,Republican era,NA
49413,NA,NA,Republican era,NA
49415,NA,NA,Republican era,NA
49417,NA,NA,Republican era,NA
49419,NA,NA,Republican era,NA
49425,NA,NA,Republican era,NA
49427,NA,NA,Republican era,NA
49431,NA,NA,Republican era,NA
49433,NA,NA,Republican era,NA
49435,NA,NA,Republican era,NA
49444,NA,NA,Republican era,NA
49453,NA,NA,Republican era,NA
49455,NA,NA,Republican era,NA
49458,NA,NA,Republican era,NA
49464,NA,NA,Republican era,NA
49467,NA,NA,Republican era,NA
49469,NA,NA,Republican era,NA
49471,NA,NA,Republican era,NA
49473,NA,NA,Republican era,NA
49476,NA,NA,Republican era,NA
49478,NA,NA,Republican era,NA
49480,NA,NA,Republican era,NA
49484,NA,NA,Republican era,NA
49486,NA,NA,Republican era,NA
49489,NA,NA,Republican era,NA
49491,NA,NA,Republican era,NA
49500,NA,NA,Republican era,NA
49502,NA,NA,Republican era,NA
49506,NA,NA,Republican era,NA
49510,NA,NA,Republican era,NA
49514,NA,NA,Republican era,NA
49521,NA,NA,Republican era,NA
49526,Chinese Institute of Electrical Engineers 中國電機工程師學會,NA,Republican era,NA
49530,NA,NA,Republican era,NA
49533,NA,NA,Republican era,NA
49536,NA,NA,Republican era,NA
49538,NA,NA,Republican era,NA
49541,NA,NA,Republican era,NA
49544,NA,NA,Republican era,NA
49555,NA,NA,Republican era,NA
49556,NA,NA,Republican era,NA
49561,NA,NA,Republican era,NA
49563,NA,NA,Republican era,NA
49566,NA,NA,Republican era,NA
49571,NA,NA,Republican era,NA
49573,NA,NA,Republican era,NA
49580,NA,NA,Republican era,NA
49587,NA,NA,Republican era,NA
49596,NA,NA,Republican era,NA
49600,NA,NA,Republican era,NA
49601,Chinese Institute of Mining and Metallurgy 中國礦冶工程學會,NA,Republican era,NA
49605,NA,NA,Republican era,NA
49615,NA,NA,Republican era,NA
49619,Chinese Institute of Mining and Metallurgy 中國礦冶工程學會,NA,Republican era,NA
49619,Chinese Institute of Engineers 中華工程師學會,NA,Republican era,NA
49624,NA,NA,Republican era,NA
49638,NA,NA,Republican era,NA
49640,NA,NA,Republican era,NA
49642,NA,NA,Republican era,NA
49647,NA,NA,Republican era,NA
49650,NA,NA,Republican era,NA
49656,NA,NA,Republican era,NA
49659,NA,NA,Republican era,NA
49661,NA,NA,Republican era,NA
49662,NA,NA,Republican era,NA
49669,NA,NA,Republican era,NA
49671,NA,NA,Republican era,NA
49674,NA,NA,Republican era,NA
49678,NA,NA,Republican era,NA
49680,NA,NA,Republican era,NA
49681,NA,NA,Republican era,NA
49687,NA,NA,Republican era,NA
49688,NA,NA,Republican era,NA
49695,NA,NA,Republican era,NA
49703,NA,NA,Republican era,NA
49705,NA,NA,Republican era,NA
49706,NA,NA,Republican era,NA
49721,NA,NA,Republican era,NA
49724,NA,NA,Republican era,NA
49726,Chinese Institute of Engineers 中華工程師學會,NA,Republican era,NA
49740,NA,NA,Republican era,NA
49745,Chinese Institute of Engineers 中華工程師學會,NA,Republican era,NA
49748,NA,NA,Republican era,NA
49750,NA,NA,Republican era,NA
49758,NA,NA,Republican era,NA
49760,NA,NA,Republican era,NA
49762,NA,NA,Republican era,NA
49771,NA,NA,Republican era,NA
49774,Chinese Institute of Electrical Engineers 中國電機工程師學會,NA,Republican era,NA
49780,Chinese Institute of Electrical Engineers 中國電機工程師學會,NA,Republican era,NA
49786,NA,NA,Republican era,NA
49790,Chinese Institute of Engineers 中華工程師學會,NA,Republican era,NA
49793,NA,NA,Republican era,NA
49795,NA,NA,Republican era,NA
49797,NA,NA,Republican era,NA
49801,NA,NA,Republican era,NA
49803,NA,NA,Republican era,NA
49806,NA,NA,Republican era,NA
49808,NA,NA,Republican era,NA
49810,NA,NA,Republican era,NA
49818,NA,NA,Republican era,NA
49821,NA,NA,Republican era,NA
49823,NA,NA,Republican era,NA
49827,NA,NA,Republican era,NA
49829,NA,NA,Republican era,NA
49835,NA,NA,Republican era,NA
49846,NA,NA,Republican era,NA
49850,NA,NA,Republican era,NA
49853,NA,NA,Republican era,NA
49855,NA,NA,Republican era,NA
49857,NA,NA,Republican era,NA
49863,NA,NA,Republican era,NA
49868,NA,NA,Republican era,NA
49882,NA,NA,Republican era,NA
49884,NA,NA,Republican era,NA
49888,NA,NA,Republican era,NA
49893,NA,NA,Republican era,NA
49895,NA,NA,Republican era,NA
49900,NA,NA,Republican era,NA
49904,NA,NA,Republican era,NA
49914,NA,NA,Republican era,NA
49920,NA,NA,Republican era,NA
49923,NA,NA,Republican era,NA
49934,Chinese Institute of Engineers 中華工程師學會,NA,Republican era,NA
49946,NA,NA,Republican era,NA
49948,Chinese Institute of Electrical Engineers 中國電機工程師學會,NA,Republican era,NA
49950,NA,NA,Republican era,NA
49960,NA,NA,Republican era,NA
49962,NA,NA,Republican era,NA
49964,NA,NA,Republican era,NA
49966,NA,NA,Republican era,NA
49968,NA,NA,Republican era,NA
49970,Zhongguo gongchengshi xuehui Wuhan fenhui 中國工程師學會武漢分會,NA,Republican era,NA
49980,NA,NA,Republican era,NA
49986,NA,NA,Republican era,NA
49990,NA,NA,Republican era,NA
49992,NA,NA,Republican era,NA
49994,NA,NA,Republican era,NA
49996,NA,NA,Republican era,NA
49998,NA,NA,Republican era,NA
50000,NA,NA,Republican era,NA
50003,NA,NA,Republican era,NA
50005,NA,NA,Republican era,NA
50007,NA,NA,Republican era,NA
50010,NA,NA,Republican era,NA
50012,NA,NA,Republican era,NA
50016,NA,NA,Republican era,NA
50018,NA,NA,Republican era,NA
50024,Chinese Institute of Electrical Engineers 中國電機工程師學會,NA,Republican era,NA
50033,NA,NA,Republican era,NA
50035,NA,NA,Republican era,NA
50044,NA,NA,Republican era,NA
50046,NA,NA,Republican era,NA
50048,NA,NA,Republican era,NA
50050,NA,NA,Republican era,NA
50052,NA,NA,Republican era,NA
50063,NA,NA,Republican era,NA
50066,NA,NA,Republican era,NA
50068,NA,NA,Republican era,NA
50089,NA,NA,Republican era,NA
50101,NA,NA,Republican era,NA
50103,NA,NA,Republican era,NA
50107,NA,NA,Republican era,NA
50109,NA,NA,Republican era,NA
50111,NA,NA,Republican era,NA
50113,NA,NA,Republican era,NA
50115,NA,NA,Republican era,NA
50119,NA,NA,Republican era,NA
50125,NA,NA,Republican era,NA
50127,NA,NA,Republican era,NA
50129,NA,NA,Republican era,NA
50137,NA,NA,Republican era,NA
50139,Chinese Institute of Electrical Engineers 中國電機工程師學會,NA,Republican era,NA
50144,NA,NA,Republican era,NA
50146,NA,NA,Republican era,NA
50149,NA,NA,Republican era,NA
50151,NA,NA,Republican era,NA
50159,China Engineering Society 中國工程學會,NA,Republican era,NA
50178,China Engineering Society 中國工程學會,NA,Republican era,NA
50190,NA,NA,Republican era,NA
50192,NA,NA,Republican era,NA
50197,NA,NA,Republican era,NA
50204,NA,NA,Republican era,NA
50206,NA,NA,Republican era,NA
50208,NA,NA,Republican era,NA
50217,NA,NA,Republican era,NA
50221,NA,NA,Republican era,NA
50227,NA,NA,Republican era,NA
50232,NA,NA,Republican era,NA
50234,NA,NA,Republican era,NA
50238,NA,NA,Republican era,NA
50244,NA,NA,Republican era,NA
50246,NA,NA,Republican era,NA
50250,NA,NA,Republican era,NA
50252,NA,NA,Republican era,NA
50258,Chinese Institute of Electrical Engineers 中國電機工程師學會,NA,Republican era,NA
50260,NA,NA,Republican era,NA
50275,NA,NA,Republican era,NA
50277,NA,NA,Republican era,NA
50294,NA,NA,Republican era,NA
50297,Chinese Institute of Engineers 中華工程師學會,NA,Republican era,NA
50299,NA,NA,Republican era,NA
50301,NA,NA,Republican era,NA
50303,China Power Engineering Society 中國動力工程學會,NA,Republican era,NA
50311,NA,NA,Republican era,NA
50315,NA,NA,Republican era,NA
50317,NA,NA,Republican era,NA
50320,NA,NA,Republican era,NA
50322,NA,NA,Republican era,NA
50328,NA,NA,Republican era,NA
50335,NA,NA,Republican era,NA
50339,NA,NA,Republican era,NA
50341,NA,NA,Republican era,NA
50346,NA,NA,Republican era,NA
50350,NA,NA,Republican era,NA
50352,NA,NA,Republican era,NA
50358,NA,NA,Republican era,NA
50360,NA,NA,Republican era,NA
50362,NA,NA,Republican era,NA
50364,NA,NA,Republican era,NA
50378,NA,NA,Republican era,NA
50380,NA,NA,Republican era,NA
50382,NA,NA,Republican era,NA
50385,NA,NA,Republican era,NA
50387,China Engineering Society 中國工程學會,NA,Republican era,NA
50387,Chinese Science Society,NA,Republican era,NA
50387,Association of Chinese and American Engineers,NA,Republican era,NA
50397,NA,NA,Republican era,NA
50399,NA,NA,Republican era,NA
50403,NA,NA,Republican era,NA
50406,NA,NA,Republican era,NA
50417,NA,NA,Republican era,NA
50419,NA,NA,Republican era,NA
50421,Chinese Institute of Mining and Metallurgy 中國礦冶工程學會,NA,Republican era,NA
50428,NA,NA,Republican era,NA
50430,NA,NA,Republican era,NA
50432,NA,NA,Republican era,NA
50438,NA,NA,Republican era,NA
50441,NA,NA,Republican era,NA
50444,NA,NA,Republican era,NA
50446,NA,NA,Republican era,NA
50449,NA,NA,Republican era,NA
50451,NA,NA,Republican era,NA
50453,Chinese Institute of Electrical Engineers 中國電機工程師學會,NA,Republican era,NA
50455,Chinese Institute of Mining and Metallurgy 中國礦冶工程學會,NA,Republican era,NA
50457,NA,NA,Republican era,NA
50459,NA,NA,Republican era,NA
50467,NA,NA,Republican era,NA
50478,NA,NA,Republican era,NA
50483,NA,NA,Republican era,NA
50485,NA,NA,Republican era,NA
50488,NA,NA,Republican era,NA
50490,NA,NA,Republican era,NA
50492,NA,NA,Republican era,NA
50494,NA,NA,Republican era,NA
50496,NA,NA,Republican era,NA
50499,NA,NA,Republican era,NA
50505,NA,NA,Republican era,NA
50509,NA,NA,Republican era,NA
50512,NA,NA,Republican era,NA
50514,NA,NA,Republican era,NA
50520,NA,NA,Republican era,NA
50523,NA,NA,Republican era,NA
50525,NA,NA,Republican era,NA
50530,NA,NA,Republican era,NA
50532,NA,NA,Republican era,NA
50535,NA,NA,Republican era,NA
50541,NA,NA,Republican era,NA
50544,NA,NA,Republican era,NA
50547,NA,NA,Republican era,NA
50549,NA,NA,Republican era,NA
50552,Chinese Institute of Electrical Engineers 中國電機工程師學會,NA,Republican era,NA
50557,NA,NA,Republican era,NA
50564,NA,NA,Republican era,NA
50580,NA,NA,Republican era,NA
50582,NA,NA,Republican era,NA
50585,NA,NA,Republican era,NA
50588,NA,NA,Republican era,NA
50590,NA,NA,Republican era,NA
50592,NA,NA,Republican era,NA
50597,China Power Engineering Society 中國動力工程學會,NA,Republican era,NA
50602,NA,NA,Republican era,NA
50604,NA,NA,Republican era,NA
50606,NA,NA,Republican era,NA
50608,NA,NA,Republican era,NA
50610,NA,NA,Republican era,NA
50612,NA,NA,Republican era,NA
50614,NA,NA,Republican era,NA
50617,NA,NA,Republican era,NA
50619,NA,NA,Republican era,NA
50622,NA,NA,Republican era,NA
50624,NA,NA,Republican era,NA
50626,NA,NA,Republican era,NA
50628,NA,NA,Republican era,NA
50630,NA,NA,Republican era,NA
50633,Chinese Institute of Electrical Engineers 中國電機工程師學會,NA,Republican era,NA
50636,NA,NA,Republican era,NA
50641,NA,NA,Republican era,NA
50644,NA,NA,Republican era,NA
50646,NA,NA,Republican era,NA
50655,NA,NA,Republican era,NA
50657,NA,NA,Republican era,NA
50659,NA,NA,Republican era,NA
50661,Chinese Institute of Electrical Engineers 中國電機工程師學會,NA,Republican era,NA
50667,NA,NA,Republican era,NA
50669,NA,NA,Republican era,NA
50671,NA,NA,Republican era,NA
50678,NA,NA,Republican era,NA
50681,NA,NA,Republican era,NA
50683,NA,NA,Republican era,NA
50685,NA,NA,Republican era,NA
50694,NA,NA,Republican era,NA
50696,NA,NA,Republican era,NA
50698,NA,NA,Republican era,NA
50700,NA,NA,Republican era,NA
50702,NA,NA,Republican era,NA
50704,NA,NA,Republican era,NA
50707,NA,NA,Republican era,NA
50710,NA,NA,Republican era,NA
50713,NA,NA,Republican era,NA
50716,NA,NA,Republican era,NA
50718,NA,NA,Republican era,NA
50720,NA,NA,Republican era,NA
50732,NA,NA,Republican era,NA
50734,NA,NA,Republican era,NA
50752,NA,NA,Republican era,NA
50754,NA,NA,Republican era,NA
50761,NA,NA,Republican era,NA
50764,NA,NA,Republican era,NA
50766,NA,NA,Republican era,NA
50771,NA,NA,Republican era,NA
50773,NA,NA,Republican era,NA
50778,NA,NA,Republican era,NA
50784,NA,NA,Republican era,NA
50786,NA,NA,Republican era,NA
50788,NA,NA,Republican era,NA
50793,NA,NA,Republican era,NA
50795,NA,NA,Republican era,NA
50797,NA,NA,Republican era,NA
50808,NA,NA,Republican era,NA
50813,NA,NA,Republican era,NA
50816,NA,NA,Republican era,NA
50818,NA,NA,Republican era,NA
50820,NA,NA,Republican era,NA
50822,NA,NA,Republican era,NA
50824,NA,NA,Republican era,NA
50827,China Colourists’ Association 中國染化工程學會,NA,Republican era,NA
50830,NA,NA,Republican era,NA
50832,NA,NA,Republican era,NA
50840,NA,NA,Republican era,NA
50842,NA,NA,Republican era,NA
50845,NA,NA,Republican era,NA
50850,Chinese Institute of Electrical Engineers 中國電機工程師學會,NA,Republican era,NA
50858,NA,NA,Republican era,NA
50875,NA,NA,Republican era,NA
50877,NA,NA,Republican era,NA
50879,NA,NA,Republican era,NA
50884,NA,NA,Republican era,NA
50897,NA,NA,Republican era,NA
50911,NA,NA,Republican era,NA
50914,NA,NA,Republican era,NA
50920,NA,NA,Republican era,NA
50938,NA,NA,Republican era,NA
50940,NA,NA,Republican era,NA
50943,NA,NA,Republican era,NA
50945,NA,NA,Republican era,NA
50947,NA,NA,Republican era,NA
50949,NA,NA,Republican era,NA
50951,Chinese Institute of Mining and Metallurgy 中國礦冶工程學會,NA,Republican era,NA
50972,NA,NA,Republican era,NA
50974,NA,NA,Republican era,NA
50976,NA,NA,Republican era,NA
50978,NA,NA,Republican era,NA
50981,NA,NA,Republican era,NA
50983,NA,NA,Republican era,NA
50985,NA,NA,Republican era,NA
50987,Chinese Institute of Engineers 中華工程師學會,NA,Republican era,NA
50989,NA,NA,Republican era,NA
50992,NA,NA,Republican era,NA
50994,NA,NA,Republican era,NA
50997,NA,NA,Republican era,NA
50999,NA,NA,Republican era,NA
51001,NA,NA,Republican era,NA
51006,NA,NA,Republican era,NA
51017,NA,NA,Republican era,NA
51024,NA,NA,Republican era,NA
51026,NA,NA,Republican era,NA
51028,NA,NA,Republican era,NA
51034,NA,NA,Republican era,NA
51037,NA,NA,Republican era,NA
51040,NA,NA,Republican era,NA
51043,NA,NA,Republican era,NA
51046,NA,NA,Republican era,NA
51050,NA,NA,Republican era,NA
51053,NA,NA,Republican era,NA
51056,Chinese Institute of Electrical Engineers 中國電機工程師學會,NA,Republican era,NA
51059,NA,NA,Republican era,NA
51061,Chinese Institute of Electrical Engineers 中國電機工程師學會,NA,Republican era,NA
51068,NA,NA,Republican era,NA
51070,NA,NA,Republican era,NA
51076,NA,NA,Republican era,NA
51078,NA,NA,Republican era,NA
51086,NA,NA,Republican era,NA
51090,NA,NA,Republican era,NA
51092,NA,NA,Republican era,NA
51094,NA,NA,Republican era,NA
51096,NA,NA,Republican era,NA
51098,NA,NA,Republican era,NA
51111,NA,NA,Republican era,NA
51113,NA,NA,Republican era,NA
51119,NA,NA,Republican era,NA
51121,Chinese Institute of Electrical Engineers 中國電機工程師學會,NA,Republican era,NA
51136,NA,NA,Republican era,NA
51138,NA,NA,Republican era,NA
51140,NA,NA,Republican era,NA
51143,NA,NA,Republican era,NA
51148,NA,NA,Republican era,NA
51150,NA,NA,Republican era,NA
51152,NA,NA,Republican era,NA
51154,NA,NA,Republican era,NA
51159,NA,NA,Republican era,NA
51162,NA,NA,Republican era,NA
51164,Chinese Institute of Mining and Metallurgy 中國礦冶工程學會,NA,Republican era,NA
51169,NA,NA,Republican era,NA
51171,NA,NA,Republican era,NA
51173,NA,NA,Republican era,NA
51175,NA,NA,Republican era,NA
51177,NA,NA,Republican era,NA
51182,NA,NA,Republican era,NA
51184,NA,NA,Republican era,NA
51198,NA,NA,Republican era,NA
51200,NA,NA,Republican era,NA
51202,NA,NA,Republican era,NA
51205,NA,NA,Republican era,NA
51208,NA,NA,Republican era,NA
51212,NA,NA,Republican era,NA
51215,NA,NA,Republican era,NA
51217,NA,NA,Republican era,NA
51219,NA,NA,Republican era,NA
51221,China Engineering Society 中國工程學會,NA,Republican era,NA
51221,Chinese Institute of Engineers 中華工程師學會,NA,Republican era,NA
51237,NA,NA,Republican era,NA
51241,NA,NA,Republican era,NA
51243,NA,NA,Republican era,NA
51253,NA,NA,Republican era,NA
51258,NA,NA,Republican era,NA
51260,NA,NA,Republican era,NA
51262,NA,NA,Republican era,NA
51264,NA,NA,Republican era,NA
51266,NA,NA,Republican era,NA
51270,NA,NA,Republican era,NA
51276,NA,NA,Republican era,NA
51291,NA,NA,Republican era,NA
51298,NA,NA,Republican era,NA
51303,NA,NA,Republican era,NA
51308,Chinese Institute of Mining and Metallurgy 中國礦冶工程學會,NA,Republican era,NA
51323,NA,NA,Republican era,NA
51325,NA,NA,Republican era,NA
51329,NA,NA,Republican era,NA
51334,NA,NA,Republican era,NA
51337,NA,NA,Republican era,NA
51352,NA,NA,Republican era,NA
51354,NA,NA,Republican era,NA
51356,Chinese Institute of Engineers 中華工程師學會,NA,Republican era,NA
51362,NA,NA,Republican era,NA
51365,Chinese Institute of Mining and Metallurgy 中國礦冶工程學會,NA,Republican era,NA
51367,NA,NA,Republican era,NA
51369,Chinese Institute of Mining and Metallurgy 中國礦冶工程學會,NA,Republican era,NA
51379,NA,NA,Republican era,NA
51381,NA,NA,Republican era,NA
51385,NA,NA,Republican era,NA
51387,NA,NA,Republican era,NA
51389,NA,NA,Republican era,NA
51391,NA,NA,Republican era,NA
51393,NA,NA,Republican era,NA
51396,NA,NA,Republican era,NA
51398,NA,NA,Republican era,NA
51406,NA,NA,Republican era,NA
51410,NA,NA,Republican era,NA
51412,Chinese Institute of Electrical Engineers 中國電機工程師學會,NA,Republican era,NA
51417,Chinese Institute of Electrical Engineers 中國電機工程師學會,NA,Republican era,NA
51427,NA,NA,Republican era,NA
51429,NA,NA,Republican era,NA
51431,NA,NA,Republican era,NA
51441,NA,NA,Republican era,NA
51444,NA,NA,Republican era,NA
51450,NA,NA,Republican era,NA
51452,NA,NA,Republican era,NA
51462,NA,NA,Republican era,NA
51466,NA,NA,Republican era,NA
51469,NA,NA,Republican era,NA
51471,NA,NA,Republican era,NA
51473,NA,NA,Republican era,NA
51477,NA,NA,Republican era,NA
51482,NA,NA,Republican era,NA
51491,NA,NA,Republican era,NA
51495,NA,NA,Republican era,NA
51497,NA,NA,Republican era,NA
51499,NA,NA,Republican era,NA
51505,Chinese Institute of Engineers 中華工程師學會,NA,Republican era,NA
51520,Chinese Institute of Engineers 中華工程師學會,NA,Republican era,NA
51530,Chinese Institute of Mining and Metallurgy 中國礦冶工程學會,NA,Republican era,NA
51547,NA,NA,Republican era,NA
51549,NA,NA,Republican era,NA
51552,NA,NA,Republican era,NA
51556,NA,NA,Republican era,NA
51570,NA,NA,Republican era,NA
51573,NA,NA,Republican era,NA
51576,NA,NA,Republican era,NA
51578,NA,NA,Republican era,NA
51580,NA,NA,Republican era,NA
51590,NA,NA,Republican era,NA
51592,NA,NA,Republican era,NA
51594,NA,NA,Republican era,NA
51599,NA,NA,Republican era,NA
51601,NA,NA,Republican era,NA
51604,NA,NA,Republican era,NA
51607,NA,NA,Republican era,NA
51611,NA,NA,Republican era,NA
51620,NA,NA,Republican era,NA
51623,NA,NA,Republican era,NA
51628,NA,NA,Republican era,NA
51631,NA,NA,Republican era,NA
51633,NA,NA,Republican era,NA
51644,NA,NA,Republican era,NA
51658,NA,NA,Republican era,NA
51663,NA,NA,Republican era,NA
51668,NA,NA,Republican era,NA
51677,NA,NA,Republican era,NA
51693,NA,NA,Republican era,NA
51696,NA,NA,Republican era,NA
51699,NA,NA,Republican era,NA
51701,NA,NA,Republican era,NA
51703,NA,NA,Republican era,NA
51706,NA,NA,Republican era,NA
51714,Chinese Institute of Mining and Metallurgy 中國礦冶工程學會,NA,Republican era,NA
51718,NA,NA,Republican era,NA
51728,NA,NA,Republican era,NA
51730,NA,NA,Republican era,NA
51739,NA,NA,Republican era,NA
51745,NA,NA,Republican era,NA
51747,NA,NA,Republican era,NA
51749,NA,NA,Republican era,NA
51751,NA,NA,Republican era,NA
51760,NA,NA,Republican era,NA
51763,NA,NA,Republican era,NA
51765,NA,NA,Republican era,NA
51767,NA,NA,Republican era,NA
51769,NA,NA,Republican era,NA
51771,NA,NA,Republican era,NA
51773,NA,NA,Republican era,NA
51775,NA,NA,Republican era,NA
51777,NA,NA,Republican era,NA
51779,Chinese Institute of Engineers 中華工程師學會,NA,Republican era,NA
51786,Chinese Institute of Engineers 中華工程師學會,NA,Republican era,NA
51789,NA,NA,Republican era,NA
51791,NA,NA,Republican era,NA
51795,NA,NA,Republican era,NA
51797,NA,NA,Republican era,NA
51799,NA,NA,Republican era,NA
51801,NA,NA,Republican era,NA
51805,NA,NA,Republican era,NA
51810,NA,NA,Republican era,NA
51812,Chinese Institute of Engineers 中華工程師學會,NA,Republican era,NA
51812,Zhongguo gongchengshi xuehui Wuhan fenhui 中國工程師學會武漢分會,NA,Republican era,NA
51814,NA,NA,Republican era,NA
51816,NA,NA,Republican era,NA
51819,NA,NA,Republican era,NA
51822,NA,NA,Republican era,NA
51824,NA,NA,Republican era,NA
51826,NA,NA,Republican era,NA
51828,NA,NA,Republican era,NA
51831,NA,NA,Republican era,NA
51833,NA,NA,Republican era,NA
51836,NA,NA,Republican era,NA
51838,NA,NA,Republican era,NA
51842,NA,NA,Republican era,NA
51844,NA,NA,Republican era,NA
51846,NA,NA,Republican era,NA
51848,NA,NA,Republican era,NA
51850,NA,NA,Republican era,NA
51852,NA,NA,Republican era,NA
51855,NA,NA,Republican era,NA
51858,NA,NA,Republican era,NA
51861,NA,NA,Republican era,NA
51863,NA,NA,Republican era,NA
51870,NA,NA,Republican era,NA
51873,NA,NA,Republican era,NA
51875,NA,NA,Republican era,NA
51877,NA,NA,Republican era,NA
51879,NA,NA,Republican era,NA
51881,NA,NA,Republican era,NA
51883,NA,NA,Republican era,NA
51890,NA,NA,Republican era,NA
51895,NA,NA,Republican era,NA
51897,NA,NA,Republican era,NA
51899,NA,NA,Republican era,NA
51901,NA,NA,Republican era,NA
51903,NA,NA,Republican era,NA
51906,NA,NA,Republican era,NA
51909,NA,NA,Republican era,NA
51911,NA,NA,Republican era,NA
51913,NA,NA,Republican era,NA
51916,NA,NA,Republican era,NA
51918,NA,NA,Republican era,NA
51927,NA,NA,Republican era,NA
51934,NA,NA,Republican era,NA
51937,NA,NA,Republican era,NA
51940,NA,NA,Republican era,NA
51943,NA,NA,Republican era,NA
51950,NA,NA,Republican era,NA
51952,NA,NA,Republican era,NA
51956,NA,NA,Republican era,NA
51958,NA,NA,Republican era,NA
51961,Chinese Institute of Engineers 中華工程師學會,NA,Republican era,NA
51972,NA,NA,Republican era,NA
51974,Chinese Institute of Engineers 中華工程師學會,NA,Republican era,NA
51981,NA,NA,Republican era,NA
51984,NA,NA,Republican era,NA
51986,NA,NA,Republican era,NA
51988,NA,NA,Republican era,NA
51996,NA,NA,Republican era,NA
52004,NA,NA,Republican era,NA
52006,NA,NA,Republican era,NA
52009,NA,NA,Republican era,NA
52012,NA,NA,Republican era,NA
52015,NA,NA,Republican era,NA
52017,NA,NA,Republican era,NA
52019,NA,NA,Republican era,NA
52021,NA,NA,Republican era,NA
52023,Chinese Institute of Mining and Metallurgy 中國礦冶工程學會,NA,Republican era,NA
52028,NA,NA,Republican era,NA
52030,NA,NA,Republican era,NA
52033,NA,NA,Republican era,NA
52036,NA,NA,Republican era,NA
52040,Chinese Institute of Electrical Engineers 中國電機工程師學會,NA,Republican era,NA
52043,NA,NA,Republican era,NA
52047,NA,NA,Republican era,NA
52049,NA,NA,Republican era,NA
52052,NA,NA,Republican era,NA
52065,NA,NA,Republican era,NA
52067,NA,NA,Republican era,NA
52079,NA,NA,Republican era,NA
52082,NA,NA,Republican era,NA
52097,NA,NA,Republican era,NA
52101,NA,NA,Republican era,NA
52105,NA,NA,Republican era,NA
52107,NA,NA,Republican era,NA
52109,NA,NA,Republican era,NA
52111,NA,NA,Republican era,NA
52113,NA,NA,Republican era,NA
52115,NA,NA,Republican era,NA
52118,NA,NA,Republican era,NA
52121,NA,NA,Republican era,NA
52124,NA,NA,Republican era,NA
52135,NA,NA,Republican era,NA
52139,NA,NA,Republican era,NA
52142,NA,NA,Republican era,NA
52144,NA,NA,Republican era,NA
52152,NA,NA,Republican era,NA
52155,NA,NA,Republican era,NA
52161,NA,NA,Republican era,NA
52169,NA,NA,Republican era,NA
52175,Chinese Institute of Electrical Engineers 中國電機工程師學會,NA,Republican era,NA
52178,NA,NA,Republican era,NA
52180,NA,NA,Republican era,NA
52182,Chinese Institute of Mining and Metallurgy 中國礦冶工程學會,NA,Republican era,NA
52194,NA,NA,Republican era,NA
52198,NA,NA,Republican era,NA
52204,NA,NA,Republican era,NA
52206,NA,NA,Republican era,NA
52208,NA,NA,Republican era,NA
52210,NA,NA,Republican era,NA
52219,NA,NA,Republican era,NA
52221,NA,NA,Republican era,NA
52225,NA,NA,Republican era,NA
52227,NA,NA,Republican era,NA
52229,NA,NA,Republican era,NA
52231,NA,NA,Republican era,NA
52239,NA,NA,Republican era,NA
52243,Chinese Institute of Electrical Engineers 中國電機工程師學會,NA,Republican era,NA
52255,NA,NA,Republican era,NA
52257,NA,NA,Republican era,NA
52259,NA,NA,Republican era,NA
52269,NA,NA,Republican era,NA
52271,NA,NA,Republican era,NA
52274,NA,NA,Republican era,NA
52284,NA,NA,Republican era,NA
52288,NA,NA,Republican era,NA
52291,Chinese Institute of Electrical Engineers 中國電機工程師學會,NA,Republican era,NA
52294,NA,NA,Republican era,NA
52296,NA,NA,Republican era,NA
52298,NA,NA,Republican era,NA
52300,NA,NA,Republican era,NA
52303,Chinese Institute of Engineers 中華工程師學會,NA,Republican era,NA
52306,NA,NA,Republican era,NA
52308,Chinese Institute of Electrical Engineers 中國電機工程師學會,NA,Republican era,NA
52311,NA,NA,Republican era,NA
52313,NA,NA,Republican era,NA
52315,NA,NA,Republican era,NA
52318,NA,NA,Republican era,NA
52330,NA,NA,Republican era,NA
52332,NA,NA,Republican era,NA
52334,NA,NA,Republican era,NA
52340,NA,NA,Republican era,NA
52343,NA,NA,Republican era,NA
52346,NA,NA,Republican era,NA
52349,NA,NA,Republican era,NA
52352,NA,NA,Republican era,NA
52355,NA,NA,Republican era,NA
52358,NA,NA,Republican era,NA
52364,NA,NA,Republican era,NA
52369,NA,NA,Republican era,NA
52372,NA,NA,Republican era,NA
52374,NA,NA,Republican era,NA
52383,NA,NA,Republican era,NA
52386,NA,NA,Republican era,NA
52388,NA,NA,Republican era,NA
52391,NA,NA,Republican era,NA
52393,China Power Engineering Society 中國動力工程學會,NA,Republican era,NA
52401,NA,NA,Republican era,NA
52403,NA,NA,Republican era,NA
52406,NA,NA,Republican era,NA
52408,NA,NA,Republican era,NA
52410,NA,NA,Republican era,NA
52414,NA,NA,Republican era,NA
52416,NA,NA,Republican era,NA
52418,NA,NA,Republican era,NA
52420,NA,NA,Republican era,NA
52422,NA,NA,Republican era,NA
52424,NA,NA,Republican era,NA
52426,Zhongguo gongchengshi xuehui Wuhan fenhui 中國工程師學會武漢分會,NA,Republican era,NA
52432,NA,NA,Republican era,NA
52434,Chinese Institute of Electrical Engineers 中國電機工程師學會,NA,Republican era,NA
52439,NA,NA,Republican era,NA
52441,NA,NA,Republican era,NA
52443,NA,NA,Republican era,NA
52445,NA,NA,Republican era,NA
52447,NA,NA,Republican era,NA
52449,NA,NA,Republican era,NA
52457,NA,NA,Republican era,NA
52459,NA,NA,Republican era,NA
52461,NA,NA,Republican era,NA
52467,NA,NA,Republican era,NA
52472,NA,NA,Republican era,NA
52475,NA,NA,Republican era,NA
52478,NA,NA,Republican era,NA
52480,Chinese Institute of Mining and Metallurgy 中國礦冶工程學會,NA,Republican era,NA
52484,Chinese Institute of Mining and Metallurgy 中國礦冶工程學會,NA,Republican era,NA
52494,China Engineering Society 中國工程學會,NA,Republican era,NA
52500,NA,NA,Republican era,NA
52508,NA,NA,Republican era,NA
52510,NA,NA,Republican era,NA
52512,NA,NA,Republican era,NA
52514,NA,NA,Republican era,NA
52516,NA,NA,Republican era,NA
52527,Chinese Institute of Mining and Metallurgy 中國礦冶工程學會,NA,Republican era,NA
52540,NA,NA,Republican era,NA
52562,NA,NA,Republican era,NA
52577,NA,NA,Republican era,NA
52583,Chinese Institute of Electrical Engineers 中國電機工程師學會,NA,Republican era,NA
52591,NA,NA,Republican era,NA
52593,NA,NA,Republican era,NA
52595,NA,NA,Republican era,NA
52607,NA,NA,Republican era,NA
52609,NA,NA,Republican era,NA
52611,NA,NA,Republican era,NA
52613,NA,NA,Republican era,NA
52618,NA,NA,Republican era,NA
52621,NA,NA,Republican era,NA
52634,NA,NA,Republican era,NA
52636,NA,NA,Republican era,NA
52645,NA,NA,Republican era,NA
52647,NA,NA,Republican era,NA
52649,NA,NA,Republican era,NA
52655,NA,NA,Republican era,NA
52659,NA,NA,Republican era,NA
52662,NA,NA,Republican era,NA
52665,Chinese Institute of Electrical Engineers 中國電機工程師學會,NA,Republican era,NA
52671,NA,NA,Republican era,NA
52676,NA,NA,Republican era,NA
52680,NA,NA,Republican era,NA
52683,NA,NA,Republican era,NA
52684,NA,NA,Republican era,NA
52689,NA,NA,Republican era,NA
52696,NA,NA,Republican era,NA
52699,NA,NA,Republican era,NA
52704,NA,NA,Republican era,NA
52706,China Engineering Society 中國工程學會,NA,Republican era,NA
52713,NA,NA,Republican era,NA
52715,Chinese Institute of Electrical Engineers 中國電機工程師學會,NA,Republican era,NA
52722,NA,NA,Republican era,NA
52726,NA,NA,Republican era,NA
52730,NA,NA,Republican era,NA
52734,Chinese Institute of Engineers 中華工程師學會,NA,Republican era,NA
52742,NA,NA,Republican era,NA
52752,NA,NA,Republican era,NA
52754,NA,NA,Republican era,NA
52760,NA,NA,Republican era,NA
52765,NA,NA,Republican era,NA
52773,NA,NA,Republican era,NA
52775,NA,NA,Republican era,NA
52782,NA,NA,Republican era,NA
52785,NA,NA,Republican era,NA
52787,Chinese Institute of Electrical Engineers 中國電機工程師學會,NA,Republican era,NA
52793,NA,NA,Republican era,NA
52795,NA,NA,Republican era,NA
52797,NA,NA,Republican era,NA
52799,NA,NA,Republican era,NA
52801,NA,NA,Republican era,NA
52804,NA,NA,Republican era,NA
52816,NA,NA,Republican era,NA
52818,NA,NA,Republican era,NA
52823,NA,NA,Republican era,NA
52828,NA,NA,Republican era,NA
52830,NA,NA,Republican era,NA
52833,NA,NA,Republican era,NA
52836,NA,NA,Republican era,NA
52840,NA,NA,Republican era,NA
52842,NA,NA,Republican era,NA
52845,NA,NA,Republican era,NA
52847,NA,NA,Republican era,NA
52849,NA,NA,Republican era,NA
52862,NA,NA,Republican era,NA
52864,NA,NA,Republican era,NA
52868,NA,NA,Republican era,NA
52871,NA,NA,Republican era,NA
52873,NA,NA,Republican era,NA
52887,NA,NA,Republican era,NA
52890,NA,NA,Republican era,NA
52893,NA,NA,Republican era,NA
52896,NA,NA,Republican era,NA
52900,Chinese Institute of Electrical Engineers 中國電機工程師學會,NA,Republican era,NA
52905,Chinese Institute of Electrical Engineers 中國電機工程師學會,NA,Republican era,NA
52910,NA,NA,Republican era,NA
52913,NA,NA,Republican era,NA
52915,NA,NA,Republican era,NA
52917,NA,NA,Republican era,NA
52920,NA,NA,Republican era,NA
52922,NA,NA,Republican era,NA
52927,NA,NA,Republican era,NA
52931,NA,NA,Republican era,NA
52937,NA,NA,Republican era,NA
52951,NA,NA,Republican era,NA
52955,Chinese Institute of Electrical Engineers 中國電機工程師學會,NA,Republican era,NA
52958,NA,NA,Republican era,NA
52965,NA,NA,Republican era,NA
52967,NA,NA,Republican era,NA
52970,NA,NA,Republican era,NA
52972,NA,NA,Republican era,NA
52974,NA,NA,Republican era,NA
52976,NA,NA,Republican era,NA
52984,NA,NA,Republican era,NA
52987,NA,NA,Republican era,NA
52989,NA,NA,Republican era,NA
52991,Chinese Institute of Mining and Metallurgy 中國礦冶工程學會,NA,Republican era,NA
53002,NA,NA,Republican era,NA
53004,Chinese Institute of Mining and Metallurgy 中國礦冶工程學會,NA,Republican era,NA
53019,NA,NA,Republican era,NA
53023,NA,NA,Republican era,NA
53027,NA,NA,Republican era,NA
53029,Chinese Institute of Electrical Engineers 中國電機工程師學會,NA,Republican era,NA
53044,NA,NA,Republican era,NA
53047,NA,NA,Republican era,NA
53049,NA,NA,Republican era,NA
53054,NA,NA,Republican era,NA
53056,NA,NA,Republican era,NA
53060,Zhongguo gongchengshi xuehui Wuhan fenhui 中國工程師學會武漢分會,NA,Republican era,NA
53067,NA,NA,Republican era,NA
53069,China Hydraulic Engineering Society 中國水利工程學會,NA,Republican era,NA
53072,NA,NA,Republican era,NA
53074,NA,NA,Republican era,NA
53076,China Engineering Society 中國工程學會,NA,Republican era,NA
53092,NA,NA,Republican era,NA
53096,NA,NA,Republican era,NA
53098,NA,NA,Republican era,NA
53101,NA,NA,Republican era,NA
53108,NA,NA,Republican era,NA
53111,NA,NA,Republican era,NA
53113,NA,NA,Republican era,NA
53116,NA,NA,Republican era,NA
53122,NA,NA,Republican era,NA
53125,NA,NA,Republican era,NA
53128,NA,NA,Republican era,NA
53132,NA,NA,Republican era,NA
53143,NA,NA,Republican era,NA
53148,NA,NA,Republican era,NA
53151,NA,NA,Republican era,NA
53154,NA,NA,Republican era,NA
53166,NA,NA,Republican era,NA
53168,NA,NA,Republican era,NA
53170,NA,NA,Republican era,NA
53177,NA,NA,Republican era,NA
53179,NA,NA,Republican era,NA
53182,NA,NA,Republican era,NA
53185,NA,NA,Republican era,NA
53191,NA,NA,Republican era,NA
53195,Zhongguo gongchengshi xuehui Wuhan fenhui 中國工程師學會武漢分會,NA,Republican era,NA
53218,NA,NA,Republican era,NA
53229,NA,NA,Republican era,NA
53231,NA,NA,Republican era,NA
53234,NA,NA,Republican era,NA
53238,NA,NA,Republican era,NA
53249,NA,NA,Republican era,NA
53251,NA,NA,Republican era,NA
53253,NA,NA,Republican era,NA
53257,NA,NA,Republican era,NA
53260,NA,NA,Republican era,NA
53269,NA,NA,Republican era,NA
53274,NA,NA,Republican era,NA
53276,NA,NA,Republican era,NA
53278,NA,NA,Republican era,NA
53281,NA,NA,Republican era,NA
53298,NA,NA,Republican era,NA
53300,NA,NA,Republican era,NA
53302,NA,NA,Republican era,NA
53313,NA,NA,Republican era,NA
53318,NA,NA,Republican era,NA
53322,NA,NA,Republican era,NA
53327,NA,NA,Republican era,NA
53330,Chinese Institute of Engineers 中華工程師學會,NA,Republican era,NA
53332,NA,NA,Republican era,NA
53343,NA,NA,Republican era,NA
53352,NA,NA,Republican era,NA
53356,NA,NA,Republican era,NA
53358,NA,NA,Republican era,NA
53361,NA,NA,Republican era,NA
53364,Chinese Institute of Engineers 中華工程師學會,NA,Republican era,NA
53378,NA,NA,Republican era,NA
53389,NA,NA,Republican era,NA
53394,NA,NA,Republican era,NA
53413,NA,NA,Republican era,NA
53422,NA,NA,Republican era,NA
53424,NA,NA,Republican era,NA
53426,NA,NA,Republican era,NA
53429,NA,NA,Republican era,NA
53431,NA,NA,Republican era,NA
53433,NA,NA,Republican era,NA
53437,NA,NA,Republican era,NA
53441,NA,NA,Republican era,NA
53442,NA,NA,Republican era,NA
53447,NA,NA,Republican era,NA
53460,NA,NA,Republican era,NA
53476,NA,NA,Republican era,NA
53479,NA,NA,Republican era,NA
53480,NA,NA,Republican era,NA
53483,NA,NA,Republican era,NA
53484,NA,NA,Republican era,NA
53487,NA,NA,Republican era,NA
53491,NA,NA,Republican era,NA
53493,NA,NA,Republican era,NA
53497,China Hydraulic Engineering Society 中國水利工程學會,NA,Republican era,NA
53508,NA,NA,Republican era,NA
53511,NA,NA,Republican era,NA
53513,NA,NA,Republican era,NA
53514,NA,NA,Republican era,NA
53519,NA,NA,Republican era,NA
53521,NA,NA,Republican era,NA
53522,NA,NA,Republican era,NA
53526,NA,NA,Republican era,NA
53529,NA,NA,Republican era,NA
53532,NA,NA,Republican era,NA
53535,NA,NA,Republican era,NA
53536,NA,NA,Republican era,NA
53539,Chinese Institute of Mining and Metallurgy 中國礦冶工程學會,NA,Republican era,NA
53544,NA,NA,Republican era,NA
53552,NA,NA,Republican era,NA
53557,NA,NA,Republican era,NA
53562,NA,NA,Republican era,NA
53563,NA,NA,Republican era,NA
53567,NA,NA,Republican era,NA
53573,NA,NA,Republican era,NA
53581,NA,NA,Republican era,NA
53583,NA,NA,Republican era,NA
53592,NA,NA,Republican era,NA
53594,NA,NA,Republican era,NA
53598,NA,NA,Republican era,NA
53600,NA,NA,Republican era,NA
53602,NA,NA,Republican era,NA
53610,NA,NA,Republican era,NA
53612,NA,NA,Republican era,NA
53614,NA,NA,Republican era,NA
53616,NA,NA,Republican era,NA
53619,NA,NA,Republican era,NA
53622,NA,NA,Republican era,NA
53624,China Hydraulic Engineering Society 中國水利工程學會,NA,Republican era,NA
53626,NA,NA,Republican era,NA
53629,NA,NA,Republican era,NA
53631,NA,NA,Republican era,NA
53633,NA,NA,Republican era,NA
53635,Chinese Institute of Mining and Metallurgy 中國礦冶工程學會,NA,Republican era,NA
53642,NA,NA,Republican era,NA
53652,NA,NA,Republican era,NA
53661,NA,NA,Republican era,NA
53668,Chinese Institute of Mining and Metallurgy 中國礦冶工程學會,NA,Republican era,NA
53674,NA,NA,Republican era,NA
53679,NA,NA,Republican era,NA
53681,NA,NA,Republican era,NA
53683,Chinese Institute of Electrical Engineers 中國電機工程師學會,NA,Republican era,NA
53686,NA,NA,Republican era,NA
53688,NA,NA,Republican era,NA
53696,NA,NA,Republican era,NA
53698,Chinese Institute of Mining and Metallurgy 中國礦冶工程學會,NA,Republican era,NA
53707,NA,NA,Republican era,NA
53715,NA,NA,Republican era,NA
53731,Chinese Institute of Engineers 中華工程師學會,NA,Republican era,NA
53746,NA,NA,Republican era,NA
53748,NA,NA,Republican era,NA
53750,NA,NA,Republican era,NA
53754,NA,NA,Republican era,NA
53756,NA,NA,Republican era,NA
53758,NA,NA,Republican era,NA
53760,NA,NA,Republican era,NA
53762,NA,NA,Republican era,NA
53764,NA,NA,Republican era,NA
53782,NA,NA,Republican era,NA
53786,NA,NA,Republican era,NA
53788,NA,NA,Republican era,NA
53802,NA,NA,Republican era,NA
53806,NA,NA,Republican era,NA
53808,NA,NA,Republican era,NA
53814,NA,NA,Republican era,NA
53816,Chinese Institute of Mining and Metallurgy 中國礦冶工程學會,NA,Republican era,NA
53821,NA,NA,Republican era,NA
53823,NA,NA,Republican era,NA
53837,NA,NA,Republican era,NA
53840,NA,NA,Republican era,NA
53851,NA,NA,Republican era,NA
53853,NA,NA,Republican era,NA
53858,NA,NA,Republican era,NA
53860,NA,NA,Republican era,NA
53868,NA,NA,Republican era,NA
53870,NA,NA,Republican era,NA
53872,NA,NA,Republican era,NA
53875,NA,NA,Republican era,NA
53877,NA,NA,Republican era,NA
53880,NA,NA,Republican era,NA
53882,NA,NA,Republican era,NA
53885,NA,NA,Republican era,NA
53887,NA,NA,Republican era,NA
53889,NA,NA,Republican era,NA
53891,NA,NA,Republican era,NA
53893,NA,NA,Republican era,NA
53901,NA,NA,Republican era,NA
53903,NA,NA,Republican era,NA
53905,NA,NA,Republican era,NA
53908,NA,NA,Republican era,NA
53913,NA,NA,Republican era,NA
53915,NA,NA,Republican era,NA
53918,NA,NA,Republican era,NA
53920,NA,NA,Republican era,NA
53923,Chinese Institute of Electrical Engineers 中國電機工程師學會,NA,Republican era,NA
53932,NA,NA,Republican era,NA
53934,NA,NA,Republican era,NA
53936,NA,NA,Republican era,NA
53941,NA,NA,Republican era,NA
53944,NA,NA,Republican era,NA
53948,NA,NA,Republican era,NA
53952,NA,NA,Republican era,NA
53960,NA,NA,Republican era,NA
53962,NA,NA,Republican era,NA
53970,NA,NA,Republican era,NA
53981,NA,NA,Republican era,NA
53984,NA,NA,Republican era,NA
53988,NA,NA,Republican era,NA
53990,NA,NA,Republican era,NA
53997,NA,NA,Republican era,NA
53999,NA,NA,Republican era,NA
54001,NA,NA,Republican era,NA
54005,NA,NA,Republican era,NA
54008,NA,NA,Republican era,NA
54011,NA,NA,Republican era,NA
54013,NA,NA,Republican era,NA
54015,NA,NA,Republican era,NA
54017,NA,NA,Republican era,NA
54021,NA,NA,Republican era,NA
54025,NA,NA,Republican era,NA
54029,NA,NA,Republican era,NA
54031,Chinese Institute of Electrical Engineers 中國電機工程師學會,NA,Republican era,NA
54036,NA,NA,Republican era,NA
54038,NA,NA,Republican era,NA
54046,NA,NA,Republican era,NA
54048,NA,NA,Republican era,NA
54050,NA,NA,Republican era,NA
54053,Chinese Institute of Engineers 中華工程師學會,NA,Republican era,NA
54064,Zhongguo gongchengshi xuehui Wuhan fenhui 中國工程師學會武漢分會,NA,Republican era,NA
54079,NA,NA,Republican era,NA
54083,NA,NA,Republican era,NA
54087,NA,NA,Republican era,NA
54092,NA,NA,Republican era,NA
54094,NA,NA,Republican era,NA
54096,NA,NA,Republican era,NA
54100,NA,NA,Republican era,NA
54103,NA,NA,Republican era,NA
54113,China Power Engineering Society 中國動力工程學會,NA,Republican era,NA
54115,China Hydraulic Engineering Society 中國水利工程學會,NA,Republican era,NA
54130,NA,NA,Republican era,NA
54132,NA,NA,Republican era,NA
54134,NA,NA,Republican era,NA
54136,NA,NA,Republican era,NA
54138,NA,NA,Republican era,NA
54143,NA,NA,Republican era,NA
54145,NA,NA,Republican era,NA
54147,NA,NA,Republican era,NA
54149,NA,NA,Republican era,NA
54151,NA,NA,Republican era,NA
54155,NA,NA,Republican era,NA
54158,NA,NA,Republican era,NA
54162,NA,NA,Republican era,NA
54164,NA,NA,Republican era,NA
54166,NA,NA,Republican era,NA
54168,NA,NA,Republican era,NA
54172,NA,NA,Republican era,NA
54174,NA,NA,Republican era,NA
54177,NA,NA,Republican era,NA
54179,NA,NA,Republican era,NA
54184,NA,NA,Republican era,NA
54186,NA,NA,Republican era,NA
54188,Chinese Institute of Mining and Metallurgy 中國礦冶工程學會,NA,Republican era,NA
54193,NA,NA,Republican era,NA
54195,NA,NA,Republican era,NA
54197,NA,NA,Republican era,NA
54208,NA,NA,Republican era,NA
54211,NA,NA,Republican era,NA
54213,NA,NA,Republican era,NA
54218,NA,NA,Republican era,NA
54220,NA,NA,Republican era,NA
54222,NA,NA,Republican era,NA
54224,NA,NA,Republican era,NA
54226,NA,NA,Republican era,NA
54228,NA,NA,Republican era,NA
54231,NA,NA,Republican era,NA
54233,NA,NA,Republican era,NA
54235,NA,NA,Republican era,NA
54243,NA,NA,Republican era,NA
54246,NA,NA,Republican era,NA
54250,NA,NA,Republican era,NA
54252,NA,NA,Republican era,NA
54254,NA,NA,Republican era,NA
54260,NA,NA,Republican era,NA
54262,NA,NA,Republican era,NA
54264,NA,NA,Republican era,NA
54266,NA,NA,Republican era,NA
54270,NA,NA,Republican era,NA
54283,NA,NA,Republican era,NA
54286,NA,NA,Republican era,NA
54290,NA,NA,Republican era,NA
54292,NA,NA,Republican era,NA
54295,NA,NA,Republican era,NA
54299,NA,NA,Republican era,NA
54301,NA,NA,Republican era,NA
54303,NA,NA,Republican era,NA
54308,NA,NA,Republican era,NA
54317,NA,NA,Republican era,NA
54324,NA,NA,Republican era,NA
54326,NA,NA,Republican era,NA
54334,NA,NA,Republican era,NA
54338,NA,NA,Republican era,NA
54340,NA,NA,Republican era,NA
54346,NA,NA,Republican era,NA
54358,NA,NA,Republican era,NA
54361,NA,NA,Republican era,NA
54368,Chinese Institute of Mining and Metallurgy 中國礦冶工程學會,NA,Republican era,NA
54378,NA,NA,Republican era,NA
54380,NA,NA,Republican era,NA
54382,NA,NA,Republican era,NA
54395,NA,NA,Republican era,NA
54400,NA,NA,Republican era,NA
54409,Chinese Institute of Electrical Engineers 中國電機工程師學會,NA,Republican era,NA
54414,NA,NA,Republican era,NA
54418,NA,NA,Republican era,NA
54434,NA,NA,Republican era,NA
54436,NA,NA,Republican era,NA
54438,NA,NA,Republican era,NA
54457,NA,NA,Republican era,NA
54464,NA,NA,Republican era,NA
54466,NA,NA,Republican era,NA
54469,NA,NA,Republican era,NA
54471,Chinese Institute of Mining and Metallurgy 中國礦冶工程學會,NA,Republican era,NA
54481,NA,NA,Republican era,NA
54488,NA,NA,Republican era,NA
54491,NA,NA,Republican era,NA
54493,NA,NA,Republican era,NA
54495,NA,NA,Republican era,NA
54497,NA,NA,Republican era,NA
54499,NA,NA,Republican era,NA
54501,NA,NA,Republican era,NA
54505,NA,NA,Republican era,NA
54511,NA,NA,Republican era,NA
54514,Chinese Institute of Engineers 中華工程師學會,NA,Republican era,NA
54518,NA,NA,Republican era,NA
54523,Chinese Institute of Mining and Metallurgy 中國礦冶工程學會,NA,Republican era,NA
54523,Chinese Institute of Engineers 中華工程師學會,NA,Republican era,NA
54532,NA,NA,Republican era,NA
54534,NA,NA,Republican era,NA
54536,NA,NA,Republican era,NA
54540,NA,NA,Republican era,NA
54544,NA,NA,Republican era,NA
54546,NA,NA,Republican era,NA
54550,NA,NA,Republican era,NA
54552,NA,NA,Republican era,NA
54554,NA,NA,Republican era,NA
54556,NA,NA,Republican era,NA
54561,NA,NA,Republican era,NA
54563,NA,NA,Republican era,NA
54570,NA,NA,Republican era,NA
54572,NA,NA,Republican era,NA
54574,NA,NA,Republican era,NA
54578,NA,NA,Republican era,NA
54580,NA,NA,Republican era,NA
54582,NA,NA,Republican era,NA
54588,NA,NA,Republican era,NA
54598,Chinese Institute of Mining and Metallurgy 中國礦冶工程學會,NA,Republican era,NA
54607,NA,NA,Republican era,NA
54609,NA,NA,Republican era,NA
54615,NA,NA,Republican era,NA
54617,Chinese Institute of Mining and Metallurgy 中國礦冶工程學會,NA,Republican era,NA
54623,NA,NA,Republican era,NA
54625,NA,NA,Republican era,NA
54628,NA,NA,Republican era,NA
54630,Zhongguo gongchengshi xuehui Wuhan fenhui 中國工程師學會武漢分會,NA,Republican era,NA
54635,NA,NA,Republican era,NA
54641,NA,NA,Republican era,NA
54647,NA,NA,Republican era,NA
54650,NA,NA,Republican era,NA
54656,NA,NA,Republican era,NA
54658,NA,NA,Republican era,NA
54660,NA,NA,Republican era,NA
54673,NA,NA,Republican era,NA
54685,NA,NA,Republican era,NA
54687,NA,NA,Republican era,NA
54693,NA,NA,Republican era,NA
54695,NA,NA,Republican era,NA
54697,Chinese Institute of Electrical Engineers 中國電機工程師學會,NA,Republican era,NA
54705,NA,NA,Republican era,NA
54707,NA,NA,Republican era,NA
54709,NA,NA,Republican era,NA
54713,NA,NA,Republican era,NA
54721,NA,NA,Republican era,NA
54728,NA,NA,Republican era,NA
54730,NA,NA,Republican era,NA
54731,NA,NA,Republican era,NA
54735,NA,NA,Republican era,NA
54737,NA,NA,Republican era,NA
54738,NA,NA,Republican era,NA
54742,NA,NA,Republican era,NA
54745,NA,NA,Republican era,NA
54749,NA,NA,Republican era,NA
54751,NA,NA,Republican era,NA
54754,NA,NA,Republican era,NA
54757,NA,NA,Republican era,NA
54760,NA,NA,Republican era,NA
54762,NA,NA,Republican era,NA
54764,NA,NA,Republican era,NA
54769,NA,NA,Republican era,NA
54771,NA,NA,Republican era,NA
54773,NA,NA,Republican era,NA
54774,NA,NA,Republican era,NA
54778,NA,NA,Republican era,NA
54782,Chinese Institute of Mining and Metallurgy 中國礦冶工程學會,NA,Republican era,NA
54786,NA,NA,Republican era,NA
54791,NA,NA,Republican era,NA
54793,NA,NA,Republican era,NA
54797,NA,NA,Republican era,NA
54803,NA,NA,Republican era,NA
54806,NA,NA,Republican era,NA
54810,NA,NA,Republican era,NA
54812,NA,NA,Republican era,NA
54813,NA,NA,Republican era,NA
54832,NA,NA,Republican era,NA
54834,NA,NA,Republican era,NA
54836,NA,NA,Republican era,NA
54838,NA,NA,Republican era,NA
54841,NA,NA,Republican era,NA
54843,NA,NA,Republican era,NA
54845,NA,NA,Republican era,NA
54854,NA,NA,Republican era,NA
54855,NA,NA,Republican era,NA
54858,NA,NA,Republican era,NA
54860,NA,NA,Republican era,NA
54867,NA,NA,Republican era,NA
54869,NA,NA,Republican era,NA
54871,Chinese Institute of Mining and Metallurgy 中國礦冶工程學會,NA,Republican era,NA
54880,Chinese Institute of Electrical Engineers 中國電機工程師學會,NA,Republican era,NA
54882,NA,NA,Republican era,NA
54883,NA,NA,Republican era,NA
54886,NA,NA,Republican era,NA
54888,NA,NA,Republican era,NA
54890,NA,NA,Republican era,NA
54897,NA,NA,Republican era,NA
54899,NA,NA,Republican era,NA
54900,NA,NA,Republican era,NA
54902,NA,NA,Republican era,NA
54904,NA,NA,Republican era,NA
54906,NA,NA,Republican era,NA
54908,NA,NA,Republican era,NA
54915,NA,NA,Republican era,NA
54917,NA,NA,Republican era,NA
54921,NA,NA,Republican era,NA
54923,NA,NA,Republican era,NA
54926,NA,NA,Republican era,NA
54936,NA,NA,Republican era,NA
54940,NA,NA,Republican era,NA
54942,NA,NA,Republican era,NA
54946,NA,NA,Republican era,NA
54948,Chinese Institute of Electrical Engineers 中國電機工程師學會,NA,Republican era,NA
54950,NA,NA,Republican era,NA
54954,NA,NA,Republican era,NA
54958,NA,NA,Republican era,NA
54960,NA,NA,Republican era,NA
54963,NA,NA,Republican era,NA
54967,NA,NA,Republican era,NA
54969,NA,NA,Republican era,NA
54971,NA,NA,Republican era,NA
54974,NA,NA,Republican era,NA
54980,NA,NA,Republican era,NA
54986,NA,NA,Republican era,NA
54988,NA,NA,Republican era,NA
54990,NA,NA,Republican era,NA
54992,NA,NA,Republican era,NA
55009,NA,NA,Republican era,NA
55013,NA,NA,Republican era,NA
55015,NA,NA,Republican era,NA
55017,NA,NA,Republican era,NA
55019,NA,NA,Republican era,NA
55021,NA,NA,Republican era,NA
55033,NA,NA,Republican era,NA
55035,NA,NA,Republican era,NA
55037,NA,NA,Republican era,NA
55044,NA,NA,Republican era,NA
55053,NA,NA,Republican era,NA
55060,NA,NA,Republican era,NA
55062,NA,NA,Republican era,NA
55064,Chinese Institute of Mining and Metallurgy 中國礦冶工程學會,NA,Republican era,NA
55067,NA,NA,Republican era,NA
55071,NA,NA,Republican era,NA
55074,NA,NA,Republican era,NA
55076,NA,NA,Republican era,NA
55078,NA,NA,Republican era,NA
55087,NA,NA,Republican era,NA
55089,NA,NA,Republican era,NA
55094,NA,NA,Republican era,NA
55099,NA,NA,Republican era,NA
55102,NA,NA,Republican era,NA
55104,NA,NA,Republican era,NA
55115,NA,NA,Republican era,NA
55117,NA,NA,Republican era,NA
55119,NA,NA,Republican era,NA
55122,NA,NA,Republican era,NA
55125,Chinese Institute of Electrical Engineers 中國電機工程師學會,NA,Republican era,NA
55127,NA,NA,Republican era,NA
55130,NA,NA,Republican era,NA
55133,NA,NA,Republican era,NA
55135,NA,NA,Republican era,NA
55137,NA,NA,Republican era,NA
55145,NA,NA,Republican era,NA
55148,NA,NA,Republican era,NA
55150,Chinese Institute of Mining and Metallurgy 中國礦冶工程學會,NA,Republican era,NA
55163,NA,NA,Republican era,NA
55165,NA,NA,Republican era,NA
55167,NA,NA,Republican era,NA
55170,NA,NA,Republican era,NA
55174,NA,NA,Republican era,NA
55189,Chinese Institute of Mining and Metallurgy 中國礦冶工程學會,NA,Republican era,NA
55200,NA,NA,Republican era,NA
55206,NA,NA,Republican era,NA
55209,NA,NA,Republican era,NA
55211,NA,NA,Republican era,NA
55213,NA,NA,Republican era,NA
55217,NA,NA,Republican era,NA
55223,NA,NA,Republican era,NA
55225,NA,NA,Republican era,NA
55235,NA,NA,Republican era,NA
55237,NA,NA,Republican era,NA
55239,NA,NA,Republican era,NA
55241,NA,NA,Republican era,NA
55247,NA,NA,Republican era,NA
55253,NA,NA,Republican era,NA
55261,NA,NA,Republican era,NA
55263,NA,NA,Republican era,NA
55274,NA,NA,Republican era,NA
55276,NA,NA,Republican era,NA
55284,NA,NA,Republican era,NA
55286,NA,NA,Republican era,NA
55295,NA,NA,Republican era,NA
55298,Chinese Institute of Electrical Engineers 中國電機工程師學會,NA,Republican era,NA
55298,China Engineering Society 中國工程學會,NA,Republican era,NA
55311,NA,NA,Republican era,NA
55314,NA,NA,Republican era,NA
55318,NA,NA,Republican era,NA
55320,NA,NA,Republican era,NA
55322,NA,NA,Republican era,NA
55324,NA,NA,Republican era,NA
55330,Chinese Institute of Engineers 中華工程師學會,NA,Republican era,NA
55341,NA,NA,Republican era,NA
55344,Chinese Institute of Mining and Metallurgy 中國礦冶工程學會,NA,Republican era,NA
55355,NA,NA,Republican era,NA
55357,NA,NA,Republican era,NA
55363,NA,NA,Republican era,NA
55368,NA,NA,Republican era,NA
55370,NA,NA,Republican era,NA
55372,NA,NA,Republican era,NA
55375,NA,NA,Republican era,NA
55379,NA,NA,Republican era,NA
55383,NA,NA,Republican era,NA
55385,NA,NA,Republican era,NA
55387,NA,NA,Republican era,NA
55399,Chinese Institute of Electrical Engineers 中國電機工程師學會,NA,Republican era,NA
55403,NA,NA,Republican era,NA
55413,NA,NA,Republican era,NA
55427,NA,NA,Republican era,NA
55429,NA,NA,Republican era,NA
55431,NA,NA,Republican era,NA
55433,NA,NA,Republican era,NA
55435,NA,NA,Republican era,NA
55438,NA,NA,Republican era,NA
55441,NA,NA,Republican era,NA
55453,NA,NA,Republican era,NA
55455,NA,NA,Republican era,NA
55459,NA,NA,Republican era,NA
55461,NA,NA,Republican era,NA
55465,NA,NA,Republican era,NA
55473,NA,NA,Republican era,NA
55482,NA,NA,Republican era,NA
55484,NA,NA,Republican era,NA
55487,NA,NA,Republican era,NA
55493,NA,NA,Republican era,NA
55495,Chinese Institute of Mining and Metallurgy 中國礦冶工程學會,NA,Republican era,NA
55502,NA,NA,Republican era,NA
55509,NA,NA,Republican era,NA
55511,NA,NA,Republican era,NA
55519,Chinese Institute of Mining and Metallurgy 中國礦冶工程學會,NA,Republican era,NA
55528,NA,NA,Republican era,NA
55532,NA,NA,Republican era,NA
55535,NA,NA,Republican era,NA
55537,NA,NA,Republican era,NA
55542,NA,NA,Republican era,NA
55544,NA,NA,Republican era,NA
55551,NA,NA,Republican era,NA
55553,NA,NA,Republican era,NA
55556,NA,NA,Republican era,NA
55562,NA,NA,Republican era,NA
55564,NA,NA,Republican era,NA
55567,NA,NA,Republican era,NA
55570,NA,NA,Republican era,NA
55572,NA,NA,Republican era,NA
55574,NA,NA,Republican era,NA
55577,NA,NA,Republican era,NA
55585,NA,NA,Republican era,NA
55587,NA,NA,Republican era,NA
55589,NA,NA,Republican era,NA
55591,NA,NA,Republican era,NA
55595,NA,NA,Republican era,NA
55597,NA,NA,Republican era,NA
55607,NA,NA,Republican era,NA
55610,NA,NA,Republican era,NA
55612,NA,NA,Republican era,NA
55615,NA,NA,Republican era,NA
55617,NA,NA,Republican era,NA
55619,NA,NA,Republican era,NA
55628,NA,NA,Republican era,NA
55630,NA,NA,Republican era,NA
55633,NA,NA,Republican era,NA
55635,NA,NA,Republican era,NA
55637,NA,NA,Republican era,NA
55644,NA,NA,Republican era,NA
55646,NA,NA,Republican era,NA
55664,NA,NA,Republican era,NA
55668,NA,NA,Republican era,NA
55670,NA,NA,Republican era,NA
55685,NA,NA,Republican era,NA
55694,NA,NA,Republican era,NA
55698,NA,NA,Republican era,NA
55700,NA,NA,Republican era,NA
55703,NA,NA,Republican era,NA
55705,Chinese Institute of Mining and Metallurgy 中國礦冶工程學會,NA,Republican era,NA
55708,NA,NA,Republican era,NA
55710,NA,NA,Republican era,NA
55712,Chinese Institute of Electrical Engineers 中國電機工程師學會,NA,Republican era,NA
55714,NA,NA,Republican era,NA
55721,NA,NA,Republican era,NA
55724,NA,NA,Republican era,NA
55726,NA,NA,Republican era,NA
55728,NA,NA,Republican era,NA
55731,NA,NA,Republican era,NA
55735,NA,NA,Republican era,NA
55738,NA,NA,Republican era,NA
55740,Chinese Institute of Mining and Metallurgy 中國礦冶工程學會,NA,Republican era,NA
55756,NA,NA,Republican era,NA
55758,NA,NA,Republican era,NA
55761,NA,NA,Republican era,NA
55763,NA,NA,Republican era,NA
55765,NA,NA,Republican era,NA
55767,NA,NA,Republican era,NA
55769,NA,NA,Republican era,NA
55774,NA,NA,Republican era,NA
55778,NA,NA,Republican era,NA
55780,NA,NA,Republican era,NA
55783,NA,NA,Republican era,NA
55786,NA,NA,Republican era,NA
55789,NA,NA,Republican era,NA
55791,NA,NA,Republican era,NA
55793,NA,NA,Republican era,NA
55798,NA,NA,Republican era,NA
55802,NA,NA,Republican era,NA
55804,NA,NA,Republican era,NA
55807,NA,NA,Republican era,NA
55809,NA,NA,Republican era,NA
55813,NA,NA,Republican era,NA
55815,NA,NA,Republican era,NA
55824,NA,NA,Republican era,NA
55828,NA,NA,Republican era,NA
55840,NA,NA,Republican era,NA
55843,NA,NA,Republican era,NA
55845,NA,NA,Republican era,NA
55848,NA,NA,Republican era,NA
55850,NA,NA,Republican era,NA
55853,NA,NA,Republican era,NA
55856,NA,NA,Republican era,NA
55859,NA,NA,Republican era,NA
55875,NA,NA,Republican era,NA
55878,NA,NA,Republican era,NA
55882,NA,NA,Republican era,NA
55890,NA,NA,Republican era,NA
55895,NA,NA,Republican era,NA
55899,NA,NA,Republican era,NA
55901,NA,NA,Republican era,NA
55903,NA,NA,Republican era,NA
55905,NA,NA,Republican era,NA
55907,NA,NA,Republican era,NA
55910,NA,NA,Republican era,NA
55912,NA,NA,Republican era,NA
55924,Zhongguo gongchengshi xuehui Wuhan fenhui 中國工程師學會武漢分會,NA,Republican era,NA
55929,NA,NA,Republican era,NA
55932,NA,NA,Republican era,NA
55936,NA,NA,Republican era,NA
55950,NA,NA,Republican era,NA
55952,NA,NA,Republican era,NA
55954,NA,NA,Republican era,NA
55957,NA,NA,Republican era,NA
55959,NA,NA,Republican era,NA
55961,NA,NA,Republican era,NA
55964,NA,NA,Republican era,NA
55968,NA,NA,Republican era,NA
55970,NA,NA,Republican era,NA
55972,NA,NA,Republican era,NA
55975,NA,NA,Republican era,NA
55981,NA,NA,Republican era,NA
55984,NA,NA,Republican era,NA
55986,NA,NA,Republican era,NA
55996,NA,NA,Republican era,NA
55998,NA,NA,Republican era,NA
56000,Chinese Institute of Engineers 中華工程師學會,NA,Republican era,NA
56000,Zhongguo gongchengshi xuehui Wuhan fenhui 中國工程師學會武漢分會,NA,Republican era,NA
56003,NA,NA,Republican era,NA
56006,NA,NA,Republican era,NA
56010,NA,NA,Republican era,NA
56018,NA,NA,Republican era,NA
56020,NA,NA,Republican era,NA
56022,NA,NA,Republican era,NA
56025,Chinese Institute of Electrical Engineers 中國電機工程師學會,NA,Republican era,NA
56029,NA,NA,Republican era,NA
56042,NA,NA,Republican era,NA
56044,NA,NA,Republican era,NA
56046,NA,NA,Republican era,NA
56049,NA,NA,Republican era,NA
56059,NA,NA,Republican era,NA
56063,NA,NA,Republican era,NA
56065,NA,NA,Republican era,NA
56068,NA,NA,Republican era,NA
56073,NA,NA,Republican era,NA
56079,NA,NA,Republican era,NA
56083,NA,NA,Republican era,NA
56089,NA,NA,Republican era,NA
56092,NA,NA,Republican era,NA
56094,NA,NA,Republican era,NA
56096,NA,NA,Republican era,NA
56098,NA,NA,Republican era,NA
56102,NA,NA,Republican era,NA
56107,NA,NA,Republican era,NA
56109,NA,NA,Republican era,NA
56111,NA,NA,Republican era,NA
56113,NA,NA,Republican era,NA
56116,NA,NA,Republican era,NA
56120,NA,NA,Republican era,NA
56122,NA,NA,Republican era,NA
56125,NA,NA,Republican era,NA
56131,NA,NA,Republican era,NA
56134,NA,NA,Republican era,NA
56136,NA,NA,Republican era,NA
56138,NA,NA,Republican era,NA
56140,NA,NA,Republican era,NA
56142,NA,NA,Republican era,NA
56148,NA,NA,Republican era,NA
56150,NA,NA,Republican era,NA
56154,NA,NA,Republican era,NA
56158,NA,NA,Republican era,NA
56161,NA,NA,Republican era,NA
56170,NA,NA,Republican era,NA
56175,NA,NA,Republican era,NA
56181,NA,NA,Republican era,NA
56192,NA,NA,Republican era,NA
56195,NA,NA,Republican era,NA
56198,NA,NA,Republican era,NA
56200,NA,NA,Republican era,NA
56202,NA,NA,Republican era,NA
56204,NA,NA,Republican era,NA
56206,NA,NA,Republican era,NA
56209,NA,NA,Republican era,NA
56217,NA,NA,Republican era,NA
56221,NA,NA,Republican era,NA
56225,NA,NA,Republican era,NA
56233,NA,NA,Republican era,NA
56235,NA,NA,Republican era,NA
56238,NA,NA,Republican era,NA
56241,NA,NA,Republican era,NA
56243,NA,NA,Republican era,NA
56246,NA,NA,Republican era,NA
56248,NA,NA,Republican era,NA
56250,NA,NA,Republican era,NA
56252,NA,NA,Republican era,NA
56254,NA,NA,Republican era,NA
56259,NA,NA,Republican era,NA
56262,NA,NA,Republican era,NA
56264,NA,NA,Republican era,NA
56269,NA,NA,Republican era,NA
56271,NA,NA,Republican era,NA
56273,Chinese Institute of Mining and Metallurgy 中國礦冶工程學會,NA,Republican era,NA
56280,NA,NA,Republican era,NA
56285,NA,NA,Republican era,NA
56287,NA,NA,Republican era,NA
56291,NA,NA,Republican era,NA
56292,NA,NA,Republican era,NA
56295,NA,NA,Republican era,NA
56297,NA,NA,Republican era,NA
56298,NA,NA,Republican era,NA
56301,NA,NA,Republican era,NA
56304,NA,NA,Republican era,NA
56310,NA,NA,Republican era,NA
56316,NA,NA,Republican era,NA
56319,NA,NA,Republican era,NA
56327,NA,NA,Republican era,NA
56329,NA,NA,Republican era,NA
56333,NA,NA,Republican era,NA
56337,NA,NA,Republican era,NA
56340,NA,NA,Republican era,NA
56348,NA,NA,Republican era,NA
56349,NA,NA,Republican era,NA
56352,NA,NA,Republican era,NA
56356,NA,NA,Republican era,NA
56357,NA,NA,Republican era,NA
56361,NA,NA,Republican era,NA
56364,NA,NA,Republican era,NA
56367,NA,NA,Republican era,NA
56372,NA,NA,Republican era,NA
56377,NA,NA,Republican era,NA
56381,NA,NA,Republican era,NA
56389,NA,NA,Republican era,NA
56392,NA,NA,Republican era,NA
56397,NA,NA,Republican era,NA
56399,NA,NA,Republican era,NA
56402,NA,NA,Republican era,NA
56404,NA,NA,Republican era,NA
56409,NA,NA,Republican era,NA
56412,NA,NA,Republican era,NA
56415,NA,NA,Republican era,NA
56422,NA,NA,Republican era,NA
56424,NA,NA,Republican era,NA
56426,NA,NA,Republican era,NA
56432,NA,NA,Republican era,NA
56437,NA,NA,Republican era,NA
56451,NA,NA,Republican era,NA
56462,NA,NA,Republican era,NA
56473,NA,NA,Republican era,NA
56475,NA,NA,Republican era,NA
56478,NA,NA,Republican era,NA
56483,NA,NA,Republican era,NA
56485,NA,NA,Republican era,NA
56488,Chinese Institute of Mining and Metallurgy 中國礦冶工程學會,NA,Republican era,NA
56490,NA,NA,Republican era,NA
56498,Chinese Institute of Electrical Engineers 中國電機工程師學會,NA,Republican era,NA
56501,NA,NA,Republican era,NA
56505,NA,NA,Republican era,NA
56507,NA,NA,Republican era,NA
56519,NA,NA,Republican era,NA
56521,NA,NA,Republican era,NA
56524,NA,NA,Republican era,NA
56526,NA,NA,Republican era,NA
56529,NA,NA,Republican era,NA
56531,NA,NA,Republican era,NA
56533,NA,NA,Republican era,NA
56535,NA,NA,Republican era,NA
56537,NA,NA,Republican era,NA
56539,NA,NA,Republican era,NA
56549,NA,NA,Republican era,NA
56552,NA,NA,Republican era,NA
56554,NA,NA,Republican era,NA
56556,NA,NA,Republican era,NA
56558,Chinese Institute of Mining and Metallurgy 中國礦冶工程學會,NA,Republican era,NA
56567,NA,NA,Republican era,NA
56571,NA,NA,Republican era,NA
56574,NA,NA,Republican era,NA
56576,NA,NA,Republican era,NA
56586,NA,NA,Republican era,NA
56593,NA,NA,Republican era,NA
56595,Chinese Institute of Electrical Engineers 中國電機工程師學會,NA,Republican era,NA
56602,NA,NA,Republican era,NA
56604,NA,NA,Republican era,NA
56606,NA,NA,Republican era,NA
56616,NA,NA,Republican era,NA
56619,NA,NA,Republican era,NA
56621,NA,NA,Republican era,NA
56624,NA,NA,Republican era,NA
56626,NA,NA,Republican era,NA
56628,NA,NA,Republican era,NA
56631,NA,NA,Republican era,NA
56633,NA,NA,Republican era,NA
56635,NA,NA,Republican era,NA
56637,Chinese Institute of Electrical Engineers 中國電機工程師學會,NA,Republican era,NA
56641,NA,NA,Republican era,NA
56655,NA,NA,Republican era,NA
56659,NA,NA,Republican era,NA
56661,NA,NA,Republican era,NA
56663,NA,NA,Republican era,NA
56665,NA,NA,Republican era,NA
56667,NA,NA,Republican era,NA
56671,NA,NA,Republican era,NA
56673,NA,NA,Republican era,NA
56676,Chinese Institute of Mining and Metallurgy 中國礦冶工程學會,NA,Republican era,NA
56686,NA,NA,Republican era,NA
56688,NA,NA,Republican era,NA
56692,NA,NA,Republican era,NA
56695,NA,NA,Republican era,NA
56697,NA,NA,Republican era,NA
56700,NA,NA,Republican era,NA
56704,NA,NA,Republican era,NA
56710,Chinese Institute of Mining and Metallurgy 中國礦冶工程學會,NA,Republican era,NA
56724,Chinese Institute of Mining and Metallurgy 中國礦冶工程學會,NA,Republican era,NA
56728,NA,NA,Republican era,NA
56731,NA,NA,Republican era,NA
56733,NA,NA,Republican era,NA
56738,NA,NA,Republican era,NA
56742,NA,NA,Republican era,NA
56744,NA,NA,Republican era,NA
56747,NA,NA,Republican era,NA
56753,NA,NA,Republican era,NA
56755,NA,NA,Republican era,NA
56764,NA,NA,Republican era,NA
56766,NA,NA,Republican era,NA
56770,NA,NA,Republican era,NA
56774,NA,NA,Republican era,NA
56776,Chinese Institute of Electrical Engineers 中國電機工程師學會,NA,Republican era,NA
56780,NA,NA,Republican era,NA
56788,NA,NA,Republican era,NA
56791,NA,NA,Republican era,NA
56793,NA,NA,Republican era,NA
56796,NA,NA,Republican era,NA
56798,NA,NA,Republican era,NA
56801,NA,NA,Republican era,NA
56803,NA,NA,Republican era,NA
56807,NA,NA,Republican era,NA
56812,NA,NA,Republican era,NA
56815,NA,NA,Republican era,NA
56817,NA,NA,Republican era,NA
56820,NA,NA,Republican era,NA
56825,NA,NA,Republican era,NA
56827,NA,NA,Republican era,NA
56829,NA,NA,Republican era,NA
56832,NA,NA,Republican era,NA
56834,NA,NA,Republican era,NA
56836,NA,NA,Republican era,NA
56838,NA,NA,Republican era,NA
56841,NA,NA,Republican era,NA
56843,NA,NA,Republican era,NA
56845,NA,NA,Republican era,NA
56847,NA,NA,Republican era,NA
56854,NA,NA,Republican era,NA
56856,NA,NA,Republican era,NA
56858,NA,NA,Republican era,NA
56871,NA,NA,Republican era,NA
56875,NA,NA,Republican era,NA
56877,NA,NA,Republican era,NA
56880,NA,NA,Republican era,NA
56884,NA,NA,Republican era,NA
56887,NA,NA,Republican era,NA
56889,NA,NA,Republican era,NA
56892,NA,NA,Republican era,NA
56894,NA,NA,Republican era,NA
56896,NA,NA,Republican era,NA
56898,NA,NA,Republican era,NA
56900,NA,NA,Republican era,NA
56902,NA,NA,Republican era,NA
56904,NA,NA,Republican era,NA
56908,NA,NA,Republican era,NA
56910,NA,NA,Republican era,NA
56912,NA,NA,Republican era,NA
56915,NA,NA,Republican era,NA
56928,NA,NA,Republican era,NA
56931,NA,NA,Republican era,NA
56933,NA,NA,Republican era,NA
56935,NA,NA,Republican era,NA
56943,NA,NA,Republican era,NA
56945,NA,NA,Republican era,NA
56948,China Hydraulic Engineering Society 中國水利工程學會,NA,Republican era,NA
56953,NA,NA,Republican era,NA
56955,NA,NA,Republican era,NA
56957,NA,NA,Republican era,NA
56961,NA,NA,Republican era,NA
56973,NA,NA,Republican era,NA
56975,NA,NA,Republican era,NA
56977,NA,NA,Republican era,NA
56979,NA,NA,Republican era,NA
56983,NA,NA,Republican era,NA
56996,NA,NA,Republican era,NA
56999,NA,NA,Republican era,NA
57002,NA,NA,Republican era,NA
57008,NA,NA,Republican era,NA
57010,Zhongguo gongchengshi xuehui Wuhan fenhui 中國工程師學會武漢分會,NA,Republican era,NA
57024,NA,NA,Republican era,NA
57034,NA,NA,Republican era,NA
57042,Chinese Institute of Engineers 中華工程師學會,NA,Republican era,NA
57044,NA,NA,Republican era,NA
57046,NA,NA,Republican era,NA
57049,Chinese Institute of Electrical Engineers 中國電機工程師學會,NA,Republican era,NA
57054,NA,NA,Republican era,NA
57056,NA,NA,Republican era,NA
57058,NA,NA,Republican era,NA
57060,NA,NA,Republican era,NA
57062,NA,NA,Republican era,NA
57065,NA,NA,Republican era,NA
57071,Zhongguo gongchengshi xuehui Wuhan fenhui 中國工程師學會武漢分會,NA,Republican era,NA
57082,NA,NA,Republican era,NA
57086,NA,NA,Republican era,NA
57088,NA,NA,Republican era,NA
57093,NA,NA,Republican era,NA
57101,NA,NA,Republican era,NA
57103,NA,NA,Republican era,NA
57114,NA,NA,Republican era,NA
57117,NA,NA,Republican era,NA
57129,NA,NA,Republican era,NA
57131,NA,NA,Republican era,NA
57133,Chinese Institute of Mining and Metallurgy 中國礦冶工程學會,NA,Republican era,NA
57136,NA,NA,Republican era,NA
57142,NA,NA,Republican era,NA
57145,NA,NA,Republican era,NA
57148,NA,NA,Republican era,NA
57158,NA,NA,Republican era,NA
57160,Chinese Institute of Electrical Engineers 中國電機工程師學會,NA,Republican era,NA
57163,NA,NA,Republican era,NA
57165,NA,NA,Republican era,NA
57167,NA,NA,Republican era,NA
57175,NA,NA,Republican era,NA
57178,NA,NA,Republican era,NA
57185,NA,NA,Republican era,NA
57192,NA,NA,Republican era,NA
57194,Chinese Institute of Engineers 中華工程師學會,NA,Republican era,NA
57220,NA,NA,Republican era,NA
57222,NA,NA,Republican era,NA
57224,NA,NA,Republican era,NA
57225,NA,NA,Republican era,NA
57227,NA,NA,Republican era,NA
57232,NA,NA,Republican era,NA
57235,NA,NA,Republican era,NA
57236,NA,NA,Republican era,NA
57241,NA,NA,Republican era,NA
57244,NA,NA,Republican era,NA
57260,Chinese Institute of Electrical Engineers 中國電機工程師學會,NA,Republican era,NA
57267,NA,NA,Republican era,NA
57268,NA,NA,Republican era,NA
57270,NA,NA,Republican era,NA
57274,NA,NA,Republican era,NA
57275,NA,NA,Republican era,NA
57282,NA,NA,Republican era,NA
57289,NA,NA,Republican era,NA
57295,NA,NA,Republican era,NA
57299,NA,NA,Republican era,NA
57302,NA,NA,Republican era,NA
57307,NA,NA,Republican era,NA
57317,NA,NA,Republican era,NA
57319,NA,NA,Republican era,NA
57327,NA,NA,Republican era,NA
57329,Chinese Institute of Electrical Engineers 中國電機工程師學會,NA,Republican era,NA
57337,NA,NA,Republican era,NA
57340,Chinese Institute of Mining and Metallurgy 中國礦冶工程學會,NA,Republican era,NA
57342,NA,NA,Republican era,NA
57347,NA,NA,Republican era,NA
57351,NA,NA,Republican era,NA
57357,NA,NA,Republican era,NA
57361,NA,NA,Republican era,NA
57363,NA,NA,Republican era,NA
57365,NA,NA,Republican era,NA
57370,Chinese Institute of Electrical Engineers 中國電機工程師學會,NA,Republican era,NA
57375,NA,NA,Republican era,NA
57377,NA,NA,Republican era,NA
57382,NA,NA,Republican era,NA
57384,NA,NA,Republican era,NA
57389,NA,NA,Republican era,NA
57392,NA,NA,Republican era,NA
57394,NA,NA,Republican era,NA
57396,NA,NA,Republican era,NA
57398,NA,NA,Republican era,NA
57402,Chinese Institute of Engineers 中華工程師學會,NA,Republican era,NA
57411,NA,NA,Republican era,NA
57413,NA,NA,Republican era,NA
57415,NA,NA,Republican era,NA
57417,NA,NA,Republican era,NA
57421,NA,NA,Republican era,NA
57423,NA,NA,Republican era,NA
57425,NA,NA,Republican era,NA
57428,NA,NA,Republican era,NA
57431,NA,NA,Republican era,NA
57433,NA,NA,Republican era,NA
57442,NA,NA,Republican era,NA
57444,NA,NA,Republican era,NA
57448,NA,NA,Republican era,NA
57450,NA,NA,Republican era,NA
57453,NA,NA,Republican era,NA
57456,Chinese Institute of Mining and Metallurgy 中國礦冶工程學會,NA,Republican era,NA
57462,NA,NA,Republican era,NA
57472,NA,NA,Republican era,NA
57474,NA,NA,Republican era,NA
57480,NA,NA,Republican era,NA
57483,NA,NA,Republican era,NA
57485,NA,NA,Republican era,NA
57490,NA,NA,Republican era,NA
57492,NA,NA,Republican era,NA
57496,NA,NA,Republican era,NA
57502,NA,NA,Republican era,NA
57504,NA,NA,Republican era,NA
57508,NA,NA,Republican era,NA
57510,NA,NA,Republican era,NA
57512,NA,NA,Republican era,NA
57514,NA,NA,Republican era,NA
57519,NA,NA,Republican era,NA
57522,NA,NA,Republican era,NA
57528,NA,NA,Republican era,NA
57533,NA,NA,Republican era,NA
57537,NA,NA,Republican era,NA
57539,Chinese Institute of Mining and Metallurgy 中國礦冶工程學會,NA,Republican era,NA
57552,NA,NA,Republican era,NA
57560,NA,NA,Republican era,NA
57567,NA,NA,Republican era,NA
57569,NA,NA,Republican era,NA
57573,NA,NA,Republican era,NA
57576,NA,NA,Republican era,NA
57580,NA,NA,Republican era,NA
57584,NA,NA,Republican era,NA
57586,NA,NA,Republican era,NA
57588,NA,NA,Republican era,NA
57590,NA,NA,Republican era,NA
57594,NA,NA,Republican era,NA
57606,NA,NA,Republican era,NA
57608,NA,NA,Republican era,NA
57610,NA,NA,Republican era,NA
57613,NA,NA,Republican era,NA
57620,NA,NA,Republican era,NA
57622,NA,NA,Republican era,NA
57627,NA,NA,Republican era,NA
57629,Chinese Institute of Electrical Engineers 中國電機工程師學會,NA,Republican era,NA
57631,NA,NA,Republican era,NA
57634,NA,NA,Republican era,NA
57637,NA,NA,Republican era,NA
57639,NA,NA,Republican era,NA
57641,NA,NA,Republican era,NA
57643,NA,NA,Republican era,NA
57645,NA,NA,Republican era,NA
57647,NA,NA,Republican era,NA
57651,NA,NA,Republican era,NA
57660,NA,NA,Republican era,NA
57664,NA,NA,Republican era,NA
57666,NA,NA,Republican era,NA
57668,NA,NA,Republican era,NA
57671,NA,NA,Republican era,NA
57674,NA,NA,Republican era,NA
57676,NA,NA,Republican era,NA
57679,NA,NA,Republican era,NA
57681,NA,NA,Republican era,NA
57684,NA,NA,Republican era,NA
57686,NA,NA,Republican era,NA
57688,NA,NA,Republican era,NA
57690,NA,NA,Republican era,NA
57695,NA,NA,Republican era,NA
57699,NA,NA,Republican era,NA
57702,NA,NA,Republican era,NA
57716,NA,NA,Republican era,NA
57719,NA,NA,Republican era,NA
57721,NA,NA,Republican era,NA
57725,NA,NA,Republican era,NA
57727,NA,NA,Republican era,NA
57742,NA,NA,Republican era,NA
57744,NA,NA,Republican era,NA
57751,NA,NA,Republican era,NA
57753,NA,NA,Republican era,NA
57755,NA,NA,Republican era,NA
57757,NA,NA,Republican era,NA
57759,NA,NA,Republican era,NA
57762,NA,NA,Republican era,NA
57764,NA,NA,Republican era,NA
57774,NA,NA,Republican era,NA
57776,NA,NA,Republican era,NA
57792,NA,NA,Republican era,NA
57794,NA,NA,Republican era,NA
57796,NA,NA,Republican era,NA
57798,NA,NA,Republican era,NA
57800,NA,NA,Republican era,NA
57802,NA,NA,Republican era,NA
57805,NA,NA,Republican era,NA
57808,NA,NA,Republican era,NA
57810,NA,NA,Republican era,NA
57813,China Engineering Society 中國工程學會,NA,Republican era,NA
57821,Chinese Institute of Mining and Metallurgy 中國礦冶工程學會,NA,Republican era,NA
57832,NA,NA,Republican era,NA
57834,NA,NA,Republican era,NA
57839,NA,NA,Republican era,NA
57849,NA,NA,Republican era,NA
57855,NA,NA,Republican era,NA
57862,NA,NA,Republican era,NA
57864,NA,NA,Republican era,NA
57874,NA,NA,Republican era,NA
57877,NA,NA,Republican era,NA
57879,NA,NA,Republican era,NA
57891,NA,NA,Republican era,NA
57894,NA,NA,Republican era,NA
57897,NA,NA,Republican era,NA
57901,NA,NA,Republican era,NA
57904,NA,NA,Republican era,NA
57907,NA,NA,Republican era,NA
57909,NA,NA,Republican era,NA
57913,NA,NA,Republican era,NA
57915,NA,NA,Republican era,NA
57917,NA,NA,Republican era,NA
57925,NA,NA,Republican era,NA
57927,NA,NA,Republican era,NA
57930,NA,NA,Republican era,NA
57932,NA,NA,Republican era,NA
57936,NA,NA,Republican era,NA
57938,NA,NA,Republican era,NA
57940,NA,NA,Republican era,NA
57942,NA,NA,Republican era,NA
57950,NA,NA,Republican era,NA
57958,NA,NA,Republican era,NA
57960,NA,NA,Republican era,NA
57962,NA,NA,Republican era,NA
57964,NA,NA,Republican era,NA
57966,NA,NA,Republican era,NA
57971,NA,NA,Republican era,NA
57973,NA,NA,Republican era,NA
57977,NA,NA,Republican era,NA
57979,NA,NA,Republican era,NA
57986,NA,NA,Republican era,NA
57997,Chinese Institute of Mining and Metallurgy 中國礦冶工程學會,NA,Republican era,NA
58002,NA,NA,Republican era,NA
58004,NA,NA,Republican era,NA
58011,NA,NA,Republican era,NA
58013,NA,NA,Republican era,NA
58023,NA,NA,Republican era,NA
58027,NA,NA,Republican era,NA
58029,NA,NA,Republican era,NA
58031,NA,NA,Republican era,NA
58033,NA,NA,Republican era,NA
58036,NA,NA,Republican era,NA
58044,NA,NA,Republican era,NA
58049,NA,NA,Republican era,NA
58051,NA,NA,Republican era,NA
58053,NA,NA,Republican era,NA
58055,NA,NA,Republican era,NA
58057,NA,NA,Republican era,NA
58059,NA,NA,Republican era,NA
58061,Chinese Institute of Electrical Engineers 中國電機工程師學會,NA,Republican era,NA
58065,NA,NA,Republican era,NA
58067,NA,NA,Republican era,NA
58070,NA,NA,Republican era,NA
58073,NA,NA,Republican era,NA
58075,Chinese Institute of Engineers 中華工程師學會,NA,Republican era,NA
58078,NA,NA,Republican era,NA
58080,NA,NA,Republican era,NA
58082,NA,NA,Republican era,NA
58084,NA,NA,Republican era,NA
58091,NA,NA,Republican era,NA
58094,NA,NA,Republican era,NA
58097,NA,NA,Republican era,NA
58109,NA,NA,Republican era,NA
58117,NA,NA,Republican era,NA
58127,NA,NA,Republican era,NA
58139,NA,NA,Republican era,NA
58142,NA,NA,Republican era,NA
58145,NA,NA,Republican era,NA
58157,NA,NA,Republican era,NA
58167,NA,NA,Republican era,NA
58169,NA,NA,Republican era,NA
58171,NA,NA,Republican era,NA
58173,NA,NA,Republican era,NA
58187,NA,NA,Republican era,NA
58197,NA,NA,Republican era,NA
58202,NA,NA,Republican era,NA
58204,NA,NA,Republican era,NA
58206,China Colourists’ Association 中國染化工程學會,NA,Republican era,NA
58208,NA,NA,Republican era,NA
58216,NA,NA,Republican era,NA
58219,NA,NA,Republican era,NA
58221,NA,NA,Republican era,NA
58224,NA,NA,Republican era,NA
58226,NA,NA,Republican era,NA
58229,NA,NA,Republican era,NA
58231,NA,NA,Republican era,NA
58236,NA,NA,Republican era,NA
58238,NA,NA,Republican era,NA
58240,NA,NA,Republican era,NA
58242,NA,NA,Republican era,NA
58250,NA,NA,Republican era,NA
58253,NA,NA,Republican era,NA
58258,NA,NA,Republican era,NA
58260,NA,NA,Republican era,NA
58262,NA,NA,Republican era,NA
58264,NA,NA,Republican era,NA
58268,NA,NA,Republican era,NA
58271,NA,NA,Republican era,NA
58275,NA,NA,Republican era,NA
58284,NA,NA,Republican era,NA
58288,NA,NA,Republican era,NA
58297,NA,NA,Republican era,NA
58299,NA,NA,Republican era,NA
58301,Chinese Institute of Engineers 中華工程師學會,NA,Republican era,NA
58306,NA,NA,Republican era,NA
58308,NA,NA,Republican era,NA
58311,NA,NA,Republican era,NA
58316,NA,NA,Republican era,NA
58318,NA,NA,Republican era,NA
58321,NA,NA,Republican era,NA
58323,NA,NA,Republican era,NA
58328,NA,NA,Republican era,NA
58330,NA,NA,Republican era,NA
58341,NA,NA,Republican era,NA
58346,NA,NA,Republican era,NA
58351,NA,NA,Republican era,NA
58355,NA,NA,Republican era,NA
58357,NA,NA,Republican era,NA
58359,NA,NA,Republican era,NA
58365,NA,NA,Republican era,NA
58368,NA,NA,Republican era,NA
58371,NA,NA,Republican era,NA
58374,NA,NA,Republican era,NA
58376,Chinese Institute of Electrical Engineers 中國電機工程師學會,NA,Republican era,NA
58384,NA,NA,Republican era,NA
58389,NA,NA,Republican era,NA
58391,NA,NA,Republican era,NA
58394,NA,NA,Republican era,NA
58396,NA,NA,Republican era,NA
58413,NA,NA,Republican era,NA
58415,NA,NA,Republican era,NA
58423,NA,NA,Republican era,NA
58425,NA,NA,Republican era,NA
58429,NA,NA,Republican era,NA
58434,NA,NA,Republican era,NA
58436,NA,NA,Republican era,NA
58441,NA,NA,Republican era,NA
58455,NA,NA,Republican era,NA
58457,NA,NA,Republican era,NA
58461,NA,NA,Republican era,NA
58463,NA,NA,Republican era,NA
58476,NA,NA,Republican era,NA
58480,NA,NA,Republican era,NA
58494,NA,NA,Republican era,NA
58496,NA,NA,Republican era,NA
58498,NA,NA,Republican era,NA
58500,NA,NA,Republican era,NA
58505,NA,NA,Republican era,NA
58511,NA,NA,Republican era,NA
58515,NA,NA,Republican era,NA
58517,NA,NA,Republican era,NA
58519,NA,NA,Republican era,NA
58522,NA,NA,Republican era,NA
58528,NA,NA,Republican era,NA
58530,NA,NA,Republican era,NA
58532,NA,NA,Republican era,NA
58534,NA,NA,Republican era,NA
58536,NA,NA,Republican era,NA
58543,NA,NA,Republican era,NA
58547,NA,NA,Republican era,NA
58549,NA,NA,Republican era,NA
58552,NA,NA,Republican era,NA
58554,NA,NA,Republican era,NA
58558,NA,NA,Republican era,NA
58560,NA,NA,Republican era,NA
58565,NA,NA,Republican era,NA
58567,NA,NA,Republican era,NA
58569,NA,NA,Republican era,NA
58573,NA,NA,Republican era,NA
58575,NA,NA,Republican era,NA
58577,NA,NA,Republican era,NA
58579,Chinese Institute of Electrical Engineers 中國電機工程師學會,NA,Republican era,NA
58584,NA,NA,Republican era,NA
58586,NA,NA,Republican era,NA
58588,NA,NA,Republican era,NA
58590,NA,NA,Republican era,NA
58593,Chinese Institute of Electrical Engineers 中國電機工程師學會,NA,Republican era,NA
58595,NA,NA,Republican era,NA
58597,NA,NA,Republican era,NA
58613,NA,NA,Republican era,NA
58622,NA,NA,Republican era,NA
58636,NA,NA,Republican era,NA
58639,NA,NA,Republican era,NA
58643,Chinese Institute of Mining and Metallurgy 中國礦冶工程學會,NA,Republican era,NA
58658,NA,NA,Republican era,NA
58677,NA,NA,Republican era,NA
58679,NA,NA,Republican era,NA
58681,NA,NA,Republican era,NA
58685,NA,NA,Republican era,NA
58699,NA,NA,Republican era,NA
58702,NA,NA,Republican era,NA
58704,NA,NA,Republican era,NA
58706,NA,NA,Republican era,NA
58708,Chinese Institute of Mining and Metallurgy 中國礦冶工程學會,NA,Republican era,NA
58716,NA,NA,Republican era,NA
58723,NA,NA,Republican era,NA
58727,NA,NA,Republican era,NA
58729,NA,NA,Republican era,NA
58734,NA,NA,Republican era,NA
58740,NA,NA,Republican era,NA
58744,NA,NA,Republican era,NA
58755,NA,NA,Republican era,NA
58764,NA,NA,Republican era,NA
58767,NA,NA,Republican era,NA
58782,NA,NA,Republican era,NA
58784,NA,NA,Republican era,NA
58795,NA,NA,Republican era,NA
58798,NA,NA,Republican era,NA
58800,NA,NA,Republican era,NA
58801,NA,NA,Republican era,NA
58808,NA,NA,Republican era,NA
58810,NA,NA,Republican era,NA
58814,NA,NA,Republican era,NA
58817,NA,NA,Republican era,NA
58819,NA,NA,Republican era,NA
58821,NA,NA,Republican era,NA
58823,China Power Engineering Society 中國動力工程學會,NA,Republican era,NA
58823,Chinese Institute of Electrical Engineers 中國電機工程師學會,NA,Republican era,NA
58840,NA,NA,Republican era,NA
58842,NA,NA,Republican era,NA
58845,NA,NA,Republican era,NA
58847,NA,NA,Republican era,NA
58853,NA,NA,Republican era,NA
58856,NA,NA,Republican era,NA
58859,NA,NA,Republican era,NA
58861,NA,NA,Republican era,NA
58863,NA,NA,Republican era,NA
58865,NA,NA,Republican era,NA
58867,NA,NA,Republican era,NA
58871,NA,NA,Republican era,NA
58874,NA,NA,Republican era,NA
58876,NA,NA,Republican era,NA
58878,NA,NA,Republican era,NA
58880,NA,NA,Republican era,NA
58882,NA,NA,Republican era,NA
58888,NA,NA,Republican era,NA
58892,NA,NA,Republican era,NA
58894,NA,NA,Republican era,NA
58897,China Hydraulic Engineering Society 中國水利工程學會,NA,Republican era,NA
58909,NA,NA,Republican era,NA
58916,NA,NA,Republican era,NA
58918,NA,NA,Republican era,NA
58921,NA,NA,Republican era,NA
58923,NA,NA,Republican era,NA
58925,Chinese Institute of Engineers 中華工程師學會,NA,Republican era,NA
58927,NA,NA,Republican era,NA
58935,NA,NA,Republican era,NA
58940,NA,NA,Republican era,NA
58945,Chinese Institute of Engineers 中華工程師學會,NA,Republican era,NA
58949,NA,NA,Republican era,NA
58952,NA,NA,Republican era,NA
58956,NA,NA,Republican era,NA
58958,NA,NA,Republican era,NA
58960,NA,NA,Republican era,NA
58963,NA,NA,Republican era,NA
58966,NA,NA,Republican era,NA
58968,NA,NA,Republican era,NA
58972,NA,NA,Republican era,NA
58974,NA,NA,Republican era,NA
58977,NA,NA,Republican era,NA
58981,NA,NA,Republican era,NA
58983,NA,NA,Republican era,NA
58986,NA,NA,Republican era,NA
58988,NA,NA,Republican era,NA
58990,NA,NA,Republican era,NA
58992,NA,NA,Republican era,NA
58994,NA,NA,Republican era,NA
59007,NA,NA,Republican era,NA
59009,Chinese Institute of Mining and Metallurgy 中國礦冶工程學會,NA,Republican era,NA
59019,NA,NA,Republican era,NA
59021,NA,NA,Republican era,NA
59024,NA,NA,Republican era,NA
59026,NA,NA,Republican era,NA
59031,NA,NA,Republican era,NA
59033,NA,NA,Republican era,NA
59035,NA,NA,Republican era,NA
59037,China Colourists’ Association 中國染化工程學會,NA,Republican era,NA
59040,NA,NA,Republican era,NA
59043,NA,NA,Republican era,NA
59045,NA,NA,Republican era,NA
59047,NA,NA,Republican era,NA
59049,NA,NA,Republican era,NA
59051,NA,NA,Republican era,NA
59053,NA,NA,Republican era,NA
59057,NA,NA,Republican era,NA
59059,NA,NA,Republican era,NA
59061,NA,NA,Republican era,NA
59063,NA,NA,Republican era,NA
59071,NA,NA,Republican era,NA
59074,NA,NA,Republican era,NA
59076,Chinese Institute of Electrical Engineers 中國電機工程師學會,NA,Republican era,NA
59078,NA,NA,Republican era,NA
59080,NA,NA,Republican era,NA
59082,NA,NA,Republican era,NA
59089,NA,NA,Republican era,NA
59101,NA,NA,Republican era,NA
59118,NA,NA,Republican era,NA
59120,NA,NA,Republican era,NA
59124,NA,NA,Republican era,NA
59128,NA,NA,Republican era,NA
59130,NA,NA,Republican era,NA
59132,NA,NA,Republican era,NA
59134,NA,NA,Republican era,NA
59138,NA,NA,Republican era,NA
59143,NA,NA,Republican era,NA
59145,NA,NA,Republican era,NA
59147,Chinese Institute of Mining and Metallurgy 中國礦冶工程學會,NA,Republican era,NA
59153,NA,NA,Republican era,NA
59157,Chinese Institute of Mining and Metallurgy 中國礦冶工程學會,NA,Republican era,NA
59167,NA,NA,Republican era,NA
59169,NA,NA,Republican era,NA
59173,NA,NA,Republican era,NA
59175,NA,NA,Republican era,NA
59177,NA,NA,Republican era,NA
59179,NA,NA,Republican era,NA
59182,Chinese Institute of Electrical Engineers 中國電機工程師學會,NA,Republican era,NA
59186,NA,NA,Republican era,NA
59188,NA,NA,Republican era,NA
59192,Chinese Institute of Engineers 中華工程師學會,NA,Republican era,NA
59202,NA,NA,Republican era,NA
59204,NA,NA,Republican era,NA
59206,NA,NA,Republican era,NA
59209,NA,NA,Republican era,NA
59211,NA,NA,Republican era,NA
59214,NA,NA,Republican era,NA
59217,NA,NA,Republican era,NA
59219,NA,NA,Republican era,NA
59229,NA,NA,Republican era,NA
59232,NA,NA,Republican era,NA
59234,NA,NA,Republican era,NA
59236,NA,NA,Republican era,NA
59239,NA,NA,Republican era,NA
59248,NA,NA,Republican era,NA
59251,NA,NA,Republican era,NA
59256,NA,NA,Republican era,NA
59265,NA,NA,Republican era,NA
59268,NA,NA,Republican era,NA
59270,NA,NA,Republican era,NA
59278,NA,NA,Republican era,NA
59282,NA,NA,Republican era,NA
59294,NA,NA,Republican era,NA
59296,NA,NA,Republican era,NA
59307,NA,NA,Republican era,NA
59310,NA,NA,Republican era,NA
59321,NA,NA,Republican era,NA
59324,NA,NA,Republican era,NA
59328,NA,NA,Republican era,NA
59334,NA,NA,Republican era,NA
59336,NA,NA,Republican era,NA
59338,NA,NA,Republican era,NA
59340,NA,NA,Republican era,NA
59348,NA,NA,Republican era,NA
59350,NA,NA,Republican era,NA
59352,Chinese Institute of Engineers 中華工程師學會,NA,Republican era,NA
59361,NA,NA,Republican era,NA
59370,NA,NA,Republican era,NA
59372,NA,NA,Republican era,NA
59374,NA,NA,Republican era,NA
59379,NA,NA,Republican era,NA
59386,NA,NA,Republican era,NA
59391,NA,NA,Republican era,NA
59393,NA,NA,Republican era,NA
59396,NA,NA,Republican era,NA
59399,NA,NA,Republican era,NA
59404,NA,NA,Republican era,NA
59415,Chinese Institute of Engineers 中華工程師學會,NA,Republican era,NA
59415,China Hydraulic Engineering Society 中國水利工程學會,NA,Republican era,NA
59428,NA,NA,Republican era,NA
59431,NA,NA,Republican era,NA
59435,NA,NA,Republican era,NA
59438,NA,NA,Republican era,NA
59440,NA,NA,Republican era,NA
59442,NA,NA,Republican era,NA
59449,NA,NA,Republican era,NA
59453,NA,NA,Republican era,NA
59455,NA,NA,Republican era,NA
59458,NA,NA,Republican era,NA
59461,NA,NA,Republican era,NA
59467,NA,NA,Republican era,NA
59469,NA,NA,Republican era,NA
59471,NA,NA,Republican era,NA
59473,NA,NA,Republican era,NA
59475,NA,NA,Republican era,NA
59477,NA,NA,Republican era,NA
59480,NA,NA,Republican era,NA
59484,NA,NA,Republican era,NA
59486,NA,NA,Republican era,NA
59489,Chinese Institute of Engineers 中華工程師學會,NA,Republican era,NA
59491,Chinese Institute of Electrical Engineers 中國電機工程師學會,NA,Republican era,NA
59493,NA,NA,Republican era,NA
59496,NA,NA,Republican era,NA
59504,China Hydraulic Engineering Society 中國水利工程學會,NA,Republican era,NA
59507,NA,NA,Republican era,NA
59510,NA,NA,Republican era,NA
59512,NA,NA,Republican era,NA
59514,NA,NA,Republican era,NA
59516,NA,NA,Republican era,NA
59518,NA,NA,Republican era,NA
59521,NA,NA,Republican era,NA
59523,NA,NA,Republican era,NA
59527,NA,NA,Republican era,NA
59531,NA,NA,Republican era,NA
59534,NA,NA,Republican era,NA
59537,NA,NA,Republican era,NA
59547,NA,NA,Republican era,NA
59550,NA,NA,Republican era,NA
59552,NA,NA,Republican era,NA
59554,NA,NA,Republican era,NA
59557,NA,NA,Republican era,NA
59563,Chinese Institute of Electrical Engineers 中國電機工程師學會,NA,Republican era,NA
59565,NA,NA,Republican era,NA
59569,NA,NA,Republican era,NA
59578,NA,NA,Republican era,NA
59581,NA,NA,Republican era,NA
59583,NA,NA,Republican era,NA
59585,NA,NA,Republican era,NA
59590,Chinese Institute of Mining and Metallurgy 中國礦冶工程學會,NA,Republican era,NA
59598,NA,NA,Republican era,NA
59601,NA,NA,Republican era,NA
59603,NA,NA,Republican era,NA
59606,NA,NA,Republican era,NA
59608,NA,NA,Republican era,NA
59610,NA,NA,Republican era,NA
59612,Chinese Institute of Electrical Engineers 中國電機工程師學會,NA,Republican era,NA
59620,NA,NA,Republican era,NA
59622,NA,NA,Republican era,NA
59624,NA,NA,Republican era,NA
59632,NA,NA,Republican era,NA
59634,NA,NA,Republican era,NA
59636,NA,NA,Republican era,NA
59641,NA,NA,Republican era,NA
59643,Chinese Institute of Electrical Engineers 中國電機工程師學會,NA,Republican era,NA
59645,NA,NA,Republican era,NA
59647,Chinese Institute of Engineers 中華工程師學會,NA,Republican era,NA
59650,NA,NA,Republican era,NA
59652,NA,NA,Republican era,NA
59654,NA,NA,Republican era,NA
59656,NA,NA,Republican era,NA
59658,NA,NA,Republican era,NA
59660,Zhongguo gongchengshi xuehui Wuhan fenhui 中國工程師學會武漢分會,NA,Republican era,NA
59677,NA,NA,Republican era,NA
59679,NA,NA,Republican era,NA
59693,NA,NA,Republican era,NA
59695,NA,NA,Republican era,NA
59699,NA,NA,Republican era,NA
59701,NA,NA,Republican era,NA
59704,NA,NA,Republican era,NA
59706,NA,NA,Republican era,NA
59710,NA,NA,Republican era,NA
59713,NA,NA,Republican era,NA
59721,NA,NA,Republican era,NA
59723,NA,NA,Republican era,NA
59725,NA,NA,Republican era,NA
59728,NA,NA,Republican era,NA
59734,China Hydraulic Engineering Society 中國水利工程學會,NA,Republican era,NA
59737,NA,NA,Republican era,NA
59739,China Hydraulic Engineering Society 中國水利工程學會,NA,Republican era,NA
59742,NA,NA,Republican era,NA
59750,NA,NA,Republican era,NA
59754,NA,NA,Republican era,NA
59757,NA,NA,Republican era,NA
59759,NA,NA,Republican era,NA
59763,NA,NA,Republican era,NA
59766,NA,NA,Republican era,NA
59776,NA,NA,Republican era,NA
59778,NA,NA,Republican era,NA
59781,NA,NA,Republican era,NA
59788,NA,NA,Republican era,NA
59794,China Hydraulic Engineering Society 中國水利工程學會,NA,Republican era,NA
59797,NA,NA,Republican era,NA
59801,Chinese Institute of Electrical Engineers 中國電機工程師學會,NA,Republican era,NA
59804,NA,NA,Republican era,NA
59806,NA,NA,Republican era,NA
59811,NA,NA,Republican era,NA
59813,NA,NA,Republican era,NA
59829,NA,NA,Republican era,NA
59831,NA,NA,Republican era,NA
59833,NA,NA,Republican era,NA
59835,Chinese Institute of Electrical Engineers 中國電機工程師學會,NA,Republican era,NA
59839,NA,NA,Republican era,NA
59846,Zhongguo gongchengshi xuehui Wuhan fenhui 中國工程師學會武漢分會,NA,Republican era,NA
59849,NA,NA,Republican era,NA
59856,NA,NA,Republican era,NA
59858,NA,NA,Republican era,NA
59860,NA,NA,Republican era,NA
59874,NA,NA,Republican era,NA
59879,NA,NA,Republican era,NA
59881,NA,NA,Republican era,NA
59883,NA,NA,Republican era,NA
59885,NA,NA,Republican era,NA
59888,NA,NA,Republican era,NA
59900,NA,NA,Republican era,NA
59902,NA,NA,Republican era,NA
59906,NA,NA,Republican era,NA
59908,NA,NA,Republican era,NA
59911,NA,NA,Republican era,NA
59913,NA,NA,Republican era,NA
59918,NA,NA,Republican era,NA
59921,NA,NA,Republican era,NA
59923,NA,NA,Republican era,NA
59926,NA,NA,Republican era,NA
59934,NA,NA,Republican era,NA
59944,NA,NA,Republican era,NA
59946,NA,NA,Republican era,NA
59948,NA,NA,Republican era,NA
59951,NA,NA,Republican era,NA
59953,NA,NA,Republican era,NA
59955,NA,NA,Republican era,NA
59964,NA,NA,Republican era,NA
59977,NA,NA,Republican era,NA
59984,NA,NA,Republican era,NA
59988,NA,NA,Republican era,NA
59992,NA,NA,Republican era,NA
60007,NA,NA,Republican era,NA
60009,NA,NA,Republican era,NA
60016,NA,NA,Republican era,NA
60018,NA,NA,Republican era,NA
60020,NA,NA,Republican era,NA
60023,NA,NA,Republican era,NA
60025,NA,NA,Republican era,NA
60041,NA,NA,Republican era,NA
60043,NA,NA,Republican era,NA
60046,NA,NA,Republican era,NA
60048,NA,NA,Republican era,NA
60057,NA,NA,Republican era,NA
60059,NA,NA,Republican era,NA
60064,NA,NA,Republican era,NA
60066,NA,NA,Republican era,NA
60068,NA,NA,Republican era,NA
60070,NA,NA,Republican era,NA
60077,NA,NA,Republican era,NA
60079,NA,NA,Republican era,NA
60081,NA,NA,Republican era,NA
60083,NA,NA,Republican era,NA
60089,NA,NA,Republican era,NA
60092,NA,NA,Republican era,NA
60094,NA,NA,Republican era,NA
60098,NA,NA,Republican era,NA
60101,NA,NA,Republican era,NA
60104,NA,NA,Republican era,NA
60111,NA,NA,Republican era,NA
60113,NA,NA,Republican era,NA
60115,Chinese Institute of Mining and Metallurgy 中國礦冶工程學會,NA,Republican era,NA
60125,NA,NA,Republican era,NA
60127,NA,NA,Republican era,NA
60129,NA,NA,Republican era,NA
60135,NA,NA,Republican era,NA
60138,NA,NA,Republican era,NA
60140,NA,NA,Republican era,NA
60142,NA,NA,Republican era,NA
60144,NA,NA,Republican era,NA
60146,NA,NA,Republican era,NA
60148,NA,NA,Republican era,NA
60150,NA,NA,Republican era,NA
60152,NA,NA,Republican era,NA
60164,NA,NA,Republican era,NA
60167,NA,NA,Republican era,NA
60169,NA,NA,Republican era,NA
60178,NA,NA,Republican era,NA
60180,NA,NA,Republican era,NA
60184,NA,NA,Republican era,NA
60193,NA,NA,Republican era,NA
60198,NA,NA,Republican era,NA
60203,NA,NA,Republican era,NA
60205,NA,NA,Republican era,NA
60207,NA,NA,Republican era,NA
60210,NA,NA,Republican era,NA
60215,NA,NA,Republican era,NA
60217,NA,NA,Republican era,NA
60221,NA,NA,Republican era,NA
60231,NA,NA,Republican era,NA
60233,NA,NA,Republican era,NA
60236,Chinese Institute of Mining and Metallurgy 中國礦冶工程學會,NA,Republican era,NA
60255,NA,NA,Republican era,NA
60258,NA,NA,Republican era,NA
60260,NA,NA,Republican era,NA
60264,NA,NA,Republican era,NA
60267,NA,NA,Republican era,NA
60270,NA,NA,Republican era,NA
60272,NA,NA,Republican era,NA
60283,NA,NA,Republican era,NA
60285,NA,NA,Republican era,NA
60287,NA,NA,Republican era,NA
60289,NA,NA,Republican era,NA
60296,NA,NA,Republican era,NA
60301,Chinese Institute of Mining and Metallurgy 中國礦冶工程學會,NA,Republican era,NA
60309,NA,NA,Republican era,NA
60311,NA,NA,Republican era,NA
60324,NA,NA,Republican era,NA
60326,NA,NA,Republican era,NA
60328,Chinese Institute of Mining and Metallurgy 中國礦冶工程學會,NA,Republican era,NA
60348,NA,NA,Republican era,NA
60358,NA,NA,Republican era,NA
60363,NA,NA,Republican era,NA
60365,NA,NA,Republican era,NA
60367,NA,NA,Republican era,NA
60376,NA,NA,Republican era,NA
60378,NA,NA,Republican era,NA
60380,NA,NA,Republican era,NA
60383,NA,NA,Republican era,NA
60385,NA,NA,Republican era,NA
60387,NA,NA,Republican era,NA
60391,NA,NA,Republican era,NA
60393,NA,NA,Republican era,NA
60395,NA,NA,Republican era,NA
60403,Zhongguo gongchengshi xuehui Wuhan fenhui 中國工程師學會武漢分會,NA,Republican era,NA
60407,NA,NA,Republican era,NA
60411,NA,NA,Republican era,NA
60413,NA,NA,Republican era,NA
60416,NA,NA,Republican era,NA
60418,NA,NA,Republican era,NA
60420,NA,NA,Republican era,NA
60422,NA,NA,Republican era,NA
60426,NA,NA,Republican era,NA
60429,NA,NA,Republican era,NA
60432,NA,NA,Republican era,NA
60434,NA,NA,Republican era,NA
60436,NA,NA,Republican era,NA
60441,NA,NA,Republican era,NA
60443,NA,NA,Republican era,NA
60445,NA,NA,Republican era,NA
60460,NA,NA,Republican era,NA
60465,Chinese Institute of Electrical Engineers 中國電機工程師學會,NA,Republican era,NA
60467,NA,NA,Republican era,NA
60469,NA,NA,Republican era,NA
60472,NA,NA,Republican era,NA
60474,NA,NA,Republican era,NA
60475,NA,NA,Republican era,NA
60480,NA,NA,Republican era,NA
60483,NA,NA,Republican era,NA
60491,NA,NA,Republican era,NA
60493,NA,NA,Republican era,NA
60495,NA,NA,Republican era,NA
60497,NA,NA,Republican era,NA
60499,NA,NA,Republican era,NA
60503,NA,NA,Republican era,NA
60505,NA,NA,Republican era,NA
60515,NA,NA,Republican era,NA
60523,NA,NA,Republican era,NA
60525,NA,NA,Republican era,NA
60527,NA,NA,Republican era,NA
60530,NA,NA,Republican era,NA
60534,NA,NA,Republican era,NA
60537,NA,NA,Republican era,NA
60539,NA,NA,Republican era,NA
60550,NA,NA,Republican era,NA
60553,NA,NA,Republican era,NA
60569,NA,NA,Republican era,NA
60571,NA,NA,Republican era,NA
60573,NA,NA,Republican era,NA
60575,NA,NA,Republican era,NA
60579,NA,NA,Republican era,NA
60583,NA,NA,Republican era,NA
60584,NA,NA,Republican era,NA
60587,NA,NA,Republican era,NA
60593,NA,NA,Republican era,NA
60597,NA,NA,Republican era,NA
60603,NA,NA,Republican era,NA
60605,NA,NA,Republican era,NA
60609,NA,NA,Republican era,NA
60610,NA,NA,Republican era,NA
60617,NA,NA,Republican era,NA
60623,NA,NA,Republican era,NA
60627,NA,NA,Republican era,NA
60629,NA,NA,Republican era,NA
60633,NA,NA,Republican era,NA
60635,NA,NA,Republican era,NA
60637,NA,NA,Republican era,NA
60643,NA,NA,Republican era,NA
60646,NA,NA,Republican era,NA
60654,NA,NA,Republican era,NA
60660,NA,NA,Republican era,NA
60667,NA,NA,Republican era,NA
60671,NA,NA,Republican era,NA
60675,NA,NA,Republican era,NA
60677,NA,NA,Republican era,NA
60679,NA,NA,Republican era,NA
60691,NA,NA,Republican era,NA
60694,NA,NA,Republican era,NA
60696,NA,NA,Republican era,NA
60698,NA,NA,Republican era,NA
60700,NA,NA,Republican era,NA
60703,Chinese Institute of Engineers 中華工程師學會,NA,Republican era,NA
60705,NA,NA,Republican era,NA
60717,NA,NA,Republican era,NA
60720,NA,NA,Republican era,NA
60730,NA,NA,Republican era,NA
60733,NA,NA,Republican era,NA
60737,NA,NA,Republican era,NA
60742,NA,NA,Republican era,NA
60744,NA,NA,Republican era,NA
60746,Zhongguo gongchengshi xuehui Wuhan fenhui 中國工程師學會武漢分會,NA,Republican era,NA
60756,NA,NA,Republican era,NA
60758,NA,NA,Republican era,NA
60760,NA,NA,Republican era,NA
60768,NA,NA,Republican era,NA
60770,NA,NA,Republican era,NA
60774,China Power Engineering Society 中國動力工程學會,NA,Republican era,NA
60774,Chinese Institute of Electrical Engineers 中國電機工程師學會,NA,Republican era,NA
60774,China Engineering Society 中國工程學會,NA,Republican era,NA
60788,NA,NA,Republican era,NA
60790,NA,NA,Republican era,NA
60792,NA,NA,Republican era,NA
60794,NA,NA,Republican era,NA
60797,NA,NA,Republican era,NA
60808,NA,NA,Republican era,NA
60825,Chinese Institute of Mining and Metallurgy 中國礦冶工程學會,NA,Republican era,NA
60831,NA,NA,Republican era,NA
60833,NA,NA,Republican era,NA
60835,NA,NA,Republican era,NA
60837,NA,NA,Republican era,NA
60839,NA,NA,Republican era,NA
60842,NA,NA,Republican era,NA
60844,NA,NA,Republican era,NA
60847,NA,NA,Republican era,NA
60850,NA,NA,Republican era,NA
60853,Chinese Institute of Mining and Metallurgy 中國礦冶工程學會,NA,Republican era,NA
60868,NA,NA,Republican era,NA
60878,NA,NA,Republican era,NA
60880,NA,NA,Republican era,NA
60882,NA,NA,Republican era,NA
60895,NA,NA,Republican era,NA
60900,NA,NA,Republican era,NA
60902,NA,NA,Republican era,NA
60904,NA,NA,Republican era,NA
60906,NA,NA,Republican era,NA
60912,NA,NA,Republican era,NA
60922,NA,NA,Republican era,NA
60926,NA,NA,Republican era,NA
60930,NA,NA,Republican era,NA
60947,NA,NA,Republican era,NA
60949,NA,NA,Republican era,NA
60952,Chinese Institute of Engineers 中華工程師學會,NA,Republican era,NA
60963,NA,NA,Republican era,NA
60966,NA,NA,Republican era,NA
60968,NA,NA,Republican era,NA
60973,NA,NA,Republican era,NA
60975,NA,NA,Republican era,NA
60977,NA,NA,Republican era,NA
60979,NA,NA,Republican era,NA
60981,NA,NA,Republican era,NA
60983,NA,NA,Republican era,NA
60986,NA,NA,Republican era,NA
60988,Chinese Institute of Mining and Metallurgy 中國礦冶工程學會,NA,Republican era,NA
60996,NA,NA,Republican era,NA
61001,NA,NA,Republican era,NA
61003,NA,NA,Republican era,NA
61005,NA,NA,Republican era,NA
61007,NA,NA,Republican era,NA
61010,NA,NA,Republican era,NA
61016,NA,NA,Republican era,NA
61021,NA,NA,Republican era,NA
61029,NA,NA,Republican era,NA
61031,NA,NA,Republican era,NA
61034,NA,NA,Republican era,NA
61036,China Engineering Society 中國工程學會,NA,Republican era,NA
61051,NA,NA,Republican era,NA
61053,NA,NA,Republican era,NA
61055,NA,NA,Republican era,NA
61058,NA,NA,Republican era,NA
61060,NA,NA,Republican era,NA
61062,NA,NA,Republican era,NA
61065,NA,NA,Republican era,NA
61067,NA,NA,Republican era,NA
61075,Chinese Institute of Engineers 中華工程師學會,NA,Republican era,NA
61078,NA,NA,Republican era,NA
61080,NA,NA,Republican era,NA
61082,NA,NA,Republican era,NA
61085,NA,NA,Republican era,NA
61087,NA,NA,Republican era,NA
61089,NA,NA,Republican era,NA
61094,NA,NA,Republican era,NA
61096,NA,NA,Republican era,NA
61100,NA,NA,Republican era,NA
61104,NA,NA,Republican era,NA
61106,NA,NA,Republican era,NA
61109,NA,NA,Republican era,NA
61111,NA,NA,Republican era,NA
61113,NA,NA,Republican era,NA
61118,NA,NA,Republican era,NA
61120,NA,NA,Republican era,NA
61122,NA,NA,Republican era,NA
61127,NA,NA,Republican era,NA
61130,NA,NA,Republican era,NA
61134,NA,NA,Republican era,NA
61136,NA,NA,Republican era,NA
61138,NA,NA,Republican era,NA
61140,NA,NA,Republican era,NA
61142,NA,NA,Republican era,NA
61144,NA,NA,Republican era,NA
61150,NA,NA,Republican era,NA
61153,NA,NA,Republican era,NA
61157,NA,NA,Republican era,NA
61159,NA,NA,Republican era,NA
61175,NA,NA,Republican era,NA
61179,NA,NA,Republican era,NA
61193,NA,NA,Republican era,NA
61195,NA,NA,Republican era,NA
61197,NA,NA,Republican era,NA
61199,NA,NA,Republican era,NA
61203,NA,NA,Republican era,NA
61206,NA,NA,Republican era,NA
61213,NA,NA,Republican era,NA
61215,NA,NA,Republican era,NA
61217,NA,NA,Republican era,NA
61224,NA,NA,Republican era,NA
61227,NA,NA,Republican era,NA
61229,Chinese Institute of Electrical Engineers 中國電機工程師學會,NA,Republican era,NA
61233,Chinese Institute of Mining and Metallurgy 中國礦冶工程學會,NA,Republican era,NA
61248,NA,NA,Republican era,NA
61250,NA,NA,Republican era,NA
61260,NA,NA,Republican era,NA
61263,NA,NA,Republican era,NA
61273,NA,NA,Republican era,NA
61275,NA,NA,Republican era,NA
61278,Chinese Institute of Mining and Metallurgy 中國礦冶工程學會,NA,Republican era,NA
61280,NA,NA,Republican era,NA
61282,NA,NA,Republican era,NA
61284,NA,NA,Republican era,NA
61286,NA,NA,Republican era,NA
61295,Chinese Institute of Mining and Metallurgy 中國礦冶工程學會,NA,Republican era,NA
61310,NA,NA,Republican era,NA
61314,NA,NA,Republican era,NA
61316,NA,NA,Republican era,NA
61320,NA,NA,Republican era,NA
61322,Chinese Institute of Electrical Engineers 中國電機工程師學會,NA,Republican era,NA
61330,NA,NA,Republican era,NA
61332,NA,NA,Republican era,NA
61336,NA,NA,Republican era,NA
61339,NA,NA,Republican era,NA
61342,NA,NA,Republican era,NA
61356,NA,NA,Republican era,NA
61360,NA,NA,Republican era,NA
61362,NA,NA,Republican era,NA
61365,NA,NA,Republican era,NA
61367,NA,NA,Republican era,NA
61369,NA,NA,Republican era,NA
61371,NA,NA,Republican era,NA
61373,NA,NA,Republican era,NA
61376,Chinese Institute of Mining and Metallurgy 中國礦冶工程學會,NA,Republican era,NA
61387,NA,NA,Republican era,NA
61389,NA,NA,Republican era,NA
61394,NA,NA,Republican era,NA
61396,NA,NA,Republican era,NA
61399,NA,NA,Republican era,NA
61413,NA,NA,Republican era,NA
61415,NA,NA,Republican era,NA
61424,NA,NA,Republican era,NA
61432,NA,NA,Republican era,NA
61434,NA,NA,Republican era,NA
61435,NA,NA,Republican era,NA
61437,NA,NA,Republican era,NA
61439,NA,NA,Republican era,NA
61444,NA,NA,Republican era,NA
61446,Zhongguo gongchengshi xuehui Wuhan fenhui 中國工程師學會武漢分會,NA,Republican era,NA
61454,NA,NA,Republican era,NA
61456,China Hydraulic Engineering Society 中國水利工程學會,NA,Republican era,NA
61468,NA,NA,Republican era,NA
61470,NA,NA,Republican era,NA
61472,NA,NA,Republican era,NA
61474,NA,NA,Republican era,NA
61476,NA,NA,Republican era,NA
61481,NA,NA,Republican era,NA
61483,NA,NA,Republican era,NA
61485,NA,NA,Republican era,NA
61487,NA,NA,Republican era,NA
61489,NA,NA,Republican era,NA
61491,NA,NA,Republican era,NA
61493,NA,NA,Republican era,NA
61495,NA,NA,Republican era,NA
61504,NA,NA,Republican era,NA
61506,Zhongguo gongchengshi xuehui Wuhan fenhui 中國工程師學會武漢分會,NA,Republican era,NA
61515,NA,NA,Republican era,NA
61518,Chinese Institute of Mining and Metallurgy 中國礦冶工程學會,NA,Republican era,NA
61521,NA,NA,Republican era,NA
61523,NA,NA,Republican era,NA
61530,NA,NA,Republican era,NA
61535,NA,NA,Republican era,NA
61537,NA,NA,Republican era,NA
61544,NA,NA,Republican era,NA
61549,NA,NA,Republican era,NA
61551,NA,NA,Republican era,NA
61554,NA,NA,Republican era,NA
61558,NA,NA,Republican era,NA
61572,NA,NA,Republican era,NA
61574,NA,NA,Republican era,NA
61576,NA,NA,Republican era,NA
61577,NA,NA,Republican era,NA
61580,NA,NA,Republican era,NA
61588,NA,NA,Republican era,NA
61589,NA,NA,Republican era,NA
61591,NA,NA,Republican era,NA
61593,NA,NA,Republican era,NA
61605,NA,NA,Republican era,NA
61614,NA,NA,Republican era,NA
61618,NA,NA,Republican era,NA
61622,NA,NA,Republican era,NA
61627,NA,NA,Republican era,NA
61634,NA,NA,Republican era,NA
61636,NA,NA,Republican era,NA
61637,NA,NA,Republican era,NA
61639,Chinese Institute of Engineers 中華工程師學會,NA,Republican era,NA
61654,NA,NA,Republican era,NA
61656,NA,NA,Republican era,NA
61660,NA,NA,Republican era,NA
61665,NA,NA,Republican era,NA
61679,NA,NA,Republican era,NA
61682,NA,NA,Republican era,NA
61685,NA,NA,Republican era,NA
61689,NA,NA,Republican era,NA
61695,NA,NA,Republican era,NA
61697,NA,NA,Republican era,NA
61700,NA,NA,Republican era,NA
61702,NA,NA,Republican era,NA
61704,NA,NA,Republican era,NA
61713,NA,NA,Republican era,NA
61715,NA,NA,Republican era,NA
61722,NA,NA,Republican era,NA
61724,NA,NA,Republican era,NA
61729,NA,NA,Republican era,NA
61740,NA,NA,Republican era,NA
61742,NA,NA,Republican era,NA
61744,NA,NA,Republican era,NA
61746,NA,NA,Republican era,NA
61748,NA,NA,Republican era,NA
61751,NA,NA,Republican era,NA
61755,NA,NA,Republican era,NA
61757,NA,NA,Republican era,NA
61759,NA,NA,Republican era,NA
61764,NA,NA,Republican era,NA
61779,NA,NA,Republican era,NA
61791,NA,NA,Republican era,NA
61794,NA,NA,Republican era,NA
61796,NA,NA,Republican era,NA
61799,NA,NA,Republican era,NA
61801,Chinese Institute of Electrical Engineers 中國電機工程師學會,NA,Republican era,NA
61805,NA,NA,Republican era,NA
61809,NA,NA,Republican era,NA
61811,NA,NA,Republican era,NA
61813,NA,NA,Republican era,NA
61826,NA,NA,Republican era,NA
61831,NA,NA,Republican era,NA
61835,NA,NA,Republican era,NA
61842,NA,NA,Republican era,NA
61852,NA,NA,Republican era,NA
61855,NA,NA,Republican era,NA
61857,Chinese Institute of Engineers 中華工程師學會,NA,Republican era,NA
61857,Zhongguo gongchengshi xuehui Wuhan fenhui 中國工程師學會武漢分會,NA,Republican era,NA
61868,NA,NA,Republican era,NA
61870,NA,NA,Republican era,NA
61883,NA,NA,Republican era,NA
61901,NA,NA,Republican era,NA
61903,NA,NA,Republican era,NA
61912,NA,NA,Republican era,NA
61933,China Hydraulic Engineering Society 中國水利工程學會,NA,Republican era,NA
61937,NA,NA,Republican era,NA
61960,NA,NA,Republican era,NA
61973,NA,NA,Republican era,NA
61975,NA,NA,Republican era,NA
61979,NA,NA,Republican era,NA
61983,NA,NA,Republican era,NA
61985,NA,NA,Republican era,NA
61987,NA,NA,Republican era,NA
61991,Chinese Institute of Mining and Metallurgy 中國礦冶工程學會,NA,Republican era,NA
62003,NA,NA,Republican era,NA
62006,NA,NA,Republican era,NA
62010,NA,NA,Republican era,NA
62012,NA,NA,Republican era,NA
62014,NA,NA,Republican era,NA
62016,NA,NA,Republican era,NA
62018,NA,NA,Republican era,NA
62027,NA,NA,Republican era,NA
62031,NA,NA,Republican era,NA
62034,Chinese Institute of Mining and Metallurgy 中國礦冶工程學會,NA,Republican era,NA
62042,NA,NA,Republican era,NA
62045,NA,NA,Republican era,NA
62048,NA,NA,Republican era,NA
62051,China Hydraulic Engineering Society 中國水利工程學會,NA,Republican era,NA
62055,NA,NA,Republican era,NA
62067,NA,NA,Republican era,NA
62070,NA,NA,Republican era,NA
62073,NA,NA,Republican era,NA
62079,NA,NA,Republican era,NA
62081,NA,NA,Republican era,NA
62086,NA,NA,Republican era,NA
62095,NA,NA,Republican era,NA
62098,NA,NA,Republican era,NA
62100,NA,NA,Republican era,NA
62105,NA,NA,Republican era,NA
62107,NA,NA,Republican era,NA
62112,NA,NA,Republican era,NA
62115,NA,NA,Republican era,NA
62117,NA,NA,Republican era,NA
62123,China Power Engineering Society 中國動力工程學會,NA,Republican era,NA
62129,China Engineering Society 中國工程學會,NA,Republican era,NA
62129,Zhongguo gongchengshi xuehui Wuhan fenhui 中國工程師學會武漢分會,NA,Republican era,NA
62132,NA,NA,Republican era,NA
62136,NA,NA,Republican era,NA
62143,NA,NA,Republican era,NA
62145,NA,NA,Republican era,NA
62150,NA,NA,Republican era,NA
62155,NA,NA,Republican era,NA
62156,NA,NA,Republican era,NA
62173,NA,NA,Republican era,NA
62175,NA,NA,Republican era,NA
62179,NA,NA,Republican era,NA
62181,NA,NA,Republican era,NA
62186,NA,NA,Republican era,NA
62190,NA,NA,Republican era,NA
62194,NA,NA,Republican era,NA
62200,NA,NA,Republican era,NA
62202,NA,NA,Republican era,NA
62204,NA,NA,Republican era,NA
62206,NA,NA,Republican era,NA
62208,NA,NA,Republican era,NA
62220,NA,NA,Republican era,NA
62222,NA,NA,Republican era,NA
62224,NA,NA,Republican era,NA
62230,NA,NA,Republican era,NA
62241,NA,NA,Republican era,NA
62244,Chinese Institute of Mining and Metallurgy 中國礦冶工程學會,NA,Republican era,NA
62246,NA,NA,Republican era,NA
62255,Chinese Institute of Electrical Engineers 中國電機工程師學會,NA,Republican era,NA
62264,Chinese Institute of Electrical Engineers 中國電機工程師學會,NA,Republican era,NA
62268,NA,NA,Republican era,NA
62270,Chinese Institute of Engineers 中華工程師學會,NA,Republican era,NA
62270,China Hydraulic Engineering Society 中國水利工程學會,NA,Republican era,NA
62273,NA,NA,Republican era,NA
62276,NA,NA,Republican era,NA
62279,NA,NA,Republican era,NA
62287,NA,NA,Republican era,NA
62292,NA,NA,Republican era,NA
62294,NA,NA,Republican era,NA
62302,NA,NA,Republican era,NA
62304,NA,NA,Republican era,NA
62306,Chinese Institute of Mining and Metallurgy 中國礦冶工程學會,NA,Republican era,NA
62317,NA,NA,Republican era,NA
62319,NA,NA,Republican era,NA
62321,NA,NA,Republican era,NA
62323,Chinese Institute of Mining and Metallurgy 中國礦冶工程學會,NA,Republican era,NA
62331,NA,NA,Republican era,NA
62333,NA,NA,Republican era,NA
62335,NA,NA,Republican era,NA
62337,NA,NA,Republican era,NA
62339,China Power Engineering Society 中國動力工程學會,NA,Republican era,NA
62339,Chinese Institute of Electrical Engineers 中國電機工程師學會,NA,Republican era,NA
62344,NA,NA,Republican era,NA
62364,Chinese Institute of Mining and Metallurgy 中國礦冶工程學會,NA,Republican era,NA
62369,NA,NA,Republican era,NA
62385,NA,NA,Republican era,NA
62387,NA,NA,Republican era,NA
62389,NA,NA,Republican era,NA
62392,NA,NA,Republican era,NA
62394,NA,NA,Republican era,NA
62399,NA,NA,Republican era,NA
62404,NA,NA,Republican era,NA
62408,NA,NA,Republican era,NA
62410,NA,NA,Republican era,NA
62412,NA,NA,Republican era,NA
62414,NA,NA,Republican era,NA
62416,Chinese Institute of Engineers 中華工程師學會,NA,Republican era,NA
62418,NA,NA,Republican era,NA
62420,NA,NA,Republican era,NA
62423,NA,NA,Republican era,NA
62426,NA,NA,Republican era,NA
62428,NA,NA,Republican era,NA
62431,NA,NA,Republican era,NA
62433,NA,NA,Republican era,NA
62436,NA,NA,Republican era,NA
62438,NA,NA,Republican era,NA
62441,NA,NA,Republican era,NA
62459,NA,NA,Republican era,NA
62461,NA,NA,Republican era,NA
62469,NA,NA,Republican era,NA
62474,NA,NA,Republican era,NA
62484,NA,NA,Republican era,NA
62487,NA,NA,Republican era,NA
62489,NA,NA,Republican era,NA
62491,NA,NA,Republican era,NA
62493,NA,NA,Republican era,NA
62495,NA,NA,Republican era,NA
62498,NA,NA,Republican era,NA
62500,NA,NA,Republican era,NA
62502,NA,NA,Republican era,NA
62504,NA,NA,Republican era,NA
62508,NA,NA,Republican era,NA
62510,NA,NA,Republican era,NA
62512,NA,NA,Republican era,NA
62514,NA,NA,Republican era,NA
62516,NA,NA,Republican era,NA
62518,NA,NA,Republican era,NA
62520,NA,NA,Republican era,NA
62522,China Hydraulic Engineering Society 中國水利工程學會,NA,Republican era,NA
62530,NA,NA,Republican era,NA
62534,Chinese Institute of Mining and Metallurgy 中國礦冶工程學會,NA,Republican era,NA
62537,NA,NA,Republican era,NA
62539,China Hydraulic Engineering Society 中國水利工程學會,NA,Republican era,NA
62542,NA,NA,Republican era,NA
62544,NA,NA,Republican era,NA
62547,NA,NA,Republican era,NA
62550,NA,NA,Republican era,NA
62552,NA,NA,Republican era,NA
62554,NA,NA,Republican era,NA
62556,NA,NA,Republican era,NA
62558,NA,NA,Republican era,NA
62560,NA,NA,Republican era,NA
62562,NA,NA,Republican era,NA
62564,NA,NA,Republican era,NA
62566,NA,NA,Republican era,NA
62569,NA,NA,Republican era,NA
62574,Chinese Institute of Electrical Engineers 中國電機工程師學會,NA,Republican era,NA
62582,Chinese Institute of Mining and Metallurgy 中國礦冶工程學會,NA,Republican era,NA
62584,NA,NA,Republican era,NA
62586,NA,NA,Republican era,NA
62589,NA,NA,Republican era,NA
62591,China Hydraulic Engineering Society 中國水利工程學會,NA,Republican era,NA
62604,NA,NA,Republican era,NA
62606,NA,NA,Republican era,NA
62608,NA,NA,Republican era,NA
62613,NA,NA,Republican era,NA
62615,NA,NA,Republican era,NA
62617,NA,NA,Republican era,NA
62619,NA,NA,Republican era,NA
62621,NA,NA,Republican era,NA
62635,NA,NA,Republican era,NA
62644,NA,NA,Republican era,NA
62647,NA,NA,Republican era,NA
62654,NA,NA,Republican era,NA
62656,NA,NA,Republican era,NA
62658,NA,NA,Republican era,NA
62662,NA,NA,Republican era,NA
62664,NA,NA,Republican era,NA
62681,NA,NA,Republican era,NA
62689,NA,NA,Republican era,NA
62691,NA,NA,Republican era,NA
62694,NA,NA,Republican era,NA
62696,NA,NA,Republican era,NA
62698,NA,NA,Republican era,NA
62700,NA,NA,Republican era,NA
62702,NA,NA,Republican era,NA
62705,NA,NA,Republican era,NA
62718,NA,NA,Republican era,NA
62720,NA,NA,Republican era,NA
62722,NA,NA,Republican era,NA
62729,NA,NA,Republican era,NA
62731,NA,NA,Republican era,NA
62741,NA,NA,Republican era,NA
62743,NA,NA,Republican era,NA
62746,NA,NA,Republican era,NA
62748,NA,NA,Republican era,NA
62753,NA,NA,Republican era,NA
62756,NA,NA,Republican era,NA
62765,NA,NA,Republican era,NA
62767,NA,NA,Republican era,NA
62769,Chinese Institute of Electrical Engineers 中國電機工程師學會,NA,Republican era,NA
62772,Chinese Institute of Electrical Engineers 中國電機工程師學會,NA,Republican era,NA
62774,NA,NA,Republican era,NA
62777,Chinese Institute of Mining and Metallurgy 中國礦冶工程學會,NA,Republican era,NA
62783,NA,NA,Republican era,NA
62785,NA,NA,Republican era,NA
62787,China Power Engineering Society 中國動力工程學會,NA,Republican era,NA
62795,NA,NA,Republican era,NA
62804,NA,NA,Republican era,NA
62807,NA,NA,Republican era,NA
62809,NA,NA,Republican era,NA
62811,NA,NA,Republican era,NA
62813,NA,NA,Republican era,NA
62825,NA,NA,Republican era,NA
62827,NA,NA,Republican era,NA
62829,NA,NA,Republican era,NA
62831,NA,NA,Republican era,NA
62834,NA,NA,Republican era,NA
62836,NA,NA,Republican era,NA
62838,NA,NA,Republican era,NA
62840,NA,NA,Republican era,NA
62844,Chinese Institute of Mining and Metallurgy 中國礦冶工程學會,NA,Republican era,NA
62855,NA,NA,Republican era,NA
62860,NA,NA,Republican era,NA
62869,NA,NA,Republican era,NA
62874,NA,NA,Republican era,NA
62876,NA,NA,Republican era,NA
62878,NA,NA,Republican era,NA
62880,Chinese Institute of Mining and Metallurgy 中國礦冶工程學會,NA,Republican era,NA
62883,NA,NA,Republican era,NA
62899,NA,NA,Republican era,NA
62903,NA,NA,Republican era,NA
62905,NA,NA,Republican era,NA
62909,NA,NA,Republican era,NA
62911,NA,NA,Republican era,NA
62918,China Hydraulic Engineering Society 中國水利工程學會,NA,Republican era,NA
62936,NA,NA,Republican era,NA
62938,NA,NA,Republican era,NA
62940,NA,NA,Republican era,NA
62944,NA,NA,Republican era,NA
62946,NA,NA,Republican era,NA
62948,NA,NA,Republican era,NA
62950,NA,NA,Republican era,NA
62952,NA,NA,Republican era,NA
62954,NA,NA,Republican era,NA
62957,NA,NA,Republican era,NA
62961,NA,NA,Republican era,NA
62966,NA,NA,Republican era,NA
62968,NA,NA,Republican era,NA
62970,NA,NA,Republican era,NA
62972,NA,NA,Republican era,NA
62980,NA,NA,Republican era,NA
62987,NA,NA,Republican era,NA
62990,NA,NA,Republican era,NA
62996,NA,NA,Republican era,NA
62998,NA,NA,Republican era,NA
63006,NA,NA,Republican era,NA
63009,NA,NA,Republican era,NA
63010,NA,NA,Republican era,NA
63019,Chinese Institute of Mining and Metallurgy 中國礦冶工程學會,NA,Republican era,NA
63028,NA,NA,Republican era,NA
63030,NA,NA,Republican era,NA
63033,NA,NA,Republican era,NA
63036,NA,NA,Republican era,NA
63047,NA,NA,Republican era,NA
63051,NA,NA,Republican era,NA
63053,China Power Engineering Society 中國動力工程學會,NA,Republican era,NA
63053,Chinese Institute of Electrical Engineers 中國電機工程師學會,NA,Republican era,NA
63069,NA,NA,Republican era,NA
63083,NA,NA,Republican era,NA
63089,Chinese Institute of Engineers 中華工程師學會,NA,Republican era,NA
63102,NA,NA,Republican era,NA
63107,NA,NA,Republican era,NA
63109,Chinese Institute of Electrical Engineers 中國電機工程師學會,NA,Republican era,NA
63114,NA,NA,Republican era,NA
63119,NA,NA,Republican era,NA
63121,NA,NA,Republican era,NA
63130,Chinese Institute of Mining and Metallurgy 中國礦冶工程學會,NA,Republican era,NA
63143,NA,NA,Republican era,NA
63145,NA,NA,Republican era,NA
63149,NA,NA,Republican era,NA
63151,NA,NA,Republican era,NA
63153,NA,NA,Republican era,NA
63155,NA,NA,Republican era,NA
63157,NA,NA,Republican era,NA
63162,NA,NA,Republican era,NA
63164,NA,NA,Republican era,NA
63168,NA,NA,Republican era,NA
63170,NA,NA,Republican era,NA
63177,NA,NA,Republican era,NA
63180,NA,NA,Republican era,NA
63182,NA,NA,Republican era,NA
63184,NA,NA,Republican era,NA
63187,NA,NA,Republican era,NA
63190,NA,NA,Republican era,NA
63193,Chinese Institute of Electrical Engineers 中國電機工程師學會,NA,Republican era,NA
63198,NA,NA,Republican era,NA
63200,NA,NA,Republican era,NA
63202,NA,NA,Republican era,NA
63204,NA,NA,Republican era,NA
63210,NA,NA,Republican era,NA
63213,NA,NA,Republican era,NA
63215,NA,NA,Republican era,NA
63217,NA,NA,Republican era,NA
63219,NA,NA,Republican era,NA
63223,NA,NA,Republican era,NA
63225,NA,NA,Republican era,NA
63229,NA,NA,Republican era,NA
63240,Chinese Institute of Mining and Metallurgy 中國礦冶工程學會,NA,Republican era,NA
63251,NA,NA,Republican era,NA
63253,NA,NA,Republican era,NA
63255,NA,NA,Republican era,NA
63260,NA,NA,Republican era,NA
63262,NA,NA,Republican era,NA
63264,NA,NA,Republican era,NA
63266,NA,NA,Republican era,NA
63270,NA,NA,Republican era,NA
63272,NA,NA,Republican era,NA
63275,NA,NA,Republican era,NA
63282,NA,NA,Republican era,NA
63304,NA,NA,Republican era,NA
63306,Chinese Institute of Mining and Metallurgy 中國礦冶工程學會,NA,Republican era,NA
63310,NA,NA,Republican era,NA
63318,NA,NA,Republican era,NA
63325,NA,NA,Republican era,NA
63341,NA,NA,Republican era,NA
63343,NA,NA,Republican era,NA
63346,Chinese Institute of Electrical Engineers 中國電機工程師學會,NA,Republican era,NA
63352,NA,NA,Republican era,NA
63355,Chinese Institute of Electrical Engineers 中國電機工程師學會,NA,Republican era,NA
63358,NA,NA,Republican era,NA
63365,NA,NA,Republican era,NA
63368,NA,NA,Republican era,NA
63371,NA,NA,Republican era,NA
63374,NA,NA,Republican era,NA
63378,NA,NA,Republican era,NA
63380,Chinese Institute of Electrical Engineers 中國電機工程師學會,NA,Republican era,NA
63383,NA,NA,Republican era,NA
63385,NA,NA,Republican era,NA
63387,NA,NA,Republican era,NA
63392,NA,NA,Republican era,NA
63395,NA,NA,Republican era,NA
63398,NA,NA,Republican era,NA
63402,Chinese Institute of Mining and Metallurgy 中國礦冶工程學會,NA,Republican era,NA
63404,NA,NA,Republican era,NA
63407,NA,NA,Republican era,NA
63417,NA,NA,Republican era,NA
63426,NA,NA,Republican era,NA
63428,NA,NA,Republican era,NA
63443,NA,NA,Republican era,NA
63448,NA,NA,Republican era,NA
63454,NA,NA,Republican era,NA
63463,NA,NA,Republican era,NA
63467,NA,NA,Republican era,NA
63469,NA,NA,Republican era,NA
63471,NA,NA,Republican era,NA
63474,NA,NA,Republican era,NA
63476,NA,NA,Republican era,NA
63478,NA,NA,Republican era,NA
63481,NA,NA,Republican era,NA
63483,NA,NA,Republican era,NA
63490,NA,NA,Republican era,NA
63492,NA,NA,Republican era,NA
63494,NA,NA,Republican era,NA
63497,NA,NA,Republican era,NA
63499,NA,NA,Republican era,NA
63502,Chinese Institute of Mining and Metallurgy 中國礦冶工程學會,NA,Republican era,NA
63516,Zhongguo gongchengshi xuehui Wuhan fenhui 中國工程師學會武漢分會,NA,Republican era,NA
63519,Chinese Institute of Engineers 中華工程師學會,NA,Republican era,NA
63522,Zhongguo gongchengshi xuehui Wuhan fenhui 中國工程師學會武漢分會,NA,Republican era,NA
63523,NA,NA,Republican era,NA
63527,NA,NA,Republican era,NA
63530,NA,NA,Republican era,NA
63547,NA,NA,Republican era,NA
63553,NA,NA,Republican era,NA
63555,NA,NA,Republican era,NA
63573,NA,NA,Republican era,NA
63596,NA,NA,Republican era,NA
63604,Chinese Institute of Mining and Metallurgy 中國礦冶工程學會,NA,Republican era,NA
63620,NA,NA,Republican era,NA
63622,NA,NA,Republican era,NA
63624,NA,NA,Republican era,NA
63627,NA,NA,Republican era,NA
63629,NA,NA,Republican era,NA
63637,NA,NA,Republican era,NA
63642,NA,NA,Republican era,NA
63645,NA,NA,Republican era,NA
63650,NA,NA,Republican era,NA
63653,NA,NA,Republican era,NA
63668,NA,NA,Republican era,NA
63670,NA,NA,Republican era,NA
63673,NA,NA,Republican era,NA
63675,NA,NA,Republican era,NA
63677,NA,NA,Republican era,NA
63679,NA,NA,Republican era,NA
63682,NA,NA,Republican era,NA
63702,NA,NA,Republican era,NA
63704,NA,NA,Republican era,NA
63706,NA,NA,Republican era,NA
63709,NA,NA,Republican era,NA
63711,NA,NA,Republican era,NA
63714,NA,NA,Republican era,NA
63717,NA,NA,Republican era,NA
63719,NA,NA,Republican era,NA
63727,NA,NA,Republican era,NA
63731,NA,NA,Republican era,NA
63742,NA,NA,Republican era,NA
63745,NA,NA,Republican era,NA
63747,NA,NA,Republican era,NA
63761,NA,NA,Republican era,NA
63763,NA,NA,Republican era,NA
63765,NA,NA,Republican era,NA
63767,NA,NA,Republican era,NA
63770,NA,NA,Republican era,NA
63772,NA,NA,Republican era,NA
63775,NA,NA,Republican era,NA
63778,NA,NA,Republican era,NA
63783,NA,NA,Republican era,NA
63786,NA,NA,Republican era,NA
63803,NA,NA,Republican era,NA
63806,NA,NA,Republican era,NA
63808,Chinese Institute of Mining and Metallurgy 中國礦冶工程學會,NA,Republican era,NA
63811,NA,NA,Republican era,NA
63814,Chinese Institute of Electrical Engineers 中國電機工程師學會,NA,Republican era,NA
63816,NA,NA,Republican era,NA
63818,Chinese Institute of Engineers 中華工程師學會,NA,Republican era,NA
63820,Chinese Institute of Electrical Engineers 中國電機工程師學會,NA,Republican era,NA
63825,NA,NA,Republican era,NA
63827,NA,NA,Republican era,NA
63831,NA,NA,Republican era,NA
63833,NA,NA,Republican era,NA
63835,NA,NA,Republican era,NA
63837,NA,NA,Republican era,NA
63842,NA,NA,Republican era,NA
63844,NA,NA,Republican era,NA
63846,NA,NA,Republican era,NA
63849,NA,NA,Republican era,NA
63864,NA,NA,Republican era,NA
63867,NA,NA,Republican era,NA
63872,NA,NA,Republican era,NA
63874,NA,NA,Republican era,NA
63876,NA,NA,Republican era,NA
63878,NA,NA,Republican era,NA
63881,NA,NA,Republican era,NA
63889,NA,NA,Republican era,NA
63892,NA,NA,Republican era,NA
63895,Chinese Institute of Electrical Engineers 中國電機工程師學會,NA,Republican era,NA
63899,NA,NA,Republican era,NA
63901,NA,NA,Republican era,NA
63903,Chinese Institute of Electrical Engineers 中國電機工程師學會,NA,Republican era,NA
63905,NA,NA,Republican era,NA
63907,NA,NA,Republican era,NA
63913,NA,NA,Republican era,NA
63915,NA,NA,Republican era,NA
63917,NA,NA,Republican era,NA
63919,Chinese Institute of Mining and Metallurgy 中國礦冶工程學會,NA,Republican era,NA
63921,NA,NA,Republican era,NA
63923,NA,NA,Republican era,NA
63925,China Hydraulic Engineering Society 中國水利工程學會,NA,Republican era,NA
63934,NA,NA,Republican era,NA
63937,China Engineering Society 中國工程學會,NA,Republican era,NA
63946,NA,NA,Republican era,NA
63948,NA,NA,Republican era,NA
63952,NA,NA,Republican era,NA
63954,NA,NA,Republican era,NA
63956,NA,NA,Republican era,NA
63970,NA,NA,Republican era,NA
63972,NA,NA,Republican era,NA
63974,NA,NA,Republican era,NA
63979,NA,NA,Republican era,NA
63981,NA,NA,Republican era,NA
63983,NA,NA,Republican era,NA
63986,NA,NA,Republican era,NA
63989,NA,NA,Republican era,NA
63993,NA,NA,Republican era,NA
63997,NA,NA,Republican era,NA
64003,NA,NA,Republican era,NA
64007,NA,NA,Republican era,NA
64009,NA,NA,Republican era,NA
64011,NA,NA,Republican era,NA
64013,NA,NA,Republican era,NA
64015,NA,NA,Republican era,NA
64026,NA,NA,Republican era,NA
64028,NA,NA,Republican era,NA
64031,NA,NA,Republican era,NA
64034,NA,NA,Republican era,NA
64036,NA,NA,Republican era,NA
64041,NA,NA,Republican era,NA
64044,NA,NA,Republican era,NA
64047,NA,NA,Republican era,NA
64049,NA,NA,Republican era,NA
64051,NA,NA,Republican era,NA
64055,NA,NA,Republican era,NA
64057,NA,NA,Republican era,NA
64062,NA,NA,Republican era,NA
64064,NA,NA,Republican era,NA
64068,NA,NA,Republican era,NA
64070,NA,NA,Republican era,NA
64073,NA,NA,Republican era,NA
64076,NA,NA,Republican era,NA
64081,NA,NA,Republican era,NA
64084,NA,NA,Republican era,NA
64086,NA,NA,Republican era,NA
64088,NA,NA,Republican era,NA
64092,NA,NA,Republican era,NA
64094,NA,NA,Republican era,NA
64096,NA,NA,Republican era,NA
64100,NA,NA,Republican era,NA
64102,NA,NA,Republican era,NA
64107,NA,NA,Republican era,NA
64110,NA,NA,Republican era,NA
64112,NA,NA,Republican era,NA
64114,NA,NA,Republican era,NA
64116,NA,NA,Republican era,NA
64118,NA,NA,Republican era,NA
64121,NA,NA,Republican era,NA
64126,NA,NA,Republican era,NA
64128,NA,NA,Republican era,NA
64137,NA,NA,Republican era,NA
64141,NA,NA,Republican era,NA
64154,NA,NA,Republican era,NA
64157,NA,NA,Republican era,NA
64159,NA,NA,Republican era,NA
64161,NA,NA,Republican era,NA
64165,NA,NA,Republican era,NA
64170,NA,NA,Republican era,NA
64172,NA,NA,Republican era,NA
64176,NA,NA,Republican era,NA
64181,NA,NA,Republican era,NA
64183,NA,NA,Republican era,NA
64185,NA,NA,Republican era,NA
64188,NA,NA,Republican era,NA
64190,Chinese Institute of Engineers 中華工程師學會,NA,Republican era,NA
64206,NA,NA,Republican era,NA
64208,NA,NA,Republican era,NA
64216,NA,NA,Republican era,NA
64219,NA,NA,Republican era,NA
64224,NA,NA,Republican era,NA
64226,NA,NA,Republican era,NA
64231,NA,NA,Republican era,NA
64244,NA,NA,Republican era,NA
64247,NA,NA,Republican era,NA
64252,NA,NA,Republican era,NA
64255,NA,NA,Republican era,NA
64258,NA,NA,Republican era,NA
64261,NA,NA,Republican era,NA
64263,NA,NA,Republican era,NA
64265,NA,NA,Republican era,NA
64267,NA,NA,Republican era,NA
64271,NA,NA,Republican era,NA
64273,NA,NA,Republican era,NA
64276,NA,NA,Republican era,NA
64278,NA,NA,Republican era,NA
64282,NA,NA,Republican era,NA
64284,NA,NA,Republican era,NA
64287,NA,NA,Republican era,NA
64289,NA,NA,Republican era,NA
64291,NA,NA,Republican era,NA
64293,NA,NA,Republican era,NA
64295,NA,NA,Republican era,NA
64307,NA,NA,Republican era,NA
64309,NA,NA,Republican era,NA
64313,NA,NA,Republican era,NA
64315,NA,NA,Republican era,NA
64318,NA,NA,Republican era,NA
64321,NA,NA,Republican era,NA
64328,NA,NA,Republican era,NA
64330,NA,NA,Republican era,NA
64332,NA,NA,Republican era,NA
64335,NA,NA,Republican era,NA
64338,NA,NA,Republican era,NA
64344,NA,NA,Republican era,NA
64361,Chinese Institute of Mining and Metallurgy 中國礦冶工程學會,NA,Republican era,NA
64363,China Colourists’ Association 中國染化工程學會,NA,Republican era,NA
64365,NA,NA,Republican era,NA
64367,NA,NA,Republican era,NA
64369,NA,NA,Republican era,NA
64383,NA,NA,Republican era,NA
64385,NA,NA,Republican era,NA
64387,NA,NA,Republican era,NA
64391,NA,NA,Republican era,NA
64393,NA,NA,Republican era,NA
64411,NA,NA,Republican era,NA
64416,Chinese Institute of Electrical Engineers 中國電機工程師學會,NA,Republican era,NA
64424,NA,NA,Republican era,NA
64428,NA,NA,Republican era,NA
64430,Chinese Institute of Engineers 中華工程師學會,NA,Republican era,NA
64432,China Engineering Society 中國工程學會,NA,Republican era,NA
64434,NA,NA,Republican era,NA
64436,NA,NA,Republican era,NA
64438,NA,NA,Republican era,NA
64442,NA,NA,Republican era,NA
64444,NA,NA,Republican era,NA
64452,NA,NA,Republican era,NA
64453,NA,NA,Republican era,NA
64455,NA,NA,Republican era,NA
64457,NA,NA,Republican era,NA
64467,NA,NA,Republican era,NA
64469,NA,NA,Republican era,NA
64472,NA,NA,Republican era,NA
64474,NA,NA,Republican era,NA
64477,Chinese Institute of Electrical Engineers 中國電機工程師學會,NA,Republican era,NA
64480,NA,NA,Republican era,NA
64493,NA,NA,Republican era,NA
64495,NA,NA,Republican era,NA
64501,NA,NA,Republican era,NA
64504,NA,NA,Republican era,NA
64508,NA,NA,Republican era,NA
64510,China Colourists’ Association 中國染化工程學會,NA,Republican era,NA
64530,NA,NA,Republican era,NA
64532,NA,NA,Republican era,NA
64543,Chinese Institute of Mining and Metallurgy 中國礦冶工程學會,NA,Republican era,NA
64546,NA,NA,Republican era,NA
64548,NA,NA,Republican era,NA
64561,NA,NA,Republican era,NA
64565,NA,NA,Republican era,NA
64574,Zhongguo gongchengshi xuehui Wuhan fenhui 中國工程師學會武漢分會,NA,Republican era,NA
64583,NA,NA,Republican era,NA
64591,NA,NA,Republican era,NA
64595,NA,NA,Republican era,NA
64610,NA,NA,Republican era,NA
64612,NA,NA,Republican era,NA
64614,NA,NA,Republican era,NA
64616,NA,NA,Republican era,NA
64626,NA,NA,Republican era,NA
64629,NA,NA,Republican era,NA
64633,NA,NA,Republican era,NA
64637,NA,NA,Republican era,NA
64639,NA,NA,Republican era,NA
64641,NA,NA,Republican era,NA
64644,Zhongguo gongchengshi xuehui Wuhan fenhui 中國工程師學會武漢分會,NA,Republican era,NA
64662,NA,NA,Republican era,NA
64664,NA,NA,Republican era,NA
64669,NA,NA,Republican era,NA
64680,NA,NA,Republican era,NA
64690,NA,NA,Republican era,NA
64692,NA,NA,Republican era,NA
64694,NA,NA,Republican era,NA
64698,NA,NA,Republican era,NA
64700,NA,NA,Republican era,NA
64702,NA,NA,Republican era,NA
64707,NA,NA,Republican era,NA
64709,NA,NA,Republican era,NA
64711,NA,NA,Republican era,NA
64716,NA,NA,Republican era,NA
64719,NA,NA,Republican era,NA
64721,NA,NA,Republican era,NA
64723,NA,NA,Republican era,NA
64727,Chinese Institute of Electrical Engineers 中國電機工程師學會,NA,Republican era,NA
64730,NA,NA,Republican era,NA
64732,NA,NA,Republican era,NA
64734,NA,NA,Republican era,NA
64737,Chinese Institute of Engineers 中華工程師學會,NA,Republican era,NA
64737,Zhongguo gongchengshi xuehui Wuhan fenhui 中國工程師學會武漢分會,NA,Republican era,NA
64739,NA,NA,Republican era,NA
64744,NA,NA,Republican era,NA
64746,NA,NA,Republican era,NA
64748,NA,NA,Republican era,NA
64750,NA,NA,Republican era,NA
64752,NA,NA,Republican era,NA
64754,NA,NA,Republican era,NA
64761,NA,NA,Republican era,NA
64764,NA,NA,Republican era,NA
64766,NA,NA,Republican era,NA
64775,NA,NA,Republican era,NA
64789,NA,NA,Republican era,NA
64793,Zhongguo gongchengshi xuehui Wuhan fenhui 中國工程師學會武漢分會,NA,Republican era,NA
64797,NA,NA,Republican era,NA
64799,NA,NA,Republican era,NA
64807,NA,NA,Republican era,NA
64809,NA,NA,Republican era,NA
64811,Chinese Institute of Electrical Engineers 中國電機工程師學會,NA,Republican era,NA
64823,NA,NA,Republican era,NA
64825,NA,NA,Republican era,NA
64827,NA,NA,Republican era,NA
64843,NA,NA,Republican era,NA
64845,NA,NA,Republican era,NA
64847,NA,NA,Republican era,NA
64857,NA,NA,Republican era,NA
64860,NA,NA,Republican era,NA
64869,NA,NA,Republican era,NA
64871,NA,NA,Republican era,NA
64878,NA,NA,Republican era,NA
64882,NA,NA,Republican era,NA
64888,NA,NA,Republican era,NA
64893,NA,NA,Republican era,NA
64895,NA,NA,Republican era,NA
64898,NA,NA,Republican era,NA
64905,NA,NA,Republican era,NA
64910,NA,NA,Republican era,NA
64913,NA,NA,Republican era,NA
64915,NA,NA,Republican era,NA
64917,NA,NA,Republican era,NA
64931,NA,NA,Republican era,NA
64933,NA,NA,Republican era,NA
64936,NA,NA,Republican era,NA
64940,NA,NA,Republican era,NA
64942,NA,NA,Republican era,NA
64944,NA,NA,Republican era,NA
64961,NA,NA,Republican era,NA
64963,NA,NA,Republican era,NA
64972,NA,NA,Republican era,NA
64974,NA,NA,Republican era,NA
64976,NA,NA,Republican era,NA
64978,Chinese Institute of Electrical Engineers 中國電機工程師學會,NA,Republican era,NA
64980,NA,NA,Republican era,NA
64987,NA,NA,Republican era,NA
64992,NA,NA,Republican era,NA
64998,NA,NA,Republican era,NA
65006,NA,NA,Republican era,NA
65008,NA,NA,Republican era,NA
65010,Chinese Institute of Mining and Metallurgy 中國礦冶工程學會,NA,Republican era,NA
65021,NA,NA,Republican era,NA
65023,NA,NA,Republican era,NA
65033,NA,NA,Republican era,NA
65035,NA,NA,Republican era,NA
65044,NA,NA,Republican era,NA
65059,Chinese Institute of Engineers 中華工程師學會,NA,Republican era,NA
65059,Association of Chinese and American Engineers,NA,Republican era,NA
65071,NA,NA,Republican era,NA
65073,Chinese Institute of Electrical Engineers 中國電機工程師學會,NA,Republican era,NA
65078,NA,NA,Republican era,NA
65080,NA,NA,Republican era,NA
65084,NA,NA,Republican era,NA
65092,NA,NA,Republican era,NA
65094,NA,NA,Republican era,NA
65097,NA,NA,Republican era,NA
65099,NA,NA,Republican era,NA
65101,NA,NA,Republican era,NA
65103,NA,NA,Republican era,NA
65110,NA,NA,Republican era,NA
65112,NA,NA,Republican era,NA
65114,NA,NA,Republican era,NA
65116,NA,NA,Republican era,NA
65118,NA,NA,Republican era,NA
65121,NA,NA,Republican era,NA
65124,NA,NA,Republican era,NA
65129,NA,NA,Republican era,NA
65137,NA,NA,Republican era,NA
65140,NA,NA,Republican era,NA
65142,NA,NA,Republican era,NA
65146,NA,NA,Republican era,NA
65148,NA,NA,Republican era,NA
65150,NA,NA,Republican era,NA
65154,NA,NA,Republican era,NA
65157,Chinese Institute of Electrical Engineers 中國電機工程師學會,NA,Republican era,NA
65159,NA,NA,Republican era,NA
65170,Chinese Institute of Mining and Metallurgy 中國礦冶工程學會,NA,Republican era,NA
65178,NA,NA,Republican era,NA
65181,NA,NA,Republican era,NA
65183,NA,NA,Republican era,NA
65186,NA,NA,Republican era,NA
65188,NA,NA,Republican era,NA
65191,NA,NA,Republican era,NA
65196,NA,NA,Republican era,NA
65202,NA,NA,Republican era,NA
65204,NA,NA,Republican era,NA
65208,NA,NA,Republican era,NA
65210,Chinese Institute of Electrical Engineers 中國電機工程師學會,NA,Republican era,NA
65218,NA,NA,Republican era,NA
65220,NA,NA,Republican era,NA
65222,NA,NA,Republican era,NA
65224,Chinese Institute of Electrical Engineers 中國電機工程師學會,NA,Republican era,NA
65233,NA,NA,Republican era,NA
65235,NA,NA,Republican era,NA
65237,NA,NA,Republican era,NA
65239,NA,NA,Republican era,NA
65250,NA,NA,Republican era,NA
65253,NA,NA,Republican era,NA
65255,NA,NA,Republican era,NA
65257,NA,NA,Republican era,NA
65260,NA,NA,Republican era,NA
65262,NA,NA,Republican era,NA
65264,NA,NA,Republican era,NA
65271,NA,NA,Republican era,NA
65282,NA,NA,Republican era,NA
65284,Zhongguo gongchengshi xuehui Wuhan fenhui 中國工程師學會武漢分會,NA,Republican era,NA
65292,NA,NA,Republican era,NA
65294,NA,NA,Republican era,NA
65296,NA,NA,Republican era,NA
65298,NA,NA,Republican era,NA
65300,NA,NA,Republican era,NA
65303,NA,NA,Republican era,NA
65305,NA,NA,Republican era,NA
65308,NA,NA,Republican era,NA
65310,NA,NA,Republican era,NA
65317,NA,NA,Republican era,NA
65319,NA,NA,Republican era,NA
65321,NA,NA,Republican era,NA
65329,NA,NA,Republican era,NA
65331,NA,NA,Republican era,NA
65334,NA,NA,Republican era,NA
65336,NA,NA,Republican era,NA
65338,NA,NA,Republican era,NA
65344,NA,NA,Republican era,NA
65348,NA,NA,Republican era,NA
65350,NA,NA,Republican era,NA
65352,NA,NA,Republican era,NA
65355,NA,NA,Republican era,NA
65357,NA,NA,Republican era,NA
65359,NA,NA,Republican era,NA
65363,NA,NA,Republican era,NA
65366,NA,NA,Republican era,NA
65369,NA,NA,Republican era,NA
65375,NA,NA,Republican era,NA
65378,NA,NA,Republican era,NA
65381,NA,NA,Republican era,NA
65384,NA,NA,Republican era,NA
65387,Chinese Institute of Electrical Engineers 中國電機工程師學會,NA,Republican era,NA
65391,NA,NA,Republican era,NA
65394,Zhongguo gongchengshi xuehui Wuhan fenhui 中國工程師學會武漢分會,NA,Republican era,NA
65408,NA,NA,Republican era,NA
65411,NA,NA,Republican era,NA
65414,NA,NA,Republican era,NA
65417,NA,NA,Republican era,NA
65420,NA,NA,Republican era,NA
65422,NA,NA,Republican era,NA
65426,NA,NA,Republican era,NA
65428,NA,NA,Republican era,NA
65438,NA,NA,Republican era,NA
65442,NA,NA,Republican era,NA
65447,NA,NA,Republican era,NA
65450,NA,NA,Republican era,NA
65453,NA,NA,Republican era,NA
65455,Chinese Institute of Mining and Metallurgy 中國礦冶工程學會,NA,Republican era,NA
65462,NA,NA,Republican era,NA
65467,NA,NA,Republican era,NA
65482,NA,NA,Republican era,NA
65484,NA,NA,Republican era,NA
65493,NA,NA,Republican era,NA
65496,NA,NA,Republican era,NA
65498,NA,NA,Republican era,NA
65500,NA,NA,Republican era,NA
65507,NA,NA,Republican era,NA
65509,NA,NA,Republican era,NA
65512,NA,NA,Republican era,NA
65514,NA,NA,Republican era,NA
65528,NA,NA,Republican era,NA
65530,NA,NA,Republican era,NA
65532,NA,NA,Republican era,NA
65535,NA,NA,Republican era,NA
65545,NA,NA,Republican era,NA
65548,Chinese Institute of Electrical Engineers 中國電機工程師學會,NA,Republican era,NA
65550,NA,NA,Republican era,NA
65555,NA,NA,Republican era,NA
65558,Chinese Institute of Engineers 中華工程師學會,NA,Republican era,NA
65558,Zhongguo gongchengshi xuehui Wuhan fenhui 中國工程師學會武漢分會,NA,Republican era,NA
65565,NA,NA,Republican era,NA
65568,NA,NA,Republican era,NA
65570,NA,NA,Republican era,NA
65572,NA,NA,Republican era,NA
65575,NA,NA,Republican era,NA
65577,Chinese Institute of Electrical Engineers 中國電機工程師學會,NA,Republican era,NA
65585,NA,NA,Republican era,NA
65587,NA,NA,Republican era,NA
65589,NA,NA,Republican era,NA
65593,NA,NA,Republican era,NA
65596,NA,NA,Republican era,NA
65598,NA,NA,Republican era,NA
65607,NA,NA,Republican era,NA
65611,NA,NA,Republican era,NA
65613,NA,NA,Republican era,NA
65618,NA,NA,Republican era,NA
65622,NA,NA,Republican era,NA
65624,NA,NA,Republican era,NA
65637,NA,NA,Republican era,NA
65639,NA,NA,Republican era,NA
65642,NA,NA,Republican era,NA
65649,NA,NA,Republican era,NA
65651,NA,NA,Republican era,NA
65663,NA,NA,Republican era,NA
65665,NA,NA,Republican era,NA
65667,NA,NA,Republican era,NA
65669,NA,NA,Republican era,NA
65672,NA,NA,Republican era,NA
65681,Chinese Institute of Mining and Metallurgy 中國礦冶工程學會,NA,Republican era,NA
65686,NA,NA,Republican era,NA
65690,NA,NA,Republican era,NA
65692,NA,NA,Republican era,NA
65696,NA,NA,Republican era,NA
65698,NA,NA,Republican era,NA
65708,Chinese Institute of Mining and Metallurgy 中國礦冶工程學會,NA,Republican era,NA
65717,NA,NA,Republican era,NA
65722,NA,NA,Republican era,NA
65725,NA,NA,Republican era,NA
65727,NA,NA,Republican era,NA
65729,Chinese Institute of Electrical Engineers 中國電機工程師學會,NA,Republican era,NA
65737,NA,NA,Republican era,NA
65746,NA,NA,Republican era,NA
65748,NA,NA,Republican era,NA
65750,NA,NA,Republican era,NA
65753,NA,NA,Republican era,NA
65760,NA,NA,Republican era,NA
65762,NA,NA,Republican era,NA
65774,NA,NA,Republican era,NA
65779,NA,NA,Republican era,NA
65782,NA,NA,Republican era,NA
65791,Chinese Institute of Mining and Metallurgy 中國礦冶工程學會,NA,Republican era,NA
65809,NA,NA,Republican era,NA
65812,NA,NA,Republican era,NA
65814,NA,NA,Republican era,NA
65816,NA,NA,Republican era,NA
65819,NA,NA,Republican era,NA
65822,NA,NA,Republican era,NA
65824,NA,NA,Republican era,NA
65832,NA,NA,Republican era,NA
65835,NA,NA,Republican era,NA
65837,NA,NA,Republican era,NA
65841,Chinese Institute of Engineers 中華工程師學會,NA,Republican era,NA
65845,NA,NA,Republican era,NA
65849,NA,NA,Republican era,NA
65851,NA,NA,Republican era,NA
65855,NA,NA,Republican era,NA
65857,NA,NA,Republican era,NA
65859,NA,NA,Republican era,NA
65869,NA,NA,Republican era,NA
65892,NA,NA,Republican era,NA
65896,NA,NA,Republican era,NA
65898,Chinese Institute of Mining and Metallurgy 中國礦冶工程學會,NA,Republican era,NA
65909,NA,NA,Republican era,NA
65911,NA,NA,Republican era,NA
65920,NA,NA,Republican era,NA
65925,NA,NA,Republican era,NA
65927,NA,NA,Republican era,NA
65933,NA,NA,Republican era,NA
65935,NA,NA,Republican era,NA
65937,NA,NA,Republican era,NA
65939,NA,NA,Republican era,NA
65942,NA,NA,Republican era,NA
65954,NA,NA,Republican era,NA
65958,NA,NA,Republican era,NA
65961,NA,NA,Republican era,NA
65969,NA,NA,Republican era,NA
65971,NA,NA,Republican era,NA
65973,NA,NA,Republican era,NA
65977,NA,NA,Republican era,NA
65980,NA,NA,Republican era,NA
65982,NA,NA,Republican era,NA
65985,NA,NA,Republican era,NA
65987,NA,NA,Republican era,NA
65994,NA,NA,Republican era,NA
66001,NA,NA,Republican era,NA
66004,NA,NA,Republican era,NA
66006,NA,NA,Republican era,NA
66008,NA,NA,Republican era,NA
66010,NA,NA,Republican era,NA
66012,NA,NA,Republican era,NA
66014,NA,NA,Republican era,NA
66019,NA,NA,Republican era,NA
66021,NA,NA,Republican era,NA
66023,NA,NA,Republican era,NA
66025,NA,NA,Republican era,NA
66027,NA,NA,Republican era,NA
66028,NA,NA,Republican era,NA
66045,NA,NA,Republican era,NA
66051,Chinese Institute of Electrical Engineers 中國電機工程師學會,NA,Republican era,NA
66052,NA,NA,Republican era,NA
66056,NA,NA,Republican era,NA
66059,NA,NA,Republican era,NA
66061,NA,NA,Republican era,NA
66064,NA,NA,Republican era,NA
66066,NA,NA,Republican era,NA
66067,NA,NA,Republican era,NA
66069,China Power Engineering Society 中國動力工程學會,NA,Republican era,NA
66072,NA,NA,Republican era,NA
66074,NA,NA,Republican era,NA
66084,NA,NA,Republican era,NA
66088,NA,NA,Republican era,NA
66090,NA,NA,Republican era,NA
66092,NA,NA,Republican era,NA
66094,NA,NA,Republican era,NA
66100,NA,NA,Republican era,NA
66104,NA,NA,Republican era,NA
66109,NA,NA,Republican era,NA
66110,NA,NA,Republican era,NA
66116,Chinese Institute of Electrical Engineers 中國電機工程師學會,NA,Republican era,NA
66117,NA,NA,Republican era,NA
66122,NA,NA,Republican era,NA
66125,NA,NA,Republican era,NA
66132,NA,NA,Republican era,NA
66134,NA,NA,Republican era,NA
66142,China Hydraulic Engineering Society 中國水利工程學會,NA,Republican era,NA
66147,NA,NA,Republican era,NA
66156,NA,NA,Republican era,NA
66159,NA,NA,Republican era,NA
66171,NA,NA,Republican era,NA
66176,NA,NA,Republican era,NA
66179,NA,NA,Republican era,NA
66183,NA,NA,Republican era,NA
66187,NA,NA,Republican era,NA
66188,NA,NA,Republican era,NA
66193,NA,NA,Republican era,NA
66195,NA,NA,Republican era,NA
66201,NA,NA,Republican era,NA
66212,NA,NA,Republican era,NA
66214,NA,NA,Republican era,NA
66215,NA,NA,Republican era,NA
66231,NA,NA,Republican era,NA
66232,NA,NA,Republican era,NA
66235,NA,NA,Republican era,NA
66236,NA,NA,Republican era,NA
66243,NA,NA,Republican era,NA
66245,NA,NA,Republican era,NA
66250,NA,NA,Republican era,NA
66254,NA,NA,Republican era,NA
66256,NA,NA,Republican era,NA
66260,NA,NA,Republican era,NA
66262,NA,NA,Republican era,NA
66263,NA,NA,Republican era,NA
66273,NA,NA,Republican era,NA
66276,NA,NA,Republican era,NA
66279,NA,NA,Republican era,NA
66283,NA,NA,Republican era,NA
66285,NA,NA,Republican era,NA
66287,NA,NA,Republican era,NA
66295,NA,NA,Republican era,NA
66296,NA,NA,Republican era,NA
66298,NA,NA,Republican era,NA
66301,NA,NA,Republican era,NA
66303,NA,NA,Republican era,NA
66305,NA,NA,Republican era,NA
66308,NA,NA,Republican era,NA
66309,NA,NA,Republican era,NA
66316,NA,NA,Republican era,NA
66318,NA,NA,Republican era,NA
66320,NA,NA,Republican era,NA
66322,NA,NA,Republican era,NA
66330,NA,NA,Republican era,NA
66337,NA,NA,Republican era,NA
66339,NA,NA,Republican era,NA
66342,NA,NA,Republican era,NA
66344,NA,NA,Republican era,NA
66346,NA,NA,Republican era,NA
66362,NA,NA,Republican era,NA
66366,NA,NA,Republican era,NA
66370,NA,NA,Republican era,NA
66372,NA,NA,Republican era,NA
66380,NA,NA,Republican era,NA
66382,NA,NA,Republican era,NA
66396,NA,NA,Republican era,NA
66399,NA,NA,Republican era,NA
66401,NA,NA,Republican era,NA
66403,NA,NA,Republican era,NA
66406,NA,NA,Republican era,NA
66408,NA,NA,Republican era,NA
66410,NA,NA,Republican era,NA
66412,NA,NA,Republican era,NA
66414,NA,NA,Republican era,NA
66423,NA,NA,Republican era,NA
66425,NA,NA,Republican era,NA
66428,NA,NA,Republican era,NA
66432,NA,NA,Republican era,NA
66437,NA,NA,Republican era,NA
66439,NA,NA,Republican era,NA
66443,NA,NA,Republican era,NA
66445,NA,NA,Republican era,NA
66447,Chinese Institute of Electrical Engineers 中國電機工程師學會,NA,Republican era,NA
66450,NA,NA,Republican era,NA
66452,NA,NA,Republican era,NA
66454,NA,NA,Republican era,NA
66457,China Power Engineering Society 中國動力工程學會,NA,Republican era,NA
66463,NA,NA,Republican era,NA
66465,NA,NA,Republican era,NA
66467,NA,NA,Republican era,NA
66469,Chinese Institute of Electrical Engineers 中國電機工程師學會,NA,Republican era,NA
66471,NA,NA,Republican era,NA
66473,NA,NA,Republican era,NA
66486,NA,NA,Republican era,NA
66488,NA,NA,Republican era,NA
66491,NA,NA,Republican era,NA
66501,Chinese Institute of Engineers 中華工程師學會,NA,Republican era,NA
66516,NA,NA,Republican era,NA
66518,NA,NA,Republican era,NA
66520,NA,NA,Republican era,NA
66522,NA,NA,Republican era,NA
66524,NA,NA,Republican era,NA
66526,NA,NA,Republican era,NA
66529,NA,NA,Republican era,NA
66543,NA,NA,Republican era,NA
66554,NA,NA,Republican era,NA
66556,Chinese Institute of Mining and Metallurgy 中國礦冶工程學會,NA,Republican era,NA
66564,NA,NA,Republican era,NA
66566,Chinese Institute of Mining and Metallurgy 中國礦冶工程學會,NA,Republican era,NA
66574,NA,NA,Republican era,NA
66576,NA,NA,Republican era,NA
66581,NA,NA,Republican era,NA
66583,NA,NA,Republican era,NA
66585,NA,NA,Republican era,NA
66587,NA,NA,Republican era,NA
66591,NA,NA,Republican era,NA
66594,NA,NA,Republican era,NA
66605,NA,NA,Republican era,NA
66607,NA,NA,Republican era,NA
66617,NA,NA,Republican era,NA
66619,NA,NA,Republican era,NA
66622,NA,NA,Republican era,NA
66624,Chinese Institute of Mining and Metallurgy 中國礦冶工程學會,NA,Republican era,NA
66635,NA,NA,Republican era,NA
66644,Chinese Institute of Engineers 中華工程師學會,NA,Republican era,NA
66656,NA,NA,Republican era,NA
66659,NA,NA,Republican era,NA
66668,China Power Engineering Society 中國動力工程學會,NA,Republican era,NA
66668,Chinese Institute of Electrical Engineers 中國電機工程師學會,NA,Republican era,NA
66680,NA,NA,Republican era,NA
66682,NA,NA,Republican era,NA
66684,NA,NA,Republican era,NA
66689,NA,NA,Republican era,NA
66691,NA,NA,Republican era,NA
66693,NA,NA,Republican era,NA
66707,NA,NA,Republican era,NA
66712,NA,NA,Republican era,NA
66714,NA,NA,Republican era,NA
66720,NA,NA,Republican era,NA
66723,NA,NA,Republican era,NA
66729,NA,NA,Republican era,NA
66732,NA,NA,Republican era,NA
66734,NA,NA,Republican era,NA
66738,NA,NA,Republican era,NA
66745,NA,NA,Republican era,NA
66747,NA,NA,Republican era,NA
66749,NA,NA,Republican era,NA
66752,NA,NA,Republican era,NA
66754,NA,NA,Republican era,NA
66756,NA,NA,Republican era,NA
66759,NA,NA,Republican era,NA
66761,NA,NA,Republican era,NA
66764,NA,NA,Republican era,NA
66767,NA,NA,Republican era,NA
66769,NA,NA,Republican era,NA
66773,China Hydraulic Engineering Society 中國水利工程學會,NA,Republican era,NA
66776,NA,NA,Republican era,NA
66778,NA,NA,Republican era,NA
66780,NA,NA,Republican era,NA
66782,NA,NA,Republican era,NA
66784,NA,NA,Republican era,NA
66786,NA,NA,Republican era,NA
66790,NA,NA,Republican era,NA
66792,NA,NA,Republican era,NA
66794,NA,NA,Republican era,NA
66803,NA,NA,Republican era,NA
66807,NA,NA,Republican era,NA
66809,NA,NA,Republican era,NA
66811,NA,NA,Republican era,NA
66818,NA,NA,Republican era,NA
66828,NA,NA,Republican era,NA
66830,NA,NA,Republican era,NA
66832,NA,NA,Republican era,NA
66834,NA,NA,Republican era,NA
66836,NA,NA,Republican era,NA
66838,NA,NA,Republican era,NA
66840,NA,NA,Republican era,NA
66842,NA,NA,Republican era,NA
66844,NA,NA,Republican era,NA
66846,NA,NA,Republican era,NA
66849,NA,NA,Republican era,NA
66851,Chinese Institute of Electrical Engineers 中國電機工程師學會,NA,Republican era,NA
66854,China Power Engineering Society 中國動力工程學會,NA,Republican era,NA
66854,Chinese Institute of Electrical Engineers 中國電機工程師學會,NA,Republican era,NA
66870,NA,NA,Republican era,NA
66885,NA,NA,Republican era,NA
66889,NA,NA,Republican era,NA
66894,NA,NA,Republican era,NA
66898,NA,NA,Republican era,NA
66901,NA,NA,Republican era,NA
66904,NA,NA,Republican era,NA
66907,NA,NA,Republican era,NA
66909,NA,NA,Republican era,NA
66912,NA,NA,Republican era,NA
66917,NA,NA,Republican era,NA
66920,NA,NA,Republican era,NA
66932,NA,NA,Republican era,NA
66937,NA,NA,Republican era,NA
66947,NA,NA,Republican era,NA
66949,NA,NA,Republican era,NA
66952,NA,NA,Republican era,NA
66959,NA,NA,Republican era,NA
66971,NA,NA,Republican era,NA
66973,NA,NA,Republican era,NA
66982,NA,NA,Republican era,NA
66984,NA,NA,Republican era,NA
66989,Chinese Institute of Electrical Engineers 中國電機工程師學會,NA,Republican era,NA
66989,Zhongguo gongchengshi xuehui Wuhan fenhui 中國工程師學會武漢分會,NA,Republican era,NA
66998,NA,NA,Republican era,NA
67000,NA,NA,Republican era,NA
67009,NA,NA,Republican era,NA
67011,Chinese Institute of Electrical Engineers 中國電機工程師學會,NA,Republican era,NA
67013,NA,NA,Republican era,NA
67015,NA,NA,Republican era,NA
67022,NA,NA,Republican era,NA
67026,NA,NA,Republican era,NA
67035,Chinese Institute of Engineers 中華工程師學會,NA,Republican era,NA
67040,NA,NA,Republican era,NA
67051,NA,NA,Republican era,NA
67054,NA,NA,Republican era,NA
67057,NA,NA,Republican era,NA
67059,NA,NA,Republican era,NA
67061,NA,NA,Republican era,NA
67063,NA,NA,Republican era,NA
67068,NA,NA,Republican era,NA
67072,NA,NA,Republican era,NA
67075,NA,NA,Republican era,NA
67079,NA,NA,Republican era,NA
67081,NA,NA,Republican era,NA
67083,NA,NA,Republican era,NA
67085,NA,NA,Republican era,NA
67096,NA,NA,Republican era,NA
67099,NA,NA,Republican era,NA
67101,NA,NA,Republican era,NA
67103,NA,NA,Republican era,NA
67106,NA,NA,Republican era,NA
67117,NA,NA,Republican era,NA
67120,Chinese Institute of Electrical Engineers 中國電機工程師學會,NA,Republican era,NA
67136,NA,NA,Republican era,NA
67146,NA,NA,Republican era,NA
67150,NA,NA,Republican era,NA
67153,NA,NA,Republican era,NA
67155,NA,NA,Republican era,NA
67158,NA,NA,Republican era,NA
67160,NA,NA,Republican era,NA
67162,NA,NA,Republican era,NA
67164,NA,NA,Republican era,NA
67166,NA,NA,Republican era,NA
67168,NA,NA,Republican era,NA
67170,NA,NA,Republican era,NA
67175,NA,NA,Republican era,NA
67179,NA,NA,Republican era,NA
67181,NA,NA,Republican era,NA
67187,NA,NA,Republican era,NA
67194,NA,NA,Republican era,NA
67198,NA,NA,Republican era,NA
67200,NA,NA,Republican era,NA
67203,NA,NA,Republican era,NA
67205,NA,NA,Republican era,NA
67207,NA,NA,Republican era,NA
67209,NA,NA,Republican era,NA
67211,NA,NA,Republican era,NA
67214,NA,NA,Republican era,NA
67217,NA,NA,Republican era,NA
67220,NA,NA,Republican era,NA
67222,NA,NA,Republican era,NA
67229,NA,NA,Republican era,NA
67232,NA,NA,Republican era,NA
67234,NA,NA,Republican era,NA
67236,NA,NA,Republican era,NA
67242,NA,NA,Republican era,NA
67258,NA,NA,Republican era,NA
67260,NA,NA,Republican era,NA
67262,NA,NA,Republican era,NA
67267,NA,NA,Republican era,NA
67269,NA,NA,Republican era,NA
67272,NA,NA,Republican era,NA
67280,Zhongguo gongchengshi xuehui Wuhan fenhui 中國工程師學會武漢分會,NA,Republican era,NA
67289,NA,NA,Republican era,NA
67291,NA,NA,Republican era,NA
67299,NA,NA,Republican era,NA
67301,NA,NA,Republican era,NA
67303,NA,NA,Republican era,NA
67306,NA,NA,Republican era,NA
67322,NA,NA,Republican era,NA
67325,NA,NA,Republican era,NA
67332,NA,NA,Republican era,NA
67336,NA,NA,Republican era,NA
67339,NA,NA,Republican era,NA
67343,NA,NA,Republican era,NA
67345,NA,NA,Republican era,NA
67354,NA,NA,Republican era,NA
67359,NA,NA,Republican era,NA
67361,NA,NA,Republican era,NA
67363,NA,NA,Republican era,NA
67385,NA,NA,Republican era,NA
67388,NA,NA,Republican era,NA
67390,Chinese Institute of Mining and Metallurgy 中國礦冶工程學會,NA,Republican era,NA
67398,NA,NA,Republican era,NA
67400,NA,NA,Republican era,NA
67404,NA,NA,Republican era,NA
67419,NA,NA,Republican era,NA
67428,NA,NA,Republican era,NA
67430,NA,NA,Republican era,NA
67432,NA,NA,Republican era,NA
67434,NA,NA,Republican era,NA
67436,NA,NA,Republican era,NA
67443,NA,NA,Republican era,NA
67445,NA,NA,Republican era,NA
67447,NA,NA,Republican era,NA
67449,NA,NA,Republican era,NA
67451,China Hydraulic Engineering Society 中國水利工程學會,NA,Republican era,NA
67454,NA,NA,Republican era,NA
67469,NA,NA,Republican era,NA
67471,NA,NA,Republican era,NA
67476,NA,NA,Republican era,NA
67479,NA,NA,Republican era,NA
67488,NA,NA,Republican era,NA
67492,NA,NA,Republican era,NA
67498,NA,NA,Republican era,NA
67504,NA,NA,Republican era,NA
67509,NA,NA,Republican era,NA
67511,NA,NA,Republican era,NA
67513,NA,NA,Republican era,NA
67528,NA,NA,Republican era,NA
67532,NA,NA,Republican era,NA
67534,NA,NA,Republican era,NA
67536,NA,NA,Republican era,NA
67539,NA,NA,Republican era,NA
67543,NA,NA,Republican era,NA
67554,NA,NA,Republican era,NA
67556,NA,NA,Republican era,NA
67558,NA,NA,Republican era,NA
67565,NA,NA,Republican era,NA
67568,NA,NA,Republican era,NA
67574,NA,NA,Republican era,NA
67577,NA,NA,Republican era,NA
67581,NA,NA,Republican era,NA
67585,NA,NA,Republican era,NA
67587,NA,NA,Republican era,NA
67589,NA,NA,Republican era,NA
67595,China Engineering Society 中國工程學會,NA,Republican era,NA
67604,NA,NA,Republican era,NA
67616,NA,NA,Republican era,NA
67621,NA,NA,Republican era,NA
67623,NA,NA,Republican era,NA
67625,NA,NA,Republican era,NA
67627,NA,NA,Republican era,NA
67629,NA,NA,Republican era,NA
67631,NA,NA,Republican era,NA
67635,Chinese Institute of Mining and Metallurgy 中國礦冶工程學會,NA,Republican era,NA
67637,NA,NA,Republican era,NA
67644,NA,NA,Republican era,NA
67658,NA,NA,Republican era,NA
67661,NA,NA,Republican era,NA
67663,NA,NA,Republican era,NA
67667,NA,NA,Republican era,NA
67669,NA,NA,Republican era,NA
67673,NA,NA,Republican era,NA
67676,NA,NA,Republican era,NA
67678,NA,NA,Republican era,NA
67682,NA,NA,Republican era,NA
67684,NA,NA,Republican era,NA
67686,NA,NA,Republican era,NA
67688,NA,NA,Republican era,NA
67690,NA,NA,Republican era,NA
67692,NA,NA,Republican era,NA
67694,NA,NA,Republican era,NA
67701,NA,NA,Republican era,NA
67703,NA,NA,Republican era,NA
67707,NA,NA,Republican era,NA
67712,NA,NA,Republican era,NA
67718,NA,NA,Republican era,NA
67725,NA,NA,Republican era,NA
67727,NA,NA,Republican era,NA
67734,NA,NA,Republican era,NA
67736,NA,NA,Republican era,NA
67745,NA,NA,Republican era,NA
67747,NA,NA,Republican era,NA
67749,NA,NA,Republican era,NA
67751,NA,NA,Republican era,NA
67755,NA,NA,Republican era,NA
67758,NA,NA,Republican era,NA
67763,NA,NA,Republican era,NA
67765,NA,NA,Republican era,NA
67767,Chinese Institute of Engineers 中華工程師學會,NA,Republican era,NA
67767,Zhongguo gongchengshi xuehui Wuhan fenhui 中國工程師學會武漢分會,NA,Republican era,NA
67772,NA,NA,Republican era,NA
67801,NA,NA,Republican era,NA
67807,Chinese Institute of Mining and Metallurgy 中國礦冶工程學會,NA,Republican era,NA
67818,NA,NA,Republican era,NA
67820,Chinese Institute of Engineers 中華工程師學會,NA,Republican era,NA
67823,Chinese Institute of Mining and Metallurgy 中國礦冶工程學會,NA,Republican era,NA
67823,Chinese Institute of Engineers 中華工程師學會,NA,Republican era,NA
67836,NA,NA,Republican era,NA
67838,NA,NA,Republican era,NA
67840,NA,NA,Republican era,NA
67844,NA,NA,Republican era,NA
67846,Chinese Institute of Electrical Engineers 中國電機工程師學會,NA,Republican era,NA
67851,NA,NA,Republican era,NA
67853,NA,NA,Republican era,NA
67856,NA,NA,Republican era,NA
67861,NA,NA,Republican era,NA
67863,NA,NA,Republican era,NA
67865,NA,NA,Republican era,NA
67880,NA,NA,Republican era,NA
67883,NA,NA,Republican era,NA
67894,NA,NA,Republican era,NA
67896,NA,NA,Republican era,NA
67901,NA,NA,Republican era,NA
67904,NA,NA,Republican era,NA
67906,NA,NA,Republican era,NA
67911,NA,NA,Republican era,NA
67914,NA,NA,Republican era,NA
67916,NA,NA,Republican era,NA
67920,NA,NA,Republican era,NA
67922,NA,NA,Republican era,NA
67928,NA,NA,Republican era,NA
67930,NA,NA,Republican era,NA
67932,NA,NA,Republican era,NA
67936,Chinese Institute of Electrical Engineers 中國電機工程師學會,NA,Republican era,NA
67938,NA,NA,Republican era,NA
67941,China Power Engineering Society 中國動力工程學會,NA,Republican era,NA
67941,Chinese Institute of Electrical Engineers 中國電機工程師學會,NA,Republican era,NA
67952,Chinese Institute of Mining and Metallurgy 中國礦冶工程學會,NA,Republican era,NA
67958,NA,NA,Republican era,NA
67963,NA,NA,Republican era,NA
67965,NA,NA,Republican era,NA
67967,NA,NA,Republican era,NA
67970,NA,NA,Republican era,NA
67972,NA,NA,Republican era,NA
67977,NA,NA,Republican era,NA
67979,NA,NA,Republican era,NA
67983,NA,NA,Republican era,NA
67986,NA,NA,Republican era,NA
67988,NA,NA,Republican era,NA
67992,NA,NA,Republican era,NA
67994,NA,NA,Republican era,NA
67996,NA,NA,Republican era,NA
67998,NA,NA,Republican era,NA
68001,NA,NA,Republican era,NA
68007,NA,NA,Republican era,NA
68014,NA,NA,Republican era,NA
68017,NA,NA,Republican era,NA
68019,NA,NA,Republican era,NA
68024,NA,NA,Republican era,NA
68026,NA,NA,Republican era,NA
68028,NA,NA,Republican era,NA
68032,NA,NA,Republican era,NA
68034,NA,NA,Republican era,NA
68036,NA,NA,Republican era,NA
68039,NA,NA,Republican era,NA
68041,Chinese Institute of Mining and Metallurgy 中國礦冶工程學會,NA,Republican era,NA
68045,NA,NA,Republican era,NA
68047,NA,NA,Republican era,NA
68051,Chinese Institute of Electrical Engineers 中國電機工程師學會,NA,Republican era,NA
68054,NA,NA,Republican era,NA
68062,NA,NA,Republican era,NA
68065,NA,NA,Republican era,NA
68069,NA,NA,Republican era,NA
68073,NA,NA,Republican era,NA
68083,NA,NA,Republican era,NA
68089,NA,NA,Republican era,NA
68092,NA,NA,Republican era,NA
68094,NA,NA,Republican era,NA
68096,NA,NA,Republican era,NA
68098,NA,NA,Republican era,NA
68100,China Hydraulic Engineering Society 中國水利工程學會,NA,Republican era,NA
68104,NA,NA,Republican era,NA
68106,NA,NA,Republican era,NA
68108,NA,NA,Republican era,NA
68113,NA,NA,Republican era,NA
68117,NA,NA,Republican era,NA
68126,NA,NA,Republican era,NA
68128,NA,NA,Republican era,NA
68131,NA,NA,Republican era,NA
68135,NA,NA,Republican era,NA
68141,NA,NA,Republican era,NA
68144,NA,NA,Republican era,NA
68148,NA,NA,Republican era,NA
68150,NA,NA,Republican era,NA
68153,NA,NA,Republican era,NA
68155,NA,NA,Republican era,NA
68232,NA,NA,Republican era,NA
68234,NA,NA,Republican era,NA
68236,NA,NA,Republican era,NA
68245,NA,NA,Republican era,NA
68247,NA,NA,Republican era,NA
68250,NA,NA,Republican era,NA
68258,NA,NA,Republican era,NA
68261,NA,NA,Republican era,NA
68264,NA,NA,Republican era,NA
68266,NA,NA,Republican era,NA
68268,NA,NA,Republican era,NA
68272,NA,NA,Republican era,NA
68275,NA,NA,Republican era,NA
68278,NA,NA,Republican era,NA
68282,NA,NA,Republican era,NA
68284,NA,NA,Republican era,NA
68286,NA,NA,Republican era,NA
68292,NA,NA,Republican era,NA
68294,NA,NA,Republican era,NA
68297,NA,NA,Republican era,NA
68299,NA,NA,Republican era,NA
68301,NA,NA,Republican era,NA
68309,NA,NA,Republican era,NA
68311,NA,NA,Republican era,NA
68313,NA,NA,Republican era,NA
68315,NA,NA,Republican era,NA
68317,NA,NA,Republican era,NA
68320,NA,NA,Republican era,NA
68337,NA,NA,Republican era,NA
68340,NA,NA,Republican era,NA
68344,NA,NA,Republican era,NA
68347,NA,NA,Republican era,NA
68353,NA,NA,Republican era,NA
68357,NA,NA,Republican era,NA
68370,NA,NA,Republican era,NA
68374,Chinese Institute of Electrical Engineers 中國電機工程師學會,NA,Republican era,NA
68378,NA,NA,Republican era,NA
68381,NA,NA,Republican era,NA
68387,NA,NA,Republican era,NA
68391,NA,NA,Republican era,NA
68394,Chinese Institute of Mining and Metallurgy 中國礦冶工程學會,NA,Republican era,NA
68403,NA,NA,Republican era,NA
68421,China Hydraulic Engineering Society 中國水利工程學會,NA,Republican era,NA
68433,NA,NA,Republican era,NA
68435,NA,NA,Republican era,NA
68445,NA,NA,Republican era,NA
68457,NA,NA,Republican era,NA
68464,NA,NA,Republican era,NA
68466,NA,NA,Republican era,NA
68468,NA,NA,Republican era,NA
68470,NA,NA,Republican era,NA
68473,NA,NA,Republican era,NA
68475,NA,NA,Republican era,NA
68487,NA,NA,Republican era,NA
68491,NA,NA,Republican era,NA
68493,NA,NA,Republican era,NA
68496,NA,NA,Republican era,NA
68498,NA,NA,Republican era,NA
68500,NA,NA,Republican era,NA
68502,NA,NA,Republican era,NA
68504,NA,NA,Republican era,NA
68506,NA,NA,Republican era,NA
68508,NA,NA,Republican era,NA
68510,NA,NA,Republican era,NA
68512,NA,NA,Republican era,NA
68515,NA,NA,Republican era,NA
68517,NA,NA,Republican era,NA
68519,NA,NA,Republican era,NA
68528,NA,NA,Republican era,NA
68539,NA,NA,Republican era,NA
68542,NA,NA,Republican era,NA
68549,NA,NA,Republican era,NA
68551,NA,NA,Republican era,NA
68553,NA,NA,Republican era,NA
68555,NA,NA,Republican era,NA
68557,NA,NA,Republican era,NA
68559,NA,NA,Republican era,NA
68568,NA,NA,Republican era,NA
68570,NA,NA,Republican era,NA
68572,NA,NA,Republican era,NA
68574,NA,NA,Republican era,NA
68577,NA,NA,Republican era,NA
68579,NA,NA,Republican era,NA
68584,Chinese Institute of Mining and Metallurgy 中國礦冶工程學會,NA,Republican era,NA
68586,NA,NA,Republican era,NA
68590,NA,NA,Republican era,NA
68592,NA,NA,Republican era,NA
68594,NA,NA,Republican era,NA
68598,NA,NA,Republican era,NA
68604,NA,NA,Republican era,NA
68606,NA,NA,Republican era,NA
68608,NA,NA,Republican era,NA
68611,NA,NA,Republican era,NA
68618,NA,NA,Republican era,NA
68620,NA,NA,Republican era,NA
68622,NA,NA,Republican era,NA
68624,NA,NA,Republican era,NA
68626,NA,NA,Republican era,NA
68628,NA,NA,Republican era,NA
68631,NA,NA,Republican era,NA
68633,NA,NA,Republican era,NA
68635,NA,NA,Republican era,NA
68637,NA,NA,Republican era,NA
68639,Chinese Institute of Electrical Engineers 中國電機工程師學會,NA,Republican era,NA
68648,NA,NA,Republican era,NA
68650,NA,NA,Republican era,NA
68652,Chinese Institute of Mining and Metallurgy 中國礦冶工程學會,NA,Republican era,NA
68665,NA,NA,Republican era,NA
68667,NA,NA,Republican era,NA
68672,NA,NA,Republican era,NA
68675,NA,NA,Republican era,NA
68678,NA,NA,Republican era,NA
68682,NA,NA,Republican era,NA
68684,NA,NA,Republican era,NA
68693,NA,NA,Republican era,NA
68696,NA,NA,Republican era,NA
68698,NA,NA,Republican era,NA
68700,NA,NA,Republican era,NA
68702,NA,NA,Republican era,NA
68705,Chinese Institute of Electrical Engineers 中國電機工程師學會,NA,Republican era,NA
68721,NA,NA,Republican era,NA
68727,NA,NA,Republican era,NA
68730,NA,NA,Republican era,NA
68733,NA,NA,Republican era,NA
68735,NA,NA,Republican era,NA
68737,NA,NA,Republican era,NA
68739,NA,NA,Republican era,NA
68741,NA,NA,Republican era,NA
68743,NA,NA,Republican era,NA
68750,NA,NA,Republican era,NA
68758,NA,NA,Republican era,NA
68761,NA,NA,Republican era,NA
68763,NA,NA,Republican era,NA
68768,NA,NA,Republican era,NA
68771,NA,NA,Republican era,NA
68773,NA,NA,Republican era,NA
68776,NA,NA,Republican era,NA
68778,NA,NA,Republican era,NA
68780,Chinese Institute of Mining and Metallurgy 中國礦冶工程學會,NA,Republican era,NA
68787,NA,NA,Republican era,NA
68790,NA,NA,Republican era,NA
68792,NA,NA,Republican era,NA
68794,NA,NA,Republican era,NA
68796,Chinese Institute of Engineers 中華工程師學會,NA,Republican era,NA
68810,NA,NA,Republican era,NA
68812,NA,NA,Republican era,NA
68814,NA,NA,Republican era,NA
68817,NA,NA,Republican era,NA
68819,NA,NA,Republican era,NA
68822,NA,NA,Republican era,NA
68824,NA,NA,Republican era,NA
68826,NA,NA,Republican era,NA
68830,NA,NA,Republican era,NA
68838,NA,NA,Republican era,NA
68847,NA,NA,Republican era,NA
68851,NA,NA,Republican era,NA
68853,NA,NA,Republican era,NA
68855,NA,NA,Republican era,NA
68865,NA,NA,Republican era,NA
68869,NA,NA,Republican era,NA
68875,NA,NA,Republican era,NA
68878,NA,NA,Republican era,NA
68880,NA,NA,Republican era,NA
68885,NA,NA,Republican era,NA
68887,NA,NA,Republican era,NA
68889,NA,NA,Republican era,NA
68891,NA,NA,Republican era,NA
68893,NA,NA,Republican era,NA
68895,NA,NA,Republican era,NA
68898,NA,NA,Republican era,NA
68900,NA,NA,Republican era,NA
68908,NA,NA,Republican era,NA
68910,NA,NA,Republican era,NA
68912,NA,NA,Republican era,NA
68914,NA,NA,Republican era,NA
68917,NA,NA,Republican era,NA
68920,NA,NA,Republican era,NA
68925,NA,NA,Republican era,NA
68929,NA,NA,Republican era,NA
68931,NA,NA,Republican era,NA
68939,NA,NA,Republican era,NA
68941,NA,NA,Republican era,NA
68943,NA,NA,Republican era,NA
68945,NA,NA,Republican era,NA
68947,NA,NA,Republican era,NA
68949,NA,NA,Republican era,NA
68953,NA,NA,Republican era,NA
68961,NA,NA,Republican era,NA
68963,NA,NA,Republican era,NA
68966,NA,NA,Republican era,NA
68971,NA,NA,Republican era,NA
68981,Chinese Institute of Mining and Metallurgy 中國礦冶工程學會,NA,Republican era,NA
68984,NA,NA,Republican era,NA
68986,NA,NA,Republican era,NA
68992,NA,NA,Republican era,NA
68995,NA,NA,Republican era,NA
68998,NA,NA,Republican era,NA
69000,NA,NA,Republican era,NA
69002,NA,NA,Republican era,NA
69009,Chinese Institute of Electrical Engineers 中國電機工程師學會,NA,Republican era,NA
69025,NA,NA,Republican era,NA
69029,NA,NA,Republican era,NA
69032,NA,NA,Republican era,NA
69034,NA,NA,Republican era,NA
69036,NA,NA,Republican era,NA
69038,NA,NA,Republican era,NA
69040,NA,NA,Republican era,NA
69049,NA,NA,Republican era,NA
69051,NA,NA,Republican era,NA
69053,NA,NA,Republican era,NA
69070,NA,NA,Republican era,NA
69072,NA,NA,Republican era,NA
69074,NA,NA,Republican era,NA
69076,NA,NA,Republican era,NA
69083,NA,NA,Republican era,NA
69087,NA,NA,Republican era,NA
69089,NA,NA,Republican era,NA
69092,NA,NA,Republican era,NA
69094,NA,NA,Republican era,NA
69107,NA,NA,Republican era,NA
69114,NA,NA,Republican era,NA
69120,Chinese Institute of Mining and Metallurgy 中國礦冶工程學會,NA,Republican era,NA
69123,NA,NA,Republican era,NA
69125,NA,NA,Republican era,NA
69128,NA,NA,Republican era,NA
69130,NA,NA,Republican era,NA
69144,NA,NA,Republican era,NA
69146,NA,NA,Republican era,NA
69148,NA,NA,Republican era,NA
69159,NA,NA,Republican era,NA
69161,NA,NA,Republican era,NA
69164,NA,NA,Republican era,NA
69166,NA,NA,Republican era,NA
69168,NA,NA,Republican era,NA
69170,NA,NA,Republican era,NA
69174,NA,NA,Republican era,NA
69183,NA,NA,Republican era,NA
69192,NA,NA,Republican era,NA
69194,NA,NA,Republican era,NA
69196,NA,NA,Republican era,NA
69199,Chinese Institute of Engineers 中華工程師學會,NA,Republican era,NA
69199,Zhongguo gongchengshi xuehui Wuhan fenhui 中國工程師學會武漢分會,NA,Republican era,NA
69207,NA,NA,Republican era,NA
69209,NA,NA,Republican era,NA
69212,NA,NA,Republican era,NA
69214,Chinese Institute of Electrical Engineers 中國電機工程師學會,NA,Republican era,NA
69217,NA,NA,Republican era,NA
69219,NA,NA,Republican era,NA
69221,NA,NA,Republican era,NA
69225,NA,NA,Republican era,NA
69227,Zhongguo gongchengshi xuehui Wuhan fenhui 中國工程師學會武漢分會,NA,Republican era,NA
69230,Chinese Institute of Electrical Engineers 中國電機工程師學會,NA,Republican era,NA
69237,NA,NA,Republican era,NA
69239,NA,NA,Republican era,NA
69241,China Power Engineering Society 中國動力工程學會,NA,Republican era,NA
69241,Chinese Institute of Electrical Engineers 中國電機工程師學會,NA,Republican era,NA
69252,NA,NA,Republican era,NA
69254,NA,NA,Republican era,NA
69256,NA,NA,Republican era,NA
69259,NA,NA,Republican era,NA
69261,NA,NA,Republican era,NA
69265,NA,NA,Republican era,NA
69267,NA,NA,Republican era,NA
69270,NA,NA,Republican era,NA
69280,NA,NA,Republican era,NA
69282,NA,NA,Republican era,NA
69284,NA,NA,Republican era,NA
69287,NA,NA,Republican era,NA
69289,NA,NA,Republican era,NA
69292,Chinese Institute of Mining and Metallurgy 中國礦冶工程學會,NA,Republican era,NA
69299,NA,NA,Republican era,NA
69301,NA,NA,Republican era,NA
69304,NA,NA,Republican era,NA
69306,NA,NA,Republican era,NA
69310,Chinese Institute of Electrical Engineers 中國電機工程師學會,NA,Republican era,NA
69310,China Engineering Society 中國工程學會,NA,Republican era,NA
69316,Chinese Institute of Engineers 中華工程師學會,NA,Republican era,NA
69318,NA,NA,Republican era,NA
69331,NA,NA,Republican era,NA
69335,NA,NA,Republican era,NA
69337,NA,NA,Republican era,NA
69339,NA,NA,Republican era,NA
69341,NA,NA,Republican era,NA
69347,NA,NA,Republican era,NA
69349,NA,NA,Republican era,NA
69352,NA,NA,Republican era,NA
69354,NA,NA,Republican era,NA
69374,China Power Engineering Society 中國動力工程學會,NA,Republican era,NA
69384,China Power Engineering Society 中國動力工程學會,NA,Republican era,NA
69394,China Power Engineering Society 中國動力工程學會,NA,Republican era,NA
69394,Chinese Institute of Electrical Engineers 中國電機工程師學會,NA,Republican era,NA
69406,NA,NA,Republican era,NA
69408,NA,NA,Republican era,NA
69409,NA,NA,Republican era,NA
69411,NA,NA,Republican era,NA
69412,NA,NA,Republican era,NA
69413,NA,NA,Republican era,NA
69414,NA,NA,Republican era,NA
69415,NA,NA,Republican era,NA
69416,NA,NA,Republican era,NA
69417,NA,NA,Republican era,NA
69419,NA,NA,Republican era,NA
69420,NA,NA,Republican era,NA
69421,NA,NA,Republican era,NA
69422,NA,NA,Republican era,NA
69423,NA,NA,Republican era,NA
69426,China Engineering Society 中國工程學會,NA,Republican era,NA
69427,NA,NA,Republican era,NA
69428,NA,NA,Republican era,NA
69429,NA,NA,Republican era,NA
69431,NA,NA,Republican era,NA
69432,NA,NA,Republican era,NA
69459,China Power Engineering Society 中國動力工程學會,NA,Republican era,NA
69486,NA,NA,Republican era,NA
69487,NA,NA,Republican era,NA
69488,China Hydraulic Engineering Society 中國水利工程學會,NA,Republican era,NA
69488,Zhongguo gongchengshi xuehui Wuhan fenhui 中國工程師學會武漢分會,NA,Republican era,NA
69489,NA,NA,Republican era,NA
69490,NA,NA,Republican era,NA
69491,NA,NA,Republican era,NA
69492,NA,NA,Republican era,NA
69493,NA,NA,Republican era,NA
69495,NA,NA,Republican era,NA
69496,NA,NA,Republican era,NA
69497,NA,NA,Republican era,NA
69498,NA,NA,Republican era,NA
69499,NA,NA,Republican era,NA
69500,NA,NA,Republican era,NA
69501,NA,NA,Republican era,NA
69502,NA,NA,Republican era,NA
69503,NA,NA,Republican era,NA
69504,NA,NA,Republican era,NA
69513,China Power Engineering Society 中國動力工程學會,NA,Republican era,NA
69517,China Power Engineering Society 中國動力工程學會,NA,Republican era,NA
69525,China Power Engineering Society 中國動力工程學會,NA,Republican era,NA
69529,China Power Engineering Society 中國動力工程學會,NA,Republican era,NA
69533,China Power Engineering Society 中國動力工程學會,NA,Republican era,NA
69538,China Power Engineering Society 中國動力工程學會,NA,Republican era,NA
69538,Chinese Institute of Electrical Engineers 中國電機工程師學會,NA,Republican era,NA
69542,China Power Engineering Society 中國動力工程學會,NA,Republican era,NA
69550,China Power Engineering Society 中國動力工程學會,NA,Republican era,NA
69561,China Power Engineering Society 中國動力工程學會,NA,Republican era,NA
69561,Chinese Institute of Electrical Engineers 中國電機工程師學會,NA,Republican era,NA
69569,China Power Engineering Society 中國動力工程學會,NA,Republican era,NA
69575,China Power Engineering Society 中國動力工程學會,NA,Republican era,NA
69579,China Power Engineering Society 中國動力工程學會,NA,Republican era,NA
69585,China Power Engineering Society 中國動力工程學會,NA,Republican era,NA
69589,China Power Engineering Society 中國動力工程學會,NA,Republican era,NA
69594,China Power Engineering Society 中國動力工程學會,NA,Republican era,NA
69594,Chinese Institute of Electrical Engineers 中國電機工程師學會,NA,Republican era,NA
69604,China Power Engineering Society 中國動力工程學會,NA,Republican era,NA
69604,Chinese Institute of Engineers 中華工程師學會,NA,Republican era,NA
69613,China Power Engineering Society 中國動力工程學會,NA,Republican era,NA
69613,Chinese Institute of Electrical Engineers 中國電機工程師學會,NA,Republican era,NA
69617,China Power Engineering Society 中國動力工程學會,NA,Republican era,NA
69617,Chinese Institute of Electrical Engineers 中國電機工程師學會,NA,Republican era,NA
69639,NA,NA,Republican era,NA
69640,NA,NA,Republican era,NA
69641,NA,NA,Republican era,NA
69642,NA,NA,Republican era,NA
69643,NA,NA,Republican era,NA
69644,NA,NA,Republican era,NA
69645,NA,NA,Republican era,NA
69646,NA,NA,Republican era,NA
69647,NA,NA,Republican era,NA
69648,NA,NA,Republican era,NA
69649,NA,NA,Republican era,NA
69650,NA,NA,Republican era,NA
69652,NA,NA,Republican era,NA
69654,NA,NA,Republican era,NA
69655,NA,NA,Republican era,NA
69656,NA,NA,Republican era,NA
69657,NA,NA,Republican era,NA
69658,NA,NA,Republican era,NA
69659,NA,NA,Republican era,NA
69660,NA,NA,Republican era,NA
69662,NA,NA,Republican era,NA
69663,NA,NA,Republican era,NA
69678,NA,NA,Republican era,NA
69700,NA,NA,Republican era,NA
69702,NA,NA,Republican era,NA
69704,NA,NA,Republican era,NA
69705,NA,NA,Republican era,NA
69706,NA,NA,Republican era,NA
69707,NA,NA,Republican era,NA
69708,NA,NA,Republican era,NA
69709,NA,NA,Republican era,NA
69710,NA,NA,Republican era,NA
69711,NA,NA,Republican era,NA
69712,NA,NA,Republican era,NA
69713,NA,NA,Republican era,NA
69716,NA,NA,Republican era,NA
69717,NA,NA,Republican era,NA
69718,NA,NA,Republican era,NA
69719,NA,NA,Republican era,NA
69720,NA,NA,Republican era,NA
69721,NA,NA,Republican era,NA
69722,NA,NA,Republican era,NA
69723,NA,NA,Republican era,NA
69725,NA,NA,Republican era,NA
69726,NA,NA,Republican era,NA
69727,NA,NA,Republican era,NA
69728,NA,NA,Republican era,NA
69729,NA,NA,Republican era,NA
69731,NA,NA,Republican era,NA
69732,NA,NA,Republican era,NA
69733,NA,NA,Republican era,NA
69734,NA,NA,Republican era,NA
69736,NA,NA,Republican era,NA
69738,NA,NA,Republican era,NA
69739,NA,NA,Republican era,NA
69740,NA,NA,Republican era,NA
69741,NA,NA,Republican era,NA
69742,NA,NA,Republican era,NA
69743,NA,NA,Republican era,NA
69744,NA,NA,Republican era,NA
69745,NA,NA,Republican era,NA
69746,NA,NA,Republican era,NA
69747,NA,NA,Republican era,NA
69748,NA,NA,Republican era,NA
69750,NA,NA,Republican era,NA
69751,NA,NA,Republican era,NA
69752,NA,NA,Republican era,NA
69753,NA,NA,Republican era,NA
69754,NA,NA,Republican era,NA
69755,NA,NA,Republican era,NA
69756,NA,NA,Republican era,NA
69757,NA,NA,Republican era,NA
69758,NA,NA,Republican era,NA
69759,NA,NA,Republican era,NA
69760,NA,NA,Republican era,NA
69761,NA,NA,Republican era,NA
69762,NA,NA,Republican era,NA
69763,NA,NA,Republican era,NA
69764,NA,NA,Republican era,NA
69765,NA,NA,Republican era,NA
69766,NA,NA,Republican era,NA
69767,NA,NA,Republican era,NA
69768,NA,NA,Republican era,NA
69769,NA,NA,Republican era,NA
69770,NA,NA,Republican era,NA
69771,NA,NA,Republican era,NA
69772,NA,NA,Republican era,NA
69773,NA,NA,Republican era,NA
69774,NA,NA,Republican era,NA
69775,NA,NA,Republican era,NA
69776,NA,NA,Republican era,NA
69777,NA,NA,Republican era,NA
69778,NA,NA,Republican era,NA
69779,NA,NA,Republican era,NA
69789,NA,NA,Republican era,NA
69798,NA,NA,Republican era,NA
69826,NA,NA,Republican era,NA
69830,NA,NA,Republican era,NA
69831,NA,NA,Republican era,NA
69832,NA,NA,Republican era,NA
69833,NA,NA,Republican era,NA
69834,NA,NA,Republican era,NA
69835,NA,NA,Republican era,NA
69836,NA,NA,Republican era,NA
69837,NA,NA,Republican era,NA
69838,NA,NA,Republican era,NA
69839,NA,NA,Republican era,NA
69840,NA,NA,Republican era,NA
69841,NA,NA,Republican era,NA
69842,NA,NA,Republican era,NA
69844,NA,NA,Republican era,NA
69845,NA,NA,Republican era,NA
69846,NA,NA,Republican era,NA
69847,NA,NA,Republican era,NA
69848,NA,NA,Republican era,NA
69849,NA,NA,Republican era,NA
69850,NA,NA,Republican era,NA
69851,NA,NA,Republican era,NA
69852,NA,NA,Republican era,NA
69853,NA,NA,Republican era,NA
69854,NA,NA,Republican era,NA
69855,NA,NA,Republican era,NA
69856,NA,NA,Republican era,NA
69857,NA,NA,Republican era,NA
69858,NA,NA,Republican era,NA
69859,NA,NA,Republican era,NA
69861,NA,NA,Republican era,NA
69862,NA,NA,Republican era,NA
69863,NA,NA,Republican era,NA
69864,NA,NA,Republican era,NA
69865,NA,NA,Republican era,NA
69866,NA,NA,Republican era,NA
69867,NA,NA,Republican era,NA
69868,NA,NA,Republican era,NA
69869,NA,NA,Republican era,NA
69870,NA,NA,Republican era,NA
69871,NA,NA,Republican era,NA
69872,NA,NA,Republican era,NA
69873,NA,NA,Republican era,NA
69874,NA,NA,Republican era,NA
69875,NA,NA,Republican era,NA
69876,NA,NA,Republican era,NA
69877,NA,NA,Republican era,NA
69878,NA,NA,Republican era,NA
69879,NA,NA,Republican era,NA
69880,NA,NA,Republican era,NA
69881,NA,NA,Republican era,NA
69882,NA,NA,Republican era,NA
69883,NA,NA,Republican era,NA
69884,NA,NA,Republican era,NA
69885,NA,NA,Republican era,NA
69886,NA,NA,Republican era,NA
69887,NA,NA,Republican era,NA
69888,NA,NA,Republican era,NA
69889,NA,NA,Republican era,NA
69890,NA,NA,Republican era,NA
69891,NA,NA,Republican era,NA
69892,NA,NA,Republican era,NA
69893,NA,NA,Republican era,NA
69894,NA,NA,Republican era,NA
69895,NA,NA,Republican era,NA
69896,NA,NA,Republican era,NA
69897,NA,NA,Republican era,NA
69898,NA,NA,Republican era,NA
69899,NA,NA,Republican era,NA
69900,NA,NA,Republican era,NA
69901,NA,NA,Republican era,NA
69902,NA,NA,Republican era,NA
69903,NA,NA,Republican era,NA
69904,NA,NA,Republican era,NA
69905,NA,NA,Republican era,NA
69906,NA,NA,Republican era,NA
69907,NA,NA,Republican era,NA
69908,NA,NA,Republican era,NA
69909,NA,NA,Republican era,NA
69910,NA,NA,Republican era,NA
69911,NA,NA,Republican era,NA
69912,NA,NA,Republican era,NA
69913,NA,NA,Republican era,NA
69914,NA,NA,Republican era,NA
69915,NA,NA,Republican era,NA
69916,NA,NA,Republican era,NA
69917,NA,NA,Republican era,NA
69918,NA,NA,Republican era,NA
69919,NA,NA,Republican era,NA
69920,NA,NA,Republican era,NA
69921,NA,NA,Republican era,NA
69922,NA,NA,Republican era,NA
69923,NA,NA,Republican era,NA
69924,NA,NA,Republican era,NA
69925,NA,NA,Republican era,NA
69926,NA,NA,Republican era,NA
69927,NA,NA,Republican era,NA
69928,NA,NA,Republican era,NA
69929,NA,NA,Republican era,NA
69930,China Hydraulic Engineering Society 中國水利工程學會,NA,Republican era,NA
69931,NA,NA,Republican era,NA
69932,NA,NA,Republican era,NA
69933,NA,NA,Republican era,NA
69934,NA,NA,Republican era,NA
69935,NA,NA,Republican era,NA
69937,NA,NA,Republican era,NA
69938,NA,NA,Republican era,NA
69939,NA,NA,Republican era,NA
69940,NA,NA,Republican era,NA
69941,NA,NA,Republican era,NA
69942,NA,NA,Republican era,NA
69943,NA,NA,Republican era,NA
69944,NA,NA,Republican era,NA
69945,NA,NA,Republican era,NA
69946,NA,NA,Republican era,NA
69947,NA,NA,Republican era,NA
69948,NA,NA,Republican era,NA
69949,NA,NA,Republican era,NA
69950,NA,NA,Republican era,NA
69951,NA,NA,Republican era,NA
69952,NA,NA,Republican era,NA
69953,NA,NA,Republican era,NA
69954,NA,NA,Republican era,NA
69955,NA,NA,Republican era,NA
69956,NA,NA,Republican era,NA
69957,NA,NA,Republican era,NA
69958,NA,NA,Republican era,NA
69959,NA,NA,Republican era,NA
69960,NA,NA,Republican era,NA
69961,NA,NA,Republican era,NA
69962,NA,NA,Republican era,NA
69963,NA,NA,Republican era,NA
69964,NA,NA,Republican era,NA
69965,NA,NA,Republican era,NA
69966,NA,NA,Republican era,NA
69967,NA,NA,Republican era,NA
69968,NA,NA,Republican era,NA
69969,NA,NA,Republican era,NA
69970,NA,NA,Republican era,NA
69971,NA,NA,Republican era,NA
69972,NA,NA,Republican era,NA
69973,NA,NA,Republican era,NA
69974,NA,NA,Republican era,NA
69975,NA,NA,Republican era,NA
69976,NA,NA,Republican era,NA
69977,NA,NA,Republican era,NA
69978,NA,NA,Republican era,NA
69979,NA,NA,Republican era,NA
69992,NA,NA,Republican era,NA
69997,NA,NA,Republican era,NA
70004,NA,NA,Republican era,NA
70005,NA,NA,Republican era,NA
70006,NA,NA,Republican era,NA
70007,NA,NA,Republican era,NA
70008,NA,NA,Republican era,NA
70009,NA,NA,Republican era,NA
70010,NA,NA,Republican era,NA
70011,NA,NA,Republican era,NA
70012,NA,NA,Republican era,NA
70013,NA,NA,Republican era,NA
70014,NA,NA,Republican era,NA
70015,NA,NA,Republican era,NA
70016,NA,NA,Republican era,NA
70017,NA,NA,Republican era,NA
70019,NA,NA,Republican era,NA
70020,NA,NA,Republican era,NA
70021,NA,NA,Republican era,NA
70022,NA,NA,Republican era,NA
70023,NA,NA,Republican era,NA
70024,NA,NA,Republican era,NA
70025,NA,NA,Republican era,NA
70026,NA,NA,Republican era,NA
70027,NA,NA,Republican era,NA
70028,NA,NA,Republican era,NA
70029,NA,NA,Republican era,NA
70030,NA,NA,Republican era,NA
70031,NA,NA,Republican era,NA
70032,NA,NA,Republican era,NA
70033,NA,NA,Republican era,NA
70034,NA,NA,Republican era,NA
70035,NA,NA,Republican era,NA
70068,NA,NA,Republican era,NA
70071,NA,NA,Republican era,NA
70072,NA,NA,Republican era,NA
70073,NA,NA,Republican era,NA
70074,NA,NA,Republican era,NA
70075,NA,NA,Republican era,NA
70085,NA,NA,Republican era,NA
70086,NA,NA,Republican era,NA
70092,Chinese Institute of Mining and Metallurgy 中國礦冶工程學會,NA,Republican era,NA
70094,Chinese Institute of Mining and Metallurgy 中國礦冶工程學會,NA,Republican era,NA
70102,Chinese Institute of Mining and Metallurgy 中國礦冶工程學會,NA,Republican era,NA
70103,Chinese Institute of Mining and Metallurgy 中國礦冶工程學會,NA,Republican era,NA
70107,Chinese Institute of Mining and Metallurgy 中國礦冶工程學會,NA,Republican era,NA
70111,Chinese Institute of Mining and Metallurgy 中國礦冶工程學會,NA,Republican era,NA
70118,Chinese Institute of Mining and Metallurgy 中國礦冶工程學會,NA,Republican era,NA
70120,Chinese Institute of Mining and Metallurgy 中國礦冶工程學會,NA,Republican era,NA
70130,Chinese Institute of Mining and Metallurgy 中國礦冶工程學會,NA,Republican era,NA
70132,Chinese Institute of Mining and Metallurgy 中國礦冶工程學會,NA,Republican era,NA
70134,Chinese Institute of Mining and Metallurgy 中國礦冶工程學會,NA,Republican era,NA
70142,Chinese Institute of Mining and Metallurgy 中國礦冶工程學會,NA,Republican era,NA
70147,Chinese Institute of Mining and Metallurgy 中國礦冶工程學會,NA,Republican era,NA
70150,Chinese Institute of Mining and Metallurgy 中國礦冶工程學會,NA,Republican era,NA
70152,Chinese Institute of Mining and Metallurgy 中國礦冶工程學會,NA,Republican era,NA
70155,Chinese Institute of Mining and Metallurgy 中國礦冶工程學會,NA,Republican era,NA
70157,Chinese Institute of Mining and Metallurgy 中國礦冶工程學會,NA,Republican era,NA
70165,Chinese Institute of Mining and Metallurgy 中國礦冶工程學會,NA,Republican era,NA
70166,Chinese Institute of Mining and Metallurgy 中國礦冶工程學會,NA,Republican era,NA
70170,Chinese Institute of Mining and Metallurgy 中國礦冶工程學會,NA,Republican era,NA
70175,Chinese Institute of Mining and Metallurgy 中國礦冶工程學會,NA,Republican era,NA
70178,Chinese Institute of Mining and Metallurgy 中國礦冶工程學會,NA,Republican era,NA
70180,Chinese Institute of Mining and Metallurgy 中國礦冶工程學會,NA,Republican era,NA
70184,Chinese Institute of Mining and Metallurgy 中國礦冶工程學會,NA,Republican era,NA
70186,Chinese Institute of Mining and Metallurgy 中國礦冶工程學會,NA,Republican era,NA
70192,Chinese Institute of Mining and Metallurgy 中國礦冶工程學會,NA,Republican era,NA
70195,Chinese Institute of Mining and Metallurgy 中國礦冶工程學會,NA,Republican era,NA
70196,Chinese Institute of Mining and Metallurgy 中國礦冶工程學會,NA,Republican era,NA
70199,Chinese Institute of Mining and Metallurgy 中國礦冶工程學會,NA,Republican era,NA
70201,Chinese Institute of Mining and Metallurgy 中國礦冶工程學會,NA,Republican era,NA
70203,Chinese Institute of Mining and Metallurgy 中國礦冶工程學會,NA,Republican era,NA
70204,Chinese Institute of Mining and Metallurgy 中國礦冶工程學會,NA,Republican era,NA
70205,Chinese Institute of Mining and Metallurgy 中國礦冶工程學會,NA,Republican era,NA
70213,Chinese Institute of Mining and Metallurgy 中國礦冶工程學會,NA,Republican era,NA
70216,Chinese Institute of Mining and Metallurgy 中國礦冶工程學會,NA,Republican era,NA
70218,Chinese Institute of Mining and Metallurgy 中國礦冶工程學會,NA,Republican era,NA
70220,Chinese Institute of Mining and Metallurgy 中國礦冶工程學會,NA,Republican era,NA
70221,Chinese Institute of Mining and Metallurgy 中國礦冶工程學會,NA,Republican era,NA
70222,Chinese Institute of Mining and Metallurgy 中國礦冶工程學會,NA,Republican era,NA
70227,Chinese Institute of Mining and Metallurgy 中國礦冶工程學會,NA,Republican era,NA
70230,Chinese Institute of Mining and Metallurgy 中國礦冶工程學會,NA,Republican era,NA
70234,Chinese Institute of Mining and Metallurgy 中國礦冶工程學會,NA,Republican era,NA
70234,Chinese Institute of Engineers 中華工程師學會,NA,Republican era,NA
70234,Zhongguo gongchengshi xuehui Wuhan fenhui 中國工程師學會武漢分會,NA,Republican era,NA
70236,Chinese Institute of Mining and Metallurgy 中國礦冶工程學會,NA,Republican era,NA
70241,Chinese Institute of Mining and Metallurgy 中國礦冶工程學會,NA,Republican era,NA
70243,Chinese Institute of Mining and Metallurgy 中國礦冶工程學會,NA,Republican era,NA
70246,Chinese Institute of Mining and Metallurgy 中國礦冶工程學會,NA,Republican era,NA
70257,Chinese Institute of Mining and Metallurgy 中國礦冶工程學會,NA,Republican era,NA
70261,Chinese Institute of Mining and Metallurgy 中國礦冶工程學會,NA,Republican era,NA
70264,Chinese Institute of Mining and Metallurgy 中國礦冶工程學會,NA,Republican era,NA
70265,Chinese Institute of Mining and Metallurgy 中國礦冶工程學會,NA,Republican era,NA
70266,Chinese Institute of Mining and Metallurgy 中國礦冶工程學會,NA,Republican era,NA
70267,Chinese Institute of Mining and Metallurgy 中國礦冶工程學會,NA,Republican era,NA
70269,Chinese Institute of Mining and Metallurgy 中國礦冶工程學會,NA,Republican era,NA
70270,Chinese Institute of Mining and Metallurgy 中國礦冶工程學會,NA,Republican era,NA
70272,Chinese Institute of Mining and Metallurgy 中國礦冶工程學會,NA,Republican era,NA
70273,Chinese Institute of Mining and Metallurgy 中國礦冶工程學會,NA,Republican era,NA
70276,Chinese Institute of Mining and Metallurgy 中國礦冶工程學會,NA,Republican era,NA
70279,Chinese Institute of Mining and Metallurgy 中國礦冶工程學會,NA,Republican era,NA
70280,Chinese Institute of Mining and Metallurgy 中國礦冶工程學會,NA,Republican era,NA
70284,Chinese Institute of Mining and Metallurgy 中國礦冶工程學會,NA,Republican era,NA
70285,Chinese Institute of Mining and Metallurgy 中國礦冶工程學會,NA,Republican era,NA
70288,Chinese Institute of Mining and Metallurgy 中國礦冶工程學會,NA,Republican era,NA
70290,Chinese Institute of Mining and Metallurgy 中國礦冶工程學會,NA,Republican era,NA
70294,Chinese Institute of Mining and Metallurgy 中國礦冶工程學會,NA,Republican era,NA
70297,Chinese Institute of Mining and Metallurgy 中國礦冶工程學會,NA,Republican era,NA
70299,Chinese Institute of Mining and Metallurgy 中國礦冶工程學會,NA,Republican era,NA
70300,Chinese Institute of Mining and Metallurgy 中國礦冶工程學會,NA,Republican era,NA
70302,Chinese Institute of Mining and Metallurgy 中國礦冶工程學會,NA,Republican era,NA
70303,Chinese Institute of Mining and Metallurgy 中國礦冶工程學會,NA,Republican era,NA
70305,Chinese Institute of Mining and Metallurgy 中國礦冶工程學會,NA,Republican era,NA
70306,Chinese Institute of Mining and Metallurgy 中國礦冶工程學會,NA,Republican era,NA
70308,Chinese Institute of Mining and Metallurgy 中國礦冶工程學會,NA,Republican era,NA
70319,Chinese Institute of Mining and Metallurgy 中國礦冶工程學會,NA,Republican era,NA
70326,Chinese Institute of Mining and Metallurgy 中國礦冶工程學會,NA,Republican era,NA
70331,Chinese Institute of Mining and Metallurgy 中國礦冶工程學會,NA,Republican era,NA
70334,Chinese Institute of Mining and Metallurgy 中國礦冶工程學會,NA,Republican era,NA
70337,Chinese Institute of Mining and Metallurgy 中國礦冶工程學會,NA,Republican era,NA
70341,Chinese Institute of Mining and Metallurgy 中國礦冶工程學會,NA,Republican era,NA
70343,Chinese Institute of Mining and Metallurgy 中國礦冶工程學會,NA,Republican era,NA
70345,Chinese Institute of Mining and Metallurgy 中國礦冶工程學會,NA,Republican era,NA
70347,Chinese Institute of Mining and Metallurgy 中國礦冶工程學會,NA,Republican era,NA
70349,Chinese Institute of Mining and Metallurgy 中國礦冶工程學會,NA,Republican era,NA
70355,Chinese Institute of Mining and Metallurgy 中國礦冶工程學會,NA,Republican era,NA
70357,Chinese Institute of Mining and Metallurgy 中國礦冶工程學會,NA,Republican era,NA
70359,Chinese Institute of Mining and Metallurgy 中國礦冶工程學會,NA,Republican era,NA
70360,Chinese Institute of Mining and Metallurgy 中國礦冶工程學會,NA,Republican era,NA
70361,Chinese Institute of Mining and Metallurgy 中國礦冶工程學會,NA,Republican era,NA
70362,Chinese Institute of Mining and Metallurgy 中國礦冶工程學會,NA,Republican era,NA
70367,Chinese Institute of Mining and Metallurgy 中國礦冶工程學會,NA,Republican era,NA
70368,Chinese Institute of Mining and Metallurgy 中國礦冶工程學會,NA,Republican era,NA
70371,Chinese Institute of Mining and Metallurgy 中國礦冶工程學會,NA,Republican era,NA
70373,Chinese Institute of Mining and Metallurgy 中國礦冶工程學會,NA,Republican era,NA
70375,Chinese Institute of Mining and Metallurgy 中國礦冶工程學會,NA,Republican era,NA
70376,Chinese Institute of Mining and Metallurgy 中國礦冶工程學會,NA,Republican era,NA
70379,Chinese Institute of Mining and Metallurgy 中國礦冶工程學會,NA,Republican era,NA
70380,Chinese Institute of Mining and Metallurgy 中國礦冶工程學會,NA,Republican era,NA
70384,Chinese Institute of Mining and Metallurgy 中國礦冶工程學會,NA,Republican era,NA
70387,Chinese Institute of Mining and Metallurgy 中國礦冶工程學會,NA,Republican era,NA
70396,Chinese Institute of Mining and Metallurgy 中國礦冶工程學會,NA,Republican era,NA
70398,Chinese Institute of Mining and Metallurgy 中國礦冶工程學會,NA,Republican era,NA
70400,Chinese Institute of Mining and Metallurgy 中國礦冶工程學會,NA,Republican era,NA
70405,Chinese Institute of Mining and Metallurgy 中國礦冶工程學會,NA,Republican era,NA
70408,Chinese Institute of Mining and Metallurgy 中國礦冶工程學會,NA,Republican era,NA
70410,Chinese Institute of Mining and Metallurgy 中國礦冶工程學會,NA,Republican era,NA
70411,Chinese Institute of Mining and Metallurgy 中國礦冶工程學會,NA,Republican era,NA
70414,Chinese Institute of Mining and Metallurgy 中國礦冶工程學會,NA,Republican era,NA
70416,Chinese Institute of Mining and Metallurgy 中國礦冶工程學會,NA,Republican era,NA
70424,Chinese Institute of Mining and Metallurgy 中國礦冶工程學會,NA,Republican era,NA
70428,Chinese Institute of Mining and Metallurgy 中國礦冶工程學會,NA,Republican era,NA
70430,Chinese Institute of Mining and Metallurgy 中國礦冶工程學會,NA,Republican era,NA
70435,Chinese Institute of Mining and Metallurgy 中國礦冶工程學會,NA,Republican era,NA
70437,Chinese Institute of Mining and Metallurgy 中國礦冶工程學會,NA,Republican era,NA
70440,Chinese Institute of Mining and Metallurgy 中國礦冶工程學會,NA,Republican era,NA
70446,Chinese Institute of Mining and Metallurgy 中國礦冶工程學會,NA,Republican era,NA
70448,Chinese Institute of Mining and Metallurgy 中國礦冶工程學會,NA,Republican era,NA
70449,Chinese Institute of Mining and Metallurgy 中國礦冶工程學會,NA,Republican era,NA
70451,Chinese Institute of Mining and Metallurgy 中國礦冶工程學會,NA,Republican era,NA
70452,Chinese Institute of Mining and Metallurgy 中國礦冶工程學會,NA,Republican era,NA
70453,Chinese Institute of Mining and Metallurgy 中國礦冶工程學會,NA,Republican era,NA
70456,Chinese Institute of Mining and Metallurgy 中國礦冶工程學會,NA,Republican era,NA
70458,Chinese Institute of Mining and Metallurgy 中國礦冶工程學會,NA,Republican era,NA
70459,Chinese Institute of Mining and Metallurgy 中國礦冶工程學會,NA,Republican era,NA
70461,Chinese Institute of Mining and Metallurgy 中國礦冶工程學會,NA,Republican era,NA
70465,Chinese Institute of Mining and Metallurgy 中國礦冶工程學會,NA,Republican era,NA
70470,Chinese Institute of Mining and Metallurgy 中國礦冶工程學會,NA,Republican era,NA
70472,Chinese Institute of Mining and Metallurgy 中國礦冶工程學會,NA,Republican era,NA
70475,Chinese Institute of Mining and Metallurgy 中國礦冶工程學會,NA,Republican era,NA
70477,Chinese Institute of Mining and Metallurgy 中國礦冶工程學會,NA,Republican era,NA
70479,Chinese Institute of Mining and Metallurgy 中國礦冶工程學會,NA,Republican era,NA
70482,Chinese Institute of Mining and Metallurgy 中國礦冶工程學會,NA,Republican era,NA
70484,Chinese Institute of Mining and Metallurgy 中國礦冶工程學會,NA,Republican era,NA
70486,Chinese Institute of Mining and Metallurgy 中國礦冶工程學會,NA,Republican era,NA
70488,Chinese Institute of Mining and Metallurgy 中國礦冶工程學會,NA,Republican era,NA
70489,Chinese Institute of Mining and Metallurgy 中國礦冶工程學會,NA,Republican era,NA
70490,Chinese Institute of Mining and Metallurgy 中國礦冶工程學會,NA,Republican era,NA
70493,Chinese Institute of Mining and Metallurgy 中國礦冶工程學會,NA,Republican era,NA
70496,Chinese Institute of Mining and Metallurgy 中國礦冶工程學會,NA,Republican era,NA
70498,Chinese Institute of Mining and Metallurgy 中國礦冶工程學會,NA,Republican era,NA
70500,Chinese Institute of Mining and Metallurgy 中國礦冶工程學會,NA,Republican era,NA
70501,Chinese Institute of Mining and Metallurgy 中國礦冶工程學會,NA,Republican era,NA
70503,Chinese Institute of Mining and Metallurgy 中國礦冶工程學會,NA,Republican era,NA
70507,Chinese Institute of Mining and Metallurgy 中國礦冶工程學會,NA,Republican era,NA
70509,Chinese Institute of Mining and Metallurgy 中國礦冶工程學會,NA,Republican era,NA
70510,Chinese Institute of Mining and Metallurgy 中國礦冶工程學會,NA,Republican era,NA
70511,Chinese Institute of Mining and Metallurgy 中國礦冶工程學會,NA,Republican era,NA
70513,Chinese Institute of Mining and Metallurgy 中國礦冶工程學會,NA,Republican era,NA
70515,Chinese Institute of Mining and Metallurgy 中國礦冶工程學會,NA,Republican era,NA
70526,Chinese Institute of Mining and Metallurgy 中國礦冶工程學會,NA,Republican era,NA
70531,Chinese Institute of Mining and Metallurgy 中國礦冶工程學會,NA,Republican era,NA
70532,Chinese Institute of Mining and Metallurgy 中國礦冶工程學會,NA,Republican era,NA
70533,Chinese Institute of Mining and Metallurgy 中國礦冶工程學會,NA,Republican era,NA
70535,Chinese Institute of Mining and Metallurgy 中國礦冶工程學會,NA,Republican era,NA
70537,Chinese Institute of Mining and Metallurgy 中國礦冶工程學會,NA,Republican era,NA
70542,Chinese Institute of Mining and Metallurgy 中國礦冶工程學會,NA,Republican era,NA
70543,Chinese Institute of Mining and Metallurgy 中國礦冶工程學會,NA,Republican era,NA
70547,Chinese Institute of Mining and Metallurgy 中國礦冶工程學會,NA,Republican era,NA
70548,Chinese Institute of Mining and Metallurgy 中國礦冶工程學會,NA,Republican era,NA
70554,Chinese Institute of Mining and Metallurgy 中國礦冶工程學會,NA,Republican era,NA
70556,Chinese Institute of Mining and Metallurgy 中國礦冶工程學會,NA,Republican era,NA
70557,Chinese Institute of Mining and Metallurgy 中國礦冶工程學會,NA,Republican era,NA
70560,Chinese Institute of Mining and Metallurgy 中國礦冶工程學會,NA,Republican era,NA
70561,Chinese Institute of Mining and Metallurgy 中國礦冶工程學會,NA,Republican era,NA
70562,Chinese Institute of Mining and Metallurgy 中國礦冶工程學會,NA,Republican era,NA
70563,Chinese Institute of Mining and Metallurgy 中國礦冶工程學會,NA,Republican era,NA
70564,Chinese Institute of Mining and Metallurgy 中國礦冶工程學會,NA,Republican era,NA
70566,Chinese Institute of Mining and Metallurgy 中國礦冶工程學會,NA,Republican era,NA
70567,Chinese Institute of Mining and Metallurgy 中國礦冶工程學會,NA,Republican era,NA
70570,Chinese Institute of Mining and Metallurgy 中國礦冶工程學會,NA,Republican era,NA
70574,Chinese Institute of Mining and Metallurgy 中國礦冶工程學會,NA,Republican era,NA
70576,Chinese Institute of Mining and Metallurgy 中國礦冶工程學會,NA,Republican era,NA
70578,Chinese Institute of Mining and Metallurgy 中國礦冶工程學會,NA,Republican era,NA
70582,Chinese Institute of Mining and Metallurgy 中國礦冶工程學會,NA,Republican era,NA
70584,Chinese Institute of Mining and Metallurgy 中國礦冶工程學會,NA,Republican era,NA
70585,Chinese Institute of Mining and Metallurgy 中國礦冶工程學會,NA,Republican era,NA
70588,Chinese Institute of Mining and Metallurgy 中國礦冶工程學會,NA,Republican era,NA
70590,Chinese Institute of Mining and Metallurgy 中國礦冶工程學會,NA,Republican era,NA
70592,Chinese Institute of Mining and Metallurgy 中國礦冶工程學會,NA,Republican era,NA
70594,Chinese Institute of Mining and Metallurgy 中國礦冶工程學會,NA,Republican era,NA
70595,Chinese Institute of Mining and Metallurgy 中國礦冶工程學會,NA,Republican era,NA
70596,Chinese Institute of Mining and Metallurgy 中國礦冶工程學會,NA,Republican era,NA
70598,Chinese Institute of Mining and Metallurgy 中國礦冶工程學會,NA,Republican era,NA
70599,Chinese Institute of Mining and Metallurgy 中國礦冶工程學會,NA,Republican era,NA
70601,Chinese Institute of Mining and Metallurgy 中國礦冶工程學會,NA,Republican era,NA
70603,Chinese Institute of Mining and Metallurgy 中國礦冶工程學會,NA,Republican era,NA
70609,Chinese Institute of Mining and Metallurgy 中國礦冶工程學會,NA,Republican era,NA
70610,Chinese Institute of Mining and Metallurgy 中國礦冶工程學會,NA,Republican era,NA
70613,Chinese Institute of Mining and Metallurgy 中國礦冶工程學會,NA,Republican era,NA
70619,Chinese Institute of Mining and Metallurgy 中國礦冶工程學會,NA,Republican era,NA
70621,Chinese Institute of Mining and Metallurgy 中國礦冶工程學會,NA,Republican era,NA
70623,Chinese Institute of Mining and Metallurgy 中國礦冶工程學會,NA,Republican era,NA
70624,Chinese Institute of Mining and Metallurgy 中國礦冶工程學會,NA,Republican era,NA
70626,Chinese Institute of Mining and Metallurgy 中國礦冶工程學會,NA,Republican era,NA
70626,China Engineering Society 中國工程學會,NA,Republican era,NA
70628,Chinese Institute of Mining and Metallurgy 中國礦冶工程學會,NA,Republican era,NA
70630,Chinese Institute of Mining and Metallurgy 中國礦冶工程學會,NA,Republican era,NA
70634,Chinese Institute of Mining and Metallurgy 中國礦冶工程學會,NA,Republican era,NA
70636,Chinese Institute of Mining and Metallurgy 中國礦冶工程學會,NA,Republican era,NA
70641,Chinese Institute of Mining and Metallurgy 中國礦冶工程學會,NA,Republican era,NA
70647,Chinese Institute of Mining and Metallurgy 中國礦冶工程學會,NA,Republican era,NA
70649,Chinese Institute of Mining and Metallurgy 中國礦冶工程學會,NA,Republican era,NA
70652,Chinese Institute of Mining and Metallurgy 中國礦冶工程學會,NA,Republican era,NA
70653,Chinese Institute of Mining and Metallurgy 中國礦冶工程學會,NA,Republican era,NA
70655,Chinese Institute of Mining and Metallurgy 中國礦冶工程學會,NA,Republican era,NA
70658,Chinese Institute of Mining and Metallurgy 中國礦冶工程學會,NA,Republican era,NA
70659,Chinese Institute of Mining and Metallurgy 中國礦冶工程學會,NA,Republican era,NA
70662,Chinese Institute of Mining and Metallurgy 中國礦冶工程學會,NA,Republican era,NA
70664,Chinese Institute of Mining and Metallurgy 中國礦冶工程學會,NA,Republican era,NA
70670,Chinese Institute of Mining and Metallurgy 中國礦冶工程學會,NA,Republican era,NA
70672,Chinese Institute of Mining and Metallurgy 中國礦冶工程學會,NA,Republican era,NA
70675,Chinese Institute of Mining and Metallurgy 中國礦冶工程學會,NA,Republican era,NA
70678,Chinese Institute of Mining and Metallurgy 中國礦冶工程學會,NA,Republican era,NA
70680,Chinese Institute of Mining and Metallurgy 中國礦冶工程學會,NA,Republican era,NA
70682,Chinese Institute of Mining and Metallurgy 中國礦冶工程學會,NA,Republican era,NA
70685,Chinese Institute of Mining and Metallurgy 中國礦冶工程學會,NA,Republican era,NA
70687,Chinese Institute of Mining and Metallurgy 中國礦冶工程學會,NA,Republican era,NA
70689,Chinese Institute of Mining and Metallurgy 中國礦冶工程學會,NA,Republican era,NA
70693,Chinese Institute of Mining and Metallurgy 中國礦冶工程學會,NA,Republican era,NA
70697,Chinese Institute of Mining and Metallurgy 中國礦冶工程學會,NA,Republican era,NA
70700,Chinese Institute of Mining and Metallurgy 中國礦冶工程學會,NA,Republican era,NA
70704,Chinese Institute of Mining and Metallurgy 中國礦冶工程學會,NA,Republican era,NA
70705,Chinese Institute of Mining and Metallurgy 中國礦冶工程學會,NA,Republican era,NA
70710,Chinese Institute of Mining and Metallurgy 中國礦冶工程學會,NA,Republican era,NA
70713,Chinese Institute of Mining and Metallurgy 中國礦冶工程學會,NA,Republican era,NA
70714,Chinese Institute of Mining and Metallurgy 中國礦冶工程學會,NA,Republican era,NA
70718,Chinese Institute of Mining and Metallurgy 中國礦冶工程學會,NA,Republican era,NA
70719,Chinese Institute of Mining and Metallurgy 中國礦冶工程學會,NA,Republican era,NA
70722,Chinese Institute of Mining and Metallurgy 中國礦冶工程學會,NA,Republican era,NA
70725,Chinese Institute of Mining and Metallurgy 中國礦冶工程學會,NA,Republican era,NA
70733,Chinese Institute of Mining and Metallurgy 中國礦冶工程學會,NA,Republican era,NA
70734,Chinese Institute of Mining and Metallurgy 中國礦冶工程學會,NA,Republican era,NA
70735,Chinese Institute of Mining and Metallurgy 中國礦冶工程學會,NA,Republican era,NA
70737,Chinese Institute of Mining and Metallurgy 中國礦冶工程學會,NA,Republican era,NA
70738,Chinese Institute of Mining and Metallurgy 中國礦冶工程學會,NA,Republican era,NA
70739,Chinese Institute of Mining and Metallurgy 中國礦冶工程學會,NA,Republican era,NA
70742,Chinese Institute of Mining and Metallurgy 中國礦冶工程學會,NA,Republican era,NA
70744,Chinese Institute of Mining and Metallurgy 中國礦冶工程學會,NA,Republican era,NA
70746,Chinese Institute of Mining and Metallurgy 中國礦冶工程學會,NA,Republican era,NA
70750,Chinese Institute of Mining and Metallurgy 中國礦冶工程學會,NA,Republican era,NA
70751,Chinese Institute of Mining and Metallurgy 中國礦冶工程學會,NA,Republican era,NA
70754,Chinese Institute of Mining and Metallurgy 中國礦冶工程學會,NA,Republican era,NA
70755,Chinese Institute of Mining and Metallurgy 中國礦冶工程學會,NA,Republican era,NA
70757,Chinese Institute of Mining and Metallurgy 中國礦冶工程學會,NA,Republican era,NA
70762,Chinese Institute of Mining and Metallurgy 中國礦冶工程學會,NA,Republican era,NA
70764,Chinese Institute of Mining and Metallurgy 中國礦冶工程學會,NA,Republican era,NA
70766,Chinese Institute of Mining and Metallurgy 中國礦冶工程學會,NA,Republican era,NA
70767,Chinese Institute of Mining and Metallurgy 中國礦冶工程學會,NA,Republican era,NA
70769,Chinese Institute of Mining and Metallurgy 中國礦冶工程學會,NA,Republican era,NA
70770,Chinese Institute of Mining and Metallurgy 中國礦冶工程學會,NA,Republican era,NA
70773,Chinese Institute of Mining and Metallurgy 中國礦冶工程學會,NA,Republican era,NA
70775,Chinese Institute of Mining and Metallurgy 中國礦冶工程學會,NA,Republican era,NA
70778,Chinese Institute of Mining and Metallurgy 中國礦冶工程學會,NA,Republican era,NA
70782,Chinese Institute of Mining and Metallurgy 中國礦冶工程學會,NA,Republican era,NA
70788,Chinese Institute of Mining and Metallurgy 中國礦冶工程學會,NA,Republican era,NA
70789,Chinese Institute of Mining and Metallurgy 中國礦冶工程學會,NA,Republican era,NA
70791,Chinese Institute of Mining and Metallurgy 中國礦冶工程學會,NA,Republican era,NA
70792,Chinese Institute of Mining and Metallurgy 中國礦冶工程學會,NA,Republican era,NA
70793,Chinese Institute of Mining and Metallurgy 中國礦冶工程學會,NA,Republican era,NA
70795,NA,NA,Republican era,NA
70799,NA,NA,Republican era,NA
70806,NA,NA,Republican era,NA
70810,NA,NA,Republican era,NA
70814,NA,NA,Republican era,NA
70816,NA,NA,Republican era,NA
70822,NA,NA,Republican era,NA
70832,NA,NA,Republican era,NA
70843,NA,NA,Republican era,NA
70846,NA,NA,Republican era,NA
70848,NA,NA,Republican era,NA
70850,NA,NA,Republican era,NA
70860,NA,NA,Republican era,NA
70864,NA,NA,Republican era,NA
70866,NA,NA,Republican era,NA
70869,NA,NA,Republican era,NA
70871,NA,NA,Republican era,NA
70874,NA,NA,Republican era,NA
70876,NA,NA,Republican era,NA
70886,Chinese Institute of Mining and Metallurgy 中國礦冶工程學會,NA,Republican era,NA
70901,NA,NA,Republican era,NA
70903,NA,NA,Republican era,NA
70905,NA,NA,Republican era,NA
70909,NA,NA,Republican era,NA
70913,Chinese Institute of Electrical Engineers 中國電機工程師學會,NA,Republican era,NA
70917,Chinese Institute of Electrical Engineers 中國電機工程師學會,NA,Republican era,NA
70922,NA,NA,Republican era,NA
70924,NA,NA,Republican era,NA
70937,NA,NA,Republican era,NA
70940,NA,NA,Republican era,NA
70944,NA,NA,Republican era,NA
70946,NA,NA,Republican era,NA
70948,NA,NA,Republican era,NA
70950,NA,NA,Republican era,NA
70952,NA,NA,Republican era,NA
70954,NA,NA,Republican era,NA
70957,NA,NA,Republican era,NA
70959,NA,NA,Republican era,NA
70961,NA,NA,Republican era,NA
70964,NA,NA,Republican era,NA
70970,NA,NA,Republican era,NA
70972,NA,NA,Republican era,NA
70974,Chinese Institute of Electrical Engineers 中國電機工程師學會,NA,Republican era,NA
70977,NA,NA,Republican era,NA
70985,NA,NA,Republican era,NA
71000,NA,NA,Republican era,NA
71003,NA,NA,Republican era,NA
71005,NA,NA,Republican era,NA
71011,NA,NA,Republican era,NA
71013,NA,NA,Republican era,NA
71016,NA,NA,Republican era,NA
71018,NA,NA,Republican era,NA
71021,NA,NA,Republican era,NA
71025,NA,NA,Republican era,NA
71027,NA,NA,Republican era,NA
71033,NA,NA,Republican era,NA
71035,NA,NA,Republican era,NA
71037,NA,NA,Republican era,NA
71041,NA,NA,Republican era,NA
71044,NA,NA,Republican era,NA
71046,NA,NA,Republican era,NA
71055,NA,NA,Republican era,NA
71057,NA,NA,Republican era,NA
71059,NA,NA,Republican era,NA
71061,NA,NA,Republican era,NA
71064,NA,NA,Republican era,NA
71068,NA,NA,Republican era,NA
71072,NA,NA,Republican era,NA
71074,NA,NA,Republican era,NA
71076,NA,NA,Republican era,NA
71094,NA,NA,Republican era,NA
71099,NA,NA,Republican era,NA
71103,NA,NA,Republican era,NA
71107,NA,NA,Republican era,NA
71109,NA,NA,Republican era,NA
71112,NA,NA,Republican era,NA
71115,NA,NA,Republican era,NA
71118,Chinese Institute of Mining and Metallurgy 中國礦冶工程學會,NA,Republican era,NA
71131,NA,NA,Republican era,NA
71136,NA,NA,Republican era,NA
71148,NA,NA,Republican era,NA
71150,NA,NA,Republican era,NA
71153,NA,NA,Republican era,NA
71155,NA,NA,Republican era,NA
71172,NA,NA,Republican era,NA
71174,NA,NA,Republican era,NA
71180,NA,NA,Republican era,NA
71189,NA,NA,Republican era,NA
71191,NA,NA,Republican era,NA
71200,NA,NA,Republican era,NA
71206,Chinese Science Society,NA,Republican era,NA
71206,Chinese Society of Naval Engineers,NA,Republican era,NA
71215,NA,NA,Republican era,NA
71217,NA,NA,Republican era,NA
71221,NA,NA,Republican era,NA
71224,NA,NA,Republican era,NA
71226,NA,NA,Republican era,NA
71228,NA,NA,Republican era,NA
71230,NA,NA,Republican era,NA
71233,NA,NA,Republican era,NA
71235,NA,NA,Republican era,NA
71237,NA,NA,Republican era,NA
71239,NA,NA,Republican era,NA
71244,NA,NA,Republican era,NA
71246,NA,NA,Republican era,NA
71249,NA,NA,Republican era,NA
71257,NA,NA,Republican era,NA
71259,Chinese Institute of Engineers 中華工程師學會,NA,Republican era,NA
71259,China Engineering Society 中國工程學會,NA,Republican era,NA
71291,NA,NA,Republican era,NA
71298,NA,NA,Republican era,NA
71304,NA,NA,Republican era,NA
71306,NA,NA,Republican era,NA
71314,NA,NA,Republican era,NA
71324,NA,NA,Republican era,NA
71327,NA,NA,Republican era,NA
71329,NA,NA,Republican era,NA
71331,NA,NA,Republican era,NA
71333,NA,NA,Republican era,NA
71338,NA,NA,Republican era,NA
71341,NA,NA,Republican era,NA
71343,NA,NA,Republican era,NA
71346,NA,NA,Republican era,NA
71349,NA,NA,Republican era,NA
71351,NA,NA,Republican era,NA
71368,NA,NA,Republican era,NA
71374,Chinese Institute of Mining and Metallurgy 中國礦冶工程學會,NA,Republican era,NA
71383,NA,NA,Republican era,NA
71386,NA,NA,Republican era,NA
71388,Chinese Institute of Electrical Engineers 中國電機工程師學會,NA,Republican era,NA
71397,NA,NA,Republican era,NA
71399,NA,NA,Republican era,NA
71401,NA,NA,Republican era,NA
71403,NA,NA,Republican era,NA
71417,NA,NA,Republican era,NA
71419,NA,NA,Republican era,NA
71421,NA,NA,Republican era,NA
71439,NA,NA,Republican era,NA
71447,NA,NA,Republican era,NA
71449,NA,NA,Republican era,NA
71451,NA,NA,Republican era,NA
71453,NA,NA,Republican era,NA
71456,NA,NA,Republican era,NA
71466,NA,NA,Republican era,NA
71468,NA,NA,Republican era,NA
71470,NA,NA,Republican era,NA
71472,NA,NA,Republican era,NA
71481,China Engineering Society 中國工程學會,NA,Republican era,NA
71481,Chinese Science Society,NA,Republican era,NA
71486,NA,NA,Republican era,NA
71488,NA,NA,Republican era,NA
71490,NA,NA,Republican era,NA
71492,NA,NA,Republican era,NA
71503,NA,NA,Republican era,NA
71515,NA,NA,Republican era,NA
71517,NA,NA,Republican era,NA
71525,NA,NA,Republican era,NA
71531,NA,NA,Republican era,NA
71539,NA,NA,Republican era,NA
71546,NA,NA,Republican era,NA
71548,NA,NA,Republican era,NA
71552,NA,NA,Republican era,NA
71554,NA,NA,Republican era,NA
71556,NA,NA,Republican era,NA
71560,NA,NA,Republican era,NA
71562,NA,NA,Republican era,NA
71564,NA,NA,Republican era,NA
71566,NA,NA,Republican era,NA
71577,NA,NA,Republican era,NA
71579,NA,NA,Republican era,NA
71581,NA,NA,Republican era,NA
71583,NA,NA,Republican era,NA
71585,NA,NA,Republican era,NA
71587,NA,NA,Republican era,NA
71589,NA,NA,Republican era,NA
71595,NA,NA,Republican era,NA
71597,NA,NA,Republican era,NA
71599,NA,NA,Republican era,NA
71602,NA,NA,Republican era,NA
71606,NA,NA,Republican era,NA
71612,NA,NA,Republican era,NA
71621,NA,NA,Republican era,NA
71638,Chinese Institute of Electrical Engineers 中國電機工程師學會,NA,Republican era,NA
71644,NA,NA,Republican era,NA
71646,NA,NA,Republican era,NA
71648,NA,NA,Republican era,NA
71650,NA,NA,Republican era,NA
71653,NA,NA,Republican era,NA
71655,NA,NA,Republican era,NA
71658,Chinese Institute of Electrical Engineers 中國電機工程師學會,NA,Republican era,NA
71670,NA,NA,Republican era,NA
71672,NA,NA,Republican era,NA
71674,NA,NA,Republican era,NA
71676,NA,NA,Republican era,NA
71687,NA,NA,Republican era,NA
71689,China Hydraulic Engineering Society 中國水利工程學會,NA,Republican era,NA
71691,NA,NA,Republican era,NA
71696,NA,NA,Republican era,NA
71699,NA,NA,Republican era,NA
71705,NA,NA,Republican era,NA
71714,NA,NA,Republican era,NA
71716,NA,NA,Republican era,NA
71719,NA,NA,Republican era,NA
71725,NA,NA,Republican era,NA
71738,NA,NA,Republican era,NA
71740,NA,NA,Republican era,NA
71742,NA,NA,Republican era,NA
71753,NA,NA,Republican era,NA
71755,NA,NA,Republican era,NA
71776,NA,NA,Republican era,NA
71778,NA,NA,Republican era,NA
71785,NA,NA,Republican era,NA
71788,NA,NA,Republican era,NA
71790,NA,NA,Republican era,NA
71792,NA,NA,Republican era,NA
71794,NA,NA,Republican era,NA
71796,NA,NA,Republican era,NA
71798,NA,NA,Republican era,NA
71800,NA,NA,Republican era,NA
71806,NA,NA,Republican era,NA
71808,NA,NA,Republican era,NA
71810,NA,NA,Republican era,NA
71817,NA,NA,Republican era,NA
71819,NA,NA,Republican era,NA
71821,NA,NA,Republican era,NA
71823,NA,NA,Republican era,NA
71827,NA,NA,Republican era,NA
71829,NA,NA,Republican era,NA
71832,NA,NA,Republican era,NA
71837,NA,NA,Republican era,NA
71839,NA,NA,Republican era,NA
71848,NA,NA,Republican era,NA
71850,NA,NA,Republican era,NA
71852,NA,NA,Republican era,NA
71854,NA,NA,Republican era,NA
71857,NA,NA,Republican era,NA
71859,NA,NA,Republican era,NA
71861,NA,NA,Republican era,NA
71863,NA,NA,Republican era,NA
71865,NA,NA,Republican era,NA
71873,Chinese Institute of Electrical Engineers 中國電機工程師學會,NA,Republican era,NA
71883,NA,NA,Republican era,NA
71895,NA,NA,Republican era,NA
71898,NA,NA,Republican era,NA
71903,NA,NA,Republican era,NA
71905,Zhongguo gongchengshi xuehui Wuhan fenhui 中國工程師學會武漢分會,NA,Republican era,NA
71907,NA,NA,Republican era,NA
71909,Chinese Institute of Electrical Engineers 中國電機工程師學會,NA,Republican era,NA
71909,Zhongguo gongchengshi xuehui Wuhan fenhui 中國工程師學會武漢分會,NA,Republican era,NA
71918,NA,NA,Republican era,NA
71926,NA,NA,Republican era,NA
71932,NA,NA,Republican era,NA
71937,NA,NA,Republican era,NA
71940,NA,NA,Republican era,NA
71943,NA,NA,Republican era,NA
71947,Chinese Institute of Electrical Engineers 中國電機工程師學會,NA,Republican era,NA
71953,NA,NA,Republican era,NA
71955,NA,NA,Republican era,NA
71957,NA,NA,Republican era,NA
71959,NA,NA,Republican era,NA
71961,NA,NA,Republican era,NA
71963,NA,NA,Republican era,NA
71978,NA,NA,Republican era,NA
71980,China Hydraulic Engineering Society 中國水利工程學會,NA,Republican era,NA
71986,Chinese Institute of Engineers 中華工程師學會,NA,Republican era,NA
71986,Radio Engineers' Association,NA,Republican era,NA
71986,American Institute of Electrical Engineers,NA,Republican era,NA
72010,NA,NA,Republican era,NA
72012,NA,NA,Republican era,NA
72013,Chinese Institute of Engineers 中華工程師學會,NA,Republican era,NA
72017,NA,NA,Republican era,NA
72020,NA,NA,Republican era,NA
72022,NA,NA,Republican era,NA
72025,NA,NA,Republican era,NA
72029,NA,NA,Republican era,NA
72038,NA,NA,Republican era,NA
72040,NA,NA,Republican era,NA
72044,NA,NA,Republican era,NA
72046,NA,NA,Republican era,NA
72059,Chinese Institute of Mining and Metallurgy 中國礦冶工程學會,NA,Republican era,NA
72065,NA,NA,Republican era,NA
72072,NA,NA,Republican era,NA
72081,NA,NA,Republican era,NA
72083,NA,NA,Republican era,NA
72086,Chinese Institute of Electrical Engineers 中國電機工程師學會,NA,Republican era,NA
72091,Chinese Institute of Electrical Engineers 中國電機工程師學會,NA,Republican era,NA
72098,NA,NA,Republican era,NA
72100,NA,NA,Republican era,NA
72102,NA,NA,Republican era,NA
72106,NA,NA,Republican era,NA
72108,NA,NA,Republican era,NA
72110,NA,NA,Republican era,NA
72112,NA,NA,Republican era,NA
72116,NA,NA,Republican era,NA
72119,NA,NA,Republican era,NA
72125,NA,NA,Republican era,NA
72128,NA,NA,Republican era,NA
72132,NA,NA,Republican era,NA
72137,NA,NA,Republican era,NA
72139,NA,NA,Republican era,NA
72141,Chinese Institute of Electrical Engineers 中國電機工程師學會,NA,Republican era,NA
72143,NA,NA,Republican era,NA
72159,NA,NA,Republican era,NA
72161,NA,NA,Republican era,NA
72163,NA,NA,Republican era,NA
72165,NA,NA,Republican era,NA
72168,NA,NA,Republican era,NA
72171,NA,NA,Republican era,NA
72173,NA,NA,Republican era,NA
72177,NA,NA,Republican era,NA
72180,Chinese Institute of Electrical Engineers 中國電機工程師學會,NA,Republican era,NA
72183,NA,NA,Republican era,NA
72188,NA,NA,Republican era,NA
72191,NA,NA,Republican era,NA
72193,NA,NA,Republican era,NA
72197,NA,NA,Republican era,NA
72200,Chinese Institute of Mining and Metallurgy 中國礦冶工程學會,NA,Republican era,NA
72201,Chinese Institute of Mining and Metallurgy 中國礦冶工程學會,NA,Republican era,NA
72202,Chinese Institute of Mining and Metallurgy 中國礦冶工程學會,NA,Republican era,NA
72205,Chinese Institute of Mining and Metallurgy 中國礦冶工程學會,NA,Republican era,NA
72206,Chinese Institute of Mining and Metallurgy 中國礦冶工程學會,NA,Republican era,NA
72210,Chinese Institute of Mining and Metallurgy 中國礦冶工程學會,NA,Republican era,NA
72211,Chinese Institute of Mining and Metallurgy 中國礦冶工程學會,NA,Republican era,NA
72215,Chinese Institute of Mining and Metallurgy 中國礦冶工程學會,NA,Republican era,NA
72218,Chinese Institute of Mining and Metallurgy 中國礦冶工程學會,NA,Republican era,NA
72219,Chinese Institute of Mining and Metallurgy 中國礦冶工程學會,NA,Republican era,NA
72221,Chinese Institute of Mining and Metallurgy 中國礦冶工程學會,NA,Republican era,NA
72224,Chinese Institute of Mining and Metallurgy 中國礦冶工程學會,NA,Republican era,NA
72229,Chinese Institute of Mining and Metallurgy 中國礦冶工程學會,NA,Republican era,NA
72232,Chinese Institute of Mining and Metallurgy 中國礦冶工程學會,NA,Republican era,NA
72235,Chinese Institute of Mining and Metallurgy 中國礦冶工程學會,NA,Republican era,NA
72238,Chinese Institute of Mining and Metallurgy 中國礦冶工程學會,NA,Republican era,NA
72239,Chinese Institute of Mining and Metallurgy 中國礦冶工程學會,NA,Republican era,NA
72242,Chinese Institute of Mining and Metallurgy 中國礦冶工程學會,NA,Republican era,NA
72243,Chinese Institute of Mining and Metallurgy 中國礦冶工程學會,NA,Republican era,NA
72245,Chinese Institute of Mining and Metallurgy 中國礦冶工程學會,NA,Republican era,NA
72246,Chinese Institute of Mining and Metallurgy 中國礦冶工程學會,NA,Republican era,NA
72250,Chinese Institute of Mining and Metallurgy 中國礦冶工程學會,NA,Republican era,NA
72252,Chinese Institute of Mining and Metallurgy 中國礦冶工程學會,NA,Republican era,NA
72254,Chinese Institute of Mining and Metallurgy 中國礦冶工程學會,NA,Republican era,NA
72256,Chinese Institute of Mining and Metallurgy 中國礦冶工程學會,NA,Republican era,NA
72258,Chinese Institute of Mining and Metallurgy 中國礦冶工程學會,NA,Republican era,NA
72264,NA,NA,Republican era,NA
72267,Chinese Institute of Mining and Metallurgy 中國礦冶工程學會,NA,Republican era,NA
72270,Chinese Institute of Mining and Metallurgy 中國礦冶工程學會,NA,Republican era,NA
72271,Chinese Institute of Mining and Metallurgy 中國礦冶工程學會,NA,Republican era,NA
72272,Chinese Institute of Mining and Metallurgy 中國礦冶工程學會,NA,Republican era,NA
72273,Chinese Institute of Mining and Metallurgy 中國礦冶工程學會,NA,Republican era,NA
72276,Chinese Institute of Mining and Metallurgy 中國礦冶工程學會,NA,Republican era,NA
72279,Chinese Institute of Mining and Metallurgy 中國礦冶工程學會,NA,Republican era,NA
72283,Chinese Institute of Mining and Metallurgy 中國礦冶工程學會,NA,Republican era,NA
72285,Chinese Institute of Mining and Metallurgy 中國礦冶工程學會,NA,Republican era,NA
72291,Chinese Institute of Mining and Metallurgy 中國礦冶工程學會,NA,Republican era,NA
72294,Chinese Institute of Mining and Metallurgy 中國礦冶工程學會,NA,Republican era,NA
72301,Chinese Institute of Mining and Metallurgy 中國礦冶工程學會,NA,Republican era,NA
72303,Chinese Institute of Mining and Metallurgy 中國礦冶工程學會,NA,Republican era,NA
72306,Chinese Institute of Mining and Metallurgy 中國礦冶工程學會,NA,Republican era,NA
72309,Chinese Institute of Mining and Metallurgy 中國礦冶工程學會,NA,Republican era,NA
72311,Chinese Institute of Mining and Metallurgy 中國礦冶工程學會,NA,Republican era,NA
72312,Chinese Institute of Mining and Metallurgy 中國礦冶工程學會,NA,Republican era,NA
72317,Chinese Institute of Mining and Metallurgy 中國礦冶工程學會,NA,Republican era,NA
72322,Chinese Institute of Mining and Metallurgy 中國礦冶工程學會,NA,Republican era,NA
72324,Chinese Institute of Mining and Metallurgy 中國礦冶工程學會,NA,Republican era,NA
72327,Chinese Institute of Mining and Metallurgy 中國礦冶工程學會,NA,Republican era,NA
72332,Chinese Institute of Mining and Metallurgy 中國礦冶工程學會,NA,Republican era,NA
72333,Chinese Institute of Mining and Metallurgy 中國礦冶工程學會,NA,Republican era,NA
72335,Chinese Institute of Mining and Metallurgy 中國礦冶工程學會,NA,Republican era,NA
72337,Chinese Institute of Mining and Metallurgy 中國礦冶工程學會,NA,Republican era,NA
72340,Chinese Institute of Mining and Metallurgy 中國礦冶工程學會,NA,Republican era,NA
72343,Chinese Institute of Mining and Metallurgy 中國礦冶工程學會,NA,Republican era,NA
72345,Chinese Institute of Mining and Metallurgy 中國礦冶工程學會,NA,Republican era,NA
72349,Chinese Institute of Mining and Metallurgy 中國礦冶工程學會,NA,Republican era,NA
72352,Chinese Institute of Mining and Metallurgy 中國礦冶工程學會,NA,Republican era,NA
72355,Chinese Institute of Mining and Metallurgy 中國礦冶工程學會,NA,Republican era,NA
72357,Chinese Institute of Mining and Metallurgy 中國礦冶工程學會,NA,Republican era,NA
72358,Chinese Institute of Mining and Metallurgy 中國礦冶工程學會,NA,Republican era,NA
72359,Chinese Institute of Mining and Metallurgy 中國礦冶工程學會,NA,Republican era,NA
72362,Chinese Institute of Mining and Metallurgy 中國礦冶工程學會,NA,Republican era,NA
72365,Chinese Institute of Mining and Metallurgy 中國礦冶工程學會,NA,Republican era,NA
72369,Chinese Institute of Mining and Metallurgy 中國礦冶工程學會,NA,Republican era,NA
72370,Chinese Institute of Mining and Metallurgy 中國礦冶工程學會,NA,Republican era,NA
72373,Chinese Institute of Mining and Metallurgy 中國礦冶工程學會,NA,Republican era,NA
72375,Chinese Institute of Mining and Metallurgy 中國礦冶工程學會,NA,Republican era,NA
72377,Chinese Institute of Mining and Metallurgy 中國礦冶工程學會,NA,Republican era,NA
72380,Chinese Institute of Mining and Metallurgy 中國礦冶工程學會,NA,Republican era,NA
72386,Chinese Institute of Mining and Metallurgy 中國礦冶工程學會,NA,Republican era,NA
72387,Chinese Institute of Mining and Metallurgy 中國礦冶工程學會,NA,Republican era,NA
72389,Chinese Institute of Mining and Metallurgy 中國礦冶工程學會,NA,Republican era,NA
72392,Chinese Institute of Mining and Metallurgy 中國礦冶工程學會,NA,Republican era,NA
72396,Chinese Institute of Mining and Metallurgy 中國礦冶工程學會,NA,Republican era,NA
72398,Chinese Institute of Mining and Metallurgy 中國礦冶工程學會,NA,Republican era,NA
72403,Chinese Institute of Mining and Metallurgy 中國礦冶工程學會,NA,Republican era,NA
72404,Chinese Institute of Mining and Metallurgy 中國礦冶工程學會,NA,Republican era,NA
72409,Chinese Institute of Mining and Metallurgy 中國礦冶工程學會,NA,Republican era,NA
72411,Chinese Institute of Mining and Metallurgy 中國礦冶工程學會,NA,Republican era,NA
72416,Chinese Institute of Mining and Metallurgy 中國礦冶工程學會,NA,Republican era,NA
72418,Chinese Institute of Mining and Metallurgy 中國礦冶工程學會,NA,Republican era,NA
72420,Chinese Institute of Mining and Metallurgy 中國礦冶工程學會,NA,Republican era,NA
72420,Chinese Institute of Engineers 中華工程師學會,NA,Republican era,NA
72421,Chinese Institute of Mining and Metallurgy 中國礦冶工程學會,NA,Republican era,NA
72424,Chinese Institute of Mining and Metallurgy 中國礦冶工程學會,NA,Republican era,NA
72425,Chinese Institute of Mining and Metallurgy 中國礦冶工程學會,NA,Republican era,NA
72426,Chinese Institute of Mining and Metallurgy 中國礦冶工程學會,NA,Republican era,NA
72427,Chinese Institute of Mining and Metallurgy 中國礦冶工程學會,NA,Republican era,NA
72428,Chinese Institute of Mining and Metallurgy 中國礦冶工程學會,NA,Republican era,NA
72431,Chinese Institute of Mining and Metallurgy 中國礦冶工程學會,NA,Republican era,NA
72432,Chinese Institute of Mining and Metallurgy 中國礦冶工程學會,NA,Republican era,NA
72433,Chinese Institute of Mining and Metallurgy 中國礦冶工程學會,NA,Republican era,NA
72436,Chinese Institute of Mining and Metallurgy 中國礦冶工程學會,NA,Republican era,NA
72438,Chinese Institute of Mining and Metallurgy 中國礦冶工程學會,NA,Republican era,NA
72440,Chinese Institute of Mining and Metallurgy 中國礦冶工程學會,NA,Republican era,NA
72443,Chinese Institute of Mining and Metallurgy 中國礦冶工程學會,NA,Republican era,NA
72445,Chinese Institute of Mining and Metallurgy 中國礦冶工程學會,NA,Republican era,NA
72448,Chinese Institute of Mining and Metallurgy 中國礦冶工程學會,NA,Republican era,NA
72450,Chinese Institute of Mining and Metallurgy 中國礦冶工程學會,NA,Republican era,NA
72452,Chinese Institute of Mining and Metallurgy 中國礦冶工程學會,NA,Republican era,NA
72454,Chinese Institute of Mining and Metallurgy 中國礦冶工程學會,NA,Republican era,NA
72455,Chinese Institute of Mining and Metallurgy 中國礦冶工程學會,NA,Republican era,NA
72458,Chinese Institute of Mining and Metallurgy 中國礦冶工程學會,NA,Republican era,NA
72459,Chinese Institute of Mining and Metallurgy 中國礦冶工程學會,NA,Republican era,NA
72461,Chinese Institute of Mining and Metallurgy 中國礦冶工程學會,NA,Republican era,NA
72463,Chinese Institute of Mining and Metallurgy 中國礦冶工程學會,NA,Republican era,NA
72464,Chinese Institute of Mining and Metallurgy 中國礦冶工程學會,NA,Republican era,NA
72466,Chinese Institute of Mining and Metallurgy 中國礦冶工程學會,NA,Republican era,NA
72468,Chinese Institute of Mining and Metallurgy 中國礦冶工程學會,NA,Republican era,NA
72472,Chinese Institute of Mining and Metallurgy 中國礦冶工程學會,NA,Republican era,NA
72474,Chinese Institute of Mining and Metallurgy 中國礦冶工程學會,NA,Republican era,NA
72478,Chinese Institute of Mining and Metallurgy 中國礦冶工程學會,NA,Republican era,NA
72483,Chinese Institute of Mining and Metallurgy 中國礦冶工程學會,NA,Republican era,NA
72484,Chinese Institute of Mining and Metallurgy 中國礦冶工程學會,NA,Republican era,NA
72487,Chinese Institute of Mining and Metallurgy 中國礦冶工程學會,NA,Republican era,NA
72488,Chinese Institute of Mining and Metallurgy 中國礦冶工程學會,NA,Republican era,NA
72489,Chinese Institute of Mining and Metallurgy 中國礦冶工程學會,NA,Republican era,NA
72490,Chinese Institute of Mining and Metallurgy 中國礦冶工程學會,NA,Republican era,NA
72491,Chinese Institute of Mining and Metallurgy 中國礦冶工程學會,NA,Republican era,NA
72493,Chinese Institute of Mining and Metallurgy 中國礦冶工程學會,NA,Republican era,NA
72495,Chinese Institute of Mining and Metallurgy 中國礦冶工程學會,NA,Republican era,NA
72500,Chinese Institute of Mining and Metallurgy 中國礦冶工程學會,NA,Republican era,NA
72502,Chinese Institute of Mining and Metallurgy 中國礦冶工程學會,NA,Republican era,NA
72505,Chinese Institute of Mining and Metallurgy 中國礦冶工程學會,NA,Republican era,NA
72507,Chinese Institute of Mining and Metallurgy 中國礦冶工程學會,NA,Republican era,NA
72512,Chinese Institute of Mining and Metallurgy 中國礦冶工程學會,NA,Republican era,NA
72513,Chinese Institute of Mining and Metallurgy 中國礦冶工程學會,NA,Republican era,NA
72515,Chinese Institute of Mining and Metallurgy 中國礦冶工程學會,NA,Republican era,NA
72517,Chinese Institute of Mining and Metallurgy 中國礦冶工程學會,NA,Republican era,NA
72518,Chinese Institute of Mining and Metallurgy 中國礦冶工程學會,NA,Republican era,NA
72519,Chinese Institute of Mining and Metallurgy 中國礦冶工程學會,NA,Republican era,NA
72523,Chinese Institute of Mining and Metallurgy 中國礦冶工程學會,NA,Republican era,NA
72526,Chinese Institute of Mining and Metallurgy 中國礦冶工程學會,NA,Republican era,NA
72527,Chinese Institute of Mining and Metallurgy 中國礦冶工程學會,NA,Republican era,NA
72528,Chinese Institute of Mining and Metallurgy 中國礦冶工程學會,NA,Republican era,NA
72529,Chinese Institute of Mining and Metallurgy 中國礦冶工程學會,NA,Republican era,NA
72530,Chinese Institute of Mining and Metallurgy 中國礦冶工程學會,NA,Republican era,NA
72547,Chinese Institute of Engineers 中華工程師學會,NA,Republican era,NA
72551,Chinese Institute of Engineers 中華工程師學會,NA,Republican era,NA
72555,Chinese Institute of Engineers 中華工程師學會,NA,Republican era,NA
72559,Chinese Institute of Engineers 中華工程師學會,NA,Republican era,NA
72562,Chinese Institute of Engineers 中華工程師學會,NA,Republican era,NA
72571,Chinese Institute of Engineers 中華工程師學會,NA,Republican era,NA
72575,Chinese Institute of Engineers 中華工程師學會,NA,Republican era,NA
72579,Chinese Institute of Engineers 中華工程師學會,NA,Republican era,NA
72582,Chinese Institute of Engineers 中華工程師學會,NA,Republican era,NA
72587,Chinese Institute of Engineers 中華工程師學會,NA,Republican era,NA
72589,Chinese Institute of Engineers 中華工程師學會,NA,Republican era,NA
72592,Chinese Institute of Engineers 中華工程師學會,NA,Republican era,NA
72594,Chinese Institute of Engineers 中華工程師學會,NA,Republican era,NA
72598,Chinese Institute of Engineers 中華工程師學會,NA,Republican era,NA
72601,Chinese Institute of Engineers 中華工程師學會,NA,Republican era,NA
72612,Chinese Institute of Engineers 中華工程師學會,NA,Republican era,NA
72616,Chinese Institute of Engineers 中華工程師學會,NA,Republican era,NA
72619,Chinese Institute of Engineers 中華工程師學會,NA,Republican era,NA
72628,Chinese Institute of Engineers 中華工程師學會,NA,Republican era,NA
72634,Chinese Institute of Engineers 中華工程師學會,NA,Republican era,NA
72637,Chinese Institute of Engineers 中華工程師學會,NA,Republican era,NA
72643,Chinese Institute of Engineers 中華工程師學會,NA,Republican era,NA
72647,Chinese Institute of Engineers 中華工程師學會,NA,Republican era,NA
72653,Chinese Institute of Engineers 中華工程師學會,NA,Republican era,NA
72657,Chinese Institute of Engineers 中華工程師學會,NA,Republican era,NA
72659,Chinese Institute of Engineers 中華工程師學會,NA,Republican era,NA
72669,Chinese Institute of Engineers 中華工程師學會,NA,Republican era,NA
72673,Chinese Institute of Engineers 中華工程師學會,NA,Republican era,NA
72677,Chinese Institute of Engineers 中華工程師學會,NA,Republican era,NA
72680,Chinese Institute of Engineers 中華工程師學會,NA,Republican era,NA
72683,Chinese Institute of Engineers 中華工程師學會,NA,Republican era,NA
72685,Chinese Institute of Engineers 中華工程師學會,NA,Republican era,NA
72709,NA,NA,Republican era,NA
72732,NA,NA,Republican era,NA
72757,NA,NA,Republican era,NA
72770,NA,NA,Republican era,NA
72775,NA,NA,Republican era,NA
72799,NA,NA,Republican era,NA
72828,NA,NA,Republican era,NA
72842,Chinese Institute of Engineers 中華工程師學會,NA,Republican era,NA
72850,Chinese Institute of Engineers 中華工程師學會,NA,Republican era,NA
72850,China Hydraulic Engineering Society 中國水利工程學會,NA,Republican era,NA
72858,Chinese Institute of Engineers 中華工程師學會,NA,Republican era,NA
72864,Chinese Institute of Engineers 中華工程師學會,NA,Republican era,NA
72868,Chinese Institute of Engineers 中華工程師學會,NA,Republican era,NA
72871,Chinese Institute of Engineers 中華工程師學會,NA,Republican era,NA
72876,Chinese Institute of Engineers 中華工程師學會,NA,Republican era,NA
72882,Chinese Institute of Engineers 中華工程師學會,NA,Republican era,NA
72885,Chinese Institute of Engineers 中華工程師學會,NA,Republican era,NA
72888,Chinese Institute of Engineers 中華工程師學會,NA,Republican era,NA
72891,Chinese Institute of Engineers 中華工程師學會,NA,Republican era,NA
72894,Chinese Institute of Engineers 中華工程師學會,NA,Republican era,NA
72897,Chinese Institute of Engineers 中華工程師學會,NA,Republican era,NA
72901,Chinese Institute of Engineers 中華工程師學會,NA,Republican era,NA
72906,Chinese Institute of Engineers 中華工程師學會,NA,Republican era,NA
72909,Chinese Institute of Engineers 中華工程師學會,NA,Republican era,NA
72912,Chinese Institute of Engineers 中華工程師學會,NA,Republican era,NA
72916,Chinese Institute of Engineers 中華工程師學會,NA,Republican era,NA
72918,Chinese Institute of Engineers 中華工程師學會,NA,Republican era,NA
72920,Chinese Institute of Engineers 中華工程師學會,NA,Republican era,NA
72926,Chinese Institute of Engineers 中華工程師學會,NA,Republican era,NA
72930,Chinese Institute of Engineers 中華工程師學會,NA,Republican era,NA
72933,Chinese Institute of Engineers 中華工程師學會,NA,Republican era,NA
72936,Chinese Institute of Engineers 中華工程師學會,NA,Republican era,NA
72939,Chinese Institute of Engineers 中華工程師學會,NA,Republican era,NA
72941,Chinese Institute of Engineers 中華工程師學會,NA,Republican era,NA
72950,Chinese Institute of Engineers 中華工程師學會,NA,Republican era,NA
72953,Chinese Institute of Engineers 中華工程師學會,NA,Republican era,NA
72956,Chinese Institute of Engineers 中華工程師學會,NA,Republican era,NA
72959,Chinese Institute of Engineers 中華工程師學會,NA,Republican era,NA
72961,Chinese Institute of Engineers 中華工程師學會,NA,Republican era,NA
72963,Chinese Institute of Engineers 中華工程師學會,NA,Republican era,NA
72965,Chinese Institute of Engineers 中華工程師學會,NA,Republican era,NA
72972,Chinese Institute of Engineers 中華工程師學會,NA,Republican era,NA
72977,Chinese Institute of Engineers 中華工程師學會,NA,Republican era,NA
72981,Chinese Institute of Engineers 中華工程師學會,NA,Republican era,NA
72983,Chinese Institute of Engineers 中華工程師學會,NA,Republican era,NA
72989,Chinese Institute of Engineers 中華工程師學會,NA,Republican era,NA
72992,Chinese Institute of Engineers 中華工程師學會,NA,Republican era,NA
72994,Chinese Institute of Engineers 中華工程師學會,NA,Republican era,NA
72996,Chinese Institute of Engineers 中華工程師學會,NA,Republican era,NA
73003,Chinese Institute of Engineers 中華工程師學會,NA,Republican era,NA
73006,Chinese Institute of Engineers 中華工程師學會,NA,Republican era,NA
73011,Chinese Institute of Engineers 中華工程師學會,NA,Republican era,NA
73015,Chinese Institute of Engineers 中華工程師學會,NA,Republican era,NA
73018,Chinese Institute of Electrical Engineers 中國電機工程師學會,NA,Republican era,NA
73020,Chinese Institute of Electrical Engineers 中國電機工程師學會,NA,Republican era,NA
73029,Chinese Institute of Electrical Engineers 中國電機工程師學會,NA,Republican era,NA
73031,Chinese Institute of Electrical Engineers 中國電機工程師學會,NA,Republican era,NA
73033,Chinese Institute of Electrical Engineers 中國電機工程師學會,NA,Republican era,NA
73037,Chinese Institute of Electrical Engineers 中國電機工程師學會,NA,Republican era,NA
73039,Chinese Institute of Electrical Engineers 中國電機工程師學會,NA,Republican era,NA
73041,Chinese Institute of Electrical Engineers 中國電機工程師學會,NA,Republican era,NA
73044,Chinese Institute of Electrical Engineers 中國電機工程師學會,NA,Republican era,NA
73047,Chinese Institute of Electrical Engineers 中國電機工程師學會,NA,Republican era,NA
73050,Chinese Institute of Electrical Engineers 中國電機工程師學會,NA,Republican era,NA
73052,Chinese Institute of Electrical Engineers 中國電機工程師學會,NA,Republican era,NA
73054,Chinese Institute of Electrical Engineers 中國電機工程師學會,NA,Republican era,NA
73057,Chinese Institute of Electrical Engineers 中國電機工程師學會,NA,Republican era,NA
73060,Chinese Institute of Electrical Engineers 中國電機工程師學會,NA,Republican era,NA
73062,Chinese Institute of Electrical Engineers 中國電機工程師學會,NA,Republican era,NA
73065,Chinese Institute of Electrical Engineers 中國電機工程師學會,NA,Republican era,NA
73068,Chinese Institute of Electrical Engineers 中國電機工程師學會,NA,Republican era,NA
73070,Chinese Institute of Electrical Engineers 中國電機工程師學會,NA,Republican era,NA
73072,Chinese Institute of Electrical Engineers 中國電機工程師學會,NA,Republican era,NA
73074,Chinese Institute of Electrical Engineers 中國電機工程師學會,NA,Republican era,NA
73076,Chinese Institute of Electrical Engineers 中國電機工程師學會,NA,Republican era,NA
73078,Chinese Institute of Electrical Engineers 中國電機工程師學會,NA,Republican era,NA
73080,Chinese Institute of Electrical Engineers 中國電機工程師學會,NA,Republican era,NA
73082,Chinese Institute of Electrical Engineers 中國電機工程師學會,NA,Republican era,NA
73084,Chinese Institute of Electrical Engineers 中國電機工程師學會,NA,Republican era,NA
73086,Chinese Institute of Electrical Engineers 中國電機工程師學會,NA,Republican era,NA
73088,Chinese Institute of Electrical Engineers 中國電機工程師學會,NA,Republican era,NA
73090,Chinese Institute of Electrical Engineers 中國電機工程師學會,NA,Republican era,NA
73092,Chinese Institute of Electrical Engineers 中國電機工程師學會,NA,Republican era,NA
73096,Chinese Institute of Electrical Engineers 中國電機工程師學會,NA,Republican era,NA
73099,Chinese Institute of Electrical Engineers 中國電機工程師學會,NA,Republican era,NA
73101,Chinese Institute of Electrical Engineers 中國電機工程師學會,NA,Republican era,NA
73103,Chinese Institute of Electrical Engineers 中國電機工程師學會,NA,Republican era,NA
73107,Chinese Institute of Electrical Engineers 中國電機工程師學會,NA,Republican era,NA
73109,Chinese Institute of Engineers 中華工程師學會,NA,Republican era,NA
73111,Chinese Institute of Engineers 中華工程師學會,NA,Republican era,NA
73114,Chinese Institute of Engineers 中華工程師學會,NA,Republican era,NA
73119,Chinese Institute of Engineers 中華工程師學會,NA,Republican era,NA
73122,Chinese Institute of Engineers 中華工程師學會,NA,Republican era,NA
73122,Association of Chinese and American Engineers,NA,Republican era,NA
73122,American Society of Civil Engineers,NA,Republican era,NA
73125,Chinese Institute of Engineers 中華工程師學會,NA,Republican era,NA
73130,Chinese Institute of Engineers 中華工程師學會,NA,Republican era,NA
73133,Chinese Institute of Engineers 中華工程師學會,NA,Republican era,NA
73136,Chinese Institute of Engineers 中華工程師學會,NA,Republican era,NA
73143,Chinese Institute of Engineers 中華工程師學會,NA,Republican era,NA
73147,Chinese Institute of Engineers 中華工程師學會,NA,Republican era,NA
73149,Chinese Institute of Engineers 中華工程師學會,NA,Republican era,NA
73151,Chinese Institute of Engineers 中華工程師學會,NA,Republican era,NA
73153,Chinese Institute of Engineers 中華工程師學會,NA,Republican era,NA
73157,Chinese Institute of Engineers 中華工程師學會,NA,Republican era,NA
73163,Chinese Institute of Engineers 中華工程師學會,NA,Republican era,NA
73167,Chinese Institute of Engineers 中華工程師學會,NA,Republican era,NA
73173,Chinese Institute of Engineers 中華工程師學會,NA,Republican era,NA
73175,Chinese Institute of Engineers 中華工程師學會,NA,Republican era,NA
73180,Chinese Institute of Engineers 中華工程師學會,NA,Republican era,NA
73183,Chinese Institute of Engineers 中華工程師學會,NA,Republican era,NA
73187,Chinese Institute of Engineers 中華工程師學會,NA,Republican era,NA
73192,Chinese Institute of Engineers 中華工程師學會,NA,Republican era,NA
73192,Zhongguo gongchengshi xuehui Wuhan fenhui 中國工程師學會武漢分會,NA,Republican era,NA
73194,Chinese Institute of Engineers 中華工程師學會,NA,Republican era,NA
73201,Chinese Institute of Engineers 中華工程師學會,NA,Republican era,NA
73205,Chinese Institute of Engineers 中華工程師學會,NA,Republican era,NA
73210,Chinese Institute of Engineers 中華工程師學會,NA,Republican era,NA
73214,Chinese Institute of Engineers 中華工程師學會,NA,Republican era,NA
73214,Highway Construction Association,NA,Republican era,NA
73214,Chinese Science Society,NA,Republican era,NA
73221,Chinese Institute of Engineers 中華工程師學會,NA,Republican era,NA
73227,Chinese Institute of Engineers 中華工程師學會,NA,Republican era,NA
73230,Chinese Institute of Engineers 中華工程師學會,NA,Republican era,NA
73233,Chinese Institute of Electrical Engineers 中國電機工程師學會,NA,Republican era,NA
73235,Chinese Institute of Electrical Engineers 中國電機工程師學會,NA,Republican era,NA
73237,Chinese Institute of Electrical Engineers 中國電機工程師學會,NA,Republican era,NA
73239,Chinese Institute of Electrical Engineers 中國電機工程師學會,NA,Republican era,NA
73241,Chinese Institute of Electrical Engineers 中國電機工程師學會,NA,Republican era,NA
73243,Chinese Institute of Electrical Engineers 中國電機工程師學會,NA,Republican era,NA
73245,Chinese Institute of Engineers 中華工程師學會,NA,Republican era,NA
73248,Chinese Institute of Electrical Engineers 中國電機工程師學會,NA,Republican era,NA
73250,Chinese Institute of Engineers 中華工程師學會,NA,Republican era,NA
73251,Chinese Institute of Electrical Engineers 中國電機工程師學會,NA,Republican era,NA
73257,Chinese Institute of Electrical Engineers 中國電機工程師學會,NA,Republican era,NA
73259,Chinese Institute of Electrical Engineers 中國電機工程師學會,NA,Republican era,NA
73261,Chinese Institute of Electrical Engineers 中國電機工程師學會,NA,Republican era,NA
73264,Chinese Institute of Electrical Engineers 中國電機工程師學會,NA,Republican era,NA
73266,Chinese Institute of Electrical Engineers 中國電機工程師學會,NA,Republican era,NA
73268,Chinese Institute of Electrical Engineers 中國電機工程師學會,NA,Republican era,NA
73270,Chinese Institute of Electrical Engineers 中國電機工程師學會,NA,Republican era,NA
73272,Chinese Institute of Electrical Engineers 中國電機工程師學會,NA,Republican era,NA
73274,Chinese Institute of Electrical Engineers 中國電機工程師學會,NA,Republican era,NA
73276,Chinese Institute of Electrical Engineers 中國電機工程師學會,NA,Republican era,NA
73280,Chinese Institute of Electrical Engineers 中國電機工程師學會,NA,Republican era,NA
73282,Chinese Institute of Electrical Engineers 中國電機工程師學會,NA,Republican era,NA
73287,Chinese Institute of Electrical Engineers 中國電機工程師學會,NA,Republican era,NA
73292,Chinese Institute of Electrical Engineers 中國電機工程師學會,NA,Republican era,NA
73301,Chinese Institute of Electrical Engineers 中國電機工程師學會,NA,Republican era,NA
73308,Chinese Institute of Engineers 中華工程師學會,NA,Republican era,NA
73316,Chinese Institute of Engineers 中華工程師學會,NA,Republican era,NA
73322,Chinese Institute of Engineers 中華工程師學會,NA,Republican era,NA
73322,China Hydraulic Engineering Society 中國水利工程學會,NA,Republican era,NA
73322,Zhongguo gongchengshi xuehui Wuhan fenhui 中國工程師學會武漢分會,NA,Republican era,NA
73326,Chinese Institute of Engineers 中華工程師學會,NA,Republican era,NA
73326,Zhongguo gongchengshi xuehui Wuhan fenhui 中國工程師學會武漢分會,NA,Republican era,NA
73328,Chinese Institute of Engineers 中華工程師學會,NA,Republican era,NA
73331,Chinese Institute of Engineers 中華工程師學會,NA,Republican era,NA
73337,Chinese Institute of Engineers 中華工程師學會,NA,Republican era,NA
73343,Chinese Institute of Engineers 中華工程師學會,NA,Republican era,NA
73347,Chinese Institute of Engineers 中華工程師學會,NA,Republican era,NA
73351,Chinese Institute of Engineers 中華工程師學會,NA,Republican era,NA
73356,Chinese Institute of Engineers 中華工程師學會,NA,Republican era,NA
73361,Chinese Institute of Engineers 中華工程師學會,NA,Republican era,NA
73364,Chinese Institute of Engineers 中華工程師學會,NA,Republican era,NA
73364,Zhongguo gongchengshi xuehui Wuhan fenhui 中國工程師學會武漢分會,NA,Republican era,NA
73374,Chinese Institute of Engineers 中華工程師學會,NA,Republican era,NA
73374,Zhongguo gongchengshi xuehui Wuhan fenhui 中國工程師學會武漢分會,NA,Republican era,NA
73377,Chinese Institute of Engineers 中華工程師學會,NA,Republican era,NA
73380,Chinese Institute of Engineers 中華工程師學會,NA,Republican era,NA
73387,Chinese Institute of Engineers 中華工程師學會,NA,Republican era,NA
73392,Chinese Institute of Electrical Engineers 中國電機工程師學會,NA,Republican era,NA
73396,Chinese Institute of Electrical Engineers 中國電機工程師學會,NA,Republican era,NA
73398,Chinese Institute of Electrical Engineers 中國電機工程師學會,NA,Republican era,NA
73402,Chinese Institute of Electrical Engineers 中國電機工程師學會,NA,Republican era,NA
73404,Chinese Institute of Electrical Engineers 中國電機工程師學會,NA,Republican era,NA
73407,Chinese Institute of Electrical Engineers 中國電機工程師學會,NA,Republican era,NA
73410,Chinese Institute of Electrical Engineers 中國電機工程師學會,NA,Republican era,NA
73414,Chinese Institute of Electrical Engineers 中國電機工程師學會,NA,Republican era,NA
73416,Chinese Institute of Electrical Engineers 中國電機工程師學會,NA,Republican era,NA
73418,Chinese Institute of Electrical Engineers 中國電機工程師學會,NA,Republican era,NA
73420,Chinese Institute of Electrical Engineers 中國電機工程師學會,NA,Republican era,NA
73422,Chinese Institute of Electrical Engineers 中國電機工程師學會,NA,Republican era,NA
73425,Chinese Institute of Engineers 中華工程師學會,NA,Republican era,NA
73425,China Hydraulic Engineering Society 中國水利工程學會,NA,Republican era,NA
73428,Chinese Institute of Engineers 中華工程師學會,NA,Republican era,NA
73431,Chinese Institute of Engineers 中華工程師學會,NA,Republican era,NA
73434,Chinese Institute of Engineers 中華工程師學會,NA,Republican era,NA
73441,Chinese Institute of Engineers 中華工程師學會,NA,Republican era,NA
73444,Chinese Institute of Engineers 中華工程師學會,NA,Republican era,NA
73446,Chinese Institute of Engineers 中華工程師學會,NA,Republican era,NA
73449,Chinese Institute of Engineers 中華工程師學會,NA,Republican era,NA
73452,Chinese Institute of Engineers 中華工程師學會,NA,Republican era,NA
73452,Chinese Institute of Electrical Engineers 中國電機工程師學會,NA,Republican era,NA
73455,Chinese Institute of Engineers 中華工程師學會,NA,Republican era,NA
73458,Chinese Institute of Engineers 中華工程師學會,NA,Republican era,NA
73462,Chinese Institute of Engineers 中華工程師學會,NA,Republican era,NA
73468,Chinese Institute of Engineers 中華工程師學會,NA,Republican era,NA
73472,Chinese Institute of Engineers 中華工程師學會,NA,Republican era,NA
73476,Chinese Institute of Engineers 中華工程師學會,NA,Republican era,NA
73477,Chinese Institute of Engineers 中華工程師學會,NA,Republican era,NA
73480,Chinese Institute of Engineers 中華工程師學會,NA,Republican era,NA
73484,Chinese Institute of Engineers 中華工程師學會,NA,Republican era,NA
73489,Chinese Institute of Engineers 中華工程師學會,NA,Republican era,NA
73492,Chinese Institute of Engineers 中華工程師學會,NA,Republican era,NA
73495,Chinese Institute of Engineers 中華工程師學會,NA,Republican era,NA
73497,Chinese Institute of Engineers 中華工程師學會,NA,Republican era,NA
73500,Chinese Institute of Engineers 中華工程師學會,NA,Republican era,NA
73506,Chinese Institute of Engineers 中華工程師學會,NA,Republican era,NA
73509,Chinese Institute of Engineers 中華工程師學會,NA,Republican era,NA
73512,Chinese Institute of Engineers 中華工程師學會,NA,Republican era,NA
73515,Chinese Institute of Engineers 中華工程師學會,NA,Republican era,NA
73519,Chinese Institute of Engineers 中華工程師學會,NA,Republican era,NA
73523,Chinese Institute of Engineers 中華工程師學會,NA,Republican era,NA
73527,Chinese Institute of Engineers 中華工程師學會,NA,Republican era,NA
73531,Chinese Institute of Engineers 中華工程師學會,NA,Republican era,NA
73535,Chinese Institute of Engineers 中華工程師學會,NA,Republican era,NA
73538,Chinese Institute of Engineers 中華工程師學會,NA,Republican era,NA
73542,Chinese Institute of Engineers 中華工程師學會,NA,Republican era,NA
73546,Chinese Institute of Engineers 中華工程師學會,NA,Republican era,NA
73550,Chinese Institute of Engineers 中華工程師學會,NA,Republican era,NA
73553,Chinese Institute of Engineers 中華工程師學會,NA,Republican era,NA
73556,Chinese Institute of Engineers 中華工程師學會,NA,Republican era,NA
73565,Chinese Institute of Engineers 中華工程師學會,NA,Republican era,NA
73570,Chinese Institute of Engineers 中華工程師學會,NA,Republican era,NA
73571,Chinese Institute of Engineers 中華工程師學會,NA,Republican era,NA
73579,Chinese Institute of Engineers 中華工程師學會,NA,Republican era,NA
73579,China Engineering Society 中國工程學會,NA,Republican era,NA
73585,Chinese Institute of Engineers 中華工程師學會,NA,Republican era,NA
73590,Chinese Institute of Engineers 中華工程師學會,NA,Republican era,NA
73598,Chinese Institute of Engineers 中華工程師學會,NA,Republican era,NA
73605,Chinese Institute of Engineers 中華工程師學會,NA,Republican era,NA
73605,Zhongguo gongchengshi xuehui Wuhan fenhui 中國工程師學會武漢分會,NA,Republican era,NA
73609,Chinese Institute of Engineers 中華工程師學會,NA,Republican era,NA
73611,Chinese Institute of Engineers 中華工程師學會,NA,Republican era,NA
73615,Chinese Institute of Engineers 中華工程師學會,NA,Republican era,NA
73621,Chinese Institute of Engineers 中華工程師學會,NA,Republican era,NA
73625,Chinese Institute of Engineers 中華工程師學會,NA,Republican era,NA
73628,Chinese Institute of Engineers 中華工程師學會,NA,Republican era,NA
73630,Chinese Institute of Engineers 中華工程師學會,NA,Republican era,NA
73631,Chinese Institute of Engineers 中華工程師學會,NA,Republican era,NA
73633,Chinese Institute of Engineers 中華工程師學會,NA,Republican era,NA
73638,Chinese Institute of Engineers 中華工程師學會,NA,Republican era,NA
73643,Chinese Institute of Engineers 中華工程師學會,NA,Republican era,NA
73643,China Hydraulic Engineering Society 中國水利工程學會,NA,Republican era,NA
73648,Chinese Institute of Engineers 中華工程師學會,NA,Republican era,NA
73650,Chinese Institute of Electrical Engineers 中國電機工程師學會,NA,Republican era,NA
73652,Chinese Institute of Electrical Engineers 中國電機工程師學會,NA,Republican era,NA
73654,Chinese Institute of Electrical Engineers 中國電機工程師學會,NA,Republican era,NA
73656,Chinese Institute of Electrical Engineers 中國電機工程師學會,NA,Republican era,NA
73658,Chinese Institute of Electrical Engineers 中國電機工程師學會,NA,Republican era,NA
73660,Chinese Institute of Electrical Engineers 中國電機工程師學會,NA,Republican era,NA
73664,Chinese Institute of Electrical Engineers 中國電機工程師學會,NA,Republican era,NA
73666,Chinese Institute of Electrical Engineers 中國電機工程師學會,NA,Republican era,NA
73668,Chinese Institute of Electrical Engineers 中國電機工程師學會,NA,Republican era,NA
73670,Chinese Institute of Electrical Engineers 中國電機工程師學會,NA,Republican era,NA
73673,Chinese Institute of Electrical Engineers 中國電機工程師學會,NA,Republican era,NA
73675,Chinese Institute of Electrical Engineers 中國電機工程師學會,NA,Republican era,NA
73677,Chinese Institute of Electrical Engineers 中國電機工程師學會,NA,Republican era,NA
73679,Chinese Institute of Electrical Engineers 中國電機工程師學會,NA,Republican era,NA
73682,Chinese Institute of Electrical Engineers 中國電機工程師學會,NA,Republican era,NA
73684,Chinese Institute of Electrical Engineers 中國電機工程師學會,NA,Republican era,NA
73686,Chinese Institute of Electrical Engineers 中國電機工程師學會,NA,Republican era,NA
73689,Chinese Institute of Electrical Engineers 中國電機工程師學會,NA,Republican era,NA
73691,Chinese Institute of Electrical Engineers 中國電機工程師學會,NA,Republican era,NA
73693,Chinese Institute of Electrical Engineers 中國電機工程師學會,NA,Republican era,NA
73695,Chinese Institute of Engineers 中華工程師學會,NA,Republican era,NA
73697,Chinese Institute of Electrical Engineers 中國電機工程師學會,NA,Republican era,NA
73699,Chinese Institute of Engineers 中華工程師學會,NA,Republican era,NA
73700,Chinese Institute of Electrical Engineers 中國電機工程師學會,NA,Republican era,NA
73708,Chinese Institute of Engineers 中華工程師學會,NA,Republican era,NA
73709,Chinese Institute of Electrical Engineers 中國電機工程師學會,NA,Republican era,NA
73715,Chinese Institute of Engineers 中華工程師學會,NA,Republican era,NA
73717,Chinese Institute of Engineers 中華工程師學會,NA,Republican era,NA
73719,Chinese Institute of Electrical Engineers 中國電機工程師學會,NA,Republican era,NA
73724,Chinese Institute of Engineers 中華工程師學會,NA,Republican era,NA
73726,Chinese Institute of Engineers 中華工程師學會,NA,Republican era,NA
73735,Chinese Institute of Electrical Engineers 中國電機工程師學會,NA,Republican era,NA
73737,Chinese Institute of Engineers 中華工程師學會,NA,Republican era,NA
73743,Chinese Institute of Engineers 中華工程師學會,NA,Republican era,NA
73746,Chinese Institute of Engineers 中華工程師學會,NA,Republican era,NA
73766,Chinese Institute of Engineers 中華工程師學會,NA,Republican era,NA
73769,Chinese Institute of Engineers 中華工程師學會,NA,Republican era,NA
73774,Chinese Institute of Engineers 中華工程師學會,NA,Republican era,NA
73777,Chinese Institute of Engineers 中華工程師學會,NA,Republican era,NA
73779,Chinese Institute of Engineers 中華工程師學會,NA,Republican era,NA
73781,Chinese Institute of Engineers 中華工程師學會,NA,Republican era,NA
73784,Chinese Institute of Engineers 中華工程師學會,NA,Republican era,NA
73789,Chinese Institute of Engineers 中華工程師學會,NA,Republican era,NA
73792,Chinese Institute of Engineers 中華工程師學會,NA,Republican era,NA
73792,China Hydraulic Engineering Society 中國水利工程學會,NA,Republican era,NA
73795,Chinese Institute of Engineers 中華工程師學會,NA,Republican era,NA
73800,Chinese Institute of Engineers 中華工程師學會,NA,Republican era,NA
73805,Chinese Institute of Engineers 中華工程師學會,NA,Republican era,NA
73808,Chinese Institute of Engineers 中華工程師學會,NA,Republican era,NA
73813,Chinese Institute of Engineers 中華工程師學會,NA,Republican era,NA
73818,Chinese Institute of Engineers 中華工程師學會,NA,Republican era,NA
73822,Chinese Institute of Engineers 中華工程師學會,NA,Republican era,NA
73823,Chinese Institute of Engineers 中華工程師學會,NA,Republican era,NA
73826,Chinese Institute of Engineers 中華工程師學會,NA,Republican era,NA
73830,Chinese Institute of Engineers 中華工程師學會,NA,Republican era,NA
73830,China Hydraulic Engineering Society 中國水利工程學會,NA,Republican era,NA
73835,Chinese Institute of Engineers 中華工程師學會,NA,Republican era,NA
73839,Chinese Institute of Engineers 中華工程師學會,NA,Republican era,NA
73839,Zhongguo gongchengshi xuehui Wuhan fenhui 中國工程師學會武漢分會,NA,Republican era,NA
73843,Chinese Institute of Engineers 中華工程師學會,NA,Republican era,NA
73846,Chinese Institute of Engineers 中華工程師學會,NA,Republican era,NA
73848,Chinese Institute of Engineers 中華工程師學會,NA,Republican era,NA
73851,Chinese Institute of Engineers 中華工程師學會,NA,Republican era,NA
73855,Chinese Institute of Engineers 中華工程師學會,NA,Republican era,NA
73859,Chinese Institute of Engineers 中華工程師學會,NA,Republican era,NA
73859,China Hydraulic Engineering Society 中國水利工程學會,NA,Republican era,NA
73863,Chinese Institute of Engineers 中華工程師學會,NA,Republican era,NA
73865,Chinese Institute of Engineers 中華工程師學會,NA,Republican era,NA
73868,Chinese Institute of Engineers 中華工程師學會,NA,Republican era,NA
73871,Chinese Institute of Engineers 中華工程師學會,NA,Republican era,NA
73875,Chinese Institute of Engineers 中華工程師學會,NA,Republican era,NA
73879,Chinese Institute of Engineers 中華工程師學會,NA,Republican era,NA
73881,Chinese Institute of Engineers 中華工程師學會,NA,Republican era,NA
73886,Chinese Institute of Engineers 中華工程師學會,NA,Republican era,NA
73890,Chinese Institute of Engineers 中華工程師學會,NA,Republican era,NA
73896,Chinese Institute of Engineers 中華工程師學會,NA,Republican era,NA
73902,Chinese Institute of Engineers 中華工程師學會,NA,Republican era,NA
73905,Chinese Institute of Engineers 中華工程師學會,NA,Republican era,NA
73910,Chinese Institute of Electrical Engineers 中國電機工程師學會,NA,Republican era,NA
73915,Chinese Institute of Electrical Engineers 中國電機工程師學會,NA,Republican era,NA
73919,Chinese Institute of Electrical Engineers 中國電機工程師學會,NA,Republican era,NA
73926,Chinese Institute of Electrical Engineers 中國電機工程師學會,NA,Republican era,NA
73953,Chinese Institute of Electrical Engineers 中國電機工程師學會,NA,Republican era,NA
73955,Chinese Institute of Electrical Engineers 中國電機工程師學會,NA,Republican era,NA
73957,Chinese Institute of Electrical Engineers 中國電機工程師學會,NA,Republican era,NA
73960,Chinese Institute of Electrical Engineers 中國電機工程師學會,NA,Republican era,NA
73962,Chinese Institute of Electrical Engineers 中國電機工程師學會,NA,Republican era,NA
73964,Chinese Institute of Electrical Engineers 中國電機工程師學會,NA,Republican era,NA
73967,Chinese Institute of Electrical Engineers 中國電機工程師學會,NA,Republican era,NA
73970,Chinese Institute of Electrical Engineers 中國電機工程師學會,NA,Republican era,NA
73973,Chinese Institute of Electrical Engineers 中國電機工程師學會,NA,Republican era,NA
73980,Chinese Institute of Electrical Engineers 中國電機工程師學會,NA,Republican era,NA
73982,Chinese Institute of Electrical Engineers 中國電機工程師學會,NA,Republican era,NA
73984,Chinese Institute of Electrical Engineers 中國電機工程師學會,NA,Republican era,NA
73986,Chinese Institute of Electrical Engineers 中國電機工程師學會,NA,Republican era,NA
73992,Chinese Institute of Electrical Engineers 中國電機工程師學會,NA,Republican era,NA
73996,Chinese Institute of Electrical Engineers 中國電機工程師學會,NA,Republican era,NA
74007,Chinese Institute of Electrical Engineers 中國電機工程師學會,NA,Republican era,NA
74008,Chinese Institute of Electrical Engineers 中國電機工程師學會,NA,Republican era,NA
74020,Chinese Institute of Electrical Engineers 中國電機工程師學會,NA,Republican era,NA
74024,Chinese Institute of Electrical Engineers 中國電機工程師學會,NA,Republican era,NA
74027,Chinese Institute of Electrical Engineers 中國電機工程師學會,NA,Republican era,NA
74028,Chinese Institute of Electrical Engineers 中國電機工程師學會,NA,Republican era,NA
74031,Chinese Institute of Electrical Engineers 中國電機工程師學會,NA,Republican era,NA
74036,Chinese Institute of Electrical Engineers 中國電機工程師學會,NA,Republican era,NA
74039,Chinese Institute of Electrical Engineers 中國電機工程師學會,NA,Republican era,NA
74043,Chinese Institute of Electrical Engineers 中國電機工程師學會,NA,Republican era,NA
74048,Chinese Institute of Electrical Engineers 中國電機工程師學會,NA,Republican era,NA
74050,Chinese Institute of Electrical Engineers 中國電機工程師學會,NA,Republican era,NA
74052,Chinese Institute of Engineers 中華工程師學會,NA,Republican era,NA
74054,Chinese Institute of Engineers 中華工程師學會,NA,Republican era,NA
74059,Chinese Institute of Engineers 中華工程師學會,NA,Republican era,NA
74065,Chinese Institute of Engineers 中華工程師學會,NA,Republican era,NA
74072,Chinese Institute of Engineers 中華工程師學會,NA,Republican era,NA
74075,Chinese Institute of Engineers 中華工程師學會,NA,Republican era,NA
74079,Chinese Institute of Engineers 中華工程師學會,NA,Republican era,NA
74082,Chinese Institute of Engineers 中華工程師學會,NA,Republican era,NA
74086,Chinese Institute of Engineers 中華工程師學會,NA,Republican era,NA
74089,Chinese Institute of Engineers 中華工程師學會,NA,Republican era,NA
74093,Chinese Institute of Engineers 中華工程師學會,NA,Republican era,NA
74097,Chinese Institute of Engineers 中華工程師學會,NA,Republican era,NA
74100,Chinese Institute of Engineers 中華工程師學會,NA,Republican era,NA
74102,Chinese Institute of Engineers 中華工程師學會,NA,Republican era,NA
74105,Chinese Institute of Engineers 中華工程師學會,NA,Republican era,NA
74111,Chinese Institute of Engineers 中華工程師學會,NA,Republican era,NA
74113,Chinese Institute of Engineers 中華工程師學會,NA,Republican era,NA
74117,Chinese Institute of Engineers 中華工程師學會,NA,Republican era,NA
74119,Chinese Institute of Engineers 中華工程師學會,NA,Republican era,NA
74121,Chinese Institute of Engineers 中華工程師學會,NA,Republican era,NA
74124,Chinese Institute of Engineers 中華工程師學會,NA,Republican era,NA
74127,Chinese Institute of Engineers 中華工程師學會,NA,Republican era,NA
74129,Chinese Institute of Engineers 中華工程師學會,NA,Republican era,NA
74137,Chinese Institute of Engineers 中華工程師學會,NA,Republican era,NA
74143,Chinese Institute of Engineers 中華工程師學會,NA,Republican era,NA
74146,Chinese Institute of Engineers 中華工程師學會,NA,Republican era,NA
74152,Chinese Institute of Engineers 中華工程師學會,NA,Republican era,NA
74156,Chinese Institute of Engineers 中華工程師學會,NA,Republican era,NA
74161,Chinese Institute of Engineers 中華工程師學會,NA,Republican era,NA
74165,Chinese Institute of Engineers 中華工程師學會,NA,Republican era,NA
74170,Chinese Institute of Engineers 中華工程師學會,NA,Republican era,NA
74176,Chinese Institute of Engineers 中華工程師學會,NA,Republican era,NA
74181,Chinese Institute of Engineers 中華工程師學會,NA,Republican era,NA
74185,Chinese Institute of Engineers 中華工程師學會,NA,Republican era,NA
74189,Chinese Institute of Engineers 中華工程師學會,NA,Republican era,NA
74193,Chinese Institute of Engineers 中華工程師學會,NA,Republican era,NA
74197,Chinese Institute of Engineers 中華工程師學會,NA,Republican era,NA
74199,Chinese Institute of Engineers 中華工程師學會,NA,Republican era,NA
74204,Chinese Institute of Engineers 中華工程師學會,NA,Republican era,NA
74207,Chinese Institute of Engineers 中華工程師學會,NA,Republican era,NA
74209,Chinese Institute of Engineers 中華工程師學會,NA,Republican era,NA
74213,Chinese Institute of Engineers 中華工程師學會,NA,Republican era,NA
74217,Chinese Institute of Engineers 中華工程師學會,NA,Republican era,NA
74220,Chinese Institute of Engineers 中華工程師學會,NA,Republican era,NA
74223,Chinese Institute of Engineers 中華工程師學會,NA,Republican era,NA
74226,Chinese Institute of Engineers 中華工程師學會,NA,Republican era,NA
74230,Chinese Institute of Engineers 中華工程師學會,NA,Republican era,NA
74234,Chinese Institute of Engineers 中華工程師學會,NA,Republican era,NA
74237,Chinese Institute of Engineers 中華工程師學會,NA,Republican era,NA
74242,Chinese Institute of Engineers 中華工程師學會,NA,Republican era,NA
74245,Chinese Institute of Engineers 中華工程師學會,NA,Republican era,NA
74250,Chinese Institute of Engineers 中華工程師學會,NA,Republican era,NA
74253,Chinese Institute of Engineers 中華工程師學會,NA,Republican era,NA
74256,Chinese Institute of Engineers 中華工程師學會,NA,Republican era,NA
74259,Chinese Institute of Engineers 中華工程師學會,NA,Republican era,NA
74262,Chinese Institute of Engineers 中華工程師學會,NA,Republican era,NA
74265,Chinese Institute of Engineers 中華工程師學會,NA,Republican era,NA
74268,Chinese Institute of Engineers 中華工程師學會,NA,Republican era,NA
74270,Chinese Institute of Engineers 中華工程師學會,NA,Republican era,NA
74272,Chinese Institute of Engineers 中華工程師學會,NA,Republican era,NA
74273,Chinese Institute of Engineers 中華工程師學會,NA,Republican era,NA
74274,Chinese Institute of Engineers 中華工程師學會,NA,Republican era,NA
74276,Chinese Institute of Engineers 中華工程師學會,NA,Republican era,NA
74278,Chinese Institute of Engineers 中華工程師學會,NA,Republican era,NA
74282,Chinese Institute of Engineers 中華工程師學會,NA,Republican era,NA
74284,Chinese Institute of Engineers 中華工程師學會,NA,Republican era,NA
74289,Chinese Institute of Engineers 中華工程師學會,NA,Republican era,NA
74290,Chinese Institute of Engineers 中華工程師學會,NA,Republican era,NA
74292,Chinese Institute of Engineers 中華工程師學會,NA,Republican era,NA
74293,Chinese Institute of Engineers 中華工程師學會,NA,Republican era,NA
74296,Chinese Institute of Engineers 中華工程師學會,NA,Republican era,NA
74298,Chinese Institute of Engineers 中華工程師學會,NA,Republican era,NA
74300,Chinese Institute of Engineers 中華工程師學會,NA,Republican era,NA
74303,Chinese Institute of Engineers 中華工程師學會,NA,Republican era,NA
74305,Chinese Institute of Engineers 中華工程師學會,NA,Republican era,NA
74310,Chinese Institute of Engineers 中華工程師學會,NA,Republican era,NA
74311,Chinese Institute of Engineers 中華工程師學會,NA,Republican era,NA
74314,Chinese Institute of Engineers 中華工程師學會,NA,Republican era,NA
74315,Chinese Institute of Engineers 中華工程師學會,NA,Republican era,NA
74317,Chinese Institute of Engineers 中華工程師學會,NA,Republican era,NA
74321,Chinese Institute of Engineers 中華工程師學會,NA,Republican era,NA
74324,Chinese Institute of Engineers 中華工程師學會,NA,Republican era,NA
74325,Chinese Institute of Engineers 中華工程師學會,NA,Republican era,NA
74327,Chinese Institute of Engineers 中華工程師學會,NA,Republican era,NA
74334,Chinese Institute of Electrical Engineers 中國電機工程師學會,NA,Republican era,NA
74339,Chinese Institute of Electrical Engineers 中國電機工程師學會,NA,Republican era,NA
74344,Chinese Institute of Electrical Engineers 中國電機工程師學會,NA,Republican era,NA
74347,Chinese Institute of Electrical Engineers 中國電機工程師學會,NA,Republican era,NA
74351,Chinese Institute of Electrical Engineers 中國電機工程師學會,NA,Republican era,NA
74355,Chinese Institute of Electrical Engineers 中國電機工程師學會,NA,Republican era,NA
74453,Chinese Institute of Electrical Engineers 中國電機工程師學會,NA,Republican era,NA
74456,Chinese Institute of Electrical Engineers 中國電機工程師學會,NA,Republican era,NA
74457,Chinese Institute of Electrical Engineers 中國電機工程師學會,NA,Republican era,NA
74462,Chinese Institute of Electrical Engineers 中國電機工程師學會,NA,Republican era,NA
74465,Chinese Institute of Electrical Engineers 中國電機工程師學會,NA,Republican era,NA
74495,NA,NA,Republican era,NA
74511,NA,NA,Republican era,NA
74519,NA,NA,Republican era,NA
74555,NA,NA,Republican era,NA
74589,NA,NA,Republican era,NA
74625,NA,NA,Republican era,NA
74646,China Hydraulic Engineering Society 中國水利工程學會,NA,Republican era,NA
74680,NA,NA,Republican era,NA
74832,NA,NA,Republican era,NA
74840,NA,NA,Republican era,NA
74901,NA,NA,Republican era,NA
74938,NA,NA,Republican era,NA
74955,NA,NA,Republican era,NA
74982,Chinese Institute of Electrical Engineers 中國電機工程師學會,NA,Republican era,NA
74988,Chinese Institute of Electrical Engineers 中國電機工程師學會,NA,Republican era,NA
74995,Chinese Institute of Electrical Engineers 中國電機工程師學會,NA,Republican era,NA
74998,Chinese Institute of Electrical Engineers 中國電機工程師學會,NA,Republican era,NA
75006,Chinese Institute of Electrical Engineers 中國電機工程師學會,NA,Republican era,NA
75009,NA,NA,Republican era,NA
75014,Chinese Institute of Electrical Engineers 中國電機工程師學會,NA,Republican era,NA
75020,Chinese Institute of Electrical Engineers 中國電機工程師學會,NA,Republican era,NA
75023,Chinese Institute of Electrical Engineers 中國電機工程師學會,NA,Republican era,NA
75031,Chinese Institute of Electrical Engineers 中國電機工程師學會,NA,Republican era,NA
75033,Chinese Institute of Electrical Engineers 中國電機工程師學會,NA,Republican era,NA
75040,Chinese Institute of Electrical Engineers 中國電機工程師學會,NA,Republican era,NA
75043,Chinese Institute of Electrical Engineers 中國電機工程師學會,NA,Republican era,NA
75046,Chinese Institute of Electrical Engineers 中國電機工程師學會,NA,Republican era,NA
75049,Chinese Institute of Electrical Engineers 中國電機工程師學會,NA,Republican era,NA
75051,Chinese Institute of Electrical Engineers 中國電機工程師學會,NA,Republican era,NA
75053,Institute of Naval Architects London,NA,Republican era,NA
75053,Society of Naval Architects and Marine Engineers of America,NA,Republican era,NA
75087,Association of Chinese and American Engineers,NA,Republican era,NA
75087,Chinese Institute of Engineers 中華工程師學會,NA,Republican era,NA
75120,Chinese Institute of Electrical Engineers 中國電機工程師學會,NA,Republican era,NA
75124,Chinese Institute of Electrical Engineers 中國電機工程師學會,NA,Republican era,NA
75126,Chinese Institute of Electrical Engineers 中國電機工程師學會,NA,Republican era,NA
75129,Chinese Institute of Electrical Engineers 中國電機工程師學會,NA,Republican era,NA
75131,Chinese Institute of Electrical Engineers 中國電機工程師學會,NA,Republican era,NA
75134,Chinese Institute of Electrical Engineers 中國電機工程師學會,NA,Republican era,NA
75136,Chinese Institute of Electrical Engineers 中國電機工程師學會,NA,Republican era,NA
75138,Chinese Institute of Electrical Engineers 中國電機工程師學會,NA,Republican era,NA
75140,China Engineering Society 中國工程學會,NA,Republican era,NA
75169,Chinese Institute of Electrical Engineers 中國電機工程師學會,NA,Republican era,NA
75171,Chinese Institute of Electrical Engineers 中國電機工程師學會,NA,Republican era,NA
75173,Chinese Institute of Electrical Engineers 中國電機工程師學會,NA,Republican era,NA
75175,Chinese Institute of Electrical Engineers 中國電機工程師學會,NA,Republican era,NA
75178,Chinese Institute of Electrical Engineers 中國電機工程師學會,NA,Republican era,NA
75182,Chinese Institute of Electrical Engineers 中國電機工程師學會,NA,Republican era,NA
75185,NA,NA,Republican era,NA
75214,NA,NA,Republican era,NA
75249,China Colourists’ Association 中國染化工程學會,NA,Republican era,NA
75251,China Colourists’ Association 中國染化工程學會,NA,Republican era,NA
75252,China Colourists’ Association 中國染化工程學會,NA,Republican era,NA
75253,China Colourists’ Association 中國染化工程學會,NA,Republican era,NA
75255,China Colourists’ Association 中國染化工程學會,NA,Republican era,NA
75256,China Colourists’ Association 中國染化工程學會,NA,Republican era,NA
75258,China Colourists’ Association 中國染化工程學會,NA,Republican era,NA
75260,China Colourists’ Association 中國染化工程學會,NA,Republican era,NA
75261,China Colourists’ Association 中國染化工程學會,NA,Republican era,NA
75262,China Colourists’ Association 中國染化工程學會,NA,Republican era,NA
75263,China Colourists’ Association 中國染化工程學會,NA,Republican era,NA
75264,China Colourists’ Association 中國染化工程學會,NA,Republican era,NA
75266,China Colourists’ Association 中國染化工程學會,NA,Republican era,NA
75271,China Colourists’ Association 中國染化工程學會,NA,Republican era,NA
75276,China Colourists’ Association 中國染化工程學會,NA,Republican era,NA
75277,China Colourists’ Association 中國染化工程學會,NA,Republican era,NA
75278,China Colourists’ Association 中國染化工程學會,NA,Republican era,NA
75285,China Colourists’ Association 中國染化工程學會,NA,Republican era,NA
75286,China Colourists’ Association 中國染化工程學會,NA,Republican era,NA
75287,China Colourists’ Association 中國染化工程學會,NA,Republican era,NA
75289,China Colourists’ Association 中國染化工程學會,NA,Republican era,NA
75304,NA,NA,Republican era,NA
75331,NA,NA,Republican era,NA
75362,NA,NA,Republican era,NA
75377,NA,NA,Republican era,NA
75468,China Colourists’ Association 中國染化工程學會,NA,Republican era,NA
75469,China Colourists’ Association 中國染化工程學會,NA,Republican era,NA
75470,China Colourists’ Association 中國染化工程學會,NA,Republican era,NA
75472,China Colourists’ Association 中國染化工程學會,NA,Republican era,NA
75474,China Colourists’ Association 中國染化工程學會,NA,Republican era,NA
75475,China Colourists’ Association 中國染化工程學會,NA,Republican era,NA
75477,China Colourists’ Association 中國染化工程學會,NA,Republican era,NA
75478,China Colourists’ Association 中國染化工程學會,NA,Republican era,NA
75480,China Colourists’ Association 中國染化工程學會,NA,Republican era,NA
75481,China Colourists’ Association 中國染化工程學會,NA,Republican era,NA
75482,China Colourists’ Association 中國染化工程學會,NA,Republican era,NA
75483,China Colourists’ Association 中國染化工程學會,NA,Republican era,NA
75484,China Colourists’ Association 中國染化工程學會,NA,Republican era,NA
75486,China Colourists’ Association 中國染化工程學會,NA,Republican era,NA
75487,China Colourists’ Association 中國染化工程學會,NA,Republican era,NA
75488,China Colourists’ Association 中國染化工程學會,NA,Republican era,NA
75489,China Colourists’ Association 中國染化工程學會,NA,Republican era,NA
75490,China Colourists’ Association 中國染化工程學會,NA,Republican era,NA
75491,China Colourists’ Association 中國染化工程學會,NA,Republican era,NA
75492,China Colourists’ Association 中國染化工程學會,NA,Republican era,NA
75495,China Colourists’ Association 中國染化工程學會,NA,Republican era,NA
75496,China Colourists’ Association 中國染化工程學會,NA,Republican era,NA
75497,China Colourists’ Association 中國染化工程學會,NA,Republican era,NA
75498,China Colourists’ Association 中國染化工程學會,NA,Republican era,NA
75499,China Colourists’ Association 中國染化工程學會,NA,Republican era,NA
75500,China Colourists’ Association 中國染化工程學會,NA,Republican era,NA
75501,Chinese Institute of Electrical Engineers 中國電機工程師學會,NA,Republican era,NA
75504,Chinese Institute of Electrical Engineers 中國電機工程師學會,NA,Republican era,NA
75506,Chinese Institute of Electrical Engineers 中國電機工程師學會,NA,Republican era,NA
75508,Chinese Institute of Electrical Engineers 中國電機工程師學會,NA,Republican era,NA
75512,Chinese Institute of Electrical Engineers 中國電機工程師學會,NA,Republican era,NA
75514,Chinese Institute of Electrical Engineers 中國電機工程師學會,NA,Republican era,NA
75516,Chinese Institute of Electrical Engineers 中國電機工程師學會,NA,Republican era,NA
75518,Chinese Institute of Electrical Engineers 中國電機工程師學會,NA,Republican era,NA
75520,Chinese Institute of Electrical Engineers 中國電機工程師學會,NA,Republican era,NA
75522,Chinese Institute of Electrical Engineers 中國電機工程師學會,NA,Republican era,NA
75524,Chinese Institute of Electrical Engineers 中國電機工程師學會,NA,Republican era,NA
75527,Chinese Institute of Electrical Engineers 中國電機工程師學會,NA,Republican era,NA
75529,Chinese Institute of Electrical Engineers 中國電機工程師學會,NA,Republican era,NA
75533,Chinese Institute of Electrical Engineers 中國電機工程師學會,NA,Republican era,NA
75535,Chinese Institute of Electrical Engineers 中國電機工程師學會,NA,Republican era,NA
75538,Chinese Institute of Electrical Engineers 中國電機工程師學會,NA,Republican era,NA
75540,Chinese Institute of Electrical Engineers 中國電機工程師學會,NA,Republican era,NA
75542,Chinese Institute of Electrical Engineers 中國電機工程師學會,NA,Republican era,NA
75544,Chinese Institute of Electrical Engineers 中國電機工程師學會,NA,Republican era,NA
75547,Chinese Institute of Electrical Engineers 中國電機工程師學會,NA,Republican era,NA
75551,China Colourists’ Association 中國染化工程學會,NA,Republican era,NA
75552,China Colourists’ Association 中國染化工程學會,NA,Republican era,NA
75553,China Colourists’ Association 中國染化工程學會,NA,Republican era,NA
75555,Chinese Institute of Electrical Engineers 中國電機工程師學會,NA,Republican era,NA
75559,Chinese Institute of Electrical Engineers 中國電機工程師學會,NA,Republican era,NA
75560,China Colourists’ Association 中國染化工程學會,NA,Republican era,NA
75563,China Colourists’ Association 中國染化工程學會,NA,Republican era,NA
75566,China Colourists’ Association 中國染化工程學會,NA,Republican era,NA
75568,Chinese Institute of Electrical Engineers 中國電機工程師學會,NA,Republican era,NA
75570,China Colourists’ Association 中國染化工程學會,NA,Republican era,NA
75571,China Colourists’ Association 中國染化工程學會,NA,Republican era,NA
75572,Chinese Institute of Electrical Engineers 中國電機工程師學會,NA,Republican era,NA
75573,China Colourists’ Association 中國染化工程學會,NA,Republican era,NA
75575,China Colourists’ Association 中國染化工程學會,NA,Republican era,NA
75576,Chinese Institute of Electrical Engineers 中國電機工程師學會,NA,Republican era,NA
75577,China Colourists’ Association 中國染化工程學會,NA,Republican era,NA
75579,China Colourists’ Association 中國染化工程學會,NA,Republican era,NA
75580,China Colourists’ Association 中國染化工程學會,NA,Republican era,NA
75581,China Colourists’ Association 中國染化工程學會,NA,Republican era,NA
75582,China Colourists’ Association 中國染化工程學會,NA,Republican era,NA
75583,China Colourists’ Association 中國染化工程學會,NA,Republican era,NA
75584,China Colourists’ Association 中國染化工程學會,NA,Republican era,NA
75585,China Colourists’ Association 中國染化工程學會,NA,Republican era,NA
75586,China Colourists’ Association 中國染化工程學會,NA,Republican era,NA
75587,China Colourists’ Association 中國染化工程學會,NA,Republican era,NA
75588,China Colourists’ Association 中國染化工程學會,NA,Republican era,NA
75589,China Colourists’ Association 中國染化工程學會,NA,Republican era,NA
75590,China Colourists’ Association 中國染化工程學會,NA,Republican era,NA
75591,China Colourists’ Association 中國染化工程學會,NA,Republican era,NA
75592,China Colourists’ Association 中國染化工程學會,NA,Republican era,NA
75593,China Colourists’ Association 中國染化工程學會,NA,Republican era,NA
75594,China Colourists’ Association 中國染化工程學會,NA,Republican era,NA
75596,China Colourists’ Association 中國染化工程學會,NA,Republican era,NA
75597,China Colourists’ Association 中國染化工程學會,NA,Republican era,NA
75598,China Colourists’ Association 中國染化工程學會,NA,Republican era,NA
75599,China Colourists’ Association 中國染化工程學會,NA,Republican era,NA
75601,China Colourists’ Association 中國染化工程學會,NA,Republican era,NA
75602,China Colourists’ Association 中國染化工程學會,NA,Republican era,NA
75603,China Colourists’ Association 中國染化工程學會,NA,Republican era,NA
75604,China Colourists’ Association 中國染化工程學會,NA,Republican era,NA
75605,China Colourists’ Association 中國染化工程學會,NA,Republican era,NA
75606,China Colourists’ Association 中國染化工程學會,NA,Republican era,NA
75607,China Colourists’ Association 中國染化工程學會,NA,Republican era,NA
75608,China Colourists’ Association 中國染化工程學會,NA,Republican era,NA
75609,China Colourists’ Association 中國染化工程學會,NA,Republican era,NA
75610,China Colourists’ Association 中國染化工程學會,NA,Republican era,NA
75611,China Colourists’ Association 中國染化工程學會,NA,Republican era,NA
75612,China Colourists’ Association 中國染化工程學會,NA,Republican era,NA
75613,China Colourists’ Association 中國染化工程學會,NA,Republican era,NA
75614,China Colourists’ Association 中國染化工程學會,NA,Republican era,NA
75615,China Colourists’ Association 中國染化工程學會,NA,Republican era,NA
75616,China Colourists’ Association 中國染化工程學會,NA,Republican era,NA
75617,China Colourists’ Association 中國染化工程學會,NA,Republican era,NA
75618,China Colourists’ Association 中國染化工程學會,NA,Republican era,NA
75619,China Colourists’ Association 中國染化工程學會,NA,Republican era,NA
75620,China Colourists’ Association 中國染化工程學會,NA,Republican era,NA
75622,China Colourists’ Association 中國染化工程學會,NA,Republican era,NA
75624,China Colourists’ Association 中國染化工程學會,NA,Republican era,NA
75625,China Colourists’ Association 中國染化工程學會,NA,Republican era,NA
75680,Chinese Institute of Electrical Engineers 中國電機工程師學會,NA,Republican era,NA
75682,Chinese Institute of Electrical Engineers 中國電機工程師學會,NA,Republican era,NA
75686,Chinese Institute of Electrical Engineers 中國電機工程師學會,NA,Republican era,NA
75693,Chinese Institute of Electrical Engineers 中國電機工程師學會,NA,Republican era,NA
75695,Chinese Institute of Electrical Engineers 中國電機工程師學會,NA,Republican era,NA
75700,Chinese Institute of Electrical Engineers 中國電機工程師學會,NA,Republican era,NA
75704,Chinese Institute of Electrical Engineers 中國電機工程師學會,NA,Republican era,NA
75706,Chinese Institute of Electrical Engineers 中國電機工程師學會,NA,Republican era,NA
75721,NA,NA,Republican era,NA
75754,National Railway Association of China,NA,Republican era,NA
75754,National Chinese Society for Road Construction 中華全國道路建設協會,NA,Republican era,NA
75754,Economic Society of China,NA,Republican era,NA
75777,China Colourists’ Association 中國染化工程學會,NA,Republican era,NA
75778,China Colourists’ Association 中國染化工程學會,NA,Republican era,NA
75779,China Colourists’ Association 中國染化工程學會,NA,Republican era,NA
75780,China Colourists’ Association 中國染化工程學會,NA,Republican era,NA
75782,China Colourists’ Association 中國染化工程學會,NA,Republican era,NA
75783,China Colourists’ Association 中國染化工程學會,NA,Republican era,NA
75784,China Colourists’ Association 中國染化工程學會,NA,Republican era,NA
75785,China Colourists’ Association 中國染化工程學會,NA,Republican era,NA
75786,China Colourists’ Association 中國染化工程學會,NA,Republican era,NA
75787,China Colourists’ Association 中國染化工程學會,NA,Republican era,NA
75788,China Colourists’ Association 中國染化工程學會,NA,Republican era,NA
75789,China Colourists’ Association 中國染化工程學會,NA,Republican era,NA
75790,China Colourists’ Association 中國染化工程學會,NA,Republican era,NA
75791,China Colourists’ Association 中國染化工程學會,NA,Republican era,NA
75792,China Colourists’ Association 中國染化工程學會,NA,Republican era,NA
75793,China Colourists’ Association 中國染化工程學會,NA,Republican era,NA
75794,China Colourists’ Association 中國染化工程學會,NA,Republican era,NA
75796,China Colourists’ Association 中國染化工程學會,NA,Republican era,NA
75797,China Colourists’ Association 中國染化工程學會,NA,Republican era,NA
75798,China Colourists’ Association 中國染化工程學會,NA,Republican era,NA
75799,China Colourists’ Association 中國染化工程學會,NA,Republican era,NA
75800,China Colourists’ Association 中國染化工程學會,NA,Republican era,NA
75801,China Colourists’ Association 中國染化工程學會,NA,Republican era,NA
75802,China Colourists’ Association 中國染化工程學會,NA,Republican era,NA
75803,Chinese Institute of Electrical Engineers 中國電機工程師學會,NA,Republican era,NA
75805,Chinese Institute of Electrical Engineers 中國電機工程師學會,NA,Republican era,NA
75808,Chinese Institute of Electrical Engineers 中國電機工程師學會,NA,Republican era,NA
75810,Chinese Institute of Electrical Engineers 中國電機工程師學會,NA,Republican era,NA
75812,Chinese Institute of Electrical Engineers 中國電機工程師學會,NA,Republican era,NA
75814,Chinese Institute of Electrical Engineers 中國電機工程師學會,NA,Republican era,NA
75816,Chinese Institute of Electrical Engineers 中國電機工程師學會,NA,Republican era,NA
75819,Chinese Institute of Electrical Engineers 中國電機工程師學會,NA,Republican era,NA
75824,Chinese Institute of Electrical Engineers 中國電機工程師學會,NA,Republican era,NA
75826,Chinese Institute of Electrical Engineers 中國電機工程師學會,NA,Republican era,NA
75826,Zhongguo gongchengshi xuehui Wuhan fenhui 中國工程師學會武漢分會,NA,Republican era,NA
75829,Chinese Institute of Electrical Engineers 中國電機工程師學會,NA,Republican era,NA
75829,Zhongguo gongchengshi xuehui Wuhan fenhui 中國工程師學會武漢分會,NA,Republican era,NA
75831,Chinese Institute of Electrical Engineers 中國電機工程師學會,NA,Republican era,NA
75833,Chinese Institute of Electrical Engineers 中國電機工程師學會,NA,Republican era,NA
75836,Chinese Institute of Electrical Engineers 中國電機工程師學會,NA,Republican era,NA
75838,Chinese Institute of Electrical Engineers 中國電機工程師學會,NA,Republican era,NA
75840,Chinese Institute of Electrical Engineers 中國電機工程師學會,NA,Republican era,NA
75843,China Colourists’ Association 中國染化工程學會,NA,Republican era,NA
75844,China Colourists’ Association 中國染化工程學會,NA,Republican era,NA
75845,China Colourists’ Association 中國染化工程學會,NA,Republican era,NA
75846,China Colourists’ Association 中國染化工程學會,NA,Republican era,NA
75847,China Colourists’ Association 中國染化工程學會,NA,Republican era,NA
75848,China Colourists’ Association 中國染化工程學會,NA,Republican era,NA
75849,NA,NA,Republican era,NA
75850,China Colourists’ Association 中國染化工程學會,NA,Republican era,NA
75851,China Colourists’ Association 中國染化工程學會,NA,Republican era,NA
75852,NA,NA,Republican era,NA
75853,China Colourists’ Association 中國染化工程學會,NA,Republican era,NA
75854,China Colourists’ Association 中國染化工程學會,NA,Republican era,NA
75855,China Colourists’ Association 中國染化工程學會,NA,Republican era,NA
75856,China Colourists’ Association 中國染化工程學會,NA,Republican era,NA
75857,China Colourists’ Association 中國染化工程學會,NA,Republican era,NA
75858,China Colourists’ Association 中國染化工程學會,NA,Republican era,NA
75859,China Colourists’ Association 中國染化工程學會,NA,Republican era,NA
75860,China Colourists’ Association 中國染化工程學會,NA,Republican era,NA
75862,China Colourists’ Association 中國染化工程學會,NA,Republican era,NA
75863,China Colourists’ Association 中國染化工程學會,NA,Republican era,NA
75864,China Colourists’ Association 中國染化工程學會,NA,Republican era,NA
75865,China Colourists’ Association 中國染化工程學會,NA,Republican era,NA
75866,China Colourists’ Association 中國染化工程學會,NA,Republican era,NA
75868,China Colourists’ Association 中國染化工程學會,NA,Republican era,NA
75869,China Colourists’ Association 中國染化工程學會,NA,Republican era,NA
75870,China Colourists’ Association 中國染化工程學會,NA,Republican era,NA
75871,China Colourists’ Association 中國染化工程學會,NA,Republican era,NA
75872,China Colourists’ Association 中國染化工程學會,NA,Republican era,NA
75873,NA,NA,Republican era,NA
75939,China Engineering Society 中國工程學會,NA,Republican era,NA
75939,China Hydraulic Engineering Society 中國水利工程學會,NA,Republican era,NA
75952,NA,NA,Republican era,NA
75962,NA,NA,Republican era,NA
75976,NA,NA,Republican era,NA
76018,Chinese Institute of Electrical Engineers 中國電機工程師學會,NA,Republican era,NA
76020,Chinese Institute of Electrical Engineers 中國電機工程師學會,NA,Republican era,NA
76021,China Colourists’ Association 中國染化工程學會,NA,Republican era,NA
76022,China Colourists’ Association 中國染化工程學會,NA,Republican era,NA
76024,China Colourists’ Association 中國染化工程學會,NA,Republican era,NA
76025,Chinese Institute of Electrical Engineers 中國電機工程師學會,NA,Republican era,NA
76027,China Colourists’ Association 中國染化工程學會,NA,Republican era,NA
76028,China Colourists’ Association 中國染化工程學會,NA,Republican era,NA
76029,Chinese Institute of Electrical Engineers 中國電機工程師學會,NA,Republican era,NA
76031,Chinese Institute of Electrical Engineers 中國電機工程師學會,NA,Republican era,NA
76033,Chinese Institute of Electrical Engineers 中國電機工程師學會,NA,Republican era,NA
76035,China Colourists’ Association 中國染化工程學會,NA,Republican era,NA
76036,Chinese Institute of Electrical Engineers 中國電機工程師學會,NA,Republican era,NA
76038,Chinese Institute of Electrical Engineers 中國電機工程師學會,NA,Republican era,NA
76040,Chinese Institute of Electrical Engineers 中國電機工程師學會,NA,Republican era,NA
76042,China Colourists’ Association 中國染化工程學會,NA,Republican era,NA
76043,Chinese Institute of Electrical Engineers 中國電機工程師學會,NA,Republican era,NA
76047,China Colourists’ Association 中國染化工程學會,NA,Republican era,NA
76048,China Colourists’ Association 中國染化工程學會,NA,Republican era,NA
76049,China Colourists’ Association 中國染化工程學會,NA,Republican era,NA
76050,China Colourists’ Association 中國染化工程學會,NA,Republican era,NA
76051,China Colourists’ Association 中國染化工程學會,NA,Republican era,NA
76053,Chinese Institute of Electrical Engineers 中國電機工程師學會,NA,Republican era,NA
76055,Chinese Institute of Electrical Engineers 中國電機工程師學會,NA,Republican era,NA
76057,Chinese Institute of Electrical Engineers 中國電機工程師學會,NA,Republican era,NA
76060,Chinese Institute of Electrical Engineers 中國電機工程師學會,NA,Republican era,NA
76062,Chinese Institute of Electrical Engineers 中國電機工程師學會,NA,Republican era,NA
76065,Chinese Institute of Electrical Engineers 中國電機工程師學會,NA,Republican era,NA
76069,Chinese Institute of Electrical Engineers 中國電機工程師學會,NA,Republican era,NA
76072,Chinese Institute of Electrical Engineers 中國電機工程師學會,NA,Republican era,NA
76074,Chinese Institute of Electrical Engineers 中國電機工程師學會,NA,Republican era,NA
76076,Chinese Institute of Electrical Engineers 中國電機工程師學會,NA,Republican era,NA
76078,Chinese Institute of Electrical Engineers 中國電機工程師學會,NA,Republican era,NA
76081,Chinese Institute of Electrical Engineers 中國電機工程師學會,NA,Republican era,NA
76083,Chinese Institute of Electrical Engineers 中國電機工程師學會,NA,Republican era,NA
76085,Chinese Institute of Electrical Engineers 中國電機工程師學會,NA,Republican era,NA
76088,Chinese Institute of Electrical Engineers 中國電機工程師學會,NA,Republican era,NA
76091,Chinese Institute of Electrical Engineers 中國電機工程師學會,NA,Republican era,NA
76093,Chinese Institute of Electrical Engineers 中國電機工程師學會,NA,Republican era,NA
76095,Chinese Institute of Electrical Engineers 中國電機工程師學會,NA,Republican era,NA
76098,Chinese Institute of Electrical Engineers 中國電機工程師學會,NA,Republican era,NA
76102,Chinese Institute of Electrical Engineers 中國電機工程師學會,NA,Republican era,NA
76104,China Colourists’ Association 中國染化工程學會,NA,Republican era,NA
76105,China Colourists’ Association 中國染化工程學會,NA,Republican era,NA
76106,China Colourists’ Association 中國染化工程學會,NA,Republican era,NA
76107,China Colourists’ Association 中國染化工程學會,NA,Republican era,NA
76108,China Colourists’ Association 中國染化工程學會,NA,Republican era,NA
76109,China Colourists’ Association 中國染化工程學會,NA,Republican era,NA
76110,China Colourists’ Association 中國染化工程學會,NA,Republican era,NA
76111,China Colourists’ Association 中國染化工程學會,NA,Republican era,NA
76112,China Colourists’ Association 中國染化工程學會,NA,Republican era,NA
76113,China Colourists’ Association 中國染化工程學會,NA,Republican era,NA
76114,China Colourists’ Association 中國染化工程學會,NA,Republican era,NA
76115,China Colourists’ Association 中國染化工程學會,NA,Republican era,NA
76116,China Colourists’ Association 中國染化工程學會,NA,Republican era,NA
76117,China Colourists’ Association 中國染化工程學會,NA,Republican era,NA
76118,China Colourists’ Association 中國染化工程學會,NA,Republican era,NA
76120,Chinese Institute of Electrical Engineers 中國電機工程師學會,NA,Republican era,NA
76124,Chinese Institute of Electrical Engineers 中國電機工程師學會,NA,Republican era,NA
76126,Chinese Institute of Electrical Engineers 中國電機工程師學會,NA,Republican era,NA
76128,Chinese Institute of Electrical Engineers 中國電機工程師學會,NA,Republican era,NA
76131,Chinese Institute of Electrical Engineers 中國電機工程師學會,NA,Republican era,NA
76134,Chinese Institute of Electrical Engineers 中國電機工程師學會,NA,Republican era,NA
76136,Chinese Institute of Electrical Engineers 中國電機工程師學會,NA,Republican era,NA
76138,Chinese Institute of Electrical Engineers 中國電機工程師學會,NA,Republican era,NA
76140,Chinese Institute of Electrical Engineers 中國電機工程師學會,NA,Republican era,NA
76144,Chinese Institute of Electrical Engineers 中國電機工程師學會,NA,Republican era,NA
76146,Chinese Institute of Electrical Engineers 中國電機工程師學會,NA,Republican era,NA
76148,Chinese Institute of Electrical Engineers 中國電機工程師學會,NA,Republican era,NA
76150,Chinese Institute of Electrical Engineers 中國電機工程師學會,NA,Republican era,NA
76152,Chinese Institute of Electrical Engineers 中國電機工程師學會,NA,Republican era,NA
76156,Chinese Institute of Electrical Engineers 中國電機工程師學會,NA,Republican era,NA
76159,Chinese Institute of Electrical Engineers 中國電機工程師學會,NA,Republican era,NA
76163,Chinese Institute of Electrical Engineers 中國電機工程師學會,NA,Republican era,NA
76167,Chinese Institute of Electrical Engineers 中國電機工程師學會,NA,Republican era,NA
76170,Chinese Institute of Electrical Engineers 中國電機工程師學會,NA,Republican era,NA
76174,Chinese Institute of Electrical Engineers 中國電機工程師學會,NA,Republican era,NA
76177,Chinese Institute of Electrical Engineers 中國電機工程師學會,NA,Republican era,NA
76179,China Colourists’ Association 中國染化工程學會,NA,Republican era,NA
76182,China Colourists’ Association 中國染化工程學會,NA,Republican era,NA
76183,China Colourists’ Association 中國染化工程學會,NA,Republican era,NA
76185,Chinese Institute of Electrical Engineers 中國電機工程師學會,NA,Republican era,NA
76187,China Colourists’ Association 中國染化工程學會,NA,Republican era,NA
76188,China Colourists’ Association 中國染化工程學會,NA,Republican era,NA
76189,China Colourists’ Association 中國染化工程學會,NA,Republican era,NA
76191,China Colourists’ Association 中國染化工程學會,NA,Republican era,NA
76193,China Colourists’ Association 中國染化工程學會,NA,Republican era,NA
76196,Chinese Institute of Electrical Engineers 中國電機工程師學會,NA,Republican era,NA
76198,China Colourists’ Association 中國染化工程學會,NA,Republican era,NA
76199,Chinese Institute of Electrical Engineers 中國電機工程師學會,NA,Republican era,NA
76202,China Colourists’ Association 中國染化工程學會,NA,Republican era,NA
76203,Chinese Institute of Electrical Engineers 中國電機工程師學會,NA,Republican era,NA
76205,China Colourists’ Association 中國染化工程學會,NA,Republican era,NA
76206,China Colourists’ Association 中國染化工程學會,NA,Republican era,NA
76207,Chinese Institute of Electrical Engineers 中國電機工程師學會,NA,Republican era,NA
76210,China Colourists’ Association 中國染化工程學會,NA,Republican era,NA
76211,Chinese Institute of Electrical Engineers 中國電機工程師學會,NA,Republican era,NA
76212,China Colourists’ Association 中國染化工程學會,NA,Republican era,NA
76214,China Colourists’ Association 中國染化工程學會,NA,Republican era,NA
76215,China Colourists’ Association 中國染化工程學會,NA,Republican era,NA
76216,China Colourists’ Association 中國染化工程學會,NA,Republican era,NA
76217,China Colourists’ Association 中國染化工程學會,NA,Republican era,NA
76218,China Colourists’ Association 中國染化工程學會,NA,Republican era,NA
76219,China Colourists’ Association 中國染化工程學會,NA,Republican era,NA
76220,China Colourists’ Association 中國染化工程學會,NA,Republican era,NA
76221,China Colourists’ Association 中國染化工程學會,NA,Republican era,NA
76222,China Colourists’ Association 中國染化工程學會,NA,Republican era,NA
76223,China Colourists’ Association 中國染化工程學會,NA,Republican era,NA
76224,China Colourists’ Association 中國染化工程學會,NA,Republican era,NA
76225,China Colourists’ Association 中國染化工程學會,NA,Republican era,NA
76226,China Colourists’ Association 中國染化工程學會,NA,Republican era,NA
76227,Chinese Institute of Electrical Engineers 中國電機工程師學會,NA,Republican era,NA
76229,Chinese Institute of Electrical Engineers 中國電機工程師學會,NA,Republican era,NA
76232,Chinese Institute of Electrical Engineers 中國電機工程師學會,NA,Republican era,NA
76234,Chinese Institute of Electrical Engineers 中國電機工程師學會,NA,Republican era,NA
76236,Chinese Institute of Electrical Engineers 中國電機工程師學會,NA,Republican era,NA
76238,Chinese Institute of Electrical Engineers 中國電機工程師學會,NA,Republican era,NA
76240,Chinese Institute of Electrical Engineers 中國電機工程師學會,NA,Republican era,NA
76242,Chinese Institute of Electrical Engineers 中國電機工程師學會,NA,Republican era,NA
76244,Chinese Institute of Electrical Engineers 中國電機工程師學會,NA,Republican era,NA
76246,Chinese Institute of Electrical Engineers 中國電機工程師學會,NA,Republican era,NA
76250,Chinese Institute of Electrical Engineers 中國電機工程師學會,NA,Republican era,NA
76252,Chinese Institute of Electrical Engineers 中國電機工程師學會,NA,Republican era,NA
76254,Chinese Institute of Electrical Engineers 中國電機工程師學會,NA,Republican era,NA
76256,Chinese Institute of Electrical Engineers 中國電機工程師學會,NA,Republican era,NA
76258,Chinese Institute of Electrical Engineers 中國電機工程師學會,NA,Republican era,NA
76260,Chinese Institute of Electrical Engineers 中國電機工程師學會,NA,Republican era,NA
76262,Chinese Institute of Electrical Engineers 中國電機工程師學會,NA,Republican era,NA
76266,Chinese Institute of Electrical Engineers 中國電機工程師學會,NA,Republican era,NA
76269,Chinese Institute of Electrical Engineers 中國電機工程師學會,NA,Republican era,NA
76272,Chinese Institute of Electrical Engineers 中國電機工程師學會,NA,Republican era,NA
76275,Chinese Institute of Electrical Engineers 中國電機工程師學會,NA,Republican era,NA
76277,Chinese Institute of Electrical Engineers 中國電機工程師學會,NA,Republican era,NA
76279,Chinese Institute of Electrical Engineers 中國電機工程師學會,NA,Republican era,NA
76281,Chinese Institute of Electrical Engineers 中國電機工程師學會,NA,Republican era,NA
76284,Chinese Institute of Electrical Engineers 中國電機工程師學會,NA,Republican era,NA
76286,Chinese Institute of Electrical Engineers 中國電機工程師學會,NA,Republican era,NA
76291,Chinese Institute of Electrical Engineers 中國電機工程師學會,NA,Republican era,NA
76294,Chinese Institute of Electrical Engineers 中國電機工程師學會,NA,Republican era,NA
76296,Chinese Institute of Electrical Engineers 中國電機工程師學會,NA,Republican era,NA
76301,Chinese Institute of Electrical Engineers 中國電機工程師學會,NA,Republican era,NA
76307,Chinese Institute of Electrical Engineers 中國電機工程師學會,NA,Republican era,NA
76310,Chinese Institute of Electrical Engineers 中國電機工程師學會,NA,Republican era,NA
76318,Chinese Institute of Electrical Engineers 中國電機工程師學會,NA,Republican era,NA
76320,Chinese Institute of Electrical Engineers 中國電機工程師學會,NA,Republican era,NA
76322,Chinese Institute of Electrical Engineers 中國電機工程師學會,NA,Republican era,NA
76328,Chinese Institute of Electrical Engineers 中國電機工程師學會,NA,Republican era,NA
76338,China Colourists’ Association 中國染化工程學會,NA,Republican era,NA
76339,China Colourists’ Association 中國染化工程學會,NA,Republican era,NA
76340,China Colourists’ Association 中國染化工程學會,NA,Republican era,NA
76341,China Colourists’ Association 中國染化工程學會,NA,Republican era,NA
76342,China Colourists’ Association 中國染化工程學會,NA,Republican era,NA
76343,China Colourists’ Association 中國染化工程學會,NA,Republican era,NA
76344,China Colourists’ Association 中國染化工程學會,NA,Republican era,NA
76345,China Colourists’ Association 中國染化工程學會,NA,Republican era,NA
76346,China Colourists’ Association 中國染化工程學會,NA,Republican era,NA
76347,China Colourists’ Association 中國染化工程學會,NA,Republican era,NA
76348,China Colourists’ Association 中國染化工程學會,NA,Republican era,NA
76349,China Colourists’ Association 中國染化工程學會,NA,Republican era,NA
76350,China Colourists’ Association 中國染化工程學會,NA,Republican era,NA
76351,China Colourists’ Association 中國染化工程學會,NA,Republican era,NA
76352,China Colourists’ Association 中國染化工程學會,NA,Republican era,NA
76353,Chinese Institute of Electrical Engineers 中國電機工程師學會,NA,Republican era,NA
76357,Chinese Institute of Electrical Engineers 中國電機工程師學會,NA,Republican era,NA
76360,Chinese Institute of Electrical Engineers 中國電機工程師學會,NA,Republican era,NA
76367,Chinese Institute of Electrical Engineers 中國電機工程師學會,NA,Republican era,NA
76376,Chinese Institute of Electrical Engineers 中國電機工程師學會,NA,Republican era,NA
76380,Chinese Institute of Electrical Engineers 中國電機工程師學會,NA,Republican era,NA
76386,Chinese Institute of Electrical Engineers 中國電機工程師學會,NA,Republican era,NA
76388,Chinese Institute of Electrical Engineers 中國電機工程師學會,NA,Republican era,NA
76390,Chinese Institute of Electrical Engineers 中國電機工程師學會,NA,Republican era,NA
76392,Chinese Institute of Electrical Engineers 中國電機工程師學會,NA,Republican era,NA
76394,Chinese Institute of Electrical Engineers 中國電機工程師學會,NA,Republican era,NA
76396,Chinese Institute of Electrical Engineers 中國電機工程師學會,NA,Republican era,NA
76400,Chinese Institute of Electrical Engineers 中國電機工程師學會,NA,Republican era,NA
76402,Chinese Institute of Electrical Engineers 中國電機工程師學會,NA,Republican era,NA
76405,Chinese Institute of Electrical Engineers 中國電機工程師學會,NA,Republican era,NA
76409,Chinese Institute of Electrical Engineers 中國電機工程師學會,NA,Republican era,NA
76414,Chinese Institute of Electrical Engineers 中國電機工程師學會,NA,Republican era,NA
76422,Chinese Institute of Electrical Engineers 中國電機工程師學會,NA,Republican era,NA
76426,Chinese Institute of Electrical Engineers 中國電機工程師學會,NA,Republican era,NA
76429,Chinese Institute of Electrical Engineers 中國電機工程師學會,NA,Republican era,NA
76432,Chinese Institute of Electrical Engineers 中國電機工程師學會,NA,Republican era,NA
76437,Chinese Institute of Electrical Engineers 中國電機工程師學會,NA,Republican era,NA
76441,Chinese Institute of Electrical Engineers 中國電機工程師學會,NA,Republican era,NA
76443,Chinese Institute of Electrical Engineers 中國電機工程師學會,NA,Republican era,NA
76445,Chinese Institute of Electrical Engineers 中國電機工程師學會,NA,Republican era,NA
76449,Chinese Institute of Electrical Engineers 中國電機工程師學會,NA,Republican era,NA
76453,Chinese Institute of Electrical Engineers 中國電機工程師學會,NA,Republican era,NA
76459,Chinese Institute of Electrical Engineers 中國電機工程師學會,NA,Republican era,NA
76462,Chinese Institute of Electrical Engineers 中國電機工程師學會,NA,Republican era,NA
76464,Chinese Institute of Electrical Engineers 中國電機工程師學會,NA,Republican era,NA
76468,Chinese Institute of Electrical Engineers 中國電機工程師學會,NA,Republican era,NA
76470,Chinese Institute of Electrical Engineers 中國電機工程師學會,NA,Republican era,NA
76472,Chinese Institute of Electrical Engineers 中國電機工程師學會,NA,Republican era,NA
76475,Chinese Institute of Electrical Engineers 中國電機工程師學會,NA,Republican era,NA
76478,Chinese Institute of Electrical Engineers 中國電機工程師學會,NA,Republican era,NA
76481,China Colourists’ Association 中國染化工程學會,NA,Republican era,NA
76482,NA,NA,Republican era,NA
76483,China Colourists’ Association 中國染化工程學會,NA,Republican era,NA
76484,China Colourists’ Association 中國染化工程學會,NA,Republican era,NA
76485,China Colourists’ Association 中國染化工程學會,NA,Republican era,NA
76486,China Colourists’ Association 中國染化工程學會,NA,Republican era,NA
76487,China Colourists’ Association 中國染化工程學會,NA,Republican era,NA
76488,China Colourists’ Association 中國染化工程學會,NA,Republican era,NA
76489,China Colourists’ Association 中國染化工程學會,NA,Republican era,NA
76490,China Colourists’ Association 中國染化工程學會,NA,Republican era,NA
76492,China Colourists’ Association 中國染化工程學會,NA,Republican era,NA
76493,China Colourists’ Association 中國染化工程學會,NA,Republican era,NA
76494,China Colourists’ Association 中國染化工程學會,NA,Republican era,NA
76496,Chinese Institute of Electrical Engineers 中國電機工程師學會,NA,Republican era,NA
76498,Chinese Institute of Electrical Engineers 中國電機工程師學會,NA,Republican era,NA
76500,Chinese Institute of Electrical Engineers 中國電機工程師學會,NA,Republican era,NA
76505,Chinese Institute of Electrical Engineers 中國電機工程師學會,NA,Republican era,NA
76507,Chinese Institute of Electrical Engineers 中國電機工程師學會,NA,Republican era,NA
76509,Chinese Institute of Electrical Engineers 中國電機工程師學會,NA,Republican era,NA
76514,Chinese Institute of Electrical Engineers 中國電機工程師學會,NA,Republican era,NA
76516,Chinese Institute of Electrical Engineers 中國電機工程師學會,NA,Republican era,NA
76517,Chinese Institute of Electrical Engineers 中國電機工程師學會,NA,Republican era,NA
76518,Chinese Institute of Electrical Engineers 中國電機工程師學會,NA,Republican era,NA
76519,Chinese Institute of Electrical Engineers 中國電機工程師學會,NA,Republican era,NA
76520,Chinese Institute of Electrical Engineers 中國電機工程師學會,NA,Republican era,NA
76521,Chinese Institute of Electrical Engineers 中國電機工程師學會,NA,Republican era,NA
76522,Chinese Institute of Electrical Engineers 中國電機工程師學會,NA,Republican era,NA
76523,Chinese Institute of Electrical Engineers 中國電機工程師學會,NA,Republican era,NA
76524,Chinese Institute of Electrical Engineers 中國電機工程師學會,NA,Republican era,NA
76525,Chinese Institute of Electrical Engineers 中國電機工程師學會,NA,Republican era,NA
76526,Chinese Institute of Electrical Engineers 中國電機工程師學會,NA,Republican era,NA
76528,Chinese Institute of Electrical Engineers 中國電機工程師學會,NA,Republican era,NA
76529,Chinese Institute of Electrical Engineers 中國電機工程師學會,NA,Republican era,NA
76530,Chinese Institute of Electrical Engineers 中國電機工程師學會,NA,Republican era,NA
76531,Chinese Institute of Electrical Engineers 中國電機工程師學會,NA,Republican era,NA
76532,Chinese Institute of Electrical Engineers 中國電機工程師學會,NA,Republican era,NA
76533,Chinese Institute of Electrical Engineers 中國電機工程師學會,NA,Republican era,NA
76534,Chinese Institute of Electrical Engineers 中國電機工程師學會,NA,Republican era,NA
76535,Chinese Institute of Electrical Engineers 中國電機工程師學會,NA,Republican era,NA
76537,Chinese Institute of Electrical Engineers 中國電機工程師學會,NA,Republican era,NA
76538,Chinese Institute of Electrical Engineers 中國電機工程師學會,NA,Republican era,NA
76539,Chinese Institute of Electrical Engineers 中國電機工程師學會,NA,Republican era,NA
76540,Chinese Institute of Electrical Engineers 中國電機工程師學會,NA,Republican era,NA
76541,Chinese Institute of Electrical Engineers 中國電機工程師學會,NA,Republican era,NA
76542,Chinese Institute of Electrical Engineers 中國電機工程師學會,NA,Republican era,NA
76543,Chinese Institute of Electrical Engineers 中國電機工程師學會,NA,Republican era,NA
76544,Chinese Institute of Electrical Engineers 中國電機工程師學會,NA,Republican era,NA
76548,Chinese Institute of Electrical Engineers 中國電機工程師學會,NA,Republican era,NA
76550,Chinese Institute of Electrical Engineers 中國電機工程師學會,NA,Republican era,NA
76552,Chinese Institute of Electrical Engineers 中國電機工程師學會,NA,Republican era,NA
76554,Chinese Institute of Electrical Engineers 中國電機工程師學會,NA,Republican era,NA
76556,Chinese Institute of Electrical Engineers 中國電機工程師學會,NA,Republican era,NA
76558,China Colourists’ Association 中國染化工程學會,NA,Republican era,NA
76559,China Colourists’ Association 中國染化工程學會,NA,Republican era,NA
76560,China Colourists’ Association 中國染化工程學會,NA,Republican era,NA
76561,China Colourists’ Association 中國染化工程學會,NA,Republican era,NA
76562,China Colourists’ Association 中國染化工程學會,NA,Republican era,NA
76563,China Colourists’ Association 中國染化工程學會,NA,Republican era,NA
76564,China Colourists’ Association 中國染化工程學會,NA,Republican era,NA
76565,China Colourists’ Association 中國染化工程學會,NA,Republican era,NA
76566,China Colourists’ Association 中國染化工程學會,NA,Republican era,NA
76567,China Colourists’ Association 中國染化工程學會,NA,Republican era,NA
76568,China Colourists’ Association 中國染化工程學會,NA,Republican era,NA
76569,China Colourists’ Association 中國染化工程學會,NA,Republican era,NA
76571,Chinese Institute of Electrical Engineers 中國電機工程師學會,NA,Republican era,NA
76573,Chinese Institute of Electrical Engineers 中國電機工程師學會,NA,Republican era,NA
76575,Chinese Institute of Electrical Engineers 中國電機工程師學會,NA,Republican era,NA
76577,Chinese Institute of Electrical Engineers 中國電機工程師學會,NA,Republican era,NA
76579,Chinese Institute of Electrical Engineers 中國電機工程師學會,NA,Republican era,NA
76581,Chinese Institute of Electrical Engineers 中國電機工程師學會,NA,Republican era,NA
76583,Chinese Institute of Electrical Engineers 中國電機工程師學會,NA,Republican era,NA
76585,Chinese Institute of Electrical Engineers 中國電機工程師學會,NA,Republican era,NA
76587,Chinese Institute of Electrical Engineers 中國電機工程師學會,NA,Republican era,NA
76590,Chinese Institute of Electrical Engineers 中國電機工程師學會,NA,Republican era,NA
76593,Chinese Institute of Electrical Engineers 中國電機工程師學會,NA,Republican era,NA
76595,Chinese Institute of Electrical Engineers 中國電機工程師學會,NA,Republican era,NA
76597,Chinese Institute of Electrical Engineers 中國電機工程師學會,NA,Republican era,NA
76600,Chinese Institute of Electrical Engineers 中國電機工程師學會,NA,Republican era,NA
76602,Chinese Institute of Electrical Engineers 中國電機工程師學會,NA,Republican era,NA
76604,Chinese Institute of Electrical Engineers 中國電機工程師學會,NA,Republican era,NA
76606,Chinese Institute of Electrical Engineers 中國電機工程師學會,NA,Republican era,NA
76608,Chinese Institute of Electrical Engineers 中國電機工程師學會,NA,Republican era,NA
76611,Chinese Institute of Electrical Engineers 中國電機工程師學會,NA,Republican era,NA
76613,Chinese Institute of Electrical Engineers 中國電機工程師學會,NA,Republican era,NA
76615,Chinese Institute of Electrical Engineers 中國電機工程師學會,NA,Republican era,NA
76618,Chinese Institute of Electrical Engineers 中國電機工程師學會,NA,Republican era,NA
76622,Chinese Institute of Electrical Engineers 中國電機工程師學會,NA,Republican era,NA
76625,Chinese Institute of Electrical Engineers 中國電機工程師學會,NA,Republican era,NA
76627,Chinese Institute of Electrical Engineers 中國電機工程師學會,NA,Republican era,NA
76629,Chinese Institute of Electrical Engineers 中國電機工程師學會,NA,Republican era,NA
76631,Chinese Institute of Electrical Engineers 中國電機工程師學會,NA,Republican era,NA
76635,Chinese Institute of Electrical Engineers 中國電機工程師學會,NA,Republican era,NA
76638,Chinese Institute of Electrical Engineers 中國電機工程師學會,NA,Republican era,NA
76648,China Engineering Society 中國工程學會,NA,Republican era,NA
76652,China Engineering Society 中國工程學會,NA,Republican era,NA
76656,China Engineering Society 中國工程學會,NA,Republican era,NA
76663,China Engineering Society 中國工程學會,NA,Republican era,NA
76670,China Engineering Society 中國工程學會,NA,Republican era,NA
76670,China Hydraulic Engineering Society 中國水利工程學會,NA,Republican era,NA
76677,China Hydraulic Engineering Society 中國水利工程學會,NA,Republican era,NA
76684,China Engineering Society 中國工程學會,NA,Republican era,NA
76688,China Hydraulic Engineering Society 中國水利工程學會,NA,Republican era,NA
76699,China Hydraulic Engineering Society 中國水利工程學會,NA,Republican era,NA
76712,China Hydraulic Engineering Society 中國水利工程學會,NA,Republican era,NA
76715,China Hydraulic Engineering Society 中國水利工程學會,NA,Republican era,NA
76728,China Hydraulic Engineering Society 中國水利工程學會,NA,Republican era,NA
76730,China Engineering Society 中國工程學會,NA,Republican era,NA
76736,China Hydraulic Engineering Society 中國水利工程學會,NA,Republican era,NA
76747,China Hydraulic Engineering Society 中國水利工程學會,NA,Republican era,NA
76750,China Hydraulic Engineering Society 中國水利工程學會,NA,Republican era,NA
76753,China Hydraulic Engineering Society 中國水利工程學會,NA,Republican era,NA
76755,China Hydraulic Engineering Society 中國水利工程學會,NA,Republican era,NA
76757,China Hydraulic Engineering Society 中國水利工程學會,NA,Republican era,NA
76759,China Hydraulic Engineering Society 中國水利工程學會,NA,Republican era,NA
76763,China Hydraulic Engineering Society 中國水利工程學會,NA,Republican era,NA
76771,China Hydraulic Engineering Society 中國水利工程學會,NA,Republican era,NA
76772,China Hydraulic Engineering Society 中國水利工程學會,NA,Republican era,NA
76775,China Hydraulic Engineering Society 中國水利工程學會,NA,Republican era,NA
76777,China Hydraulic Engineering Society 中國水利工程學會,NA,Republican era,NA
76786,China Hydraulic Engineering Society 中國水利工程學會,NA,Republican era,NA
76789,China Hydraulic Engineering Society 中國水利工程學會,NA,Republican era,NA
76790,China Engineering Society 中國工程學會,NA,Republican era,NA
76797,China Engineering Society 中國工程學會,NA,Republican era,NA
76820,China Hydraulic Engineering Society 中國水利工程學會,NA,Republican era,NA
76825,China Hydraulic Engineering Society 中國水利工程學會,NA,Republican era,NA
76828,China Hydraulic Engineering Society 中國水利工程學會,NA,Republican era,NA
76835,China Hydraulic Engineering Society 中國水利工程學會,NA,Republican era,NA
76836,China Hydraulic Engineering Society 中國水利工程學會,NA,Republican era,NA
76837,China Hydraulic Engineering Society 中國水利工程學會,NA,Republican era,NA
76839,China Hydraulic Engineering Society 中國水利工程學會,NA,Republican era,NA
76843,China Hydraulic Engineering Society 中國水利工程學會,NA,Republican era,NA
76846,China Hydraulic Engineering Society 中國水利工程學會,NA,Republican era,NA
76849,China Hydraulic Engineering Society 中國水利工程學會,NA,Republican era,NA
76851,China Hydraulic Engineering Society 中國水利工程學會,NA,Republican era,NA
76855,China Hydraulic Engineering Society 中國水利工程學會,NA,Republican era,NA
76856,China Hydraulic Engineering Society 中國水利工程學會,NA,Republican era,NA
76856,Zhongguo gongchengshi xuehui Wuhan fenhui 中國工程師學會武漢分會,NA,Republican era,NA
76857,China Hydraulic Engineering Society 中國水利工程學會,NA,Republican era,NA
76858,China Hydraulic Engineering Society 中國水利工程學會,NA,Republican era,NA
76862,China Hydraulic Engineering Society 中國水利工程學會,NA,Republican era,NA
76864,China Hydraulic Engineering Society 中國水利工程學會,NA,Republican era,NA
76866,NA,NA,Republican era,NA
76871,China Hydraulic Engineering Society 中國水利工程學會,NA,Republican era,NA
76874,China Hydraulic Engineering Society 中國水利工程學會,NA,Republican era,NA
76877,China Hydraulic Engineering Society 中國水利工程學會,NA,Republican era,NA
76883,China Hydraulic Engineering Society 中國水利工程學會,NA,Republican era,NA
76907,China Engineering Society 中國工程學會,NA,Republican era,NA
76913,China Engineering Society 中國工程學會,NA,Republican era,NA
76922,China Engineering Society 中國工程學會,NA,Republican era,NA
76937,China Engineering Society 中國工程學會,NA,Republican era,NA
76957,China Engineering Society 中國工程學會,NA,Republican era,NA
76965,China Engineering Society 中國工程學會,NA,Republican era,NA
76969,China Engineering Society 中國工程學會,NA,Republican era,NA
76973,China Engineering Society 中國工程學會,NA,Republican era,NA
76975,China Engineering Society 中國工程學會,NA,Republican era,NA
76981,China Engineering Society 中國工程學會,NA,Republican era,NA
76992,China Engineering Society 中國工程學會,NA,Republican era,NA
76996,China Engineering Society 中國工程學會,NA,Republican era,NA
77001,China Engineering Society 中國工程學會,NA,Republican era,NA
77007,China Engineering Society 中國工程學會,NA,Republican era,NA
77007,Zhongguo gongchengshi xuehui Wuhan fenhui 中國工程師學會武漢分會,NA,Republican era,NA
77011,China Engineering Society 中國工程學會,NA,Republican era,NA
77014,China Engineering Society 中國工程學會,NA,Republican era,NA
77030,China Engineering Society 中國工程學會,NA,Republican era,NA
77041,China Engineering Society 中國工程學會,NA,Republican era,NA
77053,Zhongguo gongchengshi xuehui Wuhan fenhui 中國工程師學會武漢分會,NA,Republican era,NA
77059,Zhongguo gongchengshi xuehui Wuhan fenhui 中國工程師學會武漢分會,NA,Republican era,NA
77062,Zhongguo gongchengshi xuehui Wuhan fenhui 中國工程師學會武漢分會,NA,Republican era,NA
77066,Zhongguo gongchengshi xuehui Wuhan fenhui 中國工程師學會武漢分會,NA,Republican era,NA
77071,Zhongguo gongchengshi xuehui Wuhan fenhui 中國工程師學會武漢分會,NA,Republican era,NA
77075,Zhongguo gongchengshi xuehui Wuhan fenhui 中國工程師學會武漢分會,NA,Republican era,NA
77082,Zhongguo gongchengshi xuehui Wuhan fenhui 中國工程師學會武漢分會,NA,Republican era,NA
77092,Zhongguo gongchengshi xuehui Wuhan fenhui 中國工程師學會武漢分會,NA,Republican era,NA
77096,Zhongguo gongchengshi xuehui Wuhan fenhui 中國工程師學會武漢分會,NA,Republican era,NA
77106,Zhongguo gongchengshi xuehui Wuhan fenhui 中國工程師學會武漢分會,NA,Republican era,NA
77114,Zhongguo gongchengshi xuehui Wuhan fenhui 中國工程師學會武漢分會,NA,Republican era,NA
77118,Zhongguo gongchengshi xuehui Wuhan fenhui 中國工程師學會武漢分會,NA,Republican era,NA
77121,Zhongguo gongchengshi xuehui Wuhan fenhui 中國工程師學會武漢分會,NA,Republican era,NA
77125,Zhongguo gongchengshi xuehui Wuhan fenhui 中國工程師學會武漢分會,NA,Republican era,NA
77129,Zhongguo gongchengshi xuehui Wuhan fenhui 中國工程師學會武漢分會,NA,Republican era,NA
77134,Zhongguo gongchengshi xuehui Wuhan fenhui 中國工程師學會武漢分會,NA,Republican era,NA
77140,Zhongguo gongchengshi xuehui Wuhan fenhui 中國工程師學會武漢分會,NA,Republican era,NA
77146,Zhongguo gongchengshi xuehui Wuhan fenhui 中國工程師學會武漢分會,NA,Republican era,NA
77149,Zhongguo gongchengshi xuehui Wuhan fenhui 中國工程師學會武漢分會,NA,Republican era,NA
77154,Zhongguo gongchengshi xuehui Wuhan fenhui 中國工程師學會武漢分會,NA,Republican era,NA
77158,Zhongguo gongchengshi xuehui Wuhan fenhui 中國工程師學會武漢分會,NA,Republican era,NA
77162,Zhongguo gongchengshi xuehui Wuhan fenhui 中國工程師學會武漢分會,NA,Republican era,NA
77165,Zhongguo gongchengshi xuehui Wuhan fenhui 中國工程師學會武漢分會,NA,Republican era,NA
77168,Zhongguo gongchengshi xuehui Wuhan fenhui 中國工程師學會武漢分會,NA,Republican era,NA
77171,Zhongguo gongchengshi xuehui Wuhan fenhui 中國工程師學會武漢分會,NA,Republican era,NA
77175,Zhongguo gongchengshi xuehui Wuhan fenhui 中國工程師學會武漢分會,NA,Republican era,NA
77181,Zhongguo gongchengshi xuehui Wuhan fenhui 中國工程師學會武漢分會,NA,Republican era,NA
77186,Zhongguo gongchengshi xuehui Wuhan fenhui 中國工程師學會武漢分會,NA,Republican era,NA
77189,Zhongguo gongchengshi xuehui Wuhan fenhui 中國工程師學會武漢分會,NA,Republican era,NA
77192,Zhongguo gongchengshi xuehui Wuhan fenhui 中國工程師學會武漢分會,NA,Republican era,NA
77196,Zhongguo gongchengshi xuehui Wuhan fenhui 中國工程師學會武漢分會,NA,Republican era,NA
77199,Zhongguo gongchengshi xuehui Wuhan fenhui 中國工程師學會武漢分會,NA,Republican era,NA
77203,Zhongguo gongchengshi xuehui Wuhan fenhui 中國工程師學會武漢分會,NA,Republican era,NA
77206,Zhongguo gongchengshi xuehui Wuhan fenhui 中國工程師學會武漢分會,NA,Republican era,NA
77210,Zhongguo gongchengshi xuehui Wuhan fenhui 中國工程師學會武漢分會,NA,Republican era,NA
77213,Zhongguo gongchengshi xuehui Wuhan fenhui 中國工程師學會武漢分會,NA,Republican era,NA
77216,Zhongguo gongchengshi xuehui Wuhan fenhui 中國工程師學會武漢分會,NA,Republican era,NA
77220,Zhongguo gongchengshi xuehui Wuhan fenhui 中國工程師學會武漢分會,NA,Republican era,NA
77226,Zhongguo gongchengshi xuehui Wuhan fenhui 中國工程師學會武漢分會,NA,Republican era,NA
77228,Zhongguo gongchengshi xuehui Wuhan fenhui 中國工程師學會武漢分會,NA,Republican era,NA
77231,Zhongguo gongchengshi xuehui Wuhan fenhui 中國工程師學會武漢分會,NA,Republican era,NA
77235,Zhongguo gongchengshi xuehui Wuhan fenhui 中國工程師學會武漢分會,NA,Republican era,NA
77237,Zhongguo gongchengshi xuehui Wuhan fenhui 中國工程師學會武漢分會,NA,Republican era,NA
77242,NA,NA,Republican era,NA
77257,NA,NA,Republican era,NA
77260,NA,NA,Republican era,NA
77268,NA,NA,Republican era,NA
77271,NA,NA,Republican era,NA
77273,NA,NA,Republican era,NA
77285,NA,NA,Republican era,NA
77287,NA,NA,Republican era,NA
77294,NA,NA,Republican era,NA
77299,NA,NA,Republican era,NA
77301,NA,NA,Republican era,NA
77303,NA,NA,Republican era,NA
77305,NA,NA,Republican era,NA
77321,NA,NA,Republican era,NA
77326,NA,NA,Republican era,NA
77330,NA,NA,Republican era,NA
77335,NA,NA,Republican era,NA
77338,NA,NA,Republican era,NA
77340,NA,NA,Republican era,NA
77346,NA,NA,Republican era,NA
77355,NA,NA,Republican era,NA
77357,NA,NA,Republican era,NA
77360,NA,NA,Republican era,NA
77375,NA,NA,Republican era,NA
77382,NA,NA,Republican era,NA
77401,NA,NA,Republican era,NA
77409,NA,NA,Republican era,NA
77420,NA,NA,Republican era,NA
77426,NA,NA,Republican era,NA
77439,NA,NA,Republican era,NA
77447,NA,NA,Republican era,NA
77457,NA,NA,Republican era,NA
77465,NA,NA,Republican era,NA
77480,NA,NA,Republican era,NA
77482,NA,NA,Republican era,NA
77484,NA,NA,Republican era,NA
77486,NA,NA,Republican era,NA
77489,NA,NA,Republican era,NA
77491,NA,NA,Republican era,NA
77494,NA,NA,Republican era,NA
77498,NA,NA,Republican era,NA
77503,NA,NA,Republican era,NA
77511,NA,NA,Republican era,NA
77513,NA,NA,Republican era,NA
77515,NA,NA,Republican era,NA
77526,NA,NA,Republican era,NA
77536,NA,NA,Republican era,NA
77542,NA,NA,Republican era,NA
77546,NA,NA,Republican era,NA
77548,NA,NA,Republican era,NA
77550,NA,NA,Republican era,NA
77554,NA,NA,Republican era,NA
77558,NA,NA,Republican era,NA
77563,NA,NA,Republican era,NA
77566,NA,NA,Republican era,NA
77569,NA,NA,Republican era,NA
77574,NA,NA,Republican era,NA
77576,NA,NA,Republican era,NA
77578,NA,NA,Republican era,NA
77581,NA,NA,Republican era,NA
77584,NA,NA,Republican era,NA
77592,NA,NA,Republican era,NA
77595,NA,NA,Republican era,NA
77598,NA,NA,Republican era,NA
77600,NA,NA,Republican era,NA
77603,NA,NA,Republican era,NA
77607,NA,NA,Republican era,NA
77610,NA,NA,Republican era,NA
77618,NA,NA,Republican era,NA
77623,NA,NA,Republican era,NA
77625,NA,NA,Republican era,NA
77629,NA,NA,Republican era,NA
77633,NA,NA,Republican era,NA
77641,NA,NA,Republican era,NA
77646,NA,NA,Republican era,NA
77649,NA,NA,Republican era,NA
77652,NA,NA,Republican era,NA
77660,NA,NA,Republican era,NA
77664,NA,NA,Republican era,NA
77667,NA,NA,Republican era,NA
77673,NA,NA,Republican era,NA
77677,NA,NA,Republican era,NA
77680,NA,NA,Republican era,NA
77687,NA,NA,Republican era,NA
77691,NA,NA,Republican era,NA
77699,NA,NA,Republican era,NA
77702,NA,NA,Republican era,NA
77709,NA,NA,Republican era,NA
77716,NA,NA,Republican era,NA
77721,NA,NA,Republican era,NA
77732,NA,NA,Republican era,NA
77736,NA,NA,Republican era,NA
77745,NA,NA,Republican era,NA
77749,NA,NA,Republican era,NA
77752,NA,NA,Republican era,NA
77758,NA,NA,Republican era,NA
77762,NA,NA,Republican era,NA
77766,NA,NA,Republican era,NA
77770,NA,NA,Republican era,NA
77773,NA,NA,Republican era,NA
77777,NA,NA,Republican era,NA
77784,NA,NA,Republican era,NA
77793,NA,NA,Republican era,NA
77796,NA,NA,Republican era,NA
77799,NA,NA,Republican era,NA
77801,NA,NA,Republican era,NA
77811,NA,NA,Republican era,NA
77815,NA,NA,Republican era,NA
77819,NA,NA,Republican era,NA
77823,NA,NA,Republican era,NA
77827,NA,NA,Republican era,NA
77831,NA,NA,Republican era,NA
77835,NA,NA,Republican era,NA
77841,NA,NA,Republican era,NA
77845,NA,NA,Republican era,NA
77849,NA,NA,Republican era,NA
77853,NA,NA,Republican era,NA
77855,NA,NA,Republican era,NA
77859,NA,NA,Republican era,NA
77861,NA,NA,Republican era,NA
77867,NA,NA,Republican era,NA
77871,NA,NA,Republican era,NA
77877,NA,NA,Republican era,NA
77879,NA,NA,Republican era,NA
77884,NA,NA,Republican era,NA
77888,NA,NA,Republican era,NA
77892,NA,NA,Republican era,NA
77897,NA,NA,Republican era,NA
77899,NA,NA,Republican era,NA
77905,NA,NA,Republican era,NA
77910,NA,NA,Republican era,NA
77914,NA,NA,Republican era,NA
77918,NA,NA,Republican era,NA
77922,NA,NA,Republican era,NA
77926,NA,NA,Republican era,NA
77930,NA,NA,Republican era,NA
77932,NA,NA,Republican era,NA
77934,NA,NA,Republican era,NA
77938,NA,NA,Republican era,NA
77940,NA,NA,Republican era,NA
77945,NA,NA,Republican era,NA
77949,NA,NA,Republican era,NA
77954,NA,NA,Republican era,NA
77958,NA,NA,Republican era,NA
77964,NA,NA,Republican era,NA
77966,NA,NA,Republican era,NA
77971,NA,NA,Republican era,NA
77975,NA,NA,Republican era,NA
77978,NA,NA,Republican era,NA
77980,NA,NA,Republican era,NA
77982,NA,NA,Republican era,NA
77984,NA,NA,Republican era,NA
77986,NA,NA,Republican era,NA
77988,NA,NA,Republican era,NA
77990,NA,NA,Republican era,NA
77992,NA,NA,Republican era,NA
77994,NA,NA,Republican era,NA
77996,NA,NA,Republican era,NA
77998,NA,NA,Republican era,NA
78000,NA,NA,Republican era,NA
76948,NA,NA,Republican era,NA
76954,NA,NA,Republican era,NA
