person_id,familyname,givenname,hanzi,gender,location_id,birthyear,dataset,mcbd_id
282,Wang,Jingchun,王景春,Male,1659,1882,cerd,323
320,Liao,Xianti,廖先逖,Male,324,1898,cerd,467262
322,Liao,Yanzhu,廖延鑄,NA,341,1915,cerd,475201
336,Liao,Junru,廖君儒,Male,338,1915,cerd,476312
340,Liao,Yunhan,廖雲漢,Unknown,342,1915,cerd,477423
368,Liao,Bingquan,廖秉權,Unknown,369,1907,cerd,478534
401,Liao,Dexuan,廖德瑄,Unknown,402,1899,cerd,479645
424,Liao,Deshen,廖德申,Unknown,NA,NA,cerd,480756
428,Liao,Fuya,廖馥亞,Unknown,429,1901,cerd,481867
441,Liao,Jiaqi,廖家麒,Unknown,71,1904,cerd,482978
448,Liao,Ande,廖安德,Unknown,449,1911,cerd,467263
452,Liao,Zongzuo,廖宗祚,Male,453,NA,cerd,468374
458,Liao,Zhibing,廖治柄,Male,459,1902,cerd,469485
478,Liao,Hanyun,廖漢雲,Male,NA,NA,cerd,470596
480,Liao,Wenyi,廖溫義,Male,481,1910,cerd,9588
495,Liao,Hongyou,廖鴻猷,Male,496,1889,cerd,471707
513,Liao,Kechu,廖克初,Male,514,1913,cerd,472818
517,Liao,Zhisheng,廖志陞,Male,518,1914,cerd,473929
523,Liao,Lansun,蘭蓀,Male,524,1915,cerd,474868
537,Liao,Shiren,廖世仁,Male,527,1904,cerd,474979
543,Liao,Shiguan,廖世觀,Male,544,1914,cerd,475090
546,Liao,Shuxun,廖樹勛,Male,547,1908,cerd,475202
552,Liao,Zengwu,廖增武,Male,553,1915,cerd,9582
557,Liao,Taisong,廖泰松,Male,558,1892,cerd,475313
565,Liao,Jiexiang,廖捷祥,Male,566,1913,cerd,475424
568,Liao,Guoqi,廖國器,Male,NA,NA,cerd,475535
570,Liao,Enxun,廖恩勳,Male,571,1898,cerd,475646
589,Liao,Shifa,廖時筏,Male,590,1914,cerd,475757
593,Liao,Jingmin,廖景民,Male,594,1911,cerd,475868
596,Liao,Quanbang,廖全邦,Male,597,1915,cerd,475979
600,Liao,Huiru,廖輝如,Male,601,1884,cerd,476090
614,Liao,Hanwen,廖煥文,Male,NA,NA,cerd,476201
617,Qi,Shao,齊劭,Male,618,NA,cerd,476313
624,Qi,Mai,齊勱,Male,618,1894,cerd,476424
637,Qi,Jun,齊焌,Male,63,1908,cerd,476535
643,Qi,Liaoqing,齊亮卿,Male,644,1913,cerd,476646
651,Qi,Qingrui,齊慶瑞,Male,652,NA,cerd,476757
655,Qi,Yuting,齊玉亭,Male,656,1911,cerd,476868
658,Qi,Zhanyi,齊占一,Male,660,1895,cerd,476979
672,Xu,Huiqu,徐匯濬,Male,673,1907,cerd,475269
679,Xu,Yuanxing,徐源星,Male,449,1915,cerd,477090
683,Xu,Fuling,徐福齡,Male,684,1911,cerd,477201
689,Xu,Qianqiao,徐遷喬,Male,690,1884,cerd,363336
705,Xu,Zhaorui,徐兆瑞,Male,80,NA,cerd,477312
710,Qi,Fengnian,齊豐年,Male,711,1903,cerd,477424
718,Qi,Shengke,齊升科,Male,719,1914,cerd,477535
722,Qi,Xianshun,齊憲舜,Male,723,1898,cerd,400225
750,Qi,Baoshan,齊寳珊,Male,751,1905,cerd,477646
764,Qi,Zhaochang,齊兆昌,Male,765,NA,cerd,477757
774,Qi,Hongyou,齊鴻猷,Male,775,1903,cerd,477868
781,Xu,Weiran,徐爲然,Male,782,1914,cerd,477979
794,Xu,Weijian,徐爲鑑,Male,795,1904,cerd,478090
798,Xu,Weixian,徐爲銑,Male,723,NA,cerd,478201
801,Xu,Manlang,徐滿琅,Male,802,1910,cerd,478312
805,Xu,Qingan,徐清安,Male,807,1904,cerd,478423
812,Qi,Yuqian,齊裕謙,Male,813,NA,cerd,337737
817,Qi,Shifan,齊世蕃,Male,819,1907,cerd,478535
822,Qi,Shugong,齊樹功,Male,719,NA,cerd,478646
826,Qi,Shuchun,齊樹椿,Male,813,1902,cerd,478757
835,Qi,Zhihua,齊植樺,Male,427,1913,cerd,478868
838,Qi,Zhigai,齊植槩,Male,63,1901,cerd,478979
840,Qi,Chengji,齊成基,Male,841,NA,cerd,479090
843,Qi,Changding,齊昌鼎,Male,813,1910,cerd,479201
848,Qi,Changfu,齊昌復,Male,813,NA,cerd,479312
852,Qi,Yongxian,齊用賢,Male,723,1899,cerd,479423
865,Qi,Tongnian,齊同年,Male,866,NA,cerd,479534
868,Qi,Qianzhen,齊僉真,Male,618,1914,cerd,479646
870,Qi,Yaohua,齊耀華,Male,871,NA,cerd,479757
874,Fang,Bin,方斌,Male,553,1913,cerd,479868
878,Fang,Mou,方謀,Male,879,1892,cerd,479979
899,Xu,Yinsheng,徐寅生,Male,NA,NA,cerd,480090
902,Xu,Baoyun,徐寳雲,Male,903,1912,cerd,480201
905,Xu,Baolin,徐寳琳,Male,906,NA,cerd,480312
908,Xu,Baohan,徐寳翰,Male,909,1896,cerd,480423
930,Xu,Baozhong,徐寳中,Male,NA,NA,cerd,480534
931,Xu,Baosheng,徐寳陞,Male,932,1913,cerd,192337
934,Xu,Zongyi,徐宗誼,Male,935,NA,cerd,480645
941,Xu,Zongpu,徐宗溥,Male,942,1889,cerd,480757
949,Fang,Zhen,方震,Male,950,1908,cerd,480868
952,Fang,Pu,方璞,Male,953,1911,cerd,480979
955,Fang,Huang,方璜,Male,956,1911,cerd,481090
958,Fang,Qiang,方强,Male,NA,NA,cerd,481201
961,Fang,Ding,方鼎,Male,950,1911,cerd,481312
964,Fang,Yan,方儼,Male,965,1912,cerd,481423
973,Fang,Lu,方魯,Male,765,1914,cerd,481534
979,Fang,Yong,方墉,Male,980,1907,cerd,481645
992,Fang,Kai,方楷,Male,NA,1914,cerd,481756
995,Fang,Shi,方栻,Male,996,1910,cerd,481868
1003,Fang,Mu,方睦,Male,1004,1913,cerd,481979
1010,Fang,Bi,方璧,Male,956,1912,cerd,482090
1015,Fang,Gang,方剛,Male,1016,1903,cerd,482201
1039,Xu,Zongsu,徐宗涑,Male,427,1904,cerd,482312
1041,Fang,Jue,方覺,Male,1042,NA,cerd,482423
1047,Fang,Kai,方開,Male,965,1915,cerd,482534
1055,Xu,Zongyao,徐宗堯,Male,807,1902,cerd,482645
1062,Xu,Shaolu,徐紹陸,Male,1063,NA,cerd,482756
1066,Xu,Yifang,徐以枋,Male,NA,NA,cerd,482867
1068,Xu,Kuannian,徐寬年,Male,60,1902,cerd,368633
1073,Xu,Yongling,徐永齡,Male,765,1915,cerd,482979
1075,Xu,Yongying,徐永瀛,Male,1076,1911,cerd,483090
1078,Xu,Jiarui,徐家瑞,Male,1079,NA,cerd,483201
1082,Xu,Jiadong,徐家棟,Male,562,1897,cerd,483312
1090,Xu,Jiajun,徐家駿,Male,1091,1914,cerd,483423
1094,Xu,Jiahe,徐家禾,Male,1095,1915,cerd,483534
1098,Xu,Jiamei,徐家楣,Male,1100,1889,cerd,483645
1112,Xu,Shouzhen,徐守楨,Male,1113,1895,cerd,483756
1125,Xu,Anya,徐安雅,Male,1126,1910,cerd,483867
1136,Xu,Xiangshu,徐象數,Male,1100,1898,cerd,483978
1160,Xu,Mingbiao,徐名標,Male,1161,1913,cerd,467264
1165,Xu,Mingzhi,徐名植,Male,1161,1904,cerd,467375
1180,Xu,Mingcai,徐名材,Male,1161,1890,cerd,467486
1188,Xu,Jize,徐紀澤,Male,1189,1900,cerd,467597
1204,Xu,Shaozu,徐紹祖,Male,562,1900,cerd,467708
1209,Xu,Youchu,徐幼初,Male,1210,1905,cerd,467819
1215,Xu,Zhongyao,徐仲堯,Male,NA,NA,cerd,467930
1217,Xu,Zhongming,徐仲銘,Male,NA,NA,cerd,468041
1219,Xu,Chuanwen,徐傳文,Male,70,1905,cerd,368491
1224,Xu,Chunli,徐純理,Male,1189,1913,cerd,468152
1226,Fang,Yanshen,方彥沈,Male,1227,NA,cerd,468263
1229,Tong,Kai,童凱,Male,1231,1907,cerd,468375
1245,Tong,Jun,童寯,Male,64,1902,cerd,468486
1250,Tong,Kun,童錕,Male,1251,1907,cerd,468597
1254,Tong,Yipang,童亦龐,Male,1256,1895,cerd,468708
1258,Tong,Yafan,童亞範,Male,1259,1903,cerd,468819
1263,Tong,Dengsong,童登嵩,Male,80,NA,cerd,468930
1267,Tong,Denghou,童登厚,Male,80,1915,cerd,469041
1271,Tong,Zikeng,童子鏗,Male,1272,1908,cerd,469152
1285,Tong,Haopei,童灝培,Male,1016,1900,cerd,469263
1287,Tong,Xishi,童溪石,Male,1256,1896,cerd,469374
1289,Tong,Zhaocui,童肇萃,Male,1292,1912,cerd,469486
1298,Tong,Qimei,童啟昧,Male,1299,1914,cerd,469597
1302,Tong,Daxun,童大塤,Male,1256,NA,cerd,469708
1304,Tong,Kuixuan,童葵軒,Male,1305,NA,cerd,469819
1308,Tong,Shiheng,童世亨,Male,903,1883,cerd,50421
1323,Tong,Qichang,童其昌,Male,71,1898,cerd,383642
1327,Tong,Sizhuo,童思焯,Male,1231,1914,cerd,469930
1329,Tong,Enjiong,童恩烱,Male,NA,NA,cerd,470041
1331,Tong,Mingde,童明德,Male,80,NA,cerd,470152
1334,Tong,Shupei,童舒培,Male,1335,1902,cerd,470263
1351,Tong,Disu,童第肅,Male,1161,1907,cerd,470374
1355,Pang,Rui,龐瑞,Male,1356,1913,cerd,470485
1358,Pang,Jin,龐瑾,Male,1359,1907,cerd,470597
1361,Pang,Jian,龐儉,Male,749,NA,cerd,470708
1363,Peng,Jin,龐錦,Male,1364,1901,cerd,470819
1366,Pang,Qingchu,龐慶礎,Male,1367,1912,cerd,470930
1373,Pang,Yanwei,龐延瑋,Male,1356,1908,cerd,471041
1375,Pang,Zixiang,龐子翔,Male,1113,1912,cerd,471152
1377,Pang,Fengzhao,龐豐兆,Male,1356,1906,cerd,471263
1381,Xu,Peijun,徐佩璜,Male,1100,1888,cerd,48127
1399,Xu,Peikun,徐佩琨,Male,1100,1891,cerd,471374
1408,Xu,Jingchang,徐經常,Male,1409,1910,cerd,471485
1414,Xu,Jinting,徐縉珽,Male,1415,1907,cerd,471596
1424,Xu,Dingchen,徐鼎臣,Male,1016,NA,cerd,471708
1426,Xu,Songling,徐嵩齡,Male,1428,1912,cerd,471819
1432,Xu,Chonglin,徐崇林,Male,1433,1909,cerd,471930
1458,Pang,Shoubai,龐守白,Male,807,NA,cerd,472041
1464,Pang,Xinzheng,龐心正,Male,1465,NA,cerd,472152
1469,Xu,Jiwen,徐繼文,Male,NA,NA,cerd,472263
1471,Xu,Jimian,徐繼勉,Male,1472,NA,cerd,472374
1475,Xu,Jichang,徐繼昶,Male,1100,NA,cerd,472485
1479,Xu,Yunxi,徐允熙,Male,562,NA,cerd,472596
1481,Xu,Jiansan,徐緘三,Male,1604,1900,cerd,472707
1486,Xu,Dexin,徐德新,Male,1487,1913,cerd,472819
1489,Xu,Deyuan,徐德元,Male,1490,1918,cerd,472930
1492,Xu,Derong,徐德榮,Male,1493,1908,cerd,473041
1497,Xu,Shenglin,徐升霖,Male,782,1887,cerd,473152
1513,Xu,Biyu,徐碧宇,Male,1514,1912,cerd,473263
1518,Xu,Naiji,徐乃基,Male,909,NA,cerd,473374
1521,Xu,Chenghu,徐承祜,Male,1522,1910,cerd,473485
1528,Xu,Chenghuang,徐承爌,Male,449,NA,cerd,473596
1532,Xu,Ziwen,徐子文,Male,807,NA,cerd,473707
1538,Xu,Shunshou,徐舜壽,Male,1113,1918,cerd,473818
1543,Xu,Xinfu,徐信孚,Male,1544,NA,cerd,473930
1558,Pang,Dawei,龐大爲,Male,1559,NA,cerd,474041
1563,Pang,Guoxian,龐國弦,Male,1564,1914,cerd,474152
1566,Pang,Quanjin,龐全晉,Male,1356,NA,cerd,474263
1572,Pang,Yuyi,龐毓沂,Male,1573,1900,cerd,474374
1575,Peng,Zenggui,龐曾溎,Male,1100,1917,cerd,474485
1577,Kang,Shulin,亢書林,Male,1578,NA,cerd,474596
1580,Kang,Sijing,亢思敬,Male,1578,1900,cerd,474707
1588,Liao,Yuan,廖玉安,Male,1589,NA,cerd,474818
1591,Fang,Wenlong,方文龍,Male,1592,1907,cerd,474857
1596,Fang,Wenjun,方文均,Male,1597,1911,cerd,474869
1603,Fang,Yujue,方於桷,Male,1604,1887,cerd,474880
1606,Fang,Yawei,方亞偉,Male,1607,1907,cerd,474891
1611,Fang,Yutian,方玉田,Male,571,NA,cerd,474902
1613,Fang,Yuanlong,方元龍,Male,1409,NA,cerd,474913
1617,Xu,Renhe,徐仁和,Male,562,1912,cerd,474924
1620,Xu,Renxiang,徐任祥,Male,1113,1910,cerd,474935
1625,Xu,Renji,徐仁基,Male,1626,NA,cerd,60757
1629,Xu,Renhua,徐仁鏵,Male,1630,1910,cerd,474946
1632,Xu,Renjin,徐仁錦,Male,NA,NA,cerd,474957
1635,Xu,Shishi,徐師奭,Male,1636,NA,cerd,474968
1639,Xu,Yunfu,徐雲黻,Male,4407,1916,cerd,474980
1642,Xu,Yunqing,徐雲靑,Male,1643,1900,cerd,474991
1654,Xu,Ruisheng,徐瑞生,Male,68,NA,cerd,475002
1658,Xu,Ruishu,徐瑞書,Male,1659,1910,cerd,475013
1663,Xu,Ruitian,徐瑞田,Male,1664,NA,cerd,475024
1668,Xu,Tingyao,徐廷瑤,Male,723,NA,cerd,475035
1670,Xu,Yanxun,徐延勳,Male,1671,1912,cerd,475046
1673,Xu,Yanchang,徐延昌,Male,562,1914,cerd,475057
1677,Xu,Gongmao,徐功懋,Male,1079,1913,cerd,475068
1681,Xu,Jianbang,徐建邦,Male,1682,1903,cerd,368672
1691,Xu,Hengdao,徐亨道,Male,NA,NA,cerd,475079
1693,Xu,Yandao,徐顏生,Male,1695,1911,cerd,475091
1699,Xu,Dunlin,徐敦麟,Male,1703,1911,cerd,475102
1707,Xu,Dunjin,徐敦瑾,Male,1708,1913,cerd,475113
1710,Xu,Yilang,徐一郎,Male,1711,1917,cerd,475124
1713,Xu,Yiguan,徐一貫,Male,1714,1903,cerd,475135
1728,Xu,Zhengda,徐正大,Male,950,1900,cerd,475146
1739,Xu,Yufan,徐玉璠,Male,1292,1910,cerd,475157
1743,Xu,Zhangben,徐璋本,Male,590,1913,cerd,475168
1745,Xu,Tianqiang,徐天強,Male,877,1912,cerd,475179
1747,Xu,Baichuan,徐百川,Male,1748,1912,cerd,475190
1755,Xu,Baikui,徐百揆,Male,950,1902,cerd,475203
1768,Xu,Jingxin,徐競新,Male,1770,1903,cerd,475214
1778,Fang,Shengmo,方聖謨,Male,1779,1915,cerd,475225
1781,Fang,Zizhong,方子重,Male,1161,1905,cerd,475236
1796,Fang,Ziwei,方子衛,Male,1736,1900,cerd,475247
1816,Fang,Zirong,方子容,Male,1817,1913,cerd,475258
1822,Xu,Huijun,徐匯濬,Male,673,1907,cerd,475269
1826,Xu,Wohong,徐沃宏,Male,449,1913,cerd,475280
1829,Fang,Renzhuo,方仁倬,Male,NA,1916,cerd,475291
1831,Fang,Renxu,方仁煦,Male,1210,1900,cerd,475302
1836,Fang,Shanshou,方山壽,Male,965,1917,cerd,475314
1838,Fang,Junyun,方俊鋆,Male,1839,1914,cerd,475325
1844,Fang,Chuanliu,方傳流,Male,1227,1914,cerd,475336
1846,Fang,Yiju,方以矩,Male,1210,1901,cerd,475347
1856,Fang,Ningzan,方寧贊,Male,1857,1905,cerd,475358
1866,Fang,Baoling,方寳齡,Male,1867,1913,cerd,475369
1872,Fang,Zongcha,方宗岔,Male,1597,1911,cerd,475380
1874,Fang,Fusen,方福森,Male,553,1910,cerd,475391
1880,Fang,Weidong,方爲棟,Male,1881,1912,cerd,475402
1884,Fang,Runan,方汝南,Male,1885,1914,cerd,475413
1887,Fang,Zutong,方祖同,Male,879,1912,cerd,475425
1890,Fang,Zhaoteng,方肇騰,Male,90,1912,cerd,475436
1896,Fang,Zuoying,方左英,Male,1857,1913,cerd,475447
1898,Fang,Dachuan,方大川,Male,999,1917,cerd,475458
1900,Fang,Peixun,方培羣,Male,980,1910,cerd,475469
1902,Fang,Zaipei,方在培,Male,1903,NA,cerd,475480
1905,Fang,Xiwu,方希武,Male,1227,1898,cerd,475491
1917,Xu,Kangji,徐康吉,Male,1063,1912,cerd,475502
1918,Fang,Shouju,方壽鉅,Male,1210,1902,cerd,475513
1921,Fang,Bingpan,方柄盤,Male,1630,1912,cerd,475524
1922,Xu,Qingcong,徐慶叢,Male,1923,1910,cerd,475536
1925,Fang,Chengjin,方城金,Male,1926,1912,cerd,475547
1929,Fang,Xiaoshu,方孝淑,Male,1042,1915,cerd,475558
1930,Xu,Yinghua,徐應華,Male,965,NA,cerd,475569
1933,Xu,Qinglan,徐慶瀾,Male,511,1908,cerd,475580
1935,Fang,Ditang,方棣棠,Male,1941,1900,cerd,332620
1936,Xu,Qingchun,徐慶春,Male,819,NA,cerd,475591
1971,Xu,Guangbin,徐廣斌,Male,427,1908,cerd,475602
1974,Xu,Wenzhen,徐文珍,Male,1975,1905,cerd,475613
1982,Xu,Wenxiu,徐文秀,Male,819,1908,cerd,475624
1986,Fang,Henian,方鶴年,Male,1630,1906,cerd,475635
1989,Fang,Chaoliang,方朝樑,Male,1604,1903,cerd,475647
1992,Fang,Chaojian,方幹謙,Male,1993,1898,cerd,475658
2000,Fang,Songnian,方松年,Male,427,NA,cerd,475669
2002,Fang,Chunting,方春霆,Male,71,NA,cerd,475680
2005,Fang,Enxu,方恩緒,Male,999,1917,cerd,475691
2007,Fang,Houxuan,方厚璿,Male,553,NA,cerd,475702
2009,Fang,Yizhen,方頤楨,Male,NA,NA,cerd,475713
2011,Fang,Yipu,方頤撲,Male,879,1900,cerd,475724
2026,Xu,Wentai,徐文台,Male,NA,NA,cerd,475735
2029,Xu,Wenhui,徐文徽,Male,1923,1916,cerd,475746
2031,Xu,Wenjiong,徐文泂,Male,1079,NA,cerd,475758
2034,Xu,Shu,徐書,Male,1664,1891,cerd,475769
2041,Xu,Wei,徐威,Male,1664,1911,cerd,475780
2052,Xu,Cheng,徐晟,Male,427,1896,cerd,475791
2057,Xu,Chang,徐昌,Male,NA,1895,cerd,475802
2059,Xu,Fei,徐騛,Male,1016,NA,cerd,475813
2061,Xu,Xi,徐熙,Male,2062,NA,cerd,475824
2064,Xu,Yu,徐愈,Male,427,NA,cerd,475835
2067,Xu,Yu,徐鈺,Male,2068,NA,cerd,475846
2070,Xu,Yu,徐鈺,Male,2071,1911,cerd,475857
2073,Xu,Zhao,徐釗,Male,1079,1919,cerd,475869
2075,Xu,Zhen,徐箴,Male,2076,1899,cerd,61567
2100,Fang,Lüxi,方履熙,Male,909,1904,cerd,369802
2113,Fang,Jiyun,方際運,Male,2114,1907,cerd,475880
2119,Fang,Xuefen,方學芬,Male,1817,1902,cerd,17200
2136,Fang,Kaiqi,方開啓,Male,879,1913,cerd,475891
2140,Fang,Xianqi,方賢齊,Male,553,1912,cerd,475902
2149,Xu,Le,樂天,Male,965,1904,cerd,475913
2159,Xu,Te,徐特,Male,68,1896,cerd,475924
2162,Xu,Chun,徐純,Male,1664,NA,cerd,475935
2171,Xu,Liang,徐梁,Male,1100,1908,cerd,475946
2193,Xu,Lian,徐連,Male,965,1917,cerd,475957
2195,Xu,Shang,徐尚,Male,2146,1897,cerd,475968
2198,Xu,Le,徐樂,Male,965,1904,cerd,61355
2209,Xu,Jiang,徐江,Male,2165,1914,cerd,475980
2211,Xu,Zhi,徐治,Male,1511,1898,cerd,475991
2219,Xu,Lin,徐潾,Male,942,1906,cerd,476002
2229,Xu,Zhen,徐楨,Male,965,1906,cerd,476013
2235,Fang,Xunshan,方巽山,Male,2236,1900,cerd,476024
2254,Fang,Xingchu,方興楚,Male,1120,1888,cerd,476035
2276,Fang,Xingguo,方興國,Male,1703,1903,cerd,476046
2289,Xu,Fan,徐範,Male,2076,1908,cerd,476057
2291,Xu,Zhong,徐中,Male,965,1914,cerd,476068
2295,Miao,Xikang,繆錫康,Male,1161,1920,cerd,476079
2302,Miao,Weiyi,繆惟宜,Male,62,1901,cerd,476091
2306,Miao,Jiongyu,繆烱豫,Male,1016,1912,cerd,476102
2309,Gou,Kejing,緱克敬,Male,2310,1900,cerd,476113
2312,Yi,Jiming,儀吉明,Male,2313,1911,cerd,476124
2315,Cong,Yintan,從蔭檀,Male,1091,1911,cerd,476135
2326,Xu,Zhuo,徐琢,Male,1091,1913,cerd,476146
2332,Xu,Jin,徐瑾,Female,1630,1911,cerd,476157
2334,Xu,Lin,徐琳,Male,782,1907,cerd,476168
2344,Miao,Gang,繆綱,Male,427,1913,cerd,476179
2346,Miao,Yan,繆棪,Male,1016,1915,cerd,476190
2348,Miao,Bingquan,繆秉銓,Male,7540,NA,cerd,476202
2351,Miao,Sisheng,繆絲聲,Male,2352,1893,cerd,476213
2355,Miao,Jiaming,繆嘉銘,Male,556,1895,cerd,194325
2367,Miao,Chaofeng,繆超鳳,Male,765,1908,cerd,476224
2384,Miao,Zhongxun,繆忠訓,Male,522,1911,cerd,476235
2386,Miao,Enzhao,繆恩釗,Male,2406,1893,cerd,476246
2389,Miao,Jiasan,繆甲三,Male,2390,1914,cerd,476257
2392,Miao,Zhongyan,繆鍾彥,Male,1016,1900,cerd,476268
2409,Fang,Yukai,方毓愷,Male,980,1895,cerd,476279
2411,Fang,Shanyuan,方善源,Male,1305,NA,cerd,476290
2417,Fang,Sh anpei,方善培,Male,1305,1895,cerd,476301
2423,Fang,shanfu,方善輔,Male,1305,NA,cerd,476314
2426,Fang,Zhenkun,方鎭堃,Male,74,1915,cerd,476325
2428,Fang,Zhenjiang,方鎭江,Male,2429,1893,cerd,476336
2432,Fang,Yaohe,方耀和,Male,74,1915,cerd,476347
2434,Gao,Lie,高烈,Male,2435,1906,cerd,476358
2437,Gao,Lun,高崙,Male,2438,1911,cerd,476369
2442,Gao,Song,高嵩,Male,2443,1912,cerd,476380
2449,Gao,Feng,高峯,Male,553,1893,cerd,476391
2469,Ji,Ruiming,紀瑞明,Male,1618,1913,cerd,476402
2478,Ji,Ruixing,紀瑞興,Male,1618,1916,cerd,476413
2480,Ji,Yanling,紀延齡,Male,2481,1901,cerd,476425
2488,Ji,Qingyue,紀清樾,Male,2489,NA,cerd,476436
2492,Ji,Liansheng,紀連陞,Male,1659,NA,cerd,476447
2497,Ji,Shikuan,紀士寬,Male,2498,1912,cerd,476458
2504,Ji,Zengjue,紀增爵,Male,1748,1914,cerd,476469
2507,Ji,Quanyang,紀全祥,Male,2508,1910,cerd,476480
2510,Ji,Juwen,紀鉅紋,Male,2489,1890,cerd,476491
2519,Ji,Jukai,紀鉅凱,Male,427,1913,cerd,476502
2522,Ji,Changlun,紀常倫,Male,511,1913,cerd,476513
2529,Gao,Shan,高山,Male,2530,1910,cerd,476524
2532,Gao,Fu,高復,Male,2534,1898,cerd,476536
2538,Gao,Qian,高潛,Male,2539,1907,cerd,476547
2541,Gao,Ling,高凌,Male,2542,1911,cerd,476558
2544,Gao,Zhi,高志,Male,2545,1917,cerd,476569
2548,Gao,Bin,高彬,Male,1604,1906,cerd,476580
2556,Gao,Pu,高樸,Male,2534,1897,cerd,476591
2558,Gao,Chao,高超,Male,1748,1907,cerd,476602
2562,Gao,Wu,高旿,Male,76,1906,cerd,476613
2566,Gao,Yi,高義,Male,2567,1900,cerd,398383
2582,Gao,Xian,高銛,Male,62,1892,cerd,398448
2588,Gao,He,高鉌,Male,765,1892,cerd,476624
2601,Bao,Keyong,包可永,Male,1079,1908,cerd,476635
2622,Bao,Zongfu,包宗福,Male,562,1906,cerd,476647
2624,Bai,Liyan,包禮言,Male,2625,1898,cerd,476658
2635,Bao,Dapei,包大沛,Male,1305,1913,cerd,476669
2640,Bao,Xiaopeng,包孝彭,Male,2641,1915,cerd,476680
2643,Bao,Gande,包甘德,Male,71,1911,cerd,476691
2647,Bao,Changwen,包昌文,Male,1161,1912,cerd,476702
2657,Bao,Yishou,包怡壽,Male,1926,1915,cerd,476713
2668,Gao,Qi,高錤,Male,2114,1917,cerd,476724
2670,Gao,Jian,高鑑,Male,562,NA,cerd,476735
2676,Gao,Rui,高銳,Male,1434,1889,cerd,476746
2682,Gao,Xupei,高許培,Male,2542,1901,cerd,476758
2699,Bao,Yuwen,包煜文,Male,2660,1892,cerd,476769
2708,Lu,Bangzhan,魯邦瞻,Male,1903,NA,cerd,476780
2719,Lu,Siyi,魯思義,Male,1578,1900,cerd,476791
2721,Lu,Xuezeng,魯學曾,Male,2722,NA,cerd,476802
2724,Gao,Hua,郜華,Male,652,1908,cerd,476813
2727,Gao,Zeng,郜曾,Male,2728,NA,cerd,476824
2731,Gao,Yunqian,郜允謙,Male,2732,1895,cerd,476835
2734,Gao,Shoupeng,郜壽彭,Male,427,1913,cerd,476846
2737,Gao,Xuekong,郜學孔,Male,2728,1903,cerd,476857
2745,Bao,Yi,包詒,Male,562,1892,cerd,476869
2747,Bao,Xindi,包新第,Male,1161,1911,cerd,476880
2775,Gao,Piye,高丕業,Male,1578,1912,cerd,476891
2777,Gao,Piji,高丕基,Male,1578,NA,cerd,476902
2779,Gao,Lude,高露德,Male,2780,1902,cerd,476913
2784,Gao,Yuanxun,高元勳,Male,597,1900,cerd,476924
2788,Lu,Dejun,魯德俊,Male,2790,NA,cerd,476935
2793,Lu,Chunzhong,魯純忠,Male,2794,NA,cerd,476946
2796,Lu,Fuzhou,魯復周,Male,2797,1903,cerd,476957
2813,Lu,Congzhou,魯從周,Male,2797,1907,cerd,476968
2815,Lu,Liangzhen,魯良鎮,Male,2062,1913,cerd,476980
2817,Lu,Zongyu,魯宗禹,Male,1682,1907,cerd,476991
2819,Lu,Zongdao,魯宗道,Male,1036,NA,cerd,477002
2821,Lu,Naican,魯迺參,Male,841,1910,cerd,477013
2828,Lu,Zhiyuan,魯治元,Male,2829,NA,cerd,477024
2834,Lu,Dizyan,魯迪炎,Male,2062,1914,cerd,477035
2836,Lu,Zuzhou,魯祖周,Male,2837,1909,cerd,332982
2842,Lu,Ruoyu,魯若愚,Male,607,1904,cerd,332974
2854,Gao,Tianhu,高天祜,Male,1682,1898,cerd,477046
2856,Gao,Yunqing,高雲淸,Male,2857,1902,cerd,477057
2860,Gao,Buwei,高不危,Male,2861,1917,cerd,477068
2863,Gao,Ruixin,高瑞新,Male,723,1894,cerd,398345
2868,Gao,Tingshu,高廷樞,Male,965,1914,cerd,477079
2872,Gao,Tinggui,高廷桂,Male,1659,NA,cerd,477091
2874,Gao,Tingguang,高廷光,Male,NA,NA,cerd,477102
2877,Gao,Gongmao,高功懋,Male,1711,1906,cerd,477113
2879,Gao,Jianxiu,高建秀,Male,2884,1912,cerd,477124
2886,Gao,Naiqian,高乃謙,Male,NA,NA,cerd,477135
2890,Gao,Yuyun,高矞雲,Male,2884,1902,cerd,477146
2893,Gao,Naicong,高乃聰,Male,765,1913,cerd,477157
2897,Gao,Chengxiang,高承祥,Male,2898,1904,cerd,477168
2900,Gao,Zixiao,高子霄,Male,1367,1912,cerd,477179
2922,Gao,Jundong,高君棟,Male,NA,NA,cerd,477190
2924,Gao,Xiutong,高秀桐,Male,2545,1900,cerd,477202
2941,Gao,Weiyue,高維嶽,Male,2942,NA,cerd,477213
2944,Gao,Weixiang,高維祥,Male,2945,1902,cerd,477224
2963,Gao,Weirong,高維榮,Male,1113,1914,cerd,477235
2965,Gao,Shunde,高順德,Male,765,1905,cerd,477246
2967,Gao,Bukong,高步孔,Male,NA,NA,cerd,477257
2969,Gao,Bukun,高步昆,Male,2857,1902,cerd,477268
2973,Gao,Chonglie,高崇烈,Male,2974,1911,cerd,477279
2977,Gao,Chongling,高崇齡,Male,2978,1912,cerd,477290
2984,Gao,Chongshan,高崇善,Male,2985,1901,cerd,477301
2996,Gao,Junnan,高俊南,Male,2443,1915,cerd,477313
2998,Gao,Shiyin,高仕吟,Male,553,1913,cerd,477324
3000,Gao,Xianjian,高先鑑,Male,402,1911,cerd,477335
3007,Gao,Shixin,高仕炘,Male,553,1913,cerd,477346
3009,Gao,Deqiang,高德强,Male,562,1914,cerd,477357
3013,Gao,Dechun,高德純,Male,562,1901,cerd,477368
3015,Gao,Xujun,高緒㑺,Male,3016,1919,cerd,477379
3018,Gao,Xukan,高緒侃,Male,3016,1917,cerd,477390
3020,Gao,Panming,高盤銘,Male,965,1916,cerd,477401
3022,Gao,Peiyu,高佩瑜,Male,3023,1896,cerd,477412
3030,Gao,Yangying,高仰英,Male,2071,1907,cerd,477425
3032,Gao,Lianxi,高濂溪,Male,3033,1910,cerd,477436
3035,Gao,Jiabao,高家寳,Male,3036,1912,cerd,477447
3041,Gao,Yongyu,高永譽,Male,3042,1911,cerd,477458
3052,Gao,Zhixun,高之栒,Male,3053,NA,cerd,477469
3055,Gao,Zhizhan,高之栴,Male,3053,1894,cerd,477480
3057,Gao,Xianying,高憲英,Male,1725,1899,cerd,332654
3071,Gao,Xiantan,高憲錟,Male,553,1915,cerd,477491
3077,Gao,Liangrun,高良潤,Male,965,1919,cerd,477502
3079,Gao,Binxu,高賓緒,Male,427,1912,cerd,477513
3081,Gao,Zongxi,高宗羲,Male,62,1907,cerd,477524
3084,Gao,Fuhong,高福洪,Male,632,1910,cerd,477536
3088,Gao,Zhaokui,高兆夔,Male,1664,NA,cerd,477547
3090,Gao,Zhishu,高治樞,Male,1016,1907,cerd,477558
3094,Gao,Lingbai,高凌百,Male,1016,NA,cerd,477569
3100,Gao,Lingmei,高凌美,Male,3101,1899,cerd,398322
3116,Gao,Dafu,高達夫,Male,819,1913,cerd,477580
3118,Gao,Yuanchun,高遠春,Male,324,1901,cerd,477591
3132,Zou,Weigao,鄒慰高,Male,3133,NA,cerd,477602
3135,Zou,Yangxian,鄒養賢,Male,1664,NA,cerd,477613
3137,Zou,Songqing,鄒頌清,Male,1256,1899,cerd,477624
3142,Zou,Shangying,鄒尚英,Male,3144,1904,cerd,477635
3150,Zou,Huanxin,鄒煥新,Male,449,1914,cerd,477647
3152,Lu,Chun,魯純,Male,2837,NA,cerd,477658
3154,Lu,Bo,魯波,Male,2489,1904,cerd,477669
3171,Lu,Xunran,魯循然,Male,2837,1900,cerd,477680
3196,Gao,Liyun,高禮筠,Male,NA,NA,cerd,477691
3198,Gao,Lianxi,高連喜,Male,3199,NA,cerd,477702
3202,Gao,Sijin,高禩瑾,Male,3203,1904,cerd,477713
3211,Gao,Hongbin,高鴻賓,Male,2884,NA,cerd,477724
3213,Gao,Guanjie,高冠傑,Male,43260,1896,cerd,477735
3217,Gao,Zunan,高祖楠,Male,909,NA,cerd,477746
3222,Gao,Shilin,高士林,Male,1573,1913,cerd,477758
3224,Gao,Peitang,高培棠,Male,3226,1905,cerd,477769
3228,Gao,Zhiren,高志仁,Male,511,NA,cerd,477780
3232,Gao,Zhiming,高志明,Male,566,1912,cerd,477791
3234,Gao,Shoubai,高壽百,Male,1016,1915,cerd,477802
3236,Gao,Zhenjian,高眞堅,Male,1993,1913,cerd,477813
3238,Gao,Muhua,高慕華,Male,3239,NA,cerd,477824
3242,Gao,Gongan,高功安,Male,807,1887,cerd,477835
3254,Zou,Shengyi,鄒聲義,Male,2429,NA,cerd,477846
3256,Zou,Zhongyao,鄒忠曜,Male,1664,1904,cerd,477857
3269,Zou,Zhenmin,鄒振民,Male,3270,NA,cerd,477869
3272,Zou,Jihou,鄒輯侯,Male,2429,NA,cerd,477880
3274,Zou,Guoke,鄒國珂,Male,3275,NA,cerd,477891
3279,Zou,Silian,鄒思廉,Male,807,1907,cerd,477902
3282,Zou,Enzong,鄒恩泳,Male,3275,1897,cerd,477913
3298,Zou,Yuesheng,鄒岳生,Male,342,1896,cerd,477924
3310,Zou,Hanxin,鄒漢新,Male,449,1912,cerd,477935
3312,Zou,Honghai,鄒鴻海,Male,802,1896,cerd,477946
3318,Zou,Hongxiang,鄒鴻翔,Male,3319,NA,cerd,477957
3322,Zou,Zhaojian,鄒肇建,Male,3323,1915,cerd,477968
3325,Zou,Shilin,鄒士林,Male,3326,NA,cerd,477980
3328,Zou,Youzhi,鄒有志,Male,511,1913,cerd,477991
3330,Zou,Xiaobiao,鄒孝標,Male,3331,1916,cerd,478002
3334,Zou,Tingsheng,鄒梃生,Male,3335,1913,cerd,478013
3337,Zou,Maotong,鄒茂桐,Male,1079,1904,cerd,478024
3347,Zou,Shijun,鄒世俊,Male,3348,1887,cerd,391203
3365,Zou,Rugui,鄒如圭,Male,3366,1879,cerd,391233
3376,Zou,Zhihuan,鄒致煥,Male,601,1901,cerd,478035
3381,Zou,Zhuoran,鄒卓然,Male,3323,1888,cerd,391215
3404,Zou,Chengyu,鄒承禹,Male,388,1915,cerd,478046
3406,Zou,Chengzeng,鄒承曾,Male,1079,1915,cerd,478057
3409,Zou,Zhiqi,鄒致圻,Male,601,1913,cerd,478068
3412,Zou,Dingxin,鄒鼎新,Male,1256,NA,cerd,478079
3414,Zou,Caiping,鄒彩屏,Male,566,1911,cerd,478091
3418,Zou,Liangyan,鄒良嚴,Male,511,1910,cerd,478102
3421,Zou,Zongqi,鄒宗淇,Male,950,1911,cerd,478113
3423,Zou,Zhaojian,鄒兆儉,Male,522,1914,cerd,478124
3430,Zou,Rong,鄒榮,Male,NA,NA,cerd,478135
3432,Zou,Liren,鄒立人,Male,877,1913,cerd,478146
3434,Zou,Fanglian,鄒方運,Male,3435,NA,cerd,478157
3437,Zou,Xuting,鄒序庭,Male,2429,1902,cerd,478168
3449,Zou,Wenqin,鄒文欽,Male,522,1915,cerd,478179
3451,Zou,Wenyao,鄒文耀,Male,459,1897,cerd,478190
3466,Zou,Yutang,鄒玉堂,Male,3468,1914,cerd,478202
3470,Zou,Yuanchang,鄒元昌,Male,3471,NA,cerd,478213
3473,Zou,Yuanhui,鄒元煇,Male,782,1908,cerd,478224
3475,Zou,Yuanxi,鄒元爔,Male,782,1915,cerd,478235
3477,Zou,Liwu,鄒礪吾,Male,449,1895,cerd,478246
3487,Wu,Liesheng,鄔烈升,Male,NA,NA,cerd,478257
3490,Wu,Dehui,鄔德輝,Male,1305,1909,cerd,478268
3494,Wu,Zongshuo,鄔宗鑠,Male,3495,NA,cerd,478279
3497,Wu,Xianzhe,鄔顯浙,Male,2625,1910,cerd,478290
3499,Hu,Zhe,忽哲,Male,3500,1916,cerd,478301
3504,Zou,Wen,鄒雯,Male,2429,1914,cerd,478313
3507,Zou,Zhen,鄒震,Male,590,1909,cerd,478324
3515,Zou,Wei,鄒衞,Male,2429,1892,cerd,478335
3528,Zou,Ding,鄒鼎,Male,807,NA,cerd,478346
3531,Zou,Qi,鄒屺,Male,3532,NA,cerd,478357
3533,Gao,Huafu,高華黼,Male,1903,NA,cerd,478368
3536,Zou,Yue,鄒越,Male,3323,1915,cerd,478379
3538,Zou,Lun,鄒輪,Male,402,1911,cerd,478390
3539,Gao,Shifu,高世輔,Male,819,1908,cerd,478401
3546,Yin,Yuanzhang,殷元章,Male,1664,1912,cerd,478412
3547,Gao,Qiwen,高其文,Male,3549,1912,cerd,478424
3561,Gao,Qiwen,高其遇,Male,871,1907,cerd,478435
3570,Yin,Tianze,殷天擇,Male,NA,NA,cerd,478446
3576,Yin,Shouyi,殷受宜,Male,807,NA,cerd,478457
3581,Yin,Derao,殷德饒,Male,558,NA,cerd,478468
3585,Yin,Zhihao,殷之浩,Male,996,1916,cerd,478479
3587,Yin,Zhilan,殷之瀾,Male,1903,1912,cerd,478490
3591,Gao,Qichang,高其昌,Male,427,1896,cerd,478501
3607,Gao,Shuyun,高樹雲,Male,3608,1914,cerd,478512
3610,Gao,Shuxin,高樹信,Male,3611,1899,cerd,478523
3617,Gao,Shuxun,高樹勳,Male,3616,1910,cerd,478536
3638,Gao,Shudong,高樹東,Male,1659,NA,cerd,478547
3641,Gao,Shuping,高樹屏,Male,3642,NA,cerd,478558
3644,Gao,Guideng,高桂登,Male,3645,1909,cerd,478569
3653,Gao,Chaozhen,高朝珍,Male,NA,NA,cerd,478580
3655,Gao,Jingji,高敬基,Male,1113,1903,cerd,478591
3657,Gao,Huitong,高惠同,Male,3658,NA,cerd,478602
3661,Gao,Chunhe,高春和,Male,3662,NA,cerd,478613
3664,Gao,Shulou,高書樓,Male,3665,1907,cerd,478624
3671,Gao,Chunxi,高春熙,Male,3672,1893,cerd,478635
3674,Yin,Yuanzhi,殷源之,Male,1903,1892,cerd,478647
3685,Gao,Zhenzhou,高振洲,Male,755,1906,cerd,478658
3693,Yin,Zhilu,殷之輅,Male,1903,NA,cerd,478669
3709,Yin,Zulan,殷祖瀾,Male,3710,1905,cerd,478680
3722,Yin,Mengqi,殷夢麒,Male,1409,1912,cerd,478691
3723,Gao,Zhenyi,高振貽,Male,3730,1913,cerd,478702
3724,Gao,Zhenkui,高振奎,Male,3726,NA,cerd,478713
3727,Yin,Maode,殷懋德,Male,807,NA,cerd,478724
3731,Yin,Maoqin,殷楙芹,Male,3735,NA,cerd,478735
3737,Gao,Zhenbing,高振炳,Male,3739,NA,cerd,478746
3738,Yin,Maofan,殷楙繁,Male,3735,1912,cerd,478758
3742,Yin,Zenggao,殷增鎬,Male,NA,NA,cerd,478769
3746,Yin,Bencan,殷本燦,Male,402,NA,cerd,478780
3748,Yin,Mingluan,殷鳴鑾,Male,3750,1896,cerd,478791
3764,Yin,Zhongmin,殷鍾敏,Male,3765,1913,cerd,478802
3767,Xie,Lide,解立德,Male,3768,1905,cerd,478813
3770,Xie,Jizhuan,解集瑑,Male,3771,NA,cerd,478824
3773,Xie,Dingchen,解鼎臣,Male,4407,1887,cerd,478835
3779,Xie,Yonglu,解永祿,Male,3780,1912,cerd,478846
3782,Xie,Zhixin,解之新,Male,3784,1911,cerd,478857
3786,Xie,Shoujin,解壽縉,Male,2253,1901,cerd,478869
3799,Xie,Shizhen,解世珍,Male,3800,1910,cerd,478880
3802,Xie,Yigu,解貽穀,Male,3803,1915,cerd,478891
3805,Yi,Jingluan,伊景鑾,Male,2310,1901,cerd,478902
3810,Zhan,Guo,詹果,Male,590,1914,cerd,478913
3815,Zhan,Ye,詹燁,Male,2829,1911,cerd,478924
3818,Zhan,Wencong,詹文琮,Male,3608,1894,cerd,478935
3825,Zhan,Ziyi,詹子儀,Male,1042,1907,cerd,478946
3828,Zhan,Dingyuan,詹鼎元,Male,3829,NA,cerd,478957
3831,Zhan,Huanan,詹化南,Male,2062,NA,cerd,478968
3833,Zhan,Weiting,詹偉庭,Male,1817,1911,cerd,478980
3835,Zhan,Yangzeng,詹仰曾,Male,1881,1914,cerd,478991
3838,Zhan,Yonghe,詹永合,Male,3839,1903,cerd,479002
3846,Zhan,Jiazi,詹家梓,Male,402,1907,cerd,479013
3850,Zhan,Hanwen,詹漢文,Male,3851,1905,cerd,479024
3854,Zhan,Daoping,詹道平,Male,1036,NA,cerd,479035
3856,Zhan,Daohe,詹道合,Male,3857,1911,cerd,479046
3859,Zhan,Kejian,詹克儉,Male,1493,1909,cerd,479057
3862,Zhan,Fanxun,詹蕃勳,Male,1839,NA,cerd,479068
3865,Zhan,Bingshan,詹炳善,Male,3866,1912,cerd,479079
3868,Zhang,Rongxi,詹榮錫,Male,1839,NA,cerd,479091
3870,Bao,Pu,鮑璞,Male,3703,1891,cerd,479102
3883,Bao,Shu,鮑?,Male,3884,1911,cerd,479113
3900,Gao,Yuangui,高援桂,Male,3901,NA,cerd,479124
3903,Gao,Zhimin,高哲民,Male,3750,1912,cerd,479135
3905,Gao,Bangjun,高邦俊,Male,1636,NA,cerd,479146
3913,Gao,Xingdou,高星斗,Male,3916,NA,cerd,479157
3914,Bao,Zhengjun,鮑正鈞,Male,1161,1902,cerd,479168
3918,Gao,Xinghuan,高星煥,Male,1356,NA,cerd,479179
3920,Gao,Guomo,高國模,Male,1671,1908,cerd,479190
3923,Gao,Changqi,高昌麒,Male,3924,NA,cerd,479202
3926,Gao,Changrui,高昌瑞,Male,1664,1916,cerd,479213
3928,Gao,Changyun,高昌運,Male,3924,NA,cerd,479224
3932,Gao,Jingkun,高景崑,Male,1664,1913,cerd,479235
3934,Gao,Yingxi,高景熙,Male,3935,1913,cerd,479246
3937,Gao,Jingxian,高景賢,Male,511,1907,cerd,479257
3939,Gao,Xiaofeng,高曉楓,Female,3940,1916,cerd,479268
3942,Gao,Mingshan,高明山,Male,2857,1904,cerd,479279
3960,Bao,Jiwu,鮑繼武,Male,NA,NA,cerd,479290
3962,Bao,Deguan,鮑德冠,Male,NA,NA,cerd,479301
3965,Bao,Deying,鮑德瑩,Male,3966,1898,cerd,479313
3968,Bao,Chuanduo,鮑傳鐸,Male,3969,1913,cerd,479324
3973,Bao,Yongkang,鮑永康,Male,909,1915,cerd,479335
3975,Bao,Yongchang,鮑永昌,Male,3976,1914,cerd,479346
3980,Bao,Bicheng,鮑必晟,Male,1903,1910,cerd,479357
3987,Xiang,Su,向肅,Male,3016,NA,cerd,352491
3989,Xiang,Yuanjian,向元健,Male,1231,1912,cerd,479368
3993,Xiang,Yuyang,向于陽,Male,3994,1906,cerd,479379
3998,Xiang,Anfu,向安撫,Male,3999,1917,cerd,479390
4004,Xiang,Jiahai,向嘉海,Male,4005,NA,cerd,479401
4008,Xiang,Ruochuan,向若川,Male,1016,1909,cerd,479412
4012,Xiang,Sizan,向思贊,Male,3016,NA,cerd,479424
4015,Xiang,Xiande,向賢德,Male,1231,1906,cerd,479435
4031,Xiang,Weixuan,向惟萱,Male,1305,1910,cerd,479446
4040,Tong,Yulang,佟玉朗,Male,4042,1907,cerd,479457
4050,Tong,Degong,佟德功,Male,4051,1914,cerd,479468
4053,Tong,Hangong,佟漢功,Male,4042,1907,cerd,479479
4055,Tong,Cuncheng,佟存誠,Male,1556,NA,cerd,479490
4057,Tong,Jingzong,佟敬宗,Male,2884,1910,cerd,479501
4059,Tong,Yuxiu,佟昱秀,Male,4042,1912,cerd,479512
4061,Tong,Guohua,佟國華,Male,4042,1914,cerd,479523
4063,Tong,Mingchun,佟明春,Male,4042,1908,cerd,479535
4065,Tong,Shenxiu,佟愼修,Male,3726,NA,cerd,479546
4067,Hou,Kai,侯楷,Male,1881,1911,cerd,479557
4071,Hou,Jian,侯簡,Male,3809,1892,cerd,479568
4075,Hou,Guangzhen,侯廣振,Male,16722,1914,cerd,479579
4078,Hou,Yujin,侯于晉,Male,4079,1892,cerd,479590
4081,Hou,Shuozhi,侯碩之,Male,4082,1911,cerd,479601
4085,Gao,Mingtang,高明堂,Male,4086,1906,cerd,479612
4088,Gao,Suokan,高所堪,Male,4089,1904,cerd,479623
4092,Gao,Fengzao,高鳳藻,Male,427,1899,cerd,398469
4104,Gao,Fengge,高鳳閣,Male,719,NA,cerd,479634
4106,Gao,Lüzhen,高履貞,Male,3101,1891,cerd,479647
4118,Gao,Xuexun,高學洵,Male,879,NA,cerd,479658
4121,Gao,Jingjiang,高鏡江,Male,4122,1908,cerd,479669
4125,Gao,Jingying,高鏡瑩,Male,63,1904,cerd,479680
4128,Gao,Jingnan,高錫男,Male,4130,1889,cerd,479691
4132,Gao,Mingxun,高銘勛,Male,63,NA,cerd,479702
4134,Gao,Ruiwu,高銳鋙,Male,1079,NA,cerd,479713
4137,Gao,Minxue,高敏學,Male,965,1903,cerd,479724
4151,Hou,Yanbin,侯延賓,Male,4161,1886,cerd,479735
4152,Hou,Ruixiang,侯瑞祥,Male,1079,1890,cerd,479746
4185,Hou,Junhao,侯君豪,Male,4186,1914,cerd,479758
4188,Hou,Zhian,侯致安,Male,4189,1910,cerd,479769
4191,Hou,Weide,侯維德,Male,3133,1909,cerd,479780
4194,Hou,Weixi,侯維熙,Male,4195,1908,cerd,479791
4197,Hou,Junyao,侯俊耀,Male,1356,1900,cerd,479802
4199,Hou,Debang,侯德榜,Male,553,1890,cerd,44
4205,Hou,Dejun,侯德均,Male,711,1887,cerd,354857
4227,Hou,Dewang,侯德旺,Male,4225,1881,cerd,479813
4231,Hou,Deyuan,侯德原,Male,1748,1912,cerd,479824
4234,Hou,Jiji,侯濟吉,Male,877,NA,cerd,479835
4239,Hou,Jiayuan,侯家源,Male,1079,1896,cerd,45581
4254,Hou,Jiaxu,侯家煦,Male,1079,1912,cerd,479846
4265,Hou,Anguo,侯安國,Male,4266,1908,cerd,479857
4268,Hou,Huanqing,侯宦清,Male,4269,1912,cerd,479869
4271,Hou,Baozheng,侯寳政,Male,4272,1898,cerd,479880
4278,Hou,Ruxun,侯汝勛,Male,2884,1904,cerd,479891
4285,Hou,Haichang,侯海昌,Male,566,1911,cerd,479902
4288,Hou,Qiquan,侯啟泉,Male,553,1911,cerd,479913
4290,Hou,Qixuan,侯啟萱,Male,553,1903,cerd,479924
4298,Hou,Xiaoheng,侯孝恒,Male,1161,NA,cerd,479935
4300,Hou,Linchun,侯林春,Male,4079,1896,cerd,479946
4303,Hou,Shutian,侯書田,Male,4161,NA,cerd,479957
4306,Hou,Zhenfan,侯振藩,Male,618,1895,cerd,479968
4313,Hou,Guoqing,侯國卿,Male,4314,1912,cerd,479980
4316,Hou,Enxi,侯恩銑,Male,711,1911,cerd,479991
4318,Gao,Huaiqing,高懷慶,Male,427,1916,cerd,480002
4319,Hou,Enming,侯恩銘,Male,4320,1914,cerd,480013
4325,Gao,Hengru,高恆儒,Male,1618,NA,cerd,480024
4326,Hou,Enming,侯恩銘,Male,711,NA,cerd,480035
4329,Hou,Changguo,侯昌國,Male,16722,1901,cerd,480046
4334,Gao,Yaoxi,高耀璽,Male,427,1904,cerd,480057
4346,Gao,Rongguang,高榮光,Male,2780,1916,cerd,480068
4348,Xi,Zhen,席珍,Male,1578,1893,cerd,480079
4350,Xi,Tiande,席天德,Male,2313,1906,cerd,480091
4352,Xi,Demao,席德懋,Male,1079,NA,cerd,58869
4354,Xi,Dejiong,席德烱,Male,1079,1894,cerd,480102
4368,Xi,Jiesan,席傑三,Male,3857,NA,cerd,480113
4370,Xi,Haiquan,席海全,Male,4371,1911,cerd,480124
4374,Xi,Qixqian,席啓騫,Male,4375,1914,cerd,480135
4382,Xi,Shangqian,席尚謙,Male,4385,NA,cerd,480146
4388,Shang,Yue,商悦,Male,2443,1911,cerd,480157
4391,Hou,Jingfei,侯景飛,Male,1664,1886,cerd,382341
4392,Shang,Guangwen,商廣文,Male,4394,1904,cerd,480168
4399,Shang,Wenyuan,商文淵,Male,4404,1916,cerd,480179
4400,Hou,Jinghua,侯景華,Male,2390,1901,cerd,480190
4413,Shang,Zuoshen,商作莘,Male,4415,1915,cerd,480202
4424,Hou,Zhaoyu,侯照愈,Male,4425,1897,cerd,480213
4427,Hou,Zhenfan,侯鎭藩,Male,723,1904,cerd,480224
4434,Hou,Jinwen,侯錦文,Male,4435,1903,cerd,480235
4444,Hou,Xizhen,侯錫禎,Male,566,NA,cerd,480246
4446,Shang,Ruqin,商汝欽,Male,1659,1911,cerd,480257
4448,Bian,Wenzhuang,卞文莊,Male,4449,1903,cerd,480268
4451,Bian,Xiaxi,武進,Male,965,1917,cerd,480279
4453,Bian,Yuncheng,卞雲程,Male,562,1911,cerd,480290
4458,Bian,Gongtian,卞攻天,Male,342,1910,cerd,480301
4461,Bian,Shoucheng,卞綬成,Male,965,NA,cerd,480313
4463,Bian,Qiuxia,卞秋霞,Male,965,1912,cerd,480324
4465,Bian,Huanian,卞華年,Male,879,1913,cerd,480335
4467,Bian,Jiezhuang,卞劼壯,Male,496,NA,cerd,480346
4471,Bian,Zhonglin,卞鍾麟,Male,496,1910,cerd,8790
4473,Bian,Weide,卞惟德,Male,965,1917,cerd,480357
4475,Ying,Shengzu,應繩祖,Male,1511,1914,cerd,480368
4477,Ying,Shaoji,應紹箕,Male,62,1904,cerd,480379
4480,Ying,Jiahao,應家豪,Male,1210,1901,cerd,480390
4502,Hou,Huanzhao,侯煥昭,Male,1409,1916,cerd,480401
4505,Yin,Jing,殷竟,Male,NA,NA,cerd,480412
4507,Yin,Jie,殷詰,Male,996,1910,cerd,480424
4512,Yin,Wenyou,殷文友,Male,1664,1900,cerd,377471
4525,Wu,Shien,吳士恩,Male,4412,1890,cerd,480435
4531,Wu,Shikai,吳士鍇,Male,2985,1913,cerd,480446
4541,Wu,Kebin,吳克斌,Male,4542,1908,cerd,480457
4548,Wu,Kexue,吳克學,Male,1659,1910,cerd,480468
4550,Wu,Yourong,吳有榮,Male,1664,NA,cerd,480479
4552,Wu,Nankai,吳南凱,Male,4553,1890,cerd,480490
4579,Ying,Zhijun,應志鈞,Male,1161,1916,cerd,480501
4582,Ying,Shangcai,應尚才,Male,2625,1897,cerd,480512
4591,Kang,Jun,康俊,Male,743,1907,cerd,480523
4593,Kang,Qing,康淸,Male,4594,1907,cerd,365446
4606,Kang,Xinyuan,康辛元,Male,4594,1902,cerd,480535
4615,Kang,Lianzhu,康聯珠,Male,11999,1905,cerd,480546
4618,Kang,Zisheng,康子升,Male,4619,1913,cerd,480557
4624,Kang,Dexing,康德興,Male,4238,1909,cerd,480568
4635,Kang,Depu,康德普,Male,4627,1902,cerd,480579
4643,Kang,Shenglong,康升龍,Male,1161,1912,cerd,480590
4646,Kang,Baomin,康保民,Male,1364,1897,cerd,480601
4648,Kang,Baohuang,康寳煌,Male,1604,1909,cerd,480612
4650,Kang,Hongzhu,康鴻翥,Male,652,1886,cerd,480623
4666,Kang,Zhizhang,康志章,Male,1079,1917,cerd,480634
4668,Kang,Kunxun,康坤勳,Male,1682,1902,cerd,480646
4678,Kang,Songfan,康松蕃,Male,NA,NA,cerd,480657
4682,Kang,Taihong,康泰洪,Male,2625,1904,cerd,480668
4693,Kang,Zhenyu,康振玉,Male,427,1903,cerd,480679
4698,Kang,Shizhen,康時振,Male,1770,1898,cerd,480690
4715,Kang,Shiqing,康時淸,Male,1770,1893,cerd,480701
4723,Kang,Yinchang,康吟昶,Male,877,NA,cerd,480712
4725,Kang,Yinfang,康吟芳,Male,877,NA,cerd,480723
4727,Kang,Xuechao,康學超,Male,1002,1911,cerd,480734
4731,Kang,Huanwen,康煥文,Male,4225,1906,cerd,480745
4733,Yu,Zonggui,庾宗溎,Male,807,1894,cerd,480758
4748,Yu,Jinhong,庾錦洪,Male,1817,1914,cerd,480769
4750,Yu,Guangzong,庾光宗,Male,1817,NA,cerd,480780
4752,Lian,Wenqing,亷文淸,Male,3739,1898,cerd,480791
4756,Lian,Xingkuan,廉行寬,Male,3435,1901,cerd,480802
4758,Lian,Dongquan,廉棟銓,Male,4759,NA,cerd,480813
4761,Qing,Chengdao,慶承道,Male,4762,1906,cerd,193946
4766,Qing,Shanxun,慶善馴,Male,4762,1904,cerd,480824
4774,Qing,Shankui,慶善騤,Male,4762,1899,cerd,480835
4778,Tang,Lian,唐廉,Male,965,1888,cerd,350610
4786,Tang,Yi,唐毅,Male,965,1887,cerd,480846
4790,Tang,Pu,唐璞,Male,673,1908,cerd,480857
4791,Tang,Yi,唐毅,Male,590,1914,cerd,480869
4801,Tang,Pan,唐盤,Male,4802,1914,cerd,480880
4808,Tang,Zuo,唐作,Male,4809,NA,cerd,480891
4811,Tang,Lun,唐倫,Male,4809,1914,cerd,480902
4813,Tang,Yi,唐儀,Male,590,1916,cerd,480913
4815,Tang,Song,唐宋,Male,4816,1915,cerd,480924
4825,Tang,Yuan,唐沅,Male,71,1904,cerd,480935
4832,Tang,Pu,唐溥,Male,1993,1893,cerd,480946
4841,Tang,Xiang,唐湘,Male,965,1913,cerd,480957
4845,Tang,Yin,唐蔭,Male,4846,1902,cerd,480968
4848,Tang,Jian,唐堅,Male,522,1901,cerd,480980
4858,Tang,Min,唐民,Male,1100,1911,cerd,480991
4865,Tang,Gengyao,唐賡堯,Male,1993,1912,cerd,481002
4868,Tang,Wenhan,唐文漢,Male,1993,NA,cerd,481013
4870,Tang,Wenti,唐文悌,Male,NA,NA,cerd,481024
4872,Tang,Jinghua,唐靖華,Male,459,1899,cerd,481035
4877,Tang,Yuhe,唐玉和,Male,4878,1914,cerd,481046
4881,Wu,Peisun,吳培孫,Male,1881,1909,cerd,481057
4890,Wu,Cunli,吳存禮,Male,3672,NA,cerd,481068
4892,Wu,Qufei,吳去非,Male,877,1903,cerd,481079
4906,Wu,Zhichao,吳志超,Male,903,1914,cerd,194118
4915,Wu,Zhinan,吳志柟,Male,4916,NA,cerd,481091
4919,Wu,Zhixian,吳志賢,Male,965,1915,cerd,481102
4923,Wu,Jiayi,吳嘉義,Male,1618,1890,cerd,481113
4944,Wu,Jichen,吳吉辰,Male,4945,NA,cerd,481124
4948,Wu,Shouzhou,吳壽周,Male,3608,1912,cerd,481135
4951,Pan,Zhuheng,盤珠衡,Male,3730,1900,cerd,481146
4967,Gui,Runzhou,歸潤洲,Male,NA,NA,cerd,481157
4971,Gui,Shenji,歸善繼,Male,807,1913,cerd,481168
4973,Li,Wenyan,黎文彥,Male,3608,1912,cerd,481179
4976,Li,Xincai,黎新才,Male,4977,1917,cerd,481190
4979,Li,Nenrou,黎能柔,Male,3042,1915,cerd,481202
4981,Li,Chongheng,黎崇恆,Male,70,NA,cerd,400120
4988,Li,Xianyong,黎獻勇,Male,NA,1914,cerd,481213
4991,Li,Guangyin,黎光蔭,Male,4993,1918,cerd,481224
4995,Li,Chucai,黎儲材,Male,4996,1914,cerd,481235
5002,Li,Jiecai,黎傑才,Male,73,1900,cerd,481246
5016,Li,Shaoqiang,黎紹強,Male,3608,1912,cerd,481257
5018,Li,Shaoxi,黎紹熙,Male,5020,1915,cerd,481268
5022,Li,Baoxian,黎寳賢,Male,1817,1896,cerd,481279
5053,Tang,Airu,唐靄如,Male,673,1910,cerd,481290
5056,Tang,Ruihua,唐瑞華,Male,1993,1897,cerd,481301
5072,Tang,Yanhu,唐延祜,Male,5073,1913,cerd,481313
5075,Tang,Jiande,唐建德,Male,547,1911,cerd,481324
5077,Tang,Naixun,唐乃勛,Male,5078,1912,cerd,481335
5080,Tang,Chengju,唐承矩,Male,5081,1910,cerd,481346
5085,Tang,Zigu,唐子穀,Male,950,1901,cerd,481357
5088,Tang,Renjie,唐仁杰,Male,3265,1900,cerd,310713
5098,Tang,Xingjian,唐行健,Male,547,NA,cerd,481368
5100,Tang,Xiongyuan,唐熊源,Male,71,1910,cerd,481379
5104,Tang,Dingchen,唐鼎成,Male,5105,1913,cerd,481390
5107,Tang,Yunwen,唐允文,Male,1042,1911,cerd,481401
5110,Tang,Daisheng,唐代盛,Male,4375,NA,cerd,481412
5112,Tang,Chuxiao,唐儲孝,Male,1004,1909,cerd,481424
5117,Tang,Zhongyong,唐仲庸,Male,5118,1896,cerd,481435
5130,Tang,Jiannian,唐健年,Male,5131,1912,cerd,481446
5133,Tang,Jixuan,唐紀瑄,Male,553,1915,cerd,481457
5135,Tang,Jiahu,唐家瑚,Male,1227,1904,cerd,481468
5143,Tang,Zhisu,唐之肅,Male,4394,1896,cerd,481479
5157,Tang,Baoqian,唐寳乾,Male,1941,1916,cerd,481490
5159,Tang,Zonghuang,唐宗煌,Male,73,1899,cerd,481501
5162,Tang,Jiangqing,唐江淸,Male,1409,1918,cerd,481512
5164,Tang,Haoyuan,唐浩源,Male,5131,1914,cerd,481523
5166,Tang,Hanqiu,唐漢秋,Male,558,1905,cerd,481535
5171,Tang,Hanzong,唐漢宗,Male,877,1907,cerd,333832
5180,Tang,Lingge,唐凌閣,Male,1664,1903,cerd,481546
5185,Tang,Lianyuan,唐連源,Male,5186,1911,cerd,481557
5190,Tang,Yunchun,唐運純,Male,16722,1910,cerd,481568
5195,Li,Hongye,黎鴻業,Male,566,1891,cerd,481579
5205,Li,Zuyan,黎祖棪,Male,449,1914,cerd,481590
5207,Li,Xiwen,黎希文,Male,1817,1914,cerd,481601
5209,Li,Zhiming,黎志銘,Male,1817,1917,cerd,481612
5211,Li,Ziyuan,黎梓元,Male,5212,1913,cerd,481623
5214,Li,Yintang,黎蔭棠,Male,4042,1892,cerd,481634
5226,Li,Muyao,黎慕堯,Male,5227,NA,cerd,400128
5229,Li,Shulian,黎樹廉,Male,2780,1912,cerd,481646
5231,Li,Junlin,黎均霖,Male,4977,1911,cerd,481657
5233,Li,Chaohai,黎超海,Male,2380,1914,cerd,481668
5237,Li,Shujie,黎書節,Male,5073,1917,cerd,481679
5239,Li,Zhehong,黎哲閎,Male,16722,NA,cerd,481690
5241,Li,Lunjie,黎掄傑,Male,449,1914,cerd,481701
5243,Li,Xianbin,黎顯彬,Male,5244,1912,cerd,481712
5247,Li,Chilin,黎翤林,Male,1993,1913,cerd,481723
5249,Li,Jingqing,黎鏡清,Male,3608,NA,cerd,481734
5252,Li,Jinjiong,黎錦烱,Male,16722,NA,cerd,481745
5259,Li,Zhichang,黎智長,Male,5260,1904,cerd,481757
5272,Li,Changji,黎常紀,Male,5273,1898,cerd,332813
5281,Zhang,Shaowen,仉紹文,Male,5282,1914,cerd,481768
5290,Wei,Zhiben,危治本,Female,5291,NA,cerd,481779
5293,Ni,Jun,倪俊,Male,765,1895,cerd,481790
5302,Ni,Chao,倪超,Male,3800,1907,cerd,481801
5304,Ni,Qingrang,倪慶穰,Male,1305,1903,cerd,481812
5308,Ni,Wenjie,倪文傑,Male,1770,1910,cerd,481823
5312,Ni,Wenxin,倪文馨,Male,1256,1913,cerd,481834
5314,Ni,Qishi,倪麒時,Male,909,1901,cerd,481845
5320,Ni,Pushao,倪譜紹,Male,562,1903,cerd,481856
5322,Ni,Yisan,倪一三,Male,4449,1912,cerd,481869
5326,Ni,Yuankai,倪元愷,Male,1597,1913,cerd,481880
5329,Ni,Jimiao,倪繼淼,Male,NA,NA,cerd,481891
5331,Ni,Xushi,倪緒栻,Male,5332,1899,cerd,481902
5334,Ni,Anzhang,倪安章,Male,5335,1914,cerd,481913
5339,Ni,Baochen,倪寳琛,Male,1695,1907,cerd,481924
5346,Ni,Hongzao,倪鴻藻,Male,3672,NA,cerd,481935
5348,Tang,Qikang,唐啓康,Male,1993,1896,cerd,481946
5356,Tang,Qixin,唐啓新,Male,1630,1905,cerd,481957
5358,Tang,Shizhen,唐士珍,Male,1100,1902,cerd,481968
5362,Tang,Yaoqu,唐堯衢,Male,5363,1906,cerd,481980
5375,Tang,Kecheng,唐克成,Male,5376,NA,cerd,481991
5388,Tang,Zaixian,唐在賢,Male,877,NA,cerd,350634
5391,Ni,Daoxiu,倪道修,Male,2114,1909,cerd,482002
5393,Ni,Jishi,倪吉士,Male,NA,NA,cerd,482013
5396,Ni,Jiming,倪吉明,Male,NA,NA,cerd,482024
5398,Ni,Shihuai,倪世槐,Male,1544,1913,cerd,482035
5401,Ni,Shiliang,倪世樑,Male,3608,1913,cerd,482046
5403,Ni,Shugong,倪樹功,Male,1409,1913,cerd,482057
5405,Ni,Tongcai,倪桐材,Male,1409,1900,cerd,482068
5417,Ni,Songshou,倪松壽,Male,3924,NA,cerd,482079
5421,Ni,Sizai,倪思再,Male,2985,1909,cerd,482091
5425,Ni,Changzu,倪昌祖,Male,NA,1912,cerd,482102
5428,Ni,Xiaogeng,倪曉庚,Male,1189,1911,cerd,482113
5431,Ni,Juqing,倪鉅卿,Male,877,NA,cerd,482124
5433,Ni,Zhongcheng,倪鍾澄,Male,877,1888,cerd,482135
5443,Ni,Zhonghuan,倪鍾煥,Male,877,1913,cerd,482146
5446,Ni,Zhenlan,倪鎭瀾,Male,3829,1901,cerd,482157
5450,Ni,Shangyuan,倪尙遠,Male,877,1900,cerd,482168
5462,Xiang,Dao,向道,Male,5463,1900,cerd,333288
5478,Cheng,Shijun,程士俊,Male,726,NA,cerd,482190
5480,Cheng,Shifan,程士範,Male,5481,1895,cerd,482202
5503,Cheng,Xijian,程希賢,Male,562,1908,cerd,482213
5505,Cheng,Zhiyi,程志頤,Male,909,NA,cerd,482224
5525,Cheng,Jiahou,程嘉垕,Male,5481,1913,cerd,482235
5527,Cheng,Shiyu,程式玉,Male,NA,NA,cerd,482246
5529,Cheng,Xiaogang,程孝剛,Male,5227,1892,cerd,193275
5545,Cheng,Wanxuan,程萬選,Male,909,1889,cerd,482257
5553,Cheng,Shitong,程世通,Male,64,1906,cerd,482268
5568,Tang,Zhijian,唐志劍,Male,4816,1899,cerd,404117
5596,Cheng,Jiyu,程極豫,Male,1607,1914,cerd,482279
5600,Cheng,Benzheng,程本正,Male,765,1905,cerd,482290
5604,Cheng,Benjing,程本經,Male,765,NA,cerd,482301
5606,Cheng,Benzang,程本臧,Male,765,1903,cerd,482313
5621,Cheng,Bende,程本德,Male,1256,1898,cerd,482324
5625,Cheng,Benfan,程本蕃,Male,5626,NA,cerd,482335
5628,Cheng,Benhou,程本厚,Male,765,1905,cerd,482346
5641,Cheng,Benyi,程本怡,Male,NA,NA,cerd,482357
5643,Cheng,Shuchun,程書春,Male,1493,NA,cerd,482368
5646,Cheng,Guohua,程國驊,Male,68,1889,cerd,482379
5649,Cheng,Guoyin,程國印,Male,1036,1914,cerd,482390
5657,Cheng,Guoguang,程國光,Male,1975,1911,cerd,482401
5660,Cheng,Changguo,程昌國,Male,1839,1912,cerd,482412
5662,Cheng,Mingsheng,程明陞,Male,5663,1903,cerd,383426
5669,Cheng,Yigeng,程頤庚,Male,1748,1895,cerd,482424
5671,Cheng,Pengyuan,程鵬遠,Male,4042,NA,cerd,482435
5673,Cheng,Pengyuan,程鵬遠,Male,3053,1902,cerd,482446
5675,Cheng,Pengzhu,程鵬翥,Male,1664,1892,cerd,482457
5681,Cheng,Pengzhan,程鵬展,Male,1664,NA,cerd,482468
5685,Cheng,Xuemin,程學敏,Male,1079,1918,cerd,482479
5687,Cheng,Pingfan,程屏藩,Male,5688,1902,cerd,482490
5698,Cheng,Minxiang,程民祥,Male,1079,1917,cerd,482501
5700,Cheng,Guanhuan,程關煥,Male,1993,1905,cerd,482512
5710,Cheng,Yifa,程義法,Male,1079,1892,cerd,482523
5732,Tang,Yousong,唐友松,Male,5733,NA,cerd,482535
5735,Tang,Jiagun,唐嘉袞,Male,1993,1909,cerd,482546
5736,Tang,Jijie,唐吉傑,Male,2429,NA,cerd,482557
5752,Tang,Muyao,唐慕堯,Male,73,1911,cerd,482568
5755,Tang,Cuiqing,唐萃靑,Female,5756,1914,cerd,482579
5758,Tang,Qiqian,唐耆千,Male,1664,1908,cerd,482590
5761,Tang,Shicheng,唐世丞,Male,80,1903,cerd,333137
5777,Tang,Shibo,唐世博,Male,4809,1911,cerd,482601
5780,Tang,Hanqing,唐翰靑,Male,5756,1915,cerd,482612
5782,Tang,Songyun,唐松筠,Male,74,1914,cerd,482623
5784,Tang,Shudao,唐書燾,Male,5785,1914,cerd,482634
5790,Cheng,Yizao,程義藻,Male,1079,1887,cerd,482646
5799,Cheng,Xipei,程錫培,Male,1993,1880,cerd,482657
5814,Cheng,Mingqi,程銘圻,Male,1664,NA,cerd,482668
5816,Cheng,Yuming,程欲明,Male,1607,1916,cerd,482679
5821,Cheng,Jianhao,程鑑灝,Male,965,NA,cerd,482690
5825,Cheng,Guangyu,程光瑀,Male,1036,1908,cerd,482701
5829,Cheng,Shangwen,程尙文,Male,5830,1903,cerd,482712
5832,Cheng,Bingxie,程炳燮,Male,553,1911,cerd,482723
5834,Cheng,Yaoting,程耀廷,Male,1993,1903,cerd,482734
5839,Cheng,Yaochun,程耀椿,Male,1993,1900,cerd,8065
5858,Cheng,Yaokun,程耀崑,Male,1993,1907,cerd,482745
5861,Cheng,Yaozhan,程耀枬,Male,1993,NA,cerd,482757
5864,Cheng,Yaochen,程耀辰,Male,1993,1896,cerd,482768
5879,Mu,Tianfang,穆天放,Male,819,1913,cerd,482779
5881,Mu,Ruiqing,穆瑞清,Male,427,NA,cerd,482790
5883,Mu,Jiduo,穆繼多,Male,511,1899,cerd,482801
5886,Mu,Jiaxun,穆家勳,Male,427,1914,cerd,482812
5889,Mu,Fengxin,穆逢欣,Male,427,1903,cerd,482823
5901,Mu,Jinghan,穆景韓,Male,77,1906,cerd,482834
5903,Mu,Tongtian,穆同田,Male,5904,1908,cerd,482845
5910,Wu,Jinquan,吳錦銓,Male,1016,1905,cerd,9315
5916,Wu,Xichang,吳錫昌,Male,5917,1894,cerd,482856
5928,Wu,Xiying,吳錫銀,Male,5929,NA,cerd,482868
5932,Wu,Junhe,吳鈞和,Male,1604,1915,cerd,482879
5934,Wu,Mingzhi,吳銘之,Male,NA,NA,cerd,482890
5936,Wu,Mingbin,吳銘彬,Male,5937,1919,cerd,482901
5939,Wu,Shuoping,吳朔平,Male,965,1907,cerd,482912
5946,Wu,Jianzhou,吳簡周,Male,61,NA,cerd,482923
5949,Wu,Fusheng,吳符生,Male,5937,1912,cerd,482934
5952,Wu,Guanhua,吳管華,Male,3042,1914,cerd,482945
5954,Wu,Shasun,吳箑孫,Male,5955,1900,cerd,482956
5957,Wu,Weizheng,吳惟正,Male,965,1915,cerd,482967
5959,Wu,Guanghan,吳光漢,Male,765,1911,cerd,482980
5963,Wu,Guangyuan,吳光遠,Male,5964,1913,cerd,482991
5968,Wu,Guangda,吳光大,Male,1664,1919,cerd,483002
5971,Wu,Guangxu,吳光燾,Male,1409,1900,cerd,483013
5975,Wu,Guangguo,吳光國,Male,5976,1916,cerd,483024
5978,Wu,Guangming,吳光明,Male,5979,1900,cerd,483035
5983,Wu,Guangxi,吳光熙,Male,1903,NA,cerd,483046
5985,Wu,Shangzhi,吳尙志,Male,1607,1917,cerd,483057
5988,Wu,Bingkun,吳炳焜,Male,1604,1914,cerd,483068
5991,Wu,Huanlin,吳煥琳,Male,5992,1912,cerd,483079
5994,Wu,Kairu,吳愷如,Male,5996,1912,cerd,483091
5998,Wu,Yiting,吳怡廷,Male,1664,1914,cerd,483102
6000,Wu,Chifen,吳熾棻,Male,1607,NA,cerd,351900
6002,Wu,Yaoting,吳耀庭,Male,6003,1910,cerd,483113
6005,Wu,Yaoxiang,吳耀祥,Male,6006,1911,cerd,483124
6009,Tang,Dongsheng,唐東生,Male,1993,1917,cerd,483135
6011,Tang,Zhenxu,唐振緒,Male,1664,1912,cerd,192917
6016,Tang,Chengzhang,唐成章,Male,1126,1914,cerd,483146
6018,Tang,Richang,唐日長,Male,1231,1916,cerd,483157
6020,Tang,Guojun,唐國俊,Male,4816,1912,cerd,483168
6022,Tang,Enliang,唐恩良,Male,673,1888,cerd,483179
6038,Tang,Jingyi,唐景沂,Male,2780,1915,cerd,483190
6040,Tang,Jingxing,唐景星,Male,6041,NA,cerd,483202
6043,Tang,Jingzhou,唐景周,Male,1903,1895,cerd,483213
6055,Wu,Yaomin,吳耀旻,Male,1993,1910,cerd,483224
6062,Wu,Huizhi,吳輝芝,Male,4945,1912,cerd,483235
6064,Wu,Huanfu,吳煥綍,Male,NA,NA,cerd,483246
6066,Wu,Canzhang,吳燦璋,Female,449,1915,cerd,483257
6070,He,Lianyuan,和聯元,Male,4130,1894,cerd,483268
6072,He,Kerang,和克讓,Male,2732,1896,cerd,483279
6074,He,Chunfang,和春芳,Male,813,1911,cerd,483290
6077,He,Guobao,和國寳,Male,2313,1911,cerd,483301
6079,He,Binghui,和炳慧,Male,6080,1900,cerd,483313
6082,Cheng,Lin,程璘,Male,522,1894,cerd,383487
6087,Cheng,Shi,程式,Male,1607,1906,cerd,192546
6089,Cheng,Peng,程鵬,Male,6090,NA,cerd,483324
6092,Cheng,Yong,程鏞,Male,1607,1908,cerd,483335
6097,Cheng,Qiao,程鐈,Male,965,1903,cerd,483346
6100,Cheng,Jian,程鑑,Male,60,1906,cerd,333338
6106,Cheng,Lizhong,程立中,Male,6108,1906,cerd,483357
6110,Cheng,Guanyuan,程廣淵,Male,3765,1907,cerd,483368
6113,Cheng,Wenxun,程文勳,Male,1664,1885,cerd,333372
6134,Cheng,Wenxin,程文鑫,Male,1664,1915,cerd,483379
6137,Cheng,Wenzhao,程文釗,Male,71,1893,cerd,483390
6144,Cheng,Fangyuan,程訪源,Male,1993,1891,cerd,483401
6150,Cheng,Duanhe,程端和,Male,6151,1907,cerd,483412
6154,Cheng,Yajun,程亞俊,Male,3672,1915,cerd,483424
6161,Cheng,Yuru,程玉如,Male,6162,1914,cerd,483435
6164,Cheng,Yuangeng,程元賡,Male,6165,1908,cerd,483446
6168,Cheng,Ganyun,程干雲,Male,6169,1891,cerd,483457
6174,Cheng,Dengdi,程登第,Male,6175,1897,cerd,383491
6181,Cheng,Yankun,程延昆,Male,1042,1910,cerd,483468
6183,Cheng,Tingxu,程廷煦,Male,NA,NA,cerd,483479
6185,Cheng,Ziyun,程子云,Male,1993,1917,cerd,483490
6187,Cheng,Xiufang,程秀芳,Male,6188,1913,cerd,483501
6192,Cheng,Shunnian,程舜年,Male,2236,1912,cerd,483512
6194,Cheng,Qianyun,程千雲,Male,NA,NA,cerd,483523
6196,Cheng,Jihuai,程季懷,Male,1630,1916,cerd,483535
6198,Cheng,Weiren,程維仁,Male,4542,1894,cerd,483546
6202,Cheng,Jingyuan,程經遠,Male,NA,NA,cerd,483557
6204,Cheng,Jianluan,程健鸞,Male,6205,1915,cerd,483568
6210,Cheng,Shaolin,程紹麟,Male,1993,NA,cerd,483579
6212,Cheng,Shaoqi,程紹祺,Male,1993,1916,cerd,483590
6214,Cheng,Yongfu,程永福,Male,1573,1906,cerd,483601
6224,Cheng,Jiaxiang,程家祥,Male,1881,1912,cerd,483612
6228,Cheng,Jinde,程進德,Male,1975,1912,cerd,483623
6230,Cheng,Jinsi,程進四,Male,NA,NA,cerd,483634
6232,Cheng,Liangsheng,程良生,Male,3101,1913,cerd,483646
6234,Cheng,Liangmo,程良模,Male,3703,NA,cerd,335411
6236,Cheng,Guanwu,程官午,Male,660,1909,cerd,483657
6238,Cheng,Baoquan,程寳泉,Male,2797,1915,cerd,483668
6240,Cheng,Zongyang,程宗陽,Male,2114,1893,cerd,483679
6255,Cheng,Fuxiu,程福秀,Male,6256,1908,cerd,483690
6258,Cheng,Fuzhu,程福鑄,Male,1409,1913,cerd,483701
6260,Cheng,Zhaolin,程兆麟,Male,1079,1894,cerd,483712
6264,Cheng,Yuxian,程遇賢,Male,3265,1912,cerd,483723
6266,Cheng,Hongbing,程鴻炳,Male,1597,1907,cerd,483734
6269,Cheng,Zuxian,程祖憲,Male,2498,1911,cerd,483745
6271,Cheng,Zuqiao,程祖樵,Male,553,1893,cerd,483757
6277,Cheng,Zihua,程資化,Male,4082,1906,cerd,483768
6280,Cheng,Xiangde,程祥德,Male,3829,1903,cerd,483779
6289,Wu,Shoupeng,吳壽彭,Male,1664,1906,cerd,483790
6295,Wu,Shouhua,吳壽華,Male,6296,NA,cerd,483801
6298,Wu,Hangmian,吳杭勉,Male,1604,1911,cerd,483812
6300,Wu,Zhangzhen,吳彰禛,Male,3471,1914,cerd,483823
6303,Wu,Shizi,吳式梓,Male,3829,1909,cerd,483834
6311,Tang,Xunzhi,唐勛治,Male,1636,1911,cerd,483845
6319,Tang,Minggao,唐鳴皋,Male,2165,1889,cerd,483856
6334,Tang,Mingzhuo,唐明倬,Male,590,NA,cerd,483868
6337,Tang,Changfeng,唐長風,Male,71,NA,cerd,483879
6340,Tang,Fengzhe,唐鳳喆,Male,6341,NA,cerd,483890
6343,Tang,Fengtu,唐鳳圖,Male,6341,1903,cerd,483901
6353,Tang,Jucai,唐舉才,Male,1126,1901,cerd,404100
6360,Tang,Xianji,唐賢輯,Male,2165,1903,cerd,483912
6370,Tang,Xianzhen,唐賢軫,Male,2165,1912,cerd,483923
6372,Tang,Renjie,唐人傑,Male,2352,NA,cerd,483934
6374,Tang,Nianxuan,唐念暄,Male,1256,1906,cerd,483945
6378,Tang,Nianxun,唐念勛,Male,1256,NA,cerd,483956
6382,Tang,Songkang,唐頌康,Male,877,1915,cerd,483967
6388,Wu,Shixian,吳式賢,Male,77,1900,cerd,483979
6391,Wu,Qiuzeng,吳求曾,Male,1305,1916,cerd,483990
6393,Wu,Laoben,吳老本,Male,6394,1909,cerd,484001
6396,Wu,Qinming,吳勤銘,Male,61,1905,cerd,484012
6400,Wu,Zaosheng,吳藻生,Male,NA,NA,cerd,484023
6402,Wu,Zaofen,吳藻芬,Male,1618,1907,cerd,484034
6404,Wu,Maoshu,吳茂叔,Male,NA,NA,cerd,484045
6406,Wu,Baochang,吳葆瑺,Male,879,1908,cerd,484056
6411,Wu,Cihong,吳慈宏,Male,1036,1912,cerd,484067
6415,Wu,Huaqing,吳華慶,Male,NA,NA,cerd,484078
6417,Wu,Huafu,吳華甫,Male,877,1906,cerd,9313
6435,Wu,Ruojin,吳若瑾,Female,1664,1912,cerd,467265
6438,Wu,Shize,吳世澤,Male,6439,1909,cerd,467276
6448,Wu,Shihong,吳世鴻,Male,NA,NA,cerd,467287
6450,Wu,Shiying,吳世英,Male,511,1911,cerd,467298
6452,Wu,Shiying,吳世英,Female,1409,1913,cerd,467309
6455,Wu,Shihe,吳世鶴,Male,3829,1909,cerd,467320
6459,Wu,Qiyu,吳其鈺,Male,6460,NA,cerd,467331
6464,Wu,Shuge,吳樹閣,Male,558,1901,cerd,17234
6479,Wu,Guichang,吳桂昌,Male,1016,1908,cerd,467342
6481,Wu,Linxiao,吳林孝,Male,5992,1915,cerd,467353
6483,Wu,Xiangchu,吳相初,Male,558,NA,cerd,467364
6487,Wu,Junfang,吳均芳,Male,6488,1899,cerd,401827
6505,Xu,Lianzhong,徐連仲,Male,2884,1910,cerd,467376
6510,Xu,Liancheng,徐連成,Male,1091,NA,cerd,467387
6516,Xu,Weisan,徐渭三,Male,1272,NA,cerd,467398
6519,Xu,Zexin,徐澤新,Male,1630,1908,cerd,467409
6522,Xu,Zekun,徐澤昆,Male,1630,1894,cerd,467420
6531,Xu,Suyuan,徐溯源,Male,1091,1897,cerd,467431
6537,Wu,Junhui,吳均惠,Male,6488,1901,cerd,401825
6549,Wu,Guanzhi,吳觀銍,Male,2352,1908,cerd,467442
6553,Wu,Shengyao,吳聲濤,Male,6556,NA,cerd,467453
6561,Wu,Chaoming,吳超明,Male,3706,NA,cerd,467464
6563,Wu,Liusheng,吳柳生,Male,3829,1905,cerd,467475
6571,Wu,Zengfang,吳增芳,Male,6572,1916,cerd,467487
6574,Wu,Zengqi,吳增耆,Male,4542,1904,cerd,467498
6584,Wu,Jingye,吳敬業,Male,1659,1916,cerd,467509
6585,Xu,Hongzhu,徐鴻渚,Male,562,1898,cerd,467520
6588,Wu,Tiqing,吳梯青,Male,4916,1895,cerd,467531
6607,Xu,Hongzhi,徐鴻志,Male,562,1902,cerd,467542
6614,Xu,Zuyuan,徐祖源,Male,NA,NA,cerd,467553
6616,Xu,Zuyin,徐祖蔭,Male,6617,1900,cerd,467564
6620,Xu,Zuyin,徐祖蔭,Male,877,NA,cerd,467575
6622,Xu,Zufeng,徐祖鳳,Male,1664,1912,cerd,467586
6624,Xu,Zuyao,徐祖耀,Male,71,NA,cerd,467598
6628,Xu,Guanjie,徐冠傑,Male,6629,NA,cerd,467609
6631,Xu,Qiashi,徐洽時,Male,1630,1911,cerd,467620
6640,Xu,Zhaolin,徐肇霖,Male,1643,NA,cerd,467631
6648,Xu,Zhaoji,徐肇基,Male,1626,1910,cerd,467642
6659,Xu,Qifa,徐啟發,Male,942,1915,cerd,467653
6661,Xu,Daben,徐大本,Male,950,1897,cerd,467664
6663,Xu,Youling,徐友陵,Male,2310,1899,cerd,467675
6665,Xu,Shigao,徐士高,Male,2481,1905,cerd,194057
6674,Xu,Shiqi,徐士棨,Male,496,1911,cerd,467686
6676,Xu,Shiji,徐士吉,Male,6678,1913,cerd,467697
6682,Xu,Shihe,徐士龢,Male,5291,1911,cerd,467709
6688,Wu,Songsheng,吳松聲,Male,965,1913,cerd,467720
6692,Wu,Bentao,吳本濤,Male,1079,1912,cerd,467731
6695,Wu,Benren,吳本荏,Male,6090,1915,cerd,467742
6697,Wu,Zhongmin,吳忠敏,Male,6698,NA,cerd,467753
6700,Wu,Shufa,吳書發,Male,6701,1912,cerd,467764
6703,Wu,Zhenlin,吳振麟,Male,1544,NA,cerd,467775
6705,Wu,Zhenheng,吳振衡,Male,67,1888,cerd,402074
6708,Wu,Zhenyi,吳振驛,Male,1556,1916,cerd,467786
6716,Xu,Yaotang,徐堯堂,Male,449,NA,cerd,467797
6720,Xu,Youlu,徐有祿,Male,6721,1901,cerd,467808
6723,Xu,Youzang,徐有臧,Male,562,1909,cerd,467820
6727,Xu,Nanzou,徐南騶,Male,1100,1897,cerd,467831
6740,Xu,Zhifang,徐志方,Male,1604,1904,cerd,310966
6750,Xu,Jiayuan,徐嘉元,Male,782,1904,cerd,467842
6753,Xu,Shousong,徐壽松,Male,2498,NA,cerd,467853
6757,Xu,Bowen,徐博文,Male,3642,1916,cerd,467864
6759,Xu,Shimo,徐式謨,Male,66,1911,cerd,467875
6763,Xu,Zaixian,徐載賢,Male,427,1907,cerd,467886
6767,Xu,Xiaozhong,徐孝忠,Male,80,NA,cerd,467897
6770,Xu,Yinshan,徐蔭杉,Male,1091,1902,cerd,467908
6773,Xu,Baozhong,徐葆衷,Male,807,1893,cerd,467919
6782,Xu,Zhilun,徐芝綸,Male,717,1911,cerd,467931
6785,Xu,Zhishou,徐芝壽,Female,1042,1911,cerd,467942
6787,Xu,Zhitian,徐芝田,Male,1042,1903,cerd,467953
6796,Xu,Yingyi,徐英義,Male,6797,NA,cerd,467964
6799,Xu,Shiqi,徐世齊,Female,909,1909,cerd,467975
6801,Xu,Shiyi,徐世一,Male,410,1887,cerd,467986
6811,Xu,Shigong,徐世功,Male,1100,1914,cerd,467997
6822,Wu,Jingchao,吳靜潮,Male,4945,1908,cerd,468008
6833,Wu,Fuzhi,吳輔之,Male,879,1909,cerd,468019
6838,Wu,Chengsan,吳成三,Male,6839,1914,cerd,468030
6841,Wu,Shengxi,吳盛璽,Male,80,1913,cerd,468042
6843,Wu,Weisun,吳威孫,Male,553,1916,cerd,468053
6852,Wu,Yangze,吳揚澤,Male,6853,1902,cerd,468064
6855,Tang,Tieshu,唐鐵樞,Male,1993,NA,cerd,468075
6859,Tang,Xiru,唐錫如,Male,1630,1909,cerd,468086
6862,Tang,Xichou,唐錫疇,Male,5131,1907,cerd,468097
6864,Tang,Guangxun,唐光勳,Male,429,1909,cerd,468108
6867,Tang,Shangyu,唐尚堉,Male,522,NA,cerd,468119
6869,Tang,Shenlin,唐燊林,Male,2780,1913,cerd,468130
6871,Tang,Bingyuan,唐炳源,Male,1664,1898,cerd,468141
6877,Tang,Yuguang,唐煜光,Male,1770,1914,cerd,468153
6879,Tang,Yaowen,唐耀文,Male,3884,NA,cerd,468164
6881,Tang,Jiongyao,唐烱堯,Male,1076,1913,cerd,468175
6883,Tang,Huanliang,唐煥良,Male,1664,1913,cerd,468186
6887,Ma,Woshe,麻沃畲,Male,2797,1896,cerd,468197
6898,Ma,Shiyuan,麻時元,Male,2732,1898,cerd,468208
6905,Mi,Ruoxu,糜若虛,Male,1664,1918,cerd,468219
6908,Wen,Dou,文斗,Male,1231,1905,cerd,468230
6916,Wen,Zhou,文周,Male,6917,1914,cerd,468241
6919,Wen,Xingyong,文行庸,Male,388,1913,cerd,468252
6921,Wen,Youyan,文佑彥,Male,80,1912,cerd,468264
6928,Wen,Yongsui,文永綏,Male,522,1899,cerd,468275
6936,Wen,Zhixiao,文之孝,Male,388,1890,cerd,468286
6938,Wen,Fushen,文福申,Male,388,1912,cerd,468297
6953,Wen,Qirui,文啓瑞,Male,1350,NA,cerd,468308
6955,Wen,Qiwei,文啟蔚,Male,1350,1906,cerd,468319
6964,Wen,Weixiu,文蔚秀,Male,6965,1901,cerd,468330
6967,Wen,Zhengwei,文蒸蔚,Male,6968,1908,cerd,468341
6971,Wen,Shiqiong,文世瓊,Male,6972,NA,cerd,468352
6974,Wen,Zhongrang,文中讓,Male,3924,1904,cerd,468363
6995,Wen,Guohua,文國華,Female,590,NA,cerd,468376
6997,Wen,Jingshan,文景山,Male,590,NA,cerd,468387
6999,Wen,Qianyao,文前曜,Male,590,1911,cerd,468398
7001,Wen,Zhongqi,文鍾祺,Male,1556,1913,cerd,468409
7005,Wen,Zhongyao,文鍾堯,Male,7006,1912,cerd,468420
7008,Wen,Huailiang,文懷亮,Male,7009,NA,cerd,468431
7010,Xin,Cheng,辛誠,Male,7011,1910,cerd,468442
7013,Wu,Bangyan,吳邦彥,Male,2985,1907,cerd,468453
7021,Wu,Jieping,吳絜平,Male,3042,1913,cerd,468464
7023,Wu,Danping,吳旦平,Male,71,1899,cerd,468475
7030,Wu,Guoshi,吳國士,Male,879,NA,cerd,468487
7032,Wu,Guotai,吳國太,Male,1993,1912,cerd,468498
7040,Wu,Guozhen,吳國楨,Male,566,NA,cerd,468509
7042,Wu,Guoying,吳國英,Male,597,1913,cerd,468520
7044,Wu,Guoying,吳國英,Male,7045,1909,cerd,468531
7049,Wu,Guoxian,吳國賢,Male,7050,NA,cerd,468542
7054,Wu,Guoxian,吳國賢,Male,7055,NA,cerd,468553
7057,Wu,Guobing,吳國炳,Male,7058,1899,cerd,468564
7066,Wu,Siyuan,吳思遠,Male,553,NA,cerd,468575
7070,Wu,Simin,吳思敏,Male,7071,1906,cerd,468586
7079,Wu,Changyu,吳昌豫,Male,3829,1906,cerd,468598
7084,Wu,Changyu,吳昌遇,Male,7085,1913,cerd,468609
7093,Wu,Changyun,吳昌運,Male,7094,NA,cerd,468620
7096,Wu,Jingxi,吳景璽,Male,2884,NA,cerd,468631
7101,Wu,Jingping,吳景平,Male,965,1913,cerd,468642
7107,Wu,Jingxiang,吳景祥,Male,1993,1908,cerd,468653
7111,Wu,Jingchun,吳景椿,Male,2352,1913,cerd,468664
7113,Wu,Xianzu,吳顯祖,Male,7114,1912,cerd,468675
7118,Wu,Shilin,吳時霖,Male,807,1899,cerd,468686
7122,Wu,Mingting,吳明庭,Male,965,1905,cerd,468697
7124,Wu,Mingzhang,吳明章,Male,1630,1912,cerd,468709
7129,Wu,Mingan,吳明安,Male,2780,1914,cerd,468720
7131,Wu,Mingyuan,吳明愿,Male,62,1905,cerd,468731
7145,Wu,Biru,吳陛如,Male,3829,NA,cerd,468742
7148,Wu,Houde,吳厚德,Male,1016,1913,cerd,468753
7150,Wu,Houshi,吳厚湜,Male,NA,NA,cerd,468764
7153,Wu,Houji,吳厚基,Male,1857,1912,cerd,468775
7155,Wu,Juechu,吳厥初,Male,3275,1912,cerd,468786
7162,Wu,Juexi,吳厥熙,Male,562,NA,cerd,468797
7164,Wu,Changqing,吳長清,Male,74,1906,cerd,468808
7172,Xu,Shihe,徐世和,Male,7174,1908,cerd,468820
7177,Xu,Shihan,徐世漢,Male,7178,1909,cerd,468831
7181,Xu,Shiqing,徐世清,Male,3940,1909,cerd,468842
7183,Xu,Shida,徐世大,Male,909,1895,cerd,468853
7187,Xu,Shixiong,徐世雄,Male,909,NA,cerd,468864
7190,Xu,Shifang,徐世芳,Male,NA,NA,cerd,468875
7192,Xu,Shiying,徐世英,Male,7193,NA,cerd,468886
7197,Xu,Shifan,徐世帆,Male,1664,NA,cerd,468897
7200,Xu,Shiming,徐世明,Male,3033,1905,cerd,468908
7206,Xu,Shimin,徐世民,Male,1036,1896,cerd,368428
7228,Xu,Shiming,徐世銘,Male,1042,1907,cerd,468919
7242,Xu,Shibing,徐世炳,Male,1682,1908,cerd,468931
7247,Xu,Shihuan,徐世煥,Male,7174,NA,cerd,468942
7249,Xu,Shuxun,徐樹勳,Male,1664,1910,cerd,468953
7257,Xu,Shuxun,徐樹勛,Male,16722,NA,cerd,468964
7259,Xu,Guilin,徐桂林,Male,511,1901,cerd,468975
7261,Xu,Jiaying,徐佳瑩,Male,2390,1910,cerd,468986
7266,Xu,Zhili,徐植禮,Male,903,1912,cerd,468997
7270,Xu,Yunwen,徐蘊文,Male,807,NA,cerd,469008
7273,Xu,Ruyuan,徐如願,Male,935,1916,cerd,469019
7275,Xu,Junli,徐均立,Male,807,1908,cerd,469030
7291,Xu,Heling,徐鶴齡,Male,1079,1910,cerd,469042
7295,Xu,Qihan,徐起漢,Male,7296,1911,cerd,469053
7298,Xu,Guliang,徐穀良,Male,5073,1913,cerd,469064
7300,Xu,Jingzhi,徐敬直,Male,74,1908,cerd,469075
7304,Xu,Songling,徐松齡,Male,7306,1911,cerd,469086
7310,Xu,Songrong,徐松榮,Male,496,1911,cerd,469097
7315,Xu,Zhenlin,徐振麟,Male,1210,1897,cerd,469108
7317,Xu,Zhenhua,徐振華,Male,1091,NA,cerd,469119
7321,Xu,Zhenyong,徐振鏞,Male,427,1903,cerd,469130
7327,Wu,Luzhi,吳陸之,Male,7331,1898,cerd,469141
7328,Wu,Junchao,吳駿超,Male,449,1915,cerd,469153
7335,Wu,Tiren,吳體仁,Male,562,NA,cerd,469164
7338,Wu,Kaiyun,吳闓允,Male,5929,NA,cerd,469175
7340,Wu,Pengcong,吳朋聰,Male,7296,1909,cerd,469186
7342,Wu,Lüqian,吳履謙,Male,7343,NA,cerd,469197
7346,Wu,Jichun,吳際春,Male,7347,1903,cerd,469208
7352,Wu,Youju,吳又居,Male,2435,1916,cerd,469219
7355,Wu,Xuejin,吳學謹,Male,7356,1891,cerd,469230
7369,Wu,Xuexun,吳學遜,Male,1113,1911,cerd,469241
7372,Wu,Liuqing,吳留青,Male,6617,1911,cerd,469252
7376,Wu,Minkang,吳民康,Male,NA,NA,cerd,469264
7379,Wu,Xingwu,吳興吾,Male,2114,1904,cerd,469275
7384,Wu,Xingsheng,吳興生,Male,1630,1905,cerd,469286
7388,Wu,Xingshou,吳興壽,Male,1079,NA,cerd,469297
7392,Wu,Xingkui,吳興葵,Male,2429,1914,cerd,469308
7395,Wu,Xingchao,吳興朝,Male,2429,1905,cerd,469319
7397,Wu,Yiming,吳益銘,Male,7398,1886,cerd,469330
7410,Wu,Jinhua,吳金華,Male,562,1913,cerd,469341
7412,Wu,Jingchuan,吳鏡川,Male,7045,1913,cerd,469352
7414,Wu,Zunjue,吳尊爵,Male,1630,1912,cerd,469363
7417,Wu,Yukun,吳毓崑,Male,3608,1900,cerd,469375
7429,Wu,Yucai,吳毓才,Male,427,NA,cerd,469386
7431,Wu,Yuliang,吳毓樑,Male,965,NA,cerd,469397
7433,Wu,Shanduo,吳善多,Male,1630,1910,cerd,469408
7436,Wu,Shanyang,吳善揚,Male,1618,1916,cerd,469419
7439,Wu,Zengzhi,吳曾植,Male,1016,1907,cerd,469430
7442,Wu,Zengyao,吳曾耀,Male,NA,NA,cerd,469441
7444,Wu,Gongyi,吳公懿,Male,NA,1908,cerd,469452
7449,Wu,Zhongqi,吳鍾琦,Male,1079,1913,cerd,469463
7451,Wu,Zhongxiu,吳鍾秀,Male,618,NA,cerd,469474
7454,Wu,Zhongyue,吳鍾嶽,Male,1091,NA,cerd,469487
7457,Wu,Zhongling,吳鍾嶺,Male,1091,1910,cerd,469498
7463,Xin,Wenqi,辛文錡,Male,427,1901,cerd,469509
7477,Xin,Yixin,辛一心,Male,1664,1912,cerd,469520
7481,Xin,Zhengguo,辛正國,Male,2732,1913,cerd,469531
7483,Xin,Chongwen,辛崇文,Male,7484,1902,cerd,469542
7486,Xin,Jien,辛紀恩,Male,4449,1915,cerd,469553
7488,Xin,Zuomin,辛作民,Male,NA,NA,cerd,469564
7490,Xin,Qiuting,辛秋庭,Male,7491,NA,cerd,469575
7493,Xin,Yingzhou,辛瀛洲,Male,7494,1908,cerd,469586
7498,Xin,Yongqi,辛永祺,Male,3042,1915,cerd,469598
7500,Xin,Maowei,辛懋緯,Male,749,1905,cerd,469609
7507,Xin,Jingxing,辛景星,Male,7508,1907,cerd,469620
7510,Xin,Xuexian,辛學賢,Male,7011,1911,cerd,469631
7512,Wu,Zhongwei,吳鍾偉,Male,965,1897,cerd,469642
7521,Wu,Zhonge,吳鍾鶚,Male,7522,1916,cerd,469653
7524,Wu,Jinqing,吳錦慶,Male,1630,1903,cerd,469664
7530,Wu,Jinan,吳錦安,Male,1016,1909,cerd,469675
7533,Wu,Chengxi,吳承禧,Male,1016,1891,cerd,469686
7539,Wu,Chengluo,吳承洛,Male,7540,1892,cerd,469697
7573,Wu,Chengji,吳承機,Male,5756,1913,cerd,469709
7576,Wu,Zihua,吳子華,Male,3319,1906,cerd,469720
7580,Wu,Zizhao,吳子照,Male,2780,1913,cerd,469731
7582,Wu,Tingquan,吳頲泉,Male,1016,NA,cerd,469742
7584,Wu,Junque,吳君慤,Male,1016,1904,cerd,469753
7589,Xin,Huanzhang,辛煥章,Male,7590,1904,cerd,469764
7593,Zhang,Yi,章乙,Male,765,1917,cerd,469775
7595,Zhang,Tao,章濤,Male,996,1909,cerd,469786
7597,Zhang,Jie,章杰,Male,427,1899,cerd,469797
7600,Zhang,Bin,章彬,Male,1016,1896,cerd,469808
7606,Zhang,Jian,章鑑,Male,1292,1915,cerd,469820
7608,Zhang,Gaoti,章高逖,Male,1161,NA,cerd,469831
7610,Zhang,Jingou,章靖歐,Male,7611,1915,cerd,469842
7617,Zhang,Linxiang,章麟祥,Male,NA,NA,cerd,469853
7619,Zhang,Yuanhan,章元漢,Male,1016,1915,cerd,469864
7622,Zhang,Yuanxi,章元羲,Male,1079,NA,cerd,192972
7626,Zhang,Naihua,章乃華,Male,1113,1900,cerd,469875
7633,Zhang,Weizhong,章維中,Male,590,1917,cerd,469886
7635,Zhang,Deshen,章德愼,Male,1113,1914,cerd,469897
7639,Zhang,Mingtao,章名濤,Male,1161,1908,cerd,469908
7648,Zhang,Yiquan,章以銓,Male,6169,1899,cerd,469919
7650,Zhang,Yicheng,章儀棖,Male,1016,NA,cerd,469931
7652,Zhang,Shougong,章守恭,Male,1079,NA,cerd,469942
7654,Zhang,Shouhua,章守華,Male,1079,1918,cerd,469953
7656,Zhang,Hongxu,章宏序,Male,2542,1903,cerd,469964
7660,Zhang,Fukui,章福奎,Male,1079,1910,cerd,469975
7662,Zhang,Hongmei,章洪楣,Male,453,1906,cerd,469986
7676,Zhang,Yuanyu,章遠遹,Male,522,1903,cerd,469997
7680,Zhang,Hongji,章鴻基,Male,1113,1913,cerd,470008
7682,Zhang,Zuwei,章祖偉,Male,965,1897,cerd,470019
7686,Zhang,Zumo,章祖模,Male,965,1902,cerd,470030
7690,Zhang,Yousong,章友松,Male,1161,1915,cerd,470042
7695,Zhang,Shoupu,章壽樸,Male,1016,1910,cerd,470053
7699,Zhang,Pengshou,章彭壽,Male,909,NA,cerd,470064
7702,Zhang,Huasheng,章華生,Male,7703,1910,cerd,470075
7715,Zhang,Heling,章鶴齡,Male,449,1915,cerd,470086
7717,Zhang,Qiquan,章期佺,Male,7718,NA,cerd,470097
7720,Zhang,Jingxian,章敬賢,Male,7722,1913,cerd,470108
7724,Zhang,Shuqian,章書謙,Male,7725,1898,cerd,470119
7731,Zhang,Taibao,章泰報,Male,522,1912,cerd,470130
7733,Zhang,Chengya,章撑亞,Male,1210,1914,cerd,470141
7735,Wu,Yiling,吳翼凌,Male,566,NA,cerd,470153
7741,Wu,Yimin,吳翼民,Male,1079,1912,cerd,470164
7743,Wu,Zhaoji,吳肇基,Male,NA,NA,cerd,470175
7745,Wu,Gengguang,吳耿光,Male,7746,1912,cerd,470186
7748,Wu,Bingzhang,吳秉璋,Male,427,1913,cerd,470197
7750,Wu,Zhigui,吳稚圭,Male,4916,1902,cerd,470208
7763,Wu,Zhitian,吳稚田,Male,1636,1895,cerd,470219
7770,Wu,Weizheng,吳維正,Male,965,1916,cerd,470230
7776,Wu,Weihe,吳維和,Male,7777,1907,cerd,470241
7779,Wu,Buzhou,吳步洲,Male,1016,1908,cerd,470252
7788,Wu,Renfa,吳仁發,Male,1714,1904,cerd,470264
7801,Wu,Renji,吳仁濟,Male,453,1906,cerd,470275
7804,Wu,Renshou,吳仁守,Male,7718,1910,cerd,470286
7808,Wu,Jieyang,吳皆仰,Male,1256,NA,cerd,470297
7810,Wu,Zhanyin,吳占寅,Male,3608,1914,cerd,470308
7814,Wu,Yanlin,吳巖霖,Male,1695,NA,cerd,470319
7816,Wu,Jigui,吳繼軌,Male,903,1913,cerd,470330
7818,Wu,Yunzhong,吳允中,Male,4086,NA,cerd,470341
7820,Wu,Xiangai,吳先概,Male,5118,1895,cerd,401720
7829,Wu,Xianyi,吳先益,Male,7830,1909,cerd,470352
7832,Wu,Dechun,吳德純,Male,2165,1910,cerd,470363
7835,Wu,Derun,吳德潤,Male,NA,NA,cerd,470375
7837,Wu,Deleng,吳德楞,Male,2114,1915,cerd,470386
7840,Wu,Youmin,吳佑民,Male,388,1914,cerd,470397
7843,Zhang,Changyan,章昌燕,Male,2542,1915,cerd,470408
7845,Zhang,Xianrong,章顯榮,Male,1161,1888,cerd,470419
7851,Zhang,Chenzi,章臣梓,Male,1016,1890,cerd,470430
7859,Zhang,Zezhun,章則准,Male,909,1910,cerd,470441
7864,Zhang,Zhoufen,章周芬,Female,1664,1915,cerd,470452
7866,Zhang,Kaiwen,章開文,Male,1016,1914,cerd,470463
7868,Yong,Yan‘en,雍延恩,Male,4189,1906,cerd,470474
7870,Yi,Fude,衣復得,Male,7871,1911,cerd,470486
7873,Yi,Jiagui,衣家桂,Male,7874,NA,cerd,470497
7876,Zhong,Dunquan,衷敦權,Male,70,1912,cerd,470508
7881,Zhong,Zhichun,衷至純,Male,7882,1902,cerd,470519
7887,Long,Qian,龍乾,Male,7888,1898,cerd,400264
7899,Long,Yixi,龍裔禧,Male,7900,1892,cerd,400313
7907,Long,Zhengshan,龍正善,Male,1335,NA,cerd,470530
7909,Wu,Jianru,吳健儒,Male,7915,1909,cerd,470541
7910,Wu,Shengzhang,吳生長,Male,7911,1901,cerd,470552
7917,Wu,Chuanchao,吳傳潮,Male,553,1914,cerd,470563
7919,Wu,Chunhao,吳純浩,Male,1016,1911,cerd,470574
7923,Wu,Zhiping,吳秩平,Male,965,1911,cerd,470585
7928,Wu,Baihua,吳白樺,Male,74,1905,cerd,470598
7933,Wu,Ziliang,吳自良,Male,5335,1918,cerd,192291
7935,Wu,Boying,吳伯英,Male,965,1917,cerd,470609
7937,Wu,Baofeng,吳保豐,Male,1636,1900,cerd,470620
7945,Wu,Xiangxian,吳象賢,Male,1042,1908,cerd,470631
7948,Wu,Luhuan,吳魯歡,Male,1857,1911,cerd,470642
7950,Wu,Jihui,吳紀輝,Male,879,NA,cerd,470653
7952,Wu,Shuqi,吳叔奇,Male,566,1908,cerd,470664
7955,Wu,Shaolin,吳紹璘,Male,7956,NA,cerd,470675
7961,Wu,Shaorui,吳紹睿,Male,5244,1913,cerd,470686
7963,Wu,Shaotao,吳紹桃,Male,7964,1914,cerd,470697
7966,Wu,Shaoxing,吳紹興,Male,NA,NA,cerd,470709
7968,Wu,Shaoxian,吳紹銑,Male,7725,1915,cerd,470720
7970,Wu,Yixiao,吳以斆,Male,1016,1911,cerd,470731
7972,Wu,Zuoquan,吳作泉,Male,965,1918,cerd,470742
7974,Wu,Zhengju,吳徵鉅,Male,879,1911,cerd,470753
7977,Wu,Yiliang,吳宜良,Male,1079,NA,cerd,470764
7981,Wu,Yingliang,吳瀛梁,Male,607,1891,cerd,470775
7986,Wu,Peien,吳沛恩,Male,4272,1902,cerd,470786
7997,Wu,Yongnian,吳永年,Male,1161,1916,cerd,470797
7999,Wu,Jiarang,吳家讓,Male,8000,1911,cerd,470808
8007,Long,Zhigong,龍至公,Male,8008,1894,cerd,470820
8020,Long,Chengxi,龍承爔,Male,8021,NA,cerd,470831
8023,Long,Zixing,龍子星,Male,3042,1916,cerd,470842
8025,Long,Junsui,龍君遂,Male,4238,1913,cerd,470853
8027,Long,Chunru,龍純如,Male,8028,1898,cerd,470864
8046,Long,Zili,龍自立,Male,4238,NA,cerd,470875
8050,Long,Baling,龍伯陵,Male,8051,1908,cerd,470886
8061,Long,Jicang,龍濟滄,Male,871,1908,cerd,470897
8065,Long,Baowu,龍寳鋈,Male,3042,1913,cerd,470908
8067,Wu,Jiaxiang,吳家驤,Male,8068,1916,cerd,470919
8070,Wu,Jiaji,吳家驥,Male,67,1884,cerd,401925
8074,Wu,Jiaxun,吳家馴,Male,3265,1907,cerd,470931
8077,Wu,Jiaxun,吳家馴,Male,3265,1909,cerd,470942
8083,Wu,Jiaju,吳家鉅,Male,6556,1889,cerd,470953
8097,Wu,Jiazhu,吳家鑄,Male,6556,1899,cerd,470964
8115,Wu,Jia'ao,吳家?,Male,1993,1897,cerd,470975
8121,Wu,Zhiye,吳之冶,Male,8122,1913,cerd,470986
8124,Wu,Zhihan,吳之翰,Male,5964,1902,cerd,470997
8126,Wu,Zhifeng,吳之鳳,Male,965,1911,cerd,471008
8137,Wu,Shouqian,吳守謙,Male,1356,NA,cerd,471019
8140,Wu,Shousan,吳守三,Male,8141,1902,cerd,471030
8151,Wu,Shouzhong,吳守忠,Male,1630,1912,cerd,471042
8155,Wu,Anyong,吳安庸,Male,819,1911,cerd,471053
8157,Wu,Anbi,吳安璧,Male,16722,1914,cerd,471064
8159,Wu,Ankai,吳安開,Male,16722,1906,cerd,471075
8164,Xu,Zhenming,徐振銘,Male,427,NA,cerd,471086
8167,Xu,Bangning,徐邦寧,Male,935,1907,cerd,471097
8173,Xu,Bangrong,徐邦榮,Male,8174,1895,cerd,471108
8180,Xu,Rizhang,徐日彰,Male,8181,1912,cerd,471119
8184,Xu,Rihua,徐日華,Male,8185,1914,cerd,471130
8187,Xu,Xingge,徐星閣,Male,8188,1907,cerd,471141
8192,Xu,Guozhang,徐國璋,Male,NA,NA,cerd,471153
8195,Xu,Guobang,徐國榜,Male,1042,NA,cerd,471164
8197,Xu,Guoying,徐國英,Male,449,NA,cerd,471175
8199,Xu,Guoying,徐國英,Male,2797,1905,cerd,471186
8201,Xu,Guochang,徐國昌,Male,8202,1905,cerd,471197
8204,Xu,Sizhu,徐思鑄,Male,402,NA,cerd,471208
8206,Xu,Enyun,徐恩允,Male,879,1917,cerd,471219
8208,Xu,Enzeng,徐恩曾,Male,1113,NA,cerd,471230
8212,Xu,Endi,徐恩第,Male,1113,1889,cerd,471241
8218,Xu,Changqi,徐昌歧,Male,965,NA,cerd,471252
8220,Xu,Changyu,徐昌裕,Male,1100,1915,cerd,471264
8222,Xu,Changzi,徐昌梓,Male,782,1914,cerd,471275
8224,Xu,Jingfang,徐景芳,Male,6188,NA,cerd,471286
8232,Xu,Jingru,徐景如,Male,1544,NA,cerd,471297
8234,Xu,Mingfu,徐明甫,Male,6617,1914,cerd,471308
8236,Xu,Jichang,徐際昶,Male,6090,1910,cerd,471319
8239,Xu,Jitong,徐驥同,Male,8185,1917,cerd,471330
8241,Xu,Yuesheng,徐岳生,Male,807,NA,cerd,363706
8245,Xu,Tifen,徐體芬,Male,2974,1914,cerd,471341
8247,Xu,Fengcai,徐鳳彩,Male,8248,1913,cerd,471352
8250,Xu,Fengchao,徐鳳超,Male,8251,1902,cerd,471363
8259,Xu,Juemin,徐覺民,Male,1079,1915,cerd,471375
8261,Xu,Tongren,徐同人,Male,8262,1918,cerd,471386
8264,Xu,Yueyu,徐學禹,Male,909,1906,cerd,333844
8270,Wu,Liangbi,吳良弼,Male,782,1901,cerd,471397
8277,Wu,Liangzuo,吳良佐,Male,8278,1910,cerd,471408
8281,Wu,Liangshi,吳良士,Male,1079,1910,cerd,471419
8288,Wu,Baoyu,吳寶鈺,Male,1604,NA,cerd,471430
8290,Wu,Zongjie,吳宗杰,Male,1770,1902,cerd,471441
8294,Wu,Wangqian,吳汪乾,Male,2641,1914,cerd,471452
8301,Wu,Fuhe,吳福和,Male,1630,NA,cerd,471463
8303,Wu,Fuji,吳福基,Male,2780,NA,cerd,471474
8306,Wu,Furu,吳福如,Male,8174,1884,cerd,471486
8320,Wu,Zhaosheng,吳兆生,Male,965,NA,cerd,471497
8323,Wu,Bizhi,吳必治,Male,1079,1901,cerd,402006
8340,Wu,Bihua,吳必華,Male,8341,1912,cerd,471508
8343,Wu,Zhihua,吳治華,Male,8344,1915,cerd,471519
8346,Wu,Shushun,吳述舜,Male,2884,1912,cerd,471530
8356,Long,Xiongjun,龍雄俊,Male,8028,1914,cerd,471541
8359,Long,Zhijun,龍志均,Male,3348,1913,cerd,471552
8361,Long,Lanxu,龍蘭緒,Male,NA,NA,cerd,471563
8363,Long,Shiyang,龍世揚,Male,8028,1908,cerd,471574
8365,Long,Yizhi,龍懿智,Male,8366,NA,cerd,471585
8368,Long,Qizhao,龍起照,Male,NA,NA,cerd,471597
8370,Long,Huixi,龍惠溪,Male,7011,1916,cerd,471608
8372,Long,Fuquan,龍輔銓,Male,5756,1914,cerd,471619
8378,Long,Dianci,龍殿慈,Male,3042,1915,cerd,471630
8380,Long,Bingyuan,龍炳垣,Male,2780,1914,cerd,471641
8382,Long,Bingfen,龍炳芬,Male,3042,1912,cerd,471652
8384,Yan,Zhen,顏軫,Male,2435,1912,cerd,471663
8391,Yan,Wenyuan,顏文淵,Male,2429,NA,cerd,471674
8393,Yan,Renguang,顏任光,Male,74,1888,cerd,471685
8396,Yan,Deqing,顏德慶,Male,877,1878,cerd,435179
8418,Yan,Lianqing,顏連慶,Male,877,1887,cerd,471696
8427,Yan,Shouzeng,顏壽曾,Male,782,1910,cerd,471709
8429,Yan,Yiqing,顏挹清,Male,877,1914,cerd,471720
8433,Yan,Changfu,顏昌輻,Male,2429,1914,cerd,471731
8435,Yan,Jinfu,顏金福,Male,4561,NA,cerd,471742
8437,Yan,Yaoqiu,顏燿秋,Male,2068,1898,cerd,311188
8447,Tan,Yi,譚議,Male,1748,1909,cerd,471753
8449,Tan,Jing,譚璟,Male,427,1911,cerd,471764
8452,Tan,Ren,譚仁,Male,590,1897,cerd,471775
8468,Tan,Ding,譚鼎,Male,8163,1903,cerd,471786
8474,Tan,Jun,譚俊,Male,4816,1907,cerd,471797
8481,Tan,Zhen,譚真,Male,1993,1899,cerd,471808
8486,Tan,Yangang,譚彥剛,Male,4977,1897,cerd,471820
8488,Tang,Qingren,譚慶任,Male,3760,1909,cerd,471831
8490,Tan,Tangyun,譚唐雲,Male,8491,1916,cerd,471842
8493,Tan,Wenqing,譚文慶,Male,1993,1897,cerd,471853
8507,Tan,Wenzhong,譚文忠,Male,8508,1906,cerd,471864
8509,Tan,Yi'an,譚奕安,Male,2780,1905,cerd,471875
8516,Tan,Xinxing,譚新杏,Male,1857,1912,cerd,471886
8518,Tan,Yushu,譚玉樹,Male,1817,1913,cerd,471897
8520,Tan,Tianfu,譚天賦,Male,571,1913,cerd,471908
8522,Tan,Tianxi,譚天錫,Male,8366,1916,cerd,471919
8524,Tan,Baixi,譚百熙,Male,8525,1905,cerd,471931
8531,Tan,Tingzhen,譚廷楨,Male,4977,1909,cerd,471942
8533,Tan,Feifu,譚飛鵩,Male,8278,NA,cerd,471953
8545,Xu,Xuexie,徐學澥,Male,7356,1903,cerd,368605
8551,Xu,Xuejia,徐學嘉,Female,8553,1908,cerd,471964
8555,Xu,Xuedong,徐學東,Male,7356,1905,cerd,471975
8559,Xu,Xuexian,徐學賢,Male,1189,1898,cerd,471986
8570,Xu,Kaisheng,徐開生,Male,1993,1893,cerd,471997
8573,Xu,Kaiyuan,徐開源,Male,8553,1908,cerd,472008
8577,Xu,Kaiyang,徐開陽,Male,2390,1894,cerd,472019
8579,Xu,Minshou,徐民壽,Male,1113,1910,cerd,472030
8586,Xu,Xinglong,徐興隆,Male,4371,1899,cerd,472042
8593,Xu,Renshou,徐人壽,Male,1113,1914,cerd,472053
8596,Xu,Yichun,徐益春,Male,4916,NA,cerd,472064
8598,Xu,Yifan,徐益範,Male,877,1911,cerd,472075
8601,Xu,Jinhai,徐金海,Male,496,1915,cerd,472086
8603,Xu,Xintang,徐鑫堂,Male,6617,1895,cerd,472097
8612,Xu,Meilie,徐美烈,Male,1926,NA,cerd,472108
8615,Xu,Yuling,徐毓靈,Male,8185,1917,cerd,472119
8617,Xu,Yizhen,徐義楨,Male,909,NA,cerd,472130
8619,Xu,Shanxiang,徐善祥,Male,877,1883,cerd,9797
8629,Xu,Zengmian,徐曾冕,Male,4407,1909,cerd,472141
8632,Xu,Shantong,徐善同,Male,1120,NA,cerd,472153
8634,Xu,Zhonglin,徐鍾霖,Male,1748,1912,cerd,472164
8637,Xu,Zhonghuai,徐鍾淮,Male,1748,1901,cerd,472175
8640,Tan,Chengbi,譚承彼,Male,8641,1914,cerd,472186
8643,Tan,Jilan,譚季蘭,Male,590,1902,cerd,472197
8645,Tan,Shunqi,譚順棨,Male,8646,NA,cerd,472208
8650,Tan,Shungao,譚順杲,Male,8646,1911,cerd,472219
8653,Tan,Jixiang,譚繼祥,Male,903,1918,cerd,472230
8655,Tan,Deren,譚德仁,Male,1817,1914,cerd,472241
8657,Tan,Weilie,譚偉烈,Male,8181,NA,cerd,472252
8659,Tan,Weilin,譚偉林,Male,4977,1887,cerd,472264
8671,Tan,Bokan,譚伯康,Male,4977,1914,cerd,472275
8674,Tan,Bohe,譚伯和,Male,8675,1910,cerd,472286
8678,Tan,Jiaqi,譚家琪,Male,8366,1892,cerd,472297
8685,Tan,Yongye,譚永業,Male,4977,1899,cerd,472308
8698,Tan,Yonghao,譚永浩,Male,4977,1915,cerd,472319
8701,Xu,Zhonglu,徐鍾陸,Male,427,1908,cerd,472330
8715,Xu,Jianshu,徐劍書,Male,1618,1906,cerd,472341
8721,Xu,Zhenyuan,徐鎮元,Male,877,1914,cerd,472352
8724,Xu,Zhenbei,徐鎮北,Male,1682,1905,cerd,472363
8735,Xu,Zhennan,徐鎮南,Male,3199,1908,cerd,472375
8739,Xu,Zhenfang,徐鎮芳,Male,877,1912,cerd,472386
8741,Xu,Xizhang,徐錫璋,Male,1305,1912,cerd,472397
8744,Xu,Xiguang,徐錫光,Male,16722,1912,cerd,472408
8746,Xu,Duomin,徐鐸民,Male,4320,1914,cerd,472419
8748,Xu,Qinming,徐欽鳴,Male,2857,1914,cerd,472430
8750,Xu,Quanyi,徐銓一,Male,1604,1912,cerd,472441
8752,Xu,Jianbing,徐鑑冰,Female,1993,1918,cerd,472452
8754,Xu,Jieyuan,徐節元,Male,1636,1899,cerd,472463
8767,Xu,Huaiyun,徐懷雲,Male,496,1912,cerd,472474
8770,Xu,Huaifang,徐懷芳,Male,5287,NA,cerd,472486
8779,Wei,Zhaorong,魏兆融,Male,8780,1912,cerd,472497
8783,Wei,Zumo,魏祖摩,Male,1079,1900,cerd,472508
8791,Wei,Zuyin,魏祖蔭,Male,1036,NA,cerd,472519
8793,Wei,Zhaoying,魏肇英,Male,7956,1909,cerd,472530
8806,Wei,Haishou,魏海壽,Male,62,NA,cerd,472541
8808,Wei,Qiming,魏啓明,Male,590,NA,cerd,472552
8811,Wei,Daojian,魏道鑑,Male,553,1914,cerd,472563
8813,Wei,Shigui,魏士貴,Male,427,1911,cerd,472574
8818,Wei,Xisi,魏希思,Male,7055,NA,cerd,472585
8823,Wei,Youwen,魏有文,Male,427,NA,cerd,472597
8825,Wei,Youdao,魏有道,Male,4425,1915,cerd,472608
8827,Wei,Youwan,魏有萬,Male,427,NA,cerd,472619
8834,Wei,Shoukun,魏壽崑,Male,427,1907,cerd,472630
8849,Wei,Senlin,魏森林,Male,4225,1896,cerd,472641
8851,Wei,Pengnian,魏彭年,Male,511,1916,cerd,472652
8853,Wei,Muzhe,魏慕哲,Male,8854,NA,cerd,472663
8856,Wei,Xiaoqian,魏孝謙,Male,427,NA,cerd,472674
8858,Wei,Huaye,魏華業,Male,819,1907,cerd,472685
8868,Wei,Shuxun,魏樹勳,Male,841,1896,cerd,472696
8879,Wei,Zhenquan,魏振全,Male,7055,NA,cerd,472708
8882,Wei,Zhende,魏振德,Male,8883,NA,cerd,472719
8885,Wei,Zhenhua,魏振華,Male,5992,NA,cerd,472730
8888,Wei,Zhenbo,魏振鎛,Male,67,1906,cerd,398557
8895,Wei,Nieshou,魏喦壽,Male,1161,1899,cerd,398535
8904,Wei,Jingxing,魏景行,Male,1604,1893,cerd,472741
8915,Wei,Yixuan,魏貽煊,Male,8916,1911,cerd,472752
8918,Wei,Fengming,魏鳳鳴,Male,8920,1906,cerd,472763
8924,Wei,Guotong,魏國彤,Male,8893,1911,cerd,472774
8926,Wei,Xigu,魏錫嘏,Male,8927,NA,cerd,472785
8929,Wei,Shangren,魏尙仁,Male,1556,NA,cerd,472796
8932,Wu,Liang,吳亮,Male,1259,1909,cerd,472807
8937,Wu,Jing,吳競,Male,1881,1912,cerd,472820
8939,Wu,Fang,吳方,Male,5212,1911,cerd,472831
8942,Wu,Rang,吳讓,Male,1016,1897,cerd,472842
8951,Wu,Jing,吳京,Male,1079,1912,cerd,472853
8953,Wu,Shao,吳韶,Male,8954,1900,cerd,472864
8963,Wu,Xi,吳璽,Male,3053,1901,cerd,472875
8965,Wu,Pu,吳璞,Male,1016,1910,cerd,472886
8974,Wu,Xun,吳珣,Male,1016,1915,cerd,472897
8976,Wu,Yu,吳璵,Male,8977,NA,cerd,472908
8979,Wu,Zhuo,吳卓,Male,62,1906,cerd,472919
8998,Wu,Rui,吳睿,Male,942,1914,cerd,472931
9001,Wu,Jun,吳俊,Male,2829,1910,cerd,472942
9006,Wu,Jian,吳健,Male,877,1874,cerd,472953
9028,Xuan,Zhao,宣炤,Male,9029,1907,cerd,472964
9035,Xuan,Weizhang,宣維章,Male,9036,1893,cerd,472975
9043,Xuan,Junheng,宣俊亨,Male,1659,1916,cerd,472986
9045,Xuan,Shusheng,宣樹聲,Male,2884,NA,cerd,472997
9047,Xuan,Guifen,宣桂芬,Male,2884,NA,cerd,473008
9051,Wan,Zhiping,完志平,Male,1903,NA,cerd,473019
9053,Kou,Xian,寇顯,Male,1556,NA,cerd,473030
9056,Kou,Zhensheng,寇振聲,Male,719,1901,cerd,473042
9063,Hu,Guangfu,扈光輔,Male,6439,1912,cerd,473053
9065,Fang,Baode,房寶德,Male,9066,NA,cerd,473064
9068,Fang,Yinshu,房蔭樞,Male,427,1911,cerd,473075
9070,Fang,Xuying,房旭英,Male,1817,1916,cerd,473086
9072,Fang,Guozhu,房國柱,Male,3226,1890,cerd,473097
9074,Fang,Yaowen,房耀文,Male,3226,1904,cerd,473108
9084,Jia,Yejun,家業駿,Male,2313,1905,cerd,473119
9086,Yi,Wenmiao,扆文淼,Male,3768,1900,cerd,473130
9088,Su,Gong,宿工,Male,511,1911,cerd,473141
9090,Su,Fengchi,宿鳳池,Male,2732,1904,cerd,473153
9092,Mi,Qi,宓齊,Male,607,1887,cerd,406180
9097,Mi,Guangju,宓廣居,Male,3916,NA,cerd,473164
9099,Mi,Xiangmao,宓祥楙,Male,1544,1909,cerd,473175
9107,Mi,Xihui,宓錫惠,Male,NA,NA,cerd,473186
9111,An,Xun,安遜,Male,743,1912,cerd,473197
9113,An,Wenlan,安文瀾,Male,63,1893,cerd,473208
9116,An,Yuzhang,安玉璋,Male,9117,1906,cerd,473219
9124,An,Jiande,安建德,Male,743,1903,cerd,473230
9135,An,Zizheng,安子正,Male,9136,1903,cerd,473241
9147,An,Weiji,安維楫,Male,511,1905,cerd,473252
9149,An,Shaoxuan,安紹萱,Male,427,1914,cerd,473264
9151,An,Yongpu,安永璞,Male,2435,1912,cerd,473275
9153,An,Yuheng,安遇亨,Male,2071,1901,cerd,473286
9155,An,Yushun,安遇順,Male,2071,1902,cerd,473297
9159,Wu,Jie,吳傑,Male,1079,NA,cerd,473308
9161,Wu,Chun,吳純,Male,879,NA,cerd,473319
9165,Wu,Ji,吳楫成,Male,1079,1894,cerd,473330
9172,Wu,Lian,吳濂,Male,4371,1905,cerd,473341
9174,Wu,Zhen,吳楨,Male,71,1910,cerd,473352
9178,Wu,Deng,吳澄,Male,3366,1912,cerd,473363
9180,Wu,Han,吳漢,Male,9181,1906,cerd,473375
9188,Wu,Mu,吳沐,Male,1604,1913,cerd,473386
9192,Wu,Chao,吳潮,Male,765,NA,cerd,473397
9199,Wu,Yi,吳溢,Male,62,1902,cerd,473408
9203,Wu,Dao,吳燾,Male,9204,NA,cerd,473419
9206,Wu,Bin,吳彬,Male,9207,1913,cerd,473430
9209,Wu,Jing,吳敬,Male,877,1889,cerd,473441
9232,Wu,Wei,吳畏,Male,1881,1917,cerd,473452
9234,Wu,Tun,吳暾,Male,553,1903,cerd,473463
9239,Wu,Kuang,吳匡,Male,2236,1911,cerd,473474
9244,Wu,Peng,吳鵬,Male,NA,NA,cerd,473486
9246,Wu,Kuang,吳鑛,Male,553,1891,cerd,473497
9259,Wu,Yu,吳鈺,Male,553,NA,cerd,473508
9262,Wu,Zhen,吳鎭,Male,9263,NA,cerd,473519
9265,Wu,Yan,吳炎,Male,8366,1906,cerd,16921
9270,Wu,Cui,吳焠,Male,1113,1916,cerd,473530
9272,Wu,Heng,吳恆,Male,965,NA,cerd,473541
9277,Wu,Dun,吳惇,Male,743,NA,cerd,473552
9281,Wu,Can,吳燦,Male,9282,NA,cerd,473563
9284,Wu,Lizhuo,吳立卓,Male,9285,1915,cerd,473574
9287,Wu,Lizhuo,吳立卓,Male,877,1915,cerd,473585
9289,Wu,Lidao,吳立道,Male,8028,1913,cerd,473597
9291,Wu,Lixian,吳立賢,Male,9292,1906,cerd,473608
9295,Wu,Jingqing,吳競清,Male,1618,1895,cerd,473619
9308,Fu,Yongyun,吳庸允,Male,NA,NA,cerd,473630
9310,Wu,Yingqi,吳應琪,Male,9311,1906,cerd,473641
9315,Wu,Yingji,吳應機,Male,1079,1883,cerd,333274
9320,An,Xingcun,安杏村,Male,4314,1910,cerd,473652
9323,Wu,Qingyan,吳慶衍,Male,9324,1909,cerd,473663
9339,An,Maohua,安茂華,Male,618,1901,cerd,473674
9343,An,Ruzeng,安如曾,Male,8780,1914,cerd,473685
9345,An,Chaojun,安朝俊,Male,9346,1913,cerd,473696
9349,An,Zhongyi,安忠義,Male,819,1907,cerd,332705
9354,An,Zhenbang,安振邦,Male,953,1899,cerd,473708
9356,An,Changji,安長吉,Male,9357,1902,cerd,473719
9362,An,Yangsheng,安陽生,Male,9363,1907,cerd,473730
9371,An,Fengrui,安鳳瑞,Male,2884,1904,cerd,473741
9380,An,Yitai,安益泰,Male,9381,1905,cerd,473752
9383,An,Zhongrui,安鍾瑞,Male,1664,1902,cerd,473763
9391,An,Zhenfan,安鎮藩,Male,1682,1897,cerd,473774
9395,Zi,Fengshan,字鳳山,Male,9397,1913,cerd,473785
9399,Ning,Huang,寗榥,Male,9400,1913,cerd,473796
9403,Ning,Qianghao,寗強豪,Male,9404,1912,cerd,473807
9406,Ning,Xungui,寗循規,Male,4385,1917,cerd,473819
9408,Ning,Qingtai,寗清泰,Male,6256,NA,cerd,473830
9410,Ning,Yumo,寗裕謨,Male,5756,1911,cerd,473841
9413,Ning,Huanjiu,寗桓九,Male,3275,1914,cerd,473852
9415,Ning,Shuxun,寗樹勳,Male,1975,1904,cerd,473863
9419,Gong,Zhilu,宮之祿,Male,9420,1911,cerd,473874
9424,Gong,Zhigui,宮之桂,Male,9420,1908,cerd,473885
9428,Gong,Shi'en,宮世恩,Male,63,1897,cerd,473896
9431,Gong,Zengrong,宮增榮,Male,9432,1908,cerd,473907
9435,Gong,Jinzhang,宮錦章,Male,2352,1894,cerd,473918
9437,Fu,Tianyi,富天一,Male,511,1914,cerd,473931
9440,Fu,Guangyun,富光運,Male,511,1909,cerd,473942
9442,Rong,Jianxiang,容建祥,Male,571,1914,cerd,473953
9444,Rong,Yiyu,容宜煜,Male,2780,1892,cerd,473964
9446,Rong,Peilin,容沛霖,Male,1817,1917,cerd,473975
9448,Rong,Yongle,容永樂,Male,1993,1915,cerd,473986
9450,Rong,Zugao,容祖誥,Male,2780,1890,cerd,473997
9465,Rong,Qiwen,容啓文,Male,1993,1895,cerd,474008
9469,Rong,Jingyuan,容敬源,Male,673,1890,cerd,474019
9476,Rong,Pengqi,容鵬起,Male,2780,1915,cerd,474030
9478,Bin,Jue,賓覺,Male,4594,1902,cerd,332606
9483,Bin,Yixian,賓奕顯,Male,16722,NA,cerd,474042
9486,Bin,Bucheng,賓步程,Male,4375,1881,cerd,474053
9501,Bin,Xican,賓希參,Male,67,1908,cerd,474064
9504,Bin,Pengbo,賓鵬搏,Male,16722,1912,cerd,474075
9507,Dou,Ruizhi,竇瑞芝,Male,1881,1902,cerd,474086
9510,Dou,Ruihua,竇瑞華,Male,1881,NA,cerd,474097
9513,Dou,Zhixiang,竇之驤,Male,4394,NA,cerd,474108
9515,Dou,Chunxuan,竇春萱,Male,4394,1907,cerd,474119
9517,Dou,Xuefu,竇學富,Male,449,NA,cerd,474130
9519,Dou,Guanghe,竇光和,Male,719,1912,cerd,474141
9525,Zong,Zhifa,宗之發,Male,807,1915,cerd,474153
9534,Zong,Chuwu,宗初悟,Male,9535,NA,cerd,474164
9541,Zong,Qijun,宗啓駿,Male,765,1909,cerd,474175
9544,Zong,Qiliu,宗啓騮,Male,765,NA,cerd,474186
9546,Zong,Jiuling,宗九齡,Male,3144,1915,cerd,474197
9548,Song,Xi,宋璽,Male,4394,NA,cerd,474208
9550,Song,Lei,宋磊,Male,9552,1905,cerd,474219
9557,Song,Ji,宋積,Male,3672,1893,cerd,474230
9559,Song,Tong,宋浵,Male,9560,1900,cerd,474241
9574,Song,Lian,宋蓮,Male,9575,1915,cerd,474252
9577,Song,Gui,宋桂,Male,9578,1902,cerd,474264
9586,Song,Liansheng,宋廉生,Male,2443,1905,cerd,474275
9602,Song,Wendao,宋文禱,Male,1231,1915,cerd,474286
9604,Song,Wen'gan,宋文淦,Male,4079,1900,cerd,474297
9606,Song,Wenjie,宋文杰,Male,1748,1907,cerd,474308
9609,Song,Wenhua,宋文華,Male,62,1899,cerd,474319
9612,Song,Wentian,宋文田,Male,9613,1896,cerd,474330
9623,Song,Yuling,宋玉玲,Male,1659,NA,cerd,474341
9625,Song,Pichang,宋丕昌,Male,9552,1903,cerd,474352
9632,Song,Yuanming,宋元明,Male,9633,1914,cerd,474363
9635,Song,Jinjie,宋晉階,Male,2596,1908,cerd,474375
9637,Song,Yunsheng,宋雲盛,Male,566,NA,cerd,474386
9639,Song,Ruitang,宋瑞堂,Male,9640,1915,cerd,474397
9642,Song,Ruiying,宋瑞瑩,Male,2790,NA,cerd,474408
9645,Song,Tingyu,宋廷瑜,Male,9646,1904,cerd,474419
9656,Song,Tinggan,宋廷幹,Male,996,1913,cerd,474430
9658,Song,Tingkai,宋廷愷,Male,765,1908,cerd,474441
9662,Song,Yanlan,宋延蘭,Male,980,1913,cerd,474452
9673,Song,Guyan,宋孤雁,Male,496,1912,cerd,474463
9675,Song,Jianting,宋建庭,Male,9346,1913,cerd,474474
9678,Song,Jianxun,宋建勳,Male,1714,1892,cerd,474486
9691,Song,Jianyin,宋建寅,Male,9692,1898,cerd,333108
9698,Wu,Qingyuan,吳慶源,Male,1016,1904,cerd,474497
9702,Wu,Qingcheng,吳慶成,Male,4802,1913,cerd,474508
9704,Wu,Qingming,吳慶鳴,Male,7071,1913,cerd,474519
9706,Wu,Qingtong,吳慶同,Male,9324,1909,cerd,474530
9708,Wu,Wenlong,吳文龍,Male,1100,1912,cerd,474541
9712,Wu,Wenli,吳文澧,Male,5227,1909,cerd,474552
9715,Wu,Wenxi,吳文熹,Male,1016,1911,cerd,474563
9719,Wu,Wenyu,吳文棫,Male,1016,1913,cerd,474574
9721,Wu,Wenbing,吳文炳,Male,3924,1903,cerd,474585
9730,Wu,Xiangyun,吳襄芸,Male,1941,1897,cerd,474597
9732,Wu,Duanrui,吳端銳,Male,5073,1916,cerd,474608
9735,Wu,Duanjiong,吳端烱,Male,5131,1914,cerd,474619
9737,Wu,Xincha,吳新槎,Male,1016,1897,cerd,474630
9754,Song,Jianfang,宋建坊,Male,9346,1910,cerd,474641
9757,Song,Naiqian,宋乃鈐,Male,9758,1908,cerd,474652
9760,Song,Zhengzhen,宋政珍,Male,8675,1913,cerd,474663
9762,Song,Zhongru,宋重儒,Male,2596,NA,cerd,474674
9764,Song,Weiyu,宋維玉,Male,4079,1907,cerd,474685
9766,Song,Renfu,宋仁福,Male,877,1906,cerd,474696
9769,Song,Yanhua,宋衍華,Male,NA,NA,cerd,474708
9771,Song,Jingkui,宋經奎,Male,9772,1902,cerd,474719
9778,Song,Jingshi,宋經世,Male,4225,NA,cerd,474730
9780,Song,Debing,宋德秉,Male,3040,1908,cerd,474741
9782,Song,Chunren,宋純仁,Male,511,NA,cerd,474752
9784,Song,Zixiu,宋自修,Male,9785,1901,cerd,474763
9796,Song,Yimu,宋以穆,Male,8641,1914,cerd,474774
9798,Song,Zuomei,宋作梅,Male,62,NA,cerd,474785
9800,Song,Jiakun,宋家琨,Male,9801,NA,cerd,474796
9805,Song,Jiazhi,宋家治,Male,1664,1912,cerd,474807
9808,Tan,Zongyao,譚宗堯,Male,511,1907,cerd,474819
9810,Tan,Fushu,譚福樹,Male,4977,1915,cerd,474830
9812,Tan,Wenliang,譚溫良,Male,8163,NA,cerd,474841
9815,Tan,Diyu,譚滌予,Male,4816,1913,cerd,474850
9817,Tan,Dahe,譚大和,Male,9818,NA,cerd,474851
9820,Tan,Youcen,譚友岑,Male,2253,1902,cerd,474852
9821,Tan,Zaizheng,譚在徵,Male,4594,1911,cerd,474853
9829,Song,Zhaoxiang,宋兆庠,Male,9830,1909,cerd,474854
9832,Song,Fajia,宋法家,Male,1256,1911,cerd,474855
9836,Song,Ruzhou,宋汝舟,Male,1659,1905,cerd,474856
9840,Song,Dajin,宋達金,Male,909,1908,cerd,474858
9844,Song,Liancheng,宋連城,Male,427,NA,cerd,474859
9847,Song,Zuwen,宋祖文,Male,5282,1902,cerd,474860
9850,Song,Zufang,宋祖芳,Male,1305,1912,cerd,474861
9853,Song,Suichang,宋遂昌,Male,3023,1909,cerd,474862
9855,Song,Yousan,宋友三,Male,9856,1907,cerd,474863
9858,Song,Keji,宋克繼,Male,9859,1911,cerd,474864
9861,Song,Xishang,宋希尚,Male,909,1895,cerd,474865
9864,Song,Mengyu,宋夢漁,Male,1259,1909,cerd,474866
9867,Song,Maohuai,宋茂槐,Male,9869,1910,cerd,474867
9872,Song,Shuchen,宋樞宸,Male,7960,1894,cerd,406091
9889,Tan,Xi'an,譚喜安,Male,886,1904,cerd,474870
9904,Tan,Huanshu,譚桓樞,Male,1857,1907,cerd,474871
9906,Tan,Dangbo,譚蕩波,Male,9907,1916,cerd,474872
9909,Tan,Yinqiang,譚蔭强,Male,2780,1913,cerd,474873
9911,Tan,Yinghong,譚營洪,Male,NA,NA,cerd,474874
9913,Tan,Baoling,譚葆齡,Male,2780,1900,cerd,474875
9916,Tan,Baoxian,譚葆憲,Male,2780,1910,cerd,474876
9919,Tan,Baotai,譚葆泰,Male,2780,1910,cerd,474877
9929,Tan,Fuchong,譚茀崇,Male,NA,NA,cerd,474878
9931,Tan,Shifan,譚世藩,Male,1993,1894,cerd,474879
9947,Wu,Xine,吳新鍔,Male,1016,1916,cerd,474881
9949,Wu,Xinquan,吳新銓,Male,9950,1916,cerd,474882
9964,Tan,Shiyi,譚世義,Male,5756,1915,cerd,474883
9976,Tan,Qifang,譚其芳,Male,9977,1905,cerd,474884
9981,Tan,Shengyi,譚聲乙,Male,1903,NA,cerd,474885
9993,Tan,Ganqian,譚幹愆,Male,2429,1911,cerd,474886
9996,Tan,Zhenxiong,譚振雄,Male,1993,1913,cerd,474887
10002,Song,Shiying,宋世英,Male,10003,NA,cerd,474888
10005,Song,Shicheng,宋世成,Male,10006,1902,cerd,474889
10010,Song,Shuqi,宋樹?,Male,1002,1915,cerd,474890
10012,Song,Yusheng,宋郁生,Male,2352,1910,cerd,474892
10016,Song,Duliang,宋都梁,Male,4627,1910,cerd,474893
10022,Song,Zengjing,宋增敬,Male,1714,NA,cerd,474894
10024,Song,Songlin,宋松林,Male,1487,NA,cerd,474895
10028,Song,Suxi,宋肅曦,Male,10029,1913,cerd,474896
10031,Song,Zhongshu,宋忠恕,Male,9117,1909,cerd,474897
10033,Song,Zhen'gang,宋振綱,Male,813,1904,cerd,474898
10038,Song,Guoliang,宋國梁,Male,10003,NA,cerd,474899
10040,Song,Sijing,宋思璟,Male,9324,NA,cerd,474900
10042,Song,Sidi,宋思第,Male,3857,1900,cerd,474901
10044,Song,Pinhui,宋品彚,Male,935,1899,cerd,474903
10052,Song,Mingzhe,宋明哲,Male,10053,1916,cerd,474904
10055,Tan,Zhenhua,譚振華,Male,1993,NA,cerd,474905
10057,Tan,Zhendong,譚振東,Male,77,1893,cerd,333130
10060,Tan,Rihuang,譚日晃,Male,4977,1914,cerd,474906
10062,Tan,Guozhu,譚國柱,Male,NA,NA,cerd,474907
10064,Tan,Guozao,譚國藻,Male,NA,NA,cerd,474908
10066,Tan,Minggao,譚明高,Male,5756,1914,cerd,474909
10068,Tan,Fangxia,譚防夏,Male,4977,1915,cerd,474910
10070,Tan,Jicai,譚驥才,Male,4375,1912,cerd,474911
10073,Wu,Xinbing,吳新炳,Male,1016,1895,cerd,474912
10081,Wu,Shiming,吳詩銘,Male,10082,1907,cerd,474914
10090,Wu,Yilun,吳翊綸,Male,1091,NA,cerd,474915
10094,Wu,Shaohua,吳韶華,Male,7331,1914,cerd,474916
10096,Wu,Puchu,吳譜初,Male,1607,1906,cerd,474917
10099,Tan,Weicen,譚慰岑,Male,2253,NA,cerd,474918
10104,Tan,Xingduo,譚興鐸(小廬,Male,16722,1908,cerd,474919
10106,Tan,Jinhui,譚金惠,Male,9613,1911,cerd,474920
10109,Tan,Jinkai,譚金鎧,Male,511,1898,cerd,474921
10122,Tan,Songxian,譚頌獻,Male,5212,1908,cerd,474922
10126,Tan,Tiejian,譚鐵肩,Male,4977,1890,cerd,474923
10128,Tan,Huixian,譚恢先,Male,4594,1906,cerd,474925
10132,Tan,Bingxun,譚炳訓,Male,1177,1911,cerd,474926
10137,Tan,Binghao,譚炳灝,Male,10138,1911,cerd,474927
10140,Tan,Binghui,譚炳輝,Male,10138,1906,cerd,474928
10146,Wu,Linxiang,吳麟祥,Male,1903,1915,cerd,474929
10148,Wu,Zhengyi,吳正誼,Male,61,1900,cerd,402214
10152,Wu,Yulin,吳玉麟,Male,1079,1890,cerd,474930
10157,Wu,Yulan,吳玉嵐,Male,5992,1906,cerd,474931
10168,Wu,Yujie,吳玉階,Male,2114,NA,cerd,474932
10170,Wu,Yuanchun,吳元春,Male,1993,1900,cerd,474933
10177,Wu,Yuanyou,吳元猷,Male,1643,1915,cerd,474934
10179,Wu,Erjun,吳爾鈞,Male,5964,NA,cerd,474936
10182,Wu,Zhenhuan,吳震寰,Male,9311,1902,cerd,474937
10196,Wu,Zhensheng,吳震聲,Male,1016,1915,cerd,474938
10198,Wu,Zhenzhong,吳震中,Male,10199,1914,cerd,474939
10201,Wu,Tianyou,吳天祐,Male,10202,1914,cerd,474940
10203,Tan,Yaozong,譚耀宗,Male,449,NA,cerd,474941
10205,Gong,Jin,龔瑾,Male,1189,1917,cerd,474942
10207,Gong,Yun,龔允,Male,71,1910,cerd,474943
10211,Gong,Hao,龔灝,Male,553,1895,cerd,474944
10213,Gong,Xiong,龔雄,Male,807,NA,cerd,474945
10215,Gong,Qi,龔圻,Male,782,1916,cerd,474947
10219,Wu,Tiandong,吳天東,Male,10006,NA,cerd,474948
10221,Wu,Yunshou,吳雲綬,Male,1409,1901,cerd,474949
10226,Wu,Beilu,吳北祿,Male,2780,1916,cerd,474950
10228,Wu,Zhuozhi,吳琢之,Male,2641,1897,cerd,474951
10242,Gong,Jun,龔埈,Male,8646,1908,cerd,474952
10246,Gong,Kun,龔坤,Male,1256,NA,cerd,474953
10250,Gong,Zhen,龔辰,Male,1189,NA,cerd,474954
10252,Gong,Jun,龔鈞,Male,1556,1898,cerd,474955
10276,Wu,Ruisan,吳瑞三,Male,6701,1914,cerd,474956
10278,Wu,Yaozhang,吳瑤章,Male,7055,1914,cerd,474958
10282,Wu,Yinyi,吳引翼,Male,5955,1912,cerd,474959
10284,Wu,Tingxi,吳廷璽,Male,4371,NA,cerd,474960
10286,Wu,Tinggui,吳廷瓌,Male,765,1914,cerd,474961
10288,Wu,Tingwei,吳廷瑋,Male,765,1909,cerd,474962
10291,Wu,Tingyou,吳廷佐,Male,1664,1902,cerd,474963
10294,Wu,Tingcan,吳廷燦,Male,10295,1897,cerd,474964
10302,Wu,Tingbo,吳廷柏,Male,10303,NA,cerd,474965
10305,Wu,Kongxi,吳孔希,Male,558,1913,cerd,474966
10307,Wu,Ronghe,吳融和,Male,819,1909,cerd,474967
10309,Wu,Rongqing,吳融清,Male,2567,1897,cerd,474969
10328,Wu,Chengzhang,吳承章,Male,3969,1905,cerd,474970
10333,Wu,Chengjie,吳承傑,Male,1079,1912,cerd,474971
10335,Wu,Chengzong,吳承宗,Male,1227,1892,cerd,474972
10353,Gong,Jian,龔鑑,Male,71,1890,cerd,474973
10358,Gong,Yingchang,龔應昌,Male,1256,NA,cerd,474974
10360,Gong,Yingzeng,龔應曾,Male,1256,1909,cerd,474975
10363,Gong,Wenkai,龔文凱,Male,NA,NA,cerd,474976
10366,Wang,Liren,王勵仁,Male,1364,NA,cerd,474977
10373,Gong,Yibo,龔一波,Male,324,NA,cerd,474978
10376,Gong,Like,龔理珂,Male,1903,1907,cerd,474981
10395,Gong,Qianzhang,龔千章,Male,522,1914,cerd,474982
10397,Song,Zhaoming,宋昭明,Male,10399,1911,cerd,474983
10398,Gong,Jicheng,龔繼成,Male,1189,1901,cerd,474984
10405,Song,Zhanjun,宋瞻駿,Male,553,1908,cerd,474985
10412,Song,Xuelian,宋學濂,Male,7006,NA,cerd,474986
10414,Song,Jinsheng,宋金聲,Male,9613,1915,cerd,474987
10419,Song,Jinqing,宋金磬,Male,719,1914,cerd,474988
10421,Song,Jingqing,宋鏡清,Male,1256,NA,cerd,474989
10424,Song,Zunli,宋尊禮,Male,4619,1911,cerd,474990
10428,Song,Yuhua,宋毓華,Male,1604,1910,cerd,474992
10430,Song,Dusheng,宋篤生,Male,7347,1894,cerd,406130
10436,Song,Guangxian,宋光憲,Male,10437,NA,cerd,474993
10439,Song,Guangliang,宋光梁,Male,7703,1910,cerd,474994
10444,Song,Bingwen,宋炳文,Male,1409,NA,cerd,474995
10446,Song,Yunzhang,宋熉章,Male,74,1909,cerd,474996
10450,Song,Rongting,宋榮庭,Male,935,NA,cerd,474997
10474,Gong,Daixiang,龔代祥,Male,10475,1897,cerd,474998
10483,Gong,Zuanmo,龔纘模,Male,1189,1915,cerd,474999
10485,Gong,Jigong,龔積躬,Male,1100,1898,cerd,475000
10489,Gong,Jicheng,龔積成,Male,1100,1895,cerd,475001
10513,Gong,Shaoxiong,龔紹熊,Male,16722,1912,cerd,475003
10515,Gong,Yijue,龔以爵,Male,1256,1898,cerd,475004
10518,Wang,Junsheng,王駿聲,Male,1227,NA,cerd,475005
10531,Wang,Weixuan,王慰萱,Male,2331,NA,cerd,475006
10533,Wang,Tiren,王體仁,Male,6256,NA,cerd,475007
10535,Wang,Fengyi,王鳳儀,Male,1493,1902,cerd,475008
10537,Wang,Fengyang,王鳳揚,Male,10538,NA,cerd,475009
10542,Wang,Juemin,王覺民,Male,10543,1914,cerd,475010
10545,Wang,Yongjiu,王用九,Male,10546,1913,cerd,475011
10548,Wang,Yongliang,王用樑,Male,8954,1900,cerd,475012
10552,Wang,Yongshan,王用善,Male,10553,1908,cerd,475014
10556,Wang,Tonghua,王同華,Male,1256,1890,cerd,475015
10560,Wang,Tongjia,王同甲,Male,10372,1893,cerd,475016
10570,Wang,Tongchen,王同辰,Male,2985,1917,cerd,475017
10572,Wang,Tongxi,王同熙,Male,1664,1910,cerd,475018
10576,Wang,Zhouhuai,王周槐,Male,1682,1912,cerd,475019
10579,Wang,Dianwen,王殿文,Male,10580,1902,cerd,475020
10583,Wang,Dian'ao,王殿鰲,Male,9036,1889,cerd,475021
10600,Wang,Dianchen,王殿臣,Male,2884,NA,cerd,475022
10602,Wang,Lüxiang,王履祥,Male,10603,1898,cerd,475023
10611,Wang,Juzheng,王居正,Male,511,1903,cerd,475025
10613,Wang,Xiji,王熙績,Male,3672,1897,cerd,475026
10616,Wang,Youlong,王又龍,Male,1770,1905,cerd,475027
10627,Wang,Xuejun,王學俊,Male,2884,1911,cerd,475028
10630,Wang,Xuejie,王學傑,Male,2884,1912,cerd,475029
10633,Wang,Xuehai,王學海,Male,64,1903,cerd,475030
10638,Wang,Xuekui,王學奎,Male,427,1894,cerd,475031
10652,Wang,Xuebin,王學彬,Male,NA,NA,cerd,475032
10654,Wang,Xueshu,王學恕,Male,965,1895,cerd,475033
10666,Gong,Zhengtao,龔徵桃,Male,562,NA,cerd,475034
10668,Gong,Yifeng,龔儀鳳,Male,1409,NA,cerd,475036
10671,Gong,Yonghuan,龔永煌,Male,10672,1889,cerd,332663
10679,Gong,Zhikang,龔之康,Male,1079,1915,cerd,475037
10681,Gong,Shouyi,龔守義,Male,3319,NA,cerd,475038
10683,Gong,Baoxian,龔寳賢,Female,10684,1915,cerd,475039
10686,Gong,Yanrong,龔演榮,Male,765,NA,cerd,475040
10688,Gong,Hongnian,龔洪年,Male,1256,1906,cerd,475041
10692,Gong,Ziqing,龔紫淸,Male,877,NA,cerd,475042
10694,Gong,Zude,龔祖德,Male,1016,1910,cerd,475043
10703,Gong,Zuxian,龔祖賢,Male,1189,1913,cerd,475044
10705,Gong,Suiru,龔遂如,Male,1189,1915,cerd,475045
10709,Gong,Zhaozhu,龔肇鑄,Male,10710,1912,cerd,475047
10712,Gong,Zhihong,龔志鴻,Male,522,1911,cerd,475048
10714,Gong,Huadong,龔華棟,Male,324,1913,cerd,475049
10723,Gong,Shufen,龔樹芬,Male,10724,1913,cerd,475050
10726,Gong,Shufen,龔樹棻,Male,10727,1915,cerd,475051
10729,Gong,Dihua,龔棣華,Male,10730,1907,cerd,475052
10732,Gong,Dihui,龔棣輝,Male,10730,1903,cerd,475053
10734,Gong,Jingchuan,龔景川,Male,10730,1895,cerd,475054
10738,Gong,Ming'an,龔明安,Male,63,1903,cerd,475055
10740,Gong,Tonghuai,龔同槐,Male,1256,1898,cerd,475056
10742,Gong,Lüzhen,龔履震,Male,10743,NA,cerd,475058
10746,Wang,Kaixi,王開禧,Male,6090,1904,cerd,475059
10760,Wang,Kaixuan,王開選,Male,10761,1912,cerd,475060
10763,Wang,Kaidi,王開棣,Male,80,1909,cerd,475061
10765,Wang,Kaixi,王開熙,Male,6090,NA,cerd,475062
10767,Wang,Kaiyin,王開誾,Male,6090,1913,cerd,475063
10769,Wang,Qingquan,王卿權,Male,819,1908,cerd,475064
10773,Wang,Minbao,王民保,Male,10774,1908,cerd,475065
10779,Wang,Xingren,王興仁,Male,10780,1914,cerd,475066
10782,Wang,Xingpei,王興培,Male,3839,1916,cerd,475067
10794,Wang,Xingfang,王興芳,Male,10437,1907,cerd,475069
10806,Wang,Xianwei,王賢偉,Male,10808,1905,cerd,475070
10822,Zhu,Zhenluo,朱振駱,Male,1113,1916,cerd,475071
10824,Zhu,Chengye,朱成鄴,Male,909,1909,cerd,475072
10827,Zhu,Chengyong,朱成鏞,Male,1881,1917,cerd,475073
10831,Zhu,Guoxi,朱國洗,Male,2985,NA,cerd,475074
10833,Zhu,Guohong,朱國洪,Male,3969,1911,cerd,475075
10839,Zhu,Guozhen,朱國楨,Male,1256,NA,cerd,475076
10841,Zhu,Guodong,朱國棟,Male,1604,1912,cerd,475077
10843,Zhu,Guodian,朱國典,Male,4977,1897,cerd,475078
10858,Zhu,Guoxian,朱國銑,Male,562,1906,cerd,475080
10860,Zhu,Sipei,朱思培,Male,9859,1914,cerd,475081
10864,Zhu,Enge,朱恩格,Male,877,1911,cerd,371376
10866,Zhu,Enming,朱恩明,Male,571,1896,cerd,475082
10886,Zhu,Enlong,朱恩隆,Male,1042,1908,cerd,9970
10892,Zhu,Enxi,朱恩錫,Male,10893,1891,cerd,475083
10903,Zhu,Changqi,朱昌歧,Male,10904,NA,cerd,475084
10906,Zhu,Jingzi,朱景梓,Male,3760,1911,cerd,475085
10908,Zhu,Wangquan,朱旺全,Male,10909,1915,cerd,475086
10911,Zhu,Yejin,朱叶津,Male,10912,1911,cerd,475087
10914,Wang,Xianbin,王賢彬,Male,5073,1916,cerd,475088
10916,Wang,Jianer,王監二,Male,1664,1912,cerd,475089
10927,Wang,Linqing,王臨慶,Male,10928,1901,cerd,475092
10930,Wang,Quanpu,王全璞,Male,1356,1898,cerd,475093
10932,Wang,Quanyin,王全印,Male,1356,1888,cerd,475094
10935,Wang,Jinzhi,王金職,Male,4977,1892,cerd,475095
10940,Wang,Jinao,王金鰲,Male,NA,NA,cerd,475096
10942,Wang,Zhongmin,王鐘忞,Male,NA,NA,cerd,475097
10944,Wang,Jingmin,王鏡民,Male,1664,1914,cerd,475098
10952,Wang,Jiebai,王介白,Male,10953,1912,cerd,475099
10955,Wang,Zunjiong,王尊烱,Male,4795,1913,cerd,475100
10957,Wang,Yulin,王毓琳,Male,10958,1914,cerd,475101
10967,Gong,Xihe,龔熙和,Male,3319,1907,cerd,475103
10982,Gong,Xuesui,龔學遂,Male,10724,1896,cerd,475104
10993,Gong,Renwei,龔人偉,Male,71,1912,cerd,475105
10997,Gong,Yiao,龔義鏊,Male,553,1896,cerd,475106
11002,Gong,Quanheng,龔銓衡,Male,965,1915,cerd,475107
11004,Gong,Shaojie,龔少傑,Male,449,NA,cerd,475108
11006,Gong,Guangxian,龔光顯,Male,4977,1886,cerd,475109
11011,Gong,Biaochi,龔猋赤,Male,449,1915,cerd,475110
11013,Gong,Ronghua,龔榮華,Male,9772,1900,cerd,475111
11026,Zhu,Mingzhong,朱明中,Male,1042,1912,cerd,475112
11028,Zhu,Mingwo,朱鳴我,Male,NA,NA,cerd,475114
11030,Zhu,Zhaoren,朱昭仁,Male,11031,1913,cerd,475115
11035,Zhu,Yinling,監工員,Male,965,1915,cerd,475116
11037,Zhu,Zhangqing,朱長清,Male,NA,NA,cerd,475117
11039,Zhu,Zhangchun,朱長春,Male,11040,NA,cerd,475118
11042,Zhu,Zhangchun,朱長春,Male,4079,NA,cerd,475119
11044,Zhu,Zhiwen,朱質文,Male,1857,1912,cerd,475120
11046,Zhu,Fengwu,朱鳳梧,Male,11047,NA,cerd,475121
11050,Zhu,Juemin,朱覺民,Male,6169,1919,cerd,10007
11052,Zhu,Lüzhong,朱履中,Male,2114,1912,cerd,475122
11054,Zhu,Xuezhang,朱學章,Male,5964,NA,cerd,475123
11057,Zhu,Xuecheng,朱學程,Male,11058,1912,cerd,475125
11060,Zhu,Xueqing,朱學清,Male,1664,1899,cerd,475126
11067,Zhu,Xuezu,朱學祖,Male,1604,1908,cerd,475127
11069,Zhu,Kaicheng,朱開誠,Male,388,1915,cerd,475128
11071,Zhu,Kaizhu,朱開助,Male,10730,NA,cerd,475129
11076,Zhu,Minsheng,朱民聲,Male,965,1914,cerd,475130
11078,Zhu,Xingsheng,朱興生,Male,4407,1914,cerd,475131
11080,Zhu,Jinyuan,朱金元,Male,1636,1916,cerd,475132
11082,Zhu,Jintang,朱金湯,Male,909,1914,cerd,475133
11088,Zhu,Xinzu,朱鑫祖,Male,1604,1912,cerd,475134
11091,Zhu,Yuzhen,朱毓真,Male,1079,1891,cerd,371497
11114,Wang,Yujie,王毓傑,Male,11115,1903,cerd,475136
11121,Wang,Yuren,王毓芢,Male,813,1916,cerd,475137
11124,Wang,Yuming,王毓明,Male,965,1905,cerd,475138
11134,Wang,Yifu,王義福,Male,11135,1909,cerd,475139
11137,Wang,Yidao,王義道,Male,1544,1916,cerd,475140
11139,Wang,Shanzheng,王善政,Male,4407,1914,cerd,475141
11143,Wang,Huibin,王會賓,Male,717,1900,cerd,475142
11153,Wang,Shanwei,王善為,Male,8202,1909,cerd,475143
11158,Wang,Juji,王榘基,Male,1079,1901,cerd,475144
11177,Wang,Zhaozeng,王釗曾,Male,7911,NA,cerd,475145
11179,Wang,Zhonglin,王鍾麟,Male,877,1898,cerd,475147
11182,Wang,Zhongjie,王鍾杰,Male,4079,1899,cerd,475148
11184,Wang,Zhongyue,王鍾岳,Male,2641,1896,cerd,475149
11186,Wang,Tieru,王鐵如,Male,11187,1914,cerd,475150
11189,Wang,Rongzhu,王鎔注,Male,562,1915,cerd,475151
11191,Wang,Youzhuang,王猷壯,Male,590,1899,cerd,475152
11197,Wang,Zhenguo,王鎮國,Male,4042,1910,cerd,475153
11199,Wang,Jingting,王錦亭,Male,11200,NA,cerd,475154
11202,Ji,Jinren,計晉仁,Male,1604,1915,cerd,475155
11204,Xie,Yuan,謝元,Male,965,1912,cerd,475156
11207,Jiang,He,江河,Male,8185,1895,cerd,475158
11208,Xie,Yu,謝瑜,Male,11209,1913,cerd,475159
11216,Xie,Ren,謝仁,Male,11217,1894,cerd,475160
11224,Jiang,Hao,江浩,Male,11225,1914,cerd,475161
11228,Jiang,Hong,江鴻,Male,1881,1898,cerd,475162
11240,Jiang,Shao,江杓,Male,877,1901,cerd,192453
11253,Jiang,Zhao,江昭,Male,877,1906,cerd,475163
11261,Jiang,Min,江敏,Male,6090,1907,cerd,475164
11272,Xie,Ding,謝鼎,Male,90,1904,cerd,475165
11274,Jiang,Yinglin,江應麟,Male,1664,1900,cerd,475166
11284,Xie,Da,謝達,Male,4238,1913,cerd,475167
11286,Jiang,Dunke,江敦恪,Male,1839,NA,cerd,475169
11291,Jiang,Yuanren,江元仁,Male,553,1903,cerd,475170
11295,Jiang,Tianjue,江天爵,Male,1079,1913,cerd,475171
11297,Jiang,Ruilin,江瑞麟,Male,2534,1910,cerd,475172
11304,Jiang,Yanxin,江延馨,Male,1042,1911,cerd,475173
11307,Jiang,Shengda,江聖達,Male,2625,1898,cerd,475174
11317,Jiang,Liru,江理如,Male,NA,NA,cerd,475175
11319,Jiang,Naishu,江乃樞,Male,1626,1909,cerd,475176
11321,Jiang,Zijun,江子君,Male,2790,1913,cerd,475177
11325,Jiang,Yankun,江衍坤,Male,6673,1904,cerd,475178
11329,Jiang,Shanshou,江山壽,Male,903,1894,cerd,475180
11344,Jiang,Deyao,江德曜,Male,453,1915,cerd,475181
11348,Zhu,Yisheng,朱義生,Male,877,1900,cerd,475182
11358,Zhu,Shanpei,朱善培,Male,2985,1892,cerd,475183
11374,Xie,Duo,謝鐸,Male,1748,1911,cerd,475184
11380,Zhu,Zengpei,朱曾沛,Male,1643,1907,cerd,475185
11386,Xie,Wenfu,謝文黼,Male,1016,1910,cerd,475186
11390,Xie,Wenyuan,謝文垣,Male,11393,1910,cerd,388633
11394,Zhu,Zengshang,朱曾賞,Male,1604,1909,cerd,475187
11397,Xie,Longwen,謝蘢文,Male,4297,1916,cerd,475188
11400,Zhu,Gongquan,朱公權,Male,909,1896,cerd,475189
11405,Zhu,Gongya,朱公雅,Male,74,1901,cerd,475191
11411,Xie,Longxi,謝龍溪,Male,11413,1912,cerd,475192
11412,Zhu,Lujia,朱祿嘉,Male,1604,1901,cerd,475193
11415,Zhu,Songwei,朱頌偉,Male,1604,1906,cerd,475194
11417,Zhu,Rongjian,朱鎔堅,Male,590,1911,cerd,475195
11423,Xie,Lingyao,謝靈耀,Male,4977,1914,cerd,475196
11424,Zhu,Jinkang,朱錦康,Male,1189,1908,cerd,475197
11427,Zhu,Jinyao,朱錦瑤,Male,4977,1904,cerd,475198
11437,Xie,Yuanda,謝元達,Male,566,NA,cerd,475199
11439,Xie,Yuanmo,謝元模,Male,11440,1911,cerd,475200
11442,Xie,Tianfu,謝天輔,Male,1305,1916,cerd,475204
11444,Xie,Yunhu,謝雲鵠,Male,1016,1899,cerd,475205
11455,Jiang,Zhongren,江仲仁,Male,553,1908,cerd,475206
11460,Jiang,Shuren,江叔仁,Male,553,NA,cerd,475207
11463,Jiang,Shaohui,江紹徽,Male,402,1914,cerd,475208
11470,Jiang,Shaoying,江紹英,Male,11472,NA,cerd,475209
11474,Jiang,Congdao,江從道,Male,11475,1911,cerd,475210
11479,Jiang,Yidu,江宜渡,Male,2477,1915,cerd,475211
11481,Jiang,Zhiyong,江之永,Male,3608,1911,cerd,475212
11495,Jiang,Zhiyong,江之永,Male,11496,1907,cerd,475213
11500,Jiang,Zhimei,江之枚,Male,601,1917,cerd,475215
11502,Jiang,Liangbin,江良彬,Male,1607,NA,cerd,475216
11504,Jiang,Yelin,江業麟,Male,527,1914,cerd,475217
11506,Jiang,Zuqi,江祖岐,Male,1664,NA,cerd,377744
11515,Zhu,Junjia,朱鈞甲,Male,11516,1907,cerd,475218
11521,Zhu,Tongfu,朱銅富,Male,11522,1916,cerd,475219
11524,Zhu,Mingxian,朱銘憲,Male,2985,1900,cerd,475220
11529,Zhu,Mingxuan,朱銘軒,Male,77,1887,cerd,475221
11534,Zhu,Xiangsheng,朱翔生,Male,4407,1906,cerd,475222
11538,Zhu,Nieyun,朱籋雲,Male,62,1898,cerd,475223
11544,Zhu,Dushi,朱篤實,Male,11545,1907,cerd,475224
11546,Xie,Chengxu,謝承緒,Male,427,NA,cerd,475226
11548,Xie,Ziju,謝子舉,Male,11551,1908,cerd,333304
11550,Zhu,Guanxing,朱管形,Male,571,1912,cerd,475227
11553,Zhu,Guangcai,朱光彩,Male,11554,1906,cerd,475228
11563,Zhu,Guangmei,朱光美,Male,3033,NA,cerd,475229
11568,Zhu,Guangyao,朱光耀,Male,6904,1901,cerd,475230
11571,Zhu,Bingjia,朱炳甲,Male,11516,1916,cerd,475231
11574,Zhu,Fanzhang,朱煩章,Male,74,1908,cerd,475232
11580,Xie,Jigang,謝季綱,Male,11591,1900,cerd,388557
11582,Zhu,Yaojian,朱耀建,Male,1643,1891,cerd,475233
11602,Zhu,Huanwen,朱煥文,Male,719,1892,cerd,475234
11614,Zhu,Huanxi,朱煥錫,Male,2443,1912,cerd,475235
11617,Zhu,Yuerong,朱悅榮,Male,4977,1906,cerd,475237
11637,Xie,Weiyao,謝維耀,Male,909,1902,cerd,475238
11639,Xie,Rende,謝仁德,Male,590,1913,cerd,475239
11641,Xie,Renhong,謝任宏,Male,965,1894,cerd,475240
11656,Jiang,Zuchun,江祖蒓,Male,NA,NA,cerd,475241
11658,Jiang,Dayuan,江大源,Male,3866,NA,cerd,475242
11661,Jiang,Boyuan,江博沅,Male,71,1908,cerd,475243
11664,Jiang,Shixian,江世賢,Male,1272,1901,cerd,475244
11674,Jiang,Shihuang,江世熀,Male,11496,1914,cerd,475245
11676,Jiang,Shihui,江世煇,Male,11496,1891,cerd,475246
11679,Jiang,Chaoxi,江超西,Male,553,1891,cerd,475248
11705,Jiang,Zengshou,江增授,Male,11706,NA,cerd,475249
11721,Wang,Jinru,王錦儒,Male,9592,1915,cerd,475250
11724,Wang,Jintang,王錦堂,Male,7055,NA,cerd,475251
11727,Wang,Xiyong,王錫庸,Male,4314,1911,cerd,475252
11732,Wang,Xiqing,王錫慶,Male,717,1883,cerd,475253
11746,Wang,Xisan,王錫三,Male,1016,1908,cerd,475254
11751,Wang,Xiyong,王錫勇,Male,3642,NA,cerd,475255
11755,Wang,Xiling,王錫齡,Male,427,1906,cerd,475256
11756,Xie,Ji'an,謝繼安,Male,11758,1912,cerd,475257
11765,Xie,Zuoyin,謝佐殷,Male,566,1908,cerd,475259
11768,Xie,Deyu,謝德裕,Male,2429,1912,cerd,475260
11770,Xie,Shengyong,謝升庸,Male,11217,1901,cerd,475261
11782,Wang,Xifan,王錫藩,Male,2625,1894,cerd,475262
11793,Xie,Zhonggang,謝仲剛,Male,1231,1899,cerd,333302
11796,Wang,Xiquan,王錫權,Male,4314,1906,cerd,475263
11798,Wang,Xichan,王錫昌,Male,553,1893,cerd,475264
11815,Wang,Xipeng,王錫朋,Male,9560,1911,cerd,475265
11826,Wang,Xinian,王錫年,Male,4089,1913,cerd,475266
11828,Wang,Zhili,王知勵,Male,3500,1916,cerd,475267
11831,Xie,Weimin,謝偉民,Male,6701,1915,cerd,475268
11833,Wang,Zhirui,王智瑞,Male,11834,1911,cerd,475270
11836,Wang,Zhizhan,王智湛,Male,9575,1892,cerd,475271
11838,Wang,Junhao,王鈞豪,Male,1664,1888,cerd,336713
11851,Wang,Diaofu,王釣撫,Male,511,1914,cerd,475272
11853,Wang,Luxun,王錄勳,Male,4371,NA,cerd,475273
11858,Wang,Qinren,王欽仁,Male,4161,NA,cerd,475274
11861,Wang,Ruijin,王銳鈞,Male,1817,1914,cerd,475275
11863,Wang,Jianqing,王鑑清,Male,965,1889,cerd,336616
11865,Wang,Zhuming,王竹銘,Male,63,1885,cerd,381480
11869,Wang,Ducheng,王篤誠,Male,7484,1887,cerd,475276
11871,Wang,Duzhi,王篤芝,Male,2429,NA,cerd,475277
11873,Wang,Fanmo,王範模,Male,8341,1914,cerd,475278
11875,Wang,Minqing,王敏慶,Male,1042,1909,cerd,475279
11880,Wang,Jieyao,王節堯,Male,1161,1894,cerd,475281
11882,Xie,Heyi,謝和一,Male,1016,1912,cerd,475282
11886,Xie,Peihe,謝佩龢,Male,965,1906,cerd,475283
11888,Wang,Weiyi,王惟一,Male,7484,NA,cerd,475284
11891,Wang,Huaichen,王懷琛,Male,1079,1889,cerd,475285
11902,Xie,Zuozhou,謝作舟,Male,5105,NA,cerd,475286
11904,Xie,Jiayan,謝家彥,Male,7011,1905,cerd,475287
11906,Zhu,Rongguang,朱榮光,Male,NA,NA,cerd,475288
11907,Xie,Jiaze,謝家澤,Male,2429,1912,cerd,193184
11910,Xin,Zhijun,謝之俊,Male,11911,1915,cerd,475289
11916,Xie,Anhu,謝安祜,Male,965,1915,cerd,475290
11922,Xie,Rongyi,謝容溢,Male,1857,1915,cerd,475292
11926,Lian,Mengming,練孟明,Male,9282,1912,cerd,475293
11930,Lian,Daoxi,練道喜,Female,11932,NA,cerd,475294
11940,Lian,Youxin,練又新,Male,903,1915,cerd,475295
11943,Bai,Zhen,白珍,Male,11945,1912,cerd,475296
11951,Bai,Lianpu,白廉普,Male,7777,1909,cerd,475297
11958,Bai,Qingyun,白慶雲,Male,3672,NA,cerd,475298
11960,Wang,Huaizong,王懷宗,Male,1604,1911,cerd,475299
11961,Bai,Wenhe,白文龢,Male,11962,1913,cerd,475300
11964,Wang,Guangyu,王光瑜,Male,8508,1912,cerd,475301
11967,Bai,Yiqing,白一清,Male,1682,1896,cerd,475303
11970,Bai,Yiguang,白一光,Male,2797,1898,cerd,475304
11971,Wang,Guangshun,王光順,Male,11545,NA,cerd,475305
11974,Bai,Yuchun,白玉純,Male,4042,1911,cerd,475306
11975,Wang,Guangshan,王光埏,Male,2625,1903,cerd,333169
11977,Bai,Yuchun,白玉春,Male,5078,1905,cerd,475307
11982,Bai,Yunzhang,白雲彰,Male,1682,NA,cerd,475308
11987,Bai,Baoqi,白葆祺,Male,1682,1906,cerd,475309
11990,Bai,Baojiao,白保郊,Male,11993,NA,cerd,475310
11995,Wang,Guangfa,王光閥,Male,1881,1918,cerd,475311
11996,Bai,Xiangyu,白象豫,Male,11999,1908,cerd,475312
12000,Wang,Guangzhao,王光釗,Male,NA,NA,cerd,475315
12002,Wang,Guangdi,王光第,Male,427,NA,cerd,475316
12013,Wang,Shanglian,王尚廉,Male,12014,1915,cerd,475317
12016,Wang,Shangbin,王尚斌,Male,5992,1913,cerd,475318
12018,Wang,Shangfa,王尚發,Male,3780,1912,cerd,475319
12020,Wang,Changyou,王常有,Male,3784,1911,cerd,475320
12022,Wang,Hengyuan,王恆源,Male,618,1897,cerd,475321
12026,Wang,Xingheng,王性恆,Male,6460,NA,cerd,475322
12028,Wang,Kunyao,王焜耀,Male,12029,1891,cerd,475323
12032,Jiang,Chengzhu,江成柱,Male,453,1905,cerd,475324
12037,Jiang,Guodong,江國棟,Male,342,1912,cerd,475326
12043,Jiang,Zhaojie,江照傑,Male,3608,1911,cerd,475327
12045,Jiang,Houyuan,江厚棩,Male,1607,1914,cerd,475328
12050,Jiang,Juexiong,江覺雄,Male,8185,1907,cerd,475329
12060,Jiang,Renlong,江人龍,Male,496,1901,cerd,475330
12070,Jiang,Shanxiang,江善襄,Male,1079,1910,cerd,475331
12072,Jiang,Juliu,江鉅流,Male,3471,1916,cerd,475332
12074,Jiang,Yinlong,江銀龍,Male,324,1906,cerd,475333
12084,Jiang,Jianliu,江鑑流,Male,3471,1913,cerd,475334
12086,Jiang,Hengkang,江恆康,Male,7703,NA,cerd,475335
12088,Jiang,Binglin,江炳麟,Male,11472,1901,cerd,475337
12093,Wang,Yaohua,王耀華,Male,1817,1913,cerd,475338
12095,Wang,Huihuan,王輝煥,Male,2331,1906,cerd,475339
12097,Wang,Huanwen,王煥文,Male,2884,1905,cerd,475340
12105,Wang,Huanzhang,王煥章,Male,6296,NA,cerd,475341
12109,Wang,Huancai,王煥彩,Male,10538,1900,cerd,475342
12114,Wang,Rongbin,王榮璸,Male,553,1904,cerd,475343
12128,Wang,Rongtai,王榮台,Male,2884,1913,cerd,475344
12130,Wang,Rongke,王榮科,Male,9420,1911,cerd,475345
12136,Wang,Rongji,王榮吉,Male,1259,1895,cerd,49908
12142,Wang,Ronghua,王榮華,Male,965,1915,cerd,475346
12146,Wang,Rongyin,王榮英,Male,2884,1909,cerd,475348
12148,Wang,Rongjia,王榮甲,Male,2183,1912,cerd,475349
12152,Wu,Hongjun,巫鴻鈞,Male,5118,NA,cerd,475350
12156,Wu,Zhenying,巫振英,Male,8916,1894,cerd,475351
12165,Wu,Yuanhao,巫原浩,Male,12167,1911,cerd,475352
12171,Shu,Songgui,疏松桂,Male,1227,1914,cerd,475353
12174,Nie,Baizheng,聶百徵,Male,12014,1908,cerd,475354
12177,Nie,Chuanru,聶傳儒,Male,1618,1898,cerd,475355
12195,Nie,Shuxiang,聶叔香,Male,877,1915,cerd,475356
12197,Nie,Zhaoling,聶肇靈,Male,70,1894,cerd,475357
12202,Nie,Xiguang,聶熹光,Male,4594,1913,cerd,475359
12211,Nie,Zengneng,聶增能,Male,5291,1898,cerd,384711
12231,Nie,Chunrong,聶春榮,Male,10437,NA,cerd,475360
12234,Nie,Zhengeng,聶振庚,Male,12235,1902,cerd,384720
12251,Nie,Guangyu,聶光堉,Male,4594,1908,cerd,475361
12258,Wang,Hu,汪琥,Male,7725,NA,cerd,475362
12260,Wang,Yuan,汪源,Male,965,1905,cerd,475363
12263,Wang,Hao,汪浩,Male,1079,1900,cerd,475364
12267,Wang,Ze,汪澤,Male,965,1917,cerd,475365
12269,Wang,Hong,汪鴻,Male,1604,1912,cerd,475366
12272,Wang,Shen,汪深,Male,562,NA,cerd,475367
12274,Wang,Xian,汪顯,Male,1514,1913,cerd,475368
12278,Wang,Xu,汪煦,Male,765,1898,cerd,475370
12288,Wang,Dui,汪兌,Male,1597,1912,cerd,475371
12290,Wang,Yanfang,汪彥方,Male,553,NA,cerd,475372
12292,Wang,Tingpei,汪庭霈,Male,11496,NA,cerd,475373
12294,Wang,Qing'en,汪慶恩,Male,5626,NA,cerd,475374
12297,Bai,Xiangshan,白象山,Male,11999,1895,cerd,475375
12299,Bai,Xiangyi,白象頤,Male,11999,1908,cerd,475376
12303,Bai,Xiangjin,白象錦,Male,11999,1880,cerd,475377
12313,Bai,Jiazhi,白家祉,Male,3726,1917,cerd,8006
12315,Bai,Baohua,白寳華,Male,511,1913,cerd,475378
12317,Bai,Baoshan,白寳善,Male,511,1912,cerd,475379
12319,Bai,Rubi,白汝壁,Male,427,1901,cerd,475381
12322,Bai,Shizhi,白士志,Male,76,1900,cerd,475382
12326,Bai,Yingzhang,白蔭章,Male,7956,1914,cerd,475383
12329,Bai,Shuwu,白樹鋈,Male,449,1899,cerd,475384
12337,Bai,Shuleng,白樹棱,Male,449,1895,cerd,475385
12347,Bai,Guiqin,白桂欽,Male,12348,1919,cerd,475386
12350,Bai,Yuwen,白郁文,Male,3672,1908,cerd,475387
12352,Bai,Yuyun,白郁筠,Male,410,1906,cerd,382569
12360,Bai,Qianyuan,白乾元,Male,12361,NA,cerd,475388
12363,Bai,Benlian,白本廉,Male,1002,1912,cerd,475389
12366,Bai,Bangguang,白邦光,Male,2690,NA,cerd,475390
12368,Bai,Xingqiao,白星樵,Male,2974,1910,cerd,475392
12375,Bai,Guoru,白國儒,Male,3940,1905,cerd,475393
12377,Bai,Enjue,白恩爵,Male,1682,1898,cerd,475394
12379,Bai,Fengyi,白鳳翌,Male,3940,1907,cerd,475395
12381,Bai,Fengyi,白鳳儀,Male,2857,1906,cerd,475396
12383,Bai,Fengchi,白鳳池,Male,2857,1906,cerd,475397
12393,Bai,Fengzhu,白鳳翥,Male,511,1903,cerd,475398
12395,Bai,Gulin,白殿麟,Male,1682,1902,cerd,475399
12399,Bai,Jinchuan,白金傳,Male,63,1905,cerd,475400
12403,Bai,Meizhen,白美珍,Male,2797,1900,cerd,475401
12405,Bai,Shangyu,白尙玉,Male,719,1910,cerd,475403
12408,Bai,Shangrong,白尙榮,Male,3672,1907,cerd,475404
12414,Bai,Yaogeng,白耀庚,Male,3033,1912,cerd,475405
12416,Huangfu,Qilu,皇甫其魯,Male,2728,1915,cerd,475406
12418,Bao,Yongyan,保永炎,Male,562,1912,cerd,475407
12422,Wei,Liang,魏良,Male,5992,1909,cerd,475408
12433,Wei,Zhan,魏湛,Male,553,1914,cerd,475409
12435,Wei,Ze,魏澤,Male,12436,1907,cerd,475410
12438,Wei,Qi,魏奇,Male,590,1916,cerd,475411
12452,Wang,Yibiao,汪一彪,Male,765,1903,cerd,475412
12457,Wang,Yutian,汪雨田,Male,1514,1907,cerd,475414
12461,Wang,Yunhan,汪雲涵,Male,807,1898,cerd,475415
12470,Wang,Liansong,汪聯松,Male,5688,1901,cerd,475416
12484,Wang,Tingyong,汪廷鏞,Male,879,1904,cerd,475417
12496,Wang,Chengjun,汪承鈞,Male,5688,1909,cerd,475418
12499,Wang,Shouzhong,汪受衷,Male,12500,1915,cerd,475419
12502,Wang,Renrui,汪仁瑞,Male,765,NA,cerd,475420
12504,Wang,Renjing,汪仁鏡,Male,1079,1903,cerd,475421
12515,Xie,Baolin,謝寳林,Male,1356,1905,cerd,475422
12526,Xin,Baoyin,謝寳銀,Male,1356,NA,cerd,475423
12528,Xie,Yuandun,謝淵敦,Male,2945,1911,cerd,475426
12530,Xie,Zhaoxiang,謝兆祥,Male,11217,1898,cerd,475427
12532,Xie,Weijie,謝爲杰,Male,1725,1899,cerd,475428
12534,Wei,Zhun,魏肫,Male,553,1891,cerd,398621
12539,Wei,Jing,魏鏡,Male,8916,1915,cerd,475429
12541,Wei,Ming,魏銘,Male,12542,1910,cerd,475430
12544,Wei,Yanzhang,魏彥章,Male,1042,1912,cerd,475431
12547,Wei,Wenju,魏文聚,Male,NA,NA,cerd,475432
12549,Wei,Zhangshu,魏章叔,Male,NA,NA,cerd,475433
12551,Wei,Shiyong,魏詩鏞,Male,11516,1897,cerd,475434
12563,Wei,Shiqi,魏詩其,Male,459,1901,cerd,475435
12567,Wei,Yuliang,魏玉良,Male,NA,NA,cerd,475437
12569,Wei,Yuanguang,魏元光,Male,8927,NA,cerd,475438
12574,Wei,Tianyi,魏天一,Male,1626,1910,cerd,475439
12576,Wei,Tianting,魏天聽,Male,1626,1912,cerd,475440
12578,Wei,Zilong,魏子龍,Male,553,1898,cerd,475441
12583,Wei,Chongqing,魏重慶,Male,1259,1914,cerd,475442
12585,Wei,Bingjun,魏秉俊,Male,553,1899,cerd,475443
12588,Wei,Rencai,魏任材,Male,12589,1910,cerd,475444
12595,Wei,Chongde,魏崇德,Male,1210,1897,cerd,475445
12597,Wei,Chuanji,魏傳基,Male,9772,1916,cerd,475446
12600,Wei,Shaoyu,魏紹禹,Male,5105,1908,cerd,475448
12606,Wei,Yongzhi,魏永志,Male,4449,NA,cerd,475449
12608,Wei,Yongcheng,魏永成,Male,4449,NA,cerd,475450
12610,Wei,Jiazhen,魏家楨,Male,4082,1904,cerd,475451
12612,Wei,Zonghong,魏宗宏,Male,965,1917,cerd,475452
12614,Wei,Zongshu,魏宗舒,Male,NA,NA,cerd,475453
12616,Wei,Zongtang,魏宗棠,Male,553,1907,cerd,398526
12622,Wei,Fumian,魏福綿,Male,935,NA,cerd,475454
12624,Wei,Zhaokang,魏兆康,Male,2183,1910,cerd,475455
12627,Wei,Zhaolin,魏兆麟,Male,909,1910,cerd,475456
12631,Wang,Xingzhi,汪行智,Male,1636,1912,cerd,475457
12633,Wang,Zhanxin,汪占辛,Male,1514,1914,cerd,475459
12640,Wang,Jingrong,汪經鎔,Male,1079,1906,cerd,475460
12652,Wang,Yunqing,汪允慶,Male,1779,1914,cerd,475461
12659,Wang,Dexin,汪德新,Male,NA,NA,cerd,475462
12661,Wang,Dejing,汪德靖,Male,449,1914,cerd,475463
12664,Wang,Dejiao,汪德嶠,Male,765,1917,cerd,475464
12666,Wang,Deyou,汪德佑,Male,12667,1914,cerd,475465
12669,Wang,Dekan,汪德侃,Male,765,1899,cerd,475466
12675,Wang,Deguan,汪德官,Male,7703,1903,cerd,475467
12683,Zhu,Chongxi,朱重熙,Male,1161,NA,cerd,475468
12686,Zhu,Chongguang,朱重光,Male,71,1892,cerd,475470
12690,Zhu,Bingjian,朱秉健,Male,12691,1915,cerd,475471
12693,Zhu,Weicong,朱維琮,Male,1770,1901,cerd,475472
12701,Zhu,Weigen,朱維根,Male,1079,1917,cerd,475473
12704,Zhu,Renkan,朱仁堪,Male,1079,1916,cerd,475474
12710,Zhu,Nengyi,朱能一,Male,71,1912,cerd,475475
12713,Zhu,Xingzhong,朱行中,Male,1664,1890,cerd,475476
12729,Zhu,Yingzhuo,朱穎卓,Female,63,1909,cerd,475477
12734,Zhu,Dingyuan,朱鼎元,Male,2443,1890,cerd,475478
12742,Zhu,Huibing,朱徽炳,Male,12743,1894,cerd,475479
12752,Zhu,Chongxin,朱崇信,Male,427,1913,cerd,475481
12754,Zhu,Yuegeng,朱樂耕,Male,1664,1913,cerd,475482
12756,Zhu,Yunyou,朱允猷,Male,590,NA,cerd,475483
12760,Zhu,Daihou,朱代侯,Male,12761,1915,cerd,475484
12763,Zhu,Daijie,朱代杰,Male,607,NA,cerd,475485
12777,Xie,Ruying,謝汝英,Male,12778,1899,cerd,475486
12787,Xie,Guanqun,謝冠羣,Male,2443,1910,cerd,475487
12789,Xie,Zuoru,謝祚汝,Male,2429,1917,cerd,475488
12791,Xie,Zuoti,謝祚禔,Male,2429,1909,cerd,475489
12793,Xie,Zuojie,謝祚?,Male,2429,1911,cerd,475490
12795,Xie,Guizuan,謝圭纘,Male,4816,NA,cerd,475492
12797,Xie,Peilin,謝培霖,Male,12798,1918,cerd,475493
12800,Xie,Peisen,謝培森,Male,607,1898,cerd,475494
12805,Xie,Peiying,謝培英,Male,7055,1915,cerd,475495
12807,Xie,Peiyun,謝培筠,Male,12808,1886,cerd,344243
12826,Xie,Kezhuo,謝克倬,Male,6556,NA,cerd,475496
12828,Xie,Youlin,謝有林,Male,965,NA,cerd,475497
12830,Xie,Youxi,謝有熙,Male,60,1896,cerd,475498
12834,Xie,Youguang,謝有光,Male,449,1915,cerd,475499
12836,Xie,Zhi'an,謝志安,Male,6460,NA,cerd,475500
12838,Xie,Shouguan,謝壽官,Male,965,1917,cerd,475501
12842,Xie,Sixin,謝斯馨,Male,1544,1913,cerd,475503
12845,Xie,Mengchi,謝夢馳,Male,11522,1916,cerd,475504
12847,Xie,Weiwen,謝蔚文,Male,3924,1913,cerd,475505
12849,Xie,Zhizhong,謝執中,Male,2429,1906,cerd,475506
12851,Zhang,Mingjia,張明佳,Male,12853,1916,cerd,475507
12855,Zhang,Mingde,張明德,Male,70,1904,cerd,475508
12858,Xie,Yingming,謝英明,Male,74,1890,cerd,475509
12869,Xie,Shicheng,謝世澂,Male,558,1912,cerd,475510
12872,Xie,Shijie,謝世杰,Male,67,1905,cerd,475511
12876,Xie,Shiji,謝世基,Male,558,1904,cerd,475512
12883,Xie,Shidong,謝世棟,Male,1664,1916,cerd,475514
12885,Xie,Shuying,謝樹英,Male,12887,1900,cerd,475515
12896,Xie,Huaizhen,謝槐珍,Male,67,1900,cerd,475516
12900,Xie,Heling,謝鶴齡,Male,1857,1903,cerd,475517
12911,Xie,songtao,謝松濤,Male,1016,1915,cerd,475518
12913,Xie,Huilin,謝惠霖,Male,3608,1909,cerd,475519
12919,Xie,Fengxian,謝奉先,Male,11200,NA,cerd,475520
12926,Zhang,Mingqi,張明祺,Male,11932,1916,cerd,475521
12928,Zhang,Mingdao,張明道,Male,12929,1913,cerd,475522
12935,Xie,Guodong,謝國棟,Male,1881,1911,cerd,475523
12938,Xie,Guochang,謝國昌,Male,1356,1903,cerd,475525
12940,Xie,Mingshan,謝明山,Male,1161,1914,cerd,475526
12942,Xie,Biqin,謝璧琴,Male,566,1915,cerd,475527
12944,Xie,Changsheng,謝長生,Male,1618,1915,cerd,475528
12946,Xie,Yonggang,謝用剛,Male,11217,1908,cerd,475529
12950,Zhang,Zhaobo,張昭博,Male,64,NA,cerd,475530
12958,Xie,Xueyuan,謝學元,Male,77,1901,cerd,475531
12963,Xie,Xueying,謝學瀛,Male,1664,1886,cerd,475532
12985,Nie,Guangyu,聶光堉,Male,NA,NA,cerd,475533
12987,Nie,Guangpo,聶光坡,Male,4594,1915,cerd,475534
12990,Nie,Guangchi,聶光墀,Male,4594,NA,cerd,475537
12992,Nie,Guangzeng,聶光增,Male,4594,1912,cerd,333026
13000,Ding,Qian,丁謙,Male,13001,1914,cerd,475538
13003,Ding,Ting,丁霆,Male,1079,1912,cerd,475539
13005,Ding,Chong,丁崇,Male,62,1896,cerd,475540
13011,Ding,Dong,丁侗,Male,553,1915,cerd,475541
13014,Ding,Jiang,丁江,Male,765,1916,cerd,475542
13016,Ding,Hao,丁浩,Male,7718,1914,cerd,475543
13018,Ding,Shi,丁奭,Male,553,1904,cerd,475544
13021,Ding,Kun,丁昆,Male,6090,1890,cerd,475545
13032,Ding,Yuwu,丁育武,Male,13033,1915,cerd,475546
13035,Ding,Wenzhao,丁文沼,Male,2985,NA,cerd,475548
13038,Ding,Xinwu,丁新五,Male,8202,1905,cerd,475549
13041,Ding,Zhengyi,丁正伊,Male,558,1912,cerd,475550
13042,Wang,Dehong,汪德洪,Male,511,1907,cerd,475551
13047,Ding,Yuanjun,丁元濬,Male,1042,1901,cerd,475552
13049,Ding,Ersheng,丁而盛,Male,909,1905,cerd,475553
13061,Wang,Decheng,汪德成,Male,7703,1905,cerd,475554
13071,Wang,Qicheng,汪岐成,Male,765,1899,cerd,377902
13077,Wang,Zhongliang,汪仲良,Male,965,NA,cerd,475555
13089,Wang,Chunbai,汪純白,Male,3784,1915,cerd,475556
13091,Wang,Hesheng,汪和笙,Male,62,1906,cerd,475557
13094,Wang,Jiazhen,汪家禎,Male,6090,1913,cerd,475559
13099,Wang,Dingzeng,汪定曾,Male,590,1913,cerd,475560
13101,Wang,Yinbin,汪寅賓,Male,1004,NA,cerd,475561
13105,Wang,Yinren,汪寅人,Male,765,1914,cerd,69982
13107,Wang,Baotai,汪寶泰,Male,2352,1901,cerd,475562
13112,Xie,Kailie,謝闓烈,Male,909,1912,cerd,475563
13114,Xie,Linzi,謝臨栥,Male,965,1915,cerd,475564
13116,Xie,Yuyao,謝毓堯,Male,2780,1913,cerd,475565
13118,Xie,Yuzhong,謝毓忠,Male,13119,1902,cerd,475566
13127,Xie,Yuxian,謝毓賢,Male,13119,1906,cerd,475567
13134,Xie,Gongliang,謝公亮,Male,6617,1913,cerd,475568
13136,Xie,Zhengming,謝錚銘,Male,2429,1916,cerd,475570
13138,Xie,Xiyuan,謝錫瑗,Male,1659,NA,cerd,475571
13141,Xie,Mingyi,謝銘怡,Male,965,1907,cerd,475572
13151,Xie,Qinzhe,謝欽哲,Male,1857,NA,cerd,475573
13158,Xie,Guangyuan,謝光遠,Male,522,1902,cerd,388490
13175,Xie,Guanghua,謝光華,Male,553,1911,cerd,475574
13182,Xie,Bingnan,謝炳南,Male,13183,1916,cerd,475575
13185,Xie,Yaohan,謝耀漢,Male,5212,1914,cerd,475576
13187,Xie,Ronggui,謝榮桂,Male,807,1917,cerd,475577
13189,Chen,Zhanxi,諶湛溪,Male,13190,1882,cerd,475578
13208,Zhu,Shuiben,諸水本,Male,1664,1897,cerd,475579
13211,Zhang,Sizong,張嗣宗,Male,2797,1894,cerd,475581
13216,Zhang,Houde,張厚德,Male,877,1912,cerd,475582
13218,Zhang,Mingchen,張明琛,Male,1161,NA,cerd,475583
13220,Zhang,Kuangxia,張匡夏,Male,1664,1914,cerd,475584
13239,Zhang,Junyu,張駿獄,Male,62,1887,cerd,475585
13247,Zhu,Chengyi,諸澄夷,Female,449,1914,cerd,475586
13250,Zhu,Renqi,諸人騏,Male,877,NA,cerd,475587
13252,Zhu,Shaoguo,諸少國,Male,2542,NA,cerd,475588
13254,Zhuge,Xun,諸葛恂,Male,1618,1902,cerd,475589
13263,Kuang,Hua,鄺華,Male,4977,1888,cerd,475590
13270,Kuang,Jiequan,鄺傑銓,Male,1857,1917,cerd,475592
13273,Kuang,Zuozhou,鄺作洲,Male,13274,1920,cerd,475593
13276,Kuang,Anrong,鄺安榮,Male,4977,1918,cerd,475594
13278,Kuang,Zhaonan,鄺兆南,Male,1857,1914,cerd,475595
13280,Kuang,Zhaoxian,鄺兆賢,Male,4977,1916,cerd,475596
13282,Kuang,Daguan,鄺達觀,Male,4977,1894,cerd,325451
13297,Kuang,Luoyuan,鄺洛元,Male,1857,1917,cerd,475598
13301,Kuang,Shoukun,鄺壽堃,Male,4977,1899,cerd,475599
13310,Kuang,Senji,鄺森機,Male,4977,1906,cerd,475600
13314,Kuang,Yingjie,鄺英傑,Male,4977,1889,cerd,475601
13327,Kuang,Yaoyuan,鄺曜原,Male,4977,NA,cerd,475603
13334,Kuang,Minggang,鄺明剛,Male,5733,NA,cerd,475604
13336,Ding,Yunxiang,丁雲翔,Male,12929,1898,cerd,475605
13342,Kuang,Yaliang,鄺雅良,Male,4977,1916,cerd,475606
13344,Kuang,Jinchao,鄺錦朝,Male,4977,NA,cerd,475607
13360,Kuang,Rongzhong,鄺榮鍾,Male,449,1894,cerd,475608
13365,Kuang,Rongguang,鄺榮光,Male,4977,1866,cerd,475609
13377,Kuang,Ronghui,鄺榮輝,Male,4977,1907,cerd,475610
13382,Guo,Yu,郭玉,Male,1748,1909,cerd,475611
13385,Guo,Zhang,郭璋,Male,6904,1916,cerd,475612
13388,Guo,Zhang,郭璋,Male,3672,1911,cerd,475614
13392,Guo,Yuan,郭元,Male,2183,1913,cerd,475615
13396,Guo,Lin,郭霖,Male,13397,1895,cerd,475616
13402,Zhang,Lifu,張勵夫,Male,13408,NA,cerd,475617
13409,Guo,Zhu,郭珠,Male,3199,1900,cerd,475618
13423,Guo,De,郭德(馨齋,Male,13425,1896,cerd,475619
13427,Guo,Yi,郭彝,Male,13428,NA,cerd,475620
13431,Guo,Yi,郭佾,Male,4371,1915,cerd,475621
13433,Guo,Fu,郭富,Male,726,NA,cerd,475622
13434,Zhang,Fenggang,張鳳崗,Male,7956,1911,cerd,475623
13438,Guo,Bin,郭濱,Male,9432,NA,cerd,475625
13440,Guo,Yuan,郭垣,Male,1364,1898,cerd,475626
13441,Zhang,Tongqing,張同慶,Male,877,1905,cerd,475627
13459,Guo,Hui,郭蕙,Male,2071,1905,cerd,475628
13461,Guo,Nan,郭楠,Male,13462,1898,cerd,475629
13490,Guo,Dong,郭棟,Male,2071,NA,cerd,475630
13492,Guo,Xuan,郭暄,Male,3036,1913,cerd,475631
13496,Zhang,Fengqi,張鳳岐,Male,2071,1899,cerd,475632
13498,Zhang,Fengyi,張鳳儀,Male,1923,1914,cerd,475633
13500,Zhang,Fengchang,張鳳昌,Male,618,1886,cerd,364202
13516,Guo,Zhao,郭照,Male,NA,NA,cerd,475634
13518,Guo,Peng,郭鵬,Male,1941,NA,cerd,475636
13522,Guo,Peng,郭鵬,Male,1465,1897,cerd,475637
13546,Guo,Yingliu,郭應榴,Male,3608,NA,cerd,475638
13551,Guo,Wenyuan,郭文元,Male,427,NA,cerd,475639
13555,Guo,Wengang,郭文崗,Male,2422,1913,cerd,475640
13557,Ding,Ruilin,丁瑞霖,Male,12929,1889,cerd,366152
13558,Guo,Wenxiu,郭文修,Male,13559,1903,cerd,475641
13561,Guo,Wenqing,郭文淸,Male,7011,1910,cerd,475642
13577,Wang,Fuqing,汪福清,Male,1544,1913,cerd,475643
13579,Wang,Zhaoting,汪兆珽,Male,13580,1913,cerd,475644
13582,Wang,Yerong,汪業鎔,Male,765,1912,cerd,475645
13584,Wang,Puzeng,汪溥曾,Male,590,1909,cerd,475648
13587,Wang,Rulin,汪汝霖,Male,950,1910,cerd,475649
13591,Wang,Ru'nan,汪汝南,Male,807,1909,cerd,475650
13593,Wang,Xicheng,汪禧成,Male,1664,1896,cerd,475651
13598,Ding,Yanzhu,丁延祝,Male,2884,1917,cerd,475652
13604,Ding,Jianbin,丁建斌,Male,13605,1915,cerd,475653
13613,Ding,Jiangong,丁建功,Male,2071,NA,cerd,475654
13614,Wang,Zuzhi,汪祖志,Male,765,1903,cerd,475655
13618,Ding,Chengqian,丁承謙,Male,1604,1917,cerd,475656
13620,Wang,Zuyin,汪祖蔭,Male,765,1912,cerd,475657
13622,Wang,Daoyuan,汪道源,Male,1607,1911,cerd,475659
13627,Wang,Qikun,汪啓堃,Male,877,1894,cerd,475660
13631,Ding,Chengwen,丁承紋,Male,6460,1914,cerd,475661
13642,Ding,Zipei,丁子培,Male,1630,1902,cerd,475662
13653,Ding,Junchu,丁君初,Male,3023,1902,cerd,475663
13660,Ding,Shunnian,丁舜年,Male,2932,1912,cerd,193485
13661,Guo,Wenbin,郭文彬,Male,449,NA,cerd,475664
13663,Guo,Xiaoqian,郭效謙,Male,1356,1904,cerd,475665
13676,Ding,Zifang,丁紫芳,Male,909,1890,cerd,475666
13678,Ding,Zhiji,丁制己,Male,7071,1914,cerd,475667
13680,Ding,Dingsan,丁鼎三,Male,13681,1915,cerd,475668
13683,Ding,Zhuangyou,丁壯猷,Male,8163,1886,cerd,406789
13697,Ding,Xuzhun,丁緒准,Male,3800,1907,cerd,475670
13703,Ding,Dezhong,丁得忠,Male,2146,1913,cerd,475671
13705,Ding,Zuobin,丁作彬,Male,5105,1910,cerd,475672
13710,Ding,Zuochao,丁作超,Male,4314,1910,cerd,475673
13712,Ding,Yiyu,丁宜堉,Male,909,1911,cerd,475674
13715,Ding,Xiangzhao,丁祥炤,Male,2390,1915,cerd,475675
13717,Ding,Shouchang,丁守常,Male,2932,1908,cerd,475676
13721,Ding,Zhaoling,丁兆靈,Male,449,1910,cerd,475677
13732,Ding,Zhixiu,丁治修,Male,965,1911,cerd,475678
13736,Ding,Rulin,丁汝霖,Male,511,1910,cerd,475679
13738,Ding,Lifang,丁達文,Male,1664,NA,cerd,475681
13740,Ding,Liqing,丁禮卿,Male,13741,1907,cerd,332558
13747,Guo,Yiping,郭一平,Male,553,1918,cerd,475682
13749,Guo,Yuxian,郭玉現,Male,1465,1917,cerd,475683
13751,Guo,Yujing,郭玉璟,Male,1465,1905,cerd,475684
13757,Guo,Zhangyu,郭璋玉,Male,2071,1899,cerd,475685
13760,Guo,Yuanjun,郭元駿,Male,1016,1915,cerd,475686
13762,Guo,Tianjun,郭天駿,Male,2732,1901,cerd,475687
13764,Guo,Jinyuan,郭晉元,Male,9117,NA,cerd,475688
13766,Guo,Kechen,郭可諶,Male,553,1912,cerd,475689
13768,Guo,Keren,郭可訒,Male,553,1916,cerd,475690
13771,Guo,Kezi,郭可諮,Male,NA,NA,cerd,475692
13773,Guo,Kequan,郭可詮,Male,61,1911,cerd,475693
13777,Guo,Kena,郭可納,Male,553,1906,cerd,475694
13779,Guo,Yunshan,郭雲山,Male,NA,NA,cerd,475695
13781,Guo,Ruiming,郭瑞明,Male,1042,1908,cerd,475696
13784,Guo,Yinqi,郭引淇,Male,1256,1901,cerd,475697
13787,Guo,Yantai,郭延泰,Male,7484,1905,cerd,475698
13790,Guo,Mengjian,郭孟堅,Male,819,1911,cerd,475699
13792,Guo,Cheng'en,郭承恩,Male,1941,1883,cerd,390902
13807,Guo,Yuqian,郭豫謙,Male,1941,1919,cerd,475700
13812,Guo,Yuxiong,郭豫熊,Male,1941,1914,cerd,475701
13814,Guo,Yudu,郭豫篤,Male,2383,1917,cerd,475703
13816,Guo,Xizhi,郭習之,Male,13462,1912,cerd,475704
13825,Guo,Geyu,郭歌虞,Male,4079,1907,cerd,475705
13827,Guo,Xiujie,郭秀傑,Male,3829,1911,cerd,475706
13838,Guo,Xiuyi,郭秀益,Male,1941,1913,cerd,475707
13840,Guo,Shouguan,郭受冠,Male,1618,1895,cerd,475708
13845,Zhu,Shiying,朱仕英,Male,13846,1912,cerd,475709
13848,Zhu,Xianzai,朱先栽,Male,1305,1913,cerd,475710
13852,Zhu,Dewen,朱德文,Male,8854,1916,cerd,475711
13858,Zhu,Dexin,朱德新,Male,1604,1899,cerd,475712
13860,Zhu,Deyao,朱德堯,Male,NA,NA,cerd,475714
13862,Zhu,Desong,朱德松,Male,1695,1911,cerd,475715
13865,Zhu,Dehui,朱德慧,Male,1189,1901,cerd,475716
13869,Zhu,Shengqin,朱升芹,Male,70,1889,cerd,371164
13873,Zhu,Juanzu,朱纘祖,Male,1604,1904,cerd,475717
13875,Zhu,Zuancheng,朱纘成,Male,1256,1899,cerd,475718
13884,Zhu,Zhongqi,朱仲琪,Male,1161,1906,cerd,475719
13889,Zhu,Chuanshi,朱傳詩,Male,1113,1898,cerd,475720
13891,Zhu,Chuanji,朱傳績,Male,1227,NA,cerd,475721
13893,Zhu,Chuanfen,朱傳芬,Male,1113,NA,cerd,475722
13898,Zhu,Chuanhua,朱傳華,Male,765,1916,cerd,475723
13900,Zhu,Zili,朱自立,Male,1664,1913,cerd,475725
13902,Zhu,Bolu,朱伯祿,Male,1079,1917,cerd,475726
13904,Zhu,Wusun,朱吳孫,Male,NA,NA,cerd,475727
13908,Zhu,Huisheng,朱翽聲,Male,13846,1887,cerd,361597
13916,Zhu,Wuhua,朱物華,Male,1042,1901,cerd,9989
13923,Zhu,Jisheng,朱紀生,Male,2542,1911,cerd,475728
13937,Ding,Zeguang,丁澤廣,Male,13938,NA,cerd,475729
13940,Ding,Shuqi,丁淑圻,Male,13941,1903,cerd,365986
13949,Ding,Zuliang,丁祖亮,Male,1079,1912,cerd,475730
13951,Ding,Zuzhen,丁祖震,Male,6460,1910,cerd,475731
13958,Ding,Daoyan,丁道炎,Male,1630,1917,cerd,475732
13960,Ding,Dakui,丁大奎,Male,1079,NA,cerd,475733
13964,Ding,Daheng,丁大恆,Male,2071,1905,cerd,475734
13966,Ding,Shizhen,丁士貞,Male,9633,1908,cerd,475736
13971,Ding,Shixiong,丁士雄,Male,1259,1910,cerd,475737
13977,Ding,Shiying,丁士英,Male,1259,1909,cerd,475738
13985,Ding,Youyan,丁有彥,Male,514,1916,cerd,475739
13987,Ding,Zhuguo,丁柱國,Male,11993,NA,cerd,475740
13989,Ding,Mengsong,丁夢松,Male,9432,NA,cerd,475741
13991,Ding,Maoliang,丁茂樑,Male,4594,1905,cerd,475742
13997,Ding,Maochang,丁懋常,Male,71,1892,cerd,475743
13999,Ding,Maogong,丁楙恭,Male,1292,NA,cerd,475744
14001,Ding,Guanhai,丁觀海,Male,3023,NA,cerd,475745
14006,Ding,Zhenyu,丁振玉,Male,2313,1912,cerd,475747
14008,Ding,Zhenhua,丁振華,Male,2625,1909,cerd,475748
14023,Guo,Shouquan,郭受全,Male,7398,NA,cerd,475749
14025,Guo,Bingqi,郭秉琦,Male,5917,1902,cerd,475750
14036,Guo,Weizhou,郭維周,Male,13559,NA,cerd,475751
14038,Guo,Ruqun,郭儒羣,Male,5020,1895,cerd,475752
14049,Guo,Yanfen,郭衍汾,Male,9432,1904,cerd,475753
14051,Guo,Weimin,郭衞民,Male,1359,1913,cerd,475754
14054,Guo,Jiliang,郭繼良,Male,1493,1900,cerd,475755
14062,Guo,Yunzhong,郭允中,Male,2857,NA,cerd,475756
14064,Guo,Junlun,郭俊綸,Male,877,1914,cerd,475759
14066,Guo,Xiangui,郭先桂,Male,74,NA,cerd,475760
14068,Guo,Shijin,郭仕金,Male,562,NA,cerd,475761
14070,Guo,Dexin,郭德歆,Male,8366,NA,cerd,475762
14072,Guo,Defu,郭德孚,Male,4945,NA,cerd,475763
14074,Guo,Debao,郭德寳,Male,3784,1911,cerd,475764
14076,Ding,Zhenzhong,丁振鐘,Male,3203,NA,cerd,475765
14078,Ding,Bangping,丁邦平,Male,2985,1914,cerd,475766
14080,Ding,Guozhang,丁國璋,Male,14081,NA,cerd,475767
14083,Ding,Jingchun,丁景春,Male,14084,NA,cerd,475768
14088,Ding,Mingzheng,丁明政,Male,9432,NA,cerd,475770
14090,Ding,Mingxing,丁明星,Male,511,1901,cerd,475771
14098,Ding,Sixian,丁嗣賢,Male,3800,1902,cerd,475772
14110,Ding,Yuanhao,丁原郝,Male,3023,1910,cerd,475773
14114,Ding,Changzhen,丁長禎,Male,8525,1912,cerd,475774
14116,Ding,Changzhi,丁長治,Male,14117,1914,cerd,475775
14119,Ding,Chenwei,丁陳威,Male,1604,1913,cerd,475776
14134,Ding,Fengling,丁鳳翎,Male,819,1909,cerd,475777
14144,Ding,Tongwen,丁同文,Male,NA,NA,cerd,475778
14146,Ding,Tongyi,丁同義,Male,1210,NA,cerd,475779
14148,Ding,Lüde,丁履德,Male,3023,1912,cerd,475781
14150,Ding,Xuezu,丁學祖,Male,1748,1909,cerd,475782
14153,Ding,Xunnian,丁巽年,Male,965,1909,cerd,475783
14160,Ding,Renkun,丁人鯤,Male,1079,1898,cerd,475784
14174,Ding,Xiehe,丁爕和,Male,2985,1906,cerd,475785
14181,Ding,Xiekun,丁爕坤,Male,2985,1898,cerd,475786
14185,Huo,Yunhe,霍雲鶴,Male,3042,1916,cerd,475787
14187,Huo,Lianguang,霍聯光,Male,9040,1911,cerd,475788
14194,Huo,Naikeng,霍乃鏗,Male,74,1896,cerd,475789
14196,Huo,Zhishun,霍致順,Male,449,1911,cerd,475790
14198,Huo,Peiying,霍佩英,Male,427,1909,cerd,475792
14202,Huo,Rushou,霍汝壽,Male,711,1908,cerd,475793
14210,Zhu,Jiliang,朱紀良,Male,1016,1902,cerd,475794
14219,Wang,Dalun,汪大綸,Male,NA,NA,cerd,475795
14220,Zhu,Shengwu,朱繩武,Male,765,1898,cerd,475796
14224,Zhu,Shaoji,朱紹基,Male,NA,1914,cerd,475797
14226,Wang,Peiyuan,汪培元,Male,14230,1897,cerd,475798
14231,Zhu,Bingyi,朱倂夷,Male,819,1911,cerd,475799
14233,Zhu,Xuanmin,朱宣民,Male,14238,1910,cerd,475800
14244,Zhu,Wanmin,朱完民,Male,14238,1903,cerd,475801
14246,Wang,Xitian,汪希田,Male,14247,NA,cerd,475803
14250,Wang,Youxi,汪櫾羲,Male,765,1912,cerd,475804
14254,Wang,Kuilong,汪夔龍,Male,NA,1892,cerd,475805
14257,Zhu,Jiaren,朱家仁,Male,7174,1901,cerd,475806
14258,Wang,Hualu,汪華陸,Male,3101,1884,cerd,475807
14264,Wang,Shixiang,汪世襄,Male,1630,1907,cerd,475808
14266,Zhu,Jiayu,朱家畬,Male,NA,NA,cerd,475809
14269,Zhu,Jiakai,朱家愷,Male,909,NA,cerd,475810
14271,Zhu,Jiaxin,朱家忻,Male,14276,1891,cerd,371291
14292,Zhu,Zhiqing,朱之青,Male,782,1911,cerd,475811
14294,Zhu,Zhigang,朱之剛,Male,NA,NA,cerd,475812
14296,Zhu,Zhunfan,朱準範,Male,590,1913,cerd,475814
14298,Zhu,Hongding,朱宏鼎,Male,5273,NA,cerd,475815
14300,Zhu,Liangxi,朱良璽,Male,14301,1908,cerd,475816
14305,Wang,Chubao,汪楚寶,Male,1079,1910,cerd,475817
14313,Wang,Shumo,汪樹模,Male,1079,NA,cerd,475818
14315,Wang,Guixin,汪桂馨,Male,1042,1891,cerd,475819
14318,Wang,Guirong,汪桂榮,Male,1042,NA,cerd,475820
14320,Wang,Juqian,汪菊潛,Male,877,1906,cerd,192402
14327,Zhu,Dingyi,朱定一,Male,10904,1914,cerd,475821
14332,Zhu,Dingyi,朱定一,Male,2542,1917,cerd,475822
14335,Zhu,Baoshou,朱寳綬,Male,950,NA,cerd,475823
14337,Zhu,Baofu,朱寳復,Male,935,1914,cerd,475825
14339,Zhu,Baoxiang,朱寳祥,Male,1664,NA,cerd,475826
14341,Zhu,Baohua,朱寳華,Male,903,1912,cerd,475827
14343,Zhu,Baohua,朱寳華,Male,2780,1910,cerd,475828
14355,Wang,Juren,汪菊人,Male,765,1911,cerd,475829
14358,Wang,Huzhen,汪胡楨,Male,62,1900,cerd,194183
14361,Wang,Taikui,汪泰葵,Male,1256,1916,cerd,475830
14363,Wang,Guoju,汪國矩,Male,1511,1909,cerd,475831
14365,Wang,Shixian,汪時憲,Male,14366,1912,cerd,475832
14368,Wang,Yuanpei,汪原沛,Male,1079,1911,cerd,475833
14370,Wang,Yuanxun,汪原洵,Male,1079,1916,cerd,475834
14372,Wang,Junji,汪駿驥,Male,14373,1910,cerd,475836
14375,Wang,Weizu,汪慰祖,Male,1881,NA,cerd,475837
14377,Wang,Yongyin,汪用寅,Male,459,1915,cerd,475838
14379,Wang,Wentao,汪聞濤,Male,1161,1914,cerd,475839
14382,Wang,Wenchao,汪聞潮,Male,1161,1908,cerd,475840
14385,Wang,Qizu,汪企祖,Male,1079,1911,cerd,475841
14389,Wang,Shanji,汪善繼,Male,1630,1899,cerd,475842
14392,Wang,Xiwen,汪錫文,Male,1227,1913,cerd,475843
14394,Wang,Huaiqing,汪懷清,Male,1514,1906,cerd,475844
14399,Zhu,Baojian,朱寳鑑,Male,765,1912,cerd,475845
14403,Zhu,Baoyun,朱寳筠,Male,1941,1898,cerd,475847
14420,Zhu,Zongyin,朱宗寅,Male,427,1916,cerd,475848
14422,Zhu,Fuyi,朱福儀,Male,1604,1890,cerd,475849
14431,Zhu,Fulian,朱福連,Male,909,NA,cerd,475850
14434,Zhu,Fusi,朱福駟,Male,1113,1893,cerd,475851
14437,Zhu,Fupeng,朱福鵬,Male,1113,1894,cerd,475852
14439,Zhu,Fuxi,朱福熙,Male,4977,1913,cerd,475853
14441,Zhu,Fuxin,朱福炘,Male,965,NA,cerd,475854
14444,Zhu,Yuanruo,朱淵若,Male,14276,1901,cerd,475855
14447,Zhu,Zhaokui,朱兆奎,Male,449,NA,cerd,475856
14449,Zhu,Zhian,朱治安,Male,10904,1912,cerd,332550
14453,Zhu,Hanzhang,朱漢章,Male,935,NA,cerd,475858
14455,Zhu,Hanjue,朱漢爵,Male,877,1897,cerd,475859
14464,Zhu,Rumei,朱汝梅,Male,4977,1890,cerd,475860
14482,Feng,Xuan,馮選,Male,427,NA,cerd,475861
14486,Feng,Bei,馮備,Male,449,1915,cerd,475862
14488,Feng,Yin,馮寅,Male,1259,1914,cerd,475863
14491,Feng,Da,馮達,Male,1564,1914,cerd,475864
14493,Feng,Xiang,馮湘,Male,14494,1914,cerd,475865
14496,Feng,Chao,馮潮,Male,7006,NA,cerd,475866
14498,Feng,Xiong,馮雄,Male,562,1901,cerd,475867
14504,Feng,Chun,馮春,Male,13425,1895,cerd,475870
14508,Feng,Zhao,馮照,Male,3608,1916,cerd,475871
14510,Feng,Fei,馮騑,Male,2114,NA,cerd,475872
14512,Feng,Gang,馮剛,Male,10912,1913,cerd,475873
14514,Feng,Jie,馮介,Male,544,1894,cerd,475874
14524,Feng,Quan,馮銓,Male,NA,NA,cerd,475875
14529,Zhang,Tongshun,張同順,Male,3935,NA,cerd,475876
14533,Zhang,Pengxin,張鵬心,Male,13741,NA,cerd,475877
14536,Zhang,Pengjiu,張鵬九,Male,13681,1899,cerd,475878
14538,Zhang,Rigui,張日桂,Male,14542,1910,cerd,475879
14544,Zhang,Pengxiang,張鵬翔,Male,4079,1900,cerd,475881
14546,Zhang,Lüheng,張履恆,Male,717,NA,cerd,475882
14548,Zhu,Hongyuan,朱洪元,Male,1630,1918,cerd,193340
14550,Zhu,Hongjian,朱洪健,Male,4977,1899,cerd,475883
14557,Zhu,Hongzu,朱洪祖,Male,1604,1911,cerd,475884
14560,Zhu,Qinghuai,朱清淮,Male,558,1907,cerd,475885
14564,Zhu,Qingxiang,朱清湘,Male,558,1903,cerd,475886
14571,Zhu,Shenkang,朱神康,Male,1857,1898,cerd,475887
14575,Zhu,Zejia,朱澤家,Male,819,1910,cerd,475888
14577,Zhu,Hongbing,朱鴻炳,Male,NA,NA,cerd,475889
14580,Zhu,Zuming,朱祖明,Male,14581,NA,cerd,475890
14583,Zhu,Guanren,朱冠仁,Male,10724,NA,cerd,475892
14585,Zhu,Qihua,朱啓華,Male,6188,1912,cerd,475893
14588,Zhu,Daofeng,朱道豐,Male,1748,1912,cerd,475894
14591,Zhu,Zhaochang,朱肇昌,Male,1409,NA,cerd,475895
14596,Zhu,Youchun,朱友椿,Male,68,1899,cerd,475896
14602,Huo,Daocheng,霍道成,Male,1881,NA,cerd,475897
14605,Huo,Mulin,霍慕藺,Male,NA,NA,cerd,475898
14607,Huo,Yinling,霍蔭齡,Male,14608,1916,cerd,475899
14610,Huo,Hanchang,霍翰昌,Male,3608,1897,cerd,475900
14612,Huo,Entao,霍恩濤,Male,8508,1907,cerd,475901
14615,Huo,Yaonan,霍耀南,Male,3042,1911,cerd,475903
14623,Wu,Gantian,兀淦田,Male,14624,1889,cerd,475904
14635,Er,Linfang,爾霖坊,Male,14636,1911,cerd,475905
14638,Xia,Ne,夏訥,Male,522,1915,cerd,475906
14640,Xia,Ya,夏亞,Male,807,1906,cerd,475907
14650,Xia,Ao,夏鰲,Male,965,1915,cerd,475908
14661,Xia,Yan,夏炎,Male,590,NA,cerd,475909
14663,Xia,Yanru,夏彥儒,Male,3319,1903,cerd,475910
14678,Xia,Yuren,夏育仁,Male,950,1901,cerd,475911
14680,Xia,Yude,夏育德,Male,NA,NA,cerd,475912
14682,Xia,Saiwei,夏賽偉,Male,1910,1913,cerd,475914
14684,Xia,Zhenhuan,夏震寰,Male,6617,1913,cerd,9482
14687,Xia,Sunding,夏孫丁,Male,1016,1914,cerd,475915
14689,Zhang,Dianzhen,張殿珍,Male,5992,1897,cerd,475916
14700,Zhu,Shibing,朱士賓,Male,2780,1910,cerd,475917
14704,Zhu,Shishi,朱士式,Male,14705,1892,cerd,475918
14711,Zhu,Yongzhuang,朱墉莊,Male,1161,1912,cerd,475919
14717,Zhang,Lüding,張履鼎,Male,66,1897,cerd,475920
14721,Zhu,Peishou,朱培壽,Male,1177,1911,cerd,475921
14727,Zhu,Yaonian,朱堯年,Male,1042,1913,cerd,475922
14733,Zhu,Kejian,朱克儉,Male,4320,NA,cerd,475923
14735,Zhu,Keming,朱克明,Male,566,NA,cerd,475925
14737,Zhu,Youqian,朱有騫,Male,877,NA,cerd,475926
14746,Zhu,Zhixin,朱志炘,Male,2780,1908,cerd,475927
14751,Zhu,Zhirong,朱志榮,Male,14753,1912,cerd,475928
14755,Zhu,Jilin,朱吉麟,Male,5964,1912,cerd,475929
14757,Zhang,Dianzhi,張殿執,Male,12014,1905,cerd,475930
14758,Zhu,Shouzhen,朱壽楨,Male,14760,1899,cerd,475931
14770,Feng,Jian,馮簡,Male,903,NA,cerd,194113
14771,Zhu,Shounan,朱壽楠,Male,14760,1913,cerd,475932
14777,Zhu,Shoutong,朱壽桐,Male,1604,1911,cerd,475933
14781,Feng,Huan,馮煥,Male,909,1915,cerd,9036
14784,Zhu,Zhuxun,朱柱勳,Male,10138,1891,cerd,475934
14787,Feng,Lisheng,馮立生,Male,8181,1911,cerd,475936
14803,Feng,Lianggong,馮亮功,Male,NA,NA,cerd,475937
14809,Feng,Wenji,馮文基,Male,1659,1908,cerd,475938
14816,Feng,Wenwei,馮文蔚,Male,601,1917,cerd,475939
14819,Feng,Zhangyi,馮章異,Male,1682,1898,cerd,475940
14821,Feng,Longyun,馮龍雲,Male,6439,1915,cerd,475941
14826,Feng,Yuqi,馮玉琦,Male,14827,1911,cerd,475942
14830,Feng,Yuchang,馮玉昌,Male,14827,1907,cerd,475943
14839,Feng,Yuanrui,馮元瑞,Male,1630,1917,cerd,475944
14841,Feng,Yuanxun,馮元勳,Male,601,1884,cerd,332635
14860,Xia,Mengli,夏孟立,Male,80,1914,cerd,475947
14862,Xia,Chengyi,夏承禕,Male,7718,1913,cerd,475948
14866,Xia,Chengling,夏承欞,Male,1881,1902,cerd,475949
14869,Xia,Zizhong,夏子中,Male,1042,1915,cerd,475950
14871,Xia,Shunsan,夏舜參,Male,3839,1907,cerd,475951
14891,Xia,Xingshi,夏行時,Male,903,1911,cerd,475952
14895,Xia,Jiyu,夏繼禹,Male,14896,NA,cerd,475953
14899,Xia,Dezhao,夏德炤,Male,1189,1914,cerd,475954
14901,Xia,Jierong,夏傑榮,Male,2780,1916,cerd,475955
14903,Xia,Yikun,夏以焜,Male,1626,1911,cerd,475956
14908,Xia,Jinxing,夏進興,Male,5733,1913,cerd,475958
14910,Xia,Xianjiang,夏憲講,Male,1305,1901,cerd,475959
14936,Zhang,Dianqing,張殿卿,Male,14937,1913,cerd,475960
14940,Zhang,Dianju,張殿榘,Male,1659,NA,cerd,475961
14943,Zhang,Jurang,張居讓,Male,3768,NA,cerd,475962
14945,Zhang,Jitang,張際唐,Male,11440,1905,cerd,475963
14953,Zhang,Xuguang,張煦光,Male,14954,1903,cerd,475964
14957,Zhang,Liusheng,張騮生,Male,1042,1912,cerd,475965
14965,Zhang,Xuexin,張學新,Male,3800,NA,cerd,475966
14970,Xia,Xianyu,夏憲虞,Male,4795,1893,cerd,475967
14986,Xia,Shouzheng,夏守正,Male,496,1911,cerd,475969
14988,Xia,Shouxiu,夏守修,Male,496,1911,cerd,475970
14995,Xia,Anlun,夏安倫,Male,NA,NA,cerd,475971
14997,Xia,Anshi,夏安世,Male,2780,1904,cerd,475972
15012,Feng,Yucang,馮雨蒼,Male,7006,1910,cerd,475973
15014,Feng,Tianlin,馮天麟,Male,1350,1911,cerd,475974
15018,Feng,Tianjue,馮天爵,Male,1350,1910,cerd,475975
15021,Feng,Tianwei,馮天畏,Male,3658,1908,cerd,475976
15027,Feng,Kechuan,馮可傳,Male,13681,NA,cerd,475977
15029,Feng,Naihan,馮迺涵,Male,2790,NA,cerd,475978
15031,Feng,Liandou,馮聯斗,Male,1364,NA,cerd,475981
15033,Feng,Yinshi,馮引士,Male,566,1900,cerd,475982
15039,Feng,Yongyuan,馮永元,Male,15040,1912,cerd,475983
15042,Feng,Yanhui,馮延輝,Male,5131,1916,cerd,475984
15044,Feng,Jianwei,馮建緯,Male,3608,NA,cerd,475985
15046,Zhu,Yuesheng,朱越生,Male,2542,1916,cerd,475986
15049,Feng,Zhi'ao,馮郅翺,Male,544,1912,cerd,475987
15051,Zhu,Fangxiu,朱芳秀,Male,4238,1913,cerd,475988
15053,Feng,Chengzu,馮承祖,Male,1016,1918,cerd,475989
15055,Feng,Xinwen,馮信文,Male,6205,1914,cerd,475990
15056,Zhu,Lancheng,朱蘭成,Male,6460,1916,cerd,475992
15060,Feng,Yuyong,馮禹鏞,Male,7006,1914,cerd,475993
15061,Zhu,Yintong,朱蔭桐,Male,15063,NA,cerd,475994
15065,Zhu,Baofang,朱葆芳,Male,877,1887,cerd,475995
15073,Zhu,Maojie,朱懋杰,Male,11496,1905,cerd,475996
15076,Zhu,Huashou,朱華綬,Male,429,1877,cerd,333586
15091,Zhu,Shizhong,朱世衷,Male,5964,1910,cerd,475997
15094,Zhu,Shihuang,朱世璜,Male,2542,1916,cerd,475998
15096,Zhu,Shilu,朱世祿,Male,14896,1904,cerd,475999
15098,Zhu,Shixue,朱世學,Male,4449,1909,cerd,476000
15100,Zhu,Qiqing,朱其清,Male,877,1899,cerd,371154
15121,Zhu,Shuyu,朱樹郁,Male,1664,1896,cerd,476001
15137,Zhu,Shuxin,朱樹馨,Male,12743,1887,cerd,371490
15150,Zhu,Shutang,朱樹棠,Male,1682,NA,cerd,476003
15152,Zhu,Shuyi,朱樹怡,Male,877,1894,cerd,476004
15156,Zhu,Shurong,朱樹榮,Male,9801,1913,cerd,476005
15158,Zhu,Tanzhuang,朱坦莊,Male,1161,1909,cerd,476006
15172,Zhu,Rulong,朱如龍,Male,1664,1914,cerd,476007
15176,Zhu,Guanhui,朱觀會,Male,15177,1907,cerd,476008
15179,Zhu,Chaobi,朱朝弼,Male,15180,NA,cerd,476009
15184,Zhu,Qiliang,朱起亮,Male,16722,1909,cerd,476010
15193,Zhu,Jingguang,朱敬光,Male,63,1908,cerd,476011
15199,Zhu,Angsheng,朱盎聲,Male,877,1900,cerd,64547
15211,Zhu,Taixin,朱泰信,Male,11472,1898,cerd,476012
15220,Zhu,Suqing,朱肅清,Male,2489,1913,cerd,476014
15223,Zhu,Huizhao,朱惠照,Male,4977,NA,cerd,476015
15231,Feng,Bingyi,馮秉彝,Male,3768,1907,cerd,476016
15233,Feng,Weihua,馮維華,Male,553,1913,cerd,476017
15238,Feng,Weijian,馮維鑑,Male,553,1916,cerd,476018
15240,Feng,Xiongguang,馮熊光,Male,1256,1915,cerd,476019
15242,Feng,Kunyu,馮崑玉,Male,2071,NA,cerd,476020
15244,Feng,Lexiong,馮樂熊,Male,74,1912,cerd,476021
15246,Feng,Junqi,馮俊麒,Male,7055,1901,cerd,476022
15253,Feng,Xianpei,馮先霈,Male,909,1915,cerd,476023
15255,Feng,Deqin,馮德勤,Male,1659,NA,cerd,476025
15258,Feng,Beizeng,馮倍增,Male,3042,1916,cerd,476026
15260,Feng,Zuanhua,馮纘華,Male,8553,1914,cerd,476027
15262,Feng,Jianqi,馮健琪,Male,449,1915,cerd,476028
15264,Feng,Zhudi,馮朱棣,Male,2542,1898,cerd,476029
15269,Feng,Hexiu,馮和修,Male,1161,NA,cerd,476030
15271,Feng,Xiuji,馮修吉,Male,15272,1913,cerd,476031
15276,Feng,Mingshi,馮名世,Male,1817,1912,cerd,476032
15278,Zhang,Xueren,張學仁,Male,562,1908,cerd,476033
15280,Zhang,Wenli,張聞禮,Male,15308,1916,cerd,476034
15283,Zhang,Xuedao,張學道,Male,15284,1906,cerd,476036
15287,Zhang,Xuebiao,張學標,Male,562,1910,cerd,476037
15289,Zhang,Xuezhuo,張學棁,Male,15290,1917,cerd,476038
15292,Zhang,Xuechang,張學昌,Male,965,1913,cerd,476039
15294,Zhang,Wenjun,張聞駿,Male,3265,1902,cerd,476040
15309,Zhang,Xuezeng,張學曾,Male,965,1911,cerd,476041
15316,Zhang,Kaixian,張開先,Male,1002,1917,cerd,476042
15318,Zhang,Kaiji,張開濟,Male,765,1912,cerd,476043
15322,Zhang,Danru,張丹如,Male,71,1907,cerd,476044
15335,Zhu,Qihan,朱起漢,Male,16722,1914,cerd,476045
15339,Zhu,Songyun,朱松雲,Male,15196,1910,cerd,476047
15343,Zhu,Shuqing,朱書清,Male,1597,1912,cerd,476048
15345,Zhu,Zhende,朱振德,Male,2114,1913,cerd,476049
15347,Zhu,Zhenhua,朱振驊,Male,1113,1906,cerd,476050
15351,Zhu,Zhenpeng,朱振鵬,Male,15352,1913,cerd,476051
15363,Zhu,Bangren,朱邦仁,Male,590,NA,cerd,476052
15373,Zhu,Guozhen,朱國棟,Male,1604,1912,cerd,475077
15387,Zhu,Enshou,朱恩壽,Male,1042,1894,cerd,476053
15395,Fu,Ligan,傅禮幹,Male,2625,1896,cerd,386318
15402,Fu,Luoqiao,傅洛橋,Male,15403,1909,cerd,476054
15409,Fu,Zuliang,傅祖良,Male,765,1910,cerd,476055
15412,Fu,Daoshen,傅道伸,Male,558,1895,cerd,476056
15426,Fu,Jiugao,傅九皋,Male,NA,NA,cerd,476058
15428,Fu,Xingru,傅杏如,Female,15429,1917,cerd,476059
15431,Zhang,Yuting,張譽廷,Male,4449,1908,cerd,476060
15433,Fu,Shishuo,傅式說,Male,2567,1893,cerd,44593
15443,Fu,Shiyi,傅世義,Male,765,1892,cerd,476061
15450,Fu,Suzhi,傅肅之,Male,13183,1910,cerd,476062
15452,Fu,Zhongshu,傅忠恕,Male,1036,NA,cerd,476063
15454,Fu,Zhenmo,傅振模,Male,9535,1910,cerd,476064
15460,Fu,Xingqiao,傅星橋,Male,15403,1902,cerd,476065
15463,Fu,Guozhang,傅國璋,Male,1036,NA,cerd,476066
15466,Fu,Xianyang,傅顯揚,Male,11413,NA,cerd,476067
15468,Fu,Mingyi,傅鳴一,Male,5273,NA,cerd,476069
15470,Fu,Jinhua,傅錦華,Male,15471,1909,cerd,476070
15487,Fu,Xiyu,傅錫禹,Male,558,1901,cerd,476071
15492,Fu,Mingjiu,傅銘九,Male,3829,1897,cerd,476072
15496,Zhang,Juxing,張局行,Male,15503,NA,cerd,476073
15504,Zhu,Pengshou,朱彭壽,Male,1409,1893,cerd,476074
15513,Zhu,Shouren,朱壽楨,Male,14760,1899,cerd,475931
15519,Zhang,Wenqing,張問清,Male,NA,NA,cerd,476075
15521,Wu,Jiazhen,吳家楨,Male,996,1909,cerd,476076
15532,Wei,Xifu,魏喜富,Male,1364,1905,cerd,476077
15537,Wei,Ru,魏如,Male,1210,1897,cerd,476078
15551,Zhu,Baojun,朱寳鈞,Male,62,1898,cerd,476080
15554,Zhu,Shijun,朱士俊,Male,62,1901,cerd,476081
15558,Zhu,Junbang,朱俊邦,Male,4627,NA,cerd,476082
15560,Xia,Dingyao,夏定耀,Male,2146,1910,cerd,476083
15562,Xia,Yinye,夏寅冶,Male,1016,1905,cerd,476084
15570,Xia,Baoqi,夏寶圻,Male,1016,1915,cerd,476085
15572,Xia,Yuesheng,夏岳生,Male,15676,1907,cerd,476086
15573,Xia,Zonghui,夏宗輝,Male,1305,1916,cerd,476087
15575,Xia,Zhaozhi,夏兆芝,Male,765,1887,cerd,476088
15589,Xia,Hongyu,夏鴻宇,Male,15590,1904,cerd,476089
15593,Xia,Hongshou,夏鴻壽,Male,62,1915,cerd,476092
15597,Xia,Yukuan,夏裕寬,Male,4195,NA,cerd,476093
15599,Xia,Shihong,夏士鴻,Male,8181,1914,cerd,476094
15601,Xia,Qinduo,夏勤鐸,Male,60,1914,cerd,476095
15607,Guo,Dejin,郭德金,Male,449,1902,cerd,476096
15615,Guo,Delin,郭德粦,Male,11393,1914,cerd,476097
15617,Guo,Dehui,郭德輝,Male,8366,1911,cerd,476098
15620,Guo,Youci,郭佑慈,Female,449,1914,cerd,476099
15622,Guo,Zhonggun,郭仲袞,Male,3608,1911,cerd,476100
15624,Guo,Bailie,郭伯烈,Male,765,NA,cerd,476101
15626,Guo,Baoguo,郭保國,Male,16722,1913,cerd,476103
15627,Guo,Baojun,郭保君,Male,NA,NA,cerd,476104
15628,Xia,Fanfang,夏藩方,Male,1903,1900,cerd,476105
15635,Guo,Peizhang,郭佩璋,Male,723,NA,cerd,476106
15637,Guo,Peishan,郭佩珊,Male,719,1912,cerd,476107
15639,Guo,Xiuwen,郭修文,Male,10003,NA,cerd,476108
15641,Guo,Xiuwen,郭修文,Male,723,1898,cerd,476109
15652,Xia,Weirong,夏蔚榮,Male,522,1915,cerd,476110
15654,Xia,Changfan,夏昌璠,Male,1409,1907,cerd,476111
15659,Xia,Changshi,夏昌世,Male,2780,1907,cerd,476112
15672,Xia,Mingqiang,夏明強,Male,877,1917,cerd,476114
15683,Xia,Jianbai,夏坚白,Male,807,1905,cerd,476115
15686,Xia,Quanshou,夏全綬,Male,4297,1897,cerd,476116
15703,Xia,Quanduo,夏全鐸,Male,4627,1905,cerd,476117
15715,Guo,Huishen,郭惠申,Male,1079,1912,cerd,476118
15717,Guo,Zhendu,郭振都,Male,2071,1915,cerd,476119
15720,Guo,Zhengan,郭振幹,Male,16722,1917,cerd,476120
15722,Guo,Futang,郭輔唐,Male,9117,1896,cerd,476121
15728,Guo,Chengzhang,郭成章,Male,15729,1914,cerd,476122
15731,Guo,Chenggao,郭成皋,Male,765,1909,cerd,476123
15733,Guo,Enhong,郭恩鴻,Male,8174,1912,cerd,476125
15735,Guo,Chengju,郭成舉,Male,765,1917,cerd,476126
15738,Guo,Jingwen,郭景文,Male,61,1912,cerd,476127
15741,Guo,Xianqin,郭顯欽,Male,7590,1890,cerd,476128
15754,Guo,Zepei,郭則沛,Male,553,1897,cerd,476129
15756,Guo,Mingzhang,郭明章,Male,62,1907,cerd,476130
15758,Guo,Changxing,郭長興,Male,2071,1910,cerd,476131
15760,Guo,Zegai,郭則溉,Male,553,1897,cerd,476132
15764,Guo,Fengcai,郭鳳采,Male,3033,1911,cerd,476133
15774,Zang,Erkang,臧爾康,Male,10904,1907,cerd,476134
15777,Zang,Zanding,臧贊鼎,Male,3199,NA,cerd,476136
15782,Zang,Jiahu,臧家祜,Male,15783,1896,cerd,476137
15792,Mou,Shuxian,牟庶咸,Male,80,1913,cerd,476138
15794,Mou,Hongxun,牟鴻恂,Male,NA,NA,cerd,476139
15796,Mou,Zhichao,牟志超,Male,9613,1909,cerd,476140
15798,Mou,Zhenfei,牟振飛,Male,1779,1895,cerd,476141
15809,Mou,Tongbo,牟同波,Male,62,1903,cerd,476142
15814,Mou,Zhujiu,牟鑄九,Male,15815,1906,cerd,476143
15821,Mou,Huanxiu,牟煥秀,Male,15822,1911,cerd,476144
15825,Ji,Guan,嵇觀,Male,1113,NA,cerd,476145
15827,Ji,Quan,嵇銓,Male,1079,1883,cerd,476147
15844,Guo,Fengzhang,郭鳳樟,Male,644,1909,cerd,476148
15851,Guo,Fengchao,郭鳳朝,Male,3033,1898,cerd,476149
15860,Xia,Shanchang,夏善昌,Male,522,1911,cerd,476150
15866,Xia,Zhengkun,夏鄭鵾,Male,1409,1912,cerd,476151
15871,Guo,Fengrong,郭鳳榮,Male,3033,1914,cerd,476152
15873,Guo,Lüji,郭履基,Male,656,1906,cerd,476153
15887,Xia,Guangyu,夏光宇,Male,950,1889,cerd,350156
15889,Guo,Lüzhong,郭履中,Male,10053,1905,cerd,476154
15908,Guo,Dianchen,郭殿臣,Male,2071,1911,cerd,476155
15939,Guo,Kaitai,郭開泰,Male,2352,1905,cerd,476156
15943,Yu,Qing,于慶,Male,15944,1907,cerd,476158
15946,Guo,Kaizhou,郭開周,Male,10053,NA,cerd,476159
15949,Guo,Minyong,郭民永,Male,601,1918,cerd,476160
15952,Yu,Zhang,于璋,Male,2985,NA,cerd,476161
15956,Yu,Zhen,于震,Male,1659,NA,cerd,476162
15957,Guo,Kaiguo,郭開國,Male,10053,1892,cerd,476163
15963,Ji,Xunhuang,嵇訓煌,Male,1113,1912,cerd,476164
15965,Yu,Lin,于霖,Male,NA,NA,cerd,476165
15970,Ji,Chuwen,嵇儲文,Male,1079,1914,cerd,476166
15971,Yu,Rui,于睿,Male,4195,1910,cerd,476167
15974,Ji,Chulin,嵇儲彬,Male,NA,NA,cerd,476169
15977,Guo,Xingwu,郭興武,Male,15985,1910,cerd,476170
15978,Ji,Tongmao,嵇同懋,Male,807,1914,cerd,476171
15981,Zhuang,Huai,壯懷,Male,965,1914,cerd,476172
15986,Qiu,Jian,仇儉,Male,1748,1902,cerd,476173
15993,Qiu,He,仇郃,Male,1881,NA,cerd,476174
15995,Yu,Kai,于楷,Male,9613,1910,cerd,476175
16001,Qiu,Fangcheng,仇方城,Male,16004,NA,cerd,476176
16007,Yu,Zhong,于忠,Male,16010,1915,cerd,476177
16012,Qiu,Yintang,仇蔭棠,Male,16013,1910,cerd,476178
16015,Guo,Xingfen,郭興汾,Male,1643,1909,cerd,476180
16017,Yu,Jian,于堅,Male,590,1911,cerd,476181
16024,Yu,Zhong,于鍾,Male,427,1909,cerd,476182
16027,Qiu,Muzhang,仇慕漳,Male,3144,1901,cerd,476183
16028,Guo,Shengqing,郭勝磬,Male,16036,NA,cerd,476184
16029,Yu,Liwu,于立五,Male,7960,1893,cerd,50218
16049,Qiu,Jingwei,仇景煒,Male,717,1915,cerd,476186
16052,Guo,Renjun,郭人駿,Male,2732,NA,cerd,476187
16060,Guo,Yiwen,郭益文,Male,1993,1900,cerd,476188
16062,Qiu,Zengwu,仇曾武,Male,16065,1898,cerd,476189
16063,Yu,Lixian,于立憲,Male,4619,1910,cerd,476191
16073,Chu,Runke,儲潤科,Male,1630,1901,cerd,13687
16079,Guo,Jintang,郭金湯,Male,16085,1900,cerd,476192
16083,Chu,Zhongrui,儲鍾瑞,Male,1630,1915,cerd,476193
16084,Yu,Qingqia,于慶洽,Male,9613,1893,cerd,476194
16087,Chu,Zhongxiang,儲鍾祥,Male,1630,1914,cerd,476195
16091,Chu,Bingyao,儲炳耀,Male,1630,NA,cerd,476196
16096,Guo,Meiying,郭美瀛,Male,62,1902,cerd,476197
16098,Xu,Lan,續嵐,Male,2071,NA,cerd,476198
16101,Yu,Wentao,于文濤,Male,427,NA,cerd,476199
16102,Xu,Liangsheng,續亮盛,Male,7911,1908,cerd,476200
16109,Yu,Dunfu,于敦復,Male,6678,1884,cerd,476203
16111,Xu,Tingzhang,續庭樟,Male,2071,NA,cerd,476204
16113,Guo,Yulin,郭毓麟,Male,819,1906,cerd,476205
16115,Guo,Huibang,郭會邦,Male,1016,1911,cerd,476206
16125,Yu,Yipeng,于一鵬,Male,965,1918,cerd,476207
16127,Guo,Yanggang,郭養剛,Male,553,NA,cerd,476208
16131,Guo,Zhongfu,郭鍾富,Male,16164,NA,cerd,476209
16132,Yu,Zhengwei,于正緯,Male,16133,1913,cerd,476210
16135,Yu,Ruinian,于瑞年,Male,999,1917,cerd,333413
16137,Yu,Bingqian,于秉乾,Male,7347,1905,cerd,476211
16145,Guo,Zhongcai,郭鍾才,Male,2797,1904,cerd,476212
16151,Guo,Xilian,郭錫璉,Male,2352,1908,cerd,476214
16156,Guo,Xifen,郭錫汾,Male,427,1892,cerd,476215
16166,Guo,Xitong,郭錫彤,Male,1016,1900,cerd,476216
16171,Guo,Kengying,郭鏗英,Male,1714,1899,cerd,476217
16191,Guo,Shuran,郭舒然,Male,3608,1891,cerd,476218
16200,Guo,Guangyuan,郭光遠,Male,1941,NA,cerd,476219
16202,Guo,Shangwen,郭尙文,Male,749,NA,cerd,476220
16204,Guo,Shangde,郭尙德,Male,449,1917,cerd,476221
16206,Guo,Yanru,郭炎儒,Male,16207,1893,cerd,476222
16214,Zhang,Wenxiang,張問祥,Male,2797,NA,cerd,476223
16216,Zhang,Maojin,張卯金,Male,2732,1894,cerd,476225
16218,Zhang,Minzheng,張民政,Male,10724,1914,cerd,476226
16220,Zhang,Xingfu,張興富,Male,16226,1918,cerd,476227
16223,Zhang,Xinghua,張興華,Male,16224,NA,cerd,476228
16227,Zhang,Xinghua,張興華,Male,4425,NA,cerd,476229
16233,Zhang,Xinggui,張興桂,Male,1364,1904,cerd,476230
16236,Zhang,Renduan,張人端,Male,2062,1914,cerd,476231
16238,Zhang,Renjun,張人俊,Male,562,1911,cerd,476232
16242,Zhang,Renxiang,張人驤,Male,11187,1902,cerd,476233
16249,Zhang,Renjing,張人鏡,Male,16250,NA,cerd,476234
16252,Xu,Xiting,續喜亭,Male,9856,NA,cerd,476236
16254,Xu,Shiying,續世英,Male,2071,NA,cerd,476237
16256,Xu,Guangqing,續光清,Male,2071,NA,cerd,476238
16258,Niu,Xin,牛昕,Male,3053,NA,cerd,476239
16265,Niu,Yikun,牛一坤,Male,16266,1907,cerd,476240
16268,Niu,Bukuan,牛步寬,Male,1975,1910,cerd,476241
16273,Guo,Xiangyu,郭象豫,Male,12542,1900,cerd,476242
16298,Guo,Bingyu,郭炳瑜,Male,8893,1910,cerd,476243
16302,Guo,Zhuomin,郭焯民,Male,1993,1901,cerd,476244
16309,Guo,Yaoquan,郭耀泉,Male,449,1916,cerd,476245
16311,Guo,Yaoguan,郭耀觀,Male,429,1911,cerd,476247
16320,Guo,Yaochen,郭耀辰,Male,556,1912,cerd,476248
16322,Bu,Gao,部杲,Male,1659,1898,cerd,476249
16334,Shi,Long,施龍,Male,1256,1916,cerd,476250
16336,Shi,Yang,施泱,Male,NA,NA,cerd,476251
16339,Shi,Shi,施奭,Male,1256,1906,cerd,476252
16343,Shi,Bin,施彬,Male,1256,1905,cerd,476253
16347,Niu,Jiwu,牛繼武,Male,2422,1910,cerd,476254
16349,Niu,Peiyao,牛佩瑤,Male,723,NA,cerd,476255
16351,Niu,Lingdou,牛凌斗,Male,1493,1905,cerd,476256
16353,Niu,Lingdou,牛凌斗,Male,NA,NA,cerd,476258
16355,Niu,Baode,牛葆德,Male,1592,1912,cerd,476259
16356,Shi,Pu,施普,Male,16358,NA,cerd,476260
16359,Niu,Baoyu,牛葆愈,Male,12348,1912,cerd,476261
16361,Shi,Ying,施鎣,Male,1100,1888,cerd,370273
16369,Niu,Zhiying,牛志英,Male,5979,1901,cerd,476262
16372,Niu,Shenying,牛申英,Male,1573,1891,cerd,476263
16375,Niu,Yingtai,牛映台,Male,16377,1889,cerd,476264
16379,Niu,Zhangzhen,牛長珍,Male,1270,1905,cerd,476265
16391,Niu,Dunxian,牛惇憲,Male,4394,1897,cerd,476266
16393,Zhong,Yinglong,仲應龍,Male,32623,1903,cerd,476267
16402,Zhong,Zhiying,仲志英,Male,1618,1887,cerd,476269
16421,Zhong,Boren,仲博仁,Male,10543,1891,cerd,476270
16436,Shi,Yingxiang,施應庠,Male,1256,NA,cerd,476271
16439,Shi,Yumin,施於民,Male,16440,1915,cerd,476272
16442,Shi,Yiyang,施一陽,Male,1189,1899,cerd,476273
16458,Shi,Yunlong,施雲龍,Male,1189,1904,cerd,476274
16460,Shi,Yunti,施雲梯,Male,1189,1906,cerd,476275
16463,Shi,Konghuai,施孔懷,Male,1189,1899,cerd,476276
16478,Shi,Naixin,施乃鑫,Male,1189,1905,cerd,476277
16482,Shi,Xiushan,施秀珊,Male,1189,1898,cerd,476278
16485,Shi,Dingdao,施鼎燾,Male,1256,1899,cerd,476280
16489,Shi,Dingxuan,施鼎暄,Male,1256,NA,cerd,476281
16493,Shi,Jihong,施繼鴻,Male,1189,1903,cerd,476282
16497,Shi,Dezheng,施德徵,Male,4415,NA,cerd,476283
16499,Shi,Zhongyang,施仲陽,Male,1189,1904,cerd,476284
16517,Shi,Bo'an,施伯安,Male,553,1888,cerd,192083
16527,Shi,Xiangzhou,施象周,Male,1189,1914,cerd,476285
16529,Shi,Jichang,施紀常,Male,1256,1912,cerd,476286
16532,Shi,Fusong,施復嵩,Male,1256,1913,cerd,476287
16534,Shi,Jiafu,施家福,Male,765,1905,cerd,476288
16547,Zhang,Renjian,張人鑑,Male,16250,1898,cerd,476289
16566,Zhang,Jinzhang,張金章,Male,3935,NA,cerd,476291
16570,Lü,Zhangqi,律長祺,Male,511,1916,cerd,476292
16572,Zhu,Duan,朱端,Male,9772,NA,cerd,476293
16575,Zhu,Bin,朱斌,Male,2641,1900,cerd,476294
16579,Zhu,Yi,朱詒,Male,807,NA,cerd,476295
16581,Zhu,Qian,朱謙,Male,1113,1904,cerd,476296
16586,Zhu,Lin,朱霖,Male,3133,1896,cerd,476297
16598,Zhu,Rui,朱瑞,Male,16600,1908,cerd,476298
16602,Zhu,Yong,朱勇,Male,1256,1895,cerd,476299
16619,Zhu,Zhuo,朱倬,Male,782,1893,cerd,476300
16623,Zhu,Yun,朱允,Male,16624,1901,cerd,476302
16633,Zhu,Jian,朱健,Male,590,NA,cerd,476303
16635,Zhu,Jie,朱傑,Male,562,1896,cerd,476304
16637,Zhang,Quanyuan,張全元,Male,965,1914,cerd,9615
16639,Zhang,Yiren,張益仁,Male,877,1916,cerd,476305
16641,Zhang,Jinpin,張金品,Male,9400,1899,cerd,476306
16657,Zhang,Jinrong,張金鎔,Male,1604,1911,cerd,476307
16660,Zhang,Jin'e,張金鍔,Male,16661,NA,cerd,476308
16671,Zhang,Jinfeng,張金鋒,Male,16672,1898,cerd,476309
16681,Zhang,Jinheng,張金鑅,Male,427,1898,cerd,476310
16686,Zhang,Jintang,張金堂,Male,1042,1918,cerd,476311
16690,Zhang,Xinzeng,張鑫曾,Male,66,1907,cerd,476315
16694,Zhang,Yongsen,張鏞森,Male,1079,1910,cerd,476316
16697,Zhang,Xianzeng,張羨曾,Male,11135,1905,cerd,476317
16703,Zhang,Jiecheng,張介丞,Male,78,1906,cerd,476318
16708,Zhang,Jiesheng,張介生,Male,795,1908,cerd,476319
16710,Zhang,Lingqiang,張令鏘,Male,1161,1911,cerd,476320
16716,Zhang,Wunian,張午年,Male,690,1909,cerd,476321
16743,Yu,Zhuoshi,于卓世,Male,2884,1904,cerd,476322
16756,Yu,Zhenji,于貞吉,Male,16757,NA,cerd,476323
16761,Yu,Chongwen,于崇文,Male,11962,1915,cerd,476324
16764,Guo,Shucen,郭叔岑,Male,16286,1916,cerd,476326
16766,Guo,Shaoji,郭紹伋,Male,13428,1914,cerd,476327
16771,Yu,Junfeng,于峻峯,Male,7871,1913,cerd,476328
16774,Yu,Zhuangwu,于壯武,Male,717,1911,cerd,476329
16776,Yu,Derun,于德潤,Male,755,1914,cerd,476330
16778,Yu,Zhongkai,于仲凱,Male,5979,NA,cerd,476331
16780,Yu,Ziming,于自明,Male,16782,1909,cerd,476332
16786,Yu,Haomin,于皥民,Male,77,1900,cerd,476333
16789,Yu,Yitan,于以壇,Male,3642,1915,cerd,476334
16791,Yu,Jiayan,于家彥,Male,3730,1911,cerd,476335
16793,Yu,Jiahua,于家驊,Male,1659,NA,cerd,476337
16795,Yu,Baohuang,于寶璜,Male,2076,1907,cerd,476338
16797,Yu,Junxiang,于濬祥,Male,2076,1913,cerd,476339
16799,Yu,Chengshi,于澄世,Male,2884,NA,cerd,476340
16803,Yu,Zitan,于滋潭,Male,16804,NA,cerd,476341
16808,Yu,Shushi,于述世,Male,2884,NA,cerd,476342
16810,Yu,Lianbi,于連壁,Male,9613,1911,cerd,476343
16815,Yu,Runsheng,于潤生,Male,2985,1898,cerd,476344
16837,Yu,Runfang,于潤芳,Male,NA,NA,cerd,476345
16839,Yu,Hongsan,于鴻三,Male,4189,1906,cerd,476346
16842,Yu,Zhaocheng,于肇誠,Male,562,1909,cerd,476348
16844,Yu,Zhaoming,于肇銘,Male,562,1905,cerd,476349
16851,Yu,Dajin,于大縉,Male,10543,1907,cerd,476350
16855,Yu,Shilin,于士林,Male,5287,1908,cerd,476351
16863,Yu,Peihui,于培蕙,Male,7871,1912,cerd,476352
16865,Yu,Kejun,于克濬,Male,7777,1911,cerd,476353
16869,Yu,Shixian,于世瑄,Male,3435,1912,cerd,476354
16871,Yu,Shufan,于樹藩,Male,3645,1910,cerd,476355
16873,Yu,Guixin,于桂馨,Male,711,1899,cerd,476356
16886,Yu,Junxiang,于均祥,Female,5073,1907,cerd,476357
16888,Yu,Guozhu,于國柱,Male,2985,1896,cerd,476359
16890,Yu,Yitao,于邑萄,Male,1682,1902,cerd,476360
16895,Yu,Jingquan,于景泉,Male,4449,1900,cerd,476361
16897,Yu,Jinghai,于景海,Male,72,1910,cerd,476362
16899,Yu,Jingtao,于景陶,Male,10808,1897,cerd,476363
16917,Yu,Changzhang,于長丈,Male,3784,1911,cerd,476364
16919,Yu,Changyao,于長耀,Male,3784,1912,cerd,476365
16921,Yu,Fengzhang,于鳳章,Male,16922,1907,cerd,476366
16930,Yu,Fengtong,于鳳桐,Male,16922,1903,cerd,476367
16940,Yu,Xuezhi,于學之,Male,16804,1910,cerd,476368
16945,Yu,Xueqin,于學勤,Male,16782,1912,cerd,476370
16948,Yu,Kaiquan,于開銓,Male,16949,NA,cerd,476371
16951,Yu,Yindong,于印東,Male,77,1896,cerd,476372
16955,Yu,Shanwen,于善文,Male,14608,1911,cerd,476373
16958,Yu,Zhenfan,于鎮藩,Male,16959,1910,cerd,476374
16970,Yu,Xitai,于錫泰,Male,511,1909,cerd,476375
16972,Yu,Yaoguo,于耀國,Male,9292,1907,cerd,476376
16983,Yao,Shutang,要樹棠,Male,9578,NA,cerd,476377
16985,Tan,Kuan,覃寬,Male,16986,1908,cerd,476378
16989,Tan,Zhengtong,覃正統,Male,6972,NA,cerd,476379
16991,Tan,Shirong,覃使榮,Male,4996,1912,cerd,476381
16993,Tan,Xiumo,覃修謨,Male,1487,1912,cerd,476382
16996,Tan,Xiudian,覃修典,Male,1487,1910,cerd,476383
16999,Tan,Yongjin,覃永金,Male,3042,1913,cerd,476384
17002,Tan,Qiguan,覃啟冠,Male,11289,1915,cerd,476385
17004,Tan,Enqi,覃恩琦,Male,3730,1911,cerd,476386
17008,Tan,Mingjun,覃明駿,Male,17009,1913,cerd,476387
17011,Tan,Minyuan,覃閩元,Male,5244,1915,cerd,476388
17013,Tan,Binglan,覃炳蘭,Male,16986,1910,cerd,476389
17015,Ping,Yonghe,平永龢,Male,553,1886,cerd,476390
17020,Ping,Zhaolin,平兆麟,Male,782,NA,cerd,476392
17024,Ping,Guoliang,平國樑,Male,16065,NA,cerd,476393
17026,Ping,Guanghan,平光漢,Male,909,1914,cerd,476394
17028,Shi,Chong,石充,Male,17029,1905,cerd,476395
17043,Shi,Zhuo,石琢,Male,17044,1907,cerd,476396
17048,Shi,Jin,石瑾,Male,2732,NA,cerd,476397
17051,Shi,Ying,石瑛,Male,17052,1881,cerd,272
17066,Shi,Cheng,石埕,Male,17067,1914,cerd,476398
17069,Shi,Heng,石衡,Male,15783,1914,cerd,476399
17071,Shi,Jun,石鈞,Male,17072,1893,cerd,476400
17074,Shi,Yingtu,石膺圖,Male,2071,1899,cerd,476401
17076,Shi,Wentong,石文彤,Male,17077,1911,cerd,476403
17079,Shi,Linbing,石麟炳,Male,17080,1908,cerd,476404
17082,Shi,Yuanzheng,石元正,Male,16224,1912,cerd,476405
17088,Shi,Tianqi,石天琦,Male,1210,1906,cerd,476406
17092,Shi,Mengxuan,石孟璿,Female,17093,1917,cerd,476407
17095,Shi,Chengxun,石承勳,Male,427,1912,cerd,476408
17097,Shi,Chengye,石承業,Male,427,1911,cerd,476409
17100,Shi,Zicheng,石子成,Male,4816,1907,cerd,476410
17104,Shi,Zhongzhen,石重珍,Male,2884,1912,cerd,476411
17106,Shi,Weiyuan,石維垣,Male,2313,1906,cerd,476412
17108,Shi,Daizhuo,石代卓,Male,14366,1912,cerd,476414
17112,Shi,Daizun,石代遵,Male,14366,1912,cerd,476415
17125,Xu,Yufan,徐百揆,Male,950,1902,cerd,475203
17181,Zhang,Meiran,張美然,Male,9772,1907,cerd,476416
17185,Zhang,Yuqi,張毓琦,Male,2884,1895,cerd,476417
17199,Zhang,Yuzhen,張毓珍,Male,2884,1912,cerd,476418
17201,Zhang,Yuxiu,張毓秀,Male,1578,NA,cerd,476419
17204,Zhang,Yutong,張毓佟,Male,562,1913,cerd,476420
17207,Zhang,Yujing,張毓靜,Male,2352,1911,cerd,476421
17209,Zhang,Yutang,張毓棠,Male,2732,NA,cerd,476422
17223,Zhang,Shanxin,張善新,Male,1113,1904,cerd,333485
17234,Zhang,Shanhuai,張善淮,Male,16224,1910,cerd,476423
17238,Zhang,Huiyuan,張會源,Male,17242,NA,cerd,476426
17243,Zhang,Shanxiang,張善祥,Male,449,NA,cerd,476427
17245,Zhang,Hanying,張含英,Male,77,1903,cerd,476428
17248,Zhang,Huiruo,張會若,Male,9552,1896,cerd,476429
17272,Bao,Dou,鮑逗,Male,3884,1911,cerd,476430
17291,Shi,Yuzhao,施宇昭,Male,1409,1900,cerd,476431
17297,Shi,Hanzhang,施漢章,Male,562,1916,cerd,476432
17301,Shi,Ruli,施汝礪,Male,1256,1915,cerd,476433
17304,Shi,Ruwei,施汝爲,Male,1256,NA,cerd,476434
17307,Shi,Hongxi,施洪熙,Male,877,1907,cerd,370269
17314,Shi,Zhaoxiang,施肇祥,Male,765,1881,cerd,476435
17336,Zhang,Pufan,張普蕃,Male,2780,1913,cerd,476437
17339,Zhang,Shanzhen,張善榛,Male,10437,1912,cerd,476438
17343,Zhang,Shanyang,張善揚,Male,1113,1892,cerd,367030
17357,Zhang,Puguang,張普光,Male,5131,1912,cerd,476439
17361,Zhang,Gongyi,張公一,Male,566,1904,cerd,366015
17377,Zhang,Zihong,張茲閎,Male,9950,NA,cerd,476440
17380,Zhang,Zhonglin,張鍾麟,Male,9040,1898,cerd,476441
17386,Zhang,Zhongling,張鍾靈,Male,7484,1906,cerd,476442
17389,Zhang,Zhongkun,張鍾琨,Male,9040,1895,cerd,476443
17398,Zhang,Zhongdan,張鍾玬,Male,13428,1904,cerd,476444
17400,Zhang,Zhongsong,張鍾崧,Male,7871,1895,cerd,476445
17419,Zhang,Zhongjun,張鍾俊,Male,1626,1911,cerd,194175
17421,Zhang,Zhongdai,張鍾岱,Male,7871,1898,cerd,476446
17431,Zhang,Zhongqi,張鍾祺,Male,NA,NA,cerd,476448
17434,Zhang,Jianming,張劍鳴,Male,1113,1903,cerd,366056
17448,Zhang,Tiesheng,張鐵生,Male,1335,1914,cerd,476449
17450,Zhang,Xikang,張錫康,Male,17451,1915,cerd,476450
17455,Zhang,Xikui,張錫魁,Male,5955,1903,cerd,476451
17492,Zhang,Xisheng,張錫生,Male,965,NA,cerd,476452
17495,Zhang,Xichun,張錫純,Male,15783,1911,cerd,476453
17498,Zhang,Xilun,張錫綸,Male,1659,1910,cerd,476454
17502,Zhang,Xifan,張錫藩,Male,1079,1906,cerd,476455
17512,Zhang,Xifang,張錫芳,Male,71,1908,cerd,476456
17516,Zhang,Xizhou,張錫周,Male,17517,1883,cerd,476457
17561,Shi,Keren,施克仁,Male,1189,NA,cerd,476459
17563,Shi,Jiagan,施嘉幹,Male,NA,1899,cerd,62863
17567,Shi,Jiayang,施嘉煬,Male,553,1901,cerd,476460
17578,Shi,Qiulin,施求麟,Male,1161,1901,cerd,476461
17581,Shi,Qiuzhang,施求臧,Male,1161,1901,cerd,476462
17585,Shi,Baoyuan,施葆元,Male,1100,NA,cerd,476463
17589,Shi,Meifang,施梅坊,Male,909,1913,cerd,476464
17591,Shi,Benpei,施本培,Male,1256,1914,cerd,476465
17593,Shi,Chunlin,施春霖,Male,749,NA,cerd,476466
17595,Shi,Zhenjia,施振家,Male,1256,NA,cerd,476467
17597,Shi,Chengxi,施成熙,Male,71,NA,cerd,193857
17636,Shi,Bangyan,施邦彥,Male,909,1910,cerd,476468
17639,Shi,Enzhan,施恩湛,Male,950,1905,cerd,476470
17649,Shi,Changhui,施昌輝,Male,71,1908,cerd,476471
17653,Shi,Jingyuan,施景元,Male,NA,NA,cerd,476472
17655,Shi,Lükai,施履楷,Male,1256,1912,cerd,476473
17666,Feng,Ji'en,馮紀恩,Male,1036,1914,cerd,476474
17671,Feng,Shaotang,馮紹唐,Male,15729,1904,cerd,476475
17676,Feng,Shaoxun,馮紹愻,Male,5733,NA,cerd,476476
17678,Feng,Shaoguang,馮紹光,Male,427,1908,cerd,476477
17687,Feng,Jiajun,馮家俊,Male,909,NA,cerd,476478
17691,Feng,Jiazhi,馮家治,Male,NA,NA,cerd,476479
17693,Feng,Jiaji,馮家驥,Male,NA,NA,cerd,476481
17695,Feng,Jiazheng,馮家錚,Male,909,1902,cerd,476482
17701,Feng,Shouzhong,馮守忠,Male,6617,1916,cerd,476483
17704,Feng,Hongyin,馮宏殷,Male,7006,NA,cerd,476484
17709,Feng,Baowen,馮寶文,Male,965,1911,cerd,476485
17715,Feng,Baoling,馮寶齡,Male,965,1898,cerd,397816
17731,Guo,Shaoyi,郭紹儀,Male,2062,1898,cerd,476486
17737,Gao,Shaosong,郭紹宋,Male,12542,1899,cerd,476487
17748,Guo,Shouxian,郭守先,Male,17749,1902,cerd,476488
17764,Guo,Shouzhong,郭守中,Male,877,NA,cerd,476489
17766,Guo,Shouheng,郭守恆,Male,4130,1900,cerd,476490
17768,Guo,Anmin,郭安民,Male,2857,1915,cerd,476492
17770,Guo,Fuchun,郭富春,Male,511,1908,cerd,476493
17774,Guo,Baoshu,郭寳書,Male,4449,1911,cerd,476494
17776,Guo,Zongxian,郭宗憲,Male,12029,NA,cerd,476495
17779,Guo,Zongtai,郭宗太,Male,3710,1912,cerd,476496
17784,Guo,Zhaochang,郭兆常,Male,1993,1911,cerd,476497
17786,Guo,Lingxiao,郭凌霄,Male,17787,NA,cerd,476498
17789,Guo,Ruzhen,郭汝楨,Male,2071,1900,cerd,476499
17791,Guo,Ruming,郭汝銘,Male,3608,1913,cerd,476500
17793,Guo,Haoran,郭浩然,Male,7055,1913,cerd,476501
17795,Guo,Haoqing,郭浩淸,Male,1016,1913,cerd,476503
17799,Guo,Ganhong,郭淦洪,Male,1016,1911,cerd,476504
17802,Guo,Xianglin,郭祥麟,Male,749,NA,cerd,476505
17804,Guo,Zhaochang,郭肇昌,Male,1079,NA,cerd,476506
17807,Guo,Qilian,郭啓濂,Male,5917,1919,cerd,476507
17809,Guo,Lisan,郭力三,Male,17810,1897,cerd,390798
17812,Shi,Junji,石峻吉,Male,3935,NA,cerd,476508
17818,Shi,Yiheng,石以珩,Male,15783,NA,cerd,335931
17824,Shi,Yihuan,石以驩,Male,15783,NA,cerd,476509
17828,Shi,Zuoqiu,石作秋,Male,74,1906,cerd,476510
17835,Shi,Yongcheng,石永澄,Male,17836,1896,cerd,476511
17841,Shi,Xiyuan,施熙元,Male,765,NA,cerd,476512
17850,Shi,Xueshi,施學詩,Male,1100,1897,cerd,370226
17851,Guo,Youdao,郭友道,Male,3033,1910,cerd,476514
17860,Guo,Youkeng,郭友鏗,Male,553,1916,cerd,476515
17877,Shi,Zhongshu,施鍾澍,Male,410,1899,cerd,476516
17878,Shi,Jialong,石家龍,Male,17879,1913,cerd,476517
17882,Shi,Jiahu,石家瑚,Male,1079,1914,cerd,476518
17886,Shi,Dinghang,石定杭,Male,67,1905,cerd,476519
17887,Shi,Xizhi,施錫祉,Male,765,1908,cerd,476520
17892,Shi,Songyou,石宋有,Male,2732,1913,cerd,476521
17894,Shi,Zhaozhuo,石兆鷟,Male,496,1911,cerd,476522
17895,Yu,Fumin,於福民,Male,511,1915,cerd,476523
17899,Yu,Jinsheng,於金生,Male,2352,1904,cerd,476525
17902,Shi,Yexuan,石業宣,Male,903,NA,cerd,476526
17905,Shi,Qinghuai,石清懷,Male,5992,1904,cerd,476527
17910,Xu,Ping,許平,Male,877,1917,cerd,8385
17913,Shi,Yuze,石裕澤,Male,10603,1910,cerd,476528
17915,Xu,Zhuo,許卓,Male,877,1913,cerd,476529
17920,Guo,Shiji,郭士濟,Male,1493,1905,cerd,476530
17922,Guo,Peicen,郭培岑,Male,13462,1905,cerd,476531
17932,Guo,Caihua,郭才華,Male,NA,NA,cerd,476532
17934,Guo,Keti,郭克悌,Male,13462,1899,cerd,83200
17943,Guo,Youzhang,郭有章,Male,6968,NA,cerd,476533
17945,Guo,Zhipei,郭志佩,Male,965,1916,cerd,476534
17948,Guo,Zhitai,郭志泰,Male,4079,1903,cerd,476537
17950,Guo,Jiayun,郭嘉運,Male,2422,NA,cerd,476538
17952,Guo,Jiadong,郭嘉棟,Male,427,NA,cerd,476539
17954,Guo,Guxiang,郭古香,Male,1016,1901,cerd,332668
17961,Guo,Shouheng,郭壽衡,Male,14954,1910,cerd,476540
17986,Shi,Zhiguang,石志廣,Male,841,1909,cerd,476541
17989,Shi,Zhiren,石志仁,Male,17080,1899,cerd,75776
18008,Shi,Zhixue,石志學,Male,68,1893,cerd,476542
18013,Shi,Shouchun,石壽椿,Male,553,1914,cerd,476543
18017,Shi,Shouyi,石壽頤,Male,553,1918,cerd,476544
18022,Shi,Yansheng,石燕生,Male,877,NA,cerd,476545
18024,Shi,Huaxin,石華鑫,Male,2567,1916,cerd,476546
18026,Shi,Ruyu,石如玉,Male,723,1911,cerd,476548
18028,Shi,Zhongkun,石中昆,Male,511,NA,cerd,476549
18031,Shi,Suwen,石素穩,Female,7055,1914,cerd,476550
18034,Shi,Zhenyong,石振鏞,Male,4407,NA,cerd,476551
18036,Shi,Bangyan,石邦彥,Male,1556,1913,cerd,476552
18042,Shi,Banglie,石邦烈,Male,17879,1915,cerd,476553
18045,Shi,Jingjun,石景俊,Male,14937,1898,cerd,476554
18065,Shi,Zhaoren,石昭仁,Male,2352,1912,cerd,476555
18067,Shi,Tirang,石體讓,Male,11115,1899,cerd,476556
18071,Shi,Dianying,石殿英,Male,9346,1892,cerd,476557
18081,Shi,Kailin,石開琳,Male,402,1913,cerd,476559
18088,Xu,Yi,許逸,Male,4809,1892,cerd,476560
18091,Shi,Yubin,石毓彬,Male,3265,1903,cerd,476561
18107,Shi,Mingji,石銘績,Male,4079,1890,cerd,476562
18110,Xu,Kun,許坤,Male,1664,1894,cerd,476563
18111,Shi,Mingchang,石銘昌,Male,4079,1908,cerd,476564
18116,Wu,Shanxing,吾善性,Male,453,1900,cerd,476565
18121,Jin,Yi,晉懿,Male,1578,1906,cerd,476566
18124,Jin,Pu,晉普,Male,813,1913,cerd,476567
18128,Jin,Wenhuan,晉文煥,Male,4394,1904,cerd,476568
18130,Jin,Dejun,晉德峻,NA,4394,1893,cerd,476570
18134,Xu,Ya,許雅,NA,67,1888,cerd,476571
18145,Xu,Pan,許蟠,Male,2641,NA,cerd,476572
18147,Jin,Guizhou,晉桂洲,Male,1367,1916,cerd,476573
18149,Jin,Zhongliang,晉忠良,Male,2313,1905,cerd,476574
18150,Xu,Zhao,許照,Male,765,1897,cerd,476575
18160,Jin,Linxiang,晉臨祥,Male,4079,1898,cerd,476576
18162,Lei,Ji,雷績,Male,11475,1911,cerd,476577
18164,Xu,Zhao,許照,Male,1016,1916,cerd,476578
18165,Lei,Xuan,雷宣,Male,7718,1891,cerd,396303
18169,Xu,Jian,許鑑,Male,15471,NA,cerd,476579
18193,Lei,Huai,雷淮,Male,18194,1907,cerd,476581
18203,Lei,Huan,雷澣,Male,18204,NA,cerd,476582
18211,Xu,Guang,許光,Male,NA,NA,cerd,476583
18216,Xu,Xie,許燮,Male,18219,1903,cerd,476584
18222,Lei,Gen,雷根,Male,4977,1900,cerd,476585
18235,Lei,Kai,雷開,Male,11551,1914,cerd,476586
18237,Lei,Huan,雷煥,Male,4977,1903,cerd,476587
18250,Lei,Yinghe,雷應和,Male,527,1906,cerd,476588
18257,Lei,Wenquan,雷文銓,Male,18258,1886,cerd,476589
18285,Lei,Yucheng,雷雨澄,Male,11413,1919,cerd,476590
18287,Lei,Chenpang,雷晨𩃎,Male,NA,1899,cerd,476592
18291,Lei,Tianjue,雷天覺,Male,5073,1914,cerd,191969
18297,Lei,Junmin,雷俊民,Male,3608,1912,cerd,476593
18303,Lei,Junsheng,雷峻聲,Male,18304,1892,cerd,476594
18319,Lei,Yilun,雷以綸,Male,1487,1887,cerd,476595
18322,Lei,Guanmei,雷官鋂,Male,1993,1889,cerd,476596
18326,Lei,Baohua,雷寶華,Male,12887,1894,cerd,476597
18342,Lei,Dapu,雷大普,Male,522,1915,cerd,476598
18344,Lei,Zhaohong,雷兆鴻,Male,4977,1912,cerd,476599
18348,Lei,Zeliu,雷澤榴,Male,74,1898,cerd,476600
18354,Lei,Hongji,雷鴻基,Male,60,1905,cerd,476601
18357,Lei,Zuowen,雷祚雯,Male,522,NA,cerd,476603
18359,Lei,Daxu,雷大勗,Male,522,1910,cerd,476604
18361,Lei,Dazheng,雷大鉦,Male,522,1911,cerd,476605
18363,Lei,Youzhang,雷有章,Male,9040,1899,cerd,476606
18365,Lei,Cunli,雷存禮,Male,18366,1886,cerd,476607
18368,Lei,Zhihan,雷志漢,Female,324,1915,cerd,476608
18371,Lei,Shulin,雷樹琳,Male,18372,1911,cerd,476609
18377,Lei,Zhenzhong,雷振中,Male,527,1908,cerd,476610
18385,Xu,Gonggeng,徐躬耕,Male,1409,1911,cerd,476611
18393,Bao,Rulin,鮑汝林,Male,NA,1908,cerd,476612
18395,Bao,Guanfang,鮑冠芳,Male,1630,1909,cerd,476614
18407,Bao,Yougong,鮑友恭,Male,1076,1906,cerd,476615
18411,Bao,Dongnian,鮑棟年,Male,909,1918,cerd,476616
18413,Bao,Guobao,鮑國寳,Male,1993,1899,cerd,476617
18423,Bao,Lujia,鮑路加,Male,74,1912,cerd,476618
18425,Bao,Xinian,鮑熙年,Male,2390,1914,cerd,333906
18429,Bao,Xiyao,鮑錫瑤,Male,1113,1903,cerd,476619
18439,Wu,Ping,烏萍,Male,62,1907,cerd,476620
18444,Wu,Tongzhao,烏統昭,Male,1161,1917,cerd,476621
18446,Xu,Yuren,許育仁,Male,590,1908,cerd,476622
18452,Xu,Yingqi,許應期,Male,1016,1899,cerd,388200
18460,Xu,Qingyun,許慶雲,Male,NA,NA,cerd,476623
18462,Xu,Guangchen,許廣臣,Male,1042,1909,cerd,476625
18466,Xu,Yanwu,許言午,Male,9772,1913,cerd,476626
18470,Xu,Xiangping,許襄平,Male,NA,NA,cerd,476627
18472,Xu,Diaotai,許調泰,Male,10724,1903,cerd,388317
18480,Xu,Yixun,許詒勳,Male,18481,1915,cerd,476628
18483,Zhang,Mingqin,張銘琴,Male,18484,1910,cerd,476629
18490,Zhang,Mingzhu,張銘柱,Male,18491,1897,cerd,476630
18505,Zhang,Mingshu,張銘戍,Male,16922,1909,cerd,476631
18509,Zhang,Qinwen,張欽文,Male,13846,1909,cerd,476632
18512,Zhang,Qinwen,張欽文,Male,4195,NA,cerd,476633
18515,Zhang,Lingbao,張鈴寶,Male,1100,1915,cerd,476634
18517,Zhang,Mincheng,張敏成,Male,566,NA,cerd,476636
18519,Zhang,Jizeng,張箕曾,Male,807,1910,cerd,476637
18522,Zhang,Weihe,張惟和,Male,522,1886,cerd,367566
18530,Wu,Shenga,吳沈釓,Male,1626,1914,cerd,476638
18532,Wu,Hanqing,吳漢清,Male,74,1901,cerd,476639
18536,Wu,Ruji,吳汝楫,Male,965,1909,cerd,476640
18539,Wu,Hongxun,吳洪訓,Male,427,1918,cerd,476641
18541,Wu,Hongxi,吳洪錫,Male,3739,1901,cerd,476642
18544,Wu,Damu,吳達模,Male,16722,1899,cerd,476643
18551,Wu,Dachang,吳達昌,Male,18552,1914,cerd,476644
18555,Wu,Darong,吳達榮,Male,16722,1910,cerd,476645
18558,Wu,Weilin,吳爲霖,Male,3471,1897,cerd,476648
18562,Wu,Qingdu,吳清度,Male,1618,1892,cerd,476649
18573,Zhang,Huairang,張懷勷,Male,90,1915,cerd,476650
18575,Zhang,Shaomian,張少勉,Male,877,1910,cerd,476651
18577,Zhang,Shaobo,張少伯,Male,1227,1916,cerd,476652
18579,Zhang,Guangzheng,張光正,Male,18580,1905,cerd,476653
18585,Zhang,Guangting,張光廷,Male,68,1902,cerd,476654
18588,Zhang,Guangxuan,張光暄,Male,1256,1897,cerd,476655
18591,Zhang,Guangren,張光壬,Male,18580,1910,cerd,476656
18598,Zhang,Guangning,張光寧,Male,71,1913,cerd,476657
18602,Zhang,Guangfu,張光黼,Male,1256,1911,cerd,476659
18615,Zhang,Guangdou,張光斗,Male,807,1914,cerd,476660
18635,Wu,Dihuan,吳迪寰,Male,1004,NA,cerd,476661
18636,Wu,Qingquan,吳清泉,Male,965,1905,cerd,476662
18650,Feng,Baojian,馮寶鑑,Male,965,NA,cerd,476663
18652,Feng,Zongwei,馮宗蔚,Male,1636,1907,cerd,476664
18655,Feng,Junchi,馮濬墀,Male,427,1901,cerd,476665
18663,Feng,Zhaoduan,馮兆端,Male,4977,1904,cerd,476666
18668,Feng,Zhanyao,馮湛耀,Male,NA,NA,cerd,476667
18671,Feng,Fayun,馮法雲,Male,16661,1913,cerd,476668
18675,Feng,Lingxiao,馮凌霄,Male,18676,1912,cerd,476670
18681,Feng,Zukun,馮祖琨,Male,544,1910,cerd,476671
18683,Feng,Daocheng,馮道澄,Male,4086,1905,cerd,476672
18685,Feng,Qitang,馮啓堂,Male,7006,1916,cerd,476673
18687,Feng,Shiqiao,馮士翹,Male,2071,1900,cerd,476674
18689,Feng,Youshen,馮有申,Male,16224,1915,cerd,476675
18691,Feng,Jiaxian,馮嘉顯,Male,7006,1911,cerd,476676
18693,Feng,Shicheng,馮式棖,Male,NA,NA,cerd,476677
18695,Feng,Lanxi,馮蘭溪,Male,18697,1910,cerd,476678
18699,Zhang,Guanghan,張光漢,Male,2071,1902,cerd,476679
18701,Zhang,Guangqi,張光圻,Male,1256,1897,cerd,476681
18716,Zhang,Guangdi,張光棣,Male,1664,1912,cerd,476682
18721,Zhang,Guangkui,張光揆,Male,1256,1908,cerd,476683
18724,Zhang,Guangsi,張光嗣,Male,717,1899,cerd,476684
18730,Zhang,Guangzhao,張光釗,Male,1256,NA,cerd,476685
18731,Wu,Weiting,吳渭庭,Male,5131,1916,cerd,476686
18734,Wu,Runze,吳潤澤,Male,7055,1913,cerd,476687
18736,Zhang,Guangqi,張光錡,Male,1256,NA,cerd,476688
18738,Wu,Runfan,吳潤蕃,Male,2780,1914,cerd,476689
18741,Wu,Hongding,吳鴻鼎,Male,1664,NA,cerd,476690
18744,Wu,Hongbin,吳鴻彬,Male,6572,1909,cerd,476692
18745,Zhang,Guangrui,張光銳,Male,8262,NA,cerd,476693
18756,Wu,Hongzhao,吳鴻照,Male,877,1899,cerd,476694
18759,Zhang,Guangrong,張光榮,Male,74,1916,cerd,476695
18765,Zhang,Xiaohu,張肖虎,Male,965,1914,cerd,476696
18770,Zhang,Shangli,張尚禮,Male,9117,NA,cerd,476697
18775,Zhang,Binghao,張炳豪,Male,1409,1884,cerd,476698
18778,Wu,Jieting,吳潔亭,Male,5282,NA,cerd,476699
18780,Wu,Zulong,吳祖龍,Male,NA,NA,cerd,476700
18781,Zhang,Bingwen,張炳文,Male,18784,1912,cerd,476701
18783,Wu,Zujie,吳祖杰,Male,71,1896,cerd,476703
18789,Yuan,Zukai,吳祖塏,Male,1604,1914,cerd,476704
18790,Zhang,Bingjian,張炳漸,Male,3768,NA,cerd,476705
18792,Wu,Zuquan,吳祖銓,Male,NA,NA,cerd,476706
18795,Wu,Yingfu,吳迎福,Male,3739,1909,cerd,476707
18797,Wu,Shuquan,吳漱泉,Male,556,1899,cerd,476708
18798,Zhang,Bingnan,張炳南,Male,562,1910,cerd,476709
18804,Zhang,Bingkun,張炳坤,Male,2313,NA,cerd,476710
18807,Zhang,Bingchun,張炳春,Male,562,1903,cerd,476711
18820,Wu,Xiangtai,吳祥泰,Male,7045,1912,cerd,476712
18824,Wu,Xiangqi,吳祥麒,Male,1604,1897,cerd,476714
18829,Zhang,Bingzhao,張炳照,Male,388,1912,cerd,476715
18834,Feng,Baoyun,馮葆鋆,Male,3042,1914,cerd,476716
18836,Feng,Zhimei,馮芝梅,Male,9040,1903,cerd,476717
18838,Feng,Shichang,馮世昌,Male,6617,1891,cerd,476718
18840,Feng,Qili,馮其禮,Male,909,1890,cerd,476719
18844,Feng,Qichang,馮其昌,Male,909,NA,cerd,476720
18846,Feng,Shurong,馮樹榮,Male,1817,1911,cerd,476721
18848,Feng,Guilian,馮桂連,Male,74,1910,cerd,476722
18854,Feng,Zengshou,馮增壽,Male,6617,1914,cerd,476723
18856,Feng,Hanming,馮翰銘,Male,449,1916,cerd,476725
18858,Feng,Jingchang,馮敬常,Male,62,NA,cerd,476726
18860,Feng,Huilin,馮惠麟,Male,7006,1916,cerd,476727
18862,Feng,Suxing,馮素行,Female,3608,1914,cerd,476728
18864,Feng,Fujin,馮輔晉,Male,950,1917,cerd,476729
18866,Feng,Chengshi,馮成湜,Male,965,1913,cerd,476730
18868,Feng,Guozuo,馮國佐,Male,9117,NA,cerd,476731
18870,Feng,Siyi,馮思異,Male,3924,1905,cerd,476732
18873,Feng,Sixian,馮思賢,Male,18874,NA,cerd,476733
18878,Feng,Enming,馮恩銘,Male,7006,1897,cerd,476734
18881,Wu,Daoyi,吳道一,Male,903,1896,cerd,476736
18896,Wu,Daozhong,吳道中,Male,6701,1916,cerd,476737
18898,Wu,Daoqiong,吳道瓊,Male,8641,1915,cerd,476738
18901,Wu,Daolong,吳道隆,Male,765,1890,cerd,476739
18909,Wu,Zhaozhou,吳肇周,Male,388,1900,cerd,476740
18926,Wu,Zhaoxing,吳肇興,Male,18927,1918,cerd,476741
18929,Wu,Qiyou,吳啓佑,Male,765,1899,cerd,476742
18934,Wu,Qizhong,吳啓中,Male,553,1901,cerd,401795
18946,Wu,Darong,吳大榕,Male,1079,1913,cerd,476743
18950,Wu,Dazhang,吳大暲,Male,9311,1899,cerd,476744
18957,Wu,Taibin,吳太彬,Male,16226,1913,cerd,476745
18960,Wu,Shijin,吳士晉,Male,590,NA,cerd,476747
18964,Zhu,Lun,朱綸,Male,2352,1912,cerd,476748
18967,Zhu,Huai,朱淮,Male,909,1915,cerd,476749
18969,Zhu,Huan,朱寰,Male,1409,1914,cerd,476750
18971,Zhu,Bin,朱彬,Male,74,1900,cerd,476751
18975,Zhu,Cheng,朱城,Male,2443,NA,cerd,476752
18977,Zhu,Yue,朱樾,Male,765,1894,cerd,476753
18980,Zhu,Dong,朱棟,Male,2443,1908,cerd,476754
18984,Zhu,Tan,朱坦,Male,1409,1914,cerd,476755
18987,Zhu,Tai,朱泰,Male,18988,1911,cerd,476756
18990,Zhu,Xian,朱咸,Male,14247,1915,cerd,476759
18993,Zhu,Hui,朱揮,Male,1748,1910,cerd,476760
18997,Zhu,Jue,朱覺,Male,18998,1914,cerd,476761
19000,Xu,Linfu,許麟紱,Male,NA,NA,cerd,476762
19003,Xu,Yuzan,許玉贊,Male,1604,1911,cerd,476763
19007,Xu,Yuanhan,許元瀚,Male,765,1897,cerd,476764
19020,Xu,Yuanqi,許元啓,Male,903,1901,cerd,476765
19029,Xu,Tianmin,許天民,Male,1975,1909,cerd,333326
19035,Xu,Yunquan,許雲泉,Male,965,1910,cerd,476766
19047,Xu,Yanhui,許延輝,Male,449,1905,cerd,476767
19056,Guo,Efen,郭萼芬,Female,3608,1914,cerd,476768
19058,Guo,Yintan,郭蔭檀,Male,2071,1901,cerd,476770
19061,Guo,Yinzhen,郭蔭榛,Male,8008,NA,cerd,476771
19063,Guo,Yinbo,郭蔭柏,Male,4407,1902,cerd,476772
19069,Guo,Yintian,郭蔭田,Male,2884,1913,cerd,476773
19071,Guo,Baochen,郭葆琛,Male,14608,1901,cerd,476774
19077,Guo,Maocheng,郭懋誠,Male,8174,NA,cerd,476775
19080,Guo,Maoying,郭懋鍈,Male,950,1915,cerd,476776
19082,Guo,Wanxie,郭萬協,Male,19083,1904,cerd,476777
19087,Guo,Shiwen,郭世文,Male,19088,NA,cerd,476778
19090,Guo,Shiwan,郭世綰,Male,60,1888,cerd,476779
19092,Guo,Shijie,郭世傑,Male,749,1896,cerd,476781
19094,Guo,Shifen,郭世汾,Male,19095,NA,cerd,476782
19097,Guo,Shiying,郭世英,Male,5463,1900,cerd,476783
19104,Guo,Qizhang,郭其章,Male,1618,1916,cerd,476784
19106,Guo,Qiyu,郭其豫,Male,5118,1913,cerd,476785
19108,Guo,Shuping,郭樹屏,Male,1299,NA,cerd,476786
19111,Guo,Guimao,郭桂茂,Male,13462,1908,cerd,476787
19118,Guo,Guichang,郭桂昌,Male,13462,NA,cerd,476788
19120,Guo,Dihuo,郭棣活,Male,74,1905,cerd,476789
19123,Guo,Qiyun,郭起雲,Male,14301,1906,cerd,476790
19131,Guo,Zengwang,郭增望,Male,1016,1912,cerd,476792
19134,Guo,Zengzhi,郭增芝,Male,1359,1902,cerd,476793
19136,Guo,Zhongzheng,郭中錚,Male,553,1899,cerd,476794
19148,Guo,Benjian,郭本堅,Male,1161,1910,cerd,476795
19150,Xu,Naibo,許乃波,Male,886,1909,cerd,476796
19155,Xu,Naimao,許乃茂,Male,1409,1915,cerd,476797
19157,Xu,Chengxian,許承先,Male,1573,NA,cerd,476798
19161,Xu,Gongji,許鞏基,Male,562,1895,cerd,476799
19165,Xu,Xinzhong,許信鍾,Male,1079,1912,cerd,476800
19168,Xu,Bingjun,許秉鈞,Male,NA,NA,cerd,476801
19170,Xu,Weixin,許維新,Male,NA,NA,cerd,476803
19172,Xu,Weizhu,許維珠,Male,1857,1913,cerd,476804
19174,Xu,Weizhang,許維長,Male,4130,1900,cerd,476805
19184,Xu,Zhichan,許止禪,Male,62,1899,cerd,476806
19189,Xu,Xingcheng,許行成,Male,80,1895,cerd,476807
19201,Xu,Yanzhuo,許衍灼,Male,3023,1884,cerd,388310
19214,Xu,Xiongchun,許熊椿,Male,877,1903,cerd,476808
19216,Xu,Chongshan,許崇山,Male,1941,1915,cerd,476809
19218,Xu,Chongji,許崇基,Male,NA,NA,cerd,476810
19220,Xu,Chongzhou,許崇周,Male,590,1888,cerd,476811
19233,Xu,Jizeng,許繼曾,Male,16058,NA,cerd,476812
19238,Xu,Junjie,許俊傑,Male,9040,1898,cerd,476814
19240,Xu,Jiaxuan,許稼軒,Male,1100,NA,cerd,476815
19242,Xu,Xiantao,許先濤,Male,19243,NA,cerd,476816
19247,Xu,Deji,許德紀,Male,8553,1908,cerd,476817
19257,Xu,Xianong,許俠農,Male,3703,1911,cerd,476818
19263,Xu,Fujing,許傅經,Male,1903,NA,cerd,476819
19265,Xu,Mingjie,許名杰,Male,1607,1892,cerd,476820
19270,Xu,Shaotang,許紹棠,Male,4320,NA,cerd,476821
19274,Xu,Fuyang,許復陽,Male,1409,1888,cerd,476822
19281,Xu,Chongzhang,許寵章,Male,16065,1899,cerd,476823
19291,Xu,Zhihuan,許之煥,Male,751,1908,cerd,476825
19297,Xu,Baojun,許寳俊,Male,765,1916,cerd,476826
19300,Xu,Baoliang,許寳良,Male,965,1901,cerd,476827
19310,Xu,Baohan,許寳漢,Male,1993,1916,cerd,476828
19312,Zhu,Kun,朱焜,Male,71,NA,cerd,476829
19314,Zhu,Yao,朱耀,Male,909,1891,cerd,476830
19316,Zhu,Shangping,朱商平,Male,74,1901,cerd,476831
19318,Zhu,Yingkui,朱應奎,Male,67,1896,cerd,371399
19321,Zhu,Tingyuan,朱庭遠,Male,6556,NA,cerd,476832
19323,Zhu,Tingzhi,朱庭芝,Male,7956,1913,cerd,476833
19325,Zhu,Qingyu,朱慶玉,Male,4412,1908,cerd,476834
19327,Zhu,Qinghe,朱慶和,Male,511,1916,cerd,476836
19329,Zhu,Guangyi,朱廣頤,Male,879,1915,cerd,476837
19333,Zhu,Wenrui,朱文瑞,Male,NA,NA,cerd,476838
19337,Zhu,Wenxiu,朱文秀,Male,1659,1906,cerd,476839
19344,Zhu,Wenyuan,朱文沅,Male,1664,1899,cerd,476840
19351,Zhu,Wenda,朱文達,Male,1100,NA,cerd,476841
19354,Zhu,Wenrong,朱文榮,Male,1626,NA,cerd,476842
19356,Zhu,Zhongliang,朱衷梁,Male,522,1905,cerd,476843
19362,Zhu,Zhongqing,朱衷檠,Male,522,1910,cerd,476844
19368,Zhu,Xunyi,朱訓彝,Male,5335,1912,cerd,476845
19371,Zhu,Yongyi,朱詠沂,Male,1695,1902,cerd,476847
19376,Zhu,Puying,朱譜英,Male,5964,1916,cerd,476848
19378,Zhu,Zhengchao,朱正朝,Male,1079,1905,cerd,476849
19381,Zhu,Zhengming,朱正銘,Male,965,1909,cerd,476850
19385,Zhu,Yulun,朱玉崙,Male,2690,1903,cerd,9990
19397,Lei,Bangjing,雷邦璟,Male,NA,NA,cerd,476851
19399,Lei,Tongyun,雷同允,Male,19400,1913,cerd,476852
19403,Lei,Tonggui,雷同貴,Male,18366,1907,cerd,476853
19405,Lei,Tongnian,雷同年,Male,4977,1914,cerd,476854
19407,Lei,Guangxian,雷光憲,Male,5073,1903,cerd,476855
19420,Lei,Binglin,雷炳林,Male,74,1882,cerd,476856
19423,Ke,Changqing,可常清,Male,4759,1902,cerd,476858
19433,Yun,Zhen,雲鎮,Male,427,1916,cerd,476859
19435,Gong,Shumei,貢樹梅,Male,14247,1910,cerd,476860
19438,Jia,Qi,賈琦,Male,2732,1912,cerd,476861
19440,Jia,Qi,賈琦,Male,6904,1909,cerd,476862
19445,Jia,Huan,賈環,Male,2071,1911,cerd,476863
19447,Jia,Zhen,賈珍,Male,2732,1895,cerd,476864
19451,Jia,Wei,賈維,Male,15503,1895,cerd,476865
19453,Jia,Fan,賈範,Male,NA,NA,cerd,476866
19455,Jia,Lixun,賈立勛,Male,19456,1910,cerd,476867
19458,Jia,Xizhen,賈席珍,Male,719,1905,cerd,476870
19463,Jia,Tingxiu,賈庭秀,Female,673,1918,cerd,476871
19467,Jia,Tinghua,賈廷華,Male,723,1889,cerd,476872
19469,Jia,Chengwen,賈承文,Male,11135,1916,cerd,476873
19471,Jia,Zizhen,賈子珍,Male,2071,NA,cerd,476874
19473,Jia,Zhan'ao,賈占鰲,Male,1664,NA,cerd,476875
19477,Jia,Zhenfu,賈貞富,Male,522,1909,cerd,476876
19479,Jia,Chonggui,賈崇桂,Male,1578,1913,cerd,476877
19481,Jia,Jishan,賈繼山,Male,2071,1899,cerd,476878
19484,Jia,Junqing,賈俊清,Male,2732,1907,cerd,476879
19486,Jia,Kuiyuan,賈魁元,Male,12014,1902,cerd,476881
19488,Jia,Zhongkang,賈仲康,Male,19489,1915,cerd,476882
19491,Jia,Xiudian,賈修典,Male,1487,1910,cerd,476883
19496,Jia,Shaotang,賈紹唐,Male,2071,1909,cerd,476884
19499,Jia,Shuyao,賈述堯,Male,19500,NA,cerd,476885
19502,Jia,Zhusan,賈祝三,Male,2884,1909,cerd,476886
19509,Jia,Hongkui,賈鴻逵,Male,427,NA,cerd,476887
19512,Jia,Jiuling,賈九齡,Male,18988,1913,cerd,476888
19514,Jia,Shi'e,賈士諤,Male,8927,1912,cerd,476889
19516,Jia,Kezhen,賈克振,Male,19517,1914,cerd,476890
19519,Jia,Cunde,賈存德,Male,9578,NA,cerd,476892
19521,Jia,Cunjian,賈存鑑,Male,1042,1903,cerd,476893
19528,Feng,Jinglan,馮景蘭,Male,1592,1899,cerd,476894
19539,Feng,Xianyao,馮顯耀,Male,1305,1914,cerd,476895
19541,Feng,Shixing,馮時行,Male,807,1911,cerd,476896
19546,Feng,Mingke,馮鳴珂,Male,7006,1898,cerd,476897
19559,Feng,Luxian,馮路先,Male,19560,1913,cerd,476898
19562,Feng,Yangchi,馮颺墀,Male,427,NA,cerd,476899
19566,Feng,Pengling,馮鵬齡,Male,1364,1910,cerd,476900
19573,Feng,Tongyou,馮同有,Male,7055,NA,cerd,476901
19576,Feng,Xichun,馮熙純,Male,427,1899,cerd,476903
19580,Feng,Ximin,馮熙敏,Male,427,NA,cerd,476904
19583,Zhu,Yuru,朱玉如,Male,NA,NA,cerd,476905
19585,Zhu,Tianbing,朱天秉,Male,877,1901,cerd,371233
19597,Zhu,Tianli,朱天吏,Male,9552,1912,cerd,476906
19603,Zhu,Yousheng,朱酉生,Male,2985,1909,cerd,476907
19605,Zhu,Jintang,朱晉塘,Male,1161,1910,cerd,476908
19608,Zhu,Leizhang,朱雷章,Male,1636,1905,cerd,476909
19618,Zhang,Xinlian,張炘廉,Male,10399,1903,cerd,476910
19622,Zhang,Weifu,張煒福,Male,2071,1902,cerd,476911
19632,Zhu,Leixiang,朱雲湘,Male,590,1914,cerd,476912
19634,Zhu,Ruiduo,朱瑞鐸,Male,4977,1907,cerd,476914
19637,Zhu,Ruijie,朱瑞節,Male,1604,1903,cerd,476915
19649,Zhu,Yanping,朱延平,Male,4272,1893,cerd,361880
19652,Zhu,Yanguang,朱延光,Male,909,NA,cerd,476916
19655,Zhu,Jianzhang,朱建章,Male,719,NA,cerd,476917
19658,Zhu,Jianxia,朱建霞,Male,16722,1913,cerd,476918
19660,Zhu,Jianzhong,朱建中,Male,1042,1916,cerd,476919
19662,Zhu,Chengjue,朱承珏,Male,1079,NA,cerd,476920
19664,Zhu,Chengye,朱承業,Male,2542,1912,cerd,476921
19668,Zhu,Chengji,朱承基,Male,2542,1915,cerd,9971
19671,Zhu,Chengnan,朱承楠,Male,14753,1901,cerd,476922
19680,Zhu,Ziqian,朱子燂,Male,3608,1915,cerd,476923
19684,Zhang,Yichen,張怡忱,Male,866,1911,cerd,476925
19688,Zhang,Shenyan,張慎言,Male,10761,1899,cerd,476926
19690,Zhang,Shenxiu,張慎修,Male,1036,NA,cerd,476927
19692,Zhang,Xingcheng,張性成,Male,7911,1896,cerd,476928
19696,Zhang,Xunmei,張恂美,Male,877,NA,cerd,476929
19698,Feng,Yuzhen,馮譽臻,Male,427,NA,cerd,337580
19701,Feng,Zhongyu,馮鍾豫,Male,1592,1917,cerd,476930
19703,Feng,Jinquan,馮錦泉,Male,2780,1912,cerd,476931
19706,Feng,Jinxin,馮錦心,Male,NA,NA,cerd,476932
19708,Feng,Huaide,馮懷德,Male,743,1903,cerd,476933
19710,Feng,Shaotang,馮少唐,Male,19711,1899,cerd,476934
19713,Feng,Guangchi,馮光墀,Male,427,1912,cerd,476936
19716,Feng,Guangcheng,馮光成,Male,74,1901,cerd,476937
19726,Feng,Bingxiang,馮炳祥,Male,71,1907,cerd,476938
19729,Feng,Bingzeng,馮炳曾,Male,11962,1902,cerd,476939
19733,Feng,Huihan,馮輝漢,Male,566,1917,cerd,476940
19735,Gu,Lang,顧琅,Male,1881,1882,cerd,476941
19754,Zhang,Yaojun,張耀君,Male,566,1915,cerd,476942
19756,Zhang,Yaozong,張耀宗,Male,15783,1912,cerd,476943
19758,Zhang,Yaodou,張耀斗,Male,8893,1909,cerd,476944
19761,Zhang,Yaohuan,張耀桓,Male,8916,1912,cerd,476945
19763,Zhang,Yaori,張耀日,Male,2797,NA,cerd,476947
19765,Zhang,Yaoguang,張耀光,Male,18580,NA,cerd,476948
19767,Zhang,Huanchang,張煥常,Male,3935,1912,cerd,476949
19769,Zhang,Huinan,張煇南,Male,427,1915,cerd,476950
19771,Zhang,Yiguang,張熠光,Male,1231,1885,cerd,476951
19778,Jia,Zhilong,賈志龍,Male,2732,1905,cerd,476952
19788,Jia,Yintang,賈蔭棠,Male,7347,1912,cerd,476953
19791,Jia,Baoyi,賈葆毅,Male,3780,NA,cerd,476954
19795,Jia,Xiaoqian,賈孝謙,Male,9263,1913,cerd,476955
19801,Jia,Yingyun,賈英雲,Male,76,1896,cerd,476956
19806,Jia,Shichang,賈世昌,Male,8202,1904,cerd,476958
19808,Jia,Dongchang,賈東昶,Male,1364,1912,cerd,476959
19810,Jia,Zhenhua,賈振華,Male,19811,NA,cerd,476960
19815,Jia,Chenghe,賈成和,Male,1903,1906,cerd,476961
19825,Jia,Jingyi,賈景誼,Male,11545,NA,cerd,476962
19827,Jia,Jingyi,賈景誼,Male,7484,1907,cerd,476963
19829,Jia,Mingyuan,賈明元,Male,19830,1900,cerd,476964
19836,Jia,Diankui,賈殿魁,Male,19837,1911,cerd,476965
19839,Jia,Diankui,賈殿魁,Male,19840,NA,cerd,476966
19843,Jai,Kaitai,賈開泰,Male,76,1896,cerd,476967
19847,Jia,Yuling,賈毓靈,Male,15783,1912,cerd,476969
19849,Jia,Yuxiu,賈毓秀,Male,19850,1897,cerd,476970
19852,Jia,Yushan,賈毓山,Male,4449,1907,cerd,476971
19854,Jia,Shanda,賈善達,Male,2071,NA,cerd,476972
19856,Jia,Shanshu,賈善書,Male,2071,1906,cerd,476973
19864,Jia,Xitong,賈錫彤,Male,8174,1914,cerd,476974
19866,Jia,Zhutang,賈竹堂,Male,19867,1910,cerd,476975
19875,Jia,Xiaohou,賈小侯,Male,19876,1896,cerd,476976
19892,Jia,Rongxuan,賈榮軒,Male,11135,1899,cerd,476977
19898,Jia,Rong'En,賈榮恩,Male,19899,1906,cerd,476978
19903,Jia,Rongxian,賈榮顯,Male,11135,1908,cerd,476981
19907,Li,Peiying,栗培英,Male,NA,NA,cerd,476982
19909,Li,Lailin,栗來麟,Male,19911,NA,cerd,476983
19910,Zhu,Yipeng,朱翼鵬,Male,590,NA,cerd,476984
19916,Li,Shusheng,栗樹聲,Male,2071,1897,cerd,476985
19918,Ren,Lian,任廉,Male,2732,1897,cerd,476986
19921,Su,Yi,粟頤,Male,4816,1908,cerd,476987
19923,Ren,Zheng,任正,Male,10053,1902,cerd,476988
19928,Ren,Yi,任翼,Male,1630,1909,cerd,476989
19935,Ren,Ai,任愛,Male,743,1902,cerd,476990
19944,Su,Zongsong,粟宗嵩,Male,4816,1910,cerd,476992
19950,Ren,Ding,任鼎,Male,1042,NA,cerd,476993
19952,Ren,Lang,任朗,Male,511,1914,cerd,476994
19954,Ren,Hui,任慧,Female,1042,1911,cerd,476995
19957,Ren,Chongyi,任充義,Male,6256,1912,cerd,476996
19959,Ren,Tingshan,任庭珊,Male,1161,1901,cerd,476997
19963,Ren,Qingtang,任慶鏜,Male,749,NA,cerd,476998
19965,Ren,Wenquan,任文泉,Male,8780,1911,cerd,476999
19967,Wen,Longzhang,任龍章,Male,11962,1913,cerd,477000
19969,Ren,Dengshou,任登壽,Male,4394,1900,cerd,477001
19971,Ren,Chengshi,任承時,Male,2732,NA,cerd,477003
19973,Ren,Yudian,任禹甸,Male,6169,1895,cerd,477004
19978,Su,Weiwen,粟蔚文,Male,4816,1913,cerd,477005
19984,Ban,Xingmo,班興謨,Male,8202,1908,cerd,477006
19988,Ren,Yixin,任以信,Male,19990,1911,cerd,477007
19989,Zhen,Lin,甄琳,Male,7055,NA,cerd,477008
19993,Ren,Yiyong,任以永,Male,1630,1910,cerd,477009
19997,Ren,Jiayu,任家裕,Male,1100,1907,cerd,477010
19998,Zhen,Yi,甄沂,Male,4977,NA,cerd,477011
20007,Zhen,Yunxiang,甄雲祥,Male,9346,1900,cerd,477012
20008,Ren,Jiakun,任家昆,Male,71,1911,cerd,333827
20014,Ren,Zhigong,任之恭,Male,76,1907,cerd,477014
20023,Zhang,Suinong,張燧農,Male,590,1900,cerd,477015
20027,Zhen,Shaonan,甄召南,Male,2884,NA,cerd,477016
20029,Zhang,Yingzhen,張瑩珍,Male,5785,1908,cerd,477017
20030,Zhen,Zeyu,甄則宇,Male,4314,1911,cerd,477018
20032,Qu,Xiangxian,璩象咸,Male,12361,1884,cerd,477019
20035,Qu,Youshan,璩友善,Male,12361,1904,cerd,477020
20039,Qu,Dihua,璩棣華,Male,1079,1910,cerd,477021
20047,Xiang,Ting,項頲,Male,3884,1912,cerd,477022
20049,Xiang,Zhe,項蟄,Male,3884,NA,cerd,477023
20050,Zhang,Rongchun,張榮春,Male,14301,1915,cerd,477025
20057,Zhang,Rongfu,張榮甫,Male,2542,NA,cerd,477026
20058,Xiang,Song,項頌,Male,3884,1906,cerd,477027
20063,Zhang,Rongsheng,張榮勝,Male,1664,1913,cerd,477028
20065,Zhang,Rongdi,張榮第,Male,427,NA,cerd,477029
20067,Fei,Jixiu,斐繼休,Male,2071,1900,cerd,477030
20069,Pei,Qingbang,裴慶邦,Male,1079,NA,cerd,477031
20071,Pei,Yuansi,裴元嗣,Male,NA,NA,cerd,477032
20073,Pei,Baoren,裴保仁,Male,965,1912,cerd,477033
20076,Pei,Qingping,裴清平,Male,NA,1909,cerd,477034
20078,Pei,Yuji,裴遇驥,Male,10199,NA,cerd,477036
20080,Ban,Wenxu,班文藇,Male,20081,NA,cerd,477037
20083,Xiang,Renlan,項任瀾,Male,62,1898,cerd,477038
20093,Xiang,Zhida,項志達,Male,765,1899,cerd,477039
20097,Xiang,Zhixuan,項志選,Male,765,1914,cerd,477040
20100,Xiang,Wanfu,項萬孚,Male,4195,1908,cerd,477041
20105,Pei,Guanxi,裴冠西,Male,1079,1897,cerd,477042
20122,Pei,Guoxian,裴國賢,Male,1493,1913,cerd,477043
20125,Pei,Yixiang,裴益祥,Male,10603,1894,cerd,477044
20128,Pei,Xiling,裴錫齡,Male,1493,1892,cerd,477045
20130,Pei,Binglie,裴炳烈,Male,10199,NA,cerd,477047
20132,Ji,Shouxiang,冀守襄,Male,20133,NA,cerd,477048
20136,Ji,Xichun,冀希純,Male,3040,1912,cerd,477049
20140,Ji,Guiyan,冀桂岩,Male,751,1911,cerd,477050
20142,Shui,Chongpang,水崇龐,Male,342,NA,cerd,357146
20144,Shui,Chongxun,水崇遜,Male,342,1889,cerd,357147
20165,Yan,Bingfen,延秉灃,Male,12361,1911,cerd,477051
20167,Kong,Qian,孔潛,Male,1042,1915,cerd,477052
20169,Ren,Anshi,任安石,Male,5273,1910,cerd,477053
20173,Ren,Xinli,任心力,Male,5273,NA,cerd,477054
20175,Ren,Hongjuan,任鴻雋,Male,369,1888,cerd,247
20187,Ren,Disheng,任滌生,Male,5955,1910,cerd,477055
20189,Ren,Keyi,任克一,Male,20190,1913,cerd,477056
20192,Ren,Youqing,任有慶,Male,1042,1906,cerd,477058
20195,Ren,Zhigen,任志根,Male,1161,1899,cerd,477059
20202,Ren,Shoupeng,任壽彭,Male,20203,1905,cerd,477060
20205,Ren,Zhushi,任柱石,Male,3471,1913,cerd,477061
20207,Ren,Pengling,任彭齡,Male,1779,1909,cerd,477062
20209,Ren,Zaochen,任藻辰,Male,20210,1912,cerd,477063
20213,Ren,Baoliang,任葆良,Male,7055,1912,cerd,477064
20215,Ren,Baoheng,任葆恒,Male,7055,NA,cerd,477065
20217,Ren,Shijie,任世傑,Male,553,1901,cerd,477066
20225,Kong,Jie,孔杰,Male,13060,1904,cerd,477067
20232,Kong,Yan,孔雁,Male,1695,1902,cerd,477069
20233,Xiang,Huimin,項惠民,Male,765,1907,cerd,333289
20247,Xiang,Jingyu,項景焴,Male,3884,1912,cerd,477070
20249,Xiang,Xianluo,項顯洛,Male,12853,NA,cerd,477071
20251,Xiang,Xuehan,項學漢,Male,1161,1915,cerd,477072
20253,Xiang,Yisong,項益松,Male,1779,1902,cerd,477073
20260,Xiang,Junfang,項鈞方,Male,903,1909,cerd,477074
20266,Zhang,Li,張立,Male,429,1917,cerd,477075
20268,Zhang,Liang,張亮,Male,8780,1878,cerd,477076
20275,Zhang,Lian,張廉,Male,6169,NA,cerd,477077
20277,Zhang,Du,張度,Male,1556,NA,cerd,477078
20280,Zhang,Wen,張文,Male,909,1913,cerd,477080
20282,Zhang,Rang,張讓,Male,2797,1913,cerd,477081
20288,Zhang,Bin,張斌,Male,71,NA,cerd,477082
20290,Zhang,Mo,張謨,Male,1636,1913,cerd,477083
20292,Zhang,Gao,張誥,Male,9578,1899,cerd,477084
20294,Zhang,Ti,張䛱,Male,7911,1903,cerd,477085
20296,Zhang,Jin,張瑨,Male,7347,1899,cerd,477086
20307,Zhang,Qin,張琴,Male,80,NA,cerd,477087
20309,Zhang,Rui,張瑞,Male,1487,1916,cerd,477088
20311,Zhang,Rui,張瑞,Male,427,NA,cerd,477089
20313,Zhang,Lie,張烈,Male,1664,1912,cerd,477092
20320,Zhang,Zan,張瓚,Male,8920,NA,cerd,477093
20323,Zhang,Lin,張琳,Male,1817,1913,cerd,477094
20325,Zhang,Jie,張碣,Male,5073,1903,cerd,477095
20331,Zhang,Lu,張璐,Male,717,1916,cerd,477096
20333,Zhang,Quan,張㻇,Male,427,1917,cerd,477097
20335,Zhang,Sui,張璲,Male,2732,1910,cerd,477098
20337,Zhang,Xin,張信,Male,903,1901,cerd,477099
20339,Zhang,Xin,張信,Male,1364,NA,cerd,477100
20341,Zhang,Xin,張信,Male,20342,1911,cerd,477101
20346,Zhang,Wei,張維,Male,410,1913,cerd,477103
20350,Ren,Chaoyuan,任朝垣,Male,9040,1903,cerd,477104
20353,Ren,Zhenji,任振基,Male,20354,NA,cerd,477105
20356,Ren,Banghuai,任邦懷,Male,5273,1916,cerd,477106
20358,Ren,Xuqian,任勗乾,Male,1002,1900,cerd,477107
20367,Ren,Guochang,任國常,Male,1630,1898,cerd,333816
20379,Ren,Jichang,任際昌,Male,2884,NA,cerd,477108
20382,Ren,Dianyuan,任殿元,Male,9772,1894,cerd,477109
20391,Ren,Juguang,任居廣,Male,9117,1904,cerd,477110
20395,Ren,Xuexin,任學信,Male,726,1909,cerd,477111
20400,Ren,Kaijun,任開鈞,Male,1643,1908,cerd,477112
20403,Ren,Xinggang,任興綱,Male,4394,1902,cerd,477114
20408,Ren,Xingchang,任興常,Male,4394,1906,cerd,477115
20410,Ren,Yuzhong,任毓鍾,Male,15590,1915,cerd,477116
20412,Ren,Xilin,任錫麟,Male,10003,NA,cerd,477117
20414,Ren,Shangwu,任尙武,Male,5273,1896,cerd,477118
20419,Cui,Wei,崔巍,Male,4079,1907,cerd,477119
20427,Cui,Qi,崔歧,Male,2732,1902,cerd,477120
20429,Cui,Qi,崔淇,Male,4079,1889,cerd,477121
20431,Zhang,Wei,張維,Male,1682,1899,cerd,477122
20433,Zhang,Qian,張虔,Male,2797,1914,cerd,477123
20435,Zhang,Ying,張穎,Male,7174,NA,cerd,477125
20439,Zhang,Luan,張鑾,Male,19711,1908,cerd,477126
20443,Zhang,Luan,張鑾,Male,449,1889,cerd,477127
20464,Zhang,Ren,張任,Male,3750,1906,cerd,477128
20468,Zhang,Hua,張化,Male,20470,1910,cerd,477129
20474,Zhang,Wei,張偉,Male,556,1893,cerd,477130
20486,Zhang,Wei,張偉,Male,1189,1909,cerd,477131
20491,Zhang,Ji,張佶,Male,63,1899,cerd,477132
20496,Zhang,Jian,張健,Male,2732,1910,cerd,477133
20498,Zhang,Jie,張傑,Male,20499,NA,cerd,477134
20501,Xu,Baoshu,許寳樞,Male,449,1914,cerd,477136
20503,Zhang,Jie,張傑,Male,NA,NA,cerd,477137
20506,Zhang,Yi,張彝,Male,4079,1894,cerd,477138
20509,Zhang,Gang,張綱,Male,11209,1908,cerd,477139
20510,Xu,Yinwei,許寅威,Male,9772,NA,cerd,477140
20512,Zhang,Shi,張適,Male,20513,1898,cerd,477141
20516,Xu,Baochang,許寳昌,Male,4195,1902,cerd,477142
20526,Xu,Baoxian,許寳賢,Male,3265,1904,cerd,477143
20529,Zhang,Bin,張賓,Male,782,1896,cerd,477144
20531,Xu,Zongkang,許宗亢,Male,909,NA,cerd,477145
20535,Xu,Zongxi,許宗熙,Male,13364,1917,cerd,477147
20539,Xu,Xinwu,許心武,Male,496,1893,cerd,328939
20547,Zhang,Yuan,張沅,Male,429,1883,cerd,477149
20549,Xu,Zhizhi,許治之,Male,4079,1895,cerd,477150
20554,Zhang,Fu,張福,Male,20555,1912,cerd,477151
20556,Xu,Weilu,許爲祿,Male,9535,1913,cerd,477152
20563,Xu,Ruxing,許汝行,Male,965,1912,cerd,477153
20566,Zhang,Bing,張冰,Male,877,NA,cerd,477154
20568,Zhang,Han,張漢,Male,10603,1915,cerd,477155
20570,Zhang,Rong,張溶,Male,4371,1911,cerd,477156
20572,Zhang,Zi,張滋,Male,2183,1912,cerd,477158
20576,Zhang,Tao,張濤,Male,4394,1904,cerd,477159
20578,Zhang,Tao,張濤,Male,20579,NA,cerd,477160
20581,Zhang,Hao,張浩,Male,7718,1875,cerd,367187
20595,Zhang,Li,張禮,Male,20596,NA,cerd,477161
20598,Zhang,Hong,張鴻,Male,1664,NA,cerd,477162
20603,Zhang,Dao,張道,Male,14954,1888,cerd,477163
20605,Xu,Hongda,許鴻達,Male,2641,NA,cerd,477164
20612,Zhang,Pan,張泮,Male,13119,1912,cerd,477165
20615,Zhang,Kui,張奎,Male,1189,1900,cerd,477166
20618,Zhang,Jing,張境,Male,3560,1902,cerd,477167
20632,Zhang,Zhi,張志,Male,1682,1906,cerd,477169
20635,Xu,Zhaohua,許肇驊,Male,20636,1912,cerd,477170
20642,Xu,Daoqian,許道謙,Male,765,NA,cerd,477171
20646,Zhang,Yuan,張垣,Male,3829,NA,cerd,477172
20648,Zhang,Kai,張楷,Male,765,1912,cerd,477173
20650,Xu,Daosheng,許道生,Male,553,1910,cerd,477174
20651,Zhang,Wei,張蔚,Male,9523,1902,cerd,477175
20654,Zhang,Shen,張莘,Male,4425,1897,cerd,477176
20657,Zhang,Hua,張華,Male,601,1902,cerd,16946
20673,Zhang,Quan,張權,Male,1409,1915,cerd,477177
20675,Zhang,Quan,張權,Male,1210,1902,cerd,477178
20686,Xu,Qimin,許啓敏,Male,965,1903,cerd,477180
20689,Zhang,Yun,張鋆,Male,1079,1919,cerd,477181
20692,Zhang,Xin,張馨,Male,2942,NA,cerd,477182
20694,Zhang,Zhan,張枬,Male,2732,1913,cerd,477183
20696,Zhang,Zhan,張枬,Male,10780,1892,cerd,367017
20715,Zhang,Ge,張格,Male,765,1911,cerd,477184
20717,Zhang,Zeng,張增,Male,1682,1883,cerd,477185
20728,Zhang,Zhong,張中,Male,511,1913,cerd,477186
20733,Zhang,Zhong,張中,Male,22209,1893,cerd,477187
20741,Zhang,Su,張肅,Male,2797,1909,cerd,477188
20743,Zhang,Dian,張典,Male,20744,NA,cerd,477189
20746,Cui,Gang,崔剛,Male,3608,1911,cerd,477191
20747,Cui,Tong,崔桐,Male,20748,1896,cerd,477192
20761,Cui,Tie,崔鐵,Male,20762,1900,cerd,477193
20774,Cui,Wentang,崔文堂,Male,5992,NA,cerd,477194
20776,Cui,Longguang,崔龍光,Male,3608,1908,cerd,477195
20787,Cui,Shaocheng,崔韶成,Male,6460,NA,cerd,477196
20789,Cui,Linfa,崔麟法,Male,652,1900,cerd,477197
20801,Cui,Yuyin,崔玉印,Male,4371,NA,cerd,477198
20803,Cui,Yuanshan,崔元善,Male,4079,1910,cerd,477199
20806,Cui,Erfeng,崔爾豐,Male,562,1907,cerd,477200
20810,Cui,Erjun,崔爾俊,Male,2780,1914,cerd,477203
20813,Cui,Keren,崔可仁,Male,20814,1912,cerd,477204
20818,Cui,Yunxiu,崔雲岫,Male,7347,1906,cerd,477205
20819,Xu,Peizu,許培祖,Male,562,1909,cerd,477206
20825,Xu,Youer,許有二,Male,590,NA,cerd,477207
20826,Cui,Yunqing,崔雲卿,Male,427,1887,cerd,477208
20834,Xu,Zhixiu,許志修,Male,11413,1909,cerd,477209
20836,Xu,Zhichun,許志椿,Male,1042,1908,cerd,477210
20840,Xu,Zhiheng,許志恆,Male,1042,NA,cerd,477211
20842,Xu,Shouyi,許壽詒,Male,NA,NA,cerd,477212
20845,Xu,Shousong,許壽松,Male,1604,1909,cerd,477214
20847,Xu,Zaiguang,許載光,Male,1975,NA,cerd,477215
20851,Xu,Zaolan,許藻瀾,Male,NA,NA,cerd,477216
20853,Xu,Maozhong,許茅鍾,Male,601,1913,cerd,477217
20855,Xu,Baoheng,許葆珩,Male,62,1902,cerd,477218
20858,Xu,Maoxun,許懋勳,Male,1664,1918,cerd,477219
20860,Xu,Maorong,許懋榕,Male,1607,1910,cerd,477220
20863,Xu,Shixuan,許世瑄,Male,909,1906,cerd,477221
20866,Xu,Shifan,許世藩,Male,8508,1906,cerd,477222
20868,Xu,Shifen,許世芬,Male,68,1888,cerd,477223
20872,Xu,Shipin,許世品,Male,80,1913,cerd,477225
20874,Xu,Qichang,許其昌,Male,NA,NA,cerd,477226
20876,Xu,Qiguang,許其光,Male,4977,1914,cerd,477227
20878,Xu,Shuchi,許樹墀,Male,NA,NA,cerd,477228
20880,Xu,Shengchao,許聲潮,Male,13001,1914,cerd,477229
20889,Xu,Qipeng,許起鵬,Male,71,1900,cerd,477230
20892,Xu,Tongsen,許桐森,Male,427,1910,cerd,477231
20896,Cui,Bilin,崔碧臨,Male,76,1900,cerd,477232
20898,Cui,Mengpu,崔孟璞,Male,15822,1908,cerd,477233
20900,Cui,Naichang,崔乃昌,Male,4412,1911,cerd,477234
20902,Cui,Naixuan,崔乃煊,Male,4412,1913,cerd,477236
20904,Cui,Chenglie,崔承烈,Male,3901,1902,cerd,477237
20906,Cui,Buying,崔步瀛,Male,7306,1905,cerd,477238
20911,Cui,Deyi,崔德儀,Male,765,1913,cerd,477239
20913,Cui,Delin,崔得霖,Male,3226,1904,cerd,477240
20924,Cui,Youzhi,崔攸之,Male,10958,1903,cerd,477241
20927,Cui,Shouxin,崔守新,Male,1630,NA,cerd,477242
20931,Cui,Zongkun,崔宗堃,Male,9346,1896,cerd,477243
20935,Cui,Zongpei,崔宗培,Male,9772,NA,cerd,477244
20937,Cui,Zongcheng,崔宗城,Male,9772,1899,cerd,477245
20939,Cui,Zhaoding,崔兆鼎,Male,3608,1914,cerd,477247
20941,Cui,Dongyuan,崔洞源,Male,4846,1902,cerd,477248
20945,Cui,Runjin,崔潤金,Male,2732,1899,cerd,477249
20947,Cui,Zumo,崔祖模,Male,10029,1907,cerd,477250
20950,Cui,Hefeng,崔鶴峯,Male,21325,1895,cerd,477251
20952,Cui,Peili,崔培禮,Male,719,NA,cerd,477252
20956,Cui,Keming,崔克明,Male,511,1906,cerd,333837
20964,Xu,Benchun,許本純,Male,1607,1898,cerd,8390
20973,Xu,Guilin,許貴霖,Male,369,1915,cerd,477253
20975,Xu,Guinian,許貴年,Male,807,NA,cerd,477254
20977,Xu,Chengrong,許成熔,Male,1042,1914,cerd,477255
20979,Xu,Dianyi,許典彝,Male,877,1892,cerd,477256
20993,Xu,Bangyou,許邦友,Male,511,1914,cerd,477258
20996,Gu,Ding,顧鼎,Male,62,1897,cerd,477259
20999,Gu,Lu,顧潞,Male,1881,NA,cerd,477260
21001,Gu,Zhen,顧振,Male,1664,1894,cerd,477261
21003,Xu,Guohuang,許國璜,Male,819,1908,cerd,477262
21008,Xu,Guobao,許國保,Male,2542,NA,cerd,477263
21015,Xu,Guohua,許國華,Male,9535,1912,cerd,477264
21019,Gu,Min,顧敏,Male,427,1912,cerd,477265
21022,Gu,Licheng,顧立成,Male,1079,1908,cerd,477266
21023,Xu,Guoguang,許國光,Male,1210,NA,cerd,477267
21026,Gu,Gaofang,顧高坊,Male,1664,NA,cerd,477269
21029,Gu,Kangle,顧康樂,Male,1079,1904,cerd,477270
21032,Xu,Siheng,許思衡,Male,13183,1912,cerd,477271
21041,Gu,Qingsen,顧慶森,Male,3133,1898,cerd,477272
21042,Xu,Enchong,許恩寵,Male,1857,1906,cerd,477273
21050,Xu,Jingheng,許景衡,Male,1079,1894,cerd,477274
21052,Gu,Gengyuan,顧賡[左元右音],Male,1626,NA,cerd,477275
21055,Gu,Wenkui,顧文魁,Male,2352,1909,cerd,477276
21059,Xu,Jingyu,許景昱,Male,819,1913,cerd,477277
21064,Xu,Shizhen,許時珍,Male,1664,1890,cerd,477278
21071,Xu,Hou'an,許厚安,Male,1120,1913,cerd,477280
21073,Xu,Houyu,許厚鈺,Male,3703,1900,cerd,477281
21078,Xu,Longyao,許隆耀,Male,6673,NA,cerd,477282
21081,Xu,Tongwu,許同務,Male,1189,1897,cerd,477283
21083,Xu,Taopei,許陶培,Male,1604,1911,cerd,477284
21087,Xu,Xuechang,許學昌,Male,965,1898,cerd,388144
21091,Xu,Xuekai,許學楷,Male,965,1913,cerd,477285
21094,Xu,Xuemin,許學敏,Male,965,1897,cerd,477286
21096,Xu,Guansan,許貫三,Male,590,1897,cerd,80922
21112,Xu,XInghan,許興漢,Male,13001,1911,cerd,477288
21114,Xu,Tengba,許滕八,Male,590,1902,cerd,477289
21118,Xu,Puche,許普徹,Male,1748,NA,cerd,477291
21120,Xu,Jinchu,許錦初,Male,965,1913,cerd,477292
21122,Xu,Xizuan,許錫鑽,Male,449,1912,cerd,477293
21124,Xu,Changying,許常英,Male,11545,1907,cerd,477294
21126,Xu,Bingkun,許炳堃,Male,62,1878,cerd,344450
21129,Xu,Bingzhong,許炳忠,Male,4186,1911,cerd,477295
21134,Xu,Yaowen,許耀文,Male,1857,1914,cerd,477296
21136,Xu,Zhuofen,許灼芬,Male,4977,1914,cerd,477297
21139,Xu,Rongchi,許榮墀,Male,16207,1913,cerd,477298
21141,Tan,Eryi,談爾益,Male,1189,1910,cerd,477299
21145,Tan,Zhizhong,談致中,Male,1630,1911,cerd,477300
21153,Tan,Guanxiong,談冠雄,Male,1630,1910,cerd,477302
21155,Tan,Kejun,談克峻,Male,20513,NA,cerd,477303
21159,Tan,Gaosheng,談鎬生,Male,965,1916,cerd,8403
21161,Cui,Xizhang,崔希璋,Male,2641,1914,cerd,477304
21163,Cui,Youlian,崔有濂,Male,20814,1887,cerd,477305
21167,Cui,Jingyi,崔靜一,Male,5332,1912,cerd,477306
21169,Cui,Shizhen,崔式珍,Male,20748,1909,cerd,477307
21172,Cui,Mengyue,崔夢悅,Male,12542,1911,cerd,477308
21174,Cui,Weifeng,崔蔚峯,Male,3611,1910,cerd,477309
21177,Cui,Hualiang,崔華梁,Male,1042,NA,cerd,477310
21179,Cui,Huadong,崔華東,Male,1042,1905,cerd,477311
21183,Cui,Ruorong,崔若嶸,Male,726,1908,cerd,477314
21186,Cui,Shitai,崔世泰,Male,449,1913,cerd,477315
21189,Cui,Shude,崔樹德,Male,1364,NA,cerd,477316
21191,Cui,Jingcheng,崔敬承,Male,749,1900,cerd,477317
21196,Cui,Zhenzhun,崔振准,Male,3780,NA,cerd,477318
21198,Cui,Zhenhua,崔振華,Male,2489,1913,cerd,477319
21200,Cui,Zhenshi,崔振時,Male,2732,1902,cerd,477320
21203,Cui,Xianyan,崔顯琰,Male,19911,1910,cerd,477321
21205,Cui,Zhandou,崔瞻斗,Male,7306,1912,cerd,477322
21209,Cui,Fengchao,崔鳳超,Male,2857,1908,cerd,477323
21211,Cui,Fengteng,崔鳳騰,Male,2857,1911,cerd,477325
21213,Cui,Zhanyun,崔展雲,Male,3608,1903,cerd,477326
21220,Cui,Xueliang,崔學亮,Male,21221,1913,cerd,477327
21227,Cui,Xingya,崔興亞,Male,20814,1914,cerd,477328
21230,Cui,Yufen,崔毓棻,Male,3726,1893,cerd,477329
21233,Cui,Zhennian,崔鎭年,Male,21234,1912,cerd,477330
21236,Cui,Xilin,崔錫霖,Male,63,1896,cerd,477331
21239,Cui,Mingrun,崔銘潤,Male,4186,1914,cerd,477332
21241,Kong,Qingkai,孔慶凱,Male,21242,1913,cerd,477333
21244,Kong,Qingxian,孔慶顯,Male,4079,1912,cerd,477334
21246,Kong,Guangxian,孔廣賢,Male,1161,1912,cerd,477336
21248,Kong,Lianhuang,孔聯晃,Male,3608,1915,cerd,477337
21250,Kong,Chengtian,孔承天,Male,522,1914,cerd,477338
21252,Kong,Qunying,孔羣英,Male,14366,1904,cerd,477339
21255,Kong,Jiguang,孔繼光,Male,21269,1909,cerd,477340
21257,Kong,Deming,孔德明,Male,4449,1905,cerd,477341
21259,Kong,Xiangeng,孔憲賡,Male,9552,1911,cerd,477342
21271,Cui,Binglian,崔炳廉,Male,9346,NA,cerd,477343
21273,Cui,Bingchun,崔炳春,Male,9346,1904,cerd,477344
21282,Cui,Huanzhang,崔煥章,Male,8927,NA,cerd,348322
21284,Li,Jiahe,利家和,Male,8185,1912,cerd,477345
21287,Li,Mingze,利銘澤,Male,2780,1905,cerd,477347
21302,Chao,Qinglin,巢慶臨,Male,1604,1913,cerd,477348
21305,Le,Le,樂樂,Male,496,1914,cerd,477349
21311,Le,Borong,樂柏榮,Male,1161,1913,cerd,69124
21313,Luan,Baolin,欒寳琳,Male,15822,1897,cerd,477350
21318,Luan,Ruzhuan,欒汝篆,Male,10543,1914,cerd,477351
21321,Luan,Fengjiu,欒鳳九,Male,21322,NA,cerd,477352
21324,Bu,Jifang,卜繼芳,Male,21325,NA,cerd,477353
21327,Bu,Maohua,卜昴華,Male,965,1916,cerd,477354
21332,Fu,Kongyi,伏孔夷,Male,21333,NA,cerd,477355
21337,Gu,Wenzhu,顧文柱,Male,877,1912,cerd,477356
21339,Gu,Yiyan,顧詒燕,Male,1664,NA,cerd,477358
21344,Gu,Yijing,顧翊經,Male,1292,1892,cerd,477359
21352,Gu,Yuanzhi,顧元祉,Male,427,1905,cerd,477360
21356,Gu,Yuanli,顧元禮,Male,427,1888,cerd,477361
21361,Gu,Erhua,顧爾鏵,Male,562,1911,cerd,477362
21363,Gu,Erkeng,顧爾鏗,Male,NA,NA,cerd,477363
21365,Gu,Jinji,顧晉吉,Male,1664,1913,cerd,477364
21368,Gu,Yanqi,顧延祺,Male,71,1889,cerd,477365
21370,Gu,Yantong,顧延同,Male,7398,1894,cerd,477366
21384,Gu,Shengyi,顧聖儀,Male,62,1898,cerd,477367
21388,Fu,Guoxiang,伏國祥,Male,711,1898,cerd,477369
21393,Fu,Miao,傅淼,Male,1881,1894,cerd,477370
21404,Fu,Su,傅驌,Male,1434,NA,cerd,477371
21405,Wang,Du,王度,Male,17029,1900,cerd,477372
21407,Fu,Fangheng,傅方衡,Male,62,1909,cerd,332638
21414,Fu,Kangqing,傅康慶,Male,965,1909,cerd,477373
21417,Fu,Jinhuang,傅謹璜,Male,6439,NA,cerd,477374
21420,Fu,Zhengxun,傅正恂,Male,9404,1910,cerd,477375
21422,Fu,Yulin,傅玉麟,Male,13559,1902,cerd,477376
21428,Fu,Erxuan,傅爾選,Male,1161,1906,cerd,477377
21433,Fu,Erban,傅爾攽,Male,522,1887,cerd,477378
21443,Wang,Zhang,王章,Male,2857,1910,cerd,477380
21453,Wang,Bin,王斌,Male,1664,1909,cerd,477381
21454,Fu,Jiyan,傅及巖,Male,819,1907,cerd,477382
21458,Fu,Weijun,傅維鈞,Male,4195,1905,cerd,477383
21464,Wang,Bin,王斌,Male,21465,1909,cerd,477384
21470,Fu,Chongde,傅崇德,Male,64,1907,cerd,477385
21473,Wang,E,王諤,Male,7100,1915,cerd,477386
21477,Wang,Qian,王謙,Male,14954,1915,cerd,477387
21480,Wang,Xu,王許,Male,1748,NA,cerd,477388
21490,Wang,Pei,王霈,Male,2071,1909,cerd,477389
21492,Wang,Jue,王珏,Male,562,NA,cerd,477391
21494,Wang,Xuan,王璿,Male,1364,1899,cerd,477392
21496,Wang,Yuan,王瑗,Male,601,1917,cerd,477393
21498,Wang,Lie,王烈,Male,21499,1916,cerd,477394
21501,Wang,Guan,王琯,Male,743,1915,cerd,477395
21503,Wei,Yifu,韋以黻,Male,1113,1887,cerd,477396
21509,Zheng,Hua,鄭華,Unknown,13948,NA,cerd,477397
21510,Zhou,Zhongqi,周鍾岐,Unknown,6188,1892,cerd,477398
21512,Zhu,Baofen,朱葆芬,Unknown,NA,NA,cerd,477399
21516,Zhong,Guidian,鍾桂丹,Unknown,NA,NA,cerd,477400
21518,Zhong,Yaohua,鍾耀華,Unknown,NA,NA,cerd,477402
21519,Xue,Zhuobin,薛卓斌,Male,10603,1896,cerd,477403
21522,Hu,Guangbiao,胡廣標,Unknown,NA,NA,cerd,477404
21528,Guo,Zuyuan,過祖源,Unknown,NA,NA,cerd,477405
21531,Guan,Zuzhang,關祖章,Male,5212,1893,cerd,477406
21532,Li,Depu,李德普,Unknown,NA,NA,cerd,477407
21534,Li,Yaoxiang,李耀庠,Unknown,NA,NA,cerd,477408
21535,Li,Guojun,李國均,Male,1993,1893,cerd,477409
21537,Li,Shutian,李書田,Male,841,1902,cerd,7370
21539,Kong,Xianwen,孔憲文,Male,2422,1896,cerd,477410
21547,Kong,Xianzhang,孔憲璋,Male,15471,NA,cerd,477411
21549,Kong,Xinqiu,孔心秋,Male,21550,1913,cerd,477413
21552,Kong,Xiangmian,孔祥勉,Male,21553,1897,cerd,477414
21555,Lin,Jixi,林輯西,Unknown,NA,NA,cerd,477415
21559,Lin,Fengqi,林鳳岐,Unknown,71,NA,cerd,477416
21563,Ling,Hongxun,凌鴻勛,Male,449,1894,cerd,477417
21575,Kong,Ci'an,孔賜安,Male,8920,1913,cerd,477418
21578,Kong,Zhao'e,孔昭諤,Male,775,1914,cerd,477419
21580,Kong,Zhaoyi,孔昭義,Male,21553,NA,cerd,477420
21587,Peng,Binglu,彭炳祿,Unknown,NA,NA,cerd,477421
21590,Sun,Jialü,孫家绿,Unknown,NA,NA,cerd,477422
21593,Sun,Mou,孫謀,Unknown,NA,NA,cerd,477426
21599,Zeng,Guangzhi,曾廣智,Male,1993,1889,cerd,477427
21601,Cao,Chengke,曹誠克,Male,5481,1896,cerd,477428
21602,Kong,Lingrong,孔令溶,Male,21553,1900,cerd,477429
21608,Ruan,Guoping,阮國平,Unknown,NA,NA,cerd,477430
21609,Wang,Zhengfu,王正黻,Unknown,NA,NA,cerd,477431
21610,Kong,Lingqiu,孔令秋,Male,21553,1917,cerd,477432
21618,Yang,Baoling,楊豹靈,Male,1315,1887,cerd,477433
21619,Kong,Lingshen,孔令甡,Male,21553,1913,cerd,477434
21623,Kong,Lingjia,孔令甲,Male,877,1897,cerd,477435
21624,Yuan,Bodao,袁伯燾,Male,2236,1904,cerd,477437
21629,Yuan,Kaizhi,袁開帙,Unknown,935,1893,cerd,477438
21635,Chen,Kai,陳開,Male,449,1891,cerd,477439
21640,Zhu,Benshui,諸本水,Unknown,NA,NA,cerd,477440
21641,Gao,Dagang,高大剛,Unknown,62,NA,cerd,477441
21642,Kong,Lingming,孔令銘,Male,NA,NA,cerd,477442
21643,Li,Xie,李協,Male,78,1882,cerd,123
21646,Kong,Lingxuan,孔令烜,Male,21553,1896,cerd,477443
21647,Liu,Rusong,劉如松,Unknown,NA,NA,cerd,477444
21655,Sa,Fujun,薩福鈞,Male,61,1887,cerd,477445
21661,Wang,Chongyou,王寵佑,Male,1072,1879,cerd,477446
21662,Wang,Luxun,王錄勳,Unknown,NA,NA,cerd,477448
21663,Wu,Zhuopan,伍灼泮,Unknown,74,NA,cerd,325703
21664,Kong,Fanqing,孔繁清,Male,62,1913,cerd,477450
21669,Zhai,Jiquan,翟吉全,Male,9346,NA,cerd,477451
21671,Zhang,Junbo,張俊波,Male,NA,NA,cerd,477452
21673,Chang,Xihou,常錫厚,Male,21465,NA,cerd,477453
21678,Huang,Chengjian,黃乘鑑,Unknown,NA,NA,cerd,477454
21680,Guo,Yuan,果源,Unknown,NA,NA,cerd,477455
21683,Li,Guowei,李國偉,Unknown,NA,NA,cerd,477456
21687,Li,Yannan,李燕南,Unknown,NA,NA,cerd,477457
21694,Liu,Zhaoan,劉肇安,Unknown,NA,NA,cerd,477459
21700,Lu,Erkang,陸爾康,Male,1409,1895,cerd,477460
21702,Mei,Fengchun,梅逢春,Male,2071,1907,cerd,477461
21704,Meng,Shouxun,孟守訓,Unknown,NA,NA,cerd,477462
21706,Shao,Fuwu,邵福旿,Male,807,1897,cerd,477463
21709,Sun,Huanwen,孫煥文,Male,22850,NA,cerd,477464
21713,Tang,Huacheng,唐化成,Unknown,NA,NA,cerd,477465
21714,Zu,Shutian,祖澍田,Unknown,NA,NA,cerd,477466
21717,Yang,Tingyu,楊廷玉,Male,553,1886,cerd,477467
21719,Kong,Xianrong,孔祥榕,Unknown,NA,NA,cerd,477468
21721,Cai,Guozao,蔡國藻,Male,1993,1887,cerd,477470
21725,Kong,Fanlu,孔繁祿,Male,4079,1911,cerd,477471
21728,Kong,Fanshi,孔繁栻,Male,21553,NA,cerd,477472
21732,Kong,Fanxun,孔繁樳,Male,21553,NA,cerd,477473
21735,Sun,Yi,孫毅,Male,10603,1898,cerd,477474
21739,Sun,Qian,孫謙,Male,9040,1910,cerd,477475
21741,Sun,Zheng,孫正,Male,1664,NA,cerd,477476
21744,Sun,Fei,孫非,Male,1903,1900,cerd,405839
21750,Sun,Xin,孫信,Male,765,1889,cerd,477477
21758,Sun,Zhuo,孫倬,Male,562,NA,cerd,477478
21761,Sun,Ding,孫鼎,Male,1227,NA,cerd,477479
21768,Sun,Kui,孫魁,Male,6839,NA,cerd,477481
21771,Sun,Lu,孫魯,Male,8181,1908,cerd,477482
21784,Gu,Naiheng,顧乃亨,Male,NA,NA,cerd,477483
21786,Gu,Bingquan,顧秉銓,Male,1604,NA,cerd,477484
21799,Gu,Buying,顧步瀛,Male,21801,NA,cerd,477485
21803,Gu,Zhuoxun,顧卓勳,Male,16661,1907,cerd,477486
21811,Gu,Dingxiang,顧鼎祥,Male,877,1900,cerd,477487
21817,Gu,Dingqi,顧鼎圻,Male,1664,1900,cerd,477488
21824,Gu,Chongxian,顧崇銜,Male,1409,1916,cerd,477489
21827,Gu,Shenglu,顧升騄,Male,9282,1907,cerd,477490
21831,Gu,Chuanyi,顧傳沂,Male,717,1915,cerd,477492
21833,Gu,Chuanrun,顧傳潤,Male,717,1911,cerd,477493
21838,Fu,Songsheng,傅崧生,Male,1881,NA,cerd,477494
21840,Fu,Detong,傅德同,Male,1881,NA,cerd,477495
21845,Fu,Xunchen,傅勳臣,Male,11047,1912,cerd,477496
21849,Fu,Shaozong,傅紹宗,Male,1433,1915,cerd,477497
21851,Fu,Zuolin,傅作霖,Male,1113,1914,cerd,477498
21854,Fu,Zongwu,傅宗武,Male,3608,NA,cerd,477499
21856,Fu,Huichuan,傅匯川,Male,15284,NA,cerd,477500
21864,Fu,Weiji,傅為基,Male,410,1892,cerd,477501
21867,He,Qiyi,何其義,Male,1664,NA,cerd,477503
21870,He,Guijie,何桂潔,Male,652,1905,cerd,477504
21876,He,Guisheng,何桂馨,Male,453,1914,cerd,477505
21878,He,Dongcai,何棟材,Male,5212,1904,cerd,477506
21888,He,Helin,何鶴林,Male,3133,1908,cerd,477507
21903,Wang,Jin,王勁,Male,1664,1901,cerd,477508
21921,Wang,Zan,王瓚,Male,935,NA,cerd,381347
21923,Wang,Chong,王翀,Male,1161,NA,cerd,477509
21942,Wang,Kun,王琨,Male,19500,NA,cerd,477510
21946,Wang,Qiang,王強,Male,996,1904,cerd,380538
21962,Sun,Qi,孫祺,Male,726,1911,cerd,477511
21964,Sun,Xun,孫潯,Male,1227,1909,cerd,477512
21968,Sun,Xuan,孫選,Male,19500,NA,cerd,477514
21970,Sun,Gan,孫淦,Male,1664,NA,cerd,477515
21972,Sun,Bin,孫彬,Male,1091,NA,cerd,477516
21974,Sun,Cheng,孫成,Male,965,1897,cerd,477517
21996,Sun,Liang,孫量,Male,3884,1896,cerd,477518
22003,He,Shengzhan,何聲枬,Male,956,1889,cerd,477519
22015,Gu,Chuanmei,顧傳楣,Male,1770,1900,cerd,477520
22025,Gu,Chuankai,顧傳愷,Male,1770,1890,cerd,477521
22029,Gu,Baoqian,顧保乾,Male,1042,NA,cerd,477522
22031,Gu,Peixun,顧佩恂,Male,NA,NA,cerd,477523
22033,Gu,Mingquan,顧名泉,Male,NA,NA,cerd,477525
22035,Gu,Yunyan,顧允衍,Male,1100,NA,cerd,477526
22037,Gu,Yiren,顧以任,Male,1292,1905,cerd,477527
22039,Gu,Zuozhou,顧作舟,Male,1409,1915,cerd,477528
22041,Gu,Jiande,顧儉德,Male,2641,1912,cerd,477529
22044,Gu,Xuansun,顧宣孫,Male,1770,1900,cerd,477530
22051,Gu,Baoshan,顧寶善,Male,1409,NA,cerd,477531
22053,Gu,Zongjie,顧宗杰,Male,71,1898,cerd,477532
22057,Gu,Zonghua,顧宗華,Male,807,1914,cerd,477533
22059,Gu,Zhaoxun,顧兆勳,Male,3726,NA,cerd,477534
22064,Wang,Meng,王孟,Male,3763,1888,cerd,380281
22074,Wang,Meng,王孟,Male,NA,NA,cerd,477537
22087,Wang,Lu,王璐,Male,22088,1894,cerd,477538
22093,Wang,Ju,王琚,Male,18219,1907,cerd,477539
22095,Wang,Bi,王弼,Male,566,1884,cerd,477540
22100,Wang,Lin,王璘,Male,15040,1915,cerd,477541
22102,Wang,Fang,王舫,Male,1544,NA,cerd,477542
22105,Wang,Xian,王銜,Male,11993,NA,cerd,477543
22108,Wang,Wei,王衞,Male,22109,1903,cerd,477544
22121,Gu,Zhaotai,顧兆泰,Male,410,1915,cerd,477545
22123,Gu,Ruxing,顧汝興,Male,1189,1907,cerd,477546
22127,Gu,Zefu,顧澤芙,Male,562,1900,cerd,477548
22129,Gu,Hongfen,顧鴻棻,Male,62,1896,cerd,397147
22133,Gu,Jicheng,顧汲澄,Male,8051,1896,cerd,477549
22140,Gu,Rengyu,顧礽豫,Male,1079,1910,cerd,477550
22144,Gu,Fengshi,顧逢時,Male,1664,1915,cerd,477551
22152,Gu,Zhaoji,顧肇基,Male,1079,NA,cerd,477552
22154,Gu,Qiwen,顧啓文,Male,62,1900,cerd,477553
22158,Wang,Chong,王崇,Male,9036,NA,cerd,477554
22167,Gu,Peimu,顧培慕,Male,909,1916,cerd,477555
22169,Wang,Jun,王俊,Male,553,1915,cerd,477556
22170,Gu,Nanxiang,顧南庠,Male,1256,1902,cerd,477557
22172,Gu,Baokang,顧葆康,Male,562,1903,cerd,477559
22176,Wang,Jun,王俊,Male,7045,1915,cerd,477560
22178,Wang,Jun,王俊,Male,522,1911,cerd,477561
22186,Wang,Zuo,王佐,Male,1189,1907,cerd,477562
22197,Wang,Jin,王僅,Male,9640,1888,cerd,477563
22210,Gu,Baochang,顧葆常,Male,1664,1909,cerd,477564
22214,Gu,Maoxun,顧懋勳,Male,1664,1898,cerd,477565
22221,Zhang,Dian,張典,Male,16722,NA,cerd,477566
22224,Gu,Qiyan,顧其言,Male,1409,1917,cerd,477567
22228,Gu,Qichang,顧其昌,Male,71,1891,cerd,477568
22234,Zhang,Ze,張擇,Male,965,NA,cerd,477570
22236,Gu,Chuzhen,顧楚珍,Male,4407,NA,cerd,477571
22239,Zhang,Xu,張勗,Male,10761,1913,cerd,477572
22241,Zhang,Shu,張署,Male,80,1913,cerd,477573
22243,Gu,Shuchen,顧樹辰,Male,1630,1909,cerd,477574
22249,Gu,Guyi,顧穀宜,Male,1664,1904,cerd,477575
22256,Gu,Gucheng,顧穀成,Male,1664,1899,cerd,477576
22265,Gu,Gutong,顧穀同,Male,1664,1902,cerd,477577
22287,Zhang,Xin,張昕,Male,590,NA,cerd,477578
22292,Zhang,Xu,張煦,Male,1664,1913,cerd,12935
22295,Zhang,Ji,張驥,Male,562,NA,cerd,477579
22299,Zhang,Gang,張剛,Male,17044,NA,cerd,477581
22301,Zhang,Qi,張騏,Male,4394,1914,cerd,477582
22303,Zhang,Jian,張堅,Male,965,1908,cerd,477583
22319,Zhang,Peng,張鵬,Male,5830,1894,cerd,477584
22326,Zhang,Dan,張丹,Male,1161,1912,cerd,193310
22331,Zhang,Yin,張誾,Male,9117,1907,cerd,477585
22337,Zhang,Xin,張鑫,Male,22338,1912,cerd,477586
22340,Zhang,Yong,張鏞,Male,2062,1907,cerd,477587
22350,Zhang,Gao,張鎬,Male,3884,NA,cerd,477588
22352,Zhang,Kui,張夔,Male,3924,1895,cerd,477589
22366,Zhang,Shan,張善,Male,1626,1914,cerd,477590
22368,Zhang,Yu,張鈺,Male,8174,1910,cerd,477592
22370,Zhang,Zheng,張錚,Male,1903,NA,cerd,477593
22392,Zhang,Chuang,張創,Male,7718,1908,cerd,477594
22397,Zhang,Jian,張劍,Male,1664,1913,cerd,477595
22399,Zhang,Bo,張鎛,Male,22400,1912,cerd,477596
22406,Zhang,Yue,張鉞,Male,4435,1908,cerd,477597
22411,Zhang,Yue,張鉞,Male,2660,1916,cerd,477598
22413,Zhang,Jun,張鈞,Male,22414,NA,cerd,477599
22416,Zhang,Ming,張銘,Male,1364,1902,cerd,477600
22419,Zhang,Ming,張銘,Male,765,1899,cerd,477601
22423,Zhang,Fan,張範,Male,9381,1901,cerd,477603
22437,Zhang,Min,張敏,Male,22438,1913,cerd,477604
22440,Zhang,Ce,張策,Male,19088,1896,cerd,477605
22442,Zhang,Guang,張光,Male,590,1900,cerd,477606
22446,Zhang,Bing,張炳,Male,18372,1914,cerd,477607
22457,Zhang,Kai,張愷,Male,2797,1895,cerd,477608
22472,Zhang,Xuan,張煊,Male,19867,1904,cerd,477609
22475,Gu,Qianzhen,顧乾貞,Male,1636,1896,cerd,477610
22487,Gu,Jingxin,顧敬心,Male,1770,1906,cerd,192136
22494,Gu,Zhenxin,顧振新,Male,1664,1891,cerd,477611
22499,Gu,Zhenjun,顧振軍,Male,1664,1916,cerd,477612
22501,Gu,Zhinan,顧指南,Male,1770,1905,cerd,477614
22508,Gu,Changxiong,顧昌雄,Male,1100,1911,cerd,477615
22512,Gu,Shijie,顧時杰,Male,1664,NA,cerd,477616
22514,Gu,Houxi,顧厚熙,Male,1079,NA,cerd,477617
22516,He,Gansheng,何幹生,Male,3608,1916,cerd,477618
22519,He,Huitang,何惠棠,Male,1161,1917,cerd,9484
22521,He,Shuyuan,何書沅,Male,NA,NA,cerd,477619
22523,He,Chenggong,何成恭,Male,4079,NA,cerd,477620
22525,He,Xugui,何勗槼,Male,553,1913,cerd,477621
22527,He,Guoyong,何國雍,Male,3042,1913,cerd,477622
22529,He,Guoxiong,何國熊,Male,5020,1909,cerd,477623
22532,He,Guojie,何國傑,Male,3608,1914,cerd,477625
22535,He,Siqing,何思清,Male,9552,1900,cerd,477626
22539,He,Yanqing,何晏清,Male,5212,NA,cerd,477627
22542,He,Yingsheng,何映生,Male,22109,1906,cerd,477628
22544,He,Mingxiao,何鳴簫,Male,22545,1889,cerd,477629
22546,Zhang,Kun,張焜,Male,909,NA,cerd,477630
22549,Zhang,Yu,張煜,Male,4079,NA,cerd,477631
22550,He,Zhaoming,何昭明,Male,2114,1905,cerd,477632
22552,Zhang,Ye,張爗,Male,562,1911,cerd,477633
22558,Zhang,Lizu,張立祖,Male,NA,NA,cerd,477634
22560,Zhang,Lizhi,張立志,Male,1559,1909,cerd,477636
22569,Zhang,Jingcheng,張競成,Male,9311,1903,cerd,477637
22572,He,Zhaofen,何照芬,Male,NA,NA,cerd,477638
22574,He,Houwei,何厚偉,Male,7911,1884,cerd,477639
22581,Zhang,Yanqing,張彥卿,Male,19830,1911,cerd,477640
22586,Zhang,Fangzuo,張方佐,Male,62,1900,cerd,193302
22592,Zhang,Xizhen,張席珍,Male,19840,NA,cerd,477641
22595,Zhang,Xisheng,張席升,Male,719,1899,cerd,477642
22597,Zhang,Yujun,張育俊,Male,1189,1914,cerd,477643
22606,Zhang,Yujin,張育俊,Male,562,1898,cerd,477644
22630,Zhang,Yuliang,張育樑,Male,14636,1911,cerd,477645
22632,Zhang,Tinggui,張庭桂,Male,2114,1913,cerd,477648
22634,Zhang,Qingxi,張慶璽,Male,719,1912,cerd,477649
22636,Zhang,Qingxun,張慶勳,Male,NA,NA,cerd,477650
22638,Zhang,Qinghe,張慶和,Male,5830,1914,cerd,477651
22640,Zhang,Qingdao,張慶燾,Male,1636,NA,cerd,477652
22642,Zhang,Qingxi,張慶熹,Male,1636,NA,cerd,477653
22644,Zhang,Guangren,張廣仁,Male,2489,1914,cerd,477654
22646,Zhang,Guangqin,張廣勤,Male,726,1916,cerd,477655
22648,Zhang,Gengrong,張賡融,Male,14117,NA,cerd,477656
22650,Zhang,Jiaozhu,張交註,Male,1881,NA,cerd,477657
22652,Zhang,Wenmo,張文謨,Male,5287,1910,cerd,477659
22654,Zhang,Wenlin,張文霖,Male,562,1904,cerd,477660
22659,Zhang,Wenbao,張文豹,Male,965,1903,cerd,477661
22664,Zhang,Wenqian,張文潛,Male,562,1898,cerd,477662
22668,Zhang,Wenyuan,張文源,Male,13681,1902,cerd,477663
22674,Zhang,Wenzhi,張文治,Male,17517,1909,cerd,477664
22680,Zhang,Wenzhan,張文湛,Male,1664,1905,cerd,477665
22691,Zhang,Wenhan,張文漢,Male,16986,1913,cerd,477666
22694,Zhang,Wentao,張文濤,Male,427,1915,cerd,477667
22696,Zhang,Wenchao,張文潮,Male,1626,1909,cerd,477668
22698,Gu,Tongren,顧同仁,Male,1042,1897,cerd,477670
22702,Gu,Pengcheng,顧鵬程,Male,1643,1899,cerd,477671
22704,Gu,Dianhui,顧殿惠,Male,342,1913,cerd,477672
22708,Gu,Youxin,顧又新,Male,1409,1917,cerd,477673
22710,Gu,Xuerong,顧學榮,Male,1079,NA,cerd,477674
22712,Gu,Yuxiu,顧毓琇,Male,1664,1905,cerd,8977
22725,Gu,Yuquan,顧毓瑔,Male,1664,1903,cerd,8975
22739,Gu,Yuzhen,顧毓珍,Male,1664,1905,cerd,192928
22745,Gu,Zengbao,顧曾保,Male,1664,1898,cerd,477675
22751,Gu,Zengmu,顧曾沐,Male,1664,1914,cerd,477676
22754,He,Xueyan,何學顏,Male,813,1912,cerd,477677
22755,He,Xuewen,何學文,Male,NA,1917,cerd,477678
22760,He,Xuemeng,何學孟,Male,813,1913,cerd,477679
22762,He,Xuelian,何學濂,Male,449,1916,cerd,477681
22764,He,Yizhen,何義貞,Male,1926,1911,cerd,477682
22769,He,Shanling,何善齡,Male,13846,1914,cerd,477683
22771,He,Zhongxiu,何鍾秀,Male,3642,1915,cerd,477684
22774,He,Shangzhi,何尙志,Male,1857,1913,cerd,477685
22776,He,Binghan,何炳漢,Male,1210,NA,cerd,477686
22778,He,Bingshi,何炳時,Male,1210,NA,cerd,477687
22780,He,Zhuoshu,何灼樞,Male,NA,NA,cerd,477688
22782,He,Rongxian,何榮先,Male,3053,1905,cerd,477689
22784,He,Ronghan,何榮漢,Male,1210,1913,cerd,477690
22786,Wei,Ding,衞鼎,Male,12029,1894,cerd,477692
22788,Wei,Wenlie,衞文烈,Male,1356,1913,cerd,477693
22790,Wei,Wenjian,衞文鑑,Male,1356,1896,cerd,477694
22792,Wei,Zhangrong,衞章榮,Male,1682,1899,cerd,477695
22794,Wei,Xiaoquan,衞效權,Male,15177,1906,cerd,477696
22796,Wei,Mengxing,衞孟興,Male,12029,1915,cerd,477697
22798,Wei,Baoyun,衞寶雲,Male,7484,1905,cerd,477698
22800,Wei,Honglie,衞鴻烈,Male,6256,1892,cerd,477699
22802,Wei,Zisong,衞梓松,Male,74,1893,cerd,477700
22810,Wei,Shigao,衞世皋,Male,449,1912,cerd,477701
22812,Wei,Guoguang,衞國光,Male,4079,1903,cerd,477703
22814,Wei,Jingyi,衞景毅,Male,449,1914,cerd,477704
22816,Sun,Yu,孫譽,Male,1227,1914,cerd,477705
22818,Sun,Jin,孫錦,Male,10138,1908,cerd,477706
22824,Sun,Kang,孫慷,Male,965,NA,cerd,477707
22828,Sun,Liji,孫立己,Male,1664,NA,cerd,405683
22830,Sun,Luyi,孫鹿宜,Male,909,1912,cerd,477708
22833,Sun,Fangfu,孫方復,Male,NA,NA,cerd,477709
22837,Sun,Fangduo,孫方鐸,Male,10603,1914,cerd,477710
22839,Sun,Fangxuan,孫方烜,Male,1256,NA,cerd,477711
22842,Sun,Lianfan,孫廉範,Male,71,1902,cerd,477712
22849,Sun,Qingrui,孫慶瑞,Male,22850,1913,cerd,477714
22852,Sun,Qingfu,孫慶夫,Male,13605,1907,cerd,477715
22854,Sun,Qingtang,孫慶棠,Male,71,NA,cerd,477716
22857,Sun,Guangyi,孫廣儀,Male,1881,1904,cerd,477717
22864,Sun,Gengnian,孫賡年,Male,2625,1917,cerd,477718
22870,Zhang,Wenqi,張文奇,Male,8491,1909,cerd,477719
22875,Zhang,Wenqi,張文奇,Male,9772,1915,cerd,477720
22885,Zhang,Wenbin,張文彬,Male,6188,1910,cerd,477721
22887,Zhang,Wenhan,張文翰,Male,22888,1906,cerd,477722
22890,Zhang,Wentian,張文田,Male,NA,NA,cerd,477723
22892,Zhang,Wenqing,張文卿,Male,22894,NA,cerd,477725
22897,Zhang,Wenjin,張文錦,Male,22898,NA,cerd,477726
22900,Zhang,Yanyong,張言雍,Male,1189,1896,cerd,477727
22903,Zhang,Yansen,張言森,Male,553,1896,cerd,477728
22905,Zhang,Liuyi,張六一,Male,903,1916,cerd,477729
22907,Zhang,Xunyao,張訓堯,Male,1881,1916,cerd,477730
22909,Zhang,Xungong,張訓恭,Male,1881,1915,cerd,477731
22911,Zhang,Xungong,張訓恭,Male,63,1907,cerd,477732
22915,Zhang,Xinwu,張新吾,Male,71,1879,cerd,477733
22925,Zhang,Xinyu,張新餘,Male,2625,NA,cerd,477734
22927,Zhang,Bincheng,張斌生,Male,6341,1906,cerd,477736
22931,Zhang,Moshi,張謨實,Male,1161,1891,cerd,477737
22936,Zhang,Wanglin,張望麟,Male,1409,1908,cerd,477738
22947,Gu,Zengxiang,顧曾祥,Male,1664,1900,cerd,477739
22951,Gu,Zengshou,顧曾授,Male,1664,1896,cerd,477740
22960,Gu,Zengyi,顧曾貽,Male,1664,1902,cerd,477741
22964,Gu,Gongyi,顧公毅,Male,1189,NA,cerd,477742
22966,Gu,Juren,顧鉅仁,Male,1042,1899,cerd,477743
22968,Gu,Xizeng,顧錫曾,Male,1664,1894,cerd,477744
22975,Gu,Zhili,顧知禮,Male,1881,1915,cerd,477745
22978,Gu,Duhong,顧篤浤,Male,1079,1918,cerd,477747
22980,Gu,Weijing,顧惟精,Male,1664,1888,cerd,192930
22995,Sun,Yiqian,孫亦謙,Male,2790,1889,cerd,349485
23004,Sun,Xinbai,孫辛白,Male,71,1900,cerd,477748
23009,Sun,Wenkui,孫文奎,Male,3726,1910,cerd,477749
23011,Sun,Wenbin,孫文彬,Male,410,NA,cerd,477750
23013,Sun,Wensheng,孫文勝,Male,1664,1913,cerd,477751
23015,Sun,Wencan,孫文燦,Male,6108,1912,cerd,477752
23020,Sun,Wenrong,孫文榮,Male,1079,NA,cerd,477753
23023,Sun,Keji,孫課績,Male,2443,1911,cerd,477754
23026,Sun,Pijin,孫丕晉,Male,NA,NA,cerd,477755
23030,Sun,Yuxiang,孫玉祥,Male,5078,1906,cerd,477756
23039,Sun,Yusheng,孫玉聲,Male,807,1916,cerd,477759
23059,Jin,Tao,金濤,Male,511,1916,cerd,477760
23061,Li,Shutian,李書田,Male,711,1895,cerd,477761
23074,Zhang,Jichun,張季春,Male,17517,1916,cerd,477762
23077,Zhang,Jichun,張季春,Male,652,1902,cerd,477763
23083,Zhang,Wangliang,張望良,Male,1409,1902,cerd,477764
23094,Zhang,Yimin,張翊珉,Male,1161,1910,cerd,477765
23096,Zhang,Yilu,張翊璐,Male,1161,1902,cerd,477766
23103,Zhang,Yiguang,張毅光,Male,5996,1914,cerd,477767
23105,Zhang,Shaochu,張韶初,Male,566,NA,cerd,477768
23109,Zhang,Xiaoming,張效銘,Male,23110,1905,cerd,477770
23112,Zhang,Linjing,張麟經,Male,8008,1914,cerd,477771
23114,Zhang,Linchung,張麟春,Male,717,1913,cerd,477772
23117,Zhang,Yilin,張一麐,Male,1626,1897,cerd,477773
23123,Zhang,Yihui,張一惠,Male,1079,NA,cerd,477774
23125,Zhang,Sanzhao,張三照,Male,11115,1912,cerd,477775
23128,Zhang,Zhengping,張正平,Male,1881,1900,cerd,477776
23138,Zhang,Zhengwei,張正位,Male,5955,1913,cerd,477777
23140,Zhang,Zhengcheng,張正成,Male,566,1892,cerd,367096
23190,Zhang,Zhengyang,張正揚,Male,556,1913,cerd,477778
23192,Zhang,Yuwen,張玉文,Male,9830,1894,cerd,477779
23194,Zhang,Yuqi,張玉琦,Male,9029,1915,cerd,477781
23197,Zhang,Yufan,張玉璠,Male,9381,1896,cerd,477782
23207,Zhang,Yuquan,張玉泉,Female,9311,1912,cerd,477783
23212,Zhang,Yuzhen,張玉振,Male,1578,1886,cerd,477784
23218,Zhang,Yaqing,張亞卿,Male,1682,1903,cerd,477785
23226,Zhang,Zhanlin,張霑霖,Male,23229,1905,cerd,477786
23237,Zhang,Yuanxun,張元訓,Male,807,1907,cerd,477787
23241,Zhang,Yuanzheng,張元正,Male,18998,1917,cerd,477788
23243,Zhang,Yuanlun,張元綸,Male,807,1909,cerd,477789
23246,Zhang,Yuanji,張元吉,Male,NA,NA,cerd,477790
23252,Zhang,Yuan'è,張元堮,Male,1626,1904,cerd,477792
23262,Zhang,Yuankai,張元愷,Male,1626,1896,cerd,477793
23278,Zhang,Bingchang,張丙昌,Male,78,1891,cerd,477794
23285,Zhang,Yuqin,張雨琴,Male,841,1913,cerd,477795
23288,Zhang,Erqin,張爾琴,Male,819,1906,cerd,477796
23292,Zhang,Eryu,張爾宇,Male,3765,NA,cerd,477797
23297,Zhang,Erxun,張爾遜,Male,7915,1916,cerd,477798
23300,Zhang,Eryan,張爾炎,Male,2884,1911,cerd,477799
23306,Zhang,Zhenyin,張震瀛,Male,782,1899,cerd,477800
23308,Zhang,Tingji,張霆濟,Male,1113,1912,cerd,477801
23312,Zhang,Tianshun,張天順,Male,2728,1911,cerd,477803
23316,Zhang,Tianyou,張天佑,Male,2728,1912,cerd,477804
23321,Zhang,Tiantai,張天泰,Male,15729,NA,cerd,477805
23323,Zhang,Tianai,張天曖,Male,6701,1914,cerd,477806
23327,Zhang,Tianye,張天野,Male,566,1913,cerd,477807
23329,Zhang,Tianhua,張天驊,Male,1975,NA,cerd,477808
23332,Zhang,Tianrong,張天榮,Male,12853,1893,cerd,366284
23350,Zhang,Jintang,張晉唐,Male,NA,NA,cerd,477809
23354,Zhang,Shiquan,張石泉,Male,558,NA,cerd,477810
23357,Zhang,Kezhi,張可治,Male,3703,1898,cerd,477811
23370,Zhang,Yunhou,張雲厚,Male,819,1908,cerd,477812
23372,Zhang,Linmo,張霖謨,Male,23373,1902,cerd,477814
23382,Zhang,Hugen,張琥根,Male,23384,1908,cerd,477815
23386,Zhang,Naidong,張廼棟,Male,427,1916,cerd,477816
23388,Zhang,Dengyi,張登義,Male,877,1902,cerd,477817
23402,Zhang,Ruijin,張瑞瑾,Male,23403,1918,cerd,193678
23405,Zhang,Ruijia,張瑞甲,Male,63,1904,cerd,477818
23407,Zhang,Ruilong,張瑞隆,Male,1256,1901,cerd,477819
23419,Zhang,Ruiji,張瑞矩,Male,449,1906,cerd,17232
23422,Zhang,Ruifu,張瑞符,Male,511,1909,cerd,477820
23435,Zhang,Lianwu,張聯五,Male,9357,1911,cerd,477821
23437,Zhang,Shuiqi,張水淇,Male,71,1897,cerd,367124
23441,Zhang,Hongxia,張弘夏,Male,765,1915,cerd,477822
23445,Zhang,Tingyu,張廷玉,Male,23446,1896,cerd,477823
23457,Zhang,Tingxuan,張廷宣,Male,1231,NA,cerd,477825
23459,Zhang,Tingjun,張廷?,Male,1231,NA,cerd,477826
23462,Zhang,Tingbang,張廷榜,Male,14608,1911,cerd,477827
23466,Zhang,Tingzhen,張廷楨,Male,1091,1907,cerd,477828
23471,Zhang,Tingxun,張廷勛,Male,2352,NA,cerd,477829
23473,Zhang,Tingjin,張廷金,Male,1664,1888,cerd,39264
23487,Zhang,Tingrong,張廷榮,Male,NA,NA,cerd,477831
23489,Zhang,Yanxiang,張延祥,Male,1544,1900,cerd,477832
23505,Zhang,Kongxiu,張孔修,Male,17072,1902,cerd,477833
23507,Zhang,Kongrong,張孔容,Male,23508,1914,cerd,477834
23510,Zhang,Wulie,張武烈,Male,562,1910,cerd,477836
23512,Zhang,Gonghuan,張功煥,Male,965,1904,cerd,477837
23526,Zhang,Tingcong,張聽聰,Male,558,1914,cerd,477838
23530,Wang,You,王佑,Male,5955,1914,cerd,477839
23531,Zhang,Jiangong,張建功,Male,1682,1902,cerd,477840
23534,Wang,Jie,王傑,NA,1779,1903,cerd,477841
23535,Zhang,Jianxun,張建勳,Male,2313,NA,cerd,477842
23538,Zhang,Jianxun,張建勳,Male,2313,NA,cerd,477842
23540,Zhang,Jianying,張建瀛,Male,965,NA,cerd,477843
23544,Zhang,Jianyu,張建宇,Male,13681,1901,cerd,477844
23546,Zhang,Jianlu,張建祿,Male,23547,1911,cerd,477845
23548,Wang,Ji,王濟,Male,2071,1894,cerd,477847
23552,Wang,Lian,王濂,Male,11200,1909,cerd,477848
23556,Wang,Jin,王進,Male,71,1911,cerd,477849
23560,Wang,Xian,王憲,Male,9432,1885,cerd,380678
23565,Wang,Huan,王寰,Male,410,1919,cerd,477850
23567,Wang,Bin,王賓,Male,9432,NA,cerd,477851
23569,Wang,Yun,王澐,Male,1100,1915,cerd,477852
23571,Wang,Jun,王濬,Male,7718,NA,cerd,477853
23573,Wang,Zhi,王祉,Male,67,1903,cerd,477854
23580,Wang,Zhi,王治,Male,965,1909,cerd,477855
23584,Wang,Zhi,王治,Male,18580,NA,cerd,477856
23586,Wang,Tao,王濤,Male,1256,1905,cerd,193003
23604,Wang,Hao,王浩,Male,2390,1914,cerd,477858
23606,Wang,Hao,王浩,Male,14760,1914,cerd,477859
23608,Wang,Chang,王昶,Male,5105,1908,cerd,477860
23614,Wang,Hong,王鴻,Male,1636,NA,cerd,477861
23616,Wang,Liang,王梁,Male,17517,1909,cerd,477862
23620,Wang,Cheng,王澂,Male,23622,1905,cerd,477863
23625,Wang,Ke,王柯,Male,5287,1912,cerd,477864
23629,Wang,Kai,王塏,Male,4266,NA,cerd,477865
23631,Wang,Di,王柢,Male,23632,1911,cerd,477866
23637,Wang,Zai,王載,Male,9311,1914,cerd,477867
23639,Wang,Dai,王戴,Male,511,1904,cerd,477870
23644,Wang,Shi,王栻,Male,996,1916,cerd,477871
23654,Wang,Fu,王茀,Male,819,NA,cerd,477872
23656,Wang,Ying,王英,Male,23657,1907,cerd,477873
23659,Wang,Yang,王揚,Male,3763,NA,cerd,477874
23661,Wang,Jun,王均,Male,1079,NA,cerd,477875
23664,Wang,Du,王都,Female,2625,1915,cerd,477876
23667,Wang,Chao,王超,Male,5335,1903,cerd,477877
23681,Wang,Qing,王㯳,Male,1544,1900,cerd,477878
23697,Wang,Hong,王虹,Male,1016,1906,cerd,477879
23700,Wang,Zhe,王哲,Male,8491,1910,cerd,477881
23702,Wang,Fu,王輔,Male,19990,1901,cerd,477882
23705,Wang,Xian,王咸,Male,11209,1910,cerd,477883
23710,Wang,Xian,王咸,Male,553,1884,cerd,333208
23739,Wang,Xun,王勛,Male,562,1898,cerd,477884
23741,Wang,Zhu,王助,Male,23742,1893,cerd,477885
23757,Wang,Sheng,王陞,Male,23758,1911,cerd,477886
23760,Wang,Ju,王舉,Male,9036,1909,cerd,477887
23762,Wang,Ou,王歐,Male,1256,NA,cerd,477888
23764,Wang,Xing,王興,Male,8954,1912,cerd,477889
23766,Wang,Bing,王鈵,Male,10053,NA,cerd,477890
23768,Wang,Zhong,王鍾,Male,2508,1899,cerd,477892
23773,Wang,You,王猷,Male,17749,1896,cerd,477893
23795,Wang,Jin,王錦,Male,3199,1904,cerd,477894
23801,Wang,Jun,王鈞,Male,6556,1900,cerd,477895
23819,Huang,Rongde,黃榮德,Unknown,350,NA,cerd,477896
23825,Sun,Yutai,孫玉泰,Male,965,1911,cerd,17035
23827,Sun,Yugang,孫玉剛,Male,23841,1907,cerd,477897
23835,Sun,Zhishan,孫至善,Male,23836,1909,cerd,477898
23839,Sun,Tianshou,孫天壽,Male,1364,1904,cerd,477899
23842,Sun,Jinsheng,孫晉生,Male,2985,NA,cerd,477900
23844,Sun,Jinqi,孫晉祺,Male,4394,1887,cerd,477901
23848,Sun,Zuijing,孫醉經,Male,2625,1917,cerd,477903
23850,Sun,Yunxiao,孫雲霄,Male,8181,NA,cerd,477904
23864,Sun,Yunluan,孫雲鸞,Male,8181,1916,cerd,477905
23866,Sun,Yunpei,孫雲沛,Male,8181,1911,cerd,477906
23877,Sun,Yuntao,孫雲濤,Male,8181,1898,cerd,477907
23888,Sun,Yunyan,孫雲雁,Male,8181,NA,cerd,477908
23894,Sun,Qintang,孫琴堂,Male,1975,1904,cerd,477909
23896,Sun,Feiran,孫斐然,Male,NA,NA,cerd,477910
23898,Sun,Ruimi,孫瑞麋,Male,2790,1911,cerd,477911
23900,Sun,Ruizhang,孫瑞璋,Male,1256,1901,cerd,477912
23904,Sun,Ruiyan,孫瑞衍,Male,1256,1906,cerd,477914
23958,Wang,Ming,王銘,Male,427,1886,cerd,477915
23967,Wang,Qin,王欽,Male,3672,NA,cerd,477916
23969,Wang,Quan,王銓,Male,5020,1911,cerd,477917
23972,Wang,Qian,王鈐,Male,13938,1908,cerd,477918
23977,Wang,Guang,王光,Male,1511,1912,cerd,477919
23985,Wang,Ying,王鎣,Male,1079,1890,cerd,333215
23990,Wang,Luo,王犖,Male,562,1899,cerd,477920
23992,Wang,Zhujing,王主靜,Male,10053,NA,cerd,477921
23994,Wang,Litong,王立通,Male,NA,NA,cerd,477922
23997,Wang,Ligan,王立幹,Male,2542,NA,cerd,477923
23999,Wang,Liming,王立銘,Male,427,1911,cerd,477925
24001,Wang,Kunxiang,王堃祥,Male,11545,NA,cerd,477926
24003,Wang,Lianghuai,王亮槐,Male,886,NA,cerd,477927
24005,Wang,Yulian,王育廉,Male,11115,1916,cerd,477928
24009,Wang,Xusen,王序森,Male,4238,1913,cerd,477929
24012,Wang,Xukun,王序坤,Male,4238,NA,cerd,477930
24014,Wang,Kangye,王康業,Male,1664,NA,cerd,477931
24016,Wang,Yingxie,王應械,Male,24017,1911,cerd,477932
24020,Wang,Qingfang,王慶方,Male,7050,1912,cerd,477933
24024,Wang,Qingyun,王慶雲,Male,719,1912,cerd,477934
24027,Wang,Qinglin,王慶霖,Male,6673,1908,cerd,477936
24036,Wang,Qingzhong,王慶仲,Male,10953,1912,cerd,477937
24038,Wang,Qingxi,王慶禧,Male,1100,1900,cerd,477938
24045,Zhang,Jianzhong,張建中,Male,24047,1900,cerd,477939
24055,Wang,Qingzuo,王慶祚,Male,4079,NA,cerd,477940
24060,Wang,Qingji,王慶吉,Male,4195,NA,cerd,477941
24062,Wang,Qingkui,王慶夔,Male,9535,1915,cerd,477942
24065,Wang,Tingjun,王庭鈞,Male,1881,1915,cerd,477943
24069,Zhang,Dengshou,張登壽,Male,24071,1911,cerd,477944
24074,Zhang,Yuren,張予任,Male,935,NA,cerd,477945
24077,Zhang,Naipu,張乃溥,Male,21221,1913,cerd,477947
24081,Wang,Guangling,王廣齡,Male,8508,1908,cerd,477948
24086,Zhang,Chenglie,張承烈,Male,1664,NA,cerd,477949
24088,Zhang,Chengxian,張承先,Male,24089,1904,cerd,477950
24094,Wang,Enhan,王恩涵,Male,3750,1904,cerd,477951
24095,Zhang,Chengxu,張承緒,Male,903,1898,cerd,477952
24107,Wang,Yimin,王亦民,Male,1100,NA,cerd,477953
24112,Wang,Wenting,王文庭,Male,4314,1908,cerd,477954
24115,Zhang,Chenghu,張承祜,Male,903,1899,cerd,477955
24118,Wang,Wenwang,王文望,Male,1272,1913,cerd,477956
24119,Sun,Ruizhen,孫瑞楨,Male,71,1907,cerd,333119
24124,Wang,Wenji,王文璣,Male,9535,1916,cerd,477959
24127,Sun,Ruilin,孫瑞林,Male,77,1885,cerd,477960
24128,Wang,Wenchuan,王文川,Male,4759,NA,cerd,477961
24135,Wang,Wenbiao,王文彪,Male,7703,1909,cerd,477962
24136,Sun,Ruizou,孫瑞騶,Male,1256,1912,cerd,477963
24146,Wang,Wenjun,王文俊,Male,3763,1897,cerd,477964
24151,Sun,Ruitang,孫瑞棠,Male,24757,1911,cerd,477965
24153,Zhang,Yuzu,張豫祖,Male,562,1909,cerd,477966
24154,Wang,Wenjun,王文峻,Male,4665,1917,cerd,477967
24159,Wang,Wenhua,王文化,Male,4371,NA,cerd,477969
24160,Zhang,Chengjie,張承杰,Male,903,1910,cerd,477970
24169,Zhang,Yuhua,張豫華,Male,9560,1913,cerd,477971
24172,Wang,Wenfa,王文法,Male,1817,1904,cerd,477972
24175,Zhang,Zishao,張子韶,Male,16661,1899,cerd,477973
24180,Zhang,Zixiao,張子孝,Male,2797,NA,cerd,477974
24182,Zhang,Ziqin,張子欽,Male,24183,1916,cerd,477975
24190,Zhang,Xiliang,張習良,Male,5979,1904,cerd,477976
24193,Zhang,Junzheng,張君整,Male,6151,1902,cerd,477977
24196,Sun,Yinyuan,孫引源,Male,12029,NA,cerd,477978
24197,Wang,Wenhan,王文漢,Male,5955,1910,cerd,477981
24201,Sun,Faduan,孫發端,Male,NA,NA,cerd,477982
24206,Sun,Yanling,孫延齡,Male,819,1908,cerd,477983
24208,Zhang,Yiming,張乙銘,Male,8174,1903,cerd,477984
24219,Sun,Yanlan,孫延蘭,Male,4225,1902,cerd,477985
24229,Zhang,Zhizhong,張致忠,Male,6839,1903,cerd,477986
24233,Wang,Wenzhu,王文洙,Male,1659,1911,cerd,477987
24237,Zhong,Zhongjun,張重鈞,Male,427,1916,cerd,477988
24241,Sun,Yanzhong,孫延中,Male,24230,1895,cerd,477989
24242,Zhang,Duojiang,張多疆,Male,6188,1911,cerd,477990
24244,Zhang,Xiuting,張秀亭,Male,1659,1911,cerd,477992
24249,Zhang,Qiaose,張喬嗇,Male,12808,1903,cerd,477993
24259,Zhang,Xinyuan,張信元,Male,427,NA,cerd,477994
24261,Sun,Yanli,孫延釐,Male,24230,1907,cerd,333125
24262,Zhang,Xinbo,張信伯,Male,1903,1915,cerd,477995
24265,Zhang,Jihe,張季和,Male,23657,1908,cerd,477996
24267,Zhang,Jiqin,張季勤,Male,3265,1909,cerd,477997
24273,Zhang,Jiying,張季英,Male,2884,1913,cerd,477998
24275,Zhang,Jixi,張季熙,Male,74,1899,cerd,477999
24278,Sun,Yandong,孫延棟,Male,6460,1898,cerd,478000
24295,Zhang,Bingqian,張秉謙,Male,1604,1914,cerd,478001
24297,Zhang,Bingzhen,張秉真,Male,427,1914,cerd,478003
24299,Zhang,Jicheng,張義齋,Male,22109,1897,cerd,478004
24301,Zhang,Binggang,張秉剛,Male,24302,1913,cerd,478005
24311,Zhang,Bingjian,張秉鑑,Male,427,1913,cerd,478006
24313,Zhang,Weiyan,張維沇,Male,719,1914,cerd,478007
24317,Zhang,Weishen,張維深,Male,2732,1902,cerd,478008
24319,Zhang,Weizhen,張維鎮,Male,877,1905,cerd,478009
24321,Zhang,Weizhen,張維箴,Male,11115,1906,cerd,478010
24324,Zhang,Shunting,張順廷,Male,5332,1915,cerd,478011
24326,Zhang,Buyun,張步筠,Male,618,NA,cerd,478012
24330,Zhang,Rentao,張仁滔,Male,903,1911,cerd,478014
24333,Zhang,Huchen,張虎臣,Male,1259,1914,cerd,478015
24335,Zhang,Hanglian,張行廉,Male,427,1908,cerd,478016
24345,Zhang,Ruzhen,張儒珍,Male,813,NA,cerd,478017
24348,Zhang,Xingxin,張行信,Male,1409,NA,cerd,478018
24350,Zhang,Ruoxing,張儒行,Male,1589,1904,cerd,478019
24354,Zhang,Ruchun,張儒純,Male,1636,1908,cerd,333479
24359,Zhang,Xingheng,張行恆,Male,1409,1891,cerd,478020
24379,Zhang,Zhuofu,張倬甫,Male,1659,NA,cerd,478021
24385,Zhang,Zhuowu,張卓午,Male,2183,1906,cerd,478022
24388,Zhang,Shiyao,張師耀,Male,3133,NA,cerd,478023
24390,Zhang,Shihui,張師輝,Male,3133,NA,cerd,478025
24392,Zhang,Zige,張紫閣,Male,71,1908,cerd,478026
24395,Zhang,Jinghang,張經沆,Male,6296,1913,cerd,478027
24397,Zhang,Jinyong,張縉庸,Male,4394,NA,cerd,478028
24399,Zhang,Dingsheng,張鼎生,Male,2985,1912,cerd,478029
24408,Zhang,Dinghua,張鼎華,Male,20210,1913,cerd,478030
24411,Zhang,Chongyao,張崇堯,Male,719,1914,cerd,478031
24413,Zhang,Chongheng,張崇恆,Male,NA,NA,cerd,478032
24415,Zhang,Chongyi,張崇義,Male,3780,NA,cerd,478033
24417,Zhang,Jiling,張繼齡,Male,24418,1892,cerd,478034
24429,Zhang,Jiliang,張繼良,Male,24430,1908,cerd,478036
24433,Zhang,Jilou,張繼婁,Male,2732,1905,cerd,478037
24435,Zhang,Jikun,張繼焜,Male,19899,NA,cerd,478038
24437,Zhang,Yunwen,張允文,Male,566,1911,cerd,478039
24439,Zhang,Yuanzhe,張元喆,Male,1042,1909,cerd,478040
24441,Zhang,Yunming,張允明,Male,1042,1910,cerd,478041
24443,Zhang,Yundun,張允惇,Male,9977,1908,cerd,478042
24447,Zhang,Junde,張俊德,Male,24448,1906,cerd,478043
24452,Zhang,Wogong,張我弓,Male,871,1910,cerd,478044
24456,Zhang,Jinhua,張峻華,Male,2790,NA,cerd,478045
24459,Zhang,Huasan,張化三,Male,10928,1912,cerd,478047
24464,Zhang,Xianshi,張先仕,Male,24465,1915,cerd,478048
24467,Zhang,Shenhe,張侁和,Male,5291,1910,cerd,478049
24471,Zhang,Zuozhou,張佐周,Male,15783,1912,cerd,478050
24475,Zhang,Deqing,張德慶,Male,877,1901,cerd,478051
24486,Zhang,Dexin,張德新,Male,7718,1912,cerd,478052
24489,Zhang,Delin,張德麟,Male,1409,1908,cerd,478053
24491,Zhang,Decai,張德彩,Male,1857,1913,cerd,478054
24493,Zhang,Defu,張德福,Male,4449,1911,cerd,478055
24495,Zhang,Derun,張德潤,Male,1664,1913,cerd,478056
24497,Zhang,Dezai,張德載,Male,1113,NA,cerd,478058
24501,Zhang,Deliang,張德樑,Male,NA,NA,cerd,478059
24503,Zhang,Deben,張德本,Male,6678,1910,cerd,478060
24505,Zhang,Dehui,張德惠,Male,1409,1909,cerd,478061
24509,Zhang,De'en,張德恩,Male,511,NA,cerd,478062
24513,Zhang,Dequan,張德全,Male,13941,NA,cerd,478063
24515,Zhang,Depu,張德普,Male,1259,NA,cerd,478064
24519,Zhang,Dechang,張德錩,Male,1643,1905,cerd,478065
24521,Zhang,Yousheng,張佑生,Male,71,1902,cerd,478066
24526,Zhang,Zhongcheng,張仲誠,Male,427,1894,cerd,478067
24528,Zhang,Zhongping,張仲平,Male,1857,1898,cerd,478069
24546,Zhang,Zhongwei,張仲偉,Male,1857,1912,cerd,478070
24548,Zhang,Chuanmo,張傳謨,Male,1682,1897,cerd,478071
24551,Zhang,Chuanqi,張傳琦,Male,1487,1899,cerd,478072
24559,Zhuan,Chuanzhong,張傳忠,Male,24560,1916,cerd,478073
24562,Zhang,Jianmin,張健民,Male,1630,1913,cerd,478074
24567,Zhang,Chunyi,張純一,Male,23446,1909,cerd,478075
24580,Wang,Wenlan,王文瀾,Male,1659,NA,cerd,478076
24583,Wang,Wenkui,王文奎,Male,877,1907,cerd,478077
24589,Wang,Wenqi,王文奇,Male,2985,1916,cerd,478078
24592,Wang,Wencui,王文萃,Male,3532,1910,cerd,478080
24594,Wang,Wenhua,王文華,Male,9856,1905,cerd,478081
24596,Wang,Wendi,王文棣,Male,7006,1889,cerd,478082
24602,Wang,Wenyu,王文郁,Male,1817,1914,cerd,478083
24604,Wang,Wenchao,王文超,Male,511,1914,cerd,478084
24609,Wang,Wenjing,王文景,Male,1659,1916,cerd,478085
24614,Zhang,Chunli,張純理,Male,NA,1917,cerd,478086
24616,Zhang,Zili,張自立,Male,8646,1899,cerd,478087
24632,Zhang,Zile,張自樂,Male,15503,1895,cerd,478088
24635,Zhang,Boyong,張伯庸,Male,1251,1913,cerd,478089
24639,Zhang,Bohao,張伯豪,Male,74,1899,cerd,365850
24650,Zhang,Bolong,張伯龍,Male,7011,1915,cerd,478092
24652,Zhang,Boyan,張伯顏,Male,2062,1897,cerd,478093
24657,Wang,Wenqi,王文騏,Male,427,1912,cerd,478094
24672,Zhang,Boping,張伯平,Male,10437,1905,cerd,478095
24680,Wang,Wenxi,王文熙,Male,1630,1911,cerd,478096
24681,Zhang,Boxun,張伯勳,Male,10437,1915,cerd,478097
24685,Wang,Wen'e,王文鍔,Male,74,NA,cerd,478098
24686,Zhang,Boming,張伯明,Male,1409,1889,cerd,478099
24691,Wang,Wenjun,王文鈞,Male,903,1903,cerd,478100
24700,Zhang,Baoyuan,張保元,Male,68,1908,cerd,478101
24707,Zhang,Hejun,張和鈞,Male,1356,NA,cerd,478103
24709,Sun,Nailu,孫乃騄,Male,62,1908,cerd,478104
24716,Sun,Chengmo,孫承謨,Male,3763,1905,cerd,478105
24727,Sun,Zhiyou,孫致祐,Male,719,1913,cerd,478106
24729,Sun,Xinlian,孫信燫,Male,2625,NA,cerd,478107
24733,Wang,Wenwei,王文煒,Male,1604,1911,cerd,478108
24743,Wang,Wenyao,王文耀,Male,1493,1900,cerd,478109
24758,Sun,Jiguang,孫季光,Male,427,1910,cerd,478110
24760,Sun,Bingxiu,孫秉修,Male,12029,1887,cerd,478111
24762,Sun,Bingyuan,孫秉淵,Male,24763,1916,cerd,478112
24767,Sun,Binghui,孫秉輝,Male,2884,NA,cerd,478114
24772,Sun,Weigao,孫維皋,Male,24773,1912,cerd,478115
24777,Sun,Shunli,孫順理,Male,1993,NA,cerd,478116
24779,Sun,Ziyun,孫紫筠,Male,3857,1906,cerd,478117
24783,Sun,Jingleng,孫經楞,Male,3884,1912,cerd,478118
24785,Sun,Jingge,孫經閣,Male,9432,1910,cerd,478119
24787,Sun,Dingfu,孫鼎紱,Male,1002,1917,cerd,478120
24789,Sun,Liren,孫利仁,Male,9432,NA,cerd,478121
24792,Sun,Jiding,孫繼丁,Male,10543,1887,cerd,478122
24800,Sun,Jijie,孫繼傑,Male,511,1907,cerd,478123
24802,Sun,Jibao,孫繼葆,Male,511,1915,cerd,478125
24808,Wang,Wenhuan,王文煥,Male,NA,NA,cerd,478126
24810,Wang,Zhangquan,王章權,Male,879,NA,cerd,478127
24813,Wang,Yanshou,王言綬,Male,522,1905,cerd,478128
24815,Wang,Xuanji,王玄基,Male,23622,1904,cerd,478129
24817,Wang,Longfu,王龍黼,Male,950,1904,cerd,478130
24820,Wang,Duanxiang,王端驤,Male,717,1908,cerd,478131
24826,Wang,Xunhang,王訓頏,Male,2481,1906,cerd,478132
24828,Wang,Shitang,王詩塘,Male,1161,1901,cerd,478133
24838,Wang,Shicheng,王詩城,Male,NA,NA,cerd,478134
24840,Wang,Jingxian,王靖先,Male,553,1888,cerd,478136
24848,Wang,Jinghua,王靖華,Male,9592,1918,cerd,478137
24850,Wang,Yihuang,王翊璜,Male,1042,1888,cerd,381586
24854,Wang,Qianyi,王謙益,Male,6256,1902,cerd,478138
24858,Zhang,Shengliang,張繩良,Male,1210,1904,cerd,478139
24860,Zhang,Panshi,張盤石,Male,1256,1900,cerd,478140
24869,Zhang,Peiwen,張佩文,Male,1682,1899,cerd,478141
24871,Zhang,Peicong,張佩琮,Male,723,1902,cerd,478142
24873,Zhang,Peihuang,張佩璜,Male,4225,1907,cerd,478143
24875,Zhang,Peilin,張佩琳,Male,3784,1911,cerd,478144
24877,Wang,Xiaozhi,王效之,Male,NA,NA,cerd,478145
24879,Wang,Dunyi,王敦義,Male,24880,1913,cerd,478147
24882,Wang,Zhengji,王正己,Male,590,1888,cerd,478148
24899,Wang,Zhengru,王正儒,Male,427,1911,cerd,478149
24905,Wang,Zhengwei,王正緯,Male,1618,1904,cerd,478150
24913,Wang,Zhenglun,王正倫,Male,562,1914,cerd,478151
24916,Wang,Zhengfu,王正黼,Male,2625,1891,cerd,193662
24929,Wang,Zhengben,王正本,Male,590,NA,cerd,478152
24931,Wang,Zhengfu,王正輔,Male,511,1913,cerd,478153
24933,Wang,Zhengbang,王正邦,Male,1409,NA,cerd,478154
24935,Wang,Zhengduo,王正鐸,Male,2390,NA,cerd,478155
24937,Wang,Zhengheng,王正恆,Male,10761,1895,cerd,478156
24939,Wang,Zhengkai,王正愷,Male,8675,NA,cerd,478158
24942,Wang,Yujing,王玉京,Male,3023,1917,cerd,478159
24944,Wang,Yupu,王玉璞,Male,1428,1913,cerd,478160
24947,Wang,Yujing,王玉瑛,Male,24430,1906,cerd,478161
24949,Wang,Yukun,王玉琨,Male,24071,1910,cerd,478162
24951,Wang,Yuzhen,王玉珍,Male,2071,NA,cerd,478163
24953,Wang,Yuru,王玉如,Male,24956,1911,cerd,478164
24958,Wang,Yucheng,王玉成,Male,3053,1913,cerd,478165
24960,Wang,Yutian,王玉田,Male,690,1887,cerd,337198
24982,Sun,Yunzhong,孫允中,Male,511,1901,cerd,478166
24992,Sun,Junjie,孫俊傑,Male,20513,1900,cerd,478167
24998,Sun,Decheng,孫德成,Male,NA,NA,cerd,478169
25005,Sun,Dehou,孫德厚,Male,1079,1918,cerd,478170
25007,Sun,Dexun,孫德馴,Male,2443,1914,cerd,478171
25011,Sun,Defu,孫德服,Male,64,1906,cerd,478172
25013,Sun,Zhongqin,孫仲勤,Male,64,1908,cerd,478173
25017,Sun,Zhongxing,孫仲興,Male,60,1915,cerd,478174
25019,Sun,Chuanhao,孫傳豪,Male,1161,1910,cerd,478175
25022,Sun,Jianchu,孫健初,Male,13119,1900,cerd,478176
25032,Wang,Yuming,王玉銘,Male,4665,1898,cerd,478177
25034,Wang,Pixun,王丕訓,Male,1926,1913,cerd,478178
25036,Wang,Picheng,王丕承,Male,1630,1910,cerd,478180
25039,Wang,Piji,王丕基,Male,9036,NA,cerd,478181
25042,Wang,Piyang,王丕揚,Male,5020,NA,cerd,478182
25044,Wang,Wufu,王五福,Male,1359,1887,cerd,478183
25047,Zhang,Peichen,張佩琛,Male,1682,1903,cerd,478184
25052,Zhang,Peifu,張佩甫,Male,2481,1913,cerd,478185
25055,Zhang,Peizhen,張佩箴,Male,4225,1903,cerd,478186
25061,Zhang,Xiuping,張修平,Male,909,1916,cerd,478187
25063,Zhang,Xiangchang,張象昶,Male,2884,NA,cerd,478188
25072,Zhang,Xiangbing,張象昺,Male,2884,1901,cerd,478189
25078,Zhang,Xiangjun,張象昀,Male,2884,1898,cerd,478191
25080,Zhang,Xiangxian,張象賢,Male,12235,1905,cerd,478192
25087,Zhang,Yigeng,張伊耕,Male,877,1917,cerd,478193
25089,Zhang,Mingwang,張名望,Male,9535,1916,cerd,478194
25091,Zhang,Mingyi,張名藝,Male,25092,1892,cerd,478195
25103,Zhang,Lusan,張魯參,Male,11551,NA,cerd,478196
25105,Zhang,Jiuxu,張久煦,Male,25106,1911,cerd,478197
25112,Zhang,Jiuxi,張久熙,Male,25106,1905,cerd,478198
25114,Zhang,Shaoyan,張紹顏,Male,2071,1895,cerd,478199
25116,Zhang,Shaoheng,張紹衡,Male,16922,NA,cerd,478200
25118,Zhang,Shaogang,張紹綱,Male,25119,NA,cerd,478203
25121,Zhang,Shaotang,張紹湯,Male,2071,1897,cerd,478204
25125,Zhang,Shaozai,張紹載,Male,25126,1910,cerd,478205
25128,Zhang,Shaohui,張紹揮,Male,12029,1902,cerd,478206
25130,Zhang,Shaogao,張紹鎬,Male,1604,1895,cerd,478207
25139,Zhang,Yiwen,張以文,Male,566,1913,cerd,478208
25146,Zhang,Zuoxin,張作新,Male,10053,1907,cerd,478209
25148,Zhang,Zuoxin,張作鑫,Male,25149,1906,cerd,365866
25156,Zhang,Lunguan,張倫官,Male,1161,1898,cerd,478210
25164,Zhang,Luhan,張復漢,Male,15503,1913,cerd,478211
25166,Zhang,Conglong,張從龍,Male,10437,NA,cerd,478212
25170,Zhang,Jianru,張儉如,Male,1231,1906,cerd,478214
25175,Zhang,Furong,張馥蓉,Male,15503,1899,cerd,478215
25191,Zhang,Zengyong,張繒庸,Male,4394,NA,cerd,478216
25193,Zhang,Qiubo,張秋波,Male,2542,1912,cerd,478217
25206,Sun,Fufen,孫傅芬,Male,877,1914,cerd,478218
25208,Sun,Boli,孫伯禮,Male,807,1915,cerd,478219
25210,Sun,Deyuan,孫得元,Male,66,1909,cerd,478220
25214,Sun,Baoji,孫保基,Male,1664,1903,cerd,478221
25225,Sun,Kaigen,孫凱根,Male,1113,1913,cerd,478222
25227,Sun,Duoxiang,孫多項,Male,10603,NA,cerd,478223
25230,Sun,Duoting,孫多頲,Male,10603,NA,cerd,478225
25232,Sun,Duotan,孫多菼,Male,10603,1886,cerd,478226
25250,Sun,Duozhen,孫多蓁,Male,10603,1888,cerd,478227
25261,Sun,Duoyu,孫多鈺,Male,10603,1884,cerd,192563
25279,Wang,Wuli,王五禮,Male,1359,1894,cerd,478228
25285,Wang,Yaqiu,王亞球,Male,1016,1910,cerd,478229
25297,Wang,Yadong,王亞東,Male,5020,1914,cerd,478230
25299,Wang,Xueting,王雪亭,Male,1659,1913,cerd,478231
25301,Wang,Yuankang,王元康,Male,1748,1904,cerd,478232
25306,Wang,Yuandu,王元度,Male,1607,1913,cerd,478233
25310,Wang,Yuanzhang,王元章,Male,562,1901,cerd,478234
25312,Wang,Yuanheng,王元衡,Male,1748,1908,cerd,478236
25326,Wang,Yuanling,王元齡,Male,1544,1900,cerd,478237
25336,Wang,Yuanxi,王元禧,Male,8977,1903,cerd,478238
25341,Wang,Yuanmao,王元懋,Male,1544,1889,cerd,75009
25353,Wang,Yuanjun,王元均,Male,1748,1906,cerd,478239
25363,Sun,Shengzeng,孫繩曾,Male,24560,NA,cerd,478240
25376,Sun,Shupeng,孫叔彭,Male,NA,NA,cerd,478241
25380,Sun,Shaoxian,孫紹先,Male,511,1914,cerd,192836
25382,Sun,Shaozong,孫紹宗,Male,63,1900,cerd,478242
25386,Sun,Yikai,孫以愷,Male,10603,1914,cerd,478243
25391,Wang,Yuanzhao,王元照,Male,1604,1901,cerd,478244
25397,Wang,Yuanyi,王元義,Male,9400,NA,cerd,478245
25399,Wang,Yuanshan,王元善,Male,NA,NA,cerd,478247
25401,Wang,Yuanjiao,王元矯,Male,590,1916,cerd,478248
25403,Wang,Errong,王爾榮,Male,1161,1916,cerd,478249
25405,Wang,Zhenya,王震亞,Male,2310,1897,cerd,478250
25408,Wang,Pingyang,王平洋,Male,877,1909,cerd,478251
25414,Wang,Tianyi,王天一,Male,1748,1916,cerd,478252
25416,Wang,Tianjun,王天俊,Male,1779,1909,cerd,478253
25419,Wang,Tianjie,王天傑,Male,1779,1912,cerd,478254
25421,Wang,Tianhong,王天鴻,Male,3672,1898,cerd,478255
25423,Wang,Tianxiang,王天祥,Male,9772,1913,cerd,478256
25428,Wang,Tianshu,王天樞,Male,25429,1908,cerd,478258
25432,Wang,Tianquan,王天銓,Male,553,NA,cerd,478259
25434,Wang,Bailei,王百雷,Male,877,1886,cerd,478260
25438,Sun,Fupei,孫復培,Male,1664,1893,cerd,478261
25444,Sun,Congyun,孫從雲,Male,10672,1912,cerd,478262
25448,Sun,Yongcheng,孫永澄,Male,965,1915,cerd,478263
25453,Wang,Jinsheng,王晉升,Male,445,1907,cerd,478264
25460,Sun,Yongqi,孫永祺,Male,25462,1912,cerd,478265
25464,Sun,Jiaqian,孫家謙,Male,10904,NA,cerd,478266
25466,Sun,Jiaxi,孫家璽,Male,63,1901,cerd,478267
25471,Sun,Junde,孫?德,Male,71,1887,cerd,478269
25475,Sun,Jiaqi,孫家琦,Male,427,1902,cerd,478270
25485,Sun,Jiading,孫家鼎,Male,2596,1897,cerd,478271
25490,Sun,Jiaxiang,孫家驤,Male,4394,1895,cerd,478272
25492,Sun,Jiajun,孫家駿,Male,427,1906,cerd,478273
25495,Sun,Jiajun,孫家駿,Male,4394,1903,cerd,478274
25497,Sun,Jiaju,孫家駒,Male,427,1913,cerd,478275
25499,Sun,Shouye,孫守業,Male,9432,1914,cerd,478276
25501,Sun,Shouzhe,孫守哲,Male,819,1914,cerd,478277
25503,Sun,Shouquan,孫守全,Male,10543,1912,cerd,478278
25506,Sun,Hongmou,孫宏謀,Male,2857,1908,cerd,478280
25508,Sun,Fuxue,孫富學,Male,427,NA,cerd,478281
25510,Wang,Yunxuan,王雲玄,Male,590,1899,cerd,478282
25527,Wang,Yuncheng,王雲程,Male,1664,1910,cerd,191762
25531,Wang,Yunhai,王雲海,Male,711,1891,cerd,478283
25545,Wang,Beihai,王北海,Male,547,1912,cerd,478284
25547,Wang,Qinguang,王琴廣,Male,25548,1910,cerd,478285
25550,Wang,Shuoke,王碩克,Male,4195,1915,cerd,478286
25553,Wang,Feichen,王棐忱,Male,4314,1912,cerd,478287
25555,Wang,Ruilong,王瑞龍,Male,1063,NA,cerd,478288
25557,Wang,Ruilin,王瑞麟,Male,71,1896,cerd,478289
25559,Wang,Ruipu,王瑞莆,Male,4079,1905,cerd,478291
25561,Wang,Ruihong,王瑞閎,Male,7915,NA,cerd,478292
25563,Wang,Lianqing,王聯慶,Male,3763,1912,cerd,478293
25567,Wang,Yinsun,王引孫,Male,9583,1905,cerd,478294
25569,Wang,Falong,王發蘢,Male,7703,1910,cerd,478295
25573,Wang,Fashen,王發莘,Male,7703,1912,cerd,478296
25576,Wang,Fazhou,王發周,Male,12029,NA,cerd,478297
25578,Wang,Tingzhang,王廷璋,Male,9346,NA,cerd,478298
25581,Wang,Tingqi,王廷琦,Male,24773,1909,cerd,478299
25584,Wang,Tingyong,王廷勇,Male,1578,1913,cerd,478300
25586,Wang,Tingru,王廷儒,Male,25587,1896,cerd,478302
25594,Wang,Tingzuo,王廷佐,Male,4371,1901,cerd,478303
25596,Wang,Tingzuo,王廷佐,Male,3809,1897,cerd,478304
25599,Sun,Liangbi,孫良弼,Male,1161,NA,cerd,478305
25601,Sun,Baozhang,孫寶章,Male,1664,NA,cerd,478306
25606,Sun,Baorong,孫寶融,Male,1016,1912,cerd,478307
25607,Wang,Tingzuo,王廷佐,Male,819,1911,cerd,478308
25610,Wang,Tingxian,王廷憲,Male,10053,NA,cerd,478309
25615,Sun,Baochen,孫寶琛,Male,25619,NA,cerd,478310
25620,Wang,Tingliang,王廷良,Male,4371,1899,cerd,478311
25623,Sun,Baofeng,孫寶豐,Male,1016,1907,cerd,478314
25624,Wang,Tingshi,王廷士,Male,25625,1903,cerd,478315
25629,Wang,Tingdong,王廷棟,Male,3658,1912,cerd,478316
25640,Wang,Tingxiang,王廷相,Male,4449,1901,cerd,478317
25644,Sun,Baojia,孫寶嘉,Male,1664,1915,cerd,478318
25645,Wang,Tinghan,王廷翰,Male,NA,NA,cerd,478319
25647,Wang,Tingsheng,王廷昇,Male,4086,1906,cerd,478320
25650,Sun,Baolai,孫寶來,Male,965,1900,cerd,478321
25651,Wang,Tingzheng,王廷錚,Male,9346,1911,cerd,478322
25655,Wang,Tingjun,王廷俊,Male,3133,1899,cerd,478323
25667,Wang,Sunchu,王孫楚,Male,459,1910,cerd,478325
25673,Sun,Baoqin,孫寶勤,Male,1664,NA,cerd,478326
25675,Sun,Baohua,孫寶華,Male,1664,1910,cerd,478327
25679,Sun,Baoquan,孫寶權,Male,11187,1896,cerd,478328
25683,Sun,Baochi,孫寶墀,Male,1016,1896,cerd,478329
25696,Wang,Wutang,王武堂,Male,2728,1916,cerd,478330
25698,Wang,Guisun,王珪孫,Male,1259,1898,cerd,478331
25704,Wang,Pinsan,王聘三,Male,9036,NA,cerd,478332
25707,Wang,Pinru,王聘儒,Male,3966,1889,cerd,478333
25716,Wang,Jianyan,王建言,Male,3739,1896,cerd,478334
25718,Wang,Jianshan,王建珊,Male,1664,1908,cerd,478336
25727,Wang,Jianmin,王建民,Male,17749,1901,cerd,478337
25746,Sun,Baoxian,孫寶賢,Male,25619,1912,cerd,478338
25749,Sun,Baoshan,孫寶善,Male,965,NA,cerd,478339
25751,Sun,Baolian,孫寶鏈,Male,562,1899,cerd,478340
25755,Sun,Baojian,孫寶鑑,Male,1664,NA,cerd,478341
25759,Sun,Zongkun,孫宗堃,Male,1409,NA,cerd,478342
25761,Sun,Zongsui,孫宗燧,Male,25762,NA,cerd,478343
25764,Sun,Yuanyu,孫源裕,Male,13119,1916,cerd,478344
25766,Sun,Yuankai,孫源楷,Male,10543,1908,cerd,478345
25769,Sun,Bijin,孫必搢,Male,2985,1899,cerd,478347
25771,Sun,Xinyun,孫心筠,Male,1770,1899,cerd,478348
25776,Zhang,Bianzeng,張汴增,Male,1664,1918,cerd,478349
25778,Zhang,Jixiang,張濟翔,Male,3829,NA,cerd,478350
25780,Zhang,Peitang,張沛棠,Male,1817,1913,cerd,478351
25782,Zhang,Jiarui,張家瑞,Male,25783,1908,cerd,478352
25787,Zhang,Jiaying,張家瑛,Male,25788,1909,cerd,478353
25790,Zhang,Jiaren,張家仁,Male,765,1907,cerd,478354
25793,Zhang,Yongzhen,張永貞,Male,14276,NA,cerd,478355
25801,Zhang,Jiade,張家德,Male,3866,1912,cerd,478356
25805,Zhang,Jiasheng,張家升,Male,807,1915,cerd,478358
25807,Zhang,Yongquan,張永泉,Male,9613,1897,cerd,478359
25809,Zhang,Jiaxuan,張家宣,Male,25810,1915,cerd,478360
25814,Zhang,Jialiang,張家樑,Male,338,1916,cerd,478361
25817,Zhang,Yongshi,張永世,Male,25818,1911,cerd,478362
25826,Zhang,Jiasheng,張家聲,Male,1079,1911,cerd,478363
25829,Zhang,Yonghui,張永惠,Male,4272,1906,cerd,478364
25835,Zhang,Yongshu,張永書,Male,1881,1912,cerd,478365
25837,Zhang,Jiaji,張家驥,Male,4371,1906,cerd,478366
25839,Zhang,Jiajun,張家駿,Male,4371,1890,cerd,478367
25841,Zhang,Jiaju,張家駒,Male,74,NA,cerd,478369
25843,Zhang,Jiaxing,張家興,Male,1227,1916,cerd,478370
25845,Zhang,Jiajun,張家鈞,Male,1903,1908,cerd,478371
25849,Zhang,Yongyao,張永耀,Male,644,1912,cerd,478372
25851,Zhang,Zhilin,張之琳,Male,1091,NA,cerd,478373
25854,Zhang,Zhijie,張之傑,Male,5332,1905,cerd,478374
25859,Zhang,Zhiliang,張之樑,Male,673,1915,cerd,478375
25861,Zhang,Zhiqian,張之鈐,Male,5282,1910,cerd,478376
25863,Zhang,Zhiguang,張之光,Male,765,1906,cerd,478377
25865,Zhang,Shizhong,張適中,Male,22438,NA,cerd,478378
25867,Zhang,Shouxun,張守訓,Male,12542,1895,cerd,478380
25877,Zhang,Shouzong,張守宗,Male,2797,NA,cerd,478381
25879,Zhang,Shouyi,張守義,Male,644,1912,cerd,478382
25882,Zhang,Shoufan,張守範,Male,11047,1906,cerd,478383
25888,Zhang,Anling,張安令,Male,1161,1910,cerd,478384
25892,Zhang,Hongye,張宏業,Male,3608,1914,cerd,478385
25894,Zhang,Hongrun,張宏潤,Male,4086,NA,cerd,478386
25896,Zhang,Zhenhai,張震海,Male,2313,1909,cerd,478387
25898,Zhang,Liangmo,張良模,Male,427,NA,cerd,478388
25902,Zhang,Huanjing,張寰鏡,Male,1409,NA,cerd,478389
25907,Zhang,Baoshi,張寶詩,Male,427,NA,cerd,478391
25909,Zhang,Baoyuan,張寶元,Male,871,1906,cerd,478392
25911,Zhang,Baoshan,張寶山,Male,NA,NA,cerd,478393
25913,Zhang,Baoling,張寶齡,Male,522,1895,cerd,478394
25923,Sun,Hanmin,孫漢民,Male,2790,1904,cerd,478395
25932,Sun,Rujin,孫汝藎,Male,4394,1900,cerd,478396
25934,Sun,Hongfen,孫洪芬,Male,60,1893,cerd,478397
25938,Sun,Hongjun,孫洪均,Male,1664,1908,cerd,478398
25946,Sun,Hongcheng,孫洪成,Male,965,1899,cerd,478399
25963,Sun,Zeyi,孫澤溢,Male,25762,1914,cerd,478400
25967,Sun,Hongye,孫鴻業,Male,76,NA,cerd,478402
25969,Sun,Runxu,孫潤垿,Male,4802,1912,cerd,478403
25972,Sun,Hongzhe,孫鴻哲,Male,1664,NA,cerd,478404
25977,Sun,Zuyin,孫祖蔭,Male,25978,1910,cerd,478405
25980,Sun,Guanshi,孫冠世,Male,1120,1913,cerd,478406
25982,Sun,Zuxin,孫祖鑫,Male,NA,NA,cerd,478407
25984,Sun,Lianxuan,孫連璿,Male,10543,1913,cerd,478408
25989,Zhang,Baojiang,張寶江,Male,1079,NA,cerd,478409
25991,Zhang,Baohua,張寶華,Male,62,1886,cerd,478410
25993,Zhang,Baotong,張寶桐,Male,1079,1899,cerd,333840
26008,Zhang,Baoxian,張寶賢,Male,819,NA,cerd,478411
26010,Zhang,Zongjie,張宗[上丯下口],Male,10543,NA,cerd,478413
26012,Zhang,Zongwang,張宗望,Male,782,1891,cerd,478414
26033,Zhang,Zongmeng,張宗孟,Male,4449,1910,cerd,478415
26035,Zhang,Zongmeng,張宗孟,Male,16226,1917,cerd,478416
26037,Zhang,Zongyi,張宗彝,Male,1664,NA,cerd,478417
26039,Zhang,Zongan,張宗安,Male,877,1915,cerd,478418
26049,Zhang,Zongliang,張宗良,Male,18372,1912,cerd,478419
26051,Zhang,Zongyi,張宗沂,Male,2732,1892,cerd,478420
26053,Zhang,Zongfang,張宗芳,Male,63,1886,cerd,366412
26056,Zhang,Yuzhong,張余中,Male,11047,1916,cerd,478421
26059,Zhang,Zongxi,張宗熙,Male,1433,NA,cerd,478422
26061,Zhang,Zongxin,張宗鑫,Male,1292,1914,cerd,478425
26063,Zhang,Zongyi,張宗義,Male,76,1899,cerd,478426
26068,Zhang,Jianglan,張江瀾,Male,1578,1915,cerd,478427
26072,Zhang,Fuqing,張福慶,Male,61,1908,cerd,478428
26077,Zhang,Fulin,張福霖,Male,1664,1890,cerd,478429
26091,Zhang,Furui,張福瑞,Male,6673,1908,cerd,478430
26097,Zhang,Fuxiang,張福祥,Male,26096,1909,cerd,478431
26100,Zhang,Fuxiang,張福祥,Male,13681,1906,cerd,478432
26102,Zhang,Fuhua,張福華,Male,26103,1905,cerd,478433
26105,Zhang,Fuquan,張福全,Male,427,1914,cerd,478434
26107,Zhang,Funian,張福年,Male,427,1915,cerd,478436
26109,Zhang,Fuyi,張福義,Male,3053,NA,cerd,478437
26111,Zhang,Fuquan,張福銓,Male,3042,1898,cerd,478438
26125,Zhang,Futang,張福堂,Male,24418,NA,cerd,478439
26127,Zhang,Zhaoyan,張兆言,Male,1042,NA,cerd,478440
26129,Zhang,Zhaoyun,張兆雲,Male,1409,NA,cerd,478441
26131,Zhang,Zhaoxiong,張兆熊,Male,1113,NA,cerd,478442
26133,Zhang,Zhaolan,張兆蘭,Male,4371,1896,cerd,478443
26135,Zhang,Zhaotai,張兆泰,Male,NA,NA,cerd,478444
26137,Zhang,Zhaofeng,張兆鳳,Male,1356,1904,cerd,478445
26139,Zhang,Xinzhi,張心治,Male,4238,1915,cerd,478447
26141,Zhang,Xintian,張心田,Male,15284,1911,cerd,478448
26145,Zhang,Xintian,張心田,Male,2435,1907,cerd,478449
26157,Zhang,Yefan,張冶範,Male,26158,1906,cerd,478450
26161,Zhang,Buxin,張補新,Male,1305,1895,cerd,478451
26171,Zhang,Shuzu,張述祖,Male,562,NA,cerd,478452
26177,Zhang,Hanlin,張漢麟,Male,965,1918,cerd,478453
26179,Zhang,Hanhe,張漢何,Male,607,NA,cerd,478454
26181,Zhang,Hanjie,張漢傑,Male,NA,NA,cerd,478455
26183,Zhang,Hanliang,張漢良,Male,11413,1904,cerd,13969
26194,Zhang,Hanqing,張漢清,Male,511,1907,cerd,478456
26196,Zhang,Hanwei,張漢威,Male,3730,1892,cerd,478458
26206,Zhang,Hanxin,張漢鑫,Male,7296,1899,cerd,478459
26213,Zhang,Hanzhong,張漢鍾,Male,965,1918,cerd,478460
26215,Sun,Yunchang,孫運昌,Male,1016,1910,cerd,478461
26221,Sun,Haiyuan,孫海源,Male,2545,1900,cerd,478462
26223,Sun,Xiangmeng,孫祥萌,Male,26225,1908,cerd,478463
26234,Sun,Yuji,孫裕濟,Male,3750,1913,cerd,478464
26237,Sun,Qichang,孫啟昌,Male,9346,NA,cerd,478465
26239,Sun,Qichang,孫啟昌,Male,71,1906,cerd,478466
26242,Sun,Jiushao,孫九韶,Male,26243,1918,cerd,478467
26245,Sun,Shixiong,孫士熊,Male,965,1906,cerd,478469
26250,Sun,Shida,孫士達,Male,765,NA,cerd,478470
26254,Sun,Shiming,孫士明,Male,427,1914,cerd,478471
26256,Sun,Youxu,孫有序,Male,726,1912,cerd,478472
26260,Sun,Xipeng,孫希彭,Male,3672,NA,cerd,478473
26262,Sun,Jialu,孫嘉祿,Male,1113,1892,cerd,478474
26272,Sun,Jiayou,孫嘉猷,Male,11135,1912,cerd,478475
26274,Sun,Shousheng,孫壽生,Male,23836,NA,cerd,478476
26276,Sun,Shoupei,孫壽培,Male,71,1897,cerd,478477
26279,Sun,Yueqi,孫越崎,Male,909,1896,cerd,478478
26290,Sun,Fengyin,孫封印,Male,7055,1912,cerd,478480
26292,Sun,Fanggui,孫芳桂,Male,2313,1906,cerd,478481
26294,Wang,Shengyang,王聖揚,Male,26295,1909,cerd,478482
26307,Wang,Xianheng,王現珩,Male,26308,1909,cerd,478483
26311,Wang,Yuyi,王羽儀,Male,2932,1902,cerd,478484
26320,Wang,Naikuan,王乃寬,Male,1210,1902,cerd,379749
26326,Sun,Baozhen,孫葆楨,Male,1664,1889,cerd,478485
26344,Sun,Baoquan,孫葆銓,Male,1259,1914,cerd,478486
26347,Sun,Shipu,孫世璞,Male,427,1905,cerd,478487
26355,Wang,Naihui,王乃惠,Male,4225,1909,cerd,478488
26357,Wang,Wuben,王務本,Male,12361,NA,cerd,478489
26359,Sun,Shiqiu,孫世球,Male,553,NA,cerd,478491
26360,Wang,Wuyi,王務義,Male,1113,1915,cerd,478492
26363,Sun,Shizuan,孫世纘,Male,553,NA,cerd,478493
26365,Sun,Shijie,孫世傑,Male,20513,1905,cerd,478494
26369,Sun,Shihua,孫世華,Male,553,1884,cerd,478495
26374,Sun,Shufen,孫樹芬,Male,10082,NA,cerd,478496
26377,Sun,Shulu,孫樹陸,Male,26378,1910,cerd,478497
26380,Sun,Zhisan,孫植三,Male,1113,1912,cerd,478498
26385,Sun,Guilin,孫桂林,Male,5282,NA,cerd,478499
26387,Sun,Xulai,孫旭來,Male,1664,1916,cerd,478500
26389,Sun,Guanhan,孫觀漢,Male,909,1914,cerd,9536
26393,Sun,Chaozhou,孫朝洲,Male,765,1907,cerd,478502
26398,Sun,Zengjue,孫增爵,Male,765,1913,cerd,478503
26403,Sun,Zengfan,孫增蕃,Male,765,1912,cerd,478504
26406,Sun,Songnian,孫松年,Male,427,1913,cerd,478505
26408,Sun,Zhonghe,孫中和,Male,4314,NA,cerd,478506
26410,Sun,Shuyuan,孫書元,Male,22850,NA,cerd,478507
26413,Sun,Donggen,孫東根,Male,618,1912,cerd,478508
26417,Sun,Zhenxian,孫振先,Male,1177,1903,cerd,478509
26419,Sun,Zhenxiang,孫振祥,Male,24430,1904,cerd,478510
26421,Sun,Zhenying,孫振英,Male,9346,NA,cerd,478511
26423,Sun,Zhendong,孫振東,Male,9346,1911,cerd,478513
26427,Sun,Fuxian,孫輔先,Male,4627,1907,cerd,478514
26429,Sun,Fushi,孫輔世,Male,1664,1900,cerd,478515
26440,Sun,Chengfan,孫成璠,Male,20636,1906,cerd,478516
26450,Sun,Shengji,孫盛績,Male,755,1902,cerd,405662
26461,Sun,Chengji,孫成基,Male,1544,1912,cerd,478517
26463,Sun,Rixin,孫日鑫,Male,16804,NA,cerd,478518
26466,Sun,Guoliang,孫國樑,Male,765,1912,cerd,478519
26472,Sun,Guodong,孫國棟,Male,765,1917,cerd,478520
26474,Sun,Enxiu,孫恩秀,Male,1189,NA,cerd,478521
26478,Sun,Tuxian,孫圖銜,Male,71,1907,cerd,405304
26481,Sun,Changxi,孫昌僖,Male,553,1917,cerd,478522
26483,Sun,Changkuang,孫昌劻,Male,553,1914,cerd,478524
26486,Sun,Jingyuan,孫景元,Male,3935,1911,cerd,478525
26490,Sun,Jinghua,孫景華,Male,3710,1908,cerd,478526
26495,Sun,Xianhui,孫顯惠,Male,765,1887,cerd,405411
26510,Sun,Yiyi,孫貽易,Male,71,1904,cerd,478527
26513,Sun,Cishu,孫賜書,Male,26514,1913,cerd,478528
26516,Sun,Zhaozhang,孫照章,Male,1016,1910,cerd,478529
26520,Sun,Zhaoxiong,孫照熊,Male,1161,1910,cerd,478530
26522,Sun,Changsheng,孫長生,Male,3435,1904,cerd,478531
26524,Sun,Junsheng,孫駿聲,Male,18580,NA,cerd,478532
26531,Sun,Fengqi,孫鳳岐,Male,2071,1901,cerd,478533
26533,Sun,Fengzhu,孫鳳翥,Male,26534,NA,cerd,478537
26538,Sun,Fengying,孫鳳英,Female,3771,1911,cerd,478538
26541,Sun,Tongqi,孫同祺,Male,2985,NA,cerd,478539
26543,Sun,Tongren,孫同人,Male,NA,NA,cerd,478540
26545,Wang,Biqing,王弼卿,Male,13948,1898,cerd,478541
26563,Zhang,Rulin,張汝霖,Male,4371,1894,cerd,478542
26566,Zhang,Rurui,張汝瑞,Male,3608,1903,cerd,478543
26575,Wang,Chengzu,王承祖,Male,449,1884,cerd,478544
26586,Wang,Chengzuo,王承祚,Male,2331,1910,cerd,478545
26588,Wang,Chengpu,王承樸,Male,956,1895,cerd,478546
26591,Zhang,Ruji,張汝楫,Male,511,1908,cerd,478548
26593,Zhang,Rumei,張汝梅,Male,782,1916,cerd,478549
26595,Zhang,Rusi,張汝思,Male,7703,1907,cerd,478550
26596,Wang,Chengming,王承明,Male,1036,1916,cerd,478551
26601,Wang,Chengzhao,王承照,Male,1604,NA,cerd,478552
26609,Zhang,Ruchang,張汝昌,Male,4314,1911,cerd,478553
26611,Zhang,Hongying,張洪瀛,Male,13941,1911,cerd,478554
26613,Zhang,Hongyuan,張洪沅,Male,1434,1907,cerd,9699
26623,Zhang,Hongchang,張洪昌,Male,62,1903,cerd,478555
26626,Wang,Chengzeng,王承曾,Male,63,NA,cerd,478556
26630,Zhang,Hongxi,張洪錫,Male,10138,1913,cerd,478557
26632,Zhang,Qiceng,張淇曾,Male,2068,NA,cerd,478559
26636,Zhang,Yuanxin,張遠新,Male,2542,1921,cerd,478560
26638,Wang,Jizhi,王及之,Male,2660,1902,cerd,333184
26641,Zhang,Yuanhong,張遠鴻,Male,NA,NA,cerd,478561
26643,Zhang,Jinsheng,張津生,Male,26644,1914,cerd,478562
26646,Zhang,Qingyi,張清一,Male,1364,1907,cerd,478563
26649,Zhang,Qingfu,張清福,Male,NA,1916,cerd,478564
26653,Zhang,Qingxi,張清溪,Male,4425,1898,cerd,478565
26660,Zhang,Qinglian,張清漣,Male,9772,1897,cerd,478566
26666,Wang,Ziyu,王子瑜,Male,410,1904,cerd,478567
26679,Zhang,Qingzhen,張清溱,Male,9772,1915,cerd,478568
26682,Zhang,Qingzhuo,張清濯,Male,26683,1913,cerd,478570
26693,Zhang,Lide,張禮德,Male,5733,1913,cerd,478571
26695,Zhang,Liming,張禮明,Male,402,NA,cerd,478572
26698,Zhang,Lianke,張連科,Male,26699,1897,cerd,367839
26715,Zhang,Diesheng,張迭生,Male,2985,1893,cerd,478573
26719,Zhang,Lianbu,張連步,Male,2076,1909,cerd,478574
26721,Zhang,Lianji,張連級,Male,7956,1902,cerd,478575
26729,Zhang,Lianrong,張連榮,Male,4042,1911,cerd,478576
26736,Zhang,Xianglin,張湘琳,Male,6341,NA,cerd,478577
26738,Zhang,Zeyao,張澤垚,Male,70,1895,cerd,478578
26760,Zhang,Zexi,張澤熙,Male,11209,1899,cerd,478579
26770,Zhang,Honggao,張鴻誥,Male,NA,NA,cerd,478581
26772,Zhang,Honglie,張鴻烈,Male,819,1911,cerd,478582
26775,Zhang,Hongkui,張鴻逵,Male,590,1899,cerd,478583
26782,Zhang,Hongkui,張鴻逵,Male,7777,1905,cerd,478584
26791,Zhang,Hongxuan,張鴻選,Male,4627,1915,cerd,478585
26793,Zhang,Hongchun,張鴻椿,Male,1664,1911,cerd,478586
26797,Zhang,Hongsheng,張鴻聲,Male,26798,NA,cerd,478587
26800,Zhang,Runtian,張潤田,Male,813,1898,cerd,9703
26816,Zhang,Hongtu,張鴻圖,Male,6839,1902,cerd,478588
26829,Wang,Zixiang,王子香,Male,10730,1903,cerd,478589
26839,Wang,Ziren,王子仁,Male,2542,1913,cerd,478590
26841,Wang,Zipei,王子佩,Male,8174,1904,cerd,478592
26845,Wang,Zixing,王子星,Male,1079,NA,cerd,478593
26854,Wang,Yichen,王翼臣,Male,1091,1893,cerd,478594
26855,Zhang,Runpu,張潤普,Male,1682,1914,cerd,478595
26862,Zhang,Hongjian,張鴻鑑,Male,1682,1900,cerd,478596
26874,Zhang,Zuxuan,張祖璿,Male,562,1915,cerd,478597
26879,Zhang,Zuyi,張祖翼,Male,1664,1912,cerd,478598
26883,Zhang,Zushun,張祖順,Male,1231,NA,cerd,478599
26887,Zhang,Zuliang,張祖良,Male,3133,NA,cerd,478600
26891,Zhang,Zuyin,張祖蔭,Male,1748,1913,cerd,478601
26894,Zhang,Zuyao,張祖耀,Male,427,1901,cerd,478603
26906,Zhang,Qinian,張祁年,Male,5073,1916,cerd,478604
26908,Zhang,Lujing,張祿經,Male,12167,1917,cerd,478605
26910,Wang,Zhenyong,王珍鏞,Male,1695,NA,cerd,478606
26911,Zhang,Yuntai,張運泰,Male,324,NA,cerd,478607
26915,Zhang,Xiachang,張遐昌,Male,1618,1917,cerd,478608
26916,Wang,Zhengxiu,王政修,Male,3053,NA,cerd,478609
26919,Zhang,Yiren,張逸人,Male,13741,1912,cerd,478610
26921,Zhang,Junshi,張軍實,Male,7331,1918,cerd,478611
26923,Zhang,Langzhu,張朗竹,Male,NA,NA,cerd,478612
26925,Zhang,Haiping,張海平,Male,8181,1901,cerd,193769
26932,Wang,Zhixiang,王致祥,Male,1682,NA,cerd,478614
26938,Wang,Zhizhong,王致中,Male,5830,1912,cerd,478615
26948,Wang,Gengguang,王耿光,Male,4086,1903,cerd,478616
26951,Zhang,Haiyun,張海雲,Male,13119,NA,cerd,478617
26953,Wang,Chuixian,王垂憲,Male,22338,1890,cerd,478618
26957,Zhang,Xiangrui,張祥瑞,Male,15503,1913,cerd,478619
26960,Zhang,Xiangxiong,張祥熊,Male,17451,1888,cerd,478620
26972,Wang,Zhongshan,王重山,Male,4225,1891,cerd,478621
26985,Zhang,Qiyuan,張啟元,Male,1016,1914,cerd,478622
26990,Zhang,Qinan,張啟南,Male,1259,NA,cerd,478623
26995,Zhang,Qihua,張啟華,Male,12014,1912,cerd,478625
26997,Zhang,Qihua,張啟華,Male,26999,NA,cerd,478626
27001,Zhang,Qiqian,張啟乾,Male,3608,1916,cerd,478627
27002,Wang,Xiuqing,王秀清,Male,18676,1913,cerd,478628
27005,Zhang,Qiming,張啟明,Male,1664,1901,cerd,478629
27006,Wang,Juanfei,王雋斐,Male,62,1906,cerd,478630
27012,Zhang,Jiushan,張九山,Male,1002,1912,cerd,478631
27017,Zhang,Jiuyuan,張九垣,Male,950,1914,cerd,333463
27020,Zhang,Daqi,張大奇,Male,5186,1909,cerd,478632
27024,Zhang,Dagui,張大桂,Male,1604,1917,cerd,478633
27027,Zhang,Daqi,張大器,Male,324,1911,cerd,478634
27033,Zhang,Daxing,張大興,Male,4195,1903,cerd,478636
27037,Zhang,Daheng,張大恆,Male,765,1913,cerd,478637
27039,Zhang,Dayu,張大煜,Male,1016,1907,cerd,478638
27040,Wang,Yiren,王依仁,Male,4394,1911,cerd,478639
27047,Wang,Shuntao,王舜陶,Male,1259,1906,cerd,478640
27051,Zhang,Youli,張友鯉,Male,4079,1906,cerd,478641
27054,Zhang,Youmei,張友梅,Male,16224,NA,cerd,478642
27057,Zhang,Youxi,張友熙,Male,3101,1907,cerd,478643
27070,Zhang,Youxian,張友賢,Male,717,1905,cerd,478644
27073,Wang,Ziyou,王子祐,Male,27077,1907,cerd,478645
27085,Zhang,Youheng,張友恆,Male,19088,NA,cerd,478648
27087,Zhang,Shijun,張士俊,Male,7911,1908,cerd,478649
27089,Zhang,Shiwei,張士偉,Male,1659,1915,cerd,478650
27094,Zhang,Shikai,張士楷,Male,1259,NA,cerd,478651
27096,Zhang,Shilin,張士林,Male,719,1903,cerd,478652
27102,Wang,Shunqin,王舜欽,Male,2076,1909,cerd,478653
27107,Wang,Shoufu,王受符,Male,3645,1913,cerd,478654
27108,Zhang,Taiming,張臺明,Male,1573,NA,cerd,478655
27112,Zhang,Peijiang,張培疆,Male,16922,1912,cerd,478656
27114,Wang,Jiyue,王季嶽,Male,NA,NA,cerd,478657
27115,Zhang,Peixin,張培心,Male,1975,1913,cerd,478659
27121,Zhang,Peilin,張培林,Male,3203,1917,cerd,478660
27133,Zhang,Peigong,張培公,Male,2690,1904,cerd,333473
27136,Wang,Jixu,王季緒,Male,1079,1882,cerd,478661
27144,Zhang,Keli,張克理,Male,1659,1906,cerd,333465
27153,Wang,Jigang,王季岡,Male,607,1902,cerd,333174
27157,Zhang,Zaiyin,張在寅,Male,10780,1911,cerd,478664
27160,Zhang,Kezhong,張克忠,Male,427,1906,cerd,9614
27169,Zhang,Kechang,張克昌,Male,NA,NA,cerd,478665
27171,Zhang,Yougun,張有袞,Male,1161,NA,cerd,478666
27173,Zhang,Yousheng,張有生,Male,965,1909,cerd,478667
27176,Zhang,Youji,張有績,Male,NA,NA,cerd,478668
27179,Zhang,Youling,張有齡,Male,1079,1911,cerd,478670
27183,Zhang,Youzhen,張有楨,Male,388,NA,cerd,478671
27185,Zhang,Youbin,張有彬,Male,388,1894,cerd,478672
27196,Zhang,Xishi,張希栻,Male,1682,1908,cerd,478673
27206,Zhang,Xishi,張希栻,Male,4130,1905,cerd,478674
27214,Zhang,Youben,張有本,Male,63,1898,cerd,478675
27220,Zhang,Zhixin,張志信,Male,9613,1912,cerd,478676
27222,Zhang,Zhixin,張志信,Male,2071,NA,cerd,478677
27224,Zhang,Zhikan,張志侃,Male,16922,1916,cerd,478678
27228,Zhang,Zhili,張志禮,Male,12372,1909,cerd,478679
27234,Wang,Bingwen,王秉文,Male,556,1914,cerd,478681
27237,Wang,Bingqian,王秉謙,Male,819,1912,cerd,478682
27240,Wang,Bingyi,王秉彝,Male,71,NA,cerd,478683
27242,Wang,Bingyi,王秉彝,Male,6839,1911,cerd,478684
27246,Wang,Bingyi,王秉義,Male,813,NA,cerd,478685
27248,Wang,Bingchen,王秉忱,Male,1779,1911,cerd,478686
27257,Wang,Weikang,王維康,Male,571,1913,cerd,478687
27259,Wang,Weixin,王維新,Male,64,1902,cerd,478688
27263,Wang,Weixin,王維新,Male,14301,1913,cerd,478689
27265,Wang,Weizhang,王維璋,Male,27266,1904,cerd,478690
27268,Wang,Weixin,王維信,Male,1091,1903,cerd,478692
27275,Wang,Weigang,王維綱,Male,27266,1904,cerd,478693
27278,Wang,Weizhen,王維溱,Male,1079,1916,cerd,478694
27280,Wang,Weihan,王維瀚,Male,15783,1902,cerd,478695
27283,Wang,Weizhen,王維楨,Male,1559,NA,cerd,478696
27287,Wang,Weixiang,王維相,Male,13941,1913,cerd,478697
27289,Wang,Yanbi,王衍弼,Male,27290,1913,cerd,478698
27292,Wang,Yanshao,王衍紹,Male,27290,1916,cerd,478699
27294,Wang,Rensheng,王仁生,Male,1664,1909,cerd,478700
27296,Wang,Rendong,王仁棟,Male,1079,1909,cerd,478701
27300,Wang,Rendong,王仁東,Male,877,1908,cerd,478703
27309,Wang,Rengang,王仁剛,Male,1359,1911,cerd,478704
27312,Wang,Renzhong,王仁鍾,Male,1544,1914,cerd,478705
27314,Wang,Renbing,王仁炳,Male,553,NA,cerd,478706
27316,Sun,Tongshan,孫同善,Male,965,NA,cerd,478707
27318,Sun,Xuexiu,孫學修,Male,1079,1895,cerd,478708
27326,Sun,Xianyi,孫賢頤,Male,909,1917,cerd,478709
27328,Sun,Jinkui,孫金魁,Male,NA,NA,cerd,478710
27330,Sun,Jincheng,孫金城,Male,8202,1897,cerd,478711
27332,Sun,Ningxian,孫寧銜,Male,1664,NA,cerd,478712
27334,Sun,Yuying,孫毓英,Male,1881,1906,cerd,478714
27336,Sun,Yudi,孫毓棣,Male,1664,1914,cerd,478715
27338,Sun,Yuchen,孫毓辰,Male,26243,1900,cerd,478716
27341,Sun,Yizhi,孫義植,Male,2146,NA,cerd,478717
27343,Sun,Shanqing,孫善慶,Male,4297,1913,cerd,478718
27345,Sun,Zhonglin,孫鍾琳,Male,27653,1896,cerd,478719
27348,Sun,Zhongyue,孫鍾嶽,Male,556,1915,cerd,478720
27353,Sun,Jianni,孫劍霓,Male,71,NA,cerd,478721
27355,Sun,Ruiyuan,孫銳元,Male,27356,1912,cerd,478722
27358,Sun,Huaici,孫懷慈,Male,765,1912,cerd,478723
27361,Sun,Guangyao,孫光耀,Male,6090,1914,cerd,478725
27363,Sun,Bingzhong,孫炳忠,Male,2625,1889,cerd,478726
27378,Sun,Yufang,孫煜方,Male,10603,1894,cerd,57924
27386,Sun,Huitang,孫輝堂,Male,590,1902,cerd,478727
27396,Sun,Canwen,孫燦文,Male,22850,1909,cerd,478728
27399,Sun,Wei'e,孫煒鄂,Male,72,1903,cerd,478729
27414,Wang,Nengjie,王能杰,Male,1256,1896,cerd,478730
27422,Wang,Xuzhong,王虛中,Male,13183,1910,cerd,478731
27426,Wang,Xingsu,王行素,Male,511,1912,cerd,478732
27432,Sun,Xiequan,孫燮銓,Male,1664,1908,cerd,478733
27435,Wang,Shiyi,王師益,Male,27436,1900,cerd,478734
27440,Wang,Shixi,王師羲,Male,877,NA,cerd,478736
27446,Wang,Zhenhua,王貞驊,Male,1564,1910,cerd,478737
27448,Wang,Jingyuan,王經遠,Male,27450,1904,cerd,478738
27457,Wang,Jingjun,王經畯,Male,27458,NA,cerd,478739
27460,Wang,Zhigang,王制剛,Male,15290,1911,cerd,478740
27462,Wang,Dingwen,王鼎文,Male,427,1906,cerd,478741
27469,Wang,Dinghua,王鼎華,Male,10904,1914,cerd,478742
27471,Wang,Chongren,王崇仁,Male,16065,1910,cerd,478743
27473,Wang,Chongzhi,王崇植,Male,807,1899,cerd,192182
27486,Wang,Chonghou,王崇厚,Male,27487,1914,cerd,478744
27490,Wang,Jijue,王繼爵,Male,1779,1909,cerd,478745
27494,Wang,Jizhen,王繼貞,Male,17029,1912,cerd,478747
27496,Wang,Jixian,王繼先,Male,4195,1913,cerd,478748
27498,Wang,Jizhong,王繼仲,Male,26103,1898,cerd,381564
27502,Wang,Jihong,王繼宏,Male,1659,1915,cerd,478749
27504,Wang,Jizhe,王繼轍,Male,1659,1915,cerd,478750
27506,Wang,Jishan,王繼善,Male,877,1907,cerd,478751
27523,Wang,Yunfa,王允發,Male,27524,1912,cerd,478752
27527,Wang,Yunshan,王允山,Male,4042,1913,cerd,478753
27529,Wang,Yunzhi,王允治,Male,3203,1917,cerd,478754
27532,Wang,Fumei,王傅梅,Male,819,1915,cerd,478755
27534,Wu,Jiang,武講,Male,4225,NA,cerd,478756
27536,Wu,Pei,武霈,Male,7085,1912,cerd,478759
27539,Wu,Lin,武琳,Male,9432,1908,cerd,478760
27541,Wu,Shun,武順,Male,743,NA,cerd,478761
27543,Wu,Su,武肅,Male,5830,1899,cerd,478762
27548,Wu,Hui,武惠,Male,5282,1907,cerd,478763
27553,Wu,Xin,武昕,Male,953,1902,cerd,478764
27555,Wu,Longsheng,武龍生,Male,4079,NA,cerd,478765
27557,Wu,Xiaowen,武效文,Male,16065,1913,cerd,478766
27559,Wu,Xiaojing,武效經,Male,10295,1892,cerd,478767
27562,Wu,Yuanchang,武元昌,Male,19830,1914,cerd,478768
27564,Wu,Kejiu,武可久,Male,7703,1912,cerd,478770
27566,Wu,Tingxian,武廷獻,Male,10774,NA,cerd,478771
27568,Wu,Zhizheng,武致正,Male,NA,1903,cerd,478772
27571,Wu,Weicheng,武維城,Male,6904,NA,cerd,478773
27575,Wu,Jinlun,武縉綸,Male,1359,1905,cerd,478774
27579,Wu,Demao,武德懋,Male,9040,1900,cerd,478775
27583,Wang,Junde,王俊德,Male,NA,NA,cerd,478776
27585,Wang,Junan,王俊安,Male,4042,1904,cerd,478777
27593,Wang,Junying,王俊英,Male,16085,1886,cerd,478778
27605,Wang,Junfeng,王峻峯,Male,3549,1914,cerd,478779
27608,Wang,Huawen,王化文,Male,2732,1911,cerd,478781
27612,Wang,Huacheng,王化誠,Male,2790,NA,cerd,478782
27616,Wang,Huahu,王化鵠,Male,27617,NA,cerd,478783
27619,Wang,Zhuangfei,王壯飛,Male,71,1912,cerd,478784
27622,Wang,Kuiwen,王魁文,Male,23622,1909,cerd,478785
27625,Wang,Zuocai,王佐才,Male,8954,NA,cerd,478786
27627,Wang,Xianze,王先澤,Male,15985,1908,cerd,478787
27629,Wang,Dewen,王德文,Male,9292,1907,cerd,478788
27631,Wang,Dezhi,王德郅,Male,3319,1903,cerd,478789
27634,Wang,Dezheng,王德政,Male,20354,1908,cerd,478790
27637,Wang,Deyi,王德顗,Male,16722,1907,cerd,478792
27644,Wang,Dezi,王德滋,Male,27645,1896,cerd,478793
27655,Wu,Peiming,武培明,Male,980,NA,cerd,478794
27657,Wu,Xisheng,武希聖,Male,9583,NA,cerd,478795
27660,Wu,Duobiao,武奪彪,Male,2732,1908,cerd,478796
27664,Wu,Fenwei,武奮威,Male,10053,1909,cerd,478797
27666,Wu,Shouyou,武壽祐,Male,15503,1895,cerd,478798
27668,Wu,Shijiu,武式玖,Male,410,1912,cerd,478799
27671,Wu,Daiming,武帶銘,Male,10295,1905,cerd,478800
27673,Wu,Baoren,武葆仁,Male,10295,NA,cerd,478801
27675,Wu,Chaoyan,武朝彥,Male,4665,1905,cerd,478803
27677,Wu,Jinren,武盡仁,Male,6904,1901,cerd,478804
27679,Wu,Jinzhuo,武盡倬,Male,6904,1897,cerd,478805
27682,Wu,Jinjie,武盡傑,Male,6904,1880,cerd,478806
27686,Wu,Zhenming,武振銘,Male,9830,1903,cerd,478807
27688,Wu,Yanglie,武揚烈,Male,26644,NA,cerd,478808
27693,Wu,Guozhen,武國珍,Male,9040,1910,cerd,478809
27696,Wu,Enhong,武恩鴻,Male,1659,NA,cerd,478810
27698,Wu,Fengxiang,武鳳翔,Male,2732,1907,cerd,478811
27700,Wu,Lüqian,武履謙,Male,9583,1894,cerd,478812
27703,Wu,Yaoting,武耀廷,Male,1573,NA,cerd,478814
27706,Wu,Huanzhang,武煥章,Male,3768,NA,cerd,478815
27709,Zhi,Ziying,職子英,Male,27487,1899,cerd,478816
27715,Qiang,Minglun,強明倫,Male,8893,1903,cerd,478817
27728,Chou,Lunwei,丑倫偉,Male,590,1907,cerd,478818
27735,Meng,Kan,孟侃,Male,1748,1916,cerd,478819
27737,Meng,Qingwen,孟慶文,Male,4225,NA,cerd,478820
27739,Meng,Qingyuan,孟慶元,Male,765,1917,cerd,478821
27741,Meng,Qingxun,孟慶勳,Male,511,1914,cerd,478822
27743,Zhang,Zhizhen,張志楨,Male,5186,NA,cerd,478823
27745,Zhang,Zhihua,張志華,Male,11962,NA,cerd,478825
27747,Zhang,Zhizhong,張志忠,Male,11962,NA,cerd,478826
27750,Zhang,Zhicheng,張志成,Male,1664,1899,cerd,478827
27754,Zhang,Zhinan,張志男,Male,25978,1913,cerd,478828
27756,Zhang,Zhijian,張志堅,Male,27757,1909,cerd,478829
27761,Zhang,Zhizhi,張志智,Male,2071,NA,cerd,478830
27763,Zhang,Zhimin,張志敏,Male,27765,1914,cerd,478831
27767,Zhang,Jiarui,張嘉瑞,Male,27768,1885,cerd,478832
27784,Zhang,Shoukang,張壽康,Male,15040,1901,cerd,478833
27786,Zhang,Shouyin,張壽蔭,Male,8854,1909,cerd,478834
27792,Zhang,Shouchang,張壽昌,Male,2390,1912,cerd,333489
27794,Zhang,Shoupeng,張壽朋,Male,15040,1899,cerd,478836
27798,Zhang,Xiongxuan,張雄選,Male,16085,1897,cerd,367998
27814,Zhang,Quyi,張去疑,Male,782,1916,cerd,478837
27816,Zhang,Zhucai,張柱材,Male,807,1897,cerd,478838
27818,Zhang,Hangyu,張杭餘,Male,1161,1913,cerd,478839
27821,Zhang,Tingsen,張楟森,Male,3239,1912,cerd,478840
27826,Zhang,Kaizhou,張楷周,Male,3739,NA,cerd,478841
27828,Zhang,Bowen,張博文,Male,4385,1915,cerd,478842
27830,Zhang,Xiehe,張協和,Male,2443,1914,cerd,478843
27832,Zhang,Jianggui,張?桂,Male,1356,1890,cerd,478844
27839,Zhang,Lanxun,張蘭薰,Male,6188,1908,cerd,478845
27841,Zhang,Lange,張蘭閣,Male,5992,1897,cerd,478847
27851,Zhang,Lange,張蘭閣,Male,9613,1912,cerd,478848
27853,Zhang,Mengde,張蒙德,Male,877,NA,cerd,478849
27855,Zhang,Yinxi,張蔭熙,Male,NA,NA,cerd,478850
27857,Zhang,Yinxuan,張蔭煊,Male,1664,1902,cerd,478851
27871,Zhang,Weizeng,張蔚曾,Male,5020,1913,cerd,478852
27873,Zhang,Maohuang,張茂皇,Male,1589,NA,cerd,478853
27875,Zhang,Maolin,張茂林,Male,1630,1911,cerd,478854
27877,Zhang,Baolin,張葆琳,Male,566,1901,cerd,478855
27884,Zhang,Baowei,張葆緯,Male,4161,NA,cerd,478856
27887,Zhang,Baoguang,張葆光,Male,1748,1913,cerd,478858
27889,Zhang,Zhipu,張芝溥,Male,2797,1905,cerd,478859
27891,Zhang,Mudan,張慕聃,Male,24560,1901,cerd,478860
27905,Zhang,Yanbo,張燕波,Male,4042,1908,cerd,478861
27910,Zhang,Maocheng,張懋成,Male,3924,1914,cerd,478862
27912,Zhang,Maoshang,張懋賞,Male,3768,1893,cerd,478863
27914,Zhang,Xiaoting,張孝庭,Male,1305,1893,cerd,333497
27920,Zhang,Xiaoji,張孝基,Male,27921,1882,cerd,478864
27931,Zhang,Shenfu,張莘夫,Male,2435,1899,cerd,478865
27940,Zhang,Xiaorong,張孝榮,Male,1161,1915,cerd,478866
27942,Zhang,Wanheng,張萬亨,Male,10053,1896,cerd,478867
27952,Zhang,Wanfa,張萬發,Male,6839,1901,cerd,478870
27954,Zhang,Wanjiu,張萬久,Male,449,1912,cerd,478871
27958,Xiong,Zhenglong,熊正瓏,Male,522,1903,cerd,478872
27961,Xiong,Zhengbi,熊正珌,Male,522,1911,cerd,478873
27965,Xiong,Zhengju,熊正琚,Male,522,1890,cerd,478874
27975,Xiong,Zhengjiu,熊正玖,Male,522,NA,cerd,478875
27980,Xiong,Xueqiao,熊雪樵,Male,10029,1909,cerd,478876
27983,Xiong,Bingxia,熊丙俠,Male,1113,1913,cerd,478877
27985,Xiong,Tianzhi,熊天祉,Male,3735,1899,cerd,478878
27991,Xiong,Beilin,熊北林,Male,4977,NA,cerd,478879
27993,Xiong,Yindu,熊胤篤,Male,3924,1909,cerd,478881
27996,Xiong,Xianxian,熊先賢,Male,18988,1917,cerd,478882
28000,Zhang,Wanli,張萬里,Male,63,1896,cerd,367462
28004,Zhang,Wanzhong,張萬鍾,Male,4371,1911,cerd,478883
28006,Zhang,Yingkui,張英魁,Male,8893,NA,cerd,478884
28008,Zhang,Huaxuan,張華軒,Male,4996,1911,cerd,478885
28010,Zhang,Hua'en,張華恩,Male,1923,1893,cerd,478886
28019,Zhang,Yingkui,張英魁,Male,NA,NA,cerd,478887
28021,Xiong,Xianfang,熊先鈁,Male,18988,1912,cerd,478888
28023,Xiong,Xuying,熊緒英,Male,590,1906,cerd,478889
28027,Zhang,Ruoding,張若鼎,Male,23446,1906,cerd,478890
28031,Zhang,Jieren,張劼仁,Male,3780,NA,cerd,478892
28036,Zhang,Shikun,張世琨,Male,13681,1911,cerd,478893
28038,Xiong,Chuanfei,熊傳飛,Male,1881,1888,cerd,379434
28053,Xiong,Shaoling,熊紹齡,Male,3924,1914,cerd,478894
28056,Xiong,Yi'e,熊以諤,Male,2062,NA,cerd,478895
28059,Xiong,Jiguo,熊濟國,Male,25788,1913,cerd,478896
28063,Zhang,Shilin,張世璘,Male,1042,1916,cerd,478897
28066,Zhang,Shijun,張世俊,Male,1120,1908,cerd,478898
28069,Zhang,Shide,張世德,Male,4394,1900,cerd,478899
28074,Zhang,Shiying,張世瀛,Male,12743,1909,cerd,478900
28076,Zhang,Shigan,張世淦,Male,5335,NA,cerd,478901
28078,Zhang,Shizhong,張世忠,Male,717,1894,cerd,478903
28080,Xiong,Zhijun,熊之駿,Male,28068,NA,cerd,478904
28085,Xiong,Rutong,熊汝統,Male,566,1914,cerd,478905
28088,Xiong,Ruda,熊汝達,Male,9785,1914,cerd,478906
28095,Xiong,Daokun,熊道琨,Male,68,1906,cerd,478907
28100,Xiong,Dazuo,熊大佐,Male,NA,NA,cerd,478908
28107,Xiong,Daji,熊大紀,Male,522,1912,cerd,478909
28110,Xiong,Dakai,熊大開,Male,522,1916,cerd,478910
28113,Xiong,Yousong,熊友松,Male,14753,1912,cerd,478911
28118,Zhang,Shiming,張世銘,Male,9420,1914,cerd,478912
28120,Xiong,Mengshen,熊夢莘,Male,522,1894,cerd,379453
28126,Zhang,Shikun,張世焜,Male,15783,NA,cerd,478914
28129,Xiong,Mengzhou,熊夢周,Male,70,1908,cerd,478915
28130,Zhang,Shirong,張世榮,Male,11289,1915,cerd,478916
28133,Xiong,Zhiheng,熊執衡,Male,2797,1901,cerd,478917
28139,Zhang,Shirong,張世榮,Male,1659,1911,cerd,478918
28144,Zhang,Qixue,張其學,Male,1161,1896,cerd,478919
28151,Zhang,Qimeng,張其矇,Male,11522,1916,cerd,478920
28153,Zhang,Qiyao,張其耀,Male,28154,1915,cerd,478921
28156,Zhang,Shuyuan,張樹源,Male,1643,1895,cerd,367080
28173,Zhang,Shujie,張樹杰,Male,5073,1904,cerd,478922
28180,Zhang,Shumu,張樹木,Male,1682,1904,cerd,478923
28185,Zhang,Shusen,張樹森,Male,782,1898,cerd,478925
28192,Zhang,Shukai,張樹楷,Male,7871,NA,cerd,478926
28196,Zhang,Shushi,張樹栻,Male,1682,1884,cerd,478927
28216,Zhang,Shunan,張樹楠,Male,1189,1899,cerd,478928
28224,Zhang,Shuxin,張樹馨,Male,18580,1890,cerd,478929
28235,Zhang,Shucha,張樹槎,Male,28236,1915,cerd,478930
28238,Zhang,Shumei,張樹梅,Male,8174,1915,cerd,478931
28240,Zhang,Shuchun,張樹春,Male,2884,NA,cerd,478932
28244,Xiong,Huachao,熊華超,Male,566,1912,cerd,478933
28249,Xiong,Xiangling,熊相齡,Male,28248,1917,cerd,478934
28252,Xiong,Chaoxian,熊超賢,Male,3101,1912,cerd,478936
28258,Xiong,Changan,熊長安,Male,28259,1912,cerd,478937
28262,Xiong,Tongshou,熊同壽,Male,90,1909,cerd,478938
28265,Xiong,Xingchi,熊興墀,Male,28266,NA,cerd,478939
28268,Xiong,Guanyi,熊貫一,Male,70,1910,cerd,478940
28271,Xiong,Guangyi,熊光義,Male,601,1915,cerd,478941
28273,Zhuo,Yue,卓越,Male,1993,1894,cerd,478942
28289,Zhang,Shuchang,張樹暢,Male,1359,1914,cerd,478943
28291,Zhang,Shuren,張樹人,Male,1113,1898,cerd,478944
28296,Zhang,Shurong,張樹榮,Male,1659,1906,cerd,478945
28298,Zhang,Shuping,張樹屏,Male,13681,NA,cerd,478947
28300,Zhang,Quanwu,張權武,Male,28301,NA,cerd,478948
28304,Zhang,Guishan,張桂山,Male,17242,1910,cerd,478949
28308,Meng,Qingfu,孟慶福,Male,NA,NA,cerd,478950
28310,Meng,Guangli,孟廣立,Male,410,1905,cerd,478951
28317,Zhuo,Wei,卓煒,Male,601,1884,cerd,478952
28329,Zhuo,Kangcheng,卓康成,Male,1993,1883,cerd,401221
28330,Meng,Guangqing,孟廣慶,Male,24302,1915,cerd,478953
28339,Meng,Guangyun,孟廣運,Male,4425,1897,cerd,478954
28346,Meng,Guangzhe,孟廣喆,Male,3726,1907,cerd,478955
28361,Meng,Guangtao,孟廣韜,Male,4449,1914,cerd,478956
28365,Zhuo,Wentong,卓文通,Male,1993,NA,cerd,478958
28367,Meng,Guangzhao,孟廣照,Male,3924,1901,cerd,478959
28372,Zhuo,Hongmou,卓宏謀,Male,410,1890,cerd,478960
28386,Zhuo,Hanzhang,卓漢章,Male,1923,1913,cerd,478961
28388,Zhuo,Guanpei,卓觀培,Male,1993,1912,cerd,478962
28391,Zi,Naiquan,訾乃全,Male,3916,1912,cerd,478963
28394,Shi,Bingde,師秉德,Male,1356,1895,cerd,478964
28396,Shi,Jinru,師進儒,Male,1682,1900,cerd,478965
28398,Shi,Rongde,師容德,Male,1356,NA,cerd,478966
28401,Shi,Quanyi,師全義,Male,2313,1909,cerd,478967
28406,Meng,Xingeng,孟新更,Male,9346,1913,cerd,478969
28411,Meng,Tingjie,孟廷傑,Male,28792,1900,cerd,478970
28419,Meng,Jiyuan,孟繼源,Male,18580,1912,cerd,478971
28423,Meng,Jiyan,孟繼炎,Male,24578,1907,cerd,478972
28429,Shi,Bingyan,師炳炎,Male,1356,NA,cerd,478973
28432,Chai,Jipu,柴濟普,Male,644,1905,cerd,478974
28438,Chai,Fuyuan,柴福沅,Male,909,1893,cerd,478975
28455,Chai,Zhenxiang,柴禎祥,Male,1356,1906,cerd,478976
28458,Chai,Jiusi,柴九思,Male,1356,1898,cerd,478977
28462,Meng,Dexun,孟德訓,Male,NA,NA,cerd,478978
28469,Meng,Chuanzhen,孟傳珍,Male,12361,1905,cerd,478981
28472,Chai,Jiuchou,柴九疇,Male,1356,1906,cerd,478982
28473,Meng,Qingyun,孟卿雲,Male,6839,1910,cerd,478983
28476,Meng,Shaozou,孟紹鄒,Male,1659,1899,cerd,478984
28485,Chai,Zhiming,柴志明,Male,1490,1903,cerd,478985
28502,Chai,Wanjuan,柴萬卷,Male,1356,1902,cerd,478986
28504,Chai,Jingxu,柴景旭,Male,909,1908,cerd,478987
28507,Chai,Nianxu,柴念煦,Male,1356,1905,cerd,478988
28509,Chai,Yaoguang,柴耀光,Male,16722,1914,cerd,478989
28511,Jing,Hengjie,經亨杰,Male,935,1890,cerd,478990
28515,Cen,Lisan,岑立三,Male,73,1904,cerd,478992
28518,Cen,Dingyi,岑鼎彝,Male,5131,1911,cerd,478993
28520,Cen,Shaoqian,岑紹乾,Male,3042,1916,cerd,478994
28522,Cen,Zuoshu,岑作樞,Male,3608,1912,cerd,478995
28524,Cen,Yulin,岑裕林,Male,3608,1912,cerd,478996
28526,Cen,Zaoxin,岑藻新,Male,3042,1913,cerd,478997
28528,Cen,Zaofen,岑藻芬,Male,3608,1901,cerd,478998
28538,Cen,Yuliu,岑毓琉,Male,5212,1909,cerd,478999
28542,Cen,Zhuoyuan,岑灼垣,Male,5131,1913,cerd,479000
28544,Yu,Han,虞漢,Male,2542,1903,cerd,479001
28554,Yu,Qingyun,虞慶雲,Male,2542,1917,cerd,479003
28556,Yu,Zhengguang,虞正光,Male,3829,1915,cerd,479004
28558,Yu,Liezhao,虞烈照,Male,1210,1914,cerd,479005
28560,Yu,Xiande,虞先得,Male,1305,NA,cerd,479006
28562,Yu,Shengtang,虞升堂,Male,496,1913,cerd,479007
28564,Yu,Heyin,虞和寅,Male,1305,1888,cerd,479008
28577,Yu,Tingfang,虞汀舫,Male,1305,1884,cerd,479009
28582,Yu,Zhaozhong,虞兆中,Male,1630,1917,cerd,479010
28587,Yu,Baochu,虞葆初,Male,NA,NA,cerd,479011
28589,Yu,Maonan,虞懋南,Male,1113,NA,cerd,479012
28591,Yu,Kaishi,虞開仕,Male,765,1897,cerd,479014
28595,Yu,Songyao,虞頌堯,Male,NA,NA,cerd,479015
28597,Yu,Mingxin,虞銘新,Male,1305,NA,cerd,344954
28603,Yu,Binglie,虞炳烈,Male,1664,1901,cerd,16962
28616,Xu,Kai,須愷,Male,71,1903,cerd,192943
28619,Xu,Tian,須恬,Male,1664,1916,cerd,479016
28621,Xu,Junkang,須俊康,Male,1664,1912,cerd,479017
28623,Xu,Yangcui,須養粹,Male,1664,1898,cerd,479018
28636,Xiong,Lin,熊琳,Male,25126,1918,cerd,479019
28638,Xiong,Jun,熊浚,Male,1350,1894,cerd,479020
28651,Xiong,Jing,熊靜,Male,5073,1907,cerd,333308
28654,Xiong,Yingfen,熊應芬,Male,6041,1891,cerd,479021
28662,Xiong,Qingkang,熊慶康,Male,28665,NA,cerd,479022
28664,Xiong,Shuoyan,熊說巖,Male,5463,1893,cerd,479023
28681,Xiong,Zhenghu,熊正琥,Male,522,1902,cerd,479025
28686,He,Junchao,何君超,Male,553,1896,cerd,479026
28692,He,Zhiqian,何致䖍,Male,3608,1899,cerd,479027
28701,He,Xiuge,何秀閣,Male,511,1911,cerd,479028
28703,He,Weihua,何維華,Male,459,1902,cerd,376473
28711,He,Renlong,何仁龍,Male,877,1902,cerd,479029
28714,He,Chongxin,何崇信,Male,3042,1906,cerd,479030
28716,He,Yunwu,何允武,Male,909,1899,cerd,479031
28719,He,Dexing,何德行,Male,26158,1906,cerd,479032
28727,He,Dehua,何德華,Male,1597,1915,cerd,479033
28729,He,Dexian,何德顯,Male,1643,1885,cerd,479034
28745,He,Weijie,何偉傑,Male,3608,1912,cerd,479036
28747,He,Youliang,何幼良,Male,449,1896,cerd,479037
28757,He,Youru,何幼如,Male,553,NA,cerd,479038
28760,He,Xuzuan,何緒纘,Male,6296,1896,cerd,479039
28770,He,Shengrong,何生榮,Male,1364,NA,cerd,479040
28772,He,Zhongyuan,何仲元,Male,8344,1912,cerd,479041
28774,He,Chun'e,何純鶚,Male,11413,1919,cerd,479042
28776,He,Jibing,何積炳,Male,590,1916,cerd,479043
28782,He,Jibiao,何積熛,Male,28783,1906,cerd,479044
28788,He,Jizhao,何積炤,Male,28783,NA,cerd,479045
28790,He,Boqi,何伯憇,Male,3042,1915,cerd,479047
28793,Meng,Shaozong,孟紹宗,Male,23836,NA,cerd,479048
28796,Meng,Peilin,孟沛霖,Male,5282,NA,cerd,479049
28800,Meng,Zhixi,孟之禧,Male,11993,1899,cerd,479050
28802,Meng,Xianbin,孟憲斌,Male,28803,1915,cerd,479051
28805,Meng,Xianting,孟憲聽,Male,13741,1905,cerd,479052
28808,Meng,Xianren,孟憲仁,Male,13741,1912,cerd,479053
28810,Meng,Xianying,孟憲英,Male,660,1908,cerd,479054
28813,Meng,Xianmin,孟憲民,Male,965,1903,cerd,479055
28825,Meng,Xiankui,孟憲煃,Male,28826,1912,cerd,479056
28829,Meng,Shouzhi,孟守智,Male,3672,1915,cerd,479058
28833,Meng,Baochun,孟寶春,Male,7777,1914,cerd,479059
28836,Meng,Zongni,孟宗尼,Male,1682,1897,cerd,479060
28840,Meng,Ye'an,孟冶安,Male,12361,1908,cerd,479061
28842,Meng,Zhaoxiang,孟肇祥,Male,1682,1907,cerd,479062
28846,Meng,Kuiyuan,孟奎元,Male,5282,NA,cerd,479063
28848,Meng,Shixi,孟世熙,Male,511,1911,cerd,479064
28851,Meng,Shiyi,孟世義,Male,5979,1894,cerd,479065
28853,Meng,Guixiang,孟桂香,Male,17836,NA,cerd,479066
28856,Meng,Zhaoli,孟昭禮,Male,NA,NA,cerd,479067
28863,Meng,Fanxue,孟繁學,Male,819,1908,cerd,479069
28867,Meng,Guangxi,孟光熙,Male,22109,1906,cerd,479070
28869,Diao,Jiaxiang,刁家翔,Male,2481,1915,cerd,479071
28873,He,Bohua,何伯華,Male,1350,1913,cerd,479072
28875,He,Duoyi,何多藝,Male,12808,NA,cerd,479073
28879,He,Xiangxian,何象賢,Male,13741,1910,cerd,479074
28882,He,Shuxian,何叔顯,Male,16986,NA,cerd,479075
28884,He,Shujun,何叔鈞,Male,2780,1915,cerd,479076
28886,He,Shaoli,何紹禮,Male,74,1912,cerd,479077
28888,He,Shaoxiang,何紹祥,Male,3042,1914,cerd,479078
28890,He,Zuolin,何作霖,Male,3042,1913,cerd,479080
28892,He,Yikang,何宜康,Male,1817,1914,cerd,479081
28894,He,Kuanrong,何寬容,Male,3608,1877,cerd,479082
28903,He,Yongchi,何永墀,Male,449,1912,cerd,479083
28905,He,Yongming,何永明,Male,2489,NA,cerd,479084
28909,He,Yongshuang,何永騻,Male,449,1900,cerd,479085
28921,He,Jiahu,何家瑚,Male,1817,1913,cerd,479086
28923,He,Jiayuan,何家沅,Male,553,1910,cerd,479087
28926,He,Jiajun,何家浚,Male,74,1902,cerd,479088
28930,He,Zhijin,何之瑾,Male,28266,1910,cerd,479089
28934,He,Zhitai,何之泰,Male,1063,1902,cerd,9407
28938,He,Zhihong,何之鉷,Male,11135,1892,cerd,479092
28942,He,Shouxin,何守信,Male,28943,1906,cerd,479093
28946,He,Hongyuan,何宏遠,Male,13033,1917,cerd,479094
28948,He,Hongdao,何宏道,Male,13033,1913,cerd,479095
28950,He,Zongzhuo,何宗焯,Male,3839,1914,cerd,479096
28952,He,Zhaofeng,何兆豐,Male,3672,1900,cerd,479097
28954,He,Chengbo,何澄波,Male,449,1910,cerd,479098
28956,He,Xinlian,何心蓮,Male,877,NA,cerd,479099
28958,He,Zhigai,何治垓,Male,9859,1907,cerd,479100
28967,He,Hong'en,何洪恩,Male,1993,1914,cerd,479101
28969,He,Yuanjing,何遠經,Male,67,1908,cerd,479103
28972,He,Qinggai,何清溉,Male,590,1914,cerd,479104
28974,He,Qingcheng,何清澄,Male,16224,NA,cerd,479105
28976,He,Zechun,何澤春,Male,4594,1909,cerd,479106
28982,He,Hongye,何鴻業,Male,607,1900,cerd,479107
28993,He,Ciquan,何次權,Male,74,1892,cerd,375485
28997,He,Xunqian,何迅遷,Male,1817,1911,cerd,479108
28999,He,Youbo,何滺波,Male,350,NA,cerd,479109
29002,He,Ziheng,何滋鑅,Male,7911,1912,cerd,479110
29005,He,Daofan,何道藩,Male,590,NA,cerd,479111
29007,He,Dajing,何大經,Male,80,1917,cerd,479112
29010,He,Peizhen,何培禎,Male,590,1905,cerd,479114
29014,He,Peiti,何培褆,Male,590,1901,cerd,479115
29018,He,Kezhen,何克鎭,Male,3323,1916,cerd,479116
29020,He,Xixun,何希遜,Male,553,NA,cerd,479117
29024,He,Shoutian,何壽田,Male,3323,NA,cerd,373929
29037,He,Mengxiong,何夢熊,Male,527,NA,cerd,479118
29041,He,Baokun,何葆琨,Male,NA,NA,cerd,479119
29043,He,Xiaoyin,何孝絪,Male,553,1909,cerd,479120
29046,He,Xiaoyi,何孝宜,Male,553,1915,cerd,479121
29048,He,Cuifang,何萃芳,Male,12589,1913,cerd,479122
29050,He,Yingqin,何英芹,Male,7055,1910,cerd,479123
29052,He,Shizhen,何世珍,Male,388,1910,cerd,479125
29054,He,Shijie,何世傑,Male,1095,NA,cerd,479126
29056,He,Qixin,何其信,Male,27653,1904,cerd,479127
29062,Lu,Zhenmin,盧振民,Male,3323,1912,cerd,479128
29064,Lu,Chengzhang,盧成章,Male,1161,NA,cerd,382744
29077,Wang,Depei,王德培,Male,1189,1912,cerd,479129
29079,Wang,Defan,王德藩,Male,29080,1897,cerd,479130
29103,Wang,Defen,王德棻,Male,1256,1900,cerd,479131
29116,Wang,Dechang,王德昌,Male,77,1893,cerd,479132
29119,Wang,Dechang,王德昌,Male,24017,1893,cerd,479133
29129,Wang,Debiao,王德鑣,Male,1113,1904,cerd,479134
29136,Wang,Deshan,王德善,Male,22888,1915,cerd,479136
29138,Wang,Deyu,王德鈺,Male,1903,NA,cerd,479137
29141,Wang,Deguang,王德光,Male,2253,NA,cerd,479138
29144,Wang,Derong,王德榮,Male,1664,1908,cerd,73320
29146,Wang,Youmin,王佑民,Male,10928,1903,cerd,479139
29148,Wang,Zhongda,王仲達,Male,22109,1913,cerd,479140
29150,Wang,Zhongyao,王仲堯,Male,2068,1917,cerd,479141
29152,Wang,Chuanyuan,王傳元,Male,1636,1912,cerd,479142
29154,Wang,Chuanjue,王傳爵,Male,1636,1903,cerd,479143
29157,Wang,Chuanzi,王傳滋,Male,6972,1915,cerd,479144
29159,Wang,Chuanxi,王傳羲,Male,3763,1890,cerd,479145
29166,Wang,Chuanbo,王傳鉢,Male,11545,1899,cerd,479147
29168,Wang,Jiebin,王傑斌,Male,4042,1909,cerd,479148
29170,Wang,Chunwen,王純文,Male,24430,1904,cerd,479149
29178,Wang,Chunjun,王純俊,Male,62,1898,cerd,479150
29181,Wang,Zhiwu,王秩五,Male,24880,1910,cerd,479151
29185,Wang,Zixin,王自新,Male,29187,1909,cerd,479152
29196,Wang,Zichi,王自熾,Male,10912,1915,cerd,479153
29198,Wang,Dexiang,王得祥,Male,751,1905,cerd,479154
29202,Lu,Shengjing,盧盛景,Male,518,1916,cerd,479155
29204,Lu,Chengming,盧成銘,Male,2884,NA,cerd,479156
29206,Lu,Guoshun,盧國順,Male,29207,1910,cerd,479158
29210,Lu,Guodong,盧國棟,Male,597,1910,cerd,479159
29212,Lu,Enxu,盧恩緒,Male,1881,1900,cerd,479160
29218,Lu,Jingzhao,盧景肇,Male,3042,NA,cerd,479161
29228,Lu,Jinggui,盧景貴,Male,511,1891,cerd,192892
29237,Lu,Mingdao,盧明道,Female,965,1912,cerd,479162
29239,Lu,Changzhi,盧長致,Male,11545,1898,cerd,479163
29243,Lu,Jirui,盧際瑞,Male,4079,1909,cerd,479164
29245,Lu,Diankui,盧殿魁,Male,1748,1907,cerd,479165
29247,Lu,Kaijin,盧開津,Male,3016,1902,cerd,479166
29257,Lu,Kaichun,盧開椿,Male,3016,1894,cerd,479167
29266,Lu,Yangxuan,盧養軒,Male,449,1911,cerd,479169
29268,Lu,Songfang,盧頌芳,Male,1817,NA,cerd,335971
29270,Lu,Yuezhang,盧鉞章,Male,449,1907,cerd,479170
29274,Lu,Huaixuan,盧懷璿,Male,2889,1912,cerd,479171
29276,Lu,Guangzu,盧光祖,Male,4412,1907,cerd,479172
29279,Lu,Bingzhang,盧炳章,Male,10958,1899,cerd,479173
29287,Lu,Bingyu,盧炳玉,Male,1993,1895,cerd,479174
29294,He,Zhen,何震,Male,14247,NA,cerd,479175
29296,He,Fei,何非,Male,29298,1904,cerd,479176
29302,He,Cen,何岑,Male,553,1896,cerd,479177
29315,He,Gang,何綱,Male,410,NA,cerd,479178
29319,He,Hao,何灝,Male,12589,1914,cerd,479180
29321,He,Meng,何蒙,Male,29298,1908,cerd,479181
29328,He,Ze,何澤,Male,449,1897,cerd,479182
29346,Diao,Yunchao,刁蘊巢,Male,3239,NA,cerd,479183
29348,Diao,Songsen,刁松森,Male,1903,NA,cerd,479184
29350,Diao,Benying,刁本英,Female,3319,1912,cerd,479185
29352,Diao,Chengying,刁成英,Male,29353,1897,cerd,479186
29370,Diao,Canying,刁燦英,Female,3319,1916,cerd,479187
29376,He,Jie,何潔,Male,5830,NA,cerd,479188
29378,He,Jie,何杰,Male,449,1891,cerd,479189
29388,He,Xu,何旭,Male,2985,NA,cerd,479191
29390,He,Zhong,何忠,Male,29391,NA,cerd,479192
29393,He,Zhong,何忠,Male,4238,1914,cerd,479193
29395,He,Liang,何量,Male,29396,1909,cerd,479194
29401,He,Ang,何昂,Male,2985,1914,cerd,479195
29403,He,Ming,何銘,Male,24418,1903,cerd,479196
29411,He,Jian,何簡,Male,3265,NA,cerd,479197
29414,He,Ju,何懼,Male,965,NA,cerd,479198
29416,He,Lichuan,何立川,Male,5020,1911,cerd,479199
29419,He,Lizheng,何立蒸,Male,879,1912,cerd,479200
29424,He,Jingwu,何竟悟,Male,2542,NA,cerd,479203
29426,He,Yuwen,何育文,Male,3042,1892,cerd,479204
29436,He,Yanqing,何彥靑,Male,1120,1915,cerd,479205
29438,He,Yinglin,何應麟,Male,449,1915,cerd,479206
29441,He,Gengrong,何庚榮,Male,965,1913,cerd,479207
29443,He,Qinglan,何慶瀾,Male,13741,1900,cerd,332699
29457,Wang,Baoyuan,王保元,Male,1903,1914,cerd,479208
29459,Wang,Baorong,王保蓉,Female,819,1915,cerd,479209
29461,Wang,Kunshan,王崐山,Male,496,1913,cerd,479210
29464,Wang,Chengjiu,王程九,Male,29466,1894,cerd,479211
29484,Wang,Jixu,王緝緒,Male,29485,1912,cerd,479212
29488,Wang,Peihuang,王佩璜,Male,4802,1912,cerd,479214
29491,Wang,Xiuwen,王修文,Male,4079,1909,cerd,479215
29493,Wang,Xiuchen,王修琛,Male,29080,1913,cerd,479216
29496,Wang,Xiuyu,王修瑜,Male,29080,1914,cerd,479217
29501,Wang,Xiuguan,王修官,Male,7718,1915,cerd,479218
29503,Wang,Xiucai,王修寀,Male,70,1908,cerd,479219
29506,Wang,Xiuqin,王修欽,Male,1305,1894,cerd,479220
29515,Wang,Xiangfu,王象復,Male,4394,1909,cerd,479221
29517,Wang,Houxing,王侯興,Male,1189,1906,cerd,479222
29521,He,Guangcai,何廣材,Male,1993,1912,cerd,479223
29523,He,Zhiyi,何一之,Male,1817,1910,cerd,479225
29525,He,Zhengli,何正立,Male,NA,NA,cerd,479226
29527,He,Zhengsen,何正森,Male,10730,NA,cerd,479227
29535,He,Yuchao,何玉朝,Male,3042,1916,cerd,479228
29537,He,Yukun,何玉昆,Male,12808,1902,cerd,479229
29544,He,Jinsheng,何晉生,Male,553,NA,cerd,479230
29547,He,Lizhen,何麗珍,Female,2780,1914,cerd,479231
29550,He,Ruilin,何瑞麟,Male,511,1906,cerd,479232
29552,He,Ruiwu,何瑞五,Male,4795,1906,cerd,376029
29564,He,Yanbi,何延弼,Male,1993,1913,cerd,479233
29566,He,Tingmao,何廷楙,Male,1993,1911,cerd,479234
29568,He,Tingxi,何廷錫,Male,1993,1917,cerd,479236
29570,He,Wukan,何武堪,Male,4005,1912,cerd,479237
29575,He,Naisong,何乃松,Male,29576,1912,cerd,479238
29578,He,Naimin,何乃民,Male,10730,1905,cerd,193322
29585,He,Chengtan,何承菼,Male,950,1911,cerd,479239
29590,He,Chenghui,何承惠,Male,14031,NA,cerd,479240
29592,He,Zizheng,何子正,Male,22109,1904,cerd,479241
29595,He,Zijia,何子佳,Male,29596,1904,cerd,479242
29600,He,Zirong,何子榮,Male,556,1914,cerd,479243
29602,Wu,Zemin,伍澤民,Male,4977,1903,cerd,479244
29607,Wu,Zhaoye,伍肇業,Male,8491,1907,cerd,479245
29609,Wu,Yaoshen,伍堯燊,Male,4977,1915,cerd,479247
29611,Wu,Keqian,伍克潛,Male,965,1905,cerd,479248
29615,Wu,Mengheng,伍夢衡,Male,4977,1908,cerd,479249
29620,Wu,Wancheng,伍萬程,Male,73,1904,cerd,479250
29624,Wu,Chaozhuo,伍朝卓,Male,NA,NA,cerd,479251
29626,Wu,Guozhan,伍國沾,Male,74,1914,cerd,479252
29628,Wu,Changxi,伍昌曦,Male,5463,1900,cerd,479253
29631,Wu,Wuwei,伍无畏,Male,4977,1900,cerd,479254
29640,Wu,Changbo,伍長柏,Male,74,1907,cerd,372730
29644,Wu,Yizhu,伍頤柱,Male,522,1913,cerd,479255
29646,Wu,Xuedong,伍學東,Male,3042,1912,cerd,479256
29648,Wu,Jinghu,伍鏡湖,Male,4977,1887,cerd,479258
29653,Wu,Jinliang,伍錦亮,Male,74,1914,cerd,479259
29655,Wu,Jinchang,伍錦昌,Male,1256,NA,cerd,479260
29659,Wu,Ronglin,伍榮林,Male,74,1909,cerd,192686
29662,Lu,Yi,盧翼,Male,63,1891,cerd,479261
29665,Lu,Chuan,盧川,Male,522,1913,cerd,479262
29669,Lu,Chong,盧崇,Male,14276,1886,cerd,332964
29674,Lu,Bo,盧伯,Male,1748,1896,cerd,479264
29688,Lu,Shi,盧實,Male,4122,1912,cerd,479265
29692,Lu,Jie,盧杰,Male,11516,1913,cerd,479266
29695,Lu,Jian,盧堅,Male,NA,NA,cerd,479267
29697,Lu,Xiang,盧翔,Male,11516,NA,cerd,479269
29700,Lu,Fangnian,盧方年,Male,18258,NA,cerd,479270
29702,Lu,Wenxiang,盧文湘,Male,4407,1893,cerd,479271
29705,Lu,Wenwei,盧文蔚,Male,24404,1896,cerd,479272
29707,Lu,Yuchuan,盧玉川,Male,6090,NA,cerd,479273
29709,Lu,Yuanrong,盧元鎔,Male,719,1911,cerd,479274
29715,Lu,Tianshi,盧天視,Male,3608,1913,cerd,479275
29717,Lu,Ruizhen,盧瑞珍,Male,4079,1909,cerd,479276
29722,Lu,Lianxi,盧聯璽,Male,2732,1896,cerd,479277
29724,Lu,Kongzhuo,盧孔卓,Male,10958,NA,cerd,479278
29727,Lu,Jianliu,盧建鎏,Male,449,NA,cerd,479280
29729,Lu,Jianhua,盧建華,Male,7174,1910,cerd,479281
29732,Lu,Xiusen,盧秀森,Male,4079,NA,cerd,479282
29734,Lu,Weipu,盧維溥,Male,2780,1889,cerd,479283
29750,Lu,Shikong,盧師孔,Male,10958,1911,cerd,479284
29753,Lu,Deliang,盧德亮,Male,590,1911,cerd,479285
29755,Lu,Bozhang,盧伯章,Male,765,1914,cerd,479286
29757,Lu,Shaoshen,盧紹燊,Male,1817,1917,cerd,479287
29759,Lu,Zuolin,盧作霖,Male,29760,1901,cerd,479288
29765,Lu,Jicang,盧濟滄,Male,553,1907,cerd,479289
29772,Lu,Jianai,盧家鼐,Male,2732,1903,cerd,479291
29774,Lu,Shougui,盧守珪,Male,29775,1910,cerd,479292
29779,Lu,Yinsheng,盧寅升,Male,29780,1903,cerd,382713
29795,Lu,Zongcheng,盧宗澄,Male,1643,1906,cerd,479293
29801,Lu,Zongzao,盧宗藻,Male,7491,1898,cerd,479294
29809,Lu,Junqing,盧濬清,Male,449,NA,cerd,479295
29812,Lu,Hongye,盧鴻業,Male,63,1902,cerd,382865
29816,Lu,Zumou,盧祖謀,Male,965,1906,cerd,479296
29821,Wang,Yifu,王伊復,Male,1016,1911,cerd,479297
29826,Wang,Xiangren,王響仁,Male,1305,1913,cerd,479298
29828,Wang,Luxin,王魯新,Male,1409,1899,cerd,382094
29831,Wang,Lufan,王魯璠,Male,3189,1913,cerd,479299
29833,Wang,Zuhui,王組輝,Male,10912,1908,cerd,333236
29839,Wang,Shengshan,王繩善,Male,877,NA,cerd,479302
29846,Wang,Shuqi,王叔琦,Male,1630,1915,cerd,479303
29848,Wang,Shuda,王叔達,Male,26683,1912,cerd,479304
29850,Wang,Shaowen,王紹文,Male,NA,NA,cerd,479305
29852,Wang,Shaowu,王紹武,Male,2690,1904,cerd,479306
29856,Wang,Shaode,王紹德,Male,1256,1900,cerd,479307
29860,Lu,Zuyao,盧祖堯,Male,2780,1889,cerd,479308
29864,Lu,Zuyi,盧祖貽,Male,965,1904,cerd,479309
29876,Lu,Miaozeng,盧邈曾,Male,14624,NA,cerd,479310
29878,Lu,Langwen,盧朗文,Male,2780,1912,cerd,479311
29880,Lu,Hanguang,盧瀚光,Male,3730,1905,cerd,479314
29890,Lu,Zhaozhang,盧肇章,Male,NA,NA,cerd,479315
29893,Lu,Zhaoxin,盧肇新,Male,553,1896,cerd,479316
29902,Lu,Shoutong,盧壽同,Male,1511,1898,cerd,479317
29909,Lu,Shouming,盧壽銘,Male,3042,1914,cerd,479318
29911,Lu,Yinheng,盧蔭恆,Male,11135,1902,cerd,479319
29922,Lu,Weixi,盧蔚熙,Male,3042,1913,cerd,479320
29924,Lu,Shigong,盧世恭,Male,NA,NA,cerd,479321
29926,Lu,Qijun,盧其駿,Male,9535,NA,cerd,479322
29934,Lu,Guanxiang,盧觀祥,Male,1993,1899,cerd,479323
29941,Ji,Jingya,季警亞,Male,1256,1900,cerd,479325
29946,Ji,Guojun,季國鈞,Male,1256,1905,cerd,479326
29951,Ji,Jiake,季甲科,Male,6256,1902,cerd,479327
29953,Ji,Yuezhong,季岳忠,Male,807,1913,cerd,479328
29957,Ji,Zhongliang,季鍾梁,Male,1016,1914,cerd,479329
29959,Ji,Bingkui,季炳奎,Male,7540,1899,cerd,479330
29969,Xi,Long,奚龍,Male,782,NA,cerd,479331
29971,Xi,Shiying,奚世英,Male,877,1900,cerd,479332
29975,Xi,Haoqi,奚好奇,Male,2114,1916,cerd,479333
29978,Xi,Chunsheng,奚春生,Male,965,1913,cerd,479334
29980,Xi,Jingyue,奚景岳,Male,965,1914,cerd,479336
29987,Xi,Changling,奚長齡,Male,965,1913,cerd,479337
29991,Xi,Xixun,奚熙珣,Male,3829,1911,cerd,479338
29995,Xi,Xueren,奚學仁,Male,9324,1897,cerd,479339
30004,Mao,Jun,毛俊,Male,1779,NA,cerd,479340
30007,Mao,Kan,毛侃,Male,8954,NA,cerd,479341
30009,Mao,Rui,毛銳,Male,16085,1912,cerd,479342
30011,Mao,Jingxian,毛競先,Male,590,1898,cerd,479343
30026,Mao,Xifeng,毛席豐,Male,30027,1884,cerd,479344
30043,Mao,Kangji,毛康濟,Male,2625,1903,cerd,479345
30052,Wang,Shaogang,王紹綱,Male,NA,1913,cerd,479347
30057,Wang,Shaoying,王紹瀛,Male,3608,1889,cerd,479348
30062,Wang,Shaozu,王紹祖,Male,7956,1903,cerd,479349
30064,Wang,Shaoji,王紹基,Male,2429,NA,cerd,479350
30068,Wang,Shaoxian,王紹賢,Male,2165,1902,cerd,479351
30070,Wang,Shaozeng,王紹曾,Male,1120,1913,cerd,479352
30073,Mao,Wenzhong,毛文鍾,Male,1079,1888,cerd,479353
30079,Mao,Longfei,毛龍飛,Male,4079,1907,cerd,479354
30081,Mao,Yike,毛毅可,Male,1779,1893,cerd,479355
30089,Mao,Zhenglu,毛正祿,Male,9346,1913,cerd,479356
30091,Mao,Zhenqiu,毛震球,Male,2641,1916,cerd,479358
30093,Mao,Tan'en,毛覃恩,Male,618,1904,cerd,479359
30097,Mao,Yanwu,毛延祦,Male,1415,1909,cerd,479360
30101,Mao,Nailang,毛乃琅,Male,1779,1919,cerd,479361
30103,Mao,Chenglan,毛承瀾,Male,2068,1888,cerd,479362
30111,Mao,Delin,毛德麟,Male,2313,1897,cerd,479363
30114,Mao,Chuanren,毛傳仁,Male,30115,1901,cerd,479364
30117,Mao,Duosong,毛多松,Male,1415,1912,cerd,479365
30120,Mao,Jimin,毛紀民,Male,1210,1890,cerd,479366
30131,Mao,Shaogao,毛紹鎬,Male,956,NA,cerd,479367
30134,Mao,Lianqing,毛濂清,Male,427,NA,cerd,479369
30137,Mao,Shoulian,毛守廉,Male,644,1908,cerd,479370
30141,Mao,Zongsheng,毛宗陞,Male,NA,NA,cerd,479371
30143,Mao,Dayong,毛達庸,Male,25145,1907,cerd,377602
30148,Zhang,Guifen,張桂芬,Male,1016,1910,cerd,479372
30151,Zhang,Guigeng,張桂耕,Male,1770,1911,cerd,479373
30163,Zhang,Jifang,張藉舫,Male,1113,1911,cerd,479374
30169,Zhang,Maochang,張楙昌,Male,449,NA,cerd,479375
30171,Zhang,Kunsheng,張坤生,Male,NA,NA,cerd,479376
30173,Zhang,Kunxian,張坤賢,Male,566,1914,cerd,479377
30180,Zhang,Jiaguan,張加官,Male,723,NA,cerd,479378
30182,Zhang,Rubin,張如賓,Male,719,1909,cerd,479380
30186,Zhang,Xianglin,張相麟,Male,10538,1916,cerd,479381
30189,Zhang,Boru,張柏如,Male,3203,NA,cerd,479382
30191,Zhang,Yulan,張郁嵐,Male,7703,1904,cerd,479383
30200,Zhang,Shengya,張聲亞,Male,2884,1907,cerd,479384
30203,Zhang,Chaolin,張朝霖,Male,4079,1902,cerd,479385
30213,Zhang,Chaojun,張朝俊,Male,11115,1907,cerd,479386
30218,Zhang,Chaozuo,張朝佐,Male,4079,1893,cerd,479387
30220,Zhang,Chaohan,張朝漢,Male,9552,1899,cerd,479388
30222,Zhang,Chaohan,張朝漢,Male,1941,1913,cerd,479389
30230,Zhang,Xinshan,張馨山,Male,1113,1901,cerd,479391
30234,Zhang,Zengkang,張增康,Male,NA,NA,cerd,479392
30236,Zhang,Zenghui,張增譓,Male,5955,1914,cerd,479393
30238,Zhang,Ganchen,張幹臣,Male,9613,1894,cerd,479394
30253,Zhang,Jingzhong,張敬忠,Male,782,1898,cerd,479395
30260,Zhang,Songling,張松齡,Male,427,1903,cerd,367011
30273,Zhang,Zhongquan,張中權,Male,2352,1912,cerd,479396
30276,Zhang,Shenzhong,張申中,Male,25788,1911,cerd,479397
30278,Zhang,Zhongkang,張忠康,Male,1161,1914,cerd,479398
30281,Zhang,Zhongyan,張忠言,Male,1161,NA,cerd,479399
30285,Zhang,Zhongdong,張忠棟,Male,4809,1909,cerd,479400
30289,Zhang,Huikang,張惠康,Male,1161,1899,cerd,311015
30303,Zhang,Huimin,張惠民,Male,NA,NA,cerd,479402
30307,Zhang,Fengzu,張奉祖,Male,841,1897,cerd,479403
30312,Zhang,Chunyuan,張春元,Male,7484,1914,cerd,479404
30317,Zhang,Chunming,張春明,Male,449,1913,cerd,479405
30319,Zhang,Shuqin,張書琴,Male,16672,NA,cerd,479406
30321,Zhang,Shushen,張書紳,Male,13681,1902,cerd,479407
30324,Zhang,Shunong,張書農,Male,24560,1914,cerd,479408
30328,Zhang,Shutian,張書田,Male,63,1900,cerd,479409
30331,Zhang,Shutian,張書田,Male,2732,1906,cerd,479410
30333,Zhang,Shutian,張書田,Male,723,1890,cerd,479411
30335,Zhang,Shujun,張書鈞,Male,2837,NA,cerd,479413
30338,Zhang,Guishen,張貴身,Male,30339,1911,cerd,479414
30341,Zhang,Guiling,張貴齡,Male,511,1914,cerd,479415
30343,Zhang,Dongjia,張東甲,Male,2884,1911,cerd,479416
30345,Zhang,Dongsou,張東叟,Male,1664,1907,cerd,479417
30350,Zhang,Zhenting,張振廷,Male,1573,1913,cerd,479418
30352,Zhang,Zhenren,張振仁,Male,1079,1913,cerd,479419
30354,Zhang,Zhenyu,張振宇,Male,1881,1912,cerd,479420
30357,Zhang,Zhenyu,張振宇,Male,25149,1902,cerd,366738
30364,Zhang,Zhenzuo,張振祚,Male,903,NA,cerd,479421
30366,Zhang,Zhenhua,張振華,Male,30367,1907,cerd,479422
30369,Zhang,Zhendian,張振典,Male,618,1911,cerd,479425
30377,Zhang,Zhenju,張振舉,Male,1682,1901,cerd,479426
30379,Zhang,Zhenmin,張振民,Male,1659,1915,cerd,479427
30381,Zhang,Jieqian,張捷遷,Male,2596,1905,cerd,479428
30390,Zhang,Tinghui,張挺輝,Male,4195,1913,cerd,479429
30392,Zhang,Jing'an,張靜安,Male,590,1914,cerd,479430
30394,Zhang,Jingyuan,張靜淵,Male,NA,NA,cerd,479431
30396,Zhang,Jingyu,張靜愚,Male,5785,1894,cerd,479432
30419,Zhang,Zheyu,張哲玉,Male,553,NA,cerd,479433
30421,Zhang,Furen,張輔仁,Male,2732,1893,cerd,479434
30423,Zhang,Fuliang,張輔良,Male,765,1902,cerd,479436
30426,Zhang,Fuguo,張輔國,Male,2797,1893,cerd,479437
30433,Zhang,Chengyu,張成玉,Male,13580,1911,cerd,479438
30435,Zhang,Chengzhen,張成震,Male,2567,1902,cerd,479439
30443,Zhang,Chengjian,張成儉,Male,1409,1898,cerd,479440
30449,Zhang,Chengge,張成格,Male,813,1894,cerd,479441
30458,Zhang,Chenggui,張成貴,Male,2732,1903,cerd,479442
30460,Zhang,Xianzhen,張咸鎮,Male,5335,1897,cerd,479443
30466,Zhang,Fuqi,張甫棨,Male,NA,NA,cerd,479444
30468,Zhang,Fucheng,張甫成,Male,22109,1899,cerd,479445
30471,Zhang,Yi'ou,張軼歐,Male,1664,1883,cerd,333507
30477,Mao,Henian,毛鶴年,Male,30478,NA,cerd,479447
30480,Mao,Youzhu,毛友竹,Male,25145,1914,cerd,479448
30486,Mao,Kesheng,毛克生,Male,30027,1901,cerd,333015
30494,Mao,Youlun,毛有倫,Male,1161,1910,cerd,479449
30498,Mao,Yanyu,毛燕譽,Male,2625,1913,cerd,479450
30502,Mao,Qishuang,毛起鷞,Male,4412,1907,cerd,479451
30508,Mao,Benlun,毛本綸,Male,7718,1914,cerd,479452
30512,Mao,Jingneng,毛景能,Male,29080,1916,cerd,479453
30514,Mao,Houju,毛厚舉,Male,553,1904,cerd,479454
30517,Mao,Hejie,毛合玠,Male,956,1908,cerd,479455
30521,Mao,Zhongbi,毛鍾璧,Male,8508,1916,cerd,479456
30523,Mao,Xihua,毛錫華,Male,3226,1893,cerd,479458
30525,Mao,Jiehao,毛節豪,Male,2625,1914,cerd,479459
30527,Mao,Huanwu,毛煥武,Male,2310,1916,cerd,479460
30529,Mao,Rongsun,毛榮孫,Male,7718,1917,cerd,479461
30531,Shangguan,Neng,上官能,Male,3275,1910,cerd,479462
30533,Bu,Yi'e,步以諤,Male,16922,NA,cerd,479463
30538,Wu,Yuan,伍源,Male,3265,1912,cerd,479464
30540,Wu,Yuan,伍淵,Male,NA,NA,cerd,479465
30542,Wu,Qingyao,伍慶耀,Male,544,1915,cerd,479466
30552,Wu,Zhengda,伍正達,Male,1881,1911,cerd,479467
30555,Wu,Piyao,伍丕堯,Male,3608,1916,cerd,479469
30557,Wu,Bingshen,伍丙燊,Male,4977,1916,cerd,479470
30559,Wu,Ruiming,伍瑞明,Male,1857,1918,cerd,479471
30561,Wu,Tinglin,伍廷林,Male,3730,1915,cerd,479472
30563,Wu,Weilian,伍維廉,Male,3608,1914,cerd,479473
30565,Wu,Chongrang,伍崇讓,Male,1881,1915,cerd,479474
30567,Wu,Junwei,伍俊威,Male,13846,1915,cerd,479475
30569,Wu,Deqi,伍德琦,Male,4977,1897,cerd,479476
30589,Zhi,Renjie,郅人傑,Male,11554,1904,cerd,479477
30600,Deng,Kang,鄧康,Male,5073,NA,cerd,479478
30602,Deng,Wu,鄧武,Male,67,1903,cerd,333549
30606,Deng,Qiang,鄧強,Male,30607,1915,cerd,479480
30609,Deng,Dong,鄧棟,Male,449,NA,cerd,479481
30611,Deng,Peng,鄧鵬,Male,1664,1904,cerd,479482
30616,Deng,Tang,鄧棠,Male,74,1911,cerd,479483
30623,Deng,Yinglin,鄧應霖,Male,74,1888,cerd,479484
30625,Deng,Qingcheng,鄧慶成,Male,NA,NA,cerd,479485
30627,Deng,Wenying,鄧文英,Male,3608,1914,cerd,479486
30629,Deng,Yucheng,鄧玉成,Male,16624,1903,cerd,479487
30634,Deng,Faxiang,鄧發祥,Male,15429,1916,cerd,479488
30636,Deng,Tingfa,鄧廷法,Male,6853,1911,cerd,479489
30642,Deng,Wufeng,鄧武封,Male,427,NA,cerd,479491
30644,Deng,Zi'an,鄧子安,Male,12542,1888,cerd,391420
30654,Deng,Zhongyao,鄧重耀,Male,449,1912,cerd,479492
30656,Deng,Xinzhi,鄧信之,Male,14276,1912,cerd,479493
30658,Deng,Yusheng,鄧禹聲,Male,562,1896,cerd,479494
30661,Deng,Zhuozhe,鄧卓哲,Male,12743,1898,cerd,479495
30670,Deng,Shanchen,鄧山琛,Male,30671,1900,cerd,479496
30674,Deng,Jiyu,鄧繼禹,Male,10727,1909,cerd,479497
30685,Wang,Shaohui,王紹輝,Male,74,1898,cerd,333197
30689,Wang,Yijin,王以晉,Male,15590,1913,cerd,479498
30692,Wang,Yiyi,王以儀,Male,26999,1911,cerd,479499
30694,Wang,Zuoduan,王作端,Male,1903,1905,cerd,479500
30697,Wang,Zuoxin,王作新,Male,3750,1909,cerd,479502
30701,Wang,Zuozhou,王作舟,Male,1189,NA,cerd,479503
30704,Wang,Youli,王攸立,Male,30706,1914,cerd,479504
30710,Wang,Congshan,王從善,Male,511,1912,cerd,479505
30712,Wang,Xuanzhong,王宣忠,Male,566,1914,cerd,479506
30715,Wang,Jiren,王濟仁,Male,2567,1896,cerd,381231
30731,Deng,Xianren,鄧先仁,Male,1487,1912,cerd,479507
30734,Deng,De'en,鄧德恩,Male,NA,1918,cerd,479508
30736,Deng,Boxiang,鄧伯祥,Male,3608,1914,cerd,479509
30738,Deng,Bohui,鄧伯煇,Male,8491,1916,cerd,479510
30740,Deng,Yichun,鄧以純,Male,NA,NA,cerd,479511
30742,Deng,Zuogao,鄧作鎬,Male,64,1908,cerd,479513
30748,Deng,Yongan,鄧永安,Male,10928,1910,cerd,479514
30750,Deng,Jiajun,鄧家駿,Male,6839,1902,cerd,479515
30752,Deng,Shouwei,鄧守為,Male,556,1916,cerd,479516
30755,Deng,Zongyao,鄧宗堯,Male,1993,1894,cerd,479517
30770,Wang,Jizhou,王濟周,Male,5020,NA,cerd,479518
30775,Wang,Jiren,王濟人,Male,9040,1895,cerd,479519
30777,Wang,Chongyao,王寵堯,Male,1817,1914,cerd,479520
30779,Wang,Yongqing,王永慶,Male,1161,1899,cerd,479521
30790,Wang,Yongqing,王永清,Male,1161,1896,cerd,479522
30794,Wang,Yongshou,王永壽,Male,719,1888,cerd,479524
30798,Wang,Yongchang,王永昌,Male,30799,NA,cerd,479525
30801,Wang,Yongmin,王永民,Male,1079,1913,cerd,479526
30805,Wang,Yongzhen,王永鎭,Male,950,1915,cerd,479527
30808,Wang,Jiaqi,王家騏,Male,1881,1899,cerd,479528
30811,Wang,Jiarui,王家瑞,Male,4394,1892,cerd,479529
30813,Wang,Jianai,王家鼐,Male,NA,NA,cerd,479530
30815,Wang,Jiazhen,王家珍,Male,5282,1914,cerd,479531
30817,Wang,Jiading,王家鼎,Male,5955,1900,cerd,479532
30830,Wang,Jiadong,王家棟,Male,15985,1908,cerd,479533
30832,Wang,Jiadong,王家棟,Male,NA,NA,cerd,479536
30834,Wang,Jiabi,王家璧,Male,8780,1915,cerd,479537
30837,Wang,Jiaxun,王家馴,Male,7484,1913,cerd,479538
30839,Wang,Jiajun,王家駿,Male,7484,1913,cerd,479539
30841,Wang,Jiajun,王家駿,Male,511,1907,cerd,380382
30849,Wang,Jialiu,王家騮,Male,765,1913,cerd,479540
30851,Wang,Jiayong,王家鏞,Male,909,NA,cerd,479541
30853,Wang,Zhixi,王之璽,Male,9346,1907,cerd,193169
30868,Wang,Zhiru,王之儒,Male,30869,1913,cerd,479542
30871,Wang,Zhizhuo,王之卓,Male,2884,1909,cerd,479543
30873,Wang,Zhijian,王之健,Male,30869,NA,cerd,479544
30876,Wang,Zhilun,王之綸,Male,1359,1910,cerd,479545
30878,Wang,Zhizhen,王之楨,Male,7956,1911,cerd,479547
30883,Wang,Zhiying,王之英,Male,7484,1895,cerd,479548
30892,Wang,Zhihan,王之翰,Male,2884,1898,cerd,479549
30900,Wang,Zhizhong,王之忠,Male,6904,NA,cerd,479550
30903,Wang,Zhigao,王之鎬,Male,1004,NA,cerd,479551
30906,Wang,Jinxiu,王進修,Male,1299,1904,cerd,479552
30909,Wang,Xianyao,王憲堯,Male,4042,1902,cerd,479553
30911,Wang,Xianchen,王憲忱,Male,4042,1908,cerd,479554
30913,Wang,Shoulian,王守廉,Male,20744,1908,cerd,479555
30914,Deng,Zonghan,鄧宗韓,Male,2352,1913,cerd,479556
30916,Deng,Fupei,鄧福培,Male,1664,1888,cerd,479558
30926,Deng,Zhaolin,鄧兆麟,Male,427,1896,cerd,479559
30939,Deng,Zhaofu,鄧兆馥,Male,2352,NA,cerd,479560
30942,Deng,Chengjiang,鄧澄江,Male,2780,1914,cerd,479561
30944,Wang,Shouqian,王守謙,Male,6341,NA,cerd,479562
30946,Deng,Hanqi,鄧漢奇,Male,571,1914,cerd,479563
30948,Wang,Shourong,王守融,Male,1079,1919,cerd,192620
30950,Wang,Shouzheng,王守政,Male,6678,1889,cerd,479564
30957,Deng,Ruduan,鄧汝端,Male,30958,1912,cerd,479565
30960,Deng,Hongyi,鄧鴻儀,Male,1817,1891,cerd,479566
30973,Wang,Shouxian,王守先,Male,1036,1903,cerd,479567
30977,Wang,Shouzhi,王守之,Male,1695,1918,cerd,479569
30983,Deng,Hongzao,鄧鴻藻,Male,7006,1916,cerd,479570
30985,Deng,Ganxiang,鄧淦祥,Male,566,1904,cerd,479571
30992,Deng,Xiangyun,鄧祥雲,Male,66,1908,cerd,333560
31003,Deng,Qiyang,鄧啓陽,Male,1817,1914,cerd,479572
31005,Deng,Daming,鄧大明,Male,5917,1912,cerd,479573
31007,Deng,Peigen,鄧培根,Male,7006,1913,cerd,479574
31009,Deng,Caiming,鄧才名,Male,8051,1912,cerd,479575
31011,Deng,Caishou,鄧才壽,Male,8051,1912,cerd,479576
31018,Deng,Zhiduan,鄧志端,Male,3608,1912,cerd,479577
31022,Deng,Zhikui,鄧志揆,Male,14705,1914,cerd,479578
31024,Deng,Jialie,鄧嘉烈,Male,31025,NA,cerd,479580
31027,Deng,Jichu,鄧吉初,Male,8916,1913,cerd,479581
31029,Deng,Shouji,鄧壽佶,Male,6556,1881,cerd,479582
31039,Deng,Ziliang,鄧梓良,Male,410,1899,cerd,479583
31048,Wang,Shouzhong,王守中,Male,1079,1916,cerd,479584
31051,Wang,Shoutai,王守泰,Male,1079,1909,cerd,479585
31052,Deng,Xiaosi,鄧孝思,Male,31053,1915,cerd,479586
31061,Wang,Shouze,王守則,Male,1079,1896,cerd,479587
31067,Wang,Shouyu,王守餘,Male,1079,1917,cerd,380329
31069,Wang,Shouheng,王守恆,Male,1100,1903,cerd,479588
31074,Wang,Shouchen,王守忱,Male,427,1913,cerd,479589
31077,Wang,Shouying,王守英,Male,NA,1916,cerd,479591
31080,Wang,Zhunchen,王準臣,Male,2625,NA,cerd,479592
31084,Wang,Anren,王安仁,Male,3053,1910,cerd,479593
31088,Wang,Anzhi,王安之,Male,819,1893,cerd,479594
31095,Wang,Anye,王安業,Male,6698,1904,cerd,479595
31098,Wang,Anguo,王安國,Male,1682,1907,cerd,479596
31100,Wang,Hongmo,王宏謨,Male,1817,1915,cerd,479597
31102,Wang,Hongye,王宏業,Male,511,1908,cerd,479598
31104,Wang,Hongtao,王宏濤,Male,1042,1909,cerd,479599
31107,Wang,Hongji,王宏基,Male,1100,1911,cerd,192871
31110,Wang,Hongyou,王宏猷,Male,1817,1913,cerd,479600
31112,Wang,Liangmei,王良楣,Male,15783,1915,cerd,479602
31115,Wang,Dingkang,王定康,Male,16065,1893,cerd,479603
31117,Wang,Dingzhang,王定章,Male,27765,1914,cerd,479604
31119,Wang,Dinghuan,王定寰,Male,20513,1912,cerd,479605
31123,Wang,Yinzi,王寅滋,Male,64,1900,cerd,479606
31126,Wang,Baoqing,王寶慶,Male,2985,1902,cerd,479607
31128,Wang,Baoshu,王寶樞,Male,NA,NA,cerd,479608
31136,Zhang,Nongxiang,張農祥,Male,2542,1910,cerd,479609
31139,Zhang,Yiquan,張挹泉,Male,1016,1901,cerd,479610
31145,Zhang,Motian,張墨天,Male,3144,1910,cerd,479611
31149,Zhang,Riran,張日然,Male,9692,1900,cerd,479613
31153,Zhang,Ride,張日德,Male,9552,1906,cerd,479614
31156,Zhang,Xingyuan,張星垣,Male,1042,NA,cerd,479615
31159,Zhang,Guojin,張國瑾,Male,NA,NA,cerd,479616
31162,Zhang,Guojie,張國傑,Male,3739,NA,cerd,479617
31164,Zhang,Guoyu,張國嶼,Male,2732,1905,cerd,479618
31166,Zhang,Guoye,張國冶,Male,553,1902,cerd,479619
31182,Zhang,Guozhu,張國柱,Male,813,NA,cerd,479620
31184,Zhang,Guohua,張國華,Male,1664,NA,cerd,479621
31186,Zhang,Guodong,張國棟,Male,2641,NA,cerd,479622
31188,Zhang,Guoqiao,張國翹,Male,755,1913,cerd,479624
31191,Zhang,Guowei,張國威,Male,9552,1909,cerd,479625
31197,Zhang,Guoqi,張國器,Male,4079,1910,cerd,479626
31199,Zhang,Guoguang,張國光,Male,2985,NA,cerd,479627
31201,Zhang,Guochang,張國常,Male,3042,1914,cerd,479628
31203,Zhang,Guobing,張國炳,Male,2352,1916,cerd,479629
31205,Zhang,Sirang,張思讓,Male,3133,1914,cerd,479630
31207,Zhang,Sikong,張思孔,Male,607,1884,cerd,479631
31216,Zhang,Sihou,張思侯,Male,1161,1913,cerd,9664
31220,Zhang,Enpu,張恩溥,Male,4189,1916,cerd,479632
31222,Zhang,Enyu,張恩遇,Male,4079,NA,cerd,479633
31224,Zhang,Enhong,張恩鴻,Male,2884,1904,cerd,479635
31230,Zhang,Enshu,張恩樞,Male,719,NA,cerd,479636
31236,Zhang,Enke,張恩柯,Male,427,NA,cerd,479637
31238,Zhang,Enlin,張恩林,Male,77,1904,cerd,479638
31242,Zhang,Sizhong,張思忠,Male,31243,1900,cerd,479639
31247,Zhang,Sizhong,張思忠,Male,877,1915,cerd,479640
31250,Zhang,Enduo,張恩鐸,Male,1975,1899,cerd,479641
31252,Zhang,Manruo,張曼若,Male,29391,1911,cerd,479642
31256,Zhang,Shengqing,張昇慶,Male,13559,NA,cerd,479643
31258,Zhang,Changli,張昌黎,Male,3265,1915,cerd,479644
31260,Zhang,Changling,張昌齡,Male,1881,1906,cerd,479648
31269,Zhang,Changhua,張昌華,Male,1079,1909,cerd,479649
31278,Zhang,Changming,張昌明,Male,3033,1911,cerd,479650
31280,Zhang,Jingkang,張景康,Male,4225,1908,cerd,479651
31283,Zhang,Jingwen,張景文,Male,3726,1916,cerd,479652
31285,Zhang,Jingwen,張景文,Male,74,1916,cerd,479653
31289,Zhang,Jingban,張景班,Male,7703,1915,cerd,479654
31291,Zhang,Jingfeng,張景豐,Male,31292,1911,cerd,479655
31296,Zhang,Jingliang,張景良,Male,9830,1881,cerd,479656
31314,Zhang,Jianchao,張見超,Male,31315,1900,cerd,479657
31319,Zhang,Jingliang,張景良,Male,3829,1903,cerd,479659
31326,Zhang,Jingfu,張景福,Male,1993,1915,cerd,479660
31329,Zhang,Jingcheng,張景澄,Male,1189,1892,cerd,479661
31333,Zhang,Jingfen,張景芬,Male,3323,1891,cerd,479662
31343,Zhang,Jingtai,張景泰,Male,5626,1913,cerd,479663
31345,Zhang,Jingchun,張景春,Male,660,NA,cerd,479664
31350,Zhang,Jingxian,張景賢,Male,12235,1912,cerd,479665
31353,Zhang,Jingtang,張景堂,Male,10003,NA,cerd,479666
31355,Zhang,Jingguang,張景光,Male,7703,1885,cerd,366911
31360,Zhang,Jinghuang,張景煌,Male,14760,1893,cerd,479667
31368,Zhang,Zejun,張則俊,Male,1682,1903,cerd,479668
31378,Zhang,Yizhi,張貽志,Male,11472,1894,cerd,479670
31413,Zhang,Shiyong,張時雍,Male,877,1907,cerd,479671
31428,Zhang,Shiyu,張時雨,Male,10543,1889,cerd,479672
31436,Zhang,Shilin,張時霖,Male,877,1917,cerd,479673
31438,Zhang,Xunji,張勛基,Male,558,1891,cerd,479674
31449,Zhang,Yingkui,張映奎,Male,31450,NA,cerd,479675
31452,Zhang,Yingshu,張映樞,Male,4394,1893,cerd,479676
31463,Wang,Zongkui,王宗魁,Male,NA,NA,cerd,479677
31465,Wang,Zonghe,王宗和,Male,31466,1906,cerd,479678
31474,Wang,Zonggan,王宗淦,Male,1113,1915,cerd,194109
31476,Wang,Zongcheng,王宗城,Male,607,1884,cerd,333234
31482,Wang,Zongsu,王宗素,Male,31483,1912,cerd,479679
31490,Wang,Zongyao,王宗曜,Male,11545,NA,cerd,479681
31492,Wang,Zongxi,王宗曦,Male,11545,NA,cerd,479682
31494,Wang,Zongxi,王宗熙,Male,1079,1914,cerd,333235
31497,Wang,Zongyi,王宗義,Male,1556,NA,cerd,479683
31499,Wang,Zongbing,王宗炳,Male,62,1913,cerd,479684
31502,Wang,Qianming,王潛明,Male,1100,1909,cerd,479685
31504,Wang,Yuanhe,王源河,Male,10780,1908,cerd,479686
31510,Wang,Yuanshen,王源深,Male,7055,1905,cerd,479687
31518,Wang,Fuwei,王福衞,Male,74,1891,cerd,479688
31522,Wang,Fumin,王福民,Male,909,1912,cerd,479689
31524,Wang,Naiyuan,王廼元,Male,20354,1911,cerd,479690
31526,Wang,Zhousun,王洲蓀,Male,807,1910,cerd,479692
31528,Wang,Zhaolin,王兆霖,Male,553,1919,cerd,479693
31530,Wang,Zhaomei,王兆嵋,Male,942,1912,cerd,479694
31534,Wang,Zhaoji,王兆基,Male,819,1907,cerd,479695
31541,Wang,Zhaofan,王兆藩,Male,1079,1911,cerd,479696
31547,Wang,Zhaohua,王兆華,Male,1079,NA,cerd,479697
31550,Wang,Zhaoying,王兆英,Male,553,1911,cerd,479698
31553,Wang,Zhaodi,王兆杕,Male,553,1914,cerd,479699
31558,Wang,Zhaozhen,王兆振,Male,965,1916,cerd,479700
31561,Wang,Zhaoxun,王兆勛,Male,64,1907,cerd,479701
31566,Deng,Huaguang,鄧華光,Male,NA,NA,cerd,479703
31568,Deng,Shuqiao,鄧樹喬,Male,3042,1915,cerd,479704
31571,Deng,Shuying,鄧樹英,Male,1857,1916,cerd,479705
31573,Deng,Shugui,鄧樹桂,Male,7011,1905,cerd,479706
31575,Deng,Chaotong,鄧朝統,Male,31576,1911,cerd,479707
31579,Deng,Genlian,鄧根廉,Male,1664,1898,cerd,479708
31584,Deng,Suran,鄧肅然,Male,30958,1916,cerd,479709
31586,Deng,Fuchui,鄧輔垂,Male,18784,1911,cerd,479710
31588,Deng,Shengyi,鄧盛儀,Male,NA,NA,cerd,479711
31590,Deng,Yueren,鄧曰仁,Male,1993,NA,cerd,479712
31592,Deng,Rimo,鄧日謨,Male,1993,1896,cerd,479714
31603,Deng,Yuezhi,鄧曰志,Male,1993,1895,cerd,479715
31612,Deng,Guozhu,鄧國柱,Male,527,1911,cerd,479716
31614,Deng,Changfu,鄧昌阜,Male,16722,1916,cerd,479717
31616,Deng,Jue'an,鄧覺菴,Male,3226,1900,cerd,479718
31618,Deng,Fengwu,鄧鳳舞,Male,29187,1914,cerd,479719
31620,Deng,Naihong,鄧乃鴻,Male,1664,NA,cerd,479720
31622,Deng,Kaiju,鄧開舉,Male,1881,1903,cerd,479721
31626,Deng,Xianzhao,鄧賢照,Male,25978,NA,cerd,479722
31629,Deng,Yiguang,鄧益光,Male,3042,1890,cerd,479723
31640,Deng,Yuling,鄧毓靈,Male,590,NA,cerd,479725
31642,Deng,Jufang,鄧矩方,Male,3319,1903,cerd,333538
31651,Deng,Zhenbang,鄧鎭邦,Male,1231,1914,cerd,479726
31653,Deng,Ximing,鄧錫明,Male,1559,1908,cerd,479727
31656,Deng,Shuqing,鄧舒慶,Male,3016,1914,cerd,479728
31658,Deng,Ruifu,鄧銳輔,Male,28665,1913,cerd,479729
31660,Deng,Yuxun,鄧煜勳,Male,1817,1913,cerd,479730
31662,Deng,Huanhua,鄧煥華,Male,5917,1906,cerd,479731
31667,Deng,Canxi,鄧燦熙,Male,1817,1893,cerd,479732
31672,Wang,Zhaoqin,王兆欽,Male,10761,1903,cerd,479733
31676,Wang,Jinlian,王近廉,Male,7956,1908,cerd,479734
31679,Wang,Yejun,王業俊,Male,31680,1916,cerd,479736
31682,Wang,Yehao,王業浩,Male,31683,1897,cerd,381007
31697,Deng,Ronghui,鄧榮惠,Male,5227,1903,cerd,479737
31710,Zhai,Yuanchen,翟元忱,Male,31713,1910,cerd,479738
31714,Zhai,Weihao,翟維灝,Male,427,1915,cerd,479739
31717,Zhai,Weifeng,翟維灃,Male,427,1900,cerd,479740
31725,Zhai,Weibin,翟維濱,Male,427,1902,cerd,479741
31730,Zhai,Ruzhen,翟儒珍,Male,31731,1900,cerd,479742
31735,Zhai,Fuyi,翟福逸,Male,74,1915,cerd,479743
31737,Zhai,Wanbo,翟萬柏,Male,1817,1913,cerd,479744
31739,Zhai,Hecheng,翟鶴程,Male,8854,1910,cerd,8129
31745,Zhai,Dansheng,翟丹生,Male,5964,1912,cerd,479745
31751,Xu,Chengzu,胥承祖,Male,10138,1912,cerd,479747
31754,Xu,Zhenzhong,胥振中,Male,8775,1896,cerd,479748
31763,Cheng,Qitang,承啓棠,Male,1016,1907,cerd,479749
31768,Yan,Dingshou,鄢定壽,Male,11440,1904,cerd,479750
31774,Xun,Xuejin,尋學晉,Male,5073,1909,cerd,479751
31786,Xun,Minyang,尋民仰,Male,5073,1913,cerd,479752
31788,Xing,Guangmo,邢廣謨,Male,2790,1910,cerd,479753
31790,Xing,Pizhu,邢丕諸,Male,31791,NA,cerd,479754
31793,Xing,Zhidao,邢至道,Male,2071,NA,cerd,479755
31795,Xing,Weitang,邢維棠,Male,31796,1903,cerd,479756
31800,Xing,Yunfan,邢允範,Male,NA,NA,cerd,479759
31802,Xing,Dexiu,邢德修,Male,16065,1894,cerd,479760
31813,Xing,Chuanyun,邢傳鋆,Male,1259,1912,cerd,479761
31816,Xing,Chuandong,邢傳東,Male,1259,1909,cerd,479762
31824,Xing,Kuanhe,邢寬和,Male,723,NA,cerd,479763
31826,Xing,Biqiang,邢必強,Male,4079,1895,cerd,479764
31828,Xing,Daoqian,邢道謙,Male,31829,1916,cerd,479765
31831,Xing,Da'an,邢大安,Male,410,1901,cerd,479766
31835,Xing,Fanzhou,邢藩周,Male,2732,1904,cerd,479767
31837,Xing,Shize,邢世澤,Male,427,NA,cerd,479768
31839,Xing,Tonglin,邢桐林,Male,3935,1904,cerd,479770
31844,Xing,Qishen,邢契莘,Male,1259,1886,cerd,192529
31856,Wang,Yetao,王業桃,Male,341,1908,cerd,479771
31858,Wang,Xinyuan,王心淵,Male,11496,1907,cerd,367742
31873,Wang,Yedong,王冶東,Male,13846,1911,cerd,479772
31877,Wang,Zhixi,王治熙,Male,1779,NA,cerd,479773
31879,Wang,Shusheng,王述聖,Male,4314,1910,cerd,479774
31881,Wang,Dounan,王斗南,Male,31882,NA,cerd,479775
31884,Wang,Weiyuan,王為元,Male,4238,1913,cerd,479776
31886,Wang,Taizhen,王汰甄,Male,965,1898,cerd,479777
31895,Wang,Fatang,王法湯,Male,7508,1908,cerd,479778
31897,Wang,Fazeng,王法曾,Male,4079,NA,cerd,479779
31899,Wang,Hanjin,王漢金,Male,1514,1902,cerd,479781
31901,Wang,Rulin,王汝霖,Male,719,1908,cerd,479782
31905,Wang,Rubi,王汝弼,Male,11187,1901,cerd,479783
31912,Wang,Rumei,王汝梅,Male,3532,NA,cerd,479784
31914,Xing,Guoyong,邢國栐,Male,1259,NA,cerd,479785
31917,Xing,Yuying,邢毓英,Male,31918,NA,cerd,479786
31922,Gong,Guangwen,鞏廣文,Male,31923,NA,cerd,479787
31926,Gong,Chongji,鞏崇基,Male,10295,NA,cerd,479788
31928,Yin,Zheng,尹政,Male,4238,1910,cerd,479789
31933,Yin,Liangwu,尹亮武,Male,1630,1911,cerd,479790
31936,Yin,Xulan,尹序蘭,Male,31937,NA,cerd,479792
31939,Yin,Wenzi,尹文資,Male,10953,1900,cerd,479793
31953,Wang,Rucheng,王汝成,Male,5830,1884,cerd,479794
31957,Wang,Rujun,王汝駿,Male,1664,1911,cerd,479795
31959,Wang,Ruxian,王汝賢,Male,18366,NA,cerd,479796
31961,Wang,Ruhuang,王汝煌,Male,388,1911,cerd,479797
31965,Wang,Daxin,王達新,Male,427,1909,cerd,479798
31969,Wang,Dabo,王達伯,Male,5186,1914,cerd,479799
31971,Wang,Dadao,王達道,Male,3866,1894,cerd,479800
31978,Wang,Dashi,王達時,Male,1630,1912,cerd,479801
31980,Wang,Yuanming,王遠明,Male,7331,1912,cerd,479803
31982,Wang,Qingshan,王清山,Male,9346,NA,cerd,479804
31984,Wang,Qingfu,王清福,Male,9040,NA,cerd,479805
31986,Wang,Qingshu,王清淑,Male,11040,1904,cerd,479806
31995,Wang,Qingdao,王清道,Male,3768,1906,cerd,479807
31998,Wang,Qinghui,王清輝,Male,NA,1900,cerd,479808
32003,Wang,Litang,王禮堂,Male,1161,1916,cerd,479809
32005,Wang,Changyao,王昶耀,Male,4042,1911,cerd,479810
32007,Wang,Yuxian,王遇賢,Male,25625,NA,cerd,479811
32009,Wang,Xuncai,王洵才,Male,16804,1899,cerd,381160
32016,Wang,Runyuan,王潤源,Male,2071,NA,cerd,479812
32018,Wang,Hongxun,王鴻訓,Male,719,NA,cerd,479814
32020,Wang,Hongru,王鴻儒,Male,1364,1910,cerd,479815
32022,Wang,Hongyi,王鴻儀,Male,807,1906,cerd,479816
32026,Wang,Honghao,王鴻灝,Male,NA,NA,cerd,479817
32028,Wang,Hongli,王鴻禮,Male,32029,1906,cerd,479818
32031,Wang,Hongzhi,王鴻志,Male,71,1907,cerd,479819
32034,Wang,Hongyan,王鴻棪,Male,3265,1914,cerd,479820
32037,Linghu,Bi,令狐弼,Male,16085,NA,cerd,479821
32039,Yin,Tianbao,尹天保,Male,2062,1905,cerd,479822
32052,Yin,Renyou,尹仁有,Male,9036,1901,cerd,479823
32054,Yin,Jingzhang,尹經章,Male,10603,1915,cerd,479825
32056,Yin,Xian'en,尹先恩,Male,29080,1916,cerd,479826
32058,Yin,Zanxian,尹贊先,Male,7494,1898,cerd,369508
32075,Yin,Baotai,尹保泰,Male,1817,1914,cerd,479827
32084,Yin,Zhiren,尹之任,Male,32085,1900,cerd,479828
32088,Yin,Zongyi,尹宗伊,Male,30799,1906,cerd,479829
32090,Yin,Zenan,尹澤南,Male,8278,NA,cerd,479830
32092,Yin,Ciming,尹次明,Male,3042,1910,cerd,479831
32094,Yin,Zhaoyuan,尹肇元,Male,10603,1910,cerd,479832
32096,Yin,Yousan,尹友三,Male,1227,1916,cerd,479833
32098,Yin,Xisheng,尹希聖,Male,9036,1898,cerd,479834
32105,Yin,Gongfa,尹恭發,Male,879,1906,cerd,479836
32110,Yin,Wanshan,尹萬珊,Male,10475,1906,cerd,479837
32114,Yin,Shucheng,尹樹程,Male,27765,NA,cerd,479838
32116,Yin,Zhihuan,尹植寰,Male,1817,1915,cerd,479839
32118,Yin,Zhongshun,尹忠順,Male,11225,1910,cerd,479840
32121,Yin,Guoyong,尹國墉,Male,4816,1904,cerd,479841
32148,Yin,Guokai,尹國愷,Male,17044,1912,cerd,479842
32154,Yin,Guojun,尹國均,Male,4816,1900,cerd,479843
32167,Yin,Xianrong,尹賢容,Male,9535,1904,cerd,479844
32175,Yin,Zhongming,尹鍾銘,Male,1409,NA,cerd,479845
32177,Gu,Huaizeng,顧懷曾,Male,1881,1913,cerd,479847
32180,Wang,Hongliang,王鴻量,Male,3040,1907,cerd,479848
32186,Wang,Hongxin,王鴻鑫,Male,427,NA,cerd,479849
32188,Wang,Hongjun,王鴻鈞,Male,14760,1901,cerd,479850
32206,Wang,Hongfan,王鴻範,Male,807,1917,cerd,479851
32209,Wang,Shufang,王淑方,Female,511,1912,cerd,479852
32211,Wang,Shuxuan,王淑軒,Female,8181,1912,cerd,479853
32214,Wang,Ciheng,王次蘅,Female,553,1916,cerd,479854
32216,Wang,Zulie,王祖烈,Male,3829,1910,cerd,479855
32220,Wang,Zuwei,王祖維,Male,17517,1915,cerd,479856
32222,Wang,Zuyin,王祖蔭,Male,711,NA,cerd,479858
32227,Wang,Zuyun,王祖蘊,Female,1630,1896,cerd,479859
32232,Wang,Zuhuai,王祖槐,Male,22850,1908,cerd,479860
32237,Wang,Zufan,王祖範,Male,1305,1903,cerd,479861
32240,Wang,Guanya,王冠亞,Male,32242,1913,cerd,479862
32246,Wang,Guansheng,王冠生,Male,879,NA,cerd,479863
32248,Wang,Guanying,王冠英,Male,1002,1903,cerd,479864
32257,Gu,Guangbin,顧光賓,Male,562,1889,cerd,479865
32266,Gu,Guangfu,顧光復,Male,9324,1912,cerd,479866
32268,Gu,Hengwu,顧恆午,Male,9282,1908,cerd,479867
32270,Gu,Binglong,顧炳龍,Male,1256,NA,cerd,479870
32272,Cheng,Zhize,澄志澤,Male,NA,NA,cerd,479871
32274,Pu,Qidong,濮齊棟,Male,1881,1913,cerd,479872
32277,Pu,Dengqing,濮登青,Male,1604,1876,cerd,352203
32286,Pu,Zixiang,濮梓祥,Male,1770,NA,cerd,479873
32288,Pu,Siben,濮思本,Male,27921,1913,cerd,479874
32291,Cong,Yongwen,叢永文,Male,2352,1902,cerd,479875
32294,Cong,Xunyuan,叢勛遠,Male,2352,1897,cerd,479876
32296,Pan,Wen,潘文,Male,566,1898,cerd,479877
32305,Pan,Jing,潘京,Male,32307,1907,cerd,333865
32313,Pan,Heng,潘珩,Male,32314,NA,cerd,479878
32316,Pan,Yin,潘尹,Male,558,1890,cerd,479879
32325,Pan,Yin,潘尹,Male,5131,1902,cerd,479881
32329,Pan,Sheng,潘升,Male,3133,1907,cerd,NA
32336,Pan,Kai,潘凱,Male,NA,NA,cerd,479883
32338,Pan,Jie,潘潔,Male,25625,1904,cerd,479884
32342,Pan,Quan,潘權,Male,449,NA,cerd,479885
32344,Pan,Chao,潘超,Male,3730,NA,cerd,479886
32346,Pan,Yu,潘榆,Male,80,1909,cerd,479887
32351,Pan,Lianfu,潘廉甫,Male,1881,1908,cerd,479888
32358,Pan,Qingdi,潘慶棣,Male,12029,1908,cerd,479889
32360,Pan,Wenyuan,潘文淵,Male,1604,1912,cerd,7827
32363,Pan,Wenzhi,潘文植,Male,NA,NA,cerd,479890
32365,Pan,Yifan,潘奕蕃,Male,2383,1913,cerd,479892
32367,Pan,Xinlu,潘新陸,Male,1630,1916,cerd,479893
32370,Wang,Hexiang,王鶴翔,Male,18676,1910,cerd,479894
32372,Pan,Yongfu,潘詠福,Male,1079,1900,cerd,479895
32376,Wang,Yifan,王逸凡,Male,4802,1904,cerd,479896
32389,Wang,Fenggeng,王逢庚,Male,1256,NA,cerd,479897
32397,Wang,Yunzhi,王運治,Male,1664,1908,cerd,479898
32401,Wang,Yunchang,王運昌,Male,1682,1901,cerd,479899
32406,Wang,Langrun,王朗潤,Male,511,1911,cerd,479900
32408,Wang,Ziren,王資仁,Male,1305,1907,cerd,479901
32410,Wang,Yizhong,王溢中,Male,3319,1890,cerd,479903
32421,Wang,Xianglu,王祥祿,Male,1564,1911,cerd,479904
32425,Wang,Yuqi,王裕齊,Male,410,1914,cerd,479905
32430,Wang,Yulin,王裕麐,Male,877,1909,cerd,479906
32434,Wang,Yujing,王裕鯨,Male,877,1911,cerd,479907
32444,Ge,Ying,葛英,Male,1630,NA,cerd,479908
32446,Ge,Xiang,葛翔,Male,27373,1904,cerd,386161
32457,Ge,Wenxun,葛文勳,Male,1544,1900,cerd,479909
32466,Ge,Wenjin,葛文錦,Male,1544,1899,cerd,479910
32470,Ge,Zhengquan,葛正權,Male,3829,1898,cerd,193624
32484,Ge,Tianhui,葛天回,Male,32485,1896,cerd,479911
32496,Ge,Yuntian,葛雲田,Male,7777,1910,cerd,479912
32499,Ge,Naichang,葛迺昌,Male,4394,NA,cerd,479914
32501,Ge,Yujing,葛羽經,Male,11516,1901,cerd,479915
32505,Ge,Zhaotang,葛召棠,Male,1079,1897,cerd,479916
32511,Ge,Fushu,葛孚樞,Male,410,1912,cerd,479917
32515,Ge,Weiyuan,葛維垣,Male,NA,NA,cerd,479918
32517,Ge,Dingxiang,葛鼎祥,Male,903,NA,cerd,479919
32519,Ge,Helin,葛和林,Male,9592,1911,cerd,479920
32525,Ge,Zongtian,葛宗[上艸下添],Male,841,NA,cerd,479921
32527,Ge,Yuanshen,葛源深,Male,909,NA,cerd,479922
32529,Ge,Fuxi,葛福熙,Male,903,1905,cerd,479923
32532,Ge,Luoru,葛洛儒,Male,1630,1911,cerd,479925
32538,Ge,Zuxi,葛祖僖,Male,562,1909,cerd,479926
32540,Ge,Zupeng,葛祖彭,Male,3829,1909,cerd,479927
32542,Ge,Zupeng,葛祖彭,Male,3829,1909,cerd,479927
32549,Ge,Nanji,葛南極,Male,1079,1914,cerd,479928
32553,Ge,Nanzhao,葛南照,Male,8916,1914,cerd,479929
32555,Ge,Lingzhi,葛菱芝,Male,2797,1906,cerd,479930
32558,Ge,Shihong,葛世宏,Male,5626,1914,cerd,479931
32561,Ge,Yunfang,葛蘊芳,Male,9552,1904,cerd,479932
32564,Ge,Jingxin,葛敬新,Male,1604,1894,cerd,479933
32581,Ge,Jingjun,葛敬鈞,Male,NA,NA,cerd,479934
32583,Ge,Chenglu,葛成潞,Male,903,1900,cerd,479936
32588,Ge,Changding,葛昌鼎,Male,1636,1891,cerd,479937
32609,Ge,Yichi,葛益熾,Male,877,1901,cerd,78254
32616,Ge,Xuexuan,葛學瑄,Male,903,1901,cerd,479939
32622,Ge,Huaiyu,葛懷璵,Male,32623,1902,cerd,479940
32631,Ge,Shanggong,葛尚功,Male,877,NA,cerd,479941
32633,Ge,Shangchen,葛尚辰,Male,877,1913,cerd,479942
32635,Ge,Binglin,葛炳林,Male,9592,1903,cerd,479943
32641,Ge,Yiren,葛怡人,Male,3829,1913,cerd,479944
32643,Ge,Yaoliang,葛耀良,Male,1079,1885,cerd,479945
32654,Ge,Huanbin,葛煥彬,Male,562,1907,cerd,479947
32656,Xue,Qian,薛謙,Male,652,1905,cerd,479948
32661,Xue,Jin,薛瑾,Male,496,1910,cerd,479949
32664,Xue,Ying,薛濚,Male,76,1899,cerd,387311
32672,Geng,Fuchang,耿福昌,Male,15503,1903,cerd,479950
32674,Xue,Rong,薛鎔,Male,965,1909,cerd,479951
32681,Geng,Yixin,耿心一,Male,807,1898,cerd,479952
32691,Xue,Wenyao,薛文耀,Male,7484,1914,cerd,479953
32694,Xue,Xiaoxuan,薛效瑄,Male,3768,1907,cerd,479954
32695,Geng,Hongshu,耿鴻樞,Male,4195,NA,cerd,479955
32697,Xue,Yunlin,薛雲麟,Male,1664,1916,cerd,479956
32700,Xue,Fangzhou,薛仿州,Male,NA,NA,cerd,479958
32702,Geng,Qizeng,耿啓曾,Male,24071,1914,cerd,479959
32703,Xue,Bingshan,薛秉山,Male,9640,1913,cerd,479960
32705,Geng,Dading,耿大定,Male,7590,1912,cerd,479961
32708,Xue,Zhizhong,薛止眾,Male,11472,1915,cerd,479962
32711,Xue,Chongzhong,薛崇中,Male,32712,1906,cerd,479963
32715,Xue,Yunjuan,薛允雋,Male,3884,1887,cerd,479964
32723,Geng,Peiyuan,耿培元,Male,24071,1913,cerd,479965
32725,Geng,Shouzhen,耿壽臻,Male,7055,1902,cerd,479966
32730,Xue,Daizhang,薛代章,Male,27921,NA,cerd,479967
32736,Xue,Daiqiang,薛代強,Male,1256,1893,cerd,479969
32738,Geng,Binji,耿彬吉,Male,7911,1908,cerd,479970
32743,Geng,Wulou,耿午樓,Male,2539,NA,cerd,479971
32746,Xue,Youzhen,薛佑震,Male,66,NA,cerd,479972
32748,Geng,Yuxiu,耿毓秀,Male,27765,1911,cerd,479973
32749,Xue,Peitian,薛佩鈿,Male,27921,1912,cerd,479974
32755,Xue,Shengzu,薛繩祖,Male,765,1897,cerd,479975
32758,Geng,Duzhi,耿篤之,Male,24071,1909,cerd,479976
32770,Geng,Huaikui,耿懷奎,Male,1659,1911,cerd,479977
32775,Xue,Shaoqing,薛紹清,Male,1016,1899,cerd,479978
32781,Geng,Huanming,耿煥明,Male,1659,1901,cerd,479981
32783,Xue,Qiunong,薛秋農,Male,1259,1914,cerd,479982
32787,Xue,Yongyu,薛永譽,Male,9856,1908,cerd,479983
32793,Xue,Wenbin,薛文斌,Male,965,1913,cerd,479984
32798,Pan,Yongyi,潘詠禕,Male,1079,NA,cerd,479985
32802,Pan,Yongxi,潘詠熹,Male,1079,1916,cerd,479986
32804,Pan,Wangyi,潘望毅,Male,4371,1912,cerd,479987
32806,Pan,Yuming,潘玉明,Male,819,1900,cerd,479988
32817,Pan,Ruijiong,潘瑞烱,Male,3042,1914,cerd,479989
32819,Pan,Tingbao,潘廷寶,Male,3326,1905,cerd,479990
32823,Pan,Tingzi,潘廷梓,Male,2780,NA,cerd,479992
32825,Pan,Tingshu,潘廷樞,Male,8202,1906,cerd,479993
32827,Pan,Chenggao,潘承誥,Male,1079,1899,cerd,479994
32835,Pan,Chengliang,潘承梁,Male,1079,1898,cerd,479995
32849,Pan,Chengqi,潘承圻,Male,1079,1896,cerd,72177
32853,Pan,Chengxiao,潘承孝,Male,1079,NA,cerd,479996
32863,Wang,Yuren,王裕仁,Male,1682,1912,cerd,479997
32865,Wang,Yuguang,王裕光,Male,877,1899,cerd,479998
32872,Wang,Zundao,王遵道,Male,32873,1909,cerd,479999
32876,Wang,Zunlai,王遵來,Male,449,NA,cerd,480000
32878,Wang,Zunshi,王遵軾,Male,765,1895,cerd,480001
32895,Wang,Daobin,王道斌,Male,553,1896,cerd,480003
32906,Wang,Daochun,王道純,Male,16722,1890,cerd,480004
32918,Wang,Daochang,王道昌,Male,427,1888,cerd,480005
32928,Wang,Daolong,王道隆,Male,522,1909,cerd,480006
32932,Wang,Daolong,王道隆,Male,9560,1912,cerd,480007
32935,Wang,Daozhou,王道周,Male,1434,1894,cerd,381843
32943,Wang,Daoquan,王道全,Male,32945,NA,cerd,480008
32947,Wang,Daocan,王道燦,Male,32948,NA,cerd,480009
32950,Wang,Zhaoyu,王肇裕,Male,1079,1912,cerd,480010
32954,Wang,Zhaofen,王肇奮,Male,1079,1912,cerd,480011
32960,Wang,Zhaoshan,王肇善,Male,1664,1910,cerd,480012
32963,Wang,Qisheng,王啟聖,Male,511,1914,cerd,480014
32965,Wang,Qixi,王啓熙,Male,NA,1909,cerd,480015
32969,Wang,Qixian,王啟賢,Male,765,1907,cerd,480016
32973,Wang,Qiguang,王啟光,Male,719,1889,cerd,480017
32984,Wang,Jiuling,王九齡,Male,1042,1906,cerd,480018
32990,Wang,Liren,王力仁,Male,32991,1899,cerd,480019
33002,Wang,Dalun,王大倫,Male,1770,1911,cerd,480020
33006,Wang,Daji,王大濟,Male,903,NA,cerd,480021
33008,Wang,Dayun,王大芸,Male,3665,NA,cerd,480022
33010,Yin,Xijun,尹錫駿,Male,1409,NA,cerd,480023
33012,Yin,Mingxin,尹銘新,Male,1091,1911,cerd,480025
33014,Yin,Mingzhou,尹銘舟,Male,1091,1912,cerd,480026
33016,Yin,Hengchuan,尹恆傳,Male,427,1904,cerd,480027
33020,Yin,Bingyan,尹炳炎,Male,NA,NA,cerd,480028
33022,Yin,Yifu,尹怡福,Male,1259,NA,cerd,480029
33024,Yin,Rongkun,尹榮琨,Male,7494,1887,cerd,480030
33040,Wang,Dachun,王大椿,Male,903,1898,cerd,480031
33047,Wang,Dazhao,王大釗,Male,877,NA,cerd,480032
33049,Wang,Dazhuo,王大焯,Male,4371,1896,cerd,480033
33051,Wang,Dakun,王大焜,Male,NA,1893,cerd,480034
33053,Wang,Youbin,王友彬,Male,7100,1913,cerd,480036
33056,Wang,Shiyan,王士彥,Male,765,NA,cerd,480037
33058,Wang,Shizhuo,王士倬,Male,1664,1906,cerd,380036
33069,Wang,Shizhen,王士貞,Male,10958,1909,cerd,480038
33072,Wang,Shiren,王士任,Male,1664,1913,cerd,480039
33076,Wang,Shichun,王士漘,Male,807,NA,cerd,480040
33080,Wang,Shixun,王士洵,Male,427,1915,cerd,480041
33082,Wang,Shibin,王士彬,Male,1259,NA,cerd,480042
33085,Wang,Shikun,王士坤,Male,33086,1912,cerd,480043
33088,Wang,Kuigang,王奎罡,Male,819,1909,cerd,480044
33093,Wang,Peisheng,王培生,Male,1630,1915,cerd,16395
33095,Wang,Peiji,王培基,Male,1364,1906,cerd,480045
33098,Wang,Peinian,王培年,Male,427,NA,cerd,480047
33102,Wang,Peizhu,王培竹,Male,18580,NA,cerd,480048
33106,Wang,Yaozong,王堯宗,Male,3969,1908,cerd,480049
33110,Wang,Zaiwen,王在文,Male,4394,NA,cerd,480050
33112,Pan,Binian,潘碧年,Male,1630,1913,cerd,480051
33114,Pan,Yuchang,潘禹昌,Male,3133,1904,cerd,480052
33128,Pan,Weihan,潘維翰,Male,1113,1911,cerd,480053
33130,Pan,Weiyao,潘維耀,Male,782,1914,cerd,480054
33132,Pan,Xinglian,潘行鐮,Male,2498,1914,cerd,480055
33134,Pan,Jinghuang,潘經璜,Male,74,1905,cerd,480056
33136,Pan,Yingchang,潘頴昌,Male,3133,1907,cerd,333040
33143,Pan,Dingxin,潘鼎新,Male,1113,1900,cerd,480058
33151,Pan,Jiqing,潘繼慶,Male,909,1913,cerd,480059
33155,Pan,Dehong,潘德宏,Male,558,1911,cerd,480060
33158,Pan,Demin,潘德民,Male,496,1910,cerd,480061
33160,Pan,Deqin,潘德欽,Male,496,NA,cerd,480062
33163,Pan,Yangli,潘仰離,Male,15503,1908,cerd,480063
33165,Pan,Qiuling,潘秋齡,Male,1607,NA,cerd,480064
33168,Wang,Kejing,王克競,Male,1259,1915,cerd,480065
33170,Pan,Yonglian,潘永廉,Male,1630,1909,cerd,480066
33171,Pan,Jiyan,潘濟炎,Male,909,NA,cerd,480067
33173,Wang,Kexin,王克新,Male,16021,1902,cerd,480069
33176,Wang,Keqiang,王克強,Male,13462,1906,cerd,480070
33182,Pan,Yongzhao,潘永照,Male,2780,1900,cerd,480071
33184,Wang,Kesheng,王克生,Male,1434,1892,cerd,379984
33189,Wang,Keda,王克達,Male,427,1915,cerd,480072
33192,Wang,Kehua,王克華,Male,909,1911,cerd,480073
33194,Pan,Yongxi,潘永熙,Male,2352,1907,cerd,480074
33196,Wang,Kezhong,王克中,Male,33199,1916,cerd,480075
33201,Pan,Jiaji,潘家吉,Male,1079,1915,cerd,480076
33202,Wang,Kecheng,王克成,Male,31882,NA,cerd,480077
33209,Wang,Kejun,王克鈞,Male,1779,1913,cerd,480078
33211,Pan,Fuying,潘福瑩,Male,1604,1913,cerd,480080
33213,Wang,Xisheng,王希聖,Male,4394,1908,cerd,480081
33217,Wang,Ximeng,王希孟,Male,21550,1911,cerd,480082
33218,Pan,Jinsheng,潘津生,Male,1664,NA,cerd,480083
33221,Wang,Xizeng,王希曾,Male,9117,1890,cerd,480084
33222,Pan,Lian'e,潘連萼,Male,4371,1898,cerd,480085
33225,Wang,Zhiwang,王志望,Male,1664,1916,cerd,480086
33227,Pan,Lianjia,潘連茄,Male,4371,NA,cerd,480087
33228,Wang,Zhiyi,王志毅,Male,2331,1912,cerd,480088
33236,Wang,Zhiqiang,王志強,Male,94,1904,cerd,480089
33241,Pan,Hongde,潘鴻德,Male,9292,1891,cerd,480092
33245,Wang,Zhiqian,王志千,Male,2625,1909,cerd,480093
33250,Wang,Zhiwei,王志偉,Male,522,1918,cerd,480094
33255,Wang,Zhitao,王志濤,Male,935,1899,cerd,480095
33266,Wang,Zhihong,王志鴻,Male,5282,1906,cerd,480096
33271,Pan,Zupei,潘祖培,Male,950,1904,cerd,480097
33279,Wang,Zhijun,王志均,Male,1256,1893,cerd,480098
33287,Pan,Zufang,潘祖芳,Male,1857,1909,cerd,480099
33293,Pan,Zuchun,潘祖椿,Male,950,1899,cerd,480100
33297,Wang,Zhichao,王志超,Male,3645,NA,cerd,480101
33299,Pan,Hanyan,潘罕言,Male,1770,1910,cerd,480103
33301,Pan,Yuru,潘裕如,Male,4394,1904,cerd,480104
33303,Wang,Zhiyi,王志義,Male,2884,NA,cerd,480105
33308,Wang,Zhikai,王志鍇,Male,NA,NA,cerd,480106
33309,Pan,Daofan,潘道藩,Male,1042,NA,cerd,480107
33312,Pan,Dalie,潘大烈,Male,80,1912,cerd,480108
33314,Pan,Dazao,潘大造,Male,NA,1896,cerd,480109
33316,Pan,Guisui,潘圭綏,Male,1210,1911,cerd,480110
33318,Pan,Peixi,潘培系,Male,558,1906,cerd,480111
33322,Pan,Cairen,潘才任,Male,1857,NA,cerd,480112
33324,Pan,Kehan,潘克涵,Male,558,NA,cerd,480114
33327,Pan,Zhiying,潘志英,Male,782,1915,cerd,480115
33329,Wang,Jiarui,王嘉瑞,Male,19500,1882,cerd,480116
33346,Wang,Jiabi,王嘉弼,Male,9117,1899,cerd,480117
33350,Wang,Jiagu,王嘉穀,Male,5335,1907,cerd,480118
33356,Wang,Jiayou,王嘉猷,Male,33357,1899,cerd,480119
33370,Wang,Qishou,王耆壽,Male,553,1916,cerd,480120
33372,Wang,Shoukang,王壽康,Male,965,1918,cerd,480121
33374,Wang,Shouzhi,王壽之,Male,20513,1915,cerd,480122
33376,Wang,Shoubao,王壽寶,Male,877,1903,cerd,480123
33378,Wang,Shoufu,王壽福,Male,4802,1912,cerd,480125
33382,Wang,Shoutong,王壽桐,Male,27765,NA,cerd,480126
33386,Wang,Shouquan,王壽全,Male,1993,1885,cerd,480127
33406,Wang,Xiongfei,王雄飛,Male,NA,NA,cerd,480128
33408,Wang,Zhuchen,王柱臣,Male,1091,1897,cerd,480129
33413,Wang,Baiqing,王栢靑,Male,819,1911,cerd,480130
33415,Wang,Shiqian,王式乾,Male,3857,1901,cerd,480131
33418,Wang,Qiuding,王求定,Male,553,1889,cerd,480132
33428,Wang,Jicai,王基才,Male,10730,1915,cerd,480133
33430,Wang,Qinxiu,王勤修,Male,17517,1906,cerd,480134
33436,Pan,Shoupeng,潘壽彭,Male,25978,1913,cerd,480136
33438,Pan,Xiaoheng,潘孝恒,Male,590,NA,cerd,480137
33440,Pan,Xiaoke,潘孝恪,Male,590,NA,cerd,480138
33442,Pan,Jizhi,潘基礩,Male,1231,NA,cerd,480139
33444,Pan,Yansheng,潘燕生,Male,1664,NA,cerd,480140
33446,Pan,Mojing,潘莫京,Male,3608,1912,cerd,480141
33448,Pan,Hengfen,潘蘅芬,Male,1079,1894,cerd,480142
33452,Pan,Shiyi,潘世宜,Male,558,NA,cerd,480143
33454,Pan,Shining,潘世甯,Male,558,1907,cerd,480144
33463,Pan,Shitao,潘世韜,Male,903,1905,cerd,480145
33469,Pan,Qizhen,潘其珍,Male,3608,NA,cerd,480147
33472,Pan,Shuyue,潘樹鉞,Male,877,1900,cerd,480148
33476,Pan,Yunshan,潘蘊山,Male,3608,1900,cerd,480149
33488,Pan,Yunhua,潘蘊華,Male,511,1905,cerd,480150
33490,Pan,Hanhui,潘翰輝,Male,8028,1901,cerd,480151
33499,Pan,Zhongzhen,潘中楨,Male,782,1896,cerd,480152
33506,Pan,Zhenlin,潘振麟,Male,8202,1892,cerd,480153
33508,Pan,Siquan,潘思銓,Male,24560,1907,cerd,480154
33515,Pan,Entong,潘恩桐,Male,6090,NA,cerd,480155
33517,Pan,Changyun,潘昌運,Male,1016,1916,cerd,480156
33519,Pan,Xiaoyi,潘曉乙,Male,1910,1912,cerd,480158
33521,Pan,Shuqiao,潘曙樵,Male,NA,NA,cerd,480159
33523,Pan,Yanshuang,潘雁驦,Male,819,1916,cerd,480160
33525,Pan,Fengchu,潘鳳雛,Male,4371,1888,cerd,480161
33527,Pan,Fengzhu,潘鳳翥,Male,4371,1901,cerd,480162
33529,Pan,Lüjie,潘履潔,Male,1079,1899,cerd,7822
33542,Pan,Xueqiu,潘學球,Male,6090,1900,cerd,480163
33545,Pan,Xueqin,潘學勤,Male,4435,1905,cerd,480164
33548,Pan,Jingqing,潘鏡清,Male,950,1913,cerd,480165
33550,Pan,Yujun,潘毓鈞,Male,1630,NA,cerd,480166
33552,Pan,Shanwen,潘善聞,Male,1881,1882,cerd,480167
33555,Pan,Zhaoyuan,潘釗元,Male,7491,1915,cerd,480169
33557,Pan,Zhongxiu,潘鍾秀,Male,807,NA,cerd,480170
33559,Pan,Mingxin,潘銘新,Male,3608,1914,cerd,480171
33561,Xue,Zhihao,薛祉鎬,Male,1161,1898,cerd,480172
33567,Xue,Zhaoshu,薛兆樞,Male,7725,1892,cerd,480173
33573,Xue,Diyi,薛迪彝,Male,965,NA,cerd,480174
33577,Xue,Zeliang,薛澤梁,Male,2477,1907,cerd,480175
33580,Xue,Honglin,薛鴻林,Male,17072,NA,cerd,480176
33583,Xue,Cishen,薛次莘,Male,965,1896,cerd,480177
33603,Xue,Gansheng,薛淦生,Male,1016,NA,cerd,480178
33606,Xue,Qifan,薛啟帆,Male,1604,1915,cerd,480180
33609,Xue,Youyun,薛友雲,Male,1993,1898,cerd,480181
33627,Xue,Shouchang,薛壽昌,Male,3331,1912,cerd,480182
33629,Xue,Laichao,薛來朝,Male,5332,1910,cerd,480183
33632,Xue,Jimian,薛基緜,Male,2780,1897,cerd,480184
33647,Xue,Chushi,薛楚書,Male,1664,1905,cerd,480185
33656,Xue,Guilun,薛桂輪,Male,1664,1895,cerd,480186
33668,Xue,Guanying,薛觀瀛,Male,3884,1918,cerd,480187
33670,Xue,Songqing,薛松青,Male,11545,1904,cerd,480188
33674,Xue,Yulong,薛聿龍,Male,61,1906,cerd,480189
33678,Xue,Chunrong,薛春榮,Male,14636,1911,cerd,480191
33681,Xue,Dianceng,薛典曾,Male,71,1907,cerd,480192
33684,Xue,Bangmai,薛邦邁,Male,1664,1910,cerd,480193
33690,Xue,Xingsan,薛星三,Male,6904,1908,cerd,480194
33694,Xue,Xiaotong,薛曉痛,Male,13428,1898,cerd,480195
33708,Xue,Yuekun,薛躍鯤,Male,3053,1904,cerd,480196
33710,Xue,Fengyuan,薛鳳元,Male,652,1885,cerd,480197
33713,Xue,Lutan,薛履坦,Male,1016,1911,cerd,480198
33715,Xue,Yukui,薛毓㨒,Male,1356,NA,cerd,480199
33717,Xue,Mingong,薛敏公,Male,1256,NA,cerd,480200
33719,Xue,Bingwei,薛炳蔚,Male,1664,NA,cerd,387316
33725,Gan,Yun,甘筠,Male,33726,NA,cerd,480203
33728,Gan,Hengsun,甘亨孫,Male,553,1908,cerd,480204
33735,Li,Yuanyi,李遠義,Male,3560,1913,cerd,480205
33738,Li,Daxun,李達勛,Male,NA,NA,cerd,480206
33740,Li,Daqin,李達欽,Male,9907,1902,cerd,480207
33751,Li,Jinshen,李津身,Male,324,1916,cerd,480208
33757,Li,Qinghua,李清華,Male,877,1912,cerd,480209
33759,Li,Qingzeng,李清增,Male,2352,1912,cerd,480210
33761,Li,Diguang,李迪光,Male,2429,1909,cerd,480211
33765,Li,Liankui,李連魁,Male,445,1897,cerd,480212
33774,Gan,Chengyi,甘澄譯,Male,33776,1911,cerd,480214
33778,Li,Lianzhi,李連枝,Male,2884,NA,cerd,480215
33783,Li,Wenping,李溫平,Male,31466,NA,cerd,480216
33784,Gan,Dading,甘大定,Male,7830,NA,cerd,480217
33786,Li,Wengong,李溫恭,Male,4079,1895,cerd,480218
33789,Gan,Zairen,甘在仁,Male,8141,NA,cerd,480219
33793,Gan,Yujin,甘毓津,Male,74,1911,cerd,480220
33798,Gan,Huaiyi,甘懷義,Male,33776,1913,cerd,480221
33803,Chu,Jinpu,楚金浦,Male,33805,1912,cerd,480222
33809,Huang,Li,黃立,Male,562,1910,cerd,480223
33810,Li,Weichuan,李渭川,Male,33811,NA,cerd,480225
33815,Huang,Kang,黃康,Male,449,1908,cerd,480226
33817,Li,Weichun,李渭春,Male,1016,1901,cerd,480227
33818,Huang,Guang,黃廣,Male,4977,1903,cerd,480228
33820,Li,Weiyang,李渭陽,Male,449,1910,cerd,480229
33823,Li,Zekun,李澤堃,Male,813,NA,cerd,480230
33830,Li,Zelin,李澤霖,Male,719,1901,cerd,480231
33838,Li,Zepei,李澤沛,Male,3319,NA,cerd,480232
33840,Li,Zehua,李澤花,Male,3672,1901,cerd,480233
33843,Li,Zefu,李澤敷,Male,571,1911,cerd,480234
33846,Li,Zejun,李澤鈞,Male,30478,NA,cerd,480236
33849,Li,Zetang,李澤棠,Male,5287,1903,cerd,480237
33853,Huang,Xuan,黃玄,Male,11706,1916,cerd,480238
33855,Huang,Yong,黃詠,Male,553,NA,cerd,480350
33864,Li,Chenghuan,李澄寰,Male,NA,NA,cerd,480239
33866,Li,Runcheng,李潤生,Male,8525,1911,cerd,480240
33868,Li,Runzhi,李潤之,Male,719,NA,cerd,480241
33871,Li,Runbao,李潤寶,Male,16672,1912,cerd,480242
33874,Li,Runnian,李潤年,Male,4186,1911,cerd,480243
33876,Li,Hongbin,李鴻斌,Male,1036,1903,cerd,480244
33880,Li,Hongmo,李鴻謨,Male,4449,1906,cerd,480245
33882,Li,Hongmo,李鴻謨,Male,3033,NA,cerd,480247
33884,Li,Hongxun,李鴻勳,Male,2790,1894,cerd,480248
33887,Li,Hongyu,李鴻遇,Male,388,1909,cerd,480249
33890,Li,Hongzao,李鴻藻,Male,427,1911,cerd,480250
33892,Li,Hongying,李鴻英,Male,25625,1906,cerd,480251
33894,Li,Hongxin,李鴻鑫,Male,19088,1900,cerd,480252
33896,Li,Hongnian,李鴻年,Male,427,1855,cerd,480253
33901,Li,Ningrui,李凝瑞,Male,1975,1914,cerd,480254
33903,Li,Cishan,李次珊,Male,66,1911,cerd,480255
33907,Li,Zuwu,李祖武,Male,3471,1916,cerd,480256
33909,Li,Zuyi,李祖彝,Male,1305,1902,cerd,66392
33922,Li,Zubing,李祖冰,Male,1305,1910,cerd,480258
33928,Li,Zupei,李祖培,Male,8780,1913,cerd,480259
33930,Li,Zufen,李祖芬,Male,1305,1901,cerd,480260
33937,Li,Guanying,李冠英,Male,9263,1912,cerd,480261
33939,Li,Yingyi,李迎翼,Male,2797,NA,cerd,480262
33941,Li,Fengli,李逢利,Male,4977,1909,cerd,480263
33944,Li,Fengxin,李逢心,Male,566,1914,cerd,480264
33946,Li,Yunhua,李運華,Male,4996,1901,cerd,7437
33965,Li,Yunchi,李運墀,Male,5273,1911,cerd,480265
33972,Li,Yunbang,李運邦,Male,590,1896,cerd,480266
33983,Li,Yuntong,李運同,Male,9282,1911,cerd,480267
33985,Li,Liangcai,李梁材,Male,8903,1917,cerd,480269
33987,Li,Haiyao,李海瑤,Male,3784,1911,cerd,480270
33991,Li,Yufeng,李浴風,Male,33992,1909,cerd,373245
33998,Li,Xiangheng,李祥亨,Male,14937,1895,cerd,480271
34002,Wang,Qinzeng,王勤曾,Male,1544,1915,cerd,480272
34010,Li,Xianglin,李祥林,Male,9036,NA,cerd,480273
34012,Li,Yugao,李裕高,Male,34013,1917,cerd,480274
34014,Wang,Zaochun,王藻純,Male,21333,1893,cerd,480275
34016,Li,Zhaoduan,李肇端,Male,24302,1914,cerd,480276
34022,Li,Zhaoxiang,李肇祥,Male,1993,1912,cerd,480277
34029,Li,Zhaofeng,李肇鳳,Male,3023,NA,cerd,480278
34030,Wang,Zaoxin,王藻馨,Male,10730,1898,cerd,480280
34034,Li,Zhaozhou,李肇周,Male,4977,1915,cerd,480281
34037,Li,Zhaoshen,李肇燊,Male,449,1914,cerd,480282
34040,Li,Qizhen,李啓臻,Male,7006,1908,cerd,480283
34043,Li,Qiyuan,李啓源,Male,16722,NA,cerd,480284
34046,Li,Qiqian,李啓乾,Male,3730,1902,cerd,480285
34052,Li,Qiyang,李啓颺,Male,74,NA,cerd,480286
34053,Wang,Menglong,王夢龍,Male,632,NA,cerd,480287
34055,Li,Yingjiang,李瀅江,Male,NA,NA,cerd,480288
34060,Li,Danming,李淡明,Male,1993,1915,cerd,480289
34062,Wang,Menglong,王夢龍,Male,29080,NA,cerd,480291
34063,Li,Dading,李大定,Male,NA,NA,cerd,480292
34067,Wang,Mengzhou,王夢周,Male,34068,1916,cerd,480293
34069,Li,Dareng,李大礽,Male,1113,1913,cerd,480294
34072,Li,Dayou,李大有,Male,3739,1892,cerd,480295
34074,Li,Dachun,李大椿,Male,1409,1886,cerd,480296
34075,Wang,Lanxu,王蘭序,Male,1659,1912,cerd,480297
34085,Li,Dasheng,李大聲,Male,427,NA,cerd,480298
34088,Li,Shihao,李士豪,Male,566,1914,cerd,480299
34090,Wang,Maoying,王茂英,Male,16804,1909,cerd,480300
34093,Wang,Baoxian,王葆先,Male,6673,1901,cerd,381679
34100,Pan,Mingxin,潘銘新,Male,1113,1898,cerd,480302
34110,Pan,Shangzhen,潘尚貞,Male,807,1913,cerd,480303
34112,Pan,Hengnan,潘恆楠,Male,553,1913,cerd,480304
34114,Pan,Bingtian,潘炳天,Male,1210,1907,cerd,480305
34116,Pan,Chichang,潘熾昌,Male,3133,NA,cerd,480306
34119,Pan,Huanming,潘煥明,Male,NA,NA,cerd,480307
34121,Pan,Huanlong,潘煥隆,Male,12029,1914,cerd,480308
34124,Pu,Junde,浦峻德,Male,1079,1892,cerd,333048
34134,Wang,Baohe,王葆和,Male,5020,1901,cerd,7965
34139,Pu,Jianxiong,浦劍雄,Male,1113,NA,cerd,480309
34141,Pu,Guangzong,浦光宗,Male,34147,1903,cerd,480310
34145,Wang,Baohua,王葆華,Male,17242,1900,cerd,480311
34155,Shen,Liang,沈亮,Male,2068,1902,cerd,333087
34166,Wang,Baoguang,王葆光,Male,63,1897,cerd,480314
34167,Shen,Liang,沈諒,Male,1604,1911,cerd,480315
34171,Shen,Cheng,沈誠,Male,1604,1906,cerd,480316
34177,Li,Shiqi,李士奇,Male,10295,1911,cerd,480317
34179,Shen,Gao,沈誥,Male,1604,1896,cerd,480318
34180,Li,Shixiong,李士雄,Male,31053,1916,cerd,480319
34186,Shen,Jin,沈晉,Male,8181,1916,cerd,480320
34188,Shen,Long,沈瓏,Male,1079,1917,cerd,480321
34190,Shen,Gong,沈功,Male,2542,1918,cerd,480322
34192,Shen,Huang,沈璜,Male,71,1900,cerd,480323
34195,Li,Guizan,李圭瓚,Male,9613,1894,cerd,480325
34198,Shen,Zan,沈瓚,Male,63,1881,cerd,480326
34201,Shen,Lin,沈琳,Male,553,NA,cerd,480327
34203,Shen,Shao,沈劭,Male,553,1904,cerd,480328
34204,Li,Kuishun,李奎順,Male,11135,1905,cerd,480329
34212,Li,Peiyuan,李培元,Male,877,NA,cerd,480330
34216,Shen,Kun,沈琨,Male,1016,1906,cerd,480331
34218,Shen,Huan,沈環,Male,1100,1916,cerd,480332
34220,Shen,Jing,沈經,Male,684,NA,cerd,480333
34222,Shen,Lun,沈崙,Male,2114,1913,cerd,480334
34223,Li,Peiying,李培瀛,Male,22438,1895,cerd,480336
34226,Shen,Jie,沈傑,Male,1189,NA,cerd,480337
34228,Shen,He,沈和,Male,NA,1900,cerd,480338
34236,Li,Peiji,李培基,Male,965,1913,cerd,480339
34240,Shen,Tong,沈潼,Male,782,1906,cerd,480340
34246,Li,Peicai,李培材,Male,3053,NA,cerd,480341
34248,Li,Peidian,李培典,Male,427,1890,cerd,480342
34250,Li,Peiyang,李培陽,Male,953,1914,cerd,480343
34252,Li,Peijin,李培金,Male,965,1916,cerd,480344
34254,Li,Caibin,李才彬,Male,16624,1896,cerd,480345
34269,Li,Zaixin,李在新,Male,755,1910,cerd,480347
34271,Li,Zaiyu,李在玉,Male,14827,1912,cerd,480348
34273,Li,Kejun,李克峻,Male,1493,1913,cerd,480349
34276,Huang,Yong,黃詠,Male,553,NA,cerd,480350
34278,Huang,Ting,黃珽,Male,20190,NA,cerd,480351
34280,Huang,Qiang,黃強,Male,3265,1914,cerd,192117
34283,Huang,Qiang,黃強,Male,1256,1897,cerd,480352
34285,Huang,Jie,黃傑,Male,34286,1915,cerd,480353
34288,Huang,Zuo,黃作,Male,1748,1904,cerd,480354
34290,Huang,Fu,黃復,Male,950,1912,cerd,480355
34292,Huang,Jian,黃儉,Male,1597,NA,cerd,480356
34294,Huang,Shi,黃適,Male,4977,1904,cerd,480358
34302,Huang,Hong,黃宏,Male,1748,1907,cerd,480359
34310,Huang,Zhan,黃湛,Male,34311,NA,cerd,480360
34313,Huang,Jie,黃潔,Male,877,1902,cerd,480361
34321,Huang,Xiang,黃祥,Male,4977,1900,cerd,480362
34325,Huang,Fen,黃奮,Male,950,1905,cerd,480363
34334,Huang,Ying,黃英,Male,70,1894,cerd,399834
34337,Huang,Quan,黃權,Male,11551,NA,cerd,480364
34340,Huang,Kun,黃坤,Male,1305,1912,cerd,480365
34343,Huang,Chao,黃超,Male,1036,1902,cerd,480366
34351,Huang,Zhong,黃中,Male,45256,1907,cerd,480367
34354,Huang,Su,黃肅,Male,5028,1916,cerd,480369
34356,Huang,Zhen,黃振,Male,879,NA,cerd,480370
34358,Huang,Jing,黃?,Male,556,1918,cerd,480371
34360,Huang,Mei,黃眉,Male,4594,1915,cerd,480372
34362,Huang,Xun,黃巽,Male,449,1891,cerd,17197
34366,Huang,Quan,黃全,Male,4269,1896,cerd,399963
34377,Li,Keqin,李克勤,Male,9552,1909,cerd,480373
34384,Jin,Kexiao,李克孝,Male,80,1898,cerd,480374
34391,Li,Kechang,李克昌,Male,1493,NA,cerd,480375
34393,Li,Keyi,李克義,Male,13681,1905,cerd,480376
34396,Li,Keyu,李克欲,Male,9117,1906,cerd,480377
34399,Li,Xijing,李希靖,Male,522,1908,cerd,480378
34401,Li,Xisheng,李希聖,Male,13846,1911,cerd,480380
34404,Li,Xixiao,李希孝,Male,2728,1912,cerd,480381
34407,Li,Xizhong,李希忠,Male,7331,1912,cerd,480382
34409,Li,Xiji,李希勣,Male,15503,NA,cerd,480383
34411,Li,Xizeng,李希曾,Male,34412,1910,cerd,480384
34414,Li,Youshan,李有山,Male,16224,1915,cerd,480385
34416,Li,Youjin,李有金,Male,8366,1909,cerd,480386
34418,Li,Cunshan,李存善,Male,11962,1913,cerd,480387
34420,Li,Zhiren,李志仁,Male,8341,1898,cerd,480388
34435,Li,Zhiqing,李志青,Male,62,1906,cerd,480389
34441,Li,Zhihui,李志惠,Male,8954,NA,cerd,480391
34443,Li,Zhihui,李志慧,Male,562,1904,cerd,480392
34446,Li,Zhixi,李志熙,Male,1161,1910,cerd,480393
34450,Li,Youguo,李友郭,Male,3053,NA,cerd,480394
34453,Li,Zhixia,李支廈,Male,527,1900,cerd,372811
34459,Li,Jiahe,李嘉禾,Male,1409,1902,cerd,480395
34464,Li,Jiaxiang,李嘉祥,Male,765,NA,cerd,480396
34466,Li,Jiahui,李嘉會,Male,10780,1902,cerd,480397
34480,Li,Jiqing,李吉慶,Male,4079,1906,cerd,480398
34482,Li,Shoukang,李壽康,Male,NA,NA,cerd,480399
34487,Li,Shoupeng,李壽彭,Male,71,1906,cerd,480400
34491,Li,Shouzhi,李壽芝,Male,1682,1908,cerd,480402
34493,Li,Shousong,李壽松,Male,1659,NA,cerd,480403
34496,Li,Shouchang,李壽昌,Male,4802,1916,cerd,480404
34498,Li,Shouheng,李壽恆,Male,1630,1898,cerd,10054
34502,Li,Zhenjie,李真傑,Male,1016,NA,cerd,480405
34504,Li,Senlin,李森林,Male,1359,1900,cerd,480406
34508,Li,Xiecheng,李頡成,Male,1659,1908,cerd,480407
34521,Li,Pengzhou,李彭周,Male,4977,1911,cerd,480408
34523,Li,Jingshu,李荊樹,Male,3750,1904,cerd,480409
34526,Ji,Sida,李斯達,Male,1113,1913,cerd,480410
34528,Li,Shibai,李式白,Male,27487,1898,cerd,480411
34536,Li,Shizhong,李式中,Male,3319,1910,cerd,480413
34540,Li,Ouzhuang,李蕅莊,Female,562,1911,cerd,480414
34543,Li,Fanhua,李藩華,Male,3976,1915,cerd,480415
34546,Li,Menggeng,李夢庚,Male,4816,1909,cerd,480416
34558,Li,Menggeng,李夢庚,Male,3033,1915,cerd,480417
34560,Li,Menggeng,李夢庚,Male,427,1909,cerd,480418
34562,Li,Mengsheng,李夢生,Male,13846,1911,cerd,480419
34564,Li,Fanglian,李芳聯,Male,3857,1900,cerd,480420
34566,Li,Fangzhou,李芳洲,Male,33357,NA,cerd,480421
34568,Li,Fangzhuang,李芳莊,Male,2481,1912,cerd,480422
34569,Na,Jifu,那霽夫,Male,819,1895,cerd,480425
34581,Li,Fanggui,李芳桂,Male,NA,NA,cerd,480426
34585,Li,Fangyuan,李芳園,Male,34586,1911,cerd,480427
34595,Li,Hesheng,李荷生,Male,1079,1908,cerd,480428
34600,Li,Lanxin,李蘭馨,Male,34602,1903,cerd,480429
34601,Si,Ji,司楫,Male,562,1899,cerd,480430
34605,Si,Zhanglu,司彰露,Male,18676,1910,cerd,480431
34607,Si,Kerong,司可榮,Male,4272,NA,cerd,480432
34610,Si,Zihe,司子和,Male,34611,1890,cerd,480433
34628,Si,Yujun,司毓駿,Male,496,NA,cerd,480434
34632,Situ,Yan,司徒衍,Male,1857,NA,cerd,352540
34634,Situ,Zhuo,司徒卓,Male,1857,1913,cerd,401532
34636,Li,Yinshan,李蔭山,Male,10437,1909,cerd,480436
34638,Li,Yinzhi,李蔭之,Male,719,1900,cerd,480437
34650,Li,Yinyuan,李蔭沅,Male,6090,NA,cerd,480438
34652,Li,Yinshen,李蔭深,Male,711,1914,cerd,480439
34654,Li,Yinfen,李蔭枌,Male,1544,1898,cerd,480440
34665,Situ,Jian,司徒健,Male,1857,1912,cerd,480441
34668,Situ,He,司徒和,Male,1857,1887,cerd,480442
34673,Li,Yinzhong,李蔭鍾,Male,34674,NA,cerd,480443
34681,Wang,Zhilan,王芝蘭,Male,15040,1905,cerd,480444
34688,Li,Weisen,李蔚森,Male,9772,1909,cerd,480445
34698,Wang,Yanji,王燕季,Male,63,1907,cerd,480447
34701,Wang,Yanquan,王燕泉,Male,813,1906,cerd,480448
34707,Wang,Ciming,王慈明,Male,2542,1916,cerd,480449
34710,Wang,Maosheng,王懋生,Male,3884,1909,cerd,480450
34721,Li,Chaolei,李朝櫑,Male,3665,1911,cerd,480451
34725,Wang,Maoguan,王懋官,Male,909,1896,cerd,480452
34727,Li,Emei,李娥眉,Male,1817,1898,cerd,480453
34742,Li,Qizong,李起宗,Male,31923,NA,cerd,480454
34744,Li,Chaobei,李超北,Male,34745,1916,cerd,480455
34748,Li,Chaoqun,李超羣,Male,4594,1912,cerd,480456
34750,Li,Chaomin,李超民,Male,4977,1915,cerd,480458
34759,Li,Fengcen,李楓岑,Male,23229,1885,cerd,480459
34769,Li,Tongnian,李桐年,Male,427,1914,cerd,480460
34771,Li,Zengwei,李增偉,Male,NA,NA,cerd,480461
34774,Li,Zengrong,李增榕,Male,19711,1916,cerd,480462
34776,Li,Zengguang,李增光,Male,1682,1908,cerd,480463
34779,Li,Songtang,李松堂,Male,34780,1910,cerd,480464
34782,Li,Meican,李梅燦,Male,1817,1917,cerd,480465
34784,Li,Zhongxiang,李中襄,Male,522,1896,cerd,480466
34786,Li,Zhongxuan,李中軒,Male,14827,1900,cerd,480467
34791,Li,Taijiang,李泰江,Male,459,NA,cerd,480469
34794,Li,Taiguan,李泰觀,Male,2567,1913,cerd,480470
34796,Li,Benli,李本立,Male,34797,1912,cerd,480471
34799,Li,Benwen,李本文,Male,14276,1905,cerd,480472
34807,Li,Zhongfu,李忠孚,Male,13681,1903,cerd,480473
34809,Li,Zhongshu,李忠樞,Male,1664,NA,cerd,480474
34813,Li,Huiting,李惠亭,Male,6678,1914,cerd,480475
34815,Li,Huikang,李惠康,Male,4816,1915,cerd,480476
34818,Li,Huibo,李惠伯,Male,74,1911,cerd,480477
34823,Li,Fengguang,李奉光,Male,13938,1915,cerd,480478
34825,Li,Shushen,李書紳,Male,34827,1910,cerd,480480
34833,Li,Shuduo,李書鐸,Male,63,1902,cerd,480481
34842,Li,Chunyuan,李春元,Male,5186,1916,cerd,480482
34844,Li,Chunfa,李春發,Male,6003,1910,cerd,480483
34847,Li,Chunjun,李春俊,Male,1578,1910,cerd,480484
34849,Li,Chunxiang,李春祥,Male,571,1908,cerd,480485
34851,Li,Chunxuan,李春萱,Male,3672,NA,cerd,480486
34853,Li,Chunquan,李春荃,Male,11031,1909,cerd,480487
34855,Li,Chunfang,李春芳,Male,1356,1905,cerd,480488
34859,Li,Chunsong,李春松,Male,1597,1910,cerd,480489
34861,Li,Chunming,李春明,Male,571,NA,cerd,480491
34874,Li,Chunhui,李春暉,Male,4802,1913,cerd,480492
34876,Wang,Maozhong,王懋中,Male,1664,1899,cerd,480493
34878,Wang,Maozhao,王懋昭,Male,17749,1910,cerd,480494
34880,Wang,Xiaohua,王孝華,Male,1607,1901,cerd,480495
34888,Wang,Xiaokui,王孝?,Male,18552,NA,cerd,480496
34890,Wang,Cuiyuan,王萃元,Male,427,1905,cerd,480497
34895,Wang,Wanshan,王萬善,Male,877,NA,cerd,480498
34897,Wang,Fanyun,王樊鋆,Male,3884,1915,cerd,480499
34899,Wang,Huabin,王華彬,Male,553,1908,cerd,480500
34908,Wang,Huazao,王華藻,Male,1903,1901,cerd,480502
34919,Situ,Yu,司徒穥,Male,1857,NA,cerd,480503
34930,Situ,Hui,司徒惠,Male,NA,NA,cerd,480504
34933,Situ,Bing,司徒炳,Male,1857,1915,cerd,480505
34935,Situ,Bide,司徒彼得,Male,1857,1887,cerd,480506
34938,Shao,Liang,邵良,Male,765,1914,cerd,480507
34940,Shao,Jun,邵濬,Male,NA,NA,cerd,480508
34946,Shao,Zhen,邵振,Male,10082,1900,cerd,480509
34948,Shao,Yufang,邵育芳,Male,15503,1912,cerd,480510
34951,Shao,Guangfan,邵廣藩,Male,27765,1915,cerd,480511
34953,Shao,Yixiang,邵一祥,Male,3199,1910,cerd,480513
34957,Shao,Yuanji,邵元濟,Male,909,1894,cerd,480514
34967,Shao,Yuxiang,邵禹襄,Male,807,1895,cerd,480515
34973,Shao,Deyi,邵德彝,Male,3658,1909,cerd,480516
34978,Shao,Qitang,邵憇棠,Male,15503,NA,cerd,480517
34982,Shao,Chuanyin,邵傳印,Male,9869,1914,cerd,480518
34986,Shao,Xianghua,邵象華,Male,765,1913,cerd,480519
34992,Shao,Fuchen,邵福宸,Male,807,1892,cerd,480520
35002,Shao,Rujuan,邵汝雋,Male,1113,1914,cerd,480521
35004,Shao,Rushan,邵汝山,Male,15503,1911,cerd,480522
35006,Shao,Hongjun,邵鴻鈞,Male,1664,1896,cerd,480524
35012,Shao,Yizhou,邵逸周,Male,10082,1892,cerd,480525
35028,Shao,Zunxian,邵遵賢,Male,553,1916,cerd,480526
35030,Shao,Peizi,邵培梓,Male,6617,1914,cerd,480527
35032,Shao,Bendun,邵本惇,Male,453,1910,cerd,480528
35034,Shao,Jichang,邵基昌,Male,807,1915,cerd,480529
35036,Shao,Yintang,邵蔭棠,Male,1881,1903,cerd,480530
35038,Wang,Huatang,王華棠,Male,25548,1907,cerd,480531
35050,Wang,Qimou,王耆謀,Male,553,1911,cerd,480532
35052,Wang,Ruoxi,王若僖,Male,9592,1896,cerd,191977
35066,Wang,Shixiang,王世庠,Male,3935,1896,cerd,480533
35077,Wang,Shixin,王世新,Male,3839,1905,cerd,480536
35084,Wang,Shiyuan,王世瑗,Male,427,1909,cerd,480537
35086,Wang,Shiqiang,王世瑲,Male,2625,1913,cerd,480538
35089,Wang,Shixiong,王世熊,Male,427,1910,cerd,480539
35092,Wang,Shifeng,王世豐,Male,72,1912,cerd,480540
35095,Wang,Shijie,王世傑,Male,607,1898,cerd,480541
35106,Wang,Shiji,王世濟,Male,1664,1893,cerd,480542
35110,Wang,Shida,王世達,Male,553,1896,cerd,480543
35112,Wang,Shiqing,王世清,Male,4759,NA,cerd,480544
35115,Wang,Shilu,王世祿,Male,4802,1912,cerd,480545
35119,Wang,Shiyu,王世堉,Male,61,NA,cerd,480547
35121,Wang,Shizhen,王世楨,Male,765,1904,cerd,480548
35125,Shao,Qizhao,邵其照,Male,3608,1912,cerd,480549
35126,Shen,Chao,沈超,Male,1409,NA,cerd,480550
35130,Shao,Laimao,邵來茂,Male,6617,1911,cerd,480551
35137,Shen,Dengsi,沈登斯,Male,2068,1898,cerd,480552
35151,Shen,Chang,沈昌,Male,NA,1906,cerd,480553
35154,Shen,Chang,沈昌,Male,2641,1901,cerd,480554
35164,Shen,Xue,沈學,Male,90,1906,cerd,480555
35172,Shen,Xiao,沈斅,Male,1544,1916,cerd,480556
35174,Shen,Yi,沈怡,Male,1604,1901,cerd,263
35178,Shao,Zhenkun,邵振坤,Male,35143,1908,cerd,480558
35181,Shao,Chengren,邵成仁,Male,427,1904,cerd,480559
35193,Shao,Jingfu,邵景福,Male,NA,NA,cerd,480560
35195,Shao,Changju,邵長聚,Male,27765,1916,cerd,480561
35197,Shao,Danqing,邵丹卿,Male,1664,1916,cerd,480562
35199,Shen,Kai,沈楷,Male,607,1901,cerd,480563
35202,Shen,Lizhong,沈立中,Male,1113,1903,cerd,480564
35209,Shen,Qingyuan,沈慶源,Male,807,1909,cerd,480565
35212,Shen,Qingzeng,沈慶增,Male,909,1909,cerd,480566
35214,Shen,Wenyu,沈文瑜,Male,427,1914,cerd,480567
35216,Shen,Wenying,沈文瀛,Male,1544,NA,cerd,480569
35218,Shen,Wensi,沈文泗,Male,1544,1902,cerd,480570
35222,Shen,Wenhan,沈文翰,Male,427,1893,cerd,480571
35228,Shen,Xinxiang,沈新祥,Male,10082,1917,cerd,480572
35230,Shen,Xinming,沈新銘,Male,1100,1903,cerd,480573
35232,Shen,Yiyi,沈一懿,Female,765,1910,cerd,480574
35234,Shen,Yiming,沈一鳴,Male,1079,NA,cerd,480575
35236,Shen,Sanduo,沈三多,Male,1189,1905,cerd,480576
35243,Shen,Yuanliang,沈元良,Male,NA,NA,cerd,480577
35245,Shen,Bingxian,沈丙憲,Male,1643,1913,cerd,480578
35247,Shen,Eryi,沈爾益,Male,1189,NA,cerd,480580
35249,Shen,Tianji,沈天驥,Male,2146,1915,cerd,480581
35251,Shen,Shilin,沈石麟,Male,877,1901,cerd,480582
35253,Shen,Baixian,沈百先,Male,1113,1896,cerd,480583
35265,Shen,Zhenhu,沈震鵠,Male,342,NA,cerd,480584
35268,Shen,Shiling,沈示靈,Male,1434,1901,cerd,333089
35273,Shen,Yaoying,沈瑤英,Male,1604,1912,cerd,333091
35276,Shen,Lianxin,沈聯新,Male,819,1909,cerd,480586
35279,Shen,Hongyi,沈弘毅,Male,4371,NA,cerd,480587
35281,Shen,Yanze,沈延澤,Male,449,1913,cerd,480588
35283,Shen,Jinfang,沈瑾芳,Male,23508,1910,cerd,480589
35287,Shen,Jiandou,沈建斗,Male,11289,1912,cerd,480591
35289,Shen,Qiongfang,沈瓊芳,Male,23508,1904,cerd,480592
35295,Shen,Naibin,沈乃斌,Male,1604,1915,cerd,480593
35297,Shen,Naiqin,沈乃芹,Male,950,1912,cerd,480594
35302,Shen,Naijing,沈乃菁,Male,950,1908,cerd,333088
35311,Shen,Naijun,沈乃鈞,Male,1100,NA,cerd,480595
35314,Shen,Zhengxiu,沈政修,Male,1113,NA,cerd,480596
35316,Shen,Linshuang,沈璘雙,Male,NA,NA,cerd,480597
35318,Shen,Jineng,沈季能,Male,2542,1918,cerd,480598
35320,Shen,Jiliang,沈季良,Male,1079,1915,cerd,480599
35324,Shen,Yuji,沈禹跡,Male,71,1916,cerd,480600
35326,Shen,Binglu,沈秉魯,Male,965,1908,cerd,480602
35333,Shen,Weilai,沈維來,Male,2542,NA,cerd,480603
35336,Shen,Weiji,沈維基,Male,553,1917,cerd,480604
35338,Huang,Yi,黃義,Male,6961,1911,cerd,480605
35339,Shen,Yanji,沈衍基,Male,1604,1912,cerd,480606
35345,Huang,Zhi,黃智,Male,449,1915,cerd,480607
35346,Shen,Rensheng,沈仁聲,Male,31713,1910,cerd,480608
35348,Huang,Liu,黃鏐,Male,553,1895,cerd,480609
35354,Huang,Rui,黃銳,Male,449,1915,cerd,480610
35356,Huang,Min,黃敏,Male,3323,1916,cerd,480611
35357,Shen,Ruhong,沈儒鴻,Male,1926,1915,cerd,480613
35360,Huang,Yan,黃炎,Male,1259,1893,cerd,480614
35361,Shen,Xiongqing,沈熊慶,Male,877,1903,cerd,7758
35366,Huang,Hui,黃煇,Male,18258,1903,cerd,480615
35391,Huang,Yanchao,黃彥超,Male,553,1888,cerd,480616
35405,Huang,Xuru,黃序儒,Male,388,1911,cerd,480617
35407,Huang,Xuguan,黃序觀,Male,388,NA,cerd,480618
35413,Huang,Xuzhou,黃序周,Male,388,1896,cerd,399231
35425,Huang,Xiyao,黃席堯,Male,3265,1909,cerd,480619
35428,Huang,Xichun,黃席椿,Male,3265,1913,cerd,194275
35432,Huang,Yuxian,黃育賢,Male,13183,1903,cerd,480620
35439,Huang,Yingzhong,黃應鐘,Male,1604,NA,cerd,480621
35441,Huang,Qingxin,黃慶新,Male,350,NA,cerd,480622
35443,Huang,Qingyi,黃慶沂,Male,5291,1896,cerd,480624
35455,Huang,Qinglu,黃慶祿,Male,7956,1907,cerd,480625
35459,Huang,Qingjia,黃慶嘉,Male,1189,1897,cerd,480626
35461,Huang,Qingci,黃慶慈,Male,35462,1891,cerd,480627
35469,Huang,Qingyu,黃慶餘,Male,1189,NA,cerd,480628
35471,Huang,Tingzhen,黃庭蓁,Male,4977,1911,cerd,480629
35473,Huang,Guangfu,黃廣富,Male,1210,1911,cerd,480630
35478,Huang,Wenhua,黃文化,Male,719,NA,cerd,480631
35482,Huang,Wenzhi,黃文治,Male,2114,1912,cerd,480632
35487,Huang,Wenhai,黃文海,Male,3608,1916,cerd,480633
35489,Huang,Wenxi,黃文熙,Male,1100,1910,cerd,9152
35495,Huang,Wenwei,黃文煒,Male,4977,1904,cerd,480635
35501,Huang,Zhangbin,黃章斌,Male,3608,1909,cerd,480636
35505,Huang,Liuyi,黃六一,Male,459,NA,cerd,480637
35508,Huang,Jingqun,黃京羣,Male,1857,NA,cerd,480638
35513,Huang,Longwen,黃龍文,Male,965,1911,cerd,480639
35516,Huang,Longxiang,黃龍驤,Male,1415,1901,cerd,480640
35520,Huang,Zhangren,黃彰任,Male,5073,1916,cerd,480641
35522,Huang,Moufang,黃謀芳,Male,3730,1910,cerd,480642
35527,Huang,Dunci,黃敦慈,Male,1490,1894,cerd,480643
35535,Huang,Qianyi,黃謙益,Male,NA,1895,cerd,480644
35548,Huang,Zhengyan,黃正彥,Male,9282,1915,cerd,480647
35550,Huang,Yuhang,黃玉珩,Male,28259,1906,cerd,332765
35553,Huang,Yushan,黃玉珊,Male,90,1918,cerd,480648
35556,Huang,Yuyu,黃玉瑜,Male,74,1904,cerd,480649
35561,Huang,Yungguang,黃雲光,Male,5118,1912,cerd,480650
35563,Huang,Lijin,黃麗金,Male,1256,NA,cerd,480651
35565,Huang,Seruo,黃瑟若,Male,1189,1910,cerd,480652
35571,Huang,Ruifa,黃瑞發,Male,1817,1907,cerd,480653
35575,Huang,Fayao,黃發瑤,Male,1857,1914,cerd,480654
35577,Huang,Yankang,黃延康,Male,566,NA,cerd,480655
35579,Huang,Yanyu,黃延豫,Male,11393,1911,cerd,480656
35585,Huang,Jianzhang,黃建章,Male,2985,1897,cerd,480658
35590,Huang,Jianping,黃建平,Male,NA,NA,cerd,480659
35592,Huang,Jianchu,黃建初,Male,71,1899,cerd,480660
35601,Huang,Libai,黃理白,Male,11522,1916,cerd,480661
35603,Huang,Dengying,黃登瀛,Male,3036,1913,cerd,480662
35605,Huang,Yuji,黃羽吉,Male,1664,1911,cerd,480663
35607,Huang,Gongbai,黃弓百,Male,7900,NA,cerd,480664
35611,Wang,Shiqi,王世圻,Male,553,1903,cerd,192091
35625,Wang,Shilin,王世林,Male,866,1913,cerd,480665
35627,Wang,Shiwei,王世威,Male,553,1915,cerd,480666
35629,Wang,Shiqi,王世騏,Male,1664,1911,cerd,480667
35634,Wang,Shiliu,王世鏐,Male,61,NA,cerd,480669
35636,Wang,Shiquan,王世銓,Male,9613,NA,cerd,480670
35638,Wang,Qichang,王其昌,Male,819,1914,cerd,480671
35640,Wang,Qijun,王其駿,Male,719,1885,cerd,480672
35645,Wang,Chuchi,王楚熾,Male,29080,1913,cerd,480673
35647,Wang,Shuzhang,王澍章,Male,4759,NA,cerd,480674
35649,Wang,Shufang,王樹枋,Male,19830,1904,cerd,480675
35654,Wang,Shuzi,王樹梓,Male,15403,1918,cerd,480676
35656,Wang,Shuzhen,王樹楨,Male,1364,1897,cerd,480677
35658,Wang,Shufang,王樹芳,Male,755,1905,cerd,480678
35664,Shao,Xingyuan,邵興園,Male,511,NA,cerd,480680
35666,Shao,Yuxiu,邵毓秀,Male,1597,1912,cerd,480681
35669,Shao,Yuhan,邵毓涵,Male,1597,1910,cerd,480682
35671,Shao,Shanchang,邵善閶,Male,NA,NA,cerd,480683
35673,Shao,Guangmo,邵光謨,Male,8174,1908,cerd,480684
35676,Geng,Cheng,耿承,Male,877,NA,cerd,480685
35687,Geng,Li,耿勵,Male,1903,NA,cerd,480686
35689,Geng,Jie,耿介,Male,10199,1913,cerd,480687
35691,Geng,Tiaoyuan,耿調元,Male,1903,NA,cerd,480688
35695,Geng,Yunmo,耿雲模,Male,4394,1906,cerd,480689
35697,Geng,Linsheng,耿霖生,Male,35698,1909,cerd,480691
35700,Geng,Ruizhi,耿瑞芝,Male,63,1880,cerd,480692
35703,Geng,Zhenli,耿臻禮,Male,2797,NA,cerd,480693
35705,Li,Maotang,李茂唐,Male,17072,1900,cerd,480694
35707,Li,Maohua,李茂華,Male,2071,1908,cerd,480695
35711,Li,Baofa,李葆發,Male,1618,1903,cerd,480696
35725,Li,Baohe,李葆和,Male,11115,1899,cerd,480697
35735,Li,Baolin,李葆林,Male,956,NA,cerd,480698
35740,Li,Baohou,李葆厚,Male,1016,1916,cerd,480699
35742,Li,Gong'an,李恭安,Male,19830,1901,cerd,480700
35744,Li,Maoxiu,李懋修,Male,556,1916,cerd,480702
35748,Li,Yanyun,李燕雲,Male,6439,1910,cerd,480703
35753,Li,Bifen,李苾芬,Male,18676,1914,cerd,480704
35757,Li,Musu,李慕蘇,Male,27436,1916,cerd,480705
35759,Li,Muhan,李慕韓,Male,4816,1909,cerd,480706
35764,Li,Munan,李慕楠,Male,522,1902,cerd,480707
35770,Li,Shentian,李莘田,Male,2422,1910,cerd,480708
35772,Li,Fanguan,李樊觀,Male,965,1909,cerd,480709
35775,Li,Huashan,李華山,Male,2797,1904,cerd,480710
35780,Li,Huajin,李華搢,Male,67,1883,cerd,193380
35784,Li,Yingzheng,李英徵,Male,12029,1902,cerd,480711
35786,Li,Yinghao,李英灝,Male,1161,1914,cerd,480713
35788,Li,Yingcai,李英才,Male,4394,1910,cerd,480714
35790,Li,Yingbiao,李英標,Male,31576,1890,cerd,332859
35805,Li,Yingmin,李英民,Male,11993,1908,cerd,480715
35807,Li,Fanxi,李蕃熙,Male,1004,1895,cerd,480716
35814,Li,Aifen,李藹芬,Male,13846,1911,cerd,480717
35816,Li,Shilie,李世烈,Male,4042,1907,cerd,480718
35818,Li,Shiqiong,李世瓊,Male,26308,1890,cerd,371828
35824,Li,Shijun,李世俊,Male,566,NA,cerd,480719
35828,Li,Shiwei,李世緯,Male,35829,1912,cerd,480720
35831,Li,Shipu,李世溥,Male,1903,NA,cerd,480721
35833,Li,Shihong,李世洪,Male,1903,NA,cerd,480722
35836,Li,Shixiong,李世雄,Male,7356,1900,cerd,16931
35846,Li,Shifang,李世芳,Male,1364,NA,cerd,480724
35848,Li,Shichang,李世昌,Male,562,1908,cerd,480725
35851,Li,Shiduo,李世鐸,Male,4042,1907,cerd,480726
35855,Li,Shirong,李世榮,Male,1993,1916,cerd,480727
35857,Li,Qisu,李其蘇,Male,571,1895,cerd,17122
35872,Li,Chubai,李楚白,Male,2780,1915,cerd,480728
35874,Li,Shulian,李樹璉,Male,1434,1891,cerd,480729
35885,Li,Shude,李樹德,Male,1770,1909,cerd,480730
35889,Li,Shuwei,李樹偉,Male,18580,1900,cerd,480731
35891,Li,Shukai,李樹凱,Male,18580,1909,cerd,480732
35895,Li,Shuqi,李樹奇,Male,18580,1901,cerd,480733
35897,Li,Shupu,李樹樸,Male,18580,1910,cerd,480735
35899,Li,Shucheng,李樹城,Male,NA,NA,cerd,480736
35901,Li,Shuchun,李樹椿,Male,35902,1890,cerd,480737
35908,Li,Shuxun,李樹勛,Male,6296,1913,cerd,480738
35911,Li,Shupeng,李樹鵬,Male,35912,1916,cerd,480739
35914,Li,Shutang,李樹棠,Male,7055,1912,cerd,480740
35919,Li,Shurong,李樹榮,Male,34602,1907,cerd,480741
35921,Li,Guiyuan,李桂元,Male,511,1907,cerd,480742
35923,Li,Guijin,李桂錦,Male,556,NA,cerd,480743
35925,Li,Quanheng,李權亨,Male,3608,1896,cerd,480744
35928,Li,Zhixun,李植勳,Male,13938,NA,cerd,480746
35930,Li,Zhiji,李植基,Male,402,NA,cerd,480747
35932,Li,Zhiyang,李植陽,Male,590,NA,cerd,480748
35934,Li,Yunzhi,李蘊之,Male,719,1910,cerd,480749
35939,Li,Yunzi,李蘊滋,Male,14301,1912,cerd,480750
35942,Li,Yunfang,李蘊芳,Male,5332,1900,cerd,480751
35946,Li,Zhihong,李枝洪,Male,35947,NA,cerd,480752
35952,Geng,Bingzhang,耿秉璋,Male,711,1898,cerd,480753
35955,Li,Linsen,李林森,Male,11516,1899,cerd,480754
35962,Li,Kunxiu,李坤秀,Female,14954,1916,cerd,480755
35965,Li,Qifeng,李棲鳳,Male,28803,1910,cerd,480759
35969,Li,Chunfang,李椿芳,Male,77,1898,cerd,480760
35974,Li,Shuchen,李恕臣,Male,4394,1914,cerd,480761
35976,Li,Ruhang,李如沆,Male,522,1907,cerd,372335
35979,Li,Runan,李如南,Male,2542,1915,cerd,480762
35981,Li,Ruliang,李如樑,Male,4977,1901,cerd,480763
35986,Geng,Buchan,耿步蟾,Male,7911,1885,cerd,480764
35991,Li,Boling,李柏齡,Male,410,1906,cerd,480765
35998,Li,Bohua,李柏活,Male,4977,1912,cerd,480766
36003,Li,Junping,李均平,Male,36004,1912,cerd,480767
36008,Li,Yuming,李郁明,Male,524,1907,cerd,480768
36015,Li,Yurong,李郁榮,Male,2780,1905,cerd,7438
36019,Li,Heling,李鶴齡,Male,1993,1916,cerd,480770
36021,Li,Chuntang,李春棠,Male,10295,1907,cerd,480771
36023,Li,Dongchang,李東昌,Male,1659,NA,cerd,480772
36026,Li,Zhenyu,李振玉,Male,2790,1909,cerd,480773
36033,Li,Zhending,李振鼎,Male,618,1902,cerd,480774
36037,Qiu,Du,裘度,Male,1259,1907,cerd,480775
36042,Li,Zhenquan,李振泉,Male,11200,1902,cerd,480776
36044,Qiu,Shi,裘軾,Male,7718,1912,cerd,480777
36047,Qiu,Rong,裘榮,Male,1259,1898,cerd,480778
36048,Li,Zhengang,李振綱,Male,12029,1891,cerd,480779
36051,Li,Zhenhua,李振華,Male,3750,1910,cerd,480781
36054,Qiu,Kongyin,裘孔殷,Male,1259,NA,cerd,480782
36061,Li,Zhensheng,李振聲,Male,36062,1903,cerd,480783
36063,Qiu,Jian'e,裘建諤,Male,1259,1891,cerd,480784
36070,Li,Zhenwei,李振威,Male,1748,1916,cerd,480785
36074,Li,Zhenguo,李振國,Male,NA,NA,cerd,480786
36078,Li,Tingfen,李挺芬,Male,8163,1911,cerd,480787
36081,Li,Furen,李輔仁,Male,36082,NA,cerd,480788
36086,Li,Shenghan,李盛漢,Male,3730,1914,cerd,480789
36088,Li,Chengxin,李成信,Male,36089,1916,cerd,480790
36091,Li,Chengshan,李成山,Male,8202,1914,cerd,480792
36093,Li,Chengcun,李成村,Male,819,1905,cerd,480793
36095,Li,Fuben,李扶本,Male,1659,1910,cerd,480794
36097,Li,Zesheng,李擇生,Male,3730,1904,cerd,480795
36106,Li,Jixiang,李輯祥,Male,2596,1903,cerd,480796
36118,Li,Banghua,李邦華,Male,10780,1911,cerd,480797
36122,Li,Banghan,李邦翰,Male,427,1897,cerd,480798
36124,Li,Rixin,李日新,Male,1126,NA,cerd,480799
36126,Li,Guoyan,李國彥,Male,1604,1909,cerd,480800
36129,Li,Guohao,李國豪,Male,566,1913,cerd,14191
36132,Li,Guoqiu,李國璆,Male,2780,1915,cerd,480801
36134,Li,Guozhen,李國珍,Male,15403,1907,cerd,480803
36137,Li,Guowei,李國偉,Male,3042,1913,cerd,480804
36139,Li,Guoxiang,李國香,Male,1659,1915,cerd,480805
36141,Li,Guojie,李國傑,Male,1511,1911,cerd,480806
36143,Li,Guowei,李國緯,Male,590,NA,cerd,480807
36145,Li,Guojian,李國肩,Male,2780,1912,cerd,480808
36147,Li,Guoliang,李國良,Male,4977,1915,cerd,10046
36149,Li,Guobao,李國寶,Male,644,NA,cerd,480809
36151,Li,Guozhen,李國楨,Male,2429,NA,cerd,480810
36155,Li,Guozhen,李國楨,Male,877,1914,cerd,372191
36157,Li,Guoliang,李國樑,Male,717,1907,cerd,480811
36168,Li,Guohua,李國華,Male,965,1916,cerd,480812
36170,Li,Guodong,李國棟,Male,31731,NA,cerd,480814
36178,Li,Guojie,李國傑,Male,4186,1912,cerd,480815
36180,Li,Guoqin,李國欽,Male,590,1892,cerd,193458
36196,Li,Siwei,李思霨,Male,4449,1906,cerd,480816
36198,Li,Sijing,李思敬,Male,36199,1900,cerd,372671
36210,Li,Siluan,李思鑾,Male,3608,1912,cerd,480817
36212,Li,Enliang,李恩良,Male,4977,1913,cerd,480818
36214,Li,Entan,李恩潭,Male,2884,1908,cerd,480819
36216,Li,Entao,李恩濤,Male,1573,NA,cerd,480820
36218,Li,Enzi,李恩滋,Male,14301,1910,cerd,480821
36220,Li,Enxiang,李恩祥,Male,566,1914,cerd,480822
36224,Li,Tianlu,李田璐,Male,10437,NA,cerd,480823
36226,Li,Shenghao,李昇,Male,553,1893,cerd,480825
36230,Li,Jialin,李甲林,Male,511,1908,cerd,480826
36232,Li,Changguang,李昌廣,Male,558,1902,cerd,480827
36234,Li,Changwen,李昌文,Male,1779,1906,cerd,480828
36239,Li,Changlie,李昌烈,Male,1903,1908,cerd,480829
36247,Li,Changli,李昌利,Male,1004,NA,cerd,480830
36249,Li,Changyuan,李昌源,Male,3319,1906,cerd,480831
36252,Li,Changtong,李昌通,Male,NA,NA,cerd,480832
36254,Li,Changtu,李昌圖,Male,21333,NA,cerd,480833
36257,Li,Changyu,李昌輿,Male,12014,1914,cerd,480834
36259,Li,Changchi,李昌熾,Male,3319,1911,cerd,480836
36261,Li,Guyuan,李固垣,Male,25625,1908,cerd,480837
36266,Li,Guzhi,李固枝,Male,2780,1906,cerd,480838
36279,Li,Guoneng,李果能,Male,3730,1901,cerd,480839
36287,Li,Jingtang,李景唐,Male,9692,1911,cerd,480840
36291,Li,Jingfen,李景汾,Male,590,1910,cerd,332831
36297,Li,Jinghang,李景沆,Male,1556,1915,cerd,480841
36299,Li,Jinghao,李景灝,Male,566,NA,cerd,480842
36301,Li,Jinglu,李景潞,Male,590,1904,cerd,480843
36310,Li,Zezeng,李則曾,Male,NA,NA,cerd,480844
36312,Li,Fudu,李賦都,Male,78,1906,cerd,192287
36315,Li,Yimou,李貽謀,Male,36316,1909,cerd,480845
36320,Li,Yitang,李貽棠,Male,20513,1913,cerd,480847
36322,Li,Shiqing,李時清,Male,566,1908,cerd,480848
36334,Li,Shimin,李時敏,Male,2253,1906,cerd,480849
36339,Li,Yingtang,李映棠,Male,10730,1910,cerd,480850
36342,Li,Mingquan,李明權,Male,1305,1908,cerd,480851
36345,Li,Mingjun,李明鈞,Male,28099,1914,cerd,480852
36347,Li,Mingcan,李明燦,Male,1002,1903,cerd,480853
36356,Li,Mingfeng,李鳴鳳,Male,3901,1910,cerd,480854
36358,Li,Minghe,李鳴龢,Male,1636,NA,cerd,480855
36361,Shen,Zhuomin,沈卓民,Male,942,1896,cerd,480856
36365,Shen,Dingsan,沈鼎三,Male,2542,1910,cerd,480858
36369,Shen,Chonghui,沈崇誨,Male,1881,1911,cerd,480859
36372,Shen,Canhuang,沈參璜,Male,1544,1913,cerd,480860
36374,Shen,Huakui,沈化夔,Male,2625,1885,cerd,378146
36381,Shen,Decheng,沈德檉,Male,8262,1915,cerd,480861
36383,Shen,Chuanliang,沈傳良,Male,903,1913,cerd,480862
36386,Shen,Zuozhu,沈作柱,Male,36387,1911,cerd,480863
36389,Shen,Conglong,沈從龍,Male,71,1914,cerd,480864
36393,Shen,Yichun,沈宜春,Female,15471,1912,cerd,480865
36398,Wang,Shufang,王樹芳,Male,1113,1902,cerd,381042
36402,Shen,Ji'an,沈濟安,Male,965,1910,cerd,480866
36414,Shen,Peiyuan,沈沛元,Male,6617,1911,cerd,480867
36416,Wang,Shufen,王樹棻,Male,15403,1910,cerd,480870
36423,Wang,Shuhuai,王樹槐,Male,2857,1916,cerd,480871
36425,Shen,Peiru,沈沛如,Male,1036,NA,cerd,480872
36427,Wang,Chutang,王樹棠,Male,19830,1903,cerd,480873
36428,Shen,Jiazhen,沈家楨,Male,909,1913,cerd,480874
36434,Wang,Shuchen,王樹忱,Male,4314,NA,cerd,480875
36438,Wang,Yeqi,王葉祺,Male,NA,NA,cerd,480876
36440,Wang,Guiting,王桂亭,Male,1659,1914,cerd,480877
36442,Wang,Guifa,王桂發,Male,4759,NA,cerd,480878
36445,Shen,Jiazhen,沈家楨,Male,562,NA,cerd,480879
36449,Wang,Guixin,王桂心,Male,NA,NA,cerd,480881
36454,Wang,Zhihuai,王植槐,Male,90,NA,cerd,480882
36469,Shen,Jiashen,沈家莘,Male,2068,NA,cerd,480883
36472,Shen,Jiaxi,沈家錫,Male,1079,1911,cerd,480884
36478,Shen,Lianghua,沈良驊,Male,10904,1895,cerd,480885
36483,Shen,Baoqi,沈寶麒,Male,449,1917,cerd,480886
36485,Wang,Yunpu,王蘊璞,Male,2481,1905,cerd,480887
36489,Wang,Dongcheng,王棟成,Male,7094,NA,cerd,480888
36491,Wang,Xuying,王旭瀛,Male,33369,NA,cerd,480889
36493,Wang,Xudong,王旭東,Male,1100,1916,cerd,480890
36495,Wang,Guanbai,王觀白,Male,21333,1912,cerd,480892
36497,Wang,Bonian,王柏年,Male,1643,1901,cerd,480893
36511,Wang,Xiangxuan,王相宣,Male,4449,1909,cerd,480894
36514,Wang,Huaiqing,王槐清,Male,34797,1914,cerd,480895
36516,Wang,Yuwen,王郁文,Male,4407,1912,cerd,480896
36518,Wang,Heting,王鶴亭,Male,1016,1913,cerd,480897
36521,Wang,Shenghao,王聲灝,Male,1256,1900,cerd,480898
36524,Wang,Shenghan,王聲漢,Male,1189,1890,cerd,480899
36529,Wang,Chaozuo,王朝佐,Male,1659,1901,cerd,480900
36542,Wang,Chaowei,王朝偉,Male,1618,1915,cerd,480901
36544,Wang,Chaolin,王朝林,Male,24183,1911,cerd,480903
36549,Wang,Chaosheng,王朝陞,Male,6169,1902,cerd,480904
36551,Wang,Chaoyang,王朝陽,Male,1079,1908,cerd,480905
36554,Wang,Xinwu,王馨吾,Male,36555,1906,cerd,480906
36558,Wang,Xinyi,王馨逸,Male,71,1903,cerd,480907
36565,Wang,Chaozhan,王超枬,Male,553,NA,cerd,480908
36568,Qiu,Xianghua,裘香華,Male,1259,1907,cerd,480909
36571,Qiu,Weiyu,裘維裕,Male,1664,NA,cerd,192927
36578,Qiu,Weiying,裘維瑩,Male,1664,1891,cerd,480910
36583,Qiu,Xianzun,裘獻尊,Male,1076,1902,cerd,480911
36589,You,Jingyuan,尤經遠,Male,34643,1917,cerd,480912
36592,You,Jiazhang,尤佳章,Male,1079,1902,cerd,480914
36600,You,Dezi,尤德梓,Male,553,1911,cerd,480915
36602,You,Yinzhao,尤寅照,Male,1664,1898,cerd,480916
36621,Shen,Baolin,沈寶麟,Male,449,1918,cerd,480917
36623,Shen,Baozhang,沈寶璋,Male,1604,1898,cerd,480918
36630,Shen,Baoluan,沈寶鑾,Male,NA,NA,cerd,480919
36632,Shen,Baoquan,沈寶荃,Male,877,1902,cerd,480920
36636,Shen,Baokui,沈寶夔,Male,877,1906,cerd,325604
36641,Shen,Baoshu,沈寶書,Male,1292,1912,cerd,480922
36643,Shen,Muzeng,沈慕曾,Male,909,NA,cerd,480923
36645,Shen,Zongyi,沈宗毅,Male,9592,1899,cerd,480925
36657,Shen,Zonghan,沈宗漢,Male,2641,1888,cerd,480926
36671,Wang,Chaoren,王超人,Male,9801,1900,cerd,480927
36679,Wang,Xudong,王栩東,Male,12808,1914,cerd,480928
36681,Wang,Hanchen,王翰辰,Male,719,1896,cerd,480929
36687,Wang,Jingli,王敬立,Male,1779,1911,cerd,480930
36695,Wang,Jingyi,王敬一,Male,9117,1891,cerd,480931
36697,Wang,Songzhen,王松楨,Male,1042,1904,cerd,480932
36710,Wang,Zhongzheng,王中正,Male,4759,1914,cerd,480933
36712,Wang,Zhongya,王中亞,Male,2076,1908,cerd,480934
36717,Wang,Taichun,王泰春,Male,819,1912,cerd,480936
36719,Wang,Taiming,王泰明,Male,558,1911,cerd,480937
36722,Wang,Qinge,王靑娥,Female,3189,1916,cerd,480938
36724,Wang,Qingying,王靑英,Male,4079,NA,cerd,480939
36726,Wang,Suruo,王肅若,Male,7718,NA,cerd,480940
36728,Wang,Huikang,王惠康,Male,76,1895,cerd,480941
36732,Wang,Huiying,王惠英,Female,1636,1911,cerd,480942
36734,Wang,Zhonghan,王忠漢,Male,2435,1911,cerd,480943
36740,You,Xunzhao,尤巽照,Male,1664,1902,cerd,480944
36746,You,Jizhao,尤箕照,Male,1664,1910,cerd,480945
36749,Jin,Peng,靳朋,Male,590,1917,cerd,480947
36752,Jin,Ruifang,靳瑞芳,Male,19837,NA,cerd,480948
36754,Jin,Depei,靳德沛,Male,3642,1909,cerd,480949
36757,Jin,Keqin,靳克勤,Male,2438,1915,cerd,480950
36759,Jin,Shuliang,靳樹梁,Male,11200,NA,cerd,480951
36768,Jin,Chenglin,靳成麟,Male,813,1910,cerd,480952
36771,Jin,Pengzhang,靳捧章,Male,34602,1900,cerd,480953
36773,Jin,Xueshu,靳學書,Male,427,1907,cerd,480954
36776,Jin,Xigeng,靳錫庚,Male,28826,1907,cerd,480955
36785,You,Ruilin,尤瑞霖,Male,4627,1910,cerd,480956
36788,You,Yizhao,尤乙照,Male,1664,1888,cerd,480958
36800,Yao,Chang'an,姚長安,Male,71,1899,cerd,480959
36804,Wang,Zhongliang,王忠梁,Male,522,1916,cerd,480960
36806,Wang,Zoukai,王奏凱,Male,10761,1911,cerd,480961
36808,Wang,Shutian,王書田,Male,36810,NA,cerd,480962
36812,Wang,Chunli,王春立,Male,29187,1903,cerd,480963
36814,Wang,Chunyuan,王春元,Male,719,NA,cerd,480964
36817,Wang,Chunlin,王春霖,Male,22894,1909,cerd,480965
36823,Wang,Chunying,王春頴,Male,765,NA,cerd,480966
36825,Wang,Chunhai,王春海,Male,9432,1902,cerd,480967
36827,Wang,Guibin,王貴斌,Male,12014,1911,cerd,480969
36829,Wang,Dongjiang,王東江,Male,841,1912,cerd,480970
36831,Wang,Donglin,王東林,Male,10928,1912,cerd,480971
36833,Wang,Zhenxun,王振勳,Male,76,1887,cerd,380724
36836,Wang,Zhenchun,王振淳,Male,1120,NA,cerd,480972
36838,Wang,Zhenyu,王振宇,Male,13941,1895,cerd,480973
36847,Wang,Zhenxiang,王振祥,Male,877,1902,cerd,480974
36856,Wang,Zhensheng,王振聲,Male,24071,1910,cerd,480975
36858,Wang,Zhenqing,王振靑,Male,9592,1907,cerd,480976
36861,Wang,Zhenkai,王振鎧,Male,427,1895,cerd,480977
36864,Wang,Zhenxian,王振先,Male,36865,1918,cerd,480978
36867,Wang,Kuiyi,王揆一,Male,1573,1906,cerd,480981
36874,Wang,Jingzhai,王靜齋,Male,5287,1897,cerd,480982
36883,Shen,Zongji,沈宗基,Male,1604,1904,cerd,480983
36889,Shen,Zongkuo,沈宗括,Male,1256,1897,cerd,480984
36892,Shen,Fuhai,沈福海,Male,1079,1880,cerd,480985
36912,Shen,Yuanru,沈淵儒,Male,1604,1896,cerd,480986
36921,Shen,Zhaolin,沈兆麟,Male,1544,1918,cerd,480987
36923,Shen,Dasan,沈達三,Male,3435,1896,cerd,480988
36934,Shen,Jianxi,沈澗溪,Male,71,1907,cerd,480989
36937,Shen,Zuheng,沈祖衡,Male,1643,1898,cerd,480990
36946,Shen,Zuxin,沈祖忻,Male,1113,1911,cerd,480992
36948,Shen,Xianglin,沈祥霖,Male,965,1917,cerd,480993
36950,Shen,Xianghu,沈祥虎,Male,449,1893,cerd,378394
36963,Shen,Zhaoyuan,沈肇淵,Male,1113,1900,cerd,480994
36967,Shen,Zhaoxi,沈肇熙,Male,23508,1914,cerd,480995
36969,Shen,Zhaobing,沈肇炳,Male,15471,1912,cerd,480996
36972,Shen,Xiongcai,沈雄才,Male,1189,NA,cerd,480997
36974,Shen,Youming,沈友銘,Male,23403,1900,cerd,480998
36981,Shen,Peimin,沈培民,Male,950,1904,cerd,378178
36987,Shen,Zaiquan,沈在銓,Male,80,1905,cerd,378171
36990,Shen,Kexiang,沈克祥,Male,1189,1915,cerd,480999
36993,Shen,Keming,沈克明,Male,NA,NA,cerd,481000
36995,Shen,Jiaying,沈嘉英,Male,909,1916,cerd,481001
36997,Shen,Shoushan,沈壽山,Male,1042,NA,cerd,481003
36999,Shen,Shouchun,沈壽椿,Male,NA,NA,cerd,481004
37001,Shen,Shoutong,沈壽桐,Male,1881,NA,cerd,481005
37003,Shen,Shouliang,沈壽樑,Male,1643,NA,cerd,481006
37005,Shen,Laiyi,沈來義,Male,1079,1896,cerd,481007
37008,Shen,Boyuan,沈博淵,Male,965,1915,cerd,481008
37010,Shen,Yuezhao,沈越昭,Male,1079,1911,cerd,481009
37012,Shen,Mengdao,沈夢燾,Male,17451,1910,cerd,481010
37014,Shen,Bao'an,沈葆庵,Male,36387,1914,cerd,481011
37016,Shen,Baochang,沈葆昌,Male,877,1906,cerd,481012
37023,Shen,Zhiwei,沈芝偉,Male,1079,NA,cerd,481014
37025,Shen,Cisun,沈慈蓀,Male,1016,NA,cerd,481015
37027,Shen,Cihui,沈慈輝,Male,877,1898,cerd,70785
37038,Shen,Shengeng,沈莘耕,Male,2114,1902,cerd,481016
37042,Shen,Qizhan,沈其湛,Male,1113,1911,cerd,481017
37055,Shen,Qiyi,沈其頤,Male,67,1908,cerd,481018
37059,Shen,Shuren,沈樹仁,Male,935,1905,cerd,481019
37066,Shen,Shufang,沈樹芳,Male,1256,NA,cerd,481020
37072,Shen,Shuji,沈樹基,Male,2884,NA,cerd,481021
37075,Shen,Shuyu,沈樹堉,Male,2884,NA,cerd,481022
37078,Shen,Jufen,沈菊芬,Female,31796,1912,cerd,481023
37080,Shen,Jinzhen,沈覲震,Male,553,1910,cerd,481025
37083,Shen,Jinyi,沈覲宜,Male,553,1894,cerd,481026
37093,Shen,Jinyin,沈覲寅,Male,553,1890,cerd,481027
37103,Shen,Jintai,沈覲泰,Male,61,1911,cerd,481028
37107,Shen,Junkang,沈均康,Male,NA,NA,cerd,481029
37110,Shen,Zengzuo,沈增祚,Male,1903,NA,cerd,481030
37112,Shen,Zenghu,沈增笏,Male,63,1899,cerd,481031
37115,Shen,Tailai,沈泰來,Male,1604,NA,cerd,481032
37117,Shen,Zhenwei,沈振威,Male,1100,1916,cerd,481033
37119,Shen,Zhuomin,沈拙民,Male,2542,NA,cerd,481034
37121,Shen,Bangru,沈邦儒,Male,1630,1914,cerd,481036
37124,Shen,Danlai,沈旦來,Male,877,NA,cerd,481037
37126,Shen,Guozhang,沈國璋,Male,1113,1916,cerd,481038
37128,Shen,Ensen,沈恩森,Male,6341,1908,cerd,481039
37131,Shen,Enyin,沈恩蔭,Male,427,1892,cerd,481040
37138,Shen,Enxie,沈恩爕,Male,6341,1909,cerd,481041
37143,Wang,Zhehui,王哲惠,Male,12436,1913,cerd,481042
37145,Shen,Jingchu,沈景初,Male,1189,1895,cerd,481043
37149,Wang,Shengxun,王盛勳,Male,11187,1889,cerd,481044
37171,Wang,Xiancheng,王咸成,Male,29207,1917,cerd,481045
37173,Wang,Yi'ou,王軼歐,Male,496,1916,cerd,481047
37175,Wang,Diantong,王典同,Male,7590,1914,cerd,481048
37177,Wang,Gengyu,王耕畬,Male,427,1890,cerd,481049
37187,Wang,Zechun,王澤純,Male,16804,1915,cerd,481050
37189,Wang,Yunyu,王韞玉,Male,10003,NA,cerd,481051
37191,Huang,Chenggu,黃承穀,Male,NA,NA,cerd,481052
37193,Huang,Yuxiang,黃玉祥,Male,2780,1915,cerd,481053
37195,Huang,Yucheng,黃玉成,Male,558,NA,cerd,481054
37199,Wang,Wuru,黃五如,Male,4977,NA,cerd,481055
37201,Huang,Piyou,黃丕佑,Male,1881,1913,cerd,481056
37204,Huang,Qiongguang,黃琼光,Male,13846,1912,cerd,481058
37206,Huang,Dingshu,黃丁戍,Male,1857,1907,cerd,481059
37210,Huang,Yuanji,黃元吉,Male,10928,1906,cerd,481060
37212,Huang,Yuanxuan,黃元軒,Male,37251,1917,cerd,481061
37215,Huang,Zhendong,黃震東,Male,21693,1915,cerd,481062
37217,Huang,Kefang,黃可芳,Male,3730,1911,cerd,481063
37219,Huang,Airu,黃靄如,Male,74,1894,cerd,481064
37241,Huang,Yuncheng,黃雲呈,Male,3976,1909,cerd,481065
37252,Li,Minghe,李鳴龢,Male,1881,1891,cerd,481066
37260,Li,Zhaohan,李昭漢,Male,6678,1896,cerd,481067
37268,Li,Zhaozhuo,李昭灼,Male,4977,1915,cerd,481069
37270,Li,Lude,李路得,Male,7871,1917,cerd,481070
37274,Huang,Chengkuang,黃承貺,Male,553,1891,cerd,481071
37281,Li,Eqiu,李鶚秋,Male,4594,NA,cerd,481072
37285,Huang,Zijun,黃子俊,Male,4269,1908,cerd,481073
37290,Huang,Ziji,黃子驥,Male,1227,NA,cerd,481074
37292,Li,Xulun,李煦綸,Male,7055,1901,cerd,373364
37297,Huang,Zikun,黃子琨,Male,4977,1893,cerd,481075
37307,Li,Yinqiu,李吟秋,Male,4272,1902,cerd,481076
37320,Li,Xilin,李曦臨,Male,652,1908,cerd,481077
37329,Li,Houzhi,李厚枝,Male,21550,1912,cerd,481078
37331,Li,Houtian,李厚田,Male,1161,1911,cerd,481080
37336,Huang,Junji,黃君吉,Male,1256,1898,cerd,481081
37341,Li,Juchang,李巨昌,Male,566,NA,cerd,481082
37347,Huang,Shouquan,黃受權,Male,1556,1898,cerd,481083
37348,Li,Changchun,李長春,Male,37349,1911,cerd,481084
37354,Li,Changkun,李長昆,Male,10808,1911,cerd,481085
37358,Li,Houshen,李垕身,Male,6617,1890,cerd,37341
37365,Huang,Xiangru,黃香儒,Male,382,NA,cerd,481086
37369,Huang,Juejun,黃爵俊,Male,37372,1916,cerd,481087
37376,Huang,Bingzhang,黃秉章,Male,427,1910,cerd,481088
37381,Huang,Binggan,黃秉淦,Male,553,1910,cerd,481089
37383,Huang,Bingshu,黃秉樞,Male,5733,1916,cerd,481092
37386,Huang,Bingzhe,黃秉哲,Male,2780,1900,cerd,399728
37389,Li,Jichang,李際昶,Male,2884,NA,cerd,481093
37397,Li,Jifen,李際芬,Male,NA,NA,cerd,481094
37403,Li,Ligang,李勵剛,Male,4977,1912,cerd,481095
37409,Li,Tiren,李體仁,Male,3053,NA,cerd,481096
37411,Li,Fengqi,李鳳祺,Male,34602,1892,cerd,481097
37413,Li,Fengtong,李鳳桐,Male,21325,1908,cerd,481098
37418,Li,Fengju,李鳳舉,Male,9036,1908,cerd,481099
37420,Li,Fengxiang,李鳳翔,Male,5287,1914,cerd,481100
37422,Li,Juezhi,李覺之,Male,16722,1915,cerd,481101
37424,Li,Yongping,李用平,Male,1016,1898,cerd,481103
37432,Li,Tongzhao,李同照,Male,21465,1908,cerd,481104
37437,Li,Pingshan,李屏山,Male,558,1900,cerd,481105
37445,Li,Dianming,李殿蓂,Male,9346,NA,cerd,481106
37447,Li,Dianying,李殿英,Male,3033,1907,cerd,481107
37449,Li,Dianhua,李殿華,Male,743,1903,cerd,481108
37451,Li,Dianchun,李殿春,Male,1189,NA,cerd,481109
37453,Li,Dianxi,李殿熙,Male,18676,NA,cerd,481110
37455,Li,Ximou,李熙謀,Male,1626,1895,cerd,325463
37461,Li,Xiyun,李熙運,Male,1356,1904,cerd,481112
37464,Li,Xichun,李熙春,Male,NA,NA,cerd,481114
37466,Li,Xueshi,李學詩,Male,16672,1911,cerd,481115
37469,Li,Xuemeng,李學孟,Male,427,NA,cerd,481116
37471,Li,Xueye,李學業,Male,723,1896,cerd,481117
37477,Li,Xuehai,李學海,Male,NA,NA,cerd,481118
37479,Li,Xuehai,李學海,Male,1042,NA,cerd,481119
37483,Li,Kaitian,李開天,Male,4225,1913,cerd,481120
37487,Li,Kaiyu,李開域,Male,3532,1907,cerd,481121
37490,Li,Kailiang,李開樑,Male,566,1912,cerd,374091
37492,Li,Kaidi,李開第,Male,877,1902,cerd,481122
37496,Li,Min'an,李民安,Male,449,1915,cerd,481123
37498,Li,Minzhi,李民志,Male,1016,1915,cerd,481125
37500,Li,Guanyi,李貫一,Male,37501,1896,cerd,481126
37506,Li,Yuling,李與齡,Male,427,1911,cerd,481127
37509,Li,Xingtang,李興唐,Male,819,1908,cerd,481128
37512,Li,Xingjie,李興傑,Male,1682,1902,cerd,481129
37519,Li,Xinglin,李興林,Male,2071,1906,cerd,481130
37525,Li,Xingtai,李興泰,Male,76,1902,cerd,481131
37529,Li,Shengxian,李勝賢,Male,566,1915,cerd,481132
37531,Li,Renlong,李人龍,Male,10761,NA,cerd,481133
37534,Li,Renkai,李人楷,Male,NA,NA,cerd,481134
37536,Li,Renzheng,李人錚,Male,67,1901,cerd,481136
37537,Li,Renkui,李人夔,Male,1881,1913,cerd,481137
37541,Li,Quanzhong,李全忠,Male,29485,1912,cerd,481138
37543,Li,Quanding,李全鼎,Male,562,1908,cerd,481139
37545,Li,Jinke,李金科,Male,8122,1901,cerd,481140
37549,Li,Jinding,李金定,Male,903,1916,cerd,481141
37551,Li,Jinyi,李金沂,Male,1993,1907,cerd,481142
37559,Li,Jinpei,李金培,Male,3042,1916,cerd,481143
37561,Li,Jinbang,李金榜,Male,26243,1898,cerd,481144
37565,Li,Jinzhu,李金鑄,Male,37566,1913,cerd,481145
37568,Li,Jinquan,李金銓,Male,28099,1908,cerd,481147
37574,Wang,Yuelun,王曰倫,Male,6673,1906,cerd,481148
37582,Wang,Xingyuan,王星垣,Male,3672,1891,cerd,481149
37584,Wang,Guozhang,王國章,Male,719,1906,cerd,481150
37588,Wang,Guoxin,王國新,Male,4795,1914,cerd,481151
37590,Wang,Guorui,王國瑞,Male,64,1904,cerd,481152
37601,Wang,Guorui,王國瑞,Male,24880,1915,cerd,481153
37604,Wang,Guoqiang,王國強,Male,37605,1907,cerd,481154
37607,Wang,Guochen,王國琛,Male,427,1894,cerd,481155
37612,Wang,Guoxun,王國勳,Male,1079,1886,cerd,481156
37623,Wang,Guojie,王國傑,Male,NA,1902,cerd,481158
37625,Wang,Guozhen,王國楨,Male,11187,1897,cerd,481159
37627,Wang,Guoying,王國英,Male,76,1898,cerd,481160
37630,Wang,Guoshu,王國樹,Male,607,1896,cerd,481161
37647,Wang,Guodong,王國棟,Male,27450,1910,cerd,481162
37650,Wang,Guosong,王國松,Male,942,1902,cerd,192826
37658,Wang,Guozhen,王國鎮,Male,4005,1916,cerd,481163
37661,Wang,Silian,王思濂,Male,7296,1901,cerd,481164
37671,Wang,Silan,王思蘭,Male,28962,NA,cerd,481165
37673,Wang,Siming,王思明,Male,601,1906,cerd,481166
37676,Wang,Enquan,王恩泉,Male,1042,1909,cerd,481167
37679,Wang,Enfu,王恩富,Male,518,1914,cerd,481169
37681,Wang,Enhai,王恩海,Male,16661,NA,cerd,481170
37684,Wang,Enming,王恩明,Male,63,1902,cerd,481171
37688,Wang,Enlin,王恩臨,Male,4079,1906,cerd,481172
37690,Wang,Enrong,王恩榮,Male,12029,1909,cerd,481173
37692,Wang,Tuanyu,王團宇,Male,553,1913,cerd,481174
37695,Li,Jinlin,李金粦,Male,13846,1912,cerd,481175
37697,Li,Jinghuan,李鏡寰,Male,2797,1897,cerd,481176
37699,Li,Jinlu,李今璐,Male,4759,NA,cerd,481177
37702,Li,Nianyi,李念益,Male,765,1913,cerd,481178
37704,Li,Yuxiang,李毓庠,Male,1748,1890,cerd,481180
37711,Li,Jiufeng,李就豐,Male,1299,NA,cerd,481181
37713,Li,Yuwen,李毓汶,Male,553,NA,cerd,481182
37715,Li,Yudian,李毓滇,Male,1564,1912,cerd,481183
37717,Li,Yufen,李毓芬,Male,7094,1914,cerd,481184
37719,Li,Yuhua,李毓華,Male,3829,1904,cerd,481185
37725,Li,Yu'ai,李毓藹,Male,597,1914,cerd,481186
37727,Li,Yuji,李毓勣,Male,2076,1904,cerd,481187
37729,Li,Yuhui,李毓輝,Male,3739,NA,cerd,481188
37731,Li,Puhua,李普華,Male,10029,1919,cerd,481189
37733,Li,Shanyan,李善言,Male,4320,1910,cerd,481191
37736,Li,Shanyuan,李善元,Male,1113,1897,cerd,481192
37743,Li,Shanfu,李善富,Male,1113,1890,cerd,481193
37746,Li,Shanjin,李善近,Male,NA,NA,cerd,481194
37749,Li,Shandao,李善道,Male,1113,1906,cerd,481195
37750,Shen,Sifang,沈嗣芳,Male,1604,1898,cerd,481196
37767,Li,Shanliang,李善樑,Male,3969,1907,cerd,481197
37769,Shen,Biyang,沈陛揚,Male,903,1910,cerd,481198
37783,Shen,Changgeng,沈長庚,Male,37790,NA,cerd,481199
37789,Li,Shantang,李善棠,Male,13605,1898,cerd,481200
37792,Shen,Yuerui,沈岳瑞,Male,1305,1913,cerd,193502
37798,Shen,Juncheng,沈駿程,Male,999,NA,cerd,481203
37801,Shen,Junda,沈駿達,Male,1259,1904,cerd,333085
37821,Shen,Tonggeng,沈同庚,Male,807,NA,cerd,481204
37823,Shen,Tongde,沈同德,Male,9592,1901,cerd,481205
37843,Shen,Kaiqi,沈開圻,Male,8553,NA,cerd,481206
37845,Shen,Guanjia,沈貫甲,Male,7050,1907,cerd,378455
37848,Shen,Quangen,沈全根,Male,965,1907,cerd,481207
37851,Shen,Jin'ao,沈金鰲,Male,807,1917,cerd,481208
37853,Shen,Yikang,沈義康,Male,2146,1913,cerd,481209
37855,Shen,Shancheng,沈善澄,Male,1604,1910,cerd,481210
37857,Shen,Shanxian,沈善賢,Male,1100,NA,cerd,481211
37861,Shen,Yanghou,沈養厚,Male,1305,NA,cerd,481212
37868,Shen,Zhongxiu,沈鍾修,Male,37869,1911,cerd,481214
37872,Shen,Zhongzhao,沈鍾兆,Male,1256,1897,cerd,481215
37874,Shen,Zhongyu,沈鍾鈺,Male,765,NA,cerd,481216
37876,Li,Zengye,李曾業,Male,2797,1908,cerd,481217
37878,Li,Zengpei,李曾培,Male,8780,NA,cerd,481218
37880,Li,Hanhui,李含輝,Male,6015,1916,cerd,481219
37882,Li,Yangxi,李養璽,Male,10761,1902,cerd,481220
37885,Li,Gongfu,李公甫,Male,2183,1900,cerd,481221
37889,Li,Juyang,李鉅揚,Male,74,1903,cerd,481222
37892,Li,Songchen,李頌琛,Male,566,1910,cerd,481223
37895,Li,Zhongmei,李鍾美,Male,28099,1900,cerd,481225
37902,Li,Jianqing,李劍青,Male,1748,1911,cerd,481226
37904,Li,Zhennan,李鎮南,Male,34745,NA,cerd,481227
37907,Li,Jin'an,李錦安,Male,3608,1905,cerd,481228
37920,Li,Zhong,李鍾[左玉右衍],Male,37921,1916,cerd,481229
37923,Li,Xiqi,李錫麒,Male,1748,1915,cerd,481230
37926,Li,Xijue,李錫爵,Male,14081,1899,cerd,481231
37929,Li,Xishan,李錫山,Male,37930,1915,cerd,481232
37932,Li,Xiling,李錫齡,Male,21465,1905,cerd,481233
37940,Li,Xizhi,李錫之,Male,1903,1888,cerd,42424
37949,Li,Xiqi,李錫祺,Male,37950,1889,cerd,481236
37960,Li,Xichu,李錫初,Male,1544,NA,cerd,481237
37967,Li,Xixing,李錫興,Male,965,1913,cerd,481238
37970,Li,Xizhao,李錫釗,Male,74,1899,cerd,48693
37973,Li,Xizhu,李錫銖,Male,4394,1901,cerd,481240
37975,Li,Ximing,李錫銘,Male,3901,1895,cerd,481241
37981,Li,Xiqin,李錫欽,Male,7006,1887,cerd,481242
37987,Wang,Changkong,王昌孔,Male,558,1903,cerd,481243
37991,Wang,Changzhi,王昌稚,Male,31683,1911,cerd,481244
37993,Wang,Changshe,王昌社,Male,1409,NA,cerd,481245
37997,Wang,Changbang,王昌邦,Male,558,NA,cerd,481247
37999,Wang,Pinqing,王品清,Male,1573,1900,cerd,481248
38002,Wang,Jingwen,王景文,Male,1091,1909,cerd,481249
38009,Wang,Jingfu,王景富,Male,29485,1910,cerd,481250
38013,Wang,Jingxiang,王景祥,Male,553,NA,cerd,481251
38015,Wang,Jingxian,王景賢,Male,427,1892,cerd,481252
38025,Wang,Jingzun,王景尊,Male,3750,1903,cerd,481253
38036,Wang,Jingming,王景命,Male,38037,NA,cerd,481254
38039,Wang,Xianzhang,王顯章,Male,16722,NA,cerd,481255
38042,Wang,Xianying,王顯瀛,Male,1002,1918,cerd,481256
38044,Wang,Xianrong,王顯榮,Male,8000,1914,cerd,481258
38046,Wang,Zexian,王則憲,Male,4079,1895,cerd,481259
38048,Wang,Zeshu,王則恕,Male,4079,1915,cerd,481260
38050,Wang,Yigu,王貽穀,Male,7011,1907,cerd,481261
38052,Wang,Xiaolin,王曉林,Male,9613,1912,cerd,481262
38054,Wang,Shiyan,王時彥,Male,38055,1910,cerd,481263
38060,Wang,Mingshu,王明庶,Male,7094,1917,cerd,481264
38062,Wang,Mingda,王明達,Male,NA,NA,cerd,481265
38064,Wang,Zhaolun,王昭倫,Male,28826,1914,cerd,481266
38068,Wang,Yebai,王野白,Male,17029,1898,cerd,481267
38079,Wang,Ewei,王鄂韡,Male,1779,NA,cerd,481269
38093,Shen,Zhongkui,沈鍾煃,Male,807,1902,cerd,481270
38098,Shen,Zhennan,沈鎮南,Male,877,1903,cerd,333864
38122,Shen,Xilin,沈錫琳,Male,4996,1906,cerd,481271
38127,Shen,Xikun,沈錫琨,Male,4996,1913,cerd,481272
38129,Shen,Xizhen,沈錫珍,Male,1544,NA,cerd,481273
38131,Shen,Xibao,沈錫寶,Male,1079,NA,cerd,481274
38133,Shen,Xigui,沈錫圭,Male,1100,NA,cerd,481275
38135,Shen,Zhiyang,沈智揚,Male,1259,1912,cerd,481276
38138,Shen,Mingpan,沈銘盤,Male,1100,1903,cerd,481277
38144,Shen,Guanglan,沈光瀾,Male,NA,NA,cerd,481278
38147,Shen,Guangbi,沈光苾,Male,8174,1897,cerd,481280
38153,Shen,Shangxian,沈尚賢,Male,1604,1910,cerd,70693
38159,Shen,Binglin,沈炳麟,Male,590,1901,cerd,481281
38170,Shen,Bingxun,沈炳勲,Male,427,1908,cerd,481282
38175,Shen,Bingzhong,沈炳中,Male,765,1915,cerd,481283
38177,Shen,Bingyan,沈炳炎,Male,3265,1915,cerd,481284
38179,Shen,Xinlai,沈忻來,Male,877,NA,cerd,481285
38183,Shen,Rongxian,沈榮先,Male,2352,1895,cerd,481286
38186,Shen,Rongbo,沈榮伯,Male,1100,1909,cerd,481287
38190,Shen,Rongpei,沈榮沛,Male,NA,NA,cerd,481288
38192,Chi,Zhuang,池莊,Male,4394,1882,cerd,481289
38197,Chi,Changgeng,池長庚,Male,4394,1914,cerd,481291
38199,Chi,Changhua,池長華,Male,4394,1903,cerd,481292
38201,Chi,Changtai,池長泰,Male,4394,1901,cerd,481293
38203,Chi,Jixian,池際咸,Male,7590,1913,cerd,481294
38205,Zhan,Puting,湛普庭,Male,5996,1917,cerd,481295
38207,Man,Yunsheng,滿雲陞,Male,7777,1910,cerd,481296
38210,Qi,Dejian,漆德儉,Male,18988,1912,cerd,481297
38212,Qi,Yongzhong,漆永忠,Male,1270,1903,cerd,481298
38220,Ru,Renhe,汝人鶴,Male,1100,1884,cerd,481299
38224,Ling,Yun,凌雲,Male,7398,1899,cerd,481300
38226,Ling,Tao,凌濤,Male,5955,1888,cerd,481302
38232,Ling,Xiaxin,凌霞新,Male,1004,1899,cerd,481303
38244,Ling,Yuncong,凌雲從,Male,427,1895,cerd,481304
38246,Ling,Jielin,凌傑林,Male,3042,1913,cerd,481305
38248,Ling,Huyuan,凌鵠遠,Male,16226,1910,cerd,481306
38250,Ling,Fuzhi,凌富之,Male,3730,1912,cerd,481307
38252,Ling,Zuying,凌祖瀛,Male,7915,NA,cerd,481308
38254,Ling,Shiyan,凌士彥,Male,1748,1906,cerd,481309
38260,Ling,Qijun,凌其峻,Male,877,1897,cerd,481310
38264,Ling,Songnian,凌松年,Male,1544,1913,cerd,481311
38267,Ling,Benzao,凌本藻,Male,2780,1912,cerd,481314
38269,Ling,Guoheng,凌國珩,Male,950,NA,cerd,481315
38271,Ling,Jilie,凌驥烈,Male,1004,NA,cerd,481316
38274,Ling,Xigeng,凌熙賡,Male,909,1901,cerd,481317
38276,Ling,Xiling,凌熙齡,Male,4407,1899,cerd,481318
38278,Hong,Cong,洪琮,Male,22109,1919,cerd,481319
38286,Hong,Shen,洪紳,Male,553,1899,cerd,378661
38300,Hong,Fen,洪棻,Male,1607,1898,cerd,481320
38304,Hong,Chao,洪超,Male,965,1901,cerd,481321
38308,Hong,Liwei,洪立維,Male,71,1917,cerd,481322
38311,Hong,Yanliang,洪彥亮,Male,3884,1888,cerd,378605
38319,Hong,Wenpei,洪文佩,Male,5964,1915,cerd,481323
38321,Hong,Wenbi,洪文璧,Male,9181,NA,cerd,481325
38324,Hong,Xiqing,洪西青,Male,1630,1909,cerd,481326
38327,Hong,Ruifen,洪瑞棻,Male,62,1904,cerd,378648
38331,Hong,Mengfu,洪孟孚,Male,607,1907,cerd,481327
38336,Hong,Zhengcheng,洪政成,Male,1839,1918,cerd,481328
38338,Hong,Xiuhua,洪秀華,Male,2567,1914,cerd,481329
38340,Hong,Kunbing,洪崑炳,Male,NA,1916,cerd,481330
38342,Hong,Fuxun,洪傅勛,Male,1079,1912,cerd,481331
38346,Hong,Chuanzeng,洪傳曾,Male,1079,1900,cerd,481332
38350,Hong,Chuanjiong,洪傳炯,Male,1079,1906,cerd,481333
38363,Hong,Shaoyu,洪紹諭,Male,1305,1895,cerd,71677
38375,Hong,Zongyuan,洪宗淵,Male,999,NA,cerd,481334
38379,Hong,Lingxiao,洪凌霄,Male,6617,NA,cerd,481336
38381,Hong,Honggang,洪鴻岡,Male,7356,1916,cerd,481337
38383,Hong,Shuqin,洪淑琴,Female,324,1915,cerd,481338
38386,Hong,Daokui,洪道揆,Male,8251,1915,cerd,481339
38388,Hong,Shixin,洪士鑫,Male,NA,NA,cerd,481340
38390,Hong,Peiren,洪培仁,Male,877,NA,cerd,481341
38392,Hong,Jiayi,洪嘉貽,Male,1839,1890,cerd,481342
38398,Hong,Qicong,洪奇聰,Male,6701,1907,cerd,481343
38405,Hong,Shizhang,洪式張,Male,2567,1910,cerd,481344
38408,Hong,Shitong,洪式彤,Male,6701,1908,cerd,481345
38410,Hong,Chubao,洪楚寶,Male,965,1910,cerd,481347
38414,Hong,Qiming,洪其明,Male,765,1916,cerd,481348
38416,Huang,Bingzhe,黃秉哲,Male,427,NA,cerd,481349
38418,Huang,Bingjian,黃秉鑑,Male,21465,NA,cerd,481350
38420,Huang,Weiji,黃維吉,Male,74,1908,cerd,481351
38422,Huang,Weijing,黃維敬,Male,566,1912,cerd,481352
38424,Huang,Bugao,黃步高,Male,1189,1900,cerd,481353
38439,Huang,Buyun,黃步雲,Male,1016,1900,cerd,481354
38443,Huang,Renpu,黃仁圃,Male,1126,1913,cerd,481355
38447,Huang,Zhuoyi,黃卓儀,Male,1993,1910,cerd,481356
38449,Huang,Zhuoye,黃卓業,Male,29372,1912,cerd,481358
38451,Huang,Zhouming,黃卓明,Male,32692,1914,cerd,481359
38453,Huang,Zhenquan,黃貞權,Male,4977,1913,cerd,481360
38455,Huang,Jingyao,黃經耀,Male,590,1912,cerd,481361
38461,Huang,Yingzhi,黃穎之,Male,590,NA,cerd,481362
38463,Huang,Dingcai,黃鼎才,Male,NA,NA,cerd,481363
38466,Huang,Dingming,黃鼎銘,Male,62,1907,cerd,481364
38470,Huang,Kunchang,黃崑昌,Male,4977,1916,cerd,481365
38472,Huang,Chonghao,黃崇鎬,Male,2780,1915,cerd,481366
38474,Huang,Jiwu,黃繼武,Male,1259,1905,cerd,481367
38484,Huang,Yungong,黃允恭,Male,74,1914,cerd,481369
38486,Huang,Junwen,黃俊文,Male,3608,1913,cerd,481370
38488,Huang,Junde,黃俊德,Male,4945,1914,cerd,481371
38490,Huang,Junde,黃峻德,Male,746,1909,cerd,481372
38492,Huang,Deliang,黃德良,Male,7006,1914,cerd,481373
38494,Huang,Derong,黃德榮,Male,3101,1912,cerd,481374
38496,Huang,Weifu,黃緯福,Male,3703,1915,cerd,481375
38499,Huang,Weifang,黃緯芳,Male,3730,1908,cerd,481376
38508,Huang,Xuhan,黃緒漢,Male,1643,1884,cerd,332763
38512,Huang,Zhongren,黃仲仁,Male,4977,1911,cerd,481378
38514,Huang,Zhongren,黃仲良,Male,18988,1909,cerd,481380
38517,Huang,Zhongcai,黃仲才,Male,1636,1904,cerd,481381
38520,Huang,Chuanli,黃傳理,Male,24089,1917,cerd,481382
38522,Huang,Jiejin,黃傑晉,Male,1857,1913,cerd,481383
38524,Huang,Boqiao,黃伯樵,Male,2641,1891,cerd,481384
38549,Huang,Bokun,黃伯坤,Male,8916,1916,cerd,481385
38551,Huang,Bowei,黃伯威,Male,4977,1909,cerd,481386
38555,Huang,Baochuan,黃保傳,Male,6205,NA,cerd,346370
38557,Huang,Xiuqing,黃修青,Male,1664,1898,cerd,481387
38569,Huang,Shupei,黃叔培,Male,6701,1897,cerd,481388
38578,Huang,Shaoxiang,黃紹香,Male,819,1908,cerd,481389
38581,Huang,Shaoxuan,黃紹宣,Male,11217,1901,cerd,481391
38583,Huang,Shaozu,黃紹祖,Male,14276,1916,cerd,481392
38585,Huang,Shaoxiang,黃紹祥,Male,449,1914,cerd,481393
38587,Huang,Yishen,黃以紳,Male,4762,NA,cerd,481394
38589,Huang,Shizhou,黃似周,Male,67923,NA,cerd,481395
38592,Huang,Fuxiang,黃復祥,Male,8954,1910,cerd,481396
38595,Huang,Kuanhong,黃寬洪,Male,3560,1915,cerd,481397
38597,Huang,Yongxian,黃永憲,Male,38599,1910,cerd,481398
38601,Huang,Yontai,黃永泰,Male,775,1898,cerd,481399
38612,Huang,Yongren,黃永仁,Male,1189,1893,cerd,481400
38614,Huang,Yongxiang,黃永祥,Male,449,1911,cerd,481402
38616,Huang,Yongcan,黃永燦,Male,4795,1918,cerd,481403
38618,Huang,Jiahua,黃家驊,Male,903,1895,cerd,481404
38628,Huang,Jiaqi,黃家齊,Male,571,1892,cerd,481405
38633,Huang,Jiaju,黃家駒,Male,3608,1915,cerd,481406
38635,Huang,Zhirang,黃之讓,Male,553,NA,cerd,481407
38637,Huang,Zhige,黃之格,Male,1256,NA,cerd,481408
38639,Huang,Zhichang,黃之常,Male,3042,1913,cerd,481409
38641,Huang,Shouxin,黃守辛,Male,903,1911,cerd,481410
38644,Huang,Shouxun,黃守訓,Male,819,1914,cerd,481411
38646,Huang,Shoukai,黃守楷,Male,16722,1908,cerd,481413
38648,Huang,Shoujian,黃守堅,Male,28259,1912,cerd,481414
38650,Huang,Anyuan,黃安源,Male,74,1910,cerd,481415
38654,Huang,Hongxu,黃宏煦,Male,1079,1916,cerd,481416
38658,Wang,Yawen,王雅文,Male,1556,1917,cerd,481417
38660,Wang,Linjun,王臨鈞,Male,877,NA,cerd,481418
38662,Wang,Housheng,王厚生,Male,38663,1915,cerd,481419
38665,Wang,Houlu,王厚祿,Male,1618,1913,cerd,481420
38667,Wang,Houzhi,王厚志,Male,6090,1886,cerd,481421
38679,Wang,Houchen,王厚忱,Male,9856,1905,cerd,481422
38681,Wang,Yuantai,王原泰,Male,9640,1910,cerd,481425
38685,Wang,Changying,王長穎,Male,4375,1912,cerd,481426
38692,Wang,Changling,王長齡,Male,8854,1901,cerd,481427
38701,Wang,Changlu,王長祿,Male,673,NA,cerd,481428
38704,Wang,Changmin,王長愍,Male,13119,1915,cerd,481429
38706,Wang,Jiqiang,王際強,Male,819,1906,cerd,481430
38714,Wang,Jizhao,王際沼,Male,9036,1904,cerd,481431
38721,Wang,Tongchen,王彤忱,Male,72,NA,cerd,481432
38723,Wang,Zemao,王則懋,Male,4079,1900,cerd,380011
38732,Wang,Junlie,王駿烈,Male,9758,1890,cerd,481433
38734,Li,Zhijie,李智傑,Male,1578,1905,cerd,481434
38738,Li,Junheng,李鈞衡,Male,12348,1911,cerd,481436
38740,Li,Juncai,李鈞材,Male,950,NA,cerd,481437
38742,Li,Mingyuan,李銘元,Male,4086,1896,cerd,374011
38749,Li,Shuxiang,李舒鄉,Male,4371,1901,cerd,481438
38751,Li,Shujin,李舒錦,Male,558,1905,cerd,481439
38753,Li,Jianmin,李鑑民,Male,38754,1910,cerd,481440
38763,Li,Dushan,李篤珊,Male,31053,1915,cerd,481441
38765,Li,Minchu,李敏初,Male,2429,1904,cerd,481442
38774,Li,Weizhan,李惟湛,Male,9801,1914,cerd,481443
38776,Li,Weida,李惟達,Male,38777,1911,cerd,481444
38779,Li,Weiliang,李惟梁,Male,607,1914,cerd,481445
38784,Li,Weilin,李惟臨,Male,1857,1916,cerd,481447
38786,Li,Huaipu,李懷璞,Male,3053,NA,cerd,481448
38788,Li,Huaizhi,李懷芝,Male,1189,1916,cerd,481449
38790,Li,Huaizhong,李懷忠,Male,5020,1915,cerd,481450
38792,Li,Guangliang,李光亮,Male,38793,1916,cerd,481451
38797,Li,Guangzong,李光宗,Male,1573,1905,cerd,481452
38802,Li,Guanghua,李光華,Male,6904,1890,cerd,481453
38804,Li,Guangxun,李光勛,Male,618,NA,cerd,481454
38807,Li,Guangming,李光明,Male,4795,1916,cerd,481455
38809,Li,Guangqian,李光鈐,Male,3726,1914,cerd,481456
38811,Li,Guangyao,李光耀,Male,10958,1900,cerd,481458
38817,Li,Guangyao,李光耀,Male,1359,1905,cerd,481459
38824,Hong,Guantao,洪觀濤,Male,553,1886,cerd,332707
38826,Li,Guangcan,李光燦,Male,23373,1903,cerd,481460
38833,Li,Shangde,李尚德,Male,38834,1912,cerd,481461
38839,Li,Shangbin,李尚彬,Male,5287,1908,cerd,481462
38841,Hong,Taiyun,洪泰運,Male,8366,1909,cerd,481463
38845,Hong,Guobao,洪國寶,Male,965,1914,cerd,481464
38847,Li,Shanglin,李尚林,Male,5287,1915,cerd,481465
38849,Hong,Entao,洪恩濤,Male,64,1911,cerd,481466
38850,Li,Shangsheng,李尚陞,Male,4449,1913,cerd,481467
38853,Li,Shangqiu,李賞秋,Male,25587,1912,cerd,481469
38856,Li,Hengyuan,李恆元,Male,2985,1908,cerd,481470
38860,Hong,Mingyang,洪明揚,Male,903,1905,cerd,481471
38864,Li,Hengyue,李恆鉞,Male,2435,NA,cerd,481472
38871,Li,Bingqi,李炳齊,Male,6673,1912,cerd,481473
38873,Li,Bingzhang,李炳章,Male,7055,NA,cerd,481474
38878,Li,Binghuang,李炳璜,Male,449,NA,cerd,481475
38880,Li,Bingsheng,李炳生,Male,9578,1906,cerd,481476
38881,Hong,Changru,洪長儒,Male,1120,NA,cerd,481477
38885,Li,Bingzao,李炳藻,Male,12923,NA,cerd,481478
38886,Hong,Changzuan,洪長纘,Male,1120,NA,cerd,481480
38888,Li,Bingxun,李炳荀,Male,7055,1911,cerd,481481
38894,Li,Bingxing,李炳星,Male,9324,1904,cerd,481482
38896,Hong,Changling,洪長齡,Male,1120,NA,cerd,481483
38900,Li,Bingguo,李炳國,Male,1618,1916,cerd,481484
38903,Li,Bingjia,李炳甲,Male,11135,1910,cerd,481485
38905,Hong,Zengcheng,洪曾程,Male,5964,1913,cerd,481486
38910,Hong,Zengquan,洪曾荃,Male,3703,NA,cerd,481487
38912,Li,Bingyan,李炳炎,Male,1714,1913,cerd,481488
38914,Li,Chichang,李熾昌,Male,556,1896,cerd,481489
38915,Hong,Zhongxiu,洪鍾秀,Male,1161,1918,cerd,481491
38922,Hong,Bingqi,洪炳棋,Male,2780,1912,cerd,481492
38926,Li,Yaozhang,李耀章,Male,717,1913,cerd,481493
38928,Mu,Zhenhuan,沐鎮寰,Male,556,1917,cerd,481494
38930,Li,Yaomo,李耀謨,Male,4375,1915,cerd,481495
38934,Li,Yaoxun,李耀勳,Male,NA,NA,cerd,481496
38936,Li,Yaozhun,李耀準,Male,4977,1912,cerd,481497
38937,Chu,Yinghuang,褚應璜,Male,1604,1908,cerd,194189
38939,Li,Yaohan,李耀漢,Male,1604,1918,cerd,481498
38948,Li,Yaozi,李耀滋,Male,553,NA,cerd,481499
38950,Li,Yaoxiang,李耀祥,Male,74,1909,cerd,481500
38952,Li,Yaoxiang,李耀祥,Male,7006,1887,cerd,481502
38953,Chu,Yingliu,褚應鎏,Male,1604,1914,cerd,481503
38964,Chu,Yingyao,褚應堯,Male,1604,1912,cerd,481504
38970,Chu,Pingjiang,褚平江,Male,1409,1905,cerd,481505
38972,Li,Yaoquan,李耀銓,Male,21322,1914,cerd,481506
38975,Li,Yaohuang,李耀煌,Male,1817,1897,cerd,481507
38987,Li,Huiguang,李輝光,Male,3969,1892,cerd,481508
38990,Li,Zhuoming,李灼明,Male,4977,1914,cerd,481509
38992,Li,Huanting,李煥庭,Male,6839,1912,cerd,481510
38994,Li,Huanwen,李煥文,Male,13681,1912,cerd,481511
38996,Li,Zhaoming,李炤明,Male,3608,1912,cerd,481513
38998,Li,Rongzhang,李榮彰,Male,9772,1911,cerd,481514
39003,Li,Rongxian,李榮先,Male,26534,1897,cerd,373079
39004,Chu,Junsheng,褚峻生,Male,2884,NA,cerd,481515
39007,Chu,Baosan,褚保三,Male,5626,NA,cerd,481516
39014,Chu,Baoxi,褚保熙,Male,5626,1901,cerd,481517
39017,Li,Rongze,李榮澤,Male,7484,1914,cerd,481518
39019,Li,Rongmeng,李榮夢,Male,590,NA,cerd,481519
39023,Li,Rongchun,李榮春,Male,39024,1897,cerd,332848
39026,Chu,Runde,褚潤德,Male,63,1911,cerd,481520
39033,Chu,Hongwen,褚鴻文,Male,39038,NA,cerd,481521
39034,Li,Rongyao,李榮耀,Male,14954,1913,cerd,481522
39036,Gu,Kang,古亢,Male,566,1911,cerd,481524
39039,Gu,Jian,古健,Male,1993,NA,cerd,481525
39043,Gu,Jie,古節,Male,3471,1915,cerd,481526
39046,Chu,Fengzhang,褚鳳章,Male,1604,1896,cerd,481527
39047,Gu,Wenjie,古文捷,Male,566,1895,cerd,16889
39071,Lian,Yi,連彝,Male,590,1891,cerd,481528
39074,Gu,Lizhan,古麗沾,Male,571,1915,cerd,481529
39079,Ji,Guangcun,吉廣存,Male,1923,1915,cerd,481530
39083,Ji,Weilu,吉維魯,Male,1578,1914,cerd,481531
39087,Ji,Pei'an,吉培安,Male,3901,1897,cerd,481532
39090,Ji,Wanyi,吉萬鎰,Male,39095,NA,cerd,481533
39097,Ji,Yingjie,吉英杰,Male,6965,NA,cerd,481536
39099,Ji,Jinku,吉金庫,Male,7484,NA,cerd,481537
39100,Lian,Cheng,連城,Male,5186,1909,cerd,481538
39102,Ji,Jinbiao,吉金鏢,Male,427,1915,cerd,481539
39106,Shou,Wenbin,壽文彬,Male,15403,1914,cerd,481540
39107,Shou,Guang,壽光,Male,1210,NA,cerd,481541
39115,Shou,Yanzhong,壽延忠,Male,19990,1914,cerd,481542
39117,Shou,Shaopeng,壽紹彭,Male,1210,NA,cerd,481543
39119,Shou,Junliang,壽俊良,Male,1409,1901,cerd,481544
39126,Shou,Xianxiang,壽賢襄,Male,1210,1911,cerd,481545
39132,Yuan,Jin,袁晉,Male,12235,1890,cerd,481547
39136,Yuan,Jin,袁瑾,Male,590,NA,cerd,481548
39138,Yuan,Ao,袁璈,Male,8174,NA,cerd,481549
39140,Yuan,Biao,袁彪,Male,39141,NA,cerd,481550
39145,Yuan,Bao,袁保,Male,74,1893,cerd,481551
39147,Liang,Xingyan,梁興炎,Male,39148,1913,cerd,481552
39150,Liang,Jinquan,梁金泉,Male,11289,1915,cerd,481553
39152,Liang,Jinhua,梁金華,Male,449,1915,cerd,481554
39154,Liang,Songluan,梁頌鑾,Male,2780,1913,cerd,481555
39156,Liang,Zhenying,梁鎮英,Male,1993,1886,cerd,481556
39162,Liang,Jinxuan,梁錦萱,Male,2884,NA,cerd,481558
39167,Liang,Xiyuan,梁錫瑗,Male,1161,NA,cerd,481559
39171,Liang,Xihuang,梁錫璜,Male,590,NA,cerd,481560
39173,Liang,Xiyan,梁錫琰,Male,590,NA,cerd,481561
39176,Liang,Xiba,梁錫伯,Male,7871,1910,cerd,481562
39178,Liang,Xian,梁錫安,Male,566,NA,cerd,481563
39180,Liang,Mingchang,梁銘常,Male,7871,1912,cerd,481564
39184,Liang,Shangren,梁尚仁,Male,39185,1909,cerd,481565
39187,Liang,Bingyuan,梁炳垣,Male,3608,1914,cerd,481566
39189,Liang,Bingjun,梁炳鈞,Male,2780,1910,cerd,481567
39191,Liang,Zhuoyan,梁焯嚴,Male,1857,1901,cerd,481569
39202,Liang,Jingjin,梁精金,Male,39185,1911,cerd,481570
39204,Liang,Yaoxiang,梁耀相,Male,4977,1912,cerd,481571
39207,Liang,Rongzhi,梁榮志,Male,449,NA,cerd,481572
39209,Liang,Rongyan,梁榮燕,Male,39210,1911,cerd,481573
39212,Leng,Jiayan,冷家顏,Male,14247,NA,cerd,481574
39214,Leng,Yongkuan,冷永寬,Male,9282,1910,cerd,481575
39219,Leng,Fushi,冷輔士,Male,39220,NA,cerd,481576
39222,You,Yi,游毅,Male,70,1904,cerd,481577
39226,You,Pengzhu,游鵬翥,Male,3016,1904,cerd,481578
39232,You,Liangshan,游良善,Male,1748,1916,cerd,481580
39234,Tu,Zhuoru,涂卓如,Male,3966,1909,cerd,481581
39236,Tu,Yunzheng,涂允政,Male,3966,NA,cerd,481582
39238,Tu,Yuncheng,涂允成,Male,3966,1906,cerd,481583
39244,Tu,Jiaqing,涂家慶,Male,14753,1906,cerd,481584
39252,Tu,Hanting,涂漢廷,Male,3323,1917,cerd,481585
39254,Tu,Youzhu,涂友竺,Male,601,1916,cerd,481586
39256,Tu,Juli,涂鉅禮,Male,80,1916,cerd,481587
39258,Sha,Heng,沙衡,Male,2352,1913,cerd,481588
39266,Cha,Jing,沙晶,Male,74,1908,cerd,481589
39268,Sha,Guang,沙光,Male,2352,1913,cerd,481591
39276,Yuan,Tong,袁通,Male,765,1902,cerd,481592
39279,Sha,Yuqing,沙玉清,Male,1016,1910,cerd,481593
39285,Sha,Yutong,沙玉同,Male,1016,1913,cerd,481594
39289,Yuan,Zheng,袁蒸,Male,22109,1892,cerd,481595
39291,Yuan,Fen,袁枌,Male,3133,1895,cerd,481596
39301,Yuan,Yanqiao,袁彥喬,Male,1189,1905,cerd,481597
39303,Yuan,Qingzhao,袁慶釗,Male,23836,NA,cerd,481598
39307,Yuan,Guangren,袁廣仁,Male,4130,1903,cerd,481599
39317,Yuan,Wenbo,袁文伯,Male,39319,1912,cerd,481600
39321,Yuan,Pilie,袁丕烈,Male,1079,1903,cerd,387722
39327,Yuan,Zhengting,袁正廷,Male,3471,1914,cerd,481602
39329,Yuan,Yuxi,袁玉璽,Male,NA,NA,cerd,481603
39331,Yuan,Tingxia,袁廷俠,Male,1210,1911,cerd,481604
39333,Yuan,Chenghou,袁承厚,Male,39334,NA,cerd,481605
39336,Yuan,Zida,袁子達,Male,12808,1914,cerd,481606
39338,Yuan,Shuangcai,袁雙才,Male,1002,1918,cerd,481607
39340,Yuan,Xingjian,袁行健,Male,410,1913,cerd,387892
39342,Yuan,Jimei,袁繼枚,Male,18988,1917,cerd,481608
39344,Yuan,Fulin,袁傅霖,Male,1817,1906,cerd,481609
39346,Yuan,Junying,袁俊英,Male,74,1901,cerd,481610
39348,Yuan,Dexi,袁德熙,Male,2489,1910,cerd,481611
39353,Yuan,Zhongqi,袁仲齊,Male,1748,1899,cerd,481613
39355,Yuan,Jiliang,袁績亮,Male,13033,1914,cerd,481614
39368,Yuan,Zuoxin,袁作新,Male,3739,1898,cerd,481615
39370,Yuan,Zuozhen,袁作震,Male,427,1911,cerd,481616
39373,Yuan,Lunyi,袁倫義,Male,1544,1917,cerd,481617
39375,Yuan,Jianai,袁家鼐,Male,1256,1906,cerd,481618
39380,Yuan,Jiaji,袁家驥,Male,13183,1911,cerd,481619
39383,Yuan,Dingpei,袁定培,Male,16722,1915,cerd,481620
39387,Yuan,Bao'en,袁寶恩,Male,18372,1908,cerd,333422
39395,Yuan,Zongli,袁宗禮,Male,1189,1914,cerd,481621
39397,Yuan,Weiqing,袁渭清,Male,1189,1904,cerd,481622
39403,Yuan,Zeyuan,袁澤遠,Male,1817,1915,cerd,481624
39405,Yuan,Changxu,袁昶旭,Male,2884,1905,cerd,481625
39408,Yuan,Honggang,袁鴻綱,Male,NA,1880,cerd,481626
39415,Yuan,Hongzhi,袁鴻志,Male,5020,1914,cerd,481627
39417,Yuan,Hongxun,袁鴻勛,Male,1189,1916,cerd,481628
39419,Yuan,Hongci,袁鴻慈,Male,5020,1904,cerd,481629
39427,Yuan,Yusheng,袁裕生,Male,7703,1915,cerd,481630
39429,Yuan,Shilian,袁士濂,Male,67,1906,cerd,481631
39435,Yuan,Yilin,袁壹臨,Male,2390,NA,cerd,481632
39438,Yuan,Kezhi,袁克智,Male,39439,1911,cerd,481633
39441,Yuan,Zhixin,袁志新,Male,5020,1914,cerd,481635
39443,Yuan,Jiwu,袁吉武,Male,1036,1909,cerd,481636
39445,Yuan,Menghong,袁夢鴻,Male,7746,1899,cerd,481637
39452,Yuan,Baoshen,袁葆申,Male,23836,NA,cerd,481638
39455,Yuan,Maoqian,袁懋銓,Male,877,1914,cerd,481639
39457,Yuan,Zhiquan,袁執權,Male,5078,1912,cerd,481640
39459,Yuan,Guiguan,袁桂官,Male,1748,1908,cerd,481641
39461,Yuan,Jinguang,袁覲光,Male,39462,1883,cerd,481642
39480,Yuan,Xiangyao,袁相堯,Male,33805,1907,cerd,481643
39483,Sha,Boxian,沙伯賢,Male,NA,NA,cerd,481644
39485,Sha,Qilin,沙啟霖,Male,4195,1908,cerd,481647
39489,Sha,Yintian,沙蔭田,Male,2435,1910,cerd,481648
39493,Sha,Shuxun,沙樹勲,Male,942,NA,cerd,481649
39495,Sha,Zengshou,沙增壽,Male,2352,1909,cerd,481650
39499,Sha,Fengzao,沙鳳藻,Male,1630,1913,cerd,481651
39501,Sha,Linping,沙臨平,Male,1305,NA,cerd,481652
39504,Sha,Zhongrui,沙鍾瑞,Male,1016,1916,cerd,481653
39507,Zuo,Yi,左毅,Male,4816,NA,cerd,481654
39509,Zuo,Ru,左儒,Male,32405,1881,cerd,481655
39516,Zuo,Bo,左柏,Male,39517,1911,cerd,481656
39519,Zuo,Xifeng,左席豐,Male,427,1913,cerd,481658
39526,Zuo,Yingshi,左應時,Male,8366,1903,cerd,481659
39542,Zuo,Wenjin,左文錦,Male,32405,NA,cerd,481660
39544,Zuo,Wentai,左文泰,Male,32405,NA,cerd,481661
39546,Zuo,Pilun,左丕綸,Male,9036,1901,cerd,481662
39548,Zuo,Yunzhi,左雲之,Male,342,1907,cerd,481663
39554,Zuo,Tingxu,左廷序,Male,NA,NA,cerd,481664
39557,Lin,Kun,林堃,Male,4977,1904,cerd,481665
39564,Lin,Shao,林韶,Male,1779,1912,cerd,481666
39566,Lin,Xuan,林宣,Male,553,1912,cerd,481667
39570,Lin,Cong,林叢,Male,553,NA,cerd,481669
39574,Lin,Ye,林業,Male,4977,1892,cerd,481670
39586,Lin,Jin,林津,Male,553,1912,cerd,481671
39594,Lin,Qing,林清,Male,553,NA,cerd,481672
39596,Lin,Zhuang,林莊,Male,553,1885,cerd,481673
39609,Lin,Qi,林杞,Male,3884,NA,cerd,481674
39611,Lin,Yuan,林原,Male,4977,1891,cerd,481675
39618,Lin,Kuang,林匡,Male,26999,1911,cerd,481676
39620,Lin,Yue,林岳,Male,7356,1908,cerd,374648
39633,Qian,Qian,錢謙,Male,765,NA,cerd,481677
39637,Qian,Zhen,錢震,Male,1626,NA,cerd,481678
39639,Qian,Ting,錢珽,Male,1113,1916,cerd,481680
39641,Qian,Lie,錢烈,Male,1664,1911,cerd,481681
39646,Qian,Zhuang,錢壯,Male,NA,NA,cerd,481682
39648,Qian,Zheng,錢政,Male,1016,1913,cerd,481683
39650,Qian,Jiang,錢江,Male,1210,NA,cerd,481684
39652,Qian,Xiang,錢湘,Female,807,1912,cerd,481685
39656,Qian,Kai,錢楷,Male,607,NA,cerd,481686
39658,Qian,Bin,錢彬,Male,562,1916,cerd,481687
39660,Qian,Shi,錢栻,Male,1259,1901,cerd,481688
39673,Qian,Kui,錢夔,Male,1604,1897,cerd,481689
39678,Qian,Wan,錢萬,Male,877,1917,cerd,481691
39680,Qian,Ji,錢極,Male,1626,1913,cerd,481692
39683,Qian,Xin,錢鑫,Male,1604,1914,cerd,481693
39686,Qian,Gaoxin,錢高信,Male,1259,1906,cerd,481694
39691,Qian,Kangheng,錢康衡,Male,1259,NA,cerd,481695
39694,Qian,Gengchu,錢庚初,Male,1544,1886,cerd,481696
39702,Qian,Guangzhong,錢廣種,Male,1004,1906,cerd,481697
39710,Qian,Guangtao,錢廣濤,Male,511,1908,cerd,481698
39712,Qian,Wenyao,錢文燿,Male,1100,NA,cerd,481699
39714,Qian,Wencan,錢文燦,Male,1100,NA,cerd,481700
39716,Qian,Zhangming,錢章明,Male,1259,1906,cerd,481702
39718,Qian,Yuanjue,錢元爵,Male,807,1913,cerd,481703
39720,Qian,Tianpeng,錢天鵬,Male,1604,NA,cerd,481704
39722,Qian,Tingkui,錢廷櫆,Male,2641,1893,cerd,481705
39724,Qian,Sunwu,錢孫吳,Male,1597,1912,cerd,481706
39727,Qian,Sunjian,錢孫籛,Male,1597,1917,cerd,481707
39729,Qian,Yuge,錢豫格,Male,765,1903,cerd,481708
39735,Qian,Zining,錢子寧,Male,909,1906,cerd,481709
39754,Qian,Zhengfan,錢政藩,Male,9592,1917,cerd,481710
39756,Qian,Chongguang,錢重光,Male,2641,1912,cerd,481711
39758,Qian,Chengshi,錢乘時,Male,62,1900,cerd,392700
39762,Qian,Bingheng,錢秉衡,Male,1100,1914,cerd,481713
39764,Qian,Chongli,錢崇涖,Male,2542,1900,cerd,481714
39778,Qian,Chongpang,錢崇滂,Male,2542,NA,cerd,481715
39780,Qian,Dexin,錢德新,Male,2542,NA,cerd,481716
39783,Qian,Boxin,錢伯辛,Male,2539,NA,cerd,481717
39787,Qian,Baoren,錢保仁,Male,1256,NA,cerd,481718
39789,Qian,Shaosong,錢紹宋,Male,1210,1905,cerd,481719
39796,Qian,Yilai,錢儀來,Male,903,NA,cerd,481720
39811,Qian,Yongheng,錢永亨,Male,1618,1902,cerd,481721
39828,Qian,Jiahan,錢家瀚,Male,62,NA,cerd,481722
39831,Qian,Jiachang,錢家昌,Male,1113,1918,cerd,481724
39833,Qian,Jiaxiang,錢家驤,Male,765,NA,cerd,481725
39835,Qian,Baoyu,錢寶輿,Male,427,1904,cerd,481726
39840,Qian,Zongxian,錢宗賢,Male,NA,NA,cerd,481727
39842,Qian,Fuqian,錢福謙,Male,765,1893,cerd,481728
39850,Qian,Naizhen,錢迺楨,Male,1630,1901,cerd,481729
39861,Qian,Zhaofeng,錢兆豐,Male,6169,1910,cerd,481730
39863,Qian,Hanyang,錢漢陽,Male,807,1878,cerd,341261
39874,Qian,Hongtao,錢鴻陶,Male,62,1907,cerd,481731
39877,Qian,Hongxiang,錢鴻翔,Male,1016,NA,cerd,481732
39879,Qian,Hongfan,錢鴻範,Male,62,1900,cerd,481733
39882,Qian,Zu’en,錢祖恩,Male,1259,1907,cerd,481735
39888,Qian,Zuyang,錢祖颺,Male,1630,1916,cerd,481736
39890,Qian,Xiangbiao,錢祥標,Male,1544,1899,cerd,392826
39902,Qian,Qishi,錢啟時,Male,1259,1912,cerd,481737
39904,Qian,Zhishen,錢志莘,Male,909,NA,cerd,481738
39906,Qian,Shouhua,錢壽華,Male,1079,1916,cerd,481739
39908,Qian,Shouyi,錢壽易,Male,1100,1917,cerd,192412
39910,Qian,Yanxi,錢燕喜,Male,1042,1908,cerd,481740
39914,Qian,Muban,錢慕班,Male,16722,1900,cerd,392771
39919,Qian,Mulian,錢慕濂,Male,807,1914,cerd,481741
39922,Qian,Muning,錢慕寧,Male,16722,1900,cerd,481742
39925,Yang,Bin,楊斌,Male,NA,NA,cerd,481743
39927,Yang,Yi,楊毅,Male,1113,1891,cerd,481744
39946,Yang,Yi,楊毅,Male,3053,NA,cerd,481746
39948,Yang,Jue,楊珏,Male,1881,1913,cerd,481747
39951,Yang,Heng,楊珩,Male,5273,1897,cerd,376661
39960,Yang,Jian,楊建,Male,1711,1900,cerd,333363
39972,Yang,Yu,楊瑜,Male,76,1908,cerd,481748
39975,Yang,Zhuo,楊倬,Male,39976,1912,cerd,481749
39978,Yang,Zhuo,楊卓,Male,877,1887,cerd,358388
39991,Yang,Wei,楊偉,Male,39992,1904,cerd,7592
39999,Yang,Jie,楊傑,Male,996,1911,cerd,481750
40001,Yang,Jie,楊傑,Male,39992,1915,cerd,481751
40003,Yang,Shao,楊紹,Male,NA,NA,cerd,481752
40005,Yang,Huai,楊淮,Male,9040,1895,cerd,481753
40007,Yang,Ying,楊瀛,Male,22109,NA,cerd,481754
40009,Yang,Lian,楊濂,Male,NA,NA,cerd,481755
40011,Yang,Yuan,楊源,Male,7094,1886,cerd,481758
40025,Yang,Shu,楊澍,Male,17072,1896,cerd,481759
40029,Yang,Fang,楊汸,Male,11475,NA,cerd,481760
40031,Yang,Tao,楊濤,Male,1490,NA,cerd,481761
40033,Yang,Qing,楊清,Male,342,1903,cerd,481762
40040,Yang,Qi,楊奇,Male,877,1915,cerd,481763
40042,Yang,Kai,楊楷,Male,40046,1903,cerd,481764
40047,Qian,Qichen,錢其琛,Male,562,NA,cerd,481765
40049,Qian,Shuding,錢樹鼎,Male,1079,NA,cerd,481766
40051,Qian,Shupei,錢樹培,Male,807,1909,cerd,481767
40055,Qian,Guifen,錢桂芬,Male,903,NA,cerd,481769
40057,Qian,Xuji,錢旭暨,Male,1100,1899,cerd,481770
40066,Qian,Qifeng,錢起鳳,Male,NA,NA,cerd,481771
40069,Qian,Huihua,錢惠華,Male,11516,1904,cerd,481772
40073,Qian,Chunxi,錢春禧,Male,1409,NA,cerd,481773
40075,Qian,Zhenrong,錢振蓉,Male,1630,1905,cerd,481774
40077,Qian,Xianchang,錢咸昌,Male,877,1895,cerd,481775
40081,Qian,Changgan,錢昌淦,Male,1256,1907,cerd,481776
40089,Qian,Changzuo,錢昌祚,Male,807,1903,cerd,192193
40099,Yang,Bin,楊彬,Male,1779,1907,cerd,481777
40102,Yang,Xun,楊薰,Male,15783,1912,cerd,481778
40105,Yang,Hua,楊華,Male,3323,NA,cerd,481780
40111,Yang,Zhi,楊植,Male,9785,1909,cerd,481781
40113,Yang,Zhi,楊植,Male,13462,1903,cerd,481782
40120,Yang,Jun,楊均,Male,11040,1913,cerd,481783
40122,Yang,Ti,楊梯,Male,1434,1892,cerd,481784
40127,Qian,Changji,錢昌基,Male,807,1898,cerd,481785
40129,Qian,Changqi,錢昌期,Male,807,NA,cerd,481786
40131,Qian,Changshi,錢昌時,Male,807,1896,cerd,481787
40134,Qian,Changyou,錢昌猷,Male,807,NA,cerd,481788
40136,Qian,Jingren,錢景仁,Male,2641,1913,cerd,481789
40138,Qian,Ranshou,錢[左目右冉]壽,Male,965,NA,cerd,481791
40140,Qian,Mingzong,錢明宗,Male,40141,1917,cerd,481792
40143,Qian,Yige,錢頤格,Male,765,1904,cerd,481793
40151,Qian,Fengzhang,錢鳳章,Male,40152,1902,cerd,481794
40167,Qian,Xuesen,錢學森,Male,765,1911,cerd,241
40169,Qian,Xueju,錢學榘,Male,765,1915,cerd,481795
40171,Qian,Xuekai,錢學鎧,Male,1259,1914,cerd,481796
40174,Yang,Tai,楊泰,Male,765,NA,cerd,481797
40180,Yang,Tai,楊泰,Male,2797,1900,cerd,481798
40183,Yang,Chi,楊持,Male,3735,1896,cerd,481799
40185,Yang,Xing,楊興,Male,5273,1900,cerd,481800
40192,Qian,Renqi,錢人麒,Male,807,1910,cerd,481802
40194,Qian,Renyang,錢人仰,Male,NA,NA,cerd,481803
40196,Qian,Lingxi,錢令希,Male,1664,1916,cerd,192919
40198,Qian,Yishe,錢義畬,Male,1259,NA,cerd,481804
40201,Qian,Pu’en,錢普恩,Male,2390,1912,cerd,481805
40203,Qian,Zhongyi,錢鍾毅,Male,1664,1916,cerd,8674
40205,Qian,Zhonghan,錢鍾韓,Male,1664,1911,cerd,192922
40223,Qian,Zhenhe,錢鎮和,Male,877,1914,cerd,481806
40225,Qian,Jiancai,錢簡裁,Male,1770,NA,cerd,481807
40226,Qian,Shangping,錢尚平,Male,1544,1906,cerd,481808
40233,Qian,Yaoxu,錢耀緒,Male,1091,1912,cerd,481809
40235,Qian,Huichen,錢輝宸,Male,2641,1895,cerd,481810
40244,Yang,Jin,楊金,Male,3608,NA,cerd,376924
40250,Yang,Yu,楊鈺,Male,1292,1915,cerd,481811
40252,Yang,Ju,楊鉅,Male,1079,NA,cerd,481813
40255,Yang,Duo,楊鐸,Male,10730,NA,cerd,481814
40257,Yang,Zhi,楊智,Male,11945,1916,cerd,481815
40259,Yang,Qin,楊欽,Male,3323,1911,cerd,481816
40261,Yang,Xiang,楊翔,Male,1409,1910,cerd,481817
40263,Yang,Min,楊敏,Male,5282,1912,cerd,481818
40270,Yang,Heng,楊恆,Male,1100,1904,cerd,481819
40280,Lin,Rong,林鎔,Male,553,1902,cerd,481820
40288,Lin,Jian,林鑑,Male,1881,NA,cerd,481821
40290,Lin,Hui,林輝,Male,7296,1911,cerd,481822
40292,Lin,Jingqiang,林競強,Male,558,1903,cerd,481824
40302,Lin,Kangyun,林亢鋆,Male,553,NA,cerd,481825
40304,Lin,Yangang,林彥剛,Male,NA,NA,cerd,481826
40308,Lin,Yingxiang,林應祥,Male,2780,1911,cerd,481827
40310,Lin,Wenbiao,林文彪,Male,1993,1904,cerd,481828
40312,Lin,Wenzan,林文贊,Male,2780,1916,cerd,481829
40314,Lin,Wenzao,林文藻,Male,NA,NA,cerd,481830
40316,Lin,Wenying,林文鎣,Male,16804,1907,cerd,481831
40321,Lin,Yongyi,林詠沂,Male,2780,1907,cerd,481832
40323,Lin,Yongcang,林詠滄,Male,2780,1910,cerd,481833
40325,Lin,Shibo,林詩伯,Male,7045,1910,cerd,481835
40335,Lin,Shihai,林詩海,Male,25810,NA,cerd,481836
40339,Lin,Yichun,林翊春,Male,553,1898,cerd,481837
40342,Lin,Xuanyong,林旋永,Male,1857,1916,cerd,481838
40344,Lin,Yuji,林玉機,Male,1714,1905,cerd,481839
40352,Lin,Yuanqing,林元慶,Male,9207,1912,cerd,481840
40354,Lin,Yuanti,林元惕,Male,20636,1912,cerd,481841
40358,Lin,Zhendong,林震東,Male,3884,1903,cerd,332910
40364,Lin,Pingyi,林平一,Male,2625,1900,cerd,374657
40368,Lin,Tianhai,林天海,Male,2780,1918,cerd,481842
40370,Lin,Tianxiang,林天祥,Male,2945,1912,cerd,481843
40372,Lin,Lichuan,林麗川,Male,4553,1912,cerd,481844
40375,Lin,Ruidong,林瑞東,Male,3884,1914,cerd,481846
40377,Lin,Ruiji,林瑞驥,Male,3133,1898,cerd,481847
40384,Lin,Tingtong,林廷通,Male,765,1902,cerd,374671
40401,Lin,Tingdong,林廷棟,Male,6460,1912,cerd,481848
40403,Lin,Tinghong,林廷鋐,Male,40404,1917,cerd,481849
40406,Lin,Jianlun,林建倫,Male,NA,NA,cerd,481850
40408,Lin,Jianying,林建英,Male,40409,1913,cerd,481851
40416,Lin,Zhiping,林致平,Male,1664,NA,cerd,481852
40418,Lin,Aixun,林愛馴,Male,13001,NA,cerd,481853
40421,Lin,Yunian,林禹年,Male,1725,NA,cerd,481854
40423,Lin,Binggui,林秉珪,Male,553,1891,cerd,481855
40426,Lin,Bingchen,林秉琛,Male,553,NA,cerd,481857
40428,Lin,Bingyi,林秉益,Male,553,1905,cerd,481858
40437,Lin,Weiwan,林維完,Male,1714,1902,cerd,481859
40445,Lin,Weirong,林維戎,Male,40446,1916,cerd,481860
40448,Lin,Buzhou,林步周,Male,1256,1899,cerd,481861
40453,Lin,Renrong,林仁榮,Male,14247,1916,cerd,481862
40455,Lin,Zhuowu,林卓午,Male,33992,NA,cerd,481863
40457,Lin,Bai'en,林拜恩,Male,2498,1909,cerd,481864
40460,Lin,Shizao,林師藻,Male,656,1913,cerd,481865
40462,Lin,Xunjing,林循經,Male,40463,1914,cerd,481866
40465,Lin,Lezhang,林樂章,Male,10743,1915,cerd,481870
40467,Lin,Jiyong,林繼庸,Male,1993,1900,cerd,481871
40481,Lin,Dezhao,林德昭,Male,1544,1902,cerd,481872
40489,Lin,Dehui,林德輝,Male,1564,1917,cerd,481873
40491,Lin,Qiping,林綺屏,Male,1993,1915,cerd,481874
40493,Lin,Foxian,林佛先,Male,553,1911,cerd,481875
40495,Lin,Zhudong,林朱棟,Male,8641,1913,cerd,481876
40497,Lin,Boqiu,林伯球,Male,449,1915,cerd,481877
40499,Lin,Bo'ou,林伯歐,Male,449,1913,cerd,481878
40501,Lin,Dewen,林得文,Male,427,1912,cerd,481879
40510,Lin,Peishu,林佩書,Female,429,1917,cerd,481881
40512,Lin,Xiufan,林修藩,Male,553,1909,cerd,332900
40515,Lin,Shaocheng,林紹誠,Male,553,1893,cerd,481882
40519,Lin,Shaochun,林紹椿,Male,40520,NA,cerd,481883
40522,Lin,Zuozheng,林作蒸,Male,553,1916,cerd,481884
40524,Lin,Jiqing,林濟青,Male,7871,1891,cerd,433951
40536,Lin,Yongpei,林永培,Male,3608,1915,cerd,481886
40538,Lin,Yongyuan,林永源,Male,NA,NA,cerd,481887
40540,Lin,Yongxi,林永熙,Male,40409,NA,cerd,481888
40542,Lin,Jiajiu,林家就,Male,2780,1914,cerd,481889
40544,Lin,Jiashu,林家樞,Male,553,1902,cerd,481890
40552,Lin,Dingxu,林定勗,Male,1544,1908,cerd,481892
40561,Lin,Naixun,林迺薰,Male,553,1913,cerd,481893
40563,Lin,Zhaolin,林兆麟,Male,1714,NA,cerd,481894
40565,Lin,Zhaohe,林兆鶴,Male,40566,NA,cerd,481895
40568,Lin,Zhaoxiang,林兆祥,Male,2641,1896,cerd,481896
40571,Lin,Zhiyuan,林治遠,Male,1941,1916,cerd,481897
40575,Lin,Weigan,林為幹,Male,4977,1918,cerd,481898
40577,Lin,Hanzhen,林漢真,Male,1817,1907,cerd,481899
40591,Lin,Hanfan,林漢藩,Male,558,1914,cerd,481900
40593,Lin,Ruwei,林汝為,Male,449,NA,cerd,481901
40595,Lin,Hongqing,林洪慶,Male,877,1904,cerd,481903
40604,Lin,Hongyong,林洪墉,Male,553,NA,cerd,481904
40606,Lin,Dajun,林達均,Male,5733,1914,cerd,481905
40608,Lin,Qingxu,林清許,Male,7296,1899,cerd,481906
40620,Lin,Qingyu,林清宇,Male,1903,NA,cerd,481907
40622,Lin,Zequn,林澤羣,Male,61,1911,cerd,481908
40625,Lin,Hong'en,林鴻恩,Male,4977,1914,cerd,481909
40629,Lin,Guannan,林冠南,Male,2780,1902,cerd,481910
40635,Lin,Zuxin,林祖心,Male,553,1905,cerd,332913
40646,Lin,Zuyao,林祖堯,Male,556,1916,cerd,481911
40648,Lin,Zuhuan,林祖歡,Male,553,1905,cerd,332912
40652,Lin,Zugu,林祖穀,Male,601,1899,cerd,481912
40654,Lin,Zutan,林祖錟,Male,553,1916,cerd,481914
40656,Lin,Yimin,林逸民,Male,2780,1899,cerd,481915
40670,Lin,Ganqing,林淦青,Male,71,1904,cerd,481916
40676,Lin,Haiming,林海明,Male,4407,1905,cerd,481917
40689,Lin,Xiang'an,林祥安,Male,553,NA,cerd,481918
40691,Lin,Xiangwei,林祥威,Male,1664,1914,cerd,481919
40693,Lin,Yumin,林裕民,Male,40694,NA,cerd,481920
40697,Lin,Qiyong,林啟庸,Male,429,1893,cerd,481921
40705,Lin,Qichou,林啟籌,Male,7915,1913,cerd,481922
40707,Lin,Dazhong,林大中,Male,3884,1891,cerd,481923
40714,Lin,Youlong,林友龍,Male,553,NA,cerd,481925
40726,Lin,Shi'e,林士諤,Male,7915,1913,cerd,7477
40728,Lin,Shixiang,林士祥,Male,2780,NA,cerd,481926
40741,Yang,Ronghan,楊榮翰,Male,2797,1891,cerd,481927
40743,Yang,Rongzhou,楊榮洲,Male,1682,1905,cerd,481928
40748,Yang,Rongxin,楊榮新,Male,1079,1912,cerd,481929
40750,Yang,Suiming,楊燧明,Male,3730,1916,cerd,481930
40752,Yang,Huandian,楊煥典,Male,12029,1901,cerd,481931
40758,Yang,Yaocai,楊耀才,Male,40759,1912,cerd,481932
40762,Yang,Yaoqian,楊耀乾,Male,1409,1913,cerd,481933
40766,Yang,Yaohua,楊耀華,Male,3730,NA,cerd,481934
40769,Yang,Yaogong,楊耀恭,Male,1409,1903,cerd,481936
40772,Yang,Yaowen,楊耀溫,Male,1409,NA,cerd,481937
40774,Yang,Yaode,楊耀德,Male,1409,1898,cerd,481938
40785,Yang,Yaowen,楊耀文,Male,1409,NA,cerd,481939
40788,Yang,Xinghua,楊惺華,Male,16722,1908,cerd,481940
40790,Yang,Xinghua,楊惺華,Male,1664,NA,cerd,481941
40792,Yang,Bingkun,楊炳堃,Male,78,1906,cerd,481942
40796,Yang,Dangmin,楊黨民,Male,4079,1915,cerd,481943
40798,Yang,Shangzhuo,楊尚灼,Male,18988,1908,cerd,7618
40804,Yang,Guangxu,楊光煦,Male,965,1906,cerd,481944
40807,Yang,Guangguo,楊光國,Male,36004,1914,cerd,481945
40809,Yang,Guangyu,楊光裕,Male,1113,1907,cerd,333359
40816,Yang,Guangzheng,楊光正,Male,1210,1896,cerd,481947
40823,Yang,Huaigong,楊懷恭,Male,3780,1905,cerd,481948
40826,Yang,Huaizhi,楊懷之,Male,31025,1905,cerd,481949
40831,Yang,Jieling,楊節靈,Male,2071,NA,cerd,481950
40833,Yang,Dukang,楊見程,Male,10761,1900,cerd,481951
40835,Yang,Xiaoli,楊筱櫟,Male,807,1912,cerd,481952
40837,Yang,Jianchu,楊簡初,Male,1079,NA,cerd,192628
40844,Yang,Zhuting,楊竹亭,Male,40845,1908,cerd,481953
40849,Yang,Mingtang,楊銘堂,Male,25429,1911,cerd,481954
40851,Yang,Mingshu,楊銘恕,Male,9346,1914,cerd,481955
40853,Yang,Mingjiu,楊銘久,Male,1042,1905,cerd,481956
40869,Yang,Mingshou,楊銘綬,Male,879,NA,cerd,481958
40871,Yang,Mingding,楊銘鼎,Male,935,1903,cerd,192463
40876,Yang,Jinfang,楊錦芳,Male,21325,1908,cerd,481959
40879,Yang,Jinshan,楊錦山,Male,6090,1915,cerd,481960
40881,Yang,Xiliu,楊錫鏐,Male,1100,1902,cerd,481961
40883,Yang,Xixiang,楊錫祥,Male,17242,1902,cerd,481962
40898,Yang,Zengyi,楊曾藝,Male,965,1911,cerd,481963
40902,Yang,Xiren,楊錫仁,Male,71,1893,cerd,481964
40905,Yang,Zhongxun,楊鍾洵,Male,14636,1905,cerd,481965
40915,Yang,Yusheng,楊鈺聲,Male,601,NA,cerd,481966
40917,Yang,Judi,楊鉅棣,Male,5756,1911,cerd,481967
40919,Yang,Juwu,楊鉅武,Male,24183,1908,cerd,481969
40921,Yang,Gongmin,楊公敏,Male,16722,1914,cerd,481970
40924,Yang,Gongzhao,楊公兆,Male,16722,1898,cerd,481971
40944,Yang,Shanjin,楊善進,Male,1079,1916,cerd,481972
40947,Yang,Shanyuan,楊善元,Male,13846,1915,cerd,481973
40949,Yang,Yisheng,楊義生,Male,4816,NA,cerd,481974
40951,Yang,Yunian,楊毓年,Male,8028,1912,cerd,481975
40955,Yang,Yuzhen,楊毓楨,Male,8202,1890,cerd,481976
40960,Yang,Yuji,楊毓奇,Male,2732,1905,cerd,481977
40962,Yang,Yuxiu,楊毓秀,Male,4371,1909,cerd,481978
40964,Yang,Yukun,楊毓堃,Male,5363,NA,cerd,481981
40966,Yang,Lingwei,楊令威,Male,40967,1912,cerd,481982
40969,Yang,Jinghui,楊鏡輝,Male,61,1907,cerd,481983
40973,Yang,Jinduo,楊金鐸,Male,813,NA,cerd,481984
40975,Yang,Yixue,楊益學,Male,942,1910,cerd,481985
40978,Yang,Longxi,楊隆熙,Male,590,1912,cerd,481986
40980,Yang,Xianyue,楊賢悦,Male,6090,1912,cerd,481987
40982,Yang,Xianyi,楊賢溢,Male,6090,1915,cerd,481988
40984,Yang,Xianda,楊賢達,Male,6090,NA,cerd,481989
40986,Yang,Xingbang,楊興邦,Male,9397,1914,cerd,481990
40988,Yang,Xingren,楊興仁,Male,8202,1910,cerd,481992
40990,Yang,Kaidao,楊開道,Male,2062,1910,cerd,481993
40995,Yang,Kaiyu,楊開宇,Male,80,1914,cerd,481994
40998,Yang,Xuegao,楊學羔,Male,40999,1896,cerd,481995
41007,Yang,Xuelai,楊學賚,Male,62,1899,cerd,481996
41011,Yang,Xuehan,楊學涵,Male,427,1912,cerd,481997
41013,Yang,Xuedong,楊學涷,Male,427,1916,cerd,481998
41015,Yang,Xuejun,楊學濬,Male,427,1915,cerd,481999
41017,Yang,Xuezhen,楊學震,Male,819,1915,cerd,482000
41019,Yang,Juze,楊居澤,Male,2790,NA,cerd,482001
41021,Yang,Junzhang,楊君漳,Male,2790,1910,cerd,482003
41024,Yang,Diankui,楊殿魁,Male,1682,NA,cerd,482004
41026,Yang,Yueran,楊月然,Male,20203,1904,cerd,482005
41031,Yang,Fengshu,楊鳳書,Male,9772,1906,cerd,482006
41039,Yang,Jueshi,楊覺世,Male,2352,1913,cerd,482007
41042,Yang,Liming,楊勵明,Male,1559,NA,cerd,482008
41044,Yang,Jundong,楊駿東,Male,8903,1913,cerd,482009
41046,Yang,Yigui,楊頤桂,Male,427,1896,cerd,482010
41054,Yang,Changrong,楊長榮,Male,14753,1909,cerd,482011
41057,Yang,Changmao,楊長茂,Male,496,1911,cerd,482012
41060,Yang,Changfa,楊長發,Male,618,1874,cerd,482014
41067,Yang,Wei,楊煒,Male,18784,1913,cerd,482015
41072,Yang,Yanlü,楊雁侶,Male,11551,1910,cerd,482016
41073,Yang,Ke,楊恪,Male,1100,NA,cerd,482017
41078,Yang,Zhaohua,楊照華,Male,1993,1908,cerd,482018
41080,Yang,Lizhou,楊立洲,Male,27921,1915,cerd,482019
41082,Yang,Sifu,楊嗣福,Male,2429,1901,cerd,333369
41087,Yang,Mingzhao,楊明昭,Male,449,1910,cerd,482020
41089,Yang,Mingji,楊明濟,Male,6188,1916,cerd,482021
41091,Yang,Yingxi,楊映溪,Male,2732,1892,cerd,482022
41093,Yang,Yingyun,楊映雲,Male,2071,1891,cerd,482023
41095,Yang,Lihui,楊立惠,Male,40404,1897,cerd,482025
41099,Yang,Qingzhao,楊晴照,Male,388,1915,cerd,482026
41102,Yang,Shichun,楊時春,Male,594,1917,cerd,482027
41104,Yang,Yicheng,楊貽誠,Male,1161,1888,cerd,482028
41117,Yang,Jingteng,楊景熥,Male,1664,1910,cerd,482029
41134,Yang,Liren,楊立人,Male,60,1892,cerd,482030
41141,Yang,Jingduo,楊景鐸,Male,1993,NA,cerd,482031
41145,Yang,Jingxian,楊景賢,Male,4225,1913,cerd,482032
41148,Yang,Jingshan,楊景山,Male,2857,1904,cerd,482033
41155,Yang,Liangchen,楊亮臣,Male,70,1902,cerd,482034
41159,Yang,Changshun,楊昌順,Male,24302,1896,cerd,482036
41164,Yang,Yupu,楊育普,Male,807,NA,cerd,482037
41167,Yang,Changhua,楊昌華,Male,13428,1917,cerd,482038
41169,Yang,Yantang,楊彥堂,Male,1364,1907,cerd,482039
41170,Yang,Enhua,楊恩華,Male,909,1906,cerd,482040
41178,Yang,Yingsheng,楊應盛,Male,562,1904,cerd,482041
41180,Yang,Sizhong,楊思忠,Male,571,1911,cerd,482042
41183,Yang,Siyuan,楊思源,Male,1189,NA,cerd,482043
41185,Yang,Yingrui,楊應瑞,Male,41193,1913,cerd,482044
41186,Yang,Sile,楊思樂,Male,1189,1909,cerd,482045
41188,Yang,Sikang,楊思康,Male,1189,1909,cerd,482047
41190,Yang,Silian,楊思廉,Male,601,1887,cerd,482048
41201,Yang,Tingxiu,楊庭秀,Male,41207,1903,cerd,482049
41211,Yang,Qingsheng,楊慶生,Male,10543,1910,cerd,482050
41214,Yang,Qingliang,楊慶良,Male,1573,NA,cerd,482051
41215,Yang,Guorong,楊國榮,Male,1161,1914,cerd,482052
41218,Yang,Guoyun,楊國鋆,Male,22109,1903,cerd,482053
41220,Yang,Guohua,楊國華,Male,3901,1914,cerd,482054
41222,Yang,Qingyao,楊慶堯,Male,4425,1901,cerd,482055
41225,Yang,Guohua,楊國華,Male,3703,NA,cerd,482056
41228,Yang,Jiankai,楊間楷,Male,10295,1914,cerd,482058
41231,Yang,Guozhu,楊國柱,Male,1556,1914,cerd,482059
41233,Yang,Chengheng,楊成恆,Male,14373,NA,cerd,482060
41234,Yang,Tinglan,楊庭蘭,Male,719,1903,cerd,482061
41237,Yang,Chengzu,楊成祖,Male,1189,1909,cerd,482062
41242,Yang,Zheming,楊哲明,Male,27373,1903,cerd,482063
41251,Yang,Zhenyong,楊振鏞,Male,556,1909,cerd,482064
41254,Yang,Linshi,楊麐石,Male,NA,NA,cerd,482065
41260,Yang,Wenlong,楊文龍,Male,1042,NA,cerd,482066
41262,Yang,Zhenxing,楊振興,Male,2690,1913,cerd,482067
41265,Yang,Zhenzhong,楊振中,Male,15783,1915,cerd,482069
41267,Yang,Zhenhan,楊振翰,Male,7011,1911,cerd,482070
41272,Yang,Zhengu,楊振古,Male,27765,1906,cerd,482071
41276,Yang,Zhenjia,楊振家,Male,7484,1912,cerd,482072
41279,Yang,Zhenlin,楊振麟,Male,690,1904,cerd,482073
41282,Yang,Shu'en,楊書恩,Male,2352,1906,cerd,482074
41284,Yang,Chunfang,楊春芳,Male,13741,1909,cerd,482075
41287,Yang,Chunda,楊春達,Male,9397,1915,cerd,482076
41289,Yang,Chunsheng,楊春生,Male,10199,1892,cerd,482077
41291,Yang,Huijian,楊惠健,Male,41292,1914,cerd,482078
41294,Yang,Huichou,楊惠儔,Male,2780,1915,cerd,482080
41296,Yang,Huichong,楊惠崇,Male,18372,1913,cerd,482081
41299,Yang,Moyuan,楊木源,Male,3642,1899,cerd,482082
41309,Yang,Qinghai,楊青海,Male,2183,1913,cerd,482083
41313,Yang,Taihong,楊泰鴻,Male,684,NA,cerd,482084
41316,Yang,Jingheng,楊敬恆,Male,3471,1914,cerd,482085
41318,Yang,Jingchen,楊敬宸,Male,12014,NA,cerd,482086
41320,Yang,Zengyi,楊增義,Male,41321,1906,cerd,482087
41325,Yang,Zenghua,楊增華,Male,2313,NA,cerd,482088
41327,Yang,Chaoxiang,楊超象,Male,4371,1881,cerd,482089
41334,Yang,Qifeng,楊起鳳,Male,5992,1904,cerd,482092
41344,Yang,Qifan,楊起璠,Male,6090,1917,cerd,482093
41346,Yang,Helin,楊鶴林,Male,427,1913,cerd,482094
41348,Yang,Herui,楊鶴瑞,Male,21801,1891,cerd,482095
41351,Yang,Junyan,楊均炎,Male,1664,NA,cerd,482096
41354,Yang,Boshu,楊柏樞,Male,4314,1912,cerd,482097
41356,Yang,Lianyuan,楊楝元,Male,3016,1916,cerd,482098
41360,Yang,Zhidong,楊植東,Male,1682,NA,cerd,482099
41362,Yang,Quanzhong,楊權中,Male,8202,1889,cerd,482100
41375,Yang,Shutang,楊樹棠,Male,1299,NA,cerd,482101
41380,Yang,Shusong,楊樹松,Male,9859,1898,cerd,482103
41385,Yang,Shusheng,楊樹聲,Male,15729,NA,cerd,482104
41387,Yang,Shufan,楊樹藩,Male,877,NA,cerd,482105
41389,Yang,Shuyuan,楊樹垣,Male,24430,1909,cerd,482106
41391,Yang,Shuze,楊樹澤,Male,1042,1901,cerd,482107
41393,Yang,Shukui,楊樹魁,Male,2071,1909,cerd,482108
41396,Yang,Shuren,楊樹仁,Male,1664,1907,cerd,482109
41407,Yang,Shixiang,楊世祥,Male,17242,1915,cerd,482110
41414,Yang,Shizao,楊世藻,Male,NA,NA,cerd,482111
41416,Yang,Shilong,楊世龍,Male,1664,1913,cerd,482112
41418,Yang,Shixiang,楊世襄,Male,2690,1913,cerd,482114
41421,Yang,Shigao,楊世高,Male,2071,1910,cerd,482115
41427,Yang,Huakui,楊華奎,Male,41428,1914,cerd,482116
41430,Yang,Cuixian,楊萃賢,Male,41431,1900,cerd,482117
41433,Yang,Cuifang,楊萃芳,Male,2884,1914,cerd,482118
41435,Yang,Xiaotong,楊孝桐,Male,3560,1898,cerd,482119
41447,Yang,Xiaoshu,楊孝述,Male,1409,1890,cerd,310872
41463,Yang,Xiaowei,楊孝維,Male,1161,NA,cerd,482120
41465,Yang,Xiying,楊葸英,Male,1511,1912,cerd,482121
41469,Yang,Baozhi,楊葆之,Male,32405,1893,cerd,482122
41471,Yang,Maofang,楊茂芳,Male,1016,NA,cerd,482123
41474,Yang,Weiran,楊蔚然,Male,594,1914,cerd,482125
41476,Yang,Yinmin,楊蔭民,Male,6968,1898,cerd,482126
41482,Yang,Yintian,楊蔭田,Male,2790,1910,cerd,482127
41486,Yang,Yinzhi,楊蔭芝,Male,427,NA,cerd,482128
41490,Yang,Yinyu,楊蔭宇,Male,7055,1895,cerd,482129
41500,Yang,Yinsheng,楊蔭生,Male,751,NA,cerd,482130
41502,Yang,Yinkun,楊蔭堃,Male,1434,1897,cerd,376828
41506,Yang,Fangyuan,楊芳園,Male,2071,1899,cerd,482131
41508,Yang,Fangyi,楊芳沂,Male,2071,1904,cerd,482132
41510,Yang,Zilin,楊梓林,Male,75,1893,cerd,376494
41513,Yang,Zizhai,楊梓齋,Male,8646,1902,cerd,482133
41516,Yang,Qugou,楊去垢,Male,3780,1897,cerd,482134
41518,Yang,Shoubai,楊壽百,Male,427,NA,cerd,482136
41525,Yang,Youjia,楊友佳,Male,4161,NA,cerd,482137
41527,Yang,Zhigang,楊志剛,Male,877,1913,cerd,482138
41533,Yang,Zhicheng,楊志成,Male,11289,1916,cerd,482139
41535,Yang,Zhizhong,楊志中,Male,13846,1913,cerd,482140
41537,Yang,Zhizhi,楊志治,Male,566,1895,cerd,482141
41544,Yang,Jiewen,楊杰文,Male,1885,1911,cerd,482142
41546,Yang,Cunxi,楊存熙,Male,2146,1914,cerd,482143
41548,Yang,Cunren,楊存仁,Male,3857,1914,cerd,482144
41550,Yang,Kegang,楊克剛,Male,3265,1907,cerd,482145
41554,Yang,Keming,楊克明,Male,1490,1911,cerd,482147
41557,Yang,Kejiu,楊克捄,Male,956,1917,cerd,482148
41559,Yang,Keguan,楊克觀,Male,NA,NA,cerd,482149
41561,Yang,Kerong,楊克嶸,Male,41562,1895,cerd,482150
41571,Yang,Peiji,楊培汲,Male,3042,NA,cerd,482151
41573,Yang,Peibeng,楊培琫,Male,3042,1891,cerd,482152
41586,Yang,Shilin,楊士琳,Male,996,NA,cerd,482153
41591,Yang,Shiwen,楊士文,Male,NA,NA,cerd,482154
41593,Yang,Yougu,楊友古,Male,877,1891,cerd,482155
41608,Yang,Jiuhuan,楊九寰,Male,3016,1901,cerd,482156
41611,Yang,Qiyuan,楊啟元,Male,6090,1915,cerd,482158
41613,Yang,Zhaohui,楊肇輝,Male,41614,1900,cerd,482159
41617,Yang,Zhaolian,楊肇燫,Male,41614,1899,cerd,192782
41625,Yang,Zhaowei,楊肇威,Male,590,1917,cerd,482160
41628,Yang,Daoji,楊道基,Male,11209,1909,cerd,482161
41635,Yang,Daoyao,楊道堯,Male,449,1916,cerd,482162
41637,Yang,Daoding,楊道定,Male,2542,1901,cerd,482163
41645,Yang,Daoyi,楊道一,Male,24579,1913,cerd,482164
41647,Yang,Yuwen,楊裕文,Male,410,NA,cerd,482165
41652,Yang,Qixian,楊啟賢,Male,41653,1919,cerd,482166
41655,Yang,Zuode,楊祚德,Male,1042,1917,cerd,482167
41657,Yang,Hanfa,楊瀚法,Male,25126,1917,cerd,482169
41659,Yang,Fengchun,楊逢春,Male,2732,1894,cerd,482170
41663,Yang,Guanxiong,楊冠雄,Male,590,1915,cerd,482171
41665,Yang,Guannan,楊冠南,Male,8278,NA,cerd,482172
41669,Yang,Runjun,楊潤鈞,Male,1993,1908,cerd,68663
41677,Yang,Hongyi,楊鴻儀,Male,12348,1913,cerd,482174
41679,Yang,Hongru,楊鴻儒,Male,726,NA,cerd,482175
41681,Yang,Honglie,楊鴻烈,Male,34611,1911,cerd,482176
41686,Yang,Zehan,楊澤涵,Male,41687,1912,cerd,482177
41689,Lin,Shimo,林士模,Male,41690,1894,cerd,482178
41698,Lin,Shixiang,林士驤,Male,7915,1915,cerd,482180
41700,Lin,Peichen,林培琛,Male,1618,1909,cerd,482181
41710,Lin,Keming,林克明,Male,1817,NA,cerd,17167
41716,Lin,Xicheng,林希成,Male,NA,NA,cerd,482182
41718,Lin,Cunhou,林存厚,Male,553,1911,cerd,482183
41720,Lin,Zhixiu,林志秀,Male,553,1889,cerd,359165
41724,Lin,Shounan,林壽南,Male,74,NA,cerd,482184
41727,Lin,Xiaofu,林孝富,Male,NA,NA,cerd,482185
41729,Lin,Zaokun,林藻坤,Male,449,1900,cerd,482186
41741,Lin,Fangyuan,林芳遠,Male,7915,1914,cerd,482187
41744,Lin,Weiran,林蔚然,Male,22888,1906,cerd,482188
41746,Lin,Maozeng,林茂曾,Male,3471,1916,cerd,482189
41748,Lin,Wanxiong,林萬熊,Male,1161,1915,cerd,482191
41750,Lin,Huayu,林華煜,Male,NA,NA,cerd,482192
41752,Lin,Huabao,林華寶,Male,NA,NA,cerd,482193
41754,Lin,Yingjie,林英杰,Male,1161,1903,cerd,482194
41762,Lin,Shirang,林世讓,Male,807,1914,cerd,482195
41764,Lin,Shijin,林世謹,Male,877,1915,cerd,482196
41766,Lin,Shijun,林世俊,Male,1725,1917,cerd,482197
41768,Lin,Shihua,林世華,Male,1993,1914,cerd,482198
41770,Lin,Shichang,林世昌,Male,553,1916,cerd,482199
41772,Lin,Qiyong,林其墉,Male,553,NA,cerd,482200
41774,Lin,Shuxiang,林樹香,Male,7045,1912,cerd,482203
41776,Lin,Zhixun,林植勳,Male,607,1910,cerd,482204
41778,Lin,Zhijing,林植菁,Male,1993,1912,cerd,482205
41780,Lin,Bojian,林柏堅,Male,7296,NA,cerd,482206
41783,Lin,Yuwen,林郁文,Male,2780,1890,cerd,482207
41791,Lin,Hetao,林鶴桃,Male,3042,1915,cerd,482208
41793,Lin,Chaozhen,林朝珍,Male,1817,1912,cerd,482209
41799,Lin,Songtao,林松濤,Male,4553,NA,cerd,482210
41802,Lin,Shuxiu,林書秀,Male,7045,1913,cerd,482211
41804,Lin,Zhenjia,林振家,Male,1189,1899,cerd,482212
41807,Lin,Zhenguo,林振國,Male,3710,1913,cerd,482214
41809,Lin,Guoqi,林國琪,Male,553,NA,cerd,482215
41811,Lin,Huishu,林暉樹,Male,1564,1917,cerd,482216
41813,Lin,Houji,林厚基,Male,1748,1915,cerd,482217
41816,Lin,Tonggu,林同嘏,Male,553,1915,cerd,482218
41818,Lin,Tongyan,林同棪,Male,553,1911,cerd,482219
41823,Lin,Tonghua,林同驊,Male,553,NA,cerd,482220
41825,Lin,Xibao,林熙保,Male,9207,1916,cerd,482221
41827,Lin,Xiye,林熙業,Male,590,1914,cerd,482222
41829,Lin,Xuefen,林學奮,Male,553,NA,cerd,482223
41832,Lin,Quanyin,林全蔭,Male,NA,NA,cerd,482225
41834,Lin,Jingying,林鏡瀛,Male,NA,NA,cerd,482226
41836,Lin,Jingqing,林鏡清,Male,3884,1902,cerd,482227
41845,Lin,Zunxun,林尊訓,Male,553,NA,cerd,482228
41847,Lin,Jiangming,林姜明,Male,553,1913,cerd,482229
41850,Lin,Zhongshan,林鍾山,Male,7071,1911,cerd,482230
41852,Lin,Zhongqi,林鍾祺,Male,511,1911,cerd,482231
41854,Lin,Chuangye,林創業,Male,4977,1895,cerd,482232
41860,Lin,Jinwen,林錦文,Male,40446,1915,cerd,482233
41862,Lin,Jinjiang,林錦江,Male,2780,1913,cerd,482234
41864,Lin,Jiancheng,林鑑誠,Male,449,1891,cerd,375175
41871,Lin,Bingxian,林炳賢,Male,74,1903,cerd,482236
41876,Lin,Bingguang,林炳光,Male,1993,1893,cerd,482237
41884,Lin,Rongshan,林榮山,Male,5332,1913,cerd,482238
41888,Lin,Rongxiang,林榮向,Male,553,1897,cerd,482239
41906,Lin,Rongrun,林榮潤,Male,4977,1908,cerd,482240
41909,Lin,Rongsen,林榮森,Male,3710,1892,cerd,482241
41921,Lin,Rongdong,林榮棟,Male,2780,1911,cerd,482242
41929,Yang,Qingpu,楊清浦,Male,11047,1913,cerd,482243
41936,Yang,Daquan,楊達權,Male,80,NA,cerd,482244
41939,Yang,Dasan,楊達三,Male,324,1905,cerd,333355
41947,Yang,Haoxing,楊浩興,Male,965,1915,cerd,482245
41949,Yang,Hanguang,楊漢光,Male,5273,1912,cerd,482247
41951,Yang,Hanyung,楊漢雲,Male,1210,1911,cerd,482248
41954,Yang,Shutong,楊澍桐,Male,1356,1906,cerd,482249
41957,Yang,Zhihuan,楊治寰,Male,1490,1904,cerd,482250
41960,Yang,Zhiping,楊治平,Male,8954,1915,cerd,482251
41962,Yang,Chenghua,楊澄華,Male,1618,1918,cerd,482252
41964,Yang,Fuxun,楊福勛,Male,1695,1897,cerd,482253
41968,Yang,Zongguang,楊宗珖,Male,8278,1908,cerd,482254
41971,Yang,Baonan,楊寶南,Male,1079,1886,cerd,333352
41979,Yang,Baochen,楊寶琛,Male,1703,1917,cerd,482255
41981,Yang,Yinkai,楊寅塏,Male,31923,1914,cerd,482256
41983,Yang,Dingjiu,楊定九,Male,1091,1913,cerd,482258
41986,Yang,Ding'an,楊定安,Male,590,1903,cerd,482259
41993,Yang,Hongmou,楊宏謀,Male,40404,1915,cerd,482260
41995,Yang,Shouyu,楊守餘,Male,6617,1905,cerd,482261
42001,Yang,Shouzhong,楊守忠,Male,42002,NA,cerd,482262
42004,Yang,Shouqing,楊守清,Male,9204,1901,cerd,482263
42008,Yang,Shouqian,楊守謙,Male,2183,1898,cerd,482264
42015,Yang,Yuanhan,楊元漢,Male,1079,1913,cerd,482265
42017,Yang,Jialu,楊家祿,Male,1079,1894,cerd,482266
42032,Yang,Jiaye,楊家業,Male,765,1908,cerd,482267
42036,Yang,Jiayu,楊家瑜,Male,7718,1903,cerd,193196
42046,Yang,Yongquan,楊永泉,Male,74,1909,cerd,376559
42051,Yang,Kuanlin,楊寬麟,Male,950,1892,cerd,68305
42055,Yang,Wanhui,楊灣輝,Male,566,1908,cerd,482269
42061,Yang,Jicang,楊濟蒼,Male,NA,NA,cerd,482270
42063,Yang,Jixun,楊濟勳,Male,16226,1914,cerd,482271
42065,Yang,Zuofu,楊作孚,Male,590,1913,cerd,482272
42067,Yang,Yidi,楊以棣,Male,3495,1909,cerd,482273
42070,Yang,Yiyun,楊以運,Male,558,1907,cerd,482274
42083,Yang,Yijin,楊以進,Male,558,1912,cerd,482275
42085,Yang,Shaozhong,楊紹忠,Male,4186,1915,cerd,482276
42087,Yang,Shaopu,楊紹溥,Male,2797,1889,cerd,482277
42089,Yang,Shuyi,楊叔藝,Male,1664,1901,cerd,482278
42099,Yang,Jiuzhao,楊久照,Male,3739,1903,cerd,482280
42101,Yang,Luxian,楊魯賢,Male,12589,1914,cerd,482281
42103,Yang,Mingqi,楊名綺,Male,324,1915,cerd,482282
42105,Yang,Baojun,楊保鈞,Male,2539,NA,cerd,482283
42109,Yang,Baopu,楊保璞,Male,7703,1901,cerd,482284
42119,Yang,Desen,楊得森,Male,2797,1902,cerd,482285
42121,Yang,Borong,楊伯榮,Male,42122,1912,cerd,482286
42124,Yang,Botao,楊伯陶,Male,6556,1895,cerd,375969
42131,Yang,Boqiao,楊伯橋,Male,2780,1912,cerd,482287
42138,Yang,Boxun,楊伯壎,Male,38754,1897,cerd,482288
42151,Yang,Bokang,楊伯康,Male,4005,NA,cerd,482289
42154,Yang,Jizhao,楊績昭,Male,35912,1912,cerd,482291
42157,Yang,Shengchun,楊生春,Male,7484,1904,cerd,482292
42164,Yang,Zanwen,楊贊文,Male,16207,1892,cerd,482293
42169,Yang,Zuanwu,楊纘武,Male,42170,1913,cerd,482294
42172,Yang,Xukui,楊緒逵,Male,5291,1913,cerd,482295
42174,Yang,Dejun,楊德鈞,Male,1630,1902,cerd,482296
42180,Yang,Defa,楊德法,Male,1356,1901,cerd,482297
42182,Yang,Dejun,楊德俊,Male,14247,1908,cerd,482298
42185,Yang,Degong,楊德功,Male,8278,1917,cerd,482299
42187,Yang,Jiaji,楊佳驥,Male,1335,1916,cerd,482300
42190,Yang,Xianqian,楊先乾,Male,590,1902,cerd,482302
42195,Yang,Juncheng,楊俊成,Male,NA,NA,cerd,482303
42197,Yang,Junlie,楊俊烈,Male,13941,NA,cerd,482304
42201,Yang,Daisheng,楊代盛,Male,9282,1915,cerd,482305
42203,Yang,Yunzhi,楊允植,Male,6090,1908,cerd,482306
42206,Yang,Yunsheng,楊允升,Male,4371,1890,cerd,482307
42211,Yang,Busan,楊卜三,Male,4272,NA,cerd,482308
42214,Yang,Jiceng,楊繼曾,Male,6090,1898,cerd,482309
42225,Yang,Chongxie,楊崇燮,Male,7398,NA,cerd,482310
42227,Yang,Chongxi,楊崇熙,Male,3901,NA,cerd,482311
42229,Yang,Chongya,楊崇雅,Male,765,1895,cerd,482314
42234,Yang,Shigu,楊師古,Male,819,1907,cerd,482315
42236,Yang,Zhuosheng,楊倬聲,Male,10543,1889,cerd,482316
42240,Yang,Nengshen,楊能深,Male,2829,1904,cerd,482317
42248,Yang,Nengrui,楊能睿,Male,2829,NA,cerd,482318
42250,Yang,Renshen,楊仁身,Male,1664,1914,cerd,482319
42254,Yang,Renjie,楊仁傑,Male,1189,1905,cerd,482320
42259,Yang,Renkang,楊仁康,Male,4079,1894,cerd,482321
42264,Yang,Weiyi,楊維益,Male,4394,1909,cerd,482322
42268,Yang,Weihou,楊維厚,Male,4394,1913,cerd,482323
42270,Yang,Weiwei,楊維偉,Male,571,1914,cerd,482325
42272,Yang,Weigeng,楊維庚,Male,8920,1905,cerd,482326
42278,Yang,Zijia,楊子嘉,Male,80,1893,cerd,333389
42286,Yang,Zipei,楊子培,Male,427,1914,cerd,482327
42288,Yang,Zizhong,楊子仲,Male,590,NA,cerd,482328
42291,Yang,Chengqi,楊承祺,Male,4407,1912,cerd,482329
42293,Yang,Chengxun,楊承訓,Male,590,1893,cerd,193461
42309,Yang,Bichen,楊弼宸,Male,427,NA,cerd,482330
42312,Yang,Naizhen,楊乃震,Male,427,1916,cerd,482331
42314,Yang,Lizhun,楊理準,Male,2429,1916,cerd,482332
42316,Yang,Lishan,楊理山,Male,16922,1901,cerd,482333
42326,Yang,Liji,楊理璣,Male,2429,NA,cerd,482334
42328,Yang,Fengji,楊逢基,Male,553,1897,cerd,482336
42330,Yang,Jinzhong,楊勁中,Male,14373,1914,cerd,482337
42332,Yang,Tingying,楊廷英,Male,553,1889,cerd,482338
42341,Yang,Tingbao,楊廷寶,Male,66,1903,cerd,68351
42360,Yang,Yanshi,楊延實,Male,4407,1913,cerd,482339
42363,Yang,Dengxian,楊登先,Male,36062,NA,cerd,482340
42365,Yang,Tian'en,楊天恩,Male,27487,1915,cerd,482341
42367,Yang,Tianxiang,楊天祥,Male,427,1915,cerd,482342
42371,Yang,Tian'ai,楊天靄,Male,1993,1917,cerd,482343
42373,Yang,Zhenheng,楊震恆,Male,3901,NA,cerd,482344
42375,Yang,Zhending,楊震鼎,Male,3901,1899,cerd,482345
42380,Yang,Yuanba,楊元拔,Male,1113,1904,cerd,482347
42389,Yang,Yuanjian,楊元儉,Male,601,1912,cerd,482348
42391,Yang,Yuancong,楊元聰,Male,6015,NA,cerd,482349
42393,Yang,Yushu,楊玉書,Male,1664,1911,cerd,482350
42396,Yang,Yuzhen,楊玉珍,Male,2690,1909,cerd,482351
42403,Yang,Yuwen,楊玉文,Male,4449,NA,cerd,482352
42405,Yang,Zhengyi,楊正義,Male,556,1916,cerd,482353
42407,Yang,Zhengzhi,楊正志,Male,2071,1904,cerd,482354
42409,Yang,Zhengqing,楊正清,Male,64,1899,cerd,482355
42416,Yang,Xiaoxian,楊效賢,Male,4272,NA,cerd,482356
42419,Yang,Shaofang,楊韶芳,Male,2837,1911,cerd,482358
42422,Yang,Yiqing,楊毅慶,Male,1079,1917,cerd,482359
42424,Yang,Xunzheng,楊訓政,Male,16722,1913,cerd,482360
42426,Yang,Fangyu,楊訪漁,Male,6090,1908,cerd,482361
42428,Yang,Wenhuan,楊文煥,Male,6256,1911,cerd,482362
42431,Yang,Wenduo,楊文鐸,Male,1231,1905,cerd,482363
42435,Yang,Wenxi,楊文熙,Male,1664,1907,cerd,482364
42443,Yang,Wenming,楊文明,Male,13681,NA,cerd,482365
42445,Yang,Wending,楊文鼎,Male,42446,1913,cerd,482366
42448,Lian,Wenchao,連文超,Male,76,1908,cerd,482367
42451,Lian,Yupei,連玉佩,Male,656,1909,cerd,482369
42459,Lian,Tianji,連天驥,Male,2732,1905,cerd,482370
42461,Lian,Sixiao,連思孝,Male,1493,1900,cerd,390265
42471,Lian,Zhonglin,連鍾麟,Male,19911,1902,cerd,482371
42475,Lian,Xihan,連錫漢,Male,3042,1914,cerd,482372
42479,Lian,Xipei,連錫培,Male,NA,NA,cerd,482373
42481,Kuang,Hongru,况鴻儒,Male,1434,1903,cerd,332803
42485,Kuang,Yuying,况餘盈,Male,42486,1912,cerd,482374
42488,Wen,Jin,溫進,Male,11187,1905,cerd,482375
42493,Wen,Qinglin,溫慶麟,Male,74,1901,cerd,482376
42496,Wen,Guangjun,溫廣濬,Male,9583,1902,cerd,482377
42500,Wen,Tinghua,溫廷華,Male,566,NA,cerd,482378
42502,Wen,Jianzhong,溫建中,Male,4977,1911,cerd,482380
42509,Wen,Chengrang,溫承讓,Male,4225,NA,cerd,482381
42511,Wen,Chengyu,溫承禹,Male,4225,1900,cerd,482382
42513,Wen,Ziyuan,溫子瑗,Male,566,1904,cerd,482383
42517,Wen,Chongguang,溫重光,Male,9117,1885,cerd,482384
42519,Wen,Xiuling,溫秀靈,Male,19911,1913,cerd,482385
42521,Wen,Buyi,溫步頤,Male,6701,1909,cerd,482386
42530,Wen,Baoxiang,溫保香,Male,9830,1914,cerd,482387
42532,Wen,Zhi'e,溫之萼,Male,21465,1911,cerd,482388
42534,Wen,Zongyu,溫宗禹,Male,4977,1881,cerd,7803
42538,Wen,Zhaoshu,溫兆書,Male,4225,1907,cerd,482389
42542,Wen,Zhaoming,溫兆明,Male,7006,1914,cerd,378961
42544,Wen,Hanxing,溫漢興,Male,449,1911,cerd,482391
42548,Wen,Qijun,溫其濬,Male,7006,NA,cerd,482392
42558,Zuo,Dexin,左德新,Male,5688,1886,cerd,332557
42562,Zuo,Fusheng,左富生,Male,1227,NA,cerd,482393
42564,Zuo,Mengxing,左夢星,Male,5992,NA,cerd,482394
42567,Zuo,Qipeng,左起彭,Male,965,NA,cerd,482395
42570,Zuo,Kaiquan,左開泉,Male,14276,NA,cerd,482396
42573,Zuo,Yaoxian,左耀先,Male,2857,NA,cerd,482397
42575,Zuo,Xieqing,左燮卿,Male,1036,1911,cerd,482398
42577,Li,Yihu,力一湖,Male,42578,NA,cerd,482399
42580,Li,Bowan,力伯皖,Male,553,1913,cerd,482400
42582,Zha,Hui,查譓,Male,42583,1911,cerd,482402
42590,Zha,Qingfeng,查慶豐,Male,511,1914,cerd,482403
42592,Zha,Liangzhu,查良鑄,Male,1305,1907,cerd,482404
42595,Zha,Liangming,查良銘,Male,427,NA,cerd,482405
42597,Zha,Zonglu,查宗祿,Male,795,1904,cerd,482406
42610,Zha,Liguan,查禮官,Female,965,1918,cerd,482407
42612,Cai,Zihe,才子和,Male,2857,NA,cerd,482408
42615,Cai,Rongchun,才榮春,Male,37605,1912,cerd,482409
42622,Mai,Hui,麥惠,Male,3608,NA,cerd,482410
42624,Mai,Sheng,麥勝,Male,7006,NA,cerd,482411
42626,Mai,Tang,麥棠,Male,1993,1887,cerd,482413
42630,Mai,Wenquan,麥文全,Male,3042,1912,cerd,482414
42633,Mai,Yuxi,麥禹喜,Male,1817,1912,cerd,482415
42635,Mai,Zhaowan,麥兆芄,Male,1993,1914,cerd,482416
42637,Mai,Yinduo,麥蔭多,Male,3608,1897,cerd,482417
42641,Yuan,Chaorong,袁朝榮,Male,11413,1914,cerd,482418
42644,Yuan,Zengyun,袁增運,Male,1659,1908,cerd,482419
42649,Yuan,Qingtai,袁青泰,Male,7094,1895,cerd,482420
42653,Yuan,Yiqun,袁軼羣,Male,1770,1911,cerd,482421
42660,Yuan,Huizhuo,袁慧灼,Male,1409,1908,cerd,333883
42667,Yuan,Guoduan,袁國端,Male,7398,1914,cerd,482422
42670,Yuan,Guoyin,袁國蔭,Male,2429,1912,cerd,482425
42673,Yuan,Mianxian,袁冕先,Male,3366,1914,cerd,482426
42675,Yuan,Changyu,袁昌榘,Male,1817,1917,cerd,482427
42677,Yuan,Jingzhang,袁景章,Male,5282,1915,cerd,482428
42682,Yuan,Zemeng,袁則孟,Male,1256,1911,cerd,482429
42684,Yuan,Mingda,袁明達,Male,1711,1912,cerd,482430
42686,Yuan,Mingheng,袁明恆,Male,9404,1916,cerd,482431
42688,Yuan,Jisheng,袁際盛,Male,935,1917,cerd,482432
42690,Yuan,Suishan,袁隨善,Male,965,1916,cerd,192888
42692,Yuan,Fengxiang,袁鳳祥,Male,1256,1902,cerd,482433
42697,Yuan,Kuangsu,袁鑛蘇,Male,1231,1916,cerd,482434
42700,Mai,Yifang,麥藝芳,Male,3608,1913,cerd,482436
42701,Yuan,Yugeng,袁愈賡,Male,1817,1916,cerd,482437
42704,Yuan,Xitian,袁錫田,Male,4314,1908,cerd,482438
42706,Yuan,Shengren,袁省仁,Male,1189,1900,cerd,482439
42708,Yuan,Yanji,袁炎基,Male,1817,1912,cerd,482440
42709,Mai,Yunyu,麥蘊瑜,Male,1993,1897,cerd,482441
42711,Yuan,Bingcheng,袁炳澄,Male,2068,1911,cerd,482442
42719,Yuan,Rongmao,袁榮瑁,Male,4802,1906,cerd,482443
42723,Suo,Hengwen,索衡文,Male,2732,1905,cerd,482444
42726,Suo,Songshou,索松壽,Male,2732,1912,cerd,482445
42728,Mai,Chunpei,麥春培,Male,449,1901,cerd,482447
42729,Lai,Zhiqi,來之琦,Male,607,1916,cerd,482448
42732,Tan,Guisen,檀桂森,Male,63,1908,cerd,482449
42735,Mai,Sixin,麥思信,Male,21693,1913,cerd,482450
42736,Hang,Can,杭燦,Male,562,1913,cerd,482451
42739,Hang,Weihan,杭維翰,Male,11551,NA,cerd,482452
42741,Ji,Feng,姬灃,Male,1573,1908,cerd,482453
42743,Ji,Yabin,姬雅彬,Male,9772,1907,cerd,482454
42744,Mai,Jingwei,麥景偉,Male,1993,1914,cerd,482455
42752,Ji,Jiushao,姬九韶,Male,4394,1901,cerd,482456
42756,Mai,Shancai,麥善才,Male,3608,1914,cerd,482458
42758,Ke,Binquan,柯斌銓,Male,3726,NA,cerd,482459
42763,Mai,Weixin,麥惟新,Male,3730,1913,cerd,482460
42765,Mai,Shangyi,麥尚漪,Male,3608,1913,cerd,482461
42767,Nan,Dengfeng,南登峯,Male,1042,1912,cerd,482462
42770,Ke,Yuanheng,柯元恆,Male,1779,1905,cerd,482463
42775,Ke,Baoxing,柯保性,Male,1779,NA,cerd,482464
42777,Ke,Fuxie,柯富燮,Male,3726,1905,cerd,482465
42780,Nan,Weining,南維寧,Male,2313,1904,cerd,482466
42785,Nan,Wuqiang,南吳鏘,Male,2567,NA,cerd,482467
42787,Nan,Ronggen,南榮根,Male,34827,NA,cerd,482469
42789,Pi,Lian,皮鍊,Male,4945,1901,cerd,482470
42799,Ke,Runhua,柯潤華,Male,382,1913,cerd,482471
42801,Ke,Jinglian,柯景濂,Male,1993,1913,cerd,482472
42803,Peng,Hong,彭弘,Male,388,1917,cerd,482473
42804,Pi,Dingwen,皮鼎文,Male,511,1914,cerd,482474
42806,Peng,Qi,彭琦,Male,18194,NA,cerd,482475
42811,Peng,Hao,彭浩,Male,956,1901,cerd,368284
42823,Peng,Bin,彭彬,Male,30607,1912,cerd,482476
42825,Peng,Fu,彭黼,Male,388,1908,cerd,482477
42831,Peng,Xin,彭昕,Male,566,1897,cerd,482478
42836,Pi,Mingzhen,皮名振,Male,590,1898,cerd,482480
42851,Peng,Rui,彭銳,Male,1364,1901,cerd,482481
42853,Peng,Ce,彭策,Male,3040,1915,cerd,482482
42856,Peng,Qingzheng,彭慶徵,Male,8185,1915,cerd,482483
42859,Peng,Wenhan,彭文漢,Male,2732,1901,cerd,482484
42871,Peng,Wensen,彭文森,Male,3101,1904,cerd,482485
42878,Peng,Yahao,彭亞豪,Male,10475,1917,cerd,482486
42884,Peng,Zhendong,彭震東,Male,5937,1913,cerd,482487
42889,Peng,Ruimin,彭瑞民,Male,1079,1912,cerd,482488
42895,Peng,Tingzhen,彭廷珍,Male,8278,1909,cerd,482489
42899,Peng,Bingzhang,彭秉璋,Male,3703,1917,cerd,482491
42904,Peng,Bingzhang,彭秉璋,Male,20354,1906,cerd,482492
42906,Peng,Weiji,彭維基,Male,7174,1895,cerd,482493
42924,Peng,Junfu,彭俊甫,Male,16722,1916,cerd,482494
42927,Pi,Zongxi,皮宗熹,Male,590,1914,cerd,482495
42928,Peng,Deyi,彭德一,Male,9592,1916,cerd,482496
42931,Peng,Deyin,彭德寅,Male,32873,1912,cerd,482497
42933,Peng,Deshu,彭德樹,Male,5020,1911,cerd,482498
42936,Peng,Zhonghua,彭仲華,Male,1993,1915,cerd,482499
42938,Peng,Xiuli,彭修禮,Male,20636,1909,cerd,482500
42940,Peng,Wunu,彭勿奴,Male,5937,1912,cerd,482502
42947,Peng,Shuchang,彭叔常,Male,9181,1918,cerd,482503
42949,Peng,Zuokai,彭作楷,Male,2429,1887,cerd,368171
42958,Peng,Jiqun,彭濟羣,Male,64,1897,cerd,333044
42967,Peng,Shouxin,彭守信,Male,7888,1905,cerd,482504
42971,Peng,Shouli,彭守禮,Male,7888,1916,cerd,482505
42973,Peng,Liangchen,彭良臣,Male,2732,1892,cerd,482506
42975,Peng,DIngyi,彭定一,Male,9592,1912,cerd,482507
42979,Peng,Zonghao,彭宗灝,Male,807,1912,cerd,482508
42986,Peng,Zonghan,彭宗漢,Male,9613,1914,cerd,482509
42989,Peng,Fuhong,彭福洪,Male,1079,1914,cerd,482510
42991,Peng,Zhaoyi,彭兆頤,Male,3199,1911,cerd,482511
42994,Peng,Han'en,彭漢恩,Male,562,1911,cerd,482513
42996,Peng,Ruzhou,彭汝舟,Male,5273,1915,cerd,482514
42998,Peng,Qingyu,彭清裕,Male,1079,NA,cerd,482515
43002,Peng,Dinu,彭滌奴,Male,5937,1915,cerd,482516
43004,Peng,Daoren,彭道仁,Male,NA,NA,cerd,482517
43006,Peng,Daonan,彭道南,Male,6556,1904,cerd,482518
43018,Peng,Jiusheng,彭九生,Male,NA,NA,cerd,482519
43025,Peng,Shihong,彭士弘,Male,2732,1898,cerd,482520
43029,Peng,Shouren,彭壽人,Male,18194,NA,cerd,482521
43032,Peng,Zhihui,彭芝蕙,Male,3331,NA,cerd,482522
43034,Peng,Mushi,彭慕時,Male,6917,1917,cerd,482524
43036,Peng,Maozhong,彭懋忠,Male,31401,1915,cerd,482525
43038,Peng,Shiliang,彭世良,Male,24089,1916,cerd,482526
43040,Peng,Shude,彭樹德,Male,3703,1910,cerd,482527
43045,Peng,Shupei,彭樹培,Male,5212,1914,cerd,482528
43047,Peng,Shumao,彭樹茂,Male,388,1898,cerd,482529
43053,Peng,Shengrong,彭聲榮,Male,20203,NA,cerd,482530
43055,Peng,Zhongli,彭中立,Male,43056,1910,cerd,482531
43058,Peng,Shenfu,彭申甫,Male,2114,1912,cerd,482532
43060,Peng,Guiren,彭貴仁,Male,25625,NA,cerd,482533
43063,Peng,Guoying,彭國英,Male,5073,NA,cerd,482536
43065,Peng,Guoxian,彭國賢,Male,43066,1897,cerd,482537
43079,Peng,Changlu,彭昌祿,Male,3703,NA,cerd,482538
43081,Peng,Mingjing,彭明經,Male,9181,1911,cerd,482539
43083,Peng,Changsong,彭長松,Male,590,1912,cerd,482540
43085,Peng,Kaixu,彭開煦,Male,43086,1901,cerd,482541
43095,Peng,Minbang,彭民邦,Male,23657,1914,cerd,482542
43097,Peng,Tengzhi,彭騰之,Male,43098,NA,cerd,482543
43100,Peng,Dianyuan,彭奠原,Male,449,1912,cerd,482544
43102,Gu,Zuze,辜祖澤,Male,590,1908,cerd,482545
43105,Zhi,Bingyuan,支秉淵,Male,1259,1898,cerd,482547
43112,Zhi,Shaoyan,支少炎,Male,1259,1912,cerd,482548
43124,Li,Wen,李文,Male,67,1892,cerd,372842
43132,Li,Yan,李言,Male,2829,NA,cerd,482549
43134,Li,Zhen,李震,Male,1748,1902,cerd,482550
43144,Li,Jin,李晉,Male,21333,1913,cerd,482551
43148,Li,Jiang,李疆,Male,1079,1893,cerd,482552
43150,Li,Fei,李斐,Male,19500,1909,cerd,482553
43159,Li,Fei,李棐,Male,1664,1913,cerd,482554
43161,Li,Qiu,李球,Male,NA,NA,cerd,482555
43163,Li,Ying,李瑛,Male,38834,NA,cerd,482556
43165,Li,Lian,李璉,Female,24047,1913,cerd,482558
43167,Li,Zhu,李珠,Male,427,1895,cerd,482559
43172,Li,Jing,李璟,Male,427,1894,cerd,482560
43182,Li,Xun,李珣,Male,80,1914,cerd,482561
43184,Li,Yi,李乙,Male,562,1912,cerd,482562
43190,Li,Xuan,李璇,Female,965,1915,cerd,482563
43194,Li,Fang,李仿,Male,13846,1913,cerd,482564
43198,Li,Xin,李信,Male,3780,1901,cerd,482565
43200,Li,Zhuo,李卓,Male,1857,1894,cerd,482566
43204,Li,Yue,李嶽,Male,4238,1916,cerd,482567
43207,Li,Song,李崧,Male,942,1906,cerd,482569
43211,Li,Mian,李勉,Male,571,1913,cerd,482570
43213,Li,Wei,李偉,Male,27768,NA,cerd,482571
43217,Li,Jian,李健,Male,1881,1914,cerd,482572
43219,Li,Jian,李健,Male,1664,1899,cerd,482573
43231,Li,Yan,李儼,Male,553,1892,cerd,482574
43237,Li,Chu,李俶,Male,1664,1898,cerd,482575
43242,Li,Wen,李汶,Male,1618,1909,cerd,482576
43246,Li,Rong,李溶,Male,20133,NA,cerd,482577
43249,Li,Yuan,李遠,Male,765,NA,cerd,482578
43252,Li,Da,李達,Male,43253,1905,cerd,482580
43261,Li,Da,李達,Male,43262,1906,cerd,482581
43265,Li,Zhu,李洙,Male,2790,1911,cerd,482582
43268,Li,Xiang,李湘,Male,1664,1896,cerd,482583
43276,Li,Chang,李昶,Male,67,1888,cerd,482584
43283,Li,Xun,李洵,Male,1881,NA,cerd,482585
43285,Li,Qi,李棨,Male,2071,1894,cerd,482586
43288,Li,Pei,李培,Male,11962,1913,cerd,482587
43290,Li,Yao,李堯,Male,556,NA,cerd,482588
43292,Li,Yao,李堯,Male,30607,1912,cerd,482589
43294,Li,Zhi,李志,Male,67,1894,cerd,482591
43297,Li,Zhu,李柱,Male,9036,1905,cerd,482592
43309,Li,Rong,李榕,Male,1364,1889,cerd,482593
43322,Li,Fang,李芳,Male,22209,1905,cerd,482594
43327,Wen,Chunsheng,溫春生,Male,566,1914,cerd,482595
43330,Wen,Guozhen,溫國珍,Male,9117,1903,cerd,482596
43333,Wen,Zhaohu,溫昭琥,Male,9907,1916,cerd,482597
43335,Wen,Xueyun,溫學贇,Male,70,1911,cerd,482598
43339,Wen,Nian'en,溫念恩,Male,656,1913,cerd,482599
43341,Wen,Nianyu,溫念愚,Male,656,NA,cerd,482600
43343,Wen,Yuqing,溫毓慶,Male,4977,1895,cerd,7806
43351,Wen,Junheng,溫鈞衡,Male,807,1913,cerd,482602
43353,Wen,Qinlan,溫欽蘭,Male,566,1914,cerd,482603
43355,Wen,Bingwen,溫炳文,Male,7006,1912,cerd,482604
43357,Wen,Zhuoming,溫焯明,Male,7006,NA,cerd,482605
43359,Wen,Xiejun,溫爕鈞,Male,807,1900,cerd,482606
43365,Tang,Dong,湯棟,Male,965,NA,cerd,482607
43367,Tang,Liwu,湯立吾,Male,5073,NA,cerd,482608
43372,Tang,Lusheng,湯鹿生,Male,965,NA,cerd,482609
43374,Tang,Yuanji,湯元吉,Male,562,1904,cerd,482610
43381,Tang,Zhenlong,湯震龍,Male,9785,1896,cerd,482611
43385,Tang,Tiandong,湯天棟,Male,877,1901,cerd,482613
43395,Tang,Zizhen,湯子珍,Male,43396,1901,cerd,482614
43410,Tang,Ruijun,湯瑞鈞,Male,9592,1908,cerd,482615
43414,Tang,Wuzhao,湯武釗,Male,1256,1912,cerd,482616
43416,Tang,Wuyue,湯武鉞,Male,1256,NA,cerd,482617
43418,Tang,Qiongfang,湯瓊方,Male,4977,1909,cerd,482618
43422,Huang,Liangfu,黃良輔,Male,2797,1903,cerd,482619
43424,Huang,Baowei,黃寶瑋,Male,74,1909,cerd,482620
43427,Huang,Baoqun,黃寶羣,Male,1993,1914,cerd,482621
43429,Huang,Baoxun,黃寶勳,Male,NA,NA,cerd,482622
43431,Huang,Baohao,黃寶灝,Male,33992,1899,cerd,482624
43437,Huang,Baochao,黃寶潮,Male,4977,NA,cerd,482625
43439,Huang,Baoshan,黃寶善,Male,877,1911,cerd,482626
43442,Huang,Zongyu,黃宗禹,Male,1779,1904,cerd,482627
43446,Huang,Zongshang,黃宗裳,Male,35462,1911,cerd,482628
43451,Huang,Yuanfang,黃沅芳,Male,3730,1913,cerd,482629
43454,Huang,Fuquan,黃福佺,Male,3608,1912,cerd,482630
43456,Huang,Fuhuan,黃福寰,Male,1042,1912,cerd,482631
43460,Huang,Fuyao,黃福耀,Male,7071,1910,cerd,482632
43470,Huang,Naihe,黃迺鶴,Male,566,1908,cerd,398878
43474,Huang,Zhaowen,黃兆文,Male,43475,1915,cerd,482633
43477,Huang,Zhaoliang,黃兆良,Male,74,1909,cerd,482635
43479,Huang,Zhaozi,黃兆滋,Male,4977,1915,cerd,482636
43481,Huang,Zhaotong,黃兆桐,Male,449,NA,cerd,482637
43485,Huang,Zhaoxin,黃兆鑫,Male,965,1899,cerd,482638
43488,Huang,Chengyuan,黃澄淵,Male,1113,1904,cerd,482639
43495,Huang,Chengqing,黃澄清,Male,607,1917,cerd,482640
43497,Huang,Zhixin,黃治新,Male,427,1912,cerd,482641
43505,Huang,Zhiming,黃治明,Male,1630,1912,cerd,482642
43507,Huang,Shuceng,黃述曾,Male,3608,1917,cerd,482643
43509,Huang,Shushan,黃述善,Male,16722,1893,cerd,482644
43512,Huang,Hanqiu,黃漢秋,Male,2443,1916,cerd,482647
43514,Huang,Hanying,黃漢英,Female,594,1914,cerd,482648
43516,Huang,Ruzhao,黃汝照,Male,3042,1913,cerd,482649
43518,Huang,Ruguang,黃汝光,Male,5028,1911,cerd,482650
43521,Huang,Chaoran,黃浩然,Male,10774,1912,cerd,482651
43523,Huang,Hongxi,黃洪熙,Male,7296,1918,cerd,482652
43525,Huang,Xipian,黃禧駢,Male,449,1906,cerd,482653
43527,Huang,Maiqun,黃邁羣,Male,1189,1900,cerd,482654
43529,Huang,Zeyan,黃澤延,Male,571,1913,cerd,482655
43531,Huang,Zerong,黃澤蓉,Male,4977,1906,cerd,482656
43534,Huang,Runshao,黃潤韶,Male,1079,1907,cerd,482658
43537,Huang,Hongning,黃鴻寗,Male,3608,1914,cerd,482659
43539,Huang,Hongjun,黃鴻鈞,Male,74,1882,cerd,482660
43544,Huang,Shulin,黃淑麟,Female,8122,1914,cerd,482661
43546,Huang,Zutang,黃祖棠,Male,NA,1911,cerd,482662
43548,Huang,Xuanqing,黃選青,Male,1664,1892,cerd,482663
43552,Huang,Yisheng,黃溢聲,Male,74,1913,cerd,482664
43554,Huang,Tongli,黃通理,Male,3739,1888,cerd,482665
43556,Huang,Zunle,黃遵樂,Male,11217,NA,cerd,482666
43558,Huang,Zhaoxiu,黃肇修,Male,2660,1891,cerd,482667
43570,Li,Fen,李芬,Male,10029,1905,cerd,482669
43574,Li,Fen,李芬,Male,4816,1912,cerd,482670
43577,Li,Bi,李苾,Male,4816,1917,cerd,482671
43581,Tang,Jizhi,湯季直,Male,590,1915,cerd,482672
43583,Tang,Yangan,湯衍淦,Male,449,NA,cerd,482673
43585,Tang,Junjian,湯俊建,Female,1256,1909,cerd,482674
43589,Tang,Fuqi,湯傅圻,Male,71,1909,cerd,482675
43592,Tang,Jilian,湯紀漣,Male,877,1895,cerd,482676
43598,Tang,Fubin,湯傅斌,Male,43396,1911,cerd,482677
43604,Tang,Fuxie,湯傅爕,Male,1256,NA,cerd,482678
43606,Tang,Shaoqiu,湯紹裘,Male,4809,1911,cerd,482680
43608,Tang,Zuoren,湯作仁,Male,12778,1913,cerd,482681
43610,Tang,Peiqing,湯沛清,Male,15783,NA,cerd,482682
43612,Tang,Jiahe,湯家和,Male,2352,1912,cerd,482683
43614,Tang,Zhaoyu,湯兆裕,Male,1210,1905,cerd,482684
43616,Tang,Zhaoheng,湯兆恒,Male,1210,1909,cerd,482685
43619,Tang,Xinyu,湯心豫,Male,965,1906,cerd,482686
43621,Tang,Xinshen,湯心慎,Male,1042,1913,cerd,482687
43624,Tang,Lifan,湯禮璠,Male,590,1913,cerd,482688
43626,Tang,Dalun,湯大綸,Male,43627,1905,cerd,378844
43636,Tang,Shicong,湯士聰,Male,NA,NA,cerd,482689
43638,Tang,Kejia,湯克家,Male,965,1912,cerd,482691
43644,Tang,Xichun,湯希春,Male,10808,1906,cerd,482692
43653,Peng,Shantan,彭善倓,Male,4005,1892,cerd,482693
43662,Peng,Shantian,彭善田,Male,6698,NA,cerd,482694
43665,Peng,Yucheng,彭鈺昌,Male,43071,1905,cerd,482695
43673,Peng,Zhongguan,彭鍾琯,Male,6961,1888,cerd,368384
43679,Peng,Gangxiang,彭鋼祥,Male,3608,1910,cerd,482696
43681,Peng,Dusheng,彭篤生,Male,3966,1907,cerd,333043
43687,Peng,Guangluan,彭光鑾,Male,449,1913,cerd,482697
43689,Peng,Guangfu,彭光復,Male,3966,1913,cerd,482698
43696,Peng,Rongbin,彭榮賓,Male,9420,1909,cerd,482699
43703,Peng,Rongge,彭榮閣,Male,9420,1910,cerd,482700
43706,Peng,Rongqin,彭榮欽,Male,43707,1915,cerd,482702
43709,Kuai,Shijing,蒯世京,Male,1903,1913,cerd,482703
43711,Kuai,Shizhi,蒯世之,Male,NA,NA,cerd,482704
43714,Kuai,Shihu,蒯世祜,Male,1903,1912,cerd,482705
43719,Kuai,Shihui,蒯世褘,Male,1903,NA,cerd,482706
43727,Hu,Tianrong,狐天榮,Male,7484,1906,cerd,482707
43733,Jing,Shihua,荊式化,Male,4394,1891,cerd,482708
43735,Yao,Yi,姚毅,Male,2534,1910,cerd,482709
43740,Yao,Zhan,姚詹,Male,7915,NA,cerd,482710
43745,Yao,Yingzun,姚應尊,Male,8775,1913,cerd,482711
43747,Yao,Zhanggui,姚章桂,Male,950,NA,cerd,482713
43750,Yao,Songyao,姚誦堯,Male,2068,1912,cerd,482714
43755,Tang,Fandi,湯藩第,Male,1256,1889,cerd,482715
43756,Yao,Yuxing,姚於性,Male,3966,NA,cerd,482716
43758,Yao,Qianzhen,姚謙眞,Male,11545,1895,cerd,482717
43761,Yao,Yukun,姚玉崑,Male,9346,NA,cerd,482718
43763,Yao,Yulin,姚玉林,Male,4297,1914,cerd,482719
43768,Tang,Zhizhong,湯執中,Male,5332,1900,cerd,482720
43770,Yao,Yuankai,姚元愷,Male,1664,1915,cerd,482721
43774,Tang,Shijun,湯世均,Male,7174,1915,cerd,482722
43778,Li,Xun,李薰,Male,4816,1916,cerd,192518
43779,Yao,Erkang,姚爾康,Male,8854,1904,cerd,482724
43781,Li,Hua,李華,Male,2780,1910,cerd,482725
43782,Tang,Qifang,湯其方,Male,4977,1916,cerd,482726
43786,Tang,Dongren,湯棟仁,Male,1079,NA,cerd,482727
43788,Tang,Hanzong,湯翰宗,Male,562,1915,cerd,482728
43789,Li,Du,李杜,Male,9036,1913,cerd,482729
43795,Tang,Furen,湯輔仁,Male,1079,1903,cerd,482730
43810,Yao,Yunzhang,姚雲章,Male,3226,1905,cerd,482731
43814,Tang,Rixin,湯日新,Male,NA,NA,cerd,482732
43816,Yao,Zhuozhi,姚琢之,Male,590,1918,cerd,482733
43819,Yao,Ruibin,姚瑞彬,Male,449,NA,cerd,482735
43820,Tang,Guozhen,湯國珍,Male,16722,1913,cerd,482736
43823,Yao,Jiheng,姚集珩,Male,3608,1917,cerd,482737
43825,Yao,Zhuowen,姚卓文,Male,1113,1908,cerd,482738
43826,Li,Yun,李蘊,Male,16922,NA,cerd,482739
43831,Tang,Changyi,湯昌?,Male,3265,1902,cerd,482740
43839,Li,Lin,李林,Male,9036,NA,cerd,482741
43841,Yao,Junde,姚峻德,Male,2534,NA,cerd,482742
43844,Yao,Delin,姚德麟,Male,2797,1892,cerd,482743
43845,Tang,Yijia,湯貽家,Male,909,1905,cerd,378931
43849,Tang,Yixiang,湯貽湘,Male,909,NA,cerd,378932
43855,Tang,Mingqi,湯明奇,Male,22209,1913,cerd,482744
43861,Tang,Chenshou,湯辰壽,Male,765,1910,cerd,482746
43863,Tang,Naorong,湯鐃榮,Male,5996,1913,cerd,482747
43865,Tang,Xiaoshan,湯笑山,Male,5073,1906,cerd,482748
43871,Li,Mao,李楙,Male,71,1904,cerd,482749
43872,Yao,Chuangeng,姚傳耕,Male,427,NA,cerd,482750
43876,Zhu,Jia,祝嘉,Male,410,1913,cerd,482751
43880,Li,Bo,李柏,Male,1993,1918,cerd,482752
43881,Zhu,Xinmin,祝新民,Male,5955,1915,cerd,482753
43882,Yao,Chuanjia,姚傳甲,Male,1664,1915,cerd,482754
43885,Yao,Jiyao,姚積垚,Male,1161,1916,cerd,482755
43889,Zhu,Yuanqing,祝元青,Male,522,1901,cerd,482758
43890,Yao,Zimian,姚自勉,Male,6701,1912,cerd,482759
43891,Li,Chao,李超,Male,NA,NA,cerd,482760
43899,Li,Qing,李靑,Male,566,1898,cerd,482761
43902,Zhu,Tingyang,祝廷揚,Male,1016,1911,cerd,482762
43909,Yao,Zicheng,姚自成,Male,1409,1916,cerd,482763
43911,Zhu,Shengwen,祝聖文,Male,1063,1911,cerd,482764
43914,Yao,Delin,姚得霖,Male,74,1905,cerd,482765
43919,Zhu,Nairen,祝乃稔,Male,1259,1908,cerd,482766
43924,Zhu,Bingheng,祝秉珩,Male,1256,1907,cerd,482767
43925,Li,Pan,李蟠,Male,877,1897,cerd,332842
43927,Yao,Shaojiong,姚紹煚,Male,496,1914,cerd,482769
43935,Yao,Yongshen,姚永愼,Male,1161,1915,cerd,482770
43945,Yao,Yongyao,姚永耀,Male,1305,1914,cerd,311127
43948,Yao,Xianwen,姚憲文,Male,2071,1900,cerd,482771
43949,Li,Ba,李拔,Male,74,1893,cerd,482772
43954,Yao,Yuhao,姚宇灝,Male,7915,NA,cerd,482773
43957,Li,Xuan,李暄,Male,4394,NA,cerd,482774
43959,Yao,Hongzhou,姚宏冑,Male,1664,1910,cerd,482775
43963,Li,Qi,李騏,Male,1434,1897,cerd,374157
43972,Yao,Baoren,姚寶仁,Male,4297,1913,cerd,482776
43974,Li,Jing,李鏡,Male,27645,1901,cerd,482777
43977,Zhu,Bingyi,祝秉彝,Male,2435,1909,cerd,482778
43978,Yao,Baofu,姚寶福,Male,877,NA,cerd,482780
43981,Yao,Zhaokang,姚兆康,Male,1695,1908,cerd,482781
43984,Yao,Zhaoxiang,姚兆驤,Male,1079,NA,cerd,482782
43986,Yao,Xinyu,姚心域,Male,7306,1912,cerd,482783
43989,Yao,Xintian,姚心田,Male,7306,1898,cerd,482784
43991,Zhu,Zongqi,祝總騏,Male,1079,1917,cerd,482785
43992,Li,Shan,李善,Male,5287,1903,cerd,482786
43995,Zhu,Yongnian,祝永年,Male,NA,NA,cerd,482787
44005,Zhu,Dingyi,祝定一,Male,1664,1913,cerd,482788
44014,Yao,Puchen,姚溥臣,Male,562,NA,cerd,482789
44018,Li,Zheng,李錚,Male,571,1895,cerd,482791
44020,Zhu,Baoxian,祝寶賢,Male,511,1909,cerd,482792
44024,Zhu,Hanmin,祝漢民,Male,NA,NA,cerd,482793
44029,Zhu,Yiying,祝逸英,Male,3042,1913,cerd,482794
44031,Li,Yue,李鉞,Male,NA,NA,cerd,482795
44033,Zhu,Shouxuan,祝壽萱,Male,6341,NA,cerd,482796
44036,Zhu,Shouchang,祝壽昌,Male,1511,1913,cerd,482797
44038,Zhu,Binshi,祝彬史,Male,62,1916,cerd,482798
44042,Bian,Cheng,邊澄,Male,1292,1915,cerd,482799
44044,Bian,Xi,邊熙,Male,21550,1908,cerd,482800
44046,Bian,Yingdi,邊應棣,Male,63,1892,cerd,482802
44051,Bian,Tinggan,邊廷淦,Male,2071,1889,cerd,482803
44053,Bian,Weixin,邊維新,Male,4449,1911,cerd,482804
44056,Bian,Chongxiu,邊崇岫,Male,63,1909,cerd,482805
44060,Tang,Bangwei,湯邦偉,Male,4977,1905,cerd,482806
44068,Bian,Shuzhen,邊淑禎,Male,2071,1890,cerd,482807
44070,Bian,Tiecheng,邊鐵城,Male,2071,1911,cerd,482808
44072,Hua,Deming,滑德銘,Male,8883,1884,cerd,354569
44075,Hua,Jianshan,滑建山,Male,66,1906,cerd,482809
44078,Luo,Jianying,洛鑑瑩,Male,5979,1902,cerd,482810
44080,Zu,Yukun,祖裕崑,Male,2435,1907,cerd,482811
44083,Zu,Guangxun,祖光勲,Male,410,1889,cerd,482813
44090,Yao,Hanyuan,姚漢源,Male,21242,1914,cerd,482814
44092,Yao,Hongyuan,姚洪源,Male,1618,NA,cerd,482815
44095,Yao,Likang,姚禮康,Male,20596,NA,cerd,482816
44098,Yao,Lirang,姚禮讓,Male,11545,1896,cerd,482817
44100,Yao,Hongru,姚鴻儒,Male,5830,NA,cerd,482818
44102,Yao,Hongda,姚鴻達,Male,1664,1899,cerd,482819
44106,Yao,Hongkui,姚鴻逵,Male,1664,1895,cerd,482820
44114,Yao,Hongzao,姚鴻藻,Male,11545,NA,cerd,482821
44116,Yao,Dixin,姚滌新,Male,1664,NA,cerd,482822
44120,Yao,Zuxun,姚祖訓,Male,965,1898,cerd,482824
44126,Li,Keng,李鏗,Male,903,1896,cerd,482825
44132,Yao,Zugao,姚祖誥,Male,2534,1894,cerd,482826
44139,Li,Rui,李銳,Male,903,1906,cerd,482827
44147,Yao,Zufan,姚祖範,Male,965,NA,cerd,482828
44158,Yao,Zhaoqiang,姚肇強,Male,1113,1910,cerd,482829
44161,Yao,Zhaoyi,姚肇怡,Male,1113,1914,cerd,482830
44164,Li,Rui,李銳,Male,1556,1915,cerd,482831
44167,Yao,Qizhi,姚啓志,Male,7915,1914,cerd,482832
44169,Li,Tang,李堂,Male,3199,1883,cerd,482833
44182,Li,Guang,李光,Male,5955,1909,cerd,332820
44187,Li,Yan,李焱,Male,459,1912,cerd,482835
44191,Yao,Qihan,姚啓漢,Male,7915,1913,cerd,482836
44194,Yao,Shijie,姚士杰,Male,NA,NA,cerd,482837
44197,Li,Kun,李焜,Male,4977,1914,cerd,373355
44198,Yao,Zhihui,姚志慧,Male,8854,NA,cerd,482838
44201,Li,Hui,李輝,Male,1231,1913,cerd,482839
44202,Yao,Shoukang,姚壽康,Male,903,NA,cerd,482840
44205,Yao,Shouxing,姚壽興,Male,1664,1909,cerd,482841
44208,Yao,Yufen,姚棫芬,Male,1079,1913,cerd,482842
44210,Yao,Wannian,姚萬年,Male,6701,1905,cerd,482843
44216,Yao,Shilian,姚世濂,Male,765,1900,cerd,482844
44217,Li,Huan,李煥,Male,388,1906,cerd,482846
44225,Li,Rong,李榮,Male,723,1899,cerd,482847
44227,Li,Liyan,李立言,Male,34147,1901,cerd,482848
44235,Li,Lide,李立德,Male,34147,1903,cerd,482849
44245,Li,Keguo,李克國,Male,72,1901,cerd,482850
44248,Li,Fangcheng,李方城,Male,33805,1886,cerd,482851
44262,Li,Yuying,李育英,Male,NA,NA,cerd,482852
44265,Li,Yansheng,李彥聲,Male,5282,1913,cerd,482853
44267,Li,Yingbin,李應斌,Male,3857,1912,cerd,482854
44270,Li,Yingxun,李應勳,Male,5212,1910,cerd,482855
44272,Li,Yingci,李應慈,Male,3608,NA,cerd,482857
44274,Li,Yingquan,李應權,Male,427,1910,cerd,482858
44280,Li,Yingbi,李應畢,Male,562,1916,cerd,482859
44282,Li,Kangyuan,李康元,Male,807,NA,cerd,482860
44285,Li,Qingyun,李慶雲,Male,2429,NA,cerd,482861
44288,Li,Qingshen,李慶深,Male,711,1898,cerd,482862
44294,Li,Qinghai,李慶海,Male,5020,NA,cerd,192541
44297,Li,Qingyu,李慶域,Male,NA,NA,cerd,482863
44299,Li,Qingzi,李慶滋,Male,14301,1907,cerd,482864
44305,Li,Qingyun,李慶鋆,Male,NA,NA,cerd,482865
44307,Li,Qinglin,李慶懍,Male,566,1914,cerd,482866
44309,Li,Qingyu,李慶餘,Male,2884,1912,cerd,482869
44313,Li,Guangyi,李廣懿,Male,765,1897,cerd,482870
44326,Li,Wencai,李文采,Male,4005,NA,cerd,193379
44328,Li,Wenrui,李文睿,Male,15403,1911,cerd,482871
44336,Yao,Chaosheng,姚超生,Male,4385,1911,cerd,482872
44339,Li,Wenlun,李文綸,Male,37566,NA,cerd,482873
44342,Li,Wenyuan,李文淵,Male,566,1916,cerd,482874
44343,Yao,Shukui,姚書奎,Male,4385,1912,cerd,482875
44346,Yao,Banghua,姚邦華,Male,NA,NA,cerd,482876
44348,Li,Wenkui,李文逵,Male,2780,1912,cerd,482877
44349,Yao,Lunyuan,姚掄元,Male,18481,NA,cerd,482878
44352,Yao,Guoyu,姚國瑀,Male,2534,1902,cerd,482880
44354,Li,Wenlan,李文瀾,Male,1079,1896,cerd,482881
44355,Yao,Guoyu,姚國瑜,Male,1903,NA,cerd,482882
44360,Yao,Sijing,姚思敬,Male,2313,1897,cerd,482883
44364,Yao,Changhuang,姚昌煌,Male,71,1908,cerd,482884
44369,Yao,Yingzhen,姚映震,Male,562,1896,cerd,482885
44373,Yao,Mingchu,姚明初,Male,965,1916,cerd,482886
44376,Yao,Mingshan,姚鳴山,Male,63,1897,cerd,482887
44380,Yao,Wenyu,姚聞禹,Male,4816,1914,cerd,482888
44382,Yao,Wenceng,姚聞曾,Male,1113,1896,cerd,482889
44383,Li,Wenhan,李文涵,Male,1113,1902,cerd,482891
44391,Yao,Shanhui,姚善輝,Male,1079,1910,cerd,482892
44397,Yao,Dihan,姚第瀚,Male,1356,NA,cerd,482893
44400,Yao,Tangxiu,姚棠秀,Male,7915,1912,cerd,482894
44405,Jin,Qi,靳蘄,Male,590,1899,cerd,482895
44410,Li,Wenyun,李文運,Male,15403,1910,cerd,482896
44420,Li,Wenbin,李文彬,Male,13681,1907,cerd,482897
44429,Li,Wenying,李文英,Male,4195,1908,cerd,482898
44435,Li,Wentai,李文泰,Male,3042,1911,cerd,482899
44436,Qiu,Fusheng,裘復生,Male,1664,1911,cerd,482900
44440,Qiu,Jiliang,裘濟亮,Male,1259,1892,cerd,482902
44453,Qiu,Guiyuan,裘桂元,Male,1079,1907,cerd,482903
44456,Qiu,Tongyi,裘同怡,Male,571,1916,cerd,482904
44458,Qiu,Shanbao,裘善寶,Male,5626,1908,cerd,482905
44460,Qiu,Xihou,裘錫侯,Male,909,1916,cerd,482906
44462,Qiu,Guangdao,裘光燾,Male,1259,NA,cerd,482907
44466,Qiu,Yanran,裘炎然,Male,6617,NA,cerd,482908
44468,Qiu,Xiefan,裘燮蕃,Male,1259,1901,cerd,482909
44474,Qiu,Xiehui,裘燮惠,Male,1259,1906,cerd,482910
44480,Qiu,Xiejun,裘燮鈞,Male,1259,1894,cerd,482911
44494,Li,Wenbang,李文邦,Male,4977,1906,cerd,482913
44504,Li,Wenbi,李文畢,Male,4042,1909,cerd,482914
44507,Li,Wenji,李文驥,Male,449,1888,cerd,482915
44511,Li,Wenzhong,李文鐘,Male,566,1915,cerd,482916
44515,Li,Wenjing,李文鏡,Male,18580,1910,cerd,482917
44518,Li,Wenxiang,李文翔,Male,566,1904,cerd,14163
44523,Li,Xuanche,李玄徹,Male,2313,NA,cerd,482918
44525,Li,Zhonghe,李衷和,Male,2429,1914,cerd,482919
44527,Li,Duanben,李端本,Male,44528,1913,cerd,482920
44533,Li,Xintian,李新田,Male,1592,NA,cerd,482921
44536,Li,Xinmin,李新民,Male,4816,NA,cerd,482922
44543,Li,Shihan,李識韓,Male,3739,1900,cerd,482924
44547,Li,Mochi,李謨熾,Male,5073,1910,cerd,7432
44553,Li,Jieming,李詰明,Male,16661,1910,cerd,482925
44555,Li,Guozhou,李郭舟,Male,3608,1896,cerd,482926
44560,Li,Dunhua,李敦化,Male,13846,1890,cerd,372832
44573,Li,Xiaogang,李效綱,Male,2797,1912,cerd,482927
44579,Chu,Xu,初緒,Male,2435,1912,cerd,482928
44581,Chu,Zheng,初徵,Male,72,1910,cerd,482929
44583,Chu,Yumei,初毓梅,Male,NA,1905,cerd,482930
44587,Qi,Yulin,祁玉麟,Male,877,1891,cerd,482931
44593,Qi,Yushu,祁玉樹,Male,10958,1918,cerd,482932
44597,Qi,Zuyao,祁祖堯,Male,743,1899,cerd,482933
44604,Qi,Puxun,祁普勲,Male,819,1910,cerd,482935
44608,Qi,Zengshou,祁增壽,Male,4371,1898,cerd,482936
44610,Guo,Jingyi,過靜宜,Male,1664,1900,cerd,482937
44621,Guo,Kexian,過科先,Male,1664,1889,cerd,482938
44625,Guo,Lunnian,過倫念,Male,4762,1907,cerd,482939
44631,Guo,Yongchang,過永昌,Male,1664,1911,cerd,482940
44634,Guo,Yongzhao,過永昭,Male,71,1904,cerd,332676
44637,Guo,Shouzheng,過守正,Male,1664,1900,cerd,482942
44640,Guo,Tongji,過同基,Male,1664,1913,cerd,482943
44642,Guo,Chizhi,過持志,Male,1664,1897,cerd,482944
44649,Guo,Yangmo,過養默,Male,1664,1895,cerd,38124
44652,Guo,Xiyong,過錫庸,Male,1664,1902,cerd,482947
44659,Guo,Xigui,過錫圭,Male,1664,NA,cerd,482948
44662,Guo,Xitong,過錫彤,Male,1664,NA,cerd,482949
44664,Guo,Mingzhong,過銘忠,Male,1434,1891,cerd,482950
44666,Chi,Sen,遲森,Male,21550,1905,cerd,482951
44668,Lu,Ming,逯明,Male,93,NA,cerd,482952
44670,Lu,Tong,逯銅,Male,44671,NA,cerd,482953
44674,Lang,Lianbi,郎聯璧,Male,1618,1910,cerd,482954
44677,Lang,Fengwu,郎逢午,Male,1364,1906,cerd,482955
44679,Lang,Shijun,郎世俊,Male,44680,1915,cerd,482957
44682,Lang,Guozhen,郎國楨,Male,1636,1890,cerd,482958
44688,Lang,Changchi,郎昌熾,Male,1881,NA,cerd,482959
44692,Lang,Zhonglai,郎鍾騋,Male,1556,1904,cerd,482960
44699,Liang,Ju,梁琚,Female,553,1915,cerd,482961
44701,Liang,Yan,梁衍,Male,3608,NA,cerd,482962
44704,Liang,Jun,梁峻,Male,3471,1916,cerd,482963
44706,Liang,Mian,梁勉,Male,44707,1909,cerd,482964
44711,Li,Xiaoyuan,李效淵,Male,1682,1896,cerd,482965
44715,Li,Qianruo,李謙若,Male,1079,NA,cerd,373882
44729,Li,Linzhang,李麟章,Male,1079,1901,cerd,482966
44732,Li,Linding,李麟定,Male,2313,1904,cerd,482968
44734,Li,Linhui,李麟輝,Male,4186,1915,cerd,482969
44736,Li,Yizhu,李一柱,Male,12589,1911,cerd,482970
44738,Li,Yihe,李一鶴,Male,24183,1912,cerd,482971
44741,Li,Yikuang,李一匡,Male,819,1910,cerd,482972
44743,Li,Sanduo,李三鐸,Male,2829,1912,cerd,482973
44745,Li,Zhengfan,李正蕃,Male,NA,NA,cerd,482974
44747,Li,Pixiu,李丕秀,Male,2071,1906,cerd,482975
44750,Li,Piji,李丕濟,Male,11962,1912,cerd,482976
44752,Li,Piyin,李丕印,Male,5020,1914,cerd,482977
44754,Li,Yurui,李玉瑞,Male,22209,1912,cerd,482981
44756,Li,Yuheng,李玉衡,Male,1857,1910,cerd,482982
44758,Li,Yude,李玉德,Male,24302,1910,cerd,482983
44761,Li,Zhiyong,李至庸,Male,388,1914,cerd,482984
44763,Li,Zhiguang,李至廣,Male,1659,1905,cerd,482985
44766,Li,Yahao,李亞豪,Male,9578,NA,cerd,482986
44768,Li,Yajin,李亞晉,Male,9578,1911,cerd,482987
44774,Li,Erkang,李爾康,Male,4816,1903,cerd,482988
44792,Li,Bingdian,李丙壂,Male,10437,NA,cerd,482989
44800,Li,Yaoqin,李要勤,Male,39024,1897,cerd,482990
44809,Li,Tianyou,李天佑,Male,9432,1912,cerd,482992
44813,Huang,Zhaochua,黃肇華,Male,5733,1893,cerd,482993
44820,Huang,Zhaozhong,黃肇中,Male,2985,1912,cerd,482994
44823,Huang,Dahe,黃大和,Male,8141,1913,cerd,482995
44825,Huang,Daheng,黃大恆,Male,67,1900,cerd,482996
44835,Huang,Youxun,黃友訓,Male,3323,1909,cerd,482997
44837,Huang,Shihao,黃士豪,Male,8185,1918,cerd,482998
44839,Huang,Shibin,黃士斌,Male,427,1914,cerd,482999
44841,Huang,Shiqian,黃士謙,Male,73,1893,cerd,399089
44846,Huang,Shichong,黃士崇,Male,8916,1914,cerd,483000
44848,Huang,Shihui,黃士輝,Male,571,1905,cerd,16984
44858,Huang,Peihan,黃培漢,Male,12589,1915,cerd,483001
44861,Huang,Peifen,黃培芬,Male,74,1909,cerd,483003
44865,Huang,Peizhan,黃培枬,Male,965,1913,cerd,483004
44867,Huang,Peixu,黃培煦,Male,4977,1912,cerd,483005
44869,Huang,Yaozuo,黃堯佐,Male,4977,1913,cerd,483006
44871,Huang,Kehong,黃克紘,Male,5291,1911,cerd,483007
44873,Huang,Kexiang,黃克緗,Male,5291,1910,cerd,483008
44885,Liang,Xia,梁俠,Male,15503,1911,cerd,483009
44888,Liang,Zan,梁贊,Male,1993,NA,cerd,483010
44890,Liang,Cheng,梁程,Male,2780,NA,cerd,483011
44892,Liang,Da,梁達,Male,5917,1917,cerd,483012
44894,Liang,Jin,梁津,Male,41687,1888,cerd,483014
44903,Li,Tianyuan,李天源,Male,11545,1897,cerd,483015
44904,Liang,Quan,梁荃,Male,5917,1908,cerd,483016
44908,Li,Tiantai,李天泰,Male,1493,NA,cerd,483017
44910,Liang,Hua,梁華,Male,22109,NA,cerd,483018
44912,Li,Tianmin,李天民,Male,711,1916,cerd,483019
44914,Liang,Jun,梁均,Male,61,NA,cerd,375497
44915,Li,Tianxi,李天錫,Male,12361,1906,cerd,483020
44921,Liang,Fu,梁父,Male,566,1916,cerd,483021
44922,Li,Bailian,李百鍊,Male,38793,1914,cerd,483022
44925,Li,Youshan,李酉山,Male,3940,1905,cerd,483023
44927,Liang,Wu,梁悟,Male,8641,1908,cerd,483025
44933,Liang,Luanqi,梁鑾棋,Male,3042,1914,cerd,483026
44934,Li,Kedi,李可迪,Male,18194,1912,cerd,483027
44939,Liang,Qingde,梁慶德,Male,449,NA,cerd,483028
44941,Li,Yunqin,李雲芹,Male,1042,1899,cerd,483029
44943,Liang,Qingnan,梁慶南,Male,1993,1913,cerd,483030
44945,Liang,Qinghua,梁慶華,Male,1993,1916,cerd,483031
44947,Li,Lifu,李麗馥,Female,765,1906,cerd,483032
44948,Liang,Qingfen,梁慶枌,Male,1993,1913,cerd,483033
44957,Li,Dengke,李登科,Male,1409,NA,cerd,483034
44963,Li,Dengkui,李登奎,Male,1409,1912,cerd,483036
44964,Liang,Qingzhuo,梁慶灼,Male,3608,1914,cerd,483037
44967,Li,Dengmei,李登梅,Male,44969,1914,cerd,483038
44968,Liang,Wenpu,梁文璞,Male,9692,1914,cerd,483039
44973,Li,Ruizhang,李瑞章,Male,20596,NA,cerd,483040
44977,Liang,Wenhan,梁文翰,Male,1993,1905,cerd,483041
44979,Liang,Wenxuan,梁文軒,Male,9692,1913,cerd,483042
44982,Li,Ruishen,李瑞莘,Male,1659,1912,cerd,483043
44991,Li,Ruiyun,李瑞芸,Male,1659,1897,cerd,483044
45005,Liang,Xunying,梁訓頴,Male,553,1890,cerd,483045
45008,Liang,Yongzhao,梁詠照,Male,NA,NA,cerd,483047
45010,Liang,Chengyue,梁誠岳,Male,1993,1907,cerd,483048
45013,Liang,Qiongbiao,梁琼標,Male,NA,NA,cerd,483049
45015,Liang,Zhenqian,梁震乾,Male,29372,1917,cerd,483050
45017,Liang,Ruiqi,梁瑞麒,Male,3608,1914,cerd,483051
45019,Liang,Ruiqi,梁瑞麒,Male,5992,1905,cerd,483052
45022,Liang,Tingwei,梁廷尉,Male,7006,1910,cerd,483053
45024,Liang,Tingjian,梁廷堅,Male,31401,NA,cerd,483054
45026,Liang,Dizhong,梁砥中,Male,3042,1896,cerd,483055
45033,Liang,Wutao,梁武韜,Male,2183,1917,cerd,483056
45035,Liang,Jianxun,梁建勲,Male,2780,1913,cerd,483058
45037,Huang,Keqi,黃克綮,Male,5291,1911,cerd,483059
45038,Liang,Jianming,梁建明,Male,9613,1915,cerd,483060
45041,Huang,Keming,黃克明,Male,28099,1915,cerd,483061
45043,Liang,Chengxia,梁承廈,Male,3042,1896,cerd,483062
45044,Huang,Xige,黃希閣,Male,9592,1907,cerd,483063
45059,Huang,Youlun,黃有綸,Male,553,NA,cerd,483064
45062,Huang,Youdao,黃有道,Male,NA,NA,cerd,483065
45064,Huang,Youshu,黃有書,Male,45065,NA,cerd,483066
45067,Huang,Cunyuan,黃存元,Male,1748,1907,cerd,483067
45074,Huang,Zhiqian,黃志千,Male,6460,1913,cerd,483069
45076,Huang,Zhikui,黃志揆,Male,7296,1901,cerd,483070
45086,Huang,Zhiming,黃志明,Male,2352,1910,cerd,483071
45088,Huang,Jiaji,黃嘉吉,Male,1597,1912,cerd,483072
45090,Huang,Guqiu,黃古球,Male,2942,1906,cerd,483073
45093,Huang,Shouchang,黃壽昌,Male,3042,1912,cerd,483074
45095,Huang,Shouyi,黃壽頤,Male,5291,NA,cerd,483075
45097,Huang,Shouyi,黃壽益,Male,5291,1906,cerd,483076
45100,Huang,Shouheng,黃壽恆,Male,5291,1896,cerd,483077
45108,Li,Ruiqing,李瑞卿,Male,8341,NA,cerd,483078
45111,Li,Lianrui,李聯瑞,Male,2728,1912,cerd,483080
45115,Li,Lianming,李聯蓂,Male,2884,1908,cerd,483081
45121,Li,Farui,李發瑞,Male,10437,1906,cerd,483082
45129,Li,Fazong,李發宗,Male,28259,1910,cerd,483083
45134,Li,Faxiang,李發祥,Male,3672,1911,cerd,483084
45136,Li,Yanshi,李延世,Male,1993,1915,cerd,483085
45138,Li,Tingzhen,李廷珍,Male,1002,1910,cerd,483086
45141,Li,Tingkui,李廷魁,Male,1993,NA,cerd,483087
45143,Li,Tingxiang,李廷祥,Male,23758,1900,cerd,483088
45147,Li,Tingyao,李廷堯,Male,2829,1914,cerd,483089
45149,Li,Tingjin,李廷搢,Male,9613,NA,cerd,483092
45152,Li,Tingliang,李廷樑,Male,NA,NA,cerd,483093
45154,Li,Tingfen,李廷芬,Male,3608,1913,cerd,483094
45156,Li,Tingrong,李廷榮,Male,2797,1896,cerd,483095
45158,Li,Rongchao,李融超,Male,449,1910,cerd,483096
45165,Li,Dikang,李迪康,Male,16085,1894,cerd,483097
45167,Li,Jiangong,李建功,Male,22898,1910,cerd,483098
45169,Huang,Xiongsheng,黃雄盛,Male,1256,1916,cerd,483099
45171,Huang,Laixing,黃來興,Male,10780,1910,cerd,483100
45172,Li,Jiande,李建德,Male,15040,1884,cerd,483101
45175,Huang,Tanfu,黃檀甫,Male,74,1901,cerd,483103
45180,Huang,Bangyang,黃榜揚,Male,17029,1901,cerd,483104
45204,Li,Jianji,李建基,Male,1659,1912,cerd,483105
45207,Huang,Senguang,黃森光,Male,4977,1901,cerd,483106
45208,Li,Congyi,李聰彝,Male,1597,1909,cerd,483107
45214,Huang,Youpei,黃槱培,Male,9324,1893,cerd,483108
45219,Li,Menglian,李孟廉,Male,10543,1914,cerd,483109
45225,Huang,Yuelan,黃越瀾,Male,449,1914,cerd,483110
45226,Li,Mengxian,李孟暹,Male,903,1911,cerd,483111
45230,Huang,Yinting,黃蔭庭,Male,NA,NA,cerd,483112
45233,Huang,Yinze,黃蔭澤,Male,1256,NA,cerd,483114
45236,Huang,Yinfang,黃蔭芳,Male,3730,1912,cerd,483115
45237,Li,Mengquan,李孟權,Male,4977,1894,cerd,483116
45248,Huang,Maozhang,黃茂樟,Male,6296,1912,cerd,483117
45253,Huang,Maoguang,黃茂光,Male,45256,1916,cerd,483118
45261,Huang,Zhiqi,黃芝棨,Male,553,NA,cerd,483119
45264,Huang,Xiaojie,黃孝傑,Male,16226,1918,cerd,483120
45266,Huang,Wanli,黃萬里,Male,9324,NA,cerd,483121
45268,Li,Mengzhen,李孟振,Male,40446,1911,cerd,483122
45269,Huang,Canglin,黃蒼麟,Male,45271,NA,cerd,483123
45272,Li,Naishen,李乃莘,Male,807,1914,cerd,483125
45275,Huang,Zhexun,黃著勳,Male,8185,1895,cerd,483126
45286,Liang,Qiaowei,梁喬蔚,Male,74,1916,cerd,483127
45288,Liang,Xinhu,梁信瑚,Male,3608,1891,cerd,483128
45300,Liang,Xinzhi,梁信秩,Male,5733,NA,cerd,483129
45302,Liang,Bingdi,梁秉棣,Male,5756,1916,cerd,483130
45304,Liang,Weilie,梁維烈,Male,1578,1902,cerd,483131
45306,Liang,Shangchun,梁上椿,Male,2071,NA,cerd,483132
45314,Liang,Renshou,梁仁壽,Male,8954,1907,cerd,483133
45318,Liang,Zhuoqin,梁卓芹,Male,7006,1911,cerd,483134
45323,Liang,Weihua,梁衞華,Male,3608,NA,cerd,483136
45327,Liang,Chuoyu,梁綽餘,Male,3608,NA,cerd,483137
45330,Liang,Jide,梁繼德,Male,61,NA,cerd,483138
45332,Liang,Juntian,梁峻天,Male,8646,NA,cerd,483139
45334,Liang,Jiatong,梁佳同,Male,34286,1915,cerd,483140
45336,Liang,Demao,梁德懋,Male,427,1914,cerd,483141
45339,Liang,Deyong,梁德用,Male,45340,1913,cerd,483142
45342,Liang,Qitao,梁綺濤,Male,1993,1890,cerd,483143
45348,Liang,Zhongkang,梁仲康,Male,1993,1917,cerd,483144
45350,Liang,Zhongjing,梁仲景,Male,1857,1917,cerd,483145
45352,Liang,Fofu,梁佛扶,Male,NA,NA,cerd,483147
45354,Liang,Jianqing,梁健卿,Male,2780,1916,cerd,483148
45356,Liang,Weimin,梁偉民,Male,5028,1914,cerd,483149
45358,Liang,Jiluan,梁積鑾,Male,74,1917,cerd,483150
45360,Liang,Bolong,梁伯龍,Male,5186,1916,cerd,483151
45362,Liang,Bofan,梁伯蕃,Male,3608,NA,cerd,483152
45364,Liang,Heyan,梁和燕,Male,2780,1915,cerd,483153
45366,Liang,Mengzhai,梁孟齋,Male,74,1902,cerd,483154
45369,Liang,Zuyin,梁祖蔭,Male,74,1897,cerd,483155
45373,Liang,Rengkai,梁仍楷,Male,3042,1890,cerd,483156
45385,Liang,Mingcan,梁名燦,Male,40446,1913,cerd,483158
45387,Liang,Yunjing,梁允敬,Male,1993,1915,cerd,483159
45389,Liang,Jitang,梁繼篖,Male,9346,NA,cerd,483160
45392,Liang,Yizhan,梁以湛,Male,40446,1915,cerd,483161
45394,Liang,Zuoxian,梁作賢,Male,3042,1913,cerd,483162
45396,Liang,Jiying,梁濟瀛,Male,76,1900,cerd,375688
45399,Liang,Yongkang,梁永康,Male,2780,1913,cerd,483163
45401,Liang,Yongzhang,梁永璋,Male,449,NA,cerd,483164
45404,Liang,Yongren,梁永仁,Male,45405,1912,cerd,483165
45407,Liang,Yongwu,梁永鋈,Male,3042,1903,cerd,483166
45411,Liang,Yongsheng,梁永昇,Male,7055,NA,cerd,483167
45415,Liang,Shoupan,梁守槃,Male,553,1916,cerd,193724
45417,Liang,Dingshan,梁定山,Male,3040,1909,cerd,483169
45419,Liang,Baokun,梁寶琨,Male,1857,1911,cerd,483170
45421,Liang,Zongding,梁宗鼎,Male,1042,1891,cerd,483171
45435,Huang,Shishen,黃世詵,Male,402,1915,cerd,483172
45437,Huang,Shichang,黃世昌,Male,24089,1911,cerd,483173
45440,Huang,Qizheng,黃其鉦,Male,5118,1899,cerd,483174
45448,Huang,Shuxing,黃樹型,Male,562,1917,cerd,483175
45450,Huang,Shunan,黃樹楠,Male,4394,1900,cerd,483176
45452,Huang,Shushi,黃樹栻,Male,1256,1913,cerd,483177
45454,Huang,Shubang,黃樹邦,Male,4977,1911,cerd,483178
45456,Huang,Shumin,黃樹民,Male,17009,1914,cerd,483180
45458,Huang,Shuren,黃樹人,Male,427,1900,cerd,483181
45461,Huang,Shuxuan,黃樹煊,Male,1434,1894,cerd,399506
45465,Huang,Guixian,黃桂顯,Male,2331,1911,cerd,483182
45467,Huang,Yunyuan,黃蘊元,Male,1079,1916,cerd,483183
45470,Huang,Linxiang,黃林翔,Male,8916,1910,cerd,483184
45472,Huang,Guanding,黃觀丁,Male,8916,1916,cerd,483185
45474,Huang,Ruzu,黃如祖,Male,1016,1909,cerd,483186
45484,Huang,Junxu,黃均煦,Male,1161,NA,cerd,483187
45486,Huang,Yuwen,黃郁文,Male,571,1899,cerd,483188
45500,Huang,Yuwen,黃郁文,Male,1993,1910,cerd,483189
45506,Huang,Yuyan,黃郁炎,Male,942,1911,cerd,483191
45510,Huang,Chaojun,黃朝俊,Male,4977,1910,cerd,483192
45516,Huang,Chaohui,黃朝輝,Male,4977,1901,cerd,9155
45526,Huang,Gefei,黃格非,Male,5273,1912,cerd,483193
45529,Huang,Zengcai,黃增才,Male,8916,1915,cerd,483194
45531,Huang,Hanzhang,黃翰章,Male,1993,1913,cerd,483195
45533,Huang,Songya,黃松雅,Male,74,1918,cerd,483196
45535,Huang,Songlin,黃松霖,Male,601,1914,cerd,483197
45537,Huang,Meilin,黃梅霖,Male,4665,1910,cerd,483198
45545,Huang,Ben'an,黃本安,Male,45547,NA,cerd,483199
45549,Huang,Huiping,黃惠平,Male,4977,1912,cerd,483200
45551,Huang,Huiguang,黃惠光,Male,4977,1914,cerd,483203
45553,Huang,Chung'eng,黃春庚,Male,453,NA,cerd,483204
45555,Huang,Dongyi,黃東儀,Male,3608,1906,cerd,483205
45557,Huang,Zhenting,黃振廷,Male,1256,NA,cerd,483206
45559,Huang,Zhenfan,黃振藩,Male,13183,NA,cerd,483207
45561,Huang,Zhenzhong,黃振中,Male,942,1915,cerd,483208
45563,Huang,Zhenfen,黃振蚡,Male,45564,1912,cerd,483209
45568,Huang,Zhenxuan,黃振烜,Male,1256,NA,cerd,483210
45570,Huang,Chenglian,黃成楝,Male,2114,1912,cerd,483211
45573,Huang,Chengzhi,黃成志,Male,2780,1914,cerd,483212
45575,Huang,Dianhua,黃典華,Male,3042,1901,cerd,483214
45589,Huang,Yuekun,黃曰鯤,Male,903,NA,cerd,483215
45591,Huang,Guoying,黃國瀛,Male,590,1895,cerd,483216
45601,Huang,Guochun,黃國淳,Male,3042,1913,cerd,483217
45603,Huang,Guoning,黃國寧,Male,4977,1913,cerd,483218
45605,Huang,Guohong,黃國鴻,Male,3042,1914,cerd,483219
45607,Huang,Guohai,黃國海,Male,4977,1914,cerd,483220
45609,Huang,Guodong,黃國棟,Male,4238,1914,cerd,483221
45611,Li,Naihui,李乃惠,Male,909,1908,cerd,483222
45626,Li,Chengkang,李承康,Male,571,1903,cerd,483223
45634,Li,Chengwen,李承文,Male,9578,1911,cerd,483225
45636,Li,Chenglin,李承霖,Male,36089,1910,cerd,483226
45638,Li,Chengxu,李承緒,Male,590,1902,cerd,372770
45647,Li,Chengliang,李承梁,Male,5073,1912,cerd,483227
45650,Li,Chenggan,李承幹,Male,590,1888,cerd,483228
45666,Li,Chengen,李承恩,Male,25119,1914,cerd,483229
45668,Li,Chengti,李承悌,Male,15503,1894,cerd,483230
45670,Li,Zijian,李子健,Male,9801,1906,cerd,483231
45677,Li,Zibai,李子白,Male,1903,1915,cerd,483232
45680,Li,Zishi,李子實,Male,14031,1900,cerd,372342
45689,Li,Zixiang,李子祥,Male,2780,1905,cerd,16994
45693,Li,Ziying,李子英,Male,4816,1914,cerd,483233
45695,Li,Junlüe,李君畧,Male,2780,1915,cerd,483234
45697,Li,Yichun,李翼純,Male,3608,1886,cerd,483236
45708,Li,Gongxuan,李貢宣,Male,2797,1909,cerd,483237
45710,Li,Zhiyi,李致一,Male,70,1896,cerd,373727
45713,Li,Zhiyi,李致義,Male,556,NA,cerd,483238
45715,Li,Xiuqi,李秀琦,Male,18580,1909,cerd,483239
45718,Li,Xiulin,李秀琳,Male,18580,NA,cerd,483240
45721,Li,Xiugang,李秀崗,Male,3662,1911,cerd,483241
45723,Li,Xiuchun,李秀春,Male,511,NA,cerd,483242
45727,Li,Shunqing,李舜卿,Male,590,1913,cerd,483243
45729,Li,Jiwei,李季偉,Male,4824,1902,cerd,483244
45744,Li,Fangchun,李舫春,Male,31053,1895,cerd,483245
45759,Li,Yuanjie,李爰潔,Male,4089,1915,cerd,483247
45761,Li,Xiangting,李香庭,Male,24430,1907,cerd,483248
45766,Li,Xiangzhou,李香洲,Male,4195,1913,cerd,483249
45769,Li,Bingliang,李秉良,Male,427,1900,cerd,483250
45779,Li,Bingtian,李秉添,Male,449,1915,cerd,483251
45781,Li,Bingcheng,李秉成,Male,62,1910,cerd,483252
45783,Li,Bingtao,李秉陶,Male,590,NA,cerd,483253
45787,Li,Bingjun,李秉鈞,Male,1493,NA,cerd,483254
45789,Li,Weiyi,李維一,Male,3331,NA,cerd,483255
45794,Li,Weijing,李維經,Male,31483,NA,cerd,483256
45796,Li,Weilun,李維倫,Male,45797,NA,cerd,483258
45799,Li,Weizhen,李維禎,Male,11209,1919,cerd,483259
45801,Li,Weidao,李維道,Male,14373,1912,cerd,483260
45803,Li,Weicheng,李維城,Male,903,1892,cerd,483261
45815,Li,Weiguo,李維國,Male,67,1886,cerd,483262
45829,Li,Weilin,李維臨,Male,15783,1911,cerd,483263
45832,Li,Weijun,李維鈞,Male,903,1896,cerd,483264
45834,Li,Weijun,李維鈞,Male,813,1916,cerd,483265
45836,Li,Weidi,李維第,Male,8202,1903,cerd,483266
45840,Huang,Guozhen,黃國振,Male,4977,1917,cerd,483267
45842,Huang,Si'en,黃思恩,Male,562,1903,cerd,483269
45844,Huang,Enguo,黃恩果,Male,1630,1904,cerd,483270
45852,Huang,Enguang,黃恩光,Male,1993,1907,cerd,483271
45862,Huang,Changyu,黃昌宇,Male,1256,NA,cerd,483272
45864,Huang,Changgu,黃昌穀,Male,1487,1891,cerd,192297
45869,Li,Shunxiang,李順祥,Male,45872,1910,cerd,483273
45874,Li,Yanqing,李衍慶,Male,NA,NA,cerd,483274
45876,Li,Buchi,李步墀,Male,NA,NA,cerd,483275
45880,Li,Renshou,李仁壽,Male,1036,NA,cerd,483276
45882,Li,Ruxin,李儒薪,Male,9801,1908,cerd,483277
45886,Li,Rulin,李儒林,Male,9856,1907,cerd,483278
45897,Li,Rulin,李儒林,Male,5020,NA,cerd,483280
45903,Huang,Changbing,黃昌炳,Male,1189,1911,cerd,483281
45904,Li,Zhuoping,李卓平,Male,4977,NA,cerd,483282
45907,Li,Zhanchun,李占春,Male,755,1915,cerd,483283
45909,Li,Jingya,李經亞,Male,9560,1904,cerd,483284
45916,Huang,Changrong,黃昌榮,Male,5028,1899,cerd,483285
45917,Li,Jingyu,李經畬,Male,24047,NA,cerd,483286
45924,Li,Chuanhe,李川河,Male,719,NA,cerd,483287
45928,Li,Biaoshen,李彪燊,Male,5212,1912,cerd,483288
45931,Huang,Tuge,黃圖閣,Male,2641,NA,cerd,483289
45932,Li,Liren,李利仁,Male,19990,1912,cerd,483291
45936,Huang,Pinjia,黃品佳,Male,449,NA,cerd,483292
45938,Li,Chongde,李崇德,Male,71,1906,cerd,483293
45939,Huang,Jingchen,黃景琛,Male,3016,1915,cerd,483294
45942,Huang,Jingtong,黃景桐,Male,544,1907,cerd,483295
45945,Li,Chongben,李崇本,Male,44528,1917,cerd,483296
45949,Huang,Jingxiang,黃景驤,Male,45065,1909,cerd,483297
45953,Li,Chongyan,李崇炎,Male,8366,NA,cerd,483298
45955,Li,Jiguang,李繼廣,Male,4089,1902,cerd,483299
45967,Li,Jitang,李繼唐,Male,819,1904,cerd,483300
45978,Li,Jisan,李繼三,Male,909,1911,cerd,483302
45980,Li,Jihu,李繼虎,Male,6188,1902,cerd,483303
45985,Li,Jishu,李繼述,Male,590,NA,cerd,483304
45987,Li,Jiyao,李繼堯,Male,80,1910,cerd,483305
45989,Li,Jizhen,李繼楨,Male,562,1900,cerd,483306
45994,Li,Caiyao,李彩耀,Male,2797,1904,cerd,483307
46000,Li,Yunyan,李允言,Male,11962,1916,cerd,483308
46002,Li,Yuncheng,李允成,Male,2625,1900,cerd,371975
46016,Li,Junyan,李俊彥,Male,5332,1904,cerd,483309
46018,Li,Junen,李俊恩,Male,46019,1911,cerd,483310
46021,Li,Daichuan,李岱傳,Male,556,1914,cerd,483311
46024,Huang,Jingxian,黃景賢,Male,2780,1914,cerd,483314
46026,Huang,Xianhao,黃顯灝,Male,31509,1903,cerd,483315
46033,Huang,Tibang,黃題榜,Male,3323,1911,cerd,483316
46035,Huang,Zehan,黃則韓,Male,1189,1914,cerd,483317
46037,Huang,Shikang,黃時康,Male,590,NA,cerd,483318
46039,Huang,Minggao,黃鳴皋,Male,11413,1912,cerd,483319
46041,Huang,Mingxian,黃明憲,Male,879,1915,cerd,483320
46044,Huang,Zhaoqing,黃照青,Male,1189,1890,cerd,483321
46048,Huang,Yachi,黃雅墀,Male,8185,1916,cerd,483322
46050,Huang,Chenji,黃辰極,Male,8954,1911,cerd,483323
46053,Huang,Houzai,黃厚載,Male,590,1913,cerd,483325
46055,Huang,Zhangqian,黃長謙,Male,410,1907,cerd,483326
46060,Huang,Ti'ren,黃體仁,Male,11591,1909,cerd,483327
46062,Huang,Fengyi,黃鳳翊,Male,9856,NA,cerd,483328
46064,Huang,Zhouwen,黃周文,Male,4594,1898,cerd,483329
46074,Huang,Lubai,黃履柏,Male,4297,1910,cerd,483330
46077,Huang,Dianfang,黃殿芳,Male,3042,NA,cerd,483331
46079,Huang,Xixun,黃熙蕈,Male,1409,1912,cerd,483332
46081,Huang,Xueshi,黃學詩,Male,5291,1907,cerd,483333
46085,Huang,Xueshi,黃學詩,Male,5282,1910,cerd,483334
46089,Huang,Xuehan,黃學瀚,Male,3265,1900,cerd,483336
46098,Huang,Xueqi,黃學奇,Male,449,1917,cerd,483337
46100,Huang,Xueyi,黃學易,Male,5291,NA,cerd,483338
46103,Huang,Xuechang,黃學昌,Male,8491,1915,cerd,483339
46105,Huang,Xueti,黃學體,Male,2837,1912,cerd,483340
46108,Huang,Kaisheng,黃開繩,Male,61,1898,cerd,400009
46112,Huang,Kaixian,黃開銑,Male,544,1912,cerd,483341
46114,Huang,Renlong,黃人龍,Male,4005,1905,cerd,483342
46118,Huang,Renjie,黃人傑,Male,13132,1906,cerd,483343
46123,Huang,Yijue,黃益爵,Male,590,1905,cerd,483344
46126,Huang,Jinke,黃金科,Male,15503,1901,cerd,483345
46128,Huang,Jintao,黃金濤,Male,46129,1888,cerd,483347
46136,Huang,Jinhua,黃金華,Male,31315,1885,cerd,483348
46141,Huang,Jinshu,黃金樹,Male,2780,1917,cerd,483349
46143,Huang,Zhonglin,黃鍾琳,Male,877,NA,cerd,483350
46147,Huang,Zhongyi,黃鐘沂,Male,NA,NA,cerd,483351
46149,Huang,Nianzu,黃念祖,Male,14276,1914,cerd,483352
46151,Huang,Cixiang,黃慈祥,Male,8954,1897,cerd,483353
46159,Huang,Yuzhi,黃毓之,Male,1189,NA,cerd,483354
46161,Huang,Yutong,黃毓桐,Male,31315,NA,cerd,483355
46164,Huang,Yihua,黃義華,Male,74,1912,cerd,483356
46166,Huang,Gongchun,黃公淳,Male,1042,1904,cerd,483358
46172,Huang,Gongheng,黃公恒,Male,7296,NA,cerd,483359
46174,Huang,Zhaozhou,黃釗周,Male,17009,1909,cerd,483360
46176,Huang,Zhongchang,黃鍾昶,Male,1227,1890,cerd,483361
46184,Huang,Zhonghua,黃鍾華,Male,46185,1914,cerd,483362
46187,Huang,Zhongshan,黃鍾善,Male,9592,1906,cerd,483363
46190,Huang,Zhenbo,黃鎮波,Male,449,1916,cerd,483364
46193,Huang,Jinnuo,黃錦諾,Male,74,1919,cerd,483365
46195,Huang,Jinjun,黃錦俊,Male,4977,1915,cerd,483366
46197,Huang,Jinhan,黃錦漢,Male,4977,1915,cerd,483367
46199,Huang,Jinyuan,黃錦垣,Male,449,1914,cerd,483369
46201,Huang,Jinshang,黃錦裳,Male,4977,1914,cerd,483370
46203,Huang,Xizhen,黃錫震,Male,1256,1895,cerd,483371
46205,Huang,Xilin,黃錫霖,Male,74,NA,cerd,483372
46207,Huang,Xijiu,黃錫九,Male,74,1885,cerd,483373
46214,Huang,Xiyong,黃錫墉,Male,338,1914,cerd,483374
46216,Huang,Xifan,黃錫蕃,Male,965,1890,cerd,483375
46231,Huang,Xigen,黃錫根,Male,1664,1916,cerd,483376
46233,Huang,Xi'en,黃錫恩,Male,3265,1890,cerd,483377
46243,Huang,Ming'an,黃銘安,Male,1189,1914,cerd,483378
46245,Huang,Jiancun,黃鑑村,Male,7071,NA,cerd,483380
46247,Huang,Jianhui,黃鑑輝,Male,1993,NA,cerd,483381
46249,Li,Xiankui,李先魁,Male,4542,1914,cerd,483382
46252,Li,Shijie,李仕節,Male,80,1902,cerd,483383
46255,Li,Zhuanghuai,李壯懷,Male,46256,1882,cerd,483384
46267,Li,Kuiying,李魁瀛,Male,1578,1909,cerd,483385
46269,Li,Xianfen,李先芬,Male,2062,1914,cerd,483386
46271,Li,Deshao,李德邵,Male,6972,1906,cerd,483387
46274,Li,Dexian,李德先,Male,2732,1908,cerd,483388
46276,Li,Defu,李德復,Male,NA,NA,cerd,483389
46279,Li,Dezi,李德滋,Male,553,1918,cerd,483391
46281,Li,Deli,李德禮,Male,566,1913,cerd,483392
46283,Li,Dexiang,李德湘,Male,1626,1913,cerd,483393
46285,Li,Dexi,李德喜,Male,1356,NA,cerd,483394
46287,Li,Decheng,李德成,Male,511,NA,cerd,483395
46289,Li,Deming,李德明,Male,1356,1905,cerd,483396
46291,Li,Demin,李德民,Male,388,1909,cerd,483397
46295,Li,Dexian,李德賢,Male,819,1910,cerd,483398
46297,Li,Dezhong,李德鍾,Male,5273,NA,cerd,483399
46299,Li,Daichen,李待琛,Male,4594,1892,cerd,7329
46313,Li,Bide,李彼得,Male,4977,1913,cerd,483400
46317,Li,Youqing,李佑卿,Male,590,1908,cerd,483402
46322,Li,Xunmou,李勳謀,Male,1626,1900,cerd,483403
46339,Li,Shengbo,李升伯,Male,62,1896,cerd,65234
46344,Li,Jiezhen,李結珍,Male,2071,NA,cerd,483404
46346,Li,Xukai,李緒愷,Male,11115,1900,cerd,483405
46348,Li,Shenghuo,李生濩,Male,10958,1909,cerd,483406
46350,Li,Zhongqiang,李仲強,Male,566,1894,cerd,483407
46354,Li,Zhongan,李仲安,Male,NA,NA,cerd,483408
46357,Li,Zhongfan,李仲蕃,Male,909,1900,cerd,483409
46373,Li,Zhongquan,李仲權,Male,2732,NA,cerd,483410
46376,Li,Zhongming,李仲明,Male,6090,1904,cerd,371887
46387,Li,Foxu,李佛續,Male,7071,1912,cerd,483411
46393,Liang,Fukai,梁福愷,Male,3665,NA,cerd,483413
46395,Liang,Xinmin,梁心敏,Male,24230,1911,cerd,483414
46398,Liang,Zhiming,梁治明,Male,1556,1914,cerd,7573
46401,Liang,Hanwei,梁漢偉,Male,449,NA,cerd,483415
46403,Liang,Hanjie,梁漢傑,Male,449,NA,cerd,483416
46407,Liang,Hanying,梁漢英,Male,11706,1914,cerd,483417
46409,Liang,Hanyong,梁漢鏞,Male,3608,1909,cerd,483418
46415,Liang,Rushu,梁汝庶,Male,65,NA,cerd,483419
46417,Liang,Rujin,梁汝縉,Male,5733,NA,cerd,483420
46419,Liang,Yuanzhang,梁遠章,Male,3608,1915,cerd,483421
46421,Liang,Liwen,梁禮文,Male,1659,1910,cerd,483422
46423,Liang,Diqian,梁迪謙,Male,8646,1914,cerd,483425
46425,Liang,Dixun,梁堤訓,Male,590,1910,cerd,483426
46427,Liang,Zhugu,梁祝嘏,Male,4878,1911,cerd,483427
46429,Liang,Hongfei,梁鴻飛,Male,3730,1907,cerd,483428
46437,Liang,Hongyu,梁鴻遇,Male,76,NA,cerd,483429
46439,Liang,Guanzhang,梁冠章,Male,8646,NA,cerd,483430
46443,Liang,Guanjun,梁冠軍,Male,566,1907,cerd,483431
46446,Liang,Daogong,梁道恭,Male,723,NA,cerd,483432
46448,Liang,Qishou,梁啟壽,Male,449,1902,cerd,483433
46458,Liang,Qixuan,梁啟萱,Male,15040,NA,cerd,483434
46460,Liang,Qiyu,梁啟輿,Male,3608,1912,cerd,483436
46462,Liang,Shizi,梁士梓,Male,544,1897,cerd,483437
46476,Liang,Shichao,梁士超,Male,3608,NA,cerd,483438
46482,Liang,Shiming,梁士明,Male,4977,1916,cerd,483439
46484,Liang,Peixiang,梁培橡,Male,40446,1913,cerd,483440
46486,Liang,Peigen,梁培根,Male,1993,1902,cerd,483441
46493,Dai,Jing,戴競,Male,1016,1912,cerd,483442
46499,Dai,Jing,戴靖,Male,2985,1897,cerd,483443
46512,Dai,Lang,戴琅,Male,1161,NA,cerd,483444
46517,Dai,Yi,戴顗,Male,3884,1908,cerd,483445
46520,Dai,Ji,戴濟,Male,1607,1893,cerd,483447
46532,Dai,Jin,戴進,Male,1618,1914,cerd,483448
46535,Dai,Qi,戴祁,Male,1618,1910,cerd,483449
46538,Dai,Yun'ni,戴雲霓,Male,2797,1903,cerd,483450
46540,Dai,Erbin,戴爾賓,Male,61,1907,cerd,483451
46543,Dai,Jinshan,戴晉善,Male,795,NA,cerd,483452
46544,Liang,Nanshan,梁南山,Male,1993,1901,cerd,483453
46549,Liang,Youzhao,梁有昭,Male,21234,1915,cerd,483454
46551,Liang,Youyao,梁有耀,Male,3608,1904,cerd,483455
46558,Liang,Zhiheng,梁志衡,Male,3608,NA,cerd,483456
46561,Liang,Zhichao,梁志超,Male,3608,NA,cerd,483458
46566,Liang,Jiaming,梁嘉明,Male,5937,1913,cerd,483459
46568,Liang,Xisheng,梁喜生,Male,4079,1912,cerd,483460
46570,Liang,Zhucai,梁柱材,Male,511,1914,cerd,483461
46573,Liang,Pengling,梁彭齡,Male,1993,NA,cerd,483462
46577,Liang,Binwen,梁彬文,Male,46578,1899,cerd,375581
46584,Liang,Mengde,梁夢德,Male,2884,1911,cerd,483463
46588,Liang,Menghan,梁夢漢,Male,5830,1913,cerd,483464
46590,Liang,Huashen,梁華甡,Male,3042,1917,cerd,483465
46592,Liang,Shizhong,梁世中,Male,1725,1909,cerd,483466
46595,Liang,Qizhuo,梁其卓,Male,3042,1909,cerd,483467
46599,Liang,Shukang,梁樹康,Male,3608,1914,cerd,483469
46602,Liang,Shuxi,梁樹禧,Male,3608,NA,cerd,483470
46604,Liang,Shuzi,梁樹鼒,Male,427,1910,cerd,483471
46606,Liang,Shurong,梁樹榮,Male,74,1904,cerd,483472
46609,Liang,Guicai,梁桂才,Male,819,NA,cerd,483473
46611,Liang,Guiling,梁桂陵,Male,449,NA,cerd,483474
46613,Liang,Ruzhang,梁如璋,Male,1578,1894,cerd,483475
46615,Liang,Chaoyu,梁朝玉,Male,5733,1891,cerd,358651
46620,Liang,Jing'ou,梁警歐,Male,46621,1911,cerd,483476
46625,Liang,Xiling,梁㰕齡,Male,3042,1914,cerd,483477
46627,Liang,Sudu,梁肅都,Male,20596,NA,cerd,483478
46629,Liang,Zhenzhong,梁振中,Male,2780,1914,cerd,483480
46631,Liang,Zhenbo,梁振鉢,Male,652,1905,cerd,483481
46634,Liang,Huizhi,梁慧芝,Female,3608,1912,cerd,483482
46636,Liang,Huizhong,梁慧忠,Male,1817,1917,cerd,483483
46638,Liang,Bangzhu,梁邦柱,Male,70,1898,cerd,367653
46641,Liang,Guoling,梁國靈,Male,7006,1903,cerd,483484
46651,Liang,Guozan,梁國贊,Male,5131,1910,cerd,483485
46653,Liang,Guozhu,梁國柱,Male,46654,NA,cerd,483486
46656,Liang,Guohuang,梁國晃,Male,3608,1912,cerd,483487
46658,Liang,Sizu,梁思祖,Male,2780,1914,cerd,483488
46668,Dai,Langhua,戴琅華,Female,1607,1917,cerd,483489
46670,Dai,Ziqi,戴子騏,Male,6556,1912,cerd,483491
46673,Dai,Ruxiang,戴儒薌,Male,2165,1912,cerd,483492
46676,Dai,Zhankui,戴占奎,Male,1292,1900,cerd,483493
46683,Dai,Shikun,戴仕焜,Male,29391,1902,cerd,483494
46687,Dai,Dexin,戴德馨,Male,63,NA,cerd,483495
46689,Dai,Baocui,戴保粹,Male,950,1916,cerd,483496
46691,Dai,Shaozeng,戴紹曾,Male,1618,1904,cerd,483497
46696,Dai,Zhijun,戴之焌,Male,20579,1914,cerd,483498
46698,Dai,Zhaoying,戴兆鎣,Male,765,NA,cerd,483499
46701,Dai,Hongru,戴鴻儒,Male,3495,1891,cerd,369502
46709,Dai,Qiyu,戴啟璵,Male,46710,1892,cerd,483500
46721,Dai,Qidong,戴啟東,Male,3924,1912,cerd,483502
46723,Dai,Zhi'ang,戴志昂,Male,607,NA,cerd,483503
46725,Dai,Mushen,戴慕申,Male,6556,NA,cerd,483504
46727,Dai,Guirui,戴桂蕊,Male,6556,NA,cerd,483505
46730,Dai,Guiru,戴桂茹,Male,511,1912,cerd,483506
46733,Dai,Zhongfu,戴中孚,Male,903,1912,cerd,483507
46740,Dai,Zhongrong,戴中溶,Male,903,1911,cerd,483508
46742,Dai,Zhonglu,戴中潞,Male,71,1912,cerd,483509
46746,Dai,Zhenfa,戴振發,Male,1664,1916,cerd,483510
46748,Dai,Zhenfan,戴振藩,Male,449,1914,cerd,483511
46750,Dai,Chengyu,戴成鈺,Male,10082,1917,cerd,483513
46752,Dai,Enji,戴恩基,Male,74,1895,cerd,483514
46755,Dai,Changyi,戴昌揖,Male,765,1914,cerd,483515
46757,Liang,Sijing,梁思敬,Male,2780,1912,cerd,483516
46760,Liang,Sicheng,梁思成,Male,2780,1905,cerd,483517
46765,Liang,Yinghui,梁映輝,Male,10003,1900,cerd,483518
46777,Liang,Shuguang,梁曙光,Male,67,1898,cerd,483519
46781,Liang,Shensheng,梁頣升,Male,8641,1911,cerd,483520
46783,Liang,Dianmin,梁殿民,Male,65,1909,cerd,483521
46785,Liang,Jichun,梁際春,Male,37566,NA,cerd,483522
46787,Liang,Xuehai,梁學海,Male,3608,1889,cerd,483524
46790,Liang,Xuechang,梁學昌,Male,2884,1910,cerd,483525
46793,Liang,Xinggui,梁興貴,Male,42486,NA,cerd,483526
46795,Gui,Bucong,桂步聰,Male,60,1902,cerd,483527
46799,Gui,Baozhang,桂寶璋,Male,9785,NA,cerd,483528
46801,Dai,Changhui,戴昌暉,Male,46802,1918,cerd,483529
46804,Dai,Mingzhi,戴明之,Male,NA,NA,cerd,483530
46805,Dong,Yao,董垚,Male,3226,1897,cerd,483531
46808,Dai,Chenshui,戴臣水,Male,12167,1896,cerd,483532
46813,Dong,Dun,董惇,Male,410,1891,cerd,483533
46817,Dai,Changying,戴長瑩,Male,21325,1913,cerd,483536
46821,Dai,Juzheng,戴居正,Male,1189,1898,cerd,483537
46833,Dai,Jinshu,戴金樹,Male,449,1915,cerd,483538
46837,Dai,Kuisheng,戴夔生,Male,NA,NA,cerd,483539
46839,Dai,Tieyuan,戴鐵垣,Male,21333,1915,cerd,483540
46841,Dai,Shangwen,戴尚文,Male,12436,1908,cerd,483541
46845,Dong,Jingcheng,董竟成,Male,1839,1918,cerd,483542
46846,Dai,Bingxin,戴炳鑫,Male,1604,NA,cerd,483543
46849,Dong,Qingfeng,董慶豐,Male,1659,NA,cerd,483544
46851,Dai,Xingcheng,戴性誠,Male,402,NA,cerd,483545
46854,Dai,Yaoben,戴耀本,Male,402,1915,cerd,483547
46855,Dong,Guangzhi,董廣智,Male,46942,1915,cerd,483548
46857,Feng,Yuntong,封雲桐,Male,427,1915,cerd,483549
46861,Feng,Chuanying,封傳穎,Male,3730,1915,cerd,483550
46863,Feng,Zhuzong,封祝宗,Male,3730,NA,cerd,483551
46866,Feng,Zuyou,封祖祐,Male,3730,1911,cerd,483552
46868,Dai,Jingfu,封景孚,Male,2985,1911,cerd,483553
46869,Dong,Wenjia,董文甲,Male,NA,NA,cerd,483554
46873,Dong,Yansheng,董言聲,Male,1042,1916,cerd,483555
46874,Feng,Shangyi,封尚儀,Male,3730,1914,cerd,483556
46876,Dong,Yi,董毅,Male,965,1914,cerd,483558
46881,Dong,Qi,董岐,Male,4005,1912,cerd,483559
46882,Dong,Longchen,董龍辰,Male,5282,1905,cerd,483560
46885,Dong,Jie,董傑,Male,46887,1916,cerd,483561
46890,Dong,Lun,董綸,Male,965,1900,cerd,386336
46900,Dong,Mofang,董謨芳,Male,6090,1912,cerd,483562
46905,Dong,Mochun,董謨春,Male,6090,1915,cerd,483563
46909,Dong,Xiaoyu,董效遇,Male,427,1916,cerd,483564
46911,Dong,Xiaoshu,董效舒,Male,60,1896,cerd,483565
46917,Dong,Zhenghua,董正華,Male,NA,NA,cerd,483566
46922,Dong,Pingzhi,董平治,Male,17072,NA,cerd,483567
46924,Dong,Xian,董憲,Male,965,NA,cerd,483569
46926,Dong,Li,董禮,Male,44528,1912,cerd,483570
46932,Dong,Yunqing,董?靑,Male,18927,NA,cerd,483571
46937,Dong,Jinyan,董晉炎,Male,1113,1915,cerd,483572
46943,Dong,Dengshan,董登山,Male,3226,1891,cerd,483573
46949,Dong,Yunwen,董允文,Male,3768,1900,cerd,483574
46961,Dong,Huacheng,董化成,Male,2884,NA,cerd,483575
46963,Dong,Ruilin,董瑞麐,Male,1042,1918,cerd,483576
46967,Dong,Dezhen,董德楨,Male,2732,1910,cerd,483577
46969,Dong,Deming,董德明,Male,427,NA,cerd,483578
46972,Dong,Tingzhen,董廷楨,Male,7484,1894,cerd,483580
46974,Dong,Xiuzhang,董繡章,Male,6341,1895,cerd,483581
46978,Dong,Chengshan,董承珊,Male,NA,NA,cerd,483582
46982,Dong,Baoshan,董保善,Male,36548,1915,cerd,483583
46984,Dong,Yiru,董繹如,Male,21499,1915,cerd,483584
46985,Dong,Juchang,董聚昌,Male,4314,1904,cerd,483585
46988,Dong,Shaoji,董紹箕,Male,1544,1915,cerd,483586
46990,Dong,Yiliang,董以良,Male,6678,NA,cerd,483587
46993,Dong,Chongzhang,董寵章,Male,2797,1914,cerd,483588
46996,Dong,Yonglong,董永隆,Male,1708,1914,cerd,483589
46998,Dong,Jiaming,董家銘,Male,553,1914,cerd,483591
47000,Dong,Zixiang,董子祥,Male,449,1911,cerd,483592
47001,Dong,Jiayu,董家煜,Male,553,NA,cerd,483593
47004,Dong,Anguo,董安國,Male,4394,1901,cerd,483594
47005,Dong,Weiyu,董維域,Male,2884,1914,cerd,483595
47007,Dong,Baozhen,董寶楨,Male,1113,1894,cerd,386231
47012,Dong,Weihan,董維翰,Male,8525,NA,cerd,483596
47013,Dong,Baoquan,董寶權,Male,1189,1910,cerd,483597
47017,Dong,Rubao,董儒寶,Male,723,NA,cerd,483598
47018,Dong,Jifan,董繼藩,Male,1091,1908,cerd,483599
47022,Dong,Zhenshan,董貞善,Male,80,1916,cerd,483600
47024,Dong,Jingyu,董經畬,Male,4394,1906,cerd,483602
47029,Gui,Shiqi,桂士圻,Male,9785,1912,cerd,483603
47033,Gui,Fenran,桂芬然,Male,29298,1907,cerd,483604
47035,Gui,Tongshen,桂同申,Male,3133,1912,cerd,483605
47038,Gui,Mingxin,桂銘新,Male,3608,1894,cerd,483606
47042,Gui,Mingjing,桂銘敬,Male,3608,1899,cerd,192125
47051,Quan,Tingfan,權廷藩,Male,4225,1905,cerd,483607
47056,Quan,Taiheng,權泰衡,Male,15944,NA,cerd,483608
47058,Quan,Guojun,權國均,Male,NA,NA,cerd,483609
47060,Quan,Dianhua,權殿華,Male,2313,1912,cerd,483610
47062,Han,Yuan,韓源,Male,20354,1901,cerd,483611
47064,Han,Kai,韓楷,Male,47065,1892,cerd,338533
47077,Han,Dong,韓棟,Male,47065,1888,cerd,483613
47097,Han,Jiong,韓炯,Male,427,NA,cerd,483614
47102,Han,Yanqu,韓彥衢,Male,1544,NA,cerd,483615
47104,Han,Qingxiang,韓慶祥,Male,2884,1910,cerd,483616
47106,Han,Wenlong,韓文龍,Male,1556,1914,cerd,483617
47108,Han,Wenzhao,韓文詔,Male,449,NA,cerd,483618
47111,Han,Wenzao,韓文藻,Male,6617,1913,cerd,483619
47114,Han,Wenbao,韓文葆,Male,3608,1914,cerd,483620
47116,Han,Wangshou,韓望壽,Male,1578,1886,cerd,483621
47118,Han,Yuqi,韓玉琦,Male,2884,1916,cerd,483622
47120,Han,Yuangong,韓元功,Male,9036,NA,cerd,483624
47122,Han,Jinbi,韓晉弼,Male,2071,1915,cerd,483625
47124,Han,Yuncen,韓雲岑,Male,2352,1914,cerd,483626
47127,Han,Jiangong,韓建功,Male,511,1913,cerd,483627
47129,Han,Chenglie,韓承烈,Male,4225,1892,cerd,483628
47137,Han,Chengzhao,韓承昭,Male,22338,1901,cerd,483629
47139,Han,Zhizhong,韓致中,Male,2313,1901,cerd,483630
47141,Han,Ruzhuo,韓儒倬,Male,24773,1909,cerd,483631
47144,Han,Deju,韓德舉,Male,12042,1903,cerd,483632
47160,Han,Bolin,韓伯林,Male,11516,1913,cerd,483633
47166,Han,Jizhou,韓緝周,Male,8641,1911,cerd,483635
47168,Han,Xiudu,韓修篤,Male,4079,NA,cerd,483636
47170,Han,Mingqi,韓名岐,Male,4314,1913,cerd,483637
47172,Han,Wenqing,韓文卿,Male,4195,1902,cerd,483638
47174,Han,Jiali,韓家禮,Male,11522,1911,cerd,483639
47176,Han,Shouqiang,韓守強,Male,3730,1916,cerd,483640
47178,Han,Liangyou,韓良友,Male,2732,1914,cerd,483641
47180,Han,Baoxiu,韓寶琇,Male,9613,1910,cerd,483642
47182,Han,Baokun,韓寶琨,Male,1748,1896,cerd,483643
47184,Han,Baoquan,韓寶荃,Male,427,1910,cerd,483644
47187,Han,Zongyu,韓宗愈,Male,5332,1908,cerd,483647
47192,Han,Zhaoqi,韓兆琦,Male,2884,NA,cerd,483648
47195,Han,Rubiao,韓汝標,Male,449,1910,cerd,483649
47197,Han,Hongling,韓鴻鈴,Male,10199,1907,cerd,483650
47199,Han,Zupei,韓祖培,Male,427,NA,cerd,483651
47201,Li,Jianqing,李健清,Male,47202,1914,cerd,483652
47204,Li,Chuanjing,李傳經,Male,47205,NA,cerd,483653
47207,Li,Chuanji,李傳基,Male,1079,1918,cerd,483654
47209,Li,Chuanxin,李傳薪,Male,1409,1908,cerd,483655
47215,Li,Chuansheng,李傳聲,Male,324,1915,cerd,483656
47217,Li,Weiyou,李偉祐,Male,5756,1915,cerd,483658
47219,Li,Chunlian,李純廉,Male,19088,1913,cerd,483659
47222,Li,Chunzhong,李純忠,Male,4802,1913,cerd,483660
47226,Li,Zixin,李自新,Male,21325,1915,cerd,483661
47228,Li,Boning,李伯寧,Male,2542,1910,cerd,483662
47233,Li,Boping,李伯屏,Male,4816,1916,cerd,483663
47235,Li,Boxian,李伯賢,Male,449,NA,cerd,483664
47237,Li,Bohui,李伯輝,Male,1993,1915,cerd,483665
47239,Li,Deyong,李得庸,Male,590,1896,cerd,37365
47249,Li,Dewei,李得威,Male,2732,1913,cerd,483667
47254,Li,Baolin,李保麟,Male,566,1916,cerd,483669
47256,Li,Baoling,李保齡,Male,1618,1892,cerd,371934
47276,Li,Baozhen,李保真,Male,10580,1908,cerd,483670
47278,Li,Baosen,李保森,Male,965,1915,cerd,483671
47280,Li,Yinian,李嶧年,Male,13941,1916,cerd,483672
47282,Li,Kaiyuan,李凱元,Male,2857,1909,cerd,483673
47284,Li,Peizhang,李佩璋,Male,3857,1910,cerd,483674
47287,Dong,Fukang,董福康,Male,1079,NA,cerd,483675
47289,Dong,Zhaolong,董兆龍,Male,1113,1905,cerd,483676
47301,Dong,Zhiguo,董治國,Male,4394,1898,cerd,483677
47303,Dong,Yuncong,董運聰,Male,47304,1915,cerd,483678
47308,Dong,Yingfu,董迎福,Male,15503,NA,cerd,483680
47310,Dong,Danian,董大年,Male,3645,1896,cerd,483681
47318,Dong,Peihou,董培祜,Male,80,1911,cerd,483682
47321,Dong,Zaihua,董在華,Male,3642,1910,cerd,483683
47323,Dong,Xixian,董希賢,Male,909,1913,cerd,483684
47327,Dong,Shoucheng,董壽成,Male,427,1915,cerd,483685
47329,Dong,Zihuang,董梓煌,Male,2797,1892,cerd,483686
47335,Dong,Meng'ao,董夢鰲,Male,2625,1907,cerd,483687
47337,Dong,Yinjie,董蔭杰,Male,3665,NA,cerd,483688
47343,Dong,Weiwen,董蔚文,Male,2625,1908,cerd,483689
47348,Dong,Weiqiao,董蔚翹,Male,9856,1906,cerd,483691
47358,Dong,Zhimei,董芝眉,Male,NA,NA,cerd,483692
47360,Dong,Shi'an,董世安,Male,5282,1914,cerd,483693
47362,Dong,Shiyou,董世祐,Male,80,1900,cerd,332591
47365,Dong,Shifen,董世芬,Male,3608,1917,cerd,483694
47367,Dong,Shichun,董世春,Male,518,1912,cerd,483695
47369,Dong,Shiyi,董世頤,Male,1259,NA,cerd,483696
47372,Dong,Shubing,董樹屏,Male,511,1910,cerd,483697
47375,Dong,Shutang,董樹棠,Male,618,NA,cerd,483698
47377,Dong,Rufeng,董如奉,Male,63,1886,cerd,346044
47380,Dong,Zengze,董增澤,Male,11962,1911,cerd,483699
47382,Dong,Jingxiu,董敬修,Male,27765,NA,cerd,483700
47384,Dong,Jingye,董敬業,Male,1903,NA,cerd,483702
47386,Dong,Zhenhu,董振祜,Male,4394,1903,cerd,483703
47388,Dong,Zhenxue,董振學,Male,2884,1914,cerd,483704
47390,Dong,Zhenming,董振銘,Male,12014,NA,cerd,483705
47393,Dong,Sihong,董思鴻,Male,2884,1912,cerd,483706
47395,Dong,Yi'an,董貽安,Male,2884,NA,cerd,483707
47398,Dong,Changqing,董長慶,Male,909,NA,cerd,483708
47400,Dong,Yongfang,董用方,Male,34602,1899,cerd,483709
47403,Dong,Kaixian,董開先,Male,1604,1901,cerd,483710
47408,Dong,Yuxiu,董毓秀,Male,8202,1908,cerd,483711
47414,Dong,Yuhui,董毓惠,Male,2732,1912,cerd,483713
47416,Dong,Yujing,董畬經,Male,47417,1912,cerd,483714
47419,Dong,Gongliang,董公亮,Male,5955,1916,cerd,483715
47421,Dong,Zhonglin,董鍾林,Male,1839,NA,cerd,483716
47423,Dong,Tiebao,董鐵寶,Male,965,1917,cerd,483717
47425,Dong,Guangxiang,董光祥,Male,3133,1915,cerd,483718
47427,Dong,Shanggong,董尚恭,Male,2732,1909,cerd,483719
47429,Dong,Bingquan,董炳銓,Male,1604,NA,cerd,483720
47433,Dong,Xiechuan,董燮川,Male,1867,1917,cerd,483721
47436,Dong,Rongqing,董榮清,Male,909,1889,cerd,483722
47445,Ge,Junsheng,蓋駿聲,Male,77,1910,cerd,483724
47448,Lan,Tian,藍田,Male,47449,1892,cerd,483725
47457,Lan,Zhanghua,藍章華,Male,3323,1915,cerd,483726
47459,Lan,Mingdao,藍名道,Male,71,1896,cerd,387399
47463,Lan,Jiazhen,藍家楨,Male,13428,NA,cerd,483727
47465,Lan,Ruzhong,藍汝鍾,Male,3966,1915,cerd,483728
47467,Lan,Zemin,藍澤敏,Male,429,1912,cerd,483729
47469,Lan,Zhiming,藍志銘,Male,2477,1906,cerd,483730
47474,Lan,Lü'an,藍履安,Male,47475,1911,cerd,483731
47477,Fan,Xu,范煦,Male,9583,1906,cerd,483732
47484,Fan,Rui,范銳,Male,67,1887,cerd,483733
47487,Fan,Fanglun,范方倫,Male,1189,1909,cerd,483735
47489,Fan,Qinghong,范慶鴻,Male,3935,1910,cerd,483736
47493,Fan,Qinghan,范慶涵,Male,3101,1890,cerd,483737
47501,Fan,Guangzhen,范廣震,Male,6090,1916,cerd,483738
47503,Fan,Guangju,范廣居,Male,4225,1893,cerd,483739
47505,Fan,Xinfan,范新範,Male,590,NA,cerd,483740
47508,Fan,Xinhuai,范新懷,Male,590,1900,cerd,483741
47514,Fan,Yuanbi,范元弼,Male,1161,1914,cerd,483742
47516,Fan,Ruizhen,范瑞珍,Male,601,1901,cerd,483743
47523,Fan,Yanxi,范延禧,Male,24560,1911,cerd,483744
47526,Fan,Bimin,范弼民,Male,1161,1912,cerd,483746
47530,Fan,Chengxu,范承旭,Male,10958,1914,cerd,483747
47539,Fan,Zhiyuan,范致遠,Male,14760,1896,cerd,483748
47548,Fan,Bingde,范秉德,Male,3033,1912,cerd,483749
47550,Fan,Weiying,范維瀅,Male,62,1908,cerd,483750
47554,Fan,Chongwu,范崇武,Male,1626,1908,cerd,483751
47561,Fan,Chonghou,范崇厚,Male,1256,NA,cerd,483752
47565,Fan,Chunyi,范純一,Male,2542,1916,cerd,483753
47567,Fan,Jide,范積德,Male,1682,1903,cerd,483754
47573,Fan,Congzhen,范從振,Male,14937,1913,cerd,483755
47575,Fan,Jizhou,范濟州,Male,1659,1900,cerd,483758
47580,Fan,Yongzeng,范永增,Male,877,1891,cerd,483759
47587,Fan,Jiaju,范家駒,Male,1100,1911,cerd,483760
47589,Fan,Zhizheng,范治政,Male,1036,NA,cerd,483761
47593,Fan,Zhilun,范治綸,Male,3101,1907,cerd,483762
47599,Fan,Zhihuai,范治淮,Male,3101,1891,cerd,483763
47602,Fan,Shuzu,范述祖,Male,10006,NA,cerd,483764
47604,Fan,Dicheng,范迪成,Male,2443,1909,cerd,483765
47609,Fan,Runqing,范潤卿,Male,1664,1909,cerd,483766
47613,Fan,Hongzhi,范鴻志,Male,5020,1915,cerd,483767
47615,Fan,Hong'en,范鴻恩,Male,5463,1909,cerd,483769
47619,Fan,Ningzhou,范凝珘,Male,10958,NA,cerd,483770
47621,Fan,Ningxian,范凝憲,Male,10958,1918,cerd,483771
47628,Fan,Ningbi,范凝璧,Male,10958,NA,cerd,483772
47630,Fan,Ningfang,范凝鈁,Male,10958,1914,cerd,483773
47633,Fan,Zubi,范祖璧,Male,1770,NA,cerd,483774
47635,Fan,Keming,范克明,Male,47637,1913,cerd,483775
47639,Fan,Zhigao,范志高,Male,47640,1912,cerd,483776
47642,Fan,Zhiheng,范志恆,Male,7006,1914,cerd,483777
47645,Fan,Shoukang,范壽康,Male,1664,1898,cerd,483778
47654,Fan,Shizheng,范式正,Male,1079,1903,cerd,483780
47667,Fan,Maochun,范茂春,Male,3672,1906,cerd,483781
47669,Fan,Shijin,范世晉,Male,4371,NA,cerd,483782
47671,Fan,Shibi,范世弼,Male,1161,1912,cerd,483783
47674,Fan,Guiwen,范桂文,Male,3023,1914,cerd,483784
47676,Fan,Xiangqing,范相慶,Male,90,1887,cerd,483785
47689,Fan,Junyi,范均一,Male,965,1915,cerd,483786
47691,Fan,Zengcheng,范增澄,Male,3966,1911,cerd,483787
47696,Fan,Jingping,范敬平,Male,1079,1890,cerd,483788
47700,Fan,Meifang,范梅芳,Male,1161,1916,cerd,483789
47703,Fan,Benliang,范本良,Male,NA,NA,cerd,483791
47705,Fan,Benzhong,范本中,Male,807,1901,cerd,483792
47718,Fan,Benkui,范本煃,Male,877,1889,cerd,483793
47722,Fan,Zhongyan,范忠彥,Male,3053,NA,cerd,483794
47724,Fan,Chunquan,范春泉,Male,19911,1904,cerd,483795
47726,Fan,Jingguang,范景光,Male,4161,1908,cerd,483796
47733,Fan,Shangsheng,范晌生,Male,1881,1909,cerd,483797
47736,Fan,Xiesheng,范歇生,Male,1881,1916,cerd,483798
47738,Fan,Fengyuan,范鳳源,Male,1079,1905,cerd,483799
47749,Fan,Xiaozeng,范斅曾,Male,6460,1909,cerd,483800
47753,Fan,Zhongqing,范鍾慶,Male,2732,1899,cerd,483802
47759,Fan,Diaochen,范釣臣,Male,10958,1910,cerd,483803
47761,Fan,Bingzhang,范炳章,Male,13681,1902,cerd,483804
47763,Pu,Wei,蒲偉,Male,36004,1913,cerd,483805
47765,Pu,Liangshao,蒲良梢,Male,3323,1914,cerd,483806
47767,Pu,Minren,蒲敏仁,Male,47768,NA,cerd,483807
47772,Bo,Shaozong,薄紹宗,Male,723,1895,cerd,387222
47778,Bo,Ruxuan,薄汝?,Male,22109,NA,cerd,483808
47780,Bo,Haiqin,薄海欽,Male,1002,1900,cerd,483809
47784,Li,Peikun,李佩崑,Male,4449,1906,cerd,483810
47790,Li,Xiuheng,李修恆,Male,2884,1914,cerd,483811
47792,Li,Xiangqian,李象謙,Male,15503,1910,cerd,483813
47796,Li,Xiangzhen,李象震,Male,7100,1904,cerd,483814
47799,Li,Xiangyi,李象頤,Male,36548,NA,cerd,483815
47801,Li,Yiru,李彝儒,Male,553,NA,cerd,483816
47803,Li,Luqing,李魯卿,Male,7055,1913,cerd,483817
47805,Li,Shengming,李繩銘,Male,4945,1911,cerd,483818
47809,Li,Shaolin,李紹琳,Male,11551,1909,cerd,483819
47811,Li,Shaobai,李紹白,Male,2884,1908,cerd,483820
47815,Li,Shaode,李紹悳,Male,70,1904,cerd,483821
47820,Li,Shaoqi,李紹奇,Male,427,1913,cerd,483822
47822,Li,Shaowei,李紹威,Male,590,1914,cerd,483824
47824,Li,Shaochang,李紹昌,Male,590,1912,cerd,483825
47827,Li,Shaomei,李紹美,Male,590,1900,cerd,483826
47834,Li,Shaoliu,李紹鏐,Male,903,1904,cerd,483827
47842,Li,Zuoheng,李作亨,Male,3608,1906,cerd,483828
47850,Li,Zuolin,李作霖,Male,2313,1895,cerd,483829
47855,Li,Zuozhou,李作舟,Male,10003,NA,cerd,483830
47857,Li,Zuojia,李作家,Male,29466,1907,cerd,483831
47862,Li,Zhengzhi,李徵植,Male,429,NA,cerd,483832
47864,Li,Fudan,李復旦,Male,47865,1891,cerd,372612
47868,Huang,Duxiu,黃篤修,Male,40520,1890,cerd,483833
47871,Huang,Yusheng,黃毓生,Male,16722,NA,cerd,483835
47875,Huang,Huaizhen,黃懷楨,Male,9592,NA,cerd,483836
47878,Huang,Shangfan,黃尚藩,Male,73,1896,cerd,399204
47881,Huang,Changxi,黃常熙,Male,16722,1906,cerd,483837
47887,Huang,Hengdao,黃恆道,Male,17009,1909,cerd,483838
47889,Huang,Bingzhang,黃炳章,Male,4977,1901,cerd,483839
47898,Huang,Bingfang,黃炳芳,Male,4977,1898,cerd,483840
47904,Huang,Bingguang,黃炳光,Male,4977,NA,cerd,483841
47906,Huang,Bingyan,黃炳炎,Male,1490,1915,cerd,483842
47908,Huang,Chichang,黃熾昌,Male,7296,1907,cerd,483843
47910,Huang,Shenxiu,黃慎修,Male,1189,1910,cerd,483844
47914,Huang,Weiji,黃煒機,Male,449,1916,cerd,483846
47917,Huang,Yubang,黃煜邦,Male,5937,1912,cerd,483847
47919,Huang,Yaowei,黃耀偉,Male,1857,1903,cerd,483848
47924,Huang,Huizhou,黃輝宙,Male,45256,1917,cerd,483849
47926,Huang,Luoxun,黃犖勳,Male,4977,NA,cerd,483850
47928,Huang,Rongyao,黃榮耀,Male,1857,1900,cerd,483851
47934,Cai,Yi,蔡翊,Male,29080,1899,cerd,483852
47939,Cai,Ren,蔡仁,Male,765,1901,cerd,483853
47943,Cai,Ding,蔡鼎,Male,14247,1917,cerd,483854
47945,Cai,You,蔡牖,Male,7718,NA,cerd,483855
47948,Cai,Hong,蔡紘,Male,77195,1902,cerd,483857
47952,Cai,Xiong,蔡雄,Male,1113,1898,cerd,193011
47959,Cai,Jun,蔡均,Male,1664,1916,cerd,483858
47962,Cai,Song,蔡松,Male,74,1908,cerd,483859
47967,Cai,Zhen,蔡振,Male,71,1898,cerd,483860
47970,Cai,Yi,蔡義,Male,1364,1902,cerd,483861
47972,Cai,Zheng,蔡鉦,Male,61,1900,cerd,483862
47975,Cai,Ming,蔡銘,Male,12361,1910,cerd,483863
47977,Cai,Chang,蔡常,Male,1664,NA,cerd,483864
47984,Cai,Wen,蔡炆,Male,NA,NA,cerd,483865
47986,Cai,Xin,蔡炘,Male,1113,1912,cerd,483866
47993,Cai,Yue,蔡悦,Male,1636,1909,cerd,483869
48000,Cai,Fangyin,蔡方蔭,Male,522,1905,cerd,483870
48011,Cai,Wenfa,蔡文法,Male,NA,NA,cerd,483871
48013,Cai,Dunji,蔡敦基,Male,1161,1908,cerd,483872
48015,Cai,Yuzhong,蔡玉中,Male,2797,1903,cerd,483873
48017,Cai,Lingshan,蔡靈山,Male,3966,1913,cerd,483874
48020,Cai,Tianjian,蔡天健,Male,590,NA,cerd,483875
48022,Cai,Tingbiao,蔡廷標,Male,1256,1913,cerd,483876
48025,Cai,Jianbing,蔡建冰,Male,1409,1908,cerd,483877
48027,Cai,Zixiang,蔡子香,Male,1618,NA,cerd,483878
48029,Cai,Zidian,蔡子丹,Male,1618,NA,cerd,483880
48031,Cai,Junji,蔡君璣,Male,553,1910,cerd,483881
48033,Cai,Junjian,蔡君簡,Male,1100,1891,cerd,483882
48038,Cai,Weicheng,蔡維城,Male,1664,1907,cerd,483883
48042,Cai,Tongdan,蔡統旦,Male,3042,1913,cerd,483884
48044,Cai,Jiqing,蔡繼青,Male,NA,NA,cerd,483885
48047,Cai,Jizhao,蔡繼昭,Male,1076,1910,cerd,483886
48053,Cai,Junzhang,蔡俊章,Male,15403,1910,cerd,483887
48058,Cai,Junxiang,蔡俊祥,Male,965,1914,cerd,483888
48063,Cai,Zhonghua,蔡仲華,Male,30607,1909,cerd,483889
48067,Cai,Bomin,蔡伯民,Male,511,1912,cerd,483891
48069,Cai,Dezhong,蔡得中,Male,2797,1903,cerd,483892
48071,Cai,Jixian,蔡緝顯,Male,3042,1916,cerd,483893
48073,Cai,Mingfang,蔡名芳,Male,3645,1905,cerd,483894
48078,Cai,Jiyuan,蔡紀垣,Male,2942,NA,cerd,483895
48080,Cai,Shaolun,蔡紹倫,Male,2567,1914,cerd,483896
48083,Cai,Zuoxiang,蔡作襄,Male,3884,NA,cerd,483897
48085,Cai,Xuanfu,蔡宣甫,Male,1256,NA,cerd,483898
48088,Cai,Jiayu,蔡家瑜,Male,7009,1910,cerd,483899
48090,Cai,Jiali,蔡家裏,Male,607,1912,cerd,483900
48092,Cai,Jiaji,蔡家驥,Male,6968,1899,cerd,386502
48103,Cai,Jiqing,蔡寄晴,Male,3265,1911,cerd,483902
48105,Cai,Liangyu,蔡良玉,Male,402,NA,cerd,483903
48107,Cai,Liangwen,蔡良穩,Male,4977,1903,cerd,483904
48117,Cai,Liangji,蔡良楫,Male,402,1903,cerd,483905
48119,Cai,Baochang,蔡寶昌,Male,71,1917,cerd,483906
48122,Cai,Yuangao,蔡源高,Male,388,1899,cerd,483907
48133,Cai,Xinsi,蔡心耜,Male,1120,1917,cerd,483908
48135,Cai,Weicang,蔡為蒼,Male,1664,1908,cerd,483909
48140,Cai,Ruming,蔡汝明,Male,807,NA,cerd,483910
48142,Cai,Yuanze,蔡遠澤,Male,62,NA,cerd,483911
48146,Cai,Hongtang,蔡鴻堂,Male,15503,1910,cerd,483913
48148,Cai,Haishu,蔡海樹,Male,7071,1899,cerd,483914
48158,Cai,Qiwen,蔡啟文,Male,3042,1916,cerd,483915
48160,Cai,Zhikan,蔡志侃,Male,1161,1913,cerd,483916
48162,Cai,Jielin,蔡杰林,Male,1993,1902,cerd,483917
48165,Cai,Zhulan,蔡柱瀾,Male,388,1902,cerd,483918
48168,Cai,Yinpei,蔡蔭培,Male,427,1915,cerd,483919
48170,Cai,Yinhua,蔡蔭華,Male,871,1909,cerd,483920
48172,Cai,Xiansu,蔡孝肅,Male,NA,NA,cerd,483921
48174,Cai,Xianxin,蔡孝鑫,Male,2985,1915,cerd,483922
48177,Cai,Jiecun,蔡劼存,Male,1664,1903,cerd,483924
48181,Cai,Shichen,蔡世琛,Male,553,1901,cerd,483925
48186,Cai,Shitong,蔡世彤,Male,553,1897,cerd,483926
48189,Cai,Qishu,蔡其恕,Male,950,1903,cerd,483927
48193,Cai,Qimin,蔡其敏,Male,950,1904,cerd,483928
48196,Cai,Zengjie,蔡增杰,Male,1770,1910,cerd,483929
48205,Han,Shiyi,韓士沂,Male,7011,1914,cerd,483930
48207,Han,Yaochun,韓垚春,Male,819,1911,cerd,483931
48209,Han,Yuhua,韓堉樺,Male,3750,1891,cerd,396550
48218,Han,Kexin,韓克信,Male,2313,1902,cerd,483932
48220,Han,Cunxiang,韓存祥,Male,1682,NA,cerd,483933
48222,Han,Jiashen,韓嘉椹,Male,909,1893,cerd,483935
48224,Han,Kaozheng,韓考政,Male,2797,NA,cerd,483936
48226,Han,Yinzheng,韓蔭正,Male,10543,1912,cerd,483937
48228,Han,Baoxuan,韓葆玄,Male,15471,1916,cerd,483938
48230,Han,Muqian,韓慕乾,Male,10437,1913,cerd,483939
48232,Han,Yingming,韓英明,Male,27765,NA,cerd,483940
48236,Han,Shikai,韓世凱,Male,1364,1907,cerd,483941
48239,Han,Shiji,韓世紀,Male,7484,NA,cerd,483942
48241,Han,Shutang,韓樹棠,Male,48242,1900,cerd,396635
48254,Han,Guize,韓桂澤,Male,723,1897,cerd,483943
48262,Han,Yunji,韓蘊藉,Male,1975,1900,cerd,483944
48264,Han,Chaozong,韓朝宗,Male,13462,NA,cerd,192052
48267,Han,Chaonan,韓超南,Male,40694,NA,cerd,483946
48269,Han,Gekun,韓格坤,Male,819,1911,cerd,483947
48272,Han,Zhongshan,韓忠山,Male,1748,1912,cerd,483948
48274,Han,Chundi,韓春第,Male,427,1907,cerd,483949
48290,Han,Guoqing,韓國慶,Male,6080,1912,cerd,483950
48292,Han,Guoqi,韓國琪,Male,1578,1909,cerd,483951
48296,Han,Guoguang,韓國珖,Male,1578,1914,cerd,483952
48298,Han,Guofan,韓國藩,Male,2857,1907,cerd,483953
48301,Li,Yizhang,李宜璋,Male,8141,1911,cerd,483954
48303,Li,Yiguang,李宜光,Male,1177,1898,cerd,483955
48313,Li,Xuanyu,李宣譽,Male,NA,NA,cerd,483957
48315,Li,Peifang,李沛芳,Male,34412,NA,cerd,483958
48317,Li,Peimin,李沛民,Male,4977,1905,cerd,483959
48321,Li,Yongyan,李永彥,Male,429,1912,cerd,483960
48323,Li,Yongqing,李永慶,Male,1903,1896,cerd,483961
48331,Li,Yongxi,李永熹,Male,1618,1916,cerd,483962
48333,Li,Yongfang,李永芳,Male,813,NA,cerd,483963
48337,Li,Yongji,李永楫,Male,80,1909,cerd,483964
48339,Li,Yonggu,李永固,Male,1770,1902,cerd,483965
48346,Li,Yongxi,李永錫,Male,1664,1913,cerd,483966
48356,Li,Yongzhao,李永炤,Male,1664,1916,cerd,483968
48358,Li,Jiazhang,李家璋,Male,427,1895,cerd,483969
48361,Li,Jialu,李家璐,Male,427,1917,cerd,483970
48363,Li,Jiachen,李家琛,Male,590,1901,cerd,483971
48377,Li,Jiaxian,李家獻,Male,40446,1915,cerd,483972
48379,Li,Jiayin,李家蔭,Male,1042,1909,cerd,483973
48383,Li,Jiaju,李家駒,Male,11962,NA,cerd,483974
48386,Li,Zhijun,李之俊,Male,71,1910,cerd,483975
48390,Li,Zhihua,李之華,Male,24430,1913,cerd,483976
48392,Li,Zhiming,李之銘,Male,8775,1899,cerd,483977
48402,Li,Zhichang,李之常,Male,3016,1899,cerd,483980
48410,Li,Jinwen,李進文,Male,9117,1906,cerd,483981
48412,Li,Jinlong,李進嶐,Male,6556,1891,cerd,483982
48420,Li,Shouzhen,李守鎮,Male,29207,NA,cerd,483983
48422,Li,Shouzhen,李守珍,Male,2732,1901,cerd,483984
48424,Li,Shouren,李守仁,Male,2884,1904,cerd,483985
48429,Li,Hansong,李寒松,Male,2114,1917,cerd,483986
48431,Li,Anding,李安定,Male,5332,1893,cerd,483987
48433,Li,Anguo,李安國,Male,20470,1915,cerd,483988
48435,Li,Hongyi,李宏義,Male,8775,NA,cerd,483989
48437,Li,Fuguo,李富國,Male,16164,NA,cerd,483991
48441,Li,Fulong,李富隆,Male,427,NA,cerd,483992
48443,Li,Dingkui,李定魁,Male,24404,1909,cerd,483993
48445,Li,Dinghuan,李定寰,Male,807,1915,cerd,483994
48447,Li,Dinghuan,李定煥,Male,956,1892,cerd,332815
48462,Li,Yinzhang,李寅璋,Male,32029,NA,cerd,483995
48467,Li,Baoqing,李寶慶,Male,6673,1902,cerd,483996
48474,Li,Baoqi,李寶琦,Male,9613,1898,cerd,483997
48476,Li,Baochen,李寶琛,Male,427,NA,cerd,483998
48480,Li,Baohong,李寶洪,Male,63,1910,cerd,483999
48483,Li,Baozuo,李寶祚,Male,9758,1907,cerd,484000
48485,Li,Baoxiang,李寶祥,Male,5733,1917,cerd,484002
48487,Li,Baotai,李寶泰,Male,427,1900,cerd,484003
48491,Li,Baoshu,李寶書,Male,25619,1893,cerd,484004
48499,Han,Guojun,韓國鈞,Male,2857,1903,cerd,484005
48503,Han,Engui,韓恩桂,Male,9357,1900,cerd,484006
48505,Han,Entai,韓恩泰,Male,6904,1899,cerd,484007
48507,Han,Changfu,韓昌阜,Male,15471,NA,cerd,484008
48511,Han,Mingshi,韓鳴時,Male,4371,1901,cerd,484009
48513,Han,Houji,韓厚基,Male,4449,1895,cerd,484010
48522,Han,Jingqing,韓鏡清,Male,7055,1908,cerd,484011
48524,Han,Zhonggan,韓鍾淦,Male,1682,1907,cerd,484013
48526,Han,Jincheng,韓錦城,Male,877,1915,cerd,484014
48528,Han,Jianbo,韓鑑波,Male,5904,NA,cerd,484015
48532,Han,Binggao,韓炳誥,Male,48533,1913,cerd,484016
48535,Han,Shengong,韓慎恭,Male,1079,1911,cerd,484017
48538,Han,Yaolin,韓耀麟,Male,9818,NA,cerd,484018
48540,Han,Yaobo,韓耀柏,Male,63,1912,cerd,484019
48545,Lou,Chen,樓辰,Male,10730,1913,cerd,484020
48552,Lou,Zhaomian,樓兆緜,Male,1210,1909,cerd,484021
48559,Lou,Hongdi,樓鴻棣,Male,10730,1912,cerd,484022
48562,Lou,Xi'ao,樓希翱,Male,3829,1914,cerd,484024
48565,Lou,Shiwu,樓世武,Male,1210,1911,cerd,484025
48571,Lou,Qinzhong,樓欽忠,Male,1210,1902,cerd,484026
48583,He,Hao,賀鄗,Male,2071,1892,cerd,484027
48591,He,Lin,賀麟,Male,965,1917,cerd,484028
48594,He,Zhen,賀珍,Male,8366,NA,cerd,484029
48596,He,Jun,賀俊,Male,8646,1904,cerd,484030
48598,He,Kai,賀闓,Male,590,1902,cerd,484031
48607,He,Jinxiu,賀謹修,Male,1487,1912,cerd,484032
48611,He,Yunzhang,賀雲章,Male,96,1898,cerd,389178
48615,Yuan,Changhong,苑昌弘,Male,NA,NA,cerd,484033
48617,Yuan,Jinke,苑金科,Male,9420,1913,cerd,484035
48619,Yuan,Yuying,苑毓英,Male,11200,1914,cerd,484036
48621,Hua,Ruiying,花瑞英,Male,1016,1913,cerd,484037
48625,Zhuang,Jun,莊俊,Male,877,1890,cerd,484038
48628,Zhuang,Qi,莊启,Male,965,1882,cerd,332553
48638,Zhuang,Quan,莊權,Male,965,1896,cerd,484039
48639,He,Yunchuan,賀雲川,Male,644,1911,cerd,484040
48641,He,Shengyu,賀聖諭,Male,1305,1912,cerd,484041
48643,He,Jigong,賀季恭,Male,38663,1913,cerd,484042
48645,He,Jijian,賀季堅,Male,28783,1909,cerd,484043
48657,He,Weicheng,賀維城,Male,48658,NA,cerd,484044
48660,He,Yunlin,賀允臨,Male,4594,NA,cerd,484046
48662,He,Yunjun,賀允焌,Male,459,1916,cerd,484047
48664,He,Deqian,賀德乾,Male,1487,1917,cerd,484048
48666,He,Xiuwu,賀修武,Male,6904,NA,cerd,484049
48668,He,Jiacong,賀家琮,Male,449,NA,cerd,484050
48670,He,Yeju,賀業鉅,Male,590,1915,cerd,484051
48672,He,Zuoyang,賀祚養,Male,6839,1917,cerd,484052
48674,He,Qiyuan,賀啟元,Male,77,1901,cerd,484053
48677,He,Shiming,賀士明,Male,1002,1898,cerd,484054
48694,Zhuang,Ji,莊驥,Male,3924,1902,cerd,484055
48704,Zhuang,Jian,莊堅,Male,71,1889,cerd,332552
48707,Zhuang,Rui,莊銳,Male,562,1895,cerd,484057
48710,Zhuang,Liangcai,莊亮彩,Male,553,NA,cerd,484058
48712,Zhuang,Wenhua,莊文華,Male,77,1909,cerd,484059
48715,Zhuang,Xiaozhen,莊效震,Male,950,1898,cerd,484060
48726,Zhuang,Zhengquan,莊正權,Male,10904,1893,cerd,484061
48740,Zhuang,Qiangshi,莊強士,Male,965,1912,cerd,484062
48742,Zhuang,Bingquan,莊秉權,Male,877,1899,cerd,484063
48751,Zhuang,Bingjun,莊秉鈞,Male,877,1907,cerd,484064
48756,He,Shixiang,賀士驤,Male,7725,1911,cerd,484065
48758,He,Senrong,賀森榮,Male,2071,1892,cerd,484066
48760,He,Xiaozhang,賀孝章,Male,1305,1914,cerd,484068
48763,He,Shulin,賀書林,Male,644,NA,cerd,484069
48766,He,Bangyong,賀邦墉,Male,6965,NA,cerd,484070
48768,He,Quanyin,賀全銀,Male,11115,1913,cerd,484071
48771,He,Zhili,賀知禮,Male,48772,1917,cerd,484072
48776,Jia,Jishi,郟濟時,Male,1079,1901,cerd,484073
48783,Yu,Sen,郁森,Male,1643,1906,cerd,390649
48798,Yu,Gu,郁嘏,Male,5979,NA,cerd,484074
48801,Yu,Wangshun,郁望舜,Male,1161,1909,cerd,484075
48806,Yu,Gongda,郁功達,Male,NA,NA,cerd,484076
48808,Yu,Jianping,郁建屏,Male,1256,1906,cerd,484077
48811,Yu,Bingjian,郁秉堅,Male,1664,1905,cerd,484079
48830,Bo,Zhang,柏璋,Male,1409,1913,cerd,484080
48833,Bo,Jinzhi,柏勁直,Male,965,1898,cerd,484081
48844,Zhuang,Bingchang,莊秉常,Male,1016,1916,cerd,484082
48850,Bo,Shiyi,柏實義,Male,12167,1913,cerd,7538
48855,Zhuang,Weibing,莊維屏,Male,7960,1891,cerd,484083
48856,Xiang,Yi,相熤,Male,19840,1913,cerd,484084
48862,Xiang,Tingxuan,相廷選,Male,3901,1900,cerd,484085
48870,Zhuang,Dezu,莊德祖,Male,1305,1909,cerd,484086
48872,Zhuang,Jiyuan,莊紀元,Male,1736,NA,cerd,484087
48881,Zhuang,Jianzhi,莊儉之,Male,1079,1913,cerd,484088
48883,Zhuang,Yongji,莊永基,Male,553,1908,cerd,467266
48886,Yu,Weizhou,郁維周,Male,22109,1893,cerd,467267
48888,Yu,Dingxun,郁鼎勳,Male,1189,1905,cerd,467268
48893,Zhuang,Xindan,莊心丹,Male,10904,1915,cerd,467269
48895,Yu,Zongzhou,郁宗周,Male,1256,1914,cerd,467270
48897,Zhuang,Hankai,莊漢開,Male,965,1912,cerd,467271
48898,Yu,Yuese,郁約瑟,Male,1161,1911,cerd,467272
48913,Yu,Yinqi,郁寅啟,Male,1630,1900,cerd,467273
48929,Zhuang,Daode,莊道德,Male,590,1913,cerd,467274
48931,Zhuang,Yourang,莊友讓,Male,31466,1916,cerd,467275
48933,Zhuang,Biaowen,莊標文,Male,1618,1918,cerd,467277
48936,Zhuang,Xiaoyan,莊孝儼,Male,7960,NA,cerd,467278
48938,Zhuang,Chaoyi,莊超一,Male,566,1916,cerd,467279
48940,Zhuang,Jinglong,莊敬龍,Male,18552,1908,cerd,467280
48945,Zhuang,Zhenwei,莊振維,Male,9613,NA,cerd,467281
48948,Zhuang,Wei'er,莊威爾,Male,553,NA,cerd,467282
48950,Zhuang,Guohua,莊國華,Male,965,1915,cerd,467283
48954,Zhuang,Qianding,莊前鼎,Male,950,1902,cerd,192327
48965,Zhuang,Qianding,莊前鼎,Male,950,1916,cerd,467284
48967,Zhuang,Yikui,莊義逵,Male,7398,1891,cerd,467285
48969,Zhuang,Zhihuan,莊智煥,Male,1161,1901,cerd,50617
48996,Sa,Benyuan,薩本遠,Male,553,1911,cerd,467286
48999,Sa,Bendong,薩本棟,Male,553,1902,cerd,8330
49008,Sa,Benxin,薩本炘,Male,553,1898,cerd,467288
49015,Mao,Yugong,茅於恭,Male,1618,1912,cerd,467289
49018,Mao,Shaoxiang,茅紹襄,Male,1189,NA,cerd,467290
49024,Mao,Shaowen,茅紹文,Male,1189,1906,cerd,467291
49026,Mao,Yixin,茅以新,Male,90,1902,cerd,467292
49035,Mao,Yisheng,茅以昇,Male,7398,1896,cerd,8176
49050,Li,Baoying,李寶瑩,Male,7006,1904,cerd,467293
49058,Li,Zongji,李宗集,Male,49059,1914,cerd,467294
49061,Li,Zongyue,李宗嶽,Male,10437,1917,cerd,467295
49063,Li,Zongzhi,李宗秩,Male,3608,1912,cerd,467296
49065,Li,Zongbai,李宗白,Male,2884,1912,cerd,467297
49068,Li,Zonggang,李宗綱,Male,35462,1910,cerd,467299
49070,Li,Zonglun,李宗倫,Male,965,1914,cerd,467300
49072,Li,Zongda,李宗達,Male,427,1916,cerd,467301
49074,Li,Zonghai,李宗海,Male,4435,1906,cerd,467302
49077,Li,Zonghai,李宗海,Male,21325,1902,cerd,467303
49092,Li,Zongxiang,李宗祥,Male,6721,1892,cerd,467304
49109,Cai,Zhongdao,蔡中道,Male,1256,NA,cerd,467305
49111,Cai,Chunyuan,蔡春元,Male,3829,NA,cerd,467306
49113,Cai,Banglin,蔡邦霖,Male,2985,1896,cerd,467307
49116,Cai,Bangkan,蔡邦侃,Male,2985,1904,cerd,467308
49131,Cai,Changqiu,蔡昌球,Male,522,1907,cerd,467310
49134,Cai,Changnian,蔡昌年,Male,8553,1905,cerd,193596
49146,Cai,Xianyu,蔡顯裕,Male,1993,1910,cerd,467311
49150,Cai,Xiaofen,蔡曉芬,Female,719,1914,cerd,467312
49154,Cai,Bihua,蔡陛華,Male,16013,1913,cerd,467313
49160,Cai,Fengqi,蔡鳳岐,Male,4195,1905,cerd,467314
49164,Cai,Shuchu,蔡曙初,Male,3966,1913,cerd,467315
49168,Cai,Changnian,蔡長年,Male,8553,1916,cerd,193592
49170,Cai,Bixia,蔡陛霞,Male,2068,1915,cerd,467316
49174,Cai,Fengqi,蔡鳳圻,Male,NA,NA,cerd,467317
49176,Cai,Minzhang,蔡民章,Male,3645,NA,cerd,467318
49182,Cai,Jinbo,蔡金濤,Male,562,1908,cerd,192164
49187,Cai,Shansong,蔡善松,Male,3323,1915,cerd,467319
49189,Cai,Zhongqi,蔡鍾琦,Male,3966,1913,cerd,467321
49191,Cai,Tie'er,蔡鐵兒,Male,449,1915,cerd,467322
49193,Cai,Zhenyu,蔡鎮宇,Male,8553,1911,cerd,467323
49198,Cai,Zhenhuan,蔡鎮寰,Male,8553,1914,cerd,467324
49201,Cai,Xichang,蔡錫常,Male,1618,1911,cerd,467325
49203,Cai,Guangming,蔡銧銘,Male,2780,1915,cerd,467326
49205,Cai,Duren,蔡篤仁,Male,2390,1891,cerd,467327
49207,Cai,Weikuang,蔡惟劻,Male,NA,NA,cerd,467328
49209,Cai,Huaiqin,蔡懷欽,Male,25587,1915,cerd,467329
49211,Cai,Jieguan,蔡劼[左貫右力],Male,4916,1891,cerd,467330
49219,Cai,Rongcao,蔡榮操,Male,4977,1904,cerd,467332
49235,Yu,Baoshan,郁寶埏,Male,2641,NA,cerd,467333
49238,Yu,Zongze,郁宗澤,Male,1256,1912,cerd,467334
49241,Yu,Zongxue,郁宗學,Male,1256,1910,cerd,467335
49243,Yu,Zhende,郁振德,Male,NA,NA,cerd,467336
49248,Yu,Guocheng,郁國城,Male,20579,1909,cerd,467337
49252,Yu,Xingmin,郁興民,Male,8251,1918,cerd,467338
49254,Yu,Zhongyao,郁鍾燿,Male,877,1914,cerd,467339
49256,Chi,Sanshan,郗三善,Male,4394,1896,cerd,467340
49263,Chi,Jinjie,郗晉傑,Male,723,1893,cerd,467341
49267,Chi,Jinxiang,郗晉相,Male,723,1892,cerd,467343
49269,Chi,Guizhou,郗貴洲,Male,4394,1898,cerd,467344
49271,Hao,Pei,郝培,Male,1364,1903,cerd,467345
49273,Hao,Yi,郝義,Male,2732,1906,cerd,467346
49279,Hao,Yuzhi,郝育芝,Male,1682,1899,cerd,467347
49281,Hao,Guanglin,郝廣林,Male,4225,1895,cerd,467348
49283,Hao,Xinwu,郝新吾,Male,3924,1899,cerd,467349
49285,Hao,Xigeng,郝西庚,Male,13462,1904,cerd,467350
49294,Hao,Chengming,郝承明,Male,4086,NA,cerd,467351
49297,Hao,Jihou,郝季厚,Male,21333,NA,cerd,467352
49301,Hao,Bingjian,郝秉儉,Male,1364,1900,cerd,467354
49308,Hao,Burong,郝步榮,Male,11115,1916,cerd,467355
49310,Hao,Yungang,郝允剛,Male,1042,1910,cerd,467356
49313,Hao,Shenghua,郝生花,Male,1364,1893,cerd,467357
49315,Hao,Zhongxi,郝仲羲,Male,2071,1907,cerd,467358
49317,Hao,Mingru,郝名儒,Male,19500,NA,cerd,467359
49319,Hao,Fujian,郝復儉,Male,3203,1911,cerd,467360
49321,Hao,Jishi,郝濟時,Male,2071,1909,cerd,467361
49323,Hao,Baoqi,郝寶琦,Male,3144,1904,cerd,467362
49326,Hao,Xinfu,郝心富,Male,22438,NA,cerd,467363
49329,Ye,Xuan,葉玄,Male,950,1915,cerd,467365
49331,Ye,Zhang,葉彰,Male,553,1911,cerd,467366
49335,Ye,Hang,葉航,Male,6169,1912,cerd,467367
49337,Ye,Cen,葉岑,Male,2567,1914,cerd,467368
49340,Ye,Ding,葉鼎,Male,765,1892,cerd,467369
49343,Ye,Hang,葉杭,Male,2542,1912,cerd,467370
49345,Ye,Sen,葉森,Male,71,1908,cerd,467371
49348,Ye,Kai,葉楷,Male,765,1911,cerd,8205
49350,Ye,Wu,葉梧,Male,6169,1913,cerd,467372
49353,Ye,Bin,葉彬,Male,73,NA,cerd,467373
49357,Ye,Sheng,葉聲,Male,NA,NA,cerd,467374
49359,Ye,Yu,葉彧,Male,62,1908,cerd,467377
49362,Ye,Yanshi,葉彥世,Male,1259,NA,cerd,467378
49364,Ye,Mei,葉枚,Male,1016,1896,cerd,467379
49368,Ye,Qingnian,葉慶年,Male,20596,NA,cerd,467380
49370,Ye,Wenlong,葉文龍,Male,1161,1905,cerd,467381
49375,Ye,Wenxiang,葉文祥,Male,NA,NA,cerd,467382
49378,Ye,Linzhi,葉麟趾,Male,63,1891,cerd,386082
49382,Ye,Xue'an,葉雪安,Male,2114,1904,cerd,467383
49384,Ye,Yuanxi,葉元熙,Male,7006,NA,cerd,467384
49388,Ye,Zhendong,葉震東,Male,1076,1908,cerd,467385
49396,Ye,Tianhan,葉天漢,Male,388,1911,cerd,467386
49398,Ye,Tiansi,葉天駟,Male,7011,1916,cerd,467388
49400,Ye,Kezhang,葉可樟,Male,553,NA,cerd,467389
49404,Ye,Kejian,葉可堅,Male,553,NA,cerd,467390
49406,Ye,Yunqiao,葉雲樵,Male,553,1906,cerd,467391
49413,Ye,Tinghong,葉廷鴻,Male,3884,1903,cerd,467392
49415,Ye,Shengchun,葉聖淳,Male,3884,1916,cerd,467393
49417,Ye,Naibin,葉乃彬,Male,74,1914,cerd,467394
49419,Ye,Xiuhua,葉秀華,Male,1042,1900,cerd,467395
49425,Ye,Shangpeng,葉上芃,Male,2539,1913,cerd,467396
49427,Ye,Renpu,葉仁溥,Male,1079,1911,cerd,467397
49431,Ye,Yanfang,葉衍芳,Male,74,1890,cerd,467399
49433,Ye,Yanxin,葉衍鑫,Male,1079,1912,cerd,467400
49435,Ye,Zhuolin,葉卓林,Male,4977,1902,cerd,467401
49444,Hao,Ruqian,郝汝虔,Male,743,1906,cerd,467402
49453,Hao,Qinglian,郝清濂,Male,13425,1903,cerd,467403
49455,Hao,Jiugong,郝九功,Male,27653,1911,cerd,467404
49458,Hao,Yintong,郝蔭桐,Male,8883,1893,cerd,467405
49464,Hao,Chaoxuan,郝超萱,Male,9772,1912,cerd,467406
49467,Hao,Shuming,郝書銘,Male,10295,1910,cerd,392166
49469,Hao,Zhenxing,郝振興,Male,1659,NA,cerd,467407
49471,Hao,Sijing,郝思敬,Male,3672,NA,cerd,467408
49473,Hao,Zhaojian,郝昭謇,Male,NA,1914,cerd,8549
49476,Hao,Tongzao,郝彤藻,Male,618,1912,cerd,467410
49478,Hao,Fengyi,郝鳳儀,Male,9432,NA,cerd,467411
49480,Hao,Kaitian,郝開田,Male,427,NA,cerd,467412
49484,Hao,Zhuting,郝竹亭,Male,1659,1912,cerd,467413
49486,Ju,Zunru,鞠尊如,Male,1016,1911,cerd,467414
49489,Ju,Xirang,鞠錫讓,Male,29466,NA,cerd,467415
49491,Hu,Zhang,胡章,Male,1817,1891,cerd,467416
49500,Hu,Zhen,胡震,Male,7718,1908,cerd,467417
49502,Hu,Gang,胡崗,Male,49503,1903,cerd,467418
49506,Hu,Rong,胡容,Male,4816,1909,cerd,467419
49510,Hu,Qian,胡潛,Male,449,NA,cerd,467421
49514,Hu,Kui,胡奎,Male,965,1909,cerd,467422
49521,Hu,Huan,胡桓,Male,590,1906,cerd,467423
49526,Mao,Jiayu,茅家玉,Male,1618,1908,cerd,467424
49530,Mao,Jiayu,茅家裕,Male,1618,1911,cerd,467425
49533,Mao,Yuan'en,茅源恩,Male,7398,NA,cerd,467426
49536,Mao,Zujun,茅祖均,Male,562,1913,cerd,467427
49538,Mao,Guoxiang,茅國祥,Male,765,1915,cerd,467428
49541,Hu,Ke,胡柯,Male,965,1917,cerd,467429
49544,Hu,Wei,胡霨,Male,607,1890,cerd,467430
49555,Hu,Zhong,胡忠,Male,49559,NA,cerd,467432
49556,Mao,Ronglin,茅榮林,Male,9592,1911,cerd,467433
49561,Rui,Tingyu,芮廷玉,Male,27921,1912,cerd,467434
49563,Hu,Jun,胡駿,Male,16722,NA,cerd,467435
49566,Hu,Tong,胡仝,Male,62,NA,cerd,467436
49571,Hu,Zhao,胡釗,Male,5481,1908,cerd,467437
49573,Rui,Guanghuai,芮光懷,Male,1042,1910,cerd,467438
49580,Hu,Yun,胡筠,Male,1664,1911,cerd,467439
49587,Xiao,Jin,蕭瑾,Male,49589,NA,cerd,467440
49596,Xiao,Pei,蕭沛,Male,1630,1905,cerd,467441
49600,Hu,Bing,胡炳,Male,965,1912,cerd,467443
49601,Xiao,Kuan,蕭寬,Male,553,1891,cerd,467444
49605,Hu,Jingming,胡竟銘,Male,7725,1905,cerd,467445
49615,Xiao,Xin,蕭心,Male,6556,1916,cerd,467446
49619,Hu,Shuhua,胡庶華,Male,8163,1886,cerd,467447
49624,Xiao,Jin,蕭津,Male,10138,1904,cerd,467448
49638,Hu,Qingyuan,胡慶元,Male,402,1916,cerd,467449
49640,Hu,Qingren,胡慶仁,Male,402,1914,cerd,467450
49642,Hu,Qingquan,胡慶泉,Male,23446,1908,cerd,467451
49647,Hu,Qingdao,胡慶燾,Male,6090,1906,cerd,467452
49650,Xiao,Chang,蕭昶,Male,6556,1912,cerd,467454
49656,Hu,Qingchang,胡慶昌,Male,1695,1918,cerd,467455
49659,Xiao,Meng,蕭猛,Male,765,NA,cerd,467456
49661,Hu,Qingxi,胡慶錫,Male,30115,1912,cerd,467457
49662,Xiao,Fu,蕭輔,Male,13001,1908,cerd,467458
49669,Hu,Guangjia,胡廣家,Male,24302,1913,cerd,467459
49671,Hu,Wenwei,胡文煒,Male,1079,1903,cerd,467460
49674,Xiao,Yi,蕭鎰,Male,5929,1916,cerd,467461
49678,Xiao,Chi,蕭篪,Male,8954,NA,cerd,467462
49680,Xiao,Fangzhi,蕭方直,Male,67,1896,cerd,467463
49681,Hu,Wenhuan,胡文煥,Female,6090,1912,cerd,467465
49687,Hu,Duanxing,胡端行,Male,2641,1890,cerd,467466
49688,Xiao,Qingyun,蕭慶雲,Male,9575,1900,cerd,8310
49695,Xiao,Rangzhi,蕭讓之,Male,388,1908,cerd,467467
49703,Xiao,Yuchi,蕭玉尺,Male,1126,1914,cerd,467468
49705,Hu,Lintai,胡麟台,Male,813,1907,cerd,467469
49706,Xiao,Lisi,蕭理絲,Male,522,1907,cerd,467470
49721,Xiao,Lichang,蕭理昌,Male,7718,1914,cerd,467471
49724,Xiao,Zihu,蕭子虎,Male,5073,1914,cerd,467472
49726,Xiao,Zicai,蕭子材,Male,14230,1892,cerd,467473
49740,Xiao,Shunhua,蕭舜華,Male,34827,1907,cerd,467474
49745,Xiao,Zhuoyan,蕭卓顏,Male,1993,NA,cerd,467476
49748,Xiao,Zhanlan,蕭占嵐,Male,NA,NA,cerd,467477
49750,Xiao,Dinghua,蕭鼎華,Male,590,1909,cerd,467478
49758,Xiao,Leshen,蕭樂莘,Male,2429,1914,cerd,467479
49760,Xiao,Ziyao,蕭自堯,Male,7915,1905,cerd,467480
49762,Xiao,Ziqian,蕭自乾,Male,4816,1906,cerd,467481
49771,Xiao,Fuchao,蕭復超,Male,2062,NA,cerd,467482
49774,Xiao,Jichuan,蕭濟川,Male,871,1904,cerd,467483
49780,Xiao,Yongcheng,蕭永成,Male,807,1910,cerd,467484
49786,Xiao,Yongling,蕭永齡,Male,1100,1912,cerd,467485
49790,Xiao,Jialin,蕭家麟,Male,427,1885,cerd,345429
49793,Xiao,Jiaxun,蕭家馴,Male,16624,NA,cerd,467488
49795,Xiao,Jiakui,蕭家騤,Male,16624,1914,cerd,467489
49797,Xiao,Zhiqian,蕭之謙,Male,1618,1910,cerd,8301
49801,Xiao,Honghan,蕭宏漢,Male,17072,1903,cerd,467490
49803,Xiao,Guan'en,蕭灌恩,Male,496,1912,cerd,467491
49806,Xiao,Ruhuai,蕭汝淮,Male,13846,1915,cerd,467492
49808,Xiao,Haoming,蕭浩明,Male,74,1896,cerd,467493
49810,Xiao,Dawen,蕭達文,Male,3730,1910,cerd,467494
49818,Xiao,Daren,蕭達人,Male,3323,1904,cerd,467495
49821,Xiao,Lianbo,蕭連波,Male,63,1903,cerd,467496
49823,Xiao,Liandi,蕭連第,Female,3966,1912,cerd,467497
49827,Xiao,Jieshan,蕭潔杉,Male,8141,NA,cerd,467499
49829,Xiao,Zuchi,蕭祖熾,Male,6972,1913,cerd,467500
49835,Xiao,Guanying,蕭冠英,Male,3323,1894,cerd,467501
49846,Xiao,Youshi,蕭友士,Male,6556,NA,cerd,467502
49850,Xiao,Caidu,蕭才度,Male,7174,1912,cerd,467503
49853,Xiao,Ruoshui,蕭若水,Male,13001,NA,cerd,467504
49855,Xiao,Shirong,蕭世榮,Male,28826,1911,cerd,467505
49857,Xiao,Yiyun,蕭藝芸,Male,1993,1907,cerd,467506
49863,Xiao,Hechang,蕭賀昌,Male,3966,1902,cerd,467507
49868,Xiao,Yangxun,蕭揚勛,Male,556,1896,cerd,387090
49882,Jiang,Yinsong,蔣蔭松,Male,1664,1913,cerd,467508
49884,Jiang,Baozeng,蔣保增,Male,1618,1911,cerd,467510
49888,Jiang,Gonghe,蔣共和,Male,1076,1912,cerd,467511
49893,Jiang,Xuhua,蔣旭華,Male,765,NA,cerd,467512
49895,Jiang,Shenghua,蔣聲華,Male,3189,1891,cerd,467513
49900,Jiang,Taixi,蔣泰熙,Male,807,1914,cerd,467514
49904,Jiang,Guiyuan,蔣貴元,Male,1042,1908,cerd,467515
49914,Jiang,Yifan,蔣軼凡,Male,795,1904,cerd,467516
49920,Jiang,Rishu,蔣日庶,Male,49918,1903,cerd,467517
49923,Jiang,Guohua,蔣國華,Male,765,1906,cerd,16901
49934,Jiang,Yijun,蔣易均,Male,1664,1900,cerd,467518
49946,Jiang,Enyi,蔣恩釴,Male,2641,1910,cerd,467519
49948,Jiang,Changsui,蔣昌綏,Male,6556,1913,cerd,467521
49950,Jiang,Zhaoyuan,蔣昭元,Male,2780,1895,cerd,467522
49960,Jiang,Yifu,蔣貽福,Male,1113,1911,cerd,467523
49962,Jiang,Pengcheng,蔣鵬程,Male,NA,NA,cerd,467524
49964,Jiang,Tieshan,蔣鐵珊,Male,2114,1912,cerd,467525
49966,Jiang,Xizhi,蔣錫智,Male,5081,NA,cerd,467526
49968,Jiang,Zhizhou,蔣智周,Male,47637,NA,cerd,467527
49970,Jiang,Guangzeng,蔣光曾,Male,6556,1901,cerd,467528
49980,Jiang,Bingying,蔣炳英,Male,1079,1889,cerd,467529
49986,Jiang,Huangfu,蔣煌鄜,Male,547,NA,cerd,467530
49990,Bao,Guojun,葆國鈞,Male,511,1914,cerd,467532
49992,Hu,Sanyu,胡三餘,Male,15177,1901,cerd,467533
49994,Hu,Zhengnuo,胡正諾,Male,7718,1910,cerd,467534
49996,Hu,Yuduan,胡玉端,Male,5463,1912,cerd,467535
49998,Hu,Yuqi,胡玉琦,Male,6839,1910,cerd,467536
50000,Hu,Yushu,胡玉書,Male,1231,NA,cerd,467537
50003,Hu,Lingquan,胡靈泉,Male,1100,1915,cerd,467538
50005,Hu,Erkang,胡爾康,Male,1042,NA,cerd,467539
50007,Hu,Tianjun,胡天鈞,Male,1120,NA,cerd,467540
50010,Hu,Kexun,胡可薰,Male,NA,NA,cerd,467541
50012,Hu,Yunlong,胡雲龍,Male,11135,1910,cerd,467543
50016,Hu,Ruizhang,胡瑞章,Male,9117,NA,cerd,467544
50018,Hu,Ruilin,胡瑞麟,Male,1079,1907,cerd,467545
50024,Hu,Ruixiang,胡瑞祥,Male,1664,1901,cerd,467546
50033,Hu,Lianjia,胡聯甲,Male,15177,1895,cerd,467547
50035,Hu,Tingxuan,胡廷選,Male,8775,1900,cerd,467548
50044,Hu,Tingzhen,胡廷楨,Male,4086,NA,cerd,467549
50046,Hu,Wanyuan,胡琬元,Male,1042,1914,cerd,467550
50048,Hu,Tingquan,胡聽泉,Male,1664,NA,cerd,467551
50050,Hu,Qizhang,胡琪章,Male,1857,1916,cerd,467552
50052,Hu,Chengzhi,胡承志,Male,7718,1896,cerd,467554
50063,Hu,Juansheng,胡雋生,Male,10372,NA,cerd,467555
50066,Hu,Xindao,胡信道,Male,765,1916,cerd,467556
50068,Hu,Bingxin,胡秉信,Male,1682,1901,cerd,467557
50089,Ye,Jingwu,葉經武,Male,5028,1906,cerd,467558
50101,Ye,Shouzhang,葉綬章,Male,1604,1916,cerd,467559
50103,Ye,Wohuai,葉我淮,Male,553,1896,cerd,467560
50107,Ye,Shijin,葉仕錦,Male,566,1915,cerd,467561
50109,Ye,Deyan,葉德言,Male,1544,NA,cerd,467562
50111,Ye,Chuanfu,葉傳黻,Male,877,1917,cerd,467563
50113,Ye,Ziwei,葉自偉,Male,388,1916,cerd,467565
50115,Ye,Bohui,葉伯徽,Male,553,1914,cerd,467566
50119,Ye,Baoding,葉保定,Male,571,NA,cerd,467567
50125,Ye,Shengwu,葉繩武,Male,8954,1906,cerd,467568
50127,Ye,Zhaozhen,葉沼楨,Male,3608,1916,cerd,467569
50129,Ye,Zhiyun,葉穉雲,Male,449,1901,cerd,467570
50137,Ye,Shaofan,葉紹藩,Male,553,NA,cerd,467571
50139,Ye,Shaoceng,葉紹曾,Male,2390,1910,cerd,467572
50144,Ye,Zuoxi,葉作熙,Male,2780,1913,cerd,467573
50146,Ye,Yongping,葉永平,Male,877,1910,cerd,467574
50149,Ye,Yongbao,葉永保,Male,NA,NA,cerd,467576
50151,Ye,Yong'an,葉永安,Male,877,1907,cerd,467577
50159,Ye,Jiajun,葉家俊,Male,3608,1894,cerd,325718
50178,Ye,Jiayuan,葉家垣,Male,3608,1896,cerd,467579
50190,Ye,Jiagan,葉家幹,Male,1036,1909,cerd,467580
50192,Ye,Liangbi,葉良弼,Male,3608,1909,cerd,467581
50197,Ye,Fu'an,葉福安,Male,7746,1908,cerd,467582
50204,Ye,Fushu,葉福樞,Male,1817,1915,cerd,467583
50206,Ye,Funian,葉福年,Male,1079,1912,cerd,467584
50208,Ye,Zhaorong,葉兆榮,Male,1292,1910,cerd,467585
50217,Ye,Zhaorong,葉兆榮,Male,43627,1908,cerd,467587
50221,Ye,Zhupei,葉渚沛,Male,886,1900,cerd,467588
50227,Ye,Daze,葉達則,Male,1409,1909,cerd,467589
50232,Ye,Dasheng,葉達勝,Male,1817,1915,cerd,467590
50234,Ye,Dixin,葉迪新,Male,NA,NA,cerd,467591
50238,Ye,Dimin,葉迪民,Male,877,1903,cerd,467592
50244,Ye,Zeshen,葉澤深,Male,8977,1909,cerd,467593
50246,Ye,Yurong,葉遇榮,Male,553,1912,cerd,467594
50250,Ye,Qirong,葉啟榮,Male,571,1910,cerd,467595
50252,Ye,Zhaotan,葉肇坦,Male,4297,1911,cerd,467596
50258,Ye,Peida,葉培大,Male,1770,1916,cerd,467599
50260,Ye,Zaifu,葉在馥,Male,553,1888,cerd,467600
50275,Ye,Lansun,葉蘭蓀,Male,877,1915,cerd,467601
50277,Ye,Lanxin,葉蘭馨,Male,1881,1910,cerd,467602
50294,Hu,Renjie,胡仁杰,Male,382,1908,cerd,467603
50297,Hu,Ruxing,胡儒行,Male,1305,1891,cerd,467604
50299,Hu,Weiliang,胡衞良,Male,522,1912,cerd,467605
50301,Hu,Dingxun,胡鼎勳,Male,NA,NA,cerd,467606
50303,Hu,Songnie,胡嵩喦,Male,1607,1902,cerd,467607
50311,Hu,Jigao,胡繼高,Male,6175,1904,cerd,467608
50315,Hu,Jikang,胡繼康,Male,449,1914,cerd,467610
50317,Hu,Jige,胡繼葛,Male,590,1913,cerd,467611
50320,Hu,Xianqi,胡獻琪,Male,522,1908,cerd,467612
50322,Hu,Zuoxi,胡佐熙,Male,449,1890,cerd,467613
50328,Hu,Deliang,胡德亮,Male,4225,1880,cerd,467614
50335,Hu,Deyuan,胡德元,Male,1434,1903,cerd,384984
50339,Hu,Xiutang,胡休唐,Male,17067,1909,cerd,467615
50341,Hu,Shenghong,胡升鴻,Male,1926,1884,cerd,467616
50346,Hu,Jiansheng,胡健生,Male,1664,1906,cerd,467617
50350,Hu,Jie'an,胡傑安,Male,522,1912,cerd,467618
50352,Hu,Hejing,胡和競,Male,50353,1909,cerd,467619
50358,Hu,Yongluo,胡永絡,Male,15177,1907,cerd,467621
50360,Hu,Jiachen,胡家琛,Male,965,1912,cerd,467622
50362,Hu,Jiali,胡家利,Male,NA,NA,cerd,467623
50364,Hu,Jiafa,胡家法,Male,1926,1907,cerd,467624
50378,Hu,Zhijin,胡之津,Male,10774,NA,cerd,467625
50380,Hu,Xipo,胡錫坡,Male,719,1916,cerd,467626
50382,Hu,Jinrong,胡錦榮,Male,NA,NA,cerd,467627
50385,Hu,Mingkai,胡銘愷,Male,807,1913,cerd,467628
50387,Hu,Guangbiao,胡光麃,Male,8051,1897,cerd,467629
50397,Hu,Guangtian,胡光天,Male,60,NA,cerd,467630
50399,Hu,Guangdao,胡光燾,Male,8051,1905,cerd,467632
50403,Hu,Shenxiu,胡愼修,Male,37930,1908,cerd,467633
50406,Hu,Shensi,胡愼思,Male,1036,1912,cerd,467634
50417,Hu,Yuchang,胡煜昌,Male,2352,1911,cerd,467635
50419,Hu,Yaohui,胡耀輝,Male,29391,1909,cerd,467636
50421,Hu,Rongquan,胡榮銓,Male,942,1902,cerd,467637
50428,Xiao,Zhanqi,蕭瞻岐,Male,34827,1914,cerd,467638
50430,Xiao,Changzhen,蕭長震,Male,2728,1906,cerd,467639
50432,Xiao,Xuexin,蕭學信,Male,601,1912,cerd,467640
50438,Xiao,Xuecheng,蕭學誠,Male,1231,1912,cerd,467641
50441,Xiao,Kaibang,蕭開邦,Male,1630,1912,cerd,467643
50444,Xiao,Xunhua,蕭巽華,Male,590,1911,cerd,467644
50446,Xiao,Renyan,蕭人彥,Male,3966,1905,cerd,467645
50449,Xiao,Rencun,蕭人存,Male,3966,1917,cerd,386972
50451,Xiao,Jinxi,蕭金璽,Male,1559,1912,cerd,467646
50453,Xiao,Yuchang,蕭毓昌,Male,2435,1914,cerd,467647
50455,Xiao,Shanfen,蕭善棻,Male,13001,1912,cerd,467648
50457,Xiao,Zhongyi,蕭鍾義,Male,1126,1915,cerd,467649
50459,Xiao,Xisan,蕭錫三,Male,1941,1900,cerd,467650
50467,Xiao,Duxian,蕭篤先,Male,11440,1899,cerd,387144
50478,Xiao,Huaiyu,蕭懷瑜,Male,1434,1889,cerd,467651
50483,Xiao,Guangrui,蕭光瑞,Male,5287,1913,cerd,467652
50485,Xiao,Guangjiong,蕭光烱,Male,2429,1893,cerd,333291
50488,Lan,Fang,蘭芳,Male,2071,1899,cerd,467655
50490,Lan,Ruo,蘭若,Male,2071,NA,cerd,467656
50492,Lan,Xiaxiang,蘭夏祥,Male,743,NA,cerd,467657
50494,Lan,Rufang,蘭汝芳,Male,1356,1906,cerd,467658
50496,Lan,Shixiang,蘭士祥,Male,5282,1913,cerd,467659
50499,Lan,Peisen,蘭培森,Male,2313,1906,cerd,467660
50505,Lan,Guifen,蘭桂芬,Male,50502,1893,cerd,467661
50509,Lan,Xikui,蘭錫魁,Male,76,1883,cerd,467662
50512,Lan,Xirong,蘭錫榮,Male,1356,1897,cerd,467663
50514,Lin,Zhuanxin,藺傳薪,Male,5073,NA,cerd,467665
50520,Meng,Ziwei,蒙諮微,Male,73,1896,cerd,467666
50523,Meng,Rigao,蒙日高,Male,7045,1916,cerd,467667
50525,Jiang,Yi,蔣毅,Male,965,1899,cerd,467668
50530,Jiang,Huang,蔣璜,Male,NA,NA,cerd,467669
50532,Jiang,Gang,蔣綱,Male,50533,1911,cerd,467670
50535,Du,Wuyang,都武揚,Male,64,1905,cerd,467671
50541,Du,Zuyin,都祖蔭,Male,50542,1904,cerd,467672
50544,Du,Xinggao,都興鎬,Male,50545,1905,cerd,467673
50547,Liu,Qingchang,柳慶昌,Male,1364,1911,cerd,467674
50549,Liu,Xinmin,柳新民,Male,1748,1910,cerd,467676
50552,Liu,Weisheng,柳維生,Male,1618,1908,cerd,467677
50557,Liu,Deyu,柳德玉,Male,388,1899,cerd,467678
50564,Ye,Fangzhe,葉芳哲,Male,553,1893,cerd,467679
50580,Ye,Yinting,葉蔭廷,Male,909,1915,cerd,467680
50582,Ye,Baoding,葉葆定,Male,74,1908,cerd,467681
50585,Ye,Xiaoren,葉孝仁,Male,2978,1911,cerd,467682
50588,Ye,Ganmin,葉甘民,Male,819,1913,cerd,467683
50590,Ye,Shuyuan,葉樹源,Male,553,1915,cerd,467684
50592,Ye,Shuzi,葉樹滋,Male,496,1910,cerd,467685
50597,Ye,Guixin,葉桂馨,Male,90,1909,cerd,467687
50602,Ye,Yunying,葉蘊瑩,Male,1881,NA,cerd,467688
50604,Ye,Xudong,葉旭東,Male,3884,1907,cerd,467689
50606,Ye,Sihao,葉思灝,Male,30027,1916,cerd,467690
50608,Ye,Changzhu,葉昌鑄,Male,950,1911,cerd,467691
50610,Ye,Wangshi,葉旺時,Male,4996,NA,cerd,467692
50612,Ye,Yifang,葉貽訪,Male,NA,NA,cerd,467693
50614,Ye,Yiyao,葉貽堯,Male,62,1908,cerd,467694
50617,Ye,Mingsheng,葉明升,Male,10774,1909,cerd,467695
50619,Ye,Mingzhe,葉明哲,Male,1487,1907,cerd,467696
50622,Ye,Minggao,葉鳴高,Male,2985,1914,cerd,467698
50624,Ye,Lifa,葉驪發,Male,1544,1915,cerd,8226
50626,Ye,Zhangfu,葉長福,Male,1409,NA,cerd,467699
50628,Ye,Yongyu,葉用郁,Male,40694,1910,cerd,467700
50630,Ye,Yongjing,葉用鏡,Male,40694,NA,cerd,467701
50633,Ye,Xicheng,葉熙誠,Male,388,NA,cerd,467702
50636,Ye,Xichun,葉熙春,Male,62,1889,cerd,385957
50641,Ye,Xuechi,葉學齒,Male,1409,1914,cerd,467703
50644,Ye,Xuexi,葉學皙,Male,1042,1918,cerd,467704
50646,Ye,Minxin,葉民新,Male,24089,1903,cerd,467705
50655,Ye,Jinguan,葉金冠,Male,571,1912,cerd,467706
50657,Ye,Jingcheng,葉鏡澄,Male,5996,1909,cerd,467707
50659,Ye,Shefan,葉畬蕃,Male,62,1912,cerd,467710
50661,Ye,Cengjun,葉曾駿,Male,6617,1911,cerd,467711
50667,Ye,Xirong,葉錫榮,Male,1817,1914,cerd,467712
50669,Ye,Guangjin,葉光晉,Male,3016,1911,cerd,467713
50671,Ye,Yaoliang,葉耀良,Male,965,1913,cerd,467714
50678,Ye,Yaoguang,葉耀光,Male,3608,1918,cerd,467715
50681,Ye,Rongqing,葉榮慶,Male,3608,1915,cerd,467716
50683,Qi,Shuqin,綦書勤,Male,4189,1912,cerd,467717
50685,Du,Wei,杜巍,Male,50686,NA,cerd,374259
50694,Du,Cai,杜偲,Male,22109,NA,cerd,467718
50696,Du,Xin,杜鑫,Male,7718,NA,cerd,467719
50698,Du,Jian,杜鑑,Male,50686,1917,cerd,467721
50700,Du,Qinglai,杜慶萊,Male,1042,1915,cerd,467722
50702,Du,Zhicheng,杜至誠,Male,3608,1912,cerd,467723
50704,Du,Ruiguan,杜瑞琯,Male,5020,1908,cerd,467724
50707,Du,Ruizhi,杜瑞芝,Male,813,1910,cerd,467725
50710,Du,Liankai,杜聯凱,Male,427,1898,cerd,467726
50713,Du,Jianchu,杜建初,Male,8174,NA,cerd,467727
50716,Du,Bingjian,杜秉鑑,Male,553,1917,cerd,467728
50718,Du,Buying,杜步瀛,Male,2071,NA,cerd,467729
50720,Du,Yanyong,杜衍庸,Male,3608,1887,cerd,467730
50732,Du,Rulin,杜儒林,Male,3053,1895,cerd,467732
50734,Du,Ruilin,杜睿臨,Male,4225,1903,cerd,467733
50752,Du,Juntang,杜俊堂,Male,3053,NA,cerd,467734
50754,Du,Dexian,杜得賢,Male,3672,1891,cerd,467735
50761,Du,Hongye,杜宏業,Male,9117,1912,cerd,467736
50764,Du,Dingyuan,杜定遠,Male,28826,1914,cerd,467737
50766,Du,Baotian,杜寶田,Male,9400,1900,cerd,467738
50771,Du,Zongqi,杜宗齊,Male,11962,1907,cerd,467739
50773,Du,Zongzheng,杜宗正,Male,8780,1913,cerd,467740
50778,Du,Zongliang,杜宗樑,Male,29391,1913,cerd,467741
50784,Du,Rulin,杜汝霖,Male,2857,1911,cerd,467743
50786,Du,Rujian,杜汝儉,Male,3042,1917,cerd,467744
50788,Du,Qingyu,杜清宇,Male,60,1905,cerd,467745
50793,Du,Lihe,杜禮和,Male,1993,NA,cerd,467746
50795,Du,Hongfang,杜鴻方,Male,14827,1910,cerd,467747
50797,Du,Hongchun,杜鴻春,Male,8174,1900,cerd,467748
50808,Du,Hongnian,杜鴻年,Male,5020,1916,cerd,467749
50813,Du,Peiji,杜培基,Male,607,NA,cerd,467750
50816,Du,Keqiang,杜克強,Male,12014,1915,cerd,467751
50818,Du,Zhixiang,杜志襄,Male,1903,1914,cerd,467752
50820,Du,Shouqi,杜壽祺,Male,11962,NA,cerd,467754
50822,Du,Maosen,杜茂森,Male,27524,1917,cerd,467755
50824,Du,Baoshan,杜葆善,Male,717,1901,cerd,467756
50827,Du,Yansun,杜燕孫,Male,909,1913,cerd,467757
50830,Du,Shichang,杜世昌,Male,10553,1916,cerd,467758
50832,Du,Qibao,杜其堡,Male,909,1897,cerd,467759
50840,Du,Shuzi,杜樹滋,Male,3053,1914,cerd,467760
50842,Du,Juren,杜鞠人,Male,67,1903,cerd,467761
50845,Liu,Shaohan,柳紹韓,Male,1161,NA,cerd,467762
50850,Liu,Peiqian,柳培潛,Male,388,1910,cerd,467763
50858,Liu,Kecong,柳克聰,Male,590,1903,cerd,467765
50875,Hu,Xiande,胡憲德,Male,NA,NA,cerd,467766
50877,Hu,Anbang,胡安邦,Male,590,1916,cerd,467767
50879,Hu,Anhou,胡安厚,Male,24880,1911,cerd,467768
50884,Hu,Ankai,胡安愷,Male,4594,1903,cerd,467769
50897,Hu,Anxun,胡安恂,Male,4594,1892,cerd,467770
50911,Hu,Anke,胡安恪,Male,4594,NA,cerd,467771
50914,Hu,Zhunxian,胡準賢,Male,1036,1898,cerd,467772
50920,Hu,Hongyao,胡宏堯,Male,1664,1896,cerd,467773
50938,Hu,Baozhen,胡寶箴,Male,4627,1911,cerd,467774
50940,Hu,Zongcan,胡宗璨,Male,50941,NA,cerd,467776
50943,Hu,Zongyi,胡宗翼,Male,22894,1915,cerd,467777
50945,Hu,Zongzhi,胡宗質,Male,3053,NA,cerd,467778
50947,Hu,Zonghai,胡宗海,Male,NA,NA,cerd,467779
50949,Hu,Huiquan,胡匯泉,Male,1664,1913,cerd,467780
50951,Hu,Yuanshen,胡源深,Male,10006,1898,cerd,467781
50972,Jiang,Ying,蔣瀛,Male,562,NA,cerd,467782
50974,Jiang,Kui,蔣奎,Male,877,NA,cerd,345624
50976,Jiang,Fang,蔣枋,Male,1664,1913,cerd,467783
50978,Jiang,Qinghe,蔣慶荷,Female,965,1915,cerd,467784
50981,Zhang,Wenquan,蔣文泉,Male,965,NA,cerd,467785
50983,Jiang,Wencai,蔣文才,Male,807,1914,cerd,467787
50985,Jiang,Wendi,蔣文第,Male,1659,1911,cerd,467788
50987,Jiang,Wencui,蔣文萃,Male,NA,NA,cerd,467789
50989,Jiang,Yuansheng,蔣元生,Male,18927,1911,cerd,467790
50992,Jiang,Yunxin,蔣雲新,Male,8491,1914,cerd,467791
50994,Jiang,Juelin,蔣珏麟,Male,33726,1908,cerd,467792
50997,Jiang,Tingsheng,蔣廷生,Male,819,1910,cerd,467793
50999,Jiang,Sungu,蔣孫穀,Male,1016,1914,cerd,467794
51001,Jiang,Naili,蔣乃立,Male,965,1904,cerd,467795
51006,Jiang,Naiyong,蔣乃鏞,Male,1113,1912,cerd,467796
51017,Jiang,Junwu,蔣君武,Male,553,1906,cerd,16976
51024,Jiang,Dezhang,蔣德彰,Male,1636,NA,cerd,467798
51026,Jiang,Desun,蔣德孫,Male,553,NA,cerd,467799
51028,Jiang,Deshou,蔣德壽,Male,1042,1900,cerd,467800
51034,Jiang,Defen,蔣德芬,Male,1016,NA,cerd,467801
51037,Jiang,Dexin,蔣德馨,Male,1636,1910,cerd,467802
51040,Jiang,Zhonglin,蔣仲霖,Male,449,1914,cerd,467803
51043,Jiang,Zhongtian,蔣仲?,Male,1256,1909,cerd,467804
51046,Jiang,Chuanheng,蔣傳亨,Male,1079,1907,cerd,467805
51050,Jiang,Baozhuo,蔣保焯,Male,31053,NA,cerd,467806
51053,Jiang,Yiduo,蔣以鐸,Male,1079,1903,cerd,467807
51056,Jiang,Weiyan,蔣微彥,Male,1630,NA,cerd,467809
51059,Jiang,Yongxing,蔣永興,Male,1559,1912,cerd,467810
51061,Jiang,Jiaren,蔣家仁,Male,1016,1909,cerd,467811
51068,Jiang,Zhilin,蔣之麟,Male,590,NA,cerd,467812
51070,Jiang,Zhiji,蔣之驥,Male,590,1914,cerd,467813
51076,Hu,Fuke,胡福科,Male,10053,1912,cerd,467814
51078,Hu,Fuliang,胡福良,Male,1664,1910,cerd,467815
51086,Hu,Fulian,胡福連,Male,743,1902,cerd,467816
51090,Hu,Fuzhen,胡福楨,Male,723,1900,cerd,467817
51092,Hu,Zhaoying,胡兆瑛,Male,3203,1911,cerd,467818
51094,Hu,Zhaorong,胡兆容,Male,NA,NA,cerd,467821
51096,Hu,Yechen,胡葉陳,Male,1682,1906,cerd,467822
51098,Hu,Hanzhi,胡漢之,Male,877,1907,cerd,467823
51111,Hu,Hanzhang,胡漢章,Male,877,1915,cerd,467824
51113,Hu,Hansheng,胡漢昇,Male,3703,1912,cerd,467825
51119,Hu,Rulin,胡汝霖,Male,1359,1900,cerd,467826
51121,Hu,Ruding,胡汝鼎,Male,765,1905,cerd,467827
51136,Du,Shenfu,杜申富,Male,3710,1914,cerd,467828
51138,Du,Yufen,杜聿芬,Male,43260,NA,cerd,467829
51140,Du,Benli,杜本立,Male,590,NA,cerd,467830
51143,Du,Chunshan,杜春山,Male,7306,NA,cerd,467832
51148,Du,Shuwen,杜書文,Male,1682,1900,cerd,467833
51150,Du,Gongchen,杜拱辰,Male,1630,1916,cerd,467834
51152,Du,Fengnian,杜豐年,Male,2857,1912,cerd,467835
51154,Du,Xingwu,杜星五,Male,1682,1905,cerd,467836
51159,Du,Guo'an,杜國安,Male,601,1912,cerd,467837
51162,Du,Enzhan,杜恩湛,Male,1189,NA,cerd,467838
51164,Du,Jingfang,杜景芳,Male,51165,NA,cerd,467839
51169,Du,Shixiao,杜時效,Male,27436,1915,cerd,467840
51171,Du,Shimin,杜時敏,Male,27436,1911,cerd,467841
51173,Du,Jiye,杜驥業,Male,9613,1912,cerd,467843
51175,Du,Zhang'en,杜長恩,Male,3940,NA,cerd,467844
51177,Du,Changming,杜長明,Male,3851,1907,cerd,7456
51182,Du,Longye,杜隆業,Male,1770,1915,cerd,467845
51184,Du,Dianying,杜殿英,Male,9613,1893,cerd,467846
51198,Du,Xinghua,杜興華,Male,1042,NA,cerd,467847
51200,Du,Longye,杜隆業,Male,1770,1916,cerd,467848
51202,Du,Zhongjun,杜鐘俊,Male,1292,1912,cerd,467849
51205,Du,Zhongquan,杜鐘泉,Male,453,1912,cerd,467850
51208,Du,Yuyuan,杜毓沅,Male,2728,1903,cerd,467851
51212,Du,Yuze,杜毓澤,Male,2728,1897,cerd,467852
51215,Du,Yuhan,杜毓涵,Male,24880,1902,cerd,467854
51217,Du,Juxing,杜鉅興,Male,35912,1915,cerd,467855
51219,Du,Zhenfu,杜鎮福,Male,4042,1914,cerd,467856
51221,Du,Zhenyuan,杜鎮遠,Male,2165,1892,cerd,467857
51237,Du,Xihuan,杜錫桓,Male,1556,1915,cerd,467858
51241,Du,Yanshen,杜炎燊,Male,3042,1914,cerd,467859
51243,Du,Guangzu,杜光祖,Male,1664,1898,cerd,467860
51253,Gui,Naihuang,桂迺黃,Male,9785,1903,cerd,467861
51258,Gui,Chengye,桂承業,Male,1703,1914,cerd,467862
51260,Hu,Ruqi,胡汝奇,Male,25818,NA,cerd,467863
51262,Hu,Rudi,胡汝棣,Male,1770,1919,cerd,467865
51264,Hu,Hongcheng,胡洪成,Male,5481,1901,cerd,467866
51266,Hu,Daxin,胡達新,Male,496,1909,cerd,467867
51270,Hu,Qingyuan,胡清瑗,Male,1079,1910,cerd,467868
51276,Hu,Yitong,胡禕同,Male,51277,1901,cerd,467869
51291,Hu,Zubing,胡祖檳,Male,4809,1911,cerd,467870
51298,Hu,Zuxing,胡祖興,Male,5964,1910,cerd,467871
51303,Hu,Rengyu,胡礽豫,Male,877,1902,cerd,467872
51308,Hu,Yunjia,胡運嘉,Male,51309,1909,cerd,467873
51323,Hu,Yulun,胡裕綸,Male,1161,1915,cerd,467874
51325,Hu,Daoji,胡道濟,Male,40967,1910,cerd,467876
51329,Hu,Qichen,胡啟陳,Male,1682,1900,cerd,467877
51334,Hu,Daren,胡大仁,Male,16226,1916,cerd,467878
51337,Hu,Shixi,胡士熙,Male,903,1883,cerd,467879
51352,Shen,Jun,申俊,Male,511,1912,cerd,467880
51354,Shen,Xian,申憲,Male,9029,NA,cerd,467881
51356,Shen,Xiang,申湘,Male,1573,NA,cerd,467882
51362,Shen,Yuzhu,申玉柱,Male,51363,1917,cerd,467883
51365,Shen,Tianli,申天力,Male,8920,NA,cerd,467884
51367,Shen,Naigeng,申乃賡,Male,4130,NA,cerd,467885
51369,Shen,Boxian,申伯賢,Male,3726,1908,cerd,467887
51379,Shen,Zongcheng,申宗城,Male,1079,1904,cerd,467888
51381,Shen,Dali,申大禮,Male,51383,1900,cerd,467889
51385,Shen,Fuchen,申輔宸,Male,10003,1895,cerd,467890
51387,Shen,Guohua,申國華,Male,15503,NA,cerd,467891
51389,Shen,Jinglu,申景祿,Male,1493,1905,cerd,467892
51391,Shen,Jingui,申金櫃,Male,66,1903,cerd,467893
51393,Shen,Huaibi,申懷璧,Male,7956,1906,cerd,467894
51396,Che,Jiuxiang,車久香,Male,909,1900,cerd,467895
51398,Che,Zhicheng,車志城,Male,909,1891,cerd,467896
51406,Qing,Dexin,青德馨,Male,2183,NA,cerd,467898
51410,Hui,Yanying,惠彥英,Male,15503,1916,cerd,467899
51412,Lou,Yuhou,婁育後,Male,62,1912,cerd,467900
51417,Lou,Erkang,婁爾康,Male,909,1910,cerd,467901
51427,Lou,Boxiong,婁伯雄,Male,590,1912,cerd,467902
51429,Lou,Dingli,婁定禮,Male,NA,NA,cerd,467903
51431,Lou,Daoxin,婁道信,Male,1903,1904,cerd,467904
51441,Lou,Zhizhong,婁執中,Male,5073,1909,cerd,467905
51444,Lou,Changhou,婁昌後,Male,909,1904,cerd,467906
51450,Lou,Jingde,婁景德,Male,402,1913,cerd,467907
51452,Lou,Jiting,婁既庭,Male,5073,1896,cerd,467909
51462,Ran,Yuan,冉媛,Female,15783,1913,cerd,467910
51466,Ran,Chao,冉超,Male,15783,1902,cerd,467911
51469,Ran,Xianlian,冉憲濂,Male,19830,1914,cerd,467912
51471,Ran,Zexiu,冉澤修,Male,9282,1915,cerd,467913
51473,Wei,Zhou,韋宙,Male,1113,1910,cerd,467914
51477,Wei,Junli,韋君立,Male,8491,1914,cerd,467915
51482,Hu,Kepeng,胡克朋,Male,1227,1897,cerd,467916
51491,Hu,Xiling,胡希齡,Male,1664,1909,cerd,467917
51495,Hu,Zhishi,胡志詩,Male,765,1915,cerd,467918
51497,Hu,Zhique,胡志慤,Male,341,1911,cerd,467920
51499,Hu,Jiayi,胡嘉誼,Male,16624,1910,cerd,467921
51505,Hu,Jiayi,胡嘉詒,Male,16624,1885,cerd,384889
51520,Hu,Shouyi,胡壽頤,Male,2146,1888,cerd,467922
51530,Hu,Boyuan,胡博淵,Male,965,1890,cerd,467923
51547,Hu,Xiaoyang,胡孝敭,Male,1113,1915,cerd,467924
51549,Hu,Maokang,胡懋康,Male,427,NA,cerd,467925
51552,Hu,Maoxiang,胡懋庠,Male,427,1902,cerd,467926
51556,Hu,Muyuan,胡慕瑗,Male,2780,1889,cerd,385005
51570,Hu,Yanjun,胡燕君,Female,1664,1915,cerd,467927
51573,Jiang,Dingyu,蔣定宇,Male,459,1912,cerd,467928
51576,Jiang,Zongchao,蔣宗朝,Male,1079,NA,cerd,467929
51578,Jiang,Zongsong,蔣宗松,Male,324,1911,cerd,467932
51580,Jiang,Baohong,蔣寶鴻,Male,1748,1889,cerd,467933
51590,Jiang,Hanwen,蔣漢文,Male,1016,1914,cerd,467934
51592,Jiang,Hanwen,蔣漢文,Male,19456,1912,cerd,467935
51594,Jiang,Ruzhou,蔣汝舟,Male,1189,1898,cerd,467936
51599,Jiang,Lingshuang,蔣凌霜,Female,24956,1917,cerd,467937
51601,Jiang,Dali,蔣達禮,Male,965,NA,cerd,467938
51604,Jiang,Zi'en,蔣滋恩,Male,1604,1910,cerd,467939
51607,Jiang,Xiangpeng,蔣祥鵬,Male,77,1900,cerd,467940
51611,Jiang,Daojiang,蔣導江,Male,51612,1905,cerd,467941
51620,Jiang,Qiren,蔣啟仁,Male,1725,1913,cerd,467943
51623,Jiang,Da'en,蔣大恩,Male,1079,1904,cerd,467944
51628,Jiang,Zhicheng,蔣志澄,Male,1210,NA,cerd,467945
51631,Jiang,Pengnian,蔣彭年,Male,965,1917,cerd,467946
51633,Jiang,Mengtao,蔣夢桃,Male,6617,NA,cerd,467947
51644,Jiang,Lingeng,蔣林耕,Male,1630,1908,cerd,467948
51658,Zhang,Guiyuan,蔣貴元,Male,1042,1908,cerd,467515
51663,Jiang,Zhenming,蔣振鳴,Male,1113,1914,cerd,467949
51668,Jiang,Rikang,蔣日康,Male,49918,1912,cerd,467950
51677,He,Yingju,赫穎舉,Male,4627,1904,cerd,467951
51693,He,Congli,赫從禮,Male,4627,1906,cerd,467952
51696,Lin,Maoliang,赫茂樑,Male,717,1909,cerd,467954
51699,He,Yulun,赫毓綸,Male,511,1917,cerd,467955
51701,Yan,Fangji,燕方畸,Male,522,NA,cerd,467956
51703,Yan,Fangtian,燕方畋,Male,522,1901,cerd,467957
51706,Yan,Shulin,燕世祿,Male,719,1891,cerd,467958
51714,Yan,Shuzhen,燕樹榛,Male,719,1913,cerd,467959
51718,Yan,Chuntai,燕春臺,Male,522,1896,cerd,467960
51728,Xun,Yuanzheng,薰元蒸,Male,NA,NA,cerd,467961
51730,Mu,Zuyao,慕祖耀,Male,10543,1890,cerd,467962
51739,Su,E,蘇諤,Male,2884,1910,cerd,467963
51745,Su,Ding,蘇濎,Male,3042,1915,cerd,467965
51747,Su,Zhi,蘇摯,Male,3016,1911,cerd,467966
51749,Su,Dun,蘇鈍,Male,3784,1910,cerd,467967
51751,Su,Guangxiang,蘇廣祥,Male,590,1898,cerd,467968
51760,Su,Guangxin,蘇廣鑫,Male,590,1916,cerd,467969
51763,Su,Yishi,蘇亦軾,Male,4759,1911,cerd,467970
51765,Su,Wenjian,蘇文健,Male,9552,NA,cerd,467971
51767,Su,Yuanfu,蘇元復,Male,2542,1914,cerd,193883
51769,Su,Tiande,蘇天德,Male,40446,1916,cerd,467972
51771,Su,Feiran,蘇斐然,Male,9036,NA,cerd,467973
51773,Su,Yanbin,蘇延賓,Male,2352,1908,cerd,467974
51775,Su,Tingjiong,蘇廷煚,Male,8641,1914,cerd,467976
51777,Su,Feilin,蘇飛霖,Male,5212,1912,cerd,467977
51779,Su,Guanhuang,蘇琯煌,Male,1993,1886,cerd,467978
51786,Su,Sanchao,蘇珊朝,Male,553,NA,cerd,467979
51789,Su,Chengyin,蘇承蔭,Male,3199,NA,cerd,467980
51791,Su,Bugao,蘇步皋,Male,996,1897,cerd,387550
51795,Su,Shunli,蘇順禮,Male,660,NA,cerd,467981
51797,Su,Dexing,蘇德醒,Male,3042,1915,cerd,467982
51799,Su,Dezhao,蘇德昭,Male,5733,1913,cerd,467983
51801,Su,Dehuang,蘇德煌,Male,1993,1892,cerd,467984
51805,Su,Youchang,蘇佑昌,Male,427,1897,cerd,467985
51810,Su,Jishen,蘇紀慎,Male,10761,NA,cerd,467987
51812,Su,Yizhao,蘇以昭,Male,590,1881,cerd,467988
51814,Su,Yongrui,蘇雪年,Male,1356,1906,cerd,467989
51816,Su,Yongchun,蘇永純,Male,25978,1909,cerd,467990
51819,Su,Baokang,蘇寶康,Male,1161,1914,cerd,467991
51822,Su,Haoran,蘇浩然,Male,9036,NA,cerd,467992
51824,Su,Zuran,蘇祖髯,Male,877,NA,cerd,467993
51826,Su,Dade,蘇大德,Male,29372,1914,cerd,467994
51828,Su,Guanjun,蘇冠軍,Male,27487,1907,cerd,467995
51831,Su,Zaiqi,蘇在奇,Male,553,1889,cerd,467996
51833,Su,Zaimin,蘇在敏,Male,6256,1906,cerd,467998
51836,Su,Shenshu,蘇?樞,Male,3042,1913,cerd,467999
51838,Su,Zhiji,蘇志驥,Male,5212,1918,cerd,468000
51842,Su,Zhigang,蘇志剛,Male,NA,NA,cerd,468001
51844,Su,Yupu,蘇棫圃,Male,4130,NA,cerd,468002
51846,Su,Shijun,蘇世俊,Male,1256,1914,cerd,468003
51848,Su,Shijie,蘇世傑,Male,1256,1915,cerd,468004
51850,Su,Shimian,蘇世綿,Male,33369,1914,cerd,468005
51852,Su,Shuxun,蘇樹勳,Male,51853,1915,cerd,468006
51855,Su,Yunhe,蘇韞龢,Male,427,NA,cerd,468007
51858,Su,Qingxuan,蘇青選,Male,2857,1914,cerd,468009
51861,Su,Zhongliang,蘇忠諒,Male,590,1915,cerd,468010
51863,Su,Zhongshu,蘇忠恕,Male,16722,1902,cerd,468011
51870,Su,Shutian,蘇書田,Male,3935,1913,cerd,468012
51873,Su,Guisheng,蘇貴生,Male,749,NA,cerd,468013
51875,Su,Qirui,蘇緝瑞,Male,1356,1898,cerd,468014
51877,Su,Guolie,蘇國烈,Male,NA,NA,cerd,468015
51879,Su,Yiyue,蘇邑越,Male,16226,1914,cerd,468016
51881,Su,Xianmo,蘇顯謨,Male,4627,1916,cerd,468017
51883,Su,Junsheng,蘇駿聲,Male,27765,1902,cerd,468018
51890,Su,Tiren,蘇體仁,Male,9036,1889,cerd,192590
51895,Su,Fengming,蘇鳳鳴,Male,12361,NA,cerd,468020
51897,Su,Fengwu,蘇鳳舞,Male,7956,NA,cerd,468021
51899,Su,Youquan,蘇又泉,Male,590,1915,cerd,468022
51901,Su,Xueyong,蘇學雍,Male,553,NA,cerd,468023
51903,Su,Xuekuan,蘇學寬,Male,427,NA,cerd,468024
51906,Su,Xuemin,蘇學敏,Male,427,1913,cerd,468025
51909,Su,Min'gu,蘇民錮,Male,5212,1911,cerd,468026
51911,Su,Jincuo,蘇金搓,Male,24302,1915,cerd,468027
51913,Su,Yuqing,蘇毓清,Male,3884,1900,cerd,468028
51916,Su,Yurong,蘇毓蓉,Male,1356,1907,cerd,468029
51918,Su,Zhenji,蘇鎮機,Male,3730,1907,cerd,468031
51927,Su,Zhijian,蘇知檢,Male,1903,1906,cerd,468032
51934,Su,Xiangjian,蘇翔健,Male,427,1911,cerd,468033
51937,Hu,Yingcai,胡英才,Male,1857,1911,cerd,468034
51940,Hu,Shiying,胡世盈,Male,511,1909,cerd,468035
51943,Hu,Shile,胡世樂,Male,6556,1914,cerd,468036
51950,Hu,Shitong,胡世桐,Male,1556,NA,cerd,468037
51952,Hu,Shiti,胡世悌,Male,6556,1908,cerd,468038
51956,Hu,Qifeng,胡其豐,Male,877,1909,cerd,468039
51958,Hu,Qida,胡其達,Male,NA,NA,cerd,468040
51961,Hu,Shuji,胡樹楫,Male,9575,1898,cerd,468043
51972,Hu,Yunbin,胡蘊斌,Male,1817,1914,cerd,468044
51974,Hu,Dongchao,胡棟朝,Male,449,1884,cerd,468045
51981,Hu,Xuguang,胡旭光,Male,1664,1908,cerd,468046
51984,Hu,Shengqiu,胡聲求,Male,1042,1918,cerd,8163
51986,Hu,Chaoyang,胡朝仰,Male,1857,1916,cerd,468047
51988,Hu,Chaodong,胡朝棟,Male,1857,1910,cerd,468048
51996,Hu,Chaozhen,胡超振,Male,795,1899,cerd,468049
52004,Hu,Chaorong,胡超榮,Male,795,1896,cerd,468050
52006,Hu,Jingkan,胡敬侃,Male,2641,1910,cerd,468051
52009,Hu,Jingsi,胡敬思,Male,1409,NA,cerd,468052
52012,Hu,Songnian,胡松年,Male,980,1911,cerd,468054
52015,Hu,Benxi,胡本熙,Male,24302,1913,cerd,468055
52017,Hu,Zhongqi,胡忠麒,Male,1305,1916,cerd,468056
52019,Hu,Zhenxian,胡振先,Male,10543,1916,cerd,468057
52021,Hu,Zhensheng,胡振聲,Male,1292,NA,cerd,468058
52023,Hu,Zheru,胡哲如,Male,719,1884,cerd,468059
52028,Hu,Chengzhang,胡成章,Male,4449,1904,cerd,468060
52030,Hu,Guodong,胡國棟,Male,6090,1915,cerd,468061
52033,Hu,Guocheng,胡國檉,Male,909,1911,cerd,468062
52036,Hu,Guogan,胡國幹,Male,6090,NA,cerd,468063
52040,Hu,Guogan,胡國幹,Male,16722,1912,cerd,468065
52043,Ai,Jintai,艾晉泰,Male,2071,1903,cerd,468066
52047,Ai,Xiulin,艾秀林,Male,11962,NA,cerd,468067
52049,Ai,Weichao,艾維超,Male,877,1914,cerd,468068
52052,Ai,Yinlin,艾蔭霖,Male,27645,1903,cerd,468069
52065,Wei,Yixiao,韋乙曉,Male,3829,1914,cerd,468070
52067,Wei,Zhihua,韋之驊,Male,3829,1903,cerd,468071
52079,Hu,Guohui,胡國惠,Male,70,1901,cerd,384892
52082,Hu,Guoming,胡國明,Male,1042,1899,cerd,333875
52097,Hu,Guojun,胡國駿,Male,3829,NA,cerd,468072
52101,Hu,Sizhen,胡四箴,Male,726,1905,cerd,468073
52105,Hu,Siyi,胡思毅,Male,49503,NA,cerd,468074
52107,Hu,Jingyuan,胡景瑗,Male,3053,1899,cerd,468076
52109,Hu,Xiaoyuan,胡曉園,Male,1607,NA,cerd,468077
52111,Hu,Mingtian,胡明田,Male,877,1917,cerd,468078
52113,Hu,Mingshan,胡明善,Male,1036,NA,cerd,468079
52115,Hu,Mingtang,胡明堂,Male,1839,NA,cerd,468080
52118,Hu,Mingshi,胡鳴時,Male,1664,1907,cerd,468081
52121,Hu,Mingshan,胡鳴善,Male,1664,1915,cerd,468082
52124,Hu,Sihong,胡嗣鴻,Male,3265,1891,cerd,468083
52135,Wei,Xianzhang,韋憲章,Male,74,1891,cerd,88435
52139,Wei,Benliang,韋本良,Male,52140,NA,cerd,468085
52142,Wei,Pengshou,韋彭壽,Male,1618,NA,cerd,468087
52144,Wei,Shuping,韋樹屏,Male,1903,1903,cerd,468088
52152,Wei,Shengqiang,韋聲鏘,Male,3829,1907,cerd,468089
52155,Wei,Zhenyi,韋振義,Male,11289,1911,cerd,468090
52161,Wei,Guoying,韋國英,Male,1042,1899,cerd,468091
52169,Wei,Jinxin,韋金信,Male,17009,1913,cerd,468092
52175,Wei,Guojie,韋國傑,Male,1042,1901,cerd,468093
52178,Wei,Renliu,韋人騮,Male,1604,1912,cerd,468094
52180,Qin,Bin,秦斌,Male,3658,1910,cerd,468095
52182,Qin,Yu,秦瑜,Male,5955,1896,cerd,468096
52194,Hu,Sidao,胡嗣道,Male,52195,1910,cerd,468098
52198,Hu,Shitong,胡師童,Male,52199,1910,cerd,468099
52204,Hu,Tiyao,胡體堯,Male,562,1913,cerd,468100
52206,Hu,Fenglai,胡鳳來,Male,1079,NA,cerd,468101
52208,Hu,Pengfei,胡鵬飛,Male,965,1915,cerd,468102
52210,Hu,Xueji,胡學羈,Male,3916,1905,cerd,468103
52219,Hu,Xuezeng,胡學曾,Male,10053,NA,cerd,468104
52221,Hu,Qiyao,胡企堯,Male,590,1913,cerd,468105
52225,Hu,Jinzhen,胡金禎,Male,1356,1905,cerd,468106
52227,Hu,Meihuang,胡美璜,Male,522,1914,cerd,468107
52229,Hu,Yuxiu,胡毓岫,Male,31796,NA,cerd,468109
52231,Hu,Shanyu,胡善愈,Male,8278,1902,cerd,468110
52239,Hu,Huizhong,胡會忠,Male,16624,1914,cerd,468111
52243,Hu,Mingshi,胡命諟,Male,1941,1905,cerd,468112
52255,Hu,Xiyong,胡錫庸,Male,NA,NA,cerd,468113
52257,Hu,Xigeng,胡錫賡,Male,965,1914,cerd,468114
52259,Hu,Xirang,胡錫讓,Male,719,1909,cerd,468115
52269,Ai,Qiyuan,艾起元,Male,1514,NA,cerd,468116
52271,Shen,Luzhong,莘祿鍾,Male,1113,1906,cerd,468117
52274,Wan,Yi,萬一,Male,965,1909,cerd,468118
52284,Wan,Peng,萬鵬,Male,607,1907,cerd,468120
52288,Wan,Chang,萬敞,Male,52289,NA,cerd,468121
52291,Wang,Jingxian,萬競先,Male,1120,1909,cerd,468122
52294,Wan,Fuxiang,萬府祥,Male,6165,1900,cerd,468123
52296,Wan,Wenxian,萬文仙,Male,522,1915,cerd,468124
52298,Wan,Faguan,萬發貫,Male,522,1915,cerd,192108
52300,Wan,Chengchuan,萬聖傳,Male,66,1897,cerd,468125
52303,Wan,Chenggui,萬承珪,Male,68,1877,cerd,468126
52306,Qin,Jing,秦璥,Male,19990,1894,cerd,468127
52308,Qin,Hong,秦鴻,Male,1664,1908,cerd,468128
52311,Qin,Guangjian,秦廣鑑,Male,1664,NA,cerd,468129
52313,Qin,Wenzhang,秦文章,Male,3750,1890,cerd,468131
52315,Qin,Wenjun,秦文俊,Male,52316,1912,cerd,468132
52318,Qin,Wenbin,秦文彬,Male,3750,1895,cerd,468133
52330,Wan Jingwen,NA,萬經文,Male,765,1915,cerd,468134
52332,Qin,Wenzao,秦文藻,Male,3750,1895,cerd,468135
52334,Qin,Wenwei,秦文蔚,Male,3750,1899,cerd,468136
52340,Wan,Shengyu,萬繩峪,Male,522,1912,cerd,468137
52343,Qin,Wenjin,秦文錦,Male,3750,1890,cerd,468138
52346,Qin,Xinmin,秦新民,Male,4802,1912,cerd,468139
52349,Qin,Jingdong,秦靖東,Male,1573,1911,cerd,468140
52352,Qin,Piji,秦丕基,Male,1544,1913,cerd,468142
52355,Qin,Yuancheng,秦元澄,Male,1664,1897,cerd,468143
52358,Qin,Yuanxi,秦元熙,Male,903,1896,cerd,468144
52364,Qin,Erwen,秦爾文,Male,4195,1912,cerd,468145
52369,Qin,Mengxuan,秦孟選,Male,1659,NA,cerd,468146
52372,Qin,Dingming,秦鼎銘,Male,9432,NA,cerd,468147
52374,Qin,Daiyuan,秦岱源,Male,1664,1887,cerd,335701
52383,Qin,Defang,秦德芳,Male,62,1906,cerd,468148
52386,Qin,Deyi,秦德義,Male,10003,NA,cerd,468149
52388,Qin,Shaoji,秦紹基,Male,1544,1911,cerd,468150
52391,Qin,Yitai,秦以泰,Male,903,NA,cerd,468151
52393,Qin,Hongji,秦宏濟,Male,1664,1903,cerd,468154
52401,Qin,Baotong,秦寶同,Male,903,1915,cerd,468155
52403,Qin,Hongru,秦洪儒,Male,10958,1911,cerd,468156
52406,Qin,Chongzhi,秦冲志,Male,1664,NA,cerd,468157
52408,Qin,Zelin,秦澤霖,Male,449,1915,cerd,468158
52410,Qin,Hongqian,秦鴻鈐,Male,3023,1914,cerd,468159
52414,Qin,Zuohua,秦祚華,Male,4449,1909,cerd,468160
52416,Wan,Yongsheng,萬永生,Male,965,1917,cerd,468161
52418,Wan,Liangyi,萬良逸,Male,14753,1914,cerd,468162
52420,Wan,Changyan,萬長炎,Male,1881,1920,cerd,8040
52422,Wan,Yuanxiang,萬願祥,Male,6165,NA,cerd,468163
52424,Wan,Xuehan,萬學涵,Male,877,NA,cerd,468165
52426,Wan,Cexian,萬冊先,Male,1120,1905,cerd,468166
52432,Wan,Yuqi,萬毓琦,Male,807,1916,cerd,468167
52434,Wan,Zhongying,萬鍾英,Male,562,1911,cerd,468168
52439,Wan,Shangyin,萬尚蔭,Male,522,1915,cerd,468169
52441,Fan,Xi,樊翕,Male,1256,1913,cerd,332618
52443,Fan,Tinglan,樊庭蘭,Male,4079,1909,cerd,468170
52445,Fan,Wenmin,樊文敏,Male,2837,1913,cerd,468171
52447,Fan,Zhixiang,樊致祥,Male,15503,NA,cerd,468172
52449,Fan,Deran,樊德染,Male,558,1909,cerd,468173
52457,Fan,Shengwu,樊繩武,Male,2071,NA,cerd,468174
52459,Fan,Yongtai,樊永泰,Male,15177,1911,cerd,468176
52461,Fan,Runshan,樊潤山,Male,25619,1903,cerd,332612
52467,Fan,Xiangsun,樊祥孫,Male,909,1905,cerd,468177
52472,Fan,Peilun,樊培倫,Male,3331,NA,cerd,468178
52475,Fan,Peiji,樊培基,Male,NA,NA,cerd,468179
52478,Hu,Xizhi,胡錫之,Male,1189,1914,cerd,468180
52480,Hu,Xichu,胡錫初,Male,719,1908,cerd,468181
52484,Hu,Xilu,胡錫祿,Male,558,1905,cerd,468182
52494,Liu,Kezhun,柳克準,Male,590,1889,cerd,468183
52500,Liu,Xiquan,柳希權,Male,1251,1897,cerd,468184
52508,Liu,Zhicheng,柳志誠,Male,1626,1916,cerd,468185
52510,Liu,Zhongquan,柳中泉,Male,19711,1908,cerd,468187
52512,Liu,Guorong,柳國榮,Female,4594,1914,cerd,468188
52514,Liu,Yishi,柳貽詩,Male,4594,NA,cerd,468189
52516,Liu,Shengrong,柳陞榮,Male,1076,1905,cerd,468190
52527,Liu,Fengtang,柳鳳堂,Male,52528,1900,cerd,468191
52540,Liu,Minjun,柳民均,Male,388,1891,cerd,468192
52562,Liu,Cankun,柳燦坤,Male,52563,1891,cerd,332919
52577,Zeng,Xian,增賢,Male,3672,1906,cerd,404462
52583,Si,Nansheng,姒南笙,Male,909,1909,cerd,468194
52591,Gu,Jiaren,故家仁,Male,1839,1910,cerd,468195
52593,Jing,Shudu,敬叔度,Male,35829,NA,cerd,468196
52595,Jing,Keming,敬克明,Male,41614,1899,cerd,468198
52607,Mei,Fang,梅舫,Male,2435,1914,cerd,468199
52609,Mei,Ke,梅科,Male,4977,1911,cerd,468200
52611,Mei,Yi,梅漪,Male,965,NA,cerd,468201
52613,Mei,Fuqiang,梅福強,Male,4977,1906,cerd,468202
52618,Mei,Ruji,梅汝璣,Male,522,1916,cerd,468203
52621,Mei,Chengzhang,梅成章,Male,1016,1899,cerd,468204
52634,Mei,Jingcai,梅景才,Male,4977,1912,cerd,468205
52636,Mei,Yiqi,梅貽琦,Male,427,1889,cerd,207
52645,Di,He,狄和,Male,9592,1910,cerd,468206
52647,Di,Tingfang,狄庭芳,Male,4079,NA,cerd,468207
52649,Di,Chengmo,狄承謨,Male,2071,1896,cerd,468209
52655,Di,Zhaolin,狄兆麟,Male,9592,1908,cerd,468210
52659,Qin,Dajun,秦大鈞,Male,1664,1903,cerd,468211
52662,Di,Xinghua,狄興化,Male,4079,1910,cerd,468212
52665,Zhao,Li,趙立,Male,965,1909,cerd,468213
52671,Qin,Zhihao,秦志浩,Male,1664,1910,cerd,468214
52676,Qin,Wanqing,秦萬清,Male,17517,1908,cerd,468215
52680,Qin,Wanxuan,秦萬選,Male,1659,1906,cerd,468216
52683,Qin,Shukai,秦樹楷,Male,30869,NA,cerd,468217
52684,Zhao,Liang,趙亮,Male,2797,1904,cerd,468218
52689,Qin,Guotong,秦國桐,Male,9613,1903,cerd,468220
52696,Qin,Mianjun,秦冕鈞,Male,1664,1905,cerd,468221
52699,Zhao,Mou,趙謀,Male,23758,1902,cerd,468222
52704,Qin,Yongkuan,秦用寬,Male,52705,1900,cerd,468223
52706,Zhao,Ren,趙訒,Male,7960,1892,cerd,468224
52713,Qin,Kaijie,秦開節,Male,9282,1910,cerd,468225
52715,Zhao,Ping,趙平,Male,965,1911,cerd,468226
52722,Zhao,Xing,趙型,Male,1626,1907,cerd,468227
52726,Qin,Mingxin,秦銘新,Male,1659,1911,cerd,468228
52730,Qin,Mingyi,秦銘彝,Male,2313,1908,cerd,468229
52734,Qin,Mingbo,秦銘博,Male,1664,1886,cerd,468231
52742,Qin,Durui,秦篤瑞,Male,3730,1901,cerd,468232
52752,Qin,Shaotao,秦少濤,Female,7006,1915,cerd,468233
52754,Ge,Shengwu,戈繩武,Male,782,1900,cerd,468234
52760,Ge,Zongyuan,戈宗源,Male,782,1906,cerd,468235
52765,Ge,Benjie,戈本捷,Male,2489,1914,cerd,468236
52773,Cheng,Ba,成拔,Male,562,NA,cerd,468237
52775,Cheng,Xuxiang,成序庠,Male,5688,1898,cerd,468238
52782,Cheng,Yinghan,成應漢,Male,63,1910,cerd,468239
52785,Cheng,Yuanzhi,成元治,Male,4225,NA,cerd,468240
52787,Cheng,Ruisheng,成瑞生,Male,877,1900,cerd,468242
52793,Cheng,Shengzhu,成聖祝,Male,6556,1912,cerd,468243
52795,Cheng,Zuanjing,成纘儆,Male,4225,1917,cerd,468244
52797,Cheng,Boshi,成伯時,Male,16722,1911,cerd,468245
52799,Cheng,Shaoxin,成紹鑫,Male,719,NA,cerd,468246
52801,Cheng,Congxiu,成從修,Male,1231,NA,cerd,468247
52804,Cheng,Jiadong,成家棟,Male,496,1903,cerd,468248
52816,Cheng,Baoshan,成寶善,Male,10003,1897,cerd,468249
52818,Cheng,Shukai,成澍愷,Male,4225,1899,cerd,468250
52823,Cheng,Lianbi,成連璧,Male,52824,1905,cerd,468251
52828,Cheng,Shixiang,成士驤,Male,27645,NA,cerd,468253
52830,Cheng,Xiwen,成希文,Male,67,NA,cerd,369287
52833,Cheng,Xiyong,成希顒,Male,6556,NA,cerd,468254
52836,Cheng,Shizong,成世忠,Male,10003,1902,cerd,468255
52840,Cheng,Shijing,成世靜,Female,3319,1913,cerd,468256
52842,Cheng,Yidian,成貽典,Male,24560,1907,cerd,468257
52845,Cheng,Jinzhi,成金芝,Male,6904,1904,cerd,468258
52847,Cheng,Yingxi,成瑩犀,Male,3319,1916,cerd,468259
52849,Qi,Yunzhong,戚允中,Male,965,1899,cerd,468260
52862,Qi,Kezhong,戚克中,Male,NA,NA,cerd,468261
52864,Qi,Kuisheng,戚葵生,Male,10543,1904,cerd,468262
52868,Qi,Taicha,戚泰槎,Male,1210,1900,cerd,468265
52871,Qi,Rongpu,戚榮普,Male,3016,1916,cerd,468266
52873,Sheng,De,盛德,Male,965,1898,cerd,468267
52887,Shneg,Jian,盛健,Male,1079,1913,cerd,8008
52890,Sheng,Zhu,盛柱,Male,1993,1886,cerd,468268
52893,Sheng,Zhu,盛發緒,Male,1903,1910,cerd,468269
52896,Sheng,Jiankang,盛建康,Male,2443,1914,cerd,468270
52900,Sheng,Chnegguang,盛承光,Male,1604,1904,cerd,468271
52905,Sheng,Renwu,盛任吾,Male,1409,1905,cerd,468272
52910,Sheng,Chongdao,盛崇道,Male,965,1914,cerd,468273
52913,Fan,Zhizun,樊志尊,Male,429,NA,cerd,468274
52915,Fan,Shuhua,樊樹華,Male,11545,1901,cerd,468276
52917,Fan,Yingjian,樊楹鑑,Male,11545,NA,cerd,468277
52920,Fan,Zhecheng,樊哲晟,Male,522,1914,cerd,468278
52922,Fan,Shengkun,樊盛坤,Male,1189,1913,cerd,468279
52927,Fan,Jilin,樊際麟,Male,765,1913,cerd,468280
52931,Fan,Xiwen,樊熙文,Male,2071,1906,cerd,468281
52937,Fan,Xunquan,樊巽權,Male,1256,1889,cerd,468282
52951,Fan,Xiliang,樊錫梁,Male,3809,1909,cerd,468283
52955,Fan,Weizhang,樊煒章,Male,1256,1892,cerd,468284
52958,Fan,Yaonan,樊耀南,Male,12029,1891,cerd,468285
52965,Qu,Cihui,瞿慈惠,Male,903,1914,cerd,468287
52967,Qu,Maoning,瞿楙甯,Male,965,1914,cerd,468288
52970,Qu,Zhenzhong,瞿振忠,Male,877,1915,cerd,468289
52972,Qu,Bingjin,瞿炳晉,Male,562,1914,cerd,468290
52974,Yan,Wang,嚴望,Male,1597,1915,cerd,468291
52976,Yan,Yi,嚴毅,Male,23657,1911,cerd,468292
52984,Yan,Kai,嚴凱,Male,553,NA,cerd,468293
52987,Yan,Kuan,嚴寬,Male,965,NA,cerd,468294
52989,Yan,Zhi,嚴治,Male,765,NA,cerd,468295
52991,Yan,Shuang,嚴爽,Male,2985,1894,cerd,468296
53002,Yan,Xuan,嚴萱,Male,16782,NA,cerd,468298
53004,Yan,Zhuang,嚴莊,Male,38037,1888,cerd,192800
53019,Yan,Jun,嚴晙,Male,14247,1909,cerd,468299
53023,Yan,E,嚴鶚,Male,1177,1910,cerd,468300
53027,Yan,Min,嚴敏,Male,71,1914,cerd,468301
53029,Yan,Yishi,嚴一士,Male,1100,1907,cerd,468302
53044,Yan,Yuanlong,嚴元瓏,Male,1042,NA,cerd,468303
53047,Yan,Yuanxi,嚴元熙,Male,1042,NA,cerd,468304
53049,Yan,Yuanshan,嚴元善,Male,1042,1894,cerd,468305
53054,Yan,Mengqin,嚴孟勤,Male,NA,NA,cerd,468306
53056,Yan,Weixin,嚴維新,Male,2443,1915,cerd,468307
53060,Yan,Chongjiao,嚴崇教,Male,40694,1910,cerd,468309
53067,Yan,Deye,嚴德業,Male,1748,1917,cerd,468310
53069,Sheng,Dechun,盛德純,Male,60,1895,cerd,468311
53072,Sheng,Shijun,盛時俊,Male,2443,1919,cerd,468312
53074,Sheng,Dexian,盛得先,Male,765,1911,cerd,468313
53076,Sheng,Shaozhang,盛紹章,Male,607,1891,cerd,468314
53092,Sheng,Shouxin,盛守鑫,Male,2443,NA,cerd,468315
53096,Sheng,Zeqin,盛澤勤,Male,590,1915,cerd,468316
53098,Sheng,Zekai,盛澤闓,Male,590,1910,cerd,468317
53101,Sheng,Zujiang,盛祖江,Male,950,1903,cerd,468318
53108,Sheng,Zutong,盛祖同,Male,1604,1912,cerd,468320
53111,Sheng,Zuhao,盛祖鎬,Male,1604,1914,cerd,468321
53113,Sheng,Zujun,盛祖鈞,Male,1604,1903,cerd,468322
53116,Sheng,Zuming,盛祖銘,Male,1604,1897,cerd,468323
53122,Sheng,Zuxi,盛祖錫,Male,1604,1911,cerd,468324
53125,Sheng,Yiming,盛逸銘,Male,965,NA,cerd,468325
53128,Sheng,Dayou,盛大猷,Male,5273,1907,cerd,468326
53132,Sheng,Yingyuan,盛映垣,Male,2443,1901,cerd,468327
53143,Sheng,Peng,盛鵬九,Male,590,1910,cerd,468328
53148,Sheng,Shengbao,盛勝保,Male,NA,NA,cerd,468329
53151,Fu,Xuelian,扶學鍊,Male,4269,1913,cerd,468331
53154,Qu,Ling,曲凌,Male,25462,1910,cerd,468332
53166,Qu,Yingyuan,曲應元,Male,3768,NA,cerd,468333
53168,Qu,Yongcheng,曲詠成,Male,1682,1915,cerd,468334
53170,Qu,Yongsheng,曲詠昇,Male,1682,1899,cerd,468335
53177,Qu,Yanshou,曲延壽,Male,2481,NA,cerd,468336
53179,Qu,Jingxiu,曲敬修,Male,77,1895,cerd,468337
53182,Qu,Zhanglu,曲長陸,Male,15985,1909,cerd,468338
53185,Cao,Chen,曹諶,Male,4846,1910,cerd,468339
53191,Cao,Qi,曹諿,Male,4846,1910,cerd,468340
53195,Cao,Ting,曹珽,Male,449,1899,cerd,468342
53218,Cao,Qiang,曹強,Male,5481,1900,cerd,468343
53229,Cao,Ying,曹瑛,Male,31923,NA,cerd,468344
53231,Cao,Ying,曹瑛,Male,807,1897,cerd,468345
53234,Cao,Yue,曹粵,Male,590,1908,cerd,468346
53238,Cao,Ze,曹澤,Male,5955,1892,cerd,468347
53249,Cao,Zhen,曹楨,Male,1604,1914,cerd,468348
53251,Cao,Jing,曹菁,Male,9036,NA,cerd,468349
53253,Zhao,Pu,趙璞,Male,37790,1909,cerd,468350
53257,Zhao,Qi,趙琦,Male,37790,1915,cerd,468351
53260,Zhao,Qi,趙琪,Male,40694,1903,cerd,468353
53269,Zhao,Gan,趙敢,Male,16722,1904,cerd,468354
53274,Zhao,Wei,趙偉,Male,2732,1910,cerd,468355
53276,Zhao,Wei,趙偉,Male,909,1913,cerd,468356
53278,Zhao,Dong,趙侗,Male,2732,1909,cerd,468357
53281,Zhao,Mu,趙牧,Male,2985,1898,cerd,468358
53298,Zhao,Fu,趙馥,Male,1364,NA,cerd,468359
53300,Zhao,Mian,趙沔,Male,607,1916,cerd,468360
53302,Zhao,Cheng,趙澄,Male,4977,1902,cerd,468361
53313,Zhao,Shu,趙述,Male,27645,1907,cerd,468362
53318,Zhao,Hong,趙鴻,Male,3016,1907,cerd,468364
53322,Zhao,Shen,趙深,Male,71,1901,cerd,192953
53327,Zhao,Qi,趙棨,Male,53328,1913,cerd,468365
53330,Zhao,Jie,趙杰,Male,427,1879,cerd,468366
53332,Zhao,Ying,趙英,Male,1016,1900,cerd,468367
53343,Cao,Chang,曹昌,Male,2062,1903,cerd,468368
53352,Cao,Nie,曹喦,Male,1016,1913,cerd,468369
53356,Cao,Yue,曹鉞,Male,906,NA,cerd,468370
53358,Cao,Ying,曹煐,Male,16164,NA,cerd,468371
53361,Cao,Lichen,曹立諶,Male,1076,NA,cerd,468372
53364,Cao,Yingkui,曹應奎,Male,20814,1900,cerd,468373
53378,Cao,Kangqi,曹康圻,Male,1664,1892,cerd,468377
53389,Cao,Dumou,曹度謀,Male,6556,1901,cerd,332661
53394,Cao,Qingyun,曹慶雲,Male,12923,NA,cerd,468378
53413,Yan,Zhonglin,嚴仲麟,Male,10893,1899,cerd,468379
53422,Yan,Ziqiang,嚴自強,Male,1664,1917,cerd,468380
53424,Yan,Xinyi,嚴欣一,Male,2068,1916,cerd,468381
53426,Yan,Jiashou,嚴家壽,Male,3016,1911,cerd,468382
53429,Yan,Jiachang,嚴家昌,Male,NA,NA,cerd,468383
53431,Yan,Jiaxiang,嚴家驤,Male,1748,1917,cerd,9448
53433,Yan,Zhihuan,嚴之環,Male,965,1910,cerd,468384
53437,Cao,Yuqi,曹玉麒,Male,9324,1913,cerd,468385
53441,Yan,Zhiwei,嚴之衞,Male,965,1902,cerd,468386
53442,Cao,Yuxiang,曹玉祥,Male,9324,1909,cerd,468388
53447,Cao,Yuanyu,曹元宇,Male,1607,1900,cerd,468389
53460,Yan,Honggui,嚴宏溎,Male,4762,1892,cerd,468390
53476,Cao,Yuandong,曹元棟,Male,1161,NA,cerd,468391
53479,Cao,Yuanjun,曹元鈞,Male,32623,1915,cerd,468392
53480,Yan,Dingxuan,嚴定宣,Male,1664,NA,cerd,468393
53483,Yan,Baoren,嚴寶仁,Male,807,1912,cerd,468394
53484,Cao,Baishun,曹百順,Male,2435,1914,cerd,468395
53487,Yan,Dixun,嚴迪恂,Male,31576,1889,cerd,468396
53491,Cao,Jinhua,曹晉華,Male,2114,1906,cerd,468397
53493,Cao,Xilin,曹西林,Male,39319,1914,cerd,468399
53497,Cao,Ruizhi,曹瑞芝,Male,3226,1894,cerd,468400
53508,Yan,Hongyin,嚴鴻印,Male,9552,1913,cerd,468401
53511,Yan,Xiling,嚴希陵,Male,10724,1909,cerd,468402
53513,Yan,Shouqi,嚴壽祺,Male,496,1910,cerd,468403
53514,Cao,Naiqiang,曹乃強,Male,3608,1911,cerd,468404
53519,Yan,Xieyin,嚴協寅,Male,6006,1911,cerd,468405
53521,Cao,Chengwei,曹承慰,Male,5955,1917,cerd,468406
53522,Yan,Zhongduo,嚴忠鐸,Male,1618,1913,cerd,468407
53526,Yan,Zhenchang,嚴振常,Male,9346,NA,cerd,468408
53529,Cao,Siliang,曹司量,Male,1016,1911,cerd,468410
53532,Yan,Chengzhu,嚴成[上术下灬](炢),Male,2068,1914,cerd,468411
53535,Cao,Zhifu,曹致富,Male,53537,NA,cerd,468412
53536,Yan,Guoguang,嚴國光,Male,1544,1914,cerd,468413
53539,Yan,Enyu,嚴恩棫,Male,3133,1888,cerd,350305
53544,Cao,Bingquan,曹秉銓,Male,782,1912,cerd,468414
53552,Cao,Weifan,曹維藩,Male,31025,1900,cerd,468415
53557,Cao,Renzhan,曹任湛,Male,25587,1912,cerd,468416
53562,Cao,Dinghan,曹鼎漢,Male,590,1914,cerd,468417
53563,Yan,Liping,嚴勵平,Male,3133,1904,cerd,468418
53567,Cao,Yuexian,曹嶽仙,Male,4945,1912,cerd,468419
53573,Cao,Jixian,曹繼賢,Male,511,1903,cerd,468421
53581,Cao,Defeng,曹德風,Male,83,1908,cerd,468422
53583,Cao,Ziyan,曹自晏,Male,6090,1900,cerd,468423
53592,Cao,Peizhen,曹佩珍,Male,4079,1916,cerd,468424
53594,Cao,Xiulong,曹修龍,Male,16722,1906,cerd,468425
53598,Cao,Xiushan,曹修善,Male,NA,NA,cerd,468426
53600,Cao,Zuoxin,曹作新,Male,NA,NA,cerd,468427
53602,Cao,Zuotang,曹作棠,Male,6090,1898,cerd,468428
53610,Cao,Lunshu,曹綸書,Male,3645,1915,cerd,468429
53612,Cao,Jiajie,曹家傑,Male,NA,NA,cerd,468430
53614,Cao,Zhilun,曹之綸,Male,2071,1906,cerd,468432
53616,Cao,Anli,曹安禮,Male,63,1901,cerd,468433
53619,Cao,Yinliang,曹寅亮,Male,1042,1913,cerd,468434
53622,Cao,Baozhang,曹寶章,Male,877,1915,cerd,468435
53624,Cao,Baozhang,曹寶善,Male,63,1896,cerd,468436
53626,Cao,Zongyuan,曹宗源,Male,1630,1910,cerd,468437
53629,Cao,Zhenxiang,曹禎祥,Male,12361,1900,cerd,468438
53631,Zhao,Dong,趙棟,Male,2732,1908,cerd,468439
53633,Zhao,Feng,趙豐,Male,18372,1915,cerd,468440
53635,Zhao,Bi,趙璧,Male,8174,1888,cerd,468441
53642,Zhao,Peng,趙鵬,Male,34797,1904,cerd,390144
53652,Zhao,Yin,趙誾,Male,965,1903,cerd,468443
53661,Zhao,Min,趙民,Male,4977,1903,cerd,468444
53668,Zhao,Zheng,趙錚,Male,9432,1881,cerd,468445
53674,Zhao,Duo,趙鐸,Male,4394,1902,cerd,468446
53679,Zhao,Jun,趙鈞,Male,1210,NA,cerd,468447
53681,Zhao,Shang,趙尚,Male,6556,1915,cerd,468448
53683,Zhao,Yuanliang,趙元良,Male,965,1913,cerd,468449
53686,Zhao,Fangmin,趙方民,Male,590,1908,cerd,468450
53688,Zhao,Yutang,趙育堂,Male,1682,1897,cerd,389981
53696,Zhao,Genghua,趙庚華,Male,632,1913,cerd,468451
53698,Zhao,Qingjie,趙慶杰,Male,9324,1901,cerd,468452
53707,Zhao,Qingshan,趙慶善,Male,21550,1901,cerd,468454
53715,Mo,Yong,莫庸,Male,32307,1900,cerd,468455
53731,Mo,Heng,莫衡,Male,1113,1894,cerd,468456
53746,Mo,Ruo,莫若,Male,3608,NA,cerd,468457
53748,Mo,Guang,莫光,Male,1817,1913,cerd,468458
53750,Mo,Wenhao,莫文浩,Male,1113,1901,cerd,468459
53754,Mo,Nairong,莫迺榮,Male,4422,NA,cerd,468460
53756,Mo,Weiqi,莫維祺,Male,2780,1913,cerd,468461
53758,Mo,Zuoji,莫佐基,Male,1817,1912,cerd,468462
53760,Mo,Bozhi,莫伯治,Male,1817,1913,cerd,468463
53762,Yan,Tongsheng,嚴同生,Male,1113,NA,cerd,468465
53764,Yan,Kaiyuan,嚴開元,Male,1356,1903,cerd,468466
53782,Yan,Tiesheng,嚴鐵生,Male,553,1903,cerd,468467
53786,Yan,Yihe,嚴怡和,Female,765,1916,cerd,468468
53788,Shan,Yungong,單允工,Male,1748,1888,cerd,468469
53802,Shan,Chuanshu,單傳書,Male,644,1910,cerd,468470
53806,Shan,Zongxiang,單宗相,Male,965,NA,cerd,468471
53808,Shan,Zongsu,單宗肅,Male,562,1916,cerd,468472
53814,Shan,Hongkui,單鴻逵,Male,652,NA,cerd,468473
53816,Shan,Zhijun,單志鈞,Male,909,1905,cerd,468474
53821,Shan,Shouxi,單壽熙,Male,427,NA,cerd,468476
53823,Shan,Jiqian,單基乾,Male,1079,1901,cerd,468477
53837,Shan,Zheduan,單喆端,Male,4435,1913,cerd,468478
53840,Shan,Zheying,單喆穎,Male,4435,1905,cerd,468479
53851,Shan,Heling,單鶴齡,Male,4371,1889,cerd,468480
53853,Shan,Chengqi,單成騏,Male,496,1909,cerd,468481
53858,Shan,Rensu,單人驌,Male,18988,NA,cerd,468482
53860,Shan,Bingqing,單炳慶,Male,1664,1905,cerd,468483
53868,Mo,Fuhan,莫福漢,Male,4415,1915,cerd,468484
53870,Mo,Ruda,莫汝達,Male,597,1914,cerd,468485
53872,Mo,Runxun,莫潤薰,Male,15471,1892,cerd,468488
53875,Mo,Baoyi,莫葆彝,Male,909,NA,cerd,468489
53877,Mo,Ruoneng,莫若能,Male,1113,1912,cerd,468490
53880,Mo,Ruocan,莫若燦,Male,877,1906,cerd,468491
53882,Mo,Ruorong,莫若榮,Male,590,1903,cerd,468492
53885,Mo,Kunchun,莫坤純,Male,3042,1915,cerd,468493
53887,Mo,Chaohao,莫朝豪,Male,NA,NA,cerd,468494
53889,Mo,Gensheng,莫根生,Male,1079,1916,cerd,468495
53891,Mo,Jierong,莫介榮,Male,74,1913,cerd,468496
53893,Mo,Shanxiang,莫善祥,Male,8553,1905,cerd,468497
53901,Mo,Gongqi,莫公琦,Male,1817,1913,cerd,468499
53903,Mo,Gongluan,莫公鑾,Male,1817,1914,cerd,468500
53905,Mo,Shanfan,莫墠煩,Male,2780,1901,cerd,468501
53908,Ru,Yuhao,茹譽?,Male,15783,1905,cerd,468502
53913,Hua,Chao,華超,Male,673,1909,cerd,468503
53915,Hua,Qi,華起,Male,673,1911,cerd,468504
53918,Hua,Zhong,華忠,Male,1664,1914,cerd,468505
53920,Hua,Fangzeng,華方增,Male,1664,NA,cerd,468506
53923,Hua,Yingxuan,華應宣,Male,1664,1892,cerd,468507
53932,Hua,Wenguang,華文廣,Male,5785,1914,cerd,468508
53934,Hua,Junlie,華君烈,Male,1256,NA,cerd,468510
53936,Hua,Weizhong,華衞中,Male,1664,1891,cerd,468511
53941,Hua,Yunzhang,華允璋,Male,1664,1911,cerd,468512
53944,Hua,Yunjia,華允嘉,Male,24560,NA,cerd,468513
53948,Zhao,Wenbin,趙文斌,Male,9346,NA,cerd,468514
53952,Zhao,Wenmin,趙文珉,Male,11135,1901,cerd,468515
53960,Zhao,Wensen,趙文森,Male,819,1911,cerd,468516
53962,Zhao,Wenxuan,趙文軒,Male,15403,1901,cerd,468517
53970,Zhao,Wenbi,趙文璧,Male,5287,1904,cerd,468518
53981,Zhao,Wenqin,趙文欽,Male,618,NA,cerd,468519
53984,Zhao,Duanqi,趙端棨,Male,590,1910,cerd,468521
53988,Zhao,Zhangming,趙彰明,Male,1643,1906,cerd,468522
53990,Zhao,Yunzang,趙韻臧,Male,342,1907,cerd,468523
53997,Zhao,Qianyi,趙謙益,Male,6256,NA,cerd,468524
53999,Zhao,Yiguan,趙一貫,Male,22894,1913,cerd,468525
54001,Zhao,Zhengquan,趙正權,Male,11135,1909,cerd,468526
54005,Zhao,Pixian,趙丕顯,Male,618,1911,cerd,468527
54008,Zhao,Yukun,趙玉堃,Male,9346,1910,cerd,468528
54011,Zhao,Yujun,趙玉俊,Male,511,1909,cerd,468529
54013,Zhao,Yutian,趙玉田,Male,21465,NA,cerd,343191
54015,Zhao,Yuchang,趙玉昌,Male,511,1912,cerd,468530
54017,Hua,Junbi,華俊筆,Male,54018,NA,cerd,468532
54021,Hua,Qinian,華綺年,Male,427,1908,cerd,332731
54025,Hua,Jialin,華家麟,Male,NA,NA,cerd,468533
54029,Hua,Hongdw,華宏德,Male,1664,1913,cerd,468534
54031,Hua,Zuxun,華祖訓,Male,1664,1909,cerd,468535
54036,Hua,Zuyi,華祖翼,Male,1664,NA,cerd,468536
54038,Hua,Zufang,華祖芳,Male,1664,1906,cerd,468537
54046,Hua,Zurong,華祖榮,Male,1079,1913,cerd,468538
54048,Hua,Qixiu,華啟秀,Male,30027,NA,cerd,468539
54050,Hua,Kezhuan,華克專,Male,427,NA,cerd,468540
54053,Hua,Nangui,華南圭,Male,1664,1897,cerd,468541
54064,Hua,Yinxiang,華蔭湘,Male,1664,1898,cerd,468543
54079,Hua,Jingxi,華敬熙,Male,1016,1909,cerd,468544
54083,Hua,Chuncheng,華春城,Male,54085,1911,cerd,468545
54087,Hua,Guoying,華國英,Male,1664,1910,cerd,468546
54092,Hua,Yishu,華貽樞,Male,1664,1917,cerd,468547
54094,Hua,Yigan,華貽幹,Male,1664,1917,cerd,332734
54096,Hua,Changshou,華長壽,Male,743,1908,cerd,468548
54100,Hua,Fengzou,華鳳諏,Male,427,NA,cerd,468549
54103,Hua,Fengxiang,華鳳翔,Male,427,1898,cerd,468550
54113,Hua,Meixi,華美熙,Male,1664,1913,cerd,468551
54115,Hua,Zhongwen,華鐘文,Male,24560,1906,cerd,468552
54130,Hua,Xinian,華錫年,Male,427,NA,cerd,468554
54132,Miao,Yanlin,苗宴林,Male,37183,NA,cerd,468555
54134,Miao,Peicheng,苗培成,Male,27765,NA,cerd,468556
54136,Miao,Peirong,苗培榮,Male,13681,1899,cerd,468557
54138,Miao,Shixun,苗世循,Male,23446,1905,cerd,468558
54143,Miao,Shuyu,苗樹腴,Male,342,1913,cerd,468559
54145,Lao,Ruicheng,老瑞誠,Male,449,NA,cerd,468560
54147,Lao,Hongbo,老洪博,Male,449,1913,cerd,468561
54149,Ge,Xian,葛憲,Male,877,1916,cerd,468562
54151,Ge,Feng,葛灃,Male,39220,1894,cerd,468563
54155,Li,Zongyao,李宗堯,Male,9772,1913,cerd,468565
54158,Li,Zonghan,李宗翰,Male,965,1897,cerd,468566
54162,Li,Zongxian,李宗咸,Male,4619,1915,cerd,468567
54164,Li,Zongling,李宗令,Male,23622,1912,cerd,468568
54166,Li,Zongguang,李宗光,Male,965,1913,cerd,468569
54168,Li,Junzhe,李濬哲,Male,54170,1911,cerd,468570
54172,Li,Yuanmiao,李源淼,Male,1356,1891,cerd,468571
54174,Li,Yuansen,李源森,Male,4594,1908,cerd,468572
54177,Li,Fulai,李福徠,Male,1292,1912,cerd,468573
54179,Li,Fujing,李福景,Male,427,1904,cerd,373534
54184,Li,Fuquan,李福全,Male,NA,NA,cerd,468574
54186,Li,Zhaowen,李兆文,Male,338,1915,cerd,468576
54188,Li,Zhaolin,李兆霖,Male,20513,1910,cerd,468577
54193,Li,Zhaoqiu,李兆球,Male,449,NA,cerd,468578
54195,Li,Zhaoqiang,李兆強,Male,12589,1914,cerd,468579
54197,Li,Zhaolian,李兆濂,Male,30478,1884,cerd,332867
54208,Li,Zhaoyuan,李兆源,Male,1042,1905,cerd,468581
54211,Li,Zhaoxiang,李兆祥,Male,449,NA,cerd,468582
54213,Li,Zhaohuai,李兆槐,Male,1042,1908,cerd,468583
54218,Shan,Binghao,單炳浩,Male,1664,1914,cerd,468584
54220,Lu,Yun,路雲,Male,6090,1912,cerd,468585
54222,Lu,Zhengkuan,路政寬,Male,717,NA,cerd,468587
54224,Lu,Shihe,路士和,Male,1630,1918,cerd,468588
54226,Lu,Bogu,路博古,Male,10761,NA,cerd,468589
54228,Lu,Yincheng,路蔭檉,Male,63,1905,cerd,468590
54231,Lu,Baochu,路葆初,Male,20470,1910,cerd,468591
54233,Lu,Songqing,路松青,Male,6090,1914,cerd,468592
54235,Lu,Minxing,路敏行,Male,1630,1890,cerd,468593
54243,Lu,Ronghua,路榮華,Male,1630,1911,cerd,468594
54246,E,Yucheng,鄂玉成,Male,511,1900,cerd,468595
54250,E,Xianjie,鄂仙傑,Male,4627,1909,cerd,468596
54252,Yu,Chengzheng,喻誠正,Male,3101,1917,cerd,468599
54254,Yu,Zhihe,喻致龢,Male,3101,1897,cerd,468600
54260,Yu,Junxian,喻俊先,Male,1036,NA,cerd,468601
54262,Yu,Keji,喻科濟,Male,5073,1897,cerd,468602
54264,Yu,Boliang,喻伯良,Male,52289,1912,cerd,468603
54266,Yu,Keqin,喻克勤,Male,80,1908,cerd,468604
54270,Yu,Pengsen,喻蓬森,Male,2794,1905,cerd,468605
54283,Yu,Benyi,喻本義,Male,717,1911,cerd,468606
54286,Yu,Zhewen,喻哲文,Male,62,1889,cerd,468607
54290,Yu,Xuxun,喻煦勳,Male,6556,1917,cerd,468608
54292,Ha,Bixun,哈弼勳,Male,877,1914,cerd,468610
54295,Ha,Xiongwen,哈雄文,Male,1120,1908,cerd,468611
54299,Ha,Kunshi,哈錕士,Male,15783,1913,cerd,468612
54301,Wen,Nong,駇農,Male,909,1910,cerd,468613
54303,Ji,Dengyuan,暨登垣,Male,5073,1906,cerd,468614
54308,Ruan,Ren,阮任,Male,10904,1903,cerd,468615
54317,Ruan,Xin,阮盺,Male,1042,1908,cerd,468616
54324,Ruan,Yuanxu,阮元煦,Male,1356,1914,cerd,468617
54326,Ruan,Jinqiao,阮晉橋,Male,1356,1889,cerd,468618
54334,Ruan,Yongxu,阮永序,Male,3966,1912,cerd,468619
54338,Ruan,Yitao,阮亦陶,Male,1817,1913,cerd,468621
54340,Ruan,Baojiang,阮寶江,Male,553,1892,cerd,468622
54346,Ruan,Zonghe,阮宗和,Male,3608,1895,cerd,468623
54358,Ruan,Zhaoxiong,阮兆熊,Male,74,1915,cerd,468624
54361,Ruan,Runxin,阮潤炘,Male,1993,1908,cerd,468625
54368,Ruan,Hongyi,阮鴻儀,Male,1292,1908,cerd,393414
54378,Ruan,Zhisen,阮志森,Male,877,1900,cerd,468626
54380,Ruan,Yingjie,阮英玠,Male,68,1914,cerd,468627
54382,Ruan,Jueshi,阮覺施,Male,956,1897,cerd,393405
54395,Ruan,Zhanfan,阮展帆,Male,NA,NA,cerd,468628
54400,Ruan,Xueyuan,阮學源,Male,6090,1898,cerd,468629
54409,Ruan,Bingxian,阮炳賢,Male,1210,1912,cerd,468630
54414,Ruan,Xingxian,阮性咸,Male,6617,1887,cerd,468632
54418,Li,Kuan,厲寬,Male,3829,1902,cerd,468633
54434,Li,Dingsan,厲鼎三,Male,879,NA,cerd,468634
54436,Li,Zhengqing,厲徵慶,Male,1042,1913,cerd,468635
54438,Li,Ruyan,厲汝燕,Male,2146,1893,cerd,193599
54457,Zhao,Yuzhen,趙玉振,Male,7055,1903,cerd,468636
54464,Zhao,Erji,趙爾基,Male,749,1912,cerd,468637
54466,Zhao,Erzang,趙爾臧,Male,3780,1901,cerd,468638
54469,Zhao,Erkui,趙爾葵,Male,743,NA,cerd,468639
54471,Zhao,Tiancong,趙天從,Male,25548,1907,cerd,468640
54481,Zhao,Tianliang,趙天良,Male,2780,1889,cerd,468641
54488,Cao,Shuzhe,曹述哲,Male,54489,NA,cerd,468643
54491,Cao,Hongkui,曹鴻逵,Male,3053,1902,cerd,468644
54493,Cao,Haisheng,曹海生,Male,4079,1905,cerd,468645
54495,Cao,Xianglin,曹祥麟,Male,1100,1912,cerd,468646
54497,Cao,Shisen,曹士森,Male,427,NA,cerd,468647
54499,Cao,Kegong,曹克恭,Male,1618,1916,cerd,468648
54501,Cao,Qinxuan,曹勤宣,Male,950,1910,cerd,468649
54505,Cao,Cuiwen,曹萃文,Male,4082,1905,cerd,370677
54511,Cao,Xiaoxuan,曹孝萱,Male,1161,1905,cerd,468650
54514,Cao,Xiaokui,曹孝葵,Male,1161,1896,cerd,468651
54518,Cao,Shilu,曹世祿,Male,5904,1899,cerd,468652
54523,Cao,Shusheng,曹樹聲,Male,7718,1888,cerd,468654
54532,Cao,Guifu,曹桂馥,Male,656,1909,cerd,468655
54534,Cao,Hesun,曹鶴蓀,Male,1016,1912,cerd,194161
54536,Cao,Jingkang,曹敬康,Male,877,1912,cerd,468656
54540,Cao,Huiqun,曹惠羣,Male,1630,1891,cerd,468657
54544,Cao,Chunshan,曹春山,Male,4042,NA,cerd,468658
54546,Cao,Zhenye,曹振業,Male,25625,1896,cerd,468659
54550,Cao,Zhenzao,曹振藻,Male,NA,NA,cerd,468660
54552,Cao,Zhenpeng,曹振鵬,Male,19840,1910,cerd,468661
54554,Cao,Zhenmin,曹振民,Male,9117,NA,cerd,468662
54556,Cao,Fusun,曹輔孫,Male,7718,1912,cerd,468663
54561,Cao,Fuhan,曹輔漢,Male,9117,NA,cerd,468665
54563,Cao,Shengying,曹盛應,Male,590,1913,cerd,468666
54570,Cao,Shengchun,曹盛春,Male,590,1912,cerd,468667
54572,Cao,Guoqi,曹國琦,Male,590,NA,cerd,468668
54574,Cao,Guohui,曹國惠,Male,4314,1907,cerd,468669
54578,Cao,Entian,曹恩田,Male,51165,1911,cerd,468670
54580,Cao,Changjiang,曹昌江,Male,1036,NA,cerd,468671
54582,Cao,Jingdian,曹景殿,Male,4089,1912,cerd,468672
54588,Cao,Mingluan,曹明鑾,Male,5955,1892,cerd,468673
54598,Cao,Juyuan,曹巨源,Male,1079,1900,cerd,468674
54607,Cao,Yuewei,曹岳維,Male,590,1915,cerd,468676
54609,Cao,Fengshan,曹鳳山,Male,1042,1905,cerd,370719
54615,Cao,Fengzao,曹鳳藻,Male,2253,1907,cerd,468677
54617,Cao,Xuexiu,曹學修,Male,37501,1903,cerd,468678
54623,Cao,Xuequan,曹學全,Male,2352,1910,cerd,468679
54625,Cao,Xingzu,曹興祖,Male,449,1911,cerd,468680
54628,Cao,Jintao,曹金濤,Male,18372,1915,cerd,468681
54630,Cao,Cengxiang,曹曾祥,Male,1664,1896,cerd,468682
54635,Cao,Shanming,曹善銘,Male,5020,1908,cerd,332694
54641,Cao,Yangbin,曹養斌,Male,17072,1893,cerd,468683
54647,Cao,Jianzong,曹鑑宗,Male,1490,1912,cerd,468684
54650,Cao,Zhuming,曹竹銘,Male,1161,1907,cerd,468685
54656,Cao,Minyong,曹敏永,Male,877,1906,cerd,468687
54658,Cao,Guangzuo,曹光祚,Male,819,1910,cerd,468688
54660,Cao,Shengzhi,曹省之,Male,877,NA,cerd,468689
54673,Cao,Huanwen,曹煥文,Male,2797,1901,cerd,370643
54685,Cao,Rongxi,曹榮錫,Male,1559,NA,cerd,362362
54687,Fei,Kang,費康,Male,1079,1907,cerd,468690
54693,Fei,Tai,費泰,Male,1079,1917,cerd,468691
54695,Fei,Hua,費驊,Male,1409,1912,cerd,192597
54697,Fei,Liquan,費立權,Male,965,1902,cerd,468692
54705,Fei,Guangtai,費廣泰,Male,29187,1905,cerd,468693
54707,Fei,Yifa,費彝法,Male,1100,1912,cerd,468694
54709,Fei,Zongfan,費宗藩,Male,1100,1890,cerd,468695
54713,Fei,Fudao,費福燾,Male,1100,1904,cerd,468696
54721,Zhao,Jinwen,趙晉文,Male,10295,1910,cerd,468698
54728,Fei,Fuxu,費福煦,Male,1100,1908,cerd,468699
54730,Zhao,Yunsheng,趙雲生,Male,9432,1914,cerd,468700
54731,Fei,Qineng,費啟能,Male,17451,1905,cerd,468701
54735,Fei,Shizhen,費士珍,Male,562,1899,cerd,468702
54737,Fei,Shiqi,費世圻,Male,1100,1909,cerd,468703
54738,Zhao,Lisheng,趙麗生,Male,1664,NA,cerd,468704
54742,Fei,Henian,費鶴年,Male,1305,1917,cerd,468705
54745,Fei,Yunxian,費韞嫻,Female,965,1916,cerd,468706
54749,Fei,Enlin,費恩霖,Male,5979,1909,cerd,468707
54751,Zhao,Limin,趙礪民,Male,2780,1908,cerd,468710
54754,Li,Binghu,李冰壺,Male,449,NA,cerd,468711
54757,Zhao,Xiusun,趙琇孫,Male,965,1914,cerd,468712
54760,Li,Mengshu,李蒙澍,Male,723,1895,cerd,468713
54762,Zhao,Liankui,趙聯魁,Male,4394,1893,cerd,468714
54764,Li,Mengrun,李蒙潤,Male,723,1891,cerd,468715
54769,Zhao,Yanfeng,趙延豐,Male,77,1909,cerd,468716
54771,Zhao,Yanxu,趙延緒,Male,2071,NA,cerd,468717
54773,Li,Jinren,李近仁,Male,5287,1913,cerd,468718
54774,Fei,Xueli,費學禮,Male,1409,1912,cerd,468719
54778,Zhao,Yanzhuo,趙延灼,Male,2790,NA,cerd,468721
54782,Zhao,Feixiong,趙飛熊,Male,10437,1906,cerd,468722
54786,Jie,Ruxun,揭汝巽,Male,23632,1910,cerd,468723
54791,Jie,Cengyou,揭曾祐,Male,24448,NA,cerd,468724
54793,Li,Yeqin,李業勤,Male,723,1908,cerd,468725
54797,Ba,Ruoyu,把若愚,Male,71,1906,cerd,468726
54803,Zhao,Yongzhu,招永注,Male,3608,1913,cerd,468727
54806,Zhao,Haopan,招浩泮,Male,3608,1916,cerd,468728
54810,Zhao,Jianyuan,招鑑元,Male,3608,1915,cerd,468729
54812,Lai,Lian,賴璉,Male,13948,1900,cerd,468730
54813,Zhao,Feibo,趙飛波,Male,10437,1899,cerd,468732
54832,Zhao,Zhitian,趙職田,Male,2790,NA,cerd,468733
54834,Zhao,Weiruo,趙瑋若,Male,1079,1916,cerd,468734
54836,Li,Shujing,李述璟,Male,10958,1913,cerd,468735
54838,Zhao,Yuli,趙豫立,Male,1817,1913,cerd,468736
54841,Zhao,Chengyan,趙承彥,Male,511,1910,cerd,468737
54843,Zhao,Chengjian,趙承建,Male,3726,1916,cerd,468738
54845,Zhao,Chengjin,趙承縉,Male,1682,1896,cerd,468739
54854,Zhao,Chengwei,趙承偉,Male,NA,NA,cerd,468740
54855,Li,Shubiao,李述標,Male,13846,1915,cerd,468741
54858,Zhao,Chengzu,趙承組,Male,1682,1894,cerd,468743
54860,Zhao,Chenggang,趙承鋼,Male,1682,1908,cerd,468744
54867,Li,Dousheng,李斗生,Male,566,1913,cerd,468745
54869,Zhao,Chengkuang,趙承絖,Male,1682,1898,cerd,468746
54871,Zhao,Chengji,趙承基,Male,9583,1898,cerd,468747
54880,Zhao,Ziying,趙子瑛,Male,2071,1910,cerd,468748
54882,Li,Weizhen,李爲楨,Male,3672,1909,cerd,468749
54883,Zhao,Junding,趙君鼎,Male,1592,1913,cerd,468750
54886,Li,Weikun,李爲坤,Male,1618,NA,cerd,468751
54888,Zhao,Xiheng,趙習恆,Male,11187,NA,cerd,468752
54890,Zhao,Gengmei,趙耿梅,Male,1770,1907,cerd,468754
54897,Zhao,Chongwen,趙重文,Male,2884,1911,cerd,468755
54899,Li,Weijun,李爲駿,Male,1618,1899,cerd,468756
54900,Zhao,Bingcheng,趙秉澄,Male,1573,1903,cerd,468757
54902,Zhao,Bingzhong,趙秉中,Male,427,1912,cerd,468758
54904,Zhao,Zhihong,趙稚鴻,Male,341,NA,cerd,468759
54906,Zhao,Rentao,趙仁濤,Male,4314,1906,cerd,468760
54908,Zhao,Shimei,趙師梅,Male,23403,1896,cerd,468761
54915,Zhao,Chongde,趙崇德,Male,3768,1909,cerd,468762
54917,Zhao,Jixuan,趙繼宣,Male,2884,1917,cerd,468763
54921,Li,Weilu,李爲騄,Male,1618,1913,cerd,468765
54923,Li,Zhan'en,李湛恩,Male,63,1908,cerd,468766
54926,Li,Faduan,李法端,Male,19911,1901,cerd,468767
54936,Li,Fazheng,李法政,Male,27524,1911,cerd,468768
54940,Li,Fazhong,李法中,Male,27524,1910,cerd,468769
54942,Li,Fasi,李法思,Male,19911,1894,cerd,468770
54946,Li,Hanyan,李漢彥,Male,1885,1912,cerd,468771
54948,Li,Hanjie,李漢傑,Male,68,1906,cerd,332823
54950,Li,Hanxian,李漢賢,Male,74,1907,cerd,468772
54954,Li,Ruliang,李汝亮,Male,3608,1913,cerd,468773
54958,Li,Ruqian,李汝謙,Male,841,1914,cerd,468774
54960,Li,Ruyi,李汝翼,Male,1556,NA,cerd,468776
54963,Li,Ruzhen,李汝貞,Male,14827,NA,cerd,468777
54967,Li,Rukuan,李汝寬,Male,2780,NA,cerd,468778
54969,Li,Lingxiao,李凌霄,Male,2071,1896,cerd,468779
54971,Li,Yuanchuan,李遠傳,Male,8675,1917,cerd,468780
54974,Yuan,Jiang,李遠江,Male,8675,NA,cerd,468781
54980,Li,Cundu,厲存度,Male,879,1891,cerd,468782
54986,Li,Cunyi,厲存彝,Male,879,NA,cerd,468783
54988,Li,Cunze,厲存澤,Male,879,NA,cerd,468784
54990,Li,Shengzhen,厲聲震,Male,765,1916,cerd,468785
54992,Li,Mingfan,厲明範,Male,4297,1889,cerd,332840
55009,Yuan,Guang,原廣,Male,1493,1907,cerd,468787
55013,Yuan,Zhenxiang,原珍祥,Male,12361,NA,cerd,468788
55015,Yuan,Shuzhen,原樹楨,Male,3226,1888,cerd,468789
55017,Yuan,Xingbo,原星伯,Male,3226,1909,cerd,468790
55019,Yuan,Jinxi,原金喜,Male,3053,1900,cerd,468791
55021,Ma,Kun,馬堃,Male,4130,1904,cerd,397271
55033,Ma,Ying,馬瑛,Male,909,NA,cerd,468792
55035,Ma,Qiu,馬璆,Male,1210,1901,cerd,468793
55037,Ma,Jie,馬傑,Male,31731,NA,cerd,468794
55044,Ma,Jin,馬進,Male,39024,1900,cerd,397637
55053,Ma,Feng,馬灃,Male,16672,1897,cerd,468795
55060,Ma,Xiong,馬雄,Male,953,NA,cerd,468796
55062,Ma,Qian,馬乾,Male,782,1916,cerd,468798
55064,Ma,Jun,馬駿,Male,13681,1891,cerd,468799
55067,Ma,Lin,馬臨,Male,4225,1900,cerd,468800
55071,Ma,Xiqing,馬席慶,Male,719,NA,cerd,468801
55074,Liu,Keming,劉克明,Male,16085,NA,cerd,468802
55076,Liu,Kezhi,劉克智,Male,2435,1914,cerd,468803
55078,Liu,Zaiqin,劉在勤,Male,55079,1909,cerd,468804
55087,Liu,Ximeng,劉希孟,Male,80,1909,cerd,468805
55089,Liu,Cunzhong,劉存忠,Male,55090,1906,cerd,468806
55094,Liu,Zhikun,劉志堃,Male,965,1906,cerd,468807
55099,Liu,Zhicheng,劉志誠,Male,8508,NA,cerd,468809
55102,Liu,Zhixin,劉志信,Male,1091,NA,cerd,468810
55104,Liu,Zhiying,劉志英,Male,3672,1904,cerd,468811
55115,Liu,Zhiyang,劉志揚,Male,1881,1912,cerd,468812
55117,Liu,Youqin,劉友芹,Male,34602,1905,cerd,468813
55119,Liu,Jiashu,劉嘉樹,Male,813,NA,cerd,468814
55122,Liu,Xinglin,劉杏林,Male,1079,1916,cerd,468815
55125,Li,Qijun,劉奇浚,Male,558,1912,cerd,468816
55127,Liu,Shoupeng,劉壽鵬,Male,5273,1917,cerd,468817
55130,Liu,Qufei,劉去非,Male,24560,1913,cerd,468818
55133,Liu,Pengbo,劉彭渤,Male,6556,NA,cerd,468821
55135,Liu,Shizan,劉始贊,Male,3323,1910,cerd,468822
55137,Liu,Zaihe,劉載和,Male,40446,1911,cerd,468823
55145,Liu,Yueshi,劉越石,Male,6090,1909,cerd,468824
55148,Liu,Rongbo,劉榕柏,Male,1993,1913,cerd,468825
55150,Liu,Jipan,劉基磐,Male,527,1899,cerd,468826
55163,Liu,Jinchen,劉藎臣,Male,39334,NA,cerd,468827
55165,Liu,Qinxian,劉勤憲,Male,449,1914,cerd,468828
55167,Liu,Lizhao,劉藜照,Male,965,NA,cerd,468829
55170,Liu,Mengying,劉夢瑛,Male,7055,1910,cerd,468830
55174,Liu,Mengxi,劉夢錫,Male,19850,1886,cerd,468832
55189,Liu,Mengfu,劉夢符,Male,12542,1904,cerd,468833
55200,Liu,Fangji,劉芳級,Male,41614,1914,cerd,468834
55206,Liu,Wanxi,劉萬熹,Male,20636,1914,cerd,468835
55209,Liu,Maoshu,劉茂淑,Male,1002,1917,cerd,468836
55211,Liu,Maode,劉懋德,Male,10053,NA,cerd,468837
55213,Liu,Maoyi,劉懋頤,Male,2534,NA,cerd,468838
55217,Liu,Huichou,劉蕙疇,Male,2443,1901,cerd,468839
55223,Liu,Muchao,劉慕超,Male,449,1916,cerd,468840
55225,Liu,Xiaoqin,劉孝懃,Male,5073,1903,cerd,393596
55235,Liu,Zhiyi,劉執怡,Male,427,NA,cerd,468841
55237,Liu,Wanzhao,劉萬兆,Male,755,NA,cerd,468843
55239,Liu,Huaguo,劉華國,Male,8366,NA,cerd,468844
55241,Liu,Huatang,劉華堂,Male,13938,1902,cerd,468845
55247,Liu,Yingrui,劉英瑞,Male,4759,1910,cerd,468846
55253,Liu,Fuqi,劉茀祺,Male,3809,1905,cerd,468847
55261,Liu,Ruobi,劉若壁,Male,719,NA,cerd,468848
55263,Liu,Shijie,劉世傑,Male,17067,1892,cerd,468849
55274,Liu,Shiqi,劉世奇,Male,3608,1915,cerd,468850
55276,Liu,Shixun,劉世勛,Male,23758,1890,cerd,468851
55284,Liu,Shirong,劉世榮,Male,2857,1906,cerd,468852
55286,Liu,Yeqiu,劉也秋,Male,877,1902,cerd,468854
55295,Su,Yinhui,蘇芸蕙,Male,24880,1914,cerd,468855
55298,Liu,Qishu,劉其淑,Male,1231,1890,cerd,468856
55311,Liu,Qixiu,劉其修,Male,63,1898,cerd,468857
55314,Liu,Qixiang,劉其湘,Male,66,1892,cerd,468858
55318,Zhao,Jiyuan,趙繼淵,Male,1682,1906,cerd,468859
55320,Zhao,Shoucheng,趙綬成,Male,10730,NA,cerd,468860
55322,Zhao,Yunzhong,趙允中,Male,48658,1915,cerd,468861
55324,Zhao,Zengzhang,趙綜章,Male,13741,1902,cerd,468862
55330,Zhao,Desan,趙德三,Male,4189,1873,cerd,468863
55341,Zhao,Dehua,趙德華,Male,1113,NA,cerd,468865
55344,Zhao,Desheng,趙德陞,Male,16782,1894,cerd,468866
55355,Zhao,Derong,趙德榮,Male,5937,1916,cerd,468867
55357,Zhao,Xuwu,趙續武,Male,1682,1905,cerd,468868
55363,Zhao,Zhongmin,趙仲敏,Male,1210,1907,cerd,468869
55368,Zhao,Weizhi,趙偉志,Male,819,1911,cerd,468870
55370,Zhao,Xiuhu,趙繡虎,Male,3053,NA,cerd,468871
55372,Zhao,Baoshi,趙保奭,Male,55373,NA,cerd,468872
55375,Zhao,Hexuan,趙和璿,Male,10003,1910,cerd,468873
55379,Zhao,Peizhi,趙佩芝,Male,1079,1918,cerd,468874
55383,Zhao,Xiangzhong,趙向中,Male,719,1915,cerd,468876
55385,Zhao,Xiangqian,趙象乾,Male,34797,1912,cerd,468877
55387,Zhao,Xuanzhang,趙絢章,Male,1113,1903,cerd,468878
55399,Zhao,Shuyu,趙叔玉,Male,3265,1910,cerd,468879
55403,Zhao,Shuyi,趙叔翼,Male,877,1914,cerd,468880
55413,Zhao,Yilin,趙以麐,Male,765,1902,cerd,468881
55427,Zhao,Zuozhou,趙作舟,Male,28259,1913,cerd,468882
55429,Zhao,Jiwu,趙濟武,Male,965,1911,cerd,468883
55431,Zhao,Jiqian,趙濟乾,Male,1210,NA,cerd,468884
55433,Zhao,Jikai,趙濟愷,Male,1210,NA,cerd,468885
55435,Zhao,Jiapu,趙家璞,Male,2884,NA,cerd,468887
55438,Zhao,Jiafa,趙家法,Male,3969,1908,cerd,468888
55441,Zhao,Jiayu,趙家遹,Male,55442,1899,cerd,468889
55453,Zhao,Jialiang,趙家梁,Male,2884,1914,cerd,468890
55455,Zhao,Jiadian,趙家橝,Male,2884,1906,cerd,468891
55459,Zhao,Jialan,趙家蘭,Male,28236,1911,cerd,468892
55461,Zhao,Jiakui,趙家騤,Male,27653,1907,cerd,468893
55465,Ma,Fangsheng,馬方晟,Male,12235,1906,cerd,468894
55473,Ma,Yuqi,馬育騏,Male,886,1897,cerd,468895
55482,Ma,Guangfo,馬廣佛,Male,4977,1915,cerd,468896
55484,Ma,Wenrong,馬文榮,Female,719,1913,cerd,468898
55487,Ma,Longzhang,馬龍章,Male,63,1896,cerd,468899
55493,Ma,Longbao,馬龍寶,Male,1556,NA,cerd,468900
55495,Ma,Longxiang,馬龍翔,Male,765,1913,cerd,193908
55502,Ma,Jiuyun,馬就雲,Male,3829,1905,cerd,468901
55509,Ma,Yike,馬毅可,Male,3042,1909,cerd,468902
55511,Ma,Xuanji,馬旋濟,Male,9640,1906,cerd,468903
55519,Ma,Xuanji,馬旋吉,Male,9640,1897,cerd,468904
55528,Ma,Yucai,馬玉才,Male,1002,1912,cerd,468905
55532,Ma,Lingyuan,馬靈源,Male,562,NA,cerd,468906
55535,Ma,Yuanliang,馬元亮,Male,31693,1916,cerd,468907
55537,Ma,Yuanxi,馬元熙,Male,32712,1901,cerd,468909
55542,Ma,Eryuan,馬爾元,Male,3768,NA,cerd,468910
55544,Ma,Xiaohe,馬霄鶴,Male,2625,1908,cerd,468911
55551,Ma,Zhenzhuang,馬震壵,Male,4425,NA,cerd,468912
55553,Ma,Tianyu,馬天育,Male,719,NA,cerd,468913
55556,Ma,Yunpeng,馬雲鵬,Male,427,1906,cerd,468914
55562,Ma,Dengying,馬登瀛,Male,9040,1892,cerd,468915
55564,Ma,Dengzhou,馬登洲,Male,77,1899,cerd,468916
55567,Ma,Ruizhang,馬瑞章,Male,55568,1915,cerd,468917
55570,Ma,Liansheng,馬聯陞,Male,NA,NA,cerd,468918
55572,Ma,Yanti,馬延褆,Male,6090,1913,cerd,468920
55574,Ma,Tingyan,馬廷彥,Male,10553,1912,cerd,468921
55577,Ma,Tingxuan,馬廷璇,Male,719,1914,cerd,468922
55585,Ma,Jianshu,馬建樞,Male,571,1912,cerd,468923
55587,Ma,Chengjiu,馬承九,Male,24230,1916,cerd,468924
55589,Ma,Chengzhou,馬承周,Male,19911,1906,cerd,468925
55591,Ma,Junwu,馬君武,Male,4238,1891,cerd,43588
55595,Ma,Junshou,馬君壽,Male,1409,1915,cerd,468926
55597,Ma,Yizhou,馬翼周,Male,4320,1909,cerd,468927
55607,Ma,Weiji,馬維驥,Male,6904,1911,cerd,468928
55610,Ma,Shunhua,馬順華,Male,4977,1912,cerd,468929
55612,Ma,Shangrong,馬上榮,Male,55613,NA,cerd,468932
55615,Ma,Peiya,馬佩雅,Male,3608,1913,cerd,468933
55617,Ma,Shiliang,馬師亮,Male,39024,NA,cerd,468934
55619,Ma,Shiyi,馬師伊,Male,39024,1906,cerd,468935
55628,Ma,Jingwen,馬經文,Male,13681,NA,cerd,468936
55630,Ma,Chongzhou,馬崇周,Male,1867,1910,cerd,468937
55633,Ma,Junde,馬俊德,Male,25978,1910,cerd,468938
55635,Ma,Daihui,馬代輝,Male,1941,1912,cerd,468939
55637,Ma,Shijie,馬仕傑,Male,55638,1914,cerd,468940
55644,Ma,Shifen,馬仕芬,Male,55638,NA,cerd,468941
55646,Ma,Dejian,馬德建,Male,553,1896,cerd,468943
55664,Ma,Dexiang,馬德祥,Male,1259,1905,cerd,468944
55668,Ma,Decheng,馬德成,Male,1126,NA,cerd,468945
55670,Ma,Deji,馬德驥,Male,553,1892,cerd,397350
55685,Ma,Degang,馬德剛,Male,7494,1889,cerd,468946
55694,Ma,Shenglin,馬生鱗,Male,11031,1911,cerd,468947
55698,Ma,Baokun,馬保坤,Male,6188,1913,cerd,468948
55700,Ma,Xiuwen,馬修文,Male,9346,1908,cerd,468949
55703,Ma,Xianglin,馬向麟,Male,953,1908,cerd,468950
55705,Ma,Yicheng,馬彝澄,Male,1259,1915,cerd,468951
55708,Ma,Mingjun,馬名駿,Male,6341,NA,cerd,468952
55710,Ma,Shaorong,馬紹融,Male,562,1914,cerd,468954
55712,Ma,Shaoqian,馬紹乾,Male,8508,1912,cerd,468955
55714,Ma,Shaoyuan,馬紹援,Male,765,1904,cerd,468956
55721,Ma,Qiuguan,馬秋官,Male,427,1911,cerd,468957
55724,Ma,Yongjia,馬永嘉,Male,1881,1896,cerd,468958
55726,Ma,Shourang,馬守讓,Male,427,NA,cerd,468959
55728,Ma,Shouyu,馬守愚,Male,1299,1910,cerd,468960
55731,Ma,Rongji,馬容驥,Male,8202,1905,cerd,468961
55735,Ma,Baozhen,馬寶珍,Male,14301,NA,cerd,468962
55738,Ma,Baopu,馬寶樸,Male,6188,1912,cerd,468963
55740,Ma,Junzhi,馬濬之,Male,719,1902,cerd,468965
55756,Ma,Rulin,馬汝霖,Male,4977,1910,cerd,468966
55758,Ma,Rubing,馬汝邴,Male,607,1902,cerd,468967
55761,Ma,Rumei,馬汝梅,Male,3662,1907,cerd,468968
55763,Zhao,Jiaju,趙家駒,Male,NA,NA,cerd,468969
55765,Zhao,Zhiying,趙之偀,Male,21325,1913,cerd,468970
55767,Zhao,Zhixiao,趙之孝,Male,1682,1895,cerd,468971
55769,Zhao,Jinquan,趙進權,Male,7055,1913,cerd,468972
55774,Zhao,Zhichen,趙之陳,Male,906,1908,cerd,468973
55778,Zhao,Zhiping,趙之屏,Male,3053,NA,cerd,468974
55780,Zhao,Zhiying,趙之罃,Male,55781,NA,cerd,468976
55783,Zhao,Xianceng,趙憲曾,Male,719,NA,cerd,468977
55786,Zhao,Shouheng,趙守恆,Male,1711,1912,cerd,468978
55789,Zhao,Shouheng,趙守恆,Male,2071,NA,cerd,468979
55791,Zhao,Zhunmin,趙準民,Male,590,1913,cerd,468980
55793,Zhao,Hongyi,趙宏毅,Male,15503,1906,cerd,468981
55798,Zhao,Fuxin,趙富鑫,Male,877,1904,cerd,468982
55802,Lai,Wensheng,賴文生,Male,566,NA,cerd,468983
55804,Lai,Yuntao,賴雲桃,Male,6169,1908,cerd,468984
55807,Lai,Zishu,賴子述,Male,965,1914,cerd,468985
55809,Lai,Fengguang,賴豐光,Male,55810,1903,cerd,468987
55813,Lai,Shiguan,賴士官,Male,7296,1908,cerd,468988
55815,Lai,Qifang,賴其芳,Male,47475,1901,cerd,468989
55824,Lai,Qidou,賴其都,Male,47475,1909,cerd,468990
55828,Lai,Zhenjiang,賴振疆,Male,16722,1900,cerd,468991
55840,Lai,Weijun,賴惟鈞,Male,55841,1913,cerd,468992
55843,Ao,Jinghua,敖景華,Male,3726,NA,cerd,468993
55845,Ao,Mingmo,敖明模,Male,55846,NA,cerd,468994
55848,Sui,Zhaoyun,睢昭芸,Male,33199,1917,cerd,468995
55850,Bao,Shengwu,暴繩武,Male,2422,1906,cerd,468996
55853,Yi,Ding,易鼎,Male,562,1913,cerd,468998
55856,Yi,Xiaogan,易效乾,Male,3495,NA,cerd,468999
55859,Yi,Tianjue,易天爵,Male,590,1898,cerd,469000
55875,Yi,Junyuan,易俊元,Male,590,1903,cerd,469001
55878,Yi,Jiajong,易家炯,Male,590,1906,cerd,469002
55882,Yi,Zongpu,易宗樸,Male,23657,1909,cerd,333399
55890,Zhao,Liangju,趙良駒,Male,1682,1898,cerd,469004
55895,Zhao,Baohong,趙寶鴻,Male,70,1889,cerd,469005
55899,Zhao,Baoquan,趙寶荃,Male,1975,1913,cerd,469006
55901,Zhao,Baozhong,趙寶鍾,Male,10437,1913,cerd,469007
55903,Zhao,Zongtang,趙宗唐,Male,16722,NA,cerd,469009
55905,Zhao,Zongwu,趙宗武,Male,449,1912,cerd,469010
55907,Zhao,Zongding,趙宗鼎,Male,6188,NA,cerd,469011
55910,Zhao,Zongxu,趙宗續,Male,27266,1914,cerd,469012
55912,Zhao,Weihan,趙維漢,Male,46621,1898,cerd,469013
55924,Zhao,Fuling,趙福靈,Male,2780,1905,cerd,469014
55929,Zhao,Fuzeng,趙福增,Male,2884,1903,cerd,469015
55932,Zhao,Naiguang,趙迺廣,Male,1251,1903,cerd,469016
55936,Zhao,Chengbo,趙澄波,Male,74,1903,cerd,469017
55950,Zhao,Zhaoxiang,趙兆祥,Male,4079,1909,cerd,469018
55952,Zhao,Xinzhai,趙心齋,Male,4314,1908,cerd,469020
55954,Zhao,Bolin,趙渤霖,Male,55955,1915,cerd,469021
55957,Zhao,Hanye,趙漢業,Male,2780,1915,cerd,469022
55959,Zhao,Ruzhen,趙汝貞,Female,41562,1915,cerd,469023
55961,Zhao,Ruzhong,趙汝中,Male,55962,1917,cerd,469024
55964,Zhao,Qingquan,趙清泉,Male,9801,1909,cerd,469025
55968,Zhao,Liandeng,趙連登,Male,9578,1895,cerd,469026
55970,Zhao,Lianjia,趙連甲,Male,3940,1905,cerd,469027
55972,Zhao,Zexuan,趙澤宣,Male,55973,NA,cerd,469028
55975,Zhao,Runxing,趙潤型,Male,10437,1911,cerd,469029
55981,Zhao,Hongzuo,趙鴻佐,Male,9523,1909,cerd,469031
55984,Yi,Ruzhang,易汝章,Male,3326,1913,cerd,469032
55986,Yi,Shuben,易淑本,Male,6296,1908,cerd,469033
55996,Yi,Kexun,易克勛,Male,755,1915,cerd,469034
55998,Yi,Raosui,易蕘綏,Male,5273,1912,cerd,469035
56000,Yi,Rongying,易榮膺,Male,55846,1886,cerd,469036
56003,Yi,Rongdu,易榮度,Male,55846,1902,cerd,469037
56006,Yi,Rongxiang,易榮庠,Male,55846,1905,cerd,469038
56010,Hei,Shuming,黑樹銘,Male,427,1888,cerd,338182
56018,Tian,Ke,田科,Male,13605,1915,cerd,469039
56020,Tian,Run,田潤,Male,1682,1898,cerd,469040
56022,Tian,Che,田澈,Male,56023,NA,cerd,469043
56025,Tian,Ligong,田立功,Male,719,NA,cerd,469044
56029,Tian,Guangzhi,田廣治,Male,751,1903,cerd,16935
56042,Tian,Guangzou,田廣奏,Male,9578,1898,cerd,469045
56044,Tian,Wensheng,田文生,Male,590,NA,cerd,469046
56046,Tian,Wenjie,田文傑,Male,15783,NA,cerd,469047
56049,Tian,Xinya,田新亞,Male,24880,1911,cerd,469048
56059,Tian,Xiaoqi,田效啟,Male,6188,1904,cerd,469049
56063,Tian,Sanchun,田三春,Male,511,1905,cerd,469050
56065,Tian,Yaying,田亞英,Male,7055,1903,cerd,469051
56068,Tian,Yuzhen,田玉珍,Male,9381,1903,cerd,469052
56073,Tian,Yuqi,田玉奇,Male,17242,1913,cerd,469054
56079,Tian,Yancheng,田硯丞,Male,15040,1905,cerd,469055
56083,Tian,Mengchun,田孟春,Male,3935,1906,cerd,469056
56089,Tian,Naichang,田乃昌,Male,4449,1911,cerd,469057
56092,Tian,Xiuwen,田秀文,Male,15503,1893,cerd,469058
56094,Tian,Shunde,田順德,Male,553,1916,cerd,469059
56096,Tian,Shangda,田上達,Male,1364,NA,cerd,469060
56098,Tian,Ruzong,田儒宗,Male,10053,NA,cerd,469061
56102,Tian,Zhongde,田種德,Male,2071,1906,cerd,469062
56107,Tian,Yongji,田永吉,Male,22888,1903,cerd,469063
56109,Tian,Yongmao,田永茂,Male,15729,1894,cerd,469065
56111,Tian,Yongnian,田永年,Male,14301,1910,cerd,469066
56113,Tian,Jialai,田家來,Male,76,1910,cerd,469067
56116,Tian,Baolin,田寶林,Male,1042,1909,cerd,469068
56120,Tian,Zhaojing,田兆景,Male,20596,NA,cerd,469069
56122,Tian,Zhaopu,田兆普,Male,819,NA,cerd,469070
56125,Tian,Pulin,田溥霖,Male,1659,1899,cerd,469071
56131,Tian,Shuji,田述基,Male,717,1901,cerd,469072
56134,Tian,Ruxin,田汝新,Male,2797,1904,cerd,469073
56136,Tian,Rufeng,田汝封,Male,2797,NA,cerd,469074
56138,Tian,Youyuan,田祐源,Male,9036,NA,cerd,469076
56140,Tian,Lianzeng,田連增,Male,6904,1905,cerd,469077
56142,Tian,Zelin,田澤霖,Male,9117,1899,cerd,469078
56148,Tian,Yuren,田遇稔,Male,4314,1910,cerd,469079
56150,Tian,Hongbin,田鴻賓,Male,6839,NA,cerd,469080
56154,Tian,Hongchang,田鴻昌,Male,6015,1914,cerd,469081
56158,Tian,Shuyuan,田淑媛,Female,1659,1911,cerd,469082
56161,Tian,Luyuan,田祿源,Male,9036,1894,cerd,469083
56170,Tian,Yude,田裕德,Male,2071,1905,cerd,469084
56175,Tian,Peiyuan,田培元,Male,4371,1908,cerd,333147
56181,Tian,Peiye,田培業,Male,4371,1900,cerd,469085
56192,Tian,Zhixue,田志學,Male,29485,1910,cerd,469087
56195,Tian,Ruonan,田若南,Male,4435,1911,cerd,469088
56198,Tian,Shuxun,田樹勳,Male,8202,1914,cerd,469089
56200,Tian,Shuxi,田樹熙,Male,2071,1898,cerd,469090
56202,Tian,Chaozhi,田朝職,Male,3784,1904,cerd,469091
56204,Tian,Chaokui,田朝魁,Male,3784,1906,cerd,469092
56206,Tian,Chaojun,田朝畯,Male,29391,1913,cerd,469093
56209,Tian,Zhenzong,田振宗,Male,719,1906,cerd,469094
56217,Tian,Chengjiao,田成交,Male,427,1903,cerd,469095
56221,Tian,Guodong,田國棟,Male,1659,NA,cerd,469096
56225,Tian,Mingpeng,田鳴鵬,Male,11413,1914,cerd,469098
56233,Tian,Zhangmo,田長模,Male,1036,1916,cerd,469099
56235,Tian,Dianyuan,田殿元,Male,63,1897,cerd,469100
56238,Tian,Geming,田閣銘,Male,1659,NA,cerd,469101
56241,Tian,Yishou,田益壽,Male,NA,NA,cerd,469102
56243,Tian,Jinxiang,田金相,Male,1659,1901,cerd,469103
56246,Tian,Pulin,田普霖,Male,9578,1894,cerd,469104
56248,Tian,Zhongyu,田鍾毓,Male,6256,1893,cerd,469105
56250,Yan,Ming,晏明,Male,1636,1906,cerd,469106
56252,Yan,Yide,晏以德,Male,601,1914,cerd,469107
56254,Yan,Caiqiu,晏才遒,Male,2429,1906,cerd,469109
56259,Yan,Caiji,晏才基,Male,2429,1910,cerd,469110
56262,Yan,Caiying,晏才英,Male,NA,NA,cerd,469111
56264,Bi,Jin,畢謹,Male,41321,1907,cerd,469112
56269,Bi,Shuqi,畢庶琦,Male,2331,1913,cerd,469113
56271,Bi,Wenzi,畢文滋,Male,21553,1913,cerd,469114
56273,Bi,Wenhan,畢文瀚,Male,965,1895,cerd,469115
56280,Bi,Tiande,畢天德,Male,12235,1909,cerd,469116
56285,Bi,Shuying,畢淑英,Female,3726,1915,cerd,469117
56287,Bi,Bende,畢本德,Male,2728,1914,cerd,469118
56291,Ma,Liansheng,馬連陞,Male,4225,1894,cerd,469120
56292,Bi,Fuchen,畢輔辰,Male,1573,1900,cerd,469121
56295,Ma,Zechun,馬澤春,Male,819,1913,cerd,469122
56297,Bi,Jinming,畢金銘,Male,5020,1913,cerd,469123
56298,Ma,Yuhui,馬遇蕙,Male,21322,1914,cerd,469124
56301,Ma,Sujiang,馬溯江,Male,27356,1905,cerd,469125
56304,Bi,Haokui,畢鎬奎,Male,1161,1914,cerd,469126
56310,Bi,Rongguang,畢榮光,Male,909,NA,cerd,469127
56316,Lu,Qi,呂齊,Male,1259,NA,cerd,469128
56319,Ma,Hongrui,馬鴻瑞,Male,4371,1906,cerd,469129
56327,Lu,Ren,呂壬,Male,965,1913,cerd,469131
56329,Lu,Yanjun,呂彥俊,Male,427,1912,cerd,469132
56333,Lu,Yingbin,呂應賓,Male,3033,1910,cerd,469133
56337,Ma,Hongquan,馬鴻權,Male,39024,1903,cerd,469134
56340,Lu,Yingzhong,呂應鍾,Male,1664,1911,cerd,469135
56348,Lu,Qingfeng,呂慶豐,Male,8508,1906,cerd,469136
56349,Ma,Shuxian,馬淑閑,Female,1042,1913,cerd,469137
56352,Lu,Qingru,呂慶如,Male,10603,1915,cerd,469138
56356,Ma,Fengliang,馬逢良,Male,13559,1903,cerd,469139
56357,Lu,Qingchun,呂慶春,Male,8508,NA,cerd,469140
56361,Lu,Qingquan,呂慶銓,Male,NA,NA,cerd,469142
56364,Lu,Wenbin,呂文斌,Male,36555,NA,cerd,469143
56367,Lu,Wenrui,呂文瑞,Male,1079,1894,cerd,469144
56372,Ma,Ziyuan,馬資元,Male,16722,1914,cerd,469145
56377,Ma,Haiyun,馬海雲,Male,4195,1907,cerd,469146
56381,Ma,Daoyuan,馬道遠,Male,749,1910,cerd,469147
56389,Ma,Daoqi,馬道啟,Male,3672,1906,cerd,469148
56392,Ma,Daozhi,馬道直,Male,14276,1894,cerd,469149
56397,Ma,Shiliang,馬士良,Male,12361,NA,cerd,469150
56399,Ma,Peiying,馬培英,Male,1002,1910,cerd,469151
56402,Ma,Peimo,馬培模,Male,7306,1911,cerd,469154
56404,Ma,Keyi,馬克毅,Male,558,1905,cerd,469155
56409,Ma,Xizhou,馬希周,Male,76,1901,cerd,469156
56412,Ma,Cunzhen,馬存珍,Male,1975,1909,cerd,469157
56415,Ma,Zhiyuan,馬志遠,Male,711,1893,cerd,469158
56422,Ma,Zhiju,馬志駒,Male,1779,NA,cerd,469159
56424,Ma,Fenfei,馬奮飛,Male,NA,NA,cerd,469160
56426,Ma,Xiongguan,馬雄冠,Male,965,1905,cerd,469161
56432,Ma,Zinan,馬梓南,Male,1630,1906,cerd,469162
56437,Liu,Mingzhang,劉蓂章,Male,56438,1904,cerd,469163
56451,Liu,Shuxun,劉樹勳,Male,4314,1903,cerd,192304
56462,Liu,Shuyong,劉樹墉,Male,4977,1896,cerd,469165
56473,Liu,Shufan,劉樹藩,Male,4314,1908,cerd,469166
56475,Liu,Shuhua,劉樹華,Male,3265,1909,cerd,469167
56478,Liu,Shutong,劉樹桐,Male,427,NA,cerd,469168
56483,Liu,Shu'en,劉樹恩,Male,1993,1915,cerd,469169
56485,Liu,Shusheng,劉樹昇,Male,1659,NA,cerd,469170
56488,Liu,Shuren,劉樹人,Male,20748,1916,cerd,469171
56490,Liu,Shujun,劉樹鈞,Male,13462,1905,cerd,469172
56498,Liu,Shufan,劉樹範,Male,866,NA,cerd,469173
56501,Zhao,Honglun,趙鴻綸,Male,4619,1908,cerd,469174
56505,Zhao,Hongmao,趙鴻懋,Male,9523,1912,cerd,469176
56507,Zhao,Zukang,趙祖康,Male,1409,1901,cerd,192598
56519,Zhao,Zutang,趙祖唐,Male,1409,1910,cerd,469177
56521,Zhao,Zugeng,趙祖賡,Male,1409,1914,cerd,469178
56524,Zhao,Yunxue,趙運學,Male,8188,NA,cerd,469179
56526,Zhao,Haiqing,趙海清,Male,4042,1907,cerd,469180
56529,Zhao,Xiangsheng,趙祥生,Male,7398,1912,cerd,469181
56531,Zhao,Yujun,趙裕珺,Male,7777,1910,cerd,469182
56533,Zhao,Shi'e,趙士諤,Male,3829,1910,cerd,469183
56535,Zhao,Shiying,趙士瀛,Male,NA,NA,cerd,469184
56537,Zhao,Shikun,趙士焜,Male,1817,1914,cerd,469185
56539,Zhao,Peiji,趙培基,Male,2732,1897,cerd,469187
56549,Zhao,Peizhen,趙培榛,Male,77,1905,cerd,469188
56552,Zhao,Peirong,趙培榮,Male,2797,1903,cerd,469189
56554,Zhao,Keyi,趙克嶷,Male,1556,NA,cerd,469190
56556,Zhao,Keming,趙克明,Male,25978,1912,cerd,469191
56558,Zhao,Zaitian,趙在田,Male,15403,1900,cerd,469192
56567,Zhao,Xixian,趙希獻,Male,1251,1904,cerd,469193
56571,Zhao,Xiyao,趙希堯,Male,24071,NA,cerd,469194
56574,Zhao,Xigang,趙希剛,Male,1356,1903,cerd,469195
56576,Zhao,Zhiyou,趙志游,Male,1161,1896,cerd,469196
56586,Zhao,Zhiying,趙志英,Male,4272,1914,cerd,469198
56593,Zhao,Zhixian,趙志賢,Male,3672,1895,cerd,469199
56595,Zhao,Youmin,趙友民,Male,590,1903,cerd,469200
56602,Ma,Shiru,馬式如,Male,558,1901,cerd,469201
56604,Ma,Yueyin,馬樾蔭,Male,17242,1917,cerd,469202
56606,Ma,Jide,馬基德,Male,4977,1906,cerd,469203
56616,Ma,Ditai,馬地泰,Male,1161,NA,cerd,469204
56619,Ma,Fangcui,馬芳粹,Male,NA,NA,cerd,469205
56621,Ma,Muqi,馬慕起,Male,15783,NA,cerd,469206
56624,Ma,Xiaosi,馬孝駟,Male,1161,1915,cerd,469207
56626,Ma,Zhizhong,馬執中,Male,1259,NA,cerd,469209
56628,Ma,Wantian,馬萬田,Male,4449,1909,cerd,469210
56631,Ma,Wanhua,馬萬驊,Male,775,1915,cerd,469211
56633,Ma,Shiying,馬世英,Male,562,1918,cerd,469212
56635,Ma,Shizhong,馬世忠,Male,32405,1896,cerd,469213
56637,Ma,Shusheng,馬樹聲,Male,6341,NA,cerd,469214
56641,Ma,Shucheng,馬樹成,Male,24773,1905,cerd,469215
56655,Ma,Guifu,馬桂馥,Female,719,1915,cerd,469216
56659,Ma,Cailiang,馬材良,Male,782,NA,cerd,469217
56661,Ma,Rukun,馬如鵾,Male,11945,1916,cerd,469218
56663,Ma,Henian,馬鶴年,Male,13681,1902,cerd,469220
56665,Ma,Qilin,馬起麐,Male,9523,NA,cerd,469221
56667,Ma,Zengxin,馬增新,Male,10437,1911,cerd,469222
56671,Ma,Zengqi,馬增祺,Male,10437,NA,cerd,469223
56673,Ma,Jingying,馬敬瑛,Male,56674,1914,cerd,469224
56676,Ma,Songnian,馬松年,Male,13681,1903,cerd,469225
56686,Ma,Zhongji,馬忠基,Male,3730,1912,cerd,469226
56688,Ma,Shurun,馬書潤,Male,56689,1911,cerd,469227
56692,Ma,Dongmin,馬東民,Male,1559,1914,cerd,469228
56695,Ma,Zhenfan,馬振藩,Male,1604,1895,cerd,469229
56697,Ma,Shengmo,馬盛模,Male,553,1916,cerd,469231
56700,Zhao,Jiazhen,趙嘉珍,Male,1682,1898,cerd,469232
56704,Zhao,Shoukang,趙壽康,Male,427,1900,cerd,469233
56710,Zhao,Shouyan,趙壽延,Male,427,1909,cerd,469234
56724,Zhao,Shouyi,趙壽彝,Male,427,1900,cerd,469235
56728,Zhao,Shouling,趙壽齡,Male,427,NA,cerd,469236
56731,Zhao,Shouqi,趙壽祺,Male,5282,1913,cerd,469237
56733,Zhao,Xuantang,趙萱堂,Male,1682,1908,cerd,469238
56738,Zhao,Qinqi,趙勤畦,Male,6188,1909,cerd,469239
56742,Zhao,Mengyu,趙夢瑜,Male,3226,1902,cerd,469240
56744,Zhao,Yinzu,趙蔭祖,Male,35912,1914,cerd,469242
56747,Zhao,Xiyi,趙葸詒,Male,1364,1902,cerd,469243
56753,Zhao,Shi'an,趙世安,Male,2780,1918,cerd,469244
56755,Zhao,Shixian,趙世暹,Male,9818,1902,cerd,469245
56764,Zhao,Shizhong,趙世忠,Male,NA,NA,cerd,469246
56766,Zhao,Shijiong,趙世炯,Male,39220,1894,cerd,469247
56770,Zhao,Guitang,趙桂堂,Male,10958,1910,cerd,469248
56774,Zhao,Ruxin,趙如心,Male,1682,1898,cerd,469249
56776,Lu,Yinxie,呂音諧,Male,903,1912,cerd,469250
56780,Lu,Mocheng,呂謨承,Male,1259,1897,cerd,469251
56788,Lu,Diaoji,呂調紀,Male,9036,NA,cerd,469253
56791,Lu,Diaowang,呂調網,Male,9036,NA,cerd,469254
56793,Lu,Zhengyi,呂正誼,Male,4449,1906,cerd,469255
56796,Lu,Yuanzuo,呂元佐,Male,7006,1913,cerd,469256
56798,Lu,Yuanchun,呂元春,Male,20354,1888,cerd,469257
56801,Lu,Kezhen,呂可珍,Male,2780,1912,cerd,469258
56803,Lu,Yunsun,呂雲蓀,Male,3706,NA,cerd,469259
56807,Lu,Tingxiang,呂廷相,Male,56808,NA,cerd,469260
56812,Lu,Jifang,呂季方,Male,10082,1899,cerd,469261
56815,Lu,Bingyi,呂秉義,Male,4195,1913,cerd,469262
56817,Lu,Weihong,呂維宏,Male,4759,1906,cerd,469265
56820,Lu,Zuozhou,呂佐周,Male,2797,1901,cerd,469266
56825,Lu,Jiaxian,呂佳賢,Male,NA,NA,cerd,469267
56827,Lu,Dekuan,呂德寬,Male,1618,1914,cerd,469268
56829,Lu,Youheng,呂佑恆,Male,4816,1912,cerd,469269
56832,Lu,Baowei,呂保維,Male,965,1917,cerd,469270
56834,Lu,Baosheng,呂保生,Male,7055,1918,cerd,469271
56836,Lu,Baoru,呂保如,Male,965,NA,cerd,469272
56838,Lu,Kongming,呂空鳴,Male,25119,1912,cerd,469273
56841,Lu,Yongsheng,呂永聲,Male,1036,NA,cerd,469274
56843,Lu,Yuanqi,呂沅棨,Male,NA,NA,cerd,469276
56845,Lu,Zhenxiang,呂禎祥,Male,7006,NA,cerd,469277
56847,Lu,Yuanyi,呂遠毅,Male,6090,1900,cerd,469278
56854,Lu,Qingjun,呂清濬,Male,755,NA,cerd,469279
56856,Lu,Lianyin,呂連印,Male,9578,NA,cerd,469280
56858,Lu,Zuyao,呂祖曜,Male,17517,1889,cerd,469281
56871,Lu,Hanxuan,呂瀚璿,Male,5244,1909,cerd,469282
56875,Lu,Daohua,呂道華,Male,807,1916,cerd,469283
56877,Lu,Shiying,呂士英,Male,9552,NA,cerd,469284
56880,Lu,Shichun,呂式椿,Male,6678,NA,cerd,469285
56884,Lu,Jiyu,呂基裕,Male,14753,1911,cerd,469287
56887,Lu,Maotang,呂茂棠,Male,2780,1917,cerd,469288
56889,Lu,Qinceng,呂懃曾,Male,14624,NA,cerd,469289
56892,Lu,Qibin,呂其彬,Male,3471,1916,cerd,469290
56894,Lu,Guitong,呂桂彤,Male,10082,1916,cerd,469291
56896,Lu,Jingde,呂敬德,Male,24430,NA,cerd,469292
56898,Lu,Jingshi,呂敬事,Male,3608,1908,cerd,469293
56900,Lu,Chunhui,呂春暉,Male,1881,1915,cerd,469294
56902,Lu,Zhongquan,呂忠銓,Male,7398,NA,cerd,469295
56904,Lu,Zhenting,呂振廷,Male,3706,NA,cerd,469296
56908,Lu,Zhenhuan,呂振寰,Male,2780,NA,cerd,469298
56910,Lu,Zhenduo,呂振鐸,Male,1042,1914,cerd,469299
56912,Lu,Chengde,呂成德,Male,32405,1909,cerd,469300
56915,Lu,Chiping,呂持平,Male,1126,1907,cerd,469301
56928,Lu,Juyuan,呂巨源,Male,15590,1912,cerd,469302
56931,Lu,Fengzhang,呂鳳章,Male,14247,1915,cerd,54457
56933,Lu,Fengting,呂鳳廷,Male,NA,1913,cerd,469303
56935,Lu,Fengting,呂鳳蟾,Male,1711,1898,cerd,469304
56943,Lu,Xuewen,呂學文,Male,7777,1905,cerd,469305
56945,Lu,Xingtang,呂興棠,Male,62,1892,cerd,402859
56948,Lu,Jinzao,呂金藻,Male,427,NA,cerd,351466
56953,Lu,Yuying,呂毓英,Male,9578,1904,cerd,469306
56955,Lu,Zhongzhen,呂鍾真,Male,12542,1915,cerd,469307
56957,Lu,Xigui,呂錫圭,Male,1259,1910,cerd,469309
56961,Lu,Qinxian,呂欽賢,Male,6701,1908,cerd,469310
56973,Lu,Zhusheng,呂筑生,Male,NA,NA,cerd,469311
56975,Lu,Jianqiu,呂鑑秋,Male,10928,1906,cerd,469312
56977,Lu,Shaoyan,呂少碞,Male,15177,1888,cerd,469313
56979,Lu,Binghao,呂炳灝,Male,2780,1893,cerd,469314
56983,Lu,Shendu,呂慎度,Male,1356,1912,cerd,469315
56996,Lu,Shenlun,呂慎綸,Male,1356,1910,cerd,469316
56999,Lu,Shengong,呂慎恭,Male,1356,1906,cerd,469317
57002,Lu,Huanxiang,呂煥祥,Male,544,1900,cerd,469318
57008,Lu,Huankun,呂煥坤,Male,12361,1904,cerd,469320
57010,Lu,Huanyi,呂煥義,Male,5463,1899,cerd,332967
57024,Bei,Qian,貝謙,Male,1079,1899,cerd,469321
57034,Bei,Jiyao,貝季瑤,Male,1079,1914,cerd,469322
57042,Bei,Shoutong,貝壽同,Male,1079,1880,cerd,469323
57044,Yuan,Fuhai,員福海,Male,16085,NA,cerd,469324
57046,Yuan,Yuxian,員煜先,Male,2310,1898,cerd,469325
57049,Mai,Shutong,買樹桐,Male,4802,1912,cerd,469326
57054,Guo,Changhua,果昌華,Male,8068,1911,cerd,469327
57056,Jing,Xuan,景宣,Male,1748,NA,cerd,469328
57058,Jiang,Qianyi,景謙益,Male,4371,1907,cerd,469329
57060,Jing,Lingshan,景靈善,Male,4371,1913,cerd,469331
57062,Jing,Peirui,景培瑞,Male,10761,NA,cerd,469332
57065,Luo,Yun,羅雲,Male,43475,1897,cerd,469333
57071,Lo,Wu,羅武,Male,1036,1890,cerd,384331
57082,Liu,Shutang,劉樹棠,Male,427,NA,cerd,469334
57086,Liu,Guoxiong,劉幗雄,Female,1993,1916,cerd,469335
57088,Liu,Xiangyao,劉相堯,Male,8163,1916,cerd,469336
57093,Liu,Junping,劉均平,Male,12436,1900,cerd,469337
57101,Liu,Shengru,劉聲儒,Male,2429,NA,cerd,469338
57103,Liu,Junheng,劉均衡,Male,3323,1895,cerd,392741
57114,Liu,Haoqiang,劉好強,Male,3662,NA,cerd,469339
57117,Liu,Juke,劉鞠可,Male,4977,1891,cerd,469340
57129,Liu,Juru,劉鞠如,Male,6556,NA,cerd,469342
57131,Liu,Tongyun,劉桐韻,Male,20748,1915,cerd,469343
57133,Liu,Zengqi,劉增琪,Male,511,1908,cerd,469344
57136,Liu,Zengqi,劉增琪,Male,16661,1896,cerd,469345
57142,Liu,Zengxun,劉增勛,Male,511,1912,cerd,469346
57145,Liu,Qiancai,劉乾才,Male,3366,NA,cerd,469347
57148,Liu,Jingyi,劉敬宜,Male,717,1898,cerd,194298
57158,Liu,Jingzong,劉敬宗,Male,4394,1897,cerd,469348
57160,Liu,Songchou,劉松儔,Male,965,NA,cerd,469349
57163,Liu,Shizan,劉史瓚,Male,1161,1910,cerd,469350
57165,Liu,Taixiang,劉泰庠,Male,877,1912,cerd,469351
57167,Liu,Taichen,劉泰琛,Male,1270,1899,cerd,469353
57175,Liu,Benli,劉本立,Male,6041,NA,cerd,469354
57178,Zhao,Bocheng,趙柏成,Male,1618,1906,cerd,469355
57185,Zhao,Hesheng,趙鶴聲,Male,1079,1901,cerd,469356
57192,Zhao,Songjun,趙松君,Male,7960,NA,cerd,469357
57194,Zhao,Songsen,趙松森,Male,40967,1886,cerd,389779
57220,Liu,Benmin,劉本民,Male,3608,1916,cerd,469358
57222,Liu,Huilin,劉惠霖,Male,965,NA,cerd,469359
57224,Liu,Zhongming,劉忠名,Male,13846,1914,cerd,469360
57225,Zhao,Zhongxuan,趙中選,Male,4449,1910,cerd,469361
57227,Liu,Shuxiang,劉書香,Male,37566,1909,cerd,469362
57232,Liu,Shusheng,劉書聲,Male,7306,1909,cerd,469364
57235,Liu,Chunyi,劉春一,Male,54085,1913,cerd,469365
57236,Zhao,Zhonghai,趙中海,Male,819,1910,cerd,469366
57241,Liu,Chuntao,劉春濤,Male,26243,1916,cerd,469367
57244,Zhao,Benwu,趙本務,Male,31731,1897,cerd,469368
57260,Zhao,Benyin,趙本寅,Male,1903,1915,cerd,469369
57267,Liu,Chunfang,劉春芳,Male,1042,NA,cerd,469370
57268,Zhao,Benxiang,趙本驤,Male,1903,1895,cerd,469371
57270,Liu,Chunrong,劉春榮,Male,8508,1911,cerd,469372
57274,Liu,Donglai,劉東騋,Male,1817,1900,cerd,469373
57275,Zhao,Zhongmo,趙忠謨,Male,2071,1907,cerd,469376
57282,Zhao,Zhongxing,趙忠興,Male,NA,NA,cerd,469377
57289,Zhao,Shulin,趙書麟,Male,3784,1917,cerd,469378
57295,Zhao,Chunlin,趙春霖,Male,819,1915,cerd,469379
57299,Zhao,Chunguan,趙春官,Male,2390,1910,cerd,469380
57302,Zhao,Chunjiang,趙春江,Male,24071,1894,cerd,469381
57307,Zhao,Shuyang,趙書揚,Male,4627,1909,cerd,469382
57317,Liu,Zhenzu,劉振族,Male,819,1912,cerd,469383
57319,Liu,Zhenke,劉振科,Male,719,1906,cerd,469384
57327,Liu,Zhenhan,劉振漢,Male,3750,1909,cerd,469385
57329,Liu,Zhenqing,劉振清,Male,1100,1895,cerd,469387
57337,Liu,Zhenhua,劉振華,Male,2596,1910,cerd,469388
57340,Liu,Zhenzhong,劉振中,Male,2183,1914,cerd,469389
57342,Liu,Zhenya,劉振雅,Male,402,1905,cerd,469390
57347,Liu,Zhenxiang,劉振翔,Male,33811,1905,cerd,469391
57351,Liu,Xuanwu,劉軒吾,Male,342,1885,cerd,469392
57357,Liu,Wuxun,劉武勳,Male,1335,1914,cerd,469393
57361,Liu,Chengjiu,劉成九,Male,3966,1917,cerd,469394
57363,Liu,Chengji,劉成基,Male,74,1909,cerd,469395
57365,Liu,Chengxian,劉成顯,Male,6678,1913,cerd,469396
57370,Liu,Shengqu,劉盛渠,Male,2477,1915,cerd,469398
57375,Liu,Shengjin,劉盛金,Male,1903,1915,cerd,469399
57377,Liu,Shengquan,劉盛全,Male,1903,1903,cerd,469400
57382,Liu,Yangkai,劉揚凱,Male,15503,1900,cerd,469401
57384,Liu,Changchun,劉暢春,Male,1659,1891,cerd,469402
57389,Liu,Zhuokui,劉擢魁,Male,24448,1898,cerd,469403
57392,Liu,Bangqing,劉邦慶,Male,4375,1911,cerd,469404
57394,Liu,Bangwen,劉邦聞,Male,NA,NA,cerd,469405
57396,Liu,Bangxian,劉邦賢,Male,26644,1893,cerd,469406
57398,Liu,Chengxiang,劉呈祥,Male,5992,1913,cerd,469407
57402,Liu,Guozhen,劉國珍,Male,3608,1876,cerd,354117
57411,Liu,Guojun,劉國俊,Male,562,1906,cerd,469409
57413,Liu,Guoxiang,劉國祥,Male,717,1912,cerd,469410
57415,Liu,Guodong,劉國棟,Male,427,1914,cerd,469411
57417,Liu,Guozhong,劉國忠,Male,57418,1912,cerd,469412
57421,Liu,Guofu,劉國輔,Male,20513,1913,cerd,469413
57423,Liu,Guo'en,劉國恩,Male,4314,1909,cerd,469414
57425,Liu,Guojun,劉國鈞,Male,11962,1907,cerd,469415
57428,Liu,Guojian,劉國鑑,Male,20513,1913,cerd,469416
57431,Liu,Sigong,劉思恭,Male,2071,NA,cerd,469417
57433,Liu,Sijing,劉思敬,Male,15503,1900,cerd,469418
57442,Liu,Enlong,劉恩隆,Male,3726,NA,cerd,469420
57444,Liu,Enming,劉恩銘,Male,57445,1907,cerd,469421
57448,Liu,Enrong,劉恩榮,Male,427,1913,cerd,469422
57450,Liu,Mansi,劉曼斯,Male,16226,1908,cerd,469423
57453,Liu,Changling,劉昌齡,Male,1189,1904,cerd,469424
57456,Liu,Changjing,劉昌景,Male,16164,1897,cerd,469425
57462,Liu,Jingkun,劉景崑,Male,17044,1896,cerd,469426
57472,Zhao,Shudan,趙書丹,Male,4627,1900,cerd,469427
57474,Zhao,Zhenbin,趙振斌,Male,3726,1903,cerd,469428
57480,Zhao,Zhenyuan,趙振元,Male,719,NA,cerd,469429
57483,Zhao,Zhenxun,趙振勛,Male,410,1914,cerd,469431
57485,Zhao,Zheru,趙哲如,Male,4977,1909,cerd,469432
57490,Zhao,Pucheng,趙扑澄,Male,NA,NA,cerd,469433
57492,Zhao,Chengji,趙成勣,Male,719,NA,cerd,469434
57496,Zhao,Chengtang,趙成堂,Male,2732,1903,cerd,469435
57502,Zhao,Bangda,趙邦達,Male,38663,1913,cerd,469436
57504,Zhao,Lungan,趙掄幹,Male,1682,1898,cerd,469437
57508,Zhao,Xingyi,趙星藝,Male,965,1916,cerd,469438
57510,Zhao,Guoqi,趙國琪,Male,31483,1911,cerd,469439
57512,Zhao,Guobin,趙國賓,Male,31483,NA,cerd,469440
57514,Zhao,Guoliang,趙國樑,Male,2732,1902,cerd,469442
57519,Zhao,Guodong,趙國棟,Male,2690,NA,cerd,469443
57522,Zhao,Guodong,趙國棟,Male,1356,1910,cerd,469444
57528,Zhao,Guojun,趙國鈞,Male,1076,1902,cerd,469445
57533,Zhao,Youwen,趙囿文,Male,76,1912,cerd,469446
57537,Zhao,Enfu,趙恩富,Male,16959,NA,cerd,469447
57539,Zhao,Enlang,趙恩廊,Male,26378,1898,cerd,469448
57552,Zhao,Jiarong,趙甲榮,Male,3226,1892,cerd,469449
57560,Zhao,Changxuan,趙昌選,Male,1036,1895,cerd,469450
57567,Zhao,Jingyun,趙景澐,Male,782,NA,cerd,469451
57569,Zhao,Jing'en,趙景恩,Male,553,1913,cerd,469453
57573,Zhao,Zeyou,趙則優,Male,4407,1913,cerd,469454
57576,Zhao,Yijing,趙貽鏡,Male,877,1902,cerd,469455
57580,Zhao,Shimin,趙時敏,Male,19837,1895,cerd,469456
57584,Zhao,Xiaoshan,趙嘯山,Male,909,1910,cerd,469457
57586,Zhao,Mingzhang,趙明章,Male,22438,1895,cerd,469458
57588,Zhao,Mingyao,趙鳴瑤,Male,16065,1903,cerd,469459
57590,Zhao,Mingtang,趙明堂,Male,5830,1910,cerd,469460
57594,Zhao,Xuyong,趙煦雍,Male,4594,1909,cerd,193979
57606,Zhao,Linzhong,趙臨忠,Male,24183,1899,cerd,469461
57608,Zhao,Houda,趙厚達,Male,2857,NA,cerd,469462
57610,Zhao,Zhangyou,趙長有,Male,1993,1912,cerd,469464
57613,Ma,Yiqun,馬軼羣,Male,965,1902,cerd,469465
57620,Ma,Yiqun,馬軼羣,Male,2146,NA,cerd,469466
57622,Ma,Dianwu,馬典午,Male,3042,1906,cerd,469467
57627,Ma,Changming,馬暢蓂,Male,3608,1915,cerd,469468
57629,Ma,Guozhen,馬國楨,Male,1559,1912,cerd,469469
57631,Ma,Weizhong,馬味仲,Male,62,1900,cerd,469470
57634,Ma,Mingde,馬明德,Male,10893,1915,cerd,193115
57637,Ma,Mingqing,馬明卿,Male,10893,NA,cerd,469471
57639,Ma,Sijuan,馬嗣涓,Male,3924,1919,cerd,469472
57641,Ma,Jianxin,馬見新,Male,1493,NA,cerd,469473
57643,Ma,Fengge,馬鳳閣,Male,25625,NA,cerd,469475
57645,Ma,Dianzou,馬殿騶,Male,3608,NA,cerd,469476
57647,Ma,Xinian,馬熙年,Male,13681,1910,cerd,469477
57651,Ma,Kaiyan,馬開衍,Male,1259,1899,cerd,397669
57660,Ma,Xingzhong,馬興忠,Male,4627,1909,cerd,469478
57664,Ma,Jinliang,馬金亮,Male,673,NA,cerd,469479
57666,Ma,Jinhong,馬金鴻,Male,10003,NA,cerd,469480
57668,Ma,Yushan,馬毓山,Male,3645,1909,cerd,469481
57671,Ma,Yuzao,馬毓藻,Male,2884,NA,cerd,469482
57674,Ma,Yirong,馬義榮,Male,14494,1915,cerd,469483
57676,Ma,Huiyao,馬會堯,Male,2183,1915,cerd,469484
57679,Ma,Xiquan,馬錫荃,Female,11945,1913,cerd,469488
57681,Ma,Junhong,馬鈞鴻,Male,3730,1911,cerd,469489
57684,Ma,Zhuzhen,馬竹楨,Male,449,1912,cerd,469490
57686,Ma,Zhugen,馬竹根,Male,449,1917,cerd,469491
57688,Ma,Huaicheng,馬懷澄,Male,1975,1911,cerd,469492
57690,Ma,Huaigong,馬懷恭,Male,1975,1909,cerd,469493
57695,Ma,Guangyuan,馬光援,Male,66,1888,cerd,397237
57699,Ma,Shenyuan,馬燊元,Male,74,1914,cerd,469494
57702,Ma,Hengrong,馬恆曧,Male,1975,NA,cerd,469495
57716,Ma,Bingzhang,馬炳章,Male,1002,1910,cerd,469496
57719,Ma,Bingjie,馬炳傑,Male,5733,1915,cerd,469497
57721,Ma,Yingquan,馬煐銓,Male,20210,NA,cerd,469499
57725,Ma,Tiqian,馬惕乾,Male,8508,1917,cerd,469500
57727,Ma,Yaoguang,馬耀光,Male,20210,1902,cerd,469501
57742,Ma,Rongqiu,馬榮球,Male,4977,1912,cerd,469502
57744,Ma,Rongbiao,馬榮標,Male,41562,1912,cerd,469503
57751,Kuang,Liezhang,匡烈章,Male,547,NA,cerd,469504
57753,Kuang,Yinggeng,匡迎庚,Male,2985,1910,cerd,469505
57755,Ou,Ziqian,區子謙,Male,2780,1906,cerd,469506
57757,Ou,Jigao,區積高,Male,7006,1916,cerd,469507
57759,Ou,Liteng,區鯉騰,Male,4186,1912,cerd,469508
57762,Ou,Dingzhi,區定芝,Male,2780,NA,cerd,469510
57764,Ou,Jiawei,區嘉煒,Male,3042,1902,cerd,469511
57774,Ou,Yinchang,區蔭昌,Male,NA,NA,cerd,469512
57776,Ou,Qiwei,區其偉,Male,2780,1891,cerd,469513
57792,Ou,Chaoren,區超仁,Male,3042,1915,cerd,469514
57794,Ou,Guozhu,區國著,Male,NA,NA,cerd,469515
57796,Ou,Pinyi,區品儀,Male,5733,1914,cerd,469516
57798,Ou,Guangquan,區光泉,Male,3608,1913,cerd,469517
57800,Ou,Chilin,區熾林,Male,3042,1915,cerd,469518
57802,Liu,Jing,劉靖,Male,57803,1904,cerd,469519
57805,Liu,Yi,劉一,Male,7085,1901,cerd,469521
57808,Luo,Jie,羅傑,Male,459,1911,cerd,469522
57810,Luo,He,羅河,Male,24773,1907,cerd,194367
57813,Luo,Ying,羅英,Male,15429,1890,cerd,469523
57821,Luo,Mian,羅冕,Male,31450,1894,cerd,469524
57832,Luo,Bi,羅璧,Male,590,1914,cerd,469525
57834,Luo,Xun,羅馴,Male,17044,1909,cerd,469526
57839,Luo,Jin,羅錦,Male,459,1898,cerd,384462
57849,Luo,Tian,羅恬,Male,459,1907,cerd,469527
57855,Luo,Jingzhong,羅竟忠,Male,16207,1905,cerd,332986
57862,Luo,Gaohua,羅高華,Male,459,1914,cerd,469528
57864,Luo,Qingfan,羅慶蕃,Male,6617,1898,cerd,311082
57874,Luo,Qinglin,羅慶林,Male,57875,NA,cerd,469529
57877,Luou,Qingguang,羅慶光,Male,8954,NA,cerd,469530
57879,Luo,Guangyuan,羅廣垣,Male,449,1899,cerd,469532
57891,Luo,Yuying,羅玉瑛,Male,8775,1914,cerd,469533
57894,Luo,Peilin,羅霈霖,Male,427,1914,cerd,8115
57897,Luo,Yuanqian,羅元謙,Male,18988,1911,cerd,469534
57901,Luo,Zhenhuan,羅震寰,Male,522,1910,cerd,469535
57904,Luo,Shilin,羅石麟,Male,74,1908,cerd,469536
57907,Luo,Shiqing,羅石卿,Male,NA,NA,cerd,469537
57909,Luo,Kequan,羅可權,Male,4594,1909,cerd,469538
57913,Luo,Qiao'er,羅巧兒,Female,3608,1914,cerd,469539
57915,Luo,Chengyou,羅承祐,Male,511,1908,cerd,469540
57917,Luo,Zhirui,羅致睿,Male,25587,1901,cerd,469541
57925,Luo,Zhixiang,羅致祥,Male,3608,1916,cerd,469543
57927,Luo,Bingheng,羅秉衡,Male,14373,1913,cerd,469544
57930,Luo,Renpu,羅仁溥,Male,607,NA,cerd,469545
57932,Luo,Yuesheng,羅嶽生,Male,3608,1891,cerd,469546
57936,Luo,Chongguang,羅崇光,Male,449,1907,cerd,469547
57938,Luo,Chongguang,羅崇光,Male,449,1911,cerd,469548
57940,Luo,Songfa,羅崧發,Male,NA,NA,cerd,469549
57942,Luo,Junqi,羅俊奇,Male,17810,1889,cerd,384136
57950,Luo,Zanyuan,羅贊元,Male,8028,1890,cerd,384446
57958,Luo,Jixian,羅績賢,Male,4130,1909,cerd,469550
57960,Luo,Bowei,羅伯渭,Male,449,NA,cerd,469551
57962,Luo,Shaozhi,羅紹志,Male,80,1916,cerd,469552
57964,Luo,Zuolun,羅作倫,Male,935,1914,cerd,469554
57966,Luo,Jibang,羅濟邦,Male,1993,NA,cerd,469555
57971,Luo,Yongzheng,羅永正,Male,NA,NA,cerd,469556
57973,Luo,Yongchen,羅永忱,Male,511,1909,cerd,469557
57977,Luo,Hongrun,羅宏潤,Male,43071,NA,cerd,469558
57979,Luo,Zongbao,羅宗葆,Male,3042,1900,cerd,469559
57986,Luo,Junshu,羅濬叔,Male,6556,1902,cerd,384356
57997,Luo,Weiyuan,羅為垣,Male,9397,1894,cerd,8116
58002,Luo,Rucheng,羅汝成,Male,14373,1913,cerd,469560
58004,Luo,Rubi,羅汝璧,Male,25818,1900,cerd,469561
58011,Luo,Yuankui,羅遠揆,Male,8641,1912,cerd,469562
58013,Luo,Qingbin,羅清濱,Male,3608,1909,cerd,469563
58023,Luo,Hong'en,羅鴻恩,Male,66,1904,cerd,469565
58027,Luo,Yunlin,羅運磷,Male,388,NA,cerd,469566
58029,Luo,Yuzhao,羅裕照,Male,3042,1915,cerd,469567
58031,Luo,Daotan,羅道坦,Male,3803,1914,cerd,469568
58033,Luo,Dazhang,羅大章,Male,2062,1913,cerd,469569
58036,Luo,Dacheng,羅大乘,Male,590,1908,cerd,469570
58044,Luo,Daxu,羅大煦,Male,3265,1904,cerd,469571
58049,Luo,Shiba,羅士霸,Male,8174,1912,cerd,469572
58051,Luo,Zhiyuan,羅志遠,Male,590,1911,cerd,469573
58053,Luo,Zhize,羅志澤,Male,3608,1913,cerd,469574
58055,Luo,Zhipeng,羅志鵬,Male,449,1915,cerd,469576
58057,Luo,Zhenlie,羅楨烈,Male,8641,1914,cerd,469577
58059,Luo,Qiaoyun,羅橋雲,Male,4816,1909,cerd,469578
58061,Luo,Xiaozhang,羅孝章,Male,553,1905,cerd,469579
58065,Luo,Xiaobin,羅孝斌,Male,553,NA,cerd,469580
58067,Luo,Xiaodeng,羅孝登,Male,553,NA,cerd,469581
58070,Luo,Xiaozhuo,羅孝倬,Male,553,1900,cerd,469582
58073,Luo,Xiaoran,羅孝然,Male,553,NA,cerd,469583
58075,Luo,Xiaozun,羅孝僔,Male,553,1896,cerd,469584
58078,Luo,Xiaoluo,羅孝洛,Male,553,1910,cerd,469585
58080,Luo,Xiaozuo,羅孝祚,Male,NA,NA,cerd,469587
58082,Luo,Xiaotong,羅孝桐,Male,553,NA,cerd,469588
58084,Luo,Xiaowei,羅孝威,Male,553,1908,cerd,384191
58091,Luo,Xiaokeng,羅孝鏗,Male,553,1896,cerd,469589
58094,Luo,Wannian,羅萬年,Male,3042,NA,cerd,469590
58097,Luo,Yingjun,羅英俊,Male,449,1887,cerd,384427
58109,Luo,Yinggan,羅英幹,Male,449,1900,cerd,332992
58117,Luo,Shixiang,羅世襄,Male,58118,1901,cerd,469591
58127,Luo,Shifen,羅世棻,Male,20636,1900,cerd,469592
58139,Luo,Shenghui,羅聲噦,Male,58140,NA,cerd,469593
58142,Luo,Jingxiu,羅敬修,Male,8174,NA,cerd,469594
58145,Luo,Huiqiao,羅惠僑,Male,1161,1888,cerd,384250
58157,Luo,Huichen,羅惠忱,Male,553,1883,cerd,469595
58167,Luo,Suyi,羅素一,Female,4449,1911,cerd,469596
58169,Luo,Zhinan,羅指南,Male,459,NA,cerd,469599
58171,Luo,Chengzhong,羅成中,Male,29391,1914,cerd,469600
58173,Luo,Fumin,羅甫民,Male,3319,1898,cerd,332985
58187,Luo,Bangjie,羅邦傑,Male,3323,1894,cerd,469602
58197,Luo,Guozhen,羅國楨,Male,388,1907,cerd,469603
58202,Luo,Changda,羅昌達,Male,9535,1915,cerd,469604
58204,Luo,Zejin,羅則近,Male,3323,1911,cerd,469605
58206,Luo,Shicha,羅時察,Male,522,1911,cerd,469606
58208,Luo,Mingyu,羅明燏,Male,449,NA,cerd,469607
58216,Luo,Tongyou,羅同槱,Male,45340,1911,cerd,469608
58219,Luo,Pengzhan,羅鵬展,Male,601,1917,cerd,469610
58221,Luo,Shenghao,羅勝灝,Male,3608,1894,cerd,469611
58224,Luo,Renhan,羅人漢,Male,5244,1914,cerd,469612
58226,Luo,Huiwen,羅會文,Male,25818,1914,cerd,469613
58229,Luo,Jinyan,羅錦研,Male,19489,1916,cerd,469614
58231,Luo,Jinzhu,羅錦鑄,Male,1618,1913,cerd,469615
58236,Luo,Guangkai,羅光愷,Male,8341,1912,cerd,469616
58238,Luo,Yaoyun,羅耀雲,Male,9575,NA,cerd,469617
58240,Luo,Huikuo,羅恢廓,Male,459,1913,cerd,469618
58242,Luo,Rong'an,羅榮安,Male,11522,1899,cerd,469619
58250,La,Huakun,喇華琨,Male,1881,1915,cerd,469621
58253,La,Huapei,喇華珮,Male,1881,1918,cerd,469622
58258,Bie,Zhiwei,別之偉,Male,3750,1901,cerd,469623
58260,Shi,Tang,時瑭,Male,41207,1911,cerd,469624
58262,Shi,Shuhua,時樹華,Male,25429,1915,cerd,469625
58264,Shi,Changli,時昌黎,Male,1559,NA,cerd,469626
58268,Shi,Xirang,時熙壤,Male,2641,1905,cerd,469627
58271,Chang,Jikuan,唱際寬,Male,871,1905,cerd,469628
58275,Qu,Wei,瞿渭,Male,562,1902,cerd,469629
58284,Qu,Yu,瞿鈺,Male,965,1913,cerd,469630
58288,Qu,Wenlin,瞿文琳,Male,5463,1899,cerd,469632
58297,Qu,Baozi,瞿保滋,Male,965,1915,cerd,469633
58299,Qu,Jishi,瞿濟世,Male,562,1901,cerd,469634
58301,Qu,Zongzhao,瞿宗照,Male,2443,1883,cerd,333066
58306,Qu,Fuheng,瞿福亨,Male,22894,1917,cerd,469635
58308,Qu,Zhijie,瞿支傑,Male,5273,NA,cerd,469636
58311,Liu,Xiao,劉霄,Male,950,1911,cerd,469637
58316,Liu,Jin,劉晉,Male,4079,NA,cerd,469638
58318,Liu,Rui,劉瑞,Male,3672,1914,cerd,469639
58321,Liu,Rui,劉瑞,Male,553,1914,cerd,469640
58323,Liu,Pu,劉?,Male,29396,1908,cerd,469641
58328,Liu,Ying,劉瑛,Male,2797,1908,cerd,469643
58330,Liu,Qi,劉琪,Male,427,1899,cerd,469644
58341,Liu,Qiong,劉瓊,Male,58343,1903,cerd,469645
58346,Liu,Nai,劉鼐,Male,62,1912,cerd,469646
58351,Liu,Xun,劉焄,Male,4759,NA,cerd,469647
58355,Liu,Yu,劉瑜,Male,58343,NA,cerd,469648
58357,Liu,Fang,劉昉,Male,NA,NA,cerd,469649
58359,Liu,Ying,劉頴,Male,27131,1913,cerd,193393
58365,Liu,Kun,劉崑,Male,58366,1889,cerd,469650
58368,Liu,Ying,劉偀,Male,9117,NA,cerd,469651
58371,Liu,Jian,劉健,Male,2062,1909,cerd,469652
58374,Liu,Wei,劉偉,Male,4394,1899,cerd,469654
58376,Liu,Jie,劉傑,Male,4816,1913,cerd,469655
58384,Liu,Kan,劉侃,Male,765,1903,cerd,469656
58389,Liu,Xiu,劉修,Male,31918,1912,cerd,469657
58391,Liu,Xun,劉峋,Male,10437,NA,cerd,469658
58394,Liu,Shao,劉紹,Male,3672,1899,cerd,469659
58396,Liu,Zuo,劉作,Male,58398,1892,cerd,469660
58413,Zhao,Zhangming,趙長明,Male,5282,1902,cerd,469661
58415,Zhao,Chenfeng,趙陳風,Male,39319,1904,cerd,469662
58423,Zhao,Fengzhang,趙鳳章,Male,1618,1914,cerd,469663
58425,Zhao,Feng'en,趙鳳恩,Male,6673,1910,cerd,469665
58429,Zhao,Fengtian,趙鳳田,Male,5830,NA,cerd,469666
58434,Zhao,Fengxiang,趙鳳翔,Male,3672,1916,cerd,469667
58436,Zhao,Pengju,趙鵬舉,Male,9432,1903,cerd,469668
58441,Zhao,Lüqi,趙履祺,Male,1604,1891,cerd,469669
58455,Zhao,Diankui,趙殿奎,Male,511,1916,cerd,469670
58457,Zhao,Dianhua,趙殿華,Male,819,1909,cerd,469671
58461,Zhao,Dianfu,趙殿輔,Male,1682,1902,cerd,469672
58463,Zhao,Jichang,趙際昌,Male,909,1882,cerd,469673
58476,Zhao,Xueyan,趙學顏,Male,10958,1897,cerd,469674
58480,Zhao,Xuetian,趙學田,Male,23403,1900,cerd,469676
58494,Zhao,Tongzhang,趙同章,Male,1002,1914,cerd,469677
58496,Zhao,Linrui,趙臨瑞,Male,1356,NA,cerd,469678
58498,Zhao,Quanlong,趙全龍,Male,6256,1904,cerd,469679
58500,Zhao,Quanzhi,趙全智,Male,2732,1903,cerd,469680
58505,Zhao,Quangong,趙全功,Male,2732,1895,cerd,469681
58511,Zhao,Quanzhong,趙全忠,Male,2732,1905,cerd,469682
58515,Liu,Xiangui,劉顯貴,Male,511,1913,cerd,469683
58517,Liu,Xianzhou,劉顯周,Male,19500,1895,cerd,469684
58519,Liu,Zhanhe,劉戰和,Male,58520,1898,cerd,469685
58522,Liu,Xiaoyun,劉曉雲,Male,22209,1910,cerd,469687
58528,Liu,Wancheng,劉晚成,Male,4977,NA,cerd,469688
58530,Liu,Mingyuan,劉明元,Male,13580,1907,cerd,469689
58532,Liu,Minglu,劉明塶,Male,9282,1906,cerd,469690
58534,Liu,Mingchang,劉明昌,Male,6904,NA,cerd,469691
58536,Liu,Sisong,劉嗣嵩,Male,11289,1916,cerd,469692
58543,Liu,Bizhang,劉壁章,Male,1881,1915,cerd,469693
58547,Liu,Bifan,劉壁藩,Male,3608,1912,cerd,469694
58549,Liu,Houshang,劉厚塽,Male,5282,1914,cerd,469695
58552,Liu,Houkun,劉厚坤,Male,590,1917,cerd,469696
58554,Liu,Jipao,劉既漂,Male,74,1902,cerd,469698
58558,Liu,Changgeng,劉長庚,Male,1079,1911,cerd,469699
58560,Liu,Changfeng,劉長豐,Male,4079,1909,cerd,469700
58565,Liu,Changhong,劉長宏,Male,2732,1905,cerd,469701
58567,Liu,Changmin,劉長民,Male,571,1913,cerd,469702
58569,Liu,Changyi,劉長義,Male,2728,1910,cerd,469703
58573,Liu,Jiyun,劉際雲,Male,NA,NA,cerd,469704
58575,Liu,Junji,劉駿基,Male,2985,1896,cerd,469705
58577,Liu,Liqin,劉勵勤,Male,54085,NA,cerd,469706
58579,Liu,Suifan,劉隨藩,Male,1042,1904,cerd,469707
58584,Liu,Xiguang,劉隰光,Male,13425,1912,cerd,469710
58586,Liu,Fengduo,劉鳳鐸,Male,644,1910,cerd,469711
58588,Liu,Fenggou,劉鳳鉤,Male,14705,1916,cerd,469712
58590,Liu,Pengfei,劉鵬飛,Male,18204,1910,cerd,469713
58593,Liu,Pengchao,劉鵬超,Male,1036,NA,cerd,469714
58595,Liu,Tongcheng,劉同聲,Male,6460,1917,cerd,469715
58597,Liu,Kaikun,劉開坤,Male,1993,1904,cerd,469716
58613,Liu,Yongzang,劉用臧,Male,1664,1902,cerd,469717
58622,Liu,Yuechu,劉月鋤,Male,562,1894,cerd,469718
58636,Liu,Dianyuan,劉殿元,Male,4449,1905,cerd,469719
58639,Liu,Dianyuan,劉殿元,Male,3672,1899,cerd,469721
58643,Liu,Meizhi,劉眉芝,Male,6556,1892,cerd,469722
58658,Liu,Yukun,劉馭坤,Male,9181,1884,cerd,469723
58677,Liu,Xueyan,劉學顏,Male,2797,NA,cerd,469724
58679,Liu,Xuesheng,劉學聖,Male,2797,NA,cerd,469725
58681,Liu,Xuesong,劉學淞,Male,553,1909,cerd,469726
58685,Liu,Xuebing,劉學濴,Male,553,1898,cerd,469727
58699,Liu,Xueji,劉學基,Male,553,NA,cerd,469728
58702,Liu,Xueyi,劉學義,Male,1659,1912,cerd,469729
58704,Liu,Xuezeng,劉學曾,Male,14301,1912,cerd,469730
58706,Liu,Kaicheng,劉開誠,Male,1993,1917,cerd,469732
58708,Liu,Xingya,劉興亞,Male,445,1901,cerd,469733
58716,Liu,Xinghe,劉興和,Male,1659,1909,cerd,469734
58723,Liu,Xingzong,劉興宗,Male,1659,1913,cerd,469735
58727,Liu,Xinghan,劉興漢,Male,7915,1912,cerd,469736
58729,Liu,Xingchang,劉興昌,Male,9977,1914,cerd,469737
58734,Liu,Renjing,劉人敬,Male,590,1900,cerd,469738
58740,Liu,Quanxun,劉全訓,Male,3239,NA,cerd,469739
58744,Liu,Quanye,劉全業,Male,27765,1905,cerd,469740
58755,Liu,Yiyuan,劉益遠,Male,57803,1903,cerd,469741
58764,Liu,Jingyong,劉金墉,Male,4082,1904,cerd,469743
58767,Liu,Jinsheng,劉金聲,Male,427,1900,cerd,469744
58782,Liu,Jinzhong,劉金鍾,Male,562,1905,cerd,469745
58784,Liu,Zhongjin,劉鐘璡,Male,24560,1886,cerd,332955
58795,Liu,Jiechen,劉介臣,Male,20748,1896,cerd,469746
58798,Liu,Cixuan,劉慈宣,Male,8916,1912,cerd,469747
58800,Liu,Nianzu,劉念祖,Male,27487,1908,cerd,469748
58801,Zhao,Yisun,趙益孫,Male,58806,1916,cerd,469749
58808,Zhao,Jintai,趙金臺,Male,4619,1916,cerd,469750
58810,Zhao,Yongsheng,趙鏞聲,Male,1016,1912,cerd,469751
58814,Zhao,Yusen,趙毓森,Male,63,1905,cerd,469752
58817,Zhao,Shanxiang,趙善享,Male,2780,1917,cerd,469754
58819,Zhao,Shanling,趙善苓,Male,2780,1912,cerd,469755
58821,Zhao,Shanyu,趙善餘,Male,1079,NA,cerd,469756
58823,Zhao,Zengjue,趙曾珏,Male,877,1901,cerd,192405
58840,Zhao,Zenghe,趙曾和,Male,877,1911,cerd,469757
58842,Zhao,Zengyin,趙曾寅,Male,21465,1907,cerd,469758
58845,Zhao,Zhenghuan,趙鉦煥,Male,2390,1917,cerd,469759
58847,Zhao,Lusheng,趙錄繩,Male,3750,1906,cerd,469760
58853,Zhao,Zhongling,趙鍾靈,Male,2352,NA,cerd,469761
58856,Zhao,Zhongling,趙鍾靈,Male,19840,NA,cerd,469762
58859,Zhao,Zhongwei,趙鍾蔚,Male,55613,1905,cerd,469763
58861,Zhao,Jinqing,趙錦慶,Male,2780,1917,cerd,469765
58863,Zhao,Jin'en,趙錦恩,Male,2780,1915,cerd,469766
58865,Zhao,Xiyue,趙錫越,Male,2435,1911,cerd,469767
58867,Zhao,Jianpei,趙鑑培,Male,23836,1910,cerd,469768
58871,Zhao,Ruicheng,趙銳成,Male,2435,1911,cerd,469769
58874,Zhao,Yuxiang,趙餘香,Male,342,NA,cerd,333534
58876,Zhao,Huaizhi,趙懷治,Male,2732,1905,cerd,469770
58878,Zhao,Huaibi,趙懷璧,Male,10003,NA,cerd,469771
58880,Zhao,Guangwei,趙光維,Male,8174,1911,cerd,469772
58882,Zhao,Guangchen,趙光宸,Male,63,1905,cerd,469773
58888,Zhao,Guangxie,趙光燮,Male,6108,1906,cerd,469774
58892,Zhao,Bingnan,趙炳南,Male,NA,NA,cerd,469776
58894,Zhao,Bingjin,趙炳金,Male,41562,1914,cerd,469777
58897,Zhao,Shenshu,趙慎樞,Male,3803,1894,cerd,469778
58909,Zhao,Weitai,趙煒泰,Male,6108,1898,cerd,469779
58916,Zhao,Huannan,趙煥南,Male,16722,1915,cerd,469780
58918,Zhao,Suizhang,趙燧章,Male,1079,1911,cerd,469781
58921,Zhao,Yingzhang,趙鎣章,Male,1079,1913,cerd,469782
58923,Zhao,Rongsheng,趙榮陞,Male,511,1914,cerd,469783
58925,Shi,Yi,史翼,Male,449,NA,cerd,469784
58927,Shi,Xuan,史宣,Male,449,1893,cerd,469785
58935,Shi,Tong,史通,Male,1189,1913,cerd,469787
58940,Shi,Tong,史通,Male,1227,1893,cerd,469788
58945,Shi,Tong,史通,Male,449,NA,cerd,469789
58949,Shi,Cai,史材,Male,1016,1910,cerd,469790
58952,Liu,Nianmin,劉念民,Male,58953,1912,cerd,469791
58956,Liu,Nianzeng,劉念曾,Male,13846,1911,cerd,469792
58958,Liu,Yuqi,劉毓琦,Male,427,NA,cerd,469793
58960,Liu,Yuxiu,劉毓秀,Male,1682,1902,cerd,469794
58963,Liu,Yuzheng,劉毓徵,Male,427,1901,cerd,469795
58966,Liu,Yuming,劉毓明,Male,2732,1909,cerd,469796
58968,Liu,Zengshi,劉曾适,Male,950,1914,cerd,469798
58972,Liu,Zengda,劉曾達,Male,950,1913,cerd,469799
58974,Liu,Shanyuan,劉善淵,Male,4238,1917,cerd,469800
58977,Liu,Huixing,劉會興,Male,21465,NA,cerd,469801
58981,Liu,Gongrong,劉公榮,Male,40141,1910,cerd,469802
58983,Liu,Zhongling,劉鍾靈,Male,58984,NA,cerd,469803
58986,Shi,Qingxin,史慶新,Male,449,1916,cerd,469804
58988,Shi,Lintu,史麟圖,Male,4272,1915,cerd,469805
58990,Shi,Eryi,史爾毅,Male,2790,1917,cerd,469806
58992,Shi,Tingxian,史廷顯,Male,4079,1911,cerd,469807
58994,Shi,Jiurong,史久榮,Male,1161,1904,cerd,469809
59007,Shi,Bingbi,史秉筆,Male,6721,1900,cerd,469810
59009,Shi,Weixin,史維新,Male,44680,1901,cerd,401484
59019,Shi,Xuqing,史須慶,Male,3226,1906,cerd,469811
59021,Shi,Huacheng,史化成,Male,60,1892,cerd,469812
59024,Shi,Deyuan,史德元,Male,6839,1910,cerd,469813
59026,Shi,Zhongyi,史仲儀,Male,965,1910,cerd,469814
59031,Shi,Peizhen,史佩箴,Male,7174,1911,cerd,469815
59033,Shi,Jiuheng,史久恆,Male,9592,1898,cerd,469816
59035,Shi,Shaoxi,史紹熙,Male,1630,1917,cerd,469817
59037,Shi,Yishu,史以恕,Male,2390,1915,cerd,469818
59040,Shi,Jiayi,史家宜,Male,965,1913,cerd,469821
59043,Shi,Jiaxiang,史家祥,Male,553,NA,cerd,469822
59045,Liu,Fu,劉馥,Male,2429,NA,cerd,469823
59047,Liu,Huai,劉淮,Male,14366,1916,cerd,469824
59049,Liu,Pei,劉沛,Male,9432,NA,cerd,469825
59051,Liu,Jin,劉進,Male,2797,1905,cerd,469826
59053,Liu,Rong,劉容,Male,427,1913,cerd,469827
59057,Liu,Guan,劉官,Male,1573,1918,cerd,469828
59059,Liu,Shi,劉實,Male,NA,NA,cerd,469829
59061,Liu,Yun,劉澐,Male,NA,NA,cerd,469830
59063,Liu,Bi,劉必,Male,9117,1904,cerd,469832
59071,Liu,Da,劉達,Male,2797,1914,cerd,469833
59074,Liu,Lian,劉漣,Male,1748,1911,cerd,469834
59076,Liu,Di,劉迪,Male,19711,1912,cerd,469835
59078,Liu,Cheng,劉澄,Male,1299,1912,cerd,469836
59080,Liu,Han,劉涵,Male,30027,NA,cerd,469837
59082,Liu,Jie,劉潔,Male,3265,1897,cerd,469838
59089,Liu,Han,劉瀚,Male,NA,1890,cerd,469839
59101,Liu,Kui,劉奎,Male,59102,1895,cerd,469840
59118,Liu,Yu,劉堉,Male,16661,1914,cerd,469841
59120,Liu,Jie,劉杰,Male,601,NA,cerd,469843
59124,Liu,Qi,劉圻,Male,427,1903,cerd,469844
59128,Liu,Huan,劉桓,Male,23758,1904,cerd,469845
59130,Liu,Kai,劉楷,Male,562,1910,cerd,469846
59132,Liu,Bin,劉彬,Male,8028,1913,cerd,469847
59134,Liu,Shuang,劉塽,Male,427,1890,cerd,469848
59138,Liu,Lan,劉蘭,Male,965,NA,cerd,469849
59143,Liu,Ying,劉英,Male,1189,1899,cerd,469850
59145,Liu,Hua,劉華,Male,1364,NA,cerd,469851
59147,Liu,Hui,劉薈,Male,1659,1901,cerd,469852
59153,Liu,Quan,劉權,Male,7960,1911,cerd,469854
59157,Liu,Zhi,劉植,Male,3495,1891,cerd,469855
59167,Liu,Xu,劉旭,Male,4079,1895,cerd,469856
59169,Liu,Yi,劉懿,Male,388,1912,cerd,469857
59173,Liu,Yi,劉懿,Male,50502,1897,cerd,469858
59175,Liu,Tong,劉桐,Male,427,NA,cerd,469859
59177,Liu,Fen,劉枌,Male,13941,NA,cerd,469860
59179,Liu,Rong,劉戎,Male,59180,NA,cerd,469861
59182,Liu,Huang,劉晃,Male,16722,1912,cerd,469862
59186,Liu,Zhao,劉照,Male,6256,1889,cerd,469863
59188,Zhou,Bopeng,周伯朋,Male,77,1886,cerd,469865
59192,Zhou,Kebao,周可寶,Male,1630,1903,cerd,469866
59202,Shou,Ruiyuan,周瑞元,Male,14247,1912,cerd,469867
59204,Zhou,Ruilin,周瑞嶙,Male,571,1912,cerd,469868
59206,Zhou,Ruizhen,周瑞振,Male,NA,NA,cerd,469869
59209,Zhou,Yanjin,周延瑾,Male,13001,1908,cerd,469870
59211,Zhou,Yanjun,周延俊,Male,8366,1911,cerd,469871
59214,Zhou,Naiwen,周乃文,Male,24230,1912,cerd,469872
59217,Zhou,Wutong,周務通,Male,NA,NA,cerd,469873
59219,Zhou,Chengyou,周承佑,Male,1881,1901,cerd,469874
59229,Zhou,Chenglian,周承濂,Male,71,1901,cerd,469876
59232,Zhou,Chenggan,周承乾,Male,1511,NA,cerd,469877
59234,Zhou,Zizhen,周子楨,Male,15503,1893,cerd,469878
59236,Zhou,Zifan,周子範,Male,1630,1904,cerd,469879
59239,Zhou,Junshi,周君適,Male,24956,1893,cerd,469880
59248,Zhou,Yiqing,周翼青,Male,590,NA,cerd,469881
59251,Zhou,Xiuming,周秀銘,Male,4272,1908,cerd,469882
59256,Zhou,Jichan,周季產,Male,1210,1911,cerd,469883
59265,Zhou,Weixin,周維新,Male,7174,NA,cerd,469884
59268,Zhou,Weizhen,周維震,Male,6296,NA,cerd,469885
59270,Zhou,Weifeng,周維豐,Male,749,1898,cerd,469887
59278,Zhou,Weiyao,周維垚,Male,66,NA,cerd,469888
59282,Zhou,Weigan,周維幹,Male,1664,1904,cerd,469889
59294,Zhou,Weixin,周維鑫,Male,1409,NA,cerd,469890
59296,Zhou,Xingjian,周行健,Male,2498,1896,cerd,469891
59307,Zhou,Zidong,周紫東,Male,59308,1910,cerd,469892
59310,Zhou,Chonggao,周崇高,Male,4809,1898,cerd,469893
59321,Zhou,Leyi,周樂頤,Male,1857,NA,cerd,469894
59324,Zhou,Jiyao,周繼堯,Male,1903,NA,cerd,469895
59328,Zhou,Caizhang,周彩章,Male,1016,1904,cerd,469896
59334,Zhou,Fulie,周傅烈,Male,13033,1906,cerd,469898
59336,Zhou,Junyi,周俊逸,Male,547,1915,cerd,469899
59338,Zhou,Dezhang,周德章,Male,1305,1918,cerd,469900
59340,Zhou,Dehong,周德鴻,Male,80,1886,cerd,403230
59348,Zhou,Dejing,周德靜,Female,3319,1920,cerd,469901
59350,Zhou,Deguang,周德光,Male,21550,1913,cerd,469902
59352,Zhou,Zanbang,周贊邦,Male,10904,1891,cerd,469903
59361,Zhou,Zanming,周贊明,Male,1189,1904,cerd,469904
59370,Zhou,Xuxuan,周緒暄,Male,341,1912,cerd,469905
59372,Zhou,Zhongmou,周仲謀,Male,8163,1914,cerd,469906
59374,Zhou,Chuandian,周傳典,Male,13033,1902,cerd,469907
59379,Zhou,Zixin,周自新,Male,1016,1911,cerd,469909
59386,Zhou,Ziding,周自定,Male,6188,1913,cerd,469910
59391,Zhou,Baowen,周保文,Male,NA,NA,cerd,469911
59393,Zhou,Baoqi,周保淇,Male,1292,NA,cerd,469912
59396,Zhou,Yangshan,周仰山,Male,67,1906,cerd,469913
59399,Zhou,Yangluo,周仰洛,Male,5073,1896,cerd,469914
59404,Zhou,Xiuqi,周修齊,Male,1941,1905,cerd,469915
59415,Zhou,Xiangxian,周象賢,Male,2146,1890,cerd,469916
59428,Zhou,Mingkai,周名凱,Male,59429,NA,cerd,469917
59431,Zhou,Shaobin,周紹彬,Male,7071,1907,cerd,469918
59435,Zhou,Shaojing,周紹靜,Male,1042,1897,cerd,469920
59438,Zhou,Shaochang,周紹昌,Male,11551,1916,cerd,469921
59440,Zhou,Yide,周以德,Male,3750,NA,cerd,469922
59442,Zhou,Zuogong,周作恭,Male,10724,1890,cerd,469923
59449,Zhou,Lunyuan,周倫元,Male,1305,1899,cerd,310657
59453,Zhou,Jiping,周濟平,Male,388,1915,cerd,469924
59455,Zhou,Yongyu,周永玉,Male,59456,1909,cerd,469925
59458,Zhou,Yongnian,周永年,Male,3829,1899,cerd,469926
59461,Zhou,Jiawei,周家蔚,Male,2435,1905,cerd,469927
59467,Zhou,Jiaren,周家仁,Male,1626,1914,cerd,469928
59469,Zhou,Jiayan,周家衍,Male,1079,1911,cerd,469929
59471,Zhou,Jiaxiong,周家熊,Male,NA,NA,cerd,469932
59473,Zhou,Jiajun,周家俊,Male,2780,1918,cerd,469933
59475,Zhou,Jiamo,周家模,Male,1079,1913,cerd,333555
59477,Zhou,Jiaguang,周家桄,Male,522,1912,cerd,469934
59480,Zhou,Jiaqi,周家麒,Male,2542,NA,cerd,469935
59484,Zhou,Zhizhu,周之柱,Male,16085,NA,cerd,469936
59486,Zhou,Zhikai,周之揩,Male,1335,1916,cerd,469937
59489,Zhou,Liangqin,周良欽,Male,NA,NA,cerd,469938
59491,Zhou,Huanqing,周寰清,Male,1993,1914,cerd,469939
59493,Zhou,Dinghong,周定鴻,Male,547,1913,cerd,469940
59496,Zhou,Baoyu,周寶[上金下玉玉],Male,427,1900,cerd,469941
59504,Zhou,Zonglian,周宗蓮,Male,7174,1908,cerd,469943
59507,Zhou,Zongshi,周宗士,Male,9785,1912,cerd,469944
59510,Zhou,Yuanzhen,周源楨,Male,1770,1912,cerd,469945
59512,Zhou,Yuanru,周淵如,Female,1664,NA,cerd,469946
59514,Zhou,Zhaolian,周兆廉,Male,74,1911,cerd,469947
59516,Zhou,Zhaokun,周兆坤,Male,877,NA,cerd,469948
59518,Zhou,Husheng,周滬生,Male,3706,NA,cerd,469949
59521,Zhou,Shuding,周述鼎,Male,16226,1912,cerd,469950
59523,Zhou,Fashi,周法式,Male,8780,NA,cerd,469951
59527,Zhou,Ruqian,周汝潛,Male,1231,1901,cerd,469952
59531,Zhou,Hongtao,周洪濤,Male,935,1910,cerd,469954
59534,Zhou,Qingfen,周清芬,Male,68,1902,cerd,469955
59537,Zhou,Haoquan,周浩泉,Male,1664,1896,cerd,47298
59547,Zhou,Lizhong,周禮忠,Male,8341,1914,cerd,469956
59550,Zhou,Zesheng,周澤生,Male,17517,NA,cerd,469957
59552,Zhou,Hongpan,周鴻盤,Male,2352,1909,cerd,469958
59554,Zhou,Zuxun,周祖訓,Male,1210,NA,cerd,469959
59557,Zhou,Zuwu,周祖武,Male,1079,1915,cerd,469960
59563,Shi,Baojian,史寶鑑,Male,1664,1919,cerd,469961
59565,Shi,Yuanliang,史源亮,Male,7055,NA,cerd,469962
59569,Shi,Faheng,史法鑅,Male,553,1907,cerd,469963
59578,Shi,Haoran,史浩然,Male,60,1884,cerd,401469
59581,Shi,Heting,史鶴亭,Male,9856,1906,cerd,469965
59583,Shi,Shujian,史書簡,Male,4371,NA,cerd,469966
59585,Shi,Guofan,史國範,Male,4079,1903,cerd,469967
59590,Shi,Enhong,史恩鴻,Male,45797,1902,cerd,469968
59598,Shi,Jingshi,史景栻,Male,10295,1909,cerd,469969
59601,Shi,Mingxian,史明憲,Male,9432,1911,cerd,469970
59603,Shi,Dianbing,史殿柄,Male,78,1893,cerd,469971
59606,Shi,Xiqian,史熙謙,Male,2489,1912,cerd,469972
59608,Shi,Xiliang,史熙良,Male,2489,NA,cerd,469973
59610,Shi,Xuezhong,史學忠,Male,11225,1906,cerd,469974
59612,Shi,Zhongqi,史鍾奇,Male,1630,NA,cerd,469976
59620,Chen,Weimin,陳維敏,Male,1292,NA,cerd,469977
59622,Chen,Shunde,陳順德,Male,NA,NA,cerd,469978
59624,Chen,Buyuan,陳步淵,Male,4394,1893,cerd,469979
59632,Chen,Renshan,陳仁山,Male,46129,1912,cerd,469980
59634,Chen,Renjie,陳仁傑,Male,46129,1915,cerd,469981
59636,Chen,Renfang,陳仁芳,Male,909,1901,cerd,469982
59641,Chen,Renmu,陳仁慕,Male,1618,1915,cerd,469983
59643,Chen,Renyi,陳仁怡,Male,999,1912,cerd,469984
59645,Chen,Renyue,陳仁悅,Female,765,1914,cerd,469985
59647,Chen,Hengzhang,陳衡漳,Male,1903,1895,cerd,469987
59650,Chen,Zhuoli,陳卓立,Male,17009,1916,cerd,469988
59652,Chen,Zhuojie,陳卓傑,Male,4977,1913,cerd,469989
59654,Chen,Zhan'ao,陳占鰲,Male,1493,NA,cerd,469990
59656,Chen,Yihui,陳以惠,Male,NA,NA,cerd,469991
59658,Chen,Renshi,陳任始,Male,3608,1918,cerd,469992
59660,Chen,Zhengyu,陳崢宇,Male,427,1900,cerd,16915
59677,Chen,Chongxin,陳崇信,Male,1210,NA,cerd,469993
59679,Chen,Chongyan,陳崇焱,Male,553,1903,cerd,469994
59693,Chen,Chonghao,陳崇灝,Male,449,1913,cerd,469995
59695,Chen,Chongjing,陳崇晶,Male,553,1901,cerd,469996
59699,Chen,Chongyu,陳崇愈,Male,1016,1911,cerd,469998
59701,Chen,Liren,陳利仁,Male,1016,NA,cerd,469999
59704,Chen,Jiping,陳繼平,Male,1189,1914,cerd,470000
59706,Chen,Jihong,陳繼宏,Male,1725,1907,cerd,470001
59710,Chen,Zhongren,陳種仁,Male,59711,1913,cerd,470002
59713,Chen,Jishan,陳繼善,Male,553,1899,cerd,470003
59721,Chen,Jishan,陳繼善,Male,2797,NA,cerd,470004
59723,Chen,Yunwen,陳允文,Male,427,NA,cerd,470005
59725,Chen,Yunchong,陳允冲,Male,782,1911,cerd,470006
59728,Chen,Yungong,陳允恭,Male,26514,1905,cerd,470007
59734,Liu,Zhongrui,劉鍾瑞,Male,63,1903,cerd,470009
59737,Liu,Zhongqi,劉鍾琦,Male,12029,1899,cerd,470010
59739,Liu,Zhongzan,劉鍾瓚,Male,24560,1902,cerd,470011
59742,Liu,Zhongjie,劉鍾玠,Male,24560,1903,cerd,470012
59750,Liu,Zhenkun,劉鎮堃,Male,2884,NA,cerd,470013
59754,Liu,Zhenjiang,劉鎮畺,Male,5282,NA,cerd,470014
59757,Liu,Huichu,劉鏸初,Male,3608,1913,cerd,470015
59759,Liu,Xizhang,劉錫璋,Male,566,1908,cerd,470016
59763,Liu,Xijin,劉錫晉,Male,388,NA,cerd,470017
59766,Liu,Xiying,劉錫瑛,Male,1659,1896,cerd,470018
59776,Liu,Xizhen,劉錫珍,Male,8893,1909,cerd,470020
59778,Liu,Xiying,劉錫纓,Male,819,1908,cerd,470021
59781,Liu,Xiqi,劉錫祺,Male,4977,1898,cerd,470022
59788,Liu,Xigu,劉錫嘏,Male,1659,1901,cerd,470023
59794,Liu,Xitong,劉錫彤,Male,63,1893,cerd,470024
59797,Liu,Zhisun,劉智孫,Male,31731,1904,cerd,470025
59801,Liu,Mingxin,劉銘信,Male,4449,1910,cerd,470026
59804,Liu,Mingzhong,劉銘忠,Male,5917,1914,cerd,470027
59806,Liu,Ming'en,劉銘恩,Male,4314,1912,cerd,470028
59811,Liu,Quanfa,劉銓法,Male,6678,1890,cerd,470029
59813,Liu,Dugong,劉篤恭,Male,4130,1894,cerd,470031
59829,Liu,Dumin,劉篤敏,Male,7484,1908,cerd,470032
59831,Liu,Mingheng,劉敏恆,Male,1016,NA,cerd,470033
59833,Liu,Guangwen,劉光文,Male,427,1911,cerd,470034
59835,Liu,Guangjin,劉光晉,Male,3763,NA,cerd,470035
59839,Liu,Guangli,劉光黎,Male,6556,1902,cerd,470036
59846,Liu,Guangchen,劉光宸,Male,8174,1902,cerd,470037
59849,Liu,Guangyu,劉光宇,Male,2542,1905,cerd,470038
59856,Liu,Guangmao,劉光懋,Male,23508,NA,cerd,470039
59858,Liu,Guangdi,劉光棣,Male,556,NA,cerd,470040
59860,Liu,Guangxing,劉光興,Male,59861,1890,cerd,470043
59874,Liu,Guangzhao,劉光釗,Male,1256,1902,cerd,470044
59879,Liu,Shangheng,劉尚亨,Male,5273,NA,cerd,470045
59881,Liu,Xiaohan,劉肖漢,Male,427,1916,cerd,470046
59883,Liu,Yanxing,劉炎星,Male,10904,1914,cerd,470047
59885,Liu,Bingnan,劉炳南,Male,11135,NA,cerd,470048
59888,Liu,Bingguang,劉炳光,Male,1817,1903,cerd,470049
59900,Liu,Bingguang,劉炳光,Male,74,1911,cerd,470050
59902,Liu,Bingyan,劉炳炎,Male,5282,1905,cerd,470051
59906,Liu,Bingkun,劉炳焜,Male,813,1913,cerd,470052
59908,Liu,Kaiyuan,劉愷元,Male,4425,1910,cerd,470054
59911,Liu,Huixian,劉恢先,Male,12691,NA,cerd,7990
59913,Liu,Weiming,劉煒明,Male,63,1891,cerd,470055
59918,Liu,Yaoting,劉耀庭,Male,59919,1913,cerd,470056
59921,Liu,Yaojia,劉耀佳,Male,449,1913,cerd,470057
59923,Liu,Yaonan,劉耀楠,Male,16672,NA,cerd,470058
59926,Liu,Yaoxiang,劉耀翔,Male,59927,1896,cerd,470059
59934,Liu,Tongshu,劉烔書,Male,5282,1897,cerd,470060
59944,Liu,Huanzao,劉煥藻,Male,382,1915,cerd,470061
59946,Liu,Huandong,劉煥東,Male,819,1911,cerd,470062
59948,Liu,Rongquan,劉榮荃,Male,63,1904,cerd,470063
59951,Liu,Rongchun,劉榮椿,Male,35698,NA,cerd,470065
59953,Liu,Ronghuai,劉榮槐,Male,35698,NA,cerd,470066
59955,Qiu,Yan,丘顏,Male,566,NA,cerd,470067
59964,Qiu,Cong,丘琮,Male,7296,NA,cerd,193523
59977,Qiu,Wei,丘偉,Male,566,1912,cerd,470068
59984,Qiu,Kan,丘侃,Male,1881,1912,cerd,470069
59988,Qiu,Fu,丘復,Male,3608,1916,cerd,470070
59992,Qiu,Yuan,丘淵,Male,566,1894,cerd,368319
60007,Qiu,Hao,丘浩,Male,566,1915,cerd,470071
60009,Qiu,Yuchi,丘玉池,Male,338,1908,cerd,470072
60016,Qiu,Bingmin,丘秉敏,Male,NA,NA,cerd,470073
60018,Qiu,Futing,丘復庭,Male,7296,1914,cerd,470074
60020,Qiu,Shichun,丘士春,Male,10912,1915,cerd,470076
60023,Qiu,Shixun,丘士勛,Male,3608,1917,cerd,470077
60025,Qiu,Weiwu,丘韋五,Male,60027,1893,cerd,368552
60041,Qiu,Shounan,丘壽南,Male,NA,1919,cerd,470078
60043,Qiu,Baozhong,丘葆忠,Male,70,1897,cerd,470079
60046,Qiu,Ruhan,丘如漢,Male,571,1914,cerd,470080
60048,Qiu,Shengyuan,丘陞元,Male,566,1912,cerd,470081
60057,Qiu,Yaochu,丘耀初,Male,29576,1914,cerd,470082
60059,Yue,Li,岳麗,Male,72,1911,cerd,470083
60064,Yue,Heng,岳衡,Male,15503,1907,cerd,470084
60066,Yue,Yimin,岳翼民,Male,1079,1918,cerd,470085
60068,Yue,Xiashan,岳秀山,Male,11047,1916,cerd,470087
60070,Yue,Songshan,岳嵩山,Male,2732,1906,cerd,470088
60077,Yue,Chongzhi,岳崇智,Male,27487,1916,cerd,470089
60079,Yue,Hongchang,岳鴻昶,Male,7484,1909,cerd,470090
60081,Yue,Hongxu,岳鴻旭,Male,7484,1902,cerd,470091
60083,Yue,Hongqiao,岳鴻翹,Male,4130,1900,cerd,470092
60089,Yue,Zuodong,岳祚東,Male,22109,1893,cerd,470093
60092,Yue,Jieyi,岳劼毅,Male,6721,1915,cerd,470094
60094,Yue,Xingchang,岳興昌,Male,28259,1908,cerd,470095
60098,Yue,Changjian,岳常儉,Male,60099,1911,cerd,470096
60101,Lu,Gong,陸龔,Male,90,1913,cerd,470098
60104,Lu,Chen,陸琛,Male,1079,1899,cerd,470099
60111,Lu,Xun,陸灥,Male,1189,1909,cerd,470100
60113,Lu,Ji,陸濟,Male,879,NA,cerd,470101
60115,Lu,Yuan,陸沅,Male,11031,1899,cerd,470102
60125,Lu,Chi,陸遲,Male,2542,1913,cerd,470103
60127,Lu,Ang,陸昂,Male,562,1897,cerd,470104
60129,Lu,Jingzhi,陸競智,Male,1409,1892,cerd,470105
60135,Lu,Qinglin,陸慶霖,Male,1100,1911,cerd,470106
60138,Lu,Qingyu,陸慶煜,Male,807,1915,cerd,470107
60140,Lu,Gengsheng,陸賡笙,Male,1079,1915,cerd,470109
60142,Lu,Wenfa,陸文發,Male,1161,1917,cerd,470110
60144,Lu,Wenyu,陸文裕,Male,877,NA,cerd,470111
60146,Lu,Zanming,陸讚明,Male,877,1918,cerd,470112
60148,Lu,Yirong,陸毅榮,Female,3730,1916,cerd,470113
60150,Lu,Yulin,陸玉麐,Male,965,NA,cerd,470114
60152,Lu,Genyi,陸亘一,Male,965,1909,cerd,470115
60164,Lu,Ergong,陸爾恭,Male,1409,NA,cerd,470116
60167,Lu,Jinzhi,陸晉秩,Male,1016,1914,cerd,470117
60169,Lu,Tingjun,陸廷俊,Male,965,1898,cerd,470118
60178,Chen,Yunming,陳允明,Male,782,1911,cerd,470120
60180,Chen,Junlei,陳俊雷,Male,1161,1916,cerd,470121
60184,Chen,Junwu,陳俊武,Male,1161,1901,cerd,470122
60193,Chen,Junshu,陳俊述,Male,1161,NA,cerd,470123
60198,Chen,Huatai,陳化泰,Male,5291,1909,cerd,470124
60203,Liu,Fangye,劉方燁,Male,2068,1914,cerd,470125
60205,Liu,Fangping,劉方平,Male,24956,1911,cerd,470126
60207,Liu,Fangji,劉方畿,Male,522,1906,cerd,470127
60210,Liu,Yixin,劉裔鐔,Male,5073,1907,cerd,470128
60215,Liu,Kangcheng,劉康成,Male,449,NA,cerd,470129
60217,Liu,Qingtai,劉慶泰,Male,5979,1904,cerd,470131
60221,Liu,Tangling,劉唐領,Male,7174,1899,cerd,470132
60231,Liu,Guangyuan,劉廣元,Male,59456,1910,cerd,470133
60233,Liu,Wenbin,劉文斌,Male,427,1915,cerd,470134
60236,Liu,Wenzhen,劉文貞,Male,56438,1883,cerd,332946
60255,Liu,Wenyuan,劉文淵,Male,2443,1909,cerd,470135
60258,Liu,Wenzhou,劉文洲,Male,2857,1912,cerd,470136
60260,Liu,Wenlan,劉文瀾,Male,2443,1906,cerd,470137
60264,Liu,Wenhai,劉文海,Male,618,NA,cerd,470138
60267,Liu,Wenqiao,劉文橋,Male,1659,NA,cerd,470139
60270,Liu,Wenhua,劉文華,Male,19500,NA,cerd,470140
60272,Liu,Wenyi,劉文藝,Male,4394,1896,cerd,397285
60283,Liu,Wenhan,劉文翰,Male,427,1911,cerd,470142
60285,Liu,Wentong,劉文同,Male,9552,1899,cerd,470143
60287,Liu,Wenteng,劉文騰,Male,6090,NA,cerd,470144
60289,Liu,Duanlü,劉端履,Male,590,1896,cerd,470145
60296,Liu,Yijin,劉詒謹,Male,2534,1909,cerd,470146
60301,Liu,Jingyu,劉靖宇,Male,11135,1906,cerd,470147
60309,Liu,Jingyi,劉靖夷,Male,31713,1911,cerd,470148
60311,Liu,Zhaoshu,劉詔書,Male,2534,1889,cerd,470149
60324,Liu,Xuantian,劉旋天,Male,558,1909,cerd,470150
60326,Liu,Dunshu,劉敦書,Male,22438,1898,cerd,470151
60328,Liu,Linshu,劉麟書,Male,1618,1899,cerd,470154
60348,Liu,Yiheng,劉一衡,Male,4977,1901,cerd,470155
60358,Liu,Yichun,劉一純,Male,60359,1908,cerd,470156
60363,Liu,Zhengde,劉正德,Male,3033,NA,cerd,470157
60365,Liu,Zhengyu,劉正堉,Male,4425,1913,cerd,470158
60367,Liu,Zhengjiong,劉正烱,Male,70,NA,cerd,470159
60376,Liu,Yuzao,劉玉藻,Male,10780,1909,cerd,470160
60378,Liu,Wuchang,劉五昌,Male,751,1914,cerd,470161
60380,Liu,Yaren,劉亞任,Male,1618,1913,cerd,470162
60383,Liu,Dingwei,劉丁未,Male,3672,NA,cerd,470163
60385,Liu,Yuanjing,劉元敬,Male,10928,NA,cerd,470165
60387,Liu,Binglu,劉丙盧,Male,24560,1913,cerd,470166
60391,Liu,Ercong,劉爾聰,Male,59456,1910,cerd,470167
60393,Liu,Erkuan,劉爾寬,Male,59456,1912,cerd,470168
60395,Liu,Xiaoting,劉霄亭,Male,22850,1894,cerd,470169
60403,Liu,Zhenyin,劉震寅,Male,3966,1891,cerd,470170
60407,Liu,Zhenzhou,劉震洲,Male,59927,1903,cerd,470171
60411,Liu,Zhenjia,劉震甲,Male,10003,1901,cerd,470172
60413,Liu,Wenting,劉雯亭,Male,22850,1901,cerd,470173
60416,Chen,Shizhang,陳仕章,Male,74,1914,cerd,470174
60418,Chen,Shiqin,陳仕欽,Male,2780,1915,cerd,470176
60420,Chen,Zuoyu,陳佐虞,Male,2429,NA,cerd,470177
60422,Chen,Deqing,陳德慶,Female,402,1912,cerd,470178
60426,Chen,Dewen,陳德文,Male,60427,1910,cerd,470179
60429,Chen,Yiwen,陳翼文,Male,9613,1906,cerd,470180
60432,Chen,Dehao,陳德浩,Male,22888,1908,cerd,470181
60434,Zhou,Zuyao,周祖堯,Male,1903,NA,cerd,470182
60436,Zhou,Zupeng,周祖彭,Male,1664,1908,cerd,470183
60441,Zhou,Yuqing,周運清,Male,8202,1902,cerd,470184
60443,Chen,Depei,陳德培,Male,NA,NA,cerd,470185
60445,Chen,Defen,陳德芬,Male,1626,1890,cerd,470187
60460,Chen,Dehua,陳德華,Male,909,NA,cerd,470188
60465,Chen,Dekun,陳德坤,Male,886,NA,cerd,470189
60467,Chen,De'en,陳德恩,Male,1564,1917,cerd,470190
60469,Chen,Denian,陳德年,Male,16661,1912,cerd,470191
60472,Chen,Dexuan,陳德煊,Male,6365,1912,cerd,470192
60474,Chen,Zhongjian,陳仲堅,Male,590,NA,cerd,470193
60475,Chen,Lengli,陳崚立,Male,20513,1903,cerd,470194
60480,Chen,Chuannan,陳傳楠,Male,1817,NA,cerd,470195
60483,Chen,Zikang,陳自康,Male,553,1896,cerd,470196
60491,Chen,Zijing,陳自靖,Male,9404,NA,cerd,470198
60493,Chen,Ziren,陳自仁,Male,553,1915,cerd,470199
60495,Chen,Zizhong,陳自忠,Male,1604,1915,cerd,470200
60497,Chen,Bozhen,陳伯臻,Male,4977,1913,cerd,470201
60499,Chen,Bozhuang,陳伯莊,Male,449,NA,cerd,311021
60503,Chen,Boying,陳伯英,Male,553,1917,cerd,470202
60505,Chen,Youren,陳有仁,Male,553,1908,cerd,470203
60515,Chen,Hefu,陳和甫,Male,1042,1899,cerd,470204
60523,Chen,Heming,陳和鳴,Male,57803,1912,cerd,470205
60525,Chen,Mianshan,陳綿山,Male,4553,NA,cerd,470206
60527,Chen,Peixin,陳佩鑫,Female,4594,1910,cerd,470207
60530,Lu,Chengmou,陸承謀,Male,1079,NA,cerd,470209
60534,Lu,Chengxi,陸承禧,Male,2641,1895,cerd,470210
60537,Lu,Ziming,陸子明,Male,1079,1913,cerd,470211
60539,Lu,Junhe,陸君和,Male,807,1909,cerd,470212
60550,Lu,Shoukun,陸受坤,Male,1079,1911,cerd,470213
60553,Lu,Bingxiang,陸秉享,Male,1113,1892,cerd,87887
60569,Lu,Nengyuan,陸能源,Male,5917,1917,cerd,470214
60571,Lu,Weiheng,陸衞衡,Male,2390,1913,cerd,470215
60573,Lu,Dingfu,陸鼎復,Male,1664,NA,cerd,470216
60575,Lu,Dingfan,陸鼎蕃,Male,410,1902,cerd,396224
60579,Lu,Chongzhen,陸崇真,Male,877,1914,cerd,470217
60583,Lu,Jixian,陸繼憲,Male,2641,1914,cerd,470218
60584,Chen,Yangyu,陳仰虞,Male,60585,NA,cerd,470220
60587,Chen,Xiangwu,陳向武,Male,427,1904,cerd,470221
60593,Chen,Yitong,陳伊通,Male,1016,1913,cerd,470222
60597,Chen,Mingkui,陳名奎,Male,553,1895,cerd,470223
60603,Lu,Xianqi,陸獻琪,Male,52140,1914,cerd,470224
60605,Chen,Jiuzheng,陳久徵,Male,42486,1911,cerd,470225
60609,Lu,Juncai,陸俊才,Male,60632,1906,cerd,470226
60610,Chen,Jiyu,陳紀禹,Male,6556,1914,cerd,470227
60617,Chen,Jiguang,陳紀光,Male,5244,1912,cerd,470228
60623,Chen,Zuyu,陳組宇,Male,4375,NA,cerd,470229
60627,Chen,Shengzheng,陳繩正,Male,562,1912,cerd,470231
60629,Chen,Shengzu,陳繩祖,Male,13001,1912,cerd,470232
60633,Chen,Shuyu,陳叔玉,Male,2790,NA,cerd,470233
60635,Chen,Shutao,陳叔陶,Male,6617,1916,cerd,470234
60637,Chen,Shaolin,陳紹琳,Male,2253,1900,cerd,395230
60643,Lu,Shihong,陸仕鴻,Male,1993,1917,cerd,470235
60646,Lu,Defang,陸德芳,Male,1881,NA,cerd,470236
60654,Lu,Fuli,陸傅禮,Male,1748,1908,cerd,470237
60660,Lu,Xiuzhi,陸修祉,Male,9324,1899,cerd,470238
60667,Lu,Xiuhan,陸修涵,Male,9324,1916,cerd,470239
60671,Lu,Shaoyun,陸紹雲,Male,71,1895,cerd,470240
60675,Lu,Shaohan,陸紹漢,Male,5917,NA,cerd,470242
60677,Lu,Shaoming,陸紹銘,Male,765,1912,cerd,470243
60679,Lu,Yiyan,陸以燕,Male,2641,1894,cerd,470244
60691,Lu,Yiying,陸以英,Male,2641,NA,cerd,470245
60694,Lu,Yizhou,陸以周,Male,2641,NA,cerd,470246
60696,Lu,Jiren,陸濟仁,Male,2114,1913,cerd,470247
60698,Lu,Yonghan,陸永漢,Male,7050,NA,cerd,470248
60700,Lu,Jiachen,陸家琛,Male,877,1914,cerd,470249
60703,Lu,Jianai,陸家鼐,Male,1256,NA,cerd,338964
60705,Lu,Jiajun,陸家俊,Male,1256,1899,cerd,470250
60717,Lu,Jiabao,陸家保,Male,1256,1909,cerd,470251
60720,Lu,Jiaxiu,陸家修,Male,1256,1911,cerd,470253
60730,Lu,Jiarun,陸家潤,Male,1256,NA,cerd,470254
60733,Lu,Jiaju,陸家駒,Male,1256,1892,cerd,470255
60737,Lu,Zhishun,陸之順,Male,3750,1893,cerd,470256
60742,Lu,Shoujian,陸守堅,Male,950,NA,cerd,470257
60744,Lu,Dingyi,陸定一,Male,1664,NA,cerd,169
60746,Lu,Baoyu,陸寶愈,Male,1161,1897,cerd,470258
60756,Lu,Zongliang,陸宗良,Male,1113,1915,cerd,470259
60758,Lu,Zongfan,陸宗藩,Male,1881,1910,cerd,470260
60760,Lu,Zongxian,陸宗賢,Male,1113,1909,cerd,470261
60768,Lu,Chengqing,陸澄清,Male,965,NA,cerd,470262
60770,Lu,Zhaohuang,陸兆晃,Male,NA,NA,cerd,470265
60774,Lu,Fazeng,陸法曾,Male,1079,1890,cerd,470266
60788,Lu,Hongyi,陸鴻益,Male,427,1916,cerd,470267
60790,Lu,Zunyi,陸遵儀,Male,1042,1900,cerd,470268
60792,Lu,Dayi,陸大益,Male,4407,1909,cerd,470269
60794,Lu,Shiyan,陸士岩,Male,71,1909,cerd,470270
60797,Lu,Shiji,陸士基,Male,1079,1897,cerd,470271
60808,Lu,Nanxi,陸南熙,Male,903,1902,cerd,470272
60825,Lu,Zhihong,陸志鴻,Male,1604,1898,cerd,396179
60831,Lu,Zhidao,陸志道,Male,1604,1907,cerd,396176
60833,Lu,Jiali,陸嘉禮,Male,4394,NA,cerd,470273
60835,Lu,Shouheng,陸壽衡,Male,553,NA,cerd,470274
60837,Lu,Ziwen,陸梓文,Male,903,1917,cerd,470276
60839,Lu,Pengnian,陸彭年,Male,1256,1912,cerd,470277
60842,Lu,Silun,陸斯崙,Male,7006,1913,cerd,470278
60844,Lu,Baocheng,陸葆誠,Male,2068,1913,cerd,470279
60847,Lu,Xiaolun,陸孝崙,Male,NA,NA,cerd,470280
60850,Lu,Shichang,陸世昌,Male,1292,1909,cerd,470281
60853,Lu,Shixun,陸世勛,Male,765,1888,cerd,470282
60868,Lu,Shirong,陸世榮,Male,1016,1907,cerd,470283
60878,Lu,Shuhao,陸樹豪,Male,1256,1914,cerd,470284
60880,Lu,Shuxiang,陸樹相,Male,1359,1909,cerd,470285
60882,Lu,Guixiang,陸桂祥,Male,1409,1902,cerd,470287
60895,Zhou,Haiyuan,周海元,Male,11040,1908,cerd,470288
60900,Zhou,Haitao,周海濤,Male,590,1914,cerd,470289
60902,Zhou,Daohong,周道洪,Male,903,1915,cerd,470290
60904,Zhou,Daoben,周道本,Male,NA,NA,cerd,470291
60906,Zhou,Dalong,周道隆,Male,33811,1898,cerd,403751
60912,Zhou,Zhaoxi,周肇西,Male,511,1901,cerd,470292
60922,Zhou,Zhaoji,周肇基,Male,1618,1915,cerd,470293
60926,Zhou,Qidong,周啟東,Male,57803,1896,cerd,470294
60930,Zhou,Dayao,周大瑤,Male,429,1903,cerd,470295
60947,Zhou,Dajing,周大經,Male,NA,NA,cerd,470296
60949,Zhou,Daben,周大本,Male,1487,NA,cerd,470298
60952,Zhou,Dajun,周大鈞,Male,782,1891,cerd,470299
60963,Zhou,Taikai,周太開,Male,807,1913,cerd,470300
60966,Zhou,Shiji,周士毅,Male,NA,NA,cerd,470301
60968,Zhou,Shifu,周士富,Male,30799,1904,cerd,470302
60973,Zhou,Kerong,周克榮,Male,338,1914,cerd,470303
60975,Zhou,Xiren,周希仁,Male,11475,1916,cerd,470304
60977,Zhou,Xihan,周希翰,Male,1042,1912,cerd,470305
60979,Zhou,Youxiong,周有熊,Male,13001,1911,cerd,470306
60981,Zhou,Youting,周有莛,Male,1305,1902,cerd,470307
60983,Zhou,Zhilian,周志廉,Male,1305,1894,cerd,470309
60986,Zhou,Zhiduan,周志端,Male,29372,1912,cerd,470310
60988,Zhou,Zhihong,周志宏,Male,7398,1899,cerd,9361
60996,Zhou,Zhiliang,周志良,Male,909,1914,cerd,470311
61001,Zhou,Zhiyuan,周志遠,Male,36548,1912,cerd,470312
61003,Zhou,Zhichang,周志昌,Male,NA,NA,cerd,470313
61005,Zhou,Jieqing,周杰卿,Male,3042,1913,cerd,470314
61007,Zhou,Jianmin,周嘉民,Male,1113,1911,cerd,470315
61010,Zhou,Fangshi,周芳世,Male,1941,1904,cerd,470316
61016,Zhou,Baozhen,周葆珍,Male,2857,1911,cerd,470317
61021,Zhou,Gongliang,周恭良,Male,553,1897,cerd,470318
61029,Zhou,Maoxi,周懋熙,Male,1664,1909,cerd,470320
61031,Zhou,Xiaogao,周孝高,Male,1161,1900,cerd,311189
61034,Zhou,Xiaoru,周孝儒,Male,23758,1904,cerd,470321
61036,Zhou,Cuiji,周萃禨,Male,909,1896,cerd,470322
61051,Zhou,Wansheng,周萬勝,Male,10808,1908,cerd,470323
61053,Zhou,Wanhui,周萬會,Male,12014,1906,cerd,470324
61055,Zhou,Yingsan,周英三,Male,511,1911,cerd,470325
61058,Zhou,Yingxing,周英行,Male,7356,1916,cerd,470326
61060,Zhou,Ruocong,周若聰,Female,2780,1916,cerd,470327
61062,Zhou,Shiping,周世平,Male,1231,1912,cerd,470328
61065,Zhou,Qigong,周其恭,Male,877,1914,cerd,470329
61067,Zhou,Shuwu,周樹吾,Male,17810,1898,cerd,470331
61075,Zhou,Shuhuang,周樹煌,Male,553,1896,cerd,470332
61078,Zhou,Guifang,周桂芳,Male,6917,1913,cerd,470333
61080,Zhou,Yunzhang,周蘊章,Male,2732,1896,cerd,470334
61082,Zhou,Jufan,周菊藩,Male,590,1908,cerd,470335
61085,Zhou,Kunzao,周坤灶,Male,1817,1916,cerd,470336
61087,Zhou,Chunquan,周椿全,Male,410,NA,cerd,470337
61089,Zhou,Ruheng,周如恆,Male,1189,1900,cerd,470338
61094,Zhou,Xianglun,周相倫,Male,2496,NA,cerd,470339
61096,Zhou,Yuru,周郁如,Male,607,1893,cerd,470340
61100,Zhou,Henian,周鶴年,Male,1004,1906,cerd,470342
61104,Zhou,Zengwan,周增婉,Male,877,1915,cerd,470343
61106,Zhou,Zengmei,周增楣,Male,7703,1911,cerd,470344
61109,Zhou,Jingyao,周敬堯,Male,1903,NA,cerd,470345
61111,Zhou,Zhongxuan,周中煊,Male,40694,NA,cerd,470346
61113,Zhou,Taigan,周泰乾,Male,9282,1912,cerd,470347
61118,Zhou,Benyuan,周本源,Male,1409,1914,cerd,470348
61120,Zhou,Zhongfang,周忠鈁,Male,1161,1915,cerd,470349
61122,Zhou,Zhongming,周忠銘,Male,1161,1908,cerd,470350
61127,Zhou,Qijiu,周惠久,Male,61128,1913,cerd,470351
61130,Zhou,Shutao,周書濤,Male,71,1909,cerd,470353
61134,Zhou,Chunfeng,周春風,Male,1367,NA,cerd,470354
61136,Zhou,Chunrong,周春榮,Male,427,NA,cerd,470355
61138,Zhou,Zhenliang,周振亮,Male,4089,1915,cerd,470356
61140,Zhou,Zhenfu,周振福,Male,1189,1897,cerd,470357
61142,Zhou,Zhenpeng,周振鵬,Male,571,1915,cerd,470358
61144,Zhou,Zhenjun,周振鈞,Male,909,1900,cerd,470359
61150,Zhou,Fuqi,周輔齊,Male,3750,1914,cerd,470360
61153,Zhou,Fushi,周輔世,Male,3750,1903,cerd,470361
61157,Zhou,Chengtai,周成泰,Male,1042,NA,cerd,470362
61159,Zhou,Bangzhu,周邦柱,Male,1231,1886,cerd,403760
61175,Zhou,_yuan,周X淵,Male,566,NA,cerd,470364
61179,Zhou,Lunyuan,周掄元,Male,1161,1891,cerd,470365
61193,Zhou,Yuexiang,周曰庠,Male,14373,1912,cerd,470366
61195,Zhou,Rixin,周日新,Male,1364,NA,cerd,470367
61197,Zhou,Richao,周日朝,Male,1415,NA,cerd,470368
61199,Zhou,Guozhang,周國璋,Male,6460,1899,cerd,470369
61203,Zhou,Guofan,周國璠,Male,6460,NA,cerd,470370
61206,Zhou,Enfu,周恩紱,Male,2790,1896,cerd,470371
61213,Zhou,Changqi,周昌琦,Male,8344,1915,cerd,470372
61215,Zhou,Lusheng,周呂生,Male,30607,1916,cerd,470373
61217,Zhou,Pinda,周品達,Male,3829,1902,cerd,470376
61224,Zhou,Jingtang,周景唐,Male,1091,1902,cerd,470377
61227,Zhou,Jingrui,周景瑞,Male,14301,NA,cerd,470378
61229,Zhou,Zegan,周則乾,Male,1079,1912,cerd,470379
61233,Zhou,Zeyue,周則岳,Male,2062,1896,cerd,470380
61248,Zhou,Mingxi,周明鸂,Male,1748,1909,cerd,470381
61250,Zhou,Houkun,周厚坤,Male,1664,NA,cerd,470382
61260,Zhou,Juyuan,周巨源,Male,1636,1903,cerd,470383
61263,Zhou,Fengjiu,周鳳九,Male,1231,1892,cerd,333562
61273,Zhou,Longzhong,周隆忠,Male,1335,1910,cerd,470384
61275,Zhou,Fengyue,周風月,Male,14373,1916,cerd,470385
61278,Zhou,Tongzao,周同藻,Male,14636,1911,cerd,470387
61280,Zhou,Pengyuan,周鵬遠,Male,571,NA,cerd,470388
61282,Zhou,Lüren,周履仁,Male,11209,1910,cerd,470389
61284,Zhou,Dianlun,周殿掄,Male,1210,1903,cerd,470390
61286,Zhou,Dianying,周殿營,Male,13741,1900,cerd,470391
61295,Zhou,Kaiji,周開基,Male,1079,NA,cerd,470392
61310,Zhou,Xingwei,周興渭,Male,61312,1916,cerd,470393
61314,Zhou,Xianwei,周賢偉,Male,1189,1915,cerd,470394
61316,Zhou,Haochuan,周鎬川,Male,711,NA,cerd,350749
61320,Zhou,Nianxian,周念先,Male,71,1914,cerd,470395
61322,Zhou,Nianqu,周念劬,Male,1042,1901,cerd,470396
61330,Chen,Shaogang,陳紹綱,Male,6169,1914,cerd,470398
61332,Chen,Shaoyao,陳紹堯,Male,7174,1914,cerd,470399
61336,Chen,Shaoqiu,陳紹裘,Male,965,1910,cerd,470400
61339,Chen,Shaohuang,陳紹煌,Male,449,NA,cerd,470401
61342,Chen,Shaohuan,陳紹煥,Male,2253,1902,cerd,395228
61356,Chen,Zuobin,陳作賓,Male,644,1911,cerd,470402
61360,Chen,Fuwei,陳復偉,Male,338,1916,cerd,470403
61362,Chen,Liuzhu,陳流柱,Male,61363,NA,cerd,470404
61365,Chen,Huaiqing,陳淮清,Male,NA,NA,cerd,470405
61367,Chen,Huaiqing,陳淮清,Male,1779,NA,cerd,470406
61369,Chen,Huaicai,陳淮材,Male,8641,1915,cerd,470407
61371,Chen,Jihang,陳濟航,Male,3042,1915,cerd,470409
61373,Chen,Jimin,陳濟民,Male,553,1911,cerd,470410
61376,Chen,Kuanfu,陳寬馥,Male,7590,1897,cerd,470411
61387,Chen,Chongjin,陳寵錦,Male,34586,1911,cerd,470412
61389,Chen,Yonggao,陳永高,Male,1210,NA,cerd,470413
61394,Chen,Yongxue,陳永雪,Male,558,1917,cerd,470414
61396,Chen,Yongzhuo,陳永卓,Male,4977,1911,cerd,470415
61399,Chen,Yongjian,陳永健,Male,553,1903,cerd,394791
61413,Chen,Yongling,陳永齡,Male,410,NA,cerd,470416
61415,Lu,Kunyuan,陸坤元,Male,1664,1914,cerd,87862
61424,Lu,Zengqi,陸增祺,Male,1664,1901,cerd,470417
61432,Lu,Zhenji,陸振基,Male,950,1914,cerd,470418
61434,Lu,Zhenbang,陸振邦,Male,950,1895,cerd,470420
61435,Zhou,Niandian,周念典,Male,1042,NA,cerd,470421
61437,Zhou,Yufen,周毓芬,Male,2780,1914,cerd,470422
61439,Zhou,Shanfu,周善富,Male,31053,1903,cerd,470423
61444,Zhou,Shanfen,周善鈖,Male,782,1919,cerd,470424
61446,Zhou,Gongpu,周公僕,Male,877,1896,cerd,470425
61454,Zhou,Songwen,周頌文,Male,NA,NA,cerd,470426
61456,Zhou,Zhenlun,周鎮倫,Male,453,1893,cerd,470427
61468,Zhou,Zhenyu,周鎮宇,Male,1604,NA,cerd,470428
61470,Zhou,Mingde,周銘德,Male,511,1913,cerd,470429
61472,Zhou,Mingbo,周銘波,Male,1817,NA,cerd,470431
61474,Zhou,Mingxiang,周銘祥,Male,2352,NA,cerd,470432
61476,Zhou,Guangzu,周光祖,Male,1161,1907,cerd,470433
61481,Zhou,Guangming,周光明,Male,NA,NA,cerd,470434
61483,Zhou,Guangyan,周光炎,Male,1231,NA,cerd,470435
61485,Zhou,Yanlin,周炎林,Male,4945,1915,cerd,470436
61487,Zhou,Hengtao,周恆濤,Male,53328,1915,cerd,470437
61489,Zhou,Hengshou,周恆壽,Male,1016,1916,cerd,470438
61491,Zhou,Hengyao,周恆耀,Male,459,1914,cerd,470439
61493,Zhou,Bingzhang,周炳章,Male,909,1911,cerd,470440
61495,Zhou,Shenmou,周慎謀,Male,1857,1888,cerd,470442
61504,Zhou,Yaonian,周耀年,Male,74,NA,cerd,470443
61506,Zhou,Huanzhang,周煥章,Male,3966,1900,cerd,470444
61515,Zhou,Rongke,周榮科,Male,4195,1907,cerd,470445
61518,Tao,Xun,陶勳,Male,956,1900,cerd,470446
61521,Tao,Tao,陶滔,Male,909,1915,cerd,470447
61523,Tao,Mo,陶模,Male,1256,1910,cerd,470448
61530,Tao,Rong,陶鎔,Male,1618,1886,cerd,470449
61535,Tao,Wei,陶煒,Male,1664,1914,cerd,470450
61537,Tao,Jun,陶鈞,Male,1256,1890,cerd,470451
61544,Tao,Lizhong,陶立中,Male,1604,1911,cerd,470453
61549,Tao,Hengyu,陶亨豫,Male,12014,1911,cerd,470454
61551,Tao,Hengxian,陶亨咸,Male,909,1914,cerd,470455
61554,Tao,Qixian,陶齊憲,Male,1664,1910,cerd,470456
61558,Tao,Wenrui,陶文瑞,Male,20499,1891,cerd,470457
61572,Tao,Wenhai,陶文海,Male,9036,1901,cerd,470458
61574,Tao,Picheng,陶丕承,Male,1664,NA,cerd,470459
61576,Lu,Zhenguo,陸振國,Male,950,1911,cerd,470460
61577,Tao,Ruixi,陶瑞羲,Male,1664,NA,cerd,470461
61580,Tao,Yanqiao,陶延橋,Male,3703,1901,cerd,470462
61588,Lu,Futang,陸輔唐,Male,1630,1904,cerd,470464
61589,Tao,Chengxing,陶承杏,Male,909,1910,cerd,470465
61591,Tao,Zhizhong,陶致中,Male,1604,1915,cerd,470466
61593,Tao,Weixuan,陶維宣,Male,449,1898,cerd,470467
61605,Lu,Chengyao,陸成爻,Male,1189,1901,cerd,470468
61614,Lu,Bangxing,陸邦興,Male,1881,1900,cerd,470469
61618,Tao,Shaoqin,陶紹勤,Male,73,NA,cerd,470470
61622,Lu,Guanyi,陸貫一,Male,1664,1907,cerd,470471
61627,Lu,Jingyun,陸景雲,Male,950,1910,cerd,470472
61634,Tao,Zuolin,陶作霖,Male,4394,1914,cerd,470473
61636,Tao,Jiacheng,陶家澂,Male,1604,1915,cerd,470475
61637,Lu,Yongmao,陸咏懋,Male,61645,NA,cerd,470476
61639,Tao,Shouxian,陶守賢,Male,410,1894,cerd,470477
61654,Lu,Shinan,陸時南,Male,NA,NA,cerd,470478
61656,Lu,Weixin,陸味辛,Male,1100,NA,cerd,470479
61660,Tao,Liangshao,陶良紹,Male,5244,1915,cerd,470480
61665,Tao,Shuceng,陶述曾,Male,27436,1897,cerd,470481
61679,Tao,Hongdao,陶鴻燾,Male,34147,1889,cerd,470482
61682,Lu,Mingsheng,陸鳴盛,Male,877,1894,cerd,470483
61685,Tao,Zuyun,陶祖運,Male,1664,1915,cerd,470484
61689,Tao,Guanshi,陶冠時,Male,1664,1900,cerd,470487
61695,Tao,Qikun,陶啟坤,Male,19560,1913,cerd,470488
61697,Tao,Youchun,陶友椿,Male,522,NA,cerd,470489
61700,Tao,Yousong,陶友松,Male,522,1912,cerd,470490
61702,Tao,Xiren,陶希仁,Male,2352,NA,cerd,470491
61704,Tao,Shoukang,陶壽康,Male,1770,1899,cerd,470492
61713,Tao,Shouzhao,陶壽炤,Male,909,1916,cerd,470493
61715,Lu,Weizong,陸慰宗,Male,1604,1910,cerd,470494
61722,Tao,Shiyu,陶式玉,Male,342,1917,cerd,470495
61724,Tao,Shiying,陶式瑩,Male,1664,1909,cerd,470496
61729,Tao,Baokai,陶葆揩,Male,1664,1898,cerd,470498
61740,Tao,Zhiyan,陶芝巖,Male,5756,1915,cerd,470499
61742,Tao,Maoqi,陶懋棨,Male,16722,1907,cerd,470500
61744,Tao,Shichang,陶世昌,Male,9772,1914,cerd,470501
61746,Tao,Guifen,陶桂芬,Male,1881,1913,cerd,470502
61748,Tao,Juren,陶菊人,Male,1643,NA,cerd,470503
61751,Tao,Taiji,陶泰基,Male,71,1896,cerd,395917
61755,Tao,Zhenyong,陶振庸,Male,1604,NA,cerd,470504
61757,Tao,Zhenming,陶振銘,Male,62,1911,cerd,470505
61759,Tao,Lingxi,陶令熙,Male,1079,1914,cerd,470506
61764,Tao,Sirui,陶思瑞,Male,1079,1912,cerd,470507
61779,Tao,Fengshan,陶鳳山,Male,1664,1902,cerd,470509
61791,Tao,Ludun,陶履敦,Male,909,1897,cerd,470510
61794,Tao,Zhenxun,陶鎮勛,Male,55973,1915,cerd,470511
61796,Tao,Bingyuan,陶炳元,Male,1664,NA,cerd,470512
61799,Tao,Rongjin,陶榮金,Male,9592,1915,cerd,470513
61801,Ju,Kun,居崐,Male,1409,1902,cerd,470514
61805,Ju,Yue,居悅,Male,427,1914,cerd,470515
61809,Ju,Bingqi,居秉琦,Male,24560,1914,cerd,470516
61811,Ju,Peisun,居培蓀,Male,NA,NA,cerd,470517
61813,Ju,Lijin,居勵今,Male,5463,1894,cerd,470518
61826,Tu,Lin,屠琳,Male,965,1904,cerd,470520
61831,Tu,Ding,屠鼎,Male,909,NA,cerd,470521
61835,Tu,Jin,屠進,Male,965,1908,cerd,470522
61842,Tu,Mi,屠密,Male,965,1899,cerd,348465
61852,Tu,Shuyun,屠書雲,Male,449,1913,cerd,470523
61855,Tu,Mingfu,屠明福,Male,965,NA,cerd,470524
61857,Wu,Weiceng,屠慰曾,Male,1079,1886,cerd,470525
61868,Liu,Tianshun,劉天順,Male,1002,1915,cerd,470526
61870,Liu,Tianshen,劉天申,Male,15503,1900,cerd,470527
61883,Liu,Tiancheng,劉天成,Male,35902,1889,cerd,470528
61901,Liu,Tianmin,劉天民,Male,8780,1913,cerd,470529
61903,Liu,Shiru,劉石如,Male,2429,1906,cerd,470531
61912,Liu,Baichou,劉百疇,Male,1817,1903,cerd,470532
61933,Liu,Jincheng,劉晉檉,Male,553,1894,cerd,470533
61937,Liu,Jinxuan,劉晉暄,Male,23508,1897,cerd,470534
61960,Liu,Jinyu,劉晉鈺,Male,553,1899,cerd,470535
61973,Liu,Yunying,劉雲英,Male,30607,1909,cerd,470536
61975,Liu,Yunqing,劉雲青,Male,15783,1898,cerd,470537
61979,Liu,Yunshu,劉雲書,Male,1659,NA,cerd,470538
61983,Liu,Yunpeng,劉雲鵬,Male,21322,1908,cerd,470539
61985,Liu,Dengxue,劉登學,Male,15503,1910,cerd,470540
61987,Liu,Ruiting,劉瑞庭,Male,23836,1905,cerd,470542
61991,Liu,Ruixiang,劉瑞驤,Male,5073,1899,cerd,470543
62003,Liu,Yanshi,劉延實,Male,1002,1905,cerd,470544
62006,Liu,Yanshou,劉延壽,Male,4086,1908,cerd,470545
62010,Liu,Tinglan,劉廷蘭,Male,3226,NA,cerd,470546
62012,Liu,Xunjing,劉訓經,Male,11225,1912,cerd,470547
62014,Liu,Jiangong,劉建功,Male,11289,1914,cerd,470548
62016,Liu,Jianye,劉建業,Male,19711,1907,cerd,470549
62018,Liu,Jianjie,劉建杰,Male,558,1904,cerd,470550
62027,Liu,Daxi,劉達熙,Male,558,1905,cerd,470551
62031,Liu,Naichen,劉鼐臣,Male,21333,1913,cerd,470553
62034,Liu,Chengyan,劉承彥,Male,427,1907,cerd,470554
62042,Liu,Chengxian,劉承先,Male,12235,1912,cerd,470555
62045,Liu,Chenggang,劉承綱,Male,618,1912,cerd,470556
62048,Liu,Chengquan,劉承銓,Male,46621,1913,cerd,470557
62051,Liu,Zizhou,劉子周,Male,2884,1899,cerd,470558
62055,Liu,Yili,劉乙藜,Male,3326,1902,cerd,470559
62067,Liu,Yihui,劉乙輝,Male,459,NA,cerd,470560
62070,Liu,Zhiping,劉致平,Male,4195,1909,cerd,470561
62073,Liu,Zhixin,劉致信,Male,4195,1906,cerd,470562
62079,Liu,Zhongping,劉重平,Male,2062,NA,cerd,470564
62081,Liu,Zhongru,劉重儒,Male,8366,1910,cerd,470565
62086,Liu,Shuangde,劉雙德,Male,2732,1896,cerd,470566
62095,Liu,Qianji,劉千驥,Male,16722,1909,cerd,470567
62098,Chen,Yongheng,陳永蘅,Male,18927,1909,cerd,470568
62100,Chen,Yongji,陳永極,Male,55442,1912,cerd,470569
62105,Chen,Yongchang,陳永昌,Male,566,1911,cerd,470570
62107,Chen,Jiarui,陳家瑞,Male,26378,1904,cerd,470571
62112,Chen,Jiarui,陳家瑞,Male,496,1904,cerd,470572
62115,Chen,Jiaying,陳家瑛,Male,3966,NA,cerd,470573
62117,Lu,Fengshan,陸鳳山,Male,24560,1906,cerd,470575
62123,Chen,Jiabao,陳家寶,Male,496,1908,cerd,470576
62129,Lu,Fengshu,陸鳳書,Male,1664,1892,cerd,470577
62132,Chen,Jiaji,陳家吉,Male,NA,NA,cerd,470578
62136,Chen,Jiazhi,陳家贄,Male,26378,1912,cerd,470579
62143,Lu,Dianzhang,陸殿章,Male,903,1910,cerd,470580
62145,Chen,Jiaji,陳家驥,Male,3608,1914,cerd,470581
62150,Lu,Lütan,陸履坦,Male,1100,1911,cerd,470582
62155,Lu,Xueli,陸學禮,Male,1113,1892,cerd,470583
62156,Chen,Jiachen,陳家臣,Male,1256,1911,cerd,470584
62173,Chen,Jiaqi,陳家騏,Male,16085,NA,cerd,470586
62175,Chen,Zhizhuan,陳之顓,Male,2310,1912,cerd,470587
62179,Chen,Zhiying,陳之穎,Male,2310,1892,cerd,470588
62181,Chen,Zhida,陳之達,Male,1881,1889,cerd,470589
62186,Chen,Zhixie,陳之頡,Male,2310,1913,cerd,470590
62190,Lu,Xueji,陸學機,Male,1113,1894,cerd,470591
62194,Chen,Shouyi,陳守一,Male,590,1902,cerd,470592
62200,Lu,Yinru,陸誾如,Male,1189,1901,cerd,470593
62202,Chen,Shouren,陳守仁,Male,571,1911,cerd,470594
62204,Chen,Shouqin,陳守勤,Male,1817,1917,cerd,470595
62206,Chen,Shouchang,陳守常,Male,8775,1914,cerd,470599
62208,Chen,Anrun,陳安潤,Male,3265,1907,cerd,470600
62220,Chen,Hongmou,陳宏謀,Male,877,1914,cerd,394070
62222,Chen,Hongduo,陳宏鐸,Male,553,NA,cerd,470601
62224,Chen,Zhaifu,陳宅桴,Male,4320,1896,cerd,470602
62230,Lu,Guanyi,陸貫一,Male,1664,1904,cerd,470603
62241,Lu,Yishou,陸益壽,Male,1079,1915,cerd,470604
62244,Lu,Yishan,陸益善,Male,1604,1893,cerd,470605
62246,Lu,Jingqing,陸鏡清,Male,2780,1891,cerd,470606
62255,Lu,Zunzhou,陸尊周,Male,1664,1901,cerd,470607
62264,Lu,Zengfu,陸曾福,Male,1881,NA,cerd,470608
62268,Lu,Zengming,陸曾明,Male,90,NA,cerd,470610
62270,Lu,Gongda,陸公達,Male,2641,1895,cerd,470611
62273,Lu,Songkang,陸頌康,Male,1256,1910,cerd,470612
62276,Lu,Zhongzuo,陸鍾祚,Male,1079,1915,cerd,470613
62279,Lu,Xizhang,陸錫章,Male,1256,1897,cerd,396200
62287,Lu,Jinrong,陸錦榮,Male,1664,1908,cerd,470614
62292,Lu,Yinru,陸銀如,Male,1630,1918,cerd,470615
62294,Lu,Qingong,陸欽貢,Male,1079,1904,cerd,470616
62302,Lu,Qinqiu,陸欽球,Male,1079,NA,cerd,470617
62304,Lu,Qinkan,陸欽侃,Male,1079,1914,cerd,470618
62306,Lu,Qinyi,陸欽頤,Male,1079,1891,cerd,470619
62317,Lu,Qinshang,陸欽尚,Male,1079,1913,cerd,470621
62319,Lu,Xiaodan,陸筱丹,Male,5917,1917,cerd,470622
62321,Lu,Huaizu,陸懷祖,Male,1079,1914,cerd,470623
62323,Li,Naiji,勵乃驥,Male,13001,1897,cerd,470624
62331,Li,Runsheng,勵潤生,Male,13001,1915,cerd,401103
62333,Shan,Zechang,陝澤長,Male,26644,1897,cerd,470625
62335,Chen,Liang,陳亮,Male,62,NA,cerd,470626
62337,Chen,Hao,陳豪,Male,NA,NA,cerd,470627
62339,Chen,Zhang,陳章,Male,1079,1901,cerd,470628
62344,Chen,Liangshi,陳良士,Male,1817,1904,cerd,470629
62364,Chen,Liangdong,陳良棟,Male,8491,1912,cerd,470630
62369,Chen,Liangfu,陳良輔,Male,1305,1906,cerd,470632
62385,Chen,Liangsi,陳良耜,Male,74,1911,cerd,470633
62387,Chen,Liangxun,陳良勛,Male,909,1913,cerd,470634
62389,Chen,Liangzhi,陳良智,Male,10730,1911,cerd,470635
62392,Chen,Dingwai,陳定外,Male,1161,1918,cerd,470636
62394,Chen,Dingyuan,陳定遠,Male,877,1915,cerd,470637
62399,Chen,Li,陳[左立右它],Male,553,NA,cerd,470638
62404,Chen,Dingchang,陳定閶,Male,1618,1914,cerd,470639
62408,Chen,Baocheng,陳寶誠,Male,4089,1912,cerd,470640
62410,Chen,Baoren,陳寶仁,Male,4089,1917,cerd,470641
62412,Chen,Baoshi,陳寶實,Male,4089,1915,cerd,470643
62414,Chen,Baoshu,陳寶書,Male,2884,NA,cerd,470644
62416,Chen,Baocheng,陳寶成,Male,NA,NA,cerd,470645
62418,Chen,Baoliu,陳寶騮,Male,2780,1897,cerd,470646
62420,Chen,Xinyuan,陳心元,Male,4089,1903,cerd,470647
62423,Chen,Baomin,陳寶敏,Male,965,1913,cerd,470648
62426,Chen,Zongyuan,陳宗元,Male,1016,1914,cerd,470649
62428,Chen,Zongqi,陳宗器,Male,1711,NA,cerd,470650
62431,Chen,Zongqiang,陳宗強,Male,449,NA,cerd,470651
62433,Chen,Zongde,陳宗德,Male,62434,1915,cerd,470652
62436,Chen,Zongxian,陳宗憲,Male,427,NA,cerd,470654
62438,Chen,Zongbao,陳宗寶,Male,909,NA,cerd,470655
62441,Chen,Zonghan,陳宗漢,Male,590,1901,cerd,470656
62459,Chen,Zongyao,陳宗堯,Male,NA,NA,cerd,470657
62461,Chen,Zongnan,陳宗南,Male,74,1890,cerd,470658
62469,Chen,Zhongfan,陳忠藩,Male,62470,1895,cerd,470659
62474,Chen,Zongying,陳宗英,Male,553,1895,cerd,470660
62484,Chen,Zonghui,陳宗惠,Male,62434,1907,cerd,470661
62487,Chen,Zongshan,陳宗善,Male,719,NA,cerd,470662
62489,Chen,Junwen,陳濬文,Male,13428,1910,cerd,470663
62491,Chen,Junming,陳濬明,Male,8508,NA,cerd,470665
62493,Chen,Fuqi,陳福齊,Male,1817,1909,cerd,470666
62495,Chen,Fukang,陳福康,Male,1016,1912,cerd,470667
62498,Chen,Fuqi,陳福淇,Male,3608,NA,cerd,470668
62500,Chen,Fushan,陳福善,Male,2857,1898,cerd,470669
62502,Chen,Zhenxiang,陳禎祥,Male,449,1915,cerd,470670
62504,Chen,Zhaoxin,陳兆信,Male,511,1913,cerd,470671
62508,Chen,Zhaoyu,陳兆魚,Male,71,1909,cerd,333205
62510,Chen,Zhaorong,陳兆榮,Male,4977,1914,cerd,470672
62512,Chen,Wojun,陳沃鈞,Male,449,1912,cerd,470673
62514,Chen,Huoyuan,陳活源,Male,2780,1916,cerd,470674
62516,Chen,Yexun,陳業勳,Male,909,1912,cerd,470676
62518,Chen,Yecan,陳業粲,Male,590,1917,cerd,470677
62520,Chen,Chixiu,陳池秀,Male,4977,1912,cerd,470678
62522,Chen,Zhan'en,陳湛恩,Male,4407,1889,cerd,470679
62530,Chen,Hanzhang,陳漢璋,Male,1256,1899,cerd,470680
62534,Chen,Rulin,陳汝霖,Male,1091,1900,cerd,470681
62537,Chen,Rujin,陳汝瑾,Male,1490,1911,cerd,470682
62539,Chen,Ruzhen,陳汝珍,Male,66,1898,cerd,470683
62542,Chen,Ruchang,陳汝鬯,Male,NA,NA,cerd,470684
62544,Chen,Ruliang,陳汝良,Male,1703,NA,cerd,470685
62547,Chen,Ruzhi,陳汝治,Male,2352,NA,cerd,470687
62550,Chen,Ruquan,陳汝銓,Male,1597,1915,cerd,470688
62552,Chen,Hongxun,陳洪訓,Male,2797,1901,cerd,470689
62554,Chen,Hongzhan,陳洪湛,Male,4977,1913,cerd,470690
62556,Chen,Hongtu,陳洪圖,Male,33199,1914,cerd,470691
62558,Chen,Yuanchun,陳遠椿,Male,47637,1916,cerd,470692
62560,Chen,Dawen,陳達文,Male,2780,1915,cerd,470693
62562,Chen,Qinghuai,陳青槐,Male,1779,NA,cerd,470694
62564,Chen,Qingrong,陳青榮,Male,566,1917,cerd,470695
62566,Chen,Lizan,陳禮瓚,Male,590,NA,cerd,470696
62569,Chen,Liding,陳禮定,Male,909,1909,cerd,470698
62574,Chen,Xiangfan,陳湘藩,Male,4594,1911,cerd,470699
62582,Chen,Zebu,陳澤埔,Male,553,1916,cerd,470700
62584,Chen,Zeying,陳澤英,Male,6556,1913,cerd,470701
62586,Chen,Zetong,陳澤同,Male,590,1908,cerd,470702
62589,Chen,Zemin,陳澤民,Male,571,1917,cerd,470703
62591,Chen,Zerong,陳澤榮,Male,62592,1902,cerd,470704
62604,Chen,Shiran,陳湜然,Male,33811,1912,cerd,470705
62606,Chen,Runmin,陳潤民,Male,553,NA,cerd,470706
62608,Chen,Hongwen,陳鴻文,Male,4079,1904,cerd,470707
62613,Chen,Hongren,陳鴻仁,Male,NA,NA,cerd,470710
62615,Chen,Hongding,陳鴻鼎,Male,61,1906,cerd,470711
62617,Chen,Hongqi,陳鴻啟,Male,4553,1911,cerd,470712
62619,Chen,Hongji,陳鴻基,Male,553,1916,cerd,470713
62621,Chen,Honghan,陳鴻翰,Male,871,1897,cerd,470714
62635,Tu,Da,屠達,Male,965,1912,cerd,470715
62644,Tu,Kai,屠揩,Male,965,1909,cerd,470716
62647,Tu,Tinggao,屠庭鎬,Male,1161,1909,cerd,470717
62654,Tu,Xiaoceng,屠效曾,Male,965,NA,cerd,470718
62656,Tu,Zijin,屠子金,Male,909,1914,cerd,470719
62658,Tu,Jiyu,屠季虞,Male,909,1892,cerd,470721
62662,Tu,Baoyi,屠寶彝,Male,37605,1910,cerd,470722
62664,Tu,Xiaohuan,屠孝宦,Male,965,1894,cerd,470723
62681,Tu,Qinwei,屠欽渭,Male,909,1911,cerd,470724
62689,Tu,Yizhen,屠怡真,Male,1604,NA,cerd,470725
62691,Tu,Yaobin,屠耀彬,Male,1630,1908,cerd,470726
62694,Qu,Qingsheng,屈慶昇,Male,3226,1909,cerd,470727
62696,Qu,Weide,屈維德,Male,3042,1916,cerd,470728
62698,Qu,Dizhong,屈滌中,Male,1993,1917,cerd,470729
62700,Qu,Guangyao,屈光耀,Male,4371,1899,cerd,470730
62702,Qu,Bingliang,屈炳良,Male,807,1905,cerd,470732
62705,Luo,Zhen,駱楨,Male,1210,1903,cerd,398043
62718,Luo,Teng,駱騰,Male,765,1911,cerd,470733
62720,Luo,Naixuan,駱迺璇,Male,8185,1911,cerd,470734
62722,Luo,Yingshu,駱穎叔,Male,429,1911,cerd,470735
62729,Luo,Jichang,駱繼常,Male,12167,NA,cerd,470736
62731,Luo,Jiguang,駱繼光,Male,765,1904,cerd,470737
62741,Luo,Hongyu,駱鴻瑜,Female,1210,1903,cerd,470738
62743,Luo,Yaochen,駱堯臣,Male,62,1896,cerd,470739
62746,Luo,Liu'an,駱柳庵,Male,765,1916,cerd,470740
62748,Luo,Jingshan,駱景山,Male,10730,1896,cerd,470741
62753,Luo,Zhangsong,駱長松,Male,427,1910,cerd,470743
62756,Luo,Fenglin,駱鳳嶙,Male,429,1888,cerd,470744
62765,Luo,Xixuan,駱錫璇,Male,1210,NA,cerd,470745
62767,Min,Ren,閔任,Male,590,1907,cerd,470746
62769,Min,Hua,閔華,Male,1881,1912,cerd,470747
62772,Min,Yongchuan,閔詠川,Male,NA,1916,cerd,470748
62774,Min,Naida,閔乃大,Male,2352,1912,cerd,470749
62777,Min,Chuanjing,閔傳經,Male,607,1906,cerd,470750
62783,Min,Zhi'an,閔之安,Male,562,NA,cerd,470751
62785,Min,Zhiyin,閔之寅,Male,562,1901,cerd,470752
62787,Min,Qijie,閔啟傑,Male,62,1901,cerd,470754
62795,Min,Xiaowei,閔孝威,Male,765,NA,cerd,470755
62804,Min,Luolie,閔羅列,Male,3265,1911,cerd,470756
62807,Wen,Zaidong,聞在東,Male,1618,1905,cerd,470757
62809,Wen,Xingshan,聞性善,Male,28803,1910,cerd,470758
62811,Dan,Guihuang,丹桂葟,Male,2313,1905,cerd,470759
62813,Duan,Wei,段緯,Male,1251,1891,cerd,470760
62825,Duan,Gan,段幹,Male,388,1910,cerd,470761
62827,Duan,Ao,段鼇,Male,8366,1897,cerd,470762
62829,Duan,Ruilin,段瑞霖,Male,1042,1916,cerd,470763
62831,Duan,Naiwen,段乃文,Male,32948,1905,cerd,470765
62834,Duan,Weiyuan,段維垣,Male,35912,1911,cerd,470766
62836,Duan,Jiceng,段繼曾,Male,4371,NA,cerd,470767
62838,Duan,Kuibing,段魁柄,Male,1578,1911,cerd,470768
62840,Duan,Xianzhang,段憲章,Male,2071,1904,cerd,470769
62844,Duan,Shoutang,段守棠,Male,16224,1907,cerd,470770
62855,Duan,Hongcheng,段宏程,Male,1903,1909,cerd,470771
62860,Duan,Lianfu,段連福,Male,4449,1910,cerd,470772
62869,Duan,Haizhou,段海洲,Male,10437,1906,cerd,470773
62874,Duan,Shiying,段士英,Male,2732,1901,cerd,470774
62876,Duan,Shikuan,段式寬,Male,2857,1900,cerd,470776
62878,Duan,Fangzhi,段芳芝,Male,30115,1915,cerd,470777
62880,Duan,Maohan,段茂瀚,Male,60,NA,cerd,470778
62883,Duan,Shifen,段世芬,Male,29760,1898,cerd,470779
62899,Duan,Qisui,段其燧,Male,813,1910,cerd,470780
62903,Duan,Jingzhai,段靜齋,Male,1251,1915,cerd,470781
62905,Duan,Guojun,段國俊,Male,719,1908,cerd,470782
62909,Duan,Pinzhuang,段品莊,Male,14366,NA,cerd,470783
62911,Duan,Tongren,段同仁,Male,813,1899,cerd,470784
62918,Chen,Hongtai,陳鴻泰,Male,553,1890,cerd,470785
62936,Chen,Hongxin,陳鴻鑫,Male,6701,1914,cerd,470787
62938,Chen,Hongnian,陳鴻年,Male,1016,1915,cerd,470788
62940,Chen,Hongxiang,陳鴻翔,Male,1189,1898,cerd,470789
62944,Chen,Hongyao,陳鴻耀,Male,NA,NA,cerd,470790
62946,Chen,Xunyao,陳洵耀,Male,449,1912,cerd,470791
62948,Chen,Hankui,陳涵奎,Male,965,1918,cerd,8824
62950,Chen,Ciqiao,陳次喬,Male,3042,1911,cerd,470792
62952,Chen,Zuxie,陳祖諧,Male,1042,1899,cerd,470793
62954,Chen,Zumou,陳祖謀,Male,3189,1915,cerd,470794
62957,Chen,Zuhui,陳祖誨,Male,553,1886,cerd,470795
62961,Chen,Zude,陳祖德,Male,1664,NA,cerd,470796
62966,Chen,Bin,陳斌,Male,903,NA,cerd,470798
62968,Chen,Mou,陳謀,Male,1210,1908,cerd,470799
62970,Chen,She,陳設,Male,NA,NA,cerd,470800
62972,Chen,Dang,陳讜,Male,3839,1886,cerd,332805
62980,Chen,Zheng,陳正,Male,62981,1907,cerd,394751
62987,Chen,Zheng,陳正,Male,1544,1901,cerd,470801
62990,Chen,Zhang,陳璋,Male,449,1897,cerd,470802
62996,Chen,Xia,陳夏,Male,965,NA,cerd,470803
62998,Chen,Jin,陳晉,Male,6556,1903,cerd,470804
63006,Chen,Qu,陳璩,Male,2352,NA,cerd,470805
63009,Chen,Zhuo,陳琸,Male,449,1904,cerd,470806
63010,Chen,Zuliang,陳祖良,Male,6617,1884,cerd,339635
63019,Chen,Lifu,陳立夫,Male,1113,1900,cerd,292
63028,Chen,Zuzeng,陳祖增,Male,1714,NA,cerd,470807
63030,Chen,Zudong,陳祖東,Male,1113,1913,cerd,470809
63033,Chen,Zuyi,陳祖貽,Male,1016,1914,cerd,470810
63036,Chen,Zuyi,陳祖貽,Male,1210,1896,cerd,470811
63047,Chen,Zujun,陳祖鈞,Male,1079,1908,cerd,333261
63051,Chen,Zuxiang,陳祖翔,Male,449,1914,cerd,470812
63053,Chen,Zuguang,陳祖光,Male,1664,1903,cerd,470813
63069,Chen,Guanqun,陳冠羣,Male,1126,1909,cerd,470814
63083,Chen,Pu,陳璞,Male,553,1894,cerd,470815
63089,Chen,Guan,陳琯,Male,63090,1896,cerd,395036
63102,Chen,Cong,陳琮,Male,449,1899,cerd,470816
63107,Chen,Xi,陳琋,Male,23758,NA,cerd,470817
63109,Chen,Qi,陳琦,Male,1636,1905,cerd,470818
63114,Chen,Zan,陳瓚,Male,909,1896,cerd,470821
63119,Chen,Hua,陳驊,Male,20814,1915,cerd,470822
63121,Chen,Zheng,陳政,Male,5688,1890,cerd,470823
63130,Chen,Wei,陳維,Male,9535,1896,cerd,470824
63143,Chen,Yan,陳衍,Male,13846,1915,cerd,470825
63145,Chen,Ren,陳任,Male,6556,NA,cerd,470826
63149,Chen,San,陳參,Male,11516,1915,cerd,470827
63151,Chen,Tuo,陳佗,Male,3608,NA,cerd,470828
63153,Chen,Jian,陳健,Male,1725,1912,cerd,470829
63155,Chen,Jie,陳傑,Male,NA,NA,cerd,470830
63157,Chen,Yan,陳儼,Male,1993,1906,cerd,470832
63162,Chen,Xiang,陳緗,Male,590,1914,cerd,470833
63164,Chen,Nie,陳臬,Male,402,1910,cerd,470834
63168,Chen,Mu,陳穆,Male,1881,1910,cerd,470835
63170,Chen,Yi,陳伊,Male,410,1907,cerd,470836
63177,Chen,Fu,陳郛,Male,NA,NA,cerd,470837
63180,Chen,Feng,陳峰,Male,1189,1912,cerd,470838
63182,Chen,Pan,陳槃,Male,553,NA,cerd,470839
63184,Chen,Shu,陳紓,Male,63185,1915,cerd,470840
63187,Chen,Gang,陳綱,Male,879,1909,cerd,470841
63190,Chen,Lun,陳綸,Male,2567,1911,cerd,470843
63193,Chen,Liu,陳鎏,Male,950,1896,cerd,470844
63198,Liu,Xiangling,劉香齡,Male,2071,1908,cerd,470845
63200,Liu,Bingqian,劉秉謙,Male,719,NA,cerd,470846
63202,Liu,Bingli,劉秉理,Male,1682,1902,cerd,470847
63204,Liu,Bingheng,劉秉衡,Male,2435,1911,cerd,470848
63210,Liu,Binghuang,劉秉鐄,Male,63,1896,cerd,470849
63213,Liu,Weizheng,劉維正,Male,16164,1913,cerd,470850
63215,Liu,Weiqi,劉維祺,Male,3203,1913,cerd,470851
63217,Liu,Weigan,劉維淦,Male,1364,1897,cerd,470852
63219,Liu,Weibang,劉維邦,Male,1189,1901,cerd,470854
63223,Liu,Weiping,劉維屏,Male,1042,NA,cerd,470855
63225,Liu,Renfu,劉仁輔,Male,7174,1898,cerd,470856
63229,Liu,Renxie,劉仁燮,Male,9575,1892,cerd,389685
63240,Liu,Xingqian,劉行謙,Male,3966,1899,cerd,470857
63251,Liu,Yan'ai,劉衍靄,Male,7484,1900,cerd,470858
63253,Liu,Ruying,劉儒英,Male,14834,1915,cerd,470859
63255,Liu,Zhuojun,劉卓鈞,Male,74,1905,cerd,470860
63260,Liu,Shiliang,劉師亮,Male,4225,1908,cerd,470861
63262,Liu,Zhenji,劉貞濟,Male,2797,NA,cerd,470862
63264,Liu,Jinggang,劉經綱,Male,25548,1913,cerd,470863
63266,Liu,Jingrun,劉經潤,Male,11135,1910,cerd,470865
63270,Liu,Yinkui,劉胤魁,Male,13425,1910,cerd,470866
63272,Liu,Fengrui,劉豐瑞,Male,2429,NA,cerd,470867
63275,Liu,Xianzhou,劉仙洲,Male,751,1891,cerd,470868
63282,Liu,Chongjin,劉崇謹,Male,7094,1893,cerd,470869
63304,Chen,Shi,陳適,Male,1544,1916,cerd,470870
63306,Chen,Yu,陳宇,Male,36004,1905,cerd,470871
63310,Chen,Yin,陳寅,Male,2443,1903,cerd,470872
63318,Chen,Tao,陳滔,Male,7356,1884,cerd,470873
63325,Chen,Chi,陳池,Male,2780,1909,cerd,470874
63341,Chen,Ling,陳凌,Male,1604,NA,cerd,470876
63343,Chen,Da,陳達,Male,562,1905,cerd,470877
63346,Chen,Li,陳禮,Male,1210,1895,cerd,470878
63352,Chen,Hu,陳湖,Male,2352,NA,cerd,470879
63355,Chen,Hu,陳湖,Male,427,1912,cerd,470880
63358,Chen,Qia,陳洽,Male,1630,1899,cerd,470881
63365,Chen,Lu,陳潞,Male,9785,1914,cerd,470882
63368,Chen,Yao,陳堯,Male,909,1912,cerd,192491
63371,Chen,Zhi,陳志,Male,5073,1919,cerd,470883
63374,Chen,Xi,陳熹,Male,1748,NA,cerd,470884
63378,Chen,Bin,陳彬,Male,1779,NA,cerd,470885
63380,Chen,Qin,陳勤,Male,965,1908,cerd,470887
63383,Chen,Zao,陳藻,Male,996,NA,cerd,470888
63385,Chen,Mao,陳懋,Male,553,1913,cerd,470889
63387,Chen,Hua,陳華,Male,1714,NA,cerd,470890
63392,Chen,Guanshi,陳冠世,Male,1736,1896,cerd,470891
63395,Chen,Guanchun,陳冠春,Male,877,1911,cerd,470892
63398,Chen,Hetong,陳鶴桐,Male,2884,NA,cerd,470893
63402,Chen,Fengdun,陳逢敦,Male,7964,NA,cerd,470894
63404,Chen,Fengyuan,陳逢源,Male,70,1909,cerd,470895
63407,Chen,Yuncheng,陳運晟,Male,590,1901,cerd,470896
63417,Chen,Fengrong,陳逢榮,Male,4977,NA,cerd,470898
63426,Chen,Haibin,陳海濱,Male,553,1893,cerd,470899
63428,Chen,Xiangde,陳祥德,Male,11217,1908,cerd,395123
63443,Chen,Yukang,陳裕康,Male,1161,1910,cerd,470900
63448,Chen,Yuhua,陳裕華,Male,62,1906,cerd,470901
63454,Chen,Yujian,陳裕堅,Male,3608,1908,cerd,470902
63463,Chen,Zunping,陳遵平,Male,553,1906,cerd,470903
63467,Chen,Daohong,陳道弘,Male,342,1915,cerd,8878
63469,Chen,Daoming,陳道明,Female,24302,1915,cerd,470904
63471,Chen,Zhaogen,陳肇根,Male,3608,1902,cerd,470905
63474,Chen,Qilin,陳啟琳,Male,16358,NA,cerd,470906
63476,Chen,Qide,陳啟德,Male,711,NA,cerd,470907
63478,Chen,Qihe,陳啟和,Male,34611,1916,cerd,470909
63481,Chen,Qiyuan,陳啟源,Male,935,1916,cerd,470910
63483,Chen,Qichang,陳啟昌,Male,11522,1903,cerd,470911
63490,Chen,Qiming,陳啟明,Male,1993,1914,cerd,470912
63492,Chen,Qihuan,陳啟寰,Male,819,1911,cerd,470913
63494,Chen,Panling,陳泮嶺,Male,66,1898,cerd,470914
63497,Chen,Panyou,陳泮游,Male,9535,NA,cerd,470915
63499,Chen,Panzao,陳泮藻,Male,4619,1911,cerd,470916
63502,Chen,Dashou,陳大受,Male,1643,1896,cerd,470917
63516,Chen,Ying,陳英,Male,1036,1900,cerd,470918
63519,Chen,Zhen,陳蓁,Male,77,1890,cerd,470920
63522,Chen,Daqi,陳大啟,Male,1643,1894,cerd,470921
63523,Chen,Zhi,陳植,Male,765,1904,cerd,470922
63527,Chen,Chao,陳超,Male,2443,1912,cerd,470923
63530,Chen,Shu,陳書,Male,26999,1904,cerd,470924
63547,Chen,Dong,陳東,Male,1725,1915,cerd,470925
63553,Chen,Dong,陳東,Male,877,1892,cerd,470926
63555,Chen,Daxian,陳大咸,NA,553,NA,cerd,470927
63573,Chen,Zhen,陳振,Male,427,1891,cerd,470928
63596,Liu,Chongji,劉崇璣,Male,553,1892,cerd,394730
63604,Liu,Chonghan,劉崇漢,Male,388,1910,cerd,394696
63620,Liu,Chongyou,劉崇祐,Male,1299,1912,cerd,470929
63622,Liu,Chongli,劉崇禮,Male,3319,1913,cerd,470932
63624,Liu,Chongzhi,劉崇質,Male,20210,1912,cerd,470933
63627,Liu,Chongming,劉崇銘,Male,553,1895,cerd,470934
63629,Liu,Chongguang,劉崇光,Male,4314,1906,cerd,470935
63637,Liu,Jiting,劉繼庭,Male,8174,NA,cerd,470936
63642,Liu,Jizhou,劉繼周,Male,20744,1916,cerd,470937
63645,Liu,Daoqiu,劉稻秋,Male,80,1898,cerd,470938
63650,Liu,Yunnian,劉允年,Male,63651,1904,cerd,470939
63653,Liu,Junwei,劉俊偉,Male,2942,1901,cerd,470940
63668,Liu,Junsheng,劉俊生,Male,1941,1912,cerd,470941
63670,Liu,Junjie,劉俊傑,Male,553,NA,cerd,470943
63673,Liu,Junjie,劉俊傑,Male,562,1908,cerd,470944
63675,Liu,Junye,劉俊業,Male,553,NA,cerd,470945
63677,Liu,Junshu,劉俊書,Male,427,1916,cerd,470946
63679,Liu,Wolong,劉我龍,Male,63680,1911,cerd,470947
63682,Liu,Junfeng,劉峻峯,Male,57803,1898,cerd,470948
63702,Liu,Xianzhao,劉先兆,Male,23657,NA,cerd,470949
63704,Liu,Kuiyu,劉魁餘,Male,511,1913,cerd,470950
63706,Liu,Decheng,劉德誠,Male,40999,1911,cerd,470951
63709,Liu,Deqian,劉德謙,Male,NA,NA,cerd,470952
63711,Liu,Deli,劉德利,Male,64,1912,cerd,470954
63714,Liu,Dejun,劉德峻,Male,5282,1910,cerd,470955
63717,Liu,Derun,劉德潤,Male,1975,1911,cerd,332922
63719,Liu,Deji,劉德基,Male,4809,1912,cerd,470956
63727,Liu,Defen,劉德芬,Male,1659,NA,cerd,470957
63731,Liu,Demu,劉德慕,Male,20748,1896,cerd,470958
63742,Liu,Delin,劉德林,Male,2422,NA,cerd,470959
63745,Liu,Dexin,劉德馨,Male,1556,NA,cerd,470960
63747,Liu,Chenshi,劉縝世,Male,2331,1891,cerd,470961
63761,Liu,Zhongling,劉仲凌,Male,12778,1915,cerd,470962
63763,Liu,Zhongming,劉仲明,Male,40141,1915,cerd,470963
63765,Liu,Jianhua,劉健華,Male,10928,1902,cerd,470965
63767,Liu,Weijun,劉偉俊,Male,1036,NA,cerd,470966
63770,Liu,Jiesan,劉傑三,Male,10958,1912,cerd,470967
63772,Liu,Jiesan,劉傑三,Male,1002,1913,cerd,470968
63775,Liu,Chuntan,劉純倓,Male,590,1911,cerd,470969
63778,Liu,Boyu,劉伯瑜,Male,63779,1894,cerd,470970
63783,Liu,Boming,劉伯明,Male,1434,1897,cerd,470971
63786,Liu,Boping,劉伯屏,Male,527,1895,cerd,470972
63803,Liu,Baozhen,劉保禎,Male,5282,NA,cerd,470973
63806,Liu,Baotai,劉保泰,Male,2732,1910,cerd,470974
63808,Liu,Peilai,劉佩琜,Male,6188,1913,cerd,470976
63811,Liu,Yangzeng,劉仰曾,Male,566,NA,cerd,470977
63814,Liu,Xiangyin,劉象寅,Male,1556,1916,cerd,470978
63816,Duan,Jinsheng,段金聲,Male,2732,1897,cerd,470979
63818,Duan,Yuling,段毓靈,Male,NA,NA,cerd,470980
63820,Duan,Yujin,段毓瑾,Male,1292,1912,cerd,470981
63825,Duan,Huaiceng,段懷曾,Male,10295,1914,cerd,470982
63827,Duan,Shanyong,段尚勇,Male,7508,1906,cerd,470983
63831,Duan,Shangzhi,段尚志,Male,7508,1915,cerd,470984
63833,Duan,Bingwei,段炳蔚,Male,10295,1893,cerd,470985
63835,Duan,Jiongyan,段炯炎,Male,9560,1913,cerd,470987
63837,Duan,Rongji,段榮基,Male,4371,1898,cerd,470988
63842,Que,Zhao,闕詔,Male,2253,NA,cerd,470989
63844,Que,Jian,闕堅,Male,553,NA,cerd,470990
63846,Wu,Shuting,毋樹亭,Male,2728,1913,cerd,470991
63849,Wu,Benmin,毋本敏,Male,10958,1898,cerd,470992
63864,Yin,Juntian,印均田,Male,877,1914,cerd,470993
63867,Qing,Fangquan,卿芳荃,Male,1126,1897,cerd,401316
63872,Di,Yuchen,邸玉琛,Male,819,1909,cerd,470994
63874,Di,Zengjie,邸增傑,Male,5020,1913,cerd,470995
63876,Di,Yaozong,邸耀宗,Male,24071,NA,cerd,470996
63878,Guan,Wei,關偉,Male,4449,1912,cerd,470998
63881,Guan,Lian,關鍊,Male,1857,1900,cerd,470999
63889,Guan,Wenqi,關文啟,Male,2857,1910,cerd,471000
63892,Guan,Ximan,關西滿,Male,3608,1912,cerd,471001
63895,Guan,Yanling,關延齡,Male,410,1901,cerd,471002
63899,Guan,Tingyao,關廷鑰,Male,3780,1893,cerd,471003
63901,Guan,Weihan,關維翰,Male,9575,NA,cerd,471004
63903,Guan,Chongyu,關崇煜,Male,6797,1917,cerd,471005
63905,Guan,Shenkui,關侁騤,Male,3608,1917,cerd,471006
63907,Duan,Demao,關德懋,Male,28962,1904,cerd,471007
63913,Guan,Zhongheng,關仲恆,Male,449,1912,cerd,471009
63915,Guan,Weiliang,關偉亮,Male,3608,1915,cerd,471010
63917,Guan,Weixiong,關偉雄,Male,3608,1917,cerd,471011
63919,Guan,Shaozong,關紹宗,Male,2857,1907,cerd,471012
63921,Guan,Shaotang,關紹棠,Male,3608,NA,cerd,471013
63923,Guan,Yongsheng,關永生,Male,2857,1908,cerd,471014
63925,Guan,Fuquan,關富權,Male,765,1905,cerd,471015
63934,Guan,Zhaopeng,關兆鵬,Male,74,1914,cerd,471016
63937,Guan,Hanguang,關漢光,Male,3042,1897,cerd,471017
63946,Guan,Qinghua,關清華,Male,3672,1915,cerd,471018
63948,Guan,Zuguang,關祖光,Male,5212,1898,cerd,471020
63952,Guan,Fengxiang,關逢祥,Male,4371,1907,cerd,471021
63954,Guan,Fanglin,關芳鄰,Female,819,NA,cerd,471022
63956,Guan,Ruozhen,關若珍,Male,3042,1900,cerd,471023
63970,Guan,Shijun,關世俊,Male,2857,1914,cerd,471024
63972,Guan,Zhenwen,關振文,Male,1857,1916,cerd,471025
63974,Guan,Dongbo,關東伯,Male,765,1904,cerd,471026
63979,Guan,Jingxun,關景勳,Male,4627,1912,cerd,471027
63981,Guan,Jutang,關巨堂,Male,1857,1913,cerd,471028
63983,Guan,Zhangqing,關長卿,Male,25978,1910,cerd,471029
63986,Guan,Weizu,關慰祖,Male,76,1905,cerd,471031
63989,Guan,Minsheng,關民生,Male,5078,1904,cerd,471032
63993,Guan,Jingcheng,關鏡澄,Male,63994,1910,cerd,471033
63997,Guan,Songjian,關頌堅,Male,74,NA,cerd,471034
64003,Guan,Songsheng,關頌聲,Male,74,1890,cerd,471035
64007,Guan,Jianqing,關劍青,Male,3608,1915,cerd,471036
64009,Guan,Shangqi,關賞奇,Male,17242,NA,cerd,471037
64011,Guan,Bingshao,關炳韶,Male,1857,1912,cerd,471038
64013,Guan,Bingzhao,關炳昭,Male,449,1916,cerd,471039
64015,Guan,Zhuohua,關灼華,Male,3608,1904,cerd,471040
64026,Guan,Rongshu,關榮樞,Male,5282,1913,cerd,471043
64028,Men,Lianyuan,門連元,Male,2076,1907,cerd,471044
64031,Men,Xi'en,門錫恩,Male,4759,1906,cerd,471045
64034,Yan,Ji,閻濟,Male,953,1902,cerd,471046
64036,Yan,Xi,閻禧,Male,4130,1903,cerd,471047
64041,Yan,Xun,閻潯,Male,78,1902,cerd,471048
64044,Yan,Tinghuai,閻庭槐,Male,1682,1909,cerd,471049
64047,Yan,Qingxin,閻慶新,Male,2857,1903,cerd,471050
64049,Yan,Naicang,閻迺倉,Male,3768,NA,cerd,471051
64051,Yan,Dengyou,閻登有,Male,1091,1907,cerd,471052
64055,Yan,Xiushi,閻秀實,Male,9117,1912,cerd,471054
64057,Yan,Weizheng,閻維正,Male,20354,1906,cerd,471055
64062,Yan,Weibin,閻維彬,Male,511,1906,cerd,471056
64064,Yan,Weigan,閻維幹,Male,2732,1908,cerd,471057
64068,Yan,Dechang,閻德昌,Male,19911,1909,cerd,471058
64070,Yan,Jiguang,閻濟廣,Male,953,NA,cerd,471059
64073,Yan,Zhihan,閻之翰,Male,6162,1913,cerd,471060
64076,Yan,Baochen,閻寶琛,Male,20596,1900,cerd,471061
64081,Yan,Baoqin,閻寶勤,Male,4627,1909,cerd,471062
64084,Yan,Zongmi,閻宗泌,Male,3645,1916,cerd,471063
64086,Yan,Fushan,閻黼珊,Male,1091,1910,cerd,471065
64088,Yan,Lianzhang,閻連章,Male,30869,1911,cerd,471066
64092,Yan,Hongxun,閻鴻勳,Male,63,1896,cerd,471067
64094,Yan,Yufu,閻裕富,Male,13681,1912,cerd,471068
64096,Yan,Daoyuan,閻道元,Male,78,1894,cerd,471069
64100,Yan,Dalie,閻大烈,Male,9117,1915,cerd,471070
64102,Yan,Kezhi,閻克製,Male,956,1911,cerd,471071
64107,Yan,Keli,閻克禮,Male,1659,NA,cerd,471072
64110,Yan,Zhilian,閻志濂,Male,2071,1896,cerd,471073
64112,Yan,Zhijie,閻志潔,Male,2071,NA,cerd,471074
64114,Yan,Yinsen,閻蔭森,Male,3726,1911,cerd,471076
64116,Yan,Wansheng,閻萬生,Male,4086,NA,cerd,471077
64118,Yan,Shunan,閻樹楠,Male,5830,1912,cerd,471078
64121,Yan,Shusong,閻樹松,Male,1682,1903,cerd,471079
64126,Yan,Shuyou,閻樹猷,Male,511,1912,cerd,471080
64128,Yan,Zengcai,閻增才,Male,28099,1902,cerd,333346
64137,Yan,Bengong,閻本公,Male,64138,1901,cerd,393158
64141,Yan,Shutong,閻書通,Male,427,1892,cerd,471081
64154,Yan,Zhenxing,閻振興,Male,6439,1912,cerd,8685
64157,Yan,Guoyan,閻國彥,Male,4619,1916,cerd,471082
64159,Yan,Siming,閻思明,Male,10761,1898,cerd,471083
64161,Yan,Xizhen,閻錫珍,Male,1682,1906,cerd,471084
64165,Yan,Huankui,閻煥魁,Male,13681,1906,cerd,471085
64170,Ou,Lingri,歐凌日,Male,3042,1909,cerd,471087
64172,Ou,Jiazhang,歐家璋,Male,12589,1915,cerd,471088
64176,Ou,Jialin,歐家琳,Male,12589,1908,cerd,471089
64181,Ou,Fengyu,歐鳳羽,Male,55638,1914,cerd,471090
64183,Ouyang,Yi,歐陽詣,Male,590,NA,cerd,471091
64185,Ouyang,Cheng,歐陽誠,Male,522,1905,cerd,471092
64188,Ouyang,Yu,歐陽玉,Male,59308,1916,cerd,471093
64190,Ouyang,Ling,歐陽靈,Male,11413,1893,cerd,471094
64206,Ouyang,Yuan,歐陽元,Male,459,NA,cerd,471095
64208,Ouyang,Lun,歐陽崙,Male,20579,1901,cerd,471096
64216,Ouyang,Jun,歐陽俊,Male,70,1903,cerd,471098
64219,Ouyang,Jian,歐陽緘,Male,67,1898,cerd,471099
64224,Ouyang,Xun,歐陽勳,Male,5212,1912,cerd,471100
64226,Ouyang,Fu,歐陽復,Male,1993,1898,cerd,471101
64231,Ouyang,Zao,歐陽藻,Male,10893,1905,cerd,7680
64244,Ouyang,Ming,歐陽鳴,Male,16624,1909,cerd,471102
64247,Ouyang,Lige,歐陽藜閣,Male,3608,1888,cerd,471103
64252,Ouyang,Jun,歐陽鈞,Male,8646,NA,cerd,471104
64255,Ouyang,Baoming,歐陽寶銘,Male,427,1913,cerd,471105
64258,Ouyang,Diguang,歐陽迪光,Male,8646,NA,cerd,471106
64261,Ouyang,Shihuang,歐陽士潢,Male,5073,NA,cerd,471107
64263,Ouyang,Changming,歐陽昌明,Male,1126,1915,cerd,471109
64265,Ouyang,Jian,歐陽鑑,Male,80,1916,cerd,471110
64267,Ouyang,Can,歐陽燦,Male,5917,1912,cerd,471111
64271,Ouyang,Yueming,歐陽悅明,Male,2780,1912,cerd,471112
64273,Xing,Zhensheng,興振聲,Male,4042,1912,cerd,471113
64276,Sang,Shicong,桑士聰,Male,16661,1915,cerd,471114
64278,Yin,Shida,陰士達,Male,10053,1909,cerd,471115
64282,Yin,Shimao,陰士懋,Male,877,1918,cerd,471116
64284,Yin,Shujin,陰舒錦,Male,3976,1897,cerd,471117
64287,Yin,Duzhi,陰篤之,Male,2797,1905,cerd,471118
64289,Teng,Xi,滕熙,Male,1664,NA,cerd,471120
64291,Teng,Bingfang,滕秉方,Male,24302,1898,cerd,471121
64293,Teng,Naikuan,滕迺寬,Male,10399,NA,cerd,471122
64295,Teng,Zelin,滕澤霖,Male,4422,1896,cerd,471123
64307,Chen,Zhe,陳哲,Male,427,NA,cerd,471124
64309,Chen,Jie,陳捷,Male,427,1907,cerd,471125
64313,Chen,Yun,陳韞,Male,1664,1915,cerd,471126
64315,Chen,Chang,陳昌,Male,3608,NA,cerd,471127
64318,Chen,Xuan,陳喧,Male,553,1900,cerd,471128
64321,Chen,Qi,陳器,Male,553,1895,cerd,471129
64328,Chen,Zhi,陳陟,Male,NA,NA,cerd,471131
64330,Chen,Mian,陳勉,Male,20513,1916,cerd,471132
64332,Chen,Long,陳隆,Male,4594,1902,cerd,471133
64335,Chen,Xi,陳熙,Male,1664,1914,cerd,471134
64338,Chen,Zhen,陳錱,Male,765,1912,cerd,471135
64344,Chen,Xin,陳鑫,Male,590,1901,cerd,471136
64361,Chen,Rong,陳鎔,Male,3189,1900,cerd,471137
64363,Chen,Jun,陳鈞,Male,562,1914,cerd,471138
64365,Chen,Rong,陳榮,Male,8251,NA,cerd,471139
64367,Chen,Lijing,陳立經,Male,7085,1912,cerd,471140
64369,Chen,Shousuan,陳瘦酸,Male,5937,1896,cerd,471142
64383,Chen,Hengcheng,陳亨城,Male,43707,1915,cerd,471143
64385,Cheng,Lianglan,陳亮蘭,Male,566,NA,cerd,471144
64387,Chen,Yanzhang,陳彥章,Male,1725,NA,cerd,471145
64391,Chen,Xuzhong,陳序宗,Male,12014,1912,cerd,471146
64393,Chen,Yingchun,陳應椿,Male,64394,1914,cerd,471147
64411,Chen,Yingxing,陳應星,Male,3608,NA,cerd,471148
64416,Chen,Qinglin,陳慶麟,Male,15471,1904,cerd,471149
64424,Chen,Qingde,陳慶德,Male,1434,1908,cerd,471150
64428,Chen,Qingkai,陳慶凱,Male,4195,1911,cerd,471151
64430,Chen,Qingzong,陳慶宗,Male,2780,NA,cerd,471154
64432,Chen,Qingjiang,陳慶江,Male,74,1892,cerd,471155
64434,Chen,Qingshu,陳慶澍,Male,NA,NA,cerd,471156
64436,Chen,Qingxuan,陳慶萱,Male,NA,NA,cerd,471157
64438,Chen,Qingtang,陳慶堂,Male,62,1899,cerd,471158
64442,Chen,Tingliao,陳庭燎,Male,1592,NA,cerd,471159
64444,Chen,Guangshun,陳廣順,Male,3608,1898,cerd,471160
64452,Chen,Guangyuan,陳廣沅,Male,1042,1898,cerd,471161
64453,Chen,Dayou,陳大猷,Male,9324,1901,cerd,471162
64455,Chen,Daying,陳大鍈,Male,3560,1910,cerd,471163
64457,Chen,Daxie,陳大燮,Male,1643,1903,cerd,471165
64467,Chen,Youjie,陳友傑,Male,402,1915,cerd,471166
64469,Chen,Shidun,陳士敦,Male,449,1915,cerd,471167
64472,Chen,Shiyuan,陳士元,Male,12014,1912,cerd,471168
64474,Chen,Shijun,陳士俊,Male,17451,1913,cerd,471169
64477,Chen,Shiwei,陳士偉,Male,2481,1909,cerd,471170
64480,Chen,Shiying,陳士瀛,NA,30799,1900,cerd,471171
64493,Chen,Guangyuan,陳廣源,Male,8641,1912,cerd,471172
64495,Chen,Wenlong,陳文龍,Male,1016,1913,cerd,471173
64501,Chen,Wenzhuo,陳文卓,Male,813,1911,cerd,471174
64504,Chen,Wenkui,陳文魁,Male,30478,1912,cerd,471176
64508,Chen,Wende,陳文德,Male,1161,NA,cerd,471177
64510,Chen,Wenpei,陳文沛,Male,6169,1903,cerd,394492
64530,Chen,Wenxi,陳文禧,Male,8641,1917,cerd,471178
64532,Chen,Wenxiang,陳文祥,Male,63090,1890,cerd,394503
64543,Chen,Wenwei,陳文蔚,Male,562,NA,cerd,471179
64546,Chen,Wenmo,陳文模,Male,15429,NA,cerd,471180
64548,Chen,Wenluo,陳文羅,Male,61,1911,cerd,471181
64561,Chen,Shikui,陳士奎,Male,6460,1899,cerd,471182
64565,Chen,Shihua,陳士驊,Male,16661,1905,cerd,471183
64574,Chen,Shijun,陳士鈞,Male,1643,1902,cerd,471184
64583,Chen,Shiying,陳士瑩,Male,590,1909,cerd,471185
64591,Chen,Peiya,陳培亞,Male,64593,1911,cerd,471187
64595,Chen,Peide,陳培德,Male,2253,1902,cerd,471188
64610,Chen,Peize,陳培澤,Male,NA,NA,cerd,471189
64612,Chen,Peiji,陳培基,Male,607,1916,cerd,471190
64614,Chen,Peiying,陳培英,Male,2978,NA,cerd,471191
64616,Chen,Yaodian,陳堯典,NA,2780,1899,cerd,471192
64626,Chen,Kechun,陳克純,Male,64627,1915,cerd,471193
64629,Chen,Kehe,陳克和,Male,4816,1909,cerd,471194
64633,Chen,Kewu,陳克五,Male,67,1898,cerd,393691
64637,Chen,Keyuan,陳克元,Male,819,1908,cerd,471195
64639,Chen,Kesheng,陳克繩,Male,1703,1910,cerd,471196
64641,Chen,Kexuan,陳克宣,Female,3884,1914,cerd,471198
64644,Chen,Keming,陳克明,Male,3966,1887,cerd,471199
64662,Chen,Xiliang,陳希亮,Male,553,1915,cerd,471200
64664,Chen,Xiqi,陳希齊,Male,NA,NA,cerd,471201
64669,Chen,Xiqing,陳希慶,Male,886,1901,cerd,471202
64680,Chen,Youfeng,陳有豐,Male,71,1899,cerd,471203
64690,Chen,Youguang,陳有光,Male,7725,1910,cerd,471204
64692,Chen,Youheng,陳有恆,Male,903,NA,cerd,471205
64694,Chen,Nanchen,陳南琛,Male,807,NA,cerd,471206
64698,Chen,Nanbin,陳南濱,Male,950,1917,cerd,471207
64700,Chen,Zhihao,陳志豪,Male,2780,1912,cerd,471209
64702,Chen,Zhiding,陳志定,NA,965,1907,cerd,471210
64707,Chen,Zhiding,陳志定,Male,877,1914,cerd,471211
64709,Chen,Zhiyuan,陳志遠,Male,1161,1914,cerd,471212
64711,Chen,Zhixuan,陳志選,Male,18552,1912,cerd,471213
64716,Chen,Zhixin,陳志炘,Male,1042,1910,cerd,471214
64719,Chen,Jialie,陳嘉烈,Male,17787,NA,cerd,471215
64721,Chen,Jiasheng,陳嘉生,Male,NA,NA,cerd,471216
64723,Chen,Jiabin,陳嘉賓,Male,5626,1903,cerd,471217
64727,Chen,Jiaqi,陳嘉祺,Male,765,1906,cerd,471218
64730,Chen,Jiayong,陳嘉鏞,Male,17787,1906,cerd,471220
64732,Chen,Jiayou,陳嘉猷,Male,2780,1915,cerd,471221
64734,Chen,Xifeng,陳喜峯,Male,1817,1896,cerd,471222
64737,Chen,Shouwei,陳壽維,Male,3608,1895,cerd,471223
64739,Chen,Shoushan,陳壽山,Male,965,1914,cerd,471224
64744,Chen,Shouyi,陳壽彝,Male,4996,NA,cerd,471225
64746,Chen,Shoupeng,陳壽彭,Male,749,1910,cerd,471226
64748,Chen,Shouchun,陳壽椿,Male,2780,1916,cerd,471227
64750,Chen,Shounian,陳壽年,Male,909,NA,cerd,471228
64752,Chen,Laimao,陳來茂,Male,16661,1914,cerd,471229
64754,Chen,Ziqing,陳梓慶,Male,449,1904,cerd,471231
64761,Chen,Wenwang,陳文旺,Male,74,1904,cerd,471232
64764,Chen,Wenhuan,陳文煥,Male,39319,1914,cerd,471233
64766,Chen,Wencan,陳文燦,Male,4977,1905,cerd,471234
64775,Chen,Liuguan,陳六琯,Male,1544,1901,cerd,471235
64789,Chen,Duanbing,陳端柄,Male,61,1906,cerd,471236
64793,Chen,Zhangguan,陳彰琯,Male,7094,1894,cerd,471237
64797,Chen,Xinmin,陳新民,Male,553,1916,cerd,471238
64799,Chen,Xunxuan,陳訓烜,Male,553,1903,cerd,471239
64807,Chen,Yongren,陳詠仁,Male,1016,NA,cerd,471240
64809,Chen,Shihao,陳詩豪,Male,338,1913,cerd,471242
64811,Chen,Jingyu,陳靖宇,Male,427,1905,cerd,471243
64823,Chen,Dunlong,陳敦瓏,Male,590,1917,cerd,471244
64825,Chen,Dunrui,陳敦瑞,Male,32948,1915,cerd,471245
64827,Chen,Dunjun,陳敦儁,Male,45256,1894,cerd,394476
64843,Chen,Linyi,陳麟義,Male,4407,1914,cerd,471246
64845,Chen,Yiming,陳一鳴,Male,449,1912,cerd,471247
64847,Chen,Sancai,陳三才,Male,1079,1903,cerd,471248
64857,Chen,Sanqi,陳三奇,Male,63,1906,cerd,471249
64860,Chen,Zhengxiu,陳正修,Male,3189,1903,cerd,471250
64869,Chen,Zhengqi,陳正祺,Male,935,1913,cerd,471251
64871,Chen,Yaguang,陳亞光,Male,2390,1906,cerd,471253
64878,Chen,Zhengquan,陳正權,Male,1036,1911,cerd,471254
64882,Chen,Zhengsheng,陳正盛,Male,71,1917,cerd,471255
64888,Chen,Zhengxian,陳正咸,Male,90,1898,cerd,471256
64893,Chen,Yukun,陳玉堃,Male,3133,1915,cerd,471257
64895,Chen,Yupu,陳玉樸,Male,64,1898,cerd,471258
64898,Chen,Yuzhi,陳玉制,Male,4415,1913,cerd,471259
64905,Chen,Yugang,陳玉崗,Male,782,1915,cerd,471260
64910,Chen,Yuquan,陳玉權,Male,NA,NA,cerd,471261
64913,Chen,Yuxin,陳玉鑫,Male,427,1915,cerd,471262
64915,Chen,Piping,陳丕平,Male,1189,NA,cerd,471265
64917,Chen,Piyang,陳丕揚,Male,597,1902,cerd,471266
64931,Chen,Yuanzhang,陳元章,Male,74,1909,cerd,471267
64933,Chen,Yuankai,陳元凱,Male,590,1913,cerd,471268
64936,Chen,Yuanling,陳元齡,Male,556,1913,cerd,471269
64940,Chen,Yuanyi,陳元潩,Male,4297,1894,cerd,471270
64942,Cheny,Yuanli,陳元力,Male,2780,1912,cerd,471271
64944,Chen,Yuangui,陳元媯,Male,1725,1901,cerd,471272
64961,Chen,Yuanbang,陳元邦,Male,3608,1913,cerd,471273
64963,Chen,Yuanji,陳元驥,Male,553,1905,cerd,471274
64972,Chen,Tianyou,陳天佑,Male,6617,NA,cerd,471276
64974,Chen,Tianchi,陳天池,Male,1556,NA,cerd,471277
64976,Chen,Tianzhe,陳天喆,Male,553,1913,cerd,471278
64978,Chen,Tiangui,陳天貴,Male,1714,1915,cerd,471279
64980,Chen,Zai'an,陳再安,Male,2945,1911,cerd,471280
64987,Chen,Gengxin,陳更新,Male,3608,1908,cerd,471281
64992,Chen,Gengfa,陳更法,Male,877,1900,cerd,471282
64998,Tong,Kuiyun,仝魁允,Male,1592,1909,cerd,471283
65006,Tong,Yuangao,仝元杲,Male,1592,1914,cerd,471284
65008,Tong,Shiying,仝世英,Male,25625,1913,cerd,471285
65010,Tong,Shude,仝書德,Male,1490,1899,cerd,471287
65021,Quan,Zhaoxuan,全兆宣,Male,12029,1897,cerd,471288
65023,Jin,Zhang,金章,Male,5335,1894,cerd,471289
65033,Jin,Cheng,金誠,Male,807,1898,cerd,471290
65035,Jin,Yun,金雲,Male,782,1893,cerd,471291
65044,Jin,Pu,金溥,Male,13001,1901,cerd,471292
65059,Jin,Tao,金濤,Male,909,1890,cerd,471293
65071,Jin,Tang,金湯,Male,NA,NA,cerd,471294
65073,Jin,Kui,金奎,Male,965,1895,cerd,471295
65078,Jin,Xiong,金雄,Male,3608,1917,cerd,471296
65080,Jin,Bang,金榜,Male,1016,1909,cerd,471298
65084,Jin,Que,金慤,Male,7725,1899,cerd,471299
65092,Jin,Sheng,金聲,Male,10082,NA,cerd,471300
65094,Jin,Sheng,金陞,Male,11040,1908,cerd,471301
65097,Jin,Duo,金鐸,Male,59180,1908,cerd,471302
65099,Jin,Lisheng,金立生,Male,6617,NA,cerd,471303
65101,Jin,Liangfang,金亮方,Male,807,1915,cerd,471304
65103,Jin,Qingzhang,金慶章,Male,1256,1905,cerd,471305
65110,Jin,Qingduo,金慶多,Male,511,1909,cerd,471306
65112,Jin,Guanglu,金廣路,Male,25788,1907,cerd,471307
65114,Jin,Longqian,金龍潛,Male,1409,1914,cerd,471309
65116,Jin,Longxiang,金龍驤,Male,932,1910,cerd,471310
65118,Jin,Yiyi,金亦藝,Male,1664,NA,cerd,471311
65121,Jin,Yongrui,金永瑞,Female,65122,1912,cerd,471312
65124,Jin,Xiaozu,金效祖,Male,1079,1913,cerd,471313
65129,Jin,Yixin,金一新,Male,1100,1890,cerd,392301
65137,Jin,Yisheng,金一聖,Male,NA,NA,cerd,471314
65140,Jin,Zhengquan,金正銓,Male,782,1916,cerd,471315
65142,Jin,Yukun,金玉焜,Male,819,1908,cerd,471316
65146,Jin,Xueyu,金雪漁,Male,36082,1916,cerd,471317
65148,Jin,Jianxun,金建勛,Male,877,1903,cerd,471318
65150,Jin,Naiqian,金乃謙,Male,26999,1900,cerd,471320
65154,Jin,Chengchang,金承昌,Male,11472,1900,cerd,471321
65157,Jin,Jiming,金季明,Male,1079,NA,cerd,471322
65159,Jin,Bingshi,金秉時,Male,2542,1893,cerd,471323
65170,Jin,Weikai,金維楷,Male,1597,1897,cerd,471324
65178,Jin,Zhuozhang,金倬章,Male,965,1912,cerd,471325
65181,Jin,Jingchang,金經昌,Male,1839,1910,cerd,471326
65183,Jin,Dingyuan,金鼎元,Male,965,1914,cerd,471327
65186,Jin,Taizhi,金台峙,Male,9346,NA,cerd,471328
65188,Jin,Zhongmei,金仲眉,Male,1079,1910,cerd,471329
65191,Jin,Jiduan,金緝端,Male,65122,1904,cerd,471331
65196,Jin,Shengqi,金繩其,Male,782,1897,cerd,471332
65202,Jin,Shuping,金叔平,Male,10082,1909,cerd,471333
65204,Jin,Shaozu,金紹祖,Male,449,NA,cerd,471334
65208,Jin,Yikang,金以康,Male,1210,1914,cerd,471335
65210,Jin,Jiaren,金家仁,Male,3829,1899,cerd,471336
65218,Jin,Jiashu,金家恕,Male,965,1909,cerd,471337
65220,Jin,Baopei,金寶沛,Male,74,1912,cerd,471338
65222,Jin,Baozhen,金寶楨,Male,717,1903,cerd,471339
65224,Jin,Baoguang,金寶光,Male,965,1907,cerd,471340
65233,Jin,Zonghao,金宗鎬,Male,NA,NA,cerd,471342
65235,Liu,Xianglin,劉象臨,Male,13681,1897,cerd,471343
65237,Liu,Minglan,劉名蘭,Male,14753,1911,cerd,471344
65239,Liu,Yuxia,劉嶼霞,Male,24560,1903,cerd,471345
65250,Liu,Shengzu,劉繩祖,Male,807,1914,cerd,471346
65253,Liu,Shaoting,劉紹庭,Male,1364,1901,cerd,471347
65255,Liu,Shaoyuan,劉紹元,Male,965,1914,cerd,471348
65257,Liu,Shaoyu,劉紹禹,Male,553,1915,cerd,471349
65260,Liu,Shao'an,劉紹菴,Male,3784,1911,cerd,471350
65262,Liu,Yixin,劉以信,Male,16661,1914,cerd,471351
65264,Liu,Yiren,劉以仁,Male,1682,1897,cerd,471353
65271,Liu,Yihe,劉以和,Male,1682,1903,cerd,471354
65282,Liu,Yijie,劉以杰,Male,13681,1912,cerd,471355
65284,Liu,Yijun,劉以鈞,Male,553,1895,cerd,471356
65292,Liu,Zuolin,劉作霖,Male,5291,1916,cerd,471357
65294,Liu,Fuying,劉馥英,Female,2625,1912,cerd,471358
65296,Liu,Xuanduo,劉宣鐸,Male,590,1914,cerd,471359
65298,Liu,Huaisong,劉淮崧,Male,13846,1916,cerd,471360
65300,Liu,Yingchen,劉瀛臣,Male,4394,1896,cerd,471361
65303,Liu,Ningwu,劉寧武,Male,1903,1915,cerd,471362
65305,Liu,Juankuai,劉嶲快,Male,427,1913,cerd,471364
65308,Liu,Yongfu,劉永孚,Male,5020,NA,cerd,471365
65310,Liu,Yongyan,劉永嵃,Male,14031,1913,cerd,471366
65317,Liu,Yongshun,劉永順,Male,20513,1911,cerd,471367
65319,Liu,Yongzhen,劉永貞,Male,59456,1911,cerd,471368
65321,Liu,Yongjia,劉永嘉,Male,9818,1887,cerd,353490
65329,Liu,Yonghui,劉永薈,Male,52199,1910,cerd,471369
65331,Liu,Yongmao,劉永楙,Male,553,1911,cerd,471370
65334,Liu,Jiabang,劉家邦,Male,8641,1917,cerd,471371
65336,Liu,Jiaqi,劉家祺,Male,427,1903,cerd,471372
65338,Liu,Jiazhen,劉家楨,Male,427,NA,cerd,471373
65344,Jin,Yuanru,金淵如,Male,NA,NA,cerd,471376
65348,Jin,Hongchou,金鴻疇,Male,1597,1915,cerd,471377
65350,Jin,Zulu,金祖祿,Male,10730,1917,cerd,471378
65352,Jin,Zunian,金祖年,Male,10138,1914,cerd,471379
65355,Jin,Zuyun,金祖筠,Male,10138,NA,cerd,471380
65357,Jin,Xiangyi,金祥鳦,Male,877,NA,cerd,471381
65359,Jin,Xiangfeng,金祥鳳,Male,877,1890,cerd,471382
65363,Jin,Daojing,金道經,Male,1839,1913,cerd,471383
65366,Jin,Qichou,金啟疇,Male,765,1914,cerd,471384
65369,Jin,Shiqi,金士奇,Male,26999,1909,cerd,471385
65375,Jin,Shidie,金士耋,Male,765,1904,cerd,471387
65378,Jin,Shicheng,金士成,Male,1189,1897,cerd,471388
65381,Jin,Peicai,金培才,Male,1604,1910,cerd,471389
65384,Jin,Xiwu,金希武,Male,2857,1908,cerd,471390
65387,Jin,Youhe,金有壑,Male,1079,1900,cerd,471391
65391,Jin,Lailin,金來臨,Male,819,NA,cerd,471392
65394,Jin,Huajin,金華錦,Male,3966,1902,cerd,392589
65408,Jin,Shitai,金世泰,Male,25625,NA,cerd,471393
65411,Jin,Qiyi,金其毅,Male,71,1903,cerd,332792
65414,Jin,Qifei,金其飛,Male,71,1908,cerd,332790
65417,Jin,Qiwu,金其武,Male,3133,1909,cerd,332791
65420,Jin,Zhongwei,金忠為,Male,62,NA,cerd,471394
65422,Jin,Guozhi,金國治,Male,496,1910,cerd,471395
65426,Jin,Zhangti,金長褆,Male,511,NA,cerd,471396
65428,Jin,Yueyou,金岳佑,Male,1210,1882,cerd,471398
65438,Jin,Tongwu,金同武,Male,3133,1910,cerd,471399
65442,Jin,Lutai,金履泰,Male,3672,1909,cerd,471400
65447,Jin,Lücheng,金履成,Male,877,1895,cerd,471401
65450,Jin,Xuehong,金學洪,Male,1626,1909,cerd,471402
65453,Jin,Youmin,金又民,Male,1210,1913,cerd,471403
65455,Jin,Kaiying,金開英,Male,1113,1903,cerd,471404
65462,Jin,Wenzhu,金問洙,Male,1604,1891,cerd,471405
65467,Jin,Xiantai,金賢[上艸下溙],Male,1604,1910,cerd,471406
65482,Jin,Shanhuang,金善鐄,Male,NA,NA,cerd,471407
65484,Jin,Jianqing,金劍清,Male,6617,1900,cerd,471409
65493,Jin,Jianming,金劍明,Male,3839,1913,cerd,471410
65496,Jin,Zhenxiong,金鎮雄,Male,12589,1913,cerd,471411
65498,Jin,Jianshi,金鍵奭,Male,877,1909,cerd,471412
65500,Jin,Xiru,金錫如,Male,3940,1905,cerd,471413
65507,Jin,Rongzhang,金榮章,Male,1079,1913,cerd,471414
65509,Jin,Hengdun,金恆敦,Male,65510,NA,cerd,471415
65512,Jin,Yaozhang,金耀章,Male,1036,1914,cerd,471416
65514,Jin,Yaoquan,金耀銓,Male,950,1897,cerd,471417
65528,Jin,Yaohui,金耀輝,Male,NA,NA,cerd,471418
65530,Jin,Rongguang,金榮光,Male,9204,1912,cerd,471420
65532,Weng,Ji,翁集,Male,2406,1896,cerd,471421
65535,Weng,Wei,翁為,Male,965,1891,cerd,333252
65545,Weng,Like,翁立可,Male,71,1907,cerd,471423
65548,Weng,Gengqing,翁賡慶,Male,1779,1915,cerd,471424
65550,Weng,Yuanqing,翁元慶,Male,807,1907,cerd,471425
65555,Weng,Tianlin,翁天麟,Male,2542,1908,cerd,471426
65558,Weng,Tianlin,翁德鑾,Male,3042,1890,cerd,384531
65565,Weng,Xinyuan,翁心源,Male,1161,NA,cerd,471427
65568,Weng,Lirou,翁禮柔,Male,NA,NA,cerd,471428
65570,Weng,Lizhuang,翁禮莊,Male,553,1908,cerd,471429
65572,Weng,Yuwen,翁郁文,Male,3884,1901,cerd,471431
65575,Weng,Chaoqing,翁朝慶,Male,807,NA,cerd,471432
65577,Weng,Jinghua,翁敬樺,Male,553,1898,cerd,471433
65585,Weng,Zhongheng,翁中衡,Male,553,NA,cerd,471434
65587,Weng,Huiqing,翁惠慶,Male,807,1913,cerd,471435
65589,Weng,Enliang,翁恩亮,Male,74,1896,cerd,471436
65593,Weng,Lianyun,翁鍊雲,Male,74,1908,cerd,471437
65596,Weng,Xiaofang,翁筱舫,Male,1079,NA,cerd,471438
65598,Jian,Zhongxiang,翦仲襄,Male,5118,1902,cerd,471439
65607,Xian,Shuzhen,羨書珍,Male,3935,1898,cerd,471440
65611,Xian,Shutian,羨書田,Male,3935,1902,cerd,471442
65613,Xian,Shufeng,羨書鳳,Male,3935,1895,cerd,471443
65618,Xian,Shujin,羨書錦,Male,3935,1911,cerd,384503
65622,Xian,Zhongfen,羨鐘汾,Male,3935,1908,cerd,471444
65624,Yu,Liang,俞亮,Male,1664,1889,cerd,382929
65637,Yu,Jun,俞俊,Male,1630,1915,cerd,471445
65639,Yu,Zheng,俞徵,Male,590,NA,cerd,471446
65642,Yu,Cheng,俞成,Male,6460,1904,cerd,471447
65649,Yu,Ao,俞鏊,Male,1161,NA,cerd,471448
65651,Yu,Wei,俞暐,Male,2625,1900,cerd,471449
65663,Yu,Jian,俞鑑,Male,877,1915,cerd,471450
65665,Yu,Yanchang,俞言昌,Male,590,1914,cerd,471451
65667,Yu,Chenghao,俞誠鎬,Male,NA,NA,cerd,471453
65669,Yu,Diaomei,俞調梅,Male,1113,1911,cerd,471454
65672,Yu,Zhengkang,俞正康,Male,877,1907,cerd,471455
65681,Yu,Zailin,俞再麟,Male,1259,1908,cerd,471456
65686,Yun,Aixi,俞乃喜,Male,1210,1910,cerd,471457
65690,Yu,Shiyue,俞師樾,Male,562,NA,cerd,471458
65692,Yu,Shiyue,俞崇立,Male,1839,1905,cerd,471459
65696,Yu,Ziming,俞自明,Male,2498,1899,cerd,471460
65698,Yu,Bokang,俞伯康,Male,1630,1903,cerd,471461
65708,Yu,Wuheng,俞物恆,Male,1711,1896,cerd,471462
65717,Yu,Peide,俞佩德,Male,877,1907,cerd,471464
65722,Yu,Shaoqi,俞紹麒,Male,909,1911,cerd,471465
65725,Yu,Shouqian,俞守謙,Male,1748,1897,cerd,471466
65727,Yu,Shouren,俞守仁,Male,12014,1907,cerd,471467
65729,Yu,Ruxin,俞汝鑫,Male,935,1901,cerd,325729
65737,Liu,Yongen,劉永恩,Male,4297,1894,cerd,471469
65746,Liu,Yongzhao,劉永照,Male,3866,1913,cerd,471470
65748,Liu,Yongyi,劉永益,Male,553,1913,cerd,471471
65750,Liu,Yongnian,劉永年,Male,5733,1913,cerd,471472
65753,Liu,Yonghuai,劉永懷,Male,553,1892,cerd,471473
65760,Liu,Jiaji,劉家驥,Male,2477,NA,cerd,471475
65762,Liu,Jiaji,劉家驥,Male,3133,1890,cerd,332931
65774,Liu,Jiajun,劉家駿,Male,2884,1910,cerd,471476
65779,Liu,Jiaqi,劉家騏,Male,27356,1913,cerd,471477
65782,Liu,Jiawei,劉家煒,Male,11115,1901,cerd,471478
65791,Liu,Zhixiang,劉之祥,Male,15783,1905,cerd,471479
65809,Liu,Zhizhen,劉之楨,Male,2313,1902,cerd,471480
65812,Liu,Xianwen,劉憲文,Male,22088,1910,cerd,471481
65814,Liu,Shouyue,劉守約,Male,9818,1909,cerd,471482
65816,Liu,Shougang,劉守綱,Male,8188,1909,cerd,471483
65819,Liu,Shouqing,劉守清,Male,1364,1907,cerd,471484
65822,Liu,Shoushen,劉守紳,Male,9818,1911,cerd,471487
65824,Liu,Shouxue,劉守學,Male,11591,1911,cerd,471488
65832,Liu,Zhunye,劉準業,Male,61,1899,cerd,471489
65835,Liu,Anzeng,劉安曾,Male,965,1910,cerd,7801
65837,Liu,Liangkan,劉良堪,Male,9575,1913,cerd,471490
65841,Liu,Huanwei,劉寰偉,Male,74,1892,cerd,43126
65845,Liu,Dingzhi,劉定志,Male,8366,1911,cerd,471492
65849,Liu,Dingzhong,劉定中,Male,562,1916,cerd,471493
65851,Liu,Dingbang,劉定邦,Male,19500,1899,cerd,471494
65855,Liu,Baolian,劉寶廉,Male,965,NA,cerd,471495
65857,Liu,Baozan,劉寶瓚,Male,NA,NA,cerd,471496
65859,Liu,Baozhang,劉寶璋,Male,10437,1909,cerd,471498
65869,Liu,Baochen,劉寶琛,Male,4977,1895,cerd,471499
65892,Liu,Baoxin,劉寶信,Male,11200,1901,cerd,332917
65896,Liu,Baoren,劉寶仁,Male,1975,1915,cerd,471500
65898,Liu,Baozhong,劉寶忠,Male,27356,1896,cerd,471501
65909,Liu,Baoshan,劉寶善,Male,NA,NA,cerd,471502
65911,Liu,Baoshan,劉寶善,Male,427,1901,cerd,471503
65920,Liu,Baoxian,劉寶賢,Male,1975,1905,cerd,471504
65925,Liu,Zongbei,劉宗備,Male,4079,1906,cerd,471505
65927,Liu,Zongde,劉宗德,Male,656,1899,cerd,471506
65933,Liu,Zonghua,劉宗華,Male,1618,1916,cerd,471507
65935,Liu,Zonghui,劉宗惠,Male,80,1917,cerd,471509
65937,Liu,Zongzhou,劉宗周,Male,547,1910,cerd,471510
65939,Liu,Junye,劉濬業,Male,553,1913,cerd,471511
65942,Liu,Junzhe,劉濬哲,Male,2790,1901,cerd,471512
65954,Chen,Jiezhen,陳㨩楨,Male,4996,1912,cerd,471513
65958,Chen,Bojian,陳柏堅,Male,3016,NA,cerd,471514
65961,Chen,Pengnian,陳彭年,Male,909,1900,cerd,471515
65969,Chen,Boping,陳博平,Male,4977,1911,cerd,471516
65971,Chen,Shiqi,陳式琦,Male,NA,NA,cerd,471517
65973,Chen,Jierui,陳截睿,Male,74,1907,cerd,471518
65977,Chen,Jieyang,陳截揚,Male,62,1883,cerd,471520
65980,Chen,Liangsheng,陳樑生,Male,553,1915,cerd,471521
65982,Chen,Jijian,陳基建,Male,999,1913,cerd,471522
65985,Chen,Zaoxiang,陳藻香,Male,1256,1901,cerd,471523
65987,Chen,Zaofan,陳藻藩,Male,553,1889,cerd,471524
65994,Chen,Menglin,陳夢麟,Male,566,1914,cerd,471525
66001,Chen,Fangbao,陳芳苞,Male,37950,1915,cerd,471526
66004,Chen,Fanghan,陳芳翰,Male,3608,1916,cerd,471527
66006,Chen,Langai,陳蘭陔,Male,11413,NA,cerd,471528
66008,Chen,Lanju,陳蘭居,Male,4195,NA,cerd,471529
66010,Liu,Haochu,劉灝初,Male,NA,NA,cerd,471531
66012,Liu,Haofang,劉灝芳,Male,965,NA,cerd,471532
66014,Liu,Zhimin,劉祉民,Male,2071,1897,cerd,471533
66019,Liu,Fukang,劉福康,Male,2780,1911,cerd,471534
66021,Liu,Fuzhi,劉福之,Male,15040,1914,cerd,471535
66023,Liu,Furu,劉福儒,Male,4186,1916,cerd,471536
66025,Liu,Fuhai,劉福海,Male,1659,1909,cerd,471537
66027,Chen,Yincai,陳蔭材,Male,449,1912,cerd,471538
66028,Liu,Fupei,劉福培,Male,7746,1888,cerd,471539
66045,Liu,Futai,劉福泰,Male,7746,1893,cerd,471540
66051,Chen,Yingu,陳蔭穀,Male,562,1909,cerd,471542
66052,Liu,Naitong,劉迺桐,Male,427,1909,cerd,471543
66056,Liu,Zhaobin,劉兆璸,Male,60,1898,cerd,471544
66059,Liu,Zhaoxiang,劉兆祥,Male,1903,NA,cerd,471545
66061,Liu,Zhaoxiang,劉兆祥,Male,10295,NA,cerd,471546
66064,Liu,Zhao'ao,劉兆鰲,Male,7094,NA,cerd,471547
66066,Liu,Zhaopeng,劉兆鵬,Male,8163,1915,cerd,471548
66067,Chen,Jiasheng,陳葭生,Male,1664,1914,cerd,471549
66069,Chen,Weiguan,陳蔚觀,Male,553,1909,cerd,471550
66072,Liu,Yiye,劉沂業,Male,553,1916,cerd,471551
66074,Liu,Yemao,劉業懋,Male,1036,1911,cerd,471553
66084,Liu,Hanwei,劉漢偉,Male,11289,1911,cerd,471554
66088,Liu,Hangui,劉漢貴,Male,1659,1912,cerd,471555
66090,Liu,Ruxun,劉汝恂,Male,618,NA,cerd,471556
66092,Chen,Maokang,陳茂康,Male,80,1889,cerd,471557
66094,Liu,Haochun,劉浩春,Male,1630,1910,cerd,471558
66100,Liu,Dawen,劉達文,Male,3658,1917,cerd,471559
66104,Liu,Qingpei,劉清沛,Male,511,1912,cerd,471560
66109,Chen,Muping,陳慕平,Male,27373,1910,cerd,471561
66110,Liu,Zhixi,劉治熙,Male,81,1902,cerd,471562
66116,Chen,Maoren,陳懋仁,Male,1079,1901,cerd,471564
66117,Liu,Qinggui,劉清桂,Male,66118,NA,cerd,471565
66122,Liu,Lijing,劉禮敬,Male,1725,1912,cerd,471566
66125,Liu,Liancheng,劉連城,Male,66126,NA,cerd,471567
66132,Liu,Weixian,劉渭賢,Male,1522,1915,cerd,471568
66134,Liu,Zelin,劉澤霖,Male,33811,1897,cerd,471569
66142,Chen,Maoxie,陳懋解,Male,553,1887,cerd,394411
66147,Liu,Zemin,劉澤民,Male,2352,1917,cerd,471570
66156,Liu,Hongshun,劉鴻順,Male,15822,NA,cerd,471571
66159,Liu,Hongbin,劉鴻賓,Male,5282,1902,cerd,471572
66171,Liu,Hongye,劉鴻業,Male,63,1911,cerd,471573
66176,Liu,Hongjie,劉鴻捷,Male,1002,1912,cerd,471575
66179,Liu,Hongdian,劉鴻典,Male,23622,1906,cerd,471576
66183,Liu,Hongtu,劉鴻圖,Male,66185,1910,cerd,471577
66187,Chen,Xunzhen,陳薰楨,Male,7915,1916,cerd,471578
66188,Liu,Hongzhao,劉鴻照,Male,402,1903,cerd,471579
66193,Liu,Hongjun,劉鴻鈞,Male,8341,1892,cerd,471580
66195,Chen,Wangong,陳萬恭,Male,1725,1906,cerd,471581
66201,Liu,Runshen,劉潤身,Male,652,1899,cerd,471582
66212,Liu,Runzhi,劉潤芝,Male,2071,1900,cerd,471583
66214,Chen,Wanming,陳萬明,Male,1725,1912,cerd,471584
66215,Liu,Runhua,劉潤華,Male,410,1903,cerd,471586
66231,Liu,Runchun,劉潤春,Male,1659,NA,cerd,471587
66232,Chen,Yingliang,陳英亮,Male,590,1915,cerd,471588
66235,Chen,Yingkang,陳英康,Male,1161,1906,cerd,471589
66236,Liu,Shulan,劉淑蘭,Male,590,1907,cerd,471590
66243,Liu,Guanhong,劉冠洪,Male,562,1912,cerd,471591
66245,Chen,Yingyuan,陳英元,Male,819,1912,cerd,471592
66250,Liu,Zuji,劉祖楫,Male,1161,NA,cerd,471593
66254,Liu,Zuguang,劉祖光,Male,1923,1909,cerd,471594
66256,Liu,Chuzhi,劉初之,Male,459,1914,cerd,471595
66260,Liu,Hesong,劉鶴松,Male,55090,1911,cerd,471598
66262,Chen,Huazhou,陳華洲,Male,66267,1909,cerd,395423
66263,Liu,Sutang,劉遡唐,Male,2071,1897,cerd,471599
66273,Liu,Fengyuan,劉逢源,Male,2313,1897,cerd,471600
66276,Liu,Fengju,劉逢舉,Male,58343,NA,cerd,471601
66279,Chen,Huayuan,陳華元,Male,1636,1918,cerd,471602
66283,Liu,Chisheng,劉遲生,Male,2429,NA,cerd,471603
66285,Liu,Yunzhong,劉運中,Male,402,1908,cerd,471604
66287,Chen,Hualiang,陳華樑,Male,1161,1916,cerd,471605
66295,Liu,Zhaoyue,劉肇嶽,Male,324,NA,cerd,471606
66296,Chen,Huaying,陳華英,Male,1993,1908,cerd,471607
66298,Liu,Ganting,劉淦庭,Male,1016,1912,cerd,471609
66301,Liu,Haiyun,劉海雲,Male,25619,NA,cerd,471610
66303,Liu,Haihuan,劉海寰,Male,11225,1907,cerd,471611
66305,Liu,Haichao,劉海潮,Male,3101,1914,cerd,471612
66308,Chen,Huasong,陳華松,Male,402,1901,cerd,471613
66309,Liu,Haitong,劉海通,Male,63,1906,cerd,471614
66316,Chen,Huanian,陳華年,Male,1993,1916,cerd,471615
66318,Chen,Cangzhen,陳蒼鎮,Male,1779,NA,cerd,471616
66320,Chen,Shilin,陳世霖,Male,673,1915,cerd,471617
66322,Chen,Shiren,陳世仁,Male,1259,1901,cerd,471618
66330,Chen,Shixiong,陳世雄,Male,1714,1898,cerd,471620
66337,Chen,Shichang,陳世昌,Male,562,1916,cerd,471621
66339,Chen,Shichang,陳世昌,Male,39319,1914,cerd,471622
66342,Chen,Shigang,陳世剛,Male,2477,1916,cerd,471623
66344,Chen,Shikuan,陳世寬,Male,1259,NA,cerd,471624
66346,Chen,Wujie,陳悟皆,Male,1259,1894,cerd,471625
66362,Chen,Qiyuan,陳其瑗,Male,449,NA,cerd,340664
66366,Liu,Zuomin,劉祚民,Male,819,1909,cerd,471626
66370,Liu,Yude,劉裕德,Male,6904,1893,cerd,471627
66372,Liu,Zunmin,劉遵閔,Male,4079,1904,cerd,471628
66380,Liu,Daonan,劉道南,Male,1493,NA,cerd,471629
66382,Liu,Zhaolong,劉肇龍,Male,2165,1904,cerd,471631
66396,Liu,Qiyou,劉啟祐,Male,24560,1909,cerd,471632
66399,Liu,Qixiang,劉啟祥,Male,21333,NA,cerd,471633
66401,Liu,Dalie,劉大烈,Male,NA,NA,cerd,471634
66403,Liu,Daye,劉大業,Male,726,1903,cerd,471635
66406,Liu,Dazhong,劉大中,Male,965,1914,cerd,192874
66408,Liu,Youquan,劉友泉,Male,590,1912,cerd,471636
66410,Liu,Shibin,劉士斌,Male,22438,1909,cerd,471637
66412,Liu,Shiyi,劉士詒,Male,547,NA,cerd,471638
66414,Liu,Shilie,劉士烈,Male,2071,1910,cerd,471639
66423,Liu,Shizhen,劉士貞,Female,427,1913,cerd,471640
66425,Liu,Kuiyou,劉奎有,Male,819,1908,cerd,471642
66428,Liu,Peizhang,劉培璋,Male,5282,1905,cerd,471643
66432,Liu,Peide,劉培德,Male,553,1918,cerd,471644
66437,Liu,Peihan,劉培漢,Male,NA,NA,cerd,471645
66439,Liu,Peiyao,劉培堯,Male,10295,1905,cerd,471646
66443,Liu,Kelin,劉克麟,Male,14494,1915,cerd,471647
66445,Liu,Keshun,劉克順,Male,723,1902,cerd,471648
66447,Liu,Kejia,劉克家,Male,4042,1911,cerd,471649
66450,Liu,Keliang,劉克良,Male,2071,1903,cerd,471650
66452,Liu,Kecun,劉克存,Male,566,1898,cerd,471651
66454,Chen,Baiping,陳百屏,Male,18552,1913,cerd,471653
66457,Chen,Shiying,陳石英,Male,877,NA,cerd,471654
66463,Chen,Yunzhang,陳雲章,Male,2062,NA,cerd,471655
66465,Chen,Yunlong,陳雲龍,Male,3042,1913,cerd,471656
66467,Chen,Yunlong,陳雲龍,Male,8916,1914,cerd,471657
66469,Chen,Yunqu,陳雲衢,Male,909,1916,cerd,471658
66471,Chen,Yunhan,陳雲漢,Male,19867,1903,cerd,471659
66473,Chen,Yunshu,陳雲樞,Male,32029,1889,cerd,471660
66486,Chen,Naizhun,陳迺肫,Male,553,1915,cerd,471661
66488,Chen,Ruiming,陳瑞蓂,Male,67,1905,cerd,471662
66491,Chen,Ruixin,陳瑞炘,Male,942,1905,cerd,471664
66501,Chen,Fazhen,陳發榛,Male,7045,1893,cerd,395071
66516,Chen,Faqian,陳發乾,Male,553,NA,cerd,471665
66518,Chen,Yanpei,陳延霈,Male,32029,NA,cerd,471666
66520,Chen,Yanzuo,陳延祚,Male,449,1912,cerd,471667
66522,Chen,Yanxi,陳延熙,Male,32029,1915,cerd,471668
66524,Chen,Yanyu,陳延譽,Male,32029,1915,cerd,471669
66526,Chen,Yannian,陳延年,Male,511,1913,cerd,471670
66529,Chen,Yanzeng,陳延曾,Male,1544,1902,cerd,471671
66543,Chen,Tinghui,陳廷輝,Male,1618,1902,cerd,333127
66554,Chen,Tingmo,陳廷模,Male,67,1900,cerd,471672
66556,Chen,Tingwei,陳廷維,Male,1305,1892,cerd,471673
66564,Chen,Tinghui,陳廷翽,Male,1618,NA,cerd,471675
66566,Chen,Tingji,陳廷紀,Male,1305,1885,cerd,471676
66574,Chen,Tingji,陳廷紀,Male,3924,NA,cerd,471677
66576,Chen,Tingxuan,陳廷絢,Male,1305,NA,cerd,471678
66581,Chen,Tinggang,陳廷綱,Male,935,1907,cerd,471679
66583,Chen,Tingyou,陳廷祐,Male,496,1911,cerd,471680
66585,Chen,Tingfang,陳廷芳,Male,41428,1916,cerd,471681
66587,Chen,Kongbu,陳孔步,Male,1817,1909,cerd,471682
66591,Chen,Gonglin,陳功霖,Male,1434,1914,cerd,471683
66594,Chen,Naisong,陳耐松,Male,6556,1884,cerd,471684
66605,Chen,Jianxun,陳建勳,Male,2780,1916,cerd,471686
66607,Chen,Jianyi,陳建宜,Male,338,1908,cerd,8773
66617,Chen,Jianqi,陳建啟,Male,39319,1904,cerd,471687
66619,Chen,Limin,陳理民,Male,NA,NA,cerd,471688
66622,Chen,Mengtao,陳孟濤,Male,2780,1914,cerd,471689
66624,Chen,Chengding,陳承鋌,Male,553,1900,cerd,471690
66635,Chen,Zikuan,陳子寬,Male,1664,1894,cerd,471691
66644,Chen,Junhui,陳君慧,Male,2780,1895,cerd,471692
66656,Chen,Yiyi,陳乙彝,Male,496,1908,cerd,471693
66659,Chen,Zhenghe,陳政和,Male,553,1903,cerd,471694
66668,Chen,Fangtao,陳仿陶,Male,40967,1896,cerd,471695
66680,Chen,Ailiang,陳愛良,Male,2732,1893,cerd,471697
66682,Chen,Shunying,陳舜英,Female,553,1915,cerd,471698
66684,Chen,Xinshi,陳信始,Male,3608,1917,cerd,471699
66689,Chen,Jiyu,陳季玉,Male,NA,NA,cerd,471700
66691,Chen,Jihan,陳季涵,Male,6617,1914,cerd,471701
66693,Chen,Shouchang,陳受昌,Male,1305,1894,cerd,471702
66707,Chen,Xiangpu,陳香浦,Male,590,1912,cerd,471703
66712,Chen,Binghuai,陳秉淮,Male,2780,1909,cerd,471704
66714,Chen,Bingliang,陳秉良,Male,1259,1905,cerd,471705
66720,Chen,Bingyi,陳秉渏,Male,6090,1897,cerd,471706
66723,Chen,Bingzhi,陳秉直,Male,1434,1900,cerd,395164
66729,Chen,Bingjun,陳秉鈞,Male,496,1907,cerd,471710
66732,Chen,Bingsa,陳秉鈒,Male,8251,1898,cerd,471711
66734,Chen,Weixin,陳維辛,Male,1256,1896,cerd,471712
66738,Chen,Weiji,陳維稷,Male,62981,1906,cerd,192333
66745,Chen,Weisi,陳維四,Male,1161,1912,cerd,471713
66747,Chen,Qichen,陳其琛,Male,3608,1914,cerd,471714
66749,Chen,Qixin,陳其信,Male,15783,1889,cerd,340683
66752,Chen,Qichang,陳其昌,Male,6175,1896,cerd,471715
66754,Chen,Chuxing,陳楚興,Male,5756,1910,cerd,471716
66756,Chen,Shuyi,陳樹儀,Female,807,1913,cerd,471717
66759,Chen,Shubao,陳樹寶,Male,571,1918,cerd,471718
66761,Chen,Shubing,陳樹檳,Male,2797,1909,cerd,471719
66764,Chen,Shuchun,陳樹䏛,Male,20636,NA,cerd,471721
66767,Chen,Shuren,陳樹人,Male,1618,1913,cerd,471722
66769,Chen,Shuren,陳樹人,Male,590,1900,cerd,471723
66773,Chen,Shutang,陳樹棠,Male,64,1893,cerd,471724
66776,Chen,Yunzhang,陳蘊章,Male,1409,NA,cerd,471725
66778,Chen,Guichun,陳桂春,Male,NA,NA,cerd,471726
66780,Chen,Guisheng,陳桂生,Male,3471,1912,cerd,471727
66782,Chen,Linsen,陳林森,Male,9560,1910,cerd,471728
66784,Chen,Dilian,陳棣濂,Male,553,1914,cerd,471729
66786,Chen,Chunting,陳椿庭,Male,965,1916,cerd,471730
66790,Chen,Shuyao,陳恕瑤,Male,6556,NA,cerd,471732
66792,Chen,Ruyin,陳如銀,Male,80,1917,cerd,471733
66794,Chen,Hezong,陳賀宗,Male,2780,1901,cerd,471734
66803,Chen,Boling,陳柏齡,Male,566,NA,cerd,471735
66807,Chen,Junrui,陳均瑞,Male,4795,NA,cerd,471736
66809,Chen,Yuzhang,陳郁章,Male,22888,1915,cerd,471737
66811,Chen,Shengmu,陳聲穆,Male,999,1903,cerd,471738
66818,Chen,Chaojie,陳朝杰,Male,80,1911,cerd,471739
66828,Chen,Chaodong,陳朝棟,Male,3608,NA,cerd,471740
66830,Chen,Qizhao,陳起炤,Male,544,NA,cerd,471741
66832,Chen,Zengling,陳增齡,Male,22438,NA,cerd,471743
66834,Chen,Zenghu,陳增祜,Male,22438,NA,cerd,471744
66836,Chen,Qianheng,陳乾亨,Male,2071,NA,cerd,471745
66838,Chen,Hanyang,陳翰揚,Male,909,NA,cerd,471746
66840,Chen,Jingqi,陳敬齊,Male,4320,1913,cerd,471747
66842,Chen,Songbo,陳松柏,Male,4977,1914,cerd,471748
66844,Chen,Songmao,陳松茂,Male,8163,1918,cerd,471749
66846,Chen,Songzhang,陳松長,Male,802,1902,cerd,471750
66849,Chen,Zhongzheng,陳中正,Male,6296,NA,cerd,471751
66851,Chen,Zhonglü,陳中履,Male,965,1907,cerd,471752
66854,Chen,Zhongxi,陳中熙,Male,1636,1901,cerd,471754
66870,Chen,Taigui,陳泰桂,Male,1903,1907,cerd,471755
66885,Chen,Taidi,陳泰棣,Male,1903,1910,cerd,471756
66889,Chen,Benyuan,陳本元,Male,7398,1899,cerd,471757
66894,Chen,Benrui,陳本瑞,Male,66895,NA,cerd,471758
66898,Chen,Zhongfu,陳忠孚,Male,879,1912,cerd,471759
66901,Chen,Zhonggang,陳忠綱,Male,879,1908,cerd,471760
66904,Chen,Zhonggan,陳忠淦,Male,879,1908,cerd,471761
66907,Chen,Zhongzhu,陳忠鑄,Male,879,NA,cerd,471762
66909,Chen,Zhongji,陳忠箕,Male,879,1909,cerd,471763
66912,Chen,Zhongyao,陳忠耀,Male,1885,1912,cerd,471765
66917,Chen,Shuxin,陳書馨,Male,66918,1914,cerd,471766
66920,Chen,Zhenyi,陳振翊,Male,1004,1906,cerd,471767
66932,Chen,Zhenwan,陳振完,Male,2443,1912,cerd,471768
66937,Chen,Zhenhu,陳振胡,Male,2443,1902,cerd,471769
66947,Chen,Zhentai,陳振泰,Male,338,1916,cerd,471770
66949,Chen,Zhenzhao,陳振釗,Male,12887,1905,cerd,471771
66952,Chen,Zhentang,陳振堂,Male,3710,1916,cerd,471772
66959,Rao,Shi,饒湜,Male,590,1892,cerd,471773
66971,Rao,Hui,饒惠,Male,607,NA,cerd,471774
66973,Rao,Jingqun,饒競羣,Male,6917,1901,cerd,471776
66982,Rao,Zifan,饒子範,Male,590,NA,cerd,471777
66984,Rao,Qiming,饒啟明,Male,NA,NA,cerd,471778
66989,Rao,Dayong,饒大鏞,Male,1487,1891,cerd,471779
66998,Rao,Fumin,饒輔民,Male,14760,1912,cerd,471780
67000,Rao,Guozhang,饒國璋,Male,6917,1902,cerd,471781
67009,Rao,Yu'e,饒毓蕚,Female,8262,1916,cerd,471782
67011,Rao,Mingkuang,饒銘劻,Male,14705,1908,cerd,471783
67013,Niu,Zhaosong,鈕兆松,Male,4422,1913,cerd,471784
67015,Niu,Zequan,鈕澤全,Male,1113,1902,cerd,471785
67022,Niu,Qiru,鈕其如,Male,909,1910,cerd,471787
67026,Niu,Yinliang,鈕因梁,Male,1113,1901,cerd,471788
67035,Niu,Yinxiang,鈕因祥,Male,1113,1888,cerd,471789
67040,Niu,Yinchu,鈕因楚,Male,1113,1904,cerd,471790
67051,Niu,Xilin,鈕錫麟,Male,1604,NA,cerd,471791
67054,Niu,Xiangqing,鈕翔青,Male,1113,NA,cerd,471792
67057,Qin,Kaigan,欽開淦,Male,877,1916,cerd,471793
67059,Zheng,Jin,鄭瑾,Male,30367,1905,cerd,471794
67061,Zheng,De,鄭德,Male,1993,1915,cerd,471795
67063,Zheng,Xiu,鄭烋,Male,22109,1907,cerd,471796
67068,Zheng,Qi,鄭祺,Male,NA,NA,cerd,471798
67072,Zheng,Si,鄭泗,Male,427,NA,cerd,391950
67075,Zheng,Dao,鄭燾,Male,22109,1905,cerd,471799
67079,Zheng,Zhao,鄭昭,Male,1993,1912,cerd,471800
67081,Zheng,Hou,鄭厚,Male,1305,1916,cerd,471801
67083,Zheng,Ji,鄭驥,Male,1993,1915,cerd,471802
67085,Zheng,Yu,鄭愈,Male,2567,1904,cerd,391849
67096,Zheng,Zhu,鄭鑄,Male,590,NA,cerd,471803
67099,Zheng,Jun,鄭鈞,Male,1630,1917,cerd,471804
67101,Zheng,Jun,鄭鈞,Male,NA,NA,cerd,471805
67103,Zheng,Jun,鄭鈞,Male,29207,NA,cerd,471806
67106,Zheng,Bing,鄭炳,Male,6341,1905,cerd,471807
67117,Zheng,Jun,鄭焌,Male,5830,1909,cerd,471809
67120,Zheng,Fanghang,鄭方珩,Male,1305,1899,cerd,471810
67136,Zheng,Wenhua,鄭文華,Male,66267,1902,cerd,471811
67146,Zheng,Wenji,鄭文驥,Male,1993,1912,cerd,471812
67150,Zheng,Wenzhu,鄭文鑄,Male,37869,1912,cerd,471813
67153,Zheng,Wenguang,鄭文光,Male,9117,1908,cerd,471814
67155,Zheng,Jingyuan,鄭京元,Male,1597,1899,cerd,471815
67158,Zheng,Longpiao,鄭龍飄,Male,3710,1909,cerd,471816
67160,Zheng,Xinhui,鄭新惠,Male,1079,1914,cerd,471817
67162,Zheng,Yujian,鄭於儉,Male,1079,1917,cerd,471818
67164,Zheng,Yuanjian,鄭元健,Male,7911,1902,cerd,471821
67166,Zheng,Tianni,鄭天倪,Male,NA,NA,cerd,471822
67168,Zheng,Tiancheng,鄭天成,Male,NA,NA,cerd,471823
67170,Zheng,Suyun,鄭粟雲,Male,1664,1910,cerd,471824
67175,Zheng,Ruibo,鄭瑞波,Male,1993,1911,cerd,471825
67179,Zheng,Ruilin,鄭瑞林,Male,382,1914,cerd,471826
67181,Zheng,Wukui,鄭武奎,Male,1659,1909,cerd,471827
67187,Zheng,Shengjian,鄭聖鑑,Male,13001,1906,cerd,471828
67194,Zheng,Naiqing,鄭乃清,Male,63,1904,cerd,471829
67198,Zheng,Zhixiang,鄭致祥,Male,553,NA,cerd,471830
67200,Zheng,Weifan,鄭維藩,Male,1604,NA,cerd,471832
67203,Zheng,Weibang,鄭維邦,Male,7746,1912,cerd,471833
67205,Zheng,Yansong,鄭衍松,Male,1544,NA,cerd,471834
67207,Zheng,Yangao,鄭衍杲,Male,1544,1918,cerd,471835
67209,Zheng,Zuozhou,鄭佐周,Male,7484,1909,cerd,471836
67211,Zheng,Dezhang,鄭德張,Male,27921,1912,cerd,471837
67214,Zheng,Dekui,鄭德奎,Male,24773,1903,cerd,471838
67217,Zheng,Depeng,鄭德鵬,Male,27921,1907,cerd,471839
67220,Zheng,Xukang,鄭續康,Male,27436,1903,cerd,471840
67222,Zheng,Zhongliang,鄭仲良,Male,449,1914,cerd,471841
67229,Zheng,Chuanlin,鄭傳霖,Male,553,1905,cerd,471843
67232,Zheng,Chuanshou,鄭傳壽,Male,34611,1911,cerd,471844
67234,Zheng,Xiuling,鄭修齡,Male,5131,1913,cerd,471845
67236,Zheng,Mingpei,鄭名沛,Male,5131,1906,cerd,471846
67242,Zheng,Shaogao,鄭紹皋,Male,427,1890,cerd,471847
67258,Zheng,Shaohe,鄭紹河,Male,449,1915,cerd,471848
67260,Zheng,Shaocheng,鄭紹成,Male,NA,NA,cerd,471849
67262,Zheng,Shaotang,鄭紹棠,Male,2780,1906,cerd,471850
67267,Zheng,Xuanzhi,鄭宣知,Male,3265,1912,cerd,471851
67269,Zheng,Yongxi,鄭永錫,Male,76,NA,cerd,471852
67272,Zheng,Jiabin,鄭家斌,Male,1993,1886,cerd,471854
67280,Zheng,Jiajun,鄭家俊,Male,590,1896,cerd,471855
67289,Chen,Fuwen,陳輔文,Male,338,NA,cerd,471856
67291,Chen,Fuping,陳輔屏,Male,1113,1897,cerd,471857
67299,Chen,Huixin,陳慧新,Male,1817,1906,cerd,471858
67301,Chen,Changnan,陳暢南,Male,2780,1916,cerd,471859
67303,Chen,Bangjie,陳邦傑,Male,1409,NA,cerd,471860
67306,Chen,Bangji,陳邦濟,Male,10730,1894,cerd,471861
67322,Chen,Bangzhu,陳邦柱,Male,1256,1907,cerd,471862
67325,Chen,Bangshu,陳邦樞,Male,1016,1911,cerd,471863
67332,Chen,Bangliang,陳邦樑,Male,67333,1914,cerd,471865
67336,Chen,Bangyao,陳邦耀,Male,1256,1913,cerd,471866
67339,Chen,Risheng,陳日昇,Male,819,1913,cerd,471867
67343,Chen,Chengtao,陳呈韜,Male,1817,NA,cerd,471868
67345,Chen,Shusheng,陳蜀生,Male,553,1907,cerd,395468
67354,Chen,Guokang,陳國康,Male,4977,1910,cerd,471869
67359,Chen,Guoqing,陳國慶,Male,1664,1914,cerd,471870
67361,Chen,Guobin,陳國斌,Male,544,1914,cerd,471871
67363,Chen,Guoqiang,陳國瑲,Male,40967,1914,cerd,471872
67385,Chen,Guoxiang,陳國祥,Male,553,NA,cerd,471873
67388,Chen,Guoshi,陳國士,Male,40446,1917,cerd,471874
67390,Chen,Guoshi,陳國士,Male,4449,1892,cerd,471876
67398,Chen,Guozhu,陳國柱,Male,7746,1913,cerd,471877
67400,Chen,Guozhen,陳國楨,Male,67401,1893,cerd,471878
67404,Chen,Guoji,陳國機,Male,2780,1895,cerd,393898
67419,Chen,Guoliang,陳國樑,Male,338,1897,cerd,332894
67428,Chen,Guonan,陳國楠,Male,2780,NA,cerd,471880
67430,Chen,Guoqin,陳國欽,Male,1714,1913,cerd,471881
67432,Chen,Guofu,陳國符,Male,807,1915,cerd,471882
67434,Chen,Guoguang,陳國光,Male,25587,1916,cerd,471883
67436,Chen,Sicheng,陳思誠,Male,1993,1891,cerd,471884
67443,Chen,Sicong,陳思聰,Male,5332,NA,cerd,471885
67445,Chen,Enlian,陳恩連,Male,511,1915,cerd,471887
67447,Chen,Enying,陳恩鍈,Male,427,NA,cerd,471888
67449,Chen,Changyan,陳昌言,Male,27921,NA,cerd,471889
67451,Chen,Changling,陳昌齡,Male,909,NA,cerd,471890
67454,Chen,Changzu,陳昌祖,Male,2780,1905,cerd,471891
67469,Chen,Changhua,陳昌華,Male,909,1912,cerd,471892
67471,Chen,Changjiao,陳昌教,Male,74,1909,cerd,471893
67476,Chen,Changji,陳昌驥,Male,877,1885,cerd,471894
67479,Chen,Changxian,陳昌賢,Male,1079,1905,cerd,471895
67488,Chen,Jingqiao,陳景喬,Male,2443,NA,cerd,471896
67492,Chen,Jingfu,陳景福,Male,1113,1916,cerd,471898
67498,Chen,Jinghong,陳景洪,Male,2780,1912,cerd,471899
67504,Chen,Jinghan,陳景涵,Male,3829,1906,cerd,471900
67509,Chen,Jingliang,陳景樑,Male,449,1911,cerd,471901
67511,Chen,Xianying,陳顯穎,Male,558,1913,cerd,471902
67513,Chen,Zezhong,陳則忠,Male,877,1892,cerd,393744
67528,Chen,Xiaolan,陳曉嵐,Male,34068,1901,cerd,471903
67532,Chen,Shiding,陳時鼎,Male,1189,1912,cerd,471904
67534,Chen,Mingzhang,陳明章,Male,1770,1915,cerd,471905
67536,Chen,Mingshao,陳明紹,Male,3323,1912,cerd,471906
67539,Chen,Mingzu,陳明祖,Male,1770,1911,cerd,471907
67543,Chen,Mingshou,陳明壽,Male,1079,1891,cerd,38491
67554,Chen,Mingjian,陳明鑑,Male,2732,NA,cerd,471910
67556,Chen,Zhaoliang,陳昭亮,Male,3471,1916,cerd,471911
67558,Chen,Zhaoqi,陳昭奇,Male,553,1899,cerd,394591
67565,Chen,Siyu,陳嗣虞,Male,10730,1901,cerd,311035
67568,Chen,Houzai,陳厚載,Male,14760,1911,cerd,471912
67574,Chen,Houkan,陳厚堪,Male,9535,1906,cerd,471913
67577,Chen,Houfu,陳厚甫,Male,74,1899,cerd,471914
67581,Chen,Zhangzi,陳長鎡,Male,61,1889,cerd,471915
67585,Chen,Yuezhong,陳岳中,Male,2352,NA,cerd,471916
67587,Chen,Junfei,陳駿飛,Male,1259,1913,cerd,471917
67589,Chen,Huasheng,陳驊聲,Male,553,1903,cerd,471918
67595,Chen,Ticheng,陳體誠,Male,553,1896,cerd,192076
67604,Chen,Tiqin,陳體欽,Male,553,1903,cerd,471920
67616,Chen,Tirong,陳體榮,Male,553,1902,cerd,471921
67621,Chen,Fengxiang,陳鳳祥,Male,459,1913,cerd,471922
67623,Chen,Fengzao,陳鳳藻,Male,NA,NA,cerd,471923
67625,Chen,Fengxiang,陳鳳翔,Male,34827,NA,cerd,471924
67627,Chen,Longkun,陳隆焜,Male,1161,1916,cerd,471925
67629,Chen,Yuecong,陳閱聰,Male,23110,1917,cerd,471926
67631,Chen,Tongchang,陳同昌,Male,9552,1904,cerd,471927
67635,Chen,Zhanyou,陳展猷,Male,597,NA,cerd,471928
67637,Chen,Lüyi,陳履夷,Male,765,1901,cerd,471929
67644,Chen,Taosheng,陳騊聲,Male,553,1900,cerd,471932
67658,Chen,Xueshi,陳學詩,Male,27436,NA,cerd,471933
67661,Chen,Xuejun,陳學俊,Male,7725,1919,cerd,193104
67663,Chen,Xueli,陳學澧,Male,553,1893,cerd,471934
67667,Chen,Xueqin,陳學勤,Male,13033,1908,cerd,471935
67669,Chen,Xuewen,陳學溫,Male,59456,1909,cerd,471936
67673,Chen,Xuechu,陳學蒭,Male,1993,NA,cerd,471937
67676,Chen,Xuepu,陳學普,Male,1016,NA,cerd,471938
67678,Chen,Geshu,陳閣書,Male,2884,1907,cerd,471939
67682,Chen,Minsan,陳民三,Male,1259,1914,cerd,471940
67684,Chen,Xianding,陳賢鼎,Male,1161,NA,cerd,471941
67686,Chen,Qixian,陳企賢,Male,566,1912,cerd,471943
67688,Chen,Jingchu,陳鏡初,Male,449,NA,cerd,471944
67690,Chen,Xinmin,陳鑫民,Male,566,1912,cerd,471945
67692,Chen,Xiyong,陳翕永,Male,NA,NA,cerd,471946
67694,Chen,Duiyuan,陳兌元,Male,19830,1901,cerd,393701
67701,Zheng,Jialing,鄭家齡,Male,13001,1914,cerd,471947
67703,Zheng,Jiaqi,鄭家圻,Male,590,1914,cerd,471948
67707,Zheng,Jiayi,鄭家頤,Male,590,1907,cerd,471949
67712,Zheng,Jiaqi,鄭家騏,Male,1881,1901,cerd,471950
67718,Zheng,Jiajue,鄭家覺,Male,590,1899,cerd,471951
67725,Zheng,Guanyu,鄭官裕,Male,1993,1913,cerd,471952
67727,Zheng,Baocheng,鄭寶誠,Male,449,1906,cerd,471954
67734,Zheng,Dingbang,鄭定邦,Male,1113,NA,cerd,471955
67736,Zheng,Baoshan,鄭寶善,Male,15729,1886,cerd,471956
67745,Zheng,Yuanshen,鄭源深,Male,1042,NA,cerd,471957
67747,Zheng,Fuqing,鄭福慶,Male,5131,1913,cerd,471958
67749,Zheng,Fuquan,鄭福全,Male,31791,NA,cerd,471959
67751,Zheng,Quhua,鄭渠華,Male,1604,1901,cerd,471960
67755,Zheng,Zhaozhen,鄭兆珍,Male,427,1913,cerd,471961
67758,Zheng,Zhaobin,鄭兆賓,Male,1409,1908,cerd,471962
67763,Zheng,Zhaoji,鄭兆吉,Male,590,NA,cerd,471963
67765,Zheng,Zhaosong,鄭兆松,Male,590,NA,cerd,471965
67767,Zheng,Zhi'an,鄭治安,Male,1993,1889,cerd,471966
67772,Zheng,Zixi,鄭滋樨,Male,553,1867,cerd,471967
67801,Zheng,Ruxing,鄭汝騂,Male,877,1910,cerd,471968
67807,Zheng,Dachen,鄭達宸,Male,1016,1890,cerd,471969
67818,Zheng,Shenkun,鄭神坤,Male,553,NA,cerd,471970
67820,Zheng,Liqian,鄭禮謙,Male,553,1899,cerd,471971
67823,Zheng,Liming,鄭禮明,Male,553,1884,cerd,333540
67836,Zheng,Zepei,鄭澤沛,Male,11496,NA,cerd,471972
67838,Zheng,Zhuhua,鄭祝華,Male,NA,NA,cerd,471973
67840,Zheng,Hongzhang,鄭鴻章,Male,67842,1914,cerd,471974
67844,Zheng,Zuliang,鄭祖良,Male,1993,1917,cerd,471976
67846,Zheng,Guanxiong,鄭冠雄,Male,1161,1911,cerd,471977
67851,Zheng,Yiqun,鄭逸羣,Male,66267,1909,cerd,471978
67853,Zheng,Haizhu,鄭海柱,Male,13846,1912,cerd,471979
67856,Zheng,Yuzheng,鄭裕崢,Male,5273,1912,cerd,471980
67861,Zheng,Zunfang,鄭遵芳,Male,7094,NA,cerd,471981
67863,Zheng,Daolong,鄭道隆,Male,80,NA,cerd,471982
67865,Zheng,Zhaojing,鄭肇經,Male,2985,1897,cerd,471983
67880,Zheng,Qixiang,鄭啟祥,Male,13948,1915,cerd,471984
67883,Zheng,Daqiang,鄭大強,Male,6341,1900,cerd,471985
67894,Zheng,Datong,鄭大同,Male,NA,NA,cerd,471987
67896,Zheng,Shiyan,鄭士彥,Male,24956,1903,cerd,16919
67901,Zhong,Shihong,鄭士弘,Male,5363,1910,cerd,471988
67904,Zheng,Peiyuan,鄭培元,Male,1415,1909,cerd,471989
67906,Zheng,Zaixiao,鄭在校,Male,67907,1909,cerd,471990
67911,Zheng,Keyi,鄭克廙,Male,427,1915,cerd,471991
67914,Zheng,Kegang,鄭克剛,Male,427,1911,cerd,471992
67916,Zheng,Zhiren,鄭志仁,Male,1227,1897,cerd,471993
67920,Zheng,Zhiyuan,鄭志遠,Male,1993,1908,cerd,471994
67922,Zheng,Zhiqiao,鄭志翹,Male,67923,1905,cerd,471995
67928,Zheng,Xiaoyan,鄭孝炎,Male,553,1913,cerd,471996
67930,Zheng,Jiheng,鄭吉衡,Male,15040,NA,cerd,471998
67932,Zheng,Zaoxiu,鄭藻修,Male,1993,1907,cerd,471999
67936,Zheng,Baozhen,鄭葆真,Male,427,1912,cerd,472000
67938,Zheng,Baolu,鄭葆祿,Male,553,1910,cerd,472001
67941,Zheng,Baocheng,鄭葆成,Male,553,1895,cerd,472002
67952,Zheng,Wanyan,鄭萬言,Male,25978,1897,cerd,472003
67958,Zheng,Wanhu,鄭萬笏,Male,1079,1905,cerd,472004
67963,Zheng,Pangui,鄭攀桂,Male,511,1914,cerd,472005
67965,Zheng,Shize,鄭世澤,Male,1079,1917,cerd,472006
67967,Zheng,Shifen,鄭世芬,Male,553,1912,cerd,472007
67970,Zheng,Shujia,鄭樹嘉,Male,1993,NA,cerd,472009
67972,Zheng,Guirui,鄭桂瑞,Male,1511,NA,cerd,472010
67977,Zheng,Chunnian,鄭椿年,Male,2932,1915,cerd,472011
67979,Zheng,Nutao,鄭怒濤,Male,13846,1909,cerd,472012
67983,Zheng,Chaoqiang,鄭朝強,Male,61,1913,cerd,472013
67986,Zheng,Hanzhang,鄭翰章,Male,723,1890,cerd,472014
67988,Zheng,Hanxi,鄭翰西,Male,2884,1894,cerd,472015
67992,Zheng,Songshou,鄭松壽,Male,55090,1915,cerd,472016
67994,Zheng,Benfen,鄭本芬,Male,553,1914,cerd,472017
67996,Zheng,Huizhuang,鄭惠莊,Male,1016,1916,cerd,472018
67998,Zheng,Shunian,鄭書年,Male,43262,NA,cerd,472020
68001,Zheng,Chengyu,鄭成裕,Male,1993,1894,cerd,472021
68007,Zheng,Rifu,鄭日孚,Male,1993,1901,cerd,325737
68014,Zheng,Guolin,鄭國琳,Male,1881,1910,cerd,472023
68017,Zheng,Guoheng,鄭國衡,Male,NA,NA,cerd,472024
68019,Zheng,Si'en,鄭思恩,Male,19500,1904,cerd,472025
68024,Zheng,Ende,鄭恩德,Male,819,1912,cerd,472026
68026,Zheng,Enrong,鄭恩榮,Male,3784,1913,cerd,472027
68028,Zheng,Changzuo,鄭昌祚,Male,453,1911,cerd,472028
68032,Zheng,Hounian,鄭厚年,Male,965,NA,cerd,472029
68034,Zheng,Zhangfa,鄭長發,Male,34827,NA,cerd,472031
68036,Zheng,Jijun,鄭際濬,Male,1941,1916,cerd,472032
68039,Zheng,Tongwen,鄭彤文,Male,NA,NA,cerd,472033
68041,Zheng,Fengzhen,鄭鳳珍,Male,7956,1911,cerd,472034
68045,Zheng,Fengchi,鄭鳳池,Male,1993,1915,cerd,472035
68047,Zheng,Longjin,鄭隆金,Male,1885,1916,cerd,472036
68051,Zheng,Jichang,鄭際昶,Male,15729,1912,cerd,472037
68054,Zheng,Jiming,鄭際明,Male,15729,1903,cerd,472038
68062,Zheng,Xueqiao,鄭學樵,Male,37643,1910,cerd,472039
68065,Zheng,Yuxian,鄭與賢,Male,9117,1913,cerd,472040
68069,Zheng,Zunfa,鄭尊法,Male,62,1901,cerd,392127
68073,Zheng,Dian'ou,鄭奠歐,Male,1270,1893,cerd,333536
68083,Zheng,Gongde,鄭公德,Male,511,1904,cerd,472044
68089,Zheng,Xiqing,鄭錫卿,Male,553,1916,cerd,472045
68092,Zheng,Guangxian,鄭光顯,Male,74,1917,cerd,472046
68094,Zheng,Hengxing,鄭恆興,Male,1415,1909,cerd,472047
68096,Zheng,Bingming,鄭炳銘,Male,3042,NA,cerd,472048
68098,Zheng,Shenzhi,鄭慎植,Male,2567,1910,cerd,472049
68100,Zheng,Yaoxi,鄭耀西,Male,2884,1906,cerd,472050
68104,Zheng,Ronglan,鄭榮蘭,Male,NA,NA,cerd,472051
68106,Shu,Qi,舒琦,Male,11209,1913,cerd,472052
68108,Shu,Wenhan,舒文翰,Male,59861,1907,cerd,472054
68113,Shu,Linshi,舒麟士,Male,590,1896,cerd,472055
68117,Shu,Zhendong,舒震東,Male,1544,1896,cerd,472056
68126,Shu,Zhuanghuai,舒壯懷,Male,NA,NA,cerd,472057
68128,Shu,Yuanze,舒遠澤,Male,6090,NA,cerd,472058
68131,Shu,Jiuxi,舒九錫,Male,1659,1904,cerd,472059
68135,Shu,Yangqi,舒揚棨,Male,59927,1913,cerd,472060
68141,Shu,Yangfu,舒揚鈇,Male,59927,1915,cerd,472061
68144,Shu,Changmei,舒昌楣,Male,1544,1910,cerd,472062
68148,Shu,Xuejun,舒學鈞,Male,590,1915,cerd,472063
68150,Zhu,Yuchang,竺宜昌,Male,2625,1913,cerd,472065
68153,Da,Yuanyun,笪遠雲,Male,90,1917,cerd,472066
68155,Da,Yuanlun,笪遠綸,Male,1618,1900,cerd,472067
68232,Chen,Lingxuan,陳令宣,Male,1016,1916,cerd,472068
68234,Chen,Yulin,陳毓麟,Male,1079,1907,cerd,472069
68236,Chen,Yulin,陳毓琳,Male,1941,1901,cerd,472070
68245,Chen,Yulin,陳毓琳,Male,518,NA,cerd,472071
68247,Chen,Yuhu,陳毓虎,Male,6015,1915,cerd,472072
68250,Chen,Yunan,陳毓南,Male,4977,1900,cerd,472073
68258,Chen,Yuzao,陳毓藻,Male,1636,1897,cerd,472074
68261,Chen,Yuzhuo,陳毓焯,Male,590,1912,cerd,472076
68264,Chen,Shanqing,陳善慶,Male,2780,1911,cerd,472077
68266,Chen,Shanmo,陳善謨,Male,2625,1914,cerd,472078
68268,Chen,Zengzhi,陳曾植,Male,71,1901,cerd,472079
68272,Chen,Zengjun,陳曾駿,Male,1556,NA,cerd,472080
68275,Chen,Gongju,陳公矩,Male,2829,1913,cerd,472081
68278,Chen,Songqin,陳頌琴,Male,20513,1912,cerd,472082
68282,Chen,Songfen,陳頌芬,Male,NA,NA,cerd,472083
68284,Chen,Zhonglin,陳鍾麟,Male,7398,NA,cerd,472084
68286,Chen,Zhongda,陳鍾達,Male,66267,1911,cerd,395671
68292,Chen,Zhongxie,陳鍾頡,Male,1100,1917,cerd,472085
68294,Chen,Chuangqi,陳創齊,Male,24089,1912,cerd,472087
68297,Chen,Chuangsheng,陳創聲,Male,1941,1912,cerd,472088
68299,Chen,Jianfang,陳劍芳,Male,5212,1913,cerd,472089
68301,Chen,Tieshou,陳鐵壽,Male,1079,1898,cerd,472090
68309,Chen,Lianfeng,陳鍊鋒,Male,1409,1914,cerd,472091
68311,Chen,Jinwen,陳錦文,Male,7006,1912,cerd,472092
68313,Chen,Jinxin,陳錦新,Male,449,NA,cerd,472093
68315,Chen,Jinliang,陳錦良,Male,7006,1912,cerd,472094
68317,Chen,Jinsong,陳錦松,Male,2780,NA,cerd,395648
68320,Zhou,Chang,周昶,Male,711,1902,cerd,472095
68337,Zhou,Tong,周通,Male,1903,NA,cerd,472096
68340,Zhou,Zhen,周楨,Male,2932,1898,cerd,192330
68344,Zhou,Xing,周荇,Male,1659,NA,cerd,472098
68347,Zhou,Chou,周幬,Male,877,1887,cerd,333564
68353,Zhou,Zhen,周蓁,Male,547,1913,cerd,472100
68357,Zhou,Mai,周勱,Male,590,1907,cerd,472101
68370,Zhou,Ji,周楫,Male,841,1915,cerd,472102
68374,Zhou,Mian,周冕,Male,1259,NA,cerd,472103
68378,Zhou,Yu,周昱,Male,711,NA,cerd,472104
68381,Zhou,Yi,周易,Male,765,1901,cerd,472105
68387,Zhou,Jun,周駿,Male,1409,1903,cerd,472106
68391,Zhou,Lü,周履,Male,1113,1917,cerd,9358
68394,Zhou,Xi,周熙,Male,1227,1886,cerd,403528
68403,Zhou,Song,周頌,Male,16722,1887,cerd,472107
68421,Zhou,Shang,周尚,Male,3829,1899,cerd,472109
68433,Zhou,Bing,周炳,Male,765,NA,cerd,472110
68435,Zhou,Wei,周煒,Male,607,1888,cerd,333565
68445,Zhou,Hengfu,周亨甫,Male,553,1901,cerd,472111
68457,Zhou,Liangjiu,周亮九,Male,1256,1915,cerd,472112
68464,Zhou,Yanru,周彥儒,Male,4394,1915,cerd,472113
68466,Zhou,Fangyi,周方義,Male,16722,1914,cerd,472114
68468,Zhou,Xizhen,周席珍,Male,723,1913,cerd,472115
68470,Zhou,Yingnan,周應南,Male,562,1913,cerd,472116
68473,Zhou,Hao'an,周豪安,Male,1857,NA,cerd,472117
68475,Zhou,Gengsen,周庚森,Male,1042,1913,cerd,472118
68487,Chen,Xibin,陳錫斌,Male,1409,1913,cerd,472120
68491,Chen,Xiji,陳錫璣,Male,4079,NA,cerd,472121
68493,Chen,Xixiang,陳錫祥,Male,496,1911,cerd,472122
68496,Chen,Xigong,陳錫恭,Male,1409,1916,cerd,472123
68498,Chen,Xihua,陳錫華,Male,40694,1915,cerd,472124
68500,Chen,Xitian,陳錫田,Male,1409,NA,cerd,472125
68502,Chen,Zhijiang,陳智江,Male,2542,1915,cerd,472126
68504,Chen,Zhidong,陳智東,Male,11706,1913,cerd,472127
68506,Chen,Mingshan,陳銘珊,Male,3042,1911,cerd,472128
68508,Chen,Mingding,陳銘鼎,Male,2780,1916,cerd,472129
68510,Chen,Jianqing,陳鑑清,Male,3730,NA,cerd,472131
68512,Chen,Zhumei,陳竹梅,Male,71,1907,cerd,472132
68515,Chen,Fulian,陳符璉,Male,8202,1914,cerd,472133
68517,Chen,Duming,陳篤銘,Male,NA,NA,cerd,472134
68519,Chen,Bilin,陳篳霖,Male,7296,NA,cerd,472135
68528,Chen,Ceqi,陳策騏,Male,553,1897,cerd,395201
68539,Chen,Weizhong,陳惟中,Male,13428,1897,cerd,472136
68542,Chen,Huaishu,陳懷書,Male,1100,1884,cerd,472137
68549,Chen,Shaoqing,陳少卿,Male,1817,NA,cerd,472138
68551,Chen,Shaolian,陳少連,Male,13001,1913,cerd,472139
68553,Chen,Guanglu,陳光祿,Male,37643,NA,cerd,472140
68555,Chen,Guanghua,陳光華,Male,1270,1916,cerd,472142
68557,Chen,Guangyao,陳光耀,Male,1881,1914,cerd,472143
68559,Chen,Shangwen,陳尚文,Male,61,1897,cerd,472144
68568,Chen,Yanwen,陳炎文,Male,12589,1912,cerd,472145
68570,Chen,Shenrong,陳燊榮,Male,3608,1916,cerd,472146
68572,Chen,Binglin,陳炳麟,Male,4553,1913,cerd,472147
68574,Chen,Bingxi,陳炳熙,Male,1256,1901,cerd,472148
68577,Chen,Bingfu,陳炳復,Male,13681,1904,cerd,472149
68579,Chen,Bingji,陳炳基,Male,449,1893,cerd,472150
68584,Chen,Bingzhao,陳炳兆,Male,1993,1912,cerd,472151
68586,Chen,Bingyan,陳炳炎,Male,NA,1913,cerd,472154
68590,Chen,Bingheng,陳炳恆,Male,13681,NA,cerd,472155
68592,Chen,Binghui,陳炳輝,Male,11209,1910,cerd,472156
68594,Chen,Yaoguang,陳耀光,Male,1016,1910,cerd,472157
68598,Chen,Yaokui,陳耀奎,Male,1664,1902,cerd,472158
68604,Chen,Yaofen,陳耀芬,Male,NA,NA,cerd,472159
68606,Chen,Yaohua,陳耀華,Male,427,1915,cerd,472160
68608,Chen,Yaohan,陳耀漢,Male,39992,NA,cerd,472161
68611,Chen,Huanxiang,陳煥祥,Male,80,1898,cerd,472162
68618,Zhou,Gengxu,周庚戌,Male,3739,1912,cerd,472163
68620,Zhou,Qingxiang,周慶相,Male,449,1911,cerd,472165
68622,Zhou,Qingyin,周慶印,Male,2435,1913,cerd,472166
68624,Zhou,Guangcheng,周廣誠,Male,2641,1915,cerd,472167
68626,Zhou,Guangfa,周廣發,Male,2884,1910,cerd,472168
68628,Zhou,Gengmo,周賡謨,Male,1664,1912,cerd,472169
68631,Zhou,Wenyi,周文衣,Male,3966,NA,cerd,472170
68633,Zhou,Wenmin,周文珉,Male,1016,1914,cerd,472171
68635,Zhou,Wenhua,周文化,Male,14954,1913,cerd,472172
68637,Zhou,Wende,周文德,Male,1356,NA,cerd,472173
68639,Zhou,Wenzheng,周文蒸,Male,877,1899,cerd,472174
68648,Zhou,Wenrui,周文銳,Male,1881,NA,cerd,472176
68650,Zhou,Wenxie,周文燮,Male,NA,NA,cerd,472177
68652,Zhou,Wenxie,周文燮,Male,877,NA,cerd,472178
68665,Zhou,Xuanguang,周玄光,Male,7045,1910,cerd,472179
68667,Zhou,Longzhang,周龍章,Male,49918,1910,cerd,472180
68672,Zhou,Jinqian,周謹謙,Male,1725,1907,cerd,472181
68675,Zhou,Moren,周謨仁,Male,3966,1915,cerd,472182
68678,Zhou,Shijin,周詩津,Male,1120,1908,cerd,472183
68682,Zhou,Dunxin,周敦信,Male,16065,1896,cerd,472184
68684,Zhou,Dunxian,周敦憲,Male,1231,1898,cerd,333551
68693,Zhou,Dunyi,周敦義,Male,3642,1911,cerd,472185
68696,Zhou,Shuoli,周說禮,Male,NA,NA,cerd,472187
68698,Zhou,Sannong,周三農,Male,NA,NA,cerd,472188
68700,Zhou,Zhengsheng,周正盛,Male,9592,1912,cerd,472189
68702,Zhou,Yushan,周玉山,Male,965,1906,cerd,472190
68705,Zhou,Yukun,周玉坤,Male,1042,1902,cerd,472191
68721,Zhou,Yuhong,周玉虹,Male,1042,1909,cerd,472192
68727,Zhou,Yuchang,周玉昌,Male,1042,1907,cerd,472193
68730,Zhou,Zhibin,周至濱,Male,68731,1910,cerd,472194
68733,Zhou,Yabin,周亞斌,Male,1256,NA,cerd,472195
68735,Zhou,Pixian,周丕顯,Male,6904,NA,cerd,472196
68737,Zhou,Yuanzhang,周元章,Male,NA,NA,cerd,472198
68739,Zhou,Yuanqing,周元慶,Male,807,NA,cerd,472199
68741,Zhou,Yuanxun,周元勛,Male,1630,NA,cerd,472200
68743,Zhou,Yuangu,周元谷,Male,1210,1904,cerd,472201
68750,Zhou,Zhenliang,周震良,Male,68751,1903,cerd,472202
68758,Zhou,Baigui,周百貴,Male,4320,1909,cerd,472203
68761,Chen,Jiayu,陳佳[左衣右昱],Male,590,1915,cerd,472204
68763,Zhu,Quanling,竹銓齡,Male,1259,1913,cerd,472205
68768,Jian,Yuanrao,簡元饒,Male,3608,1915,cerd,472206
68771,Jian,Shinong,簡石農,Male,1993,1912,cerd,472207
68773,Jian,Boliang,簡伯良,Male,607,1903,cerd,332770
68776,Jian,Guanzhi,簡冠之,Male,3042,1913,cerd,472209
68778,Jian,Yinguan,簡寅官,Male,1042,1914,cerd,472210
68780,Jian,Genxian,簡根賢,Male,3608,1912,cerd,472211
68787,Jian,Huanwen,簡煥文,Male,1993,NA,cerd,472212
68790,Jian,Huanhua,簡煥華,Male,NA,NA,cerd,472213
68792,Fu,Jun,符俊,Male,40694,1911,cerd,472214
68794,Fu,Zhiyi,符致益,Male,40694,NA,cerd,472215
68796,Fu,Zongchao,符宗朝,Male,1042,1890,cerd,472216
68810,Fu,Zhaomei,符兆美,Male,NA,NA,cerd,472217
68812,Guan,Cheng,管成,Male,2352,NA,cerd,472218
68814,Guan,Mei,管美,Male,547,1913,cerd,472220
68817,Guan,Wenbin,管文彬,Male,24183,1904,cerd,472221
68819,Guan,Dunjun,管敦俊,Male,4161,1914,cerd,472222
68822,Guan,Dunhua,管敦化,Male,4161,NA,cerd,472223
68824,Guan,Linsheng,管琳生,Male,1292,1906,cerd,472224
68826,Guan,Renjun,管仁鈞,Male,965,1912,cerd,472225
68830,Guan,Jifeng,管吉封,Male,45797,1900,cerd,472226
68838,Guan,Zhongyi,管中一,Male,60,NA,cerd,472227
68847,Guan,Yudai,管毓岱,Male,1748,1911,cerd,472228
68851,Guan,Yihuai,管義懷,Male,1079,1917,cerd,472229
68853,Guan,Guangyu,管光宇,Male,1881,1910,cerd,472231
68855,Guang,Dekun,光德坤,Male,1227,1906,cerd,472232
68865,Shang,Rong,尚鎔,Male,37950,1887,cerd,472233
68869,Shang,Zhi,尚鋕,Male,15783,1903,cerd,333075
68875,Shang,Guangyuan,尚光源,Male,1359,1907,cerd,472235
68878,Chang,Qing,常清,Male,1682,1907,cerd,472236
68880,Chang,Xu,常敘,Male,8854,1899,cerd,472237
68885,Chang,Qin,常欽,Male,3672,1900,cerd,472238
68887,Chang,Xinwen,常新文,Male,3053,1897,cerd,472239
68889,Chang,Naixi,常乃憙,Male,1305,NA,cerd,472240
68891,Chang,Xiuqi,常秀琪,Male,27645,NA,cerd,472242
68893,Chang,Shisheng,常師聖,Male,9432,1906,cerd,472243
68895,Chang,Shide,常師德,Male,9432,1913,cerd,472244
68898,Chang,Xiangchun,常向春,Male,11187,1894,cerd,472245
68900,Chang,Ji'an,常濟安,Male,63,1887,cerd,472246
68908,Chang,Jiazhe,常家哲,Male,NA,NA,cerd,472247
68910,Chang,Yejian,常業建,Male,590,1913,cerd,472248
68912,Chang,Kexun,常克勳,Male,9432,NA,cerd,472249
68914,Chang,Kexun,常克勛,Male,9432,1884,cerd,472250
68917,Chang,Keyi,常克義,Male,427,1909,cerd,472251
68920,Chang,Kezhi,常克智,Male,4079,1897,cerd,472253
68925,Chang,Yinji,常蔭集,Male,72,1910,cerd,472254
68929,Chang,Yingpu,常英璞,Male,511,NA,cerd,472255
68931,Chang,Shiwei,常世維,Male,4195,1907,cerd,472256
68939,Chang,Zengshu,常增恕,Male,717,1911,cerd,472257
68941,Chang,Zhongxiang,常中祥,Male,NA,NA,cerd,472258
68943,Chang,Zhenhan,常振漢,Male,590,1917,cerd,472259
68945,Chang,Zhenhan,常振檝,Male,590,1916,cerd,472260
68947,Chang,Fusheng,常撫生,Male,3966,1914,cerd,472261
68949,Cheng,Fengqi,常鳳棲,Male,11187,1895,cerd,472262
68953,Chang,Xichun,常錫純,Male,21465,1914,cerd,472265
68961,Chang,Guangrong,常光榮,Female,909,1916,cerd,472266
68963,Chang,Yaoxian,常耀先,Male,20342,1906,cerd,472267
68966,Chang,Yaozu,常耀祖,Male,5979,1901,cerd,472268
68971,Chang,Huanwen,常煥文,Male,19088,1902,cerd,472269
68981,Dang,Gang,黨剛,Male,21325,1913,cerd,472270
68984,Dang,Xinxi,黨心喜,Male,3226,1909,cerd,472271
68986,Huo,Yongzhang,火永彰,Male,877,1907,cerd,472272
68992,Mi,Zhenghui,米爭奎,Male,719,NA,cerd,472273
68995,Mi,Guihe,米桂和,Male,2732,1904,cerd,472274
68998,Mi,Shengyu,米勝玉,Male,1356,1907,cerd,472276
69000,Mi,Gusheng,米谷生,Male,29410,1911,cerd,472277
69002,Xin,Qiufu,忻球福,Male,1161,1909,cerd,472278
69009,Yun,Zhen,惲震,Male,965,1899,cerd,192890
69025,Yun,Zhu,惲鑄,Male,965,NA,cerd,472279
69029,Yun,Xin'an,惲新安,Male,965,1909,cerd,472280
69032,Yun,Baocheng,惲寶晟,Male,3726,1908,cerd,472281
69034,Yun,Zhaowen,惲肇文,Male,965,1914,cerd,472282
69036,Yun,Zhaoqiang,惲肇強,Male,965,1916,cerd,472283
69038,Yun,Kunxian,惲昆賢,Male,965,1913,cerd,472284
69040,Yun,Kunlin,惲昆琳,Male,965,1900,cerd,472285
69049,Yun,Jingkui,惲景夔,Male,965,1908,cerd,472287
69051,Lao,Yunxiang,勞雲祥,Male,1490,NA,cerd,472288
69053,Lao,Naixin,勞乃心,Male,6617,1895,cerd,472289
69070,Lao,Zhangpu,勞漳浦,Male,3042,1905,cerd,472290
69072,Lao,Zhangpu,勞啟壽,Male,590,NA,cerd,472291
69074,Lao,Qishou,勞啟壽,Male,590,NA,cerd,472291
69076,Rong,Ke,榮科,Male,511,1914,cerd,472292
69083,Rong,Liansheng,榮聯笙,Male,18580,NA,cerd,472293
69087,Rong,Shoulu,榮受綠,Male,9381,1911,cerd,472294
69089,Rong,Yiren,榮伊仁,Male,71,1902,cerd,472295
69092,Rong,Guoyu,榮國玉,Male,10958,1914,cerd,472296
69094,Rong,Siyi,榮嗣毅,Male,2797,1907,cerd,472298
69107,Rong,Yuying,榮毓瑛,Male,427,1911,cerd,472299
69114,Rong,Yaoxin,榮耀馨,Male,1664,1902,cerd,472300
69120,Rong,Huanxin,榮煥新,Male,10958,1911,cerd,472301
69123,Chen,Yingsheng,陳營生,Male,43253,1916,cerd,472302
69125,Chen,Rongqing,陳榮慶,Male,1664,1912,cerd,472303
69128,Chen,Ronggen,陳榮根,Male,1941,1917,cerd,472304
69130,Chen,Ronggui,陳榮貴,Male,4977,1888,cerd,472305
69144,Chen,Rongyao,陳榮耀,Male,2780,1913,cerd,472306
69146,Yan,Hanying,陽漢膺,Male,522,1911,cerd,472307
69148,Qie,Bangdian,且邦典,Male,45340,1902,cerd,367930
69159,Yan,Zhongdi,閆中第,Male,427,1910,cerd,472309
69161,Qiu,Hong,邱弘,Male,8646,NA,cerd,472310
69164,Qiu,Song,邱嵩,Male,2857,1906,cerd,472311
69166,Qiu,Wei,邱煒,Male,8646,NA,cerd,472312
69168,Qiu,Yingchuan,邱應傳,Male,1100,1917,cerd,472313
69170,Qiu,Wenrui,邱文瑞,Male,69171,1904,cerd,472314
69174,Qiu,Wenzao,邱文藻,Male,69175,1902,cerd,472315
69183,Qiu,Tianwei,邱天巍,Male,74,1909,cerd,472316
69192,Qiu,Shengyu,邱聖瑜,Male,1725,1916,cerd,472317
69194,Qiu,Chengde,邱承德,Male,562,1906,cerd,472318
69196,Qiu,Weihong,邱維鴻,Male,1161,1909,cerd,472320
69199,Qiu,Dingfen,邱鼎汾,Male,6090,1879,cerd,472321
69207,Qiu,Junde,邱俊德,Male,12761,1912,cerd,472322
69209,Qiu,Fusheng,邱復生,Male,1409,NA,cerd,472323
69212,Qiu,Liangcai,邱良才,Male,NA,NA,cerd,472324
69214,Qiu,Zongyi,邱宗義,Male,1409,1909,cerd,472325
69217,Qiu,Wenyu,邱溫玉,Male,4759,NA,cerd,472326
69219,Qiu,Zetong,邱澤同,Male,1120,1916,cerd,472327
69221,Qiu,Yulu,邱裕祿,Male,553,1910,cerd,472328
69225,Qiu,Caiyue,邱才瀹,Male,62592,1913,cerd,472329
69227,Qiu,Zhidao,邱志道,Male,27436,1896,cerd,472331
69230,Qiu,Shilin,邱式麟,Male,1113,1904,cerd,472332
69237,Qiu,Shigan,邱式淦,Male,1113,1915,cerd,472333
69239,Qiu,Qinbao,邱勤保,Male,566,NA,cerd,472334
69241,Qiu,Shi'en,邱世恩,Male,1113,1909,cerd,472335
69252,Qiu,Shichang,邱世昌,Male,NA,NA,cerd,472336
69254,Qiu,Shufang,邱樹芳,Male,4042,1902,cerd,472337
69256,Qiu,Yichang,邱易昌,Male,17451,1912,cerd,472338
69259,Qiu,Longyan,邱隆炎,Male,518,1907,cerd,472339
69261,Qiu,Yuhang,邱毓珩,Male,965,1896,cerd,472340
69265,Qiu,Huipei,邱會培,Male,16624,NA,cerd,472342
69267,Qiu,Zhongyue,邱鍾岳,Male,522,1894,cerd,472343
69270,Qiu,Rongcai,邱鎔材,Male,1113,1906,cerd,472344
69280,Qiu,Zhude,邱鑄德,Male,449,1911,cerd,472345
69282,Kan,Fu,闞復,Male,1903,1911,cerd,472346
69284,Kan,Dianhong,闞甸鴻,Male,660,1907,cerd,472347
69287,Kan,Yumo,闞毓謨,Male,NA,NA,cerd,472348
69289,Long,Pingzhang,隆屏章,Male,7830,1903,cerd,472349
69292,Feng,Guansui,鳳冠綏,Male,3784,1904,cerd,472350
69299,Yong,Keji,用渴濟,Male,3366,1907,cerd,472351
69301,Gang,Youmin,岡牖民,Male,30478,1912,cerd,472353
69304,Zhou,Tang,周唐,Male,NA,NA,cerd,472354
69306,Zhou,Xin,周新,Male,496,1907,cerd,472355
69310,Zhou,Qi,周琦,Male,1630,1894,cerd,472356
69316,Zhou,Lin,周琳,Male,74,1882,cerd,472357
69318,Zhou,Ren,周仁,Male,1881,1893,cerd,192144
69331,Zhou,Can,周參,Male,11475,1908,cerd,472358
69335,Zhou,Bian,周弁,Male,3608,NA,cerd,472359
69337,Zhou,Jian,周健,Male,1630,1916,cerd,472360
69339,Zhou,Jie,周傑,Male,1604,NA,cerd,472361
69341,Zhou,Jie,周傑,Male,1079,1915,cerd,472362
69347,Zhou,Lun,周綸,Male,9036,1915,cerd,472364
69349,Zhou,Tao,周濤,Male,427,NA,cerd,472365
69352,Zhou,Hu,周祜,Male,496,1912,cerd,472366
69354,Zhou,Li,周禮,Male,5955,1902,cerd,472367
69374,Zhang,Jiazhi,張家祉,Unknown,67,NA,cerd,472368
69384,Zhong,Zhaolin,鍾兆琳,Unknown,62,NA,cerd,472369
69394,Zhou,Cixu,周茲緒,Unknown,75,NA,cerd,472370
69406,Zhu,Fu,朱復,Unknown,903,NA,cerd,472371
69408,Lu,Jingtai,盧景泰,Unknown,3042,NA,cerd,472372
69409,Luo,Huigao,羅惠槁,Unknown,1161,NA,cerd,472373
69411,Chen,Tianji,陳天驥,Unknown,1643,NA,cerd,472376
69412,Lu,Yuanchang,陸元昌,Unknown,965,NA,cerd,472377
69413,Chen,Chengshi,陳承栻,Unknown,553,NA,cerd,472378
69414,Lu,Hongtang,陸鴻棠,Unknown,877,NA,cerd,472379
69415,Yan,Fang,嚴昉,Unknown,1079,NA,cerd,472380
69416,Huang,Jiyan,黃季嚴,Unknown,1817,NA,cerd,472381
69417,Liao,Weici,廖慰慈,Unknown,553,NA,cerd,472382
69419,Gu,Ziyi,顧子毅,Unknown,877,NA,cerd,472383
69420,Li,Zuxian,李祖賢,Unknown,1305,NA,cerd,472384
69421,Tu,Yuqing,涂羽卿,Unknown,27436,NA,cerd,472385
69422,Ma,Yuqi,馬育麒,Unknown,NA,NA,cerd,472387
69423,Lin,Shumin,林澍民,Unknown,553,NA,cerd,472388
69426,Gu,Yisun,顧宜孫,Unknown,1770,1897,cerd,8970
69427,Fang,Yipu,方頤樸,Male,879,NA,cerd,472389
69428,Cui,Xueyou,崔學攸,Unknown,3608,NA,cerd,472390
69429,Zhao,Chen,趙琛,Unknown,1664,NA,cerd,472391
69431,Di,Weili,翟維澧,Unknown,427,NA,cerd,472392
69432,Liu,Xueying,劉學瀠,Unknown,NA,NA,cerd,472393
69459,Zheng,Chongwu,鄭崇武,Unknown,61,NA,cerd,472394
69486,Zhou,Zizhu,周茲諸,Unknown,20190,NA,cerd,472395
69487,Guo,Dianbang,郭殿邦,Unknown,1016,NA,cerd,472396
69488,Chen,Chongwu,陳崇武,Unknown,5273,1898,cerd,472398
69489,Dong,Daxi,董大酉,Unknown,765,NA,cerd,472399
69490,Sun,Liren,孫立人,Unknown,14366,NA,cerd,192575
69491,Liu,Xixia,劉錫瑕,Unknown,1659,NA,cerd,472400
69492,Li,Shaozhen,李紹眞,Unknown,7011,NA,cerd,472401
69493,Tong,Juan,童雋,Unknown,511,NA,cerd,192538
69495,Guo,Yuanxi,過元熙,Unknown,1664,NA,cerd,472402
69496,Xing,Chuanhe,邢傳禾,Unknown,1259,NA,cerd,472403
69497,Lei,Congmin,雷從民,Unknown,78,NA,cerd,472404
69498,Liu,Jianxi,劉健熙,Unknown,558,NA,cerd,472405
69499,Xia,Jianbai,夏堅白,Unknown,807,NA,cerd,472406
69500,Wang,Shufang,王樹芳,Unknown,NA,NA,cerd,472407
69501,Chen,Zhibi,陳之鄙,Unknown,NA,NA,cerd,472409
69502,Dan,Xiudian,單修典,Unknown,NA,NA,cerd,472410
69503,Tang,Ruijun,湯瑞均,Unknown,9592,NA,cerd,472411
69504,Wang,Di,王抵,Unknown,23632,NA,cerd,472412
69513,Liang,Mengzhou,梁夢周,Unknown,67,NA,cerd,472413
69517,Chen,Xu,陳虛,Unknown,71,NA,cerd,472414
69525,Zeng,Chongguang,曾重光,Unknown,67,NA,cerd,472415
69529,Huang,Shou,黃壽,Unknown,67,NA,cerd,472416
69533,Guo,Jisheng,過濟生,Unknown,71,NA,cerd,472417
69538,Gu,Jingzeng,顧敬曾,Unknown,71,NA,cerd,472418
69542,Tang,Zhaoheng,湯兆恆,Unknown,62,NA,cerd,472420
69550,Ding,Dixin,丁滌新,Unknown,877,NA,cerd,472421
69561,Chen,Huaiding,陳懷鼎,Unknown,71,NA,cerd,472422
69569,Huang,Youlan,黃友蘭,Unknown,71,NA,cerd,472423
69575,Dong,Zongxiang,董宗祥,Unknown,71,NA,cerd,472424
69579,Wu,Shuding,武書鼎,Unknown,62,NA,cerd,472425
69585,Zhu,Qiyao,朱琪瑤,Unknown,877,NA,cerd,472426
69589,Bei,Yaoji,貝瑤季,Unknown,71,NA,cerd,472427
69594,Chen,Jie,陳介,Unknown,877,NA,cerd,472428
69604,Jin,Zhixuan,金芝軒,Unknown,62,NA,cerd,472429
69613,Chen,Huanran,陳煥然,Unknown,74,NA,cerd,472431
69617,Feng,Canzhou,馮燦周,Unknown,63,NA,cerd,472432
69639,Zhou,Yuanshao,周源邵,Unknown,NA,NA,cerd,472433
69640,Wu,Zhengcheng,伍正誠,Unknown,1881,NA,cerd,472434
69641,Xie,Xijue,謝錫爵,Unknown,9036,NA,cerd,472435
69642,Guo,Xuan,郭喧,Unknown,NA,NA,cerd,472436
69643,Liu,Juankuai,劉雋快,Unknown,427,NA,cerd,472437
69644,Shen,Zhaobing,沈肇炳,Unknown,NA,NA,cerd,472438
69645,He,Zhili,賀志禮,Unknown,48772,NA,cerd,472439
69646,Zhong,Guitong,鍾桂彤,Unknown,1993,1915,cerd,472440
69647,Yan,Zihan,閻子翰,Male,6162,NA,cerd,472442
69648,Zhong,Yongda,鍾用達,Unknown,522,1915,cerd,472443
69649,Gao,Baoqi,高葆琦,Unknown,8854,NA,cerd,472444
69650,Lu,Zhenxiang,呂楨祥,Unknown,7006,NA,cerd,472445
69652,Ma,Yanggan,馬煬乾,Unknown,64,NA,cerd,472446
69654,Cao,Yuewei,曹嶽維,Unknown,NA,NA,cerd,472447
69655,Wu,Ruizhi,吳瑞之,Unknown,6701,NA,cerd,472448
69656,Zheng,Fukang,鄭福康,Unknown,NA,NA,cerd,472449
69657,Tong,Yundai,仝允呆,Unknown,66,NA,cerd,472450
69658,Liu,Bainian,劉柏年,Unknown,63,NA,cerd,472451
69659,Chen,Shanzhuang,陳善莊,Unknown,NA,NA,cerd,472453
69660,Zhang,Qikuan,張啓寬,Unknown,NA,NA,cerd,472454
69662,Shan,Xixian,善希賢,Unknown,NA,NA,cerd,472455
69663,Cao,Le'an,曹樂安,Unknown,NA,NA,cerd,472456
69678,Zhu,Ligang,朱立剛,Unknown,1664,NA,cerd,472457
69700,Zhang,Daozhao,張道昭,Unknown,NA,NA,cerd,472458
69702,Gao,Shilong,高士龍,Unknown,NA,NA,cerd,472459
69704,Peng,Bingzhang,彭秉璋,Unknown,NA,NA,cerd,472460
69705,Xu,Binghua,徐炳華,Unknown,NA,NA,cerd,472461
69706,Wang,Hao,王浩,Unknown,NA,NA,cerd,472462
69707,Xu,Chunshan,徐純善,Unknown,NA,NA,cerd,472464
69708,Chen,Zhizhong,陳致忠,Unknown,NA,NA,cerd,472465
69709,Chen,Shunyao,陳舜瑤,Unknown,NA,NA,cerd,472466
69710,Chen,Yuanzhi,陳遠志,Unknown,NA,NA,cerd,472467
69711,Zhou,Degui,周德珪,Unknown,NA,NA,cerd,472468
69712,Fan,Shouren,范壽仁,Unknown,NA,NA,cerd,472469
69713,Feng,Junda,馮俊達,Unknown,NA,NA,cerd,472470
69716,Huang,Jiyuan,黃繼元,Unknown,NA,NA,cerd,472471
69717,Yang,Lin,楊霖,Unknown,NA,NA,cerd,472472
69718,Song,Huayue,宋華樾,Unknown,NA,NA,cerd,472473
69719,Hao,Guide,郝貴德,Unknown,NA,NA,cerd,472475
69720,He,Guangci,何廣慈,Unknown,NA,NA,cerd,472476
69721,Lu,Yunlong,陸雲龍,Unknown,NA,NA,cerd,472477
69722,Li,Liankun,李廉錕,Unknown,NA,NA,cerd,472478
69723,Li,E'ding,李鶚鼎,Unknown,NA,NA,cerd,472479
69725,Li,Shiying,李詩穎,Unknown,NA,NA,cerd,472480
69726,Bi,Zhide,畢志德,Unknown,NA,NA,cerd,472481
69727,Yang,Shide,楊式德,Unknown,NA,NA,cerd,472482
69728,Guan,Boying,管伯英,Unknown,NA,NA,cerd,472483
69729,Li,Jingsen,李景森,Unknown,NA,NA,cerd,472484
69731,Liu,Zhuqing,劉主青,Unknown,NA,NA,cerd,472487
69732,Ma,Jikong,馬繼孔,Unknown,NA,NA,cerd,472488
69733,Lu,Futang,劉福堂,Unknown,NA,NA,cerd,472489
69734,Wang,Yongji,王用楫,Unknown,NA,NA,cerd,472490
69736,Zhou,Feng,周豐,Unknown,NA,NA,cerd,472491
69738,Wang,Haibo,王海波,Unknown,NA,NA,cerd,472492
69739,Xiong,Zhixing,熊知行,Unknown,NA,NA,cerd,472493
69740,Xu,Jingqi,許京騏,Unknown,NA,NA,cerd,472494
69741,Shi,Guangchang,石光昌,Unknown,NA,NA,cerd,472495
69742,Dai,Shilun,戴世倫,Unknown,NA,NA,cerd,472496
69743,Dong,Fen,董奮,Unknown,NA,NA,cerd,472498
69744,Lu,Zhaojun,盧肇鈞,Unknown,NA,NA,cerd,472499
69745,Li,Bofa,力伯法,Unknown,NA,NA,cerd,472500
69746,Su,Yihuan,粟翼寰,Unknown,NA,NA,cerd,472501
69747,Lin,Guanmian,林冠冕,Unknown,NA,NA,cerd,472502
69748,Li,Liancheng,李連城,Unknown,NA,NA,cerd,472503
69750,Chen,Zongyan,陳宗嚴,Unknown,NA,NA,cerd,472504
69751,Li,Jiefa,李節發,Unknown,NA,NA,cerd,472505
69752,Peng,Yunshan,彭蘊山,Unknown,NA,NA,cerd,472506
69753,Yang,Yuhua,楊毓華,Unknown,NA,NA,cerd,472507
69754,Wang,Baoji,王寶基,Unknown,NA,NA,cerd,472509
69755,Shi,Wenhua,施文華,Unknown,NA,NA,cerd,472510
69756,Zhuang,Qianding,莊前鼎,Unknown,NA,NA,cerd,472511
69757,Wang,Shoumin,王守民,Unknown,NA,NA,cerd,472512
69758,Li,Tieliang,李鐵良,Unknown,NA,NA,cerd,472513
69759,Wang,Jiming,王繼明,Unknown,NA,NA,cerd,472514
69760,Liu,Jinkai,劉晉凱,Unknown,NA,NA,cerd,472515
69761,Liao,Zhongzhou,廖仲周,Unknown,NA,NA,cerd,472516
69762,Xie,Xuhua,謝旭華,Unknown,NA,NA,cerd,472517
69763,Chen,Qiheng,陳其亨,Unknown,NA,NA,cerd,472518
69764,Li,Liangguang,李良廣,Unknown,NA,NA,cerd,472520
69765,Liu,Junchao,劉俊潮,Unknown,NA,NA,cerd,472521
69766,Wang,Jianquan,王劍泉,Unknown,NA,NA,cerd,472522
69767,Wang,Guozhou,王國周,Unknown,NA,NA,cerd,472523
69768,Ren,Baosen,任寶森,Unknown,NA,NA,cerd,472524
69769,Li,Xiang,李庠,Unknown,NA,NA,cerd,472525
69770,Yu,Changjia,余昶佳,Unknown,NA,NA,cerd,472526
69771,Song,Huozhe,宋或浙,Unknown,NA,NA,cerd,472527
69772,Chen,Zhendong,沈震東,Unknown,NA,NA,cerd,472528
69773,Zhou,Guodong,周國棟,Unknown,NA,NA,cerd,472529
69774,Zhou,Xuelian,周學濂,Unknown,NA,NA,cerd,472531
69775,Ma,Yintan,馬印潭,Unknown,NA,NA,cerd,472532
69776,Hu,Jiajue,胡家爵,Unknown,NA,NA,cerd,472533
69777,Yao,Qufang,姚渠芳,Unknown,NA,NA,cerd,472534
69778,Duan,Xianjun,段賢俊,Unknown,NA,NA,cerd,472535
69779,Su,Peiguang,粟培光,Unknown,NA,NA,cerd,472536
69789,Du,Jingquan,杜鏡泉,Unknown,453,NA,cerd,472537
69798,Wang,Zhixin,王之炘,Unknown,782,NA,cerd,472538
69826,Lü,Ren,呂任,Unknown,965,NA,cerd,472539
69830,Chen,Junyi,陳俊懌,Unknown,NA,NA,cerd,472540
69831,Chen,Zhong,陳中,Unknown,NA,NA,cerd,472542
69832,Chen,Lin,陳琳,Unknown,NA,NA,cerd,472543
69833,Zhuang,Zhifang,莊芝芳,Unknown,NA,NA,cerd,472544
69834,Ling,Chongguang,凌崇光,Unknown,NA,NA,cerd,472545
69835,Gao,Weilie,高偉烈,Unknown,NA,NA,cerd,472546
69836,Zhang,Xie,張燮,Unknown,NA,NA,cerd,472547
69837,Zhang,Bengan,張本乾,Unknown,NA,NA,cerd,472548
69838,Zhang,Jiesheng,張捷勝,Unknown,NA,NA,cerd,472549
69839,Zhang,Jiesheng,張捷勝,Unknown,NA,NA,cerd,472550
69840,Zhang,Gengxu,張賡緒,Unknown,NA,NA,cerd,472551
69841,Zhang,Gengxu,張賡緒,Unknown,NA,NA,cerd,472553
69842,Zhang,Juesheng,張覺生,Unknown,NA,NA,cerd,472554
69844,Huang,Yuanzhen,黃元鎭,Unknown,NA,NA,cerd,472555
69845,Yang,Jingyun,楊經蘊,Unknown,NA,NA,cerd,472556
69846,Zhao,Zeyan,趙則儼,Unknown,NA,NA,cerd,472557
69847,Lai,Zhongsheng,賴鐘聲,Unknown,NA,NA,cerd,472558
69848,Ji,Xiaoguang,籍孝廣,Unknown,NA,NA,cerd,472559
69849,Deng,Dashou,鄧大綬,Unknown,NA,NA,cerd,472560
69850,Xie,Longzhang,謝龍章,Unknown,NA,NA,cerd,472561
69851,Zhang,Shuxun,張樹勳,Unknown,NA,NA,cerd,472562
69852,Gong,Ganyi,龔乾一,Unknown,NA,NA,cerd,472564
69853,Han,Juxian,韓鉅先,Unknown,NA,NA,cerd,472565
69854,Yang,Zongquan,楊宗權,Unknown,NA,NA,cerd,472566
69855,Shen,Yunzun,莘紜尊,Unknown,NA,NA,cerd,472567
69856,Zhu,Yunjian,朱雲間,Unknown,NA,NA,cerd,472568
69857,Xu,Zhenwan,許振婉,Unknown,NA,NA,cerd,472569
69858,Wang,Zhixi,王志熹,Unknown,NA,NA,cerd,472570
69859,Zhao,Huang,趙璜,Unknown,NA,NA,cerd,472571
69861,Chen,Benshan,陳本善,Unknown,NA,NA,cerd,472572
69862,Wu,Deheng,吳德亨,Unknown,NA,NA,cerd,472573
69863,Zhu,Dexian,朱德賢,Unknown,NA,NA,cerd,472575
69864,Fu,Qigan,傅其幹,Unknown,NA,NA,cerd,472576
69865,Xu,Cuiying,徐萃英,Unknown,NA,NA,cerd,472577
69866,Huang,Fuzeng,黃褔增,Unknown,NA,NA,cerd,472578
69867,Liu,Deyu,劉德豫,Unknown,NA,NA,cerd,472579
69868,Chen,Ji'an,陳繼安,Unknown,NA,NA,cerd,472580
69869,Li,Siwei,黎思煒,Unknown,NA,NA,cerd,472581
69870,Du,Guoquan,杜國荃,Unknown,NA,NA,cerd,472582
69871,Wu,Zhida,吳志達,Unknown,NA,NA,cerd,472583
69872,Hu,Fujiu,胡福久,Unknown,NA,NA,cerd,472584
69873,Zhu,Zhao,朱炤,Unknown,NA,NA,cerd,472586
69874,Zhao,Tong,趙通,Unknown,NA,NA,cerd,472587
69875,Li,Xuecheng,李學澄,Unknown,NA,NA,cerd,472588
69876,Yu,Jun,虞俊,Unknown,NA,NA,cerd,472589
69877,Li,Maocai,黎懋才,Unknown,NA,NA,cerd,472590
69878,Zhan,Yikun,詹益坤,Unknown,NA,NA,cerd,472591
69879,Yao,Zuozhou,姚佐周,Unknown,NA,NA,cerd,472592
69880,Li,Zhenyong,李振顒,Unknown,NA,NA,cerd,472593
69881,Guo,Yunbing,郭雲炳,Unknown,NA,NA,cerd,472594
69882,Du,Shouzhi,杜守枝,Unknown,NA,NA,cerd,472595
69883,Zuo,Tianyou,左天佑,Unknown,NA,NA,cerd,472598
69884,Wang,Zhengyue,王正悅,Unknown,NA,NA,cerd,472599
69885,Wang,Bohui,王伯惠,Unknown,NA,NA,cerd,472600
69886,Wang,Liang,王良,Unknown,NA,NA,cerd,472601
69887,Wang,Deshuo,王德碩,Unknown,NA,NA,cerd,472602
69888,Jiang,Diancheng,江殿程,Unknown,NA,NA,cerd,472603
69889,Zhu,Chuanjing,朱傳經,Unknown,NA,NA,cerd,472604
69890,He,Peng,何鵬,Unknown,NA,NA,cerd,472605
69891,Wu,Shiying,吳世英,Unknown,NA,NA,cerd,472606
69892,Li,Jianxing,李健行,Unknown,NA,NA,cerd,472607
69893,Yi,Shaoxun,易少峋,Unknown,NA,NA,cerd,472609
69894,Ji,Yunsheng,紀雲生,Unknown,NA,NA,cerd,472610
69895,Chen,Yanchuang,陳炎創,Unknown,NA,NA,cerd,472611
69896,Chen,Guanxun,陳觀勛,Unknown,NA,NA,cerd,472612
69897,Chen,Lian,陳濂,Unknown,NA,NA,cerd,472613
69898,Cheng,Jueshu,程覺書,Unknown,NA,NA,cerd,472614
69899,Zhang,Shibin,張世斌,Unknown,NA,NA,cerd,472615
69900,Zhang,Dao,張燾,Unknown,NA,NA,cerd,472616
69901,Huang,Langu,黃蘭谷,Unknown,NA,NA,cerd,472617
69902,Sun,Zhiyuan,孫致遠,Unknown,NA,NA,cerd,472618
69903,Zheng,Yuzheng,鄭宇錚,Unknown,NA,NA,cerd,472620
69904,Yan,Ansu,閻安素,Unknown,NA,NA,cerd,472621
69905,Luo,Dajing,羅大靜,Unknown,NA,NA,cerd,472622
69906,Dai,Zude,戴祖德,Unknown,NA,NA,cerd,472623
69907,Gu,Zizheng,顧子政,Unknown,NA,NA,cerd,472624
69908,Zhang,Jinjiang,張錦江,Unknown,NA,NA,cerd,472625
69909,Li,Jinshao,李金紹,Unknown,NA,NA,cerd,472626
69910,Lin,Deji,林德藉,Unknown,NA,NA,cerd,472627
69911,Lang,Changqing,朗昌清,Unknown,NA,NA,cerd,472628
69912,Tang,Hancheng,唐漢誠,Unknown,NA,NA,cerd,472629
69913,Hou,Jiaze,侯家澤,Unknown,NA,NA,cerd,472631
69914,Chen,Yan,陳燕,Unknown,NA,NA,cerd,472632
69915,Chen,Jingu,陳金谷,Unknown,NA,NA,cerd,472633
69916,Chen,Jiandong,陳建東,Unknown,NA,NA,cerd,472634
69917,Chen,Huaide,陳懷德,Unknown,NA,NA,cerd,472635
69918,Yin,Zhishu,殷之書,Unknown,NA,NA,cerd,472636
69919,Sun,Xunfang,孫訓方,Unknown,NA,NA,cerd,472637
69920,Sun,Chengfang,孫誠方,Unknown,NA,NA,cerd,472638
69921,Cao,Miao,曹淼,Unknown,NA,NA,cerd,472639
69922,Zhang,Xianju,張憲鉅,Unknown,NA,NA,cerd,472640
69923,Huang,Yuting,黃宇庭,Unknown,NA,NA,cerd,472642
69924,Wan,Shou,萬壽,Unknown,NA,NA,cerd,472643
69925,Dong,Tianmin,董天敏,Unknown,NA,NA,cerd,472644
69926,Jiang,Jizong,蔣繼宗,Unknown,NA,NA,cerd,472645
69927,Liu,Guanghui,劉光輝,Unknown,NA,NA,cerd,472646
69928,Qian,Qixiong,錢啓熊,Unknown,NA,NA,cerd,472647
69929,Zhong,Guilin,鍾貴麟,Unknown,NA,NA,cerd,472648
69930,Luo,Zhenqiu,羅鎭球,Unknown,NA,NA,cerd,472649
69931,Gong,Daoyu,龔道鈺,Unknown,NA,NA,cerd,472650
69932,He,Jia,何嘉,Unknown,NA,NA,cerd,472651
69933,Yu,Yijun,余貽駿,Unknown,NA,NA,cerd,472653
69934,Wu,Zuyang,吳祖揚,Unknown,NA,NA,cerd,472654
69935,Yue,Qiang,岳強,Unknown,NA,NA,cerd,472655
69937,Huang,Songda,黃頌達,Unknown,NA,NA,cerd,472656
69938,Cheng,Junmo,程君模,Unknown,NA,NA,cerd,472657
69939,Fan,Liben,范立本,Unknown,NA,NA,cerd,472658
69940,Huang,Xiong,黃熊,Unknown,NA,NA,cerd,472659
69941,Xun,Anjue,許南珏,Unknown,NA,NA,cerd,472660
69942,Song,Qian,宋謙,Unknown,NA,NA,cerd,472661
69943,Zhuo,Huali,卓華立,Unknown,NA,NA,cerd,472662
69944,Lin,Bingrui,林秉瑞,Unknown,NA,NA,cerd,472664
69945,Yang,Li,楊立,Unknown,NA,NA,cerd,472665
69946,Zhou,Qinhuan,周欽寰,Unknown,NA,NA,cerd,472666
69947,Liao,Wenkai,廖文凱,Unknown,NA,NA,cerd,472667
69948,Liang,Ruiji,梁瑞基,Unknown,NA,NA,cerd,472668
69949,Deng,Zhikun,鄧志堃,Unknown,NA,NA,cerd,472669
69950,Chen,E'sheng,陳鄂生,Unknown,NA,NA,cerd,472670
69951,Tang,Yongxiang,唐永祥,Unknown,NA,NA,cerd,472671
69952,Wan,Huai,萬淮,Unknown,NA,NA,cerd,472672
69953,Xia,Jinxiu,夏錦秀,Unknown,NA,NA,cerd,472673
69954,Chen,Jinkang,陳錦康,Unknown,NA,NA,cerd,472675
69955,Lin,Jianpei,林建培,Unknown,NA,NA,cerd,472676
69956,Wang,Pinhua,王品華,Unknown,NA,NA,cerd,472677
69957,Wang,Baoshi,王保世,Unknown,NA,NA,cerd,472678
69958,Chen,Zili,陳自立,Unknown,NA,NA,cerd,472679
69959,Chen,Daoxiu,沈道修,Unknown,NA,NA,cerd,472680
69960,Liu,Keguang,劉克光,Unknown,NA,NA,cerd,472681
69961,Mi,Kaixin,米開新,Unknown,NA,NA,cerd,472682
69962,Lin,Huaqing,林華慶,Unknown,NA,NA,cerd,472683
69963,Xu,Xueqian,徐學謙,Unknown,NA,NA,cerd,472684
69964,Zuo,Mengshuo,左夢說,Unknown,NA,NA,cerd,472686
69965,Li,Zhilin,李芝林,Unknown,NA,NA,cerd,472687
69966,He,Zhaolin,何兆林,Unknown,NA,NA,cerd,472688
69967,Liu,Jianzhang,劉建章,Unknown,NA,NA,cerd,472689
69968,Wang,Dayong,王大用,Unknown,NA,NA,cerd,472690
69969,Geng,Chunhua,耿春華,Unknown,NA,NA,cerd,472691
69970,Wang,Xiongfeng,王雄風,Unknown,NA,NA,cerd,472692
69971,Chai,Jingzhao,柴景昭,Unknown,NA,NA,cerd,472693
69972,Yu,Changzhao,余常昭,Unknown,NA,NA,cerd,472694
69973,Pan,Meixiang,潘梅祥,Unknown,NA,NA,cerd,472695
69974,Shi,Xican,施熙燦,Unknown,NA,NA,cerd,472697
69975,Hu,Dongming,胡東明,Unknown,NA,NA,cerd,472698
69976,Wang,Youlin,王有林,Unknown,NA,NA,cerd,472699
69977,Li,Guoding,李國鼎,Unknown,NA,NA,cerd,472700
69978,Wan,Wenwei,萬文偉,Unknown,NA,NA,cerd,472701
69979,Yang,Yanhu,羊衍祜,Unknown,NA,NA,cerd,472702
69992,Qin,Jiayan,覃家彥,Male,3730,NA,cerd,472703
69997,Zhang,Yunpeng,張允朋,Male,1042,NA,cerd,472704
70004,Yang,Zhongxue,楊重學,Unknown,NA,NA,cerd,472705
70005,Li,Yugao,李玉高,Male,NA,NA,cerd,472706
70006,Yang,Minggang,楊鳴崗,Unknown,NA,NA,cerd,472709
70007,Wang,Shiqi,王世祺,Male,NA,NA,cerd,472710
70008,Gao,Yannian,高延年,Unknown,NA,NA,cerd,472711
70009,Liu,Chongrong,劉崇蓉,Unknown,NA,NA,cerd,472712
70010,Zhang,Liangduo,張良鐸,Male,NA,NA,cerd,472713
70011,Zu,Ze,祖擇,Male,NA,NA,cerd,472714
70012,Fang,Fu,方復,Unknown,NA,NA,cerd,472715
70013,Feng,Shukun,馮樹堃,Unknown,NA,NA,cerd,472716
70014,Ye,Hui,葉慧,Unknown,NA,NA,cerd,472717
70015,He,Huansheng,何煥生,Unknown,NA,NA,cerd,472718
70016,Ji,Minyu,季明煜,Unknown,NA,NA,cerd,472720
70017,Jin,Delian,金德濂,Unknown,NA,NA,cerd,472721
70019,Xu,Yingzhong,許應鐘,Male,NA,NA,cerd,472722
70020,Hu,Zhaoxin,胡兆炘,Unknown,NA,NA,cerd,472723
70021,Liu,Yuanhe,劉元鶴,Unknown,NA,NA,cerd,472724
70022,Zhu,Tong,祝彤,Male,NA,NA,cerd,472725
70023,Fan,Guansheng,范管生,Unknown,NA,NA,cerd,472726
70024,Xu,Sifu,許四褔,Male,NA,NA,cerd,472727
70025,Sun,Zhusheng,孫竹生,Unknown,NA,NA,cerd,472728
70026,Mo,Zhongming,莫仲明,Unknown,NA,NA,cerd,472729
70027,Hu,Duowen,胡多聞,Unknown,NA,NA,cerd,472731
70028,Long,Yuqiu,龍馭球,Unknown,NA,NA,cerd,472732
70029,Tong,Quantong,童權通,Unknown,NA,NA,cerd,472733
70030,Wu,Zeyun,吳澤雲,Unknown,NA,NA,cerd,472734
70031,Yan,Zhenshen,閻振申,Unknown,NA,NA,cerd,472735
70032,Dong,Qirong,董其榮,Unknown,NA,NA,cerd,472736
70033,Dong,Zeyu,丁則裕,Unknown,NA,NA,cerd,472737
70034,Zhang,Wendong,張文棟,Unknown,NA,NA,cerd,472738
70035,Guo,Zhen,郭鎭,Unknown,NA,NA,cerd,472739
70068,Wu,Qiyou,吳啟佑,Unknown,765,NA,cerd,472740
70071,Lin,Shiming,林世名,Male,NA,NA,cerd,472742
70072,Cao,Jinlun,曹晉倫,Male,NA,NA,cerd,472743
70073,Xu,Gaoqi,許高騏,Unknown,NA,NA,cerd,472744
70074,Li,Liangqing,李良慶,Unknown,NA,NA,cerd,472745
70075,Liu,Sichao,劉思潮,Unknown,NA,NA,cerd,472746
70085,Yang,Jiyun,楊繼蘊,Unknown,NA,NA,cerd,472747
70086,Huang,Fuzeng,黃福增,Male,NA,NA,cerd,472748
70092,Ding,Daoheng,丁道衡,Unknown,NA,NA,cerd,472749
70094,Yu,Jitai,于基泰,Unknown,NA,NA,cerd,472750
70102,Wang,Fu,王復,Unknown,NA,NA,cerd,472751
70103,Wang,You,王猶,Unknown,NA,NA,cerd,472753
70107,Wang,Ding,王鼎,Unknown,NA,NA,cerd,472754
70111,Wang,Jian,王鑑,Unknown,NA,NA,cerd,472755
70118,Wang,Ziyou,王子佑,Unknown,NA,NA,cerd,472756
70120,Wang,Dayuan,王大源,Unknown,NA,NA,cerd,472757
70130,Wang,Piye,王丕業,Unknown,NA,NA,cerd,472758
70132,Wang,Zhuquan,王竹泉,Unknown,63,NA,cerd,472759
70134,Wang,Zhaochun,王兆椿,Unknown,NA,NA,cerd,472760
70142,Wang,Youzhong,王有中,Unknown,NA,NA,cerd,472761
70147,Wang,Zuobin,王作賓,Unknown,NA,NA,cerd,472762
70150,Wang,Dingheng,王定衡,Unknown,NA,NA,cerd,472764
70152,Wang,Tazhou,王拓洲,Unknown,NA,NA,cerd,472765
70155,Wang,Ruoyi,王若怡,Unknown,NA,NA,cerd,472766
70157,Wang,Bingzhang,王炳章,Unknown,NA,NA,cerd,472767
70165,Wang,Zhenlin,王振麟,Unknown,NA,NA,cerd,472768
70166,Wang,Gongmu,王恭睦,Unknown,NA,NA,cerd,472769
70170,Wang,Chongfei,王崇肥,Unknown,NA,NA,cerd,472770
70175,Wang,Jingzhe,王景哲,Unknown,NA,NA,cerd,472771
70178,Wang,Zhaozhang,王照章,Unknown,NA,NA,cerd,472772
70180,Wang,Cangke,王滄客,Unknown,NA,NA,cerd,472773
70184,Wang,Chuanliu,王傳鎏,Unknown,NA,NA,cerd,472775
70186,Wang,Weixie,王維夑,Unknown,NA,NA,cerd,472776
70192,Wang,Xijue,王錫爵,Male,NA,NA,cerd,472777
70195,Wang,Xibin,王錫賓,Unknown,NA,NA,cerd,472778
70196,Wang,Yingwu,王應梧,Unknown,NA,NA,cerd,472779
70199,Wang,Jiguang,王繼光,Unknown,NA,NA,cerd,472780
70201,Fang,Bing,方柄,Unknown,NA,NA,cerd,472781
70203,Fang,Qian,方謙,Unknown,NA,NA,cerd,472782
70204,Kong,Xiangxi,孔祥熙,Male,NA,NA,cerd,472783
70205,Wen,Zaoqing,文藻青,Unknown,NA,NA,cerd,472784
70213,Yin,Gongren,尹公任,Unknown,NA,NA,cerd,472786
70216,Yin,Boping,尹伯平,Male,NA,NA,cerd,472787
70218,Bai,Yuheng,白玉衡,Unknown,NA,NA,cerd,472788
70220,Bai,Shenchu,白深樗,Unknown,NA,NA,cerd,472789
70221,Bai,Mingzhang,白銘璋,Unknown,NA,NA,cerd,472790
70222,Bai,Yinzhang,白蔭璋,Unknown,NA,NA,cerd,472791
70227,Shi,Guocai,石國才,Unknown,NA,NA,cerd,472792
70230,Situ,De,司徒得,Unknown,NA,NA,cerd,472793
70234,Shi,Qing,史青,Unknown,7590,1886,cerd,333103
70236,Shi,Jiuguang,史久光,Unknown,NA,NA,cerd,472794
70241,Tian,Yuqi,田遇奇,Unknown,NA,NA,cerd,472795
70243,Qiu,Jiabing,丘家炳,Male,NA,NA,cerd,472797
70246,Shen,Shaoxian,申紹賢,Unknown,NA,NA,cerd,472798
70257,Jiang,Runzan,江潤贊,Unknown,NA,NA,cerd,472799
70261,Zhu,Tinghu,朱庭祜,Unknown,NA,NA,cerd,472800
70264,Zhu,Qiqian,朱啓鈐,Unknown,NA,NA,cerd,472801
70265,Zhu,Peiyuan,朱培元,Unknown,NA,NA,cerd,472802
70266,Zhu,Dingchen,朱鼎臣,Male,NA,NA,cerd,472803
70267,Wu,Guojun,伍國俊,Unknown,NA,NA,cerd,472804
70269,Qu,Mingtai,曲明泰,Unknown,NA,NA,cerd,472805
70270,Ke,Like,克禮柯,Unknown,NA,NA,cerd,472806
70272,He,Tang,何瑭,Unknown,NA,NA,cerd,472808
70273,He,Naishi,何乃士,Male,NA,NA,cerd,472809
70276,He,Xicheng,何熙曾,Unknown,NA,NA,cerd,472810
70279,Xing,Duan,邢端,Unknown,NA,NA,cerd,472811
70280,Xing,Jidong,邢吉棟,Unknown,NA,NA,cerd,472812
70284,Yu,Gongtang,余功棠,Unknown,1120,NA,cerd,472813
70285,Yu,Mingyu,余名鈺,Unknown,1618,NA,cerd,472814
70288,Yu,Jingsheng,余景生,Unknown,26295,1917,cerd,472815
70290,Yu,Huandong,余煥東,Unknown,NA,NA,cerd,472816
70294,Yu,Xuehai,余學海,Unknown,NA,NA,cerd,472817
70297,Yu,Huaiqing,余懷清,Unknown,NA,NA,cerd,472821
70299,Song,Keqing,宋克卿,Unknown,NA,NA,cerd,472822
70300,Song,Nanhua,宋南華,Unknown,NA,NA,cerd,472823
70302,Song,Guoxiang,宋國祥,Unknown,NA,NA,cerd,472824
70303,Leng,Yangming,冷陽明,Unknown,NA,NA,cerd,472825
70305,Lü,Chengji,呂承基,Unknown,NA,NA,cerd,472826
70306,Lü,Miannan,呂冕南,Unknown,NA,NA,cerd,472827
70308,Yi,Anhuang,易安黃,Unknown,NA,NA,cerd,472828
70319,Tong,Zemin,佟澤民,Unknown,NA,NA,cerd,472829
70326,Chen,Naimin,沈乃敏,Unknown,NA,NA,cerd,472830
70331,Chen,Yijia,沈宜甲,Unknown,NA,NA,cerd,472832
70334,Chen,Yangsheng,沈養生,Unknown,NA,NA,cerd,472833
70337,Chen,Eryan,沈爾炎,Unknown,NA,NA,cerd,472834
70341,Chen,Maiqun,沈邁羣,Unknown,NA,NA,cerd,472835
70343,Wu,Shibi,吳士壁,Unknown,NA,NA,cerd,472836
70345,Wu,Yonghe,吳永和,Unknown,NA,NA,cerd,472837
70347,Wu,Zhixi,吳志羲,Unknown,NA,NA,cerd,472838
70349,Wu,Keyi,吳克頤,Unknown,NA,NA,cerd,472839
70355,Wu,Demei,吳德楣,Unknown,NA,NA,cerd,472840
70357,Wu,Xianzu,吳憲祖,Unknown,NA,NA,cerd,472841
70359,Wu,Aichen,吳藹宸,Unknown,NA,NA,cerd,472843
70360,Wu,Lanyou,吳蘭友,Unknown,NA,NA,cerd,472844
70361,Li,Ye,李冶,Unknown,NA,NA,cerd,472845
70362,Li,Jin,李晉,Unknown,NA,NA,cerd,472846
70367,Li,Tao,李陶,Unknown,NA,NA,cerd,472847
70368,Li,Bin,李彬,Unknown,NA,NA,cerd,472848
70371,Li,Yang,李暘,Unknown,NA,NA,cerd,472849
70373,Li,Gan,李幹,Unknown,NA,NA,cerd,472850
70375,Li,Jing,李境,Unknown,NA,NA,cerd,472851
70376,Li,Kun,李鯤,Unknown,NA,NA,cerd,472852
70379,Li,Duo,李鐸,Unknown,NA,NA,cerd,472854
70380,Li,Yixing,李乙星,Unknown,NA,NA,cerd,472855
70384,Li,Gongda,李公達,Unknown,NA,NA,cerd,472856
70387,Li,Siguang,李四光,Unknown,NA,NA,cerd,472857
70396,Li,Guanglin,李光霖,Male,NA,NA,cerd,472858
70398,Li,Youjue,李有爵,Unknown,NA,NA,cerd,472859
70400,Li,Rujing,李汝靜,Unknown,NA,NA,cerd,472860
70405,Li,Limei,李利美,Unknown,NA,NA,cerd,472861
70408,Li,Yiming,李宜明,Unknown,NA,NA,cerd,472862
70410,Li,Yuchen,李禹忱,Unknown,NA,NA,cerd,472863
70411,Li,Jize,李紀澤,Unknown,NA,NA,cerd,472865
70414,Li,Chunyu,李春昱,Unknown,NA,NA,cerd,472866
70416,Li,Zhusan,李祝三,Unknown,NA,NA,cerd,472867
70424,Li,Zufen,李祖薰,Unknown,NA,NA,cerd,472868
70428,Li,Qixian,李啓賢,Unknown,NA,NA,cerd,472869
70430,Li,Qiheng,李啓衡,Unknown,NA,NA,cerd,472870
70435,Li,Guozhen,李國楨,Unknown,NA,NA,cerd,472871
70437,Li,Qinyu,李欽予,Unknown,NA,NA,cerd,472872
70440,Li,Jiashan,李嘉善,Unknown,NA,NA,cerd,472873
70446,Li,Qingyuan,李慶遠,Unknown,NA,NA,cerd,472874
70448,Li,Mouyou,李謀猷,Unknown,NA,NA,cerd,472876
70449,Li,Xueqing,李學清,Unknown,NA,NA,cerd,472877
70451,Li,Zhonglin,李鍾麟,Unknown,NA,NA,cerd,472878
70452,Li,Junsan,李濬三,Unknown,NA,NA,cerd,472879
70453,Li,Yinglin,李應霖,Unknown,NA,NA,cerd,472880
70456,Li,Qiongzhan,李瓊枬,Unknown,NA,NA,cerd,472881
70458,Lin,Zheng,林錚,Unknown,NA,NA,cerd,472882
70459,Lin,Dalü,林大閭,Unknown,NA,NA,cerd,472883
70461,Lin,Shimo,林士摸,Unknown,NA,NA,cerd,472884
70465,Lin,Zhongzhu,林中柱,Unknown,NA,NA,cerd,472885
70470,Lin,Suxing,林素行,Unknown,NA,NA,cerd,472887
70472,Lin,Sicheng,林斯澄,Unknown,NA,NA,cerd,472888
70475,Lin,Xuzhen,林緒珍,Unknown,NA,NA,cerd,472889
70477,Lin,Hongbiao,林鴻標,Unknown,NA,NA,cerd,472890
70479,Lin,Daoliu,林燾六,Unknown,NA,NA,cerd,472891
70482,Wu,Xianmin,武羨民,Unknown,NA,NA,cerd,472892
70484,Xi,Rongxi,洗榮熙,Unknown,NA,NA,cerd,472893
70486,Zhou,Li,周理,Unknown,NA,NA,cerd,472894
70488,Zhou,Zhen,周楨,Unknown,NA,NA,cerd,472895
70489,Zhou,Huang,周璜,Unknown,NA,NA,cerd,472896
70490,Zhou,Wenhui,周文輝,Unknown,NA,NA,cerd,472898
70493,Zhou,Yuangu,周元谷,Unknown,NA,NA,cerd,472899
70496,Zhou,Zhisui,周志燧,Unknown,NA,NA,cerd,472900
70498,Zhou,Bojin,周伯勁,Unknown,NA,NA,cerd,472901
70500,Zhou,Houji,周厚基,Unknown,NA,NA,cerd,472902
70501,Zhou,Haiyi,周海依,Unknown,NA,NA,cerd,472903
70503,Zhou,Fumo,周傅謨,Unknown,NA,NA,cerd,472904
70507,Hu,Huan,胡郇,Unknown,NA,NA,cerd,472905
70509,Hu,Zhaolian,胡兆連,Unknown,NA,NA,cerd,472906
70510,Hu,Rulin,胡汝麟,Unknown,NA,NA,cerd,472907
70511,Hu,Daxuan,胡達選,Unknown,NA,NA,cerd,472909
70513,Hu,Huitong,胡褘同,Unknown,NA,NA,cerd,472910
70515,Hu,Jiamo,胡嘉謨,Unknown,NA,NA,cerd,472911
70526,Yu,Jingjian,俞景籛,Male,1259,1891,cerd,472912
70531,Jiang,Wenting,姜文廷,Unknown,4161,1904,cerd,472913
70532,Jiang,Zhangying,姜長英,Unknown,9324,1904,cerd,472914
70533,Jiang,Fuzhi,姜輔志,Unknown,NA,NA,cerd,472915
70535,Jiang,Heguang,姜鶴光,Unknown,NA,NA,cerd,472916
70537,Xu,Wusheng,胥務生,Unknown,NA,NA,cerd,472917
70542,Bao,Lianheng,保聯亨,Unknown,NA,NA,cerd,472918
70543,Ji,Shoutang,紀守棠,Unknown,NA,NA,cerd,472920
70547,Hou,Zhenping,侯鎭平,Unknown,NA,NA,cerd,472921
70548,Hou,Baozheng,侯寶政,Unknown,NA,NA,cerd,472922
70554,Shi,Hanguang,施漢光,Unknown,NA,NA,cerd,472923
70556,Fan,Mei,范美,Unknown,NA,NA,cerd,472924
70557,Fan,Zhizhun,范治准,Unknown,NA,NA,cerd,472925
70560,Xu,Ye,徐冶,Unknown,NA,NA,cerd,472926
70561,Xu,Yu,徐棫,Unknown,NA,NA,cerd,472927
70562,Xu,Renyu,徐仁鈺,Unknown,NA,NA,cerd,472928
70563,Xu,Shizhuang,徐式莊,Unknown,NA,NA,cerd,472929
70564,Xu,Kezhen,徐克鎭,Unknown,NA,NA,cerd,472932
70566,Xu,Tingzong,徐廷宗,Unknown,NA,NA,cerd,472933
70567,Xu,Houfu,徐厚孚,Unknown,NA,NA,cerd,472934
70570,Xu,Weiman,徐韋曼,Unknown,NA,NA,cerd,472935
70574,Xu,Lizhang,徐禮章,Unknown,NA,NA,cerd,472936
70576,Sun,Qichang,孫其昌,Unknown,NA,NA,cerd,472937
70578,Sun,Shanlun,孫善掄,Unknown,NA,NA,cerd,472938
70582,Sun,Yunzhu,孫雲鑄,Unknown,NA,NA,cerd,472939
70584,Sun,Chaiyun,孫柴筠,Unknown,NA,NA,cerd,472940
70585,Ni,Xiangcai,倪相材,Unknown,NA,NA,cerd,472941
70588,Ni,Daojie,倪道杰,Unknown,NA,NA,cerd,472943
70590,Tang,Yongji,唐永濟,Unknown,NA,NA,cerd,472944
70592,Xia,Xu,夏煦,Unknown,NA,NA,cerd,472945
70594,Yuan,Fen,袁汾,Unknown,NA,NA,cerd,472946
70595,Yuan,Yi,袁翼,Unknown,NA,NA,cerd,472947
70596,Yuan,Xiuyin,袁修蔭,Unknown,NA,NA,cerd,472948
70598,Ma,Hengrong,馬恆融,Unknown,NA,NA,cerd,472949
70599,Ma,Shaoliang,馬紹良,Unknown,NA,NA,cerd,472950
70601,Ma,Qihong,馬啓鴻,Unknown,NA,NA,cerd,472951
70603,Ma,Rongzhi,馬溶之,Unknown,NA,NA,cerd,472952
70609,Gao,Changlin,高昌鱗,Unknown,NA,NA,cerd,472954
70610,Gao,Siyuan,高思元,Unknown,NA,NA,cerd,472955
70613,Gao,Runzhi,高潤芝,Unknown,NA,NA,cerd,472956
70619,Liang,Qiande,梁倩德,Unknown,NA,NA,cerd,472957
70621,Liang,Guohun,梁國魂,Unknown,NA,NA,cerd,472958
70623,Liang,Shuzhao,梁樹釗,Unknown,NA,NA,cerd,472959
70624,Weng,Wenbo,翁文波,Unknown,NA,NA,cerd,472960
70626,Weng,Wenhao,翁文灝,Unknown,62,1889,cerd,347
70628,Zhang,Youkui,章有逵,Unknown,NA,NA,cerd,472961
70630,Ru,Tingqiang,茹廷鏘,Unknown,NA,NA,cerd,472962
70634,Qin,Zhangqing,秦長卿,Unknown,NA,NA,cerd,472963
70636,Qin,Chongxiao,秦崇曉,Unknown,NA,NA,cerd,472965
70641,Chen,Bi,陳賁,Unknown,NA,NA,cerd,472966
70647,Chen,Wenlan,陳文瀾,Unknown,NA,NA,cerd,472967
70649,Chen,Zhitian,陳支天,Unknown,NA,NA,cerd,472968
70652,Chen,Shizhang,陳世璋,Unknown,NA,NA,cerd,472969
70653,Chen,Guangdou,陳光斗,Unknown,NA,NA,cerd,472970
70655,Chen,Baiyao,陳百藥,Unknown,NA,NA,cerd,472971
70658,Chen,Xiaowei,陳孝威,Unknown,NA,NA,cerd,472972
70659,Chen,Zongfa,陳宗法,Unknown,NA,NA,cerd,472973
70662,Chen,Hongyuan,陳洪圓,Unknown,NA,NA,cerd,472974
70664,Chen,Shumin,陳淑民,Unknown,NA,NA,cerd,472976
70670,Chen,Guobao,陳國寶,Unknown,NA,NA,cerd,472977
70672,Chen,Shuping,陳樹屏,Unknown,NA,NA,cerd,472978
70675,Chen,Xueyun,陳學雲,Unknown,NA,NA,cerd,472979
70678,Chen,Zhongfu,陳鍾茀,Unknown,NA,NA,cerd,472980
70680,Chen,Ligang,陳勵剛,Unknown,NA,NA,cerd,472981
70682,Lu,Zidong,陸子冬,Unknown,NA,NA,cerd,472982
70685,Lu,Guoliang,陸國樑,Unknown,NA,NA,cerd,472983
70687,Lu,Jielin,陸傑林,Unknown,NA,NA,cerd,472984
70689,Lu,Guangshou,陸廣壽,Unknown,NA,NA,cerd,472985
70693,Guo,Wenqing,郭文清,Unknown,NA,NA,cerd,472987
70697,Guo,Shunan,郭樹楠,Unknown,NA,NA,cerd,472988
70700,Tang,Chuo,湯綽,Male,NA,NA,cerd,472989
70704,Zhang,Pei,張培,Unknown,NA,NA,cerd,472990
70705,Zhang,Lin,張琳,Unknown,NA,NA,cerd,472991
70710,Zhang,Maojun,張卯均,Unknown,NA,NA,cerd,472992
70713,Zhang,Annan,張安南,Unknown,NA,NA,cerd,472993
70714,Zhang,Chengtong,張成統,Unknown,NA,NA,cerd,472994
70718,Zhang,Sishu,張思樞,Unknown,NA,NA,cerd,472995
70719,Zhang,Chunming,張春銘,Unknown,NA,NA,cerd,472996
70722,Zhang,Zuhai,張祖還,Unknown,NA,NA,cerd,472998
70725,Zhang,Zhensheng,張振聲,Unknown,NA,NA,cerd,472999
70733,Zhang,Shanming,張善銘,Unknown,NA,NA,cerd,473000
70734,Zhang,Chaojin,張朝覲,Unknown,NA,NA,cerd,473001
70735,Zhang,Ruizhao,張瑞昭,Unknown,NA,NA,cerd,473002
70737,Zhang,Zaizuo,張載作,Unknown,NA,NA,cerd,473003
70738,Zhang,Shouqing,張綬青,Unknown,NA,NA,cerd,473004
70739,Zhang,Mingshao,張鳴韶,Unknown,NA,NA,cerd,473005
70742,Zhang,Xingqian,張興鈐,Unknown,NA,NA,cerd,473006
70744,Zhang,Guangyu,張廣輿,Unknown,NA,NA,cerd,473007
70746,Zhang,Xuemin,張學敏,Unknown,NA,NA,cerd,473009
70750,Zhang,Jifang,張繼芳,Unknown,NA,NA,cerd,473010
70751,Zhang,Jiying,張繼英,Unknown,NA,NA,cerd,473011
70754,Xu,Zhiyuan,許志元,Unknown,NA,NA,cerd,473012
70755,Xu,Congqing,許叢卿,Unknown,NA,NA,cerd,473013
70757,Xu,Yandun,許衍敦,Unknown,NA,NA,cerd,473014
70762,Mo,Ting,莫亭,Unknown,NA,NA,cerd,473015
70764,Mo,Youyi,莫友怡,Unknown,NA,NA,cerd,473016
70766,Mo,Naiyan,莫迺炎,Unknown,NA,NA,cerd,473017
70767,Zhang,Hu,章祜,Unknown,NA,NA,cerd,473018
70769,Zhang,Da,章達,Unknown,NA,NA,cerd,473020
70770,Zhang,Yuandian,章元滇,Unknown,NA,NA,cerd,473021
70773,Zhang,Mingjian,章鳴劍,Unknown,NA,NA,cerd,473022
70775,Mai,Zhijing,麥智競,Unknown,NA,NA,cerd,473023
70778,Bi,Tiande,畢天德,Unknown,NA,NA,cerd,473024
70782,Yin,Weihan,殷維翰,Unknown,NA,NA,cerd,473025
70788,Cui,Yingnian,崔英年,Unknown,NA,NA,cerd,473026
70789,Yang,Lixi,陽立希,Unknown,NA,NA,cerd,473027
70791,Mei,Fu,梅馥,Unknown,NA,NA,cerd,473028
70792,Sheng,Meiyu,盛美玉,Unknown,NA,NA,cerd,473029
70793,Sheng,Longshao,盛隆韶,Unknown,NA,NA,cerd,473031
70795,Yu,Haohong,俞浩鴻,Male,2625,1912,cerd,473032
70799,Yu,Qingtang,俞清堂,Male,1161,1901,cerd,473033
70806,Yu,Libin,俞禮彬,Male,909,1914,cerd,473034
70810,Yu,Lianbin,俞連彬,Male,427,NA,cerd,473035
70814,Yu,Hongxun,俞鴻勳,Male,449,1913,cerd,473036
70816,Yu,Shufang,俞漱芳,Male,1016,1899,cerd,473037
70822,Yu,Tongfu,俞通甫,Male,1664,1898,cerd,473038
70832,Yu,Daowu,俞道五,Male,11496,1891,cerd,473039
70843,Yu,Daoyang,俞道暘,Male,40404,NA,cerd,473040
70846,Yu,Dakui,俞大奎,Male,1597,1917,cerd,473043
70848,Yu,Dayou,俞大猷,Male,590,1916,cerd,473044
70850,Yu,Youqing,俞友清,Male,1259,1897,cerd,333409
70860,Yu,Jiaxuan,俞嘉宣,Male,2498,1910,cerd,473046
70864,Yu,Jiacheng,俞嘉澄,Male,427,1915,cerd,473047
70866,Yu,Shoushi,俞壽世,Male,1042,1911,cerd,473048
70869,Yu,Shikui,俞世奎,Male,8251,1897,cerd,473049
70871,Yu,Shiyu,俞世煜,Male,1016,1912,cerd,473050
70874,Yu,Qixing,俞其型,Male,1711,1912,cerd,473051
70876,Yu,Chubai,俞楚白,Male,1636,1892,cerd,473052
70886,Yu,Chaoyuan,俞朝元,Male,1664,1889,cerd,473054
70901,Yu,Miaoyuan,俞妙元,Male,NA,NA,cerd,473055
70903,Yu,Zhongkui,俞忠奎,Male,NA,NA,cerd,473056
70905,Yu,Bangnai,俞幫鼐,Male,935,1890,cerd,473057
70909,Yu,Riyin,俞日尹,Male,1544,NA,cerd,473058
70913,Yu,Guoshun,俞國順,Male,1695,1908,cerd,473059
70917,Yu,Enying,俞恩瀛,Male,8553,1913,cerd,473060
70922,Yu,Enbing,俞恩炳,Male,NA,NA,cerd,473061
70924,Yu,Enxin,俞恩炘,Male,NA,NA,cerd,473062
70937,Yu,Xianchang,俞顯昌,Male,590,1914,cerd,473063
70940,Yu,Tifang,俞體芳,Male,1597,1904,cerd,473065
70944,Yu,Runzhang,俞閏章,Male,1409,NA,cerd,473066
70946,Yu,Renyu,俞人鈺,Male,NA,NA,cerd,473067
70948,Yu,Nianzu,俞念祖,Male,562,1917,cerd,473068
70950,Yu,Jinbiao,俞錦標,Male,782,NA,cerd,473069
70952,Yu,Guangzu,俞光祖,Male,562,1913,cerd,473070
70954,Yu,Bingyuan,俞炳元,Male,807,NA,cerd,473071
70957,Di,Anren,弟安仁,Male,4385,1911,cerd,473072
70959,Ci,Dehao,慈德灝,Male,1227,NA,cerd,473073
70961,Jiang,Yu,姜瑜,Male,1604,1914,cerd,473074
70964,Jiang,Zhuo,姜倬,Male,25462,NA,cerd,473076
70970,Jiang,Shao,姜劭,Male,32623,1915,cerd,473077
70972,Jiang,Zhi,姜摯,Male,13948,1912,cerd,473078
70974,Jiang,Gan,姜乾,Male,3133,NA,cerd,473079
70977,Jiang,Yong,姜鏞,Male,1189,1906,cerd,473080
70985,Jiang,Xizhen,姜席珍,Male,3101,1913,cerd,473081
71000,Jiang,Wentai,姜文[上艸下溙],Male,14247,1911,cerd,473082
71003,Jiang,Yikun,姜一鵾,Male,556,1914,cerd,473083
71005,Jiang,Yuhuai,姜于淮,Male,522,1909,cerd,473084
71011,Jiang,Shengjie,姜聖階,Male,11058,1912,cerd,473085
71013,Jiang,Chengwu,姜承吾,Male,10202,1908,cerd,473087
71016,Jiang,Yimei,姜乙楳,Male,6617,1915,cerd,473088
71018,Jiang,Xianke,姜獻可,Male,17517,1902,cerd,473089
71021,Jiang,Junyan,姜俊彥,Male,765,1898,cerd,404858
71025,Jiang,Shaorong,姜紹榮,Male,427,NA,cerd,473090
71027,Jiang,Jiaxiang,姜家祥,Male,7718,1909,cerd,473091
71033,Jiang,Dajian,姜達鑑,Male,NA,NA,cerd,473092
71035,Jiang,Ruzhang,姜汝璋,Male,NA,NA,cerd,473093
71037,Jiang,Weixian,姜渭賢,Male,1076,1912,cerd,473094
71041,Jiang,Ciduan,姜次端,Male,27131,1901,cerd,473095
71044,Jiang,Fengshu,姜逢戍,Male,562,1912,cerd,473096
71046,Jiang,Jiayou,姜嘉猷,Male,14247,1902,cerd,473098
71055,Jiang,Jiangcong,姜蔣聰,Male,9204,NA,cerd,473099
71057,Jiang,Maolie,姜茂烈,Male,13559,NA,cerd,473100
71059,Jiang,Bangyan,姜邦彥,Male,8251,1913,cerd,473101
71061,Jiang,Guozhen,姜國珍,Male,18927,1913,cerd,473102
71064,Jiang,Guobao,姜國寶,Male,342,1908,cerd,473103
71068,Jiang,Guogan,姜國幹,Male,342,1911,cerd,473104
71072,Jiang,Jingwei,姜景維,Male,NA,NA,cerd,473105
71074,Jiang,Jingcheng,姜景程,Male,2352,NA,cerd,473106
71076,Jiang,Shijun,姜時俊,Male,1415,1911,cerd,473107
71094,Jiang,Zhangfan,姜長蕃,Male,9324,1912,cerd,473109
71099,Jiang,Gangchang,姜剛常,Male,1415,1909,cerd,473110
71103,Jiang,Luxiang,姜履祥,Male,6341,1897,cerd,473111
71107,Jiang,Yulin,姜毓麟,Male,10727,NA,cerd,473112
71109,Yang,Deqing,羊德清,Male,965,1914,cerd,473113
71112,Yang,Zonghua,羊宗驊,Male,965,1909,cerd,473114
71115,Ceng,Liang,曾亮,Male,7174,NA,cerd,473115
71118,Ceng,Zhang,曾璋,Male,77,1902,cerd,473116
71131,Ceng,Xun,曾洵,Male,1270,1899,cerd,473117
71136,Ceng,Tong,曾桐,Male,1725,1905,cerd,473118
71148,Ceng,Hui,曾暉,Male,607,NA,cerd,473120
71150,Ceng,Guang,曾光,Male,8916,1913,cerd,473121
71153,Ceng,Liqing,曾立青,Male,590,1917,cerd,473122
71155,Cemg,Yinglian,曾膺聯,Male,7296,1895,cerd,473123
71172,Ceng,Guangzhu,曾廣珠,Male,590,NA,cerd,473124
71174,Ceng,Guangbi,曾廣弼,Male,1993,NA,cerd,370806
71180,Ceng,Guangliang,曾廣樑,Male,40694,1905,cerd,473125
71189,Ceng,Guangzhe,曾廣轍,Male,3672,1903,cerd,473126
71191,Ceng,Guangming,曾廣銘,Male,80,1904,cerd,473127
71200,Ceng,Wenzhi,曾文祉,Male,71201,NA,cerd,473128
71206,Ceng,Yijing,曾詒經,Male,553,1888,cerd,473129
71215,Ceng,Yizhi,曾毅之,Male,71201,NA,cerd,473131
71217,Ceng,Ruiying,曾瑞英,Male,1725,1909,cerd,473132
71221,Ceng,Qiongfen,曾瓊芬,Male,71222,NA,cerd,473133
71224,Ceng,Naipu,曾乃璞,Male,3608,1916,cerd,473134
71226,Ceng,Naifan,曾乃凡,Male,8051,1915,cerd,473135
71228,Ceng,Chengdian,曾承典,Male,4594,1915,cerd,473136
71230,Ceng,Ziquan,曾子泉,Male,2062,1911,cerd,473137
71233,Ceng,Weigang,曾維綱,Male,8028,1910,cerd,473138
71235,Ceng,Renmin,曾任民,Male,7746,1911,cerd,473139
71237,Ceng,Jiduo,曾繼鐸,Male,7718,1912,cerd,473140
71239,Ceng,Mianqin,曾勉勤,Male,449,1911,cerd,473142
71244,Ceng,Defu,曾德甫,Male,NA,1913,cerd,473143
71246,Ceng,Bokang,曾伯康,Male,4977,NA,cerd,473144
71249,Ceng,Boliang,曾伯良,Male,553,1893,cerd,17240
71257,Ceng,Kaiyuan,曾凱元,Male,46129,1913,cerd,473145
71259,Ceng,Yangfeng,曾仰豐,Male,1725,1887,cerd,473146
71291,Ceng,Xiangwu,曾向午,Male,427,1899,cerd,473147
71298,Ceng,Jilun,曾紀綸,Male,40446,1913,cerd,473148
71304,Ceng,Jizhe,曾紀著,Male,566,1914,cerd,473149
71306,Ceng,Jihuang,曾紀煌,Male,1514,1906,cerd,473150
71314,Ceng,Shuyue,曾叔岳,Male,1993,1902,cerd,473151
71324,Ceng,Yongshou,曾永壽,Male,1434,1895,cerd,370903
71327,Ceng,Yonghua,曾永華,Male,3608,NA,cerd,473154
71329,Ceng,Yongnian,曾永年,Male,553,1915,cerd,473155
71331,Ceng,Xianzheng,曾憲正,Male,1993,1915,cerd,473156
71333,Ceng,Xianwu,曾憲武,Male,13428,1903,cerd,473157
71338,Ceng,Xiandong,曾憲棟,Male,6556,1912,cerd,473158
71341,Ceng,Yutao,曾宇韜,Male,449,1912,cerd,473159
71343,Ceng,Zonggong,曾宗鞏,Male,3016,NA,cerd,473160
71346,Ceng,Huizhong,曾匯忠,Male,26798,NA,cerd,473161
71349,Ceng,Junhan,曾濬漢,Male,24880,1914,cerd,473162
71351,Ceng,Xinming,曾心銘,Male,6701,1896,cerd,473163
71368,Ceng,Runchen,曾潤琛,Male,807,1910,cerd,473165
71374,Ceng,Xiangzi,曾祥梓,Male,5073,1896,cerd,473166
71383,Ceng,Xiangxi,曾祥熙,Male,1434,1894,cerd,370942
71386,Ceng,Yulin,曾裕林,Male,2429,1912,cerd,473167
71388,Ceng,Qixin,曾啟新,Male,52546,1900,cerd,473168
71397,Ceng,Kejing,曾克京,Male,553,1916,cerd,473169
71399,Ceng,Keliang,曾克良,Male,6003,1910,cerd,473170
71401,Ceng,Zhuyun,曾柱雲,Male,3608,1917,cerd,473171
71403,Ceng,Shiliu,曾始流,Male,3608,1893,cerd,473172
71417,Ceng,Yueqi,曾越奇,Male,NA,NA,cerd,473173
71419,Ceng,Huaxian,曾華憲,Male,NA,NA,cerd,473174
71421,Ceng,Shifan,曾世藩,Male,2429,1893,cerd,473176
71439,Ceng,Shiying,曾世英,Male,807,NA,cerd,473177
71447,Ceng,Shijun,曾世駿,Male,6701,1916,cerd,473178
71449,Ceng,Guantao,曾觀濤,Male,NA,NA,cerd,473179
71451,Ceng,Guanmei,曾觀梅,Male,571,1914,cerd,473180
71453,Ceng,Chaoqun,曾超羣,Male,13846,1913,cerd,473181
71456,Ceng,Jingyi,曾靜沂,Male,2071,1898,cerd,371023
71466,Ceng,Guohua,曾國華,Male,1514,NA,cerd,473182
71468,Ceng,Changlu,曾昌魯,Male,65122,NA,cerd,473183
71470,Cneg,Jingxian,曾景賢,Male,1725,1914,cerd,473184
71472,Ceng,Zhaoxun,曾昭峋,Male,71474,NA,cerd,370872
71481,Ceng,Zhaolun,曾昭掄,Male,6556,1903,cerd,9934
71486,Ceng,Zhaoming,曾昭明,Male,819,NA,cerd,473185
71488,Ceng,Gangyi,曾剛毅,Male,1817,1912,cerd,473187
71490,Ceng,Xueliang,曾學亮,Male,522,1907,cerd,473188
71492,Ceng,Xuehou,曾學厚,Male,4977,1902,cerd,473189
71503,Ceng,Shenghua,曾勝華,Male,3323,1907,cerd,473190
71515,Ceng,Jinxiang,曾金祥,Male,59927,1907,cerd,473191
71517,Ceng,Xiyou,曾錫友,Male,5073,1909,cerd,473192
71525,Ceng,Qinying,曾欽英,Male,11440,1900,cerd,473193
71531,Ceng,Ruiting,曾銳庭,Male,1923,NA,cerd,473194
71539,Ceng,Yangfu,曾養甫,Male,7915,1899,cerd,192283
71546,Ceng,Juting,曾矩庭,Male,449,1907,cerd,473195
71548,Ceng,Yaoxin,曾耀薪,Male,74,1883,cerd,473196
71552,Ceng,Huiru,曾輝如,Male,13948,1910,cerd,473198
71554,Ceng,Chuilin,曾炊林,Male,3608,1912,cerd,473199
71556,Gu,Shaotang,谷韶堂,Male,3549,1913,cerd,473200
71560,Gu,Shaomin,谷韶閔,Male,33199,1917,cerd,473201
71562,Gu,Zonglun,谷宗倫,Male,3940,1915,cerd,473202
71564,Gu,Zongdian,谷宗憲,Male,3940,1910,cerd,473203
71566,Gu,Shoushan,谷壽山,Male,33811,1890,cerd,473204
71577,Gu,Shengqi,谷聲頎,Male,16722,1914,cerd,473205
71579,Gu,Yinghuai,谷映槐,Male,3033,NA,cerd,473206
71581,Gu,Guangxiang,谷光相,Male,16226,1911,cerd,473207
71583,Gong,Wenhan,公文翰,Male,4449,1914,cerd,473209
71585,She,Bingshu,佘秉樞,Male,3042,1911,cerd,473210
71587,She,Hanwei,佘漢偉,Male,3042,1913,cerd,473211
71589,Yu,Ping,余平,Male,7174,1904,cerd,473212
71595,Yu,Pan,余槃,Male,1095,1898,cerd,473213
71597,Yu,Hui,余洄,Male,3866,1909,cerd,473214
71599,Yu,Pei,余培,Male,4977,1903,cerd,473215
71602,Yu,Quan,余權,Male,909,1913,cerd,473216
71606,Yu,Ji,余驥,Male,NA,NA,cerd,473217
71612,Yu,Liji,余立基,Male,10893,1895,cerd,473218
71621,Yu,Zhufu,余主甫,Male,31025,NA,cerd,473220
71638,Yu,Yude,余育德,Male,14753,NA,cerd,473221
71644,Yu,Guangcai,余廣才,Male,1993,1916,cerd,473222
71646,Yu,Weurui,余文瑞,Male,4977,1915,cerd,473223
71648,Yu,Wenzhao,余文照,Male,4977,1912,cerd,473224
71650,Yu,Wenzhi,余文質,Male,12761,1916,cerd,473225
71653,Yu,Xinbiao,余新標,Male,1857,1913,cerd,473226
71655,Yu,Shaojiu,余韶九,Male,2985,1899,cerd,473227
71658,Yu,Qianliu,余謙六,Male,1618,1896,cerd,473228
71670,Yu,Qiansu,余謙肅,Male,1618,NA,cerd,473229
71672,Yu,Zhengsan,余正三,Male,NA,NA,cerd,473231
71674,Yu,Yuyan,余玉燕,Female,4977,1915,cerd,473232
71676,Yu,Xueyang,余雪楊,Male,1544,1900,cerd,473233
71687,Yu,Erchang,余爾昌,Male,7174,1911,cerd,473234
71689,Yu,Xiwan,余西萬,Male,NA,NA,cerd,473235
71691,Yu,Ruisheng,余瑞生,Male,2985,1905,cerd,473236
71696,Yu,Ruichao,余瑞朝,Male,74,1897,cerd,473237
71699,Yu,Lianshou,余聯壽,Male,4407,1906,cerd,473238
71705,Yu,Jianfu,余建復,Male,7398,1888,cerd,473239
71714,Yu,Jixun,余季勛,Male,4977,1916,cerd,473240
71716,Yu,Jizhi,余季智,Male,4977,1908,cerd,473242
71719,Yu,Songsheng,余嵩生,Male,522,1906,cerd,473243
71725,Yu,Lexing,余樂醒,Male,558,1900,cerd,473244
71738,Yu,Dehai,余德海,Male,40694,NA,cerd,473245
71740,Yu,Dejie,余德杰,Male,NA,NA,cerd,473246
71742,Yu,Zhongkui,余仲奎,Male,1857,NA,cerd,473247
71753,Yu,Chuanzhou,余傳周,Male,3966,1919,cerd,473248
71755,Yu,Weisi,余緯斯,Male,402,1919,cerd,473249
71776,Yu,Huanxian,余郇先,Male,4977,1915,cerd,473250
71778,Yu,Gangfu,余綱復,Male,34745,1908,cerd,473251
71785,Yu,Shaoji,余紹基,Male,2829,1911,cerd,473253
71788,Yu,Shaozhong,余紹忠,Male,1063,1916,cerd,473254
71790,Yu,Yongyuan,余永遠,Male,4977,1912,cerd,473255
71792,Yu,Jiatian,余家琠,Male,3966,1915,cerd,473256
71794,Yu,Zaiyang,余宰揚,Male,1305,NA,cerd,473257
71796,Yu,Dinghua,余定華,Male,590,1913,cerd,473258
71798,Yu,Zhaocong,余兆聰,Male,1857,1915,cerd,473259
71800,Yu,Xinzheng,余心正,Male,38754,1908,cerd,473260
71806,Yu,Zexin,余澤新,Male,NA,NA,cerd,473261
71808,Yu,Hongcai,余鴻才,Male,3016,1915,cerd,473262
71810,Yu,Zuyan,余祖燕,Male,1714,1912,cerd,473265
71817,Yu,Zuxi,余祖熙,Male,1714,1914,cerd,473266
71819,Yu,Yuchang,余裕昌,Male,10082,1915,cerd,473267
71821,Yu,Danian,余大年,Male,NA,NA,cerd,473268
71823,Yu,Shihuang,余士璜,Male,15590,1906,cerd,473269
71827,Yu,Kejin,余克縉,Male,7964,1908,cerd,473270
71829,Yu,Keji,余克稷,Male,2429,1911,cerd,473271
71832,Yu,Youwen,余友文,Male,27436,1886,cerd,473272
71837,Yu,Shouqi,余壽祺,Male,4977,1912,cerd,473273
71839,Yu,Fangzhou,余芳洲,Male,2429,1909,cerd,473274
71848,Yu,Shican,余世燦,Male,1626,NA,cerd,473276
71850,Yu,Bainian,余柏年,Male,1636,1916,cerd,473277
71852,Yu,Yeyu,余也愚,Male,10082,1914,cerd,473278
71854,Yu,Qinglin,余青林,Male,61,1908,cerd,473279
71857,Yu,Zhongbing,余忠秉,Male,553,NA,cerd,473280
71859,Yu,Shuyun,余書雲,Male,16722,NA,cerd,473281
71861,Yu,Chunting,余春霆,Male,590,1912,cerd,473282
71863,Yu,Chengzhang,余成章,Male,13397,NA,cerd,473283
71865,Yu,Yangqing,余揚清,Male,1305,1909,cerd,473284
71873,Yu,Changju,余昌菊,Male,10372,1904,cerd,473285
71883,Yu,Mingde,余明德,Male,10372,1893,cerd,473287
71895,Yu,Houle,余后樂,Male,71,NA,cerd,333406
71898,Yu,Luyuan,余履垣,Male,42486,1909,cerd,473289
71903,Yu,Genfu,余艮甫,Male,6296,NA,cerd,473290
71905,Yu,Xingliang,余興良,Male,7398,1904,cerd,473291
71907,Yu,Xingzhong,余興忠,Male,877,1897,cerd,473292
71909,Yu,Xingzhong,余興忠,Male,1618,1898,cerd,473293
71918,Yu,Tengfang,余騰芳,Male,1993,1904,cerd,473294
71926,Yu,Jinhe,余錦河,Male,4977,1900,cerd,473295
71932,Yu,Xitong,余錫桐,Male,4977,1897,cerd,473296
71937,Yu,Xiangjiu,余翔九,Male,40141,NA,cerd,473298
71940,Yu,Hengcun,余恒村,Male,558,1914,cerd,473299
71943,Yu,Chichang,余熾昌,Male,909,1900,cerd,473300
71947,Yu,Yaonan,余耀南,Male,14753,1909,cerd,473301
71953,Yu,Zhuojing,余灼經,Male,NA,NA,cerd,473302
71955,Yu,Rongbang,余榮邦,Male,2780,1913,cerd,473303
71957,Zhong,Ling,鍾靈,Male,459,1912,cerd,473304
71959,Zong,Chuo,鍾綽,Male,1004,1914,cerd,473305
71961,Zhong,Wei,鍾巍,Male,NA,NA,cerd,473306
71963,Zhong,Wei,鍾偉,Male,2429,1881,cerd,341176
71978,Zhong,Sen,鍾森,Male,1556,1901,cerd,473307
71980,Zhong,Ying,鍾英,Male,1556,1894,cerd,473309
71986,Zhong,E,鍾鍔,Male,566,1890,cerd,192046
72010,Zhong,Gaoguang,鍾高光,Male,566,NA,cerd,473310
72012,Zhong,Jinghuan,鍾靖寰,Male,1923,1911,cerd,473311
72013,Zhong,Wentao,鍾文滔,Male,1993,1887,cerd,473312
72017,Zhong,Wangrong,鍾望榮,Male,8185,1892,cerd,473313
72020,Zhong,Beichen,鍾北辰,Male,2780,1916,cerd,473314
72022,Zhong,Ruiqing,鍾瑞清,Male,644,NA,cerd,473315
72025,Zhong,Tingdu,鍾廷杜,Male,2780,1900,cerd,473316
72029,Zhong,Wusong,鍾武松,Male,558,1907,cerd,473317
72038,Zhong,Lianrui,鍾璉瑞,Male,8641,1913,cerd,473318
72040,Zhong,Xiushan,鍾秀山,Male,4189,1890,cerd,473320
72044,Zhong,Jingwu,鍾經武,Male,522,1914,cerd,473321
72046,Zhong,Youtang,鍾幼棠,Male,1259,1898,cerd,473322
72059,Zhong,Boqian,鍾伯謙,Male,33811,1881,cerd,473323
72065,Zhong,Yangqi,鍾仰騏,Male,1409,1905,cerd,473324
72072,Zhong,Zuohuang,鍾作黃,Male,10029,1900,cerd,473325
72081,Zhong,Qiurong,鍾秋榮,Male,566,1913,cerd,473326
72083,Zhong,Baoxun,鍾寶珣,Male,8854,NA,cerd,473327
72086,Zhong,Zhaohu,鍾兆琥,Male,8553,1905,cerd,473328
72091,Zhong,Zhaolin,鍾兆琳,Male,8553,1904,cerd,473329
72098,Zhong,Huoling,鍾活齡,Male,3608,1914,cerd,473331
72100,Zhong,Hongqing,鍾洪清,Male,1923,1913,cerd,473332
72102,Zhong,Liheng,鍾禮恒,Male,62,1904,cerd,333547
72106,Zhong,Zefu,鍾澤玞,Male,1227,1905,cerd,473334
72108,Zhong,Hongxun,鍾鴻勳,Male,13846,1907,cerd,473335
72110,Zhong,Yiming,鍾逸銘,Male,3319,1912,cerd,473336
72112,Zhong,Langxuan,鍾朗璇,Male,3608,1913,cerd,473337
72116,Zhong,Daoshu,鍾道樹,Male,3969,1912,cerd,473338
72119,Zhong,Daochang,鍾道錩,Male,5335,1892,cerd,473339
72125,Zhong,Shimo,鍾士模,Male,5335,1912,cerd,473340
72128,Zhong,Jianmeng,鍾嘉孟,Male,7296,1907,cerd,473342
72132,Zhong,Binwen,鍾彬文,Male,1770,NA,cerd,473343
72137,Zhong,Yunjian,鍾蘊健,Male,20133,1911,cerd,473344
72139,Zhong,Baixiang,鍾柏祥,Male,2780,NA,cerd,473345
72141,Zhong,Qizhi,鍾期志,Male,1227,1913,cerd,473346
72143,Zhong,Jingxiu,鍾敬修,Male,1189,1894,cerd,473347
72159,Zhong,Shuqin,鍾書勤,Male,877,NA,cerd,473348
72161,Zhong,Quoguang,鍾國光,Male,1817,1913,cerd,473349
72163,Zhong,Minglu,鍾明魯,Male,4977,1916,cerd,473350
72165,Zhong,Jueshi,鍾覺世,Male,5212,1910,cerd,473351
72168,Zhong,Ximin,鍾熙民,Male,61,1904,cerd,473353
72171,Zhong,Xueliang,鍾學良,Male,449,1916,cerd,473354
72173,Zhong,Kaiyuan,鍾開元,Male,765,1912,cerd,473355
72177,Zhong,Xingjian,鍾興儉,Male,1881,1913,cerd,473356
72180,Zhong,Xingbao,鍾興寶,Male,1881,1912,cerd,473357
72183,Zhong,Xingyi,鍾興義,Male,607,1899,cerd,473358
72188,Zhong,Xingrui,鍾興銳,Male,90,1909,cerd,473359
72191,Zhong,Yuxiang,鍾毓祥,Male,1042,1912,cerd,473360
72193,Zhong,Ducai,鍾篤材,Male,566,NA,cerd,473361
72197,Zhong,Zhuohua,鍾灼華,Male,449,NA,cerd,473362
72200,Chang,Xu,常敍,Unknown,NA,NA,cerd,473364
72201,Chang,Zuolin,常作霖,Unknown,63,NA,cerd,473365
72202,Chang,Zhenyi,常振揖,Unknown,NA,NA,cerd,473366
72205,Yang,Zhi,楊植,Unknown,NA,NA,cerd,473367
72206,Yang,Can,楊燦,Unknown,NA,NA,cerd,473368
72210,Yang,Yijian,楊以儉,Unknown,NA,NA,cerd,473369
72211,Yang,Kesheng,楊克繩,Unknown,NA,NA,cerd,473370
72215,Yang,Bingsan,楊炳三,Unknown,NA,NA,cerd,473371
72218,Yang,Zhousun,楊倬孫,Unknown,NA,NA,cerd,473372
72219,Yang,Guojin,楊國勁,Unknown,NA,NA,cerd,473373
72221,Yang,Chenggui,楊程貴,Unknown,NA,NA,cerd,473376
72224,Yang,Xueshan,楊學山,Unknown,NA,NA,cerd,473377
72229,Yang,Shucheng,楊樹誠,Unknown,NA,NA,cerd,473378
72232,Huang,Ziming,黃子明,Unknown,NA,NA,cerd,473379
72235,Huang,Dashao,黃大韶,Unknown,NA,NA,cerd,473380
72238,Huang,Shitai,黃世泰,Unknown,NA,NA,cerd,473381
72239,Huang,Junyan,黃君炎,Male,NA,NA,cerd,473382
72242,Huang,Fengke,黃奉克,Unknown,NA,NA,cerd,473383
72243,Huang,Zongbin,黃宗斌,Unknown,NA,NA,cerd,473384
72245,Huang,Qidan,黃奇襌,Unknown,NA,NA,cerd,473385
72246,Huang,Buxuan,黃步軒,Unknown,NA,NA,cerd,473387
72250,Huang,Junming,黃俊明,Male,NA,NA,cerd,473388
72252,Huang,Guohua,黃國華,Unknown,NA,NA,cerd,473389
72254,Huang,Bijin,黃碧金,Unknown,NA,NA,cerd,473390
72256,Huang,Duangeng,黃端庚,Unknown,NA,NA,cerd,473391
72258,Huang,Xiande,黃賢德,Male,NA,NA,cerd,473392
72264,Peng,Zhijun,彭直鈞,Unknown,NA,NA,cerd,473393
72267,Peng,Yintang,彭蔭棠,Unknown,NA,NA,cerd,473394
72270,Fu,Huan,傅寰,Unknown,NA,NA,cerd,473395
72271,Shu,Jiuxi,舒九溪,Unknown,NA,NA,cerd,473396
72272,Yu,Zhongji,喻中繼,Unknown,NA,NA,cerd,473398
72273,Wen,Jiqiao,溫繼嘺,Unknown,NA,NA,cerd,473399
72276,Tong,Xianzhang,童憲章,Unknown,NA,NA,cerd,473400
72279,Niu,Zhaowen,鈕兆文,Unknown,NA,NA,cerd,473401
72283,Feng,Aichun,馮藹椿,Unknown,NA,NA,cerd,473402
72285,Cheng,Ying,程譍,Unknown,NA,NA,cerd,473403
72291,Cheng,Kaichu,程開楚,Unknown,NA,NA,cerd,473404
72294,Cheng,Jinghuan,程鏡寰,Unknown,NA,NA,cerd,473405
72301,Ceng,Zhaobin,曾肇彬,Unknown,NA,NA,cerd,473406
72303,Qu,Yuanren,區元任,Unknown,NA,NA,cerd,473407
72306,Ye,Xiufeng,葉秀峯,Unknown,NA,NA,cerd,473409
72309,Ye,Liangfu,葉良輔,Unknown,NA,NA,cerd,473410
72311,Ye,Xugeng,葉緒耕,Unknown,NA,NA,cerd,473411
72312,Jin,Shuyan,靳叔彥,Unknown,NA,NA,cerd,473412
72317,Dong,Xichun,董熙春,Unknown,NA,NA,cerd,473413
72322,Jia,Fuhai,賈福海,Male,NA,NA,cerd,473414
72324,Zou,Weigao,鄒蔚高,Unknown,NA,NA,cerd,473415
72327,Lei,Shihua,雷實華,Unknown,NA,NA,cerd,473416
72332,Xiong,Tianshe,熊天社,Unknown,NA,NA,cerd,473417
72333,Xiong,Bingxin,熊秉信,Unknown,NA,NA,cerd,473418
72335,Li,Shaoji,黎紹基,Unknown,NA,NA,cerd,473420
72337,Li,Lingxing,黎櫺星,Unknown,NA,NA,cerd,473421
72340,Zhe,Baosan,禇保三,Unknown,NA,NA,cerd,473422
72343,Zho,Baoxi,禇保熙,Unknown,NA,NA,cerd,473423
72345,Zhao,Yuanzhen,趙元貞,Unknown,NA,NA,cerd,473424
72349,Zhao,Hesheng,趙禾生,Unknown,NA,NA,cerd,473425
72352,Zhao,Bohua,趙伯華,Unknown,NA,NA,cerd,473426
72355,Zhao,Rouyuan,趙柔遠,Unknown,NA,NA,cerd,473427
72357,Zhao,Yuren,趙欲仁,Unknown,NA,NA,cerd,473428
72358,Zhao,Chaozhen,趙朝珍,Unknown,NA,NA,cerd,473429
72359,Zhao,Huiyuan,趙惠源,Unknown,NA,NA,cerd,473431
72362,Meng,Fu,蒙馥,Unknown,NA,NA,cerd,473432
72365,Zhen,Hongchang,甄鴻暢,Unknown,NA,NA,cerd,473433
72369,Liao,Yan,廖炎,Unknown,NA,NA,cerd,473434
72370,Deng,Bin,鄧彬,Unknown,NA,NA,cerd,473435
72373,Deng,Bohui,鄧伯輝,Unknown,NA,NA,cerd,473436
72375,Deng,Zhanghao,鄧長浩,Unknown,NA,NA,cerd,473437
72377,Liu,Gang,劉剛,Unknown,NA,NA,cerd,473438
72380,Liu,Xin,劉新,Unknown,NA,NA,cerd,473439
72386,Liu,Shicai,劉世才,Unknown,NA,NA,cerd,473440
72387,Liu,Shifu,劉式郛,Unknown,NA,NA,cerd,473442
72389,Liu,Zuoshan,劉作珊,Unknown,NA,NA,cerd,473443
72392,Liu,Jichen,劉季辰,Unknown,NA,NA,cerd,473444
72396,Liu,Juhan,劉居翰,Unknown,NA,NA,cerd,473445
72398,Liu,Shemin,劉社民,Unknown,NA,NA,cerd,473446
72403,Liu,Jingfang,劉經芳,Unknown,NA,NA,cerd,473447
72404,Liu,Yechang,劉業昶,Unknown,NA,NA,cerd,473448
72409,Liu,Hanchu,劉漢初,Unknown,NA,NA,cerd,473449
72411,Liu,Mingshen,劉銘紳,Unknown,NA,NA,cerd,473450
72416,Liu,Xiqing,劉錫慶,Unknown,NA,NA,cerd,473451
72418,Liu,Hongsheng,劉鴻生,Unknown,NA,NA,cerd,473453
72420,Liu,Baoshan,劉寶善,Unknown,NA,NA,cerd,473454
72421,Liu,Baosen,劉寶森,Unknown,NA,NA,cerd,473455
72424,Liu,Baozhang,劉寶璋,Unknown,NA,NA,cerd,473456
72425,Cai,Xiang,蔡翔,Male,NA,NA,cerd,473457
72426,Cai,Zhengcui,蔡正粹,Unknown,NA,NA,cerd,473458
72427,Cai,Hongtong,蔡宏通,Unknown,NA,NA,cerd,473459
72428,Pan,Qizhi,潘企之,Unknown,NA,NA,cerd,473460
72431,Pan,Songyao,潘頌堯,Unknown,NA,NA,cerd,473461
72432,Pan,Zhongwen,潘鍾文,Male,64,1896,cerd,473462
72433,Le,Senxun,樂森璕,Unknown,NA,NA,cerd,473464
72436,Zheng,Dashan,鄭達善,Unknown,NA,NA,cerd,473465
72438,Jiang,Rong,蔣溶,Unknown,NA,NA,cerd,473466
72440,Jiang,Huang,蔣煌,Unknown,NA,NA,cerd,473467
72443,Jiang,Kexian,蔣克賢,Unknown,NA,NA,cerd,473468
72445,Jiang,Jingyi,蔣靜一,Unknown,NA,NA,cerd,473469
72448,Jiang,Linxiang,蔣隣湘,Unknown,NA,NA,cerd,473470
72450,Lu,Haomin,魯好敏,Male,NA,NA,cerd,473471
72452,Fan,Zhongren,樊仲仁,Male,NA,NA,cerd,473472
72454,Lu,Guangji,盧廣績,Unknown,NA,NA,cerd,473473
72455,Lu,Yinheng,盧蔭恒,Unknown,NA,NA,cerd,473475
72458,Lu,Huaiji,盧懷績,Unknown,NA,NA,cerd,473476
72459,Qian,Zhuoru,錢卓儒,Unknown,NA,NA,cerd,473477
72461,Qian,Diankui,錢殿奎,Unknown,NA,NA,cerd,473478
72463,Yan,Chuntai,燕春台,Unknown,NA,NA,cerd,473479
72464,Xue,Dichen,薛迪忱,Unknown,NA,NA,cerd,473480
72466,Xue,Xiaoyong,薛曉庸,Unknown,NA,NA,cerd,473481
72468,Xie,Wuji,謝无忌,Unknown,NA,NA,cerd,473482
72472,Xie,Jigang,謝季剛,Unknown,NA,NA,cerd,473483
72474,Xie,Jiarong,謝家榮,Unknown,NA,NA,cerd,473484
72478,Long,Piyan,龍丕炎,Unknown,NA,NA,cerd,473487
72483,Dai,Boyin,戴博蔭,Unknown,NA,NA,cerd,473488
72484,Dai,Wanjun,戴頑君,Unknown,NA,NA,cerd,473489
72487,Kuang,Yikun,鄺翼堃,Unknown,NA,NA,cerd,473490
72488,Wei,Tun,魏旽,Unknown,NA,NA,cerd,473491
72489,Luo,Ze,羅澤,Unknown,NA,NA,cerd,473492
72490,Luo,Wenbai,羅文柏,Unknown,NA,NA,cerd,473493
72491,Luo,Guanyi,羅貫一,Unknown,NA,NA,cerd,473494
72493,Luo,Shengwu,羅繩武,Unknown,NA,NA,cerd,473495
72495,Luo,Xiaofeng,羅嘯風,Unknown,NA,NA,cerd,473496
72500,Tan,Fei,譚飛,Unknown,NA,NA,cerd,473498
72502,Tan,Boqiang,譚伯强,Unknown,NA,NA,cerd,473499
72505,Tan,Xichou,譚錫疇,Unknown,NA,NA,cerd,473500
72507,Tan,Honghu,譚鴻湖,Unknown,NA,NA,cerd,473501
72512,Yan,Dunhe,嚴敦和,Unknown,NA,NA,cerd,473502
72513,Su,Yongchang,蘇永昌,Unknown,NA,NA,cerd,473503
72515,Su,Mengshou,蘇孟守,Unknown,NA,NA,cerd,473504
72517,Su,Jianxun,蘇建勳,Unknown,NA,NA,cerd,473505
72518,Rao,Shibi,饒世弼,Unknown,NA,NA,cerd,473506
72519,Rao,Zhaoshen,饒昭莘,Unknown,NA,NA,cerd,473507
72523,Xiao,Zhuzhong,蕭柱中,Unknown,NA,NA,cerd,473509
72526,Gu,Zonglin,顧宗林,Unknown,NA,NA,cerd,473510
72527,Gu,Songling,顧松齡,Unknown,NA,NA,cerd,473511
72528,Gu,Zhuoxun,顧卓勛,Unknown,NA,NA,cerd,473512
72529,Gu,Naiyi,顧迺義,Unknown,NA,NA,cerd,473513
72530,Gong,Zhaohe,龔照和,Unknown,NA,NA,cerd,473514
72547,Wang,Tinghua,王廷華,Unknown,NA,NA,cerd,473515
72551,Wang,Guoxun,王國勛,Unknown,NA,NA,cerd,473516
72555,Wang,Shouqi,王壽祺,Unknown,NA,NA,cerd,333200
72559,Wang,Qingshen,王慶莘,Unknown,NA,NA,cerd,473518
72562,Wang,Huaiceng,王懷曾,Unknown,NA,NA,cerd,473520
72571,Zhu,Hongde,朱鴻德,Unknown,NA,NA,cerd,473521
72575,Wu,Xilü,伍希呂,Unknown,NA,NA,cerd,473522
72579,Li,Dashou,李大受,Unknown,NA,NA,cerd,473523
72582,Li,Shijian,李士鑑,Unknown,NA,NA,cerd,473524
72587,Li,Dingbang,李定邦,Unknown,NA,NA,cerd,473525
72589,Li,Dejin,李德晉,Unknown,NA,NA,cerd,473526
72592,Li,Zhao'an,李肇安,Unknown,NA,NA,cerd,473527
72594,Li,Canji,李燦基,Unknown,NA,NA,cerd,473528
72598,Li,Yingnan,李應楠,Unknown,NA,NA,cerd,473529
72601,Wu,Tingye,吳廷業,Unknown,NA,NA,cerd,473531
72612,Shen,Xun,沈珣,Unknown,NA,NA,cerd,473532
72616,Shen,Qi,沈琪,Male,86,1871,cerd,473533
72619,Shen,Chengshi,沈成式,Unknown,NA,NA,cerd,473534
72628,Song,Qiangming,宋鏘鳴,Unknown,NA,NA,cerd,473535
72634,He,Shouxiang,何壽祥,Unknown,NA,NA,cerd,473536
72637,Xin,Yaoxiang,辛耀庠,Unknown,NA,NA,cerd,473537
72643,Zhou,Bingqing,周秉清,Unknown,NA,NA,cerd,473538
72647,Zhou,Diping,周迪評,Unknown,NA,NA,cerd,473539
72653,Shao,Wenrong,邵文鎔,Unknown,NA,NA,cerd,473540
72657,Lin,Chengbo,林澄波,Unknown,NA,NA,cerd,473542
72659,Lin,Shaokai,林紹楷,Unknown,NA,NA,cerd,473543
72669,Shi,Enxi,施恩犠,Male,NA,NA,cerd,473544
72673,Fan,Qiguang,范其光,Unknown,NA,NA,cerd,473545
72677,Yu,Renfeng,俞人鳳,Unknown,NA,NA,cerd,473546
72680,Xu,Ce,徐策,Unknown,NA,NA,cerd,473547
72683,Xu,Wendong,徐文洞,Unknown,NA,NA,cerd,473548
72685,Liang,Yonghuai,梁永槐,Unknown,NA,NA,cerd,473549
72709,Zhou,Maobo,周茂柏,Male,68,1906,cerd,473550
72732,Gao,Xibing,高惜冰,Male,64,1895,cerd,473551
72757,Lin,Tianji,林天驥,Male,74,1899,cerd,7481
72770,Liu,Yinbo,劉蔭茀,Male,68,1890,cerd,332951
72775,Luo,Jialun,羅家倫,Male,62,1896,cerd,179
72799,Tan,Boyu,譚伯羽,Male,67,1901,cerd,192048
72828,Yu,Mingyu,余銘鈺,Male,62,1896,cerd,473554
72842,Tang,Qinglin,唐慶麟,Unknown,NA,NA,cerd,473555
72850,Sun,Qingze,孫慶澤,Unknown,NA,NA,cerd,473556
72858,Rong,Qixun,容琪勳,Unknown,NA,NA,cerd,473557
72864,Wei,Yunyu,韋允裕,Unknown,NA,NA,cerd,473558
72868,Chai,Junchou,柴俊疇,Unknown,NA,NA,cerd,473559
72871,Chen,Shu,陳恕,Unknown,NA,NA,cerd,473560
72876,Chen,Han,陳瀚,Unknown,NA,NA,cerd,473561
72882,Chen,Xilin,陳西林,Unknown,NA,NA,cerd,473562
72885,Chen,Binggan,陳炳乾,Unknown,NA,NA,cerd,473564
72888,Chen,Gengxin,陳更新,Male,NA,NA,cerd,473565
72891,Chen,Zhangtie,陳長鐵,Unknown,NA,NA,cerd,473566
72894,Chen,Zanchen,陳贊臣,Unknown,NA,NA,cerd,473567
72897,Chen,Yixiao,陳翼孝,Unknown,NA,NA,cerd,473568
72901,Zhang,Shi,張實,Unknown,NA,NA,cerd,473569
72906,Zhang,Yi,張毅,Unknown,NA,NA,cerd,473570
72909,Zhang,Baoxi,張保熙,Unknown,NA,NA,cerd,333443
72912,Zhang,Xiangji,張祥基,Male,NA,NA,cerd,473572
72916,Huang,Wenlong,黃文龍,Unknown,NA,NA,cerd,473573
72918,Huang,Hongdao,黃閎道,Unknown,NA,NA,cerd,473575
72920,Huang,Chengying,黃澄瀛,Unknown,NA,NA,cerd,473576
72926,Cao,Huang,曹璜,Unknown,NA,NA,cerd,473577
72930,Cui,Zhaoguang,崔肇光,Male,NA,NA,cerd,473578
72933,Hua,Yupeng,華毓鵬,Unknown,NA,NA,cerd,473579
72936,Ceng,Zimo,曾子模,Unknown,NA,NA,cerd,473580
72939,Feng,Yin,馮蔭,Unknown,NA,NA,cerd,473581
72941,Cheng,Qida,程其達,Unknown,NA,NA,cerd,473582
72950,Wen,Weiqing,溫維清,Unknown,NA,NA,cerd,473583
72953,Wen,Weixiang,溫維湘,Unknown,NA,NA,cerd,473584
72956,Fu,Rui,傅銳,Unknown,NA,NA,cerd,473586
72959,Peng,Daozhong,彭道中,Unknown,NA,NA,cerd,473587
72961,Lao,Zhichang,勞之常,Unknown,NA,NA,cerd,473588
72963,Su,Lifan,肅裡範,Unknown,NA,NA,cerd,473589
72965,Yang,Yancai,楊衍材,Unknown,NA,NA,cerd,473590
72972,Wan,Baoyuan,萬葆元,Unknown,NA,NA,cerd,473591
72977,Wan,Shufang,萬樹芳,Unknown,NA,NA,cerd,473592
72981,Yu,Yu,虞愚,Unknown,NA,NA,cerd,473593
72983,Zou,Dengming,鄒登明,Unknown,NA,NA,cerd,473594
72989,Zhao,Shixuan,趙世瑄,Unknown,NA,NA,cerd,473595
72992,Ye,Ruiguo,葉瑞國,Unknown,NA,NA,cerd,473598
72994,Liao,Zhuohua,廖灼華,Unknown,NA,NA,cerd,473599
72996,Di,Zhaolin,翟兆麟,Male,427,1870,cerd,473600
73003,Liu,Qi,劉錡,Unknown,NA,NA,cerd,473601
73006,Liu,Defang,劉德芳,Unknown,NA,NA,cerd,473602
73011,Zheng,Dahe,鄭大和,Male,NA,NA,cerd,473603
73015,Zheng,Yuyao,鄭裕堯,Unknown,NA,NA,cerd,473604
73018,Wang,Deyuan,王德源,Unknown,NA,NA,cerd,473605
73020,Mao,Qishuang,毛啓爽,Unknown,NA,NA,cerd,473606
73029,Xia,Zhegong,夏哲公,Unknown,NA,NA,cerd,473607
73031,Chen,Zuojun,陳佐鈞,Unknown,NA,NA,cerd,473609
73033,Chen,Enjin,陳恩錦,Unknown,NA,NA,cerd,473610
73037,Qian,Jingwei,錢景偉,Unknown,NA,NA,cerd,473611
73039,Tan,Huixiu,譚慧修,Male,NA,NA,cerd,473612
73041,Wang,Shi,王適,Male,NA,NA,cerd,473613
73044,Zhou,Tongqing,周同慶,Male,NA,NA,cerd,473614
73047,Zhu,Zheng,朱正,Male,NA,NA,cerd,473615
73050,Li,Sifan,李嗣範,Unknown,NA,NA,cerd,473616
73052,Ji,Wenmei,季文美,Unknown,NA,NA,cerd,473617
73054,Jin,Bin,金彬,Unknown,NA,NA,cerd,473618
73057,Xu,Mingzhen,徐明鎮,Unknown,NA,NA,cerd,473620
73060,Chen,Jidan,陳季丹,Unknown,NA,NA,cerd,473621
73062,Fan,Tiesheng,范鐵生,Unknown,NA,NA,cerd,473622
73065,Xia,Pousu,夏婄肅,Unknown,NA,NA,cerd,473623
73068,Zhang,Zhimin,張至敏,Unknown,NA,NA,cerd,473624
73070,Xia,Shaofei,夏少非,Unknown,NA,NA,cerd,473625
73072,Gao,Huairong,高懷蓉,Unknown,NA,NA,cerd,473626
73074,Huang,Xitang,黃席棠,Unknown,NA,NA,cerd,473627
73076,Xu,Dalin,徐大林,Unknown,NA,NA,cerd,473628
73078,Tu,Shanqing,屠善澄,Unknown,NA,NA,cerd,473629
73080,Jiang,Dazong,蔣大宗,Unknown,NA,NA,cerd,473631
73082,Qian,Jiazhi,錢家治,Unknown,NA,NA,cerd,473632
73084,Cao,Huangshan,曹凰山,Unknown,NA,NA,cerd,473633
73086,Cao,Guansun,曹鸛蓀,Unknown,NA,NA,cerd,473634
73088,Yan,Suo,嚴唆,Unknown,NA,NA,cerd,473635
73090,Yang,Yuan,楊淵,Unknown,NA,NA,cerd,473636
73092,Xiao,Erjian,蕭而健,Unknown,NA,NA,cerd,473637
73096,Zhu,Rongxu,朱榮旭,Unknown,NA,NA,cerd,473638
73099,Zhu,Kangnian,朱康年,Unknown,NA,NA,cerd,473639
73101,Li,Hanchao,李漢潮,Unknown,NA,NA,cerd,473640
73103,Li,Deqing,李德慶,Unknown,NA,NA,cerd,473642
73107,Jiang,Weigao,姜為高,Unknown,NA,NA,cerd,473643
73109,Zheng,Jiabin,鄭家斌,Unknown,NA,NA,cerd,473644
73111,Cai,Junjian,蔡彬懿,Unknown,NA,NA,cerd,473645
73114,Wei,Xingwu,衛興武,Unknown,NA,NA,cerd,473646
73119,Xie,Xuetao,謝學濤,Unknown,NA,NA,cerd,473647
73122,Kuang,Sunmou,鄺孫謀,Male,3608,1863,cerd,473648
73125,Sa,Fujun,薩福均,Male,419,1886,cerd,193729
73130,Wang,Renfu,王仁福,Unknown,NA,NA,cerd,473649
73133,Wang,Wenzao,王文藻,Unknown,NA,NA,cerd,473650
73136,Wang,Shiwei,王世煒,Unknown,NA,NA,cerd,473651
73143,Wang,Xiangfu,王祥甫,Unknown,NA,NA,cerd,473653
73147,Wang,Qingluan,王清鑾,Unknown,NA,NA,cerd,473654
73149,Fang,Jiayu,方家瑜,Unknown,NA,NA,cerd,473655
73151,Niu,Siying,牛泗英,Unknown,NA,NA,cerd,473656
73153,Ping,Yonghe,平永和,Unknown,NA,NA,cerd,473657
73157,Gan,Yan,甘炎,Unknown,NA,NA,cerd,473658
73163,Zhu,Dajing,朱大經,Unknown,NA,NA,cerd,473659
73167,Zhu,Liangzuo,朱良佐,Unknown,NA,NA,cerd,473660
73173,Li,Pizhang,李丕章,Unknown,NA,NA,cerd,473661
73175,Li,Kezhao,李可照,Unknown,NA,NA,cerd,473662
73180,Li,Youxiang,李佑庠,Unknown,NA,NA,cerd,473664
73183,Li,Guoquan,李國銓,Unknown,NA,NA,cerd,473665
73187,Li,Fanchang,李藩昌,Unknown,NA,NA,cerd,473666
73192,Li,Yaoluan,李耀鑾,Unknown,1036,1893,cerd,473667
73194,Wu,Ding,吳鼎,Unknown,NA,NA,cerd,473668
73201,Wu,Sidu,吳思度,Unknown,NA,NA,cerd,473669
73205,Wu,Fenglou,吳鳳樓,Unknown,NA,NA,cerd,473670
73210,Shen,Jiakai,沈家楷,Unknown,NA,NA,cerd,473671
73214,Shen,Zuwei,沈祖偉,Male,877,1891,cerd,473672
73221,He,Xiang,何想,Unknown,NA,NA,cerd,473673
73227,He,Baozhang,何寶章,Unknown,NA,NA,cerd,473675
73230,He,Xianhua,何顯華,Unknown,NA,NA,cerd,473676
73233,Xu,Guangxian,徐光顯,Unknown,NA,NA,cerd,473677
73235,Chen,Shiheng,陳士衡,Unknown,67,NA,cerd,473678
73237,Chen,Shugui,陳樹桂,Unknown,NA,NA,cerd,473679
73239,Chen,Yiran,陳溢然,Unknown,NA,NA,cerd,473680
73241,Zhuang,Jizeng,莊繼曾,Unknown,NA,NA,cerd,473681
73243,Zhang,Pengfei,張鵬飛,Unknown,NA,NA,cerd,473682
73245,Lü,Fengbiao,呂逢鑣,Unknown,NA,NA,cerd,473683
73248,Guo,Honghan,郭鴻翰,Unknown,NA,NA,cerd,473684
73250,Yu,Guangchao,余光朝,Unknown,NA,NA,cerd,473686
73251,Dong,Ziliang,董子廉,Unknown,NA,NA,cerd,473687
73257,Gu,Cixiang,顧慈祥,Unknown,NA,NA,cerd,473688
73259,Du,Jiazhen,杜嘉珍,Unknown,NA,NA,cerd,473689
73261,Zhuo,Zhifang,卓植芳,Unknown,NA,NA,cerd,473690
73264,Fan,Ningshou,范寧壽,Unknown,NA,NA,cerd,473691
73266,Sun,Zongyi,孫宗義,Unknown,NA,NA,cerd,473692
73268,Chen,Kun,陳鯤,Unknown,NA,NA,cerd,473693
73270,Chen,Baohe,陳保和,Unknown,NA,NA,cerd,473694
73272,Hua,Shouyi,華壽頤,Unknown,NA,NA,cerd,473695
73274,Yin,Zhuhua,殷鑄華,Unknown,NA,NA,cerd,473697
73276,Shen,Jianan,沈家楠,Unknown,NA,NA,cerd,473698
73280,Shen,Pinhou,沈聘侯,Unknown,NA,NA,cerd,473699
73282,Wang,Yongnian,汪永年,Unknown,NA,NA,cerd,473700
73287,Yao,Xikang,姚錫康,Unknown,NA,NA,cerd,473701
73292,Guan,Deguang,管德光,Unknown,NA,NA,cerd,473702
73301,Sun,Hongjun,孫鴻鈞,Unknown,NA,NA,cerd,473703
73308,Zhou,Dixun,周迪訓,Unknown,NA,NA,cerd,473704
73316,Shao,Congshen,邵從燊,Unknown,NA,NA,cerd,473705
73322,Lin,Baoyuan,林保元,Unknown,1079,1895,cerd,473706
73326,Meng,Yongsheng,孟永聲,Unknown,NA,NA,cerd,473709
73328,Hu,Hengji,胡亨吉,Unknown,NA,NA,cerd,473710
73331,Hu,Guifen,胡桂芬,Unknown,NA,NA,cerd,473711
73337,Yao,Shikai,姚士海,Unknown,NA,NA,cerd,473712
73343,Xu,Pin,徐頻,Unknown,NA,NA,cerd,473713
73347,Liang,Qiang,梁强,Unknown,NA,NA,cerd,473714
73351,Liang,Hui,梁惠,Unknown,NA,NA,cerd,473715
73356,Liang,Rudi,梁汝棣,Unknown,NA,NA,cerd,473716
73361,Liang,Qiying,梁啟英,Unknown,NA,NA,cerd,473717
73364,Liang,Zhenhua,梁振華,Unknown,590,1883,cerd,473718
73374,Sun,Qingqiu,孫慶球,Unknown,1993,1880,cerd,473720
73377,Sun,Yishun,孫翼舜,Unknown,NA,NA,cerd,473721
73380,Yuan,Zhenying,袁振英,Unknown,NA,NA,cerd,473722
73387,Chen,Shen,陳侁,Unknown,NA,NA,cerd,473723
73392,Pang,Zongmin,龐宗敏,Unknown,NA,NA,cerd,473724
73396,Wang,Fanglin,王芳林,Unknown,NA,NA,cerd,473725
73398,Wang,Tongchun,王桐春,Unknown,NA,NA,cerd,473726
73402,Fang,Zezhou,方澤周,Unknown,NA,NA,cerd,473727
73404,Ren,Muxian,任慕賢,Unknown,NA,NA,cerd,473728
73407,Zhu,Shanghua,朱尙華,Unknown,NA,NA,cerd,473729
73410,Shen,Huilong,沈惠龍,Unknown,NA,NA,cerd,473731
73414,Wu,Pixun,吳丕勛,Unknown,NA,NA,cerd,473732
73416,Shi,Junwen,施俊文,Unknown,NA,NA,cerd,473733
73418,Xia,Deqing,夏德清,Unknown,NA,NA,cerd,473734
73420,Feng,Bangliang,馮邦樑,Unknown,NA,NA,cerd,473735
73422,Chen,Weiyan,陳偉燕,Unknown,NA,NA,cerd,473736
73425,Chen,Yang,陳揚,Unknown,NA,NA,cerd,473737
73428,Chen,Ruxiang,陳汝湘,Unknown,NA,NA,cerd,473738
73431,Chen,Guanqun,陳冠羣,Unknown,NA,NA,cerd,473739
73434,Chen,Hougao,陳厚高,Unknown,877,1885,cerd,473740
73441,Chen,Yupei,陳毓培,Unknown,NA,NA,cerd,473742
73444,Xi,Fusheng,奚福生,Unknown,NA,NA,cerd,473743
73446,Qi,Konghuai,戚孔懷,Unknown,NA,NA,cerd,473744
73449,Ji,Hongxun,紀鴻訓,Unknown,NA,NA,cerd,473745
73452,Zhang,Ying,張瑛,Unknown,NA,NA,cerd,473746
73455,Zhang,Kuiyun,張奎運,Unknown,NA,NA,cerd,473747
73458,Zhang,Shiyao,張世耀,Unknown,NA,NA,cerd,473748
73462,Huang,Kui,黃奎,Unknown,NA,NA,cerd,473749
73468,Huang,Fuqian,黃富謙,Unknown,NA,NA,cerd,473750
73472,Guo,Hongwen,郭鴻文,Unknown,NA,NA,cerd,473751
73476,Qu,Woxin,區沃信,Unknown,NA,NA,cerd,473753
73477,Cheng,Shijun,程式峻,Male,NA,NA,cerd,473754
73480,Wen,Wenwei,温文緯,Unknown,NA,NA,cerd,473755
73484,Fu,Xuecong,傅學叢,Unknown,NA,NA,cerd,473756
73489,Yang,Benshi,楊本适,Unknown,NA,NA,cerd,473757
73492,Yang,Jinyao,楊金鑰,Unknown,NA,NA,cerd,473758
73495,Yang,Guoju,楊國鉅,Unknown,NA,NA,cerd,473759
73497,Yang,Yan'en,楊衍恩,Unknown,NA,NA,cerd,473760
73500,Wan,Xuan,萬選,Unknown,NA,NA,cerd,473761
73506,Xu,Baochu,緒保初,Unknown,NA,NA,cerd,473762
73509,Zou,Zhenfan,鄒鎮藩,Unknown,NA,NA,cerd,473764
73512,Zhao,Zhongfu,趙鍾滏,Unknown,NA,NA,cerd,473765
73515,Ye,Zhitang,葉植棠,Unknown,NA,NA,cerd,473766
73519,Qi,Yintang,齊蔭棠,Unknown,NA,NA,cerd,473767
73523,Liu,Jiajun,劉家俊,Male,NA,NA,cerd,473768
73527,Liu,Xiexun,劉爕勳,Unknown,NA,NA,cerd,473769
73531,Zheng,Chengjian,鄭呈簡,Unknown,NA,NA,cerd,473770
73535,Cai,Jun,蔡均,Unknown,NA,NA,cerd,473771
73538,Li,Guangyun,黎光筠,Unknown,NA,NA,cerd,473772
73542,Pan,Guoguang,潘國光,Unknown,NA,NA,cerd,473773
73546,Pan,Shiyi,潘世義,Unknown,NA,NA,cerd,473775
73550,Qian,Qicheng,錢啟承,Unknown,NA,NA,cerd,473776
73553,Qian,Baocong,錢寶琮,Unknown,NA,NA,cerd,473777
73556,Mu,Linglang,穆苓閬,Unknown,NA,NA,cerd,473778
73565,Kuang,Gongli,鄺公立,Unknown,NA,NA,cerd,473779
73570,Tan,Yongnian,譚永年,Unknown,NA,NA,cerd,473780
73571,Luo,Gengyang,羅賡颺,Unknown,NA,NA,cerd,473781
73579,Gu,Xiong,顧雄,Unknown,NA,1893,cerd,473782
73585,Gong,Baoren,龔寶仁,Unknown,NA,NA,cerd,473783
73590,Ouyang,Ying,歐陽瀠,Male,NA,NA,cerd,473784
73598,Wang,Yujun,王毓鈞,Unknown,NA,NA,cerd,473786
73605,Wang,Yinping,王蔭平,Unknown,1079,1899,cerd,473787
73609,Wang,Hongkui,王鴻逵,Unknown,NA,NA,cerd,473788
73611,Wang,Shouqi,王壽褀,Unknown,NA,NA,cerd,473789
73615,Ren,Daojun,任道鈞,Unknown,NA,NA,cerd,473790
73621,Li,Duanshi,李端士,Unknown,NA,NA,cerd,473791
73625,Li,Huaxiang,李華薌,Unknown,NA,NA,cerd,473792
73628,Wu,Chengding,吳承鼎,Unknown,NA,NA,cerd,473793
73630,Wu,Enhan,吳恩瀚,Unknown,NA,NA,cerd,473794
73631,Wu,Jingkun,吳景鵾,Unknown,NA,NA,cerd,473795
73633,Wang,Yingchu,汪應蜍,Unknown,NA,NA,cerd,473797
73638,Song,Yuan,宋沅,Unknown,NA,NA,cerd,473798
73643,Zhou,Ao,周翱,Male,60,1896,cerd,473799
73648,Zhou,Dingyuan,周鼎元,Unknown,NA,NA,cerd,473800
73650,Sun,Rong,孫榮,Unknown,NA,NA,cerd,473801
73652,Mei,Zhihong,梅之紅,Unknown,NA,NA,cerd,473802
73654,Yang,Hengcai,楊姮彩,Unknown,NA,NA,cerd,473803
73656,Pan,Ziyi,潘自怡,Unknown,NA,NA,cerd,473804
73658,Han,Jinhai,韓錦海,Unknown,NA,NA,cerd,473805
73660,Dai,Changding,戴昌鼎,Unknown,NA,NA,cerd,473806
73664,Ceng,Yuanzhang,曾源長,Unknown,NA,NA,cerd,473808
73666,Dong,Jinyuan,董錦垣,Unknown,NA,NA,cerd,473809
73668,Zhang,Xiaoxiang,張效祥,Unknown,NA,NA,cerd,473810
73670,Ding,Jie,丁傑,Unknown,NA,NA,cerd,473811
73673,Wang,Da,王達,Unknown,NA,NA,cerd,473812
73675,Tian,Zhihe,田致和,Unknown,NA,NA,cerd,473813
73677,Zhu,Renda,朱仁達,Unknown,NA,NA,cerd,473814
73679,Yi,Yinliang,易寅亮,Unknown,NA,NA,cerd,473815
73682,Li,Fengxian,李鳳賢,Unknown,NA,NA,cerd,473816
73684,Zhuang,Bingren,莊秉仁,Unknown,NA,NA,cerd,473817
73686,Ni,Zongyi,倪宗貽,Unknown,NA,NA,cerd,473820
73689,Lu,Cengyuan,陸曾元,Unknown,NA,NA,cerd,473821
73691,Hong,Ruiyi,洪瑞揖,Unknown,NA,NA,cerd,473822
73693,Chen,Kegong,陳克恭,Unknown,NA,NA,cerd,473823
73695,Zhou,Xizhi,周錫祉,Unknown,NA,NA,cerd,473824
73697,Sun,Dongchen,孫棟臣,Unknown,NA,NA,cerd,473825
73699,Lin,Guodong,林國棟,Unknown,NA,NA,cerd,473826
73700,Ge,Jiasheng,葛家聲,Unknown,NA,NA,cerd,473827
73708,Hu,Hongze,胡鴻澤,Unknown,NA,NA,cerd,473828
73709,Lu,Hongxun,陸鴻勛,Unknown,NA,NA,cerd,473829
73715,Yao,Wenwei,姚文蔚,Unknown,NA,NA,cerd,473831
73717,Jiang,Fengshu,姜鳯書,Unknown,NA,NA,cerd,473832
73719,Xie,Shixin,謝世馨,Unknown,NA,NA,cerd,473833
73724,Fan,Cenghan,范曾瀚,Male,NA,NA,cerd,473834
73726,Yu,Ziming,俞子明,Unknown,NA,NA,cerd,473835
73735,Tong,Shihuang,童世璜,Unknown,NA,NA,cerd,473836
73737,Yu,Siyuan,俞思源,Unknown,NA,NA,cerd,473837
73743,Xu,Minghe,徐鳴鶴,Unknown,NA,NA,cerd,473838
73746,Xu,Hongyi,徐鴻翊,Unknown,NA,NA,cerd,473839
73766,Gao,Wenbo,高文伯,Unknown,NA,NA,cerd,473840
73769,Liang,Jin,梁勁,Unknown,NA,NA,cerd,473842
73774,Tang,Zhao,唐釗,Unknown,NA,NA,cerd,473843
73777,Sun,Liting,孫立廷,Unknown,NA,NA,cerd,473844
73779,Sun,Xingnong,孫杏濃,Unknown,NA,NA,cerd,473845
73781,Ma,Kuiying,馬奎英,Unknown,NA,NA,cerd,473846
73784,Yan,Shaoyu,晏紹與,Unknown,NA,NA,cerd,473847
73789,Lu,Chao,陸超,Unknown,NA,NA,cerd,473848
73792,Chen,Shaofen,陳紹棻,Unknown,NA,NA,cerd,473849
73795,Chen,Baorong,陳寶榮,Unknown,NA,NA,cerd,473850
73800,Xi,Yulan,奚毓蘭,Unknown,NA,NA,cerd,473851
73805,Zhang,Chengyi,張承怡,Unknown,NA,NA,cerd,473853
73808,Zhang,Guowei,張國偉,Unknown,NA,NA,cerd,473854
73813,Huang,Liyuan,黃禮垣,Unknown,NA,NA,cerd,473855
73818,Xu,Wei,許偉,Unknown,NA,NA,cerd,473856
73822,Cao,Wanhe,曹萬鶴,Unknown,NA,NA,cerd,473857
73823,Guo,Longxiang,郭龍驤,Unknown,NA,NA,cerd,473858
73826,Zhang,Tianduo,章天鐸,Unknown,NA,NA,cerd,473859
73830,Ceng,Hong,曾鴻,Unknown,NA,NA,cerd,473860
73835,Cheng,Lida,程立達,Unknown,NA,NA,cerd,473861
73839,Yun,Bingyan,惲丙炎,Unknown,965,1884,cerd,473862
73843,Tang,Yuntai,湯雲臺,Unknown,NA,NA,cerd,473864
73846,Ning,Peng,甯鵬,Unknown,NA,NA,cerd,473865
73848,Yang,Shilian,楊士廉,Unknown,NA,NA,cerd,473866
73851,Zou,Guoji,鄒國基,Unknown,NA,NA,cerd,473867
73855,Zhao,Zhongjin,趙忠瑾,Unknown,NA,NA,cerd,473868
73859,Liu,Shengde,劉盛德,Unknown,NA,NA,cerd,473869
73863,Zheng,Yaoguang,鄭曜光,Unknown,NA,NA,cerd,473870
73865,Zheng,Zekai,鄭澤塏,Unknown,NA,NA,cerd,473871
73868,Pan,Yongtang,潘詠棠,Unknown,NA,NA,cerd,473872
73871,Lu,Yuanju,盧元駒,Unknown,NA,NA,cerd,473873
73875,Huo,Qingrong,霍慶榮,Unknown,NA,NA,cerd,473875
73879,Dai,Shoupeng,戴壽彭,Unknown,NA,NA,cerd,473876
73881,Xiao,Mian,蕭勉,Unknown,NA,NA,cerd,473877
73886,Luo,Shiyi,羅世翼,Unknown,NA,NA,cerd,473878
73890,Wang,Weiwen,王蔚文,Unknown,NA,NA,cerd,473879
73896,Mao,Qihuan,毛啟寰,Unknown,NA,NA,cerd,473880
73902,Li,Chongdian,李崇典,Unknown,NA,NA,cerd,473881
73905,Shen,Kun,沈琨,Unknown,NA,NA,cerd,473882
73910,Ma,Tingxu,馬廷緒,Unknown,NA,NA,cerd,473883
73915,Yang,Bingdian,楊炳典,Unknown,NA,NA,cerd,473884
73919,Jiang,Gonghui,蔣公惠,Unknown,NA,NA,cerd,473886
73926,Yu,Kuanyong,俞寬鏞,Unknown,NA,NA,cerd,473887
73953,Cao,Yonglu,曹永祿,Unknown,NA,NA,cerd,473888
73955,Zhang,Zengyuan,張增垣,Unknown,NA,NA,cerd,473889
73957,Li,Qingxiang,李慶祥,Unknown,NA,NA,cerd,473890
73960,Li,Qinghua,李慶華,Unknown,NA,NA,cerd,473891
73962,Zhou,Zhaoxiong,周兆熊,Unknown,NA,NA,cerd,473892
73964,Chen,Bogeng,陳伯耕,Unknown,NA,NA,cerd,473893
73967,Chen,Shitu,陳士土,Unknown,NA,NA,cerd,473894
73970,Su,Zushu,蘇祖書,Unknown,NA,NA,cerd,473895
73973,Su,Zuguo,蘇祖國,Unknown,NA,NA,cerd,473897
73980,Zhang,Oufang,張藕舫,Unknown,NA,NA,cerd,473898
73982,Jia,Mingjin,賈銘金,Unknown,NA,NA,cerd,473899
73984,Qian,Qishi,錢啓時,Unknown,NA,NA,cerd,473900
73986,Li,Renzai,李軔哉,Unknown,NA,NA,cerd,473901
73992,Yu,Baixiang,俞百祥,Unknown,NA,NA,cerd,473902
73996,Ding,Zuochen,丁佐臣,Unknown,NA,NA,cerd,473903
74007,Yin,Zhongrong,尹仲容,Unknown,NA,NA,cerd,473904
74008,Ruan,Baochuan,阮寶傳,Unknown,NA,NA,cerd,473905
74020,Wu,Dishun,吳迪順,Unknown,NA,NA,cerd,473906
74024,Wu,Shenyi,吳沈釔,Unknown,NA,NA,cerd,473908
74027,Zhu,Yicheng,朱一成,Unknown,NA,NA,cerd,473909
74028,Zhu,Songling,朱松齡,Unknown,NA,NA,cerd,473910
74031,Hu,Xiyuan,胡西園,Unknown,NA,NA,cerd,473911
74036,Zhou,Zhenmin,周振民,Unknown,NA,NA,cerd,473912
74039,Hang,Bingkun,杭炳坤,Unknown,NA,NA,cerd,473913
74043,Hua,Weizhong,華衛中,Unknown,NA,NA,cerd,473914
74048,Chen,Guangxie,陳廣燮,Unknown,NA,NA,cerd,473915
74050,Chen,Yulin,陳育麟,Unknown,NA,NA,cerd,473916
74052,Hong,Rong,洪鎔,Unknown,NA,NA,cerd,473917
74054,Sun,Wenyao,孫文耀,Unknown,NA,NA,cerd,333122
74059,Shou,Fengbiao,首鳳標,Unknown,NA,NA,cerd,473920
74065,Chen,Fuxi,陳福習,Unknown,NA,NA,cerd,473921
74072,Niu,Xiaoxian,鈕孝賢,Unknown,NA,NA,cerd,473922
74075,Yang,Quan,楊銓,Unknown,NA,NA,cerd,473923
74079,Yang,Qian,楊鶱,Unknown,NA,NA,cerd,473924
74082,Yang,Shunkui,楊舜夔,Unknown,NA,NA,cerd,473925
74086,Dong,Fuqing,董甫青,Unknown,NA,NA,cerd,473926
74089,Liu,Dao,劉導,Unknown,NA,NA,cerd,473927
74093,Guan,Yaochi,關耀池,Unknown,NA,NA,cerd,473928
74097,Tian,Guo,田國,Unknown,NA,NA,cerd,473932
74100,He,Enzhao,何恩昭,Unknown,NA,NA,cerd,473933
74102,Zhou,Zuren,周祖仁,Unknown,NA,NA,cerd,473934
74105,Xu,Wanqing,徐萬清,Unknown,NA,NA,cerd,473935
74111,Yu,Yudong,喻毓東,Unknown,NA,NA,cerd,473936
74113,Zhao,Gun,趙袞,Unknown,NA,NA,cerd,473937
74117,Deng,Tuyun,鄧土韞,Unknown,NA,NA,cerd,473938
74119,Guan,Yaoji,關耀基,Unknown,NA,NA,cerd,473939
74121,Qian,Zhilai,錢智來,Unknown,NA,NA,cerd,473940
74124,Wang,Songxian,王頌賢,Unknown,NA,NA,cerd,473941
74127,Zhou,Jiayi,周家義,Unknown,NA,NA,cerd,473943
74129,Hu,Jiceng,胡繼曾,Unknown,NA,NA,cerd,473944
74137,Fan,Jing'an,范靜安,Unknown,NA,NA,cerd,473945
74143,Chen,Dingbao,陳定保,Unknown,NA,NA,cerd,473946
74146,Zhang,Dachun,張大椿,Unknown,NA,NA,cerd,473947
74152,Huang,Zengming,黃曾銘,Unknown,NA,NA,cerd,473948
74156,Fei,Xiangde,費相德,Unknown,NA,NA,cerd,473949
74161,Li,Jishen,李汲深,Unknown,NA,NA,cerd,473950
74165,Li,Shiluo,李師洛,Unknown,NA,NA,cerd,473951
74170,Jin,Youshu,金猷澍,Unknown,NA,NA,cerd,473952
74176,Jiang,Yuan,蔣元,Unknown,NA,NA,cerd,473954
74181,Hu,Zhuangyou,胡壯猷,Unknown,NA,NA,cerd,473955
74185,Di,Saiwen,翟賽文,Unknown,NA,NA,cerd,473956
74189,Yan,Enxie,嚴恩械,Unknown,NA,NA,cerd,473957
74193,Li,Yishun,李義順,Unknown,NA,NA,cerd,473958
74197,Cai,Guobao,蔡國葆,Unknown,NA,NA,cerd,473959
74199,Xie,Zuokai,謝作楷,Unknown,74,NA,cerd,473960
74204,Gu,Zhenquan,顧振權,Unknown,NA,NA,cerd,473961
74207,Ouyang,Yi,歐陽沂,Unknown,NA,NA,cerd,473962
74209,Wang,Guang,王光,Unknown,1072,1875,cerd,473963
74213,Hu,Renyuan,胡仁源,Unknown,NA,NA,cerd,473965
74217,Zhang,Zhu,張鑄,Unknown,NA,NA,cerd,473966
74220,Wei,Guoyuan,衞國垣,Unknown,NA,NA,cerd,473967
74223,Liu,Jiaju,劉家駒,Unknown,NA,NA,cerd,473968
74226,Yao,Guanshun,姚觀順,Unknown,NA,NA,cerd,473969
74230,Lu,Xianhuang,陸顯璜,Unknown,NA,NA,cerd,473970
74234,Chen,Huang,陳榥,Unknown,NA,NA,cerd,473971
74237,Chen,Chuanhu,陳傳瑚,Unknown,NA,NA,cerd,332750
74242,Yan,Zhiyi,嚴智怡,Unknown,NA,NA,cerd,473973
74245,Li,Shoutong,李壽浵,Unknown,NA,NA,cerd,473974
74250,Lu,Tongshu,陸同書,Unknown,NA,NA,cerd,473976
74253,Pan,Zuxin,潘祖馨,Unknown,NA,NA,cerd,473977
74256,Wang,Jiabin,王家斌,Unknown,NA,NA,cerd,473978
74259,Jin,Xi,金銑,Unknown,NA,NA,cerd,473979
74262,Ni,Mengzhang,倪孟長,Unknown,NA,NA,cerd,473980
74265,Xu,Bingxi,許炳熙,Unknown,NA,NA,cerd,473981
74268,Wang,Runzhen,王潤貞,Unknown,NA,NA,cerd,473982
74270,Shui,Junshao,水鈞韶,Unknown,NA,NA,cerd,473983
74272,He,Ruizhang,何瑞章,Unknown,NA,NA,cerd,473984
74273,Jin,Danian,金大年,Unknown,NA,NA,cerd,473985
74274,Jin,Gongshou,金恭壽,Unknown,NA,NA,cerd,473987
74276,Hu,Jingqing,胡靖清,Unknown,NA,NA,cerd,473988
74278,Xu,Shizhang,徐世章,Unknown,NA,NA,cerd,192740
74282,Xu,Tingjue,徐廷爵,Unknown,NA,NA,cerd,473990
74284,Chen,Chenglie,陳承烈,Unknown,NA,NA,cerd,473991
74289,Chen,Binglun,陳炳崙,Unknown,NA,NA,cerd,473992
74290,Huang,Zanxi,黃贊熙,Unknown,NA,NA,cerd,473993
74292,Zhang,Zongyuan,章宗元,Unknown,NA,NA,cerd,473994
74293,Fu,Dingsheng,符鼎升,Unknown,NA,NA,cerd,473995
74296,Ceng,Kunhua,曾鯤化,Unknown,NA,NA,cerd,473996
74298,Zhang,Jian,張謇,Unknown,NA,NA,cerd,473998
74300,Wu,Zhongzhen,鄔忠楨,Unknown,NA,NA,cerd,473999
74303,Ye,Gongchuo,葉恭綽,Unknown,NA,NA,cerd,474000
74305,Zhao,Jinhua,趙錦華,Unknown,NA,NA,cerd,474001
74310,Guan,He,管鶴,Unknown,NA,NA,cerd,474002
74311,Liu,Chengzhi,劉成志,Unknown,NA,NA,cerd,474003
74314,Zheng,Wenqi,鄭文祺,Unknown,NA,NA,cerd,474004
74315,Zheng,Hongnian,鄭洪年,Unknown,NA,NA,cerd,474005
74317,Cai,Liangdong,蔡良棟,Unknown,NA,NA,cerd,474006
74321,Xie,E,謝鍔,Unknown,NA,NA,cerd,474007
74324,Ou,Gengxiang,歐賡祥,Unknown,NA,NA,cerd,474009
74325,Guan,Genglin,關賡麟,Male,NA,NA,cerd,474010
74327,Quan,Liang,權量,Unknown,NA,NA,cerd,474011
74334,Zhang,Daqiang,張大強,Unknown,NA,NA,cerd,474012
74339,Zhang,Yutong,張遇通,Unknown,NA,NA,cerd,474013
74344,Tong,Jitong,童季通,Unknown,NA,NA,cerd,474014
74347,Cheng,Boqun,程伯羣,Unknown,NA,NA,cerd,474015
74351,Huang,Dao,黃道,Unknown,NA,NA,cerd,474016
74355,Dong,Aide,董愛德,Unknown,NA,NA,cerd,474017
74453,Xie,Gongwei,謝公威,Unknown,NA,NA,cerd,474018
74456,Dai,Shizeng,戴式曾,Unknown,NA,NA,cerd,474020
74457,Su,Zuxiu,蘇祖修,Unknown,NA,NA,cerd,474021
74462,Lan,Zhangxia,藍章夏,Unknown,NA,NA,cerd,474022
74465,Tao,Fengshan,陶鳯山,Unknown,NA,NA,cerd,474023
74495,Zhang,Xinglang,張星琅,Male,12042,1887,cerd,474024
74511,Zhang,Feiran,張斐然,Male,70,1895,cerd,366835
74519,Chang,Zonghui,常宗會,Male,11472,1898,cerd,474025
74555,Jin,Shaoji,金紹基,Male,1272,1886,cerd,474026
74589,Jiang,Shunde,江順德,Male,7746,1880,cerd,474027
74625,Zhu,Maocheng,朱懋澄,Male,49589,1895,cerd,371406
74646,Zhu,Yaoting,朱耀廷,Male,1643,1895,cerd,474028
74680,Fu,Bingchang,傅秉常,Male,3608,1895,cerd,474029
74832,Gao,Bingzhong,高柄中,Male,81,1882,cerd,474031
74840,Gu,Zaishan,顧在埏,Male,1664,1894,cerd,474032
74901,Lao,Jingan,勞儆安,Male,877,1893,cerd,474033
74938,Liang,Ruhao,梁如浩,Male,74,1860,cerd,193049
74955,Liang,Lieya,梁烈亞,Male,34412,1897,cerd,474034
74982,Wang,Boping,王柏平,Unknown,NA,NA,cerd,474035
74988,Zhuang,Zuyan,莊祖炎,Unknown,NA,NA,cerd,474036
74995,Li,Jiqing,李季清,Unknown,NA,NA,cerd,474037
74998,Shen,Peien,沈沛恩,Unknown,NA,NA,cerd,474038
75006,Duan,Jun,段鈞,Unknown,NA,NA,cerd,474039
75009,Mao,Yuyue,茅於越,Unknown,NA,NA,cerd,474040
75014,Huang,Tiansheng,黃天生,Unknown,NA,NA,cerd,474043
75020,Ye,Luxiang,葉鹿祥,Unknown,NA,NA,cerd,474044
75023,Pan,Zi,潘梓,Unknown,NA,NA,cerd,474045
75031,Liao,Shijing,廖世靜,Unknown,NA,NA,cerd,474046
75033,Long,Yanyi,龍燕詒,Unknown,NA,NA,cerd,474047
75040,Hu,Quanfa,胡全法,Unknown,NA,NA,cerd,474048
75043,Hou,Shijie,侯世杰,Unknown,NA,NA,cerd,474049
75046,Zhang,Yingzhong,張應中,Unknown,NA,NA,cerd,474050
75049,Cai,Changlin,蔡長林,Unknown,NA,NA,cerd,474051
75051,Cai,Xuelin,蔡學林,Unknown,NA,NA,cerd,474052
75053,Lin,Yunfang,林允方,Male,350,1891,cerd,474054
75087,Liu,Jin,劉晉,Male,877,1885,cerd,474055
75120,Wang,Fushi,王輔世,Unknown,NA,NA,cerd,474056
75124,Huang,Fufan,皇甫蘩,Unknown,NA,NA,cerd,474057
75126,Sun,Keming,孫克銘,Unknown,NA,NA,cerd,474058
75129,Weng,Kairun,翁開潤,Unknown,NA,NA,cerd,474059
75131,Xie,Peihe,謝佩和,Unknown,NA,NA,cerd,474060
75134,Pan,Yi,潘毅,Unknown,NA,NA,cerd,474061
75136,Zhu,Jianming,朱鑑明,Unknown,NA,NA,cerd,474062
75138,Wu,Lunyuan,吳掄元,Unknown,NA,NA,cerd,474063
75140,Liu,Shuqi,劉樹杞,Male,1487,1894,cerd,8145
75169,Ge,Guoxing,葛果行,Unknown,NA,NA,cerd,474065
75171,Cai,Binping,蔡斌平,Unknown,NA,NA,cerd,474066
75173,Zheng,Zhuyuan,鄭鑄源,Unknown,NA,NA,cerd,474067
75175,Gong,Jiong,龔坰,Unknown,NA,NA,cerd,474068
75178,Tian,Junchuan,田濬川,Unknown,NA,NA,cerd,474069
75182,Zhang,Zhihao,張志浩,Unknown,NA,NA,cerd,474070
75185,Lun,Yunxiang,倫允襄,Male,350,1884,cerd,474071
75214,Ma,Boliang,馬伯良,Male,419,1889,cerd,474072
75249,Ding,Pangong,丁泮功,Male,903,1920,cerd,474073
75251,Ding,Songnian,丁松年,Male,1113,1922,cerd,474074
75252,Ding,Qingyuan,丁慶元,Male,2985,1912,cerd,474076
75253,Yu,Niansheng,于年生,Male,2985,1914,cerd,474077
75255,Yu,Guobao,于國寶,Male,1100,1919,cerd,474078
75256,Wang,Daxiong,王大雄,Male,NA,NA,cerd,474079
75258,Wang,Shijie,王士傑,Male,75259,1908,cerd,474080
75260,Wang,Wenjie,王文傑,Male,NA,1916,cerd,474081
75261,Wang,Lifu,王立富,Male,965,1919,cerd,474082
75262,Wang,Shouheng,王守恆,Male,1079,1912,cerd,73110
75263,Wang,Zuozai,王作再,Male,562,1916,cerd,474083
75264,Wang,Zongdan,王宗旦,Male,NA,1915,cerd,474084
75266,Wang,Junsan,王俊三,Male,1113,1916,cerd,474085
75271,Wang,Yizhi,王逸之,Male,1779,1898,cerd,474087
75276,Wang,Dancheng,王單成,Male,1079,1906,cerd,474088
75277,Wang,Yizhong,王義鍾,Male,1079,1907,cerd,474089
75278,Wang,Rongji,王榮季,Male,807,1914,cerd,474090
75285,Wang,Demin,王德民,Male,2985,1908,cerd,474091
75286,Wang,Shuheng,王樹衡,Male,3133,1912,cerd,474092
75287,Wang,Hongsheng,王鴻生,Male,1113,1914,cerd,474093
75289,Wang,Shuangfei,王雙飛,Male,935,1914,cerd,474094
75304,Shen,Dexie,沈德夑,Male,419,1895,cerd,70745
75331,Shen,Weixin,沈維新,Male,1736,1875,cerd,474095
75362,Tang,Zaili,唐在禮,Male,877,1882,cerd,474096
75377,Cai,Guangxun,蔡光勛,Male,877,1889,cerd,474098
75468,Wang,Xianzhang,王顯章,Male,8251,1919,cerd,474099
75469,Fang,Nairong,方乃容,Male,1618,NA,cerd,474100
75470,You,Yunwen,尤允文,Male,877,1914,cerd,474101
75472,Ge,Dingya,戈定亞,Male,7398,1920,cerd,474102
75474,Mao,Jingde,毛景德,Male,1079,1916,cerd,474103
75475,Mao,Xirong,毛錫榮,Male,2443,1920,cerd,474104
75477,Shen,Lifu,申立甫,Male,1079,1917,cerd,474105
75478,Ping,Linbo,平麟伯,Male,1604,1915,cerd,474106
75480,Yin,Yuetan,印月潭,Male,11516,1906,cerd,474107
75481,Bao,Shuchuan,包述傳,Male,1161,1914,cerd,474109
75482,Zhu,Wenjin,朱文錦,Male,1544,1913,cerd,474110
75483,Zhu,Keren,朱可人,Male,2542,1907,cerd,474111
75484,Zhu,Ruxian,朱汝賢,Male,2443,1914,cerd,474112
75486,Zhu,Junxiong,朱俊雄,Male,1113,1911,cerd,474113
75487,Zhu,Zengqia,朱曾洽,Male,NA,NA,cerd,474114
75488,Zhu,Binzhao,朱斌釗,Male,1664,1898,cerd,474115
75489,Zhu,Xinwu,朱新吾,Male,2443,1922,cerd,474116
75490,He,Renchun,何仁春,Male,965,1917,cerd,474117
75491,Wu,Zhaowen,吾兆文,Male,NA,NA,cerd,474118
75492,Yu,Jin'an,余晉安,Male,1161,1916,cerd,474120
75495,Song,Fenghui,宋鳳輝,Male,1189,1914,cerd,474121
75496,Shen,Dao,沈道,Male,3133,1920,cerd,474122
75497,Shen,Jing,沈璟,Male,782,NA,cerd,474123
75498,Shen,Zhiyi,沈之義,Male,1305,1916,cerd,474124
75499,Shen,Wenbin,沈文彬,Male,909,1904,cerd,474125
75500,Shen,Mingyang,沈名揚,Male,1113,1914,cerd,474126
75501,He,Gao,何杲,Unknown,NA,NA,cerd,474127
75504,Guan,Zhijie,官知節,Unknown,NA,NA,cerd,474128
75506,Huang,Yingchun,黃應春,Unknown,NA,NA,cerd,474129
75508,Zheng,Meilian,鄭美𤪼,Unknown,NA,NA,cerd,474131
75512,Meng,Xiqian,孟希潛,Unknown,NA,NA,cerd,474132
75514,Jin,Xianzao,金賢藻,Unknown,NA,NA,cerd,474133
75516,Xu,Anlin,徐安琳,Unknown,NA,NA,cerd,474134
75518,Sun,Renqi,孫仁琦,Unknown,NA,NA,cerd,474135
75520,Zhang,Yunlin,張允林,Unknown,NA,NA,cerd,474136
75522,Zhang,Kenan,張可南,Unknown,NA,NA,cerd,474137
75524,Guo,Wenzhao,郭文昭,Unknown,NA,NA,cerd,474138
75527,Yan,Xueyi,嚴雪怡,Unknown,NA,NA,cerd,474139
75529,Wang,Jingyi,汪經義,Unknown,NA,NA,cerd,474140
75533,Lin,Weidun,林維敦,Unknown,NA,NA,cerd,474142
75535,Hu,Minggui,胡名桂,Unknown,NA,NA,cerd,474143
75538,Fan,Xinbi,范新弼,Unknown,NA,NA,cerd,474144
75540,Xu,Zhangben,徐章本,Unknown,NA,NA,cerd,474145
75542,Bi,Shaofen,畢紹芬,Unknown,NA,NA,cerd,474146
75544,Sun,Yueyin,孫月英,Unknown,NA,NA,cerd,474147
75547,Gao,Zhizu,高植祖,Unknown,NA,NA,cerd,474148
75551,Shen,Xiangyao,沈祥耀,Male,1161,1911,cerd,474149
75552,Shen,Dairen,沈戴仁,Male,765,1916,cerd,474150
75553,Wu,Dading,吳大鼎,Male,1079,1912,cerd,474151
75555,Guan,Zhizong,管致中,Unknown,NA,NA,cerd,474154
75559,Qiu,Yizhong,裘益鐘,Unknown,NA,NA,cerd,474155
75560,Wu,Zhiqi,吳芝琦,Male,877,1915,cerd,474156
75563,Wu,Peiyong,吳佩勇,Male,1079,1917,cerd,474157
75566,Wu,Kaimin,吳凱民,Male,1817,1905,cerd,474158
75568,Wang,Xianyao,王顯耀,Unknown,NA,NA,cerd,474159
75570,Wu,Jingzao,吳經藻,Male,1079,1914,cerd,474160
75571,Li,Naizheng,李乃徵,Male,877,1913,cerd,474161
75572,Peng,Jingyi,彭精一,Unknown,NA,NA,cerd,474162
75573,Li,Naizheng,李乃錚,Male,2780,1916,cerd,474163
75575,Li,Shiqing,李世清,Male,2114,1906,cerd,16996
75576,Sun,Wenhai,孫文海,Unknown,NA,NA,cerd,474165
75577,Li,Zhongji,李仲紀,Male,1189,1906,cerd,474166
75579,Li,Jinzhang,李金章,Male,9646,1917,cerd,474167
75580,Li,Tairan,李泰然,Male,1618,1914,cerd,474168
75581,Li,Zhifan,李植範,Male,1161,1918,cerd,474169
75582,Li,Chengzhong,李誠忠,Male,562,1919,cerd,474170
75583,Wang,Bochang,汪伯昌,Male,1161,1919,cerd,474171
75584,Wang,Zhangquan,汪長泉,Male,1748,1895,cerd,474172
75585,Wang,Huileng,汪慧楞,Male,1079,1908,cerd,474173
75586,Qiu,Hongzhi,邱洪植,Male,1113,1918,cerd,474174
75587,Qiu,Zeming,邱澤銘,Male,1113,1920,cerd,474176
75588,Lin,Tianyou,林天佑,Male,4553,1915,cerd,474177
75589,Fu,Binglin,府炳麟,Male,1079,1912,cerd,474178
75590,Shao,Zhongying,邵仲英,Male,1079,1891,cerd,474179
75591,Shao,Guorui,邵國銳,Male,6617,1909,cerd,474180
75592,Zhou,Changgeng,周長庚,Male,496,1915,cerd,474181
75593,Zhou,Bingjun,周秉鈞,Male,782,1919,cerd,474182
75594,Zhou,Houde,周厚德,Male,1903,1917,cerd,474183
75596,Zhou,Shihong,周師鴻,Male,1305,1906,cerd,474184
75597,Zhou,Jiajun,周家駿,Male,877,1907,cerd,474185
75598,Zhou,Jiren,周繼仁,Male,1636,1921,cerd,474187
75599,Xiang,Zaimei,香在梅,Male,1817,1915,cerd,474188
75601,Mao,Zujin,茅祖枃,Male,562,1913,cerd,474189
75602,Shi,Yiyong,是貽永,Male,965,1913,cerd,474190
75603,Hong,Fazu,洪法祖,Male,1305,1902,cerd,474191
75604,Hu,Xinchang,胡心長,Male,1305,1914,cerd,474192
75605,Hu,Nanzhou,胡南洲,Male,1305,1911,cerd,474193
75606,Hu,Jiading,胡家鼎,Male,20814,1915,cerd,474194
75607,Hu,Jingqing,胡景清,Male,782,1912,cerd,474195
75608,Hu,Yaozong,胡耀宗,Male,1016,1906,cerd,474196
75609,Yu,Dajun,俞大鈞,Male,1079,1907,cerd,474198
75610,Yu,Shirong,俞士榮,Male,1113,1920,cerd,474199
75611,Yu,Zhichao,俞志超,Male,909,1907,cerd,474200
75612,Yu,Zhiqin,俞芝琴,Male,1079,1916,cerd,474201
75613,Yu,Shangqi,俞尚琦,Male,6090,1912,cerd,474202
75614,Yu,Jinhai,俞金海,Male,1161,1914,cerd,474203
75615,Yu,Peijun,俞培鈞,Male,1664,1918,cerd,474204
75616,Yu,Weichen,俞微晨,Male,2985,1915,cerd,474205
75617,Hou,Tianle,侯天樂,Male,1664,1918,cerd,474206
75618,Hou,Qingsheng,侯慶生,Male,2443,1911,cerd,474207
75619,Ma,Wengui,馬文貴,Male,1079,1916,cerd,474209
75620,Ma,Shihui,馬世輝,Male,877,1912,cerd,474210
75622,Ma,Tingzhen,馬廷鎮,Male,909,1913,cerd,474211
75624,Ma,Fuyu,馬福畬,Male,909,1917,cerd,474212
75625,Ma,Yubao,馬毓葆,Male,877,1897,cerd,474213
75680,Luo,Zaide,羅在德,Unknown,NA,NA,cerd,474214
75682,Lu,Qimin,陸起民,Unknown,NA,NA,cerd,474215
75686,Cao,Shougong,曹守恭,Unknown,NA,NA,cerd,474216
75693,Zhang,Shende,章慎德,Unknown,NA,NA,cerd,474217
75695,Lu,Heshou,陸鶴壽,Unknown,NA,NA,cerd,474218
75700,Ding,Zuwang,丁祖望,Unknown,NA,NA,cerd,474220
75704,Ke,Shiji,柯士吉,Unknown,NA,NA,cerd,474221
75706,Liang,Jinwen,梁錦文,Unknown,NA,NA,cerd,474222
75721,Wen,Yingxing,溫應星,Male,13846,1887,cerd,192698
75754,Wu,Shaoceng,吳紹曾,Male,2790,1896,cerd,9301
75777,Xi,Xingsun,奚杏蓀,Male,1016,1917,cerd,474223
75778,Ling,Yankang,凌延康,Male,1113,1914,cerd,474224
75779,Yin,Yunqing,殷雲青,Male,1079,NA,cerd,474225
75780,Ni,Puren,倪僕人,Male,1079,NA,cerd,474226
75782,Tang,Wenyi,唐文儀,Male,1736,1919,cerd,474227
75783,Tang,Junqian,唐鈞千,Male,1664,1918,cerd,474228
75784,Xia,Shaoji,夏紹基,Male,1664,1919,cerd,474229
75785,Sun,Xi,孫熙,Male,1113,1915,cerd,474231
75786,Sun,Zuguo,孫祖國,Male,2985,NA,cerd,474232
75787,Sun,Yansheng,孫燕生,Male,1227,1915,cerd,474233
75788,Sun,Baokang,孫寶康,Male,765,1913,cerd,474234
75789,Sun,Baojian,孫寶鑑,Male,2985,1909,cerd,474235
75790,Yuan,Zihan,袁子涵,Male,1100,1915,cerd,474236
75791,Yuan,Shi'an,袁石安,Male,1256,1894,cerd,474237
75792,Yuan,Guangxi,袁光熙,Male,1079,1919,cerd,474238
75793,Yuan,Ersu,袁爾蘇,Male,562,1914,cerd,474239
75794,Xu,Wende,徐文德,Male,965,1906,cerd,474240
75796,Xu,Mengjin,徐孟瑾,Male,965,1915,cerd,474242
75797,Xu,Shiye,徐是也,Male,562,1890,cerd,474243
75798,Xu,Jiaxiang,徐家驤,Male,3133,1914,cerd,474244
75799,Xu,Yinchang,徐寅昌,Male,1664,1914,cerd,474245
75800,Xu,Ruiyun,徐瑞雲,Male,1664,1915,cerd,474246
75801,Xu,Lanqing,徐蘭卿,Male,1664,1898,cerd,474247
75802,Cui,Gongchao,崔功超,Male,1736,1913,cerd,474248
75803,Liang,Hongen,梁鴻恩,Unknown,NA,NA,cerd,474249
75805,Lu,Xiaowei,陸孝威,Unknown,NA,NA,cerd,474250
75808,Tao,Zuomin,陶作民,Unknown,NA,NA,cerd,474251
75810,Chen,Jianhan,陳堅漢,Unknown,NA,NA,cerd,474253
75812,Chen,Licheng,陳禮盛,Unknown,NA,NA,cerd,474254
75814,You,Shanliang,游善良,Unknown,NA,NA,cerd,474255
75816,Ye,Liangzuo,葉良佐,Unknown,NA,NA,cerd,474256
75819,Liu,Ji,劉驥,Unknown,NA,NA,cerd,474257
75824,Deng,Zhicheng,鄧志成,Unknown,NA,NA,cerd,474258
75826,Lu,Wei,盧偉,Unknown,3966,1899,cerd,474259
75829,Fang,Boquan,方博泉,Unknown,1120,1885,cerd,369764
75831,Shen,Zhiqing,沈穉清,Unknown,NA,NA,cerd,474260
75833,Li,Renjie,李任節,Unknown,NA,NA,cerd,474261
75836,Li,Liangchen,李良琛,Unknown,NA,NA,cerd,474262
75838,Yu,Kaiji,余開吉,Unknown,NA,NA,cerd,474265
75840,Hu,Xiaoming,胡銷明,Unknown,NA,NA,cerd,474266
75843,Chang,Guoxia,常國瑕,Male,2985,1906,cerd,474267
75844,Cao,Junhui,曹峻輝,Male,877,1919,cerd,474268
75845,Cao,Yaonan,曹耀南,Male,562,1914,cerd,474269
75846,Xu,Tingyu,許廷鈺,Male,NA,NA,cerd,474270
75847,Xu,Zhenxiang,許振祥,Male,909,1882,cerd,474271
75848,Zhang,Yuwen,章郁文,Male,62,1918,cerd,474272
75849,Zhang,Zewen,章則汶,Male,909,1911,cerd,474273
75850,Zhang,Yuncheng,章雲丞,Male,909,1905,cerd,474274
75851,Zhang,Jingxiang,章景祥,Male,1113,1919,cerd,474276
75852,Zhang,Xionggui,章雄規,Male,1113,1915,cerd,474277
75853,Zhang,Daonian,章道年,Male,877,1921,cerd,474278
75854,Lu,Yukun,陸玉堃,Male,1016,1916,cerd,474279
75855,Lu,Junfu,陸君福,Male,1016,1905,cerd,474280
75856,Lu,Yingshi,陸英士,Male,1113,1917,cerd,474281
75857,Lu,Zhenxiang,陸振祥,Male,877,1897,cerd,474282
75858,Lu,Shaode,陸紹德,Male,1664,1918,cerd,474283
75859,Lu,Busen,陸補森,Male,1664,1901,cerd,474284
75860,Lu,Runjin,陸潤金,Male,NA,NA,cerd,474285
75862,Zhang,Sheng,張聲,Male,1016,1920,cerd,474287
75863,Zhang,Ziyu,張子瑜,Male,1079,NA,cerd,474288
75864,Zhang,Shoumei,張守梅,Male,1256,1917,cerd,474289
75865,Zhang,Zunshi,張遵時,Male,965,1906,cerd,474290
75866,Zhang,Peicang,張佩蒼,Male,1664,1898,cerd,474291
75868,Zhang,Xingcha,張星槎,Male,1409,1896,cerd,474292
75869,Zhang,Jinyu,張晉玉,Male,765,1897,cerd,474293
75870,Zhang,Zhenlun,張振倫,Male,1664,1917,cerd,474294
75871,Zhang,Shitang,張師棠,Male,999,1918,cerd,474295
75872,Zhang,Guipan,張桂攀,Male,1993,1912,cerd,474296
75873,Yang,Huayan,楊華燕,Male,12053,1890,cerd,474298
75939,Yu,Jichuan,余籍傳,Male,590,1896,cerd,474299
75952,Huo,Baoshu,霍寶樹,Male,3608,1900,cerd,474300
75962,Liu,Yiyan,劉貽燕,Male,6090,1886,cerd,400850
75976,Hu,Jiazhao,胡嘉詔,Male,16624,1884,cerd,474301
76018,Jin,Xianzeng,晉顯曾,Unknown,NA,NA,cerd,474302
76020,Zhang,Jiahao,張家浩,Unknown,NA,NA,cerd,474303
76021,Zhang,Chenyou,張晨牖,Male,NA,NA,cerd,474304
76022,Zhang,Qingui,張欽圭,Male,1079,1904,cerd,474305
76024,Zhang,Ousheng,張藕生,Male,1664,1914,cerd,474306
76025,Zhang,Yuying,張育英,Unknown,NA,NA,cerd,474307
76027,Zhang,Baoxian,張寶賢,Male,17451,1905,cerd,474309
76028,Zhang,Yunqiao,張韻樵,Male,877,1914,cerd,474310
76029,Ling,Shijun,凌適均,Unknown,NA,NA,cerd,474311
76031,Tang,Wenzhong,唐文忠,Unknown,NA,NA,cerd,474312
76033,Fei,Xiulan,費修蘭,Unknown,NA,NA,cerd,474313
76035,Chen,Yan,陳炎,Male,NA,NA,cerd,474314
76036,Lei,Zhifu,雷蟄夫,Unknown,NA,NA,cerd,474315
76038,Yang,Xiaozhong,楊孝忠,Unknown,NA,NA,cerd,474316
76040,Zhao,Lingying,趙令瑩,Unknown,NA,NA,cerd,474317
76042,Chen,Wenbiao,陳文彪,Male,950,1916,cerd,474318
76043,Lou,Weiqiu,樓惟秋,Unknown,NA,NA,cerd,474320
76047,Chen,Ruhong,陳如洪,Male,903,1907,cerd,474321
76048,Chen,Shouze,陳守澤,Male,1189,1903,cerd,474322
76049,Chen,Xiaocun,陳孝存,Male,2985,1915,cerd,474323
76050,Chen,Jigang,陳汲剛,Male,2542,1911,cerd,474324
76051,Chen,Tinghua,陳廷華,Male,1618,1915,cerd,474325
76053,Qian,Zhongchao,錢仲超,Unknown,NA,NA,cerd,474326
76055,Xie,Shihong,謝世弘,Unknown,NA,NA,cerd,474327
76057,Luo,Jiaquan,羅家銓,Unknown,NA,NA,cerd,474328
76060,Wang,Kaimou,王愷謀,Unknown,NA,NA,cerd,474329
76062,Shen,Yike,沈一可,Unknown,NA,NA,cerd,474331
76065,He,Shangtong,何尚同,Unknown,NA,NA,cerd,474332
76069,Zhou,Zhaoxuan,周肇選,Unknown,NA,NA,cerd,474333
76072,Zhang,Tiexi,張鐵西,Unknown,NA,NA,cerd,474334
76074,Zhang,Chengyue,張盛鉞,Unknown,NA,NA,cerd,474335
76076,Chen,Guozhang,陳國璋,Unknown,NA,NA,cerd,474336
76078,Chen,Jingwu,陳經武,Unknown,NA,NA,cerd,474337
76081,Tong,Xianlie,童顯烈,Unknown,NA,NA,cerd,474338
76083,Fu,Yili,傅宜理,Unknown,NA,NA,cerd,474339
76085,Yang,Qiyuan,楊啓元,Unknown,NA,NA,cerd,474340
76088,Zhao,Wangchu,趙旺初,Unknown,NA,NA,cerd,474342
76091,Liu,Jingwei,劉經緯,Unknown,NA,NA,cerd,474343
76093,Xiao,Fuyun,蕭福運,Unknown,NA,NA,cerd,474344
76095,Gu,Yulun,顧瑜綸,Unknown,NA,NA,cerd,474345
76098,Wang,Yi,汪易,Unknown,NA,NA,cerd,474346
76102,Zhang,Guangyi,張光懿,Unknown,NA,NA,cerd,474347
76104,Chen,Gengfu,陳耕甫,Male,2625,1906,cerd,474348
76105,Chen,Jiazhen,陳家振,Male,909,1914,cerd,474349
76106,Chen,Weisun,陳渭孫,Male,1664,1910,cerd,474350
76107,Chen,Shunlong,陳順龍,Male,2146,1916,cerd,474351
76108,Chen,Yugui,陳虞貴,Male,28962,1918,cerd,474353
76109,Chen,Songmei,陳誦梅,Male,903,1921,cerd,474354
76110,Chen,Baoping,陳寶平,Male,1016,1920,cerd,474355
76111,Chen,Cangsheng,陳藏生,Male,1664,1915,cerd,474356
76112,Feng,Liansheng,馮連生,Male,1664,1923,cerd,474357
76113,Shu,Zhaosheng,舒昭聖,Male,NA,NA,cerd,474358
76114,Fu,Nanshan,傅南山,Male,877,NA,cerd,474359
76115,Cheng,Guohua,程國華,Male,NA,NA,cerd,474360
76116,Hua,Yipeng,華一鵬,Male,1664,1911,cerd,474361
76117,Hua,Weidian,華巍甸,Male,1664,1923,cerd,474362
76118,Hua,Weishu,華巍書,Male,1664,1920,cerd,474364
76120,Peng,Qianji,彭謙吉,Unknown,NA,NA,cerd,474365
76124,Liu,Kaiyun,劉開運,Unknown,NA,NA,cerd,474366
76126,Li,Dingheng,黎定衡,Unknown,NA,NA,cerd,474367
76128,Xie,Chunde,謝純德,Unknown,NA,NA,cerd,474368
76131,Gan,Shiquan,甘石泉,Unknown,NA,NA,cerd,474369
76134,He,Wengjiao,何文蛟,Unknown,NA,NA,cerd,474370
76136,Jin,Biaojun,金標俊,Unknown,NA,NA,cerd,474371
76138,Tang,Maoguan,唐懋官,Unknown,NA,NA,cerd,474372
76140,Zhang,Sufu,張素茀,Unknown,NA,NA,cerd,474373
76144,Huang,Shiming,黃石銘,Unknown,NA,NA,cerd,474376
76146,Ye,Xunfang,葉荀芳,Unknown,NA,NA,cerd,474377
76148,Yu,Jiazhen,余家鎮,Unknown,NA,NA,cerd,474378
76150,Chen,Yingjin,陳應晉,Unknown,NA,NA,cerd,474379
76152,Feng,Huabao,馮華保,Unknown,NA,NA,cerd,474380
76156,He,Sheng,賀繩,Unknown,NA,NA,cerd,474381
76159,Zhu,Changyi,朱昌鎰,Unknown,NA,NA,cerd,474382
76163,Zhu,Mumei,朱木美,Unknown,NA,NA,cerd,474383
76167,Zhou,Keding,周克定,Unknown,NA,NA,cerd,474384
76170,Gao,Junling,高峻嶺,Unknown,NA,NA,cerd,474385
76174,Yu,Daxian,俞大先,Unknown,NA,NA,cerd,474387
76177,Liu,Shaojun,劉紹峻,Unknown,NA,NA,cerd,474388
76179,Huang,Zuhuai,黃祖懷,Male,877,1914,cerd,474389
76182,Huang,Xinguo,黃馨國,Male,NA,NA,cerd,474390
76183,Zeng,Guanyi,曾貫一,Male,NA,1916,cerd,474391
76185,Feng,Shiji,馮時揖,Unknown,NA,NA,cerd,474392
76187,Wu,Shenhu,鄔申鵠,Male,NA,NA,cerd,474393
76188,Yu,Yidao,虞以道,Male,1664,1915,cerd,474394
76189,Wan,Benyun,萬本韻,Male,1161,1909,cerd,474395
76191,Da,Guoxu,達國煦,Male,4802,1901,cerd,474396
76193,Guo,Yayan,過雅言,Male,1664,1909,cerd,474398
76196,Bao,Jing,包憬,Unknown,NA,NA,cerd,474399
76198,Ge,Shenxiu,葛慎修,Male,76195,1904,cerd,474400
76199,Liu,Hongkang,劉宏康,Unknown,NA,NA,cerd,474401
76202,Zou,Keyi,鄒克毅,Male,965,1917,cerd,474402
76203,Wang,Shouji,王守基,Unknown,NA,NA,cerd,474403
76205,Zou,Qichang,鄒其昌,Male,965,1921,cerd,474404
76206,Yang,Li'ai,楊立艾,Male,2443,1920,cerd,474405
76207,Tian,Yenong,田野農,Unknown,NA,NA,cerd,474406
76210,Yang,Wenjie,楊文傑,Male,1079,1912,cerd,474407
76211,Song,Pizhe,宋丕哲,Unknown,NA,NA,cerd,474409
76212,Yang,Jingu,楊錦谷,Male,877,1922,cerd,474410
76214,Zhao,Xinzhang,趙心章,Male,1161,1904,cerd,474411
76215,Le,Xiuchang,樂秀昌,Male,2146,1906,cerd,474412
76216,Xiong,Chengyun,熊承運,Male,27921,1920,cerd,474413
76217,Lu,Ruhua,魯汝華,Male,1016,1921,cerd,474414
76218,Tan,Xiqing,談錫卿,Male,877,1921,cerd,474415
76219,Zhu,Shangyi,諸尚一,Male,877,1913,cerd,474416
76220,Zhu,Chuqing,諸楚卿,Male,877,1897,cerd,474417
76221,Jiang,Rongmei,蔣榮楣,Male,NA,NA,cerd,474418
76222,Jiang,De'an,蔣德安,Male,1016,1911,cerd,474420
76223,Jiang,Guanghai,蔣廣海,Male,1079,1920,cerd,474421
76224,Cai,Jiezhong,蔡介忠,Male,15471,1903,cerd,474422
76225,Cai,Boqin,蔡伯琴,Male,14276,1912,cerd,474423
76226,Cai,Genfu,蔡根福,Male,877,1918,cerd,474424
76227,Li,Yunzhong,李允中,Unknown,NA,NA,cerd,474425
76229,Shen,Dongjian,沈棟堅,Unknown,NA,NA,cerd,474426
76232,Ao,Mingsong,敖明松,Unknown,NA,NA,cerd,474427
76234,Chen,Liangzan,陳良贊,Unknown,NA,NA,cerd,474428
76236,Chen,Haiming,陳海鳴,Unknown,NA,NA,cerd,474429
76238,Ma,Yixu,馬貽緒,Unknown,NA,NA,cerd,474431
76240,Yang,Yuan,楊沅,Unknown,NA,NA,cerd,474432
76242,Yang,Jingsan,楊景三,Unknown,NA,NA,cerd,474433
76244,Chang,Zengrui,暢增銳,Unknown,NA,NA,cerd,474434
76246,Guan,Yucai,管毓才,Unknown,NA,NA,cerd,474435
76250,Zhao,Naiqian,趙乃騫,Unknown,NA,NA,cerd,474436
76252,Liu,Zhengfang,劉正方,Unknown,NA,NA,cerd,474437
76254,Liu,Shouxiao,劉守孝,Unknown,NA,NA,cerd,474438
76256,Liu,Dehe,劉德和,Unknown,NA,NA,cerd,474439
76258,Xie,Jun,謝鈞,Unknown,NA,NA,cerd,474440
76260,Yan,Zhaofeng,嚴兆豐,Unknown,NA,NA,cerd,474442
76262,Wang,Yi,王毅,Unknown,NA,NA,cerd,474443
76266,Yuan,Yaoxian,元耀先,Unknown,NA,NA,cerd,474444
76269,Du,Jingyin,杜竟因,Unknown,NA,NA,cerd,474445
76272,Miao,Shengrui,苗生瑞,Unknown,NA,NA,cerd,474446
76275,Chi,Xiangqi,郗祥麒,Unknown,NA,NA,cerd,474447
76277,Xu,Liming,徐立名,Unknown,NA,NA,cerd,474448
76279,Gao,Xiaozheng,高孝徵,Unknown,NA,NA,cerd,474449
76281,Chen,Peichong,陳佩崇,Unknown,NA,NA,cerd,474450
76284,Jiao,Shangren,焦尚仁,Unknown,NA,NA,cerd,474451
76286,Cheng,Dayu,程大宇,Unknown,NA,NA,cerd,474453
76291,Zhang,Shuhui,張淑蕙,Unknown,NA,NA,cerd,474454
76294,Liu,Yongyi,劉詠宜,Unknown,NA,NA,cerd,474455
76296,Xie,Guangquan,謝光泉,Unknown,NA,NA,cerd,474456
76301,Zhu,Yanai,朱延藹,Unknown,NA,NA,cerd,474457
76307,Zhang,Yuren,張裕仁,Unknown,NA,NA,cerd,474458
76310,Pan,Zhongwen,潘仲文,Unknown,NA,NA,cerd,474459
76318,Weng,Kaiming,翁愷明,Unknown,NA,NA,cerd,474460
76320,Xu,Xueyong,徐學鏞,Unknown,NA,NA,cerd,474461
76322,Chen,Deyu,陳德裕,Unknown,NA,NA,cerd,474462
76328,Wu,Zuguang,吳祖光,Unknown,NA,NA,cerd,474464
76338,Zheng,Yongkang,鄭永康,Male,877,1916,cerd,474465
76339,Zheng,Yunye,鄭允業,Male,1941,1920,cerd,474466
76340,Zheng,Zhenshun,鄭振順,Male,1941,1919,cerd,474467
76341,Pan,Hongxiang,潘宏祥,Male,1113,1917,cerd,474468
76342,Pan,Bingxing,潘炳興,Male,NA,NA,cerd,474469
76343,Pan,Juanzhong,潘雋仲,Male,9592,1918,cerd,474470
76344,Pan,Yichang,潘貽昌,Male,965,1917,cerd,474471
76345,Liu,Shenti,劉申悌,Male,NA,NA,cerd,474472
76346,Liu,Zhaoxiang,劉兆祥,Male,NA,NA,cerd,474473
76347,Liu,Ceyu,劉策余,Male,1993,1913,cerd,474475
76348,Liu,Chunsen,劉椿森,Male,807,1916,cerd,474476
76349,Deng,Hongzhao,鄧宏釗,Male,2539,1917,cerd,474477
76350,Deng,Yunqing,鄧雲卿,Male,1664,1912,cerd,474478
76351,Qian,Zhichao,錢志超,Male,NA,NA,cerd,474479
76352,Wei,Xun,衛勳,Male,1161,1919,cerd,474480
76353,Song,Anlan,宋安瀾,Unknown,NA,NA,cerd,474481
76357,Ye,Xianwu,葉顯梧,Unknown,NA,NA,cerd,474482
76360,Lou,Yanli,樓彥釐,Unknown,NA,NA,cerd,474483
76367,Chen,Baochuan,陳寶傳,Unknown,NA,NA,cerd,474484
76376,Liu,Kuiru,劉奎儒,Unknown,NA,NA,cerd,474487
76380,Sui,Jingyi,隋經義,Unknown,NA,NA,cerd,474488
76386,Shen,Shuwei,沈述緯,Unknown,NA,NA,cerd,474489
76388,Xu,Zhengfang,徐正方,Unknown,NA,NA,cerd,474490
76390,Huang,Hui,黃輝,Unknown,NA,NA,cerd,474491
76392,Qian,Liang,錢良,Unknown,NA,NA,cerd,474492
76394,Cheng,Xutong,程緒同,Unknown,NA,NA,cerd,474493
76396,Wang,Meihua,王梅華,Unknown,NA,NA,cerd,474494
76400,Zhu,Guilan,朱規蘭,Unknown,NA,NA,cerd,474495
76402,Du,Zhen,杜震,Unknown,NA,NA,cerd,474496
76405,Chen,Yukai,陳玉開,Unknown,NA,NA,cerd,474498
76409,Huang,Shoushi,黃守時,Unknown,NA,NA,cerd,474499
76414,Chen,Houfeng,陳厚封,Unknown,NA,NA,cerd,474500
76422,Lin,Bozhong,林柏中,Unknown,NA,NA,cerd,474501
76426,Ren,Songfan,任松藩,Unknown,NA,NA,cerd,474502
76429,Xu,Xihao,徐晰毫,Unknown,NA,NA,cerd,474503
76432,Li,Wenguang,李文光,Unknown,NA,NA,cerd,474504
76437,Chen,Yao,陳垚,Unknown,NA,NA,cerd,474505
76441,Chen,Guangqing,陳光清,Unknown,NA,NA,cerd,474506
76443,Luo,Sheng,羅生,Unknown,NA,NA,cerd,474507
76445,Li,Yongxiong,李永雄,Unknown,NA,NA,cerd,474509
76449,Du,Desan,杜德三,Unknown,NA,NA,cerd,474510
76453,He,Bingxian,賀秉賢,Unknown,NA,NA,cerd,474511
76459,Hao,Shouqian,郝守謙,Unknown,NA,NA,cerd,474512
76462,Li,Mingreng,李明礽,Unknown,NA,NA,cerd,474513
76464,Zhou,Shixia,周時遐,Unknown,NA,NA,cerd,474514
76468,Gao,Shuangqiu,高爽秋,Unknown,NA,NA,cerd,474515
76470,Xu,Fuheng,徐福亨,Unknown,NA,NA,cerd,474516
76472,Cheng,Yunzhen,程韞真,Unknown,NA,NA,cerd,474517
76475,Jiang,Dezheng,蔣德政,Unknown,NA,NA,cerd,474518
76478,Tang,Ang,唐昂,Unknown,NA,NA,cerd,474520
76481,Lu,Yitong,盧亦桐,Male,903,1915,cerd,474521
76482,Lu,Fuqiu,盧福球,Male,NA,NA,cerd,474522
76483,Ying,Yuanzai,應元栽,Male,1161,1909,cerd,474523
76484,Miao,Yongrun,繆永潤,Male,807,1911,cerd,474524
76485,Miao,Qingchen,繆慶臣,Male,1016,1896,cerd,474525
76486,Xie,Haoming,謝浩明,Male,1016,1912,cerd,474526
76487,Xie,Xiqi,謝錫祺,Male,1664,1916,cerd,474527
76488,Dai,Baosheng,戴寶生,Male,NA,NA,cerd,474528
76489,Dai,Baocheng,戴寶誠,Male,4297,1904,cerd,474529
76490,Xue,Zhibin,薛之斌,Male,965,1914,cerd,474531
76492,Xue,Linbao,薛林寶,Male,1016,1915,cerd,474532
76493,Xue,Hongsheng,薛鴻陞,Male,1016,1915,cerd,474533
76494,Que,Pingzhi,闕萍沚,Male,1079,1896,cerd,474534
76496,Chen,Zefeng,陳澤鳳,Unknown,NA,NA,cerd,474535
76498,Wang,Sijian,王思鑑,Unknown,NA,NA,cerd,474536
76500,Chi,Huayu,池化魚,Unknown,NA,NA,cerd,474537
76505,Wang,Binghua,王炳華,Unknown,NA,NA,cerd,474538
76507,Liu,Yingti,柳映堤,Unknown,NA,NA,cerd,474539
76509,Ma,Caihong,馬彩虹,Unknown,NA,NA,cerd,474540
76514,Wang,Wenbao,王文寶,Unknown,NA,NA,cerd,474542
76516,Wang,Junhua,王君華,Unknown,NA,NA,cerd,474543
76517,Wang,Tingliang,王庭樑,Unknown,NA,NA,cerd,474544
76518,Mao,Hougao,毛厚高,Unknown,NA,NA,cerd,474545
76519,Bian,Xuezeng,卞學曾,Unknown,NA,NA,cerd,474546
76520,Zuo,Kai,左嵦,Unknown,NA,NA,cerd,474547
76521,Shen,Changrong,沈長榮,Unknown,NA,NA,cerd,474548
76522,Du,Xiyu,杜錫鈺,Unknown,NA,NA,cerd,474549
76523,Wu,Fuchu,吳馥楚,Unknown,NA,NA,cerd,474550
76524,He,Qingfeng,何慶豐,Unknown,NA,NA,cerd,474551
76525,Jin,Kegang,金克剛,Unknown,NA,NA,cerd,474553
76526,Zan,Baocheng,昝寶澄,Unknown,NA,NA,cerd,474554
76528,Ma,Dongchao,馬東超,Unknown,NA,NA,cerd,474555
76529,Liang,Jiafa,梁嘉發,Unknown,NA,NA,cerd,474556
76530,Gao,Chuanfen,高傳芬,Unknown,NA,NA,cerd,474557
76531,Chen,Jingtai,陳景泰,Unknown,NA,NA,cerd,474558
76532,Zhang,Shugen,張樹根,Unknown,NA,NA,cerd,474559
76533,Chao,Fengyao,巢豐曜,Unknown,NA,NA,cerd,474560
76534,Peng,Rizhi,彭日知,Unknown,NA,NA,cerd,474561
76535,Lou,Changjun,婁昌浚,Unknown,NA,NA,cerd,474562
76537,Cheng,Shizhang,程世章,Unknown,NA,NA,cerd,474564
76538,Lei,Guangyao,雷光耀,Unknown,NA,NA,cerd,474565
76539,Zhao,Chuntong,趙春桐,Unknown,NA,NA,cerd,474566
76540,Zhao,Yunshan,趙蘊山,Unknown,NA,NA,cerd,474567
76541,Rong,Jiafang,榮佳芳,Unknown,NA,NA,cerd,474568
76542,Liu,Jiefang,劉介藩,Unknown,NA,NA,cerd,474569
76543,Liu,Mingxin,劉銘新,Unknown,NA,NA,cerd,474570
76544,Zheng,Shikui,鄭世䕫,Unknown,NA,NA,cerd,474571
76548,Yu,Zhaowei,玉朝瑋,Unknown,NA,NA,cerd,474572
76550,Zuo,Lianquan,左廉泉,Unknown,NA,NA,cerd,474573
76552,Zhou,Pengfei,周鵬飛,Unknown,NA,NA,cerd,474575
76554,Qi,Yaochen,戚堯臣,Unknown,NA,NA,cerd,474576
76556,Xu,Chengrun,徐承潤,Unknown,NA,NA,cerd,474577
76558,Pang,Ziming,龐子明,Male,1113,1915,cerd,474578
76559,Pang,Weixiang,龐韋祥,Male,877,1909,cerd,474579
76560,Pang,Jingxi,龐靜溪,Male,1079,1915,cerd,474580
76561,Gu,Min,顧敏,Male,1079,1917,cerd,474581
76562,Gu,Tinggan,顧廷淦,Male,1636,1908,cerd,474582
76563,Gu,Botao,顧柏濤,Male,877,1912,cerd,474583
76564,Gu,Dexin,顧德馨,Male,1079,1914,cerd,474584
76565,Gu,Sui'an,顧隨安,Male,1113,1921,cerd,474586
76566,Gu,Heling,顧鶴齡,Male,2985,1897,cerd,474587
76567,Gong,Zhiping,龔之平,Male,1079,1920,cerd,474588
76568,Li,Xiqing,酈錫清,Male,1210,1903,cerd,474589
76569,Bo,Lide,勃立德,Male,2240,1900,cerd,474590
76571,Xu,Lingkai,徐齡楷,Unknown,NA,NA,cerd,474591
76573,Liang,Peiyan,梁培炎,Unknown,NA,NA,cerd,474592
76575,Zhang,Jing,張竫,Unknown,NA,NA,cerd,474593
76577,Zhang,Zuocheng,張佐承,Unknown,NA,NA,cerd,474594
76579,Shu,Huilong,舒會隆,Unknown,NA,NA,cerd,474595
76581,Lan,Jiandan,藍劍胆,Unknown,NA,NA,cerd,474598
76583,Jin,Shichang,靳世昌,Unknown,NA,NA,cerd,474599
76585,Zhu,Hongkui,禇鴻逵,Unknown,NA,NA,cerd,474600
76587,He,Mingde,何明德,Unknown,NA,NA,cerd,474601
76590,Wang,Guitian,汪貴田,Unknown,NA,NA,cerd,474602
76593,Zhang,Fengwen,張奉文,Unknown,NA,NA,cerd,474603
76595,Hao,Liu,郝騮,Unknown,NA,NA,cerd,474604
76597,Li,Mingchuan,李銘傳,Unknown,NA,NA,cerd,474605
76600,Zhang,Kangkuan,張康寛,Unknown,NA,NA,cerd,474606
76602,Zhang,Gan,張幹,Unknown,NA,NA,cerd,474607
76604,He,Yingtao,賀應濤,Unknown,NA,NA,cerd,474609
76606,Yang,Shichang,楊世昌,Unknown,NA,NA,cerd,474610
76608,Liu,Qianli,劉千里,Unknown,NA,NA,cerd,474611
76611,Lu,Huanan,陸寰安,Unknown,NA,NA,cerd,474612
76613,Shi,Zhixian,施致銑,Unknown,NA,NA,cerd,474613
76615,Sun,Shaozu,孫紹祖,Unknown,NA,NA,cerd,474614
76618,Zhao,Zhenguo,趙振國,Unknown,NA,NA,cerd,474615
76622,Wu,Deshou,吳德壽,Unknown,NA,NA,cerd,474616
76625,Cui,Jieru,崔傑如,Unknown,NA,NA,cerd,474617
76627,Cui,Yiqing,崔亦清,Unknown,NA,NA,cerd,474618
76629,Chen,Yaosheng,陳耀生,Unknown,NA,NA,cerd,474620
76631,Cui,Hanxing,崔罕興,Unknown,NA,NA,cerd,474621
76635,Yu,Changlong,余昌龍,Unknown,NA,NA,cerd,474622
76638,Qi,Zhaoyi,齊兆逸,Unknown,NA,NA,cerd,474623
76648,Wang,Hong'en,王鴻恩,Male,NA,NA,cerd,474624
76652,Zhu,Hannian,朱漢年,Male,NA,NA,cerd,474625
76656,Wu,Dachang,吳大昌,Male,NA,1890,cerd,474626
76663,Li,Zuxian,李祖賢,Male,NA,1895,cerd,66407
76670,Xu,Nairen,徐乃仁,Male,NA,1895,cerd,474628
76677,Gu,Shiji,顧世楫,Male,NA,NA,cerd,474629
76684,Chen,Yaozu,陳耀祖,Male,NA,1895,cerd,474631
76688,Dong,Kaizhang,董開章,Male,NA,NA,cerd,474632
76699,Wu,Endu,吳恩度,Male,NA,NA,cerd,474633
76712,Xiao,Kaiying,蕭開灜,Male,NA,NA,cerd,474634
76715,Hu,Pinyuan,胡品元,Male,NA,NA,cerd,474635
76728,Yu,Heng,俞亨,Male,NA,NA,cerd,474636
76730,Yang,Yuanxi,楊元熙,Male,NA,1894,cerd,474637
76736,Zhu,Yannian,朱延年,Male,NA,NA,cerd,474638
76747,Zhu,Yong,朱墉,Male,NA,NA,cerd,474639
76750,Ge,Shufang,葛樹芳,Male,NA,NA,cerd,474640
76753,Geng,Shuzhi,耿述之,Male,NA,NA,cerd,474642
76755,Liu,Zhongwei,劉衷煒,Male,NA,NA,cerd,474643
76757,Liu,Sui,劉遂,Male,NA,NA,cerd,474644
76759,Chen,Deming,陳德銘,Male,NA,NA,cerd,474645
76763,Guo,Kengruo,郭鏗若,Male,NA,NA,cerd,474646
76771,Gao,Zhaodong,高兆棟,Male,NA,NA,cerd,474647
76772,Wu,Xiaoze,吳孝澤,Male,NA,NA,cerd,474648
76775,Qi,Qun,齊群,Male,NA,NA,cerd,474649
76777,Xu,Jiao,徐矯,Male,NA,NA,cerd,474650
76786,Hu,Buchuan,胡步川,Male,NA,NA,cerd,474651
76789,Li,Eqi,李萼奇,Male,NA,NA,cerd,474653
76790,Liu,Yi,劉頤,Male,NA,1893,cerd,474654
76797,Su,Jian,蘇鑑,Male,NA,1891,cerd,474655
76820,Pan,Yifang,潘鎰芳,Unknown,NA,NA,cerd,474656
76825,Wang,Jingqing,王鏡清,Unknown,NA,NA,cerd,474657
76828,Pu,Yingchou,浦應籌,Male,NA,NA,cerd,474658
76835,Wu,Huanzhang,吳煥章,Male,NA,NA,cerd,474659
76836,Yang,Shengyi,楊聲溢,Male,NA,NA,cerd,474660
76837,Zhou,Binglin,周炳麟,Male,NA,NA,cerd,474661
76839,Zhou,Kezhen,周可貞,Unknown,NA,NA,cerd,474662
76843,Zhang,Xishou,章錫綬,Unknown,NA,NA,cerd,474664
76846,Chen,Jing,陳靖,Unknown,NA,NA,cerd,474665
76849,Fu,Jian,傅健,Male,NA,NA,cerd,474666
76851,Wang,Huixian,王恢先,Unknown,NA,NA,cerd,474667
76855,Sun,Weibo,孫衞伯,Unknown,NA,NA,cerd,474668
76856,Pan,Huigen,潘晦根,Unknown,382,1894,cerd,474669
76857,Fu,Pucheng,傅樸誠,Unknown,NA,NA,cerd,474670
76858,Li,Qiwei,黎其位,Unknown,NA,NA,cerd,474671
76862,Luo,Cengqing,駱曾慶,Unknown,NA,NA,cerd,474672
76864,Shen,Bingnian,沈炳年,Male,NA,NA,cerd,474673
76866,Xia,Yinzhi,夏寅治,Unknown,NA,NA,cerd,474675
76871,Jiang,Diquan,蔣滌泉,Unknown,NA,NA,cerd,474676
76874,Yuan,Xihuan,袁熙緩,Male,NA,NA,cerd,474677
76877,Chen,Shaoxiang,陳少湘,Unknown,NA,NA,cerd,474678
76883,Zhao,Yuting,趙雨亭,Unknown,NA,NA,cerd,474679
76907,Yao,Yechun,姚業純,Male,NA,1892,cerd,474680
76913,Lu,Mingsheng,陸銘盛,Male,NA,1895,cerd,474681
76922,Wang,Dechang,王德昌,Male,NA,1891,cerd,474682
76937,Yan,Wangui,嚴完溎,Male,NA,1892,cerd,474683
76957,Sun,Luo,孫洛,Male,NA,1889,cerd,474684
76965,Li,Zhong,李衷,Male,74,1898,cerd,474686
76969,Cheng,Yingzhang,程瀛章,Male,NA,1894,cerd,474687
76973,Hong,Shen,洪深,Male,NA,1893,cerd,43
76975,Huang,Jizhi,黃紀秩,Male,NA,1893,cerd,474688
76981,Chen,Yushu,陳瑜叔,Male,NA,1894,cerd,474689
76992,Ye,Jianbo,葉建柏,Male,NA,1895,cerd,474690
76996,Yang,Zhuoxin,楊卓新,Male,NA,1893,cerd,7603
77001,Ouyang,Zushou,歐陽祖綬,Male,NA,1892,cerd,474691
77007,Zhu,Jiaxin,朱家炘,Male,14276,1891,cerd,474692
77011,Xiong,Zhengli,熊正理,Male,NA,1893,cerd,474693
77014,Pan,Xianzheng,潘先正,Male,NA,1891,cerd,474694
77030,Liang,Yinnian,梁引年,Male,NA,1887,cerd,474695
77041,Zhang,Yuanzeng,張元增,Male,NA,1896,cerd,474697
77053,Chen,Caiguan,陳彩琯,Male,7094,1893,cerd,474698
77059,Li,Dongsen,李東森,Male,590,1895,cerd,474699
77062,Li,Fanyi,李範一,Male,5688,1890,cerd,42389
77066,Ceng,Zhe,曾哲,Male,3016,1900,cerd,474700
77071,Zhao,Yanzhan,趙儼瞻,Male,7590,1883,cerd,389439
77075,Zhou,Weizhen,周唯真,Male,590,1889,cerd,403043
77082,Li,Baohua,李葆華,Male,7094,1887,cerd,474701
77092,Huang,Gengsheng,黃耕生,Male,17029,1900,cerd,474702
77096,Qiu,Binggang,邱秉剛,Male,16624,1893,cerd,390472
77106,Liu,Facan,劉發燦,Male,10774,1899,cerd,474703
77114,Huang,Zelong,黃澤隆,Male,1993,1895,cerd,474704
77118,Qian,Hongwei,錢鴻威,Male,1736,1896,cerd,474705
77121,Yang,Daoming,楊道明,Male,7094,1887,cerd,474706
77125,Lei,Zhongyun,雷仲雲,Male,1487,1880,cerd,474709
77129,Hao,Ruiyuan,郝睿遠,Male,77130,1913,cerd,332688
77134,Gao,Zetong,高則同,Male,3658,1903,cerd,474711
77140,Wan,Xizhang,萬希章,Male,68,1893,cerd,383137
77146,Weng,Deluan,翁得鑾,Male,3042,1889,cerd,474712
77149,Fang,Zepu,范澤溥,Male,6698,NA,cerd,474713
77154,Wu,Guoliang,吳國良,Male,1120,1876,cerd,333259
77158,Wu,Nanxun,吳南薰,Male,3016,1879,cerd,474715
77162,Wang,Zhongchao,王忠潮,Male,5073,1888,cerd,474716
77165,Wang,Wenzhou,王文宙,Male,1636,1881,cerd,474717
77168,Wang,Xinggong,王星拱,Male,6090,1888,cerd,194026
77171,Wang,Boxuan,王伯軒,Male,14081,1892,cerd,474718
77175,Gu,Tingxiao,顧廷孝,Male,1636,1888,cerd,474720
77181,Tan,Jitao,譚寄陶,Male,74,1893,cerd,474721
77186,Zheng,Jiaqi,鄭家琪,Male,1881,1898,cerd,474722
77189,Wei,Wendi,魏文棣,Male,590,1895,cerd,474723
77192,Pan,Chengting,潘承珽,Male,1079,1901,cerd,474724
77196,Ge,Yugui,葛毓桂,Male,6673,1895,cerd,474725
77199,Guo,Yangting,郭仰汀,Male,553,1897,cerd,474726
77203,Chen,Kejie,陳克誡,Male,3966,1907,cerd,474727
77206,Chen,Dingming,陳鼎銘,Male,29080,1885,cerd,474728
77210,Huang,Jianbai,黃劍白,Male,16722,1893,cerd,474729
77213,Zhang,Xiguang,張熙光,Male,14954,1902,cerd,474731
77216,Yuan,Shengwu,袁繩武,Male,1036,1897,cerd,474732
77220,Ye,Qiang,葉强,Male,765,1893,cerd,382431
77226,Zhang,Xin,張鑫,Male,382,1897,cerd,474733
77228,Chen,Pulian,陳普廉,Male,74,1901,cerd,474734
77231,Qiu,Hongmai,邱鴻邁,Male,27436,1891,cerd,390515
77235,Hu,Ruzhen,胡儒珍,Male,3966,1896,cerd,474735
77237,Cheng,Wenxi,程文熙,Male,71,1889,cerd,333360
77242,Chen,Fucheng,陳復成,Male,2383,NA,cerd,474737
77257,Zhang,Guangming,張光明,Male,NA,NA,cerd,474738
77260,Zhang,Shixu,張似旭,Male,NA,NA,cerd,192480
77268,Zhang,Yougu,張有穀,Male,71,NA,cerd,474740
77271,Zhao,Zhaoxiong,趙詔熊,Male,71,NA,cerd,474742
77273,Zhou,Fenggai,周逢蓋,Male,74,NA,cerd,474743
77285,Chen,Liting,陳立廷,Male,77,NA,cerd,86875
77287,Chen,Zhaozhen,陳兆貞,Male,74,NA,cerd,474745
77294,Chen,Susun,陳蘇孫,Male,61,NA,cerd,474746
77299,Chen,Yongjie,陳永傑,Male,74,NA,cerd,474747
77301,Zheng,Buqing,鄭步青,Male,61,NA,cerd,474748
77303,Zhou,Bingyan,周炳炎,Male,61,NA,cerd,474749
77305,Jin,Longzhang,金龍章,Male,81,NA,cerd,474750
77321,Jin,Dingxin,金鼎新,Male,72,NA,cerd,474751
77326,Xu,Youtao,徐有滔,Male,74,NA,cerd,474753
77330,Zhou,Mingzheng,周明政,Male,62,NA,cerd,474754
77335,Zhou,Yanding,周延鼎,Male,62,NA,cerd,474755
77338,Zhou,Fuyuan,周復元,Male,1434,NA,cerd,474756
77340,Zhou,Chuanzhang,周傳璋,Male,63,NA,cerd,474757
77346,Zhou,Houshu,周厚樞,Male,71,NA,cerd,474758
77355,Zhou,Rihua,周日華,Male,74,NA,cerd,474759
77357,Zhu,Qishi,朱起螫,Male,62,NA,cerd,474760
77360,Zhu,Zhidi,朱志滌,Male,74,NA,cerd,474761
77375,Zhong,Chun Yong,鍾春雍,Male,61,NA,cerd,474762
77382,He,Maoqing,賀懋慶,Male,71,NA,cerd,389147
77401,Xu,Yunzhong,徐允鍾,Male,74,NA,cerd,474764
77409,Xue,Jukang,薛袓康,Male,71,NA,cerd,474765
77420,Huang,Hanhe,黃漢和,Male,61,NA,cerd,474766
77426,Huang,Bianqun,黃弁羣,Male,NA,NA,cerd,474767
77439,Zhou,Ronghua,周容華,Male,74,NA,cerd,474768
77447,Gao,Hua,高華,Male,71,NA,cerd,474769
77457,Gao,Fushen,高福申,Male,74,NA,cerd,474770
77465,Guan,Dong,關東,Male,63,NA,cerd,474771
77480,Guo,Huide,郭慧德,Male,74,NA,cerd,83311
77482,Gui,Baoding,桂寶鼎,Male,71,NA,cerd,474773
77484,Lam,Zhihao,林直豪,Male,74,NA,cerd,474775
77486,Liu,Lang,劉朗,Male,74,NA,cerd,398051
77489,Li,Jiying,李吉瑩,Male,74,NA,cerd,474776
77491,Li,Hongqing,李宏慶,Male,74,NA,cerd,474777
77494,Li,Zufan,李祖範,Male,62,NA,cerd,66404
77498,Li,Liangxun,李良訓,Male,77,NA,cerd,474779
77503,Li,Yuan,李援,Male,74,NA,cerd,474780
77511,Li,Rujian,李汝儉,Male,74,NA,cerd,474781
77513,Liang,Xinfu,梁新福,Male,74,NA,cerd,474782
77515,Li,Qingshan,李慶善,Male,63,NA,cerd,474783
77526,Li,Qireng,李啓礽,Male,74,NA,cerd,474784
77536,Li,Simian,李嗣綿,Male,81,NA,cerd,474786
77542,Li,Shanshu,李善述,Male,62,NA,cerd,474787
77546,Liu,Chongquan,劉崇全,Male,61,NA,cerd,474788
77548,Lin,Jingfan,林景帆,Male,62,NA,cerd,474789
77550,Lin,Guangzu,林光祖,Male,74,NA,cerd,474790
77554,Liu,Chongle,劉崇樂,Male,419,NA,cerd,193713
77558,Lu,Hengruo,盧衡若,Male,74,NA,cerd,474791
77563,Lu,Zhitan,盧植檀,Male,74,NA,cerd,474792
77566,Lu,Bingyuan,路秉元,Male,71,NA,cerd,474793
77569,Ma,Yuming,馬玉銘,Male,64,NA,cerd,474794
77574,Mo,Jiefu,莫介福,Male,74,NA,cerd,474795
77576,Mei,Yuanda,梅元達,Male,74,NA,cerd,474797
77578,Mei,Yuanzhang,梅元璋,Male,74,NA,cerd,474798
77581,Mei,Zongqing,梅宗慶,Male,74,NA,cerd,474799
77584,Mei,Lianzhi,梅連枝,Male,74,NA,cerd,474800
77592,Mei,Xiongqi,梅雄起,Male,74,NA,cerd,474801
77595,Mei,Jingzhou,梅景周,Male,74,NA,cerd,474802
77598,Meng,Qingshan,孟慶善,Male,63,NA,cerd,474803
77600,Ni,Shangda,倪尚達,Male,71,NA,cerd,474804
77603,Nie,Guoying,聶國英,Male,63,NA,cerd,474805
77607,Lin,Shexiang,林社祥,Male,74,NA,cerd,474806
77610,Wen,Kaifeng,溫開封,Male,74,NA,cerd,474808
77618,Bi,Weidong,畢維棟,Male,71,NA,cerd,474809
77623,Situ,Xi,司徒錫,Male,74,NA,cerd,474810
77625,Shao,Dehui,邵德輝,Male,70,NA,cerd,474811
77629,Shen,Yi,沈怡,Male,71,NA,cerd,474812
77633,Shi,Zhaohan,時昭涵,Male,68,NA,cerd,474813
77641,Shi,Tingqing,史挺慶,Male,76,NA,cerd,474814
77646,Chang,Zichen,常子陳,Male,74,NA,cerd,474815
77649,Xi,Bingxi,洗秉喜,Male,74,NA,cerd,474816
77652,Situ,Lingde,司徒靈得,Male,74,NA,cerd,474817
77660,Dai,Xiutao,戴修陶,Male,67,NA,cerd,369357
77664,Tang,Wujie,湯武傑,Male,74,NA,cerd,474820
77667,Tan,Wen Yan,譚文晏,Male,67,NA,cerd,474821
77673,Tang,Dezhen,唐德臻,Male,74,NA,cerd,474822
77677,Tang,Baotong,唐寶桐,Male,71,NA,cerd,474823
77680,Cao,Chaojing,曹朝敬,Male,74,NA,cerd,474824
77687,Zhang,Zengpei,張增佩,Male,62,NA,cerd,474825
77691,Xie,Zuocai,謝作材,Male,74,NA,cerd,474826
77699,Ceng,Zhaoquan,曾昭權,Male,67,NA,cerd,474827
77702,Zhu,Longhui,祝隆惠,Male,NA,NA,cerd,474828
77709,Du,Wenruo,杜文若,Male,76,NA,cerd,474829
77716,Dai,Keguang,戴克光,Male,74,NA,cerd,474831
77721,Wang,Zhengji,王正基,Male,76,NA,cerd,474832
77732,Wang,Shenming,王愼名,Male,68,NA,cerd,474833
77736,Wang,Taijing,汪泰經,Male,60,NA,cerd,474834
77745,Wang,Zongcheng,王宗澄,Male,71,NA,cerd,474835
77749,Wang,Yufan,王毓藩,Male,74,NA,cerd,474836
77752,Wei,Zengfu,韋增復,Male,74,NA,cerd,474837
77758,Huang,Chengzhi,黃成志,Male,71,NA,cerd,474838
77762,Wu,Yuxiang,吳毓驤,Male,61,NA,cerd,474839
77766,Wu,Qinlie,吳欽烈,Male,62,NA,cerd,474840
77770,Wu,Haoran,吳浩然,Male,63,NA,cerd,474842
77773,Wu,Xiangjun,吳祥駿,Male,62,NA,cerd,474843
77777,Wu,Luqiang,吳魯强,Male,74,NA,cerd,474844
77784,Yang,Jingtong,楊景通,Male,71,NA,cerd,474845
77793,Ying,Zu Lan,應祖蘭,Male,61,NA,cerd,474846
77796,Yu,Weihan,于維翰,Male,64,NA,cerd,474847
77799,Yuan,Zongduo,袁宗鐸,Male,74,NA,cerd,474848
77801,Xu,Zhixiang,徐志鄉,Male,71,NA,cerd,474849
77811,Zhang,Kui,張逵,Male,90,1923,cerd,NA
77815,Zou,Zukun,鄒祖焜,Male,1079,1922,cerd,NA
77819,Yu,Dejun,俞德鋆,Male,1079,1923,cerd,NA
77823,Wang,Bingzhong,汪炳鍾,Male,1079,1922,cerd,NA
77827,Shang,Yuanru,尙淵如,Male,590,1921,cerd,NA
77831,Tang,Yimin,唐益民,Male,1664,1922,cerd,NA
77835,Xiao,Yushen,蕭裕申,Male,14081,1922,cerd,NA
77841,Ru,Yuankai,汝元愷,Male,1079,1923,cerd,NA
77845,Shen,Yujun,沈豫鈞,Male,1256,1921,cerd,NA
77849,Sha,Youjun,沙友鈞,Male,90,1920,cerd,NA
77853,Liang,Chuanyi,梁傳怡,Male,1881,1921,cerd,NA
77855,Huang,Weide,黃惟德,Male,1881,1923,cerd,NA
77859,Zhou,Hao,周浩,Male,4297,1921,cerd,NA
77861,Wang,Hu,汪滬,Male,1636,1923,cerd,NA
77867,Lin,Shude,林樹德,Male,1770,1921,cerd,NA
77871,Wang,Shihong,王士弘,Male,1079,1923,cerd,NA
77877,Zhang,Weidong,張偉東,Male,999,1922,cerd,NA
77879,Wang,Hongrui,王鴻瑞,Male,807,1921,cerd,NA
77884,Wang,Ren'an,王仁安,Male,807,1922,cerd,NA
77888,Gu,Qibai,顧期百,Male,1664,1922,cerd,NA
77892,Zhu,Fei,朱斐,Male,1664,1922,cerd,NA
77897,Zhu,Zhuo,朱卓,Male,2641,1922,cerd,NA
77899,Xu,Junyan,徐俊彥,Male,999,1923,cerd,NA
77905,Wang,Bangzhen,王邦震,Male,1636,1920,cerd,NA
77910,Cao,Zhaoyun,曹昭雲,Male,90,1921,cerd,NA
77914,Liang,Weichu,梁煒初,Male,5917,1922,cerd,NA
77918,Chen,Yunling,陳韞玲,Male,1177,1920,cerd,NA
77922,Han,Dakang,韓大康,Male,1177,1921,cerd,NA
77926,He,Guangxin,何廣鑫,Male,3703,1922,cerd,NA
77930,Zheng,Yushi,鄭育時,Male,553,1921,cerd,NA
77932,Sun,Guanglin,孫廣林,Male,965,1921,cerd,NA
77934,Wu,Kangning,吳康甯,Male,7050,1922,cerd,NA
77938,Wang,Fen,王汾,Male,410,1922,cerd,NA
77940,Lü,Qianran,呂乾然,Male,9560,1921,cerd,NA
77945,Ju,Mingchao,鞠名超,Male,1770,1923,cerd,NA
77949,Shen,Fu,沈復,Male,1100,1922,cerd,NA
77954,Ji,Xing,吉星,Male,90,1921,cerd,NA
77958,Yang,Shishan,楊世善,Male,1664,1921,cerd,NA
77964,Chen,Wenhu,陳文虎,Male,1016,1920,cerd,NA
77966,Shen,Kangshen,沈康身,Male,1604,1922,cerd,NA
77971,Huang,Shoutong,黃壽浵,Male,427,1920,cerd,NA
77975,Fang,Zhisong,方之松,Male,1305,1920,cerd,NA
77978,Da,Shikui,達式奎,Male,4297,1923,cerd,NA
77980,Zheng,Yinqiu,鄭吟秋,Female,965,1920,cerd,NA
77982,Han,Wenqin,韓文欽,Male,16922,1918,cerd,NA
77984,Shao,Yi,邵溢,Male,1113,1921,cerd,NA
77986,Zhang,Jian'ao,張健敖,Male,1042,1923,cerd,NA
77988,Cheng,Zhixin,程志新,Male,1664,1922,cerd,NA
77990,Lu,Tingjun,魯庭鈞,Male,90,1923,cerd,NA
77992,Wu,Ruxun,吳茹訓,Male,2641,1923,cerd,NA
77994,Huang,Zhenliang,黃真良,Male,562,1922,cerd,NA
77996,Cui,Gonglie,崔公烈,Male,1256,1920,cerd,NA
77998,Zhu,Zhekang,朱浙康,Male,1695,1921,cerd,NA
78000,Zhao,Rongcheng,趙榮澄,Male,26378,1922,cerd,NA
76948,NA,NA,NA,NA,NA,NA,cerd,NA
76954,NA,NA,NA,NA,NA,NA,cerd,NA
