person_id,degree_id,job_id
282,75627,291
282,285,291
282,286,291
282,287,291
282,288,291
282,75627,293
282,285,293
282,286,293
282,287,293
282,288,293
282,75627,75631
282,285,75631
282,286,75631
282,287,75631
282,288,75631
282,75627,75629
282,285,75629
282,286,75629
282,287,75629
282,288,75629
282,75627,289
282,285,289
282,286,289
282,287,289
282,288,289
282,75627,75633
282,285,75633
282,286,75633
282,287,75633
282,288,75633
282,75627,295
282,285,295
282,286,295
282,287,295
282,288,295
282,75627,297
282,285,297
282,286,297
282,287,297
282,288,297
282,75627,299
282,285,299
282,286,299
282,287,299
282,288,299
282,75627,75634
282,285,75634
282,286,75634
282,287,75634
282,288,75634
282,75627,75635
282,285,75635
282,286,75635
282,287,75635
282,288,75635
282,75627,301
282,285,301
282,286,301
282,287,301
282,288,301
282,75627,303
282,285,303
282,286,303
282,287,303
282,288,303
282,75627,305
282,285,305
282,286,305
282,287,305
282,288,305
282,75627,75638
282,285,75638
282,286,75638
282,287,75638
282,288,75638
282,75627,306
282,285,306
282,286,306
282,287,306
282,288,306
282,75627,307
282,285,307
282,286,307
282,287,307
282,288,307
282,75627,75640
282,285,75640
282,286,75640
282,287,75640
282,288,75640
282,75627,308
282,285,308
282,286,308
282,287,308
282,288,308
282,75627,283
282,285,283
282,286,283
282,287,283
282,288,283
282,75627,310
282,285,310
282,286,310
282,287,310
282,288,310
320,327,378
320,327,380
320,327,383
320,327,386
320,327,389
320,327,329
320,327,393
320,327,395
320,327,397
320,327,399
322,362,NA
336,343,NA
340,351,NA
368,370,372
368,370,375
401,403,406
401,403,408
401,403,411
401,403,502
401,403,413
401,403,415
401,403,417
401,403,420
401,403,422
424,425,NA
428,430,433
428,430,436
428,430,438
441,443,446
448,450,NA
452,454,456
458,460,462
458,460,464
458,460,467
458,460,469
458,460,471
458,460,474
458,460,476
478,479,NA
480,482,486
480,484,486
480,485,486
480,482,488
480,484,488
480,485,488
480,482,491
480,484,491
480,485,491
480,482,493
480,484,493
480,485,493
495,497,500
495,497,504
495,497,506
495,497,508
495,497,509
495,497,512
513,515,NA
517,519,NA
523,525,NA
537,538,540
537,538,541
537,538,542
537,538,15531
543,545,NA
546,548,NA
546,549,NA
552,554,NA
557,560,563
565,567,NA
568,569,NA
570,572,573
570,572,575
570,572,577
570,572,579
570,572,581
570,572,583
570,572,585
570,572,587
589,591,NA
593,595,NA
596,598,NA
600,602,605
600,602,608
600,602,610
600,602,612
614,615,NA
617,619,622
624,627,628
624,626,628
624,627,630
624,626,630
624,627,633
624,626,633
624,627,635
624,626,635
637,638,641
643,648,NA
651,654,NA
655,657,NA
658,661,662
658,661,664
658,661,666
658,661,668
672,674,677
679,682,NA
683,685,686
683,685,16731
689,691,693
689,691,695
689,691,697
689,691,698
689,691,700
689,691,702
705,706,NA
710,712,713
710,712,715
718,720,NA
722,724,730
722,727,730
722,724,733
722,727,733
722,724,736
722,727,736
722,724,739
722,727,739
722,724,741
722,727,741
722,724,744
722,727,744
722,724,747
722,727,747
750,752,753
750,752,756
750,752,758
750,752,760
750,752,762
764,766,767
764,766,770
764,766,772
774,776,777
774,776,779
781,783,785
781,783,787
781,783,789
781,783,791
781,783,793
794,796,797
798,799,NA
801,803,804
805,808,809
805,808,16732
805,808,16735
812,814,815
817,820,NA
822,823,824
822,823,21677
826,828,829
826,828,831
826,828,833
835,836,NA
838,839,NA
840,842,NA
843,845,846
843,845,76378
848,849,850
852,854,856
852,854,858
852,854,860
852,854,862
865,867,NA
868,869,NA
870,873,NA
874,875,NA
878,880,882
878,880,884
878,880,887
878,880,890
878,880,892
878,880,894
878,880,896
899,900,NA
902,904,NA
905,907,NA
908,910,912
908,910,914
908,910,916
908,910,918
908,910,920
908,910,922
908,910,924
908,910,927
908,910,929
930,NA,NA
931,933,NA
934,937,939
941,943,944
941,943,946
941,943,948
949,951,NA
952,954,NA
955,957,NA
958,960,NA
961,963,NA
964,966,967
964,966,969
964,966,971
973,976,977
979,981,984
979,981,986
979,981,988
979,981,990
992,993,NA
995,997,1000
1003,1005,1006
1003,1005,1008
1010,1011,1012
1010,1011,1013
1015,1017,1018
1015,1017,1020
1015,1017,1022
1015,1017,1024
1015,1017,1026
1015,1017,1029
1015,1017,1031
1015,1017,1032
1015,1017,1034
1015,1017,1037
1039,77398,1052
1039,77399,1052
1039,1049,1052
1039,77398,1053
1039,77399,1053
1039,1049,1053
1041,1045,NA
1047,1050,NA
1055,1056,1057
1055,1056,1059
1062,1064,NA
1066,1067,NA
1068,1069,1070
1073,1074,NA
1075,1077,NA
1078,1081,NA
1082,1083,1084
1082,1083,1086
1082,1083,16727
1082,1083,70569
1090,1092,NA
1094,1096,1097
1098,1101,1104
1098,1101,1107
1098,1101,1109
1098,1101,16730
1112,1115,1116
1112,1115,1118
1112,1115,1121
1125,1127,1128
1125,1127,1130
1125,1127,1132
1125,1127,1134
1136,1137,1140
1136,77805,1140
1136,1137,1142
1136,77805,1142
1136,1137,1144
1136,77805,1144
1136,1137,1146
1136,77805,1146
1136,1137,1149
1136,77805,1149
1136,1137,1151
1136,77805,1151
1136,1137,1153
1136,77805,1153
1136,1137,1154
1136,77805,1154
1136,1137,1156
1136,77805,1156
1136,1137,1158
1136,77805,1158
1136,1137,70572
1136,77805,70572
1160,1162,1163
1165,1166,1169
1165,1166,1172
1165,1166,1173
1165,1166,1175
1165,1166,1178
1180,77395,1182
1180,1181,1182
1180,77395,1183
1180,1181,1183
1180,77395,1187
1180,1181,1187
1180,77395,72682
1180,1181,72682
1188,1190,1192
1188,1190,1194
1188,1190,1195
1188,1190,1197
1188,1190,1199
1188,1190,1201
1204,1205,76642
1204,1208,76642
1209,1211,1213
1215,1216,NA
1217,1218,NA
1219,1220,1222
1224,1225,NA
1226,1228,NA
1229,1232,1236
1229,1235,1236
1229,1232,1237
1229,1235,1237
1229,1232,1239
1229,1235,1239
1229,1232,1241
1229,1235,1241
1229,1232,1243
1229,1235,1243
1245,1246,1247
1250,1252,NA
1254,1257,NA
1258,1260,1261
1258,1260,1262
1263,1265,1266
1267,1268,NA
1271,1274,1275
1271,1274,1277
1271,1274,1279
1271,1274,1281
1271,1274,1283
1285,1286,NA
1287,1288,NA
1289,1293,1294
1289,1293,1296
1298,1300,NA
1302,1303,NA
1304,1306,NA
1308,1309,1311
1308,1309,1313
1308,1309,1316
1308,1309,1318
1308,1309,1320
1323,1324,1325
1327,1328,NA
1329,1330,NA
1331,1333,NA
1334,1336,1338
1334,1337,1338
1334,1336,1340
1334,1337,1340
1334,1336,1342
1334,1337,1342
1334,1336,1345
1334,1337,1345
1334,1336,1348
1334,1337,1348
1351,1352,1353
1351,1352,69683
1355,1357,NA
1358,1360,NA
1361,1362,NA
1363,1365,NA
1366,1368,1371
1373,1374,NA
1375,1376,NA
1377,1378,NA
1381,1382,1383
1381,74747,1383
1381,1382,1384
1381,74747,1384
1381,1382,1388
1381,74747,1388
1381,1382,1390
1381,74747,1390
1381,1382,1392
1381,74747,1392
1381,1382,1394
1381,74747,1394
1381,1382,16723
1381,74747,16723
1381,1382,16725
1381,74747,16725
1381,1382,16726
1381,74747,16726
1381,1382,77396
1381,74747,77396
1399,1400,1402
1399,1400,1404
1399,1400,1406
1399,1400,76667
1408,1412,18390
1414,1416,1417
1414,1416,1419
1414,1416,1421
1414,1416,1422
1424,1425,NA
1426,1429,1430
1432,1435,NA
1458,1459,NA
1464,1466,NA
1469,1470,NA
1471,1473,1474
1475,1476,1478
1479,1480,NA
1481,1482,1485
1486,1488,NA
1489,1491,NA
1492,1494,1495
1497,1498,1500
1497,1498,1502
1497,1498,1503
1497,1498,1505
1497,1498,1506
1497,1498,1508
1497,1498,1509
1513,1515,NA
1513,1517,NA
1518,1519,NA
1521,1523,1524
1521,1523,1526
1528,1530,1531
1532,1533,NA
1538,1539,NA
1538,1542,NA
1543,1545,1546
1543,1545,1549
1543,1545,1551
1543,1545,1553
1543,1545,17139
1558,1560,1561
1563,1565,NA
1566,1567,1570
1572,1574,NA
1575,1576,NA
1577,1579,NA
1580,1581,1582
1580,1581,1584
1580,1581,1586
1588,1590,NA
1591,1593,1594
1596,1598,1599
1596,1598,1601
1596,1598,74005
1603,1605,NA
1603,76988,NA
1606,1608,1609
1611,1612,NA
1613,1614,1615
1617,1619,NA
1620,1621,1623
1625,1628,NA
1629,1631,70000
1632,1634,NA
1635,1637,1638
1639,1641,NA
1642,1644,1645
1642,1644,1647
1642,1644,1649
1642,1644,1651
1642,1644,1653
1642,1644,17138
1654,1657,NA
1658,1660,1661
1663,1665,1667
1663,1665,73741
1668,1669,NA
1670,1672,NA
1673,1674,1675
1677,1678,1680
1681,1683,1684
1681,1683,1686
1681,1683,1687
1681,1683,1690
1691,1692,NA
1693,1696,1697
1699,1704,1705
1707,1709,NA
1710,1712,NA
1713,1715,1716
1713,1715,1717
1713,1715,1720
1713,1715,1722
1713,1715,1723
1713,1715,1726
1728,1729,1732
1728,1729,1734
1728,1729,1737
1739,1741,NA
1743,1744,NA
1745,1746,NA
1747,1749,1752
1747,1751,1752
1755,1756,1757
1755,1756,1759
1755,1756,1761
1755,1756,1762
1755,1756,1764
1755,1756,1765
1755,1756,1767
1768,1771,1772
1768,1771,17116
1768,1771,17117
1778,1780,NA
1781,1782,1785
1781,1783,1785
1781,1782,1787
1781,1783,1787
1781,1782,1789
1781,1783,1789
1781,1782,1791
1781,1783,1791
1781,1782,1793
1781,1783,1793
1796,74671,74672
1796,1797,74672
1796,1798,74672
1796,74671,1799
1796,1797,1799
1796,1798,1799
1796,74671,74674
1796,1797,74674
1796,1798,74674
1796,74671,1802
1796,1797,1802
1796,1798,1802
1796,74671,1803
1796,1797,1803
1796,1798,1803
1796,74671,74676
1796,1797,74676
1796,1798,74676
1796,74671,74678
1796,1797,74678
1796,1798,74678
1796,74671,1805
1796,1797,1805
1796,1798,1805
1796,74671,1807
1796,1797,1807
1796,1798,1807
1796,74671,1808
1796,1797,1808
1796,1798,1808
1796,74671,1810
1796,1797,1810
1796,1798,1810
1796,74671,1812
1796,1797,1812
1796,1798,1812
1796,74671,1814
1796,1797,1814
1796,1798,1814
1796,74671,74003
1796,1797,74003
1796,1798,74003
1796,74671,74679
1796,1797,74679
1796,1798,74679
1816,1818,1819
1822,1823,1824
1826,1827,NA
1829,1830,NA
1831,1832,1834
1836,1837,NA
1838,1840,1842
1844,1845,NA
1846,1847,1848
1846,1847,1851
1846,1847,1852
1846,1847,1854
1856,1858,1859
1856,1858,1861
1856,1858,1863
1856,1858,1864
1866,1868,NA
1872,1873,NA
1874,1876,1877
1874,1876,1878
1880,1882,1883
1884,1886,NA
1887,1888,1889
1890,1891,1892
1890,1891,1894
1896,1897,NA
1898,1899,NA
1900,1901,NA
1902,1904,NA
1905,1906,1908
1905,1906,1911
1905,1906,1913
1905,1906,1915
1917,1920,NA
1918,1919,NA
1921,1924,NA
1922,1927,NA
1925,1928,NA
1929,1931,NA
1930,1932,NA
1933,1934,NA
1935,1944,1956
1935,1949,1956
1936,1937,1938
1936,1937,1942
1936,1937,1945
1936,1937,1951
1936,1937,1958
1936,1937,1961
1936,1937,1962
1936,1937,1964
1936,1937,1966
1936,1937,17118
1936,1937,17119
1936,1937,76300
1971,1973,NA
1974,1977,17120
1974,1977,17121
1974,1977,17123
1974,1977,17124
1982,1983,1984
1986,1987,1988
1989,1990,1991
1989,1990,75036
1992,1994,1997
1992,1994,1999
2000,2001,NA
2002,2003,NA
2005,2006,NA
2007,2008,NA
2009,2010,NA
2011,2012,2014
2011,2013,2014
2011,2012,2015
2011,2013,2015
2011,2012,2016
2011,2013,2016
2011,2012,2018
2011,2013,2018
2011,2012,2020
2011,2013,2020
2011,2012,2022
2011,2013,2022
2011,2012,2024
2011,2013,2024
2026,2027,NA
2029,2030,NA
2031,2032,NA
2034,2035,2039
2034,2038,2039
2041,2042,2043
2041,2042,2045
2041,2042,2047
2041,2042,2049
2052,2053,2055
2057,2058,76934
2059,2060,NA
2061,2063,NA
2064,2065,NA
2067,2069,NA
2070,2072,NA
2073,2074,NA
2075,2077,2079
2075,2077,2081
2075,2077,2084
2075,2077,2087
2075,2077,2092
2075,2077,2094
2075,2077,2096
2075,2077,2097
2075,2077,16742
2100,2101,2104
2100,2101,2107
2100,2101,2109
2100,2101,2111
2113,2115,2116
2113,2115,2118
2119,2120,2123
2119,2120,2125
2119,2120,2126
2119,2120,2128
2119,2120,2130
2119,2120,2132
2119,2120,2134
2136,2137,2138
2140,2141,2142
2140,2141,2143
2149,2152,2153
2149,2152,2155
2149,2152,2157
2159,2160,2161
2162,2163,NA
2171,2172,2176
2171,2175,2176
2171,2172,2179
2171,2175,2179
2171,2172,2181
2171,2175,2181
2171,2172,2184
2171,2175,2184
2171,2172,2186
2171,2175,2186
2171,2172,2187
2171,2175,2187
2171,2172,2189
2171,2175,2189
2171,2172,2191
2171,2175,2191
2193,2194,NA
2195,2196,2197
2198,2199,2201
2198,2199,2202
2198,2199,2203
2209,2210,NA
2211,2212,2213
2211,2212,2214
2219,2220,2221
2219,2220,16741
2229,2230,2231
2229,2230,2232
2235,2237,2238
2235,2237,2241
2235,2237,2243
2235,2237,2246
2235,2237,2247
2235,2237,2249
2235,2237,2251
2254,2255,2256
2254,2255,2258
2254,2255,2260
2254,2255,2262
2254,2255,2264
2254,2255,2266
2254,2255,2269
2254,2255,2271
2254,2255,2272
2254,2255,2274
2276,2277,2280
2276,2277,2282
2276,2277,2284
2276,2277,2286
2289,2290,NA
2291,2292,2294
2291,2293,2294
2295,2296,2297
2295,2296,2298
2295,2296,2300
2295,2296,17155
2302,2303,2304
2302,2303,2305
2302,2303,17156
2306,2307,2308
2306,2307,69824
2309,2311,NA
2312,2314,NA
2315,2316,2324
2326,2327,2329
2332,2333,NA
2334,2335,2336
2334,2335,2338
2334,2335,2339
2334,2335,2341
2334,2335,16736
2334,2335,16738
2334,2335,16739
2344,2345,NA
2346,2347,NA
2348,2350,NA
2351,2353,NA
2355,2356,2357
2355,2356,2359
2355,2356,2361
2355,2356,2363
2355,2356,2365
2355,2356,17153
2367,2368,2372
2367,2369,2372
2367,2368,2374
2367,2369,2374
2367,2368,2375
2367,2369,2375
2367,2368,2377
2367,2369,2377
2367,2368,2378
2367,2369,2378
2367,2368,2381
2367,2369,2381
2367,2368,75030
2367,2369,75030
2384,2385,NA
2386,75231,76897
2386,75232,76897
2386,2387,76897
2386,75233,76897
2386,75231,76898
2386,75232,76898
2386,2387,76898
2386,75233,76898
2386,75231,75234
2386,75232,75234
2386,2387,75234
2386,75233,75234
2386,75231,75236
2386,75232,75236
2386,2387,75236
2386,75233,75236
2386,75231,75238
2386,75232,75238
2386,2387,75238
2386,75233,75238
2386,75231,75240
2386,75232,75240
2386,2387,75240
2386,75233,75240
2386,75231,75241
2386,75232,75241
2386,2387,75241
2386,75233,75241
2386,75231,2388
2386,75232,2388
2386,2387,2388
2386,75233,2388
2386,75231,17154
2386,75232,17154
2386,2387,17154
2386,75233,17154
2389,2391,NA
2392,2393,2395
2392,2394,2395
2392,2393,2397
2392,2394,2397
2392,2393,2400
2392,2394,2400
2392,2393,2402
2392,2394,2402
2392,2393,2404
2392,2394,2404
2392,2393,2407
2392,2394,2407
2409,2410,NA
2411,2412,2413
2411,2412,2415
2417,2418,2420
2423,2424,NA
2426,2427,NA
2428,2430,2431
2432,2433,NA
2434,2436,NA
2437,2439,2440
2442,2444,2445
2442,2444,2446
2442,2444,2448
2449,2450,2452
2449,2450,2454
2449,2450,2456
2449,2450,2458
2449,2450,2460
2449,2450,2462
2449,2450,2463
2449,2450,2465
2449,2450,2467
2469,2471,2472
2469,2471,2473
2469,2471,2475
2469,2471,76317
2478,2479,NA
2480,2482,2484
2480,2482,2486
2488,2490,NA
2492,2493,2494
2497,2499,2500
2497,2499,2502
2504,2505,NA
2507,2509,NA
2510,2511,2512
2510,2511,2514
2510,2511,2515
2510,2511,2516
2510,2511,2517
2519,2520,2521
2522,2523,2524
2522,2523,2525
2529,2531,NA
2532,2536,2537
2538,2540,NA
2541,2543,NA
2544,2546,NA
2548,2549,2550
2548,2549,2552
2548,2549,2554
2556,2557,NA
2558,2559,2560
2562,2563,2564
2566,2568,2573
2566,2570,2573
2566,2568,2575
2566,2570,2575
2566,2568,2577
2566,2570,2577
2566,2568,2579
2566,2570,2579
2566,2568,2580
2566,2570,2580
2582,2583,2586
2588,2589,2590
2588,2589,2592
2588,2589,2594
2588,2589,2597
2588,2589,2599
2601,2602,2603
2601,2602,2605
2601,2602,2606
2601,2602,2610
2601,2602,2612
2601,2602,2614
2601,2602,2616
2601,2602,2618
2601,2602,2621
2622,2623,NA
2624,2626,2627
2624,2626,2630
2624,2626,2632
2624,2626,2633
2635,2636,2637
2635,2636,2638
2640,2642,NA
2643,2644,2645
2647,2648,2649
2647,2648,2651
2647,2648,2653
2647,2648,17147
2657,2658,NA
2668,2669,NA
2670,2671,2672
2670,2671,2674
2676,2677,2679
2676,2677,2680
2682,2683,2686
2682,2684,2686
2682,2683,2688
2682,2684,2688
2682,2683,2691
2682,2684,2691
2682,2683,2694
2682,2684,2694
2682,2683,2696
2682,2684,2696
2682,2683,2697
2682,2684,2697
2682,2683,2762
2682,2684,2762
2682,2683,2765
2682,2684,2765
2682,2683,2767
2682,2684,2767
2682,2683,2769
2682,2684,2769
2682,2683,2771
2682,2684,2771
2682,2683,2773
2682,2684,2773
2682,2683,70611
2682,2684,70611
2699,2700,2701
2699,2700,2702
2699,2700,2703
2699,2700,2704
2699,2700,17148
2699,2700,17149
2699,2700,17150
2699,2700,17151
2699,2700,17152
2708,2709,2711
2708,2709,2713
2708,2709,2715
2708,2709,2717
2719,2720,NA
2721,2723,NA
2724,2725,17140
2724,2725,17142
2727,2729,2730
2731,2733,NA
2734,2735,NA
2737,2738,2741
2737,2738,17144
2737,2738,17145
2737,2738,70632
2745,2746,NA
2747,2748,2749
2747,2748,2751
2747,2748,2754
2747,2748,2756
2747,2748,2758
2747,2748,2760
2747,2748,17146
2775,2776,NA
2777,2778,NA
2779,2781,2782
2779,2781,2783
2784,2785,2850
2784,2785,2852
2784,2785,2853
2788,2789,2791
2793,2795,NA
2796,2798,2799
2796,2798,2802
2796,2798,2805
2796,2798,2807
2796,2798,2809
2796,2798,2811
2813,2814,NA
2815,2816,NA
2817,2818,NA
2819,2820,NA
2821,2822,2823
2821,2822,2824
2821,2822,2826
2828,2831,2832
2834,2835,NA
2836,2839,2841
2842,2843,2844
2842,2843,2846
2842,2843,2847
2842,2843,2849
2854,2855,NA
2856,2858,NA
2860,2862,NA
2863,2864,2866
2863,2865,2866
2868,2869,2870
2868,2869,75012
2872,2873,NA
2874,2875,NA
2877,2878,NA
2879,2885,NA
2886,2887,NA
2890,2891,2892
2893,2894,2895
2897,2899,NA
2900,2901,2902
2900,2901,2921
2922,2923,NA
2924,2925,2926
2924,2925,2928
2924,2925,2933
2924,2925,2935
2924,2925,2936
2924,2925,2938
2924,2925,2940
2941,2943,NA
2944,2946,2947
2944,2946,2952
2944,2946,2954
2944,2946,2956
2944,2946,2959
2944,2946,2961
2963,2964,NA
2965,2966,69629
2967,2968,NA
2969,2970,2971
2969,2970,2972
2973,2975,2976
2977,2979,2980
2977,2979,2982
2984,2986,2987
2984,2986,2988
2984,2986,2990
2984,2986,2993
2996,2997,NA
2998,2999,NA
3000,3002,3003
3000,3002,3005
3007,3008,NA
3009,3010,NA
3013,3014,NA
3015,3017,NA
3018,3019,NA
3020,3021,NA
3022,3024,3025
3022,3024,3027
3022,3024,3029
3030,3031,NA
3032,3034,NA
3035,3037,3038
3041,3043,3046
3041,3045,3046
3052,3054,NA
3055,3056,NA
3057,3058,3062
3057,3061,3062
3057,3058,3065
3057,3061,3065
3057,3058,3068
3057,3061,3068
3057,3058,3069
3057,3061,3069
3071,3072,3075
3077,3078,NA
3079,3080,NA
3081,3082,3083
3084,3085,3086
3088,3089,NA
3090,3091,3092
3094,3095,3096
3094,3095,3097
3100,3102,3103
3100,3102,3106
3100,3102,3108
3100,3102,3110
3100,3102,3112
3100,3102,3115
3116,3117,NA
3118,3119,3122
3118,3120,3122
3118,3121,3122
3118,3119,3124
3118,3120,3124
3118,3121,3124
3118,3119,3126
3118,3120,3126
3118,3121,3126
3118,3119,3128
3118,3120,3128
3118,3121,3128
3118,3119,3130
3118,3120,3130
3118,3121,3130
3118,3119,3131
3118,3120,3131
3118,3121,3131
3118,3119,69600
3118,3120,69600
3118,3121,69600
3132,3134,NA
3135,3136,NA
3137,3138,3139
3137,3138,3140
3137,3138,17180
3142,3145,3147
3142,3145,3148
3150,3151,NA
3152,3153,NA
3154,3155,3160
3154,3156,3160
3154,3159,3160
3154,3155,3162
3154,3156,3162
3154,3159,3162
3154,3155,3164
3154,3156,3164
3154,3159,3164
3154,3155,3165
3154,3156,3165
3154,3159,3165
3154,3155,3166
3154,3156,3166
3154,3159,3166
3154,3155,3169
3154,3156,3169
3154,3159,3169
3171,3172,3176
3171,3173,3176
3171,3172,3177
3171,3173,3177
3171,3172,3179
3171,3173,3179
3171,3172,3181
3171,3173,3181
3171,3172,3183
3171,3173,3183
3171,3172,3185
3171,3173,3185
3171,3172,3187
3171,3173,3187
3171,3172,3190
3171,3173,3190
3171,3172,3193
3171,3173,3193
3196,3197,NA
3198,3200,3201
3202,3204,3206
3202,3205,3206
3202,3204,3207
3202,3205,3207
3202,3204,3209
3202,3205,3209
3202,3204,3210
3202,3205,3210
3211,3212,NA
3213,3215,3216
3217,NA,3220
3222,3223,NA
3224,3227,NA
3228,3229,3230
3232,3233,NA
3234,3235,NA
3236,3237,NA
3238,3241,NA
3242,3243,3244
3242,3243,3246
3242,3243,3248
3242,3243,3250
3242,3243,3252
3254,3255,NA
3256,3257,3258
3256,3257,3261
3256,3257,3263
3256,3257,3266
3256,3257,17175
3256,3257,17176
3269,3271,NA
3272,3273,NA
3274,3276,3277
3279,3280,3281
3282,3283,3285
3282,3284,3285
3282,3283,3286
3282,3284,3286
3282,3283,3288
3282,3284,3288
3282,3283,3290
3282,3284,3290
3282,3283,3292
3282,3284,3292
3282,3283,3293
3282,3284,3293
3282,3283,3295
3282,3284,3295
3282,3283,17177
3282,3284,17177
3282,3283,17179
3282,3284,17179
3298,3299,3300
3298,3299,3302
3298,3299,3303
3298,3299,3305
3298,3299,3306
3298,3299,3309
3310,3311,NA
3312,3313,3316
3312,3315,3316
3312,3313,18383
3312,3315,18383
3318,3320,3321
3322,3324,NA
3325,3327,NA
3328,3329,NA
3330,3332,NA
3334,3336,NA
3337,3338,3339
3337,3338,17163
3337,3338,17166
3337,3338,17167
3337,3338,17168
3337,3338,17169
3347,3349,3352
3347,3349,3354
3347,3349,3356
3347,3349,3358
3347,3349,3359
3347,3349,3360
3347,3349,3363
3365,3367,3368
3365,3367,17170
3365,3367,17171
3365,3367,17172
3365,3367,17173
3365,3367,17174
3376,3377,3378
3376,3377,3379
3376,3377,16663
3376,3377,16668
3376,3377,16670
3381,3382,3383
3381,3382,3385
3381,3382,3387
3381,3382,3390
3381,3382,3392
3381,3382,3394
3381,3382,3396
3381,3382,3398
3381,3382,17159
3381,3382,17160
3381,3382,17161
3404,3405,NA
3406,3407,3408
3409,3411,NA
3412,3413,NA
3414,3415,3416
3418,3419,3420
3421,3422,NA
3423,3424,3425
3423,3424,3428
3423,3424,17162
3430,3431,NA
3432,3433,NA
3434,3436,NA
3437,3438,3439
3437,3438,3441
3437,3438,3443
3437,3438,3445
3437,3438,3448
3449,3450,NA
3451,3452,3454
3451,3452,3456
3451,3452,3458
3451,3452,3460
3451,3452,3462
3451,3452,3464
3466,3469,NA
3470,3472,NA
3473,3474,NA
3475,3476,NA
3477,3478,3480
3477,3478,3482
3477,3478,3484
3477,3478,16673
3477,3478,16676
3477,3478,16678
3477,3478,16679
3477,3478,16680
3477,3478,16682
3487,3489,NA
3490,3491,3492
3490,3491,17158
3494,3496,NA
3497,3498,NA
3499,3501,3502
3499,3501,76068
3504,3505,NA
3507,3508,3509
3507,3508,3511
3507,3508,3513
3515,3516,3517
3515,3516,3520
3515,3516,3521
3515,3516,3523
3515,3516,3525
3515,3516,3526
3528,3529,NA
3531,3535,NA
3533,3534,NA
3536,3537,NA
3538,3541,3542
3539,3544,3545
3546,3548,3550
3546,3548,3554
3546,3548,3558
3546,3548,3564
3546,3548,3567
3546,3548,69546
3547,3553,3555
3561,3562,3563
3561,3562,3568
3561,3562,3571
3561,3562,3575
3561,3562,3578
3561,3562,3582
3570,3574,NA
3576,3577,3580
3581,3584,NA
3585,3586,NA
3587,3588,3592
3587,3589,3592
3587,3590,3592
3587,3588,3594
3587,3589,3594
3587,3590,3594
3591,3593,3596
3591,3593,3597
3591,3593,3599
3591,3593,3601
3591,3593,3603
3607,3609,NA
3610,3612,3613
3617,3618,NA
3638,3639,3640
3641,3643,NA
3641,3898,NA
3644,3646,3647
3644,3646,3649
3644,3646,3651
3653,3654,NA
3655,3656,NA
3657,3659,3660
3661,3663,NA
3664,3666,3667
3671,3673,NA
3674,3675,3676
3674,3675,3678
3674,3675,3680
3674,3675,3682
3674,3675,3687
3674,3675,3691
3685,3686,3689
3693,3694,3696
3693,3694,3698
3693,3694,3699
3693,3694,3701
3693,3694,3704
3693,3694,3707
3693,3694,17269
3709,3711,3713
3709,3712,3713
3709,3711,3715
3709,3712,3715
3709,3711,3718
3709,3712,3718
3709,3711,3720
3709,3712,3720
3709,3711,3721
3709,3712,3721
3722,3725,NA
3723,3732,3733
3724,3728,NA
3727,3729,NA
3731,3736,NA
3737,3743,NA
3738,3740,3741
3742,3744,NA
3746,3747,NA
3748,3751,3753
3748,3751,3755
3748,3751,3756
3748,3751,3758
3748,3751,3761
3764,3766,NA
3767,3769,NA
3770,3772,NA
3773,3774,3775
3773,3774,3777
3779,3781,NA
3782,3785,NA
3786,3787,3790
3786,3788,3790
3786,3787,3792
3786,3788,3792
3786,3787,3794
3786,3788,3794
3786,3787,3796
3786,3788,3796
3786,3787,72328
3786,3788,72328
3799,3801,NA
3802,3804,NA
3805,3806,3807
3810,3811,3813
3815,3816,NA
3818,3819,3820
3818,3819,3821
3818,3819,3822
3818,3819,3824
3818,3819,17271
3825,3826,NA
3828,3830,NA
3831,3832,NA
3833,3834,NA
3835,3836,NA
3838,3840,3841
3838,3840,3842
3838,3840,3844
3846,3847,3848
3850,3852,3853
3850,3852,15528
3854,3855,NA
3856,3858,NA
3859,3860,3861
3862,3863,3864
3865,3867,NA
3868,3869,NA
3870,3871,3872
3870,3871,3874
3870,3871,3876
3870,3871,3878
3870,3871,3879
3870,3871,3881
3883,3885,3886
3883,3885,3887
3883,3885,3889
3883,3885,3891
3883,3885,3892
3883,3885,3895
3900,3902,NA
3903,3904,NA
3905,3906,3907
3905,3906,3908
3905,3906,3910
3913,3917,NA
3914,3944,3946
3914,3944,3948
3914,3944,3950
3914,3944,3952
3914,3944,3954
3914,3944,3956
3914,3944,3958
3914,3944,15484
3918,3919,NA
3920,3921,3922
3923,3925,NA
3926,3927,NA
3928,3929,3930
3932,3933,NA
3934,3936,NA
3937,3938,NA
3939,3941,NA
3942,3943,NA
3960,3961,NA
3962,3964,NA
3965,3967,NA
3968,3970,3971
3973,63768,NA
3975,3977,3978
3980,3981,3982
3980,3981,3984
3980,3981,3985
3987,3988,NA
3989,3990,3991
3993,3995,3996
3993,3995,3997
3998,4000,NA
4004,4006,4007
4008,4009,4010
4012,4013,4014
4015,4016,4019
4015,4016,4021
4015,4016,4024
4015,4016,4025
4015,4016,4027
4015,4016,4029
4031,4032,4036
4031,4033,4036
4031,4032,4038
4031,4033,4038
4031,4032,17280
4031,4033,17280
4040,4043,4044
4040,4043,4047
4040,4043,4049
4050,4052,NA
4053,4054,NA
4055,4056,NA
4057,4058,NA
4059,4060,NA
4061,4062,NA
4063,4064,NA
4065,4066,NA
4067,4068,4069
4071,4072,4073
4075,4077,NA
4078,4080,NA
4081,4083,NA
4085,4087,NA
4088,4090,4091
4092,4093,4096
4092,4093,4098
4092,4093,4100
4092,4093,4102
4104,4105,NA
4106,4107,4108
4106,4107,4110
4106,4107,4112
4106,4107,4114
4106,4107,4116
4118,4119,NA
4121,4123,4124
4125,4126,4127
4125,4126,76831
4128,4131,NA
4132,4133,NA
4134,4135,NA
4137,4138,4139
4137,4138,4141
4137,4138,4143
4137,4138,4145
4137,4138,4147
4137,4138,4148
4137,4138,4149
4137,4138,4150
4151,4162,4165
4151,4162,4167
4151,4162,4169
4151,4162,4171
4151,4162,4174
4151,4162,4176
4151,4162,4178
4151,4162,4180
4151,4162,4182
4151,4162,4183
4151,4162,17281
4152,4153,4155
4152,4153,4157
4152,4153,4158
4152,4153,4160
4185,4187,NA
4188,4190,NA
4191,4193,NA
4194,4196,NA
4197,4198,NA
4199,77385,4202
4199,4200,4202
4199,4201,4202
4199,72717,4202
4199,77385,17282
4199,4200,17282
4199,4201,17282
4199,72717,17282
4199,77385,17283
4199,4200,17283
4199,4201,17283
4199,72717,17283
4199,77385,17284
4199,4200,17284
4199,4201,17284
4199,72717,17284
4199,77385,76946
4199,4200,76946
4199,4201,76946
4199,72717,76946
4199,77385,77386
4199,4200,77386
4199,4201,77386
4199,72717,77386
4205,4206,4207
4205,4206,4208
4205,4206,4210
4205,4206,4212
4205,4206,4213
4205,4206,4215
4205,4206,4217
4205,4206,4219
4205,4206,4220
4205,4206,70546
4227,4228,4229
4231,4232,4233
4231,4232,75008
4234,4235,4236
4239,4240,4242
4239,4241,4242
4239,4240,4245
4239,4241,4245
4239,4240,4246
4239,4241,4246
4239,4240,4247
4239,4241,4247
4239,4240,4248
4239,4241,4248
4239,4240,4249
4239,4241,4249
4239,4240,4250
4239,4241,4250
4239,4240,4251
4239,4241,4251
4239,4240,4252
4239,4241,4252
4239,4240,4253
4239,4241,4253
4239,4240,17286
4239,4241,17286
4239,4240,72718
4239,4241,72718
4254,4255,4257
4254,4256,4257
4254,4255,4259
4254,4256,4259
4254,4255,4261
4254,4256,4261
4254,4255,4262
4254,4256,4262
4254,4255,69438
4254,4256,69438
4265,4267,NA
4268,4270,NA
4271,4273,4274
4271,4273,17287
4271,4273,17288
4278,4279,4282
4278,4279,4284
4278,4279,70544
4285,4286,4287
4288,4289,NA
4290,4291,4293
4290,4291,4295
4298,4299,NA
4300,4301,NA
4303,4304,4305
4306,4307,4308
4306,4307,4309
4306,4307,4312
4313,4315,NA
4316,4317,NA
4318,4324,NA
4319,4321,4322
4325,4328,4332
4326,4327,NA
4329,4331,4335
4329,4333,4335
4329,4331,4339
4329,4333,4339
4329,4331,4376
4329,4333,4376
4329,4331,4378
4329,4333,4378
4329,4331,4379
4329,4333,4379
4329,4331,4383
4329,4333,4383
4329,4331,4387
4329,4333,4387
4329,4331,74046
4329,4333,74046
4334,4337,4338
4334,4337,4342
4346,4347,NA
4348,4349,NA
4350,4351,NA
4352,4353,NA
4354,4355,4356
4354,77388,4356
4354,4355,4358
4354,77388,4358
4354,4355,15529
4354,77388,15529
4354,4355,4360
4354,77388,4360
4354,4355,4362
4354,77388,4362
4354,4355,4364
4354,77388,4364
4354,4355,4366
4354,77388,4366
4368,4369,NA
4370,4372,4373
4374,4381,NA
4382,4386,NA
4388,4390,NA
4391,4393,4395
4391,4393,17326
4391,4393,17328
4391,4393,17329
4391,4393,17330
4391,4393,17331
4392,4397,NA
4399,4405,4408
4400,4401,4402
4400,4401,4410
4400,4401,4416
4400,4401,4420
4413,4418,NA
4424,4426,NA
4427,4428,4429
4427,4428,4430
4427,4428,4433
4434,4436,4437
4434,4436,4439
4434,4436,4441
4434,4436,4442
4444,4445,NA
4446,4447,NA
4448,4450,NA
4451,4452,NA
4453,4454,4455
4453,4454,4456
4458,4459,4460
4461,4462,NA
4463,4464,NA
4465,4466,NA
4467,4468,4469
4471,4472,NA
4473,4474,NA
4475,4476,NA
4477,4478,4479
4480,4481,4483
4480,4481,4485
4480,4481,4487
4480,4481,4488
4480,4481,4490
4480,4481,4493
4480,4481,4495
4480,4481,4498
4480,4481,4500
4502,4504,NA
4505,4506,NA
4507,4508,4509
4507,4508,4510
4512,4513,4516
4512,4514,4516
4512,4515,4516
4512,4513,4518
4512,4514,4518
4512,4515,4518
4512,4513,4520
4512,4514,4520
4512,4515,4520
4512,4513,4522
4512,4514,4522
4512,4515,4522
4512,4513,4523
4512,4514,4523
4512,4515,4523
4525,4526,4527
4525,4526,17603
4525,4526,17604
4525,4526,17605
4525,4526,17607
4525,4526,17608
4525,4526,17609
4531,4532,4533
4541,4543,4544
4541,4543,4545
4541,4543,4546
4548,4549,NA
4550,4551,NA
4552,4554,4556
4552,73198,4556
4552,4554,4558
4552,73198,4558
4552,4554,4562
4552,73198,4562
4552,4554,4564
4552,73198,4564
4552,4554,4565
4552,73198,4565
4552,4554,4567
4552,73198,4567
4552,4554,4573
4552,73198,4573
4552,4554,4575
4552,73198,4575
4552,4554,4576
4552,73198,4576
4552,4554,17610
4552,73198,17610
4552,4554,73200
4552,73198,73200
4579,4580,NA
4582,4583,4584
4582,4583,4585
4582,4583,4587
4582,4583,4588
4582,4583,4589
4582,4583,4590
4591,4592,NA
4593,4596,4600
4593,4597,4600
4593,4598,4600
4593,4596,4601
4593,4597,4601
4593,4598,4601
4593,4596,4603
4593,4597,4603
4593,4598,4603
4593,4596,4604
4593,4597,4604
4593,4598,4604
4606,4607,4610
4606,4608,4610
4606,4607,4613
4606,4608,4613
4606,4607,4614
4606,4608,4614
4615,4617,NA
4618,4620,4621
4618,4620,4623
4624,4625,NA
4635,NA,4636
4635,NA,4637
4635,NA,4638
4635,NA,4639
4635,NA,4641
4643,4644,NA
4646,4647,NA
4648,4649,NA
4650,4651,4652
4650,4651,4654
4650,4651,4656
4650,4651,4658
4650,4651,4660
4650,4651,4662
4650,4651,4663
4666,4667,NA
4668,4669,4671
4668,4669,4673
4668,4669,4675
4668,4669,4676
4668,4669,4677
4678,4679,NA
4682,4683,4684
4682,4683,4686
4682,4683,4688
4682,4683,4690
4682,4683,4692
4693,4694,4696
4693,4695,4696
4698,4699,4702
4698,4701,4702
4698,4699,4703
4698,4701,4703
4698,4699,4705
4698,4701,4705
4698,4699,4707
4698,4701,4707
4698,4699,4709
4698,4701,4709
4698,4699,4710
4698,4701,4710
4698,4699,4711
4698,4701,4711
4698,4699,4712
4698,4701,4712
4698,4699,4713
4698,4701,4713
4698,4699,4714
4698,4701,4714
4715,4716,4719
4715,4717,4719
4715,4716,4721
4715,4717,4721
4715,4716,4722
4715,4717,4722
4723,4724,NA
4725,4726,NA
4727,4728,4729
4731,4732,NA
4733,4734,4736
4733,4735,4736
4733,4734,4738
4733,4735,4738
4733,4734,4740
4733,4735,4740
4733,4734,4742
4733,4735,4742
4733,4734,4744
4733,4735,4744
4733,4734,4746
4733,4735,4746
4748,4749,NA
4750,4751,NA
4752,4753,NA
4756,4757,NA
4758,4760,NA
4761,4763,4765
4761,4764,4765
4766,4767,4768
4766,4767,4770
4766,4767,4773
4774,4775,4777
4778,4779,4780
4778,4779,4782
4778,4779,4784
4778,4779,4785
4786,4787,4788
4786,4787,4789
4790,4796,4797
4790,4796,4798
4790,4796,4800
4791,4792,4793
4801,4803,4805
4801,4803,4807
4808,4810,NA
4811,4812,NA
4813,4814,NA
4815,4817,4818
4815,4817,4820
4815,4817,4822
4825,4826,4829
4825,4826,4830
4832,4833,4834
4832,4833,4836
4832,4833,4838
4832,4833,4840
4841,4842,4843
4841,4842,4844
4845,4847,NA
4848,4849,4850
4848,4849,4852
4848,4849,4854
4848,4849,4856
4858,4859,4860
4858,4859,4861
4858,4859,4863
4858,4859,4864
4865,4866,4867
4868,4869,NA
4870,4871,NA
4872,4873,4874
4872,4873,4875
4872,4873,76853
4877,4879,NA
4881,4882,4884
4881,4882,4885
4890,4891,NA
4892,4893,4895
4892,4894,4895
4892,4893,4897
4892,4894,4897
4892,4893,4899
4892,4894,4899
4892,4893,4901
4892,4894,4901
4892,4893,4903
4892,4894,4903
4892,4893,4905
4892,4894,4905
4906,4907,4910
4906,4909,4910
4906,4907,4912
4906,4909,4912
4906,4907,17612
4906,4909,17612
4915,4917,NA
4919,4920,NA
4923,4924,4926
4923,4924,4927
4923,4924,4929
4923,4924,4932
4923,4924,4934
4923,4924,17613
4923,4924,17614
4923,4924,17615
4923,4924,17616
4923,4924,17617
4944,4946,4947
4948,4950,NA
4951,4952,4954
4951,4953,4954
4951,4952,4956
4951,4953,4956
4951,4952,15525
4951,4953,15525
4951,4952,4958
4951,4953,4958
4951,4952,15526
4951,4953,15526
4951,4952,4960
4951,4953,4960
4951,4952,4963
4951,4953,4963
4951,4952,4965
4951,4953,4965
4967,4968,4969
4971,4972,NA
4973,4974,NA
4976,4978,NA
4979,4980,NA
4981,4983,4984
4981,4983,4986
4981,4983,15518
4988,4990,NA
4991,4994,NA
4995,4997,4998
4995,4997,5000
5002,5003,5006
5002,5004,5006
5002,5003,5007
5002,5004,5007
5002,5003,5009
5002,5004,5009
5002,5003,5011
5002,5004,5011
5002,5003,5012
5002,5004,5012
5002,5003,5014
5002,5004,5014
5002,5003,5015
5002,5004,5015
5002,5003,17333
5002,5004,17333
5016,5017,NA
5018,5021,NA
5022,NA,5024
5022,NA,5026
5022,NA,5029
5022,NA,5032
5022,NA,5035
5022,NA,5039
5022,NA,5041
5022,NA,5044
5022,NA,5046
5022,NA,5048
5022,NA,5050
5022,NA,17335
5053,5054,5055
5056,5057,5058
5056,5057,5059
5056,5057,5060
5056,5057,5062
5056,5057,5063
5056,5057,5065
5056,5057,5067
5056,5057,5068
5056,5057,5070
5056,5057,5071
5072,5074,NA
5075,5076,NA
5077,5079,NA
5080,5082,5083
5080,5082,5084
5085,5086,5087
5088,5090,5096
5088,5093,5096
5098,5099,NA
5100,5101,5102
5104,5106,NA
5107,5108,NA
5110,5111,NA
5112,5113,5114
5112,5113,5116
5117,5119,5121
5117,5119,5123
5117,5119,5125
5117,5119,5127
5117,5119,5129
5130,5132,NA
5133,5134,NA
5135,5136,5137
5135,5136,5138
5135,5136,5142
5143,5144,5146
5143,5145,5146
5143,5144,5148
5143,5145,5148
5143,5144,5151
5143,5145,5151
5143,5144,5153
5143,5145,5153
5143,5144,5155
5143,5145,5155
5143,5144,70589
5143,5145,70589
5157,5158,NA
5159,5160,5161
5162,5163,NA
5164,5165,NA
5166,5167,5168
5166,5167,5169
5166,5167,5170
5171,5172,5173
5171,5172,5175
5171,5172,5177
5171,5172,5178
5180,5181,5182
5180,5181,5183
5185,5187,5188
5190,5191,5192
5190,5191,5194
5195,5196,5198
5195,5196,5199
5195,5196,5201
5195,5196,5203
5205,5206,NA
5207,5208,NA
5209,5210,NA
5211,5213,NA
5214,5215,5216
5214,5215,5219
5214,5215,5221
5214,5215,5222
5214,5215,5225
5226,5228,NA
5229,5230,NA
5231,5232,NA
5233,5234,5235
5233,5234,72336
5237,5238,NA
5239,5240,NA
5241,5242,NA
5243,5245,NA
5247,5248,NA
5249,5250,NA
5252,5253,5254
5252,5253,5256
5252,5253,5258
5259,5261,5263
5259,77500,5263
5259,5262,5263
5259,5261,5265
5259,77500,5265
5259,5262,5265
5259,5261,5266
5259,77500,5266
5259,5262,5266
5259,5261,5268
5259,77500,5268
5259,5262,5268
5259,5261,5269
5259,77500,5269
5259,5262,5269
5259,5261,5270
5259,77500,5270
5259,5262,5270
5272,5274,5276
5272,5274,5278
5272,5274,5280
5272,5274,17340
5281,5283,5284
5281,5283,5285
5281,5283,5288
5290,5292,NA
5293,5294,5296
5293,5295,5296
5293,5294,5297
5293,5295,5297
5293,5294,5300
5293,5295,5300
5293,5294,5301
5293,5295,5301
5293,5294,17342
5293,5295,17342
5302,5303,NA
5304,5305,5306
5308,5309,5310
5312,5313,NA
5314,5315,5316
5314,5315,5317
5314,5315,5318
5320,5321,NA
5322,5323,NA
5322,5325,NA
5326,5328,NA
5329,5330,NA
5331,5333,NA
5334,5336,5337
5339,5340,5341
5339,5340,5343
5339,5340,5344
5339,5340,5345
5346,5347,NA
5348,5349,5350
5348,5349,5352
5348,5349,5354
5356,5357,NA
5358,5359,5360
5358,5359,5361
5362,5364,5365
5362,5364,5367
5362,5364,5369
5362,5364,5371
5362,5364,5373
5375,5377,5380
5375,5377,5382
5375,5377,5384
5375,5377,5386
5388,5389,5556
5388,5389,5557
5388,5389,5560
5388,5389,5562
5388,5389,5564
5388,5389,5565
5388,5389,5567
5388,5389,72841
5391,5392,NA
5393,5394,5395
5396,5397,NA
5398,5399,5400
5401,5402,NA
5403,5404,NA
5405,5406,5407
5405,5406,5408
5405,5406,5410
5405,5406,5412
5405,5406,5415
5417,5418,5419
5417,5418,5420
5421,5422,5423
5425,5426,NA
5428,5429,5430
5431,5432,NA
5433,5434,5435
5433,5434,5436
5433,5434,5437
5433,5434,5438
5433,5434,5440
5433,5434,72857
5443,5444,5445
5446,5447,5448
5450,5451,5453
5450,5452,5453
5450,5451,5455
5450,5452,5455
5450,5451,5456
5450,5452,5456
5450,5451,5458
5450,5452,5458
5450,5451,5459
5450,5452,5459
5450,5451,5461
5450,5452,5461
5462,5465,5470
5462,5465,17349
5462,5465,17350
5462,5465,17352
5462,5465,17353
5462,5465,17356
5478,5479,NA
5480,5482,5483
5480,5482,5485
5480,5482,5487
5480,5482,5488
5480,5482,17359
5480,5482,17360
5480,5482,17362
5480,5482,17363
5480,5482,17364
5480,5482,17366
5480,5482,17367
5480,5482,17368
5480,5482,17369
5480,5482,17370
5480,5482,17372
5503,5504,76288
5505,5506,5511
5505,5507,5511
5505,5510,5511
5505,5506,5513
5505,5507,5513
5505,5510,5513
5505,5506,5514
5505,5507,5514
5505,5510,5514
5505,5506,5516
5505,5507,5516
5505,5510,5516
5505,5506,5518
5505,5507,5518
5505,5510,5518
5505,5506,5520
5505,5507,5520
5505,5510,5520
5505,5506,5523
5505,5507,5523
5505,5510,5523
5505,5506,72288
5505,5507,72288
5505,5510,72288
5525,5526,NA
5527,5528,NA
5529,5530,5531
5529,5530,5533
5529,5530,5537
5529,5530,5539
5529,5530,5541
5545,5546,5548
5545,5546,5549
5545,5546,5551
5553,5554,5555
5568,5569,5570
5568,5569,5572
5568,5569,5575
5568,5569,5577
5568,5569,5580
5568,5569,5583
5568,5569,5585
5568,5569,5588
5568,5569,5589
5568,5569,5591
5568,5569,5593
5596,5597,5598
5600,5601,5602
5604,5605,NA
5606,5607,5609
5606,5608,5609
5606,5607,5612
5606,5608,5612
5606,5607,5614
5606,5608,5614
5606,5607,5615
5606,5608,5615
5606,5607,5616
5606,5608,5616
5606,5607,5618
5606,5608,5618
5606,5607,5619
5606,5608,5619
5621,5622,5623
5625,5627,NA
5628,5629,5631
5628,5630,5631
5628,5629,5633
5628,5630,5633
5628,5629,5635
5628,5630,5635
5628,5629,5638
5628,5630,5638
5628,5629,5639
5628,5630,5639
5641,5642,NA
5643,5644,NA
5646,5647,5648
5649,5650,5653
5649,5651,5653
5649,5650,5655
5649,5651,5655
5657,5658,5659
5660,5661,NA
5662,5664,5667
5662,5664,17379
5669,5670,NA
5671,5672,NA
5673,5674,NA
5675,5676,5677
5675,5676,5679
5675,5676,5680
5675,5676,17381
5675,5676,17384
5681,5682,5683
5685,5686,NA
5687,5689,5691
5687,5689,17458
5687,5689,17459
5687,5689,17460
5687,5689,17461
5687,5689,17463
5687,5689,17464
5687,5689,17465
5698,5699,NA
5700,5701,5702
5700,5701,5704
5700,5701,5708
5710,5711,5713
5710,5711,17466
5710,5711,17467
5710,5711,17468
5710,5711,17469
5710,5711,17470
5710,5711,17471
5710,5711,17472
5710,5711,17473
5710,5711,17474
5710,5711,17475
5710,5711,17476
5710,5711,72293
5732,5734,NA
5735,5737,5738
5736,5739,5741
5736,5739,5743
5736,5739,5745
5736,5739,5747
5736,5739,5749
5752,5753,5754
5755,5757,NA
5758,5759,5760
5761,5762,5763
5761,5762,5765
5761,5762,5767
5761,5762,5769
5761,5762,5771
5761,5762,5773
5761,5762,5775
5777,5778,5779
5777,5778,76071
5780,5781,NA
5782,5783,NA
5784,5786,5787
5790,5791,5792
5790,5791,5793
5790,5791,5795
5790,5791,5797
5790,5791,74069
5799,5800,5801
5799,5800,5803
5799,5800,5804
5799,5800,5806
5799,5800,5809
5799,5800,5810
5799,5800,5811
5799,5800,5813
5799,5800,72946
5814,5815,NA
5816,5818,5819
5821,5822,5824
5825,5826,5827
5829,5831,NA
5832,5833,NA
5834,5835,17477
5834,5835,17478
5834,5835,17479
5839,5840,5842
5839,5841,5842
5839,5840,5845
5839,5841,5845
5839,5840,5847
5839,5841,5847
5839,5840,5848
5839,5841,5848
5839,5840,5850
5839,5841,5850
5839,5840,5851
5839,5841,5851
5839,5840,5852
5839,5841,5852
5839,5840,5854
5839,5841,5854
5839,5840,5856
5839,5841,5856
5839,5840,5857
5839,5841,5857
5858,5859,5860
5861,5862,NA
5861,5863,NA
5864,5865,5867
5864,5865,5869
5864,5865,5871
5864,5865,5873
5864,5865,5876
5879,5880,NA
5881,5882,NA
5883,5884,5885
5886,5887,NA
5889,5890,5892
5889,5890,5894
5889,5890,5896
5889,5890,5898
5901,5902,NA
5903,5905,5906
5903,5905,5908
5910,5911,5913
5910,5912,5913
5910,5911,5915
5910,5912,5915
5916,5918,5920
5916,5918,5922
5916,5918,17481
5916,5918,17482
5916,5918,17483
5928,5930,5931
5932,5933,NA
5934,5935,NA
5936,5938,NA
5939,5940,5941
5939,5940,5943
5946,5947,NA
5949,5950,5951
5952,5953,NA
5954,5956,NA
5957,5958,NA
5959,5960,5961
5963,5965,5966
5968,5969,5970
5971,5972,5973
5975,5977,NA
5978,5980,5981
5983,5984,NA
5985,5987,NA
5988,5989,5990
5991,5993,NA
5994,5997,NA
5998,5999,NA
6000,6001,NA
6002,6004,NA
6005,6007,NA
6009,6010,NA
6011,6012,6013
6016,6017,NA
6018,6019,NA
6020,6021,NA
6022,6023,6024
6022,6023,6025
6022,6023,6027
6022,6023,6029
6022,6023,6031
6022,6023,6032
6022,6023,6034
6022,6023,6036
6022,6023,6037
6038,6039,NA
6040,6042,NA
6043,6044,6046
6043,6045,6046
6043,6044,6047
6043,6045,6047
6043,6044,6048
6043,6045,6048
6043,6044,6050
6043,6045,6050
6055,6056,6059
6055,6056,6061
6062,6063,NA
6064,6065,NA
6066,6067,6068
6070,15512,NA
6072,6073,NA
6074,6075,6076
6077,6078,NA
6079,6081,NA
6082,6084,6086
6087,6088,75549
6089,6091,NA
6092,6093,6094
6092,6093,6096
6097,6098,6099
6100,6101,6104
6106,6109,NA
6110,6111,6112
6113,6114,6115
6113,6114,6118
6113,6114,6119
6113,6114,6121
6113,6114,6123
6113,6114,6125
6113,6114,6128
6113,6114,6129
6113,6114,6131
6113,6114,6132
6113,6114,6133
6113,6114,72287
6134,6135,NA
6137,6138,6142
6144,6145,6146
6144,6145,6148
6144,6145,17484
6150,6152,6153
6154,6155,6156
6154,6155,6158
6154,6155,17485
6161,6163,NA
6164,6166,NA
6168,6170,6171
6168,6170,6172
6174,6176,6178
6174,6176,6179
6181,6182,NA
6183,6184,NA
6185,6186,NA
6187,6189,NA
6192,6193,NA
6194,6195,NA
6196,6197,NA
6198,6200,6201
6202,6203,NA
6204,6206,6207
6210,6211,NA
6212,6213,NA
6214,6215,6216
6214,6215,6218
6214,6215,6220
6214,6215,6222
6224,6225,6226
6228,6229,NA
6230,6231,NA
6232,6233,NA
6234,6235,NA
6236,6237,NA
6238,6239,NA
6240,6241,6243
6240,6242,6243
6240,6241,6244
6240,6242,6244
6240,6241,6245
6240,6242,6245
6240,6241,6248
6240,6242,6248
6240,6241,17487
6240,6242,17487
6240,6241,17488
6240,6242,17488
6240,6241,17489
6240,6242,17489
6240,6241,17490
6240,6242,17490
6240,6241,72290
6240,6242,72290
6255,6257,NA
6258,6259,NA
6260,6261,6262
6260,6261,17491
6264,6265,NA
6266,6267,6268
6269,6270,NA
6271,6272,6273
6271,6272,6275
6277,6278,6279
6280,6281,6283
6280,6281,6285
6280,6281,6286
6289,6290,6292
6295,6297,NA
6298,6299,NA
6300,6301,NA
6303,6304,6305
6303,6304,6306
6303,6304,6307
6303,6304,17621
6311,6312,6313
6311,6312,6315
6311,6312,6316
6319,6320,77008
6319,6321,77008
6319,6320,77010
6319,6321,77010
6319,6320,6322
6319,6321,6322
6319,6320,6323
6319,6321,6323
6319,6320,6325
6319,6321,6325
6319,6320,6328
6319,6321,6328
6319,6320,6330
6319,6321,6330
6319,6320,6332
6319,6321,6332
6334,6335,NA
6337,6338,NA
6340,6342,NA
6343,6344,6346
6343,6345,6346
6343,6344,6347
6343,6345,6347
6343,6344,6349
6343,6345,6349
6343,6344,6351
6343,6345,6351
6343,6344,6352
6343,6345,6352
6343,6344,76861
6343,6345,76861
6353,6354,6355
6353,6354,6357
6353,6354,6359
6360,6361,6362
6360,6361,6363
6360,6361,6366
6360,6361,6368
6370,6371,NA
6372,6373,NA
6374,6375,6376
6378,6379,6380
6382,6383,6384
6382,6383,6386
6388,6389,6390
6391,6392,NA
6393,6395,NA
6396,6397,6398
6400,6401,NA
6402,6403,NA
6404,6405,NA
6406,6407,6409
6411,6412,6413
6415,6416,NA
6417,6418,6421
6417,6419,6421
6417,6418,6422
6417,6419,6422
6417,6418,6424
6417,6419,6424
6417,6418,6425
6417,6419,6425
6417,6418,6427
6417,6419,6427
6417,6418,6429
6417,6419,6429
6435,6436,NA
6438,6440,6442
6438,6440,6445
6438,6440,6447
6448,6449,NA
6450,6451,NA
6452,6453,6454
6455,6456,6457
6455,6456,17623
6459,6461,6462
6464,6465,6469
6464,6466,6469
6464,6465,6471
6464,6466,6471
6464,6465,6472
6464,6466,6472
6464,6465,6473
6464,6466,6473
6464,6465,6475
6464,6466,6475
6464,6465,6477
6464,6466,6477
6479,6480,NA
6481,6482,NA
6483,6484,6485
6487,6489,6490
6487,6489,6492
6487,6489,6495
6487,6489,6497
6487,6489,17624
6487,6489,17625
6487,6489,17626
6487,6489,17627
6487,6489,17628
6487,6489,17629
6487,6489,17630
6505,6507,NA
6510,6513,6514
6516,6517,NA
6519,6520,6521
6522,6523,6526
6522,6523,6528
6522,6523,6530
6531,6534,6536
6531,6534,6543
6531,6534,6552
6531,6534,6554
6531,6534,6555
6531,6534,6557
6531,6534,6560
6537,6538,6539
6537,6538,6541
6537,6538,6544
6537,6538,6545
6537,6538,6547
6537,6538,17632
6549,6550,6551
6549,6550,69820
6553,6559,NA
6561,6562,NA
6563,6564,6566
6563,6565,6566
6563,6564,6567
6563,6565,6567
6563,6564,6569
6563,6565,6569
6563,6564,6570
6563,6565,6570
6571,6573,NA
6574,6575,6576
6574,6575,6578
6574,6575,6580
6574,6575,6582
6574,6575,6583
6584,6586,NA
6585,6587,6589
6585,6587,6594
6585,6587,6600
6585,6587,6606
6588,6590,6591
6588,6590,6595
6588,6590,6598
6588,6590,6602
6588,6590,17661
6588,6590,17663
6588,6590,17664
6607,6611,NA
6614,6615,NA
6616,6618,6619
6620,6621,NA
6622,6623,NA
6624,6625,6626
6628,6630,NA
6631,6632,6634
6631,6633,6634
6631,6632,6635
6631,6633,6635
6631,6632,6636
6631,6633,6636
6631,6632,6637
6631,6633,6637
6640,6641,6642
6640,6641,6644
6640,6641,6646
6640,6641,73028
6648,6649,6650
6648,6649,6651
6648,6649,6652
6648,6649,6655
6648,6649,6657
6648,6649,75698
6659,6660,NA
6661,6662,77074
6663,6664,NA
6665,6666,6668
6665,6667,6668
6665,6666,6670
6665,6667,6670
6674,6675,NA
6676,6679,6680
6682,6683,6684
6682,6683,6687
6688,6689,6690
6692,6693,6694
6695,6696,NA
6697,6699,NA
6700,6702,NA
6703,6704,NA
6705,6706,6707
6708,6709,6710
6716,6717,6718
6720,6722,NA
6723,6724,6725
6723,6724,6726
6727,6729,6730
6727,6729,6732
6727,6729,6733
6727,6729,6734
6727,6729,6738
6740,6741,6742
6740,6741,6745
6740,6741,6747
6740,6741,6749
6750,6751,6752
6753,6756,NA
6757,6758,76333
6759,6760,6761
6763,6764,6765
6767,6768,NA
6770,6771,6772
6773,6774,6775
6773,6774,9973
6773,6774,6777
6773,6774,6778
6773,6774,6780
6773,6774,6781
6773,6774,6962
6773,6774,6963
6782,6784,NA
6785,6786,NA
6787,6788,6789
6787,6788,6791
6787,6788,6793
6787,6788,6795
6796,6798,NA
6799,6800,69796
6801,6802,6803
6801,6802,6804
6801,6802,6806
6801,6802,6808
6801,6802,6809
6811,6812,6813
6811,6812,6815
6811,6812,6816
6811,6812,75180
6822,6823,6824
6822,6823,6825
6822,6823,6829
6822,6823,6830
6822,6823,6832
6833,6834,6835
6833,6834,6837
6838,6840,NA
6841,6842,NA
6843,6844,6845
6843,6844,6847
6843,6844,6850
6843,6844,70351
6852,6854,NA
6855,6856,NA
6859,6860,6861
6862,6863,NA
6864,6865,6866
6867,6868,NA
6869,6870,NA
6871,6872,6874
6871,6873,6874
6871,77663,6874
6871,6872,6876
6871,6873,6876
6871,77663,6876
6877,6878,NA
6879,6880,NA
6881,6882,NA
6883,6884,6885
6883,6884,6886
6887,6888,6890
6887,6889,6890
6887,6888,6892
6887,6889,6892
6887,6888,6893
6887,6889,6893
6887,6888,6895
6887,6889,6895
6887,6888,6897
6887,6889,6897
6898,6899,6900
6898,6899,6902
6905,6906,6907
6908,6909,6910
6908,6909,6912
6908,6909,6913
6908,6909,6914
6916,6918,NA
6919,6920,NA
6921,6922,6923
6921,6922,6924
6928,6930,6932
6928,6930,6934
6928,6930,6935
6936,6937,NA
6938,6939,6942
6938,6939,6943
6938,6939,6945
6938,6939,6948
6938,6939,6949
6938,6939,6951
6953,6954,NA
6955,6956,6957
6955,6956,6958
6964,6966,NA
6967,6969,6970
6971,6973,NA
6974,6975,6979
6974,6976,6979
6974,6975,6981
6974,6976,6981
6974,6975,6983
6974,6976,6983
6974,6975,6985
6974,6976,6985
6974,6975,6987
6974,6976,6987
6974,6975,6988
6974,6976,6988
6974,6975,6990
6974,6976,6990
6974,6975,6992
6974,6976,6992
6974,6975,6993
6974,6976,6993
6995,6996,NA
6997,6998,NA
6999,7000,NA
7001,7002,7003
7005,7007,NA
7008,NA,NA
7010,7012,NA
7013,7014,7015
7013,7014,7017
7013,7014,7018
7013,7014,7019
7021,7022,NA
7023,7024,7026
7023,7024,17543
7023,7024,17544
7023,7024,17545
7030,7031,NA
7032,7033,7034
7032,7033,17523
7032,7033,17525
7040,7041,NA
7042,7043,NA
7044,7046,7047
7049,7051,7052
7054,7056,NA
7057,7059,7060
7057,7059,7062
7057,7059,7064
7057,7059,7065
7057,7059,17526
7066,7067,7069
7070,7072,7073
7070,7072,7075
7070,7072,7078
7079,7080,7081
7079,7080,7083
7084,7086,7088
7084,7086,7092
7093,7095,NA
7096,7097,7098
7101,7102,7103
7101,7102,7104
7101,7102,7105
7101,7102,7106
7107,7108,7109
7111,7112,NA
7113,7115,7116
7118,7119,7120
7118,7119,7121
7118,7119,17527
7122,7123,NA
7124,7125,7127
7129,7130,NA
7131,7132,7134
7131,7132,7136
7131,7132,7137
7131,7132,7139
7131,7132,7141
7131,7132,7142
7131,7132,7144
7145,7146,NA
7148,7149,NA
7150,7152,NA
7153,7154,NA
7155,7156,7157
7155,7156,7158
7155,7156,7161
7162,7163,NA
7164,7165,7166
7172,7175,7176
7177,7179,7180
7181,7182,NA
7183,7184,7186
7183,7185,7186
7187,7188,7189
7190,7191,NA
7192,7194,7195
7197,7198,7199
7200,7201,7202
7200,7201,7204
7206,7207,7208
7206,7207,7210
7206,7207,7213
7206,7207,7215
7206,7207,7216
7206,7207,7218
7206,7207,7219
7206,7207,7221
7206,7207,7223
7206,7207,7224
7206,7207,7226
7228,7229,7231
7228,7230,7231
7228,7229,7232
7228,7230,7232
7228,7229,7235
7228,7230,7235
7228,7229,7237
7228,7230,7237
7228,7229,7256
7228,7230,7256
7228,7229,7239
7228,7230,7239
7228,7229,7240
7228,7230,7240
7228,7229,7241
7228,7230,7241
7242,7243,7244
7242,7243,7246
7247,7248,NA
7249,7250,7251
7249,7250,7253
7249,7250,7254
7249,7250,7255
7257,7258,NA
7259,7260,NA
7261,7262,7263
7261,7262,7265
7266,7267,7268
7270,7271,7272
7273,7274,NA
7275,7276,7279
7275,7277,7279
7275,7278,7279
7275,7276,7281
7275,7277,7281
7275,7278,7281
7275,7276,7282
7275,7277,7282
7275,7278,7282
7275,7276,7284
7275,7277,7284
7275,7278,7284
7275,7276,7286
7275,7277,7286
7275,7278,7286
7275,7276,7288
7275,7277,7288
7275,7278,7288
7275,7276,7290
7275,7277,7290
7275,7278,7290
7291,7292,7293
7291,7292,7294
7295,7297,NA
7298,7299,NA
7300,7301,7302
7304,7308,7309
7310,7311,7312
7310,7311,7313
7315,7316,NA
7317,7318,7319
7321,7322,7323
7321,7322,7325
7321,7322,7326
7327,7332,7333
7328,7330,NA
7335,7336,NA
7338,7339,NA
7340,7341,NA
7342,7344,NA
7346,7348,7350
7352,7353,NA
7355,7357,7358
7355,7357,7360
7355,7357,7363
7355,7357,7365
7355,7357,7367
7355,7357,7368
7355,7357,17528
7369,7370,NA
7372,7373,7374
7376,7378,NA
7379,7380,7381
7379,7380,7382
7379,7380,7383
7384,7385,7386
7384,7385,7387
7388,7389,7390
7392,7394,NA
7395,7396,NA
7397,72608,7399
7397,72608,7400
7397,72608,7401
7397,72608,7407
7397,72608,17531
7397,72608,17532
7397,72608,17533
7397,72608,17534
7397,72608,72611
7410,7411,NA
7412,7413,NA
7414,7415,7416
7417,7418,7420
7417,7418,7422
7417,7418,7423
7417,7418,7424
7417,7418,7425
7417,7418,17535
7417,7418,17537
7417,7418,17538
7417,7418,17540
7429,7430,NA
7431,7432,NA
7433,7434,7435
7436,7437,NA
7439,7440,7441
7439,7440,17541
7442,7443,NA
7444,7445,7446
7449,7450,NA
7451,7452,7453
7454,7455,7456
7457,7458,7460
7463,7464,7465
7463,7464,7467
7463,7464,7470
7463,7464,7472
7463,7464,7474
7463,7464,7476
7463,7464,77391
7477,7478,7479
7477,7478,73975
7481,7482,NA
7483,7485,NA
7486,7487,NA
7488,7489,NA
7490,7492,NA
7493,7495,7496
7498,7499,NA
7500,7501,7502
7500,7501,7504
7500,7501,7506
7507,7509,NA
7510,7511,NA
7512,7513,7515
7512,7514,7515
7512,7513,7516
7512,7514,7516
7512,7513,7517
7512,7514,7517
7512,7513,7519
7512,7514,7519
7512,7513,7520
7512,7514,7520
7521,7523,NA
7524,7525,7527
7524,7526,7527
7524,7525,7529
7524,7526,7529
7524,7525,73025
7524,7526,73025
7530,7531,7532
7530,7531,69792
7533,7534,7535
7533,7534,7536
7533,7534,7538
7539,7541,76942
7539,7542,76942
7539,7541,76944
7539,7542,76944
7539,7541,7543
7539,7542,7543
7539,7541,7544
7539,7542,7544
7539,7541,7546
7539,7542,7546
7539,7541,7547
7539,7542,7547
7539,7541,7549
7539,7542,7549
7539,7541,7550
7539,7542,7550
7539,7541,7551
7539,7542,7551
7539,7541,7552
7539,7542,7552
7539,7541,7553
7539,7542,7553
7539,7541,7554
7539,7542,7554
7539,7541,7556
7539,7542,7556
7539,7541,7559
7539,7542,7559
7539,7541,7560
7539,7542,7560
7539,7541,7561
7539,7542,7561
7539,7541,7564
7539,7542,7564
7539,7541,7566
7539,7542,7566
7539,7541,7568
7539,7542,7568
7539,7541,7570
7539,7542,7570
7539,7541,7572
7539,7542,7572
7573,7574,NA
7576,7577,7578
7580,7581,NA
7582,7583,NA
7584,7585,7586
7584,7585,7588
7589,7591,7592
7593,7594,NA
7595,7596,NA
7597,7598,7599
7600,7601,7602
7600,7601,7604
7606,7607,NA
7608,7609,NA
7610,7612,7613
7610,7612,7615
7617,7618,NA
7619,7620,7621
7622,7623,7624
7626,7627,7628
7626,7627,7630
7626,7627,7632
7633,7634,NA
7635,7636,7637
7639,NA,7641
7639,NA,7644
7639,NA,7645
7639,NA,7647
7639,NA,74343
7648,7649,NA
7650,7651,NA
7652,7653,NA
7654,7655,70772
7656,7657,7658
7660,7661,NA
7662,7664,7665
7662,7664,7667
7662,7664,7670
7662,7664,7671
7662,7664,7672
7662,7664,7673
7662,7664,7674
7676,7677,7678
7680,7681,NA
7682,7683,7685
7686,7687,7688
7690,7691,7693
7695,7696,7697
7699,7700,7701
7702,7704,7706
7702,7704,7709
7702,7704,7711
7702,7704,7713
7715,7716,NA
7717,7719,NA
7720,7723,NA
7724,7726,7727
7724,7726,7729
7731,7732,NA
7733,7734,NA
7735,7736,7737
7741,7742,NA
7743,7744,NA
7745,7747,NA
7748,7749,NA
7750,7751,7752
7750,7751,7754
7750,7751,7756
7750,7751,7758
7750,7751,7759
7750,7751,7762
7763,7764,7765
7763,7764,7766
7763,7764,7768
7763,7764,7769
7770,7771,7772
7770,7771,7774
7770,7771,7775
7776,7778,NA
7779,7780,7781
7779,7780,7782
7779,7780,7784
7779,7780,7785
7779,7780,7786
7788,7790,7791
7788,7790,7794
7788,7790,7795
7788,7790,7797
7788,7790,7799
7801,7802,69682
7804,7805,7806
7804,7805,17665
7808,7809,NA
7810,7811,7812
7810,7811,7813
7814,7815,NA
7816,7817,NA
7818,7819,NA
7820,7821,7822
7820,7821,7825
7820,7821,7826
7820,7821,7828
7829,7831,NA
7832,7833,7834
7835,7836,NA
7837,7838,7839
7840,7841,NA
7843,7844,NA
7845,7846,7849
7851,7852,7853
7851,7852,7855
7851,7852,7856
7851,7852,7857
7851,7852,7858
7851,7852,73829
7859,7860,7861
7859,7860,7863
7864,7865,NA
7866,7867,NA
7868,7869,NA
7870,7872,NA
7873,7875,NA
7876,7877,7878
7881,7883,7884
7881,7883,7885
7881,7883,7886
7887,7889,7890
7887,7889,7892
7887,7889,7894
7887,7889,7896
7887,7889,7898
7899,7901,7902
7899,7901,7904
7899,7901,7905
7907,7908,NA
7909,7916,NA
7910,7912,7913
7917,7918,NA
7919,7920,7922
7923,7924,7925
7923,7924,7926
7923,7924,7927
7928,7929,7930
7933,7934,NA
7935,7936,76271
7937,7938,7941
7937,7940,7941
7937,7938,7942
7937,7940,7942
7937,7938,7943
7937,7940,7943
7945,7946,7947
7948,7949,NA
7950,7951,NA
7952,7953,7954
7955,7957,7958
7961,7962,NA
7963,7965,NA
7966,7967,NA
7968,7969,NA
7970,7971,NA
7972,7973,69556
7974,7975,7976
7977,7978,7979
7977,7978,73024
7981,7982,7983
7981,7982,7984
7981,7982,7985
7986,7987,7988
7986,7987,7989
7986,7987,7990
7986,7987,7991
7986,7987,7992
7986,7987,7995
7997,7998,NA
7999,8001,NA
8007,8009,8010
8007,8009,8013
8007,8009,8015
8007,8009,8017
8007,8009,8019
8020,8022,NA
8023,8024,NA
8025,8026,NA
8027,8029,8032
8027,8031,8032
8027,8029,8034
8027,8031,8034
8027,8029,8035
8027,8031,8035
8027,8029,8038
8027,8031,8038
8027,8029,8039
8027,8031,8039
8027,8029,8040
8027,8031,8040
8027,8029,8042
8027,8031,8042
8027,8029,8044
8027,8031,8044
8046,8047,8048
8050,8052,8053
8050,8052,8054
8050,8052,8057
8050,8052,8059
8061,8062,8063
8065,8066,NA
8067,8069,NA
8070,8071,8072
8074,8075,8076
8077,8078,8079
8077,8078,8081
8083,8084,8085
8083,8084,8087
8083,8084,8089
8083,8084,8092
8083,8084,8094
8083,8084,8096
8097,8098,8100
8097,8098,8102
8097,8098,8104
8097,8098,8106
8097,8098,8107
8097,8098,8110
8097,8098,8111
8097,8098,8114
8115,8116,8117
8115,8116,17703
8115,8116,17708
8115,8116,17710
8121,8123,NA
8124,8125,NA
8126,8127,8128
8126,8127,8132
8126,8127,8134
8126,8127,8135
8137,8139,NA
8140,8142,8143
8140,8142,8145
8140,8142,8147
8140,8142,8149
8151,8152,8154
8155,8156,NA
8157,8158,NA
8159,8160,8161
8164,8165,8166
8167,8168,8169
8173,8175,8176
8173,8175,8179
8173,8175,76752
8180,8182,8183
8184,8186,NA
8187,8189,8190
8192,8194,NA
8195,8196,NA
8197,8198,NA
8199,8200,NA
8201,8203,NA
8204,8205,NA
8206,8207,NA
8208,8209,8210
8212,8213,8215
8212,8213,8216
8212,8213,73027
8218,8219,NA
8220,8221,NA
8222,8223,NA
8224,8225,8226
8224,8225,8228
8224,8225,8230
8224,8225,8231
8232,8233,NA
8234,8235,NA
8236,8237,8238
8239,8240,NA
8241,8242,8243
8245,8246,NA
8247,8249,NA
8250,8252,8253
8250,8252,8255
8250,8252,8257
8259,8260,NA
8261,8263,NA
8264,8265,8266
8264,8265,8267
8264,8265,8268
8264,8265,8269
8264,8265,73976
8270,8271,8272
8270,8271,8273
8270,8271,8275
8270,8271,8276
8270,8271,69610
8277,8279,8280
8281,8282,8284
8281,8282,8285
8288,8289,NA
8290,8291,8292
8290,77780,8292
8290,8291,77781
8290,77780,77781
8290,8291,77782
8290,77780,77782
8294,8295,8296
8294,8295,8297
8294,8295,8298
8294,8295,8299
8294,8295,8300
8301,8302,NA
8303,8304,8305
8306,8307,23916
8306,8307,8308
8306,8307,8310
8306,8307,8313
8306,8307,8315
8306,8307,8316
8306,8307,8317
8306,8307,8318
8306,8307,8319
8320,8321,NA
8323,8324,8326
8323,8325,8326
8323,8324,8327
8323,8325,8327
8323,8324,8328
8323,8325,8328
8323,8324,8329
8323,8325,8329
8323,8324,8331
8323,8325,8331
8323,8324,8334
8323,8325,8334
8323,8324,8336
8323,8325,8336
8323,8324,8337
8323,8325,8337
8323,8324,8338
8323,8325,8338
8340,8342,NA
8343,8345,NA
8346,8347,8348
8346,8347,8350
8346,8347,8351
8356,8357,8358
8359,8360,NA
8361,8362,NA
8363,8364,NA
8365,8367,NA
8368,8369,NA
8370,8371,NA
8372,8373,8374
8372,8373,8375
8372,8373,8377
8378,8379,NA
8380,8381,NA
8382,8383,NA
8384,8385,8386
8384,8385,8388
8384,8385,8389
8384,8385,8390
8391,8392,NA
8393,NA,8394
8393,NA,8395
8393,NA,73704
8396,8397,75906
8396,8398,75906
8396,8397,75907
8396,8398,75907
8396,8397,75909
8396,8398,75909
8396,8397,8399
8396,8398,8399
8396,8397,75910
8396,8398,75910
8396,8397,8400
8396,8398,8400
8396,8397,8401
8396,8398,8401
8396,8397,8402
8396,8398,8402
8396,8397,75911
8396,8398,75911
8396,8397,75912
8396,8398,75912
8396,8397,75915
8396,8398,75915
8396,8397,75916
8396,8398,75916
8396,8397,75917
8396,8398,75917
8396,8397,75918
8396,8398,75918
8396,8397,8403
8396,8398,8403
8396,8397,8404
8396,8398,8404
8396,8397,8406
8396,8398,8406
8396,8397,8408
8396,8398,8408
8396,8397,8410
8396,8398,8410
8396,8397,75922
8396,8398,75922
8396,8397,75926
8396,8398,75926
8396,8397,75923
8396,8398,75923
8396,8397,75927
8396,8398,75927
8396,8397,8412
8396,8398,8412
8396,8397,8414
8396,8398,8414
8396,8397,8417
8396,8398,8417
8396,8397,75928
8396,8398,75928
8396,8397,75929
8396,8398,75929
8396,8397,75930
8396,8398,75930
8396,8397,75931
8396,8398,75931
8396,8397,75933
8396,8398,75933
8396,8397,75935
8396,8398,75935
8396,8397,75937
8396,8398,75937
8418,8419,8421
8418,8420,8421
8418,8419,8422
8418,8420,8422
8418,8419,8423
8418,8420,8423
8418,8419,8425
8418,8420,8425
8418,8419,73124
8418,8420,73124
8427,8428,69627
8429,8430,8431
8433,8434,NA
8435,8436,NA
8437,8438,8439
8437,8438,8440
8437,8438,8442
8437,8438,8443
8437,8438,8445
8447,8448,NA
8449,8450,8451
8452,8453,8455
8452,8453,8457
8452,8453,8459
8452,8453,8461
8452,8453,8463
8452,8453,8465
8452,8453,8467
8452,8453,72498
8468,8469,8470
8468,8469,8472
8474,8475,8476
8474,8475,8477
8474,8475,8480
8481,8482,25196
8481,77662,25196
8481,8483,25196
8481,8482,23907
8481,77662,23907
8481,8483,23907
8481,8482,23909
8481,77662,23909
8481,8483,23909
8481,8482,23911
8481,77662,23911
8481,8483,23911
8481,8482,25199
8481,77662,25199
8481,8483,25199
8481,8482,25201
8481,77662,25201
8481,8483,25201
8481,8482,25202
8481,77662,25202
8481,8483,25202
8481,8482,25204
8481,77662,25204
8481,8483,25204
8481,8482,25205
8481,77662,25205
8481,8483,25205
8481,8482,8484
8481,77662,8484
8481,8483,8484
8486,8487,NA
8488,8489,NA
8490,8492,NA
8493,8494,8496
8493,8495,8496
8493,8494,8498
8493,8495,8498
8493,8494,8499
8493,8495,8499
8493,8494,8501
8493,8495,8501
8493,8494,8502
8493,8495,8502
8493,8494,8504
8493,8495,8504
8493,8494,8506
8493,8495,8506
8507,NA,NA
8509,8510,8511
8509,8510,8514
8509,8510,8515
8516,8517,NA
8518,8519,NA
8520,8521,NA
8522,8523,NA
8524,8526,8527
8524,8526,8529
8531,8532,NA
8533,8534,8535
8545,8546,8548
8545,8547,8548
8545,8546,8550
8545,8547,8550
8551,8554,NA
8555,8556,8557
8559,8560,8561
8559,8560,8563
8559,8560,8565
8559,8560,8567
8559,8560,8568
8559,8560,8569
8570,8571,8572
8573,8574,8575
8577,8578,NA
8579,8580,8581
8579,8580,8582
8579,8580,8584
8586,8587,8588
8586,8587,8589
8586,8587,8591
8593,8594,8595
8596,8597,NA
8598,8599,8600
8601,8602,NA
8603,8604,8605
8603,8604,8608
8603,8604,8610
8612,8613,8614
8615,8616,NA
8617,8618,NA
8619,8620,74751
8619,8621,74751
8619,8620,74753
8619,8621,74753
8619,8620,8622
8619,8621,8622
8619,8620,8624
8619,8621,8624
8619,8620,74760
8619,8621,74760
8619,8620,74759
8619,8621,74759
8619,8620,74761
8619,8621,74761
8619,8620,8625
8619,8621,8625
8619,8620,8626
8619,8621,8626
8619,8620,8627
8619,8621,8627
8619,8620,74752
8619,8621,74752
8619,8620,74762
8619,8621,74762
8619,8620,74765
8619,8621,74765
8629,8630,8631
8632,8633,NA
8634,8635,8636
8637,8638,8639
8640,8642,NA
8643,8644,NA
8645,8647,8648
8650,8651,8652
8653,8654,NA
8655,8656,NA
8657,8658,NA
8659,8660,8661
8659,8660,8663
8659,8660,8664
8659,8660,8666
8659,8660,8668
8671,8672,NA
8674,8676,8677
8678,8679,8680
8678,8679,8682
8678,8679,8683
8685,8686,8688
8685,8687,8688
8685,8686,8691
8685,8687,8691
8685,8686,8694
8685,8687,8694
8685,8686,8696
8685,8687,8696
8698,8699,NA
8701,8702,8703
8701,8702,8704
8701,8702,8707
8701,8702,8710
8715,8716,8717
8715,8716,8719
8721,8722,8723
8724,8725,8726
8724,8725,8727
8724,8725,8729
8724,8725,8731
8735,8736,8737
8735,8736,8738
8735,8736,70575
8739,8740,NA
8741,8742,8743
8744,8745,NA
8746,8747,NA
8748,8749,NA
8750,8751,NA
8752,8753,NA
8754,8755,8757
8754,8756,8757
8754,8755,8759
8754,8756,8759
8754,8755,8761
8754,8756,8761
8754,8755,8762
8754,8756,8762
8754,8755,8763
8754,8756,8763
8754,8755,8765
8754,8756,8765
8754,8755,8766
8754,8756,8766
8767,8768,8769
8770,8771,8772
8770,8771,73748
8779,8781,8782
8783,8784,8785
8783,8784,8787
8783,8784,8788
8791,8792,NA
8793,8795,8798
8793,8795,8799
8793,8795,8801
8793,8795,8802
8793,8795,8804
8806,8807,NA
8808,8809,8810
8811,8812,NA
8813,8814,8815
8818,8819,8820
8818,8819,8822
8823,8824,NA
8825,8826,NA
8827,8828,NA
8834,8835,8837
8834,8836,8837
8834,8835,8841
8834,8836,8841
8834,8835,8844
8834,8836,8844
8834,8835,8846
8834,8836,8846
8834,8835,8847
8834,8836,8847
8834,8835,8848
8834,8836,8848
8849,8850,NA
8851,8852,NA
8853,8855,NA
8856,8857,NA
8858,8859,8862
8858,8859,8864
8858,8859,8866
8868,8869,8870
8868,8869,8872
8868,8869,8874
8868,8869,8875
8868,8869,8876
8868,8869,8878
8879,8880,8881
8882,8884,NA
8885,8886,8887
8888,8889,8890
8895,8896,8897
8895,8896,8899
8895,8896,8901
8904,8905,8906
8904,8905,8908
8904,8905,8910
8904,8905,8912
8904,8905,8913
8904,8905,8914
8915,8917,NA
8918,8921,8922
8924,8925,NA
8926,8928,NA
8929,8931,NA
8932,8933,8934
8932,8933,8935
8932,8933,8936
8937,8938,NA
8939,8940,8941
8942,8943,8944
8942,8943,8945
8942,8943,8946
8942,8943,8948
8942,8943,8949
8951,8952,NA
8953,8955,8956
8953,8955,8958
8953,8955,8960
8953,8955,8961
8963,8964,NA
8965,8966,8967
8965,8966,8968
8965,8966,8969
8965,8966,8971
8965,8966,8973
8974,8975,NA
8976,8978,NA
8979,8980,8984
8979,8983,8984
8979,8980,8987
8979,8983,8987
8979,8980,8990
8979,8983,8990
8979,8980,8992
8979,8983,8992
8979,8980,8993
8979,8983,8993
8979,8980,8994
8979,8983,8994
8979,8980,8996
8979,8983,8996
8998,8999,9000
9001,9002,9003
9006,75749,9008
9006,75750,9008
9006,9007,9008
9006,75751,9008
9006,75749,9010
9006,75750,9010
9006,9007,9010
9006,75751,9010
9006,75749,9012
9006,75750,9012
9006,9007,9012
9006,75751,9012
9006,75749,9014
9006,75750,9014
9006,9007,9014
9006,75751,9014
9006,75749,9015
9006,75750,9015
9006,9007,9015
9006,75751,9015
9006,75749,9017
9006,75750,9017
9006,9007,9017
9006,75751,9017
9006,75749,9019
9006,75750,9019
9006,9007,9019
9006,75751,9019
9006,75749,9022
9006,75750,9022
9006,9007,9022
9006,75751,9022
9006,75749,9023
9006,75750,9023
9006,9007,9023
9006,75751,9023
9006,75749,9024
9006,75750,9024
9006,9007,9024
9006,75751,9024
9006,75749,9025
9006,75750,9025
9006,9007,9025
9006,75751,9025
9006,75749,9026
9006,75750,9026
9006,9007,9026
9006,75751,9026
9006,75749,70342
9006,75750,70342
9006,9007,70342
9006,75751,70342
9006,75749,75752
9006,75750,75752
9006,9007,75752
9006,75751,75752
9028,9031,9032
9028,9031,9033
9028,9031,9034
9028,9031,70506
9035,9037,9038
9035,9037,9042
9043,9044,NA
9045,9046,NA
9047,9048,9049
9051,9052,NA
9053,9054,9055
9056,9057,9058
9056,9057,9059
9056,9057,9061
9056,9057,9062
9063,9064,NA
9065,9067,NA
9068,9069,NA
9070,9071,NA
9072,9073,NA
9074,9075,9079
9074,9077,9079
9074,9075,9080
9074,9077,9080
9074,9075,9082
9074,9077,9082
9084,9085,NA
9086,9087,NA
9088,9089,NA
9090,9091,NA
9092,9093,9094
9092,9093,9095
9097,9098,NA
9099,9100,9101
9099,9100,9102
9099,9100,9103
9099,9100,9105
9107,9108,9109
9111,9112,NA
9113,9114,9115
9116,9118,9119
9116,9118,9120
9116,9118,9122
9124,9125,9126
9124,9125,9127
9124,9125,9129
9124,9125,9130
9124,9125,9132
9124,9125,9134
9135,9137,9138
9135,9137,9139
9135,9137,9141
9135,9137,9142
9135,9137,9143
9135,9137,9144
9135,9137,9145
9147,9148,NA
9149,9150,NA
9151,9152,NA
9153,9154,NA
9155,9156,9157
9155,9156,9158
9159,9160,NA
9161,9162,NA
9165,9166,9167
9165,9166,9169
9165,9166,9171
9172,9173,NA
9174,9175,9176
9178,9179,NA
9180,9182,9183
9180,9182,9186
9188,9189,9190
9188,9189,9191
9192,9193,9198
9192,9194,9198
9192,9197,9198
9199,9200,9201
9203,9205,NA
9206,9208,NA
9209,9210,9211
9209,77056,9211
9209,9210,9212
9209,77056,9212
9209,9210,9216
9209,77056,9216
9209,9210,9220
9209,77056,9220
9209,9210,9222
9209,77056,9222
9209,9210,9223
9209,77056,9223
9209,9210,9225
9209,77056,9225
9209,9210,9229
9209,77056,9229
9209,9210,9231
9209,77056,9231
9232,9233,NA
9234,9235,9236
9234,9235,9238
9239,9240,9241
9239,9240,9242
9244,9245,72605
9246,9247,9248
9246,9247,9250
9246,9247,9251
9246,9247,9254
9246,9247,9256
9259,9260,9261
9262,9264,NA
9265,9266,9267
9270,9271,NA
9272,9273,9274
9272,9273,9275
9272,9273,9276
9277,9278,9279
9277,9278,76873
9281,9283,NA
9284,9286,NA
9287,9288,NA
9289,9290,NA
9291,9293,NA
9295,9296,9297
9295,9296,9299
9295,9296,9300
9295,9296,9301
9295,9296,9303
9295,9296,9304
9295,9296,9306
9295,9296,9307
9295,9296,69442
9308,9309,72606
9310,9312,9314
9315,9316,9321
9315,9316,9322
9320,9337,9338
9323,9325,9330
9323,9329,9330
9323,9325,9332
9323,9329,9332
9323,9325,9333
9323,9329,9333
9323,9325,9335
9323,9329,9335
9339,9340,9341
9343,9344,70250
9345,9347,9348
9345,9347,70251
9349,9350,9351
9349,9350,9353
9354,9355,NA
9356,9358,9359
9356,9358,9360
9362,9364,9365
9362,9364,9367
9362,9364,9369
9371,9372,9373
9371,9372,9375
9371,9372,9377
9371,9372,9379
9380,9382,NA
9383,9384,9385
9383,9384,9386
9383,9384,9388
9383,9384,9389
9391,9392,9393
9391,9392,9394
9395,9398,NA
9399,9401,9402
9403,9405,NA
9406,9407,NA
9408,9409,NA
9410,9411,9412
9410,9411,15524
9413,9414,NA
9415,9416,9417
9419,9421,9422
9419,9421,9423
9424,9425,9426
9428,9429,9430
9431,9433,9434
9435,9436,NA
9437,9438,NA
9440,9441,NA
9442,9443,NA
9444,9445,NA
9446,9447,NA
9448,9449,NA
9450,9451,9452
9450,9451,9456
9450,9451,9459
9450,9451,9460
9450,9451,9461
9450,9451,9462
9450,9451,9463
9450,9451,23081
9465,9466,9468
9469,9470,9472
9469,9470,9474
9469,9470,9475
9476,9477,NA
9478,9479,9482
9483,9484,9485
9486,9487,9488
9486,9487,9489
9486,9487,9490
9486,9487,9492
9486,9487,9494
9486,9487,9495
9486,9487,9497
9486,9487,9498
9486,9487,9499
9501,9502,9503
9504,9505,9506
9507,9508,9509
9510,9511,9512
9513,9514,NA
9515,9516,NA
9517,9518,NA
9519,9520,9521
9519,9520,9524
9525,9526,9527
9525,9526,9529
9525,9526,9531
9525,9526,9532
9525,9526,73285
9534,9536,9537
9534,9536,9538
9534,9536,9539
9534,9536,9540
9541,9542,9543
9544,9545,NA
9546,9547,NA
9548,9549,NA
9550,9553,9554
9550,9553,9555
9557,9558,NA
9559,9561,9562
9559,9561,9564
9559,9561,9566
9559,9561,9567
9559,9561,9568
9559,9561,9569
9559,9561,9570
9559,9561,9572
9559,9561,9573
9574,9576,NA
9577,9579,9580
9577,9579,9581
9577,9579,9584
9586,9587,9588
9586,9587,9589
9586,9587,9590
9586,9587,9593
9586,9587,9595
9586,9587,9597
9586,9587,9599
9586,9587,69448
9602,9603,NA
9604,9605,NA
9606,9607,9608
9609,9610,9611
9612,9614,9615
9612,9614,9616
9612,9614,9617
9612,9614,9619
9612,9614,9621
9612,9614,9622
9623,9624,NA
9625,9627,9628
9625,9627,9630
9625,9627,9631
9632,9634,NA
9635,9636,NA
9637,9638,NA
9639,9641,NA
9642,9643,9644
9645,9647,9648
9645,9647,9650
9645,9647,9652
9645,9647,9654
9656,9657,NA
9658,9659,9660
9662,9663,9664
9662,9663,9665
9662,9663,9666
9662,9663,9668
9662,9663,9670
9662,9663,9672
9673,9674,NA
9675,9676,9677
9678,9679,9680
9678,74212,9680
9678,77658,9680
9678,9679,9682
9678,74212,9682
9678,77658,9682
9678,9679,9683
9678,74212,9683
9678,77658,9683
9678,9679,9685
9678,74212,9685
9678,77658,9685
9678,9679,9687
9678,74212,9687
9678,77658,9687
9678,9679,9689
9678,74212,9689
9678,77658,9689
9678,9679,9690
9678,74212,9690
9678,77658,9690
9691,9694,9696
9698,9699,9700
9698,9699,9701
9702,9703,NA
9704,9705,NA
9706,9707,NA
9708,9709,9710
9712,9713,9714
9715,9716,9717
9719,9720,NA
9721,9722,9723
9721,9722,9726
9721,9722,9727
9730,9731,NA
9732,9733,9734
9735,9736,NA
9737,9738,9739
9737,9738,9743
9737,9738,9744
9737,9738,9745
9737,9738,9747
9737,9738,9749
9737,9738,9751
9754,9755,9756
9757,9759,NA
9760,9761,NA
9762,9763,NA
9764,9765,NA
9766,9767,9768
9769,9770,NA
9771,9773,9774
9771,9773,9775
9771,9773,9777
9778,9779,NA
9780,9781,NA
9782,9783,NA
9784,9787,9788
9784,9787,9790
9784,9787,9792
9784,9787,9794
9796,9797,NA
9798,9799,NA
9800,9802,9803
9805,9806,9807
9808,9809,NA
9810,9811,NA
9812,9813,9814
9815,9816,NA
9817,9819,NA
9820,9823,9824
9820,9823,9825
9820,9823,9827
9821,9822,NA
9829,9831,NA
9832,9833,9834
9836,9837,9838
9840,9841,9842
9840,9841,9843
9844,9845,9846
9847,9848,9849
9850,9851,9852
9853,9854,NA
9855,9857,NA
9858,9860,NA
9861,9862,9863
9861,75349,9863
9861,9862,49233
9861,75349,49233
9861,9862,75351
9861,75349,75351
9861,9862,75353
9861,75349,75353
9861,9862,75356
9861,75349,75356
9861,9862,75357
9861,75349,75357
9861,9862,75358
9861,75349,75358
9861,9862,75360
9861,75349,75360
9861,9862,75361
9861,75349,75361
9864,9865,9866
9864,9865,69681
9867,9870,9871
9872,9873,9874
9872,9873,9878
9872,9873,9879
9872,9873,9880
9872,9873,9882
9872,9873,9884
9889,9890,9896
9889,9891,9896
9889,9894,9896
9889,9895,9896
9889,9890,9899
9889,9891,9899
9889,9894,9899
9889,9895,9899
9889,9890,9902
9889,9891,9902
9889,9894,9902
9889,9895,9902
9904,9905,NA
9906,9908,NA
9909,9910,NA
9911,9912,NA
9913,9914,9915
9916,9917,9918
9919,9920,9921
9919,9920,9925
9919,9920,9927
9929,9930,NA
9931,9932,9934
9931,9933,9934
9931,9932,9936
9931,9933,9936
9931,9932,9938
9931,9933,9938
9931,9932,9940
9931,9933,9940
9931,9932,9942
9931,9933,9942
9931,9932,9944
9931,9933,9944
9931,9932,9946
9931,9933,9946
9947,9948,NA
9949,9951,NA
9964,9965,NA
9976,9978,9979
9976,9978,9980
9981,9982,9983
9981,9982,9985
9981,9982,9989
9981,9982,9991
9981,9982,9992
9993,9994,9995
9996,9997,9998
9996,9997,9999
9996,9997,10001
9996,9997,72504
10002,10004,NA
10005,10007,10008
10005,10007,10009
10010,10011,NA
10012,10013,10014
10016,10017,10018
10016,10017,10020
10022,10023,NA
10024,10026,10027
10028,10030,NA
10031,10032,NA
10033,10034,10035
10033,10034,10036
10033,10034,10037
10038,10039,NA
10040,10041,NA
10042,10043,NA
10044,10045,10046
10044,10045,10048
10044,10045,10049
10044,10045,10051
10052,10054,NA
10055,10056,NA
10057,10058,10059
10060,10061,NA
10062,10063,NA
10064,10065,NA
10066,10067,NA
10068,10069,NA
10070,10071,NA
10073,10074,10075
10073,10074,10076
10073,10074,10078
10073,10074,10079
10073,10074,10080
10081,10083,10085
10081,10084,10085
10081,10083,10087
10081,10084,10087
10081,10083,10088
10081,10084,10088
10090,10091,10092
10094,10095,NA
10096,10097,10811
10096,10098,10811
10096,10100,10811
10096,10097,10812
10096,10098,10812
10096,10100,10812
10096,10097,10813
10096,10098,10813
10096,10100,10813
10096,10097,10814
10096,10098,10814
10096,10100,10814
10096,10097,10815
10096,10098,10815
10096,10100,10815
10096,10097,10816
10096,10098,10816
10096,10100,10816
10096,10097,10817
10096,10098,10817
10096,10100,10817
10096,10097,10818
10096,10098,10818
10096,10100,10818
10096,10097,10819
10096,10098,10819
10096,10100,10819
10096,10097,10820
10096,10098,10820
10096,10100,10820
10096,10097,10821
10096,10098,10821
10096,10100,10821
10099,10101,10102
10104,10105,NA
10106,10107,NA
10109,10110,10111
10109,10110,10113
10109,10110,10114
10109,10110,10116
10109,10110,10117
10109,10110,10118
10109,10110,10119
10109,10110,10121
10122,10123,10124
10126,10127,NA
10128,10129,10130
10128,10129,10131
10132,10133,10134
10132,10133,10136
10132,10133,21711
10132,10133,72796
10132,10133,72797
10137,10139,NA
10140,10141,10142
10140,10141,10144
10146,10147,NA
10148,10149,10150
10152,10153,10154
10152,77783,10154
10152,10153,10155
10152,77783,10155
10152,10153,10156
10152,77783,10156
10152,10153,69401
10152,77783,69401
10157,10158,10159
10157,10158,10160
10157,10158,10161
10157,10158,10164
10157,10158,10166
10168,10169,NA
10170,10171,10172
10170,10171,10173
10170,10171,10175
10177,10178,NA
10179,10181,NA
10182,10183,10184
10182,10183,10187
10182,10183,10190
10182,10183,10193
10182,10183,10195
10196,10197,NA
10198,10200,NA
10201,10218,NA
10203,10204,74323
10205,10206,NA
10207,10208,10209
10211,10212,NA
10213,10214,NA
10215,10217,NA
10219,10220,NA
10221,10222,10223
10221,10222,10224
10221,10222,70352
10226,10227,NA
10228,10229,10231
10228,10229,10268
10228,10229,10270
10228,10229,10271
10228,10229,10272
10228,10229,10273
10228,10229,10274
10228,10229,10275
10242,10243,10244
10246,10247,10248
10250,10251,NA
10252,10253,10255
10252,10253,10256
10252,10253,10257
10252,10253,10259
10252,10253,10260
10252,10253,10262
10252,10253,10264
10252,10253,10266
10276,10277,NA
10278,10279,10280
10282,10283,NA
10284,10285,NA
10286,10287,NA
10288,10289,10290
10291,10292,10293
10294,10296,10297
10294,10296,10299
10294,10296,10301
10302,10304,NA
10305,10306,NA
10307,10308,NA
10309,10310,10311
10309,10310,10312
10309,10310,10314
10309,10310,10316
10309,10310,10317
10309,10310,17721
10309,10310,17722
10309,10310,17723
10309,10310,17724
10309,10310,17725
10309,10310,17726
10309,10310,17727
10328,10329,10330
10328,10329,10331
10328,10329,10332
10333,10334,NA
10335,10336,10339
10335,10336,10341
10335,10336,10342
10335,10336,10343
10335,10336,10345
10335,10336,10349
10335,10336,10350
10335,10336,10351
10335,10336,10352
10353,10354,10356
10358,10359,NA
10360,10361,10362
10363,10364,NA
10366,10367,NA
10373,10374,NA
10376,10377,10381
10376,10380,10381
10376,10377,10386
10376,10380,10386
10376,10377,10389
10376,10380,10389
10395,10396,NA
10397,10400,10402
10398,10401,10403
10398,10401,10406
10398,10401,10411
10398,10401,10416
10398,10401,10418
10405,10408,10410
10405,10409,10410
10412,10413,NA
10414,10415,NA
10419,10420,NA
10421,10422,10423
10424,10425,10426
10428,10429,69456
10428,69455,69456
10430,10431,10432
10430,10431,10433
10430,10431,10435
10436,10438,NA
10439,10440,10442
10444,10445,NA
10446,10447,10449
10446,10448,10449
10446,77659,10449
10450,10451,NA
10474,10476,10477
10474,10476,10478
10474,10476,10479
10474,10476,10480
10474,10476,10482
10483,10484,NA
10485,10486,10487
10489,10490,10491
10489,10490,10493
10489,10490,10496
10489,10490,10499
10489,10490,10502
10489,10490,10503
10489,10490,10505
10489,10490,10507
10489,10490,10509
10489,10490,10511
10489,10490,10512
10513,10514,NA
10515,10516,10521
10515,10517,10521
10515,10516,10523
10515,10517,10523
10515,10516,10524
10515,10517,10524
10515,10516,10527
10515,10517,10527
10515,10516,10529
10515,10517,10529
10515,10516,10530
10515,10517,10530
10515,10516,76298
10515,10517,76298
10518,10526,NA
10531,10532,NA
10533,10534,NA
10535,10536,NA
10537,10539,10541
10542,10544,NA
10545,10547,NA
10548,10549,10550
10552,10554,10555
10556,10558,10559
10560,10562,10564
10560,10562,10565
10560,10562,10566
10560,10562,10567
10560,10562,10568
10570,10571,NA
10572,10573,10575
10576,10577,NA
10579,10582,NA
10583,10584,10585
10583,10584,10586
10583,10584,10591
10583,10584,10595
10583,10584,10597
10583,10584,10599
10600,10601,NA
10602,10604,10605
10602,10604,10607
10602,10604,10609
10602,10604,10610
10611,10612,NA
10613,10614,10615
10616,10617,10618
10616,10617,10620
10616,10617,10622
10616,10617,10624
10616,10617,10625
10616,10617,10626
10627,10628,10629
10630,10631,NA
10633,NA,10634
10633,NA,10636
10638,10640,10641
10638,10640,10642
10638,10640,10644
10638,10640,10646
10638,10640,10649
10638,10640,10650
10652,10653,NA
10654,10655,10657
10654,10655,10659
10654,10655,10661
10654,10655,10662
10654,10655,10663
10654,10655,10664
10654,10655,76833
10666,10667,NA
10668,10669,NA
10668,10670,NA
10671,10673,10674
10671,10673,10677
10679,10680,NA
10681,10682,NA
10683,10685,NA
10686,10687,NA
10688,10689,10690
10692,10693,NA
10694,10695,10696
10694,10695,10697
10694,10695,10699
10694,10695,10701
10703,10704,NA
10705,10706,10707
10705,10706,72531
10709,10711,NA
10712,10713,NA
10714,10717,10718
10714,10717,10720
10714,10717,10722
10723,10725,NA
10726,10728,NA
10729,10731,NA
10732,10733,NA
10734,10735,10736
10738,10739,NA
10740,10741,NA
10742,10744,NA
10746,10747,10748
10746,10747,10750
10746,10747,10752
10746,10747,10754
10746,10747,10756
10746,10747,10758
10760,10762,NA
10763,10764,NA
10765,10766,NA
10767,10768,NA
10769,10770,10771
10773,10776,10777
10779,10781,NA
10782,10783,NA
10794,10795,10796
10794,10795,10797
10794,10795,10798
10794,10795,10799
10794,10795,10801
10794,10795,10802
10806,10810,NA
10822,10823,NA
10824,10825,10826
10827,10828,NA
10831,10832,NA
10833,10834,10837
10833,10834,10838
10839,10840,75038
10841,10842,NA
10843,10844,10845
10843,10844,10850
10843,10844,10852
10843,10844,10854
10843,10844,10855
10843,10844,10856
10858,10859,NA
10860,10861,NA
10864,10865,NA
10866,10867,10868
10866,10867,10872
10866,10867,10874
10866,10867,10876
10866,10867,10878
10866,10867,10880
10866,10867,10882
10866,10867,10884
10886,10887,10888
10886,10887,10889
10886,10887,10890
10892,10894,10895
10892,10894,10896
10892,10894,10898
10892,10894,10900
10892,10894,10901
10892,10894,10902
10903,10905,NA
10906,10907,NA
10908,10910,NA
10911,10913,NA
10914,10915,NA
10916,10917,10918
10916,10917,10919
10916,10917,10921
10916,10917,10923
10916,10917,10925
10927,10929,NA
10930,10931,NA
10932,10933,NA
10935,10936,75459
10935,10936,11708
10935,10936,11709
10935,10936,11710
10935,10936,75460
10935,10936,11711
10935,10936,11712
10935,10936,11713
10935,10936,11714
10935,10936,11716
10935,10936,11717
10935,10936,75461
10935,10936,11718
10935,10936,75463
10935,10936,11719
10935,10936,11720
10935,10936,10939
10935,10936,10938
10935,10936,75465
10940,10941,NA
10942,10943,NA
10944,10946,10947
10944,10946,10948
10944,10946,10950
10952,10954,NA
10955,10956,NA
10957,10959,10960
10957,10959,10961
10957,10959,10962
10957,10959,10964
10967,10968,10969
10967,10968,10971
10967,10968,10973
10967,10968,10976
10967,10968,10978
10967,10968,10980
10982,10983,10984
10982,10983,10985
10982,10983,10987
10982,10983,10988
10982,10983,10989
10982,10983,10990
10982,10983,10991
10982,10983,72532
10993,10994,10995
10997,10998,10999
10997,10998,11000
11002,11003,NA
11004,11005,NA
11006,11007,11008
11006,11007,11010
11011,11012,NA
11013,11014,11015
11013,11014,11017
11013,11014,11019
11013,11014,11021
11013,11014,11022
11013,11014,11024
11026,11027,NA
11028,11029,NA
11030,11032,11033
11035,11036,NA
11037,11038,NA
11039,11041,NA
11042,11043,NA
11044,11045,NA
11046,11048,11049
11050,11051,NA
11052,11053,NA
11054,11055,11056
11057,11059,NA
11060,11061,11062
11060,11061,11064
11060,11061,11065
11060,11061,11066
11067,11068,NA
11069,11070,NA
11071,11072,11073
11076,11077,NA
11078,11079,NA
11080,11081,NA
11082,11083,11084
11088,11089,11090
11091,11092,11093
11091,11092,11095
11091,11092,11097
11091,11092,11099
11091,11092,11100
11091,11092,11102
11091,11092,11104
11091,11092,11106
11091,11092,11108
11091,11092,11109
11091,11092,11110
11091,11092,11112
11091,11092,11113
11114,11116,11117
11114,11116,11119
11121,11123,NA
11124,11125,11127
11124,11126,11127
11124,11125,11130
11124,11126,11130
11124,11125,11133
11124,11126,11133
11134,11136,NA
11137,11138,NA
11139,11140,11141
11139,11140,11142
11143,11145,11147
11143,11146,11147
11143,77729,11147
11143,11145,11149
11143,11146,11149
11143,77729,11149
11143,11145,11150
11143,11146,11150
11143,77729,11150
11143,11145,11151
11143,11146,11151
11143,77729,11151
11143,11145,77730
11143,11146,77730
11143,77729,77730
11153,11154,11155
11153,11154,11157
11158,11159,11161
11158,11160,11161
11158,11159,11163
11158,11160,11163
11158,11159,11167
11158,11160,11167
11158,11159,11169
11158,11160,11169
11158,11159,11171
11158,11160,11171
11158,11159,11174
11158,11160,11174
11158,11159,11176
11158,11160,11176
11177,11178,NA
11179,11180,11181
11182,11183,NA
11184,11185,NA
11186,11188,NA
11189,11190,NA
11191,11192,11193
11191,11192,11195
11197,11198,NA
11199,11201,NA
11202,11203,NA
11204,11205,11206
11207,11210,11211
11207,11210,11214
11207,11210,11215
11208,11213,NA
11216,11219,11220
11216,11219,11221
11216,11219,11231
11216,11219,11237
11216,11219,11238
11216,11219,11250
11224,11227,NA
11228,11229,11232
11228,11230,11232
11228,11229,11233
11228,11230,11233
11228,11229,11234
11228,11230,11234
11228,11229,11235
11228,11230,11235
11240,11241,11242
11240,11241,11243
11240,11241,11244
11240,11241,11248
11253,11255,11256
11253,11255,11257
11253,11255,11259
11261,11262,11263
11261,11262,11265
11261,11262,11267
11261,11262,11269
11261,11262,11270
11272,11273,11275
11272,11273,11278
11272,11273,11283
11274,11276,11277
11274,11276,11279
11274,11276,11281
11284,11285,11287
11286,11290,NA
11291,11292,11293
11291,11292,11294
11295,11296,NA
11297,11298,11299
11297,11298,11301
11297,11298,11302
11304,11305,11306
11307,11308,11309
11307,11308,11311
11307,11308,11313
11307,11308,11315
11317,11318,NA
11319,11320,NA
11321,11322,11323
11325,11326,11327
11329,11330,11331
11329,11330,11333
11329,11330,11334
11329,11330,11336
11329,11330,11338
11329,11330,11340
11329,11330,11342
11329,11330,70254
11344,11345,11346
11348,11349,11351
11348,11349,11354
11348,11349,11356
11358,11359,11360
11358,11359,11362
11358,11359,11363
11358,11359,11365
11358,11359,11367
11358,11359,11368
11358,11359,11370
11358,11359,11372
11358,11359,11373
11358,11359,11376
11358,11359,11378
11358,11359,11379
11374,11375,11384
11380,11381,11382
11380,11381,11387
11380,11381,11389
11380,11381,11391
11380,11381,11392
11380,11381,73299
11386,11388,NA
11390,11395,NA
11394,11396,11398
11394,11396,11399
11397,11404,11409
11397,11404,11410
11400,11401,11402
11405,11406,11407
11411,11421,NA
11412,11414,NA
11415,11416,NA
11417,11418,11419
11417,11418,11422
11423,11425,11433
11423,11425,11435
11424,11426,NA
11427,11428,11429
11427,11428,11431
11437,11438,NA
11439,11441,NA
11442,11443,NA
11444,11445,11447
11444,11446,11447
11444,11445,11448
11444,11446,11448
11444,11445,11449
11444,11446,11449
11444,11445,11451
11444,11446,11451
11444,11445,11453
11444,11446,11453
11455,11456,11457
11455,11456,11458
11460,11461,11462
11463,11464,11465
11463,11464,11467
11463,11464,11468
11470,11473,NA
11474,11476,11477
11479,11480,NA
11481,11482,11483
11481,11482,11485
11481,11482,11487
11481,11482,11489
11481,11482,11490
11481,11482,11491
11495,11497,11498
11495,11497,11499
11500,11501,NA
11502,11503,73170
11504,11505,NA
11506,11507,11509
11506,11508,11509
11506,11507,11510
11506,11508,11510
11506,11507,11511
11506,11508,11511
11506,11507,11512
11506,11508,11512
11506,11507,11513
11506,11508,11513
11506,11507,11514
11506,11508,11514
11515,11517,11518
11515,11517,11519
11515,11517,11520
11521,11523,NA
11524,11525,11526
11529,11530,11532
11534,11535,11536
11538,11539,11542
11544,11549,NA
11546,11547,NA
11548,11555,11558
11548,11555,11564
11548,11555,11566
11548,11555,11570
11550,11552,NA
11553,11556,11559
11553,11557,11559
11553,11556,11560
11553,11557,11560
11563,11565,NA
11568,11569,NA
11571,11573,NA
11574,11575,11581
11574,11578,11581
11580,11594,11601
11580,11598,11601
11580,11594,11610
11580,11598,11610
11580,11594,11618
11580,11598,11618
11580,11594,11629
11580,11598,11629
11582,11583,11585
11582,11584,11585
11582,11583,11586
11582,11584,11586
11582,11583,11587
11582,11584,11587
11582,11583,11589
11582,11584,11589
11582,11583,11592
11582,11584,11592
11582,11583,11595
11582,11584,11595
11582,11583,11596
11582,11584,11596
11582,11583,11599
11582,11584,11599
11582,11583,11600
11582,11584,11600
11602,11603,11604
11602,11603,11606
11602,11603,11607
11602,11603,11608
11602,11603,11612
11602,11603,11613
11614,11615,11616
11617,11620,11623
11617,11620,11625
11617,11620,11626
11617,11620,11628
11617,11620,11631
11617,11620,11633
11617,11620,11635
11637,11638,NA
11639,11640,NA
11641,11642,11643
11641,11642,11646
11641,11642,11649
11641,11642,11651
11641,11642,11654
11641,11642,72470
11656,11657,NA
11658,11659,11660
11661,11662,11663
11664,11665,11666
11664,11665,11668
11664,11665,11670
11664,11665,11671
11664,11665,11672
11664,11665,11673
11674,11675,NA
11676,11677,11678
11679,11680,11683
11679,11681,11683
11679,11682,11683
11679,11680,11685
11679,11681,11685
11679,11682,11685
11679,11680,11687
11679,11681,11687
11679,11682,11687
11679,11680,11690
11679,11681,11690
11679,11682,11690
11679,11680,11691
11679,11681,11691
11679,11682,11691
11679,11680,11693
11679,11681,11693
11679,11682,11693
11679,11680,11694
11679,11681,11694
11679,11682,11694
11679,11680,11695
11679,11681,11695
11679,11682,11695
11679,11680,11696
11679,11681,11696
11679,11682,11696
11679,11680,11697
11679,11681,11697
11679,11682,11697
11679,11680,11699
11679,11681,11699
11679,11682,11699
11679,11680,11701
11679,11681,11701
11679,11682,11701
11679,11680,11703
11679,11681,11703
11679,11682,11703
11679,11680,11704
11679,11681,11704
11679,11682,11704
11705,11707,NA
11721,11722,11723
11724,11725,11726
11727,11728,11729
11727,11728,11730
11732,11733,11735
11732,11733,11737
11732,11733,11739
11732,11733,11741
11732,11733,11742
11732,11733,11744
11746,11747,11748
11746,11747,11749
11751,11752,NA
11751,11754,NA
11755,11757,11771
11755,11757,11774
11755,11757,11776
11755,11757,11777
11755,11757,70190
11756,11759,11760
11756,11759,11761
11756,11759,11763
11765,11766,11767
11768,11769,NA
11770,11778,11780
11770,11778,11783
11770,11778,11790
11782,11784,11787
11782,11786,11787
11782,11784,11788
11782,11786,11788
11782,11784,11792
11782,11786,11792
11782,11784,11794
11782,11786,11794
11782,11784,70194
11782,11786,70194
11793,11801,11816
11793,11814,11816
11793,11801,11821
11793,11814,11821
11793,11801,11824
11793,11814,11824
11793,11801,11830
11793,11814,11830
11796,11797,NA
11798,75657,75658
11798,11799,75658
11798,11800,75658
11798,11802,75658
11798,75657,11804
11798,11799,11804
11798,11800,11804
11798,11802,11804
11798,75657,11807
11798,11799,11807
11798,11800,11807
11798,11802,11807
11798,75657,11809
11798,11799,11809
11798,11800,11809
11798,11802,11809
11798,75657,11813
11798,11799,11813
11798,11800,11813
11798,11802,11813
11798,75657,75659
11798,11799,75659
11798,11800,75659
11798,11802,75659
11815,NA,11818
11815,NA,11820
11826,11827,NA
11828,11832,NA
11831,11876,NA
11833,11835,NA
11836,11837,NA
11838,11839,11841
11838,11840,11841
11838,11839,11842
11838,11840,11842
11838,11839,11844
11838,11840,11844
11838,11839,11845
11838,11840,11845
11838,11839,11847
11838,11840,11847
11838,11839,11849
11838,11840,11849
11838,11839,11850
11838,11840,11850
11851,11852,NA
11853,11854,11856
11853,11855,11856
11853,11854,11857
11853,11855,11857
11858,11860,NA
11861,11862,NA
11863,11864,NA
11865,11866,11868
11869,11870,NA
11871,11872,NA
11873,11874,NA
11875,11877,11878
11875,11877,11879
11880,11881,76927
11880,76926,76927
11880,11881,76929
11880,76926,76929
11880,11881,11883
11880,76926,11883
11880,11881,11885
11880,76926,11885
11882,11884,NA
11886,11887,11890
11886,11887,11893
11886,11887,11897
11886,11887,11900
11886,11887,11901
11888,11889,NA
11891,75661,11895
11891,75662,11895
11891,75661,11913
11891,75662,11913
11891,75661,11915
11891,75662,11915
11891,75661,75665
11891,75662,75665
11891,75661,75667
11891,75662,75667
11891,75661,75669
11891,75662,75669
11891,75661,75671
11891,75662,75671
11891,75661,11925
11891,75662,11925
11891,75661,11929
11891,75662,11929
11891,75661,11931
11891,75662,11931
11891,75661,11933
11891,75662,11933
11891,75661,11937
11891,75662,11937
11891,75661,11942
11891,75662,11942
11891,75661,11946
11891,75662,11946
11891,75661,11950
11891,75662,11950
11891,75661,11952
11891,75662,11952
11891,75661,11956
11891,75662,11956
11891,75661,75673
11891,75662,75673
11902,11903,NA
11904,11905,NA
11906,11924,NA
11907,11909,NA
11910,11912,NA
11916,11917,11918
11916,11917,11921
11922,11923,NA
11926,11928,NA
11930,11938,NA
11940,11941,NA
11943,11949,NA
11951,11954,NA
11958,11959,NA
11960,11963,NA
11961,11965,NA
11964,11966,11969
11967,11968,NA
11970,11972,NA
11971,11973,NA
11974,11976,NA
11975,11978,11981
11975,11978,11985
11975,11978,11989
11975,11978,11991
11977,11979,11980
11982,11984,NA
11987,11988,NA
11990,11994,NA
11995,11997,NA
11996,12003,12004
11996,12003,12009
12000,12001,NA
12000,77731,NA
12002,12005,12010
12002,73596,12010
12013,12015,NA
12016,12017,NA
12018,12019,NA
12020,12021,NA
12022,12023,12024
12022,12023,70161
12026,12027,NA
12028,12030,12031
12032,12033,12034
12032,12033,12035
12032,12033,12036
12037,12038,12039
12043,12044,NA
12045,12046,12047
12045,12046,12048
12050,12051,12054
12050,12051,12056
12050,12051,12058
12060,12061,12062
12060,12061,12066
12060,12061,12068
12070,12071,NA
12072,12073,NA
12074,12075,12077
12074,12075,12078
12074,12075,12079
12074,12075,12081
12074,12075,12082
12084,12085,NA
12086,12087,NA
12088,12089,12090
12088,12089,12091
12088,12089,12092
12093,12094,NA
12095,12096,NA
12097,12098,12099
12097,12098,12100
12097,12098,12101
12097,12098,12103
12105,12106,12108
12109,12110,12111
12114,12115,12117
12114,12115,12119
12114,12115,12120
12114,12115,12123
12114,12115,12125
12114,12115,12126
12114,12115,12127
12128,12129,NA
12130,12131,12132
12130,12131,12133
12136,12137,12140
12142,12143,12144
12142,12143,70185
12146,12147,NA
12148,12149,12150
12152,12153,12154
12156,12157,12158
12156,12157,12160
12156,12157,12162
12156,12157,12164
12165,12168,12169
12171,12172,12173
12171,12172,76173
12174,12175,12176
12177,12178,12180
12177,12179,12180
12177,12178,12182
12177,12179,12182
12177,12178,12184
12177,12179,12184
12177,12178,12186
12177,12179,12186
12177,12178,12188
12177,12179,12188
12177,12178,12189
12177,12179,12189
12177,12178,12190
12177,12179,12190
12177,12178,12191
12177,12179,12191
12177,12178,12192
12177,12179,12192
12177,12178,12193
12177,12179,12193
12177,12178,12194
12177,12179,12194
12177,12178,76372
12177,12179,76372
12195,12196,NA
12197,12198,12199
12197,73568,12199
12197,12198,12201
12197,73568,12201
12197,12198,73569
12197,73568,73569
12202,12204,12205
12202,12204,12208
12202,12204,12206
12211,12212,12214
12211,12212,12215
12211,12212,12216
12211,12212,12217
12211,12212,12218
12211,12212,12220
12211,12212,12221
12211,12212,12223
12211,12212,12225
12211,12212,12226
12211,12212,12227
12211,12212,12228
12211,12212,12230
12231,12232,12233
12234,12236,12237
12234,12236,12240
12234,12236,12242
12234,12236,12244
12234,12236,12245
12234,12236,12246
12234,12236,12247
12234,12236,12248
12234,12236,12249
12251,12253,12254
12251,77223,12254
12251,12253,12257
12251,77223,12257
12251,12253,77224
12251,77223,77224
12258,12259,NA
12260,12261,12262
12263,12264,12265
12267,12268,NA
12269,12270,12271
12272,12273,NA
12274,12275,12276
12278,12279,12280
12278,12279,12283
12278,12279,12284
12278,12279,12285
12278,12279,12286
12278,12279,12287
12288,12289,NA
12290,12291,23914
12290,12291,23915
12290,12291,76816
12292,12293,NA
12294,12295,NA
12297,12298,NA
12299,12300,12301
12299,12300,12302
12303,12304,12306
12303,12304,12308
12303,12304,12309
12303,12304,12310
12303,12304,12311
12303,12304,12312
12313,12314,NA
12315,12316,NA
12317,12318,NA
12319,12320,12321
12322,12323,12324
12326,12327,12328
12329,12331,12332
12329,12331,12333
12329,12331,12335
12329,12331,12336
12337,12338,12339
12337,12338,12340
12337,12338,12343
12337,12338,12345
12337,12338,12346
12347,12349,NA
12350,12351,NA
12352,12353,12354
12352,12353,12356
12352,12353,12357
12352,12353,12358
12360,12362,NA
12363,12364,12365
12366,12367,NA
12368,12369,12370
12368,12369,12373
12368,12369,12374
12375,12376,NA
12377,12378,NA
12379,12380,NA
12381,12382,NA
12383,12384,12385
12383,12384,12387
12383,12384,12389
12383,12384,12391
12383,12384,12392
12393,12394,NA
12395,12396,12397
12395,12396,12398
12399,12400,12401
12403,12404,NA
12405,12406,12407
12408,12409,12410
12408,12409,12411
12408,12409,12412
12408,12409,12413
12414,12415,NA
12416,12417,NA
12418,12419,12420
12422,12423,12424
12422,12423,12426
12422,12423,12427
12422,12423,12428
12422,12423,12429
12422,12423,12431
12433,12434,NA
12435,12437,NA
12438,12439,NA
12452,12453,12455
12452,12454,12455
12452,12453,12456
12452,12454,12456
12457,12458,12459
12461,12462,12463
12461,12462,12464
12461,12462,12466
12461,12462,12469
12470,12471,12472
12470,12471,12474
12470,12471,12476
12470,12471,12478
12470,12471,12479
12470,12471,12481
12470,12471,12482
12484,12485,12486
12484,12485,12487
12484,12485,12488
12484,12485,12490
12484,12485,12491
12484,12485,12492
12484,12485,12494
12496,12497,12498
12499,12501,NA
12502,12503,NA
12504,12505,12506
12504,12505,12508
12504,12505,12510
12504,12505,12513
12515,12516,12517
12515,12516,12518
12515,12516,12520
12515,12516,12522
12515,12516,12524
12526,12527,NA
12528,12529,NA
12530,12531,NA
12532,12533,12771
12532,12767,12771
12532,12768,12771
12532,12533,12774
12532,12767,12774
12532,12768,12774
12532,12533,12775
12532,12767,12775
12532,12768,12775
12534,12535,12536
12534,12535,12537
12539,12540,NA
12541,12543,NA
12544,12545,12546
12547,12548,NA
12549,12550,NA
12551,12552,12553
12551,12552,12555
12551,12552,12557
12551,12552,12559
12551,12552,12561
12551,12552,12562
12551,12552,73931
12563,12564,12565
12563,12564,12566
12567,12568,NA
12569,12570,12571
12569,12570,12572
12574,12575,NA
12576,12577,NA
12578,12579,12580
12578,12579,12581
12583,12584,NA
12585,12586,12587
12588,12590,12591
12588,12590,12593
12595,12596,NA
12597,12598,NA
12600,12601,12602
12600,12601,12603
12600,12601,12604
12606,12607,NA
12608,12609,NA
12610,12611,NA
12612,12613,NA
12614,12615,NA
12616,12617,12618
12616,12617,12620
12622,12623,NA
12624,12625,12626
12627,12628,12629
12631,12632,NA
12633,12634,12635
12633,12634,12637
12633,12634,12638
12633,12634,70324
12640,12641,12643
12640,12642,12643
12640,12641,12645
12640,12642,12645
12640,12641,12646
12640,12642,12646
12640,12641,12649
12640,12642,12649
12640,12641,12650
12640,12642,12650
12652,12653,12654
12652,12653,12655
12652,12653,12657
12659,12660,NA
12661,12662,12663
12664,12665,NA
12666,12668,NA
12669,12670,12671
12669,12670,12673
12675,12676,12677
12675,12676,12679
12675,12676,12681
12675,12676,12682
12683,12684,12685
12686,12687,12689
12690,12692,NA
12693,12694,12695
12693,12694,12696
12693,12694,12697
12701,12702,12703
12704,12705,12706
12704,12705,12708
12710,12711,12712
12713,12714,12715
12713,12714,12717
12713,12714,12718
12713,12714,12719
12713,12714,12722
12713,12714,12724
12713,12714,12727
12729,12730,12731
12729,12730,12732
12734,12735,12736
12734,12735,12738
12734,12735,12740
12734,12735,12741
12742,12744,12745
12742,12744,12748
12742,12744,12750
12742,12744,12751
12752,12753,NA
12754,12755,74984
12756,12757,12758
12760,12762,NA
12763,12764,NA
12777,12779,12780
12777,12779,12782
12777,12779,12783
12777,12779,12786
12787,12788,NA
12789,12790,NA
12791,12792,NA
12793,12794,NA
12795,12796,NA
12797,12799,NA
12800,12801,12803
12805,12806,NA
12807,12809,12810
12807,12809,12812
12807,12809,12814
12807,12809,12816
12807,12809,12818
12807,12809,12820
12807,12809,12822
12807,12809,12824
12826,12827,NA
12828,12829,NA
12830,12831,12832
12834,12835,NA
12836,12837,NA
12838,12839,12840
12838,12839,12841
12842,12843,NA
12845,12846,NA
12847,12848,NA
12849,12850,NA
12851,12854,NA
12855,12856,12871
12855,12856,12924
12858,12860,12861
12858,12860,12863
12858,12860,12865
12858,12860,12866
12869,12870,NA
12872,12873,12874
12876,12877,12878
12876,12877,12879
12876,12877,12880
12883,12884,NA
12885,12888,12891
12885,12888,12893
12885,12888,12895
12896,12897,12898
12900,12901,12905
12900,12902,12905
12900,12901,12906
12900,12902,12906
12900,12901,12908
12900,12902,12908
12900,12901,12910
12900,12902,12910
12911,12912,NA
12913,12914,12915
12913,12914,12916
12913,12914,12918
12919,12920,12921
12926,12927,NA
12928,12930,12931
12928,12930,12933
12935,12936,12937
12938,12939,NA
12940,12941,NA
12942,12943,NA
12944,12945,NA
12946,12947,12948
12946,12947,12951
12946,12947,12954
12946,12947,12956
12950,12953,NA
12958,12959,12962
12963,12964,12965
12963,12964,12966
12963,12964,12968
12963,12964,12969
12963,12964,12971
12963,12964,12972
12963,12964,12973
12963,12964,12974
12963,12964,12976
12963,12964,12978
12963,12964,12979
12963,12964,12980
12963,12964,12981
12963,12964,12983
12985,12986,NA
12987,12988,12989
12990,12991,NA
12992,12993,12995
12992,12993,12996
12992,12993,12998
13000,13002,NA
13003,13004,NA
13005,13006,13008
13005,13006,13010
13011,13012,NA
13014,13015,NA
13016,13017,NA
13018,13020,NA
13021,13022,13023
13021,13022,13025
13021,13022,13027
13021,13022,13028
13021,13022,13029
13021,13022,13030
13032,13034,NA
13035,13036,13037
13038,13039,13040
13041,13043,13044
13041,13043,13046
13042,13045,NA
13047,13048,NA
13049,13050,13052
13049,13050,13053
13049,13050,13055
13049,13050,13056
13049,13050,13058
13049,13050,13073
13049,13050,13075
13061,13062,13064
13061,13062,13067
13061,13062,13069
13061,13062,13070
13061,13062,75002
13071,13072,13076
13071,13074,13076
13077,13078,13081
13077,13078,13082
13077,13078,13083
13077,13078,13084
13077,13078,13086
13077,13078,13088
13089,13090,NA
13091,13092,13093
13094,13095,13096
13094,13095,13098
13099,13100,NA
13101,13102,13103
13105,13106,NA
13107,13108,13109
13107,13108,13110
13112,13113,NA
13114,13115,NA
13116,13117,NA
13118,13120,13121
13118,13120,13123
13118,13120,13125
13118,13120,13126
13118,13120,72477
13127,13128,13129
13127,13128,13130
13127,13128,13133
13134,13135,NA
13136,13137,NA
13138,13139,NA
13141,13142,13143
13141,13142,13145
13141,13142,13147
13141,13142,13149
13151,13152,13153
13151,13152,13155
13151,13152,13156
13158,13159,13160
13158,13159,13162
13158,13159,13165
13158,13159,13167
13158,13159,13168
13158,13159,13170
13158,13159,13172
13158,13159,13174
13175,13176,13179
13175,13177,13179
13175,13176,13181
13175,13177,13181
13182,13184,NA
13185,13186,NA
13187,13188,NA
13189,13191,13192
13189,13191,13194
13189,13191,13196
13189,13191,13197
13189,13191,13199
13189,13191,13200
13189,13191,13201
13189,13191,13203
13189,13191,13204
13189,13191,13206
13189,13191,13207
13189,13191,72462
13189,13191,75974
13208,13209,13210
13208,77367,13210
13208,77365,13210
13208,13209,13242
13208,77367,13242
13208,77365,13242
13208,13209,13243
13208,77367,13243
13208,77365,13243
13208,13209,13244
13208,77367,13244
13208,77365,13244
13208,13209,13245
13208,77367,13245
13208,77365,13245
13208,13209,13246
13208,77367,13246
13208,77365,13246
13208,13209,77366
13208,77367,77366
13208,77365,77366
13211,13212,NA
13216,13217,NA
13218,13219,NA
13220,13221,13230
13220,13221,13232
13220,13221,13234
13220,13221,13238
13239,13240,13241
13247,13248,NA
13250,13251,NA
13252,13253,NA
13254,13255,13256
13254,13255,13258
13254,13255,13260
13254,13255,13261
13254,13255,73969
13263,13264,13266
13263,13264,13267
13263,13264,13268
13263,13264,13269
13270,13272,NA
13273,13275,NA
13276,13277,NA
13278,13279,NA
13280,13281,NA
13282,13283,13284
13282,13283,13286
13282,13283,13288
13282,13283,13289
13282,13283,13290
13282,13283,13292
13282,13283,13293
13282,13283,13294
13282,13283,13296
13297,13298,NA
13301,13302,13303
13301,13302,13305
13301,13302,13307
13301,13302,13308
13310,13311,13312
13314,13315,13318
13314,13316,13318
13314,13315,13320
13314,13316,13320
13314,13315,13321
13314,13316,13321
13314,13315,13323
13314,13316,13323
13314,13315,13325
13314,13316,13325
13314,13315,13326
13314,13316,13326
13314,13315,72486
13314,13316,72486
13327,13328,13329
13327,13328,13330
13327,13328,13331
13327,13328,13333
13334,13335,NA
13336,13338,13340
13336,13338,13525
13336,13338,13528
13336,13338,13534
13336,13338,13539
13336,13338,13542
13336,13338,13547
13336,13338,13549
13342,13343,NA
13344,13345,13347
13344,13346,13347
13344,13345,13348
13344,13346,13348
13344,13345,13350
13344,13346,13350
13344,13345,13352
13344,13346,13352
13344,13345,13353
13344,13346,13353
13344,13345,13355
13344,13346,13355
13344,13345,13356
13344,13346,13356
13344,13345,13358
13344,13346,13358
13344,13345,13359
13344,13346,13359
13360,13361,13362
13365,13366,13369
13365,13366,13371
13365,13366,13373
13365,13366,13375
13365,13366,13376
13377,13378,13380
13377,13379,13380
13382,13383,13384
13385,13386,13387
13388,13391,NA
13392,13393,13394
13396,13398,13399
13396,13398,13404
13396,13398,13406
13396,13398,13407
13402,13415,70749
13409,13410,13411
13409,13410,13413
13409,13410,13416
13409,13410,13417
13409,13410,13418
13409,13410,13421
13409,13410,70690
13423,13426,NA
13427,13429,13430
13431,13432,NA
13433,13436,NA
13434,13435,13437
13438,13439,NA
13440,13442,13443
13440,13442,13444
13440,13442,13447
13440,13442,13448
13440,13442,13451
13440,13442,13453
13440,13442,13457
13441,NA,13445
13441,NA,13450
13441,NA,13455
13441,NA,13464
13441,NA,13470
13459,13460,NA
13461,13463,13475
13461,13467,13475
13461,13472,13475
13461,13463,13476
13461,13467,13476
13461,13472,13476
13461,13463,13477
13461,13467,13477
13461,13472,13477
13461,13463,13479
13461,13467,13479
13461,13472,13479
13461,13463,13480
13461,13467,13480
13461,13472,13480
13461,13463,13481
13461,13467,13481
13461,13472,13481
13461,13463,13482
13461,13467,13482
13461,13472,13482
13461,13463,13485
13461,13467,13485
13461,13472,13485
13461,13463,13488
13461,13467,13488
13461,13472,13488
13461,13463,13489
13461,13467,13489
13461,13472,13489
13461,13463,70691
13461,13467,70691
13461,13472,70691
13490,13491,NA
13492,13493,13494
13496,13497,NA
13498,13499,NA
13500,13501,13502
13500,13501,13508
13500,13501,13510
13500,13501,13514
13516,13517,NA
13518,13519,NA
13522,13524,13529
13522,13526,13529
13522,13524,13531
13522,13526,13531
13522,13524,13533
13522,13526,13533
13522,13524,13536
13522,13526,13536
13522,13524,13540
13522,13526,13540
13522,13524,13543
13522,13526,13543
13522,13524,13545
13522,13526,13545
13546,13550,NA
13551,13552,13554
13555,13556,NA
13557,13563,13567
13557,13563,13568
13557,13563,13570
13557,13563,13572
13557,13563,13574
13557,13563,13575
13558,13560,NA
13561,13562,13564
13561,13562,13565
13577,13578,NA
13579,13581,NA
13582,13583,73706
13584,13585,13586
13587,13588,13589
13587,13588,13590
13591,13592,NA
13593,13594,13596
13593,13595,13596
13593,13594,13599
13593,13595,13599
13593,13594,13602
13593,13595,13602
13593,13594,13606
13593,13595,13606
13593,13594,13607
13593,13595,13607
13593,13594,13608
13593,13595,13608
13593,13594,13611
13593,13595,13611
13598,13601,NA
13604,13610,NA
13613,13615,NA
13614,13616,13617
13614,13616,13619
13614,13616,73991
13618,13623,NA
13620,13621,NA
13622,13624,13625
13627,13628,13629
13627,13628,13630
13627,13628,13633
13627,13628,13637
13627,13628,13639
13627,13628,13640
13627,13628,13641
13631,13634,NA
13642,13643,13644
13642,13643,13646
13642,13643,13648
13642,13643,13650
13642,13643,13652
13642,13643,70087
13653,13654,13655
13653,13654,13656
13653,13654,13657
13653,13654,13659
13660,13669,13671
13660,13669,13672
13660,13669,13674
13660,13669,73395
13661,13662,NA
13663,13664,13665
13663,13664,13667
13663,13664,13670
13663,13664,13743
13663,13664,13744
13663,13664,13745
13676,13677,NA
13678,13679,NA
13680,13682,NA
13683,13686,13687
13683,13686,13689
13683,13686,13692
13683,13686,13694
13683,13686,13695
13683,13686,13696
13697,13698,13700
13697,13699,13700
13697,13698,13702
13697,13699,13702
13703,13704,NA
13705,13706,13708
13710,13711,76142
13712,13713,13714
13715,13716,NA
13717,13718,13719
13717,13718,69626
13721,13722,13723
13721,13722,13725
13721,13722,13727
13721,13722,13730
13732,13733,13734
13736,13737,NA
13738,13739,NA
13740,13742,13930
13740,13742,13931
13740,13742,13933
13740,13742,13935
13747,13748,NA
13749,13750,NA
13751,13752,13753
13751,13752,13755
13751,13752,13756
13757,13758,NA
13760,13761,NA
13762,13763,NA
13764,13765,NA
13766,13767,NA
13768,13769,13770
13771,13772,NA
13773,13774,13775
13777,13778,NA
13779,13780,NA
13781,13782,13783
13784,13785,13786
13787,13788,13789
13790,13791,NA
13792,13793,13794
13792,13793,13796
13792,13793,13797
13792,13793,13798
13792,13793,13799
13792,13793,13800
13792,13793,13801
13792,13793,13803
13792,13793,13805
13807,13808,13809
13807,13808,13811
13812,13813,NA
13814,13815,NA
13816,13817,13818
13816,13817,13821
13816,13817,13824
13825,13826,NA
13827,13828,13829
13827,13828,13831
13827,13828,13832
13827,13828,13834
13827,13828,76461
13838,13839,NA
13840,13841,13842
13840,13841,13928
13840,13841,14012
13840,13841,14013
13840,13841,14015
13840,13841,14017
13840,13841,14018
13840,13841,14019
13840,13841,14020
13840,13841,14022
13845,13847,NA
13848,13849,13850
13852,13853,13854
13852,13853,13855
13852,13853,13857
13858,13859,NA
13860,13861,NA
13862,13863,NA
13865,13866,13867
13869,13870,13871
13873,13874,NA
13875,13876,13878
13875,13876,13880
13875,13876,13882
13875,13876,13883
13884,13885,13886
13884,13885,13887
13889,13890,NA
13891,13892,NA
13893,13894,13895
13893,13894,13897
13898,13899,NA
13900,13901,NA
13902,13903,NA
13904,13905,13906
13908,13909,13910
13908,13909,13912
13908,13909,13915
13916,13917,13919
13916,77368,13919
13916,13918,13919
13916,77369,13919
13916,13917,13921
13916,77368,13921
13916,13918,13921
13916,77369,13921
13916,13917,13922
13916,77368,13922
13916,13918,13922
13916,77369,13922
13916,13917,73046
13916,77368,73046
13916,13918,73046
13916,77369,73046
13916,13917,77370
13916,77368,77370
13916,13918,77370
13916,77369,77370
13923,13924,13925
13923,13924,13926
13923,13924,13927
13937,13939,NA
13940,13942,13944
13940,13943,13944
13940,13942,13946
13940,13943,13946
13949,13950,NA
13951,13952,13953
13951,13952,13955
13951,13952,13957
13958,13959,NA
13960,13962,NA
13964,13965,NA
13966,13967,13968
13966,13967,13970
13971,13972,13975
13971,13973,13975
13971,13972,13976
13971,13973,13976
13977,13978,13980
13977,13978,13982
13977,13978,13983
13985,13986,NA
13987,13988,NA
13989,13990,NA
13991,13992,13993
13991,13992,13995
13991,13992,13996
13997,13998,NA
13999,14000,NA
14001,14002,14004
14001,14003,14004
14001,14002,14005
14001,14003,14005
14006,14007,NA
14008,14009,14010
14023,14024,NA
14025,14026,14027
14025,14026,14029
14025,14026,14032
14025,14026,14034
14036,14037,NA
14038,14039,14040
14038,14039,14042
14038,14039,14044
14038,14039,14045
14038,14039,14047
14049,14050,NA
14051,14052,NA
14054,14055,14056
14054,14055,14058
14054,14055,14060
14054,14055,14061
14062,14063,NA
14064,14065,NA
14066,14067,NA
14068,14069,NA
14070,14071,NA
14072,14073,NA
14074,14075,NA
14076,14077,NA
14078,14079,NA
14080,14082,NA
14083,14085,14086
14088,14089,NA
14090,14091,14092
14090,14091,14094
14090,14091,14095
14090,14091,14096
14098,14099,14101
14098,14100,14101
14098,77676,14101
14098,14099,14103
14098,14100,14103
14098,77676,14103
14098,14099,14105
14098,14100,14105
14098,77676,14105
14098,14099,14106
14098,14100,14106
14098,77676,14106
14098,14099,14107
14098,14100,14107
14098,77676,14107
14098,14099,14108
14098,14100,14108
14098,77676,14108
14098,14099,14109
14098,14100,14109
14098,77676,14109
14110,14111,14112
14114,14115,NA
14116,14118,NA
14119,14120,14124
14119,14122,14124
14119,14120,14126
14119,14122,14126
14119,14120,14128
14119,14122,14128
14119,14120,14130
14119,14122,14130
14119,14120,14132
14119,14122,14132
14134,14135,14136
14134,14135,14138
14134,14135,14140
14134,14135,14142
14144,14145,NA
14146,14147,NA
14148,14149,NA
14150,14151,14152
14153,14154,14155
14153,14154,14157
14153,14154,14159
14160,14161,14165
14160,14163,14165
14160,14164,14165
14160,14161,14167
14160,14163,14167
14160,14164,14167
14160,14161,14169
14160,14163,14169
14160,14164,14169
14160,14161,14170
14160,14163,14170
14160,14164,14170
14160,14161,14171
14160,14163,14171
14160,14164,14171
14160,14161,14172
14160,14163,14172
14160,14164,14172
14160,14161,14173
14160,14163,14173
14160,14164,14173
14174,14175,14176
14174,14175,14178
14174,14175,14179
14174,14175,14180
14181,14182,14183
14185,14186,NA
14187,14188,14189
14187,14188,14191
14194,14195,NA
14196,14197,NA
14198,14199,14200
14202,14203,14204
14202,14203,14206
14202,14203,14207
14210,14211,14212
14210,14211,14213
14210,14211,14214
14210,14211,14215
14210,14211,14216
14219,14221,NA
14220,14222,14223
14224,14228,14229
14226,14234,14236
14226,14234,14239
14226,14234,14241
14231,14232,NA
14233,14240,14243
14244,14245,14248
14246,14249,NA
14250,14251,14252
14254,14256,76989
14257,14259,14261
14257,14259,14263
14258,14260,14262
14264,14265,14267
14264,14265,14273
14264,14265,14275
14264,14265,14303
14264,14265,73026
14266,14268,NA
14269,14270,NA
14271,14277,14279
14271,14278,14279
14271,14277,14280
14271,14278,14280
14271,14277,14282
14271,14278,14282
14271,14277,14284
14271,14278,14284
14271,14277,14285
14271,14278,14285
14271,14277,14287
14271,14278,14287
14271,14277,14290
14271,14278,14290
14271,14277,14291
14271,14278,14291
14292,14293,NA
14294,14295,NA
14296,14297,NA
14298,14299,NA
14300,14304,14306
14300,14304,14312
14305,14308,14309
14313,14314,NA
14315,14316,14317
14315,14316,72627
14318,14319,NA
14320,14321,14323
14320,14322,14323
14320,14321,14325
14320,14322,14325
14320,14321,14330
14320,14322,14330
14320,14321,14333
14320,14322,14333
14327,14328,14329
14332,14334,NA
14335,14336,NA
14337,14338,NA
14339,14340,NA
14341,14342,NA
14343,14344,14345
14343,14344,14347
14343,14344,14349
14355,14356,14357
14358,14359,14360
14361,14362,NA
14363,14364,NA
14365,14367,NA
14368,14369,NA
14370,14371,NA
14372,14374,NA
14375,14376,NA
14377,14378,NA
14379,14380,14381
14379,14380,76161
14382,14383,NA
14385,14386,14387
14389,14390,14391
14392,14393,NA
14394,14395,14396
14399,14400,14401
14403,14404,14407
14403,14406,14407
14403,14404,14410
14403,14406,14410
14403,14404,14414
14403,14406,14414
14403,14404,14416
14403,14406,14416
14403,14404,14417
14403,14406,14417
14420,14421,NA
14422,14423,14425
14422,14424,14425
14422,14423,14427
14422,14424,14427
14422,14423,14428
14422,14424,14428
14422,14423,14430
14422,14424,14430
14431,14432,14433
14434,14435,14436
14437,14438,NA
14439,14440,NA
14441,14442,NA
14444,14445,14446
14447,14448,NA
14449,14450,14451
14449,14450,14452
14453,14454,NA
14455,14456,14457
14455,14456,14458
14455,14456,14459
14455,14456,14460
14455,14456,14461
14455,14456,14462
14464,14465,14467
14464,14465,14469
14464,14465,14471
14464,14465,14472
14464,14465,14474
14464,14465,14476
14464,14465,14480
14464,14465,73095
14482,14483,14484
14486,14487,NA
14488,14489,14490
14491,14492,NA
14493,14495,NA
14496,14497,NA
14498,14499,14500
14498,14499,14502
14504,14505,14506
14508,14509,NA
14510,14511,NA
14512,14513,NA
14514,14515,14518
14514,14516,14518
14514,14517,14518
14514,14515,14520
14514,14516,14520
14514,14517,14520
14514,14515,14521
14514,14516,14521
14514,14517,14521
14514,14515,14522
14514,14516,14522
14514,14517,14522
14514,14515,14523
14514,14516,14523
14514,14517,14523
14524,14525,NA
14529,14530,14531
14533,14534,14535
14536,14537,NA
14538,14539,14540
14538,14539,14543
14544,14545,NA
14546,14547,NA
14548,14549,NA
14550,14551,14554
14550,14551,14556
14557,14558,14559
14560,14561,14562
14560,14561,14563
14564,14565,14566
14564,14565,14567
14564,14565,14569
14564,14565,14570
14571,14572,14574
14571,14573,14574
14575,14576,NA
14577,14578,NA
14580,14582,NA
14583,14584,NA
14585,14587,NA
14588,14589,14590
14591,14592,14593
14591,14592,14594
14596,14597,14598
14602,14604,NA
14605,14606,NA
14607,14609,NA
14610,14611,NA
14612,14613,14614
14615,14616,14618
14615,14617,14618
14615,14616,14621
14615,14617,14621
14615,14616,14619
14615,14617,14619
14615,14616,14620
14615,14617,14620
14623,14625,14626
14623,14625,14627
14623,14625,14629
14623,14625,14630
14623,14625,14632
14623,14625,14634
14635,14637,NA
14638,14639,NA
14640,14641,14643
14640,14641,14646
14640,14641,14647
14640,14641,14648
14650,14651,14652
14650,14651,14654
14650,14651,14657
14650,14651,14659
14661,14662,NA
14663,14664,14665
14663,14664,14666
14663,14664,14667
14663,14664,14668
14663,14664,14670
14663,14664,14671
14663,14664,14672
14663,14664,14673
14663,14664,14675
14663,14664,14677
14678,14679,NA
14680,14681,NA
14682,14683,NA
14684,14685,14686
14687,14688,NA
14689,14690,14691
14689,14690,14693
14689,14690,14694
14689,14690,14696
14689,14690,14698
14700,14701,14702
14700,14701,14703
14704,14708,14709
14704,14708,14710
14711,14712,14713
14711,14712,14714
14711,14712,14719
14717,14718,14723
14721,14724,14725
14721,14724,14726
14727,14728,14729
14727,14728,14731
14733,14734,NA
14735,14736,NA
14737,14738,14739
14737,14738,14741
14737,14738,14744
14737,14738,14745
14746,14747,14748
14746,14747,14750
14751,14754,NA
14755,14756,NA
14757,14759,14772
14757,14759,14791
14758,14761,14762
14758,14761,14765
14758,14761,14767
14770,14774,14776
14771,14773,NA
14777,14779,14782
14781,14783,14785
14784,14786,14788
14784,14786,14793
14784,14786,14796
14787,14790,14792
14787,14790,14797
14787,14790,14799
14787,14790,14800
14803,14805,NA
14809,14810,14811
14809,14810,14815
14816,14817,NA
14819,14820,NA
14821,14822,14823
14821,14822,14825
14826,14828,14829
14830,14831,14832
14830,14831,14835
14830,14831,14837
14839,14840,NA
14841,14842,14846
14841,14842,14848
14841,14842,14850
14841,14842,14851
14841,14842,14853
14841,14842,14854
14841,14842,14856
14841,14842,14858
14860,14861,NA
14862,14863,14865
14866,14867,14868
14869,14870,NA
14871,14872,14875
14871,14874,14875
14871,14872,14877
14871,14874,14877
14871,14872,14878
14871,14874,14878
14871,14872,14879
14871,14874,14879
14871,14872,14880
14871,14874,14880
14871,14872,14883
14871,14874,14883
14871,14872,14885
14871,14874,14885
14871,14872,14887
14871,14874,14887
14871,14872,14889
14871,14874,14889
14871,14872,14890
14871,14874,14890
14891,14892,14893
14895,14897,NA
14899,14900,NA
14901,14902,NA
14903,14904,14905
14903,14904,14906
14903,14904,14907
14908,14909,NA
14910,14911,14913
14910,14912,14913
14910,14911,14915
14910,14912,14915
14910,14911,14916
14910,14912,14916
14910,14911,14918
14910,14912,14918
14910,14911,14919
14910,14912,14919
14910,14911,14921
14910,14912,14921
14910,14911,14923
14910,14912,14923
14910,14911,14924
14910,14912,14924
14910,14911,14925
14910,14912,14925
14910,14911,14926
14910,14912,14926
14910,14911,14928
14910,14912,14928
14910,14911,14930
14910,14912,14930
14910,14911,14931
14910,14912,14931
14910,14911,14933
14910,14912,14933
14936,14938,14939
14940,14941,14942
14943,14944,NA
14945,14946,14947
14945,14946,14949
14945,14946,14951
14953,14955,14956
14953,14955,14961
14953,14955,14962
14953,14955,14963
14957,14958,14959
14965,14966,14968
14970,14971,14973
14970,14971,14975
14970,14971,14977
14970,14971,14979
14970,14971,14980
14970,14971,14982
14970,14971,14985
14986,14987,69823
14988,14989,14991
14988,14990,14991
14988,14989,14993
14988,14990,14993
14995,14996,NA
14997,14998,15000
14997,14998,15002
14997,14998,15004
14997,14998,15005
14997,14998,15007
14997,14998,15008
14997,14998,15010
14997,14998,15011
15012,15013,NA
15014,15015,15016
15018,15019,15020
15021,15022,15023
15021,15022,15025
15021,15022,15026
15027,15028,NA
15029,15030,NA
15031,15032,NA
15033,15034,15035
15033,15034,15037
15039,15041,NA
15042,15043,NA
15044,15045,15047
15044,15045,73833
15046,15048,NA
15049,15050,NA
15051,15052,NA
15053,15054,NA
15055,15057,NA
15056,15059,NA
15060,15062,NA
15061,15064,NA
15065,15066,15067
15065,15066,15069
15065,15066,15070
15065,15066,15072
15073,15074,15075
15076,15077,15078
15076,15077,15080
15076,15077,15082
15076,15077,15084
15076,15077,15085
15076,15077,15088
15076,15077,15090
15091,15092,15093
15094,15095,NA
15096,15097,NA
15098,15099,NA
15100,15101,15104
15100,15102,15104
15100,15101,15106
15100,15102,15106
15100,15101,15108
15100,15102,15108
15100,15101,15110
15100,15102,15110
15100,15101,15111
15100,15102,15111
15100,15101,15113
15100,15102,15113
15100,15101,15114
15100,15102,15114
15100,15101,15117
15100,15102,15117
15100,15101,15118
15100,15102,15118
15100,15101,75122
15100,15102,75122
15121,15122,15124
15121,15122,15125
15121,15122,15126
15121,15122,15128
15121,15122,15129
15121,15122,15132
15121,15122,15133
15121,15122,15135
15121,15122,15136
15121,15122,74994
15137,15141,15145
15137,15143,15145
15137,15141,15146
15137,15143,15146
15137,15141,15148
15137,15143,15148
15150,15151,NA
15152,15153,76933
15152,15153,15154
15156,15157,NA
15158,15159,15160
15158,15159,15162
15158,15159,15164
15158,15159,15166
15172,15173,15174
15172,15173,15175
15176,15178,NA
15179,15181,15182
15184,15186,15187
15184,15186,15189
15184,15186,15190
15193,15194,NA
15199,15200,15205
15199,15204,15205
15199,15200,15207
15199,15204,15207
15199,15200,15208
15199,15204,15208
15199,15200,15210
15199,15204,15210
15211,15212,15217
15211,15213,15217
15211,15214,15217
15211,15215,15217
15211,15212,15218
15211,15213,15218
15211,15214,15218
15211,15215,15218
15220,15221,NA
15223,15224,15225
15223,15224,15226
15223,15224,15227
15223,15224,15229
15223,15224,15230
15231,15232,NA
15233,15234,15235
15238,15239,NA
15240,15241,NA
15242,15243,NA
15244,15245,NA
15246,15247,15248
15246,15247,15249
15246,15247,15250
15246,15247,15251
15253,15254,NA
15255,15256,15257
15258,15259,NA
15260,15261,NA
15262,15263,NA
15264,15265,15266
15264,15265,15267
15264,15265,15268
15269,15270,NA
15271,15273,15274
15271,15273,15275
15276,15277,NA
15278,15279,NA
15280,15282,NA
15283,15285,15286
15287,15288,NA
15289,15291,NA
15292,15293,NA
15294,15295,15301
15294,77267,15301
15294,15296,15301
15294,15295,15304
15294,77267,15304
15294,15296,15304
15294,15295,15305
15294,77267,15305
15294,15296,15305
15294,15295,15306
15294,77267,15306
15294,15296,15306
15294,15295,15307
15294,77267,15307
15294,15296,15307
15309,15310,15314
15309,15311,15314
15316,15317,NA
15318,15319,15320
15322,15323,15324
15322,15323,15327
15335,15336,NA
15339,15340,15341
15343,15344,NA
15345,15346,NA
15347,15348,15349
15351,15353,NA
15363,15364,NA
15373,15374,NA
15387,15388,NA
15395,15396,15397
15395,15396,15398
15395,15396,15399
15395,15396,15401
15402,15404,15405
15402,15404,15406
15409,15410,15411
15412,15413,15414
15412,15413,15415
15412,15413,15416
15412,15413,15418
15412,15413,15419
15412,15413,15421
15412,15413,15423
15412,15413,15424
15426,15427,NA
15428,15430,NA
15431,15432,15464
15431,15432,15482
15431,15432,15485
15433,15435,15436
15433,15435,15438
15433,15435,15440
15433,15435,15441
15433,15435,15442
15443,15444,15445
15443,15444,15447
15443,15444,15448
15450,15451,NA
15452,15453,NA
15454,15455,15456
15454,15455,15459
15460,15461,15462
15463,15465,NA
15466,15467,NA
15468,15469,NA
15470,15472,15473
15470,15472,15474
15470,15472,15475
15470,15472,15477
15487,15488,15489
15492,15493,15495
15492,15493,15497
15492,15493,15499
15492,15493,15501
15496,15506,NA
15504,15505,15509
15504,15508,15509
15504,15505,15510
15504,15508,15510
15513,15514,15515
15513,15514,15516
15513,15514,15517
15519,15520,NA
15521,15522,NA
15532,15533,15535
15532,15533,15536
15537,15538,15539
15537,15538,15540
15537,15538,15541
15537,15538,15542
15537,15538,15543
15537,15538,15550
15551,15552,15553
15554,15555,15557
15558,15559,NA
15560,15561,NA
15562,15563,15564
15562,15563,15567
15562,15563,15568
15570,15571,NA
15572,15677,15678
15572,15677,15680
15572,15677,15681
15572,15677,15682
15573,15574,NA
15575,15576,15578
15575,73383,15578
15575,15576,15579
15575,73383,15579
15575,15576,15586
15575,73383,15586
15575,15576,15581
15575,73383,15581
15575,15576,15582
15575,73383,15582
15575,15576,15583
15575,73383,15583
15575,15576,15584
15575,73383,15584
15575,15576,15588
15575,73383,15588
15575,15576,73384
15575,73383,73384
15589,15591,15592
15593,15594,15595
15597,15598,NA
15599,15600,NA
15601,15602,15603
15601,15602,15605
15601,15602,15606
15607,15608,15609
15607,15608,15611
15607,15608,15614
15615,15616,NA
15617,15618,15619
15620,15621,NA
15622,15623,NA
15624,15625,NA
15626,15632,15633
15627,15630,15631
15628,15629,20286
15628,15629,15647
15628,15629,15649
15628,15629,15651
15635,15636,NA
15637,15638,NA
15639,15640,NA
15641,15642,15643
15641,15642,15645
15652,15653,NA
15654,15655,15656
15654,15655,15658
15659,15660,15665
15659,15663,15665
15659,15660,15667
15659,15663,15667
15659,15660,15668
15659,15663,15668
15659,15660,15669
15659,15663,15669
15659,15660,15671
15659,15663,15671
15672,15673,NA
15683,15684,NA
15683,15685,NA
15686,15687,15689
15686,15688,15689
15686,15687,76917
15686,15688,76917
15686,15687,15691
15686,15688,15691
15686,15687,15693
15686,15688,15693
15686,15687,15695
15686,15688,15695
15686,15687,15697
15686,15688,15697
15686,15687,15699
15686,15688,15699
15686,15687,15701
15686,15688,15701
15686,15687,15702
15686,15688,15702
15703,15704,15705
15703,15704,15707
15703,15704,15709
15703,15704,15711
15715,15716,NA
15717,15718,NA
15720,15721,NA
15722,15723,15725
15722,15723,15766
15722,15723,15767
15728,15730,NA
15731,15732,NA
15733,15734,NA
15735,15736,NA
15738,15739,15740
15741,15742,15743
15741,15742,15745
15741,15742,15747
15741,15742,15748
15741,15742,15750
15741,15742,15752
15741,15742,15753
15754,15755,NA
15756,15757,NA
15758,15759,NA
15760,15762,15769
15760,15762,15770
15764,15765,15841
15764,15765,15842
15764,15765,15843
15774,15775,15776
15777,15779,15780
15782,15784,15785
15782,15784,15786
15782,15784,15788
15782,15784,15790
15792,15793,NA
15794,15795,NA
15796,15797,NA
15798,15799,15800
15798,15799,15802
15798,15799,15804
15798,15799,15806
15798,15799,15807
15809,15810,15811
15809,15810,15812
15809,15810,15813
15814,15816,15817
15814,15816,15819
15814,15816,15820
15821,15823,15824
15825,15826,NA
15827,15828,15829
15827,15828,15830
15827,15828,15832
15827,15828,15834
15827,15828,15835
15827,15828,15837
15827,15828,15839
15844,15848,15849
15851,15852,15853
15851,15852,15854
15851,15852,15856
15851,15852,15859
15851,15852,15861
15851,15852,15869
15860,15862,15864
15866,15867,15874
15866,15870,15874
15866,15867,15878
15866,15870,15878
15866,15867,15879
15866,15870,15879
15866,15867,15880
15866,15870,15880
15866,15867,15884
15866,15870,15884
15866,15867,15886
15866,15870,15886
15871,15872,NA
15873,15875,15881
15873,15877,15881
15887,15888,15890
15887,15888,15892
15887,15888,15893
15887,15888,74712
15887,15888,74714
15887,15888,74716
15887,15888,74717
15887,15888,15897
15887,15888,15902
15887,15888,15906
15887,15888,15912
15887,15888,15914
15887,15888,15916
15887,15888,74718
15887,15888,74720
15887,15888,74722
15887,15888,74723
15887,15888,15918
15887,15888,15920
15887,15888,15922
15887,15888,15923
15887,15888,15924
15887,15888,15925
15887,15888,15927
15887,15888,15929
15887,15888,15931
15887,15888,15932
15887,15888,15933
15887,15888,15935
15887,15888,74725
15887,15888,74727
15887,15888,74728
15887,15888,72855
15889,15891,15895
15889,15891,15896
15889,15891,15900
15889,15891,15904
15889,15891,15907
15908,15910,NA
15939,15940,15941
15943,15945,15950
15946,15948,NA
15949,15954,NA
15952,15955,NA
15956,15962,NA
15957,15964,NA
15963,15966,15967
15965,15968,NA
15970,15972,15973
15971,15975,15980
15974,15976,NA
15977,15994,15998
15977,15994,16011
15978,15979,NA
15981,15983,15984
15986,15987,15988
15986,15987,15990
15986,15987,15992
15993,15996,15997
15993,15996,16000
15993,15996,74993
15995,16003,16005
16001,16008,16009
16007,16014,NA
16012,16016,16018
16012,16016,16023
16012,16016,16025
16015,16022,NA
16017,16020,NA
16024,16026,NA
16027,16030,16031
16027,16030,16034
16027,16030,16038
16027,16030,16041
16028,16044,16047
16029,16033,16045
16029,16037,16045
16029,16043,16045
16029,16033,16046
16029,16037,16046
16029,16043,16046
16029,16033,16050
16029,16037,16050
16029,16043,16050
16029,16033,16053
16029,16037,16053
16029,16043,16053
16029,16033,16055
16029,16037,16055
16029,16043,16055
16029,16033,16059
16029,16037,16059
16029,16043,16059
16029,16033,16061
16029,16037,16061
16029,16043,16061
16049,16051,16056
16052,16054,NA
16060,16064,16067
16062,16068,NA
16063,16066,16069
16063,16066,16074
16063,16066,16078
16073,16075,16081
16073,16077,16081
16079,16090,NA
16083,16086,NA
16084,16088,16092
16084,16088,16094
16084,16088,16097
16087,16089,NA
16091,16093,NA
16096,16100,16108
16098,16099,NA
16101,16105,NA
16102,16103,16104
16102,16103,16110
16109,16117,16118
16109,16117,16120
16109,16117,16121
16109,16117,16124
16111,16112,NA
16113,16114,NA
16115,16116,16122
16125,16126,NA
16127,16128,16129
16127,16128,72929
16131,16139,16141
16132,16134,NA
16135,16136,NA
16137,16138,16140
16137,16138,16143
16137,16138,16146
16137,16138,16149
16137,16138,16153
16137,16138,16157
16145,16148,NA
16151,16152,16154
16156,16158,16162
16156,16158,16163
16166,16167,16169
16166,16168,16169
16171,16172,16174
16171,16172,16175
16171,16172,16176
16171,16172,16181
16171,16172,16183
16171,16172,16185
16171,16172,16189
16191,16192,16491
16191,16192,16194
16191,16192,16195
16191,16192,16196
16191,16192,16197
16191,16192,16199
16200,16201,NA
16202,16203,NA
16204,16205,NA
16206,16208,16210
16206,16208,16212
16206,16208,16287
16206,16208,16289
16206,16208,16291
16206,16208,16293
16206,16208,16295
16206,16208,16296
16214,16215,NA
16216,16217,NA
16218,16219,NA
16220,16222,NA
16223,16225,NA
16227,16230,NA
16233,16234,16235
16236,16237,NA
16238,16240,16241
16242,16243,16244
16242,16243,16247
16249,16251,NA
16252,16253,NA
16254,16255,NA
16256,16257,NA
16258,16260,NA
16265,16267,NA
16268,16269,16270
16273,16274,16275
16273,16274,16276
16273,16274,16278
16273,16274,16281
16273,16274,16282
16273,16274,16283
16273,16274,70696
16298,16300,16301
16302,16304,16305
16302,16304,16307
16309,16310,NA
16311,16315,16318
16320,16321,NA
16322,16325,16326
16322,16325,16327
16322,16325,16328
16322,16325,16330
16322,16325,16332
16334,16335,69573
16336,16338,NA
16339,16340,16341
16339,16340,16342
16343,16345,16425
16343,16345,16426
16343,16345,16429
16343,16345,16432
16347,16348,70212
16349,16350,NA
16351,16352,NA
16353,16354,NA
16355,16357,NA
16356,16360,NA
16359,16362,16363
16359,16362,16364
16359,16362,16366
16361,16368,16374
16361,16371,16374
16361,16368,16383
16361,16371,16383
16361,16368,16384
16361,16371,16384
16361,16368,16386
16361,16371,16386
16369,16370,NA
16372,16373,NA
16375,16378,NA
16379,16380,16381
16379,16380,16388
16391,16392,NA
16393,16395,16396
16393,16395,16398
16393,16395,16400
16402,16403,16405
16402,16403,16406
16402,16403,16408
16402,16403,16410
16402,16403,16411
16402,16403,16412
16402,16403,16413
16402,16403,16415
16402,16403,16417
16402,16403,16419
16421,16422,16423
16421,16422,16427
16421,16422,16428
16421,16422,16430
16421,16422,16434
16421,16422,16435
16436,16437,16438
16439,16441,NA
16442,16443,16444
16442,16443,16446
16442,16443,16448
16442,16443,16450
16442,16443,16452
16442,16443,16456
16458,16459,NA
16460,16461,16462
16463,16464,16466
16463,16465,16466
16463,16464,16467
16463,16465,16467
16463,16464,16470
16463,16465,16470
16463,16464,16471
16463,16465,16471
16463,16464,16473
16463,16465,16473
16463,16464,16475
16463,16465,16475
16463,16464,16476
16463,16465,16476
16478,16479,16480
16478,16479,16481
16482,16483,16484
16485,16486,16487
16485,16486,16488
16489,16490,NA
16493,16494,16495
16497,16498,NA
16499,16500,16503
16499,16500,16505
16499,16500,16508
16499,16500,16510
16499,16500,16511
16499,16500,16515
16517,16518,16520
16517,16518,16523
16517,16518,16525
16517,16518,16526
16527,16528,NA
16529,16530,16531
16532,16533,NA
16534,16535,16536
16534,16535,16538
16534,16535,16539
16534,16535,16541
16534,16535,16544
16534,16535,16546
16547,16564,16550
16547,16565,16550
16547,16564,16552
16547,16565,16552
16547,16564,16554
16547,16565,16554
16547,16564,16556
16547,16565,16556
16547,16564,16558
16547,16565,16558
16547,16564,16560
16547,16565,16560
16547,16564,16561
16547,16565,16561
16547,16564,16563
16547,16565,16563
16566,16567,NA
16570,16571,NA
16572,16573,16574
16575,16576,16577
16579,16580,NA
16581,16582,16583
16581,16582,16584
16581,16582,16585
16581,16582,70258
16586,16588,16589
16586,16588,16591
16586,16588,16593
16586,16588,16594
16586,16588,16595
16586,16588,16596
16586,16588,16597
16598,16601,NA
16602,16603,16604
16602,16603,16607
16602,16603,16608
16602,16603,16610
16602,16603,16612
16602,16603,16614
16602,16603,16615
16602,16603,16617
16619,16620,16622
16619,16621,16622
16623,16625,16627
16623,16626,16627
16623,16625,16629
16623,16626,16629
16623,16625,16630
16623,16626,16630
16623,16625,16631
16623,16626,16631
16623,16625,16632
16623,16626,16632
16633,16634,NA
16635,16636,NA
16637,16638,NA
16639,16640,NA
16641,16642,16643
16641,16642,16645
16641,16642,16646
16641,16642,16649
16641,16642,16651
16641,16642,16652
16641,16642,16654
16641,16642,16656
16657,16658,16659
16660,16662,16665
16671,16675,NA
16681,16683,16685
16686,16687,16688
16690,16691,16692
16694,16695,16696
16697,16698,16699
16697,16698,16701
16703,16704,16707
16708,16709,NA
16710,16711,16712
16710,16711,16713
16710,16711,16715
16716,16717,16718
16716,16717,16719
16716,16717,16721
16743,16744,16745
16743,16744,16747
16743,16744,16750
16743,16744,16754
16743,16744,16755
16756,16760,NA
16761,16762,16767
16761,16762,16770
16764,16765,NA
16766,16769,NA
16771,16772,16773
16774,16775,NA
16776,16777,NA
16778,16779,NA
16780,16785,NA
16786,16787,16788
16789,16790,NA
16791,16792,NA
16793,16794,NA
16795,16796,NA
16797,16798,NA
16799,16800,16801
16803,16805,16806
16808,16809,NA
16810,16812,16813
16815,16816,16818
16815,16817,16818
16815,16816,16820
16815,16817,16820
16815,16816,16822
16815,16817,16822
16815,16816,16824
16815,16817,16824
16815,16816,16825
16815,16817,16825
16815,16816,16826
16815,16817,16826
16815,16816,16828
16815,16817,16828
16815,16816,16830
16815,16817,16830
16815,16816,16831
16815,16817,16831
16815,16816,16832
16815,16817,16832
16815,16816,16833
16815,16817,16833
16815,16816,16835
16815,16817,16835
16815,16816,16836
16815,16817,16836
16837,16838,NA
16839,16840,NA
16842,16843,NA
16844,16846,16848
16844,16847,16848
16844,16846,16850
16844,16847,16850
16851,16852,16853
16851,16852,16854
16855,16856,16859
16855,16857,16859
16855,16856,16861
16855,16857,16861
16863,16864,NA
16865,16866,16867
16869,16870,NA
16871,16872,NA
16873,16874,16875
16873,16874,16877
16873,16874,16879
16873,16874,16880
16873,16874,16881
16873,16874,16883
16873,16874,16884
16873,16874,16885
16886,16887,NA
16888,16889,NA
16890,16891,16892
16890,16891,16893
16895,16896,NA
16897,16898,NA
16899,16900,16901
16899,16900,16903
16899,16900,16904
16899,16900,16906
16899,16900,16908
16899,16900,16909
16899,16900,16910
16899,16900,16912
16899,16900,16913
16899,16900,16915
16917,16918,NA
16919,16920,NA
16921,16923,16924
16921,16923,16925
16921,16923,16927
16921,16923,16929
16930,16931,16932
16930,16931,16934
16930,16931,16936
16930,16931,16938
16940,16941,16942
16945,16946,16947
16948,16950,NA
16951,16952,16953
16955,16956,NA
16958,16960,16962
16958,16961,16962
16958,16960,16964
16958,16961,16964
16958,16960,16966
16958,16961,16966
16958,16960,16968
16958,16961,16968
16970,16971,NA
16972,16973,16976
16972,16973,16977
16972,16973,16979
16972,16973,16981
16983,16984,NA
16985,16987,16988
16989,16990,NA
16991,16992,NA
16993,16994,16995
16996,16997,16998
16999,17001,NA
17002,17003,NA
17004,17005,17006
17008,17010,NA
17011,17012,NA
17013,17014,NA
17015,17016,17018
17020,17021,17022
17024,17025,NA
17026,17027,NA
17028,17030,17032
17028,17031,17032
17028,17030,17034
17028,17031,17034
17028,17030,17036
17028,17031,17036
17028,17030,17038
17028,17031,17038
17028,17030,17040
17028,17031,17040
17028,17030,17042
17028,17031,17042
17043,17045,17046
17048,17059,NA
17051,17053,17054
17051,17053,17055
17051,17053,17056
17051,17053,17057
17051,17053,17061
17051,17053,17062
17051,17053,17063
17051,17053,17064
17051,17053,70225
17066,17068,NA
17069,17070,NA
17071,17073,NA
17074,17075,NA
17076,17078,NA
17079,17081,NA
17082,17083,17084
17082,17083,17086
17088,17089,17090
17092,17094,NA
17095,17096,NA
17097,17098,17099
17100,17101,17102
17104,17105,NA
17106,17107,NA
17108,17109,17110
17112,17113,17114
17125,17126,17127
17125,17126,17128
17125,17126,17129
17125,17126,17132
17125,17126,17133
17125,17126,17134
17125,17126,17135
17125,17126,17136
17125,17126,17137
17181,17182,17183
17185,17186,17187
17185,17186,17189
17185,17186,17190
17185,17186,17192
17185,17186,17218
17185,17186,17219
17185,17186,17221
17185,17186,17222
17199,17200,NA
17201,17203,NA
17204,17205,17206
17204,17205,69985
17207,17208,NA
17209,17210,17211
17209,17210,17212
17223,17224,17225
17223,17224,17227
17223,17224,17229
17223,17224,17231
17223,17224,17232
17234,17236,17237
17238,17240,17241
17243,17244,NA
17245,17246,17247
17245,72539,17247
17245,17246,21632
17245,72539,21632
17245,17246,72540
17245,72539,72540
17245,17246,72541
17245,72539,72541
17245,17246,72542
17245,72539,72542
17248,17249,17251
17248,17250,17251
17248,17249,17253
17248,17250,17253
17248,17249,17256
17248,17250,17256
17248,17249,17257
17248,17250,17257
17248,17249,17258
17248,17250,17258
17248,17249,17260
17248,17250,17260
17248,17249,17261
17248,17250,17261
17248,17249,17263
17248,17250,17263
17272,17273,17274
17272,17273,17275
17272,17273,17276
17272,17273,17277
17272,17273,17278
17272,17273,17279
17291,17292,17293
17291,17292,17294
17291,17292,17296
17297,17298,17299
17301,17302,17303
17304,17305,NA
17307,17308,17309
17307,17308,17310
17307,17308,17313
17307,17308,69555
17314,17315,17316
17314,17315,17317
17314,17315,17318
17314,17315,17319
17314,17315,17321
17314,17315,17323
17314,17315,17324
17314,17315,17546
17314,17315,17548
17314,17315,17549
17314,17315,17550
17314,17315,17552
17314,17315,17554
17314,17315,17556
17314,17315,17559
17314,17315,74136
17336,17337,NA
17339,17341,NA
17343,17344,17345
17343,17344,17346
17343,17344,17348
17343,17344,74150
17357,17358,NA
17361,17365,17371
17361,17365,17373
17361,17365,17375
17361,17365,17376
17377,17378,NA
17380,17383,NA
17386,17387,NA
17389,17390,17391
17389,17390,17392
17389,17390,17394
17389,17390,17395
17398,17399,NA
17400,17401,17402
17400,17401,17404
17400,17401,17405
17400,17401,17406
17400,17401,17407
17400,17401,17409
17400,17401,17410
17400,17401,17415
17400,17401,17417
17419,17420,73067
17421,17422,17424
17421,17422,17426
17421,17422,17427
17421,17422,17428
17421,17422,17430
17431,17433,NA
17434,17435,17437
17434,17436,17437
17434,17435,17439
17434,17436,17439
17434,17435,17440
17434,17436,17440
17434,17435,17442
17434,17436,17442
17434,17435,17443
17434,17436,17443
17434,17435,17444
17434,17436,17444
17434,17435,17447
17434,17436,17447
17448,17449,NA
17450,17453,17454
17455,17456,NA
17492,17493,17494
17495,17496,17497
17498,17499,17500
17502,17504,17507
17502,17506,17507
17502,17504,17508
17502,17506,17508
17502,17504,17509
17502,17506,17509
17502,17504,17510
17502,17506,17510
17502,17504,17511
17502,17506,17511
17512,17513,17514
17516,17518,17519
17516,17518,17521
17561,17562,NA
17563,17564,17566
17563,17565,17566
17567,17569,17572
17567,77636,17572
17567,17570,17572
17567,17571,17572
17567,77637,17572
17567,17569,17573
17567,77636,17573
17567,17570,17573
17567,17571,17573
17567,77637,17573
17567,17569,17574
17567,77636,17574
17567,17570,17574
17567,17571,17574
17567,77637,17574
17567,17569,17575
17567,77636,17575
17567,17570,17575
17567,17571,17575
17567,77637,17575
17578,17579,17598
17581,17582,17583
17585,17586,NA
17589,17590,NA
17591,17592,NA
17593,17594,NA
17595,17596,NA
17597,17600,17633
17597,17602,17633
17597,17600,17635
17597,17602,17635
17597,17600,17831
17597,17602,17831
17597,17600,17833
17597,17602,17833
17597,17600,17834
17597,17602,17834
17636,17637,17638
17639,17640,17641
17639,17640,17643
17639,17640,17645
17639,17640,17646
17639,17640,17647
17649,17650,17651
17653,17654,NA
17655,17656,17657
17655,17656,17658
17655,17656,17659
17666,17667,17668
17666,17667,17669
17666,17667,76176
17671,17672,17673
17671,17672,17675
17676,17677,NA
17678,17679,17682
17678,17681,17682
17678,17679,17684
17678,17681,17684
17678,17679,17686
17678,17681,17686
17687,17688,17689
17691,17692,NA
17693,17694,NA
17695,NA,17696
17695,NA,17698
17695,NA,17700
17695,NA,74349
17701,17702,NA
17704,17705,17707
17709,17712,17713
17709,17712,17714
17715,17716,17719
17715,17718,17719
17715,17716,17720
17715,17718,17720
17731,17732,17733
17731,17732,17735
17737,17738,17739
17737,17738,17740
17737,17738,17743
17737,17738,17746
17748,17750,17751
17748,17750,17752
17748,17750,17753
17748,17750,17754
17748,17750,17755
17748,17750,17757
17748,17750,17758
17748,17750,17759
17748,17750,17761
17748,17750,17762
17764,17765,NA
17766,17767,NA
17768,17769,NA
17770,17771,17773
17774,17775,NA
17776,17777,NA
17779,17781,17782
17784,17785,NA
17786,17788,NA
17789,17790,NA
17791,17792,NA
17793,17794,NA
17795,17796,17797
17799,17800,17801
17802,17803,NA
17804,17805,17806
17807,17808,NA
17809,17811,17813
17809,17811,17819
17809,17811,17822
17809,17811,17826
17809,17811,17837
17809,17811,17839
17809,17811,17842
17809,17811,17843
17809,17811,17846
17809,17811,17849
17812,17815,17816
17818,17821,NA
17824,17825,NA
17828,17829,17830
17835,17845,17847
17835,17845,17852
17835,17845,17866
17835,17845,17870
17835,17845,17874
17835,17845,17875
17835,17845,17876
17841,17844,NA
17850,17855,17859
17850,17855,17869
17850,17855,17873
17851,17854,17857
17860,17862,NA
17877,17881,17884
17878,17880,NA
17882,17885,NA
17886,17888,17889
17887,17891,NA
17892,17893,NA
17894,17897,17900
17894,17898,17900
17895,17896,NA
17899,17901,17904
17902,17903,NA
17905,17907,17908
17905,17907,17911
17910,17914,NA
17913,17917,17918
17915,17916,NA
17920,17921,NA
17922,17923,17924
17922,17923,17925
17922,17923,17927
17922,17923,17928
17922,17923,17929
17922,17923,17931
17932,17933,NA
17934,17935,17936
17934,17935,17937
17934,17935,17940
17934,17935,17941
17934,17935,17942
17943,17944,NA
17945,17946,17947
17948,17949,NA
17950,17951,NA
17952,17953,NA
17954,17955,17956
17954,17955,17959
17961,17962,17965
17961,17962,17967
17961,17962,17970
17961,17962,17973
17961,17962,17975
17961,17962,17977
17961,17962,17979
17961,17962,17981
17961,17962,17983
17986,17987,17988
17989,17990,17992
17989,17991,17992
17989,77638,17992
17989,17990,17994
17989,17991,17994
17989,77638,17994
17989,17990,17996
17989,17991,17996
17989,77638,17996
17989,17990,17998
17989,17991,17998
17989,77638,17998
17989,17990,17999
17989,17991,17999
17989,77638,17999
17989,17990,18000
17989,17991,18000
17989,77638,18000
17989,17990,18002
17989,17991,18002
17989,77638,18002
17989,17990,18003
17989,17991,18003
17989,77638,18003
17989,17990,18005
17989,17991,18005
17989,77638,18005
17989,17990,77639
17989,17991,77639
17989,77638,77639
17989,17990,77640
17989,17991,77640
17989,77638,77640
18008,18009,18011
18013,18014,18016
18013,18015,18016
18017,18018,18019
18017,18018,18020
18022,18023,NA
18024,18025,NA
18026,18027,NA
18028,18029,18030
18031,18032,18033
18034,18035,NA
18036,18037,18038
18036,18037,18040
18036,18037,70226
18042,18044,NA
18045,18046,18048
18045,18047,18048
18045,18046,18050
18045,18047,18050
18045,18046,18052
18045,18047,18052
18045,18046,18054
18045,18047,18054
18045,18046,18055
18045,18047,18055
18045,18046,18056
18045,18047,18056
18045,18046,18059
18045,18047,18059
18045,18046,18060
18045,18047,18060
18045,18046,18062
18045,18047,18062
18045,18046,18063
18045,18047,18063
18065,18066,NA
18067,18068,18069
18071,18072,18073
18071,18072,18074
18071,18072,18076
18071,18072,18078
18071,18072,18079
18081,18082,18083
18081,18082,18085
18081,18082,18087
18088,18089,18090
18088,18089,18095
18088,18089,18098
18088,18089,18099
18088,18089,18104
18088,18089,18105
18088,18089,18106
18088,18089,18108
18088,18089,73817
18091,18093,18100
18091,18093,18102
18107,18109,NA
18110,18112,18113
18110,18112,18115
18110,18112,18119
18110,18112,18126
18110,18112,18127
18111,18114,NA
18116,18117,18118
18121,18123,NA
18124,18125,NA
18128,18129,NA
18130,18131,18132
18130,18131,18135
18130,18131,18138
18130,18131,18141
18130,18131,18142
18130,18131,18144
18134,18137,18140
18145,18146,NA
18147,18148,NA
18149,18151,18153
18149,18151,18158
18150,18152,18154
18160,18161,NA
18162,18163,NA
18164,18166,NA
18165,18167,18168
18165,18167,18171
18165,18167,18174
18165,18167,18178
18165,18167,18180
18165,18167,18183
18165,18167,18184
18165,18167,18187
18165,18167,18190
18165,18167,18192
18169,18170,18177
18169,18173,18177
18169,18170,18179
18169,18173,18179
18169,18170,18182
18169,18173,18182
18169,18170,18186
18169,18173,18186
18169,18170,18191
18169,18173,18191
18169,18170,18195
18169,18173,18195
18193,18198,18199
18193,18198,18201
18203,18206,18209
18203,18208,18209
18203,18206,18210
18203,18208,18210
18203,18206,18212
18203,18208,18212
18203,18206,18213
18203,18208,18213
18203,18206,18217
18203,18208,18217
18203,18206,18218
18203,18208,18218
18203,18206,18220
18203,18208,18220
18211,18214,NA
18216,18223,NA
18222,18224,18231
18222,18226,18231
18222,18224,18233
18222,18226,18233
18235,18236,NA
18237,18238,18240
18237,18239,18240
18237,18238,18242
18237,18239,18242
18237,18238,18244
18237,18239,18244
18237,18238,18246
18237,18239,18246
18237,18238,18248
18237,18239,18248
18250,18251,18252
18250,18251,18254
18250,18251,18255
18250,18251,18256
18257,18259,18264
18257,18261,18264
18257,18259,18266
18257,18261,18266
18257,18259,18268
18257,18261,18268
18257,18259,18269
18257,18261,18269
18257,18259,18270
18257,18261,18270
18257,18259,18271
18257,18261,18271
18257,18259,18272
18257,18261,18272
18257,18259,18273
18257,18261,18273
18257,18259,18275
18257,18261,18275
18257,18259,18277
18257,18261,18277
18257,18259,18279
18257,18261,18279
18257,18259,18281
18257,18261,18281
18257,18259,18283
18257,18261,18283
18285,18286,NA
18287,18288,18289
18291,18292,18293
18291,18292,18294
18291,18292,18296
18297,18298,18300
18297,18299,18300
18297,18298,18301
18297,18299,18301
18297,18298,18302
18297,18299,18302
18303,18306,18307
18303,18306,18309
18303,18306,18311
18303,18306,18313
18303,18306,18314
18303,18306,18316
18303,18306,18317
18319,18320,18321
18322,18323,18324
18326,18327,18328
18326,18327,18330
18326,18327,18332
18326,18327,18334
18326,18327,18336
18326,18327,18337
18326,18327,18339
18326,18327,18340
18342,18343,NA
18344,18345,18346
18344,18345,18347
18348,18349,18352
18354,18355,18356
18354,18355,76766
18357,18358,72325
18359,18360,NA
18361,18362,NA
18363,18364,NA
18365,18367,NA
18368,18369,18370
18371,18373,18374
18371,18373,18376
18377,18378,18379
18385,18386,18387
18385,18386,18388
18385,18386,18389
18393,18394,NA
18395,18396,18397
18395,18396,18399
18395,18396,18400
18395,18396,18403
18395,18396,18405
18407,18408,18409
18411,18412,NA
18413,18414,18415
18413,69379,18415
18413,18414,18416
18413,69379,18416
18413,18414,18418
18413,69379,18418
18413,18414,18419
18413,69379,18419
18413,18414,18420
18413,69379,18420
18413,18414,18421
18413,69379,18421
18413,18414,18422
18413,69379,18422
18413,18414,69380
18413,69379,69380
18423,18424,NA
18425,18426,18427
18425,18426,73994
18429,18430,18431
18429,18430,18433
18429,18430,18435
18429,18430,18437
18439,18440,18442
18444,18445,NA
18446,18447,18448
18446,18447,18450
18452,18454,18456
18452,18455,18456
18452,77644,18456
18452,18454,18457
18452,18455,18457
18452,77644,18457
18452,18454,18459
18452,18455,18459
18452,77644,18459
18452,18454,74333
18452,18455,74333
18452,77644,74333
18452,18454,77645
18452,18455,77645
18452,77644,77645
18460,18461,NA
18462,18463,18464
18462,18463,75042
18466,18467,18468
18470,18471,NA
18472,18473,18475
18472,18473,18478
18480,18482,NA
18483,18485,18486
18483,18485,18488
18490,18492,18493
18490,18492,18495
18490,18492,18497
18490,18492,18498
18490,18492,18500
18490,18492,18502
18505,18506,18507
18509,18510,NA
18512,18513,18514
18515,18516,NA
18517,18518,73723
18519,18520,18521
18522,18523,18524
18522,18523,18526
18522,18523,18528
18522,18523,18529
18530,18531,NA
18532,18533,18534
18536,18537,18538
18539,18540,NA
18541,18542,18543
18544,18545,18546
18544,18545,18547
18544,18545,18549
18544,18545,18550
18551,18554,NA
18555,18556,18557
18558,18559,18560
18562,18563,18565
18562,18564,18565
18562,18563,18566
18562,18564,18566
18562,18563,18567
18562,18564,18567
18562,18563,18570
18562,18564,18570
18562,18563,18571
18562,18564,18571
18562,18563,18572
18562,18564,18572
18573,18574,NA
18575,18576,NA
18577,18578,NA
18579,18581,18582
18579,18581,18584
18585,18586,18587
18588,18589,18625
18588,18589,18628
18591,18592,18593
18591,18592,18594
18591,18592,18630
18591,18592,18633
18598,18599,18600
18602,18603,18605
18602,18604,18605
18602,18603,18608
18602,18604,18608
18602,18603,18610
18602,18604,18610
18602,18603,18611
18602,18604,18611
18602,18603,18612
18602,18604,18612
18602,18603,76289
18602,18604,76289
18615,18616,18619
18615,18617,18619
18615,18618,18619
18615,18616,18620
18615,18617,18620
18615,18618,18620
18615,18616,18622
18615,18617,18622
18615,18618,18622
18615,18616,18624
18615,18617,18624
18615,18618,18624
18615,18616,69445
18615,18617,69445
18615,18618,69445
18635,18648,18649
18636,18637,18639
18636,18638,18639
18636,18637,18640
18636,18638,18640
18636,18637,18642
18636,18638,18642
18636,18637,18643
18636,18638,18643
18636,18637,18644
18636,18638,18644
18636,18637,18646
18636,18638,18646
18636,18637,75697
18636,18638,75697
18650,18651,NA
18652,18653,18654
18655,18656,18657
18655,18656,18660
18655,18656,18662
18663,18664,18665
18663,18664,18667
18668,18670,NA
18671,18672,18673
18675,18677,18679
18681,18682,NA
18683,18684,NA
18685,18686,NA
18687,18688,NA
18689,18690,NA
18691,18692,NA
18693,18694,NA
18695,18698,NA
18699,18700,NA
18701,18702,18703
18701,18702,18706
18701,18702,18708
18701,18702,18710
18701,18702,18712
18701,18702,18714
18716,18718,18719
18716,18718,18720
18721,18722,18723
18724,18725,18726
18724,18725,18728
18724,18725,18729
18730,18732,NA
18731,18733,NA
18734,18735,NA
18736,18737,NA
18738,18739,NA
18741,18742,18743
18744,18746,18747
18744,18746,18750
18744,18746,18753
18745,18749,18752
18756,18757,18758
18756,18757,18764
18756,18757,18766
18756,18757,18771
18756,18757,18772
18756,18757,18774
18759,18761,18763
18765,18768,18769
18770,18773,NA
18775,18776,18777
18778,18779,NA
18780,18782,NA
18781,18787,NA
18783,18786,18788
18789,18791,NA
18790,18794,NA
18792,18793,NA
18795,18796,NA
18797,18799,18800
18797,18799,18810
18797,18799,18811
18797,18799,18815
18797,18799,18816
18797,18799,18818
18798,18802,NA
18804,18806,NA
18807,18809,18813
18820,18821,18822
18824,18825,18826
18824,18825,18828
18824,18825,18830
18824,18825,18831
18824,18825,18832
18829,18833,NA
18834,18835,NA
18836,18837,NA
18838,18839,NA
18840,18841,18842
18840,18841,18843
18844,18845,NA
18846,18847,NA
18848,18849,18853
18848,18850,18853
18854,18855,NA
18856,18857,NA
18858,18859,NA
18860,18861,NA
18862,18863,NA
18864,18865,NA
18866,18867,NA
18868,18869,NA
18870,18871,18872
18873,18875,18876
18878,18879,18880
18881,18882,18883
18881,18882,18884
18881,18882,18886
18881,18882,18887
18881,18882,18889
18881,18882,18891
18881,18882,18893
18881,18882,18894
18896,18897,NA
18898,18899,NA
18901,18902,18903
18901,18902,18904
18901,18902,18905
18901,18902,18906
18901,18902,18907
18901,18902,18908
18909,18910,18911
18909,18910,18913
18909,18910,18915
18909,18910,18916
18909,18910,18920
18909,18910,18922
18909,18910,18924
18909,18910,18925
18926,18928,NA
18929,18930,18931
18929,18930,18932
18929,18930,18933
18934,18935,18937
18934,18936,18937
18934,18935,18940
18934,18936,18940
18934,18935,18942
18934,18936,18942
18934,18935,18944
18934,18936,18944
18934,18935,18945
18934,18936,18945
18934,18935,76408
18934,18936,76408
18946,18947,18949
18946,18948,18949
18950,18951,18954
18950,18951,18956
18957,18959,NA
18960,18961,18962
18964,18965,18966
18967,18968,NA
18969,18970,NA
18971,18972,18973
18975,18976,NA
18977,18978,18979
18980,18981,18982
18984,18985,18986
18987,18989,NA
18990,18991,18992
18993,18994,18995
18997,18999,NA
19000,19002,NA
19003,19004,19005
19003,19004,19006
19007,19008,19009
19007,19008,19013
19007,19008,19015
19007,19008,19016
19007,19008,19017
19007,19008,19018
19020,19023,19024
19020,19023,19025
19020,19023,19026
19020,19023,19027
19029,19030,19032
19029,19031,19032
19029,19030,19034
19029,19031,19034
19035,19036,19037
19035,19036,19038
19035,19036,19039
19047,19048,19050
19047,19048,19051
19047,19048,19052
19047,19048,19053
19047,19048,19055
19056,19057,NA
19058,19060,NA
19061,19062,NA
19063,19064,19065
19063,19064,19066
19063,19064,19068
19063,19064,74468
19069,19070,NA
19071,19072,19073
19071,19072,19075
19077,19078,19079
19080,19081,NA
19082,19084,19085
19087,19089,NA
19090,19091,NA
19092,19093,NA
19094,19096,NA
19097,19099,19100
19097,19099,19101
19097,19099,19102
19097,19099,19103
19104,19105,NA
19106,19107,NA
19108,19110,NA
19111,19112,19113
19111,19112,19114
19111,19112,19116
19111,19112,19117
19111,19112,70695
19118,19119,NA
19120,19121,19122
19123,19124,19125
19123,19124,19126
19123,19124,19128
19123,19124,19130
19131,19132,19133
19134,19135,NA
19136,NA,19137
19136,NA,19139
19136,NA,19145
19136,NA,19141
19136,NA,19146
19136,NA,19147
19148,19149,NA
19150,19151,19152
19150,19151,19153
19155,19156,NA
19157,19158,19159
19161,19162,19163
19165,19166,19167
19168,19169,NA
19170,19171,NA
19172,19173,NA
19174,19176,19177
19174,19176,19179
19174,19176,19182
19184,19185,19186
19184,19185,19188
19189,19190,19193
19189,19190,19194
19189,19190,19195
19189,19190,19196
19189,19190,19198
19189,19190,19199
19201,19202,19203
19201,19202,19205
19201,19202,19206
19201,19202,19208
19201,19202,19210
19201,19202,19212
19214,19215,NA
19216,19217,NA
19218,19219,NA
19220,19221,19222
19220,19221,19224
19220,19221,19226
19220,19221,19228
19220,19221,19229
19220,19221,19231
19233,19235,19236
19238,19239,NA
19240,19241,NA
19242,19244,19245
19247,19248,19249
19247,19248,19250
19247,19248,19252
19247,19248,19255
19247,19248,19256
19257,19258,19259
19257,19258,19261
19263,19264,NA
19265,19266,19267
19265,19266,19268
19265,19266,19269
19270,19271,19272
19274,19275,19276
19274,19275,19278
19274,19275,19279
19274,19275,19280
19281,19282,19283
19281,19282,19286
19281,19282,19288
19281,19282,19289
19291,19292,19293
19291,19292,19295
19291,19292,19296
19297,19299,NA
19300,19302,19303
19300,19302,19305
19300,19302,19307
19300,19302,19309
19310,19311,NA
19312,19313,NA
19314,19315,NA
19316,19317,NA
19318,19319,19320
19321,19322,NA
19323,19324,NA
19325,19326,NA
19327,19328,NA
19329,19330,19331
19333,19334,19335
19337,19338,19339
19337,19338,19340
19337,19338,19341
19337,19338,19342
19337,19338,19343
19344,19345,19346
19344,19345,19347
19344,19345,19349
19351,19352,NA
19354,19355,NA
19356,19357,19358
19356,19357,19359
19356,19357,19360
19356,19357,19361
19362,19363,19364
19362,19363,19365
19368,19369,19370
19371,19372,19373
19376,19377,NA
19378,19379,19380
19381,19382,19383
19381,19382,19384
19385,19386,19389
19385,19387,19389
19385,19388,19389
19385,19386,19390
19385,19387,19390
19385,19388,19390
19385,19386,19392
19385,19387,19392
19385,19388,19392
19385,19386,19393
19385,19387,19393
19385,19388,19393
19385,19386,19394
19385,19387,19394
19385,19388,19394
19385,19386,19395
19385,19387,19395
19385,19388,19395
19385,19386,19396
19385,19387,19396
19385,19388,19396
19385,19386,70260
19385,19387,70260
19385,19388,70260
19397,19398,NA
19399,19401,19402
19403,19404,NA
19405,19406,NA
19407,19408,19409
19407,19408,19413
19407,19408,19415
19407,19408,19417
19407,19408,19418
19420,19421,19422
19423,19424,19425
19423,19424,19431
19423,19424,19426
19423,19424,19427
19423,19424,19429
19433,19434,NA
19435,19436,19437
19435,19436,69987
19438,19439,NA
19440,19443,19444
19445,19446,NA
19447,19448,19449
19451,19452,NA
19453,19454,NA
19455,19457,NA
19458,19459,19460
19458,19459,19462
19463,19464,19465
19467,19468,NA
19469,19470,NA
19471,19472,NA
19473,19474,19475
19473,19474,73505
19477,19478,NA
19479,19480,NA
19481,19482,NA
19484,19485,NA
19486,19487,NA
19488,19490,NA
19491,19492,19493
19491,19492,19495
19496,19497,19498
19499,19501,NA
19502,19503,19504
19502,19503,19505
19502,19503,19507
19509,19510,19511
19512,19513,NA
19514,19515,NA
19516,19518,NA
19519,19520,NA
19521,19522,19523
19521,19522,19524
19521,19522,19525
19521,19522,19527
19528,19529,19531
19528,19530,19531
19528,19529,19532
19528,19530,19532
19528,19529,19533
19528,19530,19533
19528,19529,19534
19528,19530,19534
19528,19529,19535
19528,19530,19535
19528,19529,19536
19528,19530,19536
19528,19529,19538
19528,19530,19538
19528,19529,72282
19528,19530,72282
19539,19540,NA
19541,19542,19543
19541,19542,19545
19546,19547,19548
19546,19547,19551
19546,19547,19553
19546,19547,19555
19546,19547,19557
19559,19561,NA
19562,19563,19564
19566,19567,19568
19566,19567,19570
19566,19567,19572
19573,19574,19575
19576,19577,19578
19580,19581,19582
19583,19584,NA
19585,19587,19589
19585,19588,19589
19585,19587,19590
19585,19588,19590
19585,19587,19591
19585,19588,19591
19585,19587,19594
19585,19588,19594
19585,19587,19595
19585,19588,19595
19585,19587,19596
19585,19588,19596
19597,19598,19599
19597,19598,19602
19603,19604,75037
19605,19606,NA
19608,19609,19610
19608,19609,19611
19608,19609,19613
19608,19609,19615
19608,19609,19616
19618,19619,19620
19618,19619,19621
19622,19623,19624
19622,19623,19626
19622,19623,19627
19622,19623,19629
19622,19623,19630
19622,19623,19631
19632,19633,NA
19634,19635,19636
19637,19638,19639
19637,19638,19641
19637,19638,19643
19637,19638,19644
19637,19638,19645
19637,19638,19646
19637,19638,19647
19637,19638,19648
19649,19650,19651
19652,19653,19654
19655,19656,19657
19655,19656,76313
19658,19659,NA
19660,19661,NA
19662,19663,NA
19664,19665,19666
19664,19665,73094
19668,19669,NA
19668,19670,NA
19671,19672,19673
19671,19672,19675
19671,19672,19677
19671,19672,19678
19671,19672,19679
19680,19681,19682
19684,19685,19686
19688,19689,NA
19690,19691,NA
19692,19693,19694
19696,19697,NA
19698,19700,NA
19701,19702,NA
19703,19704,19705
19706,19707,NA
19708,19709,NA
19710,19712,NA
19713,19714,19715
19716,19717,19718
19716,19717,19720
19716,19717,19723
19716,19717,19724
19726,19727,19728
19726,19727,76891
19729,19730,19731
19729,19730,19732
19729,19730,72281
19733,19734,NA
19735,19737,19738
19735,19737,19739
19735,19737,19741
19735,19737,19742
19735,19737,19745
19735,19737,19747
19735,19737,19751
19735,19737,19753
19754,19755,NA
19756,19757,NA
19758,19759,19760
19761,19762,NA
19763,19764,NA
19765,19766,NA
19767,19768,NA
19769,19770,NA
19771,19773,19775
19771,19773,19776
19771,19773,19777
19771,19773,19781
19771,19773,19785
19771,19773,19787
19771,19773,19790
19771,19773,19794
19771,19773,19799
19778,19779,19782
19778,19779,19784
19788,19789,NA
19791,19793,NA
19795,19797,19798
19801,19802,19803
19806,19807,NA
19808,19809,NA
19810,19812,19813
19815,19816,19817
19815,19816,19819
19815,19816,19822
19815,19816,19823
19825,19826,NA
19827,19828,NA
19829,19831,19832
19829,19831,19833
19829,19831,19834
19829,19831,19835
19836,19838,NA
19839,19841,19842
19843,19844,19845
19847,19848,NA
19849,19851,NA
19852,19853,NA
19854,19855,NA
19856,19857,19858
19856,19857,19860
19856,19857,19862
19864,19865,NA
19866,19868,19869
19866,19868,19871
19866,19868,19873
19866,19868,72321
19875,19877,19878
19875,19877,19880
19875,19877,19881
19875,19877,19882
19875,19877,19884
19875,19877,19886
19875,19877,19888
19875,19877,19890
19892,19893,19897
19898,19900,19901
19898,19900,19902
19903,19904,19905
19907,19908,NA
19909,19914,NA
19910,19913,19915
19916,19917,NA
19918,19919,19920
19921,19924,19925
19921,19924,19929
19921,19924,19931
19921,19924,19934
19921,19924,19939
19921,19924,19942
19923,19926,NA
19928,19930,19933
19935,19937,19938
19935,19937,19945
19935,19937,19949
19944,19946,19948
19944,19946,19976
19950,19951,NA
19952,19953,NA
19954,19956,NA
19957,19958,NA
19959,19960,19961
19963,19964,NA
19965,19966,NA
19967,19968,NA
19969,19970,NA
19971,19972,NA
19973,19974,19975
19973,19974,19979
19973,19974,19980
19973,19974,19983
19973,19974,19985
19978,19982,NA
19984,19986,76620
19988,19992,NA
19989,19991,19995
19993,19994,NA
19997,19999,20003
19997,20001,20003
19998,20000,20002
20007,20016,20021
20007,20016,20024
20007,20016,20025
20008,20009,20011
20014,20015,20019
20014,20017,20019
20014,20018,20019
20014,20015,20020
20014,20017,20020
20014,20018,20020
20023,20026,NA
20027,20028,NA
20029,20033,20036
20029,20033,20038
20029,20033,20043
20029,20033,20045
20030,20031,NA
20032,20034,NA
20035,20037,NA
20039,20040,NA
20047,20048,NA
20049,20051,20053
20050,20052,20055
20057,20059,NA
20058,20060,20061
20063,20064,NA
20065,20066,NA
20067,20068,NA
20069,20070,NA
20071,20072,NA
20073,20074,NA
20076,20077,NA
20078,20079,NA
20080,20082,NA
20083,20084,20086
20083,20085,20086
20083,20084,20087
20083,20085,20087
20083,20084,20088
20083,20085,20088
20083,20084,20089
20083,20085,20089
20083,20084,20090
20083,20085,20090
20083,20084,20092
20083,20085,20092
20093,20094,20095
20097,20098,20099
20100,20101,20102
20100,20101,20103
20105,20106,20107
20105,77617,20107
20105,20106,20110
20105,77617,20110
20105,20106,20112
20105,77617,20112
20105,20106,20114
20105,77617,20114
20105,20106,20115
20105,77617,20115
20105,20106,20116
20105,77617,20116
20105,20106,20118
20105,77617,20118
20105,20106,20120
20105,77617,20120
20105,20106,20121
20105,77617,20121
20122,20123,NA
20125,20126,21585
20125,20127,21585
20125,20126,76939
20125,20127,76939
20128,20129,NA
20130,20131,NA
20132,20134,20135
20136,20137,20139
20140,20141,NA
20142,20143,NA
20144,20145,20146
20144,20145,20148
20144,20145,20150
20144,20145,20152
20144,20145,20154
20144,20145,20157
20144,20145,20159
20144,20145,20161
20144,20145,20163
20144,20145,70210
20165,20166,NA
20167,20168,NA
20169,20170,20171
20173,20174,NA
20175,20176,20179
20175,20177,20179
20175,20178,20179
20175,20176,20181
20175,20177,20181
20175,20178,20181
20175,20176,20183
20175,20177,20183
20175,20178,20183
20175,20176,20184
20175,20177,20184
20175,20178,20184
20175,20176,20186
20175,20177,20186
20175,20178,20186
20187,20188,NA
20189,20191,NA
20192,20193,20194
20195,20196,20197
20195,20196,20199
20195,20196,20200
20195,20196,20201
20202,20204,NA
20205,20206,NA
20207,20208,69684
20209,20211,NA
20213,20214,NA
20215,20216,NA
20217,20218,20219
20217,20218,20220
20217,20218,20223
20217,20218,20224
20225,20226,20228
20225,20226,20231
20232,20235,20238
20233,20234,20236
20233,20234,20239
20233,20234,20241
20233,20234,20244
20233,20234,20245
20247,20248,69989
20249,20250,NA
20251,20252,NA
20253,20254,20255
20253,20254,20256
20253,20254,20258
20253,20254,20259
20260,20261,20262
20260,20261,20264
20266,20267,NA
20268,20269,20271
20268,20269,20273
20275,20276,NA
20277,20278,20279
20277,20278,21676
20280,20281,NA
20282,20283,20284
20288,20289,NA
20290,20291,NA
20292,20293,NA
20294,20295,NA
20296,20297,20305
20296,20297,20298
20296,20297,20299
20296,20297,20300
20296,20297,20302
20296,20297,20303
20307,20308,NA
20309,20310,NA
20311,20312,NA
20313,20314,20315
20313,20316,20315
20313,20314,20317
20313,20316,20317
20313,20314,20319
20313,20316,20319
20320,20321,20322
20323,20324,NA
20325,20326,20327
20325,20326,20328
20325,20326,20329
20325,20326,20330
20331,20332,NA
20333,20334,NA
20335,20336,NA
20337,20338,NA
20339,20340,NA
20341,20343,20344
20346,20347,20348
20350,20352,NA
20353,20355,NA
20356,20357,NA
20358,20359,20360
20358,20359,20361
20358,20359,20362
20358,20359,20363
20358,20359,20365
20367,20368,20369
20367,20368,20370
20367,20368,20372
20367,20368,20374
20367,20368,20376
20367,20368,20377
20367,20368,74013
20379,20380,20381
20382,20383,20385
20382,20384,20385
20382,20383,20388
20382,20384,20388
20382,20383,20390
20382,20384,20390
20391,20392,20393
20391,20392,20394
20395,20396,20397
20400,20401,20402
20403,20404,20405
20403,20404,20406
20403,20404,20407
20408,20409,NA
20410,20411,NA
20412,20413,NA
20414,20415,20418
20414,20416,20418
20419,20420,20421
20419,20420,20422
20419,20420,20425
20427,20428,NA
20429,20430,NA
20431,20432,NA
20433,20434,NA
20435,20436,20437
20439,20440,20441
20443,20444,20446
20443,20445,20446
20443,20444,20448
20443,20445,20448
20443,20444,20449
20443,20445,20449
20443,20444,20451
20443,20445,20451
20443,20444,20453
20443,20445,20453
20443,20444,20454
20443,20445,20454
20443,20444,20456
20443,20445,20456
20443,20444,20458
20443,20445,20458
20443,20444,20460
20443,20445,20460
20443,20444,20461
20443,20445,20461
20443,20444,20463
20443,20445,20463
20464,20465,20467
20464,77315,20467
20464,20466,20467
20464,20465,21633
20464,77315,21633
20464,20466,21633
20464,20465,77255
20464,77315,77255
20464,20466,77255
20468,20471,20472
20474,20475,20476
20474,20475,20478
20474,20475,20480
20474,20475,20482
20474,20475,20484
20486,20487,20488
20486,20487,20489
20486,20487,20490
20491,20492,20495
20491,20493,20495
20496,20497,NA
20498,20502,NA
20501,20508,NA
20503,20505,72900
20506,20507,NA
20509,20511,NA
20510,20514,NA
20512,20517,20519
20512,20517,20521
20512,20517,20523
20512,20517,20525
20512,20517,20527
20516,20518,NA
20526,20528,NA
20529,20530,20532
20529,20530,20537
20529,20530,20540
20529,20530,20541
20529,20530,20543
20529,20530,20545
20531,20534,NA
20535,20536,NA
20539,20544,74730
20539,20544,74732
20539,20544,20546
20539,20544,74734
20539,20544,74735
20539,20544,74737
20539,20544,74738
20547,20548,20550
20547,20548,20551
20547,20548,20552
20549,20553,NA
20554,20558,20559
20554,20558,20561
20554,20558,20564
20556,20557,NA
20563,20585,20588
20563,20585,20599
20566,20567,NA
20568,20569,NA
20570,20571,NA
20572,20573,20575
20576,20577,NA
20578,20580,NA
20581,20582,20583
20581,20582,20586
20581,20582,20589
20581,20582,20591
20581,20582,20592
20581,20582,20594
20595,20597,NA
20598,20600,20602
20603,20604,20607
20603,20604,20609
20603,20604,20610
20605,20611,20613
20605,20611,20626
20612,20614,NA
20615,20617,NA
20618,NA,20622
20618,NA,20624
20618,NA,20625
20618,NA,20627
20618,NA,20630
20632,20633,20634
20632,20633,20637
20632,20633,20639
20632,20633,20643
20635,20641,NA
20642,20645,NA
20646,20647,NA
20648,20649,NA
20650,20653,20656
20650,20653,20659
20650,20653,70761
20651,20652,NA
20654,20655,NA
20657,20660,20663
20657,20661,20663
20657,20660,20665
20657,20661,20665
20657,20660,20667
20657,20661,20667
20657,20660,20669
20657,20661,20669
20657,20660,20671
20657,20661,20671
20657,20660,20672
20657,20661,20672
20673,20674,NA
20675,20676,20677
20675,20676,20678
20675,20676,20680
20675,20676,20682
20675,20676,20684
20675,20676,20687
20686,20688,20690
20686,20688,20697
20686,20688,20701
20686,20688,20705
20686,20688,20712
20686,20688,20804
20689,20691,NA
20692,20693,NA
20694,20695,NA
20696,20698,20699
20696,20698,20703
20696,20698,20706
20696,20698,20709
20696,20698,20710
20696,20698,20713
20715,20716,NA
20717,20718,20719
20717,20718,20721
20717,20718,20723
20717,20718,20724
20717,20718,20726
20728,20729,20730
20733,20734,20736
20733,20734,20737
20733,20734,20738
20741,20742,NA
20743,20745,NA
20746,20760,NA
20747,20749,20750
20747,20749,20751
20747,20749,20754
20747,20749,20755
20747,20749,20756
20747,20749,20757
20747,20749,20759
20761,20763,20765
20761,20763,20768
20761,20763,20769
20761,20763,20770
20761,20763,20771
20761,20763,20772
20761,20763,20773
20761,20763,70784
20774,20775,NA
20776,20777,20779
20776,20778,20779
20776,20777,20781
20776,20778,20781
20776,20777,20783
20776,20778,20783
20776,20777,20784
20776,20778,20784
20776,20777,20785
20776,20778,20785
20776,20777,20786
20776,20778,20786
20787,20788,NA
20789,20790,20794
20789,20793,20794
20789,20790,20796
20789,20793,20796
20789,20790,20797
20789,20793,20797
20789,20790,20798
20789,20793,20798
20789,20790,20799
20789,20793,20799
20801,20802,NA
20803,20805,NA
20806,20807,20808
20810,20812,NA
20813,20817,NA
20818,20820,20821
20818,20820,20823
20818,20820,20824
20819,20822,NA
20825,20827,NA
20826,20828,20829
20826,20828,20830
20826,20828,20831
20826,20828,20833
20834,20835,NA
20836,20837,20838
20836,20837,20839
20840,20841,NA
20842,20844,NA
20845,20846,69812
20847,20848,20849
20851,20852,NA
20853,20854,NA
20855,20856,20857
20858,20859,NA
20860,20861,20862
20863,20864,20865
20866,20867,NA
20868,20869,20870
20872,20873,NA
20874,20875,NA
20876,20877,NA
20878,20879,NA
20880,20881,20883
20880,20882,20883
20880,20881,20884
20880,20882,20884
20880,20881,20886
20880,20882,20886
20880,20881,20888
20880,20882,20888
20889,20890,20891
20889,20890,76870
20892,20893,20894
20896,20897,NA
20898,20899,NA
20900,20901,NA
20902,20903,NA
20904,20905,NA
20906,20907,20908
20906,20907,20910
20911,20912,NA
20913,20914,20915
20913,20914,20918
20913,20914,20921
20913,20914,20923
20924,20925,20926
20927,20928,20929
20931,20932,20933
20931,20932,20934
20935,20936,NA
20937,20938,NA
20939,20940,NA
20941,20942,20943
20941,20942,20944
20945,20946,NA
20947,20948,20949
20950,20951,77144
20952,20953,20954
20956,20957,20959
20956,20958,20959
20956,20957,20961
20956,20958,20961
20956,20957,20963
20956,20958,20963
20964,20965,20968
20964,20966,20968
20964,20967,20968
20964,20965,20969
20964,20966,20969
20964,20967,20969
20964,20965,20970
20964,20966,20970
20964,20967,20970
20964,20965,20971
20964,20966,20971
20964,20967,20971
20964,20965,20972
20964,20966,20972
20964,20967,20972
20964,20965,70753
20964,20966,70753
20964,20967,70753
20973,20974,NA
20975,20976,NA
20977,20978,NA
20979,20980,20981
20979,20980,20983
20979,20980,20985
20979,20980,20987
20979,20980,20989
20979,20980,20991
20993,20994,NA
20996,20997,20998
20999,21000,NA
21001,21002,23822
21001,21002,21004
21001,21002,21006
21001,21002,21007
21001,21002,21009
21001,21002,21013
21001,21002,21016
21001,21002,21017
21003,21005,NA
21008,21010,21011
21008,21010,21012
21008,21010,21014
21015,21018,NA
21019,21020,21021
21022,21024,21025
21023,21028,NA
21026,21027,NA
21029,21030,21033
21029,21031,21033
21029,21030,21036
21029,21031,21036
21029,21030,21038
21029,21031,21038
21029,21030,21039
21029,21031,21039
21029,21030,21040
21029,21031,21040
21032,21035,NA
21041,21043,21044
21041,21043,21047
21041,21043,21049
21042,21045,NA
21050,21051,21054
21052,21053,NA
21055,21056,21058
21055,21057,21058
21055,21056,21063
21055,21057,21063
21055,21056,21065
21055,21057,21065
21055,21056,21066
21055,21057,21066
21055,21056,21068
21055,21057,21068
21055,21056,21069
21055,21057,21069
21059,21060,NA
21064,21067,21070
21071,21072,NA
21073,21074,21075
21073,21074,21077
21078,21079,NA
21081,21082,NA
21083,21084,21085
21083,21084,69802
21087,21088,21090
21087,21089,21090
21087,21088,77393
21087,21089,77393
21091,21092,21093
21094,21095,NA
21096,21097,21099
21096,21098,21099
21096,21097,21102
21096,21098,21102
21096,21097,21103
21096,21098,21103
21096,21097,21104
21096,21098,21104
21096,21097,74742
21096,21098,74742
21096,21097,21105
21096,21098,21105
21096,21097,21106
21096,21098,21106
21096,21097,21108
21096,21098,21108
21096,21097,21109
21096,21098,21109
21096,21097,21110
21096,21098,21110
21112,21113,NA
21114,21115,21116
21118,21119,NA
21120,21121,NA
21122,21123,NA
21124,21125,NA
21126,21127,21131
21129,21130,NA
21134,21135,NA
21136,21137,NA
21139,21140,NA
21141,21142,21143
21141,21142,21144
21145,21146,21150
21145,21146,21151
21153,21154,NA
21155,21156,21157
21159,21160,NA
21161,21162,NA
21163,21164,21165
21163,77706,21165
21163,21164,21166
21163,77706,21166
21163,21164,77707
21163,77706,77707
21167,21168,NA
21169,21170,21171
21172,21173,NA
21174,21175,21176
21177,21178,NA
21179,21180,21181
21179,21180,21182
21179,21180,73712
21183,21184,21185
21186,21187,21188
21189,21190,NA
21191,21192,21193
21191,21192,21194
21191,21192,21195
21196,21197,NA
21198,21199,NA
21200,21201,21202
21203,21204,NA
21205,21206,21207
21209,21210,NA
21211,21212,NA
21213,21214,21215
21213,21214,21216
21213,21214,21217
21213,21214,21218
21213,21214,21219
21220,21222,21224
21220,21222,21225
21227,21228,21229
21230,21232,NA
21233,21235,NA
21236,21237,21238
21239,21240,NA
21241,21243,NA
21244,21245,NA
21246,21247,NA
21248,21249,NA
21250,21251,NA
21252,21253,21254
21255,21256,NA
21257,21258,NA
21259,21260,21261
21259,21260,21262
21259,21260,21265
21271,21272,NA
21273,21274,21275
21273,21274,21277
21273,21274,21401
21282,21283,NA
21284,21285,21286
21287,21288,21291
21287,21288,21292
21287,21288,21294
21287,21288,21296
21287,21288,21297
21287,21288,21299
21287,21288,21300
21302,21303,21304
21305,21306,21307
21305,21306,21308
21311,21312,NA
21313,21314,21316
21313,21315,21316
21313,21314,21317
21313,21315,21317
21318,21319,21320
21318,21319,73663
21321,21323,NA
21324,21326,NA
21327,21328,21329
21327,21328,21330
21332,21334,21335
21337,21338,NA
21339,21340,21341
21344,21345,21346
21344,21345,21347
21344,21345,21350
21344,21345,73582
21352,21353,21354
21356,21357,21358
21356,21357,21360
21361,21362,NA
21363,21364,NA
21365,21366,21367
21368,21369,NA
21370,21371,21373
21370,21372,21373
21370,21371,21375
21370,21372,21375
21370,21371,21377
21370,21372,21377
21370,21371,21378
21370,21372,21378
21370,21371,21381
21370,21372,21381
21370,21371,21382
21370,21372,21382
21370,21371,21383
21370,21372,21383
21384,21385,21386
21384,21385,73584
21388,21389,21390
21388,21389,21392
21393,21394,21395
21393,21394,21396
21393,21394,21397
21393,21394,21399
21404,21406,NA
21405,21408,21410
21405,21408,21413
21405,21408,21427
21405,21408,21435
21405,21408,21436
21405,21408,21438
21407,21409,21411
21414,21415,21416
21417,21419,NA
21420,21421,NA
21422,21423,21424
21422,21423,21425
21428,21429,21430
21433,21434,21440
21433,21439,21440
21433,21434,21445
21433,21439,21445
21433,21434,21450
21433,21439,21450
21433,21434,21451
21433,21439,21451
21443,21444,21448
21453,21456,21459
21454,21455,21457
21458,21460,NA
21464,21466,21467
21470,21471,21472
21473,21474,21475
21473,21474,21476
21477,21478,21479
21480,21481,21482
21480,21481,21484
21480,21481,21486
21480,21481,21488
21490,21491,NA
21492,21493,NA
21494,21495,NA
21496,21497,NA
21498,21500,70097
21501,21502,NA
21503,23280,21504
21503,23280,23283
21503,23280,23287
21503,23280,23290
21503,23280,23293
21503,23280,23296
21503,23280,23298
21503,23280,73952
21509,NA,NA
21510,77233,21511
21510,77233,77234
21512,73899,21513
21512,73899,73900
21516,NA,21517
21518,NA,NA
21519,23310,76935
21519,23311,76935
21519,77403,76935
21519,23310,23948
21519,23311,23948
21519,77403,23948
21519,23310,21520
21519,23311,21520
21519,77403,21520
21519,23310,23313
21519,23311,23313
21519,77403,23313
21519,23310,23315
21519,23311,23315
21519,77403,23315
21519,23310,77404
21519,23311,77404
21519,77403,77404
21522,NA,21523
21528,NA,21529
21528,NA,76741
21531,73574,73576
21531,76795,73576
21531,77184,73576
21531,73574,73577
21531,76795,73577
21531,77184,73577
21531,73574,77185
21531,76795,77185
21531,77184,77185
21532,NA,21533
21534,NA,NA
21535,23151,21536
21535,23151,23152
21535,23151,23154
21535,23151,23155
21537,23066,21538
21537,23067,21538
21537,23066,23068
21537,23067,23068
21537,23066,23069
21537,23067,23069
21537,23066,23070
21537,23067,23070
21537,23066,23071
21537,23067,23071
21537,23066,23072
21537,23067,23072
21537,23066,70426
21537,23067,70426
21537,23066,75957
21537,23067,75957
21537,23066,75959
21537,23067,75959
21539,21540,21541
21539,21540,21543
21539,21540,21545
21539,21540,21546
21547,21548,NA
21549,21551,NA
21552,21554,21557
21552,21554,21561
21552,21554,21564
21552,21554,21565
21552,21554,21568
21552,21554,21569
21552,21554,21570
21552,21554,21571
21552,21554,21573
21555,NA,NA
21559,NA,21560
21559,NA,77552
21563,23161,21566
21563,23162,21566
21563,23161,23163
21563,23162,23163
21563,23161,76702
21563,23162,76702
21563,23161,76704
21563,23162,76704
21563,23161,76705
21563,23162,76705
21563,23161,76710
21563,23162,76710
21563,23161,23164
21563,23162,23164
21563,23161,23165
21563,23162,23165
21563,23161,23166
21563,23162,23166
21563,23161,23167
21563,23162,23167
21563,23161,23168
21563,23162,23168
21563,23161,23169
21563,23162,23169
21563,23161,23170
21563,23162,23170
21563,23161,23171
21563,23162,23171
21563,23161,23172
21563,23162,23172
21563,23161,23175
21563,23162,23175
21575,21576,21577
21578,21579,NA
21580,21581,NA
21587,NA,23957
21587,NA,21588
21590,NA,21591
21593,72846,21595
21593,72846,72847
21599,23330,21600
21599,23330,23333
21599,23330,23334
21599,23330,23336
21599,23330,23342
21601,53398,21603
21601,53403,21603
21601,53398,53404
21601,53403,53404
21601,53398,53405
21601,53403,53405
21601,53398,53406
21601,53403,53406
21601,53398,53408
21601,53403,53408
21601,53398,53409
21601,53403,53409
21601,53398,53410
21601,53403,53410
21601,53398,53411
21601,53403,53411
21601,53398,53412
21601,53403,53412
21601,53398,72199
21601,53403,72199
21602,21604,21606
21608,NA,NA
21609,NA,NA
21610,21611,21612
21618,23917,23921
21618,23918,23921
21618,23920,23921
21618,23925,23921
21618,23055,23921
21618,23917,23926
21618,23918,23926
21618,23920,23926
21618,23925,23926
21618,23055,23926
21618,23917,23928
21618,23918,23928
21618,23920,23928
21618,23925,23928
21618,23055,23928
21618,23917,23931
21618,23918,23931
21618,23920,23931
21618,23925,23931
21618,23055,23931
21618,23917,23934
21618,23918,23934
21618,23920,23934
21618,23925,23934
21618,23055,23934
21618,23917,23935
21618,23918,23935
21618,23920,23935
21618,23925,23935
21618,23055,23935
21618,23917,23936
21618,23918,23936
21618,23920,23936
21618,23925,23936
21618,23055,23936
21618,23917,23937
21618,23918,23937
21618,23920,23937
21618,23925,23937
21618,23055,23937
21618,23917,23938
21618,23918,23938
21618,23920,23938
21618,23925,23938
21618,23055,23938
21618,23917,23939
21618,23918,23939
21618,23920,23939
21618,23925,23939
21618,23055,23939
21618,23917,23940
21618,23918,23940
21618,23920,23940
21618,23925,23940
21618,23055,23940
21618,23917,23941
21618,23918,23941
21618,23920,23941
21618,23925,23941
21618,23055,23941
21618,23917,23943
21618,23918,23943
21618,23920,23943
21618,23925,23943
21618,23055,23943
21618,23917,23944
21618,23918,23944
21618,23920,23944
21618,23925,23944
21618,23055,23944
21618,23917,23056
21618,23918,23056
21618,23920,23056
21618,23925,23056
21618,23055,23056
21618,23917,72969
21618,23918,72969
21618,23920,72969
21618,23925,72969
21618,23055,72969
21618,23917,72970
21618,23918,72970
21618,23920,72970
21618,23925,72970
21618,23055,72970
21618,23917,72971
21618,23918,72971
21618,23920,72971
21618,23925,72971
21618,23055,72971
21618,23917,75894
21618,23918,75894
21618,23920,75894
21618,23925,75894
21618,23055,75894
21618,23917,75895
21618,23918,75895
21618,23920,75895
21618,23925,75895
21618,23055,75895
21618,23917,75896
21618,23918,75896
21618,23920,75896
21618,23925,75896
21618,23055,75896
21618,23917,75897
21618,23918,75897
21618,23920,75897
21618,23925,75897
21618,23055,75897
21618,23917,75898
21618,23918,75898
21618,23920,75898
21618,23925,75898
21618,23055,75898
21618,23917,75899
21618,23918,75899
21618,23920,75899
21618,23925,75899
21618,23055,75899
21618,23917,75900
21618,23918,75900
21618,23920,75900
21618,23925,75900
21618,23055,75900
21619,21620,21621
21623,21626,21628
21623,21626,21638
21624,23325,21625
21629,77086,21630
21629,77086,77087
21635,23053,21636
21640,NA,NA
21641,77449,77450
21642,21644,NA
21643,74921,74923
21643,74922,74923
21643,23157,74923
21643,74921,21645
21643,74922,21645
21643,23157,21645
21643,74921,74925
21643,74922,74925
21643,23157,74925
21643,74921,74926
21643,74922,74926
21643,23157,74926
21643,74921,74927
21643,74922,74927
21643,23157,74927
21643,74921,74928
21643,74922,74928
21643,23157,74928
21643,74921,74930
21643,74922,74930
21643,23157,74930
21646,21648,21649
21646,21648,21651
21646,21648,21652
21646,21648,21654
21646,21648,21657
21646,21648,21658
21646,21648,21659
21646,21648,21660
21647,NA,35124
21655,23200,21656
21655,23200,23201
21655,23200,23203
21655,23200,23204
21655,23200,23211
21655,23200,23213
21655,23200,23214
21655,23200,23215
21655,23200,23216
21655,23200,49231
21661,75643,75644
21661,23256,75644
21661,23257,75644
21661,75643,23258
21661,23256,23258
21661,23257,23258
21661,75643,75646
21661,23256,75646
21661,23257,75646
21661,75643,75647
21661,23256,75647
21661,23257,75647
21661,75643,75649
21661,23256,75649
21661,23257,75649
21661,75643,23260
21661,23256,23260
21661,23257,23260
21661,75643,23263
21661,23256,23263
21661,23257,23263
21661,75643,75650
21661,23256,75650
21661,23257,75650
21661,75643,75652
21661,23256,75652
21661,23257,75652
21661,75643,75653
21661,23256,75653
21661,23257,75653
21661,75643,23266
21661,23256,23266
21661,23257,23266
21661,75643,23267
21661,23256,23267
21661,23257,23267
21661,75643,23269
21661,23256,23269
21661,23257,23269
21661,75643,23271
21661,23256,23271
21661,23257,23271
21661,75643,23272
21661,23256,23272
21661,23257,23272
21661,75643,23273
21661,23256,23273
21661,23257,23273
21661,75643,70198
21661,23256,70198
21661,23257,70198
21661,75643,74180
21661,23256,74180
21661,23257,74180
21661,75643,75655
21661,23256,75655
21661,23257,75655
21662,NA,NA
21663,51572,21665
21664,21667,21668
21669,23347,21670
21669,23347,23348
21671,23352,21672
21671,23352,72908
21673,23149,23150
21678,NA,21679
21680,NA,21681
21683,NA,21684
21687,NA,21688
21694,NA,21695
21700,23178,21701
21700,23178,23179
21700,23178,23180
21700,23178,23181
21700,23178,23184
21700,23178,23186
21700,23178,23188
21702,52620,21703
21704,NA,21705
21706,23222,21707
21706,23222,23224
21706,23222,23227
21706,23222,23230
21706,23222,23232
21706,23222,23234
21709,23250,21710
21713,NA,NA
21714,NA,21715
21717,23318,23913
21717,23318,21718
21717,23318,42347
21717,23318,42349
21717,23318,42351
21717,23318,42353
21717,23318,42354
21717,23318,42356
21717,23318,42357
21717,23318,42358
21719,NA,21720
21721,23029,21722
21721,23031,21722
21721,23029,23032
21721,23031,23032
21721,23029,23033
21721,23031,23033
21721,23029,23035
21721,23031,23035
21721,23029,23037
21721,23031,23037
21721,23029,23038
21721,23031,23038
21721,23029,23040
21721,23031,23040
21725,21726,NA
21728,21729,21730
21728,21729,76589
21732,21733,NA
21735,21736,21737
21735,21736,21738
21739,21740,NA
21741,21742,21743
21744,21745,21746
21744,21745,21748
21750,21751,21752
21750,21751,21754
21750,21751,21756
21758,21759,NA
21761,21762,21763
21761,21762,21765
21761,21762,21766
21761,21762,69553
21768,21769,NA
21771,21772,21775
21771,21773,21775
21771,21772,21776
21771,21773,21776
21771,21772,21778
21771,21773,21778
21771,21772,21780
21771,21773,21780
21771,21772,21782
21771,21773,21782
21771,21772,21783
21771,21773,21783
21784,21785,NA
21786,21787,21788
21786,21787,21789
21786,21787,21791
21786,21787,21792
21786,21787,21794
21786,21787,21795
21786,21787,21797
21786,21787,21798
21799,21802,NA
21803,21804,21805
21803,21804,21806
21803,21804,21808
21811,21812,21813
21811,21812,21814
21811,21812,21815
21811,21812,21816
21817,21818,21819
21817,21818,21821
21817,21818,21822
21817,21818,21823
21824,21825,21826
21827,21828,21829
21831,21832,NA
21833,21834,21835
21838,21839,NA
21840,21841,NA
21845,21847,21848
21849,21850,73306
21851,21853,NA
21854,21855,76356
21856,21857,21860
21856,21857,21861
21864,21865,21866
21867,21868,21869
21867,21868,74011
21870,21871,21872
21870,21871,21874
21876,21877,NA
21878,21879,21880
21878,21879,21882
21878,21879,21884
21878,21879,21886
21888,21889,21890
21888,21889,21892
21888,21889,21894
21888,21889,21897
21888,21889,21899
21903,21904,21905
21903,21904,21906
21903,21904,21907
21903,21904,21908
21903,21904,21909
21903,21904,21910
21903,21904,21912
21903,21904,21913
21903,21904,21915
21903,21904,21916
21903,21904,21918
21903,21904,21919
21921,21922,NA
21923,21924,21925
21923,21924,21927
21923,21924,21929
21923,21924,21931
21923,21924,21934
21923,21924,21937
21923,21924,21939
21942,21943,21944
21946,21947,21951
21946,21949,21951
21946,21947,21952
21946,21949,21952
21946,21947,21954
21946,21949,21954
21946,21947,21955
21946,21949,21955
21946,21947,21957
21946,21949,21957
21946,21947,21959
21946,21949,21959
21946,21947,21960
21946,21949,21960
21962,21963,NA
21964,21965,21966
21964,21965,21967
21968,21969,NA
21970,21971,NA
21972,21973,NA
21974,21975,21976
21974,21975,21978
21974,21975,21979
21974,21975,21981
21974,21975,21983
21974,21975,21984
21974,21975,21985
21974,21975,21986
21974,21975,21988
21974,21975,21989
21974,21975,21990
21974,21975,21991
21974,21975,21995
21996,22000,21998
22003,22004,22006
22003,22004,22008
22003,22004,22009
22003,22004,22011
22003,22004,22012
22003,22004,22014
22015,22016,22017
22015,22016,22018
22015,22016,22020
22015,22016,22021
22015,22016,22023
22015,22016,22024
22025,22026,22027
22029,22030,NA
22031,22032,NA
22033,22034,NA
22035,22036,NA
22037,22038,NA
22039,22040,NA
22041,22043,NA
22044,22045,22048
22044,22046,22048
22044,22047,22048
22044,22045,22049
22044,22046,22049
22044,22047,22049
22044,22045,22050
22044,22046,22050
22044,22047,22050
22051,22052,NA
22053,22054,22055
22057,22058,NA
22059,22060,22061
22059,22060,22062
22059,22060,22063
22064,22065,22066
22064,22065,22069
22064,22065,22070
22074,22075,22076
22074,22075,22077
22074,22075,22079
22074,22075,22080
22074,22075,22082
22074,22075,22084
22074,22075,22085
22087,22089,22090
22087,22089,22092
22093,22094,NA
22095,22096,22097
22095,22096,22098
22095,22096,22207
22095,22096,22099
22095,22096,73889
22100,22101,NA
22102,22103,NA
22105,22106,NA
22108,22110,22111
22108,22110,22113
22108,22110,22114
22108,22110,22115
22108,22110,22117
22108,22110,22119
22108,22110,22143
22108,22110,22148
22121,22122,NA
22123,22124,22125
22127,22128,NA
22129,22130,22131
22129,22130,22132
22133,22134,22135
22133,22134,22136
22133,22134,22137
22140,22141,22142
22144,22146,22147
22144,22146,22149
22144,22146,22151
22152,22153,76373
22154,22155,22156
22154,22155,22159
22154,22155,22160
22154,22155,22163
22154,22155,22164
22154,22155,22165
22154,22155,22166
22158,22162,NA
22167,22168,NA
22169,22174,22175
22170,22171,NA
22172,22173,75828
22176,22177,NA
22178,22182,22183
22178,22182,22184
22186,22187,22188
22186,22187,22190
22186,22187,22193
22186,22187,22196
22197,22198,22199
22197,22198,22200
22197,22198,22201
22197,22198,22203
22197,22198,22205
22197,22198,23465
22197,22198,23495
22197,22198,23501
22197,22198,23525
22210,22211,22213
22210,22212,22213
22214,22215,22217
22214,22216,22217
22214,22215,22218
22214,22216,22218
22214,22215,22219
22214,22216,22219
22214,22215,22222
22214,22216,22222
22214,22215,22223
22214,22216,22223
22221,22225,22227
22224,22226,NA
22228,22230,22232
22234,22235,22237
22236,22242,NA
22239,22240,NA
22241,22285,NA
22243,22244,22245
22243,22244,22246
22243,22244,22247
22243,22244,22248
22249,22250,22255
22249,22254,22255
22256,22257,22258
22256,22257,22259
22256,22257,22260
22256,22257,22261
22256,22257,22262
22256,22257,22263
22265,22266,22267
22265,22266,22268
22265,22266,22271
22265,22266,22273
22265,22266,22274
22265,22266,22276
22265,22266,22277
22265,22266,22279
22265,22266,22280
22265,22266,22281
22265,22266,22283
22265,22266,22284
22287,22289,NA
22292,22293,22294
22292,22293,73924
22295,22296,22297
22299,22300,NA
22301,22302,NA
22303,22304,22305
22303,22304,22306
22303,22304,22307
22303,22304,22309
22303,22304,22311
22303,22304,22313
22303,22304,22314
22303,22304,22316
22303,22304,22318
22319,22320,22321
22319,22320,22322
22319,22320,22323
22319,22320,22325
22326,22327,22328
22326,22327,22329
22331,22332,22334
22337,22339,NA
22340,22341,22342
22340,22341,22344
22340,22341,22345
22340,22341,22347
22340,22341,22404
22340,22341,22348
22340,22341,76879
22350,22351,NA
22352,22353,22354
22352,22353,22359
22352,22353,22360
22352,22353,22363
22352,22353,22365
22366,22367,NA
22368,22369,NA
22370,22371,22373
22370,22372,22373
22370,22371,22375
22370,22372,22375
22370,22371,22377
22370,22372,22377
22370,22371,22380
22370,22372,22380
22370,22371,22381
22370,22372,22381
22370,22371,22388
22370,22372,22388
22370,22371,22390
22370,22372,22390
22370,22371,22391
22370,22372,22391
22392,22393,22394
22392,22393,22395
22397,22398,NA
22399,22401,22402
22406,22407,22408
22406,22407,22409
22406,22407,70707
22411,22412,NA
22413,22415,NA
22416,22417,NA
22419,22420,22421
22423,22424,22426
22423,22424,22428
22423,22424,22430
22423,22424,22432
22423,22424,22433
22437,22439,NA
22440,22441,NA
22442,22443,77316
22442,77312,77316
22442,22444,77316
22442,22443,22445
22442,77312,22445
22442,22444,22445
22446,22448,22449
22446,22448,22451
22446,22448,22454
22446,22448,22455
22457,22458,22459
22457,22458,22460
22457,22458,22461
22457,22458,22463
22457,22458,22465
22457,22458,22467
22457,22458,22469
22457,22458,22471
22472,22473,22474
22475,22476,22477
22475,22476,22479
22475,22476,22481
22475,22476,22482
22475,22476,22483
22475,22476,22485
22475,22476,22486
22487,22488,22489
22487,22488,22491
22487,22488,22492
22487,22488,22493
22494,22495,22496
22499,22500,NA
22501,22502,22503
22501,22502,22505
22501,22502,22506
22508,22509,22510
22512,22513,NA
22514,22515,NA
22516,22517,22537
22519,22520,NA
22521,22522,NA
22523,22524,NA
22525,22526,NA
22527,22528,NA
22529,22530,22531
22532,22533,22534
22532,22533,76067
22535,22536,NA
22539,22541,NA
22542,22543,NA
22544,22548,NA
22546,22547,NA
22549,22551,NA
22550,22553,22554
22550,22553,22557
22550,22553,77161
22552,22555,22556
22558,22559,NA
22560,22561,22562
22560,22561,22565
22560,22561,22567
22560,22561,22568
22569,22570,22576
22569,22570,22578
22572,22573,NA
22574,22575,22579
22574,22577,22579
22574,22575,22580
22574,22577,22580
22574,22575,22582
22574,22577,22582
22574,22575,22584
22574,22577,22584
22574,22575,22587
22574,22577,22587
22574,22575,72631
22574,22577,72631
22581,22583,NA
22586,22590,22591
22592,22593,NA
22595,22596,NA
22597,22598,22601
22597,22598,22599
22597,22598,22603
22597,22598,22605
22606,22607,22609
22606,22607,22611
22606,22607,22613
22606,22607,22616
22606,22607,22617
22606,22607,22619
22606,22607,22621
22606,22607,22623
22606,22607,22868
22606,22607,22625
22606,22607,22629
22630,22631,NA
22632,22633,NA
22634,22635,NA
22636,22637,NA
22638,22639,NA
22640,22641,NA
22642,22643,NA
22644,22645,NA
22646,22647,NA
22648,22649,NA
22650,22651,NA
22652,22653,NA
22654,22655,22656
22654,22655,22658
22659,22660,22661
22659,22660,22662
22664,22665,22667
22664,22666,22667
22668,22669,22670
22668,22669,22672
22674,22675,22677
22674,22676,22677
22674,22675,22679
22674,22676,22679
22680,22681,22682
22680,22681,22684
22680,22681,22686
22680,22681,22687
22680,22681,22689
22680,22681,22690
22691,22692,NA
22694,22695,NA
22696,22697,NA
22698,22699,22700
22702,22703,NA
22704,22705,22706
22708,22709,NA
22710,22711,NA
22712,22713,22716
22712,22714,22716
22712,22715,22716
22712,22713,22717
22712,22714,22717
22712,22715,22717
22712,22713,22718
22712,22714,22718
22712,22715,22718
22712,22713,22720
22712,22714,22720
22712,22715,22720
22712,22713,22722
22712,22714,22722
22712,22715,22722
22712,22713,22724
22712,22714,22724
22712,22715,22724
22712,22713,69397
22712,22714,69397
22712,22715,69397
22712,22713,72746
22712,22714,72746
22712,22715,72746
22712,22713,72747
22712,22714,72747
22712,22715,72747
22712,22713,72756
22712,22714,72756
22712,22715,72756
22712,22713,77464
22712,22714,77464
22712,22715,77464
22725,22726,22729
22725,22727,22729
22725,22728,22729
22725,22726,22731
22725,22727,22731
22725,22728,22731
22725,22726,22732
22725,22727,22732
22725,22728,22732
22725,22726,22733
22725,22727,22733
22725,22728,22733
22725,22726,22734
22725,22727,22734
22725,22728,22734
22725,22726,22736
22725,22727,22736
22725,22728,22736
22725,22726,22738
22725,22727,22738
22725,22728,22738
22725,22726,72743
22725,22727,72743
22725,22728,72743
22739,22740,22742
22739,77460,22742
22739,22741,22742
22739,22740,22743
22739,77460,22743
22739,22741,22743
22739,22740,77806
22739,77460,77806
22739,22741,77806
22745,22746,22747
22745,22746,22748
22745,22746,22749
22745,22746,22750
22751,22752,22753
22754,22757,22758
22754,22757,22759
22755,22756,NA
22760,22761,NA
22762,22763,NA
22764,22765,22766
22764,22765,22768
22769,22770,NA
22771,22772,NA
22774,22775,NA
22776,22777,NA
22778,22779,NA
22780,22781,NA
22782,22783,NA
22784,22785,NA
22786,22787,NA
22788,22789,NA
22790,22791,NA
22792,22793,NA
22794,22795,NA
22796,22797,NA
22798,22799,NA
22800,22801,NA
22802,22803,22804
22802,22803,22805
22802,22803,22806
22802,22803,22807
22802,22803,22808
22802,22803,22809
22810,22811,NA
22812,22813,NA
22814,22815,NA
22816,22817,NA
22818,22819,22820
22818,22819,22822
22824,22825,22826
22828,22829,NA
22830,22831,22841
22830,22832,22841
22833,22834,22835
22837,22838,NA
22839,22840,NA
22842,NA,22844
22842,NA,22846
22842,NA,22938
22842,NA,22940
22842,NA,22941
22842,NA,22942
22842,NA,22944
22842,NA,22946
22849,22851,NA
22852,22853,NA
22854,22855,22856
22857,22858,22859
22857,22858,22861
22857,22858,22862
22864,22865,NA
22870,22871,22872
22870,22871,22883
22875,22876,22877
22875,22876,22878
22875,22876,22879
22875,22876,22881
22885,22886,NA
22887,22889,NA
22890,22891,NA
22892,22895,22896
22897,22899,NA
22900,22901,22902
22903,22904,73803
22905,22906,NA
22907,22908,NA
22909,22910,NA
22911,22912,22913
22915,22916,22917
22915,22916,22919
22915,22916,22921
22925,22926,NA
22927,22928,22929
22931,22932,22933
22931,22932,22934
22931,22932,22935
22936,22937,NA
22947,22948,22949
22947,22948,22950
22947,22948,74123
22951,22952,22954
22951,22952,22955
22951,22952,22957
22951,22952,22958
22960,22961,22962
22960,22961,22963
22964,22965,NA
22966,22967,NA
22968,22969,22970
22968,22969,22971
22968,22969,22973
22975,22976,22977
22978,22979,NA
22980,74855,74859
22980,74856,74859
22980,74857,74859
22980,22981,74859
22980,77461,74859
22980,77462,74859
22980,74855,22982
22980,74856,22982
22980,74857,22982
22980,22981,22982
22980,77461,22982
22980,77462,22982
22980,74855,22983
22980,74856,22983
22980,74857,22983
22980,22981,22983
22980,77461,22983
22980,77462,22983
22980,74855,22984
22980,74856,22984
22980,74857,22984
22980,22981,22984
22980,77461,22984
22980,77462,22984
22980,74855,74862
22980,74856,74862
22980,74857,74862
22980,22981,74862
22980,77461,74862
22980,77462,74862
22980,74855,22986
22980,74856,22986
22980,74857,22986
22980,22981,22986
22980,77461,22986
22980,77462,22986
22980,74855,22987
22980,74856,22987
22980,74857,22987
22980,22981,22987
22980,77461,22987
22980,77462,22987
22980,74855,22988
22980,74856,22988
22980,74857,22988
22980,22981,22988
22980,77461,22988
22980,77462,22988
22980,74855,22989
22980,74856,22989
22980,74857,22989
22980,22981,22989
22980,77461,22989
22980,77462,22989
22980,74855,22990
22980,74856,22990
22980,74857,22990
22980,22981,22990
22980,77461,22990
22980,77462,22990
22980,74855,22992
22980,74856,22992
22980,74857,22992
22980,22981,22992
22980,77461,22992
22980,77462,22992
22980,74855,22994
22980,74856,22994
22980,74857,22994
22980,22981,22994
22980,77461,22994
22980,77462,22994
22980,74855,74863
22980,74856,74863
22980,74857,74863
22980,22981,74863
22980,77461,74863
22980,77462,74863
22995,22996,22997
22995,22996,22999
22995,22996,23000
22995,22996,23001
22995,22996,23046
22995,22996,23049
22995,22996,23050
22995,22996,23052
22995,22996,72848
23004,23005,23006
23009,23010,NA
23011,23012,NA
23013,23014,NA
23015,23017,23018
23020,23021,NA
23023,23024,23025
23026,23027,NA
23030,23034,NA
23039,23041,23042
23039,23041,23044
23059,23060,NA
23061,23062,23063
23061,23062,23064
23074,23075,NA
23077,23078,23079
23077,23078,23080
23083,23084,23085
23083,23084,23086
23083,23084,23088
23083,23084,23090
23083,23084,23091
23083,23084,23092
23094,23095,NA
23096,23097,23098
23096,23097,23099
23096,23097,23101
23103,23104,NA
23105,23106,23108
23109,23111,NA
23112,23113,NA
23114,23115,23116
23117,23118,23119
23117,23118,23120
23117,23118,23121
23117,23118,23122
23123,23124,NA
23125,23126,23127
23128,23129,23131
23128,23130,23131
23128,23129,23133
23128,23130,23133
23128,23129,23134
23128,23130,23134
23128,23129,23135
23128,23130,23135
23128,23129,23137
23128,23130,23137
23128,23129,70709
23128,23130,70709
23138,23139,NA
23140,23141,23142
23140,23141,23144
23140,23141,23145
23140,23141,23146
23140,23141,23147
23140,23141,23148
23190,23191,NA
23192,23193,NA
23194,23195,23196
23197,23198,23199
23197,23198,23202
23197,23198,23205
23197,23198,23206
23207,23208,23209
23212,23217,NA
23218,23219,23221
23218,23219,23225
23226,23231,23233
23226,23231,23235
23226,23231,23236
23237,23238,23239
23237,23238,23240
23241,23242,NA
23243,23244,69696
23246,23249,23251
23252,23253,23254
23252,23253,23255
23262,23264,23265
23262,23264,23268
23262,23264,23270
23262,23264,23277
23278,23279,23282
23285,23286,NA
23288,23289,NA
23292,23294,23295
23297,23299,NA
23300,23301,23302
23300,23301,23303
23300,23301,23305
23306,23307,NA
23308,23309,NA
23312,23314,NA
23316,23317,23319
23321,23322,NA
23323,23324,NA
23327,23328,NA
23329,23331,NA
23332,23335,23337
23332,23335,23339
23332,23335,23340
23332,23335,23343
23332,23335,23344
23332,23335,23346
23332,23335,23349
23350,23351,NA
23354,23355,NA
23357,23358,23360
23357,23359,23360
23357,23358,23362
23357,23359,23362
23357,23358,23363
23357,23359,23363
23357,23358,23364
23357,23359,23364
23357,23358,23365
23357,23359,23365
23357,23358,23367
23357,23359,23367
23357,23358,23368
23357,23359,23368
23357,23358,23369
23357,23359,23369
23370,23371,NA
23372,23374,23375
23372,23374,23377
23372,23374,23379
23372,23374,23381
23382,23385,NA
23386,23387,NA
23388,23390,23391
23388,23390,23393
23388,23390,23395
23388,23390,23397
23388,23390,23399
23388,23390,23400
23402,23404,NA
23405,23406,NA
23407,23408,23409
23407,23408,23410
23407,23408,23411
23407,23408,23412
23407,23408,23414
23407,23408,23417
23407,23408,74978
23419,23420,23421
23422,23423,23426
23422,23423,23428
23422,23423,23430
23422,23423,23432
23422,23423,23434
23435,23436,NA
23437,23438,23439
23441,23442,23443
23441,23442,23444
23445,23447,23449
23445,23448,23449
23445,23447,23451
23445,23448,23451
23445,23447,23453
23445,23448,23453
23445,23447,23455
23445,23448,23455
23457,23458,NA
23459,23460,23461
23462,23463,23464
23466,23467,23468
23471,23472,NA
23473,23474,23476
23473,23475,23476
23473,23474,23477
23473,23475,23477
23473,23474,23478
23473,23475,23478
23473,23474,23480
23473,23475,23480
23473,23474,23482
23473,23475,23482
23473,23474,23484
23473,23475,23484
23473,23474,23485
23473,23475,23485
23487,23488,NA
23489,23491,23492
23489,23491,23493
23489,23491,23494
23489,23491,23496
23489,23491,23498
23489,23491,23499
23489,23491,23500
23489,23491,23502
23489,23491,23503
23505,23506,NA
23507,23509,NA
23510,23511,NA
23512,23513,23515
23512,23514,23515
23512,23513,23516
23512,23514,23516
23512,23513,23517
23512,23514,23517
23512,23513,23520
23512,23514,23520
23512,23513,23523
23512,23514,23523
23512,23513,23522
23512,23514,23522
23512,23513,23524
23512,23514,23524
23526,23527,23528
23526,23527,23529
23530,23532,NA
23531,23533,NA
23534,23537,NA
23535,23536,NA
23538,23539,NA
23540,23541,23543
23544,23545,NA
23546,23549,NA
23548,23550,NA
23552,23553,23554
23552,23553,23555
23556,23557,23558
23560,23561,23562
23560,23561,23564
23565,23566,NA
23567,23568,NA
23569,23570,NA
23571,23572,NA
23573,23574,23575
23580,23581,23582
23580,23581,23583
23584,23585,NA
23586,23588,23592
23586,23590,23592
23586,23588,23594
23586,23590,23594
23586,23588,23596
23586,23590,23596
23586,23588,23598
23586,23590,23598
23586,23588,23600
23586,23590,23600
23586,23588,23602
23586,23590,23602
23604,23605,NA
23606,23607,NA
23608,23610,23611
23608,23610,23613
23614,23615,NA
23616,23617,23618
23620,23623,23624
23625,23626,23627
23629,23630,NA
23631,23633,23634
23631,23633,23635
23631,23633,23636
23637,23638,NA
23639,23640,23641
23639,23640,23643
23644,23645,70098
23654,23655,NA
23656,23658,NA
23659,23660,76742
23661,23662,NA
23664,23665,23666
23667,23668,23669
23667,23668,23670
23667,23668,23672
23667,23668,23673
23667,23668,23675
23667,23668,23676
23667,23668,23678
23681,23682,23684
23681,23683,23684
23681,23682,23688
23681,23683,23688
23681,23682,23690
23681,23683,23690
23681,23682,23691
23681,23683,23691
23681,23682,23694
23681,23683,23694
23681,23682,23695
23681,23683,23695
23697,23698,23699
23700,23701,NA
23702,23704,NA
23705,23706,23707
23705,23706,23708
23710,23711,23713
23710,72544,23713
23710,23711,23714
23710,72544,23714
23710,23711,23719
23710,72544,23719
23710,23711,23721
23710,72544,23721
23710,23711,23723
23710,72544,23723
23710,23711,23725
23710,72544,23725
23710,23711,23727
23710,72544,23727
23710,23711,23729
23710,72544,23729
23710,23711,23730
23710,72544,23730
23710,23711,23731
23710,72544,23731
23710,23711,23734
23710,72544,23734
23710,23711,23735
23710,72544,23735
23710,23711,23736
23710,72544,23736
23739,23740,NA
23741,23743,23745
23741,77757,23745
23741,23744,23745
23741,23743,23749
23741,77757,23749
23741,23744,23749
23741,23743,23751
23741,77757,23751
23741,23744,23751
23741,23743,23753
23741,77757,23753
23741,23744,23753
23741,23743,23755
23741,77757,23755
23741,23744,23755
23741,23743,23756
23741,77757,23756
23741,23744,23756
23757,23759,NA
23760,23761,NA
23762,23763,NA
23764,23765,NA
23766,23767,NA
23768,23769,23770
23768,23769,23771
23768,23769,23772
23773,23774,23775
23773,23774,23777
23773,23774,23778
23773,23774,23780
23773,23774,23783
23773,23774,23786
23773,23774,23788
23773,23774,23790
23773,23774,23793
23773,23774,23794
23795,23796,23797
23795,23796,23799
23801,23802,23803
23801,23802,23804
23801,23802,23805
23801,23802,23806
23801,23802,23808
23801,23802,23810
23801,23802,23812
23801,23802,23814
23801,23802,23815
23801,23802,23818
23819,23820,23821
23825,23826,NA
23827,23828,23829
23827,23828,23831
23827,23828,23833
23835,23837,23838
23839,23840,NA
23842,23843,NA
23844,23845,23847
23844,23846,23847
23848,23849,NA
23850,23851,23853
23850,23852,23853
23850,23851,23855
23850,23852,23855
23850,23851,23857
23850,23852,23857
23850,23851,23858
23850,23852,23858
23850,23851,23860
23850,23852,23860
23850,23851,23861
23850,23852,23861
23850,23851,23863
23850,23852,23863
23864,23865,NA
23866,23869,23870
23866,23869,23872
23866,23869,23874
23877,23878,23879
23877,23878,23881
23877,23878,23883
23877,23878,23885
23877,23878,23892
23888,23891,NA
23894,23895,NA
23896,23897,NA
23898,23899,NA
23900,23901,23902
23900,23901,23903
23904,23905,23949
23904,23905,23955
23904,23905,23956
23958,23959,23960
23958,23959,23961
23958,23959,23962
23958,23959,23963
23958,23959,23965
23967,23968,NA
23969,23970,23971
23972,23974,23975
23972,23974,23976
23972,23974,70100
23977,23978,23979
23977,23978,23982
23977,23978,23984
23985,23986,23987
23985,23986,23988
23990,23991,NA
23992,23993,NA
23994,23996,NA
23997,23998,NA
23999,24000,NA
24001,24002,NA
24003,24004,NA
24005,24006,24007
24009,24010,24011
24012,24013,NA
24014,24015,NA
24016,24018,24019
24020,24021,24022
24020,24021,24023
24024,24025,24026
24027,24028,24029
24027,24028,24031
24027,24028,24034
24036,24037,NA
24038,24039,24041
24038,24040,24041
24038,24039,24042
24038,24040,24042
24038,24039,24043
24038,24040,24043
24038,24039,24044
24038,24040,24044
24038,24039,24046
24038,24040,24046
24038,24039,24052
24038,24040,24052
24038,24039,24054
24038,24040,24054
24045,24049,24050
24045,24049,24053
24045,24049,24057
24045,24049,24058
24045,24049,24064
24045,24049,24066
24045,24049,24067
24055,24059,NA
24060,24061,NA
24062,24063,NA
24065,24068,24070
24065,24068,24072
24065,24068,24075
24065,24068,24078
24069,24073,NA
24074,24076,NA
24077,24080,NA
24081,24082,24083
24086,24087,NA
24088,24091,24092
24094,24097,24101
24095,24096,24099
24095,24098,24099
24095,24096,24102
24095,24098,24102
24095,24096,24104
24095,24098,24104
24095,24096,24108
24095,24098,24108
24095,24096,24110
24095,24098,24110
24095,24096,24113
24095,24098,24113
24095,24096,73305
24095,24098,73305
24107,24109,NA
24112,24116,NA
24115,24117,24126
24115,24117,24129
24115,24117,24138
24115,24117,24143
24115,24117,24145
24115,24117,24147
24115,24117,24150
24115,24117,24152
24118,24122,NA
24119,24120,24121
24119,24120,24123
24124,24125,NA
24127,24131,24133
24127,24131,72849
24128,24132,NA
24135,24137,NA
24136,24139,24140
24146,24149,NA
24151,24191,NA
24153,24156,24157
24154,24155,NA
24159,24162,24166
24160,24163,24164
24160,24163,24167
24160,24163,24168
24169,24170,NA
24172,24173,24174
24172,24173,24178
24172,24173,24185
24172,24173,24188
24172,24173,24189
24175,24176,24177
24180,24181,NA
24182,24184,NA
24190,24192,NA
24193,24195,24199
24193,24195,24202
24193,24195,24205
24193,24195,24207
24196,24198,NA
24197,24212,24215
24201,24204,NA
24206,24209,NA
24208,24210,24213
24208,24211,24213
24208,24210,24217
24208,24211,24217
24208,24210,24223
24208,24211,24223
24208,24210,24225
24208,24211,24225
24208,24210,24228
24208,24211,24228
24219,24222,NA
24229,24236,NA
24233,24234,24235
24237,24239,NA
24241,24245,24246
24241,24245,24250
24241,24245,24253
24242,24243,NA
24244,24247,NA
24249,24251,24252
24249,24251,24256
24249,24251,24258
24259,24260,NA
24261,24263,24268
24261,24263,24277
24262,24264,NA
24265,24266,NA
24267,24269,24270
24273,24274,NA
24275,24280,24285
24275,24280,24287
24275,24280,24288
24275,24280,24290
24275,24280,24292
24275,24280,24293
24275,24280,24294
24278,24279,NA
24295,24296,NA
24297,24298,NA
24299,24300,NA
24301,24303,24304
24301,24303,24306
24301,24303,24307
24301,24303,24309
24311,24312,NA
24313,24314,24315
24317,24318,NA
24319,24320,NA
24321,24322,24323
24324,24325,NA
24326,24327,24328
24330,24331,NA
24333,24334,NA
24335,24336,24338
24335,24337,24338
24335,24336,24339
24335,24337,24339
24335,24336,24340
24335,24337,24340
24335,24336,24341
24335,24337,24341
24335,24336,24343
24335,24337,24343
24345,24346,24347
24348,24349,NA
24350,24351,24352
24350,24351,24353
24354,24355,24356
24354,24355,24358
24359,24360,24362
24359,24361,24362
24359,24360,24363
24359,24361,24363
24359,24360,24364
24359,24361,24364
24359,24360,24366
24359,24361,24366
24359,24360,24367
24359,24361,24367
24359,24360,24370
24359,24361,24370
24359,24360,24372
24359,24361,24372
24359,24360,24373
24359,24361,24373
24359,24360,24375
24359,24361,24375
24359,24360,24377
24359,24361,24377
24359,24360,74337
24359,24361,74337
24379,24380,24382
24379,24381,24382
24379,24380,24383
24379,24381,24383
24379,24380,24384
24379,24381,24384
24385,24386,24387
24388,24389,NA
24390,24391,NA
24392,24393,24394
24395,24396,NA
24397,24398,NA
24399,24400,24401
24399,24400,24402
24399,24400,24405
24408,24409,24410
24411,24412,NA
24413,24414,NA
24415,24416,NA
24417,24419,24422
24417,24420,24422
24417,24421,24422
24417,24419,24424
24417,24420,24424
24417,24421,24424
24417,24419,24426
24417,24420,24426
24417,24421,24426
24417,24419,24428
24417,24420,24428
24417,24421,24428
24429,24431,24432
24433,24434,NA
24435,24436,NA
24437,24438,NA
24439,24440,NA
24441,24442,NA
24443,24444,24445
24447,24449,NA
24452,24453,24454
24456,24457,24458
24459,24460,24461
24459,24460,24462
24464,24466,NA
24467,24468,24469
24467,24468,24470
24471,24472,24473
24475,24476,24479
24475,24477,24479
24475,24478,24479
24475,24476,24480
24475,24477,24480
24475,24478,24480
24475,24476,24481
24475,24477,24481
24475,24478,24481
24475,24476,24482
24475,24477,24482
24475,24478,24482
24475,24476,24484
24475,24477,24484
24475,24478,24484
24475,24476,24485
24475,24477,24485
24475,24478,24485
24486,24487,24488
24486,24487,76477
24489,24490,NA
24491,24492,NA
24493,24494,NA
24495,24496,NA
24497,24498,24499
24501,24502,NA
24503,24504,NA
24505,24506,24507
24509,24510,24511
24513,24514,NA
24515,24516,24517
24519,24520,69698
24521,24522,24523
24521,24522,24525
24526,24527,NA
24528,24529,24530
24528,24529,24532
24528,24529,24533
24528,24529,24536
24528,24529,24539
24528,24529,24541
24528,24529,24543
24528,24529,24544
24546,24547,NA
24548,24549,24550
24551,NA,24552
24551,NA,24554
24551,NA,24555
24551,NA,24556
24551,NA,24557
24551,NA,24558
24559,24561,NA
24562,24563,24566
24562,24565,24566
24567,24568,24569
24567,24568,24571
24567,24568,24573
24567,24568,24575
24580,24581,24582
24583,24584,24587
24583,24585,24587
24589,24591,NA
24592,24593,NA
24594,24595,NA
24596,24597,24608
24602,24603,NA
24604,24605,NA
24609,24610,24611
24614,24615,NA
24616,24617,24618
24616,24617,24620
24616,24617,24622
24616,24617,24623
24616,24617,24624
24616,24617,24648
24616,24617,24649
24616,24617,24628
24616,24617,24629
24616,24617,24630
24632,24633,NA
24635,24636,24637
24639,24640,24644
24639,24642,24644
24639,24640,24646
24639,24642,24646
24650,24651,NA
24652,24653,24654
24652,24653,24655
24652,24653,24658
24652,24653,24663
24652,24653,24664
24652,24653,24667
24652,24653,24668
24652,24653,24670
24657,24659,24661
24672,24673,24674
24672,24673,24675
24672,24673,24676
24672,24673,24677
24672,24673,24678
24672,24673,24679
24672,24673,70715
24680,24682,NA
24681,24683,24684
24685,24687,NA
24686,24688,24689
24686,24688,24692
24686,24688,24693
24686,24688,24697
24686,24688,73304
24691,24694,24696
24691,24694,24699
24691,24694,24702
24700,24701,24706
24707,24708,NA
24709,24710,24713
24716,24717,24719
24716,24718,24719
24716,24717,24721
24716,24718,24721
24716,24717,24723
24716,24718,24723
24716,24717,24724
24716,24718,24724
24716,24717,24755
24716,24718,24755
24716,24717,25001
24716,24718,25001
24716,24717,25003
24716,24718,25003
24727,24728,NA
24729,24730,24731
24733,24734,69791
24743,24744,24745
24743,24744,24746
24743,24744,24747
24743,24744,24750
24743,24744,24752
24743,24744,24804
24743,24744,24806
24758,24759,NA
24760,24761,NA
24762,24764,24765
24767,24768,24769
24772,24774,24775
24777,24778,NA
24779,24780,24781
24779,24780,24782
24783,24784,69636
24785,24786,NA
24787,24788,NA
24789,24790,NA
24792,24793,24794
24792,24793,24796
24792,24793,24797
24792,24793,24978
24792,24793,24979
24792,24793,24980
24792,24793,24981
24800,24801,NA
24802,24803,NA
24808,24809,NA
24810,24811,24812
24813,24814,NA
24815,24816,NA
24817,24818,24819
24820,24821,24822
24820,24821,24823
24820,24821,24824
24820,24821,24825
24826,24827,NA
24828,24829,24830
24828,24829,24832
24828,24829,24834
24828,24829,24836
24838,24839,NA
24840,24841,24844
24840,24841,24845
24840,24841,24846
24840,24841,24847
24848,24849,NA
24850,24851,24852
24850,24851,24853
24854,24855,24856
24858,24859,NA
24860,24861,24862
24860,24861,24865
24860,24861,24867
24860,24861,24868
24869,24870,NA
24871,24872,NA
24873,24874,NA
24875,24876,NA
24877,24878,NA
24879,24881,NA
24882,24883,24884
24882,24883,24887
24882,24883,24889
24882,24883,24891
24882,24883,24893
24882,24883,24895
24882,24883,24897
24882,24883,24898
24899,24900,24901
24899,24900,24903
24905,24906,24907
24905,24906,24908
24905,24906,24909
24905,24906,24910
24905,24906,24911
24905,24906,24912
24913,24914,24915
24916,24917,75444
24916,24918,75444
24916,24917,24919
24916,24918,24919
24916,24917,75445
24916,24918,75445
24916,24917,24921
24916,24918,24921
24916,24917,24922
24916,24918,24922
24916,24917,24924
24916,24918,24924
24916,24917,75447
24916,24918,75447
24916,24917,75448
24916,24918,75448
24916,24917,75450
24916,24918,75450
24916,24917,75452
24916,24918,75452
24916,24917,24926
24916,24918,24926
24916,24917,24927
24916,24918,24927
24916,24917,24928
24916,24918,24928
24916,24917,74178
24916,24918,74178
24916,24917,75454
24916,24918,75454
24929,24930,NA
24931,24932,NA
24933,24934,NA
24935,24936,NA
24937,24938,NA
24939,24940,24941
24942,24943,NA
24944,24945,24946
24947,24948,NA
24949,24950,NA
24951,24952,NA
24953,24957,NA
24958,24959,NA
24960,24961,24962
24960,24961,24964
24960,24961,24967
24960,24961,24969
24960,24961,24971
24960,24961,24974
24960,24961,24975
24960,24961,25028
24960,24961,25031
24982,24983,24984
24982,24983,24988
24982,24983,24990
24982,24983,24991
24992,24993,24994
24992,24993,24995
24992,24993,24996
24992,24993,24997
24998,24999,NA
25005,25006,NA
25007,25008,25009
25011,25012,NA
25013,25014,25015
25017,25018,NA
25019,25020,25021
25022,25023,25024
25022,25023,25025
25032,25033,NA
25034,25035,NA
25036,25037,25038
25039,25041,NA
25042,25043,NA
25044,25045,NA
25047,25048,25049
25047,25048,25051
25052,25053,25054
25055,25056,25057
25055,25056,25058
25055,25056,25059
25061,25062,NA
25063,25064,25065
25063,25064,25066
25063,25064,25067
25063,25064,25068
25063,25064,25069
25063,25064,25070
25072,25073,25074
25072,25073,25075
25072,25073,25076
25072,25073,25077
25078,25079,NA
25080,25082,25085
25080,25084,25085
25080,25082,25086
25080,25084,25086
25087,25088,NA
25089,25090,NA
25091,25093,25095
25091,25094,25095
25091,25093,25097
25091,25094,25097
25091,25093,25099
25091,25094,25099
25091,25093,25101
25091,25094,25101
25091,25093,25100
25091,25094,25100
25103,25104,NA
25105,25107,25108
25105,25107,25109
25112,25113,NA
25114,25115,NA
25116,25117,NA
25118,25120,NA
25121,25122,25123
25125,25127,NA
25128,25129,NA
25130,25131,25774
25130,25131,76911
25130,25131,25132
25130,25131,25135
25130,25131,25136
25130,25131,25138
25139,25140,25141
25139,25140,25143
25146,25147,NA
25148,25150,25151
25148,25150,25153
25148,25150,25154
25156,25157,25158
25156,25157,25160
25156,25157,25161
25156,25157,25163
25164,25165,NA
25166,25167,25168
25170,25171,25172
25170,25171,25173
25170,25171,75016
25175,25176,25177
25175,25176,25178
25175,25176,25181
25175,25176,25182
25175,25176,25185
25175,25176,25186
25175,25176,25188
25191,25192,NA
25193,25194,25195
25206,25207,NA
25208,25209,NA
25210,25211,25212
25214,25215,25219
25214,25215,25221
25214,25215,25222
25214,25215,25223
25214,25215,25224
25214,25215,75842
25225,25226,NA
25227,25228,25229
25230,25231,NA
25232,25233,25234
25232,77657,25234
25232,25233,25236
25232,77657,25236
25232,25233,25237
25232,77657,25237
25232,25233,25239
25232,77657,25239
25232,25233,25241
25232,77657,25241
25232,25233,25244
25232,77657,25244
25232,25233,25245
25232,77657,25245
25232,25233,25247
25232,77657,25247
25232,25233,25249
25232,77657,25249
25250,25252,25253
25250,25252,25254
25250,25252,25257
25250,25252,25259
25261,25262,25263
25261,25262,75339
25261,25262,25264
25261,25262,75340
25261,25262,25266
25261,25262,25269
25261,25262,25271
25261,25262,25273
25261,25262,25275
25261,25262,25276
25261,25262,75341
25261,25262,75343
25261,25262,75344
25261,25262,25277
25261,25262,75346
25279,25280,25281
25279,25280,25283
25285,25286,25287
25285,25286,25291
25285,25286,25294
25297,25298,NA
25299,25300,NA
25301,25302,25304
25301,25303,25304
25301,25302,74421
25301,25303,74421
25306,25307,25308
25310,25311,NA
25312,25314,25316
25312,25314,25317
25312,25314,25318
25312,25314,25320
25312,25314,25322
25312,25314,25323
25312,25314,25324
25326,25327,25331
25326,25328,25331
25326,25327,25332
25326,25328,25332
25326,25327,25334
25326,25328,25334
25336,25337,25338
25336,25337,25340
25341,25342,25343
25341,25342,25345
25341,25342,25348
25341,25342,25350
25353,25354,25355
25353,25354,25356
25353,25354,25358
25353,25354,25360
25353,25354,25361
25363,25364,25366
25363,25365,25366
25363,25364,25367
25363,25365,25367
25363,25364,25368
25363,25365,25368
25363,25364,25371
25363,25365,25371
25363,25364,25372
25363,25365,25372
25363,25364,25374
25363,25365,25374
25363,25364,25375
25363,25365,25375
25376,25377,25378
25380,25381,NA
25382,25383,25384
25386,25387,25388
25391,25392,25393
25391,25392,25394
25391,25392,25395
25397,25398,NA
25399,25400,NA
25401,25402,NA
25403,25404,NA
25405,25406,25407
25408,25409,25410
25408,25409,25411
25408,25409,25412
25408,25409,25413
25408,25409,69435
25414,25415,74000
25416,25417,25418
25419,25420,NA
25421,25422,NA
25423,25424,25425
25423,25424,25426
25423,25424,25427
25428,25430,25431
25428,25430,70127
25432,25433,NA
25434,25436,25437
25434,25436,25445
25434,25436,25449
25434,25436,25451
25434,25436,25452
25438,25440,25441
25438,25440,25443
25444,25446,NA
25448,25454,25456
25453,25455,25457
25453,25455,25461
25460,25463,NA
25464,25465,NA
25466,25467,25468
25466,25467,25469
25471,25472,25474
25475,25476,25477
25475,25476,25478
25475,25476,25480
25475,25476,25482
25475,25476,25484
25485,25486,25488
25485,25487,25488
25490,25491,NA
25492,25493,25494
25495,25496,NA
25497,25498,NA
25499,25500,NA
25501,25502,NA
25503,25504,25505
25506,25507,NA
25508,25509,NA
25510,25511,25512
25510,25511,25513
25510,25511,25515
25510,25511,25516
25510,25511,25517
25510,25511,25519
25510,25511,25522
25510,25511,25524
25510,25511,25526
25527,25528,25529
25531,25532,25534
25531,25533,25534
25531,25532,25535
25531,25533,25535
25531,25532,25538
25531,25533,25538
25531,25532,25539
25531,25533,25539
25531,25532,25541
25531,25533,25541
25531,25532,25544
25531,25533,25544
25545,25546,NA
25547,25549,NA
25550,25552,NA
25553,25554,NA
25555,25556,NA
25557,25558,NA
25559,25560,NA
25561,25562,NA
25563,25564,25565
25567,25568,NA
25569,25570,25571
25573,25574,25575
25576,25577,NA
25578,25579,25580
25581,25582,25583
25584,25585,NA
25586,25589,25590
25586,25589,25592
25594,25595,NA
25596,25598,25603
25599,25600,NA
25601,25605,NA
25606,25609,25611
25607,25608,NA
25610,25613,25614
25610,25613,25616
25615,25621,NA
25620,25622,NA
25623,25626,25628
25623,25626,25630
25623,25626,25637
25623,25626,25639
25624,25627,NA
25629,25631,25632
25629,25631,25634
25629,25631,25638
25640,25641,25643
25640,25642,25643
25644,25648,NA
25645,25646,NA
25647,25649,NA
25650,25652,25657
25650,25652,25661
25650,25652,25669
25650,25652,25671
25650,25652,25672
25651,25653,NA
25655,25656,25659
25655,25656,25660
25655,25656,25663
25667,25668,NA
25673,25674,NA
25675,25676,25677
25679,25680,25681
25683,25684,25686
25683,25685,25686
25683,25684,25687
25683,25685,25687
25683,25684,25689
25683,25685,25689
25683,25684,25690
25683,25685,25690
25683,25684,25691
25683,25685,25691
25683,25684,25692
25683,25685,25692
25683,25684,25693
25683,25685,25693
25683,25684,25694
25683,25685,25694
25696,25697,NA
25698,25699,25700
25698,25699,25702
25704,25706,NA
25707,25708,25710
25707,25709,25710
25707,25708,25711
25707,25709,25711
25707,25708,25713
25707,25709,25713
25707,25708,25714
25707,25709,25714
25716,25717,NA
25718,25719,25722
25718,25720,25722
25718,25721,25722
25718,25719,25725
25718,25720,25725
25718,25721,25725
25727,25728,25731
25727,25729,25731
25727,25730,25731
25727,25728,25733
25727,25729,25733
25727,25730,25733
25727,25728,25735
25727,25729,25735
25727,25730,25735
25727,25728,25737
25727,25729,25737
25727,25730,25737
25727,25728,25739
25727,25729,25739
25727,25730,25739
25727,25728,25740
25727,25729,25740
25727,25730,25740
25727,25728,25741
25727,25729,25741
25727,25730,25741
25727,25728,25744
25727,25729,25744
25727,25730,25744
25746,25747,25748
25749,25750,NA
25751,25752,25753
25755,25756,25757
25755,74141,25757
25759,25760,NA
25761,25763,NA
25764,25765,NA
25766,25767,25768
25769,25770,NA
25771,25772,25773
25776,25777,NA
25778,25779,NA
25780,25781,NA
25782,25784,25785
25787,25789,NA
25790,25791,25792
25793,25794,25798
25801,25802,25803
25805,25806,NA
25807,25808,NA
25809,25811,25812
25809,25811,25813
25814,25815,25816
25817,25819,25820
25817,25819,25821
25817,25819,25822
25817,25819,25823
25817,25819,25825
25826,25827,25828
25829,25830,25831
25829,25830,25832
25829,25830,25834
25835,25836,NA
25837,25838,NA
25839,25840,NA
25841,25842,NA
25843,25844,NA
25845,25846,25847
25849,25850,NA
25851,25852,NA
25854,25855,25856
25854,25855,25858
25859,25860,NA
25861,25862,NA
25863,25864,NA
25865,25866,NA
25867,25868,25869
25867,25868,25870
25867,25868,25872
25867,25868,25874
25867,25868,25876
25877,25878,NA
25879,25880,25881
25882,25883,25884
25882,25883,25886
25882,25883,25887
25888,25889,25891
25888,25890,25891
25892,25893,NA
25894,25895,NA
25896,25897,NA
25898,25899,25900
25902,25903,25904
25902,25903,25906
25907,25908,NA
25909,25910,NA
25911,25912,NA
25913,25914,25915
25913,25914,25917
25913,25914,25919
25913,25914,25920
25913,25914,25922
25913,25914,77686
25923,25924,25925
25923,25924,25927
25923,25924,25930
25932,25933,NA
25934,25935,25936
25938,25939,25940
25938,25939,25942
25938,25939,25943
25946,25947,25948
25946,25947,25950
25946,25947,25952
25946,25947,25954
25946,25947,25956
25946,25947,25959
25946,25947,25961
25963,25964,25965
25963,25964,25966
25967,25968,NA
25969,25970,25971
25972,25973,NA
25972,25975,NA
25977,25979,NA
25980,25981,NA
25982,25983,NA
25984,25985,25986
25984,25985,25987
25984,25985,25988
25989,25990,NA
25991,25992,NA
25993,25994,25996
25993,25995,25996
25993,25994,25997
25993,25995,25997
25993,25994,26000
25993,25995,26000
25993,25994,26002
25993,25995,26002
25993,25994,26004
25993,25995,26004
25993,25994,26005
25993,25995,26005
25993,25994,26007
25993,25995,26007
26008,26009,NA
26010,26011,NA
26012,26013,26014
26012,26013,26016
26012,26013,26018
26012,26013,26021
26012,26013,26022
26012,26013,26023
26012,26013,26024
26012,26013,26025
26012,26013,26027
26012,26013,26030
26012,26013,70716
26033,26034,NA
26035,26036,NA
26037,26038,NA
26039,26040,26041
26039,26040,26045
26039,26040,26046
26039,26040,26048
26049,26050,NA
26051,26052,NA
26053,26054,26055
26056,26057,26058
26059,26060,NA
26061,26062,NA
26063,26064,26065
26063,26064,26067
26068,26069,26070
26072,26073,26074
26072,26073,26076
26077,26078,26079
26077,26078,26080
26077,26078,26081
26077,26078,26083
26077,26078,26084
26077,26078,26086
26077,26078,26088
26077,26078,26090
26091,26092,26093
26097,26098,26099
26097,26098,76315
26100,26101,NA
26102,26104,NA
26105,26106,NA
26107,26108,NA
26109,26110,NA
26111,26112,26114
26111,26113,26114
26111,26112,26116
26111,26113,26116
26111,26112,26117
26111,26113,26117
26111,26112,26119
26111,26113,26119
26111,26112,26120
26111,26113,26120
26111,26112,26121
26111,26113,26121
26111,26112,26122
26111,26113,26122
26111,26112,26123
26111,26113,26123
26125,26126,NA
26127,26128,NA
26129,26130,NA
26131,26132,NA
26133,26134,NA
26135,26136,NA
26137,26138,NA
26139,26140,75028
26141,26142,26143
26145,26146,26148
26145,26146,26150
26145,26146,26151
26145,26146,26153
26145,26146,26154
26145,26146,26155
26157,26159,26160
26161,26162,26163
26161,26162,26168
26161,26162,26170
26171,26172,26174
26171,26173,26174
26171,26172,26175
26171,26173,26175
26177,26178,NA
26179,26180,NA
26181,26182,NA
26183,26184,26187
26183,26185,26187
26183,26186,26187
26183,26184,26188
26183,26185,26188
26183,26186,26188
26183,26184,26190
26183,26185,26190
26183,26186,26190
26183,26184,26191
26183,26185,26191
26183,26186,26191
26183,26184,26192
26183,26185,26192
26183,26186,26192
26183,26184,26193
26183,26185,26193
26183,26186,26193
26194,26195,NA
26196,26197,26198
26196,26197,26199
26196,26197,26201
26196,26197,26203
26196,26197,26205
26206,26207,26208
26206,26207,26209
26206,26207,26211
26213,26214,NA
26215,26216,26217
26215,26216,26219
26215,26216,26220
26221,26222,NA
26223,26226,26228
26223,26227,26228
26223,26226,26230
26223,26227,26230
26223,26226,26231
26223,26227,26231
26223,26226,26232
26223,26227,26232
26223,26226,26233
26223,26227,26233
26234,26235,26236
26237,26238,NA
26239,26240,26241
26242,26244,NA
26245,26246,26247
26245,26246,26248
26245,26246,26249
26250,26251,26252
26254,26255,NA
26256,26257,26258
26260,26261,NA
26262,26263,26264
26262,26263,26265
26262,26263,26267
26262,26263,26268
26262,26263,26270
26262,26263,26271
26272,26273,NA
26274,26275,NA
26276,26277,26278
26279,26280,26283
26279,26281,26283
26279,26282,26283
26279,26280,26284
26279,26281,26284
26279,26282,26284
26279,26280,26286
26279,26281,26286
26279,26282,26286
26279,26280,26287
26279,26281,26287
26279,26282,26287
26279,26280,26288
26279,26281,26288
26279,26282,26288
26279,26280,70577
26279,26281,70577
26279,26282,70577
26290,26291,NA
26292,26293,NA
26294,26296,26297
26294,26296,26299
26294,26296,26301
26294,26296,26303
26294,26296,26304
26294,26296,26305
26294,26296,26306
26307,26309,NA
26311,26312,26314
26311,26313,26314
26311,26312,26317
26311,26313,26317
26311,26312,26319
26311,26313,26319
26320,26322,26324
26320,26323,26324
26320,26322,26331
26320,26323,26331
26320,26322,26341
26320,26323,26341
26320,26322,26343
26320,26323,26343
26326,26327,26328
26326,26327,26329
26326,26327,26333
26326,26327,26335
26326,26327,26337
26326,26327,26339
26326,26327,26340
26344,26346,NA
26347,26349,26350
26347,26349,26351
26347,26349,26352
26347,26349,26353
26347,26349,26354
26355,26356,NA
26357,26358,NA
26359,26361,NA
26360,26362,NA
26363,26364,NA
26365,26366,26367
26369,26370,26372
26369,26371,26372
26369,26370,26373
26369,26371,26373
26374,26375,NA
26377,26379,NA
26380,26381,26382
26380,26381,26384
26385,26386,NA
26387,26388,NA
26389,26390,26391
26393,26394,26395
26393,26394,26396
26393,26394,26397
26398,26399,26400
26398,26399,26401
26403,26404,26405
26406,26407,NA
26408,26409,NA
26410,26411,26412
26413,26414,26415
26417,26418,NA
26419,26420,NA
26421,26422,NA
26423,26424,26425
26427,26428,NA
26429,26430,26432
26429,26431,26432
26429,26430,26434
26429,26431,26434
26429,26430,26436
26429,26431,26436
26429,26430,26437
26429,26431,26437
26440,26441,26442
26440,26441,26444
26440,26441,26446
26440,26441,26447
26440,26441,26448
26450,26451,26452
26450,26451,26454
26450,26451,26456
26450,26451,26458
26461,26462,NA
26463,26464,26465
26466,26467,26468
26466,26467,26469
26466,26467,26471
26472,26473,NA
26474,26475,26476
26478,26479,26480
26478,26479,76841
26481,26482,NA
26483,26484,26485
26486,26487,26488
26490,26491,26492
26490,26491,26493
26495,26496,26497
26495,26496,26499
26495,26496,26501
26495,26496,26503
26495,26496,26505
26495,26496,26506
26495,26496,26507
26495,26496,26509
26510,26511,26512
26513,26515,NA
26516,26517,26518
26520,26521,NA
26522,26523,NA
26524,26525,26526
26524,26525,26527
26524,26525,26529
26531,26532,NA
26533,26535,26536
26538,26539,26540
26541,26542,NA
26543,26544,73370
26545,NA,26549
26545,NA,26551
26545,NA,26556
26545,NA,26559
26545,NA,26562
26545,NA,26565
26545,NA,26568
26545,NA,26574
26563,26564,NA
26566,26569,26571
26575,26576,26577
26575,26576,26578
26575,26576,26580
26575,26576,26581
26575,26576,26582
26575,26576,26583
26575,26576,26585
26586,26587,NA
26588,26589,26590
26591,26592,NA
26593,26594,NA
26595,26597,26599
26595,26597,26600
26595,26597,26603
26595,26597,26607
26595,26597,26608
26596,26598,NA
26601,26604,26606
26601,26604,26616
26601,26604,26622
26609,26610,NA
26611,26612,NA
26613,77314,77250
26613,77249,77250
26613,26614,77250
26613,77314,26617
26613,77249,26617
26613,26614,26617
26613,77314,26619
26613,77249,26619
26613,26614,26619
26613,77314,77251
26613,77249,77251
26613,26614,77251
26623,26624,26625
26623,26624,26627
26626,26633,26634
26630,26631,NA
26632,26635,NA
26636,26637,NA
26638,26640,26647
26638,26640,26651
26638,26640,26652
26638,26640,26654
26641,26642,NA
26643,26645,NA
26646,26648,NA
26649,26650,NA
26653,26655,26656
26653,26655,26658
26660,26661,26662
26660,26661,26663
26660,26661,26665
26660,26661,26668
26660,26661,26670
26660,26661,26677
26666,26667,26684
26666,26674,26684
26666,26667,26687
26666,26674,26687
26666,26667,26691
26666,26674,26691
26666,26667,26696
26666,26674,26696
26679,26681,NA
26682,26685,26686
26693,26694,NA
26695,26697,NA
26698,26700,26702
26698,26701,26702
26698,26700,26703
26698,26701,26703
26698,26700,26705
26698,26701,26705
26698,26700,26707
26698,26701,26707
26698,26700,26709
26698,26701,26709
26698,26700,26710
26698,26701,26710
26698,26700,26711
26698,26701,26711
26698,26700,26713
26698,26701,26713
26698,26700,70731
26698,26701,70731
26715,26716,26717
26719,26720,NA
26721,26722,26723
26721,26722,26725
26721,26722,26727
26721,26722,26728
26729,26730,26731
26729,26730,26732
26729,26730,26735
26736,26737,NA
26738,26739,26741
26738,26740,26741
26738,26739,26745
26738,26740,26745
26738,26739,26747
26738,26740,26747
26738,26739,26748
26738,26740,26748
26738,26739,26749
26738,26740,26749
26738,26739,26750
26738,26740,26750
26738,26739,26751
26738,26740,26751
26738,26739,26752
26738,26740,26752
26738,26739,26754
26738,26740,26754
26738,26739,26755
26738,26740,26755
26738,26739,26757
26738,26740,26757
26738,26739,26759
26738,26740,26759
26760,26761,26763
26760,26762,26763
26760,26761,26764
26760,26762,26764
26760,26761,26765
26760,26762,26765
26760,26761,26766
26760,26762,26766
26760,26761,26767
26760,26762,26767
26760,26761,26768
26760,26762,26768
26760,26761,26769
26760,26762,26769
26770,26771,72915
26770,72914,72915
26772,26773,26774
26775,26776,26777
26775,26776,26778
26775,26776,26779
26775,26776,26780
26782,26783,26786
26782,26784,26786
26782,26785,26786
26782,26783,26787
26782,26784,26787
26782,26785,26787
26782,26783,26788
26782,26784,26788
26782,26785,26788
26782,26783,26789
26782,26784,26789
26782,26785,26789
26782,26783,26790
26782,26784,26790
26782,26785,26790
26791,26792,NA
26793,26794,26795
26797,26799,NA
26800,26801,26805
26800,26802,26805
26800,26804,26805
26800,26801,26806
26800,26802,26806
26800,26804,26806
26800,26801,26807
26800,26802,26807
26800,26804,26807
26800,26801,26809
26800,26802,26809
26800,26804,26809
26800,26801,26811
26800,26802,26811
26800,26804,26811
26800,26801,26813
26800,26802,26813
26800,26804,26813
26800,26801,26814
26800,26802,26814
26800,26804,26814
26800,26801,26815
26800,26802,26815
26800,26804,26815
26816,26817,26818
26816,26817,26820
26816,26817,26823
26816,26817,26824
26816,26817,26825
26816,26817,26827
26816,26817,26828
26829,26830,26833
26829,26831,26833
26829,26832,26833
26829,26830,26834
26829,26831,26834
26829,26832,26834
26829,26830,26835
26829,26831,26835
26829,26832,26835
26829,26830,26838
26829,26831,26838
26829,26832,26838
26829,26830,75691
26829,26831,75691
26829,26832,75691
26839,26840,NA
26841,26842,26843
26845,26846,26847
26845,26846,26848
26845,26846,26849
26845,26846,26850
26845,26846,26851
26845,26846,26853
26854,26856,26857
26854,26856,26858
26854,26856,26863
26854,26856,26865
26854,26856,26869
26854,26856,26870
26854,26856,26877
26854,26856,26882
26854,26856,26889
26854,26856,26892
26854,26856,26895
26854,26856,26900
26855,26861,NA
26862,26864,26866
26862,26864,26871
26862,26864,26873
26874,26876,NA
26879,26880,26881
26883,26885,NA
26887,26888,NA
26891,26893,NA
26894,26897,26898
26894,26897,26899
26894,26897,26901
26894,26897,26903
26894,26897,26905
26906,26907,NA
26908,26909,NA
26910,26913,NA
26911,26914,NA
26915,26917,NA
26916,26918,NA
26919,26920,NA
26921,26922,70720
26923,26924,NA
26925,26926,26928
26925,26927,26928
26925,26926,26929
26925,26927,26929
26925,26926,26930
26925,26927,26930
26925,26926,26933
26925,26927,26933
26925,26926,26934
26925,26927,26934
26925,26926,26935
26925,26927,26935
26925,26926,26939
26925,26927,26939
26925,26926,26940
26925,26927,26940
26925,26926,26944
26925,26927,26944
26925,26926,26947
26925,26927,26947
26932,26936,NA
26938,26942,26943
26938,26942,26945
26948,26949,NA
26951,26952,26954
26953,26956,26959
26953,26956,26963
26953,26956,26964
26953,26956,26968
26957,26958,NA
26960,26962,26965
26960,26962,26971
26960,26962,26974
26960,26962,26976
26960,26962,26979
26972,26978,26980
26972,26978,26983
26972,26978,26986
26972,26978,26992
26985,26987,26988
26990,26991,NA
26995,26996,NA
26997,27000,NA
27001,27003,NA
27002,27004,NA
27005,27007,27008
27005,27007,27010
27006,27021,27025
27006,27021,27028
27006,27021,27034
27012,27013,27014
27017,27018,NA
27020,27023,NA
27024,27026,NA
27027,27029,27030
27033,27035,NA
27037,27038,NA
27039,27041,27048
27039,27043,27048
27039,27044,27048
27039,27041,27046
27039,27043,27046
27039,27044,27046
27040,27042,27045
27047,27050,27052
27047,27050,27059
27047,27050,27065
27051,27053,NA
27054,27056,NA
27057,27058,27062
27057,27060,27062
27057,27058,27064
27057,27060,27064
27057,27058,27068
27057,27060,27068
27057,27058,27069
27057,27060,27069
27070,27071,27072
27070,27071,27074
27070,27071,27075
27070,27071,27078
27070,27071,27079
27070,27071,27080
27070,27071,70708
27073,27082,27084
27073,27083,27084
27085,27086,NA
27087,27088,NA
27089,27090,27091
27089,27090,27093
27094,27095,NA
27096,27098,27099
27096,27098,27100
27096,27098,27101
27096,27098,27103
27096,27098,27105
27102,27104,NA
27107,27110,NA
27108,27111,NA
27112,27113,NA
27114,27118,27120
27115,27117,27119
27121,27122,27123
27121,27122,27127
27121,27122,27129
27121,27122,27132
27133,27134,27135
27133,27134,27137
27133,27134,27138
27133,27134,27142
27136,27145,27151
27144,27146,27148
27144,27146,27152
27144,27146,27155
27153,27158,27175
27153,27161,27175
27153,27158,27182
27153,27161,27182
27153,27158,27189
27153,27161,27189
27153,27158,27202
27153,27161,27202
27153,27158,27208
27153,27161,27208
27153,27158,27216
27153,27161,27216
27157,27159,NA
27160,27162,27165
27160,27163,27165
27160,27164,27165
27160,27162,27167
27160,27163,27167
27160,27164,27167
27160,27162,77256
27160,27163,77256
27160,27164,77256
27169,27170,NA
27171,27172,NA
27173,27174,69558
27173,69557,69558
27176,27178,NA
27179,27180,27181
27183,27184,NA
27185,NA,27188
27185,NA,27190
27185,NA,27192
27185,NA,27193
27185,NA,27194
27185,NA,27195
27196,27197,27200
27196,27198,27200
27196,27197,27203
27196,27198,27203
27206,27207,27210
27206,27207,27212
27214,27215,27218
27220,27221,NA
27222,27223,NA
27224,27225,27226
27228,27230,27231
27234,27236,NA
27237,27239,NA
27240,27241,NA
27242,27244,27245
27246,27247,NA
27248,27249,27250
27248,27249,27252
27248,27249,27254
27248,27249,27256
27257,27258,NA
27259,27261,27262
27263,27264,NA
27265,27267,NA
27268,27269,27270
27268,27269,27272
27268,27269,27274
27275,27276,27277
27278,27279,NA
27280,27281,27282
27283,27284,27285
27287,27288,NA
27289,27291,NA
27292,27293,NA
27294,27295,NA
27296,27297,27298
27296,27297,27299
27300,27301,27302
27300,27301,27303
27300,27301,27305
27300,27301,27306
27300,27301,27308
27309,27310,27311
27312,27313,NA
27314,27315,NA
27316,27317,NA
27318,27319,27320
27318,27319,27321
27318,27319,27323
27318,27319,27324
27318,27319,27325
27326,27327,NA
27328,27329,NA
27330,27331,NA
27332,27333,NA
27334,27335,NA
27336,27337,NA
27338,27339,27340
27341,27342,NA
27343,27344,NA
27345,27346,27347
27348,27350,27351
27353,27354,NA
27355,27357,NA
27358,27359,NA
27361,27362,NA
27363,27364,27365
27363,27364,27367
27363,27364,27369
27363,27364,27371
27363,27364,27374
27363,27364,27376
27378,27379,27380
27378,27379,27382
27378,27379,27383
27378,27379,27384
27378,27379,27385
27386,27387,27388
27386,27387,27389
27386,27387,27391
27386,27387,27392
27396,27397,27398
27399,27400,27406
27399,27401,27406
27399,27402,27406
27399,27400,27407
27399,27401,27407
27399,27402,27407
27399,27400,27409
27399,27401,27409
27399,27402,27409
27399,27400,27410
27399,27401,27410
27399,27402,27410
27399,27400,27411
27399,27401,27411
27399,27402,27411
27399,27400,27412
27399,27401,27412
27399,27402,27412
27414,27415,27417
27414,27416,27417
27414,27415,27418
27414,27416,27418
27414,27415,27419
27414,27416,27419
27414,27415,27420
27414,27416,27420
27414,27415,27421
27414,27416,27421
27414,27415,75177
27414,27416,75177
27422,27424,27425
27426,27429,27430
27426,27429,27431
27432,27433,27434
27435,27439,NA
27440,27441,27443
27440,27442,27443
27440,27441,27444
27440,27442,27444
27440,27441,27445
27440,27442,27445
27446,27447,NA
27448,27451,27452
27448,27451,27453
27448,27451,27455
27457,27459,NA
27460,27461,NA
27462,27463,27464
27462,27463,27465
27469,27470,NA
27471,27472,NA
27473,27475,27477
27473,27476,27477
27473,27475,27478
27473,27476,27478
27473,27475,27480
27473,27476,27480
27473,27475,27481
27473,27476,27481
27473,27475,27482
27473,27476,27482
27473,27475,27483
27473,27476,27483
27473,27475,27485
27473,27476,27485
27473,27475,77725
27473,27476,77725
27486,27488,27489
27490,27492,27493
27494,27495,NA
27496,27497,NA
27498,27500,27501
27502,27503,NA
27504,27505,NA
27506,27507,27511
27506,27507,27514
27506,27507,27516
27506,27507,27518
27506,27507,27519
27506,27507,27520
27506,27507,27521
27523,27525,NA
27527,27528,NA
27529,27531,NA
27532,27533,NA
27534,27535,NA
27536,27537,29340
27536,27537,29342
27539,27540,NA
27541,27542,NA
27543,27544,27546
27543,27544,29343
27543,27544,29345
27548,27550,27551
27553,27554,NA
27555,27556,NA
27557,27558,NA
27559,27560,NA
27562,27563,NA
27564,27565,NA
27566,27567,NA
27568,27570,NA
27571,27572,NA
27575,27576,27577
27579,27580,27581
27579,27580,27582
27583,27584,NA
27585,27587,27588
27585,27587,27590
27585,27587,27592
27593,27594,27595
27593,27594,27597
27593,27594,27599
27593,27594,27602
27593,27594,27604
27605,27606,27607
27608,27610,NA
27612,27613,27614
27616,27618,NA
27619,27620,27621
27622,27623,27624
27625,27626,NA
27627,27628,NA
27629,27630,NA
27631,77743,27633
27631,27632,27633
27631,77743,77744
27631,27632,77744
27634,27635,27636
27637,27638,27639
27637,27638,27641
27637,27638,27642
27637,27638,27643
27644,27646,27647
27644,27646,27649
27644,27646,27650
27644,27646,27651
27644,27646,27652
27644,27646,70187
27655,27656,NA
27657,27658,27659
27660,27661,27662
27664,27665,NA
27666,27667,NA
27668,27669,27670
27671,27672,NA
27673,27674,NA
27675,27676,NA
27677,27678,NA
27679,27680,NA
27682,27683,27684
27682,27683,27685
27686,27687,NA
27688,27689,27690
27693,27694,NA
27696,27697,NA
27698,27699,NA
27700,27701,NA
27703,27704,NA
27706,27707,NA
27709,27710,NA
27715,27716,27718
27715,27716,27720
27715,27716,27722
27715,27716,27724
27715,27716,27725
27728,27729,27730
27728,27729,27732
27728,27729,27734
27735,27736,NA
27737,27738,NA
27739,27740,NA
27741,27742,NA
27743,27744,NA
27745,27746,NA
27747,27748,27749
27750,27751,27752
27754,27755,NA
27756,27758,27760
27756,27759,27760
27761,27762,NA
27763,27766,NA
27767,27769,27771
27767,27769,27773
27767,27769,27776
27767,27769,27778
27767,27769,27780
27767,27769,27781
27767,27769,27783
27784,27785,NA
27786,27787,27788
27786,27787,27789
27786,27787,27791
27792,27793,NA
27794,27795,27796
27798,27799,27800
27798,27799,27802
27798,27799,27804
27798,27799,27806
27798,27799,27808
27798,27799,27810
27814,27815,NA
27816,27817,NA
27818,27819,27820
27821,27822,27823
27826,27827,NA
27828,27829,NA
27830,27831,NA
27832,27833,27834
27832,27833,27835
27832,27833,27837
27839,27840,NA
27841,27842,27843
27841,27842,27844
27841,27842,27845
27841,27842,27846
27841,27842,27848
27841,27842,27850
27851,27852,NA
27853,27854,NA
27855,27856,NA
27857,27858,27859
27857,27858,27860
27857,27858,27862
27857,27858,27863
27857,27858,27864
27857,27858,27865
27857,27858,27866
27857,27858,27868
27857,27858,27870
27871,27872,NA
27873,27874,NA
27875,27876,NA
27877,27878,27879
27877,27878,27881
27877,27878,27882
27884,27885,27886
27887,27888,NA
27889,27890,NA
27891,27892,27894
27891,27893,27894
27891,27892,27897
27891,27893,27897
27891,27892,27898
27891,27893,27898
27891,27892,27899
27891,27893,27899
27891,27892,27901
27891,27893,27901
27891,27892,27902
27891,27893,27902
27891,27892,27903
27891,27893,27903
27891,27892,27904
27891,27893,27904
27905,27906,27908
27905,27907,27908
27910,27911,NA
27912,27913,NA
27914,27915,27916
27914,27915,27918
27914,27915,27919
27920,27922,27923
27920,27922,27924
27920,27922,27925
27920,27922,27927
27920,27922,27928
27920,27922,27929
27931,27932,27933
27931,27932,27935
27931,27932,27936
27931,27932,27938
27931,27932,70729
27940,27941,NA
27942,27943,27944
27942,27943,27947
27942,27943,27949
27952,27953,NA
27954,27955,NA
27958,27959,27960
27961,27962,27963
27961,27962,27964
27965,27966,27967
27965,27966,27968
27965,27966,27969
27965,27966,27970
27965,27966,27972
27965,27966,27974
27975,27976,27977
27975,27976,27979
27980,27981,27982
27983,27984,NA
27985,27986,27989
27991,27992,NA
27993,27994,27995
27996,27997,27998
27996,27997,27999
28000,28001,28002
28004,28005,NA
28006,28007,NA
28008,28009,NA
28010,28011,28012
28010,28011,28013
28010,28011,28015
28010,28011,28017
28019,28020,NA
28021,28022,NA
28023,28024,28025
28023,28024,28026
28023,28024,28032
28027,28028,28029
28031,28033,28034
28031,28033,28035
28036,28039,28040
28036,28039,28045
28036,28039,28051
28036,28039,28055
28036,28039,28060
28038,28042,28043
28038,28042,28048
28038,28042,28049
28038,28042,28050
28053,28054,NA
28056,28058,NA
28059,28062,NA
28063,28065,NA
28066,28067,NA
28069,28070,28071
28069,28070,28073
28074,28075,NA
28076,28077,NA
28078,28079,28083
28078,28079,28087
28078,28079,28091
28078,28079,28092
28078,28079,28097
28078,28079,28102
28078,28079,28112
28078,28079,28114
28080,28082,NA
28085,28086,NA
28088,28090,28093
28095,28096,NA
28100,28101,28104
28107,28108,28109
28110,28111,NA
28113,28117,NA
28118,28119,28123
28118,28119,28124
28120,28121,28122
28120,28121,28125
28120,28121,28127
28126,28128,NA
28129,28131,28132
28130,28138,NA
28133,28134,28135
28133,28134,28137
28139,28140,28141
28139,28140,28142
28139,28140,28143
28144,28145,28146
28144,28145,28147
28144,28145,28149
28151,28152,NA
28153,28155,NA
28156,28157,28160
28156,28159,28160
28156,28157,28162
28156,28159,28162
28156,28157,28164
28156,28159,28164
28156,28157,28165
28156,28159,28165
28156,28157,28167
28156,28159,28167
28156,28157,28168
28156,28159,28168
28156,28157,28170
28156,28159,28170
28156,28157,28172
28156,28159,28172
28156,28157,77091
28156,28159,77091
28173,28174,28175
28173,28174,28176
28173,28174,28177
28173,28174,28178
28180,28181,28182
28180,28181,28184
28185,28186,28187
28185,28186,28189
28185,28186,28191
28192,28193,28194
28196,28197,28198
28196,28197,28200
28196,28197,28202
28196,28197,28204
28196,28197,28206
28196,28197,28207
28196,28197,28209
28196,28197,28211
28196,28197,28212
28196,28197,28214
28216,28217,28218
28216,28217,28219
28216,28217,28222
28216,28217,70747
28224,28225,28226
28224,28225,28227
28224,28225,28229
28224,28225,28231
28224,28225,28233
28235,28237,NA
28238,28239,NA
28240,28241,28242
28244,28245,28246
28249,28250,28251
28252,28253,28254
28258,28260,28261
28262,28263,28264
28265,28267,NA
28268,28269,28270
28271,28272,NA
28273,28274,28276
28273,28275,28276
28273,28274,28277
28273,28275,28277
28273,28274,28279
28273,28275,28279
28273,28274,28282
28273,28275,28282
28273,28274,28285
28273,28275,28285
28273,28274,28286
28273,28275,28286
28273,28274,28287
28273,28275,28287
28273,28274,76658
28273,28275,76658
28289,28290,73727
28289,28290,75677
28291,28292,28293
28296,28297,NA
28298,28299,NA
28300,28302,28303
28304,28305,28306
28308,28309,NA
28310,28311,28312
28310,28311,28314
28310,28311,28316
28310,28311,28325
28317,28318,28320
28317,28318,28322
28317,28318,28324
28317,28318,28326
28329,28331,74572
28329,28333,74572
28329,28331,28335
28329,28333,28335
28329,28331,74573
28329,28333,74573
28329,28331,28336
28329,28333,28336
28329,28331,28337
28329,28333,28337
28329,28331,74574
28329,28333,74574
28329,28331,74576
28329,28333,74576
28329,28331,28338
28329,28333,28338
28329,28331,28342
28329,28333,28342
28329,28331,74579
28329,28333,74579
28329,28331,28344
28329,28333,28344
28329,28331,28348
28329,28333,28348
28329,28331,28352
28329,28333,28352
28329,28331,28354
28329,28333,28354
28329,28331,28356
28329,28333,28356
28329,28331,28362
28329,28333,28362
28329,28331,72662
28329,28333,72662
28329,28331,74577
28329,28333,74577
28330,28334,NA
28339,28341,NA
28346,28347,28351
28346,28350,28351
28346,28347,28353
28346,28350,28353
28346,28347,28358
28346,28350,28358
28361,28364,NA
28365,28366,28369
28365,28368,28369
28367,28371,28376
28367,28374,28376
28367,28371,28393
28367,28374,28393
28367,28371,28400
28367,28374,28400
28367,28371,28402
28367,28374,28402
28367,28371,28404
28367,28374,28404
28372,28375,28378
28372,74051,28378
28372,28375,28379
28372,74051,28379
28372,28375,28380
28372,74051,28380
28372,28375,28382
28372,74051,28382
28372,28375,28383
28372,74051,28383
28372,28375,28384
28372,74051,28384
28372,28375,73951
28372,74051,73951
28386,28387,NA
28388,28389,28390
28391,28392,72305
28394,28395,NA
28396,28397,NA
28398,28399,NA
28401,28403,NA
28406,28408,NA
28411,28415,28416
28411,28415,28418
28419,28420,28421
28419,28420,28422
28423,28424,28425
28423,28424,28427
28423,28424,28433
28423,28424,28435
28429,28430,NA
28432,28434,28436
28432,28434,28437
28438,28439,28440
28438,28439,28442
28438,28439,28443
28438,28439,28445
28438,28439,28447
28438,28439,28450
28438,28439,28452
28438,28439,28453
28455,28456,NA
28458,28459,28464
28458,28459,28465
28458,28459,28466
28458,28459,28467
28458,28459,28468
28458,28459,28470
28462,28463,NA
28469,28471,NA
28472,28475,NA
28473,28474,NA
28476,28477,28479
28476,28478,28479
28476,28477,28480
28476,28478,28480
28476,28477,28482
28476,28478,28482
28476,28477,28484
28476,28478,28484
28485,75391,75392
28485,28486,75392
28485,75391,28487
28485,28486,28487
28485,75391,75393
28485,28486,75393
28485,75391,28488
28485,28486,28488
28485,75391,28491
28485,28486,28491
28485,75391,75394
28485,28486,75394
28485,75391,28492
28485,28486,28492
28485,75391,28494
28485,28486,28494
28485,75391,28496
28485,28486,28496
28485,75391,28497
28485,28486,28497
28485,75391,28498
28485,28486,28498
28485,75391,28499
28485,28486,28499
28485,75391,28500
28485,28486,28500
28485,75391,69512
28485,28486,69512
28502,28503,NA
28504,28505,28506
28507,28508,NA
28509,28510,NA
28511,28512,28513
28511,28512,28514
28515,28516,28517
28518,28519,NA
28520,28521,NA
28522,28523,NA
28524,28525,NA
28526,28527,NA
28528,28529,28533
28528,28531,28533
28528,28529,28535
28528,28531,28535
28538,28539,28540
28538,28539,28541
28542,28575,NA
28544,28545,28546
28544,28545,28547
28544,28545,28553
28554,28555,NA
28556,28557,NA
28558,28559,NA
28560,28561,NA
28562,28563,NA
28564,28565,28566
28564,28565,28568
28564,28565,28570
28564,28565,28571
28564,28565,28573
28564,28565,28574
28577,28578,28580
28582,28583,28584
28582,28583,28586
28587,28588,NA
28589,28590,NA
28591,28592,28593
28595,28596,NA
28597,28598,28599
28597,28598,28600
28597,28598,28602
28603,28604,28607
28603,28605,28607
28603,28606,28607
28603,28604,28609
28603,28605,28609
28603,28606,28609
28603,28604,28611
28603,28605,28611
28603,28606,28611
28603,28604,28613
28603,28605,28613
28603,28606,28613
28603,28604,28614
28603,28605,28614
28603,28606,28614
28616,28617,28618
28616,72720,28618
28616,28617,72721
28616,72720,72721
28619,28620,NA
28621,28622,NA
28623,28624,28625
28623,28624,28626
28623,28624,28627
28623,28624,28628
28623,28624,28629
28623,28624,28633
28623,28624,28635
28636,28637,NA
28638,28639,28640
28638,28639,28642
28638,28639,28644
28638,28639,28646
28638,28639,28648
28638,28639,28650
28651,28652,28653
28654,28655,28656
28654,28655,28658
28654,28655,28659
28654,28655,28660
28654,28655,28661
28662,28666,NA
28664,28668,28669
28664,28668,28670
28664,28668,28673
28664,28668,28675
28664,28668,28676
28664,28668,28678
28664,28668,28679
28681,28682,28683
28681,28682,28684
28686,28687,28688
28686,28687,28690
28686,28687,28691
28692,28693,28695
28692,28694,28695
28692,28693,28696
28692,28694,28696
28692,28693,28698
28692,28694,28698
28692,28693,28700
28692,28694,28700
28701,28702,NA
28703,28704,28705
28703,28704,28706
28703,28704,28707
28703,28704,28708
28703,28704,28709
28711,28712,28713
28714,28715,NA
28716,28717,28718
28719,28720,28721
28719,28720,28722
28719,28720,28723
28719,28720,28725
28727,28728,NA
28729,28730,28732
28729,28730,28734
28729,28730,28737
28729,28730,28739
28729,28730,28741
28729,28730,28742
28729,28730,28743
28729,28730,28744
28745,28746,NA
28747,28748,28749
28747,28748,28750
28747,28748,28751
28747,28748,28752
28747,28748,28753
28747,28748,28754
28747,28748,28755
28757,28758,28759
28760,28761,28763
28760,28761,28764
28760,28761,28765
28760,28761,28766
28760,28761,28767
28760,28761,28769
28770,28771,NA
28772,28773,NA
28774,28775,NA
28776,28777,28778
28776,28777,28781
28782,28784,28785
28782,28784,28786
28782,28784,28787
28788,28789,NA
28790,28791,NA
28793,28794,28795
28796,28797,28798
28796,28797,28799
28800,28801,NA
28802,28804,NA
28805,28806,29338
28808,28809,NA
28810,28811,NA
28813,28814,28817
28813,28815,28817
28813,77572,28817
28813,28814,28819
28813,28815,28819
28813,77572,28819
28813,28814,28821
28813,28815,28821
28813,77572,28821
28813,28814,28823
28813,28815,28823
28813,77572,28823
28825,28827,28828
28829,28830,28831
28833,28834,NA
28836,28837,28838
28840,28841,NA
28842,28843,28844
28846,28847,NA
28848,28849,NA
28851,28852,NA
28853,28854,NA
28856,28859,28860
28856,28859,28861
28863,28864,28865
28867,28868,NA
28869,28870,NA
28873,28874,NA
28875,28876,28877
28879,28880,28881
28882,28883,NA
28884,28885,NA
28886,28887,NA
28888,28889,NA
28890,28891,NA
28892,28893,NA
28894,72632,28896
28894,72632,28897
28894,72632,28898
28894,72632,28902
28903,28904,NA
28905,28906,28907
28909,28910,28911
28909,28910,28916
28909,28910,28917
28909,28910,28918
28909,28910,28919
28909,28910,28920
28921,28922,NA
28923,28924,28925
28926,28927,28928
28930,28931,28932
28934,28935,28936
28934,28935,28937
28938,28939,28940
28938,28939,28941
28942,28944,28945
28946,28947,NA
28948,28949,NA
28950,28951,NA
28952,28953,NA
28954,28955,NA
28956,28957,NA
28958,28959,28960
28958,28959,28963
28958,28959,28965
28958,28959,28966
28967,28968,NA
28969,28970,28971
28972,28973,NA
28974,28975,NA
28976,28977,28978
28976,28977,28980
28976,28977,28981
28982,28983,28984
28982,28983,28985
28982,28983,28986
28982,28983,28987
28982,28983,28989
28982,28983,28991
28993,28994,28995
28997,28998,NA
28999,29000,29001
29002,29003,29004
29005,29006,NA
29007,29008,NA
29010,29011,29012
29010,29011,29013
29014,29015,29016
29018,29019,NA
29020,29021,29022
29024,29025,29026
29024,29025,29027
29024,29025,29028
29024,29025,29029
29024,29025,29032
29024,29025,29034
29024,29025,29036
29037,29038,29039
29041,29042,NA
29043,29044,29045
29046,29047,NA
29048,29049,NA
29050,29051,NA
29052,29053,NA
29054,29055,NA
29056,29057,29058
29056,29057,29059
29056,29057,29060
29062,29063,NA
29064,29065,29066
29064,29065,29068
29064,29065,29069
29064,29065,29071
29064,29065,29073
29077,29078,NA
29079,29081,29083
29079,29081,29085
29079,29081,29087
29079,29081,29089
29079,29081,29092
29079,29081,29095
29079,29081,29097
29079,29081,29098
29079,29081,29100
29079,29081,29101
29103,29104,29105
29103,29104,29107
29103,29104,29108
29103,29104,29110
29103,29104,29112
29103,29104,29115
29116,29117,29118
29119,29120,29121
29119,29120,29123
29119,29120,29124
29119,29120,29125
29119,29120,29127
29129,29130,29131
29129,29130,29133
29129,29130,29135
29136,29137,NA
29138,29139,29140
29141,29143,NA
29144,29145,NA
29146,29147,NA
29148,29149,NA
29150,29151,NA
29152,29153,NA
29154,29155,29156
29157,29158,NA
29159,29160,29162
29159,29161,29162
29159,29160,29163
29159,29161,29163
29159,29160,29164
29159,29161,29164
29159,29160,29165
29159,29161,29165
29166,29167,NA
29168,29169,NA
29170,29171,29172
29170,29171,29173
29170,29171,29174
29170,29171,29176
29178,29179,29180
29181,29182,29183
29185,29188,29189
29185,29188,29192
29185,29188,29193
29185,29188,29195
29185,29188,76264
29196,29197,NA
29198,29199,29200
29198,29199,29201
29202,29203,NA
29204,29205,NA
29206,29208,29209
29210,29211,NA
29212,29213,29215
29212,29214,29215
29212,29213,29216
29212,29214,29216
29212,29213,29217
29212,29214,29217
29218,29219,29221
29218,29219,29223
29218,29219,29225
29218,29219,29226
29218,29219,29227
29228,29229,29230
29228,29229,75168
29228,29229,29231
29228,29229,29232
29228,29229,29233
29228,29229,29234
29228,29229,29235
29237,29238,NA
29239,29240,29241
29239,29240,29242
29243,29244,NA
29245,29246,NA
29247,29248,29251
29247,29250,29251
29247,29248,29254
29247,29250,29254
29247,29248,29255
29247,29250,29255
29257,29258,29259
29257,29258,29262
29257,29258,29264
29257,29258,29265
29266,29267,NA
29268,29269,NA
29270,29271,29273
29270,29272,29273
29270,29271,69393
29270,29272,69393
29274,29275,NA
29276,29277,29278
29279,29280,29281
29279,29280,29282
29279,29280,29283
29279,29280,29285
29279,29280,29286
29287,29288,29289
29287,29288,29291
29294,29295,NA
29296,29299,29300
29302,29303,29304
29302,29303,29306
29302,29303,29307
29302,29303,29309
29302,29303,29310
29302,29303,29312
29302,29303,29313
29315,29316,29317
29319,29320,NA
29321,29322,29323
29321,29322,29325
29328,29329,29330
29328,29329,29331
29328,29329,29334
29328,29329,29336
29328,29329,29373
29328,29329,29375
29346,29347,NA
29348,29349,NA
29350,29351,NA
29352,29354,29355
29352,29354,29357
29352,29354,29360
29352,29354,29362
29352,29354,29364
29352,29354,29366
29352,29354,29368
29370,29371,NA
29376,29377,NA
29378,74706,29381
29378,29379,29381
29378,29380,29381
29378,74706,74707
29378,29379,74707
29378,29380,74707
29378,74706,74708
29378,29379,74708
29378,29380,74708
29378,74706,29382
29378,29379,29382
29378,29380,29382
29378,74706,74709
29378,29379,74709
29378,29380,74709
29378,74706,29383
29378,29379,29383
29378,29380,29383
29378,74706,74710
29378,29379,74710
29378,29380,74710
29378,74706,29384
29378,29379,29384
29378,29380,29384
29378,74706,29386
29378,29379,29386
29378,29380,29386
29378,74706,29387
29378,29379,29387
29378,29380,29387
29378,74706,70271
29378,29379,70271
29378,29380,70271
29378,74706,72716
29378,29379,72716
29378,29380,72716
29388,29389,NA
29390,29392,NA
29393,29394,NA
29395,29397,29398
29395,29397,29399
29401,29402,NA
29403,29404,29405
29403,29404,29406
29403,29404,29407
29403,29404,29408
29403,29404,77152
29411,29412,29413
29414,29415,74997
29416,29417,29418
29419,29420,29421
29424,29425,NA
29426,29427,29430
29426,29427,29433
29426,29427,29435
29436,29437,NA
29438,29439,29440
29441,29442,NA
29443,29444,29446
29443,29445,29446
29443,29444,29448
29443,29445,29448
29443,29444,29450
29443,29445,29450
29443,29444,29451
29443,29445,29451
29443,29444,29452
29443,29445,29452
29443,29444,29453
29443,29445,29453
29443,29444,29454
29443,29445,29454
29443,29444,29456
29443,29445,29456
29457,29458,NA
29459,29460,NA
29461,29462,29463
29464,29467,29468
29464,29467,29469
29464,29467,29470
29464,29467,29471
29464,29467,29474
29464,29467,29476
29464,29467,29479
29464,29467,29480
29464,29467,70174
29484,29486,29487
29488,29489,29490
29491,29492,NA
29493,29494,29495
29496,29498,29499
29496,29498,76059
29501,29502,NA
29503,29504,29505
29506,29507,29508
29506,29507,29510
29506,29507,29512
29506,29507,29513
29506,29507,29514
29515,29516,NA
29517,29518,29519
29521,29522,NA
29523,29524,NA
29525,29526,NA
29527,29528,29530
29527,29529,29530
29527,29528,29531
29527,29529,29531
29535,29536,NA
29537,29538,29541
29537,29540,29541
29537,77381,29541
29537,29538,29543
29537,29540,29543
29537,77381,29543
29544,29545,29546
29547,29548,29549
29550,29551,NA
29552,29553,29554
29552,29553,29558
29552,29553,29560
29552,29553,29562
29564,29565,NA
29566,29567,NA
29568,29569,NA
29570,29571,29572
29575,29577,NA
29578,29579,29580
29578,29579,29581
29578,29579,29582
29578,29579,29583
29585,29586,29587
29590,29591,NA
29592,29593,29594
29595,29597,29598
29595,29597,29599
29595,29597,76268
29600,29601,NA
29602,29603,29605
29602,29604,29605
29607,29608,NA
29609,29610,NA
29611,29612,29613
29611,29612,29614
29615,29616,29618
29615,29617,29618
29615,29616,29619
29615,29617,29619
29620,29621,29622
29624,29625,NA
29626,29627,NA
29628,29629,29630
29631,29632,29636
29631,29633,29636
29631,29632,29637
29631,29633,29637
29631,29632,29639
29631,29633,29639
29640,29641,29642
29644,29645,NA
29646,29647,NA
29648,29649,29651
29648,29649,29652
29653,29654,NA
29655,29656,29657
29659,29660,29661
29662,29663,29664
29665,29666,29667
29669,29670,29671
29669,29670,29672
29669,29670,29673
29674,29675,29676
29674,29675,29677
29674,29675,29679
29674,29675,29681
29674,29675,29682
29674,29675,29683
29674,29675,29684
29674,29675,29686
29688,29689,29690
29692,29693,29694
29695,29696,NA
29697,29698,29699
29700,29701,NA
29702,29703,29704
29705,29706,NA
29707,29708,NA
29709,29710,29711
29709,29710,29712
29709,29710,29713
29709,29710,72453
29715,29716,NA
29717,29718,29719
29717,29718,29720
29722,29723,NA
29724,29725,29726
29727,29728,NA
29729,29730,29731
29732,29733,NA
29734,29735,29738
29734,29736,29738
29734,29747,29738
29734,29748,29738
29734,29735,29739
29734,29736,29739
29734,29747,29739
29734,29748,29739
29734,29735,29741
29734,29736,29741
29734,29747,29741
29734,29748,29741
29734,29735,29742
29734,29736,29742
29734,29747,29742
29734,29748,29742
29734,29735,29743
29734,29736,29743
29734,29747,29743
29734,29748,29743
29734,29735,29745
29734,29736,29745
29734,29747,29745
29734,29748,29745
29734,29735,29746
29734,29736,29746
29734,29747,29746
29734,29748,29746
29750,29751,29752
29753,29754,NA
29755,29756,NA
29757,29758,NA
29759,29761,29762
29759,29761,29764
29765,29766,29767
29765,29766,29768
29765,29766,29769
29765,29766,29771
29772,29773,NA
29774,29776,29777
29774,29776,29778
29779,29781,29784
29779,29782,29784
29779,29781,29785
29779,29782,29785
29779,29781,29786
29779,29782,29786
29779,29781,29787
29779,29782,29787
29779,29781,29789
29779,29782,29789
29779,29781,29790
29779,29782,29790
29779,29781,29791
29779,29782,29791
29779,29781,29793
29779,29782,29793
29795,29796,29797
29795,29796,29800
29795,29796,73295
29801,29802,29805
29801,29802,29806
29801,29802,29807
29809,29810,29811
29812,29813,29814
29816,29817,29818
29816,29817,29819
29816,29817,29820
29816,29817,76417
29821,29822,29823
29821,29822,29824
29826,29827,NA
29828,29829,29830
29828,69437,29830
29831,29832,NA
29833,29834,29836
29833,29835,29836
29833,29834,29837
29833,29835,29837
29833,29834,29838
29833,29835,29838
29839,29840,29842
29839,29841,29842
29839,29840,29843
29839,29841,29843
29839,29840,29844
29839,29841,29844
29839,29840,29845
29839,29841,29845
29839,29840,73893
29839,29841,73893
29846,29847,NA
29848,29849,NA
29850,29851,NA
29852,29853,29854
29852,29853,29855
29856,29857,29858
29860,29861,29862
29860,29861,29863
29864,29865,29868
29864,29866,29868
29864,29865,29869
29864,29866,29869
29864,29865,29870
29864,29866,29870
29864,29865,29872
29864,29866,29872
29864,29865,29874
29864,29866,29874
29864,29865,29875
29864,29866,29875
29876,29877,NA
29878,29879,NA
29880,29881,29882
29880,29881,29883
29880,29881,29885
29880,29881,29887
29880,29881,29889
29890,29892,NA
29893,29894,29895
29893,29894,29896
29893,29894,29898
29893,29894,29900
29893,29894,29901
29902,29903,29904
29902,29903,29906
29902,29903,29908
29909,29910,NA
29911,29912,29913
29911,29912,29916
29911,29912,29918
29911,29912,29920
29911,29912,29921
29922,29923,NA
29924,29925,NA
29926,29927,29928
29926,29927,29930
29926,29927,29931
29926,29927,29932
29926,29927,29933
29934,29935,29936
29934,29935,29937
29934,29935,29938
29934,29935,29940
29941,29942,29943
29941,29942,29945
29946,29947,29948
29946,29947,29949
29951,29952,NA
29953,29954,29955
29953,29954,29956
29957,29958,NA
29959,29960,29961
29959,29960,29963
29959,29960,29964
29959,29960,29966
29959,29960,29968
29969,29970,NA
29971,29972,29973
29971,29972,29974
29975,29976,29977
29978,29979,NA
29980,29981,29982
29980,29981,29983
29980,29981,29985
29987,29988,29989
29987,29988,29990
29991,29992,29993
29995,29996,29997
29995,29996,29998
29995,29996,30000
29995,29996,30002
30004,30005,30006
30007,30008,NA
30009,30010,NA
30011,30012,30013
30011,30012,30015
30011,30012,30017
30011,30012,30019
30011,30012,30021
30011,30012,30022
30011,30012,30024
30026,30028,30029
30026,30028,30034
30026,30028,30035
30026,30028,30036
30026,30028,30038
30026,30028,30041
30043,30044,30046
30043,30045,30046
30043,30044,30048
30043,30045,30048
30043,30044,30050
30043,30045,30050
30043,30044,30055
30043,30045,30055
30043,30044,30056
30043,30045,30056
30052,30053,NA
30057,30058,30059
30057,30058,30060
30057,30058,70169
30062,30063,NA
30064,30065,30066
30068,30069,NA
30070,30071,NA
30073,30074,30076
30073,30075,30076
30073,30074,30077
30073,30075,30077
30079,30080,NA
30081,30082,30083
30081,30082,30085
30081,30082,30086
30081,30082,30087
30089,30090,NA
30091,30092,NA
30093,30094,30095
30093,30094,30096
30097,30098,30099
30101,30102,NA
30103,30104,30105
30103,30104,30106
30111,30112,NA
30114,30116,NA
30117,30118,30119
30120,30121,30123
30120,30121,30125
30120,30121,30127
30120,30121,30129
30120,30121,30130
30131,30132,30133
30134,30135,30136
30137,30138,30139
30141,30142,NA
30143,30144,30145
30143,30144,30146
30148,30149,30150
30151,30152,30153
30151,30152,30155
30151,30152,30157
30151,30152,30159
30151,30152,30160
30151,30152,30161
30151,30152,30162
30151,30152,70721
30163,30164,30166
30163,30165,30166
30163,30164,30167
30163,30165,30167
30163,30164,30168
30163,30165,30168
30169,30170,NA
30171,30172,NA
30173,30174,30175
30173,30174,30176
30173,30174,30178
30180,30181,NA
30182,30183,30185
30186,30187,NA
30189,30190,NA
30191,30192,30195
30191,30192,30197
30191,30192,30198
30191,30192,30199
30200,30201,30202
30203,30204,30205
30203,30204,30206
30203,30204,30207
30203,30204,30209
30203,30204,30211
30203,30204,30212
30213,30214,30215
30218,30219,NA
30220,30221,NA
30222,30223,30225
30222,30224,30225
30222,30223,30227
30222,30224,30227
30222,30223,30229
30222,30224,30229
30230,30231,30233
30230,30232,30233
30234,30235,NA
30236,30237,NA
30238,30239,30240
30238,30239,30242
30238,30239,30243
30238,30239,30244
30238,30239,30247
30238,30239,30249
30238,30239,30251
30253,30254,30255
30253,30254,30256
30253,30254,30257
30253,30254,30259
30253,30254,76371
30260,30261,30263
30260,30262,30263
30260,30261,30264
30260,30262,30264
30260,30261,30266
30260,30262,30266
30260,30261,30268
30260,30262,30268
30260,30261,30270
30260,30262,30270
30260,30261,30272
30260,30262,30272
30260,30261,70717
30260,30262,70717
30273,30274,30275
30276,30277,NA
30278,30279,30280
30281,30282,30283
30285,30286,30287
30289,30290,30293
30289,30291,30293
30289,30292,30293
30289,30290,30294
30289,30291,30294
30289,30292,30294
30289,30290,30296
30289,30291,30296
30289,30292,30296
30289,30290,30298
30289,30291,30298
30289,30292,30298
30289,30290,30300
30289,30291,30300
30289,30292,30300
30289,30290,30301
30289,30291,30301
30289,30292,30301
30289,30290,73921
30289,30291,73921
30289,30292,73921
30289,30290,77265
30289,30291,77265
30289,30292,77265
30303,30304,30305
30307,30308,30309
30307,30308,30310
30312,30313,30316
30317,30318,NA
30319,30320,NA
30321,30322,NA
30321,30323,NA
30324,30325,30326
30328,30329,30330
30331,30332,NA
30333,30334,NA
30335,30336,30337
30338,30340,NA
30341,30342,NA
30343,30344,NA
30345,30346,30347
30345,30346,30349
30350,30351,NA
30352,30353,NA
30354,30355,30356
30357,30358,30359
30357,30358,30361
30357,30358,30363
30364,30365,NA
30366,30368,NA
30369,30370,30371
30369,30370,30372
30369,30370,30373
30369,30370,30375
30369,30370,30376
30377,30378,NA
30379,30380,NA
30381,30382,30383
30381,30382,30385
30381,30382,30387
30381,30382,30389
30390,30391,NA
30392,30393,NA
30394,30395,75807
30396,30397,30400
30396,30397,30402
30396,30397,30404
30396,30397,30405
30396,30397,30406
30396,30397,30409
30396,30397,30411
30396,30397,30413
30396,30397,30414
30396,30397,30415
30396,30397,30416
30396,30397,30417
30419,30420,NA
30421,30422,NA
30423,30424,30425
30426,30427,30428
30426,30427,30430
30426,30427,30432
30433,30434,NA
30435,30436,30437
30435,30436,30439
30435,30436,30440
30435,30436,30442
30443,30444,30445
30443,30444,30446
30443,30444,30447
30443,30444,30448
30449,30450,30451
30449,30450,30453
30449,30450,30455
30449,30450,30457
30458,30459,NA
30460,30461,30462
30460,30461,30464
30460,30461,30465
30460,30461,73922
30466,30467,NA
30468,30469,30470
30471,30472,30475
30471,30472,31130
30471,30472,31131
30471,30472,31132
30471,30472,31134
30471,30472,31135
30477,30479,NA
30480,30481,30483
30480,30482,30483
30480,30481,70209
30480,30482,70209
30486,30487,30488
30486,30487,30491
30486,30487,30493
30494,30495,30496
30498,30499,30501
30498,30500,30501
30502,30503,30505
30502,30504,30505
30502,30503,30506
30502,30504,30506
30502,30503,30507
30502,30504,30507
30508,30509,NA
30512,30513,NA
30514,30515,30516
30517,30518,30519
30517,30518,30520
30521,30522,NA
30523,30524,NA
30525,30526,NA
30527,30528,NA
30529,30530,NA
30531,30532,NA
30533,30534,30535
30538,30539,NA
30540,30541,NA
30542,30543,30544
30542,30543,30546
30552,30553,30554
30555,30556,NA
30557,30558,NA
30559,30560,NA
30561,30562,NA
30563,30564,NA
30565,30566,NA
30567,30568,NA
30569,30570,30571
30569,30570,30572
30569,30570,30574
30569,30570,30576
30569,30570,30578
30589,30590,30591
30589,30590,30593
30589,30590,30595
30589,30590,30596
30589,30590,30598
30600,30601,NA
30602,30603,NA
30602,30605,NA
30606,30608,NA
30609,30610,NA
30611,30612,30613
30611,30612,32254
30616,30617,30619
30616,30618,30619
30616,30617,30621
30616,30618,30621
30623,30624,NA
30625,30626,NA
30627,30628,NA
30629,30630,30631
30629,30630,30633
30629,30630,75822
30634,30635,NA
30636,30637,30638
30636,30637,30640
30642,30643,NA
30644,30645,30646
30644,30645,30647
30644,30645,30649
30644,30645,30651
30644,30645,30653
30644,30645,74160
30654,30655,NA
30656,30657,NA
30658,30659,30660
30661,30662,30663
30661,30662,30664
30661,30662,30666
30661,30662,30667
30661,30662,30669
30670,30672,30673
30674,30675,30676
30674,30675,30677
30674,30675,30679
30674,30675,30681
30674,30675,30682
30674,30675,30684
30685,30687,30688
30685,30687,77174
30689,30691,NA
30692,30693,NA
30694,30695,30696
30697,30698,30699
30697,30698,30700
30701,30702,30703
30704,30707,NA
30710,30711,NA
30712,30714,NA
30715,30716,30717
30715,30716,30719
30715,30716,30721
30715,30716,30722
30715,30716,30723
30715,30716,30727
30715,30716,30729
30731,30732,30733
30734,30735,NA
30736,30737,NA
30738,30739,NA
30740,30741,NA
30742,30743,30746
30748,30749,NA
30750,30751,NA
30752,30753,30754
30755,30756,30757
30755,30756,30759
30755,30756,30761
30755,30756,30762
30755,30756,30763
30755,30756,30765
30755,30756,30767
30755,30756,30768
30770,30771,30773
30775,30776,NA
30777,30778,NA
30779,30781,30782
30779,30781,30784
30779,30781,30786
30779,30781,30788
30790,30791,30792
30790,30791,30793
30794,30796,30797
30798,30800,NA
30801,30802,30803
30801,30802,30804
30805,30806,30807
30808,30809,30810
30811,30812,NA
30813,30814,NA
30815,30816,NA
30817,30818,30819
30817,30818,30820
30817,30818,30822
30817,30818,30824
30817,30818,30826
30817,30818,30827
30817,30818,30829
30830,30831,NA
30832,30833,NA
30834,30836,NA
30837,30838,NA
30839,30840,NA
30841,30842,30843
30841,30842,30845
30841,30842,30847
30841,30842,30848
30849,30850,NA
30851,30852,NA
30853,30854,30856
30853,30855,30856
30853,30854,30858
30853,30855,30858
30853,30854,30860
30853,30855,30860
30853,30854,30861
30853,30855,30861
30853,30854,30862
30853,30855,30862
30853,30854,30863
30853,30855,30863
30853,30854,30866
30853,30855,30866
30853,30854,30867
30853,30855,30867
30868,30870,NA
30871,30872,NA
30873,30874,30875
30876,30877,NA
30878,30879,30880
30878,30879,30882
30878,30879,70114
30883,30884,31043
30883,30884,30886
30883,30884,30888
30883,30884,30889
30892,75457,30894
30892,30893,30894
30892,75457,30895
30892,30893,30895
30892,75457,30896
30892,30893,30896
30892,75457,30897
30892,30893,30897
30892,75457,30898
30892,30893,30898
30892,75457,75458
30892,30893,75458
30900,30901,30902
30903,30904,30905
30906,30907,30908
30906,30907,70168
30909,30910,NA
30911,30912,NA
30913,30941,NA
30914,30915,NA
30916,30917,30919
30916,30918,30919
30916,30917,30921
30916,30918,30921
30916,30917,30922
30916,30918,30922
30916,30917,30923
30916,30918,30923
30916,30917,30925
30916,30918,30925
30926,30927,30929
30926,30927,30931
30926,30927,30933
30926,30927,30934
30926,30927,30935
30926,30927,30937
30926,30927,30938
30939,30940,NA
30942,30943,NA
30944,30945,NA
30946,30947,NA
30948,30949,NA
30950,30951,30952
30950,30951,30954
30950,30951,30955
30950,30951,30962
30950,30951,30965
30950,30951,30968
30950,30951,30969
30957,30959,NA
30960,30961,30963
30960,30961,30967
30960,30961,30970
30960,30961,30972
30960,30961,30974
30960,30961,30979
30960,30961,30981
30973,30975,NA
30977,30978,NA
30983,30984,NA
30985,30986,30987
30985,30986,30989
30985,30986,30990
30985,30986,30991
30992,30993,30994
30992,30993,30996
30992,30993,30998
30992,30993,30999
30992,30993,31000
30992,30993,31001
30992,30993,31002
31003,31004,NA
31005,31006,NA
31007,31008,NA
31009,31010,69983
31011,31012,31013
31011,31012,31015
31011,31012,31017
31018,31019,31020
31018,31019,31021
31022,31023,NA
31024,31026,NA
31027,31028,NA
31029,31030,31032
31029,31030,31034
31029,31030,31036
31029,31030,32256
31039,31040,31041
31039,31040,31042
31039,31040,31045
31039,31040,68196
31039,31040,68198
31039,31040,68200
31048,31050,76547
31051,31054,31055
31051,31054,31056
31051,31054,31058
31051,31054,31059
31052,31060,NA
31061,31062,31063
31061,31062,31064
31061,31062,31065
31061,31062,31066
31067,31068,NA
31069,31070,31071
31069,31070,31073
31074,31075,31076
31077,31078,31079
31080,31081,31082
31084,31085,31086
31084,31085,31087
31088,31089,31090
31088,31089,31092
31088,31089,31093
31088,31089,31094
31095,31097,NA
31098,31099,NA
31100,31101,NA
31102,31103,NA
31104,31105,31106
31107,31109,NA
31110,31111,NA
31112,31113,31114
31115,31116,NA
31117,31118,NA
31119,31121,31122
31123,31124,31125
31126,31127,NA
31128,31129,NA
31136,31137,31138
31139,31140,31141
31145,31146,31147
31149,31150,31151
31153,31154,31155
31156,31157,31158
31159,31160,31161
31162,31163,NA
31164,31165,NA
31166,31167,31172
31166,31170,31172
31166,31167,31174
31166,31170,31174
31166,31167,31177
31166,31170,31177
31166,31167,31178
31166,31170,31178
31166,31167,31180
31166,31170,31180
31166,31167,31181
31166,31170,31181
31182,31183,NA
31184,31185,NA
31186,31187,NA
31188,31189,31190
31191,31192,31193
31191,31192,31195
31197,31198,NA
31199,31200,NA
31201,31202,NA
31203,31204,NA
31205,31206,NA
31207,31208,31209
31207,31208,31211
31207,31208,31213
31207,31208,31214
31207,31208,31215
31216,31217,31218
31216,31217,31219
31220,31221,NA
31222,31223,NA
31224,31225,31226
31224,31225,31227
31224,31225,31228
31224,31225,31229
31230,31231,31232
31230,31231,31235
31236,31237,NA
31238,31239,31240
31242,31244,31245
31247,31248,31249
31250,31251,NA
31252,31253,31254
31256,31257,NA
31258,31259,NA
31260,31261,31264
31260,31262,31264
31260,31263,31264
31260,31261,31265
31260,31262,31265
31260,31263,31265
31260,31261,31266
31260,31262,31266
31260,31263,31266
31260,31261,31267
31260,31262,31267
31260,31263,31267
31260,31261,31268
31260,31262,31268
31260,31263,31268
31269,31270,31272
31269,31271,31272
31269,31270,75709
31269,31271,75709
31269,31270,31274
31269,31271,31274
31269,31270,31275
31269,31271,31275
31269,31270,31276
31269,31271,31276
31278,31279,NA
31280,31281,31282
31283,31284,NA
31285,31286,31287
31289,31290,NA
31291,31293,31294
31296,31297,31299
31296,31298,31299
31296,31297,31302
31296,31298,31302
31296,31297,31304
31296,31298,31304
31296,31297,31305
31296,31298,31305
31296,31297,31307
31296,31298,31307
31296,31297,31309
31296,31298,31309
31296,31297,31311
31296,31298,31311
31296,31297,31312
31296,31298,31312
31314,31316,31317
31319,31320,31322
31319,31320,31324
31319,31320,31325
31326,31327,NA
31329,31330,31331
31329,31330,31332
31333,31334,31335
31333,74481,31335
31333,74484,31335
31333,31334,31338
31333,74481,31338
31333,74484,31338
31333,31334,31339
31333,74481,31339
31333,74484,31339
31333,31334,31340
31333,74481,31340
31333,74484,31340
31333,31334,31341
31333,74481,31341
31333,74484,31341
31333,31334,31342
31333,74481,31342
31333,74484,31342
31333,31334,70732
31333,74481,70732
31333,74484,70732
31333,31334,74488
31333,74481,74488
31333,74484,74488
31333,31334,74493
31333,74481,74493
31333,74484,74493
31343,31344,NA
31345,31346,31347
31350,31351,31352
31353,31354,NA
31355,31356,31357
31355,31356,31358
31355,31356,31359
31360,31361,31363
31360,31361,31367
31368,31369,31372
31368,31369,31374
31368,31369,31375
31368,31369,31376
31368,31369,31377
31378,31379,31381
31378,31380,31381
31378,31379,31384
31378,31380,31384
31378,31379,31386
31378,31380,31386
31378,31379,31388
31378,31380,31388
31378,31379,31390
31378,31380,31390
31378,31379,76963
31378,31380,76963
31378,31379,31392
31378,31380,31392
31378,31379,31394
31378,31380,31394
31378,31379,31396
31378,31380,31396
31378,31379,31398
31378,31380,31398
31378,31379,31399
31378,31380,31399
31378,31379,31402
31378,31380,31402
31378,31379,31404
31378,31380,31404
31378,31379,31406
31378,31380,31406
31378,31379,31407
31378,31380,31407
31378,31379,31409
31378,31380,31409
31378,31379,31411
31378,31380,31411
31413,31414,31417
31413,31414,31418
31413,31414,31420
31413,31414,31421
31413,31414,31423
31413,31414,31425
31413,31414,31427
31428,31429,31430
31428,31429,31431
31428,31429,31432
31428,31429,31434
31436,31437,NA
31438,31439,31440
31438,31439,31441
31438,31439,31442
31438,31439,31443
31438,31439,31444
31438,31439,31445
31438,31439,31447
31449,31451,NA
31452,31453,31454
31463,31464,NA
31465,31467,31469
31465,31468,31469
31465,31467,31471
31465,31468,31471
31465,31467,31472
31465,31468,31472
31465,31467,31473
31465,31468,31473
31474,31475,NA
31476,31477,31480
31482,31484,31487
31482,31485,31487
31482,31484,31489
31482,31485,31489
31490,31491,NA
31492,31493,NA
31494,31496,76119
31497,31498,76545
31499,31500,31501
31502,31503,NA
31504,31505,31506
31504,31505,31507
31510,31511,31512
31510,31511,31513
31510,31511,31514
31510,31511,31516
31518,31519,31520
31522,31523,NA
31524,31525,NA
31526,31527,NA
31528,31529,NA
31530,31531,31532
31534,31535,31537
31534,31536,31537
31534,31535,31539
31534,31536,31539
31541,31542,31543
31541,31542,31544
31541,31542,31546
31547,31548,31549
31550,31551,31552
31553,31554,31555
31553,31554,31556
31553,31554,31557
31558,31559,31560
31561,31562,31563
31566,31567,NA
31568,31570,NA
31571,31572,NA
31573,31574,NA
31575,31577,31578
31579,31580,31581
31579,31580,31583
31584,31585,NA
31586,31587,NA
31588,31589,NA
31590,31591,NA
31592,31593,31594
31592,31593,31597
31592,31593,31599
31592,31593,31600
31592,31593,31602
31603,31604,31605
31603,31604,31608
31603,31604,31609
31603,31604,31610
31603,31604,31611
31612,31613,NA
31614,31615,NA
31616,31617,NA
31618,31619,NA
31620,31621,NA
31622,31623,31624
31626,31627,31628
31629,73010,31631
31629,73010,31633
31629,73010,31634
31629,73010,31635
31629,73010,31636
31629,73010,31638
31629,73010,31639
31640,31641,NA
31642,31643,31645
31642,31644,31645
31642,31643,31646
31642,31644,31646
31642,31643,31648
31642,31644,31648
31642,31643,31650
31642,31644,31650
31651,31652,NA
31653,31654,31655
31656,31657,NA
31658,31659,NA
31660,31661,NA
31662,31663,31664
31662,31663,31665
31662,31663,31666
31667,31668,31669
31667,31668,31670
31672,31673,31674
31676,31677,31678
31679,31681,NA
31682,31684,31685
31682,31684,31686
31682,31684,31688
31682,31684,31690
31682,31684,31694
31697,31698,31699
31697,31698,31701
31697,31698,31703
31697,31698,31705
31697,31698,31707
31697,31698,31709
31710,31712,NA
31714,31715,NA
31717,31718,31719
31717,31718,31720
31717,31718,31722
31717,31718,31723
31717,31718,31724
31725,31726,31727
31725,31726,31729
31730,31732,31733
31735,31736,NA
31737,31738,NA
31739,31740,31743
31739,31741,31743
31739,31742,31743
31739,31740,31744
31739,31741,31744
31739,31742,31744
31745,31746,31747
31745,31746,31749
31745,31746,31750
31751,31752,NA
31754,31755,31756
31754,31755,31759
31754,31755,31761
31763,31764,31765
31763,31764,31766
31768,31769,31770
31774,31775,31776
31774,31775,31778
31774,31775,31780
31774,31775,31782
31774,31775,31783
31774,31775,31784
31786,31787,NA
31788,31789,NA
31790,31792,NA
31793,31794,NA
31795,31797,31799
31795,31798,31799
31800,31801,NA
31802,31803,31804
31802,31803,31805
31802,31803,31807
31802,31803,31808
31802,31803,31809
31802,31803,31811
31802,31803,31812
31813,31814,31815
31816,31817,31819
31816,31818,31819
31816,31817,31821
31816,31818,31821
31816,31817,31822
31816,31818,31822
31816,31817,31823
31816,31818,31823
31824,31825,NA
31826,31827,NA
31828,31830,NA
31831,31832,31833
31835,31836,NA
31837,31838,NA
31839,31840,31842
31844,31845,31846
31844,77390,31846
31844,31845,31847
31844,77390,31847
31844,31845,31849
31844,77390,31849
31844,31845,31850
31844,77390,31850
31844,31845,31852
31844,77390,31852
31844,31845,31853
31844,77390,31853
31844,31845,31854
31844,77390,31854
31856,31857,NA
31858,31859,31861
31858,31860,31861
31858,31859,31864
31858,31860,31864
31858,31859,31866
31858,31860,31866
31858,31859,31867
31858,31860,31867
31858,31859,31868
31858,31860,31868
31858,31859,31870
31858,31860,31870
31858,31859,31872
31858,31860,31872
31873,31875,31876
31877,31878,NA
31879,31880,NA
31881,31883,NA
31884,31885,NA
31886,31887,31888
31886,31887,31889
31886,31887,31892
31895,31896,NA
31897,31898,NA
31899,31900,NA
31901,31902,31903
31901,31902,31904
31905,31906,31907
31905,31906,31908
31912,31913,NA
31914,31915,31916
31917,31919,31920
31922,31924,31925
31926,31927,NA
31928,31929,31930
31928,31929,31931
31928,31929,31932
31933,31934,31935
31936,31938,NA
31939,31940,31941
31939,31940,31944
31939,31940,31945
31939,31940,31946
31939,31940,31947
31953,31954,31955
31953,31954,31956
31957,31958,NA
31959,31960,NA
31961,31962,31963
31961,31962,31964
31961,31962,70140
31965,31966,31967
31965,31966,31968
31969,31970,NA
31971,31972,31973
31971,31972,31974
31971,31972,31975
31971,31972,70173
31978,31979,NA
31980,31981,NA
31982,31983,NA
31984,31985,NA
31986,31987,31989
31986,31988,31989
31986,31987,31991
31986,31988,31991
31986,31987,31993
31986,31988,31993
31986,31987,31994
31986,31988,31994
31995,31996,31997
31998,31999,32001
32003,32004,NA
32005,32006,NA
32007,32008,NA
32009,32010,32013
32009,32012,32013
32009,32010,32015
32009,32012,32015
32009,32010,73141
32009,32012,73141
32016,32017,NA
32018,32019,NA
32020,32021,NA
32022,32023,32024
32022,32023,32025
32026,32027,NA
32028,32030,NA
32031,32032,32033
32034,32036,NA
32037,32038,NA
32039,32040,32041
32039,32040,32043
32039,32040,32045
32039,32040,32046
32039,32040,32048
32039,32040,32049
32039,32040,32051
32052,32053,NA
32054,32055,NA
32056,32057,NA
32058,32059,32060
32058,32059,32062
32058,32059,32064
32058,32059,32066
32058,32059,32068
32058,32059,32070
32058,32059,32071
32058,32059,32072
32058,32059,32074
32075,32076,32077
32075,32076,32078
32075,32076,32079
32075,32076,32081
32075,32076,32083
32084,32086,32087
32084,32086,76824
32088,32089,NA
32090,32091,NA
32092,32093,NA
32094,32095,NA
32096,32097,73401
32098,32099,32100
32098,32099,32101
32098,32099,32102
32098,32099,32103
32105,32106,32107
32105,32106,32109
32110,32111,32112
32114,32115,NA
32116,32117,NA
32118,32119,32120
32121,32122,32123
32121,32122,32124
32121,32122,32126
32121,32122,32128
32121,32122,32130
32121,32122,32131
32121,32122,32132
32121,32122,32133
32121,32122,32135
32121,32122,32136
32121,32122,32137
32121,32122,32138
32121,32122,32139
32121,32122,32140
32121,32122,32141
32121,32122,32143
32121,32122,32145
32121,32122,32146
32148,32149,32150
32148,32149,32152
32148,32149,32153
32154,32155,32156
32154,32155,32158
32154,32155,32160
32154,32155,32162
32154,32155,32164
32154,32155,32166
32167,32168,32169
32167,32168,32171
32167,32168,32173
32175,32176,NA
32177,32178,32179
32180,32181,32182
32180,32181,32183
32180,32181,32184
32180,32181,32185
32186,32187,NA
32188,32189,32190
32188,32189,32193
32188,32189,32195
32188,32189,32197
32188,32189,32199
32188,32189,32202
32188,32189,32204
32206,32207,32208
32209,32210,NA
32211,32212,32213
32214,32215,NA
32216,32217,32218
32216,32217,32219
32220,32221,NA
32222,32223,32226
32222,32225,32226
32227,32228,32229
32227,32228,32230
32232,32233,32234
32232,32233,32235
32232,32233,32236
32237,32238,32239
32240,32243,32244
32246,32247,NA
32248,32249,32250
32248,32249,32251
32248,32249,32252
32248,32249,32253
32257,32258,32260
32257,32259,32260
32257,32258,32261
32257,32259,32261
32257,32258,32262
32257,32259,32262
32257,32258,32263
32257,32259,32263
32257,32258,32264
32257,32259,32264
32257,32258,32265
32257,32259,32265
32266,32267,NA
32268,32269,NA
32270,32271,NA
32272,32273,NA
32274,32275,32276
32277,32278,32279
32277,32278,32282
32277,32278,32283
32277,32278,32285
32277,32278,73121
32286,32287,NA
32288,32289,32290
32291,32292,32293
32294,32295,NA
32296,32297,32298
32296,32297,32300
32296,32297,32302
32296,32297,32304
32305,32308,32309
32305,32308,32312
32305,32308,73930
32313,32315,NA
32316,32317,32318
32316,32317,32319
32316,32317,32320
32316,32317,32321
32316,32317,32323
32316,32317,32324
32316,32317,76155
32325,32326,32327
32325,32326,32328
32329,32330,32331
32329,32330,32332
32329,32330,32334
32329,32330,32335
32336,32337,NA
32338,32339,32340
32342,32343,NA
32344,32345,NA
32346,32347,32350
32351,32352,32353
32351,32352,32355
32351,32352,32356
32351,32352,32357
32358,32359,NA
32360,32361,32362
32363,32364,NA
32365,32366,NA
32367,32368,NA
32370,32371,NA
32372,32373,32374
32372,32373,32380
32372,32373,32383
32372,32373,32386
32372,32373,32387
32372,32373,32391
32372,32373,32395
32376,32378,32379
32376,32378,32381
32376,32378,32382
32376,32378,32385
32389,32392,32394
32397,32398,32399
32397,32398,32400
32401,32402,32403
32406,32407,NA
32408,32409,NA
32410,32414,32415
32410,32414,32416
32410,32414,32417
32410,32414,32418
32410,32414,32419
32421,32422,32423
32425,32426,32429
32430,32432,32433
32434,32435,32436
32444,32445,NA
32446,32447,32448
32446,32447,32453
32446,32447,32456
32457,32458,32459
32457,32458,32460
32457,32458,32462
32457,32458,32463
32457,32458,32465
32466,32467,32468
32466,32467,32469
32470,32471,32474
32470,32472,32474
32470,32473,32474
32470,32471,32475
32470,32472,32475
32470,32473,32475
32470,32471,32478
32470,32472,32478
32470,32473,32478
32470,32471,32479
32470,32472,32479
32470,32473,32479
32470,32471,32480
32470,32472,32480
32470,32473,32480
32470,32471,32550
32470,32472,32550
32470,32473,32550
32470,32471,32483
32470,32472,32483
32470,32473,32483
32484,32486,32487
32484,32486,32488
32484,32486,32489
32484,32486,32490
32484,32486,32491
32484,32486,32493
32484,32486,32495
32496,32497,32498
32499,32500,NA
32501,32502,32503
32505,32506,32507
32505,32506,32509
32511,32512,32514
32515,32516,NA
32517,32518,NA
32519,32520,32521
32519,32520,32522
32519,32520,32524
32525,32526,NA
32527,32608,NA
32529,32530,32531
32532,32533,32534
32532,32533,32535
32532,32533,32537
32532,32533,69818
32538,32539,NA
32540,32541,NA
32542,32543,32544
32542,32543,32545
32542,32543,32546
32542,32543,32547
32542,32543,32548
32549,32552,NA
32553,32554,NA
32555,32556,32557
32558,32560,NA
32561,32562,32563
32564,32565,32567
32564,32566,32567
32564,32565,32570
32564,32566,32570
32564,32565,32572
32564,32566,32572
32564,32565,32574
32564,32566,32574
32564,32565,32575
32564,32566,32575
32564,32565,32577
32564,32566,32577
32564,32565,32579
32564,32566,32579
32581,32582,NA
32583,NA,32584
32583,NA,32586
32588,32592,32593
32588,32592,32595
32588,32592,32597
32588,32592,32598
32588,32592,32600
32588,32592,32602
32588,32592,32603
32588,32592,32606
32609,32610,32612
32609,32611,32612
32609,77459,32612
32609,32610,32613
32609,32611,32613
32609,77459,32613
32609,32610,32614
32609,32611,32614
32609,77459,32614
32609,32610,32615
32609,32611,32615
32609,77459,32615
32616,32617,32619
32616,32618,32619
32616,32617,32620
32616,32618,32620
32622,32624,32625
32622,32624,32626
32622,32624,32628
32622,32624,32629
32622,32624,72319
32631,32632,NA
32633,32634,NA
32635,32636,32638
32635,32637,32638
32635,32636,32639
32635,32637,32639
32635,32636,32640
32635,32637,32640
32641,32642,NA
32643,32644,32647
32643,32644,32648
32643,32644,32650
32643,32644,32652
32654,32655,NA
32656,32657,32658
32656,32657,32659
32661,32662,32663
32664,32665,32671
32672,32673,32675
32674,32677,32678
32674,32677,32679
32674,32677,32682
32674,32677,32688
32674,32677,32689
32681,32683,32685
32681,32683,32686
32691,32693,NA
32694,32696,NA
32695,32701,NA
32697,32698,NA
32700,NA,NA
32702,32704,NA
32703,32706,NA
32705,32718,NA
32708,32709,32710
32711,32713,32714
32715,32716,32717
32715,32716,32719
32715,32716,32720
32715,32716,32721
32715,32716,32727
32723,32724,NA
32725,32729,32734
32730,32731,32732
32736,32737,32739
32736,32737,32741
32736,32737,32744
32738,32740,NA
32743,32745,NA
32746,32747,NA
32748,32750,32751
32748,32750,32753
32748,32750,32754
32748,32750,32756
32749,32752,NA
32755,32757,32760
32755,32759,32760
32755,32757,32761
32755,32759,32761
32755,32757,32765
32755,32759,32765
32755,32757,32768
32755,32759,32768
32755,32757,32773
32755,32759,32773
32758,32763,32766
32770,32771,32772
32770,32771,32774
32775,32776,32777
32775,32776,32778
32775,32776,32779
32775,32776,32780
32775,32776,69444
32781,32782,32784
32781,32782,32786
32781,32782,32788
32781,32782,32789
32781,32782,32796
32781,32782,32797
32783,32785,NA
32787,32790,32791
32793,32795,NA
32798,32799,32800
32802,32803,NA
32804,32805,NA
32806,32807,32811
32806,32810,32811
32806,32807,32812
32806,32810,32812
32806,32807,32814
32806,32810,32814
32806,32807,32816
32806,32810,32816
32817,32818,NA
32819,32820,32821
32823,32824,NA
32825,32826,NA
32827,32828,32833
32827,32829,32833
32827,32830,32833
32827,32831,32833
32827,32828,32834
32827,32829,32834
32827,32830,32834
32827,32831,32834
32835,32836,32839
32835,32838,32839
32835,32836,32840
32835,32838,32840
32835,32836,32841
32835,32838,32841
32835,32836,32842
32835,32838,32842
32835,32836,32843
32835,32838,32843
32835,32836,32844
32835,32838,32844
32835,32836,32845
32835,32838,32845
32835,32836,32846
32835,32838,32846
32835,32836,32847
32835,32838,32847
32835,32836,32848
32835,32838,32848
32849,32851,32852
32853,32854,32857
32853,32855,32857
32853,32856,32857
32853,32854,32858
32853,32855,32858
32853,32856,32858
32853,32854,32860
32853,32855,32860
32853,32856,32860
32853,32854,32861
32853,32855,32861
32853,32856,32861
32853,32854,32862
32853,32855,32862
32853,32856,32862
32863,32864,NA
32865,32866,32868
32865,32867,32868
32865,32866,32869
32865,32867,32869
32865,32866,32870
32865,32867,32870
32865,32866,32871
32865,32867,32871
32872,32874,32875
32876,32877,NA
32878,32879,32881
32878,32880,32881
32878,32879,32882
32878,32880,32882
32878,32879,32885
32878,32880,32885
32878,32879,32886
32878,32880,32886
32878,32879,32889
32878,32880,32889
32878,32879,32890
32878,32880,32890
32878,32879,32893
32878,32880,32893
32895,32896,32897
32895,32896,32898
32895,32896,32899
32895,32896,32900
32895,32896,32901
32895,32896,32903
32895,32896,32904
32906,32908,32909
32906,32908,32911
32906,32908,32913
32906,32908,32915
32906,32908,32917
32918,32919,32920
32918,32919,32923
32918,32919,32924
32918,32919,32925
32918,32919,32926
32918,32919,32927
32928,32929,32930
32928,32929,32931
32932,32933,32934
32935,32936,32937
32935,32936,32940
32935,32936,32941
32935,32936,32942
32943,32946,NA
32947,32949,NA
32950,32951,32952
32954,32955,32956
32954,32955,32958
32954,32955,73400
32960,32961,32962
32963,32964,NA
32965,32966,32967
32969,32970,32972
32969,32971,32972
32973,32974,32975
32973,32974,32977
32973,32974,32978
32973,32974,32980
32973,32974,32981
32973,32974,32983
32984,32985,32987
32984,32986,32987
32984,32985,32989
32984,32986,32989
32984,32985,76363
32984,32986,76363
32990,32992,32993
32990,32992,32994
32990,32992,32995
32990,32992,32996
32990,32992,32997
32990,32992,32999
32990,32992,33000
33002,33003,33004
33006,33007,NA
33008,33009,NA
33010,33011,NA
33012,33013,NA
33014,33015,NA
33016,33017,33018
33016,33017,33019
33020,33021,NA
33022,33023,NA
33024,33025,33026
33024,33025,33029
33024,33025,33031
33024,33025,33032
33024,33025,33034
33024,33025,33037
33024,33025,33039
33040,33041,33042
33040,33041,33044
33040,33041,33045
33040,33041,33046
33047,33048,NA
33049,33050,NA
33051,33052,NA
33053,33054,33055
33056,33057,NA
33058,33059,33062
33058,33060,33062
33058,33061,33062
33058,33059,33064
33058,33060,33064
33058,33061,33064
33058,33059,33066
33058,33060,33066
33058,33061,33066
33058,33059,33067
33058,33060,33067
33058,33061,33067
33058,33059,33068
33058,33060,33068
33058,33061,33068
33058,33059,77735
33058,33060,77735
33058,33061,77735
33069,33070,33071
33072,33073,33075
33072,33074,33075
33072,33073,69602
33072,33074,69602
33072,33073,73998
33072,33074,73998
33076,33077,33078
33080,33081,NA
33082,33083,33084
33085,33087,NA
33088,33089,33090
33088,33089,33091
33093,33094,NA
33095,33096,33097
33098,33099,33100
33102,33103,33104
33106,33107,33108
33110,33111,NA
33112,33113,NA
33114,33115,33116
33114,33115,33117
33114,33115,33118
33114,33115,33120
33114,33115,33122
33114,33115,33125
33114,33115,33126
33128,33129,NA
33130,33131,NA
33132,33133,NA
33134,33135,NA
33136,33137,33138
33136,33137,33140
33136,33137,33142
33143,33144,33147
33143,33144,33149
33151,33152,33153
33151,33152,33154
33155,33156,33157
33158,33159,NA
33160,33162,NA
33163,33164,NA
33165,33166,33167
33168,33169,NA
33170,33177,33178
33171,33172,33174
33173,33175,NA
33176,33180,33181
33182,33183,33186
33182,33183,33191
33184,33185,33187
33189,33190,NA
33192,33193,NA
33194,33195,33198
33196,33200,NA
33201,33204,33205
33201,33204,33207
33202,33203,NA
33209,33210,NA
33211,33212,33214
33211,33212,33216
33213,33215,NA
33217,33219,NA
33218,33220,NA
33221,33223,NA
33222,33224,NA
33225,33226,NA
33227,33229,33237
33227,33235,33237
33228,33230,33232
33236,33238,33239
33241,33242,33243
33241,33242,33247
33241,33242,33249
33241,33242,33252
33241,33242,33254
33241,33242,33258
33245,33246,33248
33250,33251,NA
33255,33256,33257
33255,33256,33261
33255,33256,33262
33255,33256,33263
33255,33256,33265
33266,33268,33269
33266,33268,33270
33271,33272,33273
33271,33272,33274
33271,33272,33276
33271,33272,33278
33279,33282,33283
33279,33282,33284
33279,33282,33285
33279,33282,33286
33279,33282,33289
33279,33282,33290
33279,33282,33292
33287,33288,33291
33293,33294,33295
33293,33294,33296
33297,33298,NA
33299,33300,NA
33301,33302,33304
33301,33302,33306
33303,33305,33307
33308,33310,NA
33309,33311,NA
33312,33313,NA
33314,33315,NA
33316,33317,69809
33318,33319,33320
33318,33319,33321
33322,33323,NA
33324,33325,33326
33327,33328,NA
33329,33330,33331
33329,33330,33333
33329,33330,33335
33329,33330,33336
33329,33330,33337
33329,33330,33339
33329,33330,33341
33329,33330,33344
33346,33347,33348
33346,33347,33349
33350,33351,33352
33350,33351,33353
33350,33351,33354
33356,33358,33359
33356,33358,33361
33356,33358,33364
33356,33358,33366
33356,33358,33367
33356,33358,70188
33370,33371,NA
33372,33373,NA
33374,33375,NA
33376,33377,NA
33378,33379,33380
33382,33383,33384
33386,33387,33392
33386,33388,33392
33386,33387,33393
33386,33388,33393
33386,33387,33395
33386,33388,33395
33386,33387,33396
33386,33388,33396
33386,33387,33398
33386,33388,33398
33386,33387,33399
33386,33388,33399
33386,33387,33402
33386,33388,33402
33386,33387,33405
33386,33388,33405
33406,33407,NA
33408,33409,33410
33408,33409,33412
33413,33414,NA
33415,33416,33417
33415,33416,70133
33418,33419,33420
33418,33419,33422
33418,33419,33423
33418,33419,33426
33418,33419,33427
33418,33419,70146
33428,33429,NA
33430,33431,33432
33436,33437,NA
33438,33439,NA
33440,33441,NA
33442,33443,NA
33444,33445,NA
33446,33447,NA
33448,33450,33451
33452,33453,NA
33454,33455,33457
33454,33456,33457
33454,33455,33458
33454,33456,33458
33454,33455,33459
33454,33456,33459
33454,33455,33460
33454,33456,33460
33454,33455,33461
33454,33456,33461
33454,33455,33462
33454,33456,33462
33463,33464,33465
33463,33464,33466
33463,33464,33467
33463,33464,33468
33469,33471,NA
33472,33473,33474
33472,33473,33475
33476,33477,33479
33476,33478,33479
33476,33477,33481
33476,33478,33481
33476,33477,33482
33476,33478,33482
33476,33477,33483
33476,33478,33483
33476,33477,33485
33476,33478,33485
33476,33477,33487
33476,33478,33487
33488,33489,NA
33490,33491,33492
33490,33491,33494
33490,33491,33495
33490,33491,33497
33490,33491,33498
33499,33500,33501
33499,33500,33503
33499,33500,33505
33506,33507,NA
33508,33509,33510
33508,33509,33511
33508,33509,33513
33508,33509,33514
33515,33516,NA
33517,33518,NA
33519,33520,NA
33521,33522,NA
33523,33524,NA
33525,33526,NA
33527,33528,NA
33529,33530,33535
33529,33531,33535
33529,33532,33535
33529,33533,33535
33529,33530,33536
33529,33531,33536
33529,33532,33536
33529,33533,33536
33529,33530,33538
33529,33531,33538
33529,33532,33538
33529,33533,33538
33529,33530,33540
33529,33531,33540
33529,33532,33540
33529,33533,33540
33542,33543,33544
33545,33546,33547
33548,33549,NA
33550,33551,NA
33552,43728,33554
33552,43730,33554
33555,33556,NA
33557,33558,NA
33559,33560,NA
33561,33562,33564
33561,33563,33564
33561,33562,33565
33561,33563,33565
33561,33562,33566
33561,33563,33566
33567,33568,33570
33567,33568,33571
33567,33568,33572
33573,33574,33575
33577,33578,33579
33580,33581,33582
33583,33584,33586
33583,76881,33586
33583,33585,33586
33583,33584,33587
33583,76881,33587
33583,33585,33587
33583,33584,33590
33583,76881,33590
33583,33585,33590
33583,33584,33592
33583,76881,33592
33583,33585,33592
33583,33584,33594
33583,76881,33594
33583,33585,33594
33583,33584,33596
33583,76881,33596
33583,33585,33596
33583,33584,33598
33583,76881,33598
33583,33585,33598
33583,33584,33599
33583,76881,33599
33583,33585,33599
33583,33584,33600
33583,76881,33600
33583,33585,33600
33583,33584,33602
33583,76881,33602
33583,33585,33602
33583,33584,76885
33583,76881,76885
33583,33585,76885
33583,33584,76888
33583,76881,76888
33583,33585,76888
33583,33584,76890
33583,76881,76890
33583,33585,76890
33603,33605,NA
33606,33607,33608
33606,33607,72465
33609,33610,33613
33609,33610,33615
33609,33610,33617
33609,33610,33619
33609,33610,33621
33609,33610,33623
33609,33610,33625
33627,33628,NA
33629,33630,33631
33632,33633,33634
33632,33633,33637
33632,33633,33640
33632,33633,33641
33632,33633,33643
33632,33633,33644
33632,33633,33645
33632,33633,33646
33647,33648,33650
33647,33648,33651
33647,33648,33653
33647,33648,33654
33656,33657,33659
33656,77406,33659
33656,33657,33660
33656,77406,33660
33656,33657,33661
33656,77406,33661
33656,33657,33662
33656,77406,33662
33656,33657,33664
33656,77406,33664
33656,33657,33666
33656,77406,33666
33656,33657,77407
33656,77406,77407
33668,33669,NA
33670,33671,33672
33670,33671,33673
33674,33675,33676
33678,33679,33680
33681,33682,33683
33684,33685,33686
33684,33685,33688
33684,33685,33689
33690,33691,33692
33694,33698,33699
33694,33698,33702
33694,33698,33704
33694,33698,33706
33708,33709,NA
33710,33711,33712
33713,33714,NA
33715,33716,NA
33717,33718,NA
33719,33720,33721
33719,33720,33723
33725,33727,NA
33728,33729,33734
33728,33731,33734
33728,33733,33734
33735,33737,NA
33738,33739,NA
33740,33741,33742
33740,33741,33744
33740,33741,33746
33740,33741,33748
33740,33741,33750
33751,33752,33753
33751,33752,33755
33751,33752,33756
33757,33758,NA
33759,33760,69815
33761,33762,33763
33761,33762,33764
33765,33766,33767
33765,73620,33767
33765,33766,33768
33765,73620,33768
33765,33766,33769
33765,73620,33769
33765,33766,33770
33765,73620,33770
33765,33766,33772
33765,73620,33772
33765,33766,33773
33765,73620,33773
33765,33766,33777
33765,73620,33777
33774,33779,33781
33778,33780,33782
33783,33785,NA
33784,33787,NA
33786,33788,33790
33786,33788,33794
33786,33788,33796
33786,33788,33800
33786,33788,33801
33786,33788,33804
33786,33788,33806
33789,33792,NA
33793,33795,NA
33798,33799,NA
33803,33808,NA
33809,33812,NA
33810,33813,33814
33815,33816,NA
33817,33819,NA
33818,33822,33828
33818,33826,33828
33818,33822,33841
33818,33826,33841
33818,33822,33848
33818,33826,33848
33820,33821,NA
33823,33824,33825
33830,33831,33832
33830,33831,33833
33830,33831,33837
33838,33839,NA
33840,33842,NA
33843,33844,NA
33846,33847,NA
33849,33851,33857
33849,33852,33857
33849,33851,33858
33849,33852,33858
33849,33851,33860
33849,33852,33860
33849,33851,33861
33849,33852,33861
33849,33851,33862
33849,33852,33862
33849,33851,33863
33849,33852,33863
33853,33854,NA
33855,33856,NA
33864,33865,NA
33866,33867,NA
33868,33869,33870
33871,33872,33873
33874,33875,NA
33876,33878,33879
33880,33881,NA
33882,33883,NA
33884,33885,33886
33887,33888,33889
33890,33891,NA
33892,33893,NA
33894,33895,NA
33896,33897,33899
33896,33897,73186
33901,33902,NA
33903,33904,33905
33907,33908,NA
33909,33910,33911
33909,33910,33913
33909,33910,33915
33909,33910,33916
33909,33910,33918
33909,33910,33919
33909,33910,33920
33922,33923,33924
33922,33923,33926
33922,33923,33927
33928,33929,NA
33930,33931,33932
33930,33931,33934
33930,33931,33935
33930,33931,70423
33937,33938,NA
33939,33940,NA
33941,33942,33943
33944,33945,NA
33946,33947,33952
33946,33948,33952
33946,33950,33952
33946,33951,33952
33946,33947,33953
33946,33948,33953
33946,33950,33953
33946,33951,33953
33946,33947,33954
33946,33948,33954
33946,33950,33954
33946,33951,33954
33946,33947,33955
33946,33948,33955
33946,33950,33955
33946,33951,33955
33946,33947,33956
33946,33948,33956
33946,33950,33956
33946,33951,33956
33946,33947,33957
33946,33948,33957
33946,33950,33957
33946,33951,33957
33946,33947,33958
33946,33948,33958
33946,33950,33958
33946,33951,33958
33946,33947,33960
33946,33948,33960
33946,33950,33960
33946,33951,33960
33946,33947,33962
33946,33948,33962
33946,33950,33962
33946,33951,33962
33965,33966,33967
33965,33966,33968
33965,33966,33969
33965,33966,33970
33965,33966,33971
33972,33973,33974
33972,33973,33976
33972,33973,33978
33972,33973,33980
33972,33973,33981
33972,33973,33982
33983,33984,NA
33985,33986,NA
33987,33988,33989
33991,33993,33994
33991,33993,33995
33991,33993,33996
33991,33993,33997
33998,33999,34000
33998,33999,34001
33998,33999,34003
33998,33999,34007
33998,33999,34009
34002,34006,NA
34010,34011,NA
34012,34015,NA
34014,34017,34028
34016,34018,34019
34022,34023,34024
34022,34023,34026
34029,34032,NA
34030,34031,34042
34030,34033,34042
34030,34036,34042
34030,34039,34042
34030,34031,34044
34030,34033,34044
34030,34036,34044
34030,34039,34044
34030,34031,34047
34030,34033,34047
34030,34036,34047
34030,34039,34047
34030,34031,34049
34030,34033,34049
34030,34036,34049
34030,34039,34049
34034,34035,NA
34037,34038,NA
34040,34041,NA
34043,34045,NA
34046,34048,34050
34052,34054,NA
34053,34056,NA
34055,34057,34058
34060,34061,NA
34062,34064,34066
34063,34065,NA
34067,34071,NA
34069,34070,NA
34072,34073,NA
34074,34076,34077
34074,34076,34079
34074,34076,34080
34074,34076,34081
34074,34076,34082
34074,34076,34083
34075,34078,NA
34085,34086,34087
34088,34089,NA
34090,34091,34092
34093,34094,34095
34093,34094,34097
34093,34094,34098
34100,34101,34102
34100,34101,34103
34100,34101,34105
34100,34101,34106
34100,34101,34107
34100,34101,34108
34100,34101,69373
34100,34101,77616
34110,34111,NA
34112,34113,NA
34114,34115,NA
34116,34118,NA
34119,34120,NA
34121,34122,34123
34124,34125,34126
34124,34125,34127
34124,34125,34129
34124,34125,34130
34124,34125,34131
34124,34125,34133
34124,34125,34135
34124,34125,34137
34124,34125,74063
34134,34136,34142
34134,34138,34142
34134,34136,34143
34134,34138,34143
34134,34136,34144
34134,34138,34144
34134,34136,74002
34134,34138,74002
34139,34140,NA
34141,34149,34152
34145,34146,34148
34145,34146,34150
34145,34146,34153
34145,34146,34162
34145,34146,34163
34155,34156,34159
34155,34157,34159
34155,34156,34160
34155,34157,34160
34155,34156,34161
34155,34157,34161
34155,34156,34164
34155,34157,34164
34155,34156,34165
34155,34157,34165
34166,34168,34170
34167,34169,76458
34171,34172,34173
34171,34172,37835
34171,34172,37837
34171,34172,37839
34171,34172,37840
34171,34172,37842
34177,34178,NA
34179,34182,34183
34179,34182,34185
34180,34181,75531
34186,34187,NA
34188,34189,NA
34190,34191,NA
34192,34193,34194
34195,34197,NA
34198,34199,34200
34201,34202,NA
34203,34205,34209
34203,34207,34209
34203,34205,34211
34203,34207,34211
34203,34205,34213
34203,34207,34213
34204,34206,34208
34212,34214,34215
34216,34217,NA
34218,34219,NA
34220,34221,NA
34222,34224,NA
34223,34225,34230
34223,34225,34231
34223,34225,34234
34226,34227,NA
34228,34233,34235
34228,34233,34237
34228,34233,34238
34236,34245,73105
34240,34241,34242
34240,34241,34243
34240,34241,34244
34246,34247,NA
34248,34249,NA
34250,34251,NA
34252,34253,NA
34254,34255,34256
34254,34255,34258
34254,34255,34261
34254,34255,34263
34254,34255,34264
34254,34255,34266
34254,34255,34268
34269,34270,NA
34271,34272,NA
34273,34274,NA
34276,34277,NA
34278,34279,NA
34280,34281,34282
34283,34284,NA
34285,34287,NA
34288,34289,NA
34290,34291,NA
34292,34293,NA
34294,34296,34297
34294,34296,34299
34294,34296,34300
34294,34296,34301
34302,34303,34305
34302,34304,34305
34302,34303,34306
34302,34304,34306
34302,34303,34307
34302,34304,34307
34302,34303,34309
34302,34304,34309
34310,34312,NA
34313,34314,34316
34313,34315,34316
34313,34314,34318
34313,34315,34318
34313,34314,34320
34313,34315,34320
34321,34322,34323
34321,34322,34324
34325,34326,34327
34325,34326,34330
34325,34326,34332
34334,34335,34336
34337,34338,34339
34340,34341,34342
34343,34344,34346
34343,34345,34346
34343,34344,34348
34343,34345,34348
34343,34344,34350
34343,34345,34350
34351,34352,34353
34354,34355,NA
34356,34357,NA
34358,34359,NA
34360,34361,NA
34362,34363,34365
34362,34364,34365
34366,34367,34369
34366,34367,34370
34366,34367,34372
34366,34367,34373
34366,34367,34374
34366,34367,34376
34377,34378,34379
34377,34378,34380
34377,34378,34382
34384,34385,34386
34384,34385,34387
34384,34385,34388
34384,34385,34389
34391,34392,NA
34393,34394,NA
34396,34397,34398
34399,34400,NA
34401,34402,NA
34404,34405,34406
34407,34408,NA
34409,34410,NA
34411,34413,NA
34414,34415,NA
34416,34417,NA
34418,34419,NA
34420,34421,34422
34420,34421,34423
34420,34421,34425
34420,34421,34427
34420,34421,34428
34420,34421,34429
34420,34421,34431
34420,34421,34432
34420,34421,34433
34420,34421,70407
34435,34436,34437
34435,34436,34439
34441,34442,NA
34443,34444,34445
34446,34447,34448
34446,34447,34449
34450,34451,NA
34453,34454,34455
34453,34454,34456
34453,34454,34457
34453,34454,34458
34459,34460,34461
34459,34460,34462
34464,34465,NA
34466,34467,34469
34466,34467,34471
34466,34467,34473
34466,34467,34476
34466,34467,34478
34480,34481,NA
34482,34483,34484
34487,34488,34489
34491,34492,NA
34493,34494,NA
34496,34497,NA
34498,34499,34500
34498,34499,34501
34502,34503,NA
34504,34505,34506
34508,34509,34510
34508,34509,34512
34508,34509,34514
34508,34509,34515
34508,34509,34517
34508,34509,34518
34508,34509,34519
34508,34509,70444
34521,34522,NA
34523,34524,34525
34526,34527,NA
34528,34529,34530
34528,34529,34531
34528,34529,34532
34528,34529,34533
34528,34529,34534
34536,34537,34538
34540,34541,34542
34543,34544,34545
34546,34547,34548
34546,34547,34549
34546,34547,34552
34546,34547,34554
34546,34547,34555
34546,34547,34557
34558,34559,NA
34560,34561,NA
34562,34563,NA
34564,34565,NA
34566,34567,NA
34568,34570,34571
34568,34570,34572
34568,34570,34575
34568,34570,34577
34568,34570,34579
34569,34580,34582
34569,34580,34587
34569,34580,34588
34569,34580,34590
34569,34580,34592
34569,34580,34598
34581,34583,NA
34585,34589,34591
34585,34589,34593
34595,34596,34597
34600,34604,NA
34601,34603,NA
34605,34606,NA
34607,34608,34609
34610,34612,34613
34610,34612,34615
34610,34612,34617
34610,34612,34619
34610,34612,34620
34610,34612,34622
34610,34612,34624
34610,34612,34626
34628,34629,34630
34632,34633,NA
34634,34635,NA
34636,34637,70443
34638,34639,34640
34638,34639,34641
34638,34639,34644
34638,34639,34645
34638,34639,34648
34638,34639,34649
34650,34651,NA
34652,34653,NA
34654,34655,34656
34654,34655,34658
34654,34655,34660
34654,34655,34664
34654,34655,34666
34654,34655,34669
34654,34655,77501
34665,34667,NA
34668,34670,34671
34668,34670,34677
34668,34670,34679
34668,34670,34684
34668,34670,34686
34668,34670,34687
34668,34670,34690
34668,34670,34694
34668,34670,34696
34673,34676,NA
34681,34683,NA
34688,34689,34691
34698,34699,34700
34701,34702,34703
34701,34702,34705
34707,34708,34709
34710,34712,34713
34710,34712,34715
34710,34712,34717
34710,34712,34719
34721,34722,34723
34721,34722,34726
34725,34728,34730
34725,34728,34733
34725,34728,34735
34725,34728,34737
34727,34729,34731
34727,34729,34734
34727,34729,34736
34727,34729,34738
34727,34729,34739
34742,34743,NA
34744,34746,NA
34744,34747,NA
34748,34749,NA
34750,34751,NA
34759,34760,34761
34759,34760,34762
34759,34760,34763
34759,34760,34764
34759,34760,34767
34759,34760,34768
34769,34770,NA
34771,34772,34773
34774,34775,NA
34776,34777,NA
34776,34778,NA
34779,34781,NA
34782,34783,NA
34784,34785,75988
34784,34785,75990
34784,34785,75992
34784,34785,75994
34784,34785,75996
34784,34785,75997
34784,34785,75998
34784,34785,75999
34784,34785,76000
34784,34785,76002
34784,34785,76004
34784,34785,76006
34784,34785,76009
34784,34785,76010
34784,34785,76011
34784,34785,76013
34784,34785,76014
34784,34785,76016
34786,34787,34788
34786,34787,34789
34786,34787,34790
34791,34792,34793
34794,34795,NA
34796,34798,NA
34799,34800,34801
34799,34800,34802
34799,34800,34805
34799,34800,34806
34807,34808,NA
34809,34810,34811
34813,34814,NA
34815,34816,NA
34818,34819,34820
34823,34824,NA
34825,34828,34829
34825,34828,34832
34833,34834,34835
34833,34834,34836
34833,34834,34838
34833,34834,34840
34842,34843,76610
34844,34845,34846
34847,34848,NA
34849,34850,NA
34851,34852,NA
34853,34854,NA
34855,34856,34857
34855,34856,34858
34859,34860,69689
34861,34862,34867
34861,34863,34867
34861,34864,34867
34861,34862,34868
34861,34863,34868
34861,34864,34868
34861,34862,34870
34861,34863,34870
34861,34864,34870
34861,34862,34873
34861,34863,34873
34861,34864,34873
34874,34875,NA
34876,34877,NA
34878,34879,NA
34880,34881,34882
34880,34881,34884
34880,34881,34885
34880,34881,34887
34888,34889,NA
34890,34891,34892
34890,34891,34893
34890,34891,34894
34895,34896,NA
34897,34898,76456
34899,34900,34905
34899,34901,34905
34899,34902,34905
34899,34900,34907
34899,34901,34907
34899,34902,34907
34908,34909,34910
34908,34909,34911
34908,34909,34912
34908,34909,34913
34908,34909,34914
34908,34909,34916
34908,34909,34918
34908,34909,75702
34919,34920,34923
34919,34921,34923
34919,34922,34923
34919,34920,34924
34919,34921,34924
34919,34922,34924
34919,34920,34926
34919,34921,34926
34919,34922,34926
34919,34920,34927
34919,34921,34927
34919,34922,34927
34919,34920,34929
34919,34921,34929
34919,34922,34929
34930,34932,NA
34933,34934,NA
34935,34936,34937
34938,34939,NA
34940,34941,34942
34940,34941,34944
34946,34947,NA
34948,34949,34950
34951,34952,NA
34953,34955,34956
34957,34958,34959
34957,34958,34961
34957,34958,34962
34957,34958,34963
34957,34958,70315
34967,34968,34969
34967,34968,34970
34967,34968,34972
34973,34974,34976
34973,34975,34976
34973,34974,34977
34973,34975,34977
34978,34979,34980
34978,34979,34981
34982,34983,34984
34986,34987,34989
34986,34988,34989
34986,34987,34991
34986,34988,34991
34992,34993,34994
34992,34993,34995
34992,34993,34997
34992,34993,34998
34992,34993,34999
34992,34993,35001
35002,35003,NA
35004,35005,NA
35006,35007,35008
35006,35007,35010
35012,35013,35014
35012,35013,35016
35012,35013,35018
35012,35013,35019
35012,35013,35021
35012,35013,35022
35012,35013,35024
35012,35013,35025
35012,35013,35027
35012,35013,70318
35028,35029,NA
35030,35031,NA
35032,35033,69786
35034,35035,NA
35036,35037,NA
35038,35039,35041
35038,35040,35041
35038,35039,35042
35038,35040,35042
35038,35039,35043
35038,35040,35043
35038,35039,35045
35038,35040,35045
35038,35039,35046
35038,35040,35046
35038,35039,35047
35038,35040,35047
35038,35039,35048
35038,35040,35048
35038,35039,35049
35038,35040,35049
35050,35051,NA
35052,35053,35055
35052,35054,35055
35052,35053,35056
35052,35054,35056
35052,35053,35057
35052,35054,35057
35052,35053,35058
35052,35054,35058
35052,35053,35059
35052,35054,35059
35052,35053,35061
35052,35054,35061
35052,35053,35062
35052,35054,35062
35052,35053,35064
35052,35054,35064
35052,35053,35065
35052,35054,35065
35066,35067,35068
35066,35067,35069
35066,35067,35071
35066,35067,35073
35066,35067,35075
35077,35078,35079
35077,35078,35080
35077,35078,35082
35077,35078,74992
35084,35085,NA
35086,35087,35088
35089,35090,35091
35092,35093,35094
35092,35093,70139
35095,35097,35098
35095,35097,35100
35095,35097,35101
35095,35097,35103
35106,35107,35108
35110,35111,NA
35112,35113,35114
35115,35116,35117
35119,35120,NA
35121,35122,35123
35125,35127,NA
35126,35128,35129
35126,35128,35134
35130,35131,NA
35137,35139,35141
35137,35140,35141
35137,35139,35144
35137,35140,35144
35137,35139,35146
35137,35140,35146
35137,35139,35148
35137,35140,35148
35137,35139,35149
35137,35140,35149
35137,35139,35150
35137,35140,35150
35151,35152,35153
35151,35152,76749
35154,35155,35156
35154,35155,35157
35154,35155,35159
35154,35155,35161
35154,35155,35162
35164,35165,35166
35164,35165,35168
35164,35165,35170
35164,35165,35171
35172,35173,NA
35174,35175,35177
35174,35176,35177
35174,35175,35179
35174,35176,35179
35174,35175,35182
35174,35176,35182
35174,35175,35186
35174,35176,35186
35174,35175,35190
35174,35176,35190
35174,35175,35192
35174,35176,35192
35178,35180,NA
35181,35183,35184
35181,35183,35185
35181,35183,35188
35181,35183,35191
35193,35194,NA
35195,35196,NA
35197,35198,NA
35199,35200,35201
35202,35203,35204
35202,35203,35205
35202,35203,35208
35209,35210,35211
35212,35213,NA
35214,35215,NA
35216,35217,NA
35218,35219,35220
35218,35219,44881
35218,35219,44883
35218,35219,44884
35222,35223,35225
35222,35223,35226
35228,35229,NA
35230,35231,NA
35232,35233,NA
35234,35235,NA
35236,35237,35239
35236,35238,35239
35236,35237,35240
35236,35238,35240
35236,35237,35241
35236,35238,35241
35236,35237,35242
35236,35238,35242
35243,35244,NA
35245,35246,NA
35247,35248,NA
35249,35250,NA
35251,35252,NA
35253,35254,35257
35253,35256,35257
35253,35254,35258
35253,35256,35258
35253,35254,35259
35253,35256,35259
35253,35254,35260
35253,35256,35260
35253,35254,35262
35253,35256,35262
35253,35254,35263
35253,35256,35263
35253,35254,35264
35253,35256,35264
35265,35266,35267
35268,35269,35271
35268,35270,35271
35273,35274,35275
35276,35277,35278
35279,35280,NA
35281,35282,NA
35283,35284,35285
35287,35288,NA
35289,35290,35291
35289,35290,35293
35295,35296,NA
35297,35298,35300
35297,35298,35301
35302,35303,35305
35302,35304,35305
35302,35303,35307
35302,35304,35307
35302,35303,35308
35302,35304,35308
35302,35303,35309
35302,35304,35309
35302,35303,35310
35302,35304,35310
35302,35303,70325
35302,35304,70325
35311,35312,35313
35314,35315,NA
35316,35317,NA
35318,35319,NA
35320,35321,35322
35320,35321,35323
35324,35325,NA
35326,35327,35329
35326,35328,35329
35326,35327,35330
35326,35328,35330
35326,35327,35331
35326,35328,35331
35326,35327,35332
35326,35328,35332
35326,35327,75000
35326,35328,75000
35333,35334,35335
35336,35337,NA
35338,35343,NA
35339,35340,35344
35339,35340,69805
35345,35347,NA
35346,35349,35350
35346,35349,35351
35348,35352,35353
35354,35355,NA
35356,35359,NA
35357,35358,NA
35360,35362,35363
35361,35364,35369
35361,35365,35369
35361,35367,35369
35361,35364,35371
35361,35365,35371
35361,35367,35371
35361,35364,35373
35361,35365,35373
35361,35367,35373
35361,35364,35375
35361,35365,35375
35361,35367,35375
35361,35364,35378
35361,35365,35378
35361,35367,35378
35361,35364,35379
35361,35365,35379
35361,35367,35379
35366,35368,35372
35366,35370,35372
35366,35368,35377
35366,35370,35377
35366,35368,35383
35366,35370,35383
35366,35368,35384
35366,35370,35384
35366,35368,35385
35366,35370,35385
35366,35368,35388
35366,35370,35388
35366,35368,35389
35366,35370,35389
35391,35392,35393
35391,35392,35394
35391,35392,35395
35391,35392,35396
35391,35392,35399
35391,35392,35401
35391,35392,35402
35391,35392,35403
35405,35406,NA
35407,35409,35410
35407,35409,35412
35413,35414,35415
35413,35414,35417
35413,35414,35419
35413,35414,35420
35413,35414,35422
35425,35426,35427
35428,35429,35430
35428,35429,35431
35432,35433,35435
35432,35434,35435
35432,69450,35435
35432,35433,35436
35432,35434,35436
35432,69450,35436
35432,35433,35437
35432,35434,35437
35432,69450,35437
35432,35433,35438
35432,35434,35438
35432,69450,35438
35432,35433,69451
35432,35434,69451
35432,69450,69451
35439,35440,NA
35441,35442,NA
35443,35444,35445
35443,35444,35446
35443,35444,35447
35443,35444,35448
35443,35444,35449
35443,35444,35451
35443,35444,35453
35443,35444,35454
35443,35444,73810
35455,35456,35457
35459,35460,NA
35461,35463,35464
35461,35463,35466
35461,35463,35468
35469,35470,NA
35471,35472,NA
35473,35474,35475
35473,35474,35476
35473,35474,35477
35478,35479,35480
35482,35483,35484
35482,35483,35485
35482,35483,76080
35487,35488,NA
35489,35490,35493
35489,35491,35493
35489,35492,35493
35489,35490,35494
35489,35491,35494
35489,35492,35494
35495,35496,35497
35495,35496,35499
35495,35496,35500
35501,35502,35503
35505,35506,35507
35508,35509,35510
35508,35509,35512
35513,35514,35515
35516,35517,35518
35520,35521,NA
35522,35523,35524
35522,35523,35525
35522,35523,35526
35522,35523,72262
35527,35528,35529
35527,35528,35530
35527,35528,35533
35527,35528,35534
35527,35528,73469
35535,35537,35539
35535,35538,35539
35535,35537,35540
35535,35538,35540
35535,35537,35541
35535,35538,35541
35535,35537,35542
35535,35538,35542
35535,35537,35544
35535,35538,35544
35535,35537,35547
35535,35538,35547
35548,35549,NA
35550,35551,35552
35550,35551,75554
35553,35554,35555
35556,35557,35558
35561,35562,NA
35563,35564,NA
35565,35566,35567
35565,35566,35568
35565,35566,35569
35571,35572,35573
35571,35572,35574
35575,35576,NA
35577,35578,NA
35579,35581,35582
35579,35581,35583
35579,35581,35584
35585,35586,35587
35590,35591,NA
35592,35594,35595
35592,35594,35598
35601,35602,NA
35603,35604,NA
35605,35606,NA
35607,35608,NA
35611,35612,35613
35611,35612,35614
35611,35612,35617
35611,35612,35619
35611,35612,35620
35611,35612,35622
35625,35626,NA
35627,35628,NA
35629,35630,35631
35634,35635,NA
35636,35637,NA
35638,35639,NA
35640,35641,35642
35640,35641,35644
35645,35646,NA
35647,35648,NA
35649,35650,35651
35654,35655,NA
35656,35657,NA
35658,35659,35660
35658,35659,35662
35664,35665,NA
35666,35667,35668
35669,35670,69669
35671,35672,72656
35673,35674,35675
35676,35677,35679
35676,35677,35682
35676,35677,35683
35676,35677,35684
35676,35677,35685
35676,35677,35686
35687,35688,NA
35689,35690,NA
35691,35692,35693
35695,35696,NA
35697,35699,NA
35700,35701,35702
35700,35701,72861
35703,35704,NA
35705,35706,NA
35707,35708,35709
35707,35708,35710
35711,35712,35714
35711,35712,35716
35711,35712,35717
35711,35712,35718
35711,35712,35720
35711,35712,35721
35711,35712,35722
35711,35712,35724
35725,35726,35727
35725,35726,35729
35725,35726,35731
35725,35726,35734
35735,35736,35737
35740,35741,NA
35742,35743,NA
35744,35745,35746
35744,35745,35747
35748,35749,35750
35748,35749,35751
35748,35749,35752
35753,35754,35755
35757,35758,NA
35759,35760,35761
35759,35760,35763
35764,35765,35767
35764,35766,35767
35764,35765,35768
35764,35766,35768
35764,35765,35769
35764,35766,35769
35770,35771,NA
35772,35773,NA
35772,35774,NA
35775,35776,35777
35775,35776,35779
35780,35781,35782
35784,35785,NA
35786,35787,73413
35788,35789,NA
35790,35791,35794
35790,35791,35795
35790,35791,35797
35790,35791,35798
35790,35791,35799
35790,35791,35801
35790,35791,35803
35805,35806,NA
35807,35808,35809
35807,35808,35811
35807,35808,35812
35807,35808,35813
35814,35815,NA
35816,35817,NA
35818,35819,35820
35818,35819,35821
35818,35819,35822
35818,35819,35823
35824,35825,35826
35828,35830,NA
35831,35832,NA
35833,35834,35835
35836,35837,35839
35836,35837,35841
35836,35837,35843
35846,35847,NA
35848,35849,35850
35851,35852,35853
35851,35852,35854
35855,35856,NA
35857,35858,35860
35857,35859,35860
35857,35858,35862
35857,35859,35862
35857,35858,35863
35857,35859,35863
35857,35858,35866
35857,35859,35866
35857,35858,35868
35857,35859,35868
35857,35858,35870
35857,35859,35870
35872,35873,NA
35874,35875,35876
35874,35875,35878
35874,35875,35880
35874,35875,35881
35874,35875,35883
35885,35886,35887
35885,35886,35888
35889,35890,NA
35891,35892,35893
35895,35896,NA
35897,35898,NA
35899,35900,NA
35901,35903,35904
35901,35903,35905
35901,35903,35906
35901,35903,35907
35908,35909,35910
35911,35913,NA
35914,35915,35916
35914,35915,35918
35919,35920,NA
35921,35922,NA
35923,35924,NA
35925,35926,35927
35928,35929,NA
35930,35931,NA
35932,35933,NA
35934,35935,35936
35934,35935,35938
35939,35940,35941
35942,35943,35944
35946,35948,35949
35952,35953,35954
35952,35953,35960
35952,35953,35963
35952,35953,35968
35952,35953,35970
35952,35953,35983
35955,35956,35959
35962,35964,NA
35965,35966,35967
35969,35972,35973
35974,35975,NA
35976,35977,35978
35979,35980,NA
35981,35982,35987
35981,35982,35990
35986,35989,35995
35986,35989,35999
35986,35989,36002
35986,35989,36006
35986,35989,36007
35986,35989,36012
35986,35989,36013
35991,35992,35996
35991,35994,35996
35998,36001,NA
36003,36005,NA
36008,36009,36010
36008,36009,36014
36015,36016,36017
36015,77509,36017
36015,77510,36017
36015,36016,36018
36015,77509,36018
36015,77510,36018
36019,36020,NA
36021,36022,NA
36023,36024,36025
36026,36027,36028
36026,36027,36029
36026,36027,36031
36026,36027,36032
36026,36027,70419
36033,36034,36035
36033,36034,36036
36033,36034,36038
36037,36040,36041
36042,36043,36046
36044,36045,NA
36047,36050,36052
36048,36049,NA
36051,36059,36060
36054,36055,36056
36054,36055,36057
36054,36055,36058
36061,36064,36066
36061,36064,36067
36061,36064,36068
36061,36064,36069
36063,36065,36072
36063,36065,36076
36063,36065,36077
36063,36065,36080
36063,36065,76474
36070,36071,NA
36074,36075,NA
36078,36079,NA
36081,36084,NA
36086,36087,70433
36088,36090,NA
36091,36092,NA
36093,36094,NA
36095,36096,NA
36097,36098,36100
36097,36098,36101
36097,36098,36102
36097,36098,36104
36097,36098,36105
36106,36107,36109
36106,36108,36109
36106,36107,36110
36106,36108,36110
36106,36107,36111
36106,36108,36111
36106,36107,36114
36106,36108,36114
36106,36107,36115
36106,36108,36115
36106,36107,36116
36106,36108,36116
36106,36107,36117
36106,36108,36117
36118,36119,36120
36122,36123,NA
36124,36125,NA
36126,36127,36128
36129,36130,36131
36132,36133,NA
36134,36135,36136
36137,36138,NA
36139,36140,NA
36141,36142,NA
36143,36144,NA
36145,36146,NA
36147,36148,NA
36149,36150,NA
36151,36152,36153
36155,36156,NA
36157,36158,36159
36157,36158,36161
36157,36158,36163
36157,36158,36165
36157,36158,36167
36157,36158,73289
36168,36169,NA
36170,36171,NA
36178,36179,NA
36180,36181,74932
36180,36181,36182
36180,36181,36185
36180,36181,36187
36180,36181,36189
36180,36181,36191
36180,36181,36192
36180,36181,36193
36180,36181,36194
36180,36181,74933
36180,36181,74934
36180,36181,74935
36180,36181,74937
36196,36197,NA
36198,36200,36201
36198,36200,36202
36198,36200,36203
36198,36200,36205
36198,36200,36208
36210,36211,NA
36212,36213,NA
36214,36215,NA
36216,36217,NA
36218,36219,NA
36220,36221,36222
36220,36221,36223
36224,36225,NA
36226,36227,36228
36226,36227,36229
36230,36231,NA
36232,36233,NA
36234,36235,36237
36234,36235,36238
36239,36240,36241
36239,36240,36243
36239,36240,36244
36247,36248,NA
36249,36250,36251
36252,36253,NA
36254,36255,36256
36257,36258,NA
36259,36260,NA
36261,36262,36263
36261,36262,36264
36266,36267,36268
36266,36267,36270
36266,36267,36272
36266,36267,36274
36266,36267,36276
36266,36267,36278
36279,36280,36282
36279,36281,36282
36279,36280,36283
36279,36281,36283
36279,36280,36284
36279,36281,36284
36279,36280,36285
36279,36281,36285
36279,36280,36286
36279,36281,36286
36287,36288,36289
36291,36292,36293
36291,36292,36295
36297,36298,NA
36299,36300,NA
36301,36302,36304
36301,36303,36304
36301,36302,36306
36301,36303,36306
36301,36302,36308
36301,36303,36308
36301,36302,36309
36301,36303,36309
36310,36311,NA
36312,36313,36314
36312,36313,76703
36315,36317,36318
36320,36321,74018
36322,36323,36324
36322,36323,36325
36322,36323,36327
36322,36323,36329
36322,36323,36331
36322,36323,36333
36334,36335,36336
36334,36335,36337
36339,36340,36341
36342,36343,36344
36345,36346,NA
36347,36348,36349
36347,36348,36350
36347,36348,36351
36347,36348,36352
36347,36348,36354
36347,36348,36355
36356,36357,NA
36358,36359,NA
36361,36362,36363
36365,36366,36367
36369,36370,36371
36372,36373,NA
36374,36375,36376
36374,36375,36377
36374,36375,36379
36381,36382,NA
36383,36384,NA
36386,36388,NA
36389,36390,36391
36389,36390,36392
36393,36394,36395
36393,36394,36396
36398,36399,36404
36398,36401,36404
36398,36399,36405
36398,36401,36405
36398,36399,36409
36398,36401,36409
36398,36399,36410
36398,36401,36410
36398,36399,36411
36398,36401,36411
36398,36399,36412
36398,36401,36412
36402,36403,36406
36414,36415,36417
36414,36415,36419
36414,36415,36422
36416,36418,36420
36423,36424,NA
36425,36426,NA
36427,36429,36430
36428,36432,36433
36428,36432,36435
36434,36436,36437
36438,36439,NA
36440,36441,NA
36442,36443,36444
36445,36447,36448
36445,72624,36448
36445,36447,36450
36445,72624,36450
36445,36447,36453
36445,72624,36453
36445,36447,36455
36445,72624,36455
36445,36447,36459
36445,72624,36459
36445,36447,36461
36445,72624,36461
36445,36447,36464
36445,72624,36464
36445,36447,36465
36445,72624,36465
36445,36447,36466
36445,72624,36466
36445,36447,36468
36445,72624,36468
36449,36451,NA
36454,36457,NA
36469,36470,36471
36472,36473,36475
36472,36474,36475
36472,36473,36477
36472,36474,36477
36478,36479,36481
36478,36480,36481
36478,36479,69548
36478,36480,69548
36478,36479,76991
36478,36480,76991
36483,36484,NA
36485,36486,36487
36485,36486,36488
36489,36490,NA
36491,36492,NA
36493,36494,NA
36495,36496,NA
36497,36498,36499
36497,36498,36502
36497,36498,36503
36497,36498,36504
36497,36498,36506
36497,36498,36508
36511,36512,36513
36514,36515,NA
36516,36517,NA
36518,36519,36520
36521,36522,36523
36524,36525,36526
36524,36525,36528
36529,36530,36531
36529,36530,36532
36529,36530,36533
36529,36530,36534
36529,36530,36535
36529,36530,36536
36529,36530,36538
36529,36530,36540
36542,36543,NA
36544,36545,36546
36549,36550,NA
36551,36552,36553
36554,36556,36557
36558,36559,36560
36558,77727,36560
36558,36559,36561
36558,77727,36561
36558,36559,36562
36558,77727,36562
36558,36559,36563
36558,77727,36563
36558,36559,36564
36558,77727,36564
36558,36559,77728
36558,77727,77728
36565,36566,36567
36568,36569,36570
36571,36572,36574
36571,77324,36574
36571,36573,36574
36571,36572,36575
36571,77324,36575
36571,36573,36575
36571,36572,36577
36571,77324,36577
36571,36573,36577
36571,36572,77325
36571,77324,77325
36571,36573,77325
36578,36579,36580
36578,36579,36581
36578,36579,36582
36583,36584,36586
36583,36585,36586
36583,36584,36587
36583,36585,36587
36583,36584,36588
36583,36585,36588
36589,36591,NA
36592,36593,36595
36592,36594,36595
36592,36593,36596
36592,36594,36596
36592,36593,36597
36592,36594,36597
36592,36593,36598
36592,36594,36598
36592,36593,36599
36592,36594,36599
36600,36601,NA
36602,36603,36605
36602,36604,36605
36602,36603,36607
36602,36604,36607
36602,36603,36608
36602,36604,36608
36602,36603,36609
36602,36604,36609
36602,36603,36610
36602,36604,36610
36602,36603,36611
36602,36604,36611
36602,36603,36612
36602,36604,36612
36602,36603,36613
36602,36604,36613
36621,36622,NA
36623,36624,36625
36623,36624,36627
36623,36624,73632
36623,36624,76745
36630,36631,NA
36632,36633,36634
36636,36637,36639
36636,36638,36639
36636,36637,36640
36636,36638,36640
36636,36637,73023
36636,36638,73023
36641,36642,73409
36643,36644,72625
36645,36646,36648
36645,36647,36648
36645,36646,36650
36645,36647,36650
36645,36646,36651
36645,36647,36651
36645,36646,36652
36645,36647,36652
36645,36646,36654
36645,36647,36654
36645,36646,36655
36645,36647,36655
36657,36658,36660
36657,36659,36660
36657,36658,36662
36657,36659,36662
36657,36658,36663
36657,36659,36663
36657,36658,36665
36657,36659,36665
36657,36658,36667
36657,36659,36667
36657,36658,36668
36657,36659,36668
36657,36658,36669
36657,36659,36669
36671,36672,36674
36671,36672,36677
36671,36672,36678
36679,36680,NA
36681,36682,36684
36681,36683,36684
36681,36682,36685
36681,36683,36685
36681,36682,36686
36681,36683,36686
36687,36688,36689
36687,36688,36690
36687,36688,36691
36687,36688,36692
36687,36688,36693
36695,36696,NA
36697,36698,36699
36697,36698,36702
36697,36698,36704
36697,36698,36707
36697,36698,36708
36710,36711,NA
36712,36713,36714
36712,36713,36715
36717,36718,NA
36719,36720,36721
36722,36723,NA
36724,36725,NA
36726,36727,NA
36728,36729,36731
36732,36733,NA
36734,36735,36736
36734,36735,36738
36734,36735,36739
36740,36741,36743
36740,36742,36743
36740,36741,36744
36740,36742,36744
36740,36741,36745
36740,36742,36745
36746,36747,36748
36746,36747,76097
36749,36750,NA
36752,36753,NA
36754,36755,36756
36757,36758,NA
36759,36760,36761
36759,36760,36762
36759,36760,36764
36759,36760,36765
36759,36760,36766
36759,36760,36767
36759,36760,72315
36768,36769,36770
36771,36772,NA
36773,36774,36775
36776,36777,36778
36776,36777,36780
36776,36777,36781
36776,36777,36782
36776,36777,36783
36776,36777,72314
36785,36786,36787
36788,36789,36791
36788,36790,36791
36788,36789,36792
36788,36790,36792
36788,36789,36793
36788,36790,36793
36788,36789,36794
36788,36790,36794
36788,36789,36796
36788,36790,36796
36788,36789,36797
36788,36790,36797
36788,36789,36798
36788,36790,36798
36788,36789,36799
36788,36790,36799
36800,36801,36802
36800,73339,36802
36800,36801,73340
36800,73339,73340
36804,36805,NA
36806,36807,NA
36808,36811,NA
36812,36813,NA
36814,36815,36816
36817,36818,36819
36817,36818,36821
36817,36818,36822
36817,36818,70162
36823,36824,NA
36825,36826,NA
36827,36828,NA
36829,36830,NA
36831,36832,NA
36833,36834,36835
36836,36837,NA
36838,36839,36840
36838,36839,36843
36838,36839,36845
36838,36839,36846
36847,36848,36849
36847,36848,36851
36847,36848,36853
36847,36848,36854
36847,36848,36855
36856,36857,NA
36858,36859,36860
36861,36862,36863
36864,36866,NA
36867,36868,36869
36867,36868,36871
36867,36868,36872
36867,36868,36873
36867,36868,70177
36874,36875,36876
36874,36875,36878
36874,36875,36879
36874,36875,36882
36883,36884,36885
36883,36884,36887
36883,36884,36888
36889,36890,36891
36892,36893,36897
36892,36895,36897
36892,36893,36899
36892,36895,36899
36892,36893,36901
36892,36895,36901
36892,36893,36903
36892,36895,36903
36892,36893,36905
36892,36895,36905
36892,36893,36907
36892,36895,36907
36892,36893,36909
36892,36895,36909
36892,36893,36910
36892,36895,36910
36892,36893,36911
36892,36895,36911
36912,36913,36914
36912,36913,36915
36912,36913,36916
36912,36913,36918
36912,36913,36919
36912,36913,70339
36921,36922,NA
36923,36924,36925
36923,36924,36928
36923,36924,36930
36923,36924,36931
36923,36924,36932
36923,36924,36933
36934,36935,36936
36937,36938,36939
36937,36938,36940
36937,36938,36941
36937,36938,36942
36937,36938,36943
36937,36938,36944
36946,36947,NA
36948,36949,NA
36950,36951,36952
36950,36951,36954
36950,36951,36955
36950,36951,36958
36950,36951,36960
36950,36951,36962
36963,36964,36965
36963,36964,36966
36963,36964,69560
36967,36968,NA
36969,36970,36971
36972,36973,NA
36974,36975,36976
36974,36975,36978
36974,36975,36980
36981,36982,36984
36981,36983,36984
36987,36988,36989
36990,36991,NA
36993,36994,NA
36995,36996,NA
36997,36998,NA
36999,37000,NA
37001,37002,NA
37003,37004,75001
37005,37006,37007
37008,37009,NA
37010,37011,NA
37012,37013,NA
37014,37015,NA
37016,37017,37018
37016,37017,37020
37016,37017,37021
37023,37024,NA
37025,37026,NA
37027,37028,37029
37027,37028,37030
37027,37028,37032
37027,37028,37034
37027,37028,37036
37038,37039,37040
37042,37043,37044
37042,37043,37045
37042,37043,37046
37042,37043,37048
37042,37043,37050
37042,37043,37052
37042,37043,37054
37055,37056,37057
37055,37056,37058
37059,37060,37062
37059,37061,37062
37059,37060,37063
37059,37061,37063
37059,37060,37065
37059,37061,37065
37059,37060,73279
37059,37061,73279
37066,37067,37070
37066,37069,37070
37072,37073,37074
37075,37076,37077
37078,37079,NA
37080,37081,37082
37083,37084,37087
37083,37085,37087
37083,37086,37087
37083,37084,37089
37083,37085,37089
37083,37086,37089
37083,37084,37090
37083,37085,37090
37083,37086,37090
37083,37084,37091
37083,37085,37091
37083,37086,37091
37083,37084,37092
37083,37085,37092
37083,37086,37092
37093,37094,37095
37093,37094,37097
37093,37094,37098
37093,37094,37100
37093,37094,37101
37103,37104,37105
37103,37104,37106
37107,37108,37109
37110,37111,NA
37112,37113,37114
37115,37116,NA
37117,37118,NA
37119,37120,NA
37121,37122,37123
37124,37125,NA
37126,37127,NA
37128,37129,37130
37131,37132,37133
37131,37132,37134
37131,37132,37136
37131,37132,37137
37138,37139,37140
37138,37139,37142
37143,37144,70163
37145,37146,37147
37145,37146,37148
37145,37146,37150
37145,37146,37151
37145,37146,37154
37145,37146,37156
37145,37146,37159
37149,37153,37155
37149,37153,37157
37149,37153,37161
37149,37153,37162
37149,37153,37163
37149,37153,37165
37149,37153,37167
37149,37153,37169
37171,37172,NA
37173,37174,NA
37175,37176,NA
37177,37178,37179
37177,37178,37181
37177,37178,37184
37187,37188,NA
37189,37190,NA
37191,37192,NA
37193,37194,NA
37195,37196,37197
37195,37196,37198
37199,37200,NA
37201,37202,37203
37204,37205,NA
37206,37207,37208
37210,37211,NA
37212,37214,NA
37215,37216,NA
37217,37218,NA
37219,37220,37222
37219,37221,37222
37219,37220,37224
37219,37221,37224
37219,37220,37225
37219,37221,37225
37219,37220,37227
37219,37221,37227
37219,37220,37228
37219,37221,37228
37219,37220,37229
37219,37221,37229
37219,37220,37230
37219,37221,37230
37219,37220,37231
37219,37221,37231
37219,37220,37233
37219,37221,37233
37219,37220,37235
37219,37221,37235
37219,37220,37236
37219,37221,37236
37219,37220,37237
37219,37221,37237
37219,37220,37238
37219,37221,37238
37219,37220,37239
37219,37221,37239
37219,37220,72925
37219,37221,72925
37241,37242,37243
37252,37253,37254
37252,37253,37255
37252,37253,37257
37252,37253,37258
37252,37253,37259
37252,37253,70438
37260,37261,37262
37260,37261,37263
37260,37261,37264
37260,37261,37266
37268,37269,NA
37270,37271,NA
37274,37275,37276
37274,37275,37277
37274,37275,37279
37274,37275,37283
37281,37284,37286
37285,37287,37288
37285,37287,37289
37290,37291,37293
37290,37291,37295
37292,37294,37296
37292,37294,37299
37292,37294,37302
37292,37294,37304
37292,37294,37305
37292,37294,37306
37297,37300,37321
37297,37303,37321
37297,37300,37324
37297,37303,37324
37297,37300,37332
37297,37303,37332
37297,37300,37333
37297,37303,37333
37297,37300,37334
37297,37303,37334
37307,37308,37309
37307,37308,37310
37307,37308,37314
37307,37308,37315
37307,37308,37317
37307,37308,37318
37307,37308,37319
37320,37322,37323
37320,37322,37325
37329,37330,NA
37331,37338,37339
37336,37337,37340
37341,37342,37343
37347,37351,37360
37348,37353,NA
37354,37356,NA
37358,37359,37362
37358,37359,37363
37358,37359,37368
37358,37359,37370
37358,37359,37371
37358,37359,37374
37358,37359,37385
37358,37359,76892
37358,37359,76893
37358,37359,76895
37365,37367,NA
37369,37375,NA
37376,37377,37378
37376,37377,37380
37381,37382,NA
37383,37384,NA
37386,37388,37391
37386,37388,37395
37386,37388,37396
37386,37388,37399
37389,37390,37392
37397,37401,NA
37403,37404,37405
37403,37404,37407
37403,37404,37408
37409,37410,NA
37411,37412,NA
37413,37414,37415
37413,37414,37416
37413,37414,37417
37418,37419,NA
37420,37421,NA
37422,37423,NA
37424,37425,37426
37424,37425,37427
37424,37425,37428
37424,37425,37429
37424,37425,37430
37424,37425,37431
37424,37425,70392
37432,37433,37434
37432,37433,37435
37432,37433,70403
37437,37438,37439
37437,37438,37440
37437,37438,37442
37437,37438,37443
37445,37446,NA
37447,37448,NA
37449,37450,NA
37451,37452,NA
37453,37454,NA
37455,37456,37457
37455,77532,37457
37455,77533,37457
37455,37456,37459
37455,77532,37459
37455,77533,37459
37455,37456,37460
37455,77532,37460
37455,77533,37460
37455,37456,74017
37455,77532,74017
37455,77533,74017
37455,37456,77534
37455,77532,77534
37455,77533,77534
37455,37456,77535
37455,77532,77535
37455,77533,77535
37461,37462,37463
37464,37465,73624
37466,37467,37468
37469,37470,NA
37471,37472,37473
37471,37472,37474
37471,37472,37475
37471,37472,37476
37477,37478,NA
37479,37480,37481
37479,37480,37482
37483,37484,37485
37487,37488,37489
37490,37491,NA
37492,37493,37494
37492,37493,37495
37492,37493,69389
37496,37497,NA
37498,37499,NA
37500,37502,37503
37500,37502,37504
37500,37502,37505
37506,37507,37508
37509,37510,37511
37512,37513,37514
37512,37513,37515
37512,37513,37517
37519,37520,37521
37519,37520,37522
37519,37520,37523
37525,37526,37527
37529,37530,NA
37531,37532,NA
37534,37535,NA
37536,37539,37540
37537,37538,NA
37541,37542,NA
37543,37544,NA
37545,37546,37547
37549,37550,NA
37551,37552,37554
37551,37553,37554
37551,37552,37555
37551,37553,37555
37551,37552,37556
37551,37553,37556
37551,37552,37558
37551,37553,37558
37559,37560,NA
37561,37562,37563
37561,37562,37564
37565,37567,NA
37568,37569,37570
37568,37569,70409
37574,37575,37576
37574,37575,37579
37574,37575,37580
37582,37583,NA
37584,37585,37587
37588,37589,NA
37590,37591,37592
37590,37591,37593
37590,37591,37594
37590,37591,37595
37590,37591,37597
37590,37591,37599
37590,37591,37600
37601,37602,37603
37604,37606,NA
37607,37608,37609
37607,37608,37610
37612,37613,37614
37612,37613,37615
37612,37613,37616
37612,37613,37617
37612,37613,37618
37612,37613,37621
37612,37613,37622
37623,37624,NA
37625,37626,NA
37627,37628,37629
37630,37631,37632
37630,37631,37633
37630,37631,37637
37630,37631,37638
37630,37631,37640
37630,37631,37644
37630,37631,37646
37647,37648,NA
37650,37651,37654
37650,37652,37654
37650,37653,37654
37650,37651,37655
37650,37652,37655
37650,37653,37655
37650,37651,37656
37650,37652,37656
37650,37653,37656
37658,37659,37660
37661,37662,37665
37661,37663,37665
37661,37662,37666
37661,37663,37666
37661,37662,37668
37661,37663,37668
37661,37662,37669
37661,37663,37669
37671,37672,NA
37673,37674,37675
37676,37677,37678
37679,37680,NA
37681,37682,37683
37684,37685,37686
37688,37689,NA
37690,37691,NA
37692,37693,37694
37695,37696,NA
37697,37698,NA
37699,37700,37701
37702,37703,NA
37704,37705,37706
37704,37705,37707
37704,37705,37708
37704,37705,37709
37704,37705,37710
37711,37712,NA
37713,37714,NA
37715,37716,NA
37717,37718,NA
37719,37720,37721
37719,37720,37722
37719,37720,37724
37725,37726,NA
37727,37728,NA
37729,37730,NA
37731,37732,NA
37733,37734,37735
37736,37737,37739
37736,37737,37742
37743,37744,37745
37746,37747,37748
37749,37762,37765
37750,37751,37752
37750,37751,37753
37750,37751,37755
37750,37751,37756
37750,37751,37757
37750,37751,37759
37750,37751,37760
37750,37751,37761
37750,37751,37763
37750,37751,37766
37750,37751,69405
37750,37751,74015
37767,37768,37775
37767,37768,37777
37767,37768,37779
37767,37768,37781
37767,37768,37784
37767,37768,37785
37767,37768,37787
37767,37768,37788
37769,37770,37771
37769,37770,37772
37783,37791,NA
37789,37800,37805
37789,37802,37805
37789,37800,37806
37789,37802,37806
37789,37800,37807
37789,37802,37807
37789,37800,37810
37789,37802,37810
37789,37800,37811
37789,37802,37811
37789,37800,37813
37789,37802,37813
37789,37800,37815
37789,37802,37815
37792,37793,37794
37792,37793,37796
37792,37793,37797
37798,37799,NA
37801,37803,37804
37801,37803,37812
37801,37803,37814
37801,37803,37816
37801,37803,37819
37821,37822,NA
37823,37824,37825
37823,37824,37827
37823,37824,37828
37823,37824,37830
37823,37824,37831
37823,37824,37833
37843,37844,NA
37845,37846,37847
37848,37849,37850
37851,37852,NA
37853,37854,NA
37855,37856,NA
37857,37858,37859
37861,37862,37863
37861,37862,37865
37861,37862,37866
37861,37862,37867
37868,37870,37871
37872,37873,NA
37874,37875,NA
37876,37877,NA
37878,37879,NA
37880,37881,NA
37882,37883,37884
37885,37886,37887
37889,37890,37891
37892,37893,37894
37895,37896,37897
37895,37896,37899
37895,37896,37900
37895,37896,37901
37902,37903,NA
37904,37906,NA
37907,37908,37911
37907,37909,37911
37907,37908,37912
37907,37909,37912
37907,37908,37914
37907,37909,37914
37907,37908,37916
37907,37909,37916
37907,37908,37918
37907,37909,37918
37920,37922,NA
37923,37924,37925
37926,37927,37928
37926,37927,77153
37929,37931,NA
37932,37933,37934
37932,37933,37938
37932,37933,70445
37940,37941,37942
37940,37941,37943
37940,37941,37944
37940,37941,37946
37940,37941,37947
37940,37941,37948
37940,37941,73901
37949,37951,37952
37949,37951,37954
37949,37951,37955
37949,37951,37956
37949,37951,37957
37949,37951,37958
37949,37951,37959
37960,37961,37963
37960,37961,37964
37960,37961,37965
37960,37961,37966
37967,37968,37969
37970,37971,37972
37973,37974,NA
37975,37976,37977
37975,37976,37978
37975,37976,37980
37981,37982,37983
37981,37982,37984
37981,37982,37985
37981,37982,37986
37987,37988,37989
37991,37992,NA
37993,37994,37995
37997,37998,NA
37999,38000,38001
38002,38003,38004
38002,38003,38006
38002,38003,38007
38002,38003,38008
38009,38010,38011
38013,38014,NA
38015,38016,38018
38015,38017,38018
38015,38016,76940
38015,38017,76940
38015,38016,38019
38015,38017,38019
38015,38016,38020
38015,38017,38020
38015,38016,38021
38015,38017,38021
38015,38016,38022
38015,38017,38022
38015,38016,38023
38015,38017,38023
38015,38016,38024
38015,38017,38024
38015,38016,76941
38015,38017,76941
38025,38026,38027
38025,38026,38028
38025,38026,38030
38025,38026,38032
38025,38026,38034
38025,38026,38035
38036,38038,NA
38039,38040,38041
38042,38043,NA
38044,38045,NA
38046,38047,NA
38048,38049,NA
38050,38051,NA
38052,38053,NA
38054,38056,38057
38054,38056,38058
38060,38061,NA
38062,38063,NA
38064,38065,38066
38068,38069,38071
38068,38070,38071
38068,38069,38073
38068,38070,38073
38068,38069,38074
38068,38070,38074
38068,38069,38075
38068,38070,38075
38068,38069,38076
38068,38070,38076
38068,38069,38077
38068,38070,38077
38068,38069,38078
38068,38070,38078
38079,38080,38081
38079,38080,38083
38079,38080,38084
38079,38080,38085
38079,38080,38087
38079,38080,38088
38079,38080,38089
38093,38094,38095
38093,38094,38096
38093,38094,38097
38098,38099,38107
38098,38100,38107
38098,38102,38107
38098,38103,38107
38098,38104,38107
38098,38105,38107
38098,38099,38108
38098,38100,38108
38098,38102,38108
38098,38103,38108
38098,38104,38108
38098,38105,38108
38098,38099,38110
38098,38100,38110
38098,38102,38110
38098,38103,38110
38098,38104,38110
38098,38105,38110
38098,38099,38111
38098,38100,38111
38098,38102,38111
38098,38103,38111
38098,38104,38111
38098,38105,38111
38098,38099,38113
38098,38100,38113
38098,38102,38113
38098,38103,38113
38098,38104,38113
38098,38105,38113
38098,38099,38115
38098,38100,38115
38098,38102,38115
38098,38103,38115
38098,38104,38115
38098,38105,38115
38098,38099,38116
38098,38100,38116
38098,38102,38116
38098,38103,38116
38098,38104,38116
38098,38105,38116
38098,38099,38118
38098,38100,38118
38098,38102,38118
38098,38103,38118
38098,38104,38118
38098,38105,38118
38098,38099,38120
38098,38100,38120
38098,38102,38120
38098,38103,38120
38098,38104,38120
38098,38105,38120
38098,38099,38121
38098,38100,38121
38098,38102,38121
38098,38103,38121
38098,38104,38121
38098,38105,38121
38122,38123,38125
38122,38124,38125
38122,38123,38126
38122,38124,38126
38127,38128,NA
38129,38130,NA
38131,38132,NA
38133,38134,NA
38135,38136,38137
38138,38139,38141
38138,38140,38141
38138,38139,38142
38138,38140,38142
38138,38139,38143
38138,38140,38143
38144,38146,NA
38147,38148,38149
38147,38148,38150
38147,38148,38152
38147,38148,70330
38153,38154,38156
38153,38155,38156
38153,38154,38157
38153,38155,38157
38153,38154,38158
38153,38155,38158
38153,38154,73049
38153,38155,73049
38159,38160,38162
38159,38161,38162
38159,38160,38164
38159,38161,38164
38159,38160,38166
38159,38161,38166
38159,38160,38168
38159,38161,38168
38159,38160,38169
38159,38161,38169
38170,38171,38172
38170,38171,38173
38175,38176,NA
38177,38178,NA
38179,38180,38181
38183,38184,38185
38186,38187,38188
38186,38187,38189
38190,38191,NA
38192,38193,38194
38192,38193,38195
38197,38198,NA
38199,38200,NA
38201,38202,NA
38203,38204,NA
38205,38206,NA
38207,38208,38209
38210,38211,NA
38212,38213,38214
38212,38213,38216
38212,38213,38218
38220,38221,38222
38220,38221,38223
38224,38225,NA
38226,38227,38228
38226,38227,38230
38226,38227,43717
38226,38227,43720
38226,38227,43723
38226,38227,43725
38232,38233,38234
38232,38233,38236
38232,38233,38238
38232,38233,38239
38232,38233,38242
38244,38245,NA
38246,38247,NA
38248,38249,NA
38250,38251,NA
38252,38253,NA
38254,38255,38256
38254,38255,38257
38254,38255,38258
38254,38255,38259
38260,75067,75069
38260,75068,75069
38260,38261,75069
38260,75067,75071
38260,75068,75071
38260,38261,75071
38260,75067,75074
38260,75068,75074
38260,38261,75074
38260,75067,75076
38260,75068,75076
38260,38261,75076
38260,75067,75078
38260,75068,75078
38260,38261,75078
38260,75067,38262
38260,75068,38262
38260,38261,38262
38260,75067,75080
38260,75068,75080
38260,38261,75080
38260,75067,75081
38260,75068,75081
38260,38261,75081
38264,38265,38266
38267,38268,NA
38269,38270,NA
38271,38272,38273
38274,38275,69690
38276,38277,NA
38278,38280,38281
38278,38280,38282
38278,38280,38285
38286,74822,38288
38286,38287,38288
38286,74822,74823
38286,38287,74823
38286,74822,74824
38286,38287,74824
38286,74822,38289
38286,38287,38289
38286,74822,38291
38286,38287,38291
38286,74822,38293
38286,38287,38293
38286,74822,38294
38286,38287,38294
38286,74822,38295
38286,38287,38295
38286,74822,74828
38286,38287,74828
38286,74822,38297
38286,38287,38297
38286,74822,38298
38286,38287,38298
38286,74822,74826
38286,38287,74826
38286,74822,38299
38286,38287,38299
38300,38301,38302
38304,38305,38306
38304,38305,38307
38308,38310,NA
38311,38312,38313
38311,38312,38314
38311,38312,38316
38311,38312,38317
38319,38320,NA
38321,38322,38323
38321,38322,73720
38324,38325,38326
38324,38325,69801
38327,38328,38329
38331,38332,38333
38331,38332,38334
38336,38337,NA
38338,38339,NA
38340,38341,NA
38342,38343,38344
38346,38347,38348
38346,38347,38349
38350,38351,38352
38350,38351,38354
38350,38351,38356
38350,38351,38358
38350,38351,38359
38350,38351,38360
38350,38351,38362
38350,38351,76466
38363,38364,38366
38363,38365,38366
38363,38364,38368
38363,38365,38368
38363,38364,38370
38363,38365,38370
38363,38364,38371
38363,38365,38371
38363,38364,38373
38363,38365,38373
38363,38364,77435
38363,38365,77435
38375,38377,38378
38379,38380,NA
38381,38382,NA
38383,38384,38385
38386,38387,NA
38388,38389,NA
38390,38391,NA
38392,72667,38394
38392,72667,38396
38392,72667,38397
38392,72667,72668
38398,38399,38401
38398,38399,38403
38405,38406,38407
38408,38409,NA
38410,38411,38412
38410,38411,38413
38414,38415,NA
38416,38417,NA
38418,38419,NA
38420,38421,NA
38422,38423,NA
38424,38425,38426
38424,38425,38428
38424,38425,38430
38424,38425,38432
38424,38425,38434
38424,38425,38436
38439,38440,38441
38443,38444,38445
38447,38448,NA
38449,38450,NA
38451,38452,NA
38453,38454,NA
38455,38456,38457
38455,38456,38458
38455,38456,38460
38461,38462,NA
38463,38465,NA
38466,38467,38468
38470,38471,NA
38472,38473,NA
38474,38475,38476
38474,38475,38477
38474,38475,38478
38474,38475,38479
38474,38475,38482
38474,38475,38483
38484,38485,NA
38486,38487,NA
38488,38489,NA
38490,38491,NA
38492,38493,NA
38494,38495,NA
38496,38497,38498
38499,38500,38501
38499,38500,38502
38499,38500,38504
38499,38500,38506
38508,38509,38511
38508,38510,38511
38512,38513,NA
38514,38515,38516
38517,38518,38519
38520,38521,NA
38522,38523,NA
38524,38525,74812
38524,38526,74812
38524,38525,74813
38524,38526,74813
38524,38525,74814
38524,38526,74814
38524,38525,74815
38524,38526,74815
38524,38525,38527
38524,38526,38527
38524,38525,38528
38524,38526,38528
38524,38525,38529
38524,38526,38529
38524,38525,38531
38524,38526,38531
38524,38525,38533
38524,38526,38533
38524,38525,38535
38524,38526,38535
38524,38525,38537
38524,38526,38537
38524,38525,74818
38524,38526,74818
38524,38525,38539
38524,38526,38539
38524,38525,38540
38524,38526,38540
38524,38525,74820
38524,38526,74820
38524,38525,38541
38524,38526,38541
38524,38525,38543
38524,38526,38543
38524,38525,38544
38524,38526,38544
38524,38525,38546
38524,38526,38546
38524,38525,38548
38524,38526,38548
38549,38550,NA
38551,38553,38554
38555,38556,NA
38557,38558,38560
38557,38559,38560
38557,38558,38561
38557,38559,38561
38557,38558,38563
38557,38559,38563
38557,38558,38564
38557,38559,38564
38557,38558,38565
38557,38559,38565
38557,38558,38567
38557,38559,38567
38557,38558,38568
38557,38559,38568
38569,38570,38572
38569,38571,38572
38569,38570,38573
38569,38571,38573
38569,38570,38574
38569,38571,38574
38569,38570,38575
38569,38571,38575
38569,38570,38576
38569,38571,38576
38569,38570,38577
38569,38571,38577
38578,38579,38580
38581,38582,NA
38583,38584,NA
38585,38586,NA
38587,38588,NA
38589,38590,NA
38592,38593,38594
38595,38596,NA
38597,38600,NA
38601,38602,38603
38601,38602,38605
38601,38602,38606
38601,38602,38608
38601,38602,38610
38601,38602,38611
38612,38613,NA
38614,38615,NA
38616,38617,NA
38618,38619,38620
38618,38619,38622
38618,38619,38623
38618,38619,38625
38618,38619,38626
38618,38619,38627
38628,38629,38630
38628,76717,38630
38628,38629,76718
38628,76717,76718
38633,38634,NA
38635,38636,NA
38637,38638,NA
38639,38640,NA
38641,38642,38643
38644,38645,NA
38646,38647,NA
38648,38649,NA
38650,38651,38652
38654,38655,38656
38654,38655,38657
38658,38659,NA
38660,38661,NA
38662,38664,NA
38665,38666,NA
38667,38668,38669
38667,38668,38670
38667,38668,38672
38667,38668,38673
38667,38668,38675
38667,38668,38676
38667,38668,38678
38679,38680,NA
38681,38682,38683
38681,38682,38684
38685,38686,38687
38685,38686,38688
38685,38686,38689
38685,38686,38691
38692,38693,38694
38692,38693,38696
38692,38693,38697
38692,38693,38699
38701,38702,38703
38704,38705,NA
38706,38707,38709
38706,38708,38709
38706,38707,38711
38706,38708,38711
38706,38707,38712
38706,38708,38712
38706,38707,76299
38706,38708,76299
38714,38715,38716
38714,38715,38717
38714,38715,38718
38714,38715,38720
38721,38722,NA
38723,38724,38725
38723,38724,38728
38723,38724,38729
38723,38724,38730
38732,38733,NA
38734,38735,38736
38738,38739,NA
38740,38741,NA
38742,38743,38744
38742,38743,38745
38742,38743,38747
38742,38743,38748
38749,38750,NA
38751,38752,NA
38753,38755,38756
38753,38755,38757
38753,38755,38758
38753,38755,38759
38753,38755,38761
38753,38755,39113
38763,38764,NA
38765,38766,38767
38765,38766,38768
38765,38766,38770
38774,38775,NA
38776,38778,NA
38779,38780,38781
38779,38780,38783
38784,38785,NA
38786,38787,NA
38788,38789,NA
38790,38791,NA
38792,38794,38795
38797,38798,38799
38797,38798,38801
38802,38803,NA
38804,38805,38806
38807,38808,NA
38809,38810,NA
38811,38812,38813
38811,38812,38815
38811,38812,38816
38817,38818,38819
38824,NA,38829
38824,NA,38832
38824,NA,38835
38824,NA,38836
38824,NA,38837
38826,38828,38830
38826,38828,38831
38833,38838,NA
38839,38840,38842
38839,38840,38844
38841,38843,NA
38845,38846,NA
38847,38848,NA
38849,38855,NA
38850,38851,38852
38853,38854,NA
38856,38857,38858
38856,38857,38861
38856,38857,69665
38860,38862,38863
38860,38862,38865
38860,38862,38869
38860,38862,38876
38860,38862,73286
38864,38866,38868
38871,38872,NA
38873,38874,38875
38878,38879,NA
38880,38884,NA
38881,38883,NA
38885,38887,NA
38886,38890,38891
38888,38889,38893
38894,38895,38898
38896,38899,38901
38900,38902,NA
38903,38904,38907
38903,38904,38909
38905,38906,NA
38910,38911,NA
38912,38913,NA
38914,38916,38918
38914,38916,38919
38914,38916,38920
38914,38916,38923
38914,38916,38924
38915,38917,NA
38922,38925,NA
38926,38927,38929
38928,38932,NA
38930,38933,NA
38934,38935,NA
38936,38938,NA
38937,38940,38942
38937,38940,38943
38937,38940,38944
38937,38940,38946
38937,38940,38947
38939,38941,NA
38948,38949,NA
38950,38951,NA
38952,38954,38955
38952,38954,38957
38952,38954,38960
38952,38954,38961
38952,38954,38962
38952,38954,38963
38952,38954,38967
38952,38954,38969
38952,38954,38971
38953,38956,38959
38964,38965,NA
38970,38974,38978
38970,38974,38980
38970,38974,38985
38972,38973,NA
38975,38976,38977
38975,38976,38981
38975,38976,38983
38975,38976,38984
38975,38976,38986
38987,38988,38989
38990,38991,NA
38992,38993,NA
38994,38995,NA
38996,38997,NA
38998,38999,39000
38998,38999,39001
38998,38999,39002
39003,39011,39012
39003,39011,39015
39004,39006,NA
39007,39008,39009
39014,39016,39020
39014,39016,43968
39014,39016,43970
39014,39016,43971
39017,39018,NA
39019,39022,NA
39023,39025,39029
39023,39025,39030
39023,39025,39032
39026,39027,39028
39033,39041,NA
39034,39035,NA
39036,39037,NA
39039,39040,39042
39043,39044,NA
39046,39049,39054
39046,39051,39054
39046,39049,39056
39046,39051,39056
39046,39049,39062
39046,39051,39062
39046,39049,39063
39046,39051,39063
39046,39049,39065
39046,39051,39065
39047,39048,39057
39047,39050,39057
39047,39052,39057
39047,39053,39057
39047,39048,39060
39047,39050,39060
39047,39052,39060
39047,39053,39060
39047,39048,39067
39047,39050,39067
39047,39052,39067
39047,39053,39067
39047,39048,39068
39047,39050,39068
39047,39052,39068
39047,39053,39068
39047,39048,39070
39047,39050,39070
39047,39052,39070
39047,39053,39070
39071,39072,39073
39071,39072,39075
39071,39072,39078
39071,39072,39082
39071,39072,39091
39071,39072,39093
39074,39077,NA
39079,39081,NA
39083,39085,NA
39087,39089,NA
39090,39096,NA
39097,39098,NA
39099,39101,NA
39100,39104,39105
39102,39103,NA
39106,39112,NA
39107,39108,39109
39115,39116,NA
39117,39118,NA
39119,39120,39122
39119,39121,39122
39119,39120,39123
39119,39121,39123
39119,39120,39124
39119,39121,39124
39119,39120,39125
39119,39121,39125
39126,39127,39128
39126,39127,39130
39132,39133,39134
39132,39133,39135
39136,39137,NA
39138,39139,NA
39140,39142,39143
39145,39146,NA
39147,39149,NA
39150,39151,NA
39152,39153,NA
39154,39155,NA
39156,39157,39158
39156,39157,39159
39156,39157,39160
39156,39157,39161
39162,39163,39165
39167,39168,39169
39171,39172,NA
39173,39174,39175
39176,39177,NA
39178,39179,NA
39180,39181,39182
39180,39181,39183
39184,39186,NA
39187,39188,NA
39189,39190,NA
39191,39192,39193
39191,39192,39195
39191,39192,39197
39191,39192,39200
39202,39203,NA
39204,39205,39206
39207,39208,NA
39209,39211,NA
39212,39213,NA
39214,39215,39216
39214,39215,39217
39219,39221,NA
39222,39223,39224
39226,39227,39229
39226,39228,39229
39226,39227,39230
39226,39228,39230
39232,39233,NA
39234,39235,NA
39236,39237,NA
39238,39239,39243
39238,39241,39243
39238,39242,39243
39244,39245,39246
39244,39245,39247
39252,39253,NA
39254,39255,NA
39256,39257,NA
39258,39260,39261
39258,39260,39262
39258,39260,39264
39266,39267,NA
39268,39269,39271
39268,39270,39271
39268,39269,39273
39268,39270,39273
39268,39269,39275
39268,39270,39275
39276,39277,39278
39276,39277,39283
39276,39277,39284
39276,39277,39287
39276,39277,39288
39279,39282,NA
39285,39286,NA
39289,39290,NA
39291,39292,39293
39291,39292,39294
39291,39292,39295
39291,39292,39296
39291,39292,39297
39291,39292,39298
39291,39292,39299
39301,39302,NA
39303,39304,39305
39307,39308,39309
39307,39308,39310
39307,39308,39312
39307,39308,39313
39317,39320,NA
39321,39322,39324
39321,39323,39324
39321,39322,39325
39321,39323,39325
39321,39322,39326
39321,39323,39326
39321,39322,69390
39321,39323,69390
39327,39328,NA
39329,39330,NA
39331,39332,NA
39333,39335,NA
39336,39337,NA
39338,39339,NA
39340,39341,73688
39342,39343,NA
39344,39345,NA
39346,39347,NA
39348,39349,39351
39353,39354,NA
39355,39356,39357
39355,39356,39358
39355,39356,39360
39355,39356,39363
39355,39356,39364
39368,39369,NA
39370,39371,39372
39373,39374,NA
39375,39376,39377
39375,39376,39379
39375,39376,74987
39380,39381,39382
39383,39384,NA
39383,39385,NA
39387,39388,39390
39387,39389,39390
39387,39388,39392
39387,39389,39392
39387,39388,39393
39387,39389,39393
39387,39388,39394
39387,39389,39394
39395,39396,NA
39397,39398,39399
39397,39398,39400
39397,39398,39402
39403,39404,NA
39405,39406,39407
39408,39409,39410
39408,39409,39411
39408,39409,39413
39408,39409,39414
39415,39416,NA
39417,39418,NA
39419,39420,39421
39419,39420,39422
39419,39420,39423
39419,39420,39424
39419,39420,39425
39419,39420,39426
39427,39428,NA
39429,39430,39431
39429,39430,39432
39435,39436,NA
39438,39440,NA
39441,39442,NA
39443,39444,NA
39445,39446,39447
39445,39446,39448
39445,39446,39449
39445,39446,39450
39445,39446,39451
39452,39453,39454
39452,39453,73382
39455,39456,NA
39457,39458,NA
39459,39460,NA
39461,39463,39464
39461,39463,39465
39461,39463,39467
39461,39463,39470
39461,39463,39472
39461,39463,39474
39461,39463,39476
39461,39463,39478
39461,39463,39479
39480,39481,39482
39483,39484,NA
39485,39486,39487
39489,39490,39491
39489,39490,39492
39493,39494,NA
39495,39496,39497
39499,39500,NA
39501,39502,39503
39504,39505,NA
39507,39508,NA
39509,39510,39511
39509,39510,39513
39509,39510,39515
39516,39518,NA
39519,39520,39521
39519,39520,39523
39519,39520,39525
39526,39527,39528
39526,39527,39529
39526,39527,39530
39526,39527,39531
39526,39527,39532
39526,39527,39536
39526,39527,39538
39526,39527,39541
39542,39543,NA
39544,39545,NA
39546,39547,NA
39548,39549,39550
39548,39549,39552
39548,39549,39553
39554,39555,NA
39557,39558,39559
39557,39558,39561
39564,39565,NA
39566,39567,39568
39570,39571,39572
39574,39575,39576
39574,39575,39578
39574,39575,39579
39574,39575,39581
39574,39575,39583
39574,39575,39584
39586,39587,39588
39586,39587,39589
39586,39587,39591
39586,39587,39593
39594,39595,NA
39596,39597,39601
39596,39600,39601
39596,39597,39602
39596,39600,39602
39596,39597,39604
39596,39600,39604
39596,39597,39606
39596,39600,39606
39596,39597,39607
39596,39600,39607
39609,39610,NA
39611,39612,39614
39611,39612,39616
39618,39619,NA
39620,39621,39623
39620,39622,39623
39620,39621,39627
39620,39622,39627
39620,39621,39629
39620,39622,39629
39620,39621,39631
39620,39622,39631
39620,39621,39632
39620,39622,39632
39633,39634,39635
39633,39634,76448
39637,39638,NA
39639,39640,NA
39641,39642,39644
39646,39647,NA
39648,39649,NA
39650,39651,NA
39652,39653,39654
39652,39653,39655
39656,39657,NA
39658,39659,NA
39660,39661,39662
39660,39661,39664
39660,39661,39666
39660,39661,39668
39660,39661,39670
39660,39661,39671
39673,39674,39675
39678,39679,NA
39680,39681,39682
39683,39684,39685
39686,39687,39688
39686,39687,39689
39691,39692,39693
39694,39695,39696
39694,39695,39698
39694,39695,39700
39702,39703,39704
39702,39703,39705
39702,39703,39706
39702,39703,39708
39710,39711,NA
39712,39713,75019
39714,39715,NA
39716,39717,NA
39718,39719,69675
39720,39721,NA
39722,39723,NA
39724,39725,39726
39727,39728,NA
39729,39731,39732
39729,39731,39733
39735,39736,39738
39735,39736,39744
39735,39736,39748
39735,39736,39750
39735,39736,39752
39735,39736,39753
39754,39755,NA
39756,39757,NA
39758,39759,39760
39762,39763,NA
39764,39765,39768
39764,39766,39768
39764,39767,39768
39764,39765,39770
39764,39766,39770
39764,39767,39770
39764,39765,39772
39764,39766,39772
39764,39767,39772
39764,39765,39774
39764,39766,39774
39764,39767,39774
39764,39765,39776
39764,39766,39776
39764,39767,39776
39778,39779,NA
39780,39781,39782
39783,39784,39785
39783,39784,39786
39787,39788,NA
39789,39790,39791
39789,39790,39792
39789,39790,39793
39789,39790,39795
39796,39797,39798
39796,39797,39800
39796,39797,39805
39796,39797,39807
39796,39797,39808
39796,39797,39809
39796,39797,39810
39811,39812,39813
39811,39812,39814
39811,39812,39816
39811,39812,39817
39811,39812,39819
39811,39812,39821
39811,39812,39822
39811,39812,39824
39811,39812,39826
39811,39812,75048
39828,39830,NA
39831,39832,NA
39833,39834,NA
39835,39836,39837
39835,39836,39839
39840,39841,NA
39842,39843,39845
39842,39844,39845
39842,39843,39846
39842,39844,39846
39842,39843,39847
39842,39844,39847
39842,39843,39848
39842,39844,39848
39842,39843,39849
39842,39844,39849
39850,39851,39853
39850,39852,39853
39850,39851,39854
39850,39852,39854
39850,39851,39855
39850,39852,39855
39850,39851,39857
39850,39852,39857
39850,39851,39858
39850,39852,39858
39850,39851,39860
39850,39852,39860
39861,39862,NA
39863,39864,39865
39863,39864,39866
39863,39864,39868
39863,39864,39870
39863,39864,39872
39874,39875,39876
39877,39878,NA
39879,39880,39881
39882,39883,39884
39882,39883,39885
39882,39883,39887
39888,39889,NA
39890,39891,39893
39890,39892,39893
39890,39891,39894
39890,39892,39894
39890,39891,39896
39890,39892,39896
39890,39891,39897
39890,39892,39897
39890,39891,39898
39890,39892,39898
39890,39891,39900
39890,39892,39900
39902,39903,NA
39904,39905,NA
39906,39907,NA
39908,39909,NA
39910,39911,39912
39914,39915,39916
39914,39915,39918
39919,39921,NA
39922,39923,39924
39925,39926,NA
39927,39928,39930
39927,39929,39930
39927,39928,39931
39927,39929,39931
39927,39928,39932
39927,39929,39932
39927,39928,39933
39927,39929,39933
39927,39928,39934
39927,39929,39934
39927,39928,39935
39927,39929,39935
39927,39928,39936
39927,39929,39936
39927,39928,39938
39927,39929,39938
39927,39928,39940
39927,39929,39940
39927,39928,39941
39927,39929,39941
39927,39928,39942
39927,39929,39942
39927,39928,39943
39927,39929,39943
39927,39928,39944
39927,39929,39944
39946,39947,NA
39948,39949,39950
39951,39952,39953
39951,39952,39955
39951,39952,39957
39951,39952,39958
39960,39961,39962
39960,39961,39964
39960,39961,39966
39960,39961,39967
39960,39961,39969
39960,39961,39970
39960,39961,39971
39972,39973,39974
39975,39977,NA
39978,39979,39983
39978,39980,39983
39978,39981,39983
39978,39979,39985
39978,39980,39985
39978,39981,39985
39978,39979,39987
39978,39980,39987
39978,39981,39987
39978,39979,39989
39978,39980,39989
39978,39981,39989
39978,39979,39988
39978,39980,39988
39978,39981,39988
39978,39979,39990
39978,39980,39990
39978,39981,39990
39991,77788,39994
39991,39993,39994
39991,77788,39996
39991,39993,39996
39991,77788,39997
39991,39993,39997
39991,77788,39998
39991,39993,39998
39999,40000,NA
40001,40002,NA
40003,40004,NA
40005,40006,NA
40007,40008,NA
40009,40010,NA
40011,40012,40013
40011,40012,40014
40011,40012,40016
40011,40012,40018
40011,40012,40021
40011,40012,40022
40011,40012,40023
40025,40026,40027
40025,40026,40028
40029,40030,NA
40031,40032,NA
40033,40034,40035
40033,40034,40037
40033,40034,40038
40040,40041,NA
40042,40043,40044
40047,40048,75018
40049,40050,NA
40051,40052,40053
40055,40056,NA
40057,40058,40062
40057,40058,40064
40057,40058,40065
40066,40067,40068
40069,40070,40071
40069,40070,40072
40073,40074,NA
40075,40076,NA
40077,40078,40079
40081,40082,40083
40081,40082,40085
40081,40082,40087
40081,40082,40088
40089,40090,40092
40089,40091,40092
40089,40090,40093
40089,40091,40093
40089,40090,40094
40089,40091,40094
40089,40090,40096
40089,40091,40096
40089,40090,40097
40089,40091,40097
40089,40090,40098
40089,40091,40098
40099,40100,40101
40102,40103,40104
40105,40106,40107
40105,40106,40109
40111,40112,NA
40113,40114,40115
40113,40114,40117
40113,40114,40118
40120,40121,NA
40122,40123,40124
40127,40128,NA
40129,40130,NA
40131,40132,NA
40131,40133,NA
40134,40135,NA
40136,40137,NA
40138,40139,NA
40140,40142,NA
40143,40144,40146
40143,40145,40146
40143,40144,40147
40143,40145,40147
40143,40144,40148
40143,40145,40148
40143,40144,40149
40143,40145,40149
40151,40153,40154
40151,40153,40155
40151,40153,40158
40151,40153,40159
40151,40153,40161
40151,40153,40163
40151,40153,40164
40151,40153,40165
40151,40153,40166
40151,40153,75685
40167,40168,NA
40169,40170,NA
40171,40172,NA
40174,40175,40176
40174,40175,40177
40174,40175,40178
40174,40175,40179
40180,40182,NA
40183,40184,NA
40185,40186,40188
40185,40186,40190
40185,40186,40191
40192,40193,NA
40194,40195,NA
40196,40197,NA
40198,40199,40200
40201,40202,NA
40203,40204,NA
40205,40206,40208
40205,40207,40208
40205,40206,40210
40205,40207,40210
40205,40206,40212
40205,40207,40212
40205,40206,40216
40205,40207,40216
40205,40206,40222
40205,40207,40222
40223,40224,NA
40225,NA,NA
40226,40227,40228
40226,40227,40229
40226,40227,40230
40226,40227,40231
40226,40227,73294
40233,40234,NA
40235,40236,40237
40235,40236,40238
40235,40236,40239
40235,40236,40240
40235,40236,40242
40235,40236,40243
40244,40246,40247
40244,40246,40249
40250,40251,NA
40252,40253,40254
40255,40256,NA
40257,40258,NA
40259,40260,NA
40261,40262,NA
40263,40264,40265
40263,40264,40267
40263,40264,40269
40263,40264,72203
40270,40271,40272
40270,40271,40274
40270,40271,40275
40270,40271,40276
40270,40271,40277
40270,40271,40278
40270,40271,40279
40280,40281,40282
40280,40281,40284
40280,40281,40286
40280,40281,40287
40288,40289,NA
40290,40291,NA
40292,40293,40294
40292,40293,40350
40292,40293,40351
40302,40303,NA
40304,40305,40306
40308,40309,NA
40310,40311,NA
40312,40313,NA
40314,40315,NA
40316,40317,40318
40316,40317,40319
40316,40317,40320
40321,40322,NA
40323,40324,NA
40325,40326,40328
40325,40327,40328
40325,40326,40330
40325,40327,40330
40325,40326,40331
40325,40327,40331
40325,40326,40332
40325,40327,40332
40325,40326,40333
40325,40327,40333
40325,40326,40334
40325,40327,40334
40335,40336,40337
40339,40340,40341
40342,40343,NA
40344,40345,40346
40344,40345,40347
40344,40345,40349
40352,40353,NA
40354,40355,40356
40354,40355,40357
40358,40359,40362
40358,40361,40362
40364,40365,40367
40364,40366,40367
40368,40369,NA
40370,40371,NA
40372,40373,40374
40375,40376,NA
40377,40378,40379
40377,40378,40380
40377,40378,40381
40377,40378,40382
40384,40385,40386
40384,40385,40387
40384,40385,40389
40384,40385,40390
40384,40385,40391
40384,40385,40393
40384,40385,40394
40384,40385,40395
40384,40385,40396
40384,40385,40398
40384,40385,40399
40401,40402,NA
40403,40405,NA
40406,40407,NA
40408,40410,40411
40408,40410,40413
40408,40410,40415
40416,40417,NA
40418,40420,NA
40421,40422,NA
40423,40424,40425
40426,40427,NA
40428,40429,40432
40428,40429,40434
40428,40429,40436
40437,40438,40439
40437,40438,40440
40437,40438,40441
40437,40438,40442
40437,40438,40444
40445,40447,NA
40448,40449,40451
40448,40450,40451
40448,40449,40452
40448,40450,40452
40453,40454,NA
40455,40456,NA
40457,40458,40459
40460,40461,NA
40462,40464,NA
40465,40466,NA
40467,40468,40469
40467,40468,40471
40467,40468,40474
40467,40468,40476
40467,40468,40478
40467,40468,40480
40467,40468,72749
40467,40468,72752
40467,40468,72754
40467,40468,72755
40481,40482,40484
40481,40483,40484
40481,40482,40486
40481,40483,40486
40481,40482,40488
40481,40483,40488
40489,40490,NA
40491,40492,NA
40493,40494,NA
40495,40496,NA
40497,40498,NA
40499,40500,NA
40501,40502,40503
40501,40502,40504
40501,40502,40505
40501,40502,40506
40501,40502,40508
40501,40502,40509
40510,40511,NA
40512,40513,40514
40515,40516,40517
40515,40516,40518
40519,40521,NA
40522,40523,NA
40524,75961,40526
40524,40525,40526
40524,75961,40528
40524,40525,40528
40524,75961,40529
40524,40525,40529
40524,75961,40530
40524,40525,40530
40524,75961,40531
40524,40525,40531
40524,75961,40532
40524,40525,40532
40524,75961,40533
40524,40525,40533
40524,75961,40534
40524,40525,40534
40536,40537,NA
40538,40539,NA
40540,40541,73320
40542,40543,NA
40544,40545,40546
40544,40545,40547
40544,40545,40548
40544,40545,40549
40544,40545,40550
40544,40545,40551
40552,40553,40556
40552,40554,40556
40552,40553,40557
40552,40554,40557
40552,40553,40558
40552,40554,40558
40552,40553,40560
40552,40554,40560
40561,40562,NA
40563,40564,NA
40565,40567,NA
40568,40569,40570
40571,40572,40573
40575,40576,NA
40577,40578,40580
40577,40579,40580
40577,40578,40583
40577,40579,40583
40577,40578,40584
40577,40579,40584
40577,40578,40587
40577,40579,40587
40577,40578,40588
40577,40579,40588
40577,40578,40590
40577,40579,40590
40591,40592,NA
40593,40594,NA
40595,40596,40597
40595,40596,40599
40595,40596,40601
40595,40596,40603
40595,40596,69597
40604,40605,75004
40606,40607,NA
40608,40609,40610
40608,40609,40612
40608,40609,40614
40608,40609,40616
40608,40609,40619
40620,40621,NA
40622,40623,40624
40625,40626,40627
40625,40626,40628
40629,40630,40631
40629,40630,40633
40629,40630,40634
40635,40636,40637
40635,40636,40638
40635,40636,40639
40635,40636,40640
40635,40636,40641
40635,40636,40642
40635,40636,40644
40635,40636,40645
40646,40647,NA
40648,40649,40650
40648,40649,40651
40652,40653,NA
40654,40655,NA
40656,40657,40659
40656,40658,40659
40656,40657,40660
40656,40658,40660
40656,40657,40662
40656,40658,40662
40656,40657,40664
40656,40658,40664
40656,40657,40665
40656,40658,40665
40656,40657,40667
40656,40658,40667
40656,40657,40669
40656,40658,40669
40656,40657,74971
40656,40658,74971
40656,40657,74972
40656,40658,74972
40656,40657,74975
40656,40658,74975
40656,40657,74976
40656,40658,74976
40670,40671,40672
40670,40671,40673
40670,40671,40674
40676,40677,40679
40676,40678,40679
40676,40677,40681
40676,40678,40681
40676,40677,40684
40676,40678,40684
40676,40677,40686
40676,40678,40686
40676,40677,40687
40676,40678,40687
40676,40677,40688
40676,40678,40688
40676,40677,73056
40676,40678,73056
40689,40690,NA
40691,40692,NA
40693,40695,40696
40697,40698,40699
40697,40698,40700
40697,40698,40701
40697,40698,40703
40697,40698,40704
40705,40706,NA
40707,40708,40709
40707,40708,40710
40707,40708,40711
40707,40708,40712
40707,40708,40713
40714,40715,40716
40714,40715,40717
40714,40715,40718
40714,40715,40719
40714,40715,40721
40714,40715,40723
40726,40727,NA
40728,40729,40731
40728,40730,40731
40728,40729,40733
40728,40730,40733
40728,40729,40735
40728,40730,40735
40728,40729,40736
40728,40730,40736
40728,40729,40738
40728,40730,40738
40728,40729,40739
40728,40730,40739
40741,40742,NA
40743,40744,40745
40743,40744,40746
40743,40744,40747
40748,40749,NA
40750,40751,NA
40752,40753,40754
40752,40753,40755
40752,40753,40756
40758,40760,40761
40762,40763,40764
40762,40763,40765
40766,40768,NA
40769,40770,40771
40769,40770,75025
40772,40773,NA
40774,40775,77028
40774,40776,77028
40774,40775,40777
40774,40776,40777
40774,40775,77029
40774,40776,77029
40774,40775,40778
40774,40776,40778
40774,40775,40780
40774,40776,40780
40774,40775,40782
40774,40776,40782
40774,40775,40783
40774,40776,40783
40774,40775,40784
40774,40776,40784
40785,40786,NA
40788,40789,NA
40790,40791,NA
40792,40793,40794
40796,40797,NA
40798,40799,40802
40798,40800,40802
40798,40801,40802
40798,40799,40803
40798,40800,40803
40798,40801,40803
40804,40805,40806
40807,40808,NA
40809,40810,40813
40809,40811,40813
40809,40810,40815
40809,40811,40815
40809,40810,73914
40809,40811,73914
40816,40817,40818
40816,40817,40819
40816,40817,40820
40816,40817,40821
40823,40824,40825
40826,40827,40828
40826,40827,40829
40826,40827,40830
40831,40832,NA
40833,40834,NA
40835,40836,NA
40837,40838,40839
40837,40838,40840
40837,40838,40841
40837,40838,40842
40837,40838,40843
40844,40846,40847
40844,40846,40848
40849,40850,NA
40851,40852,NA
40853,40854,40855
40853,40854,40857
40853,40854,40859
40853,40854,40860
40853,40854,40861
40853,40854,40864
40853,40854,40866
40853,40854,40867
40853,40854,40868
40853,40854,76407
40869,40870,NA
40871,40872,40874
40871,40873,40874
40876,40877,40878
40879,40880,NA
40881,40882,NA
40883,40884,40885
40883,40884,40887
40883,40884,40888
40883,40884,40889
40883,40884,40890
40883,40884,40891
40883,40884,40892
40883,40884,40893
40883,40884,40894
40883,40884,40895
40883,40884,40896
40883,40884,72223
40898,40899,40900
40902,40903,40904
40905,40906,40907
40905,40906,40909
40905,40906,40910
40905,40906,40911
40905,40906,40913
40905,40906,40914
40915,40916,NA
40917,40918,NA
40919,40920,NA
40921,40923,NA
40924,40925,40929
40924,40926,40929
40924,40927,40929
40924,40925,40931
40924,40926,40931
40924,40927,40931
40924,40925,40933
40924,40926,40933
40924,40927,40933
40924,40925,40935
40924,40926,40935
40924,40927,40935
40924,40925,40937
40924,40926,40937
40924,40927,40937
40924,40925,40938
40924,40926,40938
40924,40927,40938
40924,40925,40940
40924,40926,40940
40924,40927,40940
40924,40925,40941
40924,40926,40941
40924,40927,40941
40924,40925,40942
40924,40926,40942
40924,40927,40942
40924,40925,40943
40924,40926,40943
40924,40927,40943
40924,40925,72208
40924,40926,72208
40924,40927,72208
40944,40945,NA
40944,40946,NA
40947,40948,72220
40949,40950,NA
40951,40952,40953
40955,40956,40957
40955,40956,40958
40960,40961,NA
40962,40963,NA
40964,40965,NA
40966,40968,NA
40969,40970,40971
40969,40970,40972
40973,40974,NA
40975,40976,40977
40978,40979,NA
40980,40981,NA
40982,40983,NA
40984,40985,NA
40986,40987,NA
40988,40989,NA
40990,40991,40992
40990,40991,40993
40990,40991,40994
40995,40996,40997
40998,41000,41001
40998,41000,41003
40998,41000,41004
40998,41000,41006
41007,41008,41009
41011,41012,NA
41013,41014,NA
41015,41016,NA
41017,41018,NA
41019,41020,NA
41021,41022,41023
41024,41025,NA
41026,41027,41028
41031,41032,41033
41031,41032,41035
41031,41032,41036
41039,41040,41041
41042,41043,NA
41044,41045,NA
41046,41047,41048
41046,41047,41049
41046,41047,41050
41046,41047,41051
41046,41047,41052
41054,41055,41056
41057,41058,41059
41060,41061,41062
41060,41061,41064
41060,41061,41066
41060,41061,41068
41060,41061,41069
41060,41061,41071
41067,41070,NA
41072,41074,41075
41072,41074,41077
41073,41076,41079
41078,41081,NA
41080,41084,NA
41082,41083,41085
41082,41083,41086
41087,41088,NA
41089,41090,NA
41091,41092,NA
41093,41094,41096
41093,41094,41097
41095,41098,41100
41095,41098,41120
41095,41098,41123
41095,41098,41125
41095,41098,41126
41095,41098,41128
41099,41101,NA
41102,41103,NA
41104,41105,41106
41104,41105,41109
41104,41105,41111
41104,41105,41113
41104,41105,41115
41117,41118,41121
41117,41119,41121
41117,41118,41127
41117,41119,41127
41117,41118,41129
41117,41119,41129
41117,41118,41130
41117,41119,41130
41117,41118,41132
41117,41119,41132
41117,41118,41135
41117,41119,41135
41117,41118,41136
41117,41119,41136
41117,41118,41137
41117,41119,41137
41117,41118,41138
41117,41119,41138
41117,41118,74359
41117,41119,74359
41134,41140,41142
41134,41140,73488
41141,41144,NA
41145,41147,NA
41148,41149,41150
41148,41149,41152
41148,41149,41153
41148,41149,41156
41155,41157,41158
41155,41157,41160
41159,41161,41162
41159,41161,41163
41164,41166,NA
41167,41168,NA
41169,41174,NA
41170,41171,41172
41170,41171,41173
41170,41171,41175
41170,41171,41177
41178,41181,NA
41180,41182,NA
41183,41184,NA
41185,41197,NA
41186,41187,NA
41188,41189,NA
41190,41191,41194
41190,41191,41195
41190,41191,41196
41190,41191,41199
41190,41191,41200
41190,41191,41202
41190,41191,41204
41190,41191,41205
41190,41191,41208
41201,41209,NA
41211,41213,NA
41214,41217,NA
41215,41216,NA
41218,41219,NA
41220,41221,41223
41222,41224,41226
41225,41227,NA
41228,41230,NA
41231,41232,NA
41233,41235,NA
41234,41236,41244
41234,41236,41246
41234,41236,41248
41234,41236,41250
41237,41238,41240
41237,41238,41241
41242,41243,41245
41242,41243,41247
41242,41243,41249
41251,41252,41257
41251,41256,41257
41251,41252,41259
41251,41256,41259
41254,41255,NA
41260,41263,NA
41262,41264,NA
41265,41266,NA
41267,41268,41269
41267,41268,41270
41267,41268,41271
41272,41273,41274
41272,41273,41275
41276,41277,41278
41279,41280,41281
41282,41283,NA
41284,41285,41286
41287,41288,NA
41289,41290,NA
41291,41293,NA
41294,41295,NA
41296,41297,NA
41299,41300,41301
41299,41300,41304
41299,41300,41305
41299,41300,41306
41299,41300,41307
41299,41300,41308
41309,41310,41311
41309,41310,72214
41313,41314,41315
41316,41317,NA
41318,41319,NA
41320,41322,41323
41325,41326,NA
41327,41328,41329
41327,41328,41331
41327,41328,41333
41334,41335,41338
41334,41335,41340
41334,41335,41342
41344,41345,74991
41346,41347,NA
41348,41349,41350
41348,41349,72230
41351,41352,NA
41354,41355,NA
41356,41357,41358
41356,41357,41359
41360,41361,NA
41362,41363,41365
41362,41364,41365
41362,41363,41366
41362,41364,41366
41362,41363,41368
41362,41364,41368
41362,41363,41369
41362,41364,41369
41362,41363,41371
41362,41364,41371
41362,41363,41372
41362,41364,41372
41362,41363,41373
41362,41364,41373
41375,41376,41377
41375,41376,41379
41375,41376,72227
41380,41381,41382
41380,41381,41383
41380,41381,41384
41385,41386,NA
41387,41388,NA
41389,41390,NA
41391,41392,NA
41393,41394,41395
41396,41397,41399
41396,41398,41399
41396,41397,41401
41396,41398,41401
41396,41397,41402
41396,41398,41402
41396,41397,41403
41396,41398,41403
41396,41397,41404
41396,41398,41404
41396,41397,41405
41396,41398,41405
41396,41397,69466
41396,41398,69466
41407,41408,41409
41407,41408,41410
41407,41408,41411
41407,41408,41412
41407,41408,41413
41414,41415,NA
41416,41417,NA
41418,41419,41420
41421,41422,41423
41421,41422,41424
41427,41429,NA
41430,41432,NA
41433,41434,NA
41435,41436,41438
41435,41436,41439
41435,41436,41441
41435,41436,41443
41435,41436,41444
41435,41436,41445
41447,41448,41449
41447,41448,41452
41447,41448,41454
41447,41448,41455
41447,41448,41456
41447,41448,41457
41447,41448,41458
41447,41448,41459
41447,41448,41461
41463,41464,NA
41465,41466,41467
41469,41470,NA
41471,41472,NA
41474,41475,NA
41476,41477,41478
41476,41477,41480
41476,41477,41481
41482,41483,41484
41482,41483,41485
41486,41487,41488
41490,41491,41492
41490,41491,41494
41490,41491,41496
41490,41491,41498
41490,41491,41499
41500,41501,NA
41502,41503,41504
41506,41507,NA
41508,41509,NA
41510,41511,41512
41513,41514,41515
41516,41517,NA
41518,41519,41520
41518,41519,41521
41518,41519,41522
41518,41519,41523
41518,41519,41524
41525,41526,NA
41527,41528,41529
41527,41528,41532
41533,41534,NA
41535,41536,NA
41537,41538,41539
41537,41538,41540
41537,41538,41541
41537,41538,41542
41537,41538,41543
41544,41545,NA
41546,41547,NA
41548,41549,NA
41550,41551,41552
41550,41551,41553
41554,41555,41556
41557,41558,NA
41559,41560,NA
41561,41563,41564
41561,41563,41567
41561,41563,41568
41561,41563,41569
41561,41563,41570
41571,41572,NA
41573,41574,41576
41573,41575,41576
41573,41574,41578
41573,41575,41578
41573,41574,41580
41573,41575,41580
41573,41574,41582
41573,41575,41582
41573,41574,41583
41573,41575,41583
41573,41574,41585
41573,41575,41585
41573,41574,76727
41573,41575,76727
41586,41587,41588
41591,41592,NA
41593,41594,41595
41593,41594,41597
41593,41594,41599
41593,41594,41600
41593,41594,41602
41593,41594,41604
41593,41594,41605
41593,41594,41607
41608,41609,41610
41611,41612,NA
41613,41615,41616
41617,41618,41619
41617,77787,41619
41617,41618,41620
41617,77787,41620
41617,41618,41621
41617,77787,41621
41617,41618,41622
41617,77787,41622
41617,41618,41624
41617,77787,41624
41625,41626,41627
41628,41629,41631
41628,41629,41632
41628,41629,41634
41635,41636,NA
41637,41638,41639
41637,41638,41640
41637,41638,41642
41637,41638,41643
41637,41638,41644
41645,41646,NA
41647,NA,41650
41652,41654,NA
41655,41656,NA
41657,41658,NA
41659,41660,41661
41659,41660,41662
41663,41664,NA
41665,41666,41667
41669,41670,41671
41669,41670,41673
41669,41670,41675
41669,41670,41676
41677,41678,NA
41679,41680,NA
41681,41682,41683
41681,41682,41684
41686,41688,NA
41689,41691,41693
41689,41692,41693
41689,41691,41694
41689,41692,41694
41689,41691,41695
41689,41692,41695
41689,41691,41696
41689,41692,41696
41698,41699,NA
41700,41701,41702
41700,41701,41704
41700,41701,41706
41700,41701,41707
41700,41701,41708
41710,41711,41712
41710,41711,41713
41710,41711,41714
41710,41711,41715
41716,41717,NA
41718,41719,NA
41720,41721,41722
41720,41721,41723
41724,41725,NA
41727,41728,NA
41729,41730,41732
41729,41731,41732
41729,41730,41733
41729,41731,41733
41729,41730,41734
41729,41731,41734
41729,41730,41735
41729,41731,41735
41729,41730,41736
41729,41731,41736
41729,41730,41737
41729,41731,41737
41729,41730,41738
41729,41731,41738
41729,41730,41739
41729,41731,41739
41741,41742,NA
41744,41745,NA
41746,41747,NA
41748,41749,NA
41750,41751,NA
41752,41753,NA
41754,41755,41756
41754,41755,41757
41754,41755,41758
41754,41755,41759
41754,41755,41761
41762,41763,NA
41764,41765,NA
41766,41767,NA
41768,41769,NA
41770,41771,NA
41772,41773,NA
41774,41775,NA
41776,41777,NA
41778,41779,NA
41780,41781,41782
41783,41784,41785
41783,41784,41787
41783,41784,41789
41791,41792,NA
41793,41794,41795
41793,41794,41796
41793,41794,41798
41799,41800,41801
41802,41803,NA
41804,41805,41806
41804,41805,70468
41807,41808,NA
41809,41810,NA
41811,41812,NA
41813,41814,41815
41816,41817,NA
41818,41819,41821
41818,41820,41821
41818,41819,41822
41818,41820,41822
41823,41824,NA
41825,41826,NA
41827,41828,NA
41829,41830,41831
41832,41833,NA
41834,41835,76880
41836,41837,41838
41836,41837,41839
41836,41837,41841
41836,41837,41843
41836,41837,70481
41845,41846,NA
41847,41848,41849
41850,41851,NA
41852,41853,NA
41854,41855,41856
41854,41855,41857
41854,41855,41859
41860,41861,NA
41862,41863,NA
41864,41865,41867
41864,41866,41867
41864,41865,41868
41864,41866,41868
41864,41865,41870
41864,41866,41870
41871,41872,41873
41871,41872,41875
41876,41877,41878
41876,41877,41879
41876,41877,41880
41876,41877,41881
41876,41877,41882
41876,41877,41883
41884,41885,41886
41888,41889,41892
41888,41890,41892
41888,41891,41892
41888,41889,41895
41888,41890,41895
41888,41891,41895
41888,41889,41897
41888,41890,41897
41888,41891,41897
41888,41889,41898
41888,41890,41898
41888,41891,41898
41888,41889,41900
41888,41890,41900
41888,41891,41900
41888,41889,41901
41888,41890,41901
41888,41891,41901
41888,41889,41903
41888,41890,41903
41888,41891,41903
41888,41889,41904
41888,41890,41904
41888,41891,41904
41888,41889,41905
41888,41890,41905
41888,41891,41905
41906,41907,41908
41909,41910,41912
41909,41911,41912
41909,41910,41914
41909,41911,41914
41909,41910,41916
41909,41911,41916
41909,41910,41918
41909,41911,41918
41909,41910,41920
41909,41911,41920
41921,41922,41923
41921,41922,41925
41921,41922,41927
41929,41930,41931
41929,41930,41932
41929,41930,41934
41936,41937,41938
41939,41940,41941
41939,41940,41943
41939,41940,41944
41939,41940,41945
41939,41940,41946
41947,41948,NA
41949,41950,NA
41951,41952,41953
41954,41955,41956
41957,41959,NA
41960,41961,NA
41962,41963,NA
41964,41965,NA
41968,41969,41970
41971,41972,41974
41971,41972,41976
41971,41972,41977
41971,41972,41978
41979,41980,NA
41981,41982,NA
41983,41984,41985
41986,41987,41988
41986,41987,41990
41986,41987,41991
41986,41987,41992
41993,41994,NA
41995,41996,41997
41995,41996,41998
41995,41996,41999
41995,41996,42000
42001,42003,NA
42004,42005,42006
42008,42009,42010
42008,42009,42011
42008,42009,42012
42008,42009,42013
42008,42009,42014
42015,42016,NA
42017,42018,42020
42017,42018,42021
42017,42018,42022
42017,42018,42023
42017,42018,42025
42017,42018,42029
42017,42018,42027
42017,42018,42031
42032,42033,42034
42032,42033,42035
42036,42037,42038
42036,42037,42040
42036,42037,70080
42036,42037,42041
42036,42037,42043
42036,42037,42044
42036,42037,42045
42046,42047,42049
42046,42047,42050
42051,42052,42053
42055,42056,42057
42055,42056,42058
42055,42056,42059
42061,42062,NA
42063,42064,NA
42065,42066,NA
42067,42068,42069
42070,42071,42072
42070,42071,42074
42070,42071,42075
42070,42071,42076
42070,42071,42078
42070,42071,42081
42070,42071,42082
42083,42084,NA
42085,42086,NA
42087,42088,NA
42089,42090,42091
42089,42090,42093
42089,42090,42095
42089,42090,42098
42089,42090,74357
42099,42100,NA
42101,42102,NA
42103,42104,NA
42105,42108,NA
42109,42110,42111
42109,42110,42113
42109,42110,42114
42109,42110,42116
42109,42110,42117
42109,42110,42118
42109,42110,76834
42119,42120,NA
42121,42123,NA
42124,42125,42126
42124,42125,42128
42124,42125,42129
42124,42125,42130
42131,42132,42133
42131,42132,42135
42131,42132,42136
42138,42139,42140
42138,42139,42141
42138,42139,42143
42138,42139,42144
42138,42139,42146
42138,42139,42148
42138,42139,42150
42151,42152,42153
42154,42155,42156
42157,42158,42159
42157,42158,42161
42157,42158,42162
42157,42158,42163
42164,42165,42166
42164,42165,42167
42164,42165,42168
42169,42171,NA
42172,42173,NA
42174,42175,42176
42174,42175,42177
42180,42181,NA
42182,42183,42184
42185,42186,NA
42187,42188,42189
42190,42191,42192
42190,42191,42193
42190,42191,42194
42195,42196,NA
42197,42198,42199
42197,42198,42200
42201,42202,NA
42203,42204,42205
42206,42207,42208
42206,42207,42209
42211,42212,42213
42214,42215,42217
42214,42216,42217
42214,42215,42218
42214,42216,42218
42214,42215,42219
42214,42216,42219
42214,42215,42220
42214,42216,42220
42214,42215,42221
42214,42216,42221
42214,42215,42222
42214,42216,42222
42214,42215,42223
42214,42216,42223
42214,42215,42224
42214,42216,42224
42225,42226,NA
42227,42228,NA
42229,42230,42231
42229,42230,42232
42229,42230,42233
42234,42235,NA
42236,42237,42238
42236,42237,42239
42240,42241,42242
42240,42241,42243
42240,42241,42245
42240,42241,42246
42240,42241,42247
42248,42249,NA
42250,42251,NA
42254,42255,42256
42254,42255,42257
42254,42255,42258
42259,42260,42261
42259,42260,42263
42264,42265,42266
42264,42265,42267
42268,42269,NA
42270,42271,NA
42272,42273,42274
42272,42273,42276
42272,42273,42277
42278,42279,42280
42278,42279,42282
42278,42279,42283
42278,42279,42285
42286,42287,NA
42288,42289,42290
42291,42292,NA
42293,75773,75774
42293,42294,75774
42293,75773,42295
42293,42294,42295
42293,75773,42297
42293,42294,42297
42293,75773,42299
42293,42294,42299
42293,75773,42300
42293,42294,42300
42293,75773,42302
42293,42294,42302
42293,75773,42303
42293,42294,42303
42293,75773,42304
42293,42294,42304
42293,75773,42305
42293,42294,42305
42293,75773,42307
42293,42294,42307
42293,75773,42308
42293,42294,42308
42293,75773,72213
42293,42294,72213
42293,75773,75776
42293,42294,75776
42309,42310,42311
42312,42313,NA
42314,42315,NA
42316,42317,42318
42316,42317,42320
42316,42317,42322
42316,42317,42323
42316,42317,42324
42326,42327,NA
42328,42329,NA
42330,42331,NA
42332,42333,42334
42332,42333,42335
42332,42333,42336
42332,42333,42337
42332,42333,42338
42332,42333,42340
42341,42342,42343
42360,42361,42362
42363,42364,NA
42365,42366,NA
42367,42368,42369
42367,42368,42370
42371,42372,NA
42373,42374,NA
42375,42376,42377
42375,42376,42378
42375,42376,42379
42380,42381,42382
42380,42381,42383
42380,42381,42384
42380,42381,42386
42380,42381,42388
42389,42390,NA
42391,42392,NA
42393,42394,42395
42396,42397,42398
42396,42397,42399
42396,42397,42401
42396,42397,42402
42403,42404,NA
42405,42406,NA
42407,42408,NA
42409,42410,42411
42409,42410,42413
42409,42410,42415
42416,42417,42418
42419,42420,42421
42419,42420,72222
42422,42423,NA
42424,42425,NA
42426,42427,NA
42428,42429,42430
42431,42432,42433
42431,42432,42434
42435,42436,42437
42435,42436,42438
42435,42436,42440
42435,42436,42441
42435,42436,42442
42443,42444,NA
42445,42447,NA
42448,42450,NA
42451,42452,42453
42451,42452,42455
42451,42452,42457
42451,42452,42458
42459,42460,NA
42461,42462,42463
42461,42462,42464
42461,42462,42465
42461,42462,42467
42461,42462,42469
42461,42462,42470
42471,42472,42473
42471,42472,42474
42475,42476,42477
42479,42480,NA
42481,42482,42483
42481,42482,42484
42485,42487,NA
42488,42489,42490
42488,42489,42491
42488,42489,42492
42493,42494,42495
42496,42497,42498
42500,42501,NA
42502,42503,42504
42502,42503,42506
42502,42503,42508
42509,42510,NA
42511,42512,NA
42513,42514,42515
42517,42518,NA
42519,42520,NA
42521,42522,42526
42521,42523,42526
42521,42525,42526
42521,42522,42527
42521,42523,42527
42521,42525,42527
42521,42522,42528
42521,42523,42528
42521,42525,42528
42521,42522,42529
42521,42523,42529
42521,42525,42529
42530,42531,NA
42532,42533,NA
42534,42535,42536
42534,42535,42537
42538,42539,42540
42542,42543,NA
42544,42545,42546
42548,42549,42550
42548,42549,42552
42548,42549,42553
42548,42549,42555
42548,42549,42556
42548,42549,42557
42548,42549,72948
42558,42559,42560
42558,42559,42561
42562,42563,NA
42564,42565,42566
42567,42568,42569
42570,42571,42572
42573,42574,NA
42575,42576,NA
42577,42579,NA
42580,42581,NA
42582,42584,42585
42582,42584,42586
42582,42584,42587
42582,42584,42589
42590,42591,NA
42592,42593,42594
42595,42596,NA
42597,42598,42599
42597,42598,42600
42597,42598,42602
42597,42598,42603
42597,42598,42604
42597,42598,42605
42597,42598,42606
42597,42598,42607
42597,42598,42609
42610,42611,NA
42612,42614,NA
42615,42618,42619
42615,42618,42620
42622,42623,NA
42624,42625,NA
42626,42627,42628
42626,42627,42629
42630,42632,NA
42633,42634,NA
42635,42636,NA
42637,42638,42640
42637,42639,42640
42637,42638,42645
42637,42639,42645
42637,42638,42650
42637,42639,42650
42637,42638,42654
42637,42639,42654
42637,42638,42658
42637,42639,42658
42641,42643,NA
42644,42646,42647
42649,42652,NA
42653,42655,42657
42653,42655,42659
42660,42661,42662
42660,42661,42663
42660,42661,42664
42660,42661,42665
42660,42661,70597
42667,42668,42669
42670,42671,42672
42673,42674,NA
42675,42676,NA
42677,42678,42679
42682,42683,69822
42684,42685,NA
42686,42687,NA
42688,42689,NA
42690,42691,NA
42692,42693,42694
42692,42693,42695
42692,42693,42696
42697,42698,42699
42700,42703,NA
42701,42702,NA
42704,42705,NA
42706,42707,NA
42708,42710,NA
42709,42712,42717
42709,42715,42717
42709,42712,42722
42709,42715,42722
42711,42713,42716
42719,42720,42721
42723,42724,42725
42726,42727,NA
42728,42731,NA
42729,42730,NA
42732,42733,42734
42735,42738,NA
42736,42737,NA
42739,42740,NA
42741,42742,NA
42743,42745,42747
42743,42745,42748
42743,42745,42750
42744,42746,NA
42744,42751,NA
42752,42753,42754
42752,42753,42755
42752,42753,42757
42756,42759,42761
42758,42760,42762
42763,42764,NA
42765,42766,NA
42767,42768,42769
42770,42771,42772
42770,42771,42774
42775,42776,NA
42777,42778,42779
42780,42781,42782
42780,42781,42783
42780,42781,42784
42785,42786,NA
42787,42788,NA
42789,42790,42791
42789,42790,42793
42789,42790,42794
42789,42790,42796
42789,42790,42798
42799,42800,NA
42801,42802,NA
42803,42805,NA
42804,42807,42812
42804,42809,42812
42806,42808,42810
42811,42813,42814
42811,42813,42815
42811,42813,42817
42811,42813,42818
42811,42813,42821
42823,42824,NA
42825,42826,42827
42825,42826,42828
42825,42826,42830
42831,42832,42833
42831,42832,42834
42831,42832,42835
42831,42832,42837
42831,42832,42841
42831,42832,42844
42831,42832,42846
42836,42839,42848
42836,42839,42850
42836,42839,42858
42836,42839,42861
42836,42839,42863
42836,42839,42873
42836,42839,42880
42836,42839,42886
42836,42839,42888
42836,42839,42890
42836,42839,42892
42836,42839,42894
42836,42839,42900
42836,42839,42903
42836,42839,42907
42836,42839,42918
42836,42839,42921
42851,42852,NA
42853,42855,NA
42856,42857,NA
42859,42860,42862
42859,42860,42864
42859,42860,42866
42859,42860,42869
42859,42860,42870
42871,42872,42874
42871,42872,42875
42878,42879,42881
42884,42885,42887
42889,42891,42893
42895,42896,42898
42899,42902,NA
42904,42905,NA
42906,42908,42911
42906,42908,42912
42906,42908,42913
42906,42908,42915
42906,42908,42916
42906,42908,42919
42906,42908,42920
42924,42925,42926
42927,42930,NA
42928,42929,NA
42931,42932,NA
42933,42934,42935
42936,42937,NA
42938,42939,NA
42940,42941,42942
42940,42941,42943
42940,42941,42945
42947,42948,NA
42949,42950,42951
42949,42950,42953
42949,42950,42955
42949,42950,42956
42949,42950,42957
42958,42959,42961
42958,42960,42961
42958,42959,42962
42958,42960,42962
42958,42959,42964
42958,42960,42964
42958,42959,42965
42958,42960,42965
42958,42959,42966
42958,42960,42966
42967,42968,42969
42967,42968,42970
42971,42972,NA
42973,42974,NA
42975,42976,42978
42979,42980,42981
42979,42980,42983
42979,42980,42985
42986,42987,42988
42989,42990,NA
42991,42992,42993
42994,42995,NA
42996,42997,NA
42998,42999,43000
43002,43003,NA
43004,43005,NA
43006,43007,43008
43006,43007,43010
43006,43007,43011
43006,43007,43013
43006,43007,43014
43006,43007,43016
43018,43019,43020
43018,43019,43021
43018,43019,43023
43018,43019,43024
43025,43026,43027
43025,43026,43028
43029,43030,43031
43032,43033,NA
43034,43035,NA
43036,43037,72269
43038,43039,NA
43040,43041,43042
43040,43041,43043
43040,43041,43044
43045,43046,NA
43047,43048,43050
43047,43048,43051
43047,43048,43052
43053,43054,NA
43055,43057,NA
43058,43059,NA
43060,43061,43062
43063,43064,NA
43065,43067,43069
43065,43067,43072
43065,43067,43074
43065,43067,43076
43065,43067,43078
43079,43080,NA
43081,43082,NA
43083,43084,NA
43085,43087,43089
43085,43088,43089
43085,43087,43090
43085,43088,43090
43085,43087,43091
43085,43088,43091
43085,43087,43092
43085,43088,43092
43085,43087,43093
43085,43088,43093
43095,43096,NA
43097,43099,NA
43100,43101,NA
43102,43103,43104
43105,43106,43107
43105,43106,43108
43105,43106,43109
43105,43106,43111
43105,43106,69392
43105,43106,72707
43105,43106,76457
43112,43113,43114
43112,43113,43117
43112,43113,43119
43112,43113,43120
43112,43113,43121
43112,43113,43122
43124,43125,43126
43124,43125,43128
43124,43125,43129
43132,43133,NA
43134,43135,43136
43134,43135,43137
43134,43135,43138
43134,43135,43139
43134,43135,43140
43134,43135,43142
43144,43145,NA
43148,43149,NA
43150,43151,43152
43150,43151,43155
43150,43151,43157
43159,43160,NA
43161,43162,NA
43163,43164,NA
43165,43166,NA
43167,43168,43169
43167,43168,43170
43167,43168,43171
43167,43168,70365
43172,43173,43174
43172,43173,43175
43172,43173,43176
43172,43173,43177
43172,43173,43179
43172,43173,43180
43182,43183,70001
43184,43185,43186
43184,43185,43188
43184,43185,43189
43190,43191,43192
43190,43191,43193
43194,43195,43197
43198,43199,NA
43200,43201,43202
43204,43205,43206
43207,43208,43209
43211,43212,NA
43213,43214,NA
43217,43218,NA
43219,43220,43221
43219,43220,43224
43219,43220,43227
43219,43220,43229
43219,43220,43230
43219,43220,70369
43231,NA,43233
43231,NA,43234
43237,43238,43239
43237,43238,43240
43237,43238,43241
43242,43243,43244
43246,43247,43248
43249,43250,NA
43252,43254,43256
43252,43255,43256
43252,43254,43259
43252,43255,43259
43261,43263,43264
43265,43266,43267
43268,43269,43270
43268,43269,43271
43268,43269,43272
43268,43269,43273
43268,43269,43275
43276,43277,43278
43276,43277,43282
43283,43284,NA
43285,43286,43287
43288,43289,NA
43290,43291,NA
43292,43293,NA
43294,43295,43296
43297,43298,43301
43297,43298,43303
43297,43298,43305
43297,43298,43307
43309,43310,43311
43309,43310,43315
43309,43310,43317
43309,43310,43318
43309,43310,43320
43322,43323,43324
43322,43323,43325
43327,43328,43329
43330,43331,43332
43333,43334,NA
43335,43336,43337
43339,43340,NA
43341,43342,NA
43343,43344,43346
43343,43345,43346
43343,43344,43348
43343,43345,43348
43343,43344,43349
43343,43345,43349
43343,43344,43350
43343,43345,43350
43351,43352,NA
43353,43354,NA
43355,43356,NA
43357,43358,NA
43359,43360,43361
43359,43360,43362
43359,43360,53946
43365,43366,NA
43367,43368,43369
43372,43373,NA
43374,43375,43376
43374,43375,43377
43374,43375,43378
43374,43375,43379
43381,43382,68202
43381,43382,68204
43381,43382,68206
43381,43382,68208
43381,43382,68210
43381,43382,68211
43385,43386,43387
43385,43386,43389
43385,43386,43390
43385,43386,43391
43385,43386,43393
43385,43386,43394
43385,43386,73291
43395,43397,43398
43395,43397,43400
43395,43397,43402
43395,43397,43404
43395,43397,43405
43395,43397,43407
43395,43397,43408
43395,43397,70703
43410,43411,43412
43414,43415,NA
43416,43417,69635
43418,43419,NA
43422,43423,NA
43424,43425,43426
43427,43428,NA
43429,43430,NA
43431,43432,43433
43431,43432,43435
43431,43432,43436
43431,43432,75026
43437,43438,NA
43439,43440,43441
43442,43443,43444
43442,43443,43445
43446,43447,43448
43446,43447,43449
43446,43447,43450
43446,43447,76412
43451,43452,43453
43454,43455,NA
43456,43457,43458
43456,43457,43459
43460,43461,43462
43460,43461,43464
43460,43461,43466
43460,43461,43467
43470,43471,43472
43470,43471,43473
43474,43476,NA
43477,43478,NA
43479,43480,NA
43481,43482,43483
43485,43486,43487
43488,43489,43491
43488,43490,43491
43488,43489,43493
43488,43490,43493
43488,43489,43494
43488,43490,43494
43495,43496,NA
43497,43498,43499
43497,43498,43500
43497,43498,43501
43497,43498,43503
43497,43498,43504
43505,43506,NA
43507,43508,NA
43509,43510,43511
43512,43513,NA
43514,43515,NA
43516,43517,NA
43518,43519,43520
43521,43522,NA
43523,43524,NA
43525,43526,NA
43527,43528,NA
43529,43530,NA
43531,43532,43533
43534,43535,43536
43537,43538,NA
43539,43540,43541
43544,43545,NA
43546,43547,NA
43548,43549,43550
43548,43549,43551
43552,43553,NA
43554,43555,NA
43556,43557,NA
43558,43559,43560
43558,43559,43562
43558,43559,43564
43558,43559,43565
43558,43559,43566
43558,43559,43567
43558,43559,43569
43558,43559,72260
43570,43571,43572
43570,43571,43573
43574,43575,43576
43577,43578,43579
43581,43582,NA
43583,43584,NA
43585,43586,43587
43585,43586,43588
43589,43590,43591
43592,43593,43595
43592,43594,43595
43592,43593,43596
43592,43594,43596
43598,43599,43600
43598,43599,43601
43598,43599,43602
43598,43599,43603
43604,43605,NA
43606,43607,NA
43608,43609,76335
43610,43611,NA
43612,43613,NA
43614,43615,NA
43616,43617,43618
43619,43620,NA
43621,43622,43623
43624,43625,NA
43626,43628,43630
43626,43629,43630
43626,43628,43632
43626,43629,43632
43626,43628,43634
43626,43629,43634
43636,43637,NA
43638,43639,43640
43638,43639,43641
43638,43639,43643
43644,43645,43646
43644,43645,43648
43644,43645,43649
43644,43645,43651
43653,43654,43655
43653,43654,43656
43653,43654,43658
43653,43654,43660
43653,43654,43661
43662,43663,43664
43665,43667,43668
43665,43667,43669
43665,43667,43670
43665,43667,43671
43665,43667,43672
43673,43675,43676
43673,43675,43678
43679,43680,NA
43681,43682,43683
43681,43682,43684
43681,43682,43685
43681,43682,43686
43687,43688,NA
43689,43690,NA
43696,43697,43698
43696,43697,43699
43696,43697,43701
43696,43697,43702
43696,43697,72266
43703,43704,43705
43706,43708,NA
43709,43710,NA
43711,43712,43713
43714,43715,NA
43719,43721,NA
43727,43731,43732
43733,43734,NA
43735,43736,43737
43735,43736,43739
43740,43741,43742
43745,43746,NA
43747,43748,43749
43750,43751,43752
43750,43751,43754
43755,43760,43764
43755,43760,43765
43755,43760,43767
43756,43757,NA
43758,43759,NA
43761,43762,NA
43763,43769,NA
43768,43771,43772
43770,43775,43776
43774,43777,NA
43778,43780,NA
43779,43792,43798
43779,43792,43799
43779,43792,43802
43779,43792,43803
43779,43792,43805
43779,43792,43807
43781,43783,43785
43782,43784,NA
43786,43787,75027
43788,43790,NA
43789,43791,43793
43789,43791,43797
43789,43791,43806
43789,43791,43811
43789,43791,43817
43795,43796,43800
43795,43796,43804
43795,43796,43809
43810,43813,NA
43814,43815,NA
43816,43818,NA
43819,43821,NA
43820,43822,NA
43823,43824,NA
43825,43827,43829
43825,43827,43830
43825,43827,43832
43825,43827,43835
43826,43828,43834
43826,43828,76732
43831,43833,43837
43831,43833,43842
43839,43840,76435
43841,43843,NA
43844,43848,NA
43845,43846,43847
43849,43850,43852
43849,43850,43853
43849,43850,43854
43855,43856,43857
43855,43856,43859
43861,43862,69692
43863,43864,NA
43865,43866,43867
43865,43866,43868
43865,43866,43870
43871,43873,43875
43872,43874,NA
43876,43878,NA
43880,43886,NA
43881,43884,NA
43882,43883,NA
43885,43887,43888
43889,43892,43894
43890,43895,43896
43890,43895,43898
43890,43895,43901
43891,43893,NA
43899,43903,43906
43899,43904,43906
43899,43903,43912
43899,43904,43912
43899,43903,43915
43899,43904,43915
43899,43903,43916
43899,43904,43916
43899,43903,43920
43899,43904,43920
43899,43903,43921
43899,43904,43921
43902,43905,43907
43909,43910,NA
43911,43913,NA
43914,43917,NA
43919,43922,43923
43924,43926,43931
43924,43926,43937
43924,43926,43938
43924,43926,43941
43924,43926,43943
43924,43926,43946
43924,43926,76101
43925,43928,43939
43925,43930,43939
43927,43929,43932
43935,43936,73917
43945,43947,73918
43948,43953,NA
43949,43950,43951
43949,73618,43951
43949,43950,73619
43949,73618,73619
43954,43955,43956
43957,43958,NA
43959,43960,43961
43959,43960,43962
43959,43960,43964
43963,43965,43966
43972,43973,69816
43974,43975,43976
43977,43990,NA
43978,43979,43980
43981,43982,NA
43984,43985,NA
43986,43987,43988
43989,44000,44001
43989,44000,44002
43989,44000,44003
43989,44000,44004
43989,44000,44006
43991,43993,NA
43992,43994,43997
43992,43994,43999
43992,43994,44010
43992,43994,44012
43995,43996,NA
44005,44007,44009
44005,44007,44013
44014,44015,44016
44018,44019,44021
44018,44019,44026
44020,44022,NA
44024,44025,NA
44029,44030,NA
44031,44032,73171
44033,44034,44035
44036,44037,NA
44038,44039,44040
44042,44043,NA
44044,44045,NA
44046,44047,44048
44046,44047,44049
44051,44052,NA
44053,44054,68212
44056,44057,44058
44060,44061,44062
44060,44061,44063
44060,44061,44065
44060,44061,44067
44068,44069,NA
44070,44071,NA
44072,44073,44074
44072,44073,73451
44075,44076,44077
44078,44079,NA
44080,44081,44082
44083,44084,44086
44083,44084,44088
44090,44091,NA
44092,44093,NA
44092,44094,NA
44095,44096,44097
44098,44099,NA
44100,44101,NA
44102,44103,44104
44106,44107,44108
44106,44107,44109
44106,44107,44111
44106,44107,44113
44114,44115,NA
44116,44117,44118
44116,44117,44119
44120,44121,44122
44120,44121,44124
44120,44121,44125
44120,44121,69611
44126,44127,44129
44126,44128,44129
44126,44127,44131
44126,44128,44131
44126,44127,76659
44126,44128,76659
44126,44127,76661
44126,44128,76661
44132,44133,44134
44132,44133,44135
44132,44133,44137
44132,44133,44138
44132,44133,44140
44132,44133,44141
44132,44133,44143
44132,44133,44144
44139,44142,44145
44139,44142,44149
44139,44142,44152
44139,44142,44157
44139,44142,44160
44147,44148,NA
44158,44159,NA
44161,44162,44163
44164,44166,NA
44167,44168,NA
44169,44170,44171
44169,44170,44173
44169,44170,44176
44169,44170,44177
44169,44170,44178
44182,44183,44184
44182,44183,44185
44187,44188,44189
44191,44192,NA
44194,44195,NA
44197,44199,NA
44198,44200,NA
44201,44204,NA
44202,44203,NA
44205,44206,44207
44208,44209,NA
44210,44211,44212
44210,44211,44213
44210,44211,44215
44216,44318,44321
44216,44318,44323
44216,44318,44324
44216,44318,44325
44216,44318,44330
44217,44218,44221
44217,44219,44221
44217,44218,44222
44217,44219,44222
44217,44218,44224
44217,44219,44224
44225,44226,NA
44227,44228,44231
44227,44230,44231
44227,44228,44232
44227,44230,44232
44227,44228,44233
44227,44230,44233
44227,44228,44234
44227,44230,44234
44235,44236,44238
44235,44237,44238
44235,44236,44239
44235,44237,44239
44235,44236,44240
44235,44237,44240
44235,44236,44241
44235,44237,44241
44235,44236,44242
44235,44237,44242
44235,44236,44244
44235,44237,44244
44245,44246,44247
44248,44249,44251
44248,44250,44251
44248,44249,44254
44248,44250,44254
44248,44249,44255
44248,44250,44255
44248,44249,44256
44248,44250,44256
44248,44249,44258
44248,44250,44258
44248,44249,44260
44248,44250,44260
44248,44249,44261
44248,44250,44261
44248,44249,70386
44248,44250,70386
44262,44264,NA
44265,44266,NA
44267,44268,44269
44270,44271,NA
44272,44273,NA
44274,44275,44276
44274,44275,44278
44280,44281,NA
44282,44283,44284
44285,44286,44287
44285,44286,76180
44288,44289,44290
44288,44289,44291
44288,44289,44293
44294,44295,44296
44297,44298,NA
44299,44300,44301
44299,44300,44303
44299,44300,44304
44305,44306,NA
44307,44308,NA
44309,44310,44311
44313,44314,44315
44313,44314,44316
44313,44314,44317
44313,44314,44319
44313,44314,44322
44326,44327,NA
44328,44329,44331
44328,44329,44332
44328,44329,44334
44328,44329,44335
44328,44329,44338
44336,44337,NA
44339,44340,44341
44342,44344,NA
44343,44345,NA
44346,44347,NA
44348,44350,NA
44349,44351,NA
44352,44353,NA
44354,NA,44357
44354,NA,44359
44354,NA,44361
44354,NA,44363
44354,NA,44365
44354,NA,44371
44354,NA,44375
44355,44356,44358
44360,44362,NA
44364,44366,44367
44369,44370,NA
44373,44374,NA
44376,44377,44378
44380,44381,NA
44382,44384,44385
44383,44387,44388
44383,44387,44389
44383,44387,44390
44383,44387,44392
44383,44387,44398
44383,44387,44402
44383,44387,44403
44383,44387,44406
44383,44387,44407
44383,44387,44408
44391,44393,44395
44391,44393,76425
44397,44399,NA
44400,44401,NA
44405,44409,44411
44405,44409,44415
44405,44409,44417
44405,44409,44418
44405,44409,44423
44405,44409,44427
44405,44409,44428
44410,44413,44414
44410,44413,44416
44420,44422,44424
44429,44430,44431
44429,44430,44432
44429,44430,44433
44435,44437,44439
44435,44437,44447
44435,44437,44448
44436,44438,73255
44440,44441,44443
44440,44441,44444
44440,44441,44445
44440,44441,44449
44453,44454,44455
44456,44457,NA
44458,44459,NA
44460,44461,NA
44462,44463,44464
44466,44467,NA
44468,44469,44470
44468,44469,44473
44474,44475,44476
44474,44475,44478
44474,44475,73297
44480,44481,76778
44480,44483,76778
44480,44481,44484
44480,44483,44484
44480,44481,44486
44480,44483,44486
44480,44481,44487
44480,44483,44487
44480,44481,44489
44480,44483,44489
44480,44481,44490
44480,44483,44490
44480,44481,44491
44480,44483,44491
44480,44481,44492
44480,44483,44492
44480,44481,44493
44480,44483,44493
44494,44495,44497
44494,44496,44497
44494,44495,44498
44494,44496,44498
44494,44495,44499
44494,44496,44499
44494,44495,44500
44494,44496,44500
44494,44495,44501
44494,44496,44501
44494,44495,44502
44494,44496,44502
44494,44495,44503
44494,44496,44503
44504,44505,NA
44507,44508,44509
44507,44508,44510
44507,44508,72586
44511,44512,44513
44511,44512,44514
44515,44516,44517
44518,44519,44520
44518,44519,44521
44518,44519,44522
44523,44524,NA
44525,44526,NA
44527,44529,44530
44527,44529,44532
44533,44535,NA
44536,44537,44538
44543,44545,44546
44547,44548,44551
44547,44549,44551
44547,44550,44551
44547,44548,44552
44547,44549,44552
44547,44550,44552
44553,44554,NA
44555,44556,44557
44555,44556,44558
44555,44556,44559
44560,44561,44562
44560,44561,44563
44560,44561,44564
44560,44561,44565
44560,44561,44567
44560,44561,44569
44560,44561,44570
44560,44561,44572
44573,44574,NA
44579,44580,NA
44581,44582,NA
44583,44584,44585
44587,44588,44590
44587,44588,68214
44587,44588,68216
44587,44588,68217
44587,44588,68219
44587,44588,68221
44593,44594,44595
44593,44594,70313
44597,44598,44599
44597,44598,44600
44597,44598,44602
44604,44605,44606
44608,44609,NA
44610,44611,44612
44610,44611,44614
44610,44611,44616
44610,44611,44618
44610,44611,44619
44610,44611,44620
44621,44622,44623
44625,44626,44627
44625,44626,44628
44625,44626,44629
44625,44626,44630
44625,44626,76122
44631,44632,NA
44634,44635,44636
44637,44638,44639
44637,44638,73838
44640,44641,NA
44642,44643,44644
44642,44643,44645
44642,44643,44646
44649,44651,77473
44649,77472,77473
44652,44653,44654
44652,44653,44655
44652,44653,44657
44659,44660,44661
44662,44663,NA
44664,44665,NA
44666,44667,NA
44668,44669,NA
44670,44672,44673
44674,44675,44676
44677,44678,NA
44679,44681,NA
44682,44683,44684
44682,44683,44685
44682,44683,44686
44688,44689,44690
44692,44693,44694
44692,44693,44696
44692,44693,44697
44692,44693,44698
44699,44700,NA
44701,44702,44703
44704,44705,NA
44706,44708,44709
44711,44712,44713
44711,44712,44714
44715,44716,44717
44715,44716,44718
44715,44716,44720
44715,44716,44721
44715,44716,44722
44715,44716,44723
44715,44716,44724
44715,44716,44725
44715,44716,44726
44715,44716,44727
44715,44716,44728
44715,44716,72600
44729,44730,44731
44732,44733,NA
44734,44735,NA
44736,44737,NA
44738,44739,44740
44741,44742,NA
44743,44744,NA
44745,44746,NA
44747,44748,44749
44750,44751,NA
44752,44753,NA
44754,44755,NA
44756,44757,NA
44758,44759,44760
44761,44762,NA
44763,44764,44765
44766,44767,NA
44768,44769,44770
44768,44769,44772
44774,44775,44780
44774,44778,44780
44774,44775,44783
44774,44778,44783
44774,44775,44785
44774,44778,44785
44774,44775,44786
44774,44778,44786
44774,44775,44788
44774,44778,44788
44774,44775,44789
44774,44778,44789
44774,44775,44790
44774,44778,44790
44774,44775,44791
44774,44778,44791
44792,44793,44794
44792,44793,44795
44792,44793,44796
44792,44793,44797
44792,44793,44799
44792,44793,70390
44800,44801,44802
44800,44801,44803
44800,44801,44804
44800,44801,44805
44800,44801,44807
44809,44810,NA
44813,44814,44815
44813,44814,44817
44813,44814,44818
44813,44814,44819
44820,44821,44822
44823,44824,NA
44825,44826,44830
44825,44827,44830
44825,44828,44830
44825,44829,44830
44825,44826,44831
44825,44827,44831
44825,44828,44831
44825,44829,44831
44825,44826,44832
44825,44827,44832
44825,44828,44832
44825,44829,44832
44825,44826,44833
44825,44827,44833
44825,44828,44833
44825,44829,44833
44825,44826,44834
44825,44827,44834
44825,44828,44834
44825,44829,44834
44835,44836,NA
44837,44838,NA
44839,44840,NA
44841,44842,44843
44841,44842,44845
44846,44847,NA
44848,44849,44851
44848,44850,44851
44848,44849,44854
44848,44850,44854
44848,44849,44855
44848,44850,44855
44848,44849,44856
44848,44850,44856
44848,44849,44857
44848,44850,44857
44858,44859,44860
44861,44862,44863
44865,44866,NA
44867,44868,NA
44869,44870,NA
44871,44872,NA
44873,44874,44875
44885,44886,NA
44888,44889,NA
44890,44891,NA
44892,44893,NA
44894,44895,44896
44894,44895,44898
44894,44895,44900
44894,44895,44902
44903,44905,NA
44904,44906,44907
44908,44909,NA
44910,44911,NA
44912,44913,NA
44914,44916,44919
44915,44917,44918
44921,44923,NA
44922,44924,NA
44925,44926,44929
44925,77502,44929
44925,44928,44929
44925,44926,44931
44925,77502,44931
44925,44928,44931
44925,44926,44932
44925,77502,44932
44925,44928,44932
44927,44930,NA
44933,44935,NA
44934,44936,44937
44939,44940,NA
44941,44942,NA
44943,44944,NA
44945,44946,NA
44947,44949,44951
44947,44949,44953
44947,44949,44955
44948,44950,44956
44948,44950,44961
44957,44959,44960
44957,44959,44962
44963,44965,NA
44964,44966,NA
44967,44971,44972
44968,44970,NA
44973,44974,44975
44977,44978,NA
44979,44980,44981
44979,44980,44983
44979,44980,44987
44979,44980,44989
44979,44980,44990
44979,44980,44994
44982,44986,NA
44991,44993,44996
44991,44993,44999
44991,44993,45000
44991,44993,45001
44991,44993,45002
44991,44993,45003
44991,44993,45004
45005,45006,45007
45008,45009,NA
45010,45011,45012
45013,45014,NA
45015,45016,NA
45017,45018,NA
45019,45020,45021
45022,45023,NA
45024,45025,NA
45026,45027,45028
45026,45027,45029
45026,45027,45030
45026,45027,45031
45026,45027,45032
45033,45034,NA
45035,45036,NA
45037,45040,NA
45038,45039,NA
45041,45042,NA
45043,45045,45048
45043,45045,45049
45043,45045,45052
45043,45045,45053
45043,45045,45055
45043,45045,45058
45044,45046,45047
45044,45046,45050
45044,45046,45056
45059,45060,45061
45062,45063,NA
45064,45066,NA
45067,45068,45069
45067,45068,45070
45067,45068,45071
45067,45068,45072
45067,45068,45073
45074,45075,NA
45076,45077,45078
45076,45077,45081
45076,45077,45082
45076,45077,45084
45076,45077,45085
45086,45087,NA
45088,45089,NA
45090,45091,45092
45093,45094,NA
45095,45096,NA
45097,45098,45099
45100,45101,45103
45100,76896,45103
45100,45102,45103
45100,45101,45105
45100,76896,45105
45100,45102,45105
45100,45101,45106
45100,76896,45106
45100,45102,45106
45100,45101,45107
45100,76896,45107
45100,45102,45107
45108,45109,45110
45111,45112,45113
45115,45116,45117
45115,45116,45120
45121,45122,45123
45121,45122,45124
45121,45122,45126
45121,45122,45127
45121,45122,45128
45129,45130,45131
45129,45130,45132
45129,45130,45133
45134,45135,NA
45136,45137,NA
45138,45139,45140
45141,45142,NA
45143,45144,45145
45147,45148,NA
45149,45150,45151
45152,45153,NA
45154,45155,NA
45156,45157,NA
45158,45159,45160
45158,45159,45161
45158,45159,45162
45158,45159,45164
45165,45166,NA
45167,45168,NA
45169,45170,NA
45171,45173,NA
45172,45174,45185
45172,45174,45189
45172,45174,45191
45172,45174,45193
45172,45174,45194
45172,45174,45198
45172,45174,45199
45175,45176,45177
45180,45183,45184
45180,45183,45188
45180,45183,45192
45180,45183,45200
45180,45183,45203
45204,45206,NA
45207,45209,45211
45208,45213,45216
45214,45215,45217
45214,45215,45218
45214,45215,45222
45214,45215,45223
45219,45221,NA
45225,45227,NA
45226,45228,45229
45230,45232,NA
45233,45234,45235
45236,45240,45242
45236,45240,45246
45237,45239,45247
45237,45241,45247
45237,45243,45247
45237,45239,45250
45237,45241,45250
45237,45243,45250
45237,45239,45254
45237,45241,45254
45237,45243,45254
45237,45239,45259
45237,45241,45259
45237,45243,45259
45237,45239,45260
45237,45241,45260
45237,45243,45260
45237,45239,45263
45237,45241,45263
45237,45243,45263
45248,45251,NA
45253,45258,NA
45261,45262,NA
45264,45265,72241
45266,45267,NA
45268,45270,NA
45269,45273,NA
45272,45274,NA
45275,45276,45277
45275,45276,45279
45275,45276,45280
45275,45276,45281
45275,45276,45282
45275,45276,45284
45286,45287,NA
45288,45289,45290
45288,45289,45291
45288,45289,45292
45288,45289,45294
45288,45289,45295
45288,45289,45296
45288,45289,45297
45288,45289,45298
45288,45289,45299
45300,45301,NA
45302,45303,NA
45304,45305,NA
45306,45307,45308
45306,45307,45309
45306,45307,45310
45306,45307,45311
45306,45307,45312
45306,45307,45313
45314,45315,45316
45318,45319,45320
45318,45319,45322
45323,45324,45325
45327,45328,45329
45330,45331,NA
45332,45333,NA
45334,45335,NA
45336,45337,45338
45339,45341,NA
45342,45343,45344
45342,45343,45346
45348,45349,NA
45350,45351,NA
45352,45353,NA
45354,45355,NA
45356,45357,NA
45358,45359,NA
45360,45361,NA
45362,45363,NA
45364,45365,NA
45366,45367,45368
45369,45370,45371
45373,45374,45375
45373,73354,45375
45373,45374,45376
45373,73354,45376
45373,45374,45378
45373,73354,45378
45373,45374,45380
45373,73354,45380
45373,45374,45381
45373,73354,45381
45373,45374,45382
45373,73354,45382
45373,45374,45384
45373,73354,45384
45373,45374,73355
45373,73354,73355
45385,45386,NA
45387,45388,NA
45389,45390,45391
45392,45393,NA
45394,45395,NA
45396,45397,45398
45399,45400,NA
45401,45402,45403
45404,45406,NA
45407,45408,45409
45411,45412,45413
45415,45416,NA
45417,45418,NA
45419,45420,NA
45421,45422,45423
45421,45422,45424
45421,45422,45426
45421,45422,45428
45421,45422,45430
45421,45422,45432
45421,45422,45433
45421,45422,70618
45435,45436,NA
45437,45438,45439
45440,45441,45442
45440,45441,45443
45440,45441,45446
45440,45441,45447
45448,45449,NA
45450,45451,NA
45452,45453,NA
45454,45455,NA
45456,45457,NA
45458,45459,45460
45458,45459,73811
45461,45462,45463
45465,45466,NA
45467,45468,45469
45470,45471,NA
45472,45473,NA
45474,45475,45476
45474,45475,45477
45474,45475,45481
45474,45475,45482
45474,45475,45483
45484,45485,NA
45486,45487,45489
45486,45487,45491
45486,45487,45493
45486,45487,45494
45486,45487,45496
45486,45487,45499
45500,45501,45502
45500,45501,45503
45500,45501,45504
45500,45501,45505
45506,45507,45508
45506,45507,45509
45510,45511,45512
45510,45511,45513
45510,45511,45515
45516,45517,45522
45516,45518,45522
45516,45519,45522
45516,45520,45522
45516,45517,45524
45516,45518,45524
45516,45519,45524
45516,45520,45524
45516,45517,45525
45516,45518,45525
45516,45519,45525
45516,45520,45525
45526,45527,45528
45529,45530,NA
45531,45532,NA
45533,45534,NA
45535,45536,NA
45537,45538,45539
45537,45538,45541
45537,45538,45542
45545,45548,NA
45549,45550,NA
45551,45552,NA
45553,45554,NA
45555,45556,NA
45557,45558,73471
45559,45560,NA
45561,45562,NA
45563,45565,45566
45568,45569,NA
45570,45571,45572
45573,45574,NA
45575,45576,45577
45575,45576,45578
45575,45576,45579
45575,45576,45581
45575,45576,45583
45575,45576,45585
45575,45576,45587
45589,45590,NA
45591,45592,45595
45591,45593,45595
45591,45592,45596
45591,45593,45596
45591,45592,45597
45591,45593,45597
45591,45592,45599
45591,45593,45599
45601,45602,NA
45603,45604,NA
45605,45606,NA
45607,45608,NA
45609,45610,NA
45611,45612,45613
45611,45612,45615
45611,45612,45616
45611,45612,45618
45611,45612,45620
45611,45612,45622
45611,45612,45624
45626,45627,45629
45626,45627,45631
45626,45627,45633
45634,45635,NA
45636,45637,NA
45638,45639,45640
45638,45639,45642
45638,45639,45644
45638,45639,45645
45638,45639,45646
45647,45648,45649
45650,45651,45652
45650,45651,45653
45650,45651,45655
45650,45651,45657
45650,45651,45659
45650,45651,45661
45650,45651,45663
45650,45651,45665
45666,45667,NA
45668,45669,NA
45670,45671,45673
45670,45672,45673
45670,45671,45675
45670,45672,45675
45670,45671,45676
45670,45672,45676
45677,45678,45679
45680,45681,45683
45680,45681,45684
45680,45681,45685
45680,45681,45686
45680,45681,45688
45689,45690,45692
45693,45694,70383
45695,45696,NA
45697,45698,45699
45697,45698,45700
45697,45698,45701
45697,45698,45703
45697,45698,45705
45697,45698,45707
45708,45709,NA
45710,45711,45712
45713,45714,NA
45715,45716,45717
45718,45719,45720
45721,45722,NA
45723,45724,45725
45727,45728,NA
45729,45730,45732
45729,45731,45732
45729,45730,45735
45729,45731,45735
45729,45730,45737
45729,45731,45737
45729,45730,45739
45729,45731,45739
45729,45730,45741
45729,45731,45741
45729,45730,45743
45729,45731,45743
45744,45745,45746
45744,45745,45748
45744,45745,45750
45744,45745,45752
45744,45745,45753
45744,45745,45755
45744,45745,45756
45744,45745,45757
45759,45760,NA
45761,45762,45763
45761,45762,45765
45766,45767,45768
45769,45770,45771
45769,45770,45773
45769,45770,45775
45769,45770,45777
45769,45770,45778
45779,45780,NA
45781,45782,NA
45783,45785,45786
45787,45788,NA
45789,45790,45791
45794,45795,NA
45796,45798,NA
45799,45800,NA
45801,45802,NA
45803,NA,45805
45803,NA,45808
45803,NA,45810
45803,NA,45812
45803,NA,45813
45803,NA,45814
45815,45816,45817
45815,45816,45818
45815,45816,45821
45815,45816,45822
45815,45816,45823
45815,45816,45825
45815,45816,45827
45815,45816,45828
45829,45830,45831
45832,45833,NA
45834,45835,70442
45836,45837,45838
45840,45841,NA
45842,45843,NA
45844,45845,45847
45844,45846,45847
45844,45845,45848
45844,45846,45848
45844,45845,45849
45844,45846,45849
45844,45845,45850
45844,45846,45850
45852,45853,45854
45852,45853,45856
45852,45853,45859
45852,45853,45861
45862,45863,NA
45864,45865,45867
45864,45866,45867
45864,45865,45877
45864,45866,45877
45864,45865,45884
45864,45866,45884
45864,45865,45885
45864,45866,45885
45864,45865,45887
45864,45866,45887
45864,45865,45890
45864,45866,45890
45864,45865,45891
45864,45866,45891
45864,45865,45892
45864,45866,45892
45864,45865,45894
45864,45866,45894
45864,45865,45898
45864,45866,45898
45864,45865,45901
45864,45866,45901
45864,45865,45902
45864,45866,45902
45869,45873,NA
45874,45875,NA
45876,45878,NA
45880,45881,NA
45882,45883,NA
45886,45888,NA
45897,45899,45900
45903,45906,NA
45904,45905,NA
45907,45908,NA
45909,45910,45913
45909,45910,45915
45916,45918,45919
45917,45920,45921
45924,45925,45926
45928,45930,NA
45931,45933,NA
45932,45935,NA
45936,45937,NA
45938,45941,45943
45939,45940,NA
45942,45944,45946
45945,45947,NA
45949,45950,45951
45949,45950,45952
45953,45954,NA
45955,45956,45958
45955,45956,45959
45955,45956,45960
45955,45956,45962
45955,45956,45963
45955,45956,45965
45967,45968,45970
45967,45968,45971
45967,45968,45973
45967,45968,45975
45967,45968,45976
45978,45979,NA
45980,45981,45982
45980,45981,45983
45980,45981,45984
45985,45986,NA
45987,45988,NA
45989,45991,45992
45994,45996,45997
45994,45996,45999
46000,46001,NA
46002,46003,46004
46002,46003,46006
46002,46003,46009
46002,46003,46011
46002,46003,46012
46002,46003,46013
46002,46003,46014
46002,46003,46015
46016,46017,NA
46018,46020,NA
46021,46022,46023
46024,46025,NA
46026,46028,46029
46026,46028,46030
46026,46028,46032
46033,46034,NA
46035,46036,NA
46037,46038,NA
46039,46040,NA
46041,46042,46043
46044,46046,46047
46048,46049,NA
46050,46051,46052
46053,46054,NA
46055,46056,46057
46055,46056,76599
46060,46061,NA
46062,46063,NA
46064,46065,46069
46064,46065,46072
46064,46065,46073
46074,46075,46076
46077,46078,73466
46079,46080,NA
46081,77423,46083
46081,46082,46083
46085,46086,46087
46085,46086,46088
46089,46090,46091
46089,46090,46092
46089,46090,46094
46089,46090,46095
46089,46090,46096
46089,46090,46097
46098,46099,NA
46100,46101,NA
46103,46104,NA
46105,46106,46107
46108,46109,46110
46112,46113,NA
46114,46115,46116
46114,46115,46117
46118,46119,46121
46118,77425,46121
46118,46120,46121
46118,46119,46122
46118,77425,46122
46118,46120,46122
46123,46124,46125
46126,46127,NA
46128,46130,46132
46128,46131,46132
46128,46130,46133
46128,46131,46133
46128,46130,46134
46128,46131,46134
46128,46130,74805
46128,46131,74805
46128,46130,74806
46128,46131,74806
46128,46130,74807
46128,46131,74807
46128,46130,46135
46128,46131,46135
46128,46130,74809
46128,46131,74809
46128,46130,74810
46128,46131,74810
46128,46130,72249
46128,46131,72249
46136,46137,46138
46136,46137,46139
46136,46137,46140
46141,46142,NA
46143,46144,46145
46147,46148,NA
46149,46150,76374
46151,46152,46153
46151,46152,46155
46151,46152,46156
46151,46152,46158
46159,46160,NA
46161,46162,46163
46164,46165,NA
46166,46167,46168
46166,46167,46169
46166,46167,46170
46172,46173,NA
46174,46175,NA
46176,46177,46178
46176,46177,46179
46176,46177,46180
46176,46177,46182
46176,46177,46183
46184,46186,NA
46187,46188,46189
46190,46192,NA
46193,46194,NA
46195,46196,NA
46197,46198,NA
46199,46200,NA
46201,46202,NA
46203,46204,NA
46205,46206,NA
46207,46208,46211
46207,46208,46213
46214,46215,NA
46216,46217,46219
46216,46218,46219
46216,46217,46220
46216,46218,46220
46216,46217,46221
46216,46218,46221
46216,46217,46222
46216,46218,46222
46216,46217,46226
46216,46218,46226
46216,46217,46228
46216,46218,46228
46216,46217,46229
46216,46218,46229
46231,46232,NA
46233,46234,46236
46233,46235,46236
46233,46234,46238
46233,46235,46238
46233,46234,46240
46233,46235,46240
46233,46234,46241
46233,46235,46241
46243,46244,NA
46245,46246,NA
46247,46248,NA
46249,46250,46251
46252,46253,46254
46255,46257,46258
46255,46257,46259
46255,46257,46260
46255,46257,46261
46255,46257,46262
46255,46257,46263
46255,46257,46265
46267,46268,NA
46269,46270,NA
46271,46272,46273
46274,46275,NA
46276,46277,46278
46279,46280,NA
46281,46282,NA
46283,46284,NA
46285,46286,NA
46287,46288,NA
46289,46290,NA
46291,46292,46293
46291,46292,46294
46295,46296,NA
46297,46298,NA
46299,46300,46303
46299,46302,46303
46299,46300,46304
46299,46302,46304
46299,46300,46305
46299,46302,46305
46299,46300,46307
46299,46302,46307
46299,46300,46308
46299,46302,46308
46299,46300,46310
46299,46302,46310
46299,46300,46311
46299,46302,46311
46299,46300,46312
46299,46302,46312
46313,46314,46315
46313,46314,46316
46317,46318,46319
46317,46318,46320
46322,46323,46324
46322,46323,46325
46322,46323,46327
46322,46323,46330
46322,46323,46331
46322,46323,46332
46322,46323,46334
46322,46323,46337
46322,46323,46338
46339,46340,46343
46344,46345,NA
46346,46347,NA
46348,46349,NA
46350,46351,46352
46350,46351,46353
46354,46355,NA
46357,46358,46359
46357,46358,46360
46357,46358,46361
46357,46358,46363
46357,46358,46364
46357,46358,46365
46357,46358,46367
46357,46358,46368
46357,46358,46369
46357,46358,46371
46357,46358,46372
46373,46375,NA
46376,46377,46378
46376,46377,46379
46376,46377,46381
46376,46377,46384
46376,46377,46385
46376,46377,46386
46387,46388,46389
46387,46388,46391
46387,46388,46392
46387,46388,76383
46393,46394,NA
46395,46396,46397
46398,46399,46400
46401,46402,NA
46403,46405,NA
46403,46406,NA
46407,46408,NA
46409,46410,46411
46409,46410,46413
46415,46416,NA
46417,46418,NA
46419,46420,NA
46421,46422,NA
46423,46424,NA
46425,46426,NA
46427,46428,NA
46429,46430,46431
46429,46430,46433
46429,46430,46435
46437,46438,NA
46439,46440,46441
46443,46444,46445
46446,46447,NA
46448,46449,46450
46448,46449,46451
46448,46449,46453
46448,46449,46455
46448,46449,46456
46448,46449,46457
46458,46459,NA
46460,46461,NA
46462,46463,46465
46462,46463,46466
46462,46463,46467
46462,46463,46469
46462,46463,46472
46462,46463,46473
46462,46463,46475
46476,46477,46479
46476,46478,46479
46476,46477,46480
46476,46478,46480
46476,46477,46481
46476,46478,46481
46482,46483,NA
46484,46485,NA
46486,46487,46488
46486,46487,46489
46486,46487,46490
46486,46487,46491
46493,46494,46495
46493,46494,46498
46499,46500,46502
46499,46500,46504
46499,46500,46506
46499,46500,46508
46499,46500,46509
46499,46500,46510
46499,46500,46511
46512,46513,46514
46512,46513,46515
46512,46513,46516
46517,46518,46519
46517,46518,69782
46520,46521,46524
46520,46523,46524
46520,46521,46525
46520,46523,46525
46520,46521,46526
46520,46523,46526
46520,46521,46527
46520,46523,46527
46520,46521,46529
46520,46523,46529
46520,46521,46530
46520,46523,46530
46532,46533,46534
46535,46536,46537
46538,46539,NA
46540,46541,46542
46543,46660,46661
46543,46660,46662
46543,46660,46664
46543,46660,46666
46543,46660,72482
46544,46545,46546
46544,46545,46547
46544,46545,46548
46549,46550,NA
46551,46552,46553
46551,46552,46554
46551,46552,46556
46551,46552,46557
46558,46560,NA
46561,46562,46563
46561,46562,46564
46561,46562,46565
46566,46567,NA
46568,46569,NA
46570,46571,46572
46573,46574,46576
46573,46575,46576
46577,46579,46580
46577,46579,46582
46577,46579,46583
46584,46585,46586
46588,46589,NA
46590,46591,NA
46592,46593,46594
46595,46596,46597
46595,46596,46598
46599,46600,46601
46602,46603,NA
46604,46605,NA
46606,46607,68222
46609,46610,NA
46611,46612,NA
46613,46614,NA
46615,46617,46619
46615,46618,46619
46620,46622,46623
46625,46626,NA
46627,46628,NA
46629,46630,NA
46631,46632,46633
46634,46635,NA
46636,46637,NA
46638,46639,46640
46641,46642,46644
46641,46642,46645
46641,46642,46646
46641,46642,46647
46641,46642,46650
46651,46652,NA
46653,46655,NA
46656,46657,NA
46658,46659,NA
46668,46669,NA
46670,46671,46672
46673,46674,46675
46676,46677,46678
46676,46677,46680
46676,46677,46681
46676,46677,46682
46683,46684,46685
46687,46688,NA
46689,46690,NA
46691,46692,46693
46691,46692,46694
46691,46692,46695
46691,46692,75690
46696,46697,NA
46698,46699,46700
46701,46702,46703
46701,46702,46704
46701,46702,46706
46701,46702,46707
46709,46711,46714
46709,46711,46715
46709,46711,46716
46709,46711,46717
46709,46711,46720
46721,46722,NA
46723,46724,NA
46725,46726,NA
46727,46728,46729
46730,46731,46732
46733,46734,46735
46733,46734,46736
46733,46734,46737
46733,46734,46738
46733,46734,46739
46740,46741,76304
46742,46743,46744
46746,46747,NA
46748,46749,NA
46750,46751,NA
46752,46753,46754
46755,46756,76326
46757,46758,46759
46760,46761,46762
46765,46766,46767
46765,46766,46770
46765,46766,46771
46765,46766,46773
46765,46766,46776
46777,46778,46779
46781,46782,NA
46783,46784,NA
46785,46786,NA
46787,46788,68224
46787,46788,68228
46787,46788,73771
46790,46791,46792
46793,46794,NA
46795,46796,46797
46799,46800,NA
46801,46803,NA
46804,46806,NA
46805,46807,NA
46808,46809,46810
46808,46809,46812
46813,46815,46818
46813,73503,46818
46813,46815,46822
46813,73503,46822
46813,46815,46829
46813,73503,46829
46813,46815,46832
46813,73503,46832
46813,46815,46834
46813,73503,46834
46813,46815,73504
46813,73503,73504
46817,46819,NA
46821,46823,46826
46821,46824,46826
46821,46823,46827
46821,46824,46827
46821,46823,46828
46821,46824,46828
46833,46835,NA
46837,46838,NA
46839,46840,NA
46841,46842,46843
46845,46848,NA
46846,46847,NA
46849,46850,NA
46851,46852,46853
46854,46856,NA
46855,46865,NA
46857,46858,NA
46861,46862,NA
46863,46864,NA
46866,46867,NA
46868,46870,46872
46869,46871,NA
46873,46877,NA
46874,46875,NA
46876,46878,46879
46881,46883,46884
46882,46886,46888
46882,46886,46891
46882,46886,46895
46882,46886,46897
46885,46889,NA
46890,46892,46894
46890,46892,46896
46890,46892,46901
46890,46892,46903
46890,46892,46904
46890,46892,46906
46890,46892,46919
46890,46892,46920
46890,46892,72316
46900,46902,NA
46905,46908,NA
46909,46910,NA
46911,46913,46914
46911,46913,46915
46917,46918,NA
46922,46923,NA
46924,46925,NA
46926,46927,46928
46926,46927,46929
46926,46927,46934
46926,46927,46938
46926,46927,46940
46932,46933,NA
46937,46939,46941
46943,46944,46946
46943,46945,46946
46943,46944,46947
46943,46945,46947
46943,46944,46951
46943,46945,46951
46943,46944,46953
46943,46945,46953
46943,46944,46955
46943,46945,46955
46943,46944,46958
46943,46945,46958
46943,46944,74196
46943,46945,74196
46949,46952,46956
46949,46952,46957
46949,46952,46960
46961,46962,46964
46963,46966,NA
46967,46968,NA
46969,46970,46971
46972,46975,46976
46974,46977,46979
46978,46981,NA
46982,46983,NA
46984,46986,NA
46985,46987,NA
46988,46989,NA
46990,46992,NA
46993,46994,NA
46996,46997,NA
46998,46999,NA
47000,47002,NA
47001,47003,NA
47004,47006,NA
47005,47008,NA
47007,47009,47010
47007,47009,72980
47012,47014,69453
47012,69452,69453
47013,47015,NA
47017,47019,NA
47018,47020,47021
47022,47023,NA
47024,47025,47026
47024,47025,47027
47029,47030,47031
47029,47030,47032
47033,47034,NA
47035,47036,47037
47038,47039,47040
47038,47039,47041
47042,47043,47044
47042,73367,47044
47042,47043,47045
47042,73367,47045
47042,47043,47046
47042,73367,47046
47042,47043,47048
47042,73367,47048
47042,47043,47049
47042,73367,47049
47042,47043,47050
47042,73367,47050
47042,47043,73368
47042,73367,73368
47051,47052,47053
47051,47052,47054
47056,47057,NA
47058,47059,NA
47060,47061,NA
47062,47063,NA
47064,47066,47067
47064,47066,47069
47064,47066,47070
47064,47066,47072
47064,47066,47074
47064,47066,47075
47077,47078,47080
47077,47078,47081
47077,47078,47082
47077,47078,47083
47077,47078,47085
47077,47078,47087
47077,47078,47089
47077,47078,47091
47077,47078,47093
47077,47078,47095
47097,47098,47099
47097,47098,47100
47102,47103,NA
47104,47105,NA
47106,47107,NA
47108,47109,47110
47111,47112,47113
47114,47115,NA
47116,47117,NA
47118,47119,NA
47120,47121,NA
47122,47123,NA
47124,47125,47126
47127,47128,NA
47129,47130,47131
47129,47130,47133
47129,47130,47135
47137,47138,NA
47139,47140,NA
47141,47142,47143
47144,47145,47147
47144,47145,47149
47144,47145,47151
47144,47145,47153
47144,47145,47154
47144,47145,47155
47144,47145,47156
47144,47145,47157
47144,47145,47158
47144,47145,47159
47160,47161,47162
47160,47161,47163
47160,47161,47165
47166,47167,NA
47168,47169,NA
47170,47171,NA
47172,47173,NA
47174,47175,NA
47176,47177,NA
47178,47179,NA
47180,47181,NA
47182,47183,NA
47184,47185,47186
47187,47188,47189
47187,47188,47191
47192,47194,NA
47195,47196,NA
47197,47198,NA
47199,47200,NA
47201,47203,NA
47204,47206,NA
47207,47208,NA
47209,47210,47211
47215,47216,NA
47217,47218,NA
47219,47220,NA
47222,47223,47224
47226,47227,NA
47228,47229,47230
47228,47229,47232
47233,47234,70404
47235,47236,NA
47237,47238,NA
47239,47240,47241
47239,47240,47242
47239,47240,47244
47239,47240,47246
47249,47250,47251
47249,47250,47252
47254,47255,NA
47256,47257,47261
47256,47260,47261
47256,47257,47263
47256,47260,47263
47256,47257,47265
47256,47260,47265
47256,47257,47266
47256,47260,47266
47256,47257,47267
47256,47260,47267
47256,47257,47268
47256,47260,47268
47256,47257,47269
47256,47260,47269
47256,47257,47270
47256,47260,47270
47256,47257,47273
47256,47260,47273
47276,47277,NA
47278,47279,NA
47280,47281,NA
47282,47283,NA
47284,47285,47286
47287,47288,NA
47289,47290,47292
47289,47290,47294
47289,47290,47296
47289,47290,47297
47289,47290,47298
47289,47290,47300
47289,47290,76359
47301,47302,NA
47303,47305,47306
47303,47305,47307
47308,47309,NA
47310,47311,47312
47310,47311,47314
47310,47311,47316
47310,47311,47317
47318,47319,47320
47321,47322,NA
47323,47324,47325
47323,47324,47326
47327,47328,NA
47329,47330,47331
47329,47330,47333
47329,47330,47334
47335,47336,69694
47337,47338,NA
47343,47344,47345
47343,47344,47347
47348,47349,47350
47348,47349,47351
47348,47349,47353
47348,47349,47354
47348,47349,47357
47348,47349,72318
47358,47359,NA
47360,47361,NA
47362,47363,47364
47365,47366,NA
47367,47368,NA
47369,47370,47371
47372,47373,47374
47375,47376,NA
47377,47378,47379
47380,47381,NA
47382,47383,NA
47384,47385,NA
47386,47387,NA
47388,47389,NA
47390,47391,NA
47393,47394,NA
47395,47396,47397
47398,47399,NA
47400,47402,NA
47403,47404,47405
47403,47404,47406
47403,47404,47407
47408,47409,47410
47408,47409,47411
47408,47409,47413
47414,47415,NA
47416,47418,NA
47419,47420,NA
47421,47422,NA
47423,47424,NA
47425,47426,NA
47427,47428,NA
47429,47430,47431
47433,47434,47435
47436,47437,47438
47436,47437,47440
47436,47437,47443
47445,47446,47447
47448,47450,47451
47448,47450,47452
47448,47450,47453
47448,47450,47454
47448,47450,47455
47448,47450,47456
47448,47450,73888
47457,47458,NA
47459,47460,47461
47463,47464,NA
47465,47466,NA
47467,47468,NA
47469,47470,47471
47469,47470,47472
47469,47470,47473
47474,47476,NA
47477,47478,47479
47477,47478,47481
47477,47478,47482
47477,47478,47483
47484,47485,47486
47487,47488,NA
47489,47490,47491
47489,47490,47492
47493,47494,47495
47493,47494,47497
47493,47494,47498
47493,47494,47499
47493,47494,74104
47501,47502,NA
47503,47504,NA
47505,47506,47507
47508,47509,47510
47508,47509,47512
47508,47509,47513
47514,47515,NA
47516,47517,47518
47516,47517,47519
47516,47517,47520
47516,47517,47522
47523,47524,47525
47526,47527,47528
47526,47527,47529
47530,47531,47532
47530,47531,47535
47530,47531,47536
47539,47540,47541
47539,47540,47543
47539,47540,47544
47539,47540,47545
47539,47540,47546
47539,47540,47547
47548,47549,NA
47550,47551,47552
47554,47555,47556
47554,47555,47557
47554,47555,47559
47554,47555,47560
47554,47555,76330
47561,47562,47563
47565,47566,NA
47567,47568,47569
47567,47568,47570
47567,47568,47571
47567,47568,47572
47573,47574,NA
47575,47576,47577
47575,47576,47578
47580,47581,47582
47580,77719,47582
47580,47581,47583
47580,77719,47583
47580,47581,47584
47580,77719,47584
47580,47581,47585
47580,77719,47585
47580,47581,47586
47580,77719,47586
47580,47581,77720
47580,77719,77720
47587,47588,NA
47589,47590,47591
47593,47594,47597
47593,47595,47597
47593,47596,47597
47593,47594,47598
47593,47595,47598
47593,47596,47598
47599,47600,47601
47602,47603,NA
47604,47605,47606
47604,47605,47607
47609,47610,47611
47613,47614,NA
47615,47616,47617
47619,47620,NA
47621,47622,47623
47621,47622,47625
47621,47622,47627
47628,47629,NA
47630,47631,47632
47633,47634,NA
47635,47638,NA
47639,47641,NA
47642,47643,47644
47645,47646,47647
47645,47646,47648
47645,47646,47650
47645,47646,47652
47654,47655,47656
47654,47655,47658
47654,47655,47660
47654,47655,47662
47654,47655,47663
47654,47655,47664
47654,47655,47665
47667,47668,NA
47669,47670,NA
47671,47672,47673
47674,47675,NA
47676,47677,47678
47676,47677,47681
47676,47677,47683
47676,47677,47685
47676,47677,47686
47676,47677,47687
47676,47677,70558
47689,47690,76231
47691,47692,47693
47691,47692,47695
47696,47697,47699
47700,47701,47702
47703,47704,NA
47705,47706,47712
47705,47707,47712
47705,47706,47713
47705,47707,47713
47705,47706,47715
47705,47707,47715
47705,47706,47716
47705,47707,47716
47705,47706,47717
47705,47707,47717
47718,47719,47720
47722,47723,NA
47724,47725,NA
47726,47727,47728
47726,47727,47729
47726,47727,47730
47726,47727,47731
47726,47727,47732
47733,47734,47735
47736,47737,NA
47738,47739,47740
47738,47739,47742
47738,47739,47744
47738,47739,47745
47738,47739,47746
47738,47739,47747
47749,47750,NA
47753,47754,47755
47753,47754,47757
47759,47760,NA
47761,47762,NA
47763,47764,NA
47765,47766,NA
47767,47769,47770
47772,47773,47774
47772,47773,47775
47772,47773,47776
47778,47779,NA
47780,47781,47782
47780,47781,47783
47784,47785,47786
47784,47785,47788
47784,47785,47789
47790,47791,NA
47792,47793,47794
47796,47797,47798
47799,47800,NA
47801,47802,NA
47803,47804,NA
47805,47806,47807
47809,47810,NA
47811,47812,47813
47815,47816,47818
47815,47817,47818
47815,47816,47819
47815,47817,47819
47820,47821,NA
47822,47823,NA
47824,47825,47826
47827,47828,47829
47827,47828,47830
47827,47828,47832
47827,47828,47833
47834,47835,47836
47834,47835,47837
47834,47835,47838
47834,47835,47841
47842,47843,47844
47842,47843,47846
47842,47843,47847
47842,47843,47849
47850,47851,47852
47855,47856,NA
47857,47858,47859
47857,47858,47860
47862,47863,NA
47864,47866,47867
47868,47869,77031
47868,47869,77034
47868,47869,77036
47868,47869,77038
47868,47869,47870
47871,47873,47874
47875,47876,47877
47878,47879,47880
47881,47882,47883
47881,47882,47884
47881,47882,47886
47887,47888,NA
47889,47890,47891
47889,47890,47894
47889,47890,47895
47889,47890,47897
47898,47899,47900
47898,47899,47901
47898,47899,47902
47898,47899,47903
47904,47905,NA
47906,47907,NA
47908,47909,NA
47910,47911,47912
47910,47911,47913
47914,47915,47916
47917,47918,NA
47919,47920,47921
47919,47920,47923
47924,47925,NA
47926,47927,NA
47928,47929,47930
47928,47929,47931
47928,47929,47932
47934,47935,47937
47934,47936,47937
47939,47940,47941
47939,47940,47942
47939,47940,74361
47943,47944,NA
47945,47946,47947
47948,47950,47951
47952,47953,47954
47952,47953,47955
47952,47953,47957
47959,47960,47961
47962,NA,47964
47962,NA,47966
47967,47968,47969
47967,47968,76768
47970,47971,NA
47972,47973,47974
47975,47976,NA
47977,47978,47980
47977,47979,47980
47977,47978,47982
47977,47979,47982
47977,47978,47983
47977,47979,47983
47984,47985,NA
47986,47987,47988
47986,47987,47989
47986,47987,47990
47986,47987,47991
47993,47994,47995
47993,47994,47996
47993,47994,47998
47993,47994,47999
48000,48001,48003
48000,48002,48003
48000,48001,48005
48000,48002,48005
48000,48001,48007
48000,48002,48007
48000,48001,48008
48000,48002,48008
48000,48001,48010
48000,48002,48010
48011,48012,NA
48013,48014,NA
48015,48016,NA
48017,48018,48019
48020,48021,NA
48022,48023,48024
48025,48026,69676
48027,48028,NA
48029,48030,NA
48031,48032,NA
48033,48034,48035
48038,48039,48040
48042,48043,NA
48044,48046,NA
48047,48048,48049
48053,48054,48055
48053,48054,48056
48053,48054,48057
48058,48059,48060
48058,48059,48061
48058,48059,48062
48063,48064,48065
48063,48064,48066
48067,48068,NA
48069,48070,NA
48071,48072,NA
48073,48074,48075
48073,48074,48076
48073,48074,48077
48078,48079,NA
48080,48081,48082
48083,48084,NA
48085,48086,48087
48088,48089,NA
48090,48091,NA
48092,48093,48094
48092,48093,48095
48092,48093,48096
48092,48093,48097
48092,48093,48100
48092,48093,48102
48103,48104,NA
48105,48106,NA
48107,48108,48112
48107,48108,48114
48107,48108,48116
48117,48118,NA
48119,48120,48121
48122,48123,48125
48122,48124,48125
48122,48123,48127
48122,48124,48127
48122,48123,48129
48122,48124,48129
48122,48123,48130
48122,48124,48130
48122,48123,48131
48122,48124,48131
48122,48123,48132
48122,48124,48132
48133,48134,NA
48135,48137,48138
48135,48137,48139
48140,48141,NA
48142,48143,48144
48142,77683,48144
48142,48143,48145
48142,77683,48145
48146,48147,NA
48148,48149,48150
48148,48149,48153
48148,48149,48155
48148,48149,48157
48158,48159,NA
48160,48161,NA
48162,48163,48164
48165,48166,48167
48168,48169,NA
48170,48171,NA
48172,48173,NA
48174,48176,NA
48177,48178,48179
48177,48178,48180
48181,48182,48183
48181,48182,48184
48186,48187,48188
48189,48190,48191
48193,48194,48195
48196,48197,48198
48196,48197,48200
48196,48197,48202
48196,48197,48203
48196,48197,48204
48196,48197,76325
48205,48206,NA
48207,48208,NA
48209,48210,48211
48209,48210,48212
48209,48210,48214
48209,48210,48216
48209,48210,48217
48218,48219,NA
48220,48221,NA
48222,48223,73885
48224,48225,NA
48226,48227,NA
48228,48229,NA
48230,48231,NA
48232,48233,48234
48236,48237,48238
48239,48240,NA
48241,48243,48245
48241,48243,48247
48241,48243,48248
48241,48243,48251
48241,48243,48253
48254,48255,48256
48254,48255,48257
48254,48255,48258
48254,48255,48259
48254,48255,48261
48262,48263,NA
48264,48265,48266
48267,48268,NA
48269,48270,48271
48272,48273,NA
48274,48275,48276
48274,48275,48279
48274,48275,48281
48274,48275,48282
48274,48275,48284
48274,48275,48286
48274,48275,48289
48290,48291,NA
48292,48293,48294
48292,48293,48295
48296,48297,NA
48298,48299,48300
48301,48302,NA
48303,48304,48305
48303,48304,48307
48303,48304,48308
48303,48304,48309
48303,48304,48310
48303,48304,48311
48313,48314,NA
48315,48316,NA
48317,48318,48320
48317,48319,48320
48321,48322,NA
48323,48324,48325
48323,48324,48326
48323,48324,48328
48323,48324,48329
48323,48324,48330
48331,48332,NA
48333,48334,48335
48333,48334,48336
48337,48338,NA
48339,48340,48341
48339,48340,48342
48339,48340,48344
48346,48347,48348
48346,48347,48350
48346,48347,48353
48356,48357,NA
48358,48359,48360
48361,48362,NA
48363,48365,48366
48363,48365,48367
48363,48365,48368
48363,48365,48369
48363,48365,48370
48363,48365,48373
48363,48365,48375
48377,48378,NA
48379,48380,48381
48379,48380,48382
48383,48384,48385
48386,48387,48388
48390,48391,NA
48392,48393,48394
48392,48393,48396
48392,48393,48398
48392,48393,48399
48392,48393,48400
48392,48393,48401
48402,48403,48405
48402,48404,48405
48402,48403,48407
48402,48404,48407
48402,48403,48408
48402,48404,48408
48402,48403,48409
48402,48404,48409
48402,48403,70381
48402,48404,70381
48410,48411,NA
48412,48413,48414
48412,48413,48415
48412,48413,48416
48412,48413,48417
48412,48413,48418
48412,48413,48419
48420,48421,NA
48422,48423,NA
48424,48425,48426
48424,48425,48427
48429,48430,NA
48431,48432,NA
48433,48434,NA
48435,48436,NA
48437,48438,48439
48441,48442,NA
48443,48444,NA
48445,48446,NA
48447,48448,48453
48447,48452,48453
48447,48448,48454
48447,48452,48454
48447,48448,48456
48447,48452,48456
48447,48448,48457
48447,48452,48457
48447,48448,48458
48447,48452,48458
48447,48448,48459
48447,48452,48459
48447,48448,48460
48447,48452,48460
48447,48448,48461
48447,48452,48461
48462,48464,48465
48467,48468,48469
48467,48468,48470
48467,48468,48471
48467,48468,48472
48474,48475,NA
48476,48478,48479
48480,48481,48482
48483,48484,NA
48485,48486,NA
48487,48488,48489
48491,48492,48493
48491,48492,48494
48491,48492,48495
48491,48492,48497
48499,48500,48501
48499,48500,48502
48503,48504,NA
48505,48506,NA
48507,48509,48510
48511,48512,NA
48513,48514,48515
48513,48514,48517
48513,48514,48518
48513,48514,48520
48513,48514,48521
48522,48523,NA
48524,48525,NA
48526,48527,NA
48528,48529,48530
48532,48534,NA
48535,48536,48537
48538,48539,NA
48540,48541,48543
48540,48541,48544
48545,48546,48547
48545,48546,48548
48545,48546,48550
48545,48546,48551
48552,48553,48554
48552,48553,48556
48552,48553,48557
48552,48553,48558
48559,48560,48561
48562,48563,48564
48565,48566,48567
48571,48572,48574
48571,48572,48575
48571,48572,48578
48571,48572,48579
48571,48572,48581
48571,48572,48582
48583,48584,48585
48583,48584,48587
48583,48584,48589
48591,48592,48593
48594,48595,NA
48596,48597,NA
48598,48599,48601
48598,48600,48601
48598,48599,48602
48598,48600,48602
48598,48599,48603
48598,48600,48603
48598,48599,48604
48598,48600,48604
48598,48599,48606
48598,48600,48606
48607,48608,48609
48611,48612,48613
48615,48616,NA
48617,48618,NA
48619,48620,NA
48621,48622,NA
48625,48626,48627
48628,48629,48630
48628,48629,48631
48628,48629,48633
48628,48629,48635
48628,48629,48636
48628,48629,48637
48638,48687,48689
48638,48687,48690
48638,48687,48691
48638,48687,48692
48638,48687,48693
48639,48640,NA
48641,48642,NA
48643,48644,NA
48645,48646,48647
48645,48646,48648
48645,48646,48650
48645,48646,48651
48645,48646,48653
48645,48646,48656
48657,48659,NA
48660,48661,NA
48662,48663,NA
48664,48665,NA
48666,48667,NA
48668,48669,NA
48670,48671,NA
48672,48673,NA
48674,48675,48676
48677,48678,48680
48677,48678,48681
48677,48678,48682
48677,48678,48683
48677,48678,48685
48677,48678,48688
48677,48678,72297
48694,48695,48697
48694,48695,48699
48694,48695,48700
48694,48695,48701
48694,48695,48702
48704,48705,48706
48707,48708,48709
48710,48711,NA
48712,48713,48714
48715,48716,48720
48715,48717,48720
48715,48718,48720
48715,48716,48721
48715,48717,48721
48715,48718,48721
48715,48716,48722
48715,48717,48722
48715,48718,48722
48715,48716,48723
48715,48717,48723
48715,48718,48723
48726,48727,48729
48726,48728,48729
48726,48727,48730
48726,48728,48730
48726,48727,48732
48726,48728,48732
48726,48727,48734
48726,48728,48734
48726,48727,48735
48726,48728,48735
48726,48727,48738
48726,48728,48738
48740,48741,NA
48742,48743,48744
48742,48743,48746
48742,48743,48747
48742,48743,48748
48742,48743,48749
48742,48743,48750
48751,48752,48753
48751,48752,48754
48751,48752,48755
48756,48757,NA
48758,48759,NA
48760,48761,48762
48763,48764,48765
48766,48767,NA
48768,48769,48770
48771,48773,48774
48771,48773,48775
48776,48777,48778
48776,48777,48779
48776,48777,48780
48776,48777,48781
48776,48777,48782
48783,48784,48787
48783,48785,48787
48783,48784,48788
48783,48785,48788
48783,48784,48790
48783,48785,48790
48783,48784,48792
48783,48785,48792
48783,48784,48796
48783,48785,48796
48798,NA,NA
48801,48802,48803
48801,48802,48804
48801,48802,48805
48806,48807,NA
48808,48809,48810
48811,48812,48814
48811,48813,48814
48811,48812,48815
48811,48813,48815
48811,48812,48818
48811,48813,48818
48811,48812,48819
48811,48813,48819
48811,48812,48820
48811,48813,48820
48811,48812,48821
48811,48813,48821
48811,48812,48822
48811,48813,48822
48811,48812,48823
48811,48813,48823
48811,48812,48825
48811,48813,48825
48811,48812,48827
48811,48813,48827
48811,48812,48828
48811,48813,48828
48811,48812,48829
48811,48813,48829
48811,48812,73300
48811,48813,73300
48830,48831,48832
48833,48834,48835
48833,48834,48837
48833,48834,48838
48833,48834,48839
48833,48834,48843
48833,48834,48845
48833,48834,48847
48833,48834,48849
48844,48846,NA
48850,48851,48854
48850,48852,48854
48850,48853,48854
48850,48851,75537
48850,48852,75537
48850,48853,75537
48855,48866,48867
48856,48857,48858
48856,48857,48859
48856,48857,48861
48862,48863,48864
48862,48863,48868
48862,48863,48874
48862,48863,48876
48862,48863,48877
48862,48863,48880
48870,48871,NA
48872,48873,NA
48881,48882,NA
48883,48884,48885
48886,48887,NA
48888,48889,48890
48888,48889,48891
48888,48889,48892
48893,48894,NA
48895,48896,NA
48897,48910,48911
48897,48910,48912
48897,48910,48923
48897,48910,48924
48897,48910,48925
48897,48910,48926
48897,48910,48927
48898,48899,48900
48898,48899,48902
48898,48899,48904
48898,48899,48905
48898,48899,48908
48898,48899,69564
48913,48914,48915
48913,48914,48916
48913,48914,48917
48913,48914,48918
48913,48914,48920
48913,48914,48921
48913,48914,48922
48929,48930,NA
48931,48932,NA
48933,48934,48935
48933,48934,73424
48936,48937,NA
48938,48939,NA
48940,48941,48942
48940,48941,48943
48940,48941,48944
48940,48941,76370
48945,48946,48947
48948,48949,NA
48950,48951,48952
48954,48955,48958
48954,48956,48958
48954,77378,48958
48954,48957,48958
48954,48955,77379
48954,48956,77379
48954,77378,77379
48954,48957,77379
48954,48955,77380
48954,48956,77380
48954,77378,77380
48954,48957,77380
48954,48955,48960
48954,48956,48960
48954,77378,48960
48954,48957,48960
48954,48955,48961
48954,48956,48961
48954,77378,48961
48954,48957,48961
48954,48955,48962
48954,48956,48962
48954,77378,48962
48954,48957,48962
48954,48955,48963
48954,48956,48963
48954,77378,48963
48954,48957,48963
48954,48955,48964
48954,48956,48964
48954,77378,48964
48954,48957,48964
48965,48966,NA
48967,48968,NA
48969,48970,48974
48969,48971,48974
48969,48972,48974
48969,48970,48976
48969,48971,48976
48969,48972,48976
48969,48970,74657
48969,48971,74657
48969,48972,74657
48969,48970,48978
48969,48971,48978
48969,48972,48978
48969,48970,48979
48969,48971,48979
48969,48972,48979
48969,48970,48981
48969,48971,48981
48969,48972,48981
48969,48970,74658
48969,48971,74658
48969,48972,74658
48969,48970,48982
48969,48971,48982
48969,48972,48982
48969,48970,74662
48969,48971,74662
48969,48972,74662
48969,48970,48983
48969,48971,48983
48969,48972,48983
48969,48970,48984
48969,48971,48984
48969,48972,48984
48969,48970,72715
48969,48971,72715
48969,48972,72715
48969,48970,73988
48969,48971,73988
48969,48972,73988
48969,48970,74664
48969,48971,74664
48969,48972,74664
48996,48997,48998
48999,49000,49003
48999,49001,49003
48999,49002,49003
48999,49000,49004
48999,49001,49004
48999,49002,49004
48999,49000,49005
48999,49001,49005
48999,49002,49005
48999,49000,49006
48999,49001,49006
48999,49002,49006
48999,49000,49007
48999,49001,49007
48999,49002,49007
48999,49000,75694
48999,49001,75694
48999,49002,75694
49008,49009,49010
49008,49009,49012
49008,49009,49013
49008,49009,49014
49015,49016,49017
49018,49019,49020
49018,49019,49021
49018,49019,49023
49018,49019,76404
49024,49025,69624
49026,49027,49029
49026,49028,49029
49026,49027,49030
49026,49028,49030
49026,49027,49031
49026,49028,49031
49026,49027,49032
49026,49028,49032
49026,49027,49033
49026,49028,49033
49026,49027,49034
49026,49028,49034
49035,49036,75226
49035,49037,75226
49035,49038,75226
49035,49036,49039
49035,49037,49039
49035,49038,49039
49035,49036,49040
49035,49037,49040
49035,49038,49040
49035,49036,49041
49035,49037,49041
49035,49038,49041
49035,49036,75227
49035,49037,75227
49035,49038,75227
49035,49036,49042
49035,49037,49042
49035,49038,49042
49035,49036,49043
49035,49037,49043
49035,49038,49043
49035,49036,75228
49035,49037,75228
49035,49038,75228
49035,49036,49044
49035,49037,49044
49035,49038,49044
49035,49036,49045
49035,49037,49045
49035,49038,49045
49035,49036,49046
49035,49037,49046
49035,49038,49046
49035,49036,75229
49035,49037,75229
49035,49038,75229
49035,49036,49047
49035,49037,49047
49035,49038,49047
49035,49036,49048
49035,49037,49048
49035,49038,49048
49035,49036,72784
49035,49037,72784
49035,49038,72784
49035,49036,72786
49035,49037,72786
49035,49038,72786
49035,49036,72788
49035,49037,72788
49035,49038,72788
49035,49036,75230
49035,49037,75230
49035,49038,75230
49050,49051,49052
49050,49051,49054
49050,49051,49056
49050,49051,49057
49058,49060,NA
49061,49062,NA
49063,49064,NA
49065,49066,49067
49068,49069,69785
49070,49071,NA
49072,49073,NA
49074,49075,49076
49077,49078,49080
49077,49079,49080
49077,49078,49082
49077,49079,49082
49077,49078,49085
49077,49079,49085
49077,49078,49087
49077,49079,49087
49077,49078,49090
49077,49079,49090
49077,49078,49091
49077,49079,49091
49092,49093,49094
49092,49093,49095
49092,49093,49097
49092,49093,49099
49092,49093,49101
49092,49093,49102
49092,49093,49104
49092,49093,49105
49092,49093,49106
49109,49110,NA
49111,49112,NA
49113,49114,49115
49116,49117,49118
49116,49117,49120
49131,49132,49133
49134,49135,49136
49134,49135,49137
49134,49135,49138
49134,49135,49139
49134,49135,49140
49134,49135,49143
49134,49135,49144
49134,49135,49145
49146,49147,49149
49146,49148,49149
49150,49151,NA
49154,49155,NA
49160,49161,NA
49164,49165,NA
49168,49169,NA
49170,49171,NA
49174,49175,NA
49176,49177,49178
49176,49177,49180
49182,49183,49184
49182,49183,49185
49182,49183,49186
49187,49188,NA
49189,49190,NA
49191,49192,NA
49193,49194,49195
49193,49194,49196
49193,49194,49197
49198,49199,49200
49201,49202,NA
49203,49204,NA
49205,49206,NA
49207,49208,NA
49209,49210,NA
49211,49212,49213
49211,49212,49214
49211,49212,49215
49211,49212,49216
49211,49212,49217
49211,49212,49218
49219,49220,49221
49219,49220,49223
49219,49220,49224
49219,49220,49226
49219,49220,49227
49219,49220,49229
49235,49236,49237
49238,49240,NA
49241,49242,NA
49243,49244,NA
49243,49245,NA
49248,49249,49250
49248,49249,49251
49252,49253,NA
49254,49255,NA
49256,49257,49258
49256,49257,49260
49256,49257,49261
49256,49257,49262
49263,49264,49265
49267,49268,NA
49269,49270,NA
49271,49272,NA
49273,49274,49275
49273,49274,49276
49273,49274,49277
49279,49280,NA
49281,49282,NA
49283,49284,70552
49285,49286,49287
49285,49286,49288
49285,49286,49289
49285,49286,49290
49285,49286,49292
49285,49286,49293
49294,49296,NA
49297,49298,49299
49301,49302,49303
49301,49302,49304
49301,49302,49305
49301,49302,49306
49301,49302,70549
49308,49309,NA
49310,49311,49312
49313,49314,NA
49315,49316,NA
49317,49318,NA
49319,49320,NA
49321,49322,NA
49323,49324,49325
49326,49328,NA
49329,49330,NA
49331,49332,49333
49331,49332,49334
49335,49336,NA
49337,49338,49339
49340,49341,49342
49343,49344,NA
49345,49346,49347
49348,49349,NA
49350,49351,49352
49353,49354,49355
49357,49358,NA
49359,49360,49361
49362,49363,NA
49364,49365,49366
49368,49369,NA
49370,49371,49372
49370,49371,49374
49375,49377,NA
49378,49379,49380
49382,49383,NA
49384,49385,49386
49388,49389,49392
49388,49390,49392
49388,49389,49393
49388,49390,49393
49388,49389,49395
49388,49390,49395
49388,49389,69783
49388,49390,69783
49396,49397,NA
49398,49399,NA
49400,49401,49402
49404,49405,73857
49406,49407,49410
49406,77790,49410
49406,49408,49410
49406,49409,49410
49406,49407,49412
49406,77790,49412
49406,49408,49412
49406,49409,49412
49413,49414,NA
49415,49416,NA
49417,49418,NA
49419,49420,49422
49419,49421,49422
49419,49420,49423
49419,49421,49423
49419,49420,49424
49419,49421,49424
49425,49426,NA
49427,49428,49429
49431,49432,NA
49433,49434,NA
49435,49436,49437
49435,49436,49439
49435,49436,49441
49435,49436,49442
49435,49436,49443
49444,49445,49446
49444,49445,49448
49444,49445,49449
49444,49445,49450
49444,49445,49452
49453,49454,NA
49455,49456,49457
49458,49459,49460
49458,49459,49462
49464,49465,49466
49467,49468,NA
49469,49470,NA
49471,49472,NA
49473,49475,NA
49476,49477,NA
49478,49479,NA
49480,49481,49482
49480,49481,49483
49484,49485,NA
49486,49487,49488
49489,49490,NA
49491,49492,49493
49491,49492,49494
49491,49492,49496
49491,49492,49497
49491,49492,49499
49500,49501,NA
49502,49504,49505
49506,49507,49508
49506,49507,49509
49510,49511,49512
49514,49515,49517
49514,49516,49517
49514,49515,49518
49514,49516,49518
49514,49515,49519
49514,49516,49519
49514,49515,49520
49514,49516,49520
49521,49522,49523
49521,49522,49524
49526,49527,49528
49526,49527,49529
49526,49527,73923
49530,49531,49532
49533,49534,49535
49536,49537,NA
49538,49539,49540
49541,49543,NA
49544,49545,49546
49544,49545,49548
49544,49545,49549
49544,49545,49551
49544,49545,49553
49544,49545,49554
49555,49560,NA
49556,49557,49558
49561,49562,49565
49563,49564,NA
49566,49567,49568
49571,49572,49575
49571,49574,49575
49571,49572,49577
49571,49574,49577
49571,49572,49578
49571,49574,49578
49571,49572,49579
49571,49574,49579
49573,49581,49583
49573,49581,49585
49580,49582,49586
49580,49584,49586
49580,49582,49590
49580,49584,49590
49580,49582,49591
49580,49584,49591
49580,49582,49595
49580,49584,49595
49580,49582,49598
49580,49584,49598
49587,49592,49594
49596,49597,49599
49600,49602,49603
49600,49602,49604
49601,49606,49609
49601,49606,49611
49601,49606,49614
49601,49606,72521
49605,49607,49610
49605,49608,49610
49605,49607,49612
49605,49608,49612
49605,49607,49613
49605,49608,49613
49605,49607,49616
49605,49608,49616
49605,49607,49617
49605,49608,49617
49615,49618,49620
49615,49618,49622
49619,49621,74790
49619,49621,74791
49619,49621,49623
49619,49621,49627
49619,49621,74793
49619,49621,49629
49619,49621,49633
49619,49621,74795
49619,49621,74796
49619,49621,74797
49619,49621,74798
49619,49621,74800
49619,49621,74802
49619,49621,49634
49619,49621,74801
49619,49621,49635
49619,49621,49637
49619,49621,72729
49619,49621,72730
49624,49625,49630
49624,49626,49630
49624,49625,49632
49624,49626,49632
49624,49625,77389
49624,49626,77389
49638,49639,NA
49640,49641,NA
49642,49643,49644
49642,49643,49645
49647,49648,49649
49647,49648,49651
49647,49648,49652
49647,49648,49654
49647,49648,49655
49650,49657,NA
49656,49658,NA
49659,49660,NA
49661,49664,49666
49662,49663,49667
49662,49665,49667
49662,49663,49668
49662,49665,49668
49669,49670,NA
49671,49672,49673
49671,49672,49675
49674,49676,NA
49678,49679,NA
49680,49682,49686
49681,49684,NA
49681,49685,NA
49687,49689,49693
49687,49691,49693
49687,49689,49696
49687,49691,49696
49687,49689,49698
49687,49691,49698
49687,49689,49700
49687,49691,49700
49687,49689,49701
49687,49691,49701
49688,49690,49694
49688,49692,49694
49695,49697,49699
49695,49697,49702
49703,49704,NA
49705,49709,49711
49705,49709,49712
49705,49709,49715
49705,49709,49717
49705,49709,49718
49705,49709,49719
49705,49709,49720
49706,49707,49708
49706,49707,49714
49721,49722,49723
49724,49725,NA
49726,49727,49729
49726,49727,49731
49726,49727,49732
49726,49727,49733
49726,49727,49734
49726,49727,49735
49726,49727,49736
49726,49727,49738
49726,49727,49739
49740,49741,49742
49740,49741,49744
49745,49746,49747
49745,49746,73562
49748,49749,NA
49750,49751,49752
49750,49751,49754
49750,49751,49756
49758,49759,NA
49760,49761,NA
49762,49763,49764
49762,49763,49766
49762,49763,49768
49762,49763,49770
49771,49772,49773
49774,49775,49776
49774,49775,49777
49774,49775,76640
49780,49781,49782
49780,49781,49783
49780,49781,49784
49780,49781,49785
49780,49781,76337
49786,49787,49788
49790,49791,49792
49790,49791,73118
49793,49794,NA
49795,49796,NA
49797,49798,49799
49797,49798,49800
49801,49802,NA
49803,49804,49805
49806,49807,NA
49808,49809,NA
49810,49811,49813
49810,49812,49813
49810,49811,49815
49810,49812,49815
49810,49811,49816
49810,49812,49816
49810,49811,49817
49810,49812,49817
49818,49819,49820
49821,49822,NA
49823,49824,49825
49827,49828,NA
49829,49830,49831
49829,49830,49832
49829,49830,49834
49835,49836,49837
49835,49836,49838
49835,49836,49839
49835,49836,49840
49835,49836,49841
49835,49836,49842
49835,49836,49844
49835,49836,49845
49846,49847,49848
49850,49851,49852
49853,49854,NA
49855,49856,NA
49857,49858,49859
49857,49858,49861
49857,49858,49862
49863,49864,49865
49863,49864,49866
49863,49864,49867
49868,49869,49873
49868,49870,49873
49868,49872,49873
49868,49869,49875
49868,49870,49875
49868,49872,49875
49868,49869,49877
49868,49870,49877
49868,49872,49877
49868,49869,49878
49868,49870,49878
49868,49872,49878
49868,49869,49880
49868,49870,49880
49868,49872,49880
49868,49869,49881
49868,49870,49881
49868,49872,49881
49868,49869,50427
49868,49870,50427
49868,49872,50427
49882,49883,NA
49884,49885,49886
49884,49885,49887
49888,49889,NA
49893,49894,NA
49895,49896,49897
49895,49896,49898
49895,49896,49899
49900,49901,49902
49900,49901,49903
49904,49905,49906
49904,49905,49907
49904,49905,49910
49914,49915,49916
49920,49921,49922
49923,49924,49926
49923,49925,49926
49923,49924,49928
49923,49925,49928
49923,49924,49930
49923,49925,49930
49923,49924,49931
49923,49925,49931
49923,49924,49932
49923,49925,49932
49923,49924,49933
49923,49925,49933
49934,49935,49936
49934,49935,49937
49934,49935,49939
49934,49935,49940
49934,49935,49941
49934,49935,49944
49934,49935,49945
49946,49947,NA
49948,49949,73730
49950,49951,49952
49950,49951,49954
49950,49951,49955
49950,49951,49956
49950,49951,49958
49950,49951,49959
49960,49961,NA
49962,49963,NA
49964,49965,NA
49966,49967,NA
49968,49969,NA
49970,49971,49973
49970,49972,49973
49970,49971,49974
49970,49972,49974
49970,49971,49975
49970,49972,49975
49970,49971,49977
49970,49972,49977
49970,49971,49978
49970,49972,49978
49970,49971,49979
49970,49972,49979
49980,49981,49982
49980,49981,49984
49980,49981,49985
49986,49987,49988
49990,49991,NA
49992,49993,NA
49994,49995,NA
49996,49997,NA
49998,49999,NA
50000,50001,50002
50003,50004,NA
50005,50006,NA
50007,50008,50009
50010,50011,NA
50012,50013,50014
50016,50017,NA
50018,50019,50020
50018,50019,50021
50018,50019,50023
50024,50025,50026
50024,50025,50027
50024,50025,50028
50024,50025,50029
50024,50025,50030
50024,50025,50031
50024,50025,50032
50024,50025,73928
50033,50034,NA
50035,50036,50037
50035,50036,50038
50035,50036,50039
50035,50036,50040
50035,50036,50042
50044,50045,NA
50046,50047,NA
50048,50049,NA
50050,50051,NA
50052,50053,50054
50052,50053,50056
50052,50053,50058
50052,50053,50059
50052,50053,50061
50052,50053,50062
50063,50064,50065
50066,50067,NA
50068,50069,50070
50068,50069,50071
50068,50069,50073
50068,50069,50074
50068,50069,50077
50068,50069,50078
50068,50069,50293
50089,50090,50091
50089,50090,50093
50089,50090,50097
50089,50090,50100
50101,50102,NA
50103,50104,50105
50107,50108,NA
50109,50110,NA
50111,50112,NA
50113,50114,NA
50115,50116,50117
50115,50116,50118
50119,50120,50121
50119,50120,50122
50119,50120,50123
50119,50120,50124
50125,50126,NA
50127,50128,NA
50129,50130,50132
50129,50131,50132
50129,50130,50133
50129,50131,50133
50129,50130,50134
50129,50131,50134
50129,50130,50136
50129,50131,50136
50137,50138,NA
50139,50141,50142
50139,50141,73036
50144,50145,NA
50146,50147,50148
50149,50150,NA
50151,50152,50153
50151,50152,50154
50151,50152,50156
50151,50152,50157
50151,50152,50158
50159,50160,50163
50159,50161,50163
50159,50162,50163
50159,50160,50164
50159,50161,50164
50159,50162,50164
50159,50160,50165
50159,50161,50165
50159,50162,50165
50159,50160,50167
50159,50161,50167
50159,50162,50167
50159,50160,50170
50159,50161,50170
50159,50162,50170
50159,50160,50169
50159,50161,50169
50159,50162,50169
50159,50160,50171
50159,50161,50171
50159,50162,50171
50159,50160,50172
50159,50161,50172
50159,50162,50172
50159,50160,50173
50159,50161,50173
50159,50162,50173
50159,50160,50174
50159,50161,50174
50159,50162,50174
50159,50160,50175
50159,50161,50175
50159,50162,50175
50159,50160,50177
50159,50161,50177
50159,50162,50177
50159,50160,76781
50159,50161,76781
50159,50162,76781
50159,50160,76782
50159,50161,76782
50159,50162,76782
50178,50179,77040
50178,50180,77040
50178,50179,50181
50178,50180,50181
50178,50179,50182
50178,50180,50182
50178,50179,50183
50178,50180,50183
50178,50179,50184
50178,50180,50184
50178,50179,50185
50178,50180,50185
50178,50179,50187
50178,50180,50187
50178,50179,50188
50178,50180,50188
50178,50179,50189
50178,50180,50189
50190,50191,NA
50192,50193,50194
50192,50193,50195
50192,50193,50196
50197,50198,50203
50197,50202,50203
50204,50205,NA
50206,50207,NA
50208,50209,50210
50208,50209,50213
50208,50209,50215
50217,50218,50219
50221,50222,50223
50221,50222,50224
50221,50222,50225
50221,50222,50226
50227,50228,50229
50227,50228,50231
50232,50233,NA
50234,50235,NA
50238,50239,50240
50238,50239,50241
50238,50239,50242
50238,50239,50243
50244,50245,69632
50246,50247,50248
50246,50247,50249
50250,50251,NA
50252,50253,50254
50252,50253,50256
50252,50253,50257
50258,50259,75678
50260,50261,50263
50260,50262,50263
50260,50261,50267
50260,50262,50267
50260,50261,50270
50260,50262,50270
50260,50261,50271
50260,50262,50271
50260,50261,50272
50260,50262,50272
50260,50261,50273
50260,50262,50273
50275,50276,NA
50277,50278,50279
50277,50278,50280
50277,50278,50281
50294,50295,50296
50297,50298,NA
50299,50300,NA
50301,50302,NA
50303,50304,50306
50303,50305,50306
50303,50304,50307
50303,50305,50307
50303,50304,50309
50303,50305,50309
50303,50304,50310
50303,50305,50310
50311,50312,50313
50315,50316,NA
50317,50318,50319
50320,50321,NA
50322,50323,50324
50322,50323,50325
50322,50323,50326
50322,50323,50327
50328,50329,50330
50328,50329,50332
50328,50329,50334
50335,50336,50337
50335,50336,50338
50339,50340,NA
50341,50342,50343
50341,50342,50344
50341,50342,50345
50346,50347,50348
50350,50351,NA
50352,50354,50355
50352,50354,50356
50352,50354,50357
50358,50359,NA
50360,50361,NA
50362,50363,NA
50364,50365,50367
50364,50366,50367
50364,50365,50368
50364,50366,50368
50364,50365,50369
50364,50366,50369
50364,50365,50371
50364,50366,50371
50364,50365,50372
50364,50366,50372
50364,50365,50374
50364,50366,50374
50364,50365,50375
50364,50366,50375
50364,50365,50377
50364,50366,50377
50378,50379,NA
50380,50381,NA
50382,50383,50384
50385,50386,NA
50387,50388,50389
50387,74768,50389
50387,50388,50390
50387,74768,50390
50387,50388,74769
50387,74768,74769
50387,50388,50391
50387,74768,50391
50387,50388,74770
50387,74768,74770
50387,50388,74772
50387,74768,74772
50387,50388,50392
50387,74768,50392
50387,50388,50393
50387,74768,50393
50387,50388,50395
50387,74768,50395
50387,50388,50396
50387,74768,50396
50387,50388,72723
50387,74768,72723
50387,50388,72727
50387,74768,72727
50387,50388,74776
50387,74768,74776
50387,50388,77414
50387,74768,77414
50397,50398,NA
50399,50400,50401
50399,50400,50402
50403,50404,50405
50406,50408,50409
50406,50408,50410
50406,50408,50412
50406,50408,50414
50406,50408,50415
50417,50418,NA
50419,50420,NA
50421,50422,50423
50421,50422,50425
50428,50429,NA
50430,50431,NA
50432,50433,50434
50432,50433,50436
50432,50433,50437
50438,50439,50440
50441,50442,50443
50444,50445,NA
50446,50447,50448
50449,50450,NA
50451,50452,NA
50453,50454,76130
50455,50456,72525
50457,50458,NA
50459,50460,50462
50459,50461,50462
50459,50460,50464
50459,50461,50464
50459,50460,50466
50459,50461,50466
50467,50468,50469
50467,50468,50470
50467,50468,50471
50467,50468,50473
50467,50468,50475
50467,50468,50476
50467,50468,50477
50478,50479,50480
50478,50479,50481
50478,50479,50482
50483,50484,NA
50485,50486,50487
50488,50489,NA
50490,50491,NA
50492,50493,NA
50494,50495,NA
50496,50497,50498
50499,50500,NA
50505,50506,50507
50509,50510,50511
50512,50513,NA
50514,50515,50516
50514,50515,50519
50520,50521,NA
50523,50524,NA
50525,50526,50527
50525,50526,50528
50525,50526,50529
50530,50531,NA
50532,50534,NA
50535,50537,50538
50535,50537,50540
50541,50543,NA
50544,50546,NA
50547,50548,NA
50549,50550,50551
50552,50553,50554
50552,50553,50556
50552,50553,74042
50557,50558,50559
50557,50558,50561
50557,50558,50562
50557,50558,50563
50564,50566,50567
50564,50566,50568
50564,50566,50571
50564,50566,50572
50564,50566,50573
50564,50566,50575
50564,50566,50577
50564,50566,50578
50580,50581,NA
50582,50583,50584
50585,50586,50587
50588,50589,NA
50590,50591,NA
50592,50593,50594
50592,50593,50595
50592,50593,50596
50597,50598,50599
50597,50598,50600
50597,50598,50601
50597,50598,69509
50602,50603,NA
50604,50605,NA
50606,50607,NA
50608,50609,NA
50610,50611,NA
50612,50613,NA
50614,50615,50616
50617,50618,NA
50619,50620,50621
50622,50623,NA
50624,50625,NA
50626,50627,NA
50628,50629,NA
50630,50631,50632
50633,50634,50635
50636,50637,50639
50641,50642,50643
50644,50645,NA
50646,50647,50648
50646,50647,50649
50646,50647,50650
50646,50647,50652
50646,50647,50654
50655,50656,NA
50657,50658,NA
50659,50660,NA
50661,50662,50663
50661,50662,50664
50661,50662,50665
50661,50662,75022
50667,50668,NA
50669,50670,NA
50671,50672,50673
50671,50672,50675
50671,50672,50676
50678,50679,50680
50681,50682,NA
50683,50684,NA
50685,50688,50689
50685,50688,50691
50685,50688,50692
50694,50695,NA
50696,50697,NA
50698,50699,NA
50700,50701,NA
50702,50703,NA
50704,50705,50706
50707,50708,50709
50710,50711,50712
50713,50714,50715
50716,50717,NA
50718,50719,NA
50720,50721,50723
50720,50722,50723
50720,50721,50725
50720,50722,50725
50720,50721,50727
50720,50722,50727
50720,50721,50729
50720,50722,50729
50720,50721,50730
50720,50722,50730
50732,50733,NA
50734,50735,50736
50734,50735,50739
50734,50735,50741
50734,50735,50743
50734,50735,50745
50734,50735,50746
50734,50735,50748
50734,50735,50750
50752,50753,NA
50754,50756,50757
50754,50756,50759
50754,50756,50760
50761,50762,50763
50764,50765,NA
50766,50767,50768
50766,50767,50769
50766,50767,50770
50771,50772,NA
50773,50774,NA
50773,50775,NA
50778,50779,50780
50778,50779,50782
50778,50779,50783
50784,50785,70283
50786,50787,NA
50788,50789,50790
50788,50789,50791
50788,50789,50792
50793,50794,NA
50795,50796,NA
50797,50798,50799
50797,50798,50800
50797,50798,50802
50797,50798,50804
50797,50798,50805
50797,50798,50807
50808,50809,50812
50813,50814,50815
50816,50817,NA
50818,50819,NA
50820,50821,NA
50822,50823,NA
50824,50825,50826
50827,50828,50829
50830,50831,NA
50832,50833,50836
50832,50835,50836
50832,50833,50837
50832,50835,50837
50832,50833,50838
50832,50835,50838
50840,50841,NA
50842,50843,50844
50845,50846,50847
50845,50846,50848
50850,50851,50853
50850,68230,50853
50850,50851,50854
50850,68230,50854
50850,50851,50857
50850,68230,50857
50850,50851,76452
50850,68230,76452
50858,50859,50860
50858,50859,50862
50858,50859,50864
50858,50859,50865
50858,50859,50867
50858,50859,50869
50858,50859,50870
50858,50859,50871
50858,50859,50873
50858,50859,50874
50875,50876,NA
50877,50878,NA
50879,50880,50881
50879,50880,50883
50884,50885,50886
50884,50885,50888
50884,50885,50890
50884,50885,50891
50884,50885,50892
50884,50885,50894
50884,50885,50895
50884,50885,50896
50897,50898,50900
50897,50898,50902
50897,50898,50904
50897,50898,50906
50897,50898,50908
50897,50898,50910
50911,50912,50913
50914,50915,50916
50914,50915,50917
50914,50915,50919
50920,50921,50922
50920,50921,50924
50920,50921,50926
50920,50921,50928
50920,50921,50929
50920,50921,50930
50920,50921,50932
50920,50921,50934
50920,50921,50936
50920,50921,50937
50938,50939,NA
50940,50942,NA
50943,50944,NA
50945,50946,NA
50947,50948,NA
50949,50950,NA
50951,50952,50953
50951,50952,50955
50951,50952,50957
50951,50952,50959
50951,50952,50960
50951,50952,50961
50951,50952,50963
50951,50952,50964
50951,50952,50966
50951,50952,50968
50972,50973,NA
50974,50975,NA
50976,50977,NA
50978,50979,50980
50981,50982,NA
50983,50984,NA
50985,50986,NA
50987,50988,NA
50989,50990,50991
50992,50993,NA
50994,50995,50996
50997,50998,NA
50999,51000,NA
51001,51002,51003
51001,51002,51005
51006,51007,51011
51006,51009,51011
51006,51007,51013
51006,51009,51013
51006,51007,51015
51006,51009,51015
51017,51018,51020
51017,51019,51020
51017,51018,51022
51017,51019,51022
51017,51018,51023
51017,51019,51023
51024,51025,NA
51026,51027,NA
51028,51029,51031
51028,51030,51031
51028,51029,51032
51028,51030,51032
51028,51029,51033
51028,51030,51033
51034,51035,51036
51037,51038,51039
51040,51042,NA
51043,51044,51045
51046,51047,51048
51046,51047,51049
51050,51051,51052
51053,51054,51055
51056,51057,51058
51059,51060,NA
51061,51062,51063
51061,51062,51064
51061,51062,51065
51061,51062,51066
51061,51062,75184
51068,51069,NA
51070,51071,51072
51076,51077,NA
51078,51079,51080
51078,51079,51081
51078,51079,51082
51078,51079,51083
51078,51079,51084
51078,51079,51085
51086,51087,51088
51086,51087,51089
51090,51091,NA
51092,51093,NA
51094,51095,NA
51096,51097,NA
51098,51099,51101
51098,51100,51101
51098,51099,51103
51098,51100,51103
51098,51099,51104
51098,51100,51104
51098,51099,51106
51098,51100,51106
51098,51099,51107
51098,51100,51107
51098,51099,51108
51098,51100,51108
51098,51099,51109
51098,51100,51109
51098,51099,51110
51098,51100,51110
51111,51112,NA
51113,51114,51115
51113,51114,51117
51113,51114,51118
51119,51120,NA
51121,77413,51125
51121,51122,51125
51121,51123,51125
51121,77413,51127
51121,51122,51127
51121,51123,51127
51121,77413,51128
51121,51122,51128
51121,51123,51128
51121,77413,51129
51121,51122,51129
51121,51123,51129
51121,77413,51130
51121,51122,51130
51121,51123,51130
51121,77413,51131
51121,51122,51131
51121,51123,51131
51121,77413,51133
51121,51122,51133
51121,51123,51133
51121,77413,51135
51121,51122,51135
51121,51123,51135
51121,77413,73978
51121,51122,73978
51121,51123,73978
51136,51137,NA
51138,51139,NA
51140,51141,51142
51143,51144,51145
51143,51144,51147
51148,51149,NA
51150,51151,NA
51152,51153,NA
51154,51155,51156
51154,51155,51157
51154,51155,51158
51159,51160,51161
51162,51163,NA
51164,51167,51168
51169,51170,NA
51171,51172,NA
51173,51174,NA
51175,51176,NA
51177,51178,51181
51177,51179,51181
51177,51180,51181
51182,51183,NA
51184,51185,51187
51184,51186,51187
51184,51185,51189
51184,51186,51189
51184,51185,51190
51184,51186,51190
51184,51185,51192
51184,51186,51192
51184,51185,51195
51184,51186,51195
51184,51185,51196
51184,51186,51196
51184,51185,51197
51184,51186,51197
51198,51199,NA
51200,51201,NA
51202,51203,51204
51205,51206,51207
51208,51209,51210
51212,51213,51214
51215,51216,NA
51217,51218,NA
51219,51220,NA
51221,51222,51224
51221,51223,51224
51221,51222,51225
51221,51223,51225
51221,51222,51227
51221,51223,51227
51221,51222,51228
51221,51223,51228
51221,51222,51230
51221,51223,51230
51221,51222,51232
51221,51223,51232
51221,51222,51234
51221,51223,51234
51221,51222,51235
51221,51223,51235
51221,51222,51236
51221,51223,51236
51221,51222,72805
51221,51223,72805
51221,51222,72807
51221,51223,72807
51221,51222,72840
51221,51223,72840
51237,51238,51239
51237,51238,51240
51241,51242,NA
51243,51244,51246
51243,51245,51246
51243,77708,51246
51243,51244,51247
51243,51245,51247
51243,77708,51247
51243,51244,51248
51243,51245,51248
51243,77708,51248
51243,51244,51249
51243,51245,51249
51243,77708,51249
51243,51244,51250
51243,51245,51250
51243,77708,51250
51243,51244,51251
51243,51245,51251
51243,77708,51251
51243,51244,51252
51243,51245,51252
51243,77708,51252
51253,51254,51255
51253,51254,51257
51258,51259,NA
51260,51261,NA
51262,51263,NA
51264,51265,NA
51266,51267,51268
51266,51267,51269
51270,51271,51272
51270,51271,51273
51270,51271,51275
51276,51278,51281
51276,51279,51281
51276,51280,51281
51276,51278,51282
51276,51279,51282
51276,51280,51282
51276,51278,51283
51276,51279,51283
51276,51280,51283
51276,51278,51284
51276,51279,51284
51276,51280,51284
51276,51278,51285
51276,51279,51285
51276,51280,51285
51276,51278,51287
51276,51279,51287
51276,51280,51287
51276,51278,51288
51276,51279,51288
51276,51280,51288
51276,51278,51289
51276,51279,51289
51276,51280,51289
51276,51278,51290
51276,51279,51290
51276,51280,51290
51291,51292,51293
51291,51292,51294
51291,51292,51296
51291,51292,51297
51298,51299,51300
51298,51299,51302
51303,51304,51306
51303,51305,51306
51308,51310,51311
51308,51310,51313
51308,51310,51314
51308,51310,51316
51308,51310,51317
51308,51310,51318
51308,51310,51320
51308,51310,51322
51323,51324,NA
51325,51326,51327
51329,51330,51331
51329,51330,51332
51334,51335,NA
51337,51338,51341
51337,51339,51341
51337,51338,51343
51337,51339,51343
51337,51338,51344
51337,51339,51344
51337,51338,51345
51337,51339,51345
51337,51338,51346
51337,51339,51346
51337,51338,51347
51337,51339,51347
51337,51338,51348
51337,51339,51348
51337,51338,51349
51337,51339,51349
51352,51353,NA
51354,51355,NA
51356,51357,51358
51356,51357,51359
51356,51357,51360
51356,51357,51361
51362,51364,NA
51365,51366,NA
51367,51368,NA
51369,51370,51371
51369,51370,51372
51369,51370,51374
51369,51370,51376
51369,51370,51377
51369,51370,70248
51379,51380,NA
51381,51384,NA
51385,51386,NA
51387,51388,NA
51389,51390,NA
51391,51392,688
51393,51394,51395
51396,51397,NA
51398,51399,51400
51398,51399,51401
51398,51399,51403
51398,51399,51405
51406,51407,51408
51410,51411,NA
51412,51413,51414
51412,51413,51416
51417,51418,51421
51417,51420,51421
51417,51418,51422
51417,51420,51422
51417,51418,51423
51417,51420,51423
51417,51418,51425
51417,51420,51425
51427,51428,NA
51429,51430,NA
51431,51432,51433
51431,51432,51434
51431,51432,51435
51431,51432,51438
51431,51432,51439
51431,51432,51440
51441,51442,51443
51444,51445,51446
51444,51445,51447
51444,51445,51448
51444,51445,51449
51450,51451,NA
51452,51453,51454
51452,51453,51455
51452,51453,51456
51452,51453,51459
51452,51453,51460
51452,51453,51461
51462,51463,51464
51462,51463,51465
51466,51467,51468
51469,51470,NA
51471,51472,NA
51473,51474,51475
51473,51474,51476
51477,51478,51479
51477,51478,51480
51477,51478,51481
51482,51483,51484
51482,51483,51486
51482,51483,51487
51482,51483,51489
51491,51492,51493
51495,51496,NA
51497,51498,NA
51499,51500,51502
51499,68163,51502
51499,51500,51503
51499,68163,51503
51499,51500,51504
51499,68163,51504
51505,51506,51507
51505,51506,51508
51505,51506,51510
51505,51506,51511
51505,51506,51513
51505,51506,51515
51505,51506,51516
51505,51506,51517
51505,51506,51518
51520,51521,51523
51520,51522,51523
51520,51521,51524
51520,51522,51524
51520,51521,51526
51520,51522,51526
51520,51521,51527
51520,51522,51527
51520,51521,51529
51520,51522,51529
51530,51531,51533
51530,51532,51533
51530,51531,74784
51530,51532,74784
51530,51531,74787
51530,51532,74787
51530,51531,51535
51530,51532,51535
51530,51531,51537
51530,51532,51537
51530,51531,74789
51530,51532,74789
51530,51531,51539
51530,51532,51539
51530,51531,51540
51530,51532,51540
51530,51531,51541
51530,51532,51541
51530,51531,51542
51530,51532,51542
51530,51531,51544
51530,51532,51544
51530,51531,51545
51530,51532,51545
51530,51531,70512
51530,51532,70512
51547,51548,NA
51549,51550,51551
51552,51553,51554
51556,51557,51558
51556,51557,51559
51556,51557,51560
51556,51557,51562
51556,51557,51563
51556,51557,51565
51556,51557,51567
51556,51557,51568
51556,51557,51569
51570,51571,NA
51573,51574,51575
51576,51577,NA
51578,51579,NA
51580,51581,51582
51580,51581,51583
51580,51581,51586
51580,51581,51587
51580,51581,51588
51590,51591,NA
51592,51593,NA
51594,51595,51596
51594,51595,51597
51599,51600,NA
51601,51602,51603
51604,51605,51606
51607,51608,51609
51611,51613,51615
51611,51614,51615
51611,51613,51617
51611,51614,51617
51611,51613,51619
51611,51614,51619
51620,51621,51622
51623,51624,51625
51623,51624,51627
51628,51629,NA
51631,51632,NA
51633,51634,NA
51644,51645,51646
51658,51659,51660
51658,51659,51661
51658,51659,51662
51663,51664,NA
51668,51669,NA
51677,51679,51681
51677,51680,51681
51677,51679,51683
51677,51680,51683
51677,51679,51685
51677,51680,51685
51677,51679,51686
51677,51680,51686
51677,51679,51687
51677,51680,51687
51677,51679,51689
51677,51680,51689
51677,51679,51690
51677,51680,51690
51677,51679,51691
51677,51680,51691
51677,51679,51692
51677,51680,51692
51693,51694,51695
51696,51697,51698
51699,51700,NA
51701,51702,NA
51703,51704,51705
51706,51707,51708
51706,51707,51710
51706,51707,51711
51706,51707,51712
51706,51707,51713
51714,51715,51716
51714,51715,51717
51718,51719,51720
51718,51719,51722
51718,51719,51724
51718,51719,51725
51718,51719,51726
51718,51719,51727
51728,51729,NA
51730,51731,51732
51730,51731,51733
51730,51731,51735
51730,51731,51738
51739,51740,51742
51739,51741,51742
51745,51746,NA
51747,51748,NA
51749,51750,NA
51751,51752,51753
51751,51752,51755
51751,51752,51756
51751,51752,51758
51760,51761,51762
51763,51764,NA
51765,51766,NA
51767,51768,NA
51769,51770,NA
51771,51772,NA
51773,51774,NA
51775,51776,NA
51777,51778,NA
51779,51780,51781
51779,51780,51782
51779,51780,51783
51779,51780,51784
51786,51787,51788
51789,51790,NA
51791,51792,51793
51795,51796,NA
51797,51798,NA
51799,51800,NA
51801,51802,51803
51801,51802,51804
51805,51806,51807
51805,51806,51809
51810,51811,NA
51812,51813,73129
51812,51813,77057
51814,51815,NA
51816,51817,51818
51819,51820,51821
51822,51823,NA
51824,51825,NA
51826,51827,NA
51828,51829,51830
51831,51832,NA
51833,51834,NA
51836,51837,NA
51838,51839,51841
51842,51843,NA
51844,51845,NA
51846,51847,NA
51848,51849,NA
51850,51851,NA
51852,51854,NA
51855,51856,51857
51858,51860,NA
51861,51862,NA
51863,51864,51865
51863,51864,51867
51863,51864,51868
51870,51871,51872
51873,51874,NA
51875,51876,NA
51877,51878,NA
51879,51880,NA
51881,51882,NA
51883,51884,51885
51883,51884,51886
51883,51884,51888
51883,51884,51889
51890,51891,51892
51890,51891,51893
51890,51891,51894
51895,51896,NA
51897,51898,NA
51899,51900,NA
51901,51902,NA
51903,51904,51905
51906,51907,51908
51909,51910,NA
51911,51912,NA
51913,51914,51915
51916,51917,NA
51918,51919,51920
51918,51919,51921
51918,51919,51923
51918,51919,51924
51918,51919,51926
51927,51928,51929
51927,51928,51930
51927,51928,51933
51934,51935,51936
51937,51938,51939
51940,51941,NA
51943,51944,51945
51943,51944,51947
51943,51944,51948
51943,51944,51949
51950,51951,NA
51952,51953,51954
51956,51957,NA
51958,51959,51960
51961,51962,51965
51961,51963,51965
51961,51962,51967
51961,51963,51967
51961,51962,51968
51961,51963,51968
51961,51962,51969
51961,51963,51969
51961,51962,51970
51961,51963,51970
51961,51962,51971
51961,51963,51971
51961,51962,73336
51961,51963,73336
51972,51973,NA
51974,51975,51976
51974,51975,51977
51974,51975,51979
51974,51975,68187
51974,51975,68188
51974,51975,68189
51974,51975,68191
51974,51975,68192
51974,51975,68193
51974,51975,68194
51974,51975,68195
51974,51975,72666
51981,51982,NA
51984,51985,NA
51986,51987,NA
51988,51989,51991
51988,51990,51991
51988,51989,51993
51988,51990,51993
51988,51989,51994
51988,51990,51994
51988,51989,51995
51988,51990,51995
51996,51997,51998
51996,51997,52000
51996,51997,52001
51996,51997,52003
52004,52005,NA
52006,52007,52008
52009,52010,52011
52012,52013,52014
52015,52016,NA
52017,52018,NA
52019,52020,NA
52021,52022,NA
52023,52024,52025
52023,52024,68177
52023,52024,68180
52023,52024,68182
52023,52024,68184
52023,52024,68185
52023,52024,68186
52028,52029,NA
52030,52031,52032
52033,52034,52035
52036,52037,52038
52040,52041,52042
52040,52041,75003
52043,52044,52045
52047,52048,NA
52049,52050,52051
52052,52053,52054
52052,52053,52057
52052,52053,52058
52052,52053,52061
52052,52053,52264
52052,52053,52267
52065,52066,NA
52067,52068,52069
52067,52068,52071
52067,52068,52075
52067,52068,52076
52067,52068,52078
52079,52080,52081
52082,52083,52084
52082,52083,52085
52082,52083,52086
52082,52083,52088
52082,52083,52090
52082,52083,52091
52082,52083,52092
52082,52083,52093
52082,52083,52094
52082,52083,52095
52082,52083,52096
52097,52098,52099
52101,52102,52103
52105,52106,NA
52107,52108,NA
52109,52110,NA
52111,52112,NA
52113,52114,NA
52115,52116,NA
52118,52119,52120
52121,52122,52123
52124,52125,52126
52124,52125,52127
52124,52125,52128
52124,52125,52129
52124,52125,52130
52124,52125,52132
52124,52125,52133
52124,52125,52134
52135,52136,52138
52135,52137,52138
52139,52141,NA
52142,52143,NA
52144,52145,52146
52144,52145,52147
52144,52145,52148
52144,52145,52150
52144,52145,52151
52152,52153,52154
52155,52156,52157
52155,52156,52159
52161,52162,52164
52161,52163,52164
52161,52162,52165
52161,52163,52165
52161,52162,52166
52161,52163,52166
52169,52170,52171
52169,52170,52173
52169,52170,52174
52175,52176,52177
52175,52176,75045
52178,52179,NA
52180,52181,NA
52182,52183,52187
52182,52184,52187
52182,52185,52187
52182,52186,52187
52182,52183,52189
52182,52184,52189
52182,52185,52189
52182,52186,52189
52182,52183,52190
52182,52184,52190
52182,52185,52190
52182,52186,52190
52182,52183,52191
52182,52184,52191
52182,52185,52191
52182,52186,52191
52182,52183,52192
52182,52184,52192
52182,52185,52192
52182,52186,52192
52182,52183,52193
52182,52184,52193
52182,52185,52193
52182,52186,52193
52182,52183,70633
52182,52184,70633
52182,52185,70633
52182,52186,70633
52194,52196,52197
52198,52200,52201
52198,52200,52203
52204,52205,NA
52206,52207,NA
52208,52209,NA
52210,52211,52212
52210,52211,52214
52210,52211,52215
52210,52211,52216
52210,52211,52218
52219,52220,NA
52221,52222,52223
52221,52222,52224
52225,52226,NA
52227,52228,NA
52229,52230,NA
52231,52232,52233
52231,52232,52234
52231,52232,52236
52231,52232,52238
52239,52240,52241
52239,52240,52242
52243,52244,52245
52243,52244,52246
52243,52244,52248
52243,52244,52250
52243,52244,52251
52243,52244,52252
52243,52244,52253
52255,52256,NA
52257,52258,NA
52259,52260,52261
52259,52260,52262
52269,52270,NA
52271,52272,52273
52274,52275,52278
52274,52276,52278
52274,52275,52279
52274,52276,52279
52274,52275,52281
52274,52276,52281
52274,52275,52283
52274,52276,52283
52284,52285,52286
52284,52285,52287
52288,52290,NA
52291,52292,52293
52294,52295,NA
52296,52297,NA
52298,52299,NA
52300,52301,52302
52303,52304,52305
52303,52304,72975
52306,52307,NA
52308,52309,52310
52308,52309,74045
52311,52312,NA
52313,52314,NA
52315,52317,NA
52318,52319,52321
52318,52320,52321
52318,52319,52322
52318,52320,52322
52318,52319,52324
52318,52320,52324
52318,52319,52327
52318,52320,52327
52318,52319,52329
52318,52320,52329
52330,52331,NA
52332,52333,NA
52334,52335,52336
52334,52335,52337
52334,52335,52338
52340,52341,52342
52343,52344,52345
52346,52347,52348
52349,52350,52351
52352,52353,52354
52355,52356,52357
52358,52359,52360
52358,52359,52361
52358,52359,52362
52358,52359,52363
52364,52365,52366
52364,52365,52367
52364,52365,52368
52369,52370,52371
52372,52373,NA
52374,52375,52376
52374,52375,52379
52374,52375,52380
52374,52375,52381
52374,52375,52382
52383,52384,52385
52386,52387,NA
52388,52389,52390
52391,52392,NA
52393,52394,52395
52393,52394,52396
52393,52394,52397
52393,52394,52398
52393,52394,52399
52393,52394,69433
52401,52402,NA
52403,52404,52405
52406,52407,NA
52408,52409,NA
52410,52411,52412
52410,52411,52413
52414,52415,NA
52416,52417,NA
52418,52419,NA
52420,52421,NA
52422,52423,NA
52424,52425,NA
52426,52427,52429
52426,52428,52429
52426,52427,52430
52426,52428,52430
52432,52433,NA
52434,52435,52436
52434,52435,52437
52434,52435,52438
52434,52435,76504
52439,52440,NA
52441,52442,NA
52443,52444,NA
52445,52446,NA
52447,52448,NA
52449,52450,52452
52449,52451,52452
52449,52450,52453
52449,52451,52453
52449,52450,52455
52449,52451,52455
52449,52450,52456
52449,52451,52456
52457,52458,NA
52459,52460,NA
52461,52462,52464
52461,52463,52464
52461,52462,52466
52461,52463,52466
52467,52468,52469
52467,52468,52470
52467,52468,52471
52472,52473,52474
52475,52476,NA
52478,52479,NA
52480,52481,52482
52480,52481,52483
52484,52485,52486
52484,52485,52488
52484,52485,52489
52484,52485,52490
52484,52485,52492
52484,52485,70517
52494,52495,76931
52494,52495,52496
52494,52495,52497
52494,52495,52499
52500,52501,52502
52500,52501,52504
52500,52501,52505
52500,52501,52506
52500,52501,52507
52508,52509,NA
52510,52511,NA
52512,52513,NA
52514,52515,NA
52516,52517,52518
52516,52517,52520
52516,52517,52521
52516,52517,52522
52516,52517,52524
52516,52517,52525
52516,52517,52526
52527,52529,52530
52527,52529,52532
52527,52529,52534
52527,52529,52535
52527,52529,52537
52527,52529,52538
52540,52541,52542
52540,52541,52544
52540,52541,52547
52540,52541,52549
52540,52541,52551
52540,52541,52553
52540,52541,52554
52540,52541,52555
52540,52541,52556
52540,52541,52557
52540,52541,52558
52540,52541,52559
52540,52541,52561
52562,52564,52567
52562,52565,52567
52562,52566,52567
52562,52564,52568
52562,52565,52568
52562,52566,52568
52562,52564,52570
52562,52565,52570
52562,52566,52570
52562,52564,52572
52562,52565,52572
52562,52566,52572
52562,52564,52574
52562,52565,52574
52562,52566,52574
52562,52564,52576
52562,52565,52576
52562,52566,52576
52577,52578,52580
52577,52578,52582
52583,52584,52585
52583,52584,52586
52583,52584,52587
52583,52584,52588
52583,52584,52590
52591,52592,NA
52593,52594,NA
52595,52596,52597
52595,52596,52598
52595,52596,52600
52595,52596,52602
52595,52596,52604
52595,52596,52606
52607,52608,NA
52609,52610,NA
52611,52612,NA
52613,52614,52615
52613,52614,52616
52613,52614,52617
52618,52619,NA
52621,52622,52623
52621,52622,52625
52621,52622,52627
52621,52622,52628
52621,52622,52629
52621,52622,52630
52621,52622,52631
52621,52622,52632
52621,52622,52633
52634,52635,NA
52636,52637,52640
52636,52638,52640
52636,52639,52640
52636,52637,52641
52636,52638,52641
52636,52639,52641
52636,52637,52642
52636,52638,52642
52636,52639,52642
52636,52637,52643
52636,52638,52643
52636,52639,52643
52636,52637,52644
52636,52638,52644
52636,52639,52644
52645,52646,NA
52647,52648,NA
52649,52650,52651
52649,52650,52652
52649,52650,52654
52655,52656,52657
52659,52660,52664
52659,52661,52664
52659,52660,52666
52659,52661,52666
52659,52660,52667
52659,52661,52667
52659,52660,52669
52659,52661,52669
52662,52663,NA
52665,52668,52670
52665,52668,52675
52665,52668,52677
52665,52668,73303
52671,52673,52674
52676,52678,52679
52680,52681,52682
52683,52685,52687
52684,52686,52688
52684,52686,52693
52689,52691,52692
52689,52691,52694
52696,52697,52698
52696,52697,52700
52696,52697,52703
52699,52701,NA
52704,52707,52709
52706,52708,52710
52706,52708,52712
52713,52714,52716
52713,52714,52717
52713,52714,52719
52713,52714,52720
52713,52714,52725
52715,52718,52721
52715,52718,74986
52715,52718,76502
52722,52724,52727
52726,52728,52729
52730,52731,52732
52730,52731,52733
52734,52735,52736
52734,52735,52737
52734,52735,52738
52734,52735,52739
52734,52735,52740
52734,52735,52741
52742,52743,52744
52742,52743,52747
52742,52743,52748
52742,52743,52749
52742,52743,52751
52752,52753,NA
52754,52755,52756
52754,52755,52757
52754,52755,52758
52754,52755,52759
52760,52761,52762
52760,52761,52763
52765,52766,52767
52765,52766,52768
52765,52766,52769
52765,52766,52770
52765,52766,52772
52773,52774,NA
52775,52776,52777
52775,52776,52778
52775,52776,52779
52775,52776,52781
52782,52783,52784
52785,52786,NA
52787,52788,52789
52787,52788,52790
52787,52788,52791
52787,52788,52792
52787,52788,74985
52793,52794,NA
52795,52796,NA
52797,52798,NA
52799,52800,NA
52801,52802,52803
52804,52805,52806
52804,52805,52808
52804,52805,52810
52804,52805,52811
52804,52805,52812
52804,52805,52813
52816,52817,NA
52818,52819,52820
52818,52819,52821
52818,52819,52822
52823,52826,52827
52828,52829,NA
52830,52831,52832
52833,52835,NA
52836,52837,52838
52840,52841,NA
52842,52843,52844
52845,52846,NA
52847,52848,NA
52849,52850,52851
52849,52850,52852
52849,52850,52853
52849,52850,52854
52849,52850,52856
52849,52850,52858
52849,52850,52860
52862,52863,NA
52864,52865,52866
52868,52869,52870
52871,52872,NA
52873,52874,52875
52873,52874,52876
52873,52874,52877
52873,52874,52879
52873,52874,52881
52873,52874,52882
52873,52874,52883
52873,52874,52885
52887,52889,NA
52890,52891,52892
52893,52894,52895
52896,52897,52898
52900,52901,52902
52900,52901,52903
52900,52901,52904
52900,52901,76283
52905,52906,52907
52905,52906,52908
52905,52906,52909
52905,52906,74346
52910,52911,NA
52913,52914,NA
52915,52916,NA
52917,52918,NA
52920,52921,NA
52922,52923,52924
52922,52923,52926
52927,52928,52929
52927,52928,52930
52931,52932,52933
52931,52932,52935
52931,52932,52936
52937,52938,52939
52937,52938,52941
52937,52938,52942
52937,52938,52943
52937,52938,52944
52937,52938,52945
52937,52938,52946
52937,52938,52950
52951,52952,52953
52951,52952,52954
52955,52956,52957
52955,52956,75818
52958,52959,NA
52958,52960,NA
52965,52966,NA
52967,52968,52969
52970,52971,NA
52972,52973,NA
52974,52975,NA
52976,52977,52978
52976,52977,52980
52976,52977,52981
52984,52985,52986
52987,52988,NA
52989,52990,NA
52991,52992,52994
52991,52993,52994
52991,52992,52995
52991,52993,52995
52991,52992,52996
52991,52993,52996
52991,52992,52998
52991,52993,52998
52991,52992,52999
52991,52993,52999
52991,52992,53000
52991,52993,53000
52991,52992,53001
52991,52993,53001
52991,52992,72510
52991,52993,72510
53002,53003,NA
53004,53005,53006
53004,53005,53008
53004,53005,53010
53004,53005,53011
53004,53005,53013
53004,53005,53015
53004,53005,53017
53004,53005,72509
53019,53020,53021
53019,53020,53022
53023,53024,53025
53023,53024,53026
53027,53028,NA
53029,53030,53035
53029,53033,53035
53029,53030,53036
53029,53033,53036
53029,53030,53040
53029,53033,53040
53029,53030,53041
53029,53033,53041
53029,53030,53043
53029,53033,53043
53044,53045,NA
53047,53048,NA
53049,53050,53052
53049,53051,53052
53054,53055,NA
53056,53057,53058
53060,53061,53062
53060,53061,53064
53060,53061,53066
53067,53068,NA
53069,53070,53071
53069,53070,76769
53072,53073,NA
53074,53075,NA
53076,53077,53078
53076,53077,53079
53076,53077,53082
53076,53077,53083
53076,53077,53084
53076,53077,53085
53076,53077,53087
53076,53077,53088
53076,53077,53089
53076,53077,53090
53076,53077,76724
53092,53093,53094
53096,53097,NA
53098,53099,53100
53101,53102,53104
53101,53103,53104
53101,53102,53105
53101,53103,53105
53101,53102,53106
53101,53103,53106
53101,53102,53107
53101,53103,53107
53108,53109,53110
53111,53112,NA
53113,53114,53115
53116,53117,53118
53116,53117,53119
53116,53117,53120
53116,53117,53121
53122,53123,53124
53125,53126,53127
53128,53129,53130
53128,53129,53131
53132,53133,53134
53132,53133,53135
53132,53133,53136
53132,53133,53138
53132,53133,53140
53132,53133,53141
53132,53133,53142
53143,53144,53145
53143,53144,53147
53148,53149,53150
53151,53152,53153
53154,53155,53157
53154,53156,53157
53154,53155,53160
53154,53156,53160
53154,53155,53163
53154,53156,53163
53154,53155,53165
53154,53156,53165
53166,53167,NA
53168,53169,NA
53170,53171,53172
53170,53171,53173
53170,53171,53174
53170,53171,53176
53177,53178,NA
53179,53180,53181
53182,53183,53184
53185,53186,53187
53185,53186,53188
53191,53192,53193
53191,53192,53194
53195,53196,53198
53195,53197,53198
53195,53196,53200
53195,53197,53200
53195,53196,53201
53195,53197,53201
53195,53196,53202
53195,53197,53202
53195,53196,53204
53195,53197,53204
53195,53196,53205
53195,53197,53205
53195,53196,53207
53195,53197,53207
53195,53196,53209
53195,53197,53209
53195,53196,53211
53195,53197,53211
53195,53196,53213
53195,53197,53213
53195,53196,53214
53195,53197,53214
53195,53196,53216
53195,53197,53216
53218,53219,53220
53218,53219,53221
53218,53219,53222
53218,53219,53223
53218,53219,53224
53218,53219,53226
53218,53219,53228
53229,53230,NA
53231,53232,53233
53234,53235,53236
53234,53235,53237
53238,53239,53240
53238,53239,53243
53238,53239,53244
53238,53239,53246
53238,53239,53247
53238,53239,53248
53249,53250,NA
53251,53252,NA
53253,53254,53255
53253,53254,68169
53253,53254,68171
53253,53254,68173
53253,53254,68175
53257,53258,53259
53260,53261,53263
53260,53261,53265
53260,53261,53267
53269,53270,53271
53269,53270,53272
53269,53270,53273
53274,53275,NA
53276,53277,NA
53278,53280,NA
53281,53282,53283
53281,53282,53284
53281,53282,53286
53281,53282,53288
53281,53282,53290
53281,53282,53292
53281,53282,53294
53281,53282,53295
53281,53282,53296
53281,53282,53297
53298,53299,NA
53300,53301,NA
53302,53303,53305
53302,53303,53306
53302,53303,53307
53302,53303,53309
53302,53303,53311
53302,53303,53312
53313,53314,53315
53313,53314,53316
53313,53314,53317
53318,53319,53320
53318,53319,53321
53322,53323,53324
53327,53329,NA
53330,53331,72987
53330,53331,74534
53330,53331,74535
53330,53331,74537
53330,53331,74538
53330,53331,74539
53330,53331,74540
53330,53331,74541
53330,53331,74542
53330,53331,74543
53330,53331,74544
53330,53331,74545
53330,53331,74546
53332,53333,53334
53332,53333,53336
53332,53333,53338
53332,53333,53339
53332,53333,53340
53332,53333,53341
53343,53344,53346
53343,53345,53346
53343,53344,53347
53343,53345,53347
53343,53344,53348
53343,53345,53348
53343,53344,53349
53343,53345,53349
53343,53344,53350
53343,53345,53350
53343,53344,53351
53343,53345,53351
53352,53353,53354
53352,53353,53355
53356,53357,NA
53358,53359,53360
53361,53362,53363
53364,53365,53366
53364,53365,53367
53364,53365,53369
53364,53365,53370
53364,53365,53371
53364,53365,53373
53364,53365,53374
53364,53365,53376
53378,53379,53381
53378,53380,53381
53378,53379,53383
53378,53380,53383
53378,53379,53384
53378,53380,53384
53378,53379,53385
53378,53380,53385
53378,53379,53386
53378,53380,53386
53378,53379,53388
53378,53380,53388
53389,53390,53391
53389,53390,53392
53389,53390,53393
53394,53395,53396
53413,53414,53415
53413,53414,53416
53413,53414,53418
53413,53414,53420
53422,53423,NA
53424,53425,NA
53426,53427,53428
53429,53430,NA
53431,53432,NA
53433,53434,53435
53433,53434,53438
53433,53434,53439
53437,53440,NA
53441,53443,53445
53441,53443,53446
53441,53443,53456
53441,53443,53458
53442,53444,NA
53447,53448,53449
53447,53448,53450
53447,53448,53451
53447,53448,53454
53447,53448,53470
53447,53448,53473
53460,53461,53463
53460,53462,53463
53460,53461,53466
53460,53462,53466
53460,53461,53467
53460,53462,53467
53460,53461,53468
53460,53462,53468
53460,53461,53469
53460,53462,53469
53460,53461,53471
53460,53462,53471
53460,53461,53472
53460,53462,53472
53460,53461,53478
53460,53462,53478
53476,53477,NA
53479,53481,NA
53480,53482,NA
53483,53486,NA
53484,53485,NA
53487,53488,53489
53487,53488,53494
53487,53488,53498
53487,53488,53504
53487,53488,53506
53491,53492,NA
53493,53496,NA
53497,53499,53503
53497,53501,53503
53497,53499,53505
53497,53501,53505
53508,53510,NA
53511,53512,NA
53513,53515,53516
53514,53517,53518
53519,53520,NA
53521,53524,53525
53521,53524,53527
53522,53523,NA
53526,53528,53530
53529,53531,53533
53532,53534,NA
53535,53541,53542
53536,53538,NA
53539,53540,53546
53539,53540,53551
53539,53540,53554
53539,53540,53555
53539,53540,53558
53539,53540,53559
53539,53540,53561
53539,53540,72511
53544,53545,53547
53544,53545,53548
53544,53545,53550
53552,53553,53556
53557,53560,NA
53562,53565,NA
53563,53564,53568
53563,53566,53568
53563,53564,53569
53563,53566,53569
53563,53564,53571
53563,53566,53571
53563,53564,53572
53563,53566,53572
53567,53570,NA
53573,53574,53576
53573,53575,53576
53573,53574,53577
53573,53575,53577
53573,53574,53578
53573,53575,53578
53573,53574,53579
53573,53575,53579
53573,53574,53580
53573,53575,53580
53581,53582,NA
53583,53584,53586
53583,53585,53586
53583,53584,53587
53583,53585,53587
53583,53584,53588
53583,53585,53588
53583,53584,53589
53583,53585,53589
53583,53584,53591
53583,53585,53591
53592,53593,NA
53594,53595,53596
53594,53595,53597
53598,53599,NA
53600,53601,NA
53602,53603,53604
53602,53603,53605
53602,53603,53606
53602,53603,53607
53602,53603,53608
53602,53603,53609
53610,53611,NA
53612,53613,NA
53614,53615,NA
53616,53617,53618
53619,53620,53621
53622,53623,NA
53624,53625,NA
53626,53628,NA
53629,53630,NA
53631,53632,NA
53633,53634,NA
53635,53636,53637
53635,53636,53638
53635,53636,53639
53635,53636,68165
53635,53636,68167
53642,53643,53644
53642,53643,53645
53642,53643,53647
53642,53643,53650
53642,53643,53651
53652,53653,53654
53652,53653,53655
53652,53653,53656
53652,53653,53658
53652,53653,53659
53661,53662,53663
53661,53662,53665
53661,53662,53667
53668,53669,53671
53668,53670,53671
53668,53669,53672
53668,53670,53672
53668,53669,53673
53668,53670,53673
53674,53675,53676
53674,53675,53678
53679,53680,NA
53681,53682,NA
53683,53684,NA
53686,53687,NA
53688,53689,53690
53688,53689,53692
53688,53689,53694
53688,53689,53695
53696,53697,NA
53698,53699,53702
53698,53701,53702
53698,53699,53704
53698,53701,53704
53698,53699,53705
53698,53701,53705
53698,53699,53706
53698,53701,53706
53707,53708,53709
53707,53708,53710
53707,53708,53711
53707,53708,53713
53715,53716,53718
53715,53717,53718
53715,53716,53720
53715,53717,53720
53715,53716,53722
53715,53717,53722
53715,53716,53724
53715,53717,53724
53715,53716,53726
53715,53717,53726
53715,53716,53727
53715,53717,53727
53715,53716,53728
53715,53717,53728
53715,53716,53729
53715,53717,53729
53715,53716,53730
53715,53717,53730
53731,53732,53733
53731,53732,53734
53731,53732,53735
53731,53732,53736
53731,53732,53737
53731,53732,53738
53731,53732,53739
53731,53732,53740
53731,53732,53742
53731,53732,53743
53731,53732,73386
53746,53747,NA
53748,53749,NA
53750,53751,53752
53750,53751,53753
53754,53755,NA
53756,53757,NA
53758,53759,NA
53760,53761,NA
53762,53763,NA
53764,53765,53768
53764,53766,53768
53764,77792,53768
53764,53767,53768
53764,53765,53770
53764,53766,53770
53764,77792,53770
53764,53767,53770
53764,53765,53772
53764,53766,53772
53764,77792,53772
53764,53767,53772
53764,53765,53774
53764,53766,53774
53764,77792,53774
53764,53767,53774
53764,53765,53776
53764,53766,53776
53764,77792,53776
53764,53767,53776
53764,53765,53777
53764,53766,53777
53764,77792,53777
53764,53767,53777
53764,53765,53779
53764,53766,53779
53764,77792,53779
53764,53767,53779
53764,53765,53781
53764,53766,53781
53764,77792,53781
53764,53767,53781
53782,53783,53784
53782,53783,53785
53786,53787,NA
53788,53789,53790
53788,53789,53792
53788,53789,53793
53788,53789,53794
53788,53789,53795
53788,53789,53796
53788,53789,53798
53788,53789,53800
53802,53803,53804
53806,53807,NA
53808,53809,53810
53808,53809,53811
53808,53809,53813
53814,53815,NA
53816,53817,53818
53816,53817,53819
53816,53817,53820
53816,53817,72330
53821,53822,NA
53823,53824,53826
53823,53825,53826
53823,53824,53827
53823,53825,53827
53823,53824,53828
53823,53825,53828
53823,53824,53829
53823,53825,53829
53823,53824,53830
53823,53825,53830
53823,53824,53833
53823,53825,53833
53823,53824,53835
53823,53825,53835
53837,53838,53839
53840,53841,53842
53840,53841,53843
53840,53841,53845
53840,53841,53846
53840,53841,53847
53840,53841,53849
53840,53841,53850
53851,53852,NA
53853,53854,53855
53853,53854,53857
53858,53859,NA
53860,53861,53862
53860,53861,53864
53860,53861,53866
53860,53861,53867
53868,53869,NA
53870,53871,NA
53872,53873,53874
53875,53876,NA
53877,53878,53879
53880,53881,NA
53882,53883,53884
53885,53886,NA
53887,53888,NA
53889,53890,NA
53891,53892,NA
53893,53894,53895
53893,53894,53896
53893,53894,53899
53893,53894,53900
53901,53902,NA
53903,53904,NA
53905,53906,53907
53908,53909,53910
53908,53909,53911
53908,53909,53912
53913,53914,NA
53915,53916,53917
53918,53919,NA
53920,53921,53922
53923,53924,53925
53923,53924,53926
53923,53924,53927
53923,53924,53928
53923,53924,53929
53923,53924,53930
53923,53924,53931
53923,53924,76512
53932,53933,NA
53934,53935,NA
53936,53937,53938
53936,53937,53939
53936,53937,53940
53941,53942,53943
53944,53945,NA
53948,53949,53950
53952,53953,53957
53952,53954,53957
53952,53955,53957
53952,53956,53957
53952,53953,53958
53952,53954,53958
53952,53955,53958
53952,53956,53958
53960,53961,NA
53962,53963,53964
53962,53963,53965
53962,53963,53967
53962,53963,53969
53970,53971,53972
53970,53971,53973
53970,53971,53974
53970,53971,53976
53970,53971,53978
53970,53971,53980
53981,53982,53983
53984,53985,53986
53984,53985,53987
53988,53989,NA
53990,53991,53992
53990,53991,53993
53990,53991,53994
53990,53991,53995
53990,53991,53996
53997,53998,NA
53999,54000,NA
54001,54002,54003
54001,54002,54004
54005,54006,54007
54008,54009,54010
54011,54012,NA
54013,54014,NA
54015,54016,54019
54017,54020,NA
54021,54022,54024
54025,54026,54027
54029,54030,NA
54031,54032,54033
54031,54032,54034
54031,54032,54035
54031,54032,74464
54036,54037,NA
54038,54039,54040
54038,54039,54041
54038,54039,54042
54038,54039,54043
54038,54039,54044
54038,54039,54045
54046,54047,NA
54048,54049,NA
54050,54051,54052
54053,54054,54055
54053,54054,54056
54053,54054,54057
54053,54054,54058
54053,54054,54060
54053,54054,54061
54053,54054,54062
54064,54065,54066
54064,54065,54067
54064,54065,54068
54064,54065,54070
54064,54065,54072
54064,54065,54074
54079,54080,54081
54079,54080,54082
54083,54086,NA
54087,54088,54089
54087,54088,54090
54092,54093,NA
54094,54095,NA
54096,54097,54098
54100,54101,54102
54103,54104,54106
54103,54105,54106
54103,54104,54108
54103,54105,54108
54103,54104,54110
54103,54105,54110
54103,54104,54111
54103,54105,54111
54103,54104,54112
54103,54105,54112
54113,54114,69566
54115,54116,54117
54115,54116,54118
54115,54116,54120
54115,54116,54121
54115,54116,54122
54115,54116,54124
54115,54116,54125
54115,54116,54127
54115,54116,54128
54115,54116,54129
54115,54116,76869
54130,54131,NA
54132,54133,NA
54134,54135,NA
54136,54137,NA
54138,54139,54141
54138,54140,54141
54143,54144,NA
54145,54146,NA
54147,54148,NA
54149,54150,NA
54151,54152,54153
54155,54156,54157
54158,54159,54160
54162,54163,NA
54164,54165,NA
54166,54167,NA
54168,54171,NA
54172,54173,NA
54174,54175,54176
54177,54178,NA
54179,54180,54181
54179,54180,54182
54179,54180,54183
54184,54185,NA
54186,54187,NA
54188,54189,54190
54188,54189,54192
54188,54189,70395
54193,54194,NA
54195,54196,NA
54197,54198,54199
54197,54198,54200
54197,54198,54201
54197,54198,54202
54197,54198,54203
54197,54198,54205
54197,54198,54206
54197,54198,54207
54208,54209,54210
54211,54212,NA
54213,54214,54215
54213,54214,54216
54213,54214,54217
54213,54214,69688
54218,54219,NA
54220,54221,NA
54222,54223,NA
54224,54225,NA
54226,54227,NA
54228,54229,54230
54231,54232,NA
54233,54234,NA
54235,54236,54237
54235,54236,54238
54235,54236,54239
54235,54236,54240
54235,54236,54241
54235,54236,54242
54243,54244,54245
54243,54244,69981
54246,54247,54248
54250,54251,NA
54252,54253,NA
54254,54255,54256
54254,54255,54258
54254,54255,54259
54260,54261,NA
54262,54263,NA
54264,54265,NA
54266,54267,54268
54270,54271,54272
54270,54271,54274
54270,54271,54276
54270,54271,54277
54270,54271,54279
54270,54271,54281
54283,54284,54285
54286,54287,54288
54290,54291,NA
54292,54293,54294
54295,54296,54297
54299,54300,NA
54301,54302,NA
54303,54304,54305
54303,54304,54306
54303,54304,54307
54308,54309,54310
54308,54309,54311
54308,54309,54315
54308,54309,54316
54317,54318,54319
54317,54318,54320
54317,54318,54321
54317,54318,54323
54324,54325,NA
54326,54327,54328
54326,54327,54330
54326,54327,54332
54326,54327,54333
54334,54335,54336
54334,54335,54337
54338,54339,NA
54340,54341,54343
54340,54342,54343
54340,54341,54344
54340,54342,54344
54340,54341,54345
54340,54342,54345
54346,54347,54348
54346,54347,54349
54346,54347,54351
54346,54347,54353
54346,54347,54355
54346,54347,54357
54358,54359,54360
54361,54362,54365
54361,54363,54365
54361,54364,54365
54361,54362,54367
54361,54363,54367
54361,54364,54367
54368,54369,54370
54368,54369,54374
54368,54369,54375
54368,54369,54376
54368,54369,54377
54378,54379,NA
54380,54381,NA
54382,54383,54384
54382,54383,54388
54382,54383,54390
54382,54383,54393
54395,54397,54398
54400,54401,54402
54400,54401,54404
54400,54401,54406
54400,54401,54407
54409,54410,54411
54409,54410,54413
54409,54410,75510
54414,54416,54417
54418,54419,54420
54418,54419,54422
54418,54419,54425
54418,54419,54427
54418,54419,54428
54418,54419,54429
54418,54419,54430
54418,54419,54431
54418,54419,54432
54434,54435,NA
54436,54437,NA
54438,54444,54449
54438,54448,54449
54438,54444,54451
54438,54448,54451
54438,54444,54454
54438,54448,54454
54438,54444,54456
54438,54448,54456
54457,54458,54459
54457,54458,54462
54457,54458,54463
54464,54465,NA
54466,54467,54468
54469,54470,NA
54471,54472,54474
54471,54473,54474
54471,54472,54475
54471,54473,54475
54471,54472,54477
54471,54473,54477
54471,54472,54480
54471,54473,54480
54471,54472,72348
54471,54473,72348
54481,54482,54484
54481,54482,54486
54488,54490,NA
54491,54492,NA
54493,54494,NA
54495,54496,NA
54497,54498,NA
54499,54500,NA
54501,54502,54503
54501,54502,54504
54505,54506,54507
54505,54506,54508
54505,54506,54509
54505,54506,54510
54511,54512,54513
54514,54515,54516
54514,54515,73821
54518,54519,54520
54518,54519,54521
54518,54519,54522
54523,54524,54525
54523,54524,54526
54523,54524,54527
54523,54524,54528
54523,54524,54529
54523,54524,54531
54523,54524,74184
54532,54533,NA
54534,54535,NA
54536,54537,54539
54536,54538,54539
54540,54541,54542
54540,54541,54543
54544,54545,NA
54546,54547,54548
54546,54547,54549
54550,54551,NA
54552,54553,NA
54554,54555,NA
54556,54557,54558
54556,54557,54559
54556,54557,54560
54561,54562,NA
54563,54564,54565
54563,54564,54566
54563,54564,54567
54563,54564,54569
54570,54571,NA
54572,54573,NA
54574,54575,54576
54574,54575,54577
54578,54579,NA
54580,54581,NA
54582,54583,54584
54582,54583,54586
54588,54589,54591
54588,54590,54591
54588,54589,54592
54588,54590,54592
54588,54589,54594
54588,54590,54594
54588,54589,54596
54588,54590,54596
54588,54589,54597
54588,54590,54597
54598,54599,54600
54598,54599,54601
54598,54599,54603
54598,54599,54604
54598,54599,54605
54607,54608,NA
54609,54610,54613
54609,54611,54613
54609,54612,54613
54609,54610,54614
54609,54611,54614
54609,54612,54614
54609,54610,77690
54609,54611,77690
54609,54612,77690
54615,54616,69673
54617,54618,54619
54617,54618,54621
54617,54618,54622
54623,54624,NA
54625,54626,54627
54628,54629,NA
54630,54631,54632
54630,54631,54634
54635,54636,54639
54635,54636,54640
54641,54642,54643
54641,54642,54644
54641,54642,54645
54641,54642,54646
54647,54648,54649
54650,54651,54652
54650,54651,54653
54650,54651,54654
54650,54651,54655
54656,54657,NA
54658,54659,NA
54660,54661,54662
54660,54661,54663
54660,54661,54664
54660,54661,54666
54660,54661,54667
54660,54661,54668
54660,54661,54670
54660,54661,54671
54660,54661,54672
54673,54674,54675
54673,54674,54677
54673,54674,54678
54673,54674,54679
54673,54674,54680
54673,54674,54681
54673,54674,54682
54673,54674,54683
54673,54674,54684
54685,54686,NA
54687,54688,54689
54687,54688,54690
54687,54688,54692
54693,54694,NA
54695,54696,NA
54697,54698,54699
54697,54698,54700
54697,54698,54701
54697,54698,54702
54697,54698,54703
54697,54698,54704
54697,54698,75017
54705,54706,NA
54707,54708,NA
54709,54710,54711
54713,54714,54715
54713,54714,54718
54713,54714,54720
54713,54714,54722
54713,54714,54726
54713,54714,54727
54721,54723,54725
54728,54729,NA
54730,54733,NA
54731,54732,54734
54735,54736,NA
54737,54740,54741
54738,54739,54746
54742,54744,NA
54745,54748,NA
54749,54750,NA
54751,54752,54755
54751,54753,54755
54751,54752,54756
54751,54753,54756
54754,54759,NA
54757,54758,NA
54760,54761,NA
54762,54763,54766
54762,54763,54767
54762,54763,54768
54764,54765,NA
54769,54770,NA
54771,54772,NA
54773,54781,NA
54774,54775,54776
54778,54780,NA
54782,54783,54784
54782,54783,54789
54782,54783,54795
54782,54783,54798
54782,54783,54800
54782,54783,54801
54782,54783,54808
54786,54787,54788
54791,54792,54794
54793,54796,NA
54797,54799,NA
54803,54804,NA
54806,54807,NA
54810,54811,NA
54812,54814,74885
54812,54816,74885
54812,54814,74889
54812,54816,74889
54812,54814,74891
54812,54816,74891
54812,54814,74892
54812,54816,74892
54812,54814,54818
54812,54816,54818
54812,54814,54820
54812,54816,54820
54812,54814,54821
54812,54816,54821
54812,54814,54823
54812,54816,54823
54812,54814,74893
54812,54816,74893
54812,54814,74894
54812,54816,74894
54812,54814,74896
54812,54816,74896
54812,54814,74898
54812,54816,74898
54812,54814,54825
54812,54816,54825
54812,54814,54828
54812,54816,54828
54812,54814,54829
54812,54816,54829
54812,54814,74900
54812,54816,74900
54813,54815,54819
54813,54815,54822
54813,54815,54827
54813,54815,54830
54813,54815,54831
54832,54833,NA
54834,54835,NA
54836,54837,NA
54838,54840,NA
54841,54842,NA
54843,54844,NA
54845,54847,54849
54845,54847,54851
54845,54847,54852
54845,54847,54853
54854,54856,NA
54855,54857,NA
54858,54859,NA
54860,54861,54862
54860,54861,54863
54860,54861,54865
54860,54861,54866
54867,54868,NA
54869,54870,NA
54871,54872,54873
54871,54872,54874
54871,54872,54876
54871,54872,54877
54871,54872,54878
54871,54872,54879
54880,54881,76248
54882,54884,NA
54883,54885,NA
54886,54887,NA
54888,54889,NA
54890,54891,54892
54890,54891,54893
54890,54891,54895
54897,54898,NA
54899,54918,54920
54900,54901,NA
54902,54903,NA
54904,54905,NA
54906,54907,NA
54908,54909,54910
54908,54909,54912
54908,54909,54913
54908,54909,54914
54915,54916,NA
54917,54919,NA
54921,54922,NA
54923,54924,54925
54926,54927,54928
54926,54927,54929
54926,54927,54931
54926,54927,54932
54926,54927,54933
54926,54927,54934
54926,54927,54935
54936,54937,54938
54936,54937,54939
54940,54941,NA
54942,54943,54944
54942,54943,54945
54946,54947,NA
54948,54949,73106
54950,54952,54953
54954,54955,54956
54958,54959,NA
54960,54961,54962
54963,54964,54965
54967,54968,NA
54969,54970,NA
54971,54972,54973
54974,54975,54976
54980,54981,54983
54980,54982,54983
54980,54981,54984
54980,54982,54984
54980,54981,54985
54980,54982,54985
54986,54987,NA
54988,54989,NA
54990,54991,NA
54992,54993,54997
54992,54994,54997
54992,54995,54997
54992,54993,55000
54992,54994,55000
54992,54995,55000
54992,54993,55002
54992,54994,55002
54992,54995,55002
54992,54993,55004
54992,54994,55004
54992,54995,55004
54992,54993,55006
54992,54994,55006
54992,54995,55006
54992,54993,55007
54992,54994,55007
54992,54995,55007
55009,55010,55011
55013,55014,NA
55015,55016,NA
55017,55018,NA
55019,55020,NA
55021,55022,55023
55021,55022,55025
55021,55022,55027
55021,55022,55029
55021,55022,55032
55033,55034,NA
55035,55036,NA
55037,55038,55039
55037,55038,55041
55037,55038,55042
55037,55038,55043
55044,55045,55046
55044,55045,55048
55044,55045,55050
55044,55045,55051
55053,55054,55056
55053,55055,55056
55053,55054,55058
55053,55055,55058
55053,55054,55059
55053,55055,55059
55060,55061,NA
55062,55063,NA
55064,55065,55066
55067,55068,55069
55067,55068,55070
55071,55072,55073
55074,55075,NA
55076,55077,NA
55078,55080,55081
55078,55080,55083
55078,55080,55085
55078,55080,55086
55087,55088,NA
55089,55091,55092
55094,55095,55096
55099,55100,55101
55102,55103,NA
55104,55105,55106
55104,55105,55107
55104,55105,55109
55104,55105,55111
55104,55105,55112
55104,55105,55114
55115,55116,NA
55117,55118,NA
55119,55120,55121
55122,55124,NA
55125,55126,75821
55127,55128,55129
55130,55131,55132
55133,55134,NA
55135,55136,NA
55137,55138,55139
55137,55138,55140
55137,55138,55142
55137,55138,55143
55137,55138,55144
55145,55146,55147
55148,55149,NA
55150,55151,55153
55150,55152,55153
55150,55151,55155
55150,55152,55155
55150,55151,55156
55150,55152,55156
55150,55151,55158
55150,55152,55158
55150,55151,55160
55150,55152,55160
55150,55151,55161
55150,55152,55161
55150,55151,55162
55150,55152,55162
55150,55151,72402
55150,55152,72402
55163,55164,NA
55165,55166,NA
55167,55168,55169
55170,55171,55172
55170,55171,55173
55174,55175,55178
55174,55177,55178
55174,55175,55180
55174,55177,55180
55174,55175,55181
55174,55177,55181
55174,55175,55182
55174,55177,55182
55174,55175,55183
55174,55177,55183
55174,55175,55185
55174,55177,55185
55174,55175,55187
55174,55177,55187
55174,55175,55188
55174,55177,55188
55189,55190,55191
55189,55190,55193
55189,55190,55194
55189,55190,55195
55189,55190,55197
55189,55190,55198
55189,55190,55199
55200,55201,55202
55200,55201,55203
55200,55201,55205
55206,55207,NA
55209,55210,NA
55211,55212,NA
55213,55214,55215
55217,55218,55219
55217,55218,55222
55223,55224,NA
55225,55226,55228
55225,55227,55228
55225,55226,55229
55225,55227,55229
55225,55226,55230
55225,55227,55230
55225,55226,55232
55225,55227,55232
55225,55226,55233
55225,55227,55233
55225,55226,55234
55225,55227,55234
55235,55236,NA
55237,55238,NA
55239,55240,NA
55241,55242,55243
55241,55242,55244
55241,55242,55245
55247,55248,55249
55247,55248,55250
55247,55248,55251
55247,55248,55252
55253,55254,55255
55253,55254,55257
55253,55254,55259
55253,55254,55260
55261,55262,NA
55263,55264,55265
55263,55264,55266
55263,55264,55267
55263,55264,55269
55263,55264,55270
55263,55264,55272
55263,55264,55273
55274,55275,NA
55276,55277,55278
55276,55277,55280
55276,55277,55282
55276,55277,55283
55284,55285,NA
55286,55287,55288
55286,55287,55291
55286,55287,55292
55286,55287,55293
55295,55296,55297
55298,55299,77022
55298,55299,55300
55298,55299,77026
55298,55299,55301
55298,55299,55302
55298,55299,55304
55298,55299,55305
55298,55299,55307
55298,55299,55310
55311,55312,55313
55314,55315,55316
55318,55319,NA
55320,55321,NA
55322,55323,NA
55324,55325,55326
55324,55325,55327
55324,55325,55328
55330,55331,55332
55330,74548,55332
55330,55331,55334
55330,74548,55334
55330,55331,55335
55330,74548,55335
55330,55331,55336
55330,74548,55336
55330,55331,55337
55330,74548,55337
55330,55331,55338
55330,74548,55338
55330,55331,55340
55330,74548,55340
55330,55331,72988
55330,74548,72988
55330,55331,74549
55330,74548,74549
55330,55331,74550
55330,74548,74550
55330,55331,74551
55330,74548,74551
55341,55342,55343
55344,55345,55346
55344,55345,55348
55344,55345,55350
55344,55345,55351
55344,55345,55353
55355,55356,NA
55357,55358,55359
55357,55358,55360
55357,55358,55361
55357,55358,55362
55363,55364,55365
55363,55364,55366
55363,55364,55367
55368,55369,NA
55370,55371,NA
55372,55374,NA
55375,55376,55377
55379,55380,55381
55383,55384,NA
55385,55386,NA
55387,55388,55389
55387,55388,55390
55387,55388,55392
55387,55388,55393
55387,55388,55395
55387,55388,55396
55387,55388,55398
55399,55400,55401
55399,55400,74362
55403,55404,55405
55403,55404,55408
55403,55404,55410
55403,55404,55411
55413,55414,55416
55413,55415,55416
55413,55414,55418
55413,55415,55418
55413,55414,55419
55413,55415,55419
55413,55414,55420
55413,55415,55420
55413,55414,55422
55413,55415,55422
55413,55414,55423
55413,55415,55423
55413,55414,55424
55413,55415,55424
55413,55414,55425
55413,55415,55425
55427,55428,NA
55429,55430,NA
55431,55432,NA
55433,55434,NA
55435,55436,55437
55438,55439,55440
55441,55443,55444
55441,55443,55446
55441,55443,55447
55441,55443,55449
55441,55443,55451
55453,55454,NA
55455,55456,55457
55455,55456,55458
55459,55460,NA
55461,55462,55463
55465,55466,55467
55465,55466,55468
55465,55466,55469
55465,55466,55471
55473,55474,55475
55473,55474,55477
55473,55474,55479
55473,55474,55480
55482,55483,NA
55484,55485,55486
55487,55488,55491
55493,55494,NA
55495,55496,55497
55495,55496,55498
55495,55496,55500
55495,55496,70607
55502,55503,55504
55502,55503,55505
55502,55503,55507
55502,55503,55508
55509,55510,NA
55511,55512,55513
55511,55512,55514
55511,55512,55517
55519,55520,55521
55519,55520,55523
55519,55520,55525
55519,55520,55527
55528,55529,55530
55532,55533,NA
55532,55534,NA
55535,55536,NA
55537,55538,55539
55537,55538,55540
55542,55543,NA
55544,55545,55546
55544,55545,55547
55544,55545,55549
55544,55545,55550
55551,55552,NA
55553,55554,55555
55556,55557,55560
55556,55558,55560
55556,55559,55560
55562,55563,NA
55564,55565,55566
55567,55569,NA
55570,55571,NA
55572,55573,NA
55574,55575,55576
55577,55578,55579
55577,55578,55580
55577,55578,55584
55585,55586,NA
55587,55588,NA
55589,55590,NA
55591,55592,75197
55591,55593,75197
55591,55594,75197
55591,55592,75199
55591,55593,75199
55591,55594,75199
55591,55592,75200
55591,55593,75200
55591,55594,75200
55591,55592,75202
55591,55593,75202
55591,55594,75202
55591,55592,75203
55591,55593,75203
55591,55594,75203
55591,55592,75205
55591,55593,75205
55591,55594,75205
55591,55592,75206
55591,55593,75206
55591,55594,75206
55591,55592,75207
55591,55593,75207
55591,55594,75207
55591,55592,75208
55591,55593,75208
55591,55594,75208
55591,55592,75209
55591,55593,75209
55591,55594,75209
55591,55592,75211
55591,55593,75211
55591,55594,75211
55591,55592,75213
55591,55593,75213
55591,55594,75213
55595,55596,NA
55597,55598,55600
55597,55599,55600
55597,55598,55602
55597,55599,55602
55597,55598,55604
55597,55599,55604
55597,55598,55605
55597,55599,55605
55597,55598,55606
55597,55599,55606
55607,55608,55609
55610,55611,NA
55612,55614,NA
55615,55616,NA
55617,55618,NA
55619,55620,55624
55619,55621,55624
55619,55622,55624
55619,55623,55624
55619,55620,55625
55619,55621,55625
55619,55622,55625
55619,55623,55625
55619,55620,55626
55619,55621,55626
55619,55622,55626
55619,55623,55626
55628,55629,NA
55630,55631,NA
55633,55634,NA
55635,55636,NA
55637,55639,55640
55637,55639,55642
55644,55645,NA
55646,55647,55648
55646,55647,55649
55646,55647,55652
55646,55647,55654
55646,55647,55656
55646,55647,55658
55646,55647,55659
55646,55647,55661
55646,55647,55663
55664,55665,55666
55664,55665,55667
55668,55669,NA
55670,55671,55672
55670,55671,55674
55670,55671,55675
55670,55671,55676
55670,55671,55677
55670,55671,55678
55670,55671,55679
55670,55671,55681
55670,55671,55682
55670,55671,55684
55685,55686,55687
55685,55686,55689
55685,55686,55692
55694,55695,55696
55698,55699,NA
55700,55701,55702
55703,55704,NA
55705,55706,55707
55705,55706,70608
55708,55709,NA
55710,55711,NA
55712,55713,76436
55714,55715,55718
55714,55716,55718
55714,55717,55718
55714,55715,55719
55714,55716,55719
55714,55717,55719
55714,55715,55720
55714,55716,55720
55714,55717,55720
55721,55722,55723
55724,55725,NA
55726,55727,NA
55728,55729,55730
55731,55732,55733
55731,55732,55734
55735,55736,55737
55738,55739,NA
55740,55741,55742
55740,55741,55743
55740,55741,55745
55740,55741,55746
55740,55741,55748
55740,55741,55751
55740,55741,55752
55740,55741,55754
55740,55741,55755
55740,55741,70606
55756,55757,NA
55758,55759,55760
55761,55762,NA
55763,55764,NA
55765,55766,NA
55767,55768,NA
55769,55770,55771
55769,55770,55773
55774,55775,55776
55778,55779,NA
55780,55782,NA
55783,55784,55785
55786,55787,55788
55789,55790,NA
55791,55792,NA
55793,55794,55795
55793,55794,55797
55798,55799,55800
55798,55799,55801
55802,55803,NA
55804,55805,55806
55807,55808,NA
55809,55811,55812
55813,55814,NA
55815,55816,55819
55815,55817,55819
55815,55816,55820
55815,55817,55820
55815,55816,55821
55815,55817,55821
55815,55816,55822
55815,55817,55822
55815,55816,55823
55815,55817,55823
55824,55825,55826
55824,55825,55827
55828,55829,55830
55828,55829,55832
55828,55829,55834
55828,55829,55836
55828,55829,55838
55840,55842,NA
55843,55844,NA
55845,55847,NA
55848,55849,NA
55850,55851,55852
55853,55854,55855
55856,55857,55858
55859,55860,55861
55859,55860,55862
55859,55860,55863
55859,55860,55864
55859,55860,55865
55859,55860,55866
55859,55860,55867
55859,55860,55868
55859,55860,55870
55859,55860,55872
55859,55860,55873
55875,55876,55877
55878,55879,55880
55878,55879,55881
55882,55883,55885
55882,55884,55885
55882,55883,55887
55882,55884,55887
55882,55883,55889
55882,55884,55889
55890,55891,55892
55890,55891,55893
55890,55891,55894
55895,55896,55897
55899,55900,NA
55901,55902,NA
55903,55904,NA
55905,55906,NA
55907,55908,NA
55910,55911,NA
55912,55913,55915
55912,55914,55915
55912,55913,55916
55912,55914,55916
55912,55913,55918
55912,55914,55918
55912,55913,55920
55912,55914,55920
55912,55913,55921
55912,55914,55921
55912,55913,55922
55912,55914,55922
55912,55913,55923
55912,55914,55923
55924,55925,55926
55924,55925,55927
55924,55925,55928
55929,55930,55931
55932,55933,55934
55936,55937,55939
55936,55938,55939
55936,55937,55941
55936,55938,55941
55936,55937,55942
55936,55938,55942
55936,55937,55943
55936,55938,55943
55936,55937,55945
55936,55938,55945
55936,55937,55947
55936,55938,55947
55936,55937,55948
55936,55938,55948
55936,55937,55949
55936,55938,55949
55950,55951,NA
55952,55953,NA
55954,55956,NA
55957,55958,NA
55959,55960,NA
55961,55963,NA
55964,55965,55966
55968,55969,NA
55970,55971,NA
55972,55974,NA
55975,55976,55977
55975,55976,55978
55975,55976,55980
55981,55982,55983
55984,55985,NA
55986,55987,55988
55986,55987,55990
55986,55987,55991
55986,55987,55992
55986,55987,55993
55986,55987,55994
55986,55987,55995
55996,55997,NA
55998,55999,NA
56000,56001,56002
56000,56001,72665
56003,56004,56005
56006,56007,56008
56010,56011,56012
56010,56011,56014
56010,56011,56016
56018,56019,NA
56020,56021,NA
56022,56024,NA
56025,56026,56027
56025,56026,76154
56029,56030,56031
56029,56030,56033
56029,56030,56035
56029,56030,56039
56042,56043,NA
56044,56045,NA
56046,56047,56048
56049,56050,56051
56049,56050,56053
56049,56050,56055
56049,56050,56057
56059,56060,56061
56059,56060,56062
56063,56064,NA
56065,56066,56067
56068,56069,56070
56068,56069,56071
56068,56069,56072
56073,56074,56075
56073,56074,56076
56073,56074,56077
56073,56074,56078
56079,56080,56081
56079,56080,56082
56083,56084,56085
56083,56084,56086
56083,56084,56087
56089,56090,56091
56092,56093,NA
56094,56095,NA
56096,56097,NA
56098,56099,56100
56102,56103,56104
56102,56103,56105
56107,56108,NA
56109,56110,NA
56111,56112,NA
56113,56114,56115
56116,56117,56118
56116,56117,56119
56120,56121,NA
56122,56123,56124
56125,56126,56127
56125,56126,56128
56125,56126,56129
56125,56126,56130
56131,56132,56133
56134,56135,NA
56136,56137,NA
56138,56139,NA
56140,56141,NA
56142,56143,56144
56142,56143,56146
56148,56149,NA
56150,56151,56153
56150,56152,56153
56154,56155,56156
56158,56159,56160
56161,56163,56164
56161,56163,56165
56161,56163,56166
56161,56163,56169
56170,56171,56172
56170,56171,56173
56175,56176,56178
56175,56176,56180
56181,56182,56183
56181,56182,56187
56181,56182,56189
56181,56182,56190
56181,56182,56191
56192,56193,56194
56195,56196,56197
56198,56199,NA
56200,56201,NA
56202,56203,NA
56204,56205,NA
56206,56207,56208
56209,56210,56211
56209,56210,56212
56209,56210,56214
56209,56210,56215
56209,56210,56216
56209,56210,70240
56217,56218,56220
56217,56219,56220
56221,56222,56223
56225,56226,56227
56225,56226,56229
56225,56226,56231
56233,56234,NA
56235,56236,56237
56238,56239,56240
56241,56242,NA
56243,56244,56245
56246,56247,NA
56248,56249,NA
56250,56251,NA
56252,56253,NA
56254,56255,56256
56254,56255,56257
56254,56255,56258
56259,56260,56261
56262,56263,NA
56264,56266,56267
56269,56270,NA
56271,56272,NA
56273,56274,56275
56273,56274,56277
56273,56274,56279
56273,56274,70780
56280,56281,56282
56280,56281,56283
56280,56281,56284
56285,56286,NA
56287,56288,56289
56291,56293,NA
56292,56294,NA
56295,56296,NA
56297,56300,56302
56298,56299,NA
56301,56303,56305
56301,56303,56307
56301,56303,56308
56301,56303,56314
56301,56303,56318
56304,56306,NA
56310,56312,NA
56316,56317,56321
56316,56317,56322
56316,56317,56326
56319,56320,56324
56319,56320,56330
56319,56320,56334
56327,56328,NA
56329,56331,NA
56333,56336,56338
56337,56339,56342
56337,56339,56344
56340,56343,56345
56340,56343,56346
56348,56350,NA
56349,56351,56353
56349,56351,56354
56352,56355,NA
56356,56358,56360
56356,56358,56363
56356,56358,56365
56356,56358,56371
56357,56359,NA
56361,56362,NA
56364,56366,NA
56367,56368,56369
56367,56368,56373
56367,56368,56376
56367,56368,56380
56367,56368,56387
56367,56368,56390
56372,56375,NA
56377,56379,NA
56381,56384,56385
56389,56391,NA
56392,56393,56394
56397,56398,NA
56399,56400,56401
56402,56403,NA
56404,56405,56406
56404,56405,56407
56409,56410,56411
56412,56413,56414
56415,56416,56417
56415,56416,56419
56415,56416,56420
56415,56416,56421
56422,56423,NA
56424,56425,NA
56426,56427,56428
56426,56427,56431
56432,56433,56434
56432,56433,56435
56432,56433,69825
56437,56439,56442
56437,56440,56442
56437,56441,56442
56437,56439,56443
56437,56440,56443
56437,56441,56443
56437,56439,56444
56437,56440,56444
56437,56441,56444
56437,56439,56445
56437,56440,56445
56437,56441,56445
56437,56439,56447
56437,56440,56447
56437,56441,56447
56437,56439,56449
56437,56440,56449
56437,56441,56449
56451,56452,56455
56451,56453,56455
56451,56454,56455
56451,56452,56458
56451,56453,56458
56451,56454,56458
56451,56452,56459
56451,56453,56459
56451,56454,56459
56451,56452,56460
56451,56453,56460
56451,56454,56460
56451,56452,56461
56451,56453,56461
56451,56454,56461
56462,75154,75155
56462,56463,75155
56462,75154,75158
56462,56463,75158
56462,75154,75161
56462,56463,75161
56462,75154,56465
56462,56463,56465
56462,75154,56467
56462,56463,56467
56462,75154,56469
56462,56463,56469
56462,75154,56470
56462,56463,56470
56462,75154,56471
56462,56463,56471
56473,56474,NA
56475,56476,56477
56478,56479,56480
56478,56479,56482
56483,56484,NA
56485,56486,56487
56488,56489,72417
56490,56491,56492
56490,56491,56493
56490,56491,56494
56490,56491,56495
56490,56491,56497
56498,56499,75564
56501,56502,56503
56505,56506,NA
56507,56508,56510
56507,56509,56510
56507,56508,56514
56507,56509,56514
56507,56508,56515
56507,56509,56515
56507,56508,56516
56507,56509,56516
56507,56508,56517
56507,56509,56517
56507,56508,56518
56507,56509,56518
56507,56508,72704
56507,56509,72704
56519,56520,69795
56521,56522,56523
56524,56525,NA
56526,56527,56528
56529,56530,NA
56531,56532,NA
56533,56534,NA
56535,56536,NA
56537,56538,NA
56539,56540,56541
56539,56540,56542
56539,56540,56543
56539,56540,56545
56539,56540,56546
56539,56540,56548
56549,56550,56551
56552,56553,NA
56554,56555,NA
56556,56557,NA
56558,56559,56560
56558,56559,56561
56558,56559,56562
56558,56559,56565
56558,56559,56566
56558,56559,72351
56567,56568,56569
56571,56572,56573
56574,56575,NA
56576,56577,56578
56576,56577,56579
56576,56577,56581
56576,56577,56582
56576,56577,56584
56576,56577,56585
56586,56587,56588
56586,56587,56590
56586,56587,56592
56593,56594,NA
56595,56596,56597
56595,56596,56599
56595,56596,56601
56602,56603,NA
56604,56605,NA
56606,56607,56610
56606,56608,56610
56606,56609,56610
56606,56607,56612
56606,56608,56612
56606,56609,56612
56606,56607,56614
56606,56608,56614
56606,56609,56614
56616,56617,56618
56619,56620,NA
56621,56622,56623
56624,56625,NA
56626,56627,NA
56628,56630,NA
56631,56632,NA
56633,56634,NA
56635,56636,NA
56637,56638,56639
56641,56642,56643
56641,56642,56646
56641,56642,56647
56641,56642,56648
56641,56642,56649
56641,56642,56650
56641,56642,56652
56641,56642,56654
56655,56656,56657
56659,56660,NA
56661,56662,NA
56663,56664,NA
56665,56666,NA
56667,56668,56669
56671,56672,NA
56673,56675,NA
56676,56677,56678
56676,56677,56681
56676,56677,56682
56676,56677,56683
56676,56677,56685
56686,56687,NA
56688,56690,56691
56692,56693,56694
56695,56696,NA
56697,56698,56699
56700,56701,56702
56700,56701,56703
56704,56705,56706
56704,56705,56708
56710,NA,56713
56710,NA,56716
56710,NA,56718
56710,NA,56721
56710,NA,56723
56710,NA,72361
56724,56725,56726
56728,56729,56730
56731,56732,NA
56733,56734,56735
56733,56734,56736
56738,56739,56740
56742,56743,NA
56744,56745,56746
56747,56748,56749
56747,56748,56751
56753,56754,NA
56755,56756,56757
56755,56756,56758
56755,56756,56759
56755,56756,56760
56755,56756,56761
56755,56756,56762
56755,56756,56763
56764,56765,NA
56766,56767,56768
56766,56767,56769
56770,56771,56772
56774,56775,NA
56776,56777,56778
56776,56777,56779
56780,56781,56782
56780,56781,56783
56780,56781,56784
56780,56781,56785
56780,56781,56786
56780,56781,56787
56788,56790,NA
56791,56792,NA
56793,56794,56795
56796,56797,NA
56798,56799,56800
56801,56802,NA
56803,56805,56806
56807,56809,56810
56812,56813,56814
56815,56816,NA
56817,56818,56819
56820,56821,56822
56820,56821,56824
56825,56826,NA
56827,56828,NA
56829,56830,56831
56832,56833,NA
56834,56835,NA
56836,56837,NA
56838,56839,56840
56841,56842,NA
56843,56844,NA
56845,56846,NA
56847,56848,56849
56847,56848,56850
56847,56848,56851
56847,56848,56852
56847,56848,56853
56854,56855,NA
56856,56857,NA
56858,56859,56860
56858,56859,56861
56858,56859,56862
56858,56859,56864
56858,56859,56866
56858,56859,56869
56858,56859,56870
56871,56872,56873
56871,56872,56874
56875,56876,NA
56877,56878,56879
56880,56881,56882
56880,56881,56883
56884,56885,56886
56887,56888,NA
56889,56890,56891
56892,56893,NA
56894,56895,NA
56896,56897,NA
56898,56899,NA
56900,56901,NA
56902,56903,NA
56904,56905,56906
56908,56909,NA
56910,56911,NA
56912,56913,56914
56915,56916,56917
56915,56916,56918
56915,56916,56920
56915,56916,56922
56915,56916,56924
56915,56916,56926
56928,56929,56930
56931,56932,NA
56933,56934,NA
56935,56936,56938
56935,56937,56938
56935,56936,56940
56935,56937,56940
56935,56936,56942
56935,56937,56942
56943,56944,NA
56945,56946,56947
56948,56949,56950
56948,56949,56951
56953,56954,NA
56955,56956,NA
56957,56958,56959
56957,56958,56960
56961,56962,56969
56961,56966,56969
56961,56962,56972
56961,56966,56972
56973,56974,NA
56975,56976,NA
56977,56978,NA
56979,56980,56982
56983,56984,NA
56996,56997,56998
56999,57000,57001
57002,57003,57004
57002,57003,57005
57002,57003,57007
57008,57009,NA
57010,57011,57013
57010,57012,57013
57010,77052,57013
57010,57011,57015
57010,57012,57015
57010,77052,57015
57010,57011,57016
57010,57012,57016
57010,77052,57016
57010,57011,57019
57010,57012,57019
57010,77052,57019
57010,57011,57021
57010,57012,57021
57010,77052,57021
57010,57011,57022
57010,57012,57022
57010,77052,57022
57010,57011,57023
57010,57012,57023
57010,77052,57023
57024,57025,57026
57024,57025,57028
57024,57025,57030
57024,57025,57031
57024,57025,57033
57034,57035,57036
57034,57035,57037
57034,57035,57039
57034,57035,57041
57042,57043,72640
57044,57045,NA
57046,57047,57048
57049,57050,57051
57049,57050,57052
57049,57050,57053
57054,57055,NA
57056,57057,NA
57058,57059,NA
57060,57061,NA
57062,57063,57064
57065,57066,57067
57065,57066,57069
57071,57072,57073
57071,57072,57074
57071,57072,57076
57071,57072,57077
57071,57072,57079
57071,57072,57080
57071,57072,57081
57082,57083,57084
57086,57087,NA
57088,57089,57090
57088,57089,57091
57093,57094,57095
57093,57094,57097
57093,57094,57098
57093,57094,57100
57101,57102,NA
57103,57104,57105
57103,57104,57107
57103,57104,57108
57103,57104,57109
57103,57104,57111
57103,57104,57112
57103,57104,57113
57114,57115,57116
57117,57118,57119
57117,57118,57121
57117,57118,57122
57117,57118,57124
57117,57118,57125
57117,57118,57126
57117,57118,57127
57117,57118,57128
57129,57130,NA
57131,57132,NA
57133,57134,57135
57136,57137,57138
57136,57137,57139
57136,57137,57141
57142,57144,NA
57145,57146,57147
57148,57149,75101
57148,57149,75105
57148,57149,75106
57148,57149,75107
57148,57149,75108
57148,57149,75110
57148,57149,75112
57148,57149,75113
57148,57149,75115
57148,57149,75116
57148,57149,75117
57148,57149,57150
57148,57149,57152
57148,57149,57154
57148,57149,57156
57148,57149,57157
57148,57149,75119
57158,57159,NA
57160,57161,57162
57160,57161,74980
57163,57164,NA
57165,57166,NA
57167,57168,57169
57167,57168,57172
57167,57168,57173
57167,57168,57174
57175,57176,NA
57178,57179,57180
57178,57179,57181
57178,57179,57183
57178,57179,57184
57185,57186,57187
57185,57186,57189
57185,57186,57191
57192,57193,NA
57194,57195,57196
57194,57195,57198
57194,57195,57200
57194,57195,57202
57194,57195,57203
57194,57195,57204
57194,57195,57206
57194,57195,57208
57194,57195,57210
57194,57195,57212
57194,57195,57213
57194,57195,57214
57194,57195,57215
57194,57195,57217
57194,57195,57219
57194,57195,74173
57220,57221,NA
57222,57223,NA
57224,57226,NA
57225,57229,NA
57227,57230,57231
57232,57233,57234
57235,57238,NA
57236,57237,57239
57236,57237,57240
57236,57237,57243
57241,57266,NA
57244,57245,57246
57244,57245,57248
57244,57245,57249
57244,57245,57250
57244,57245,57251
57244,57245,57253
57244,57245,57255
57244,57245,57256
57244,57245,57257
57244,57245,57258
57244,57245,57259
57260,57261,57262
57260,57261,57264
57260,57261,76249
57267,57269,NA
57268,57271,57272
57270,57273,NA
57274,57284,57288
57274,57285,57288
57274,57284,57292
57274,57285,57292
57274,57284,57293
57274,57285,57293
57274,57284,57296
57274,57285,57296
57274,57284,57303
57274,57285,57303
57274,57284,57306
57274,57285,57306
57274,57284,57309
57274,57285,57309
57274,57284,57310
57274,57285,57310
57274,57284,57311
57274,57285,57311
57274,57284,57312
57274,57285,57312
57275,57276,57277
57275,57276,57279
57282,57287,NA
57289,57290,NA
57295,57297,NA
57299,57300,NA
57302,57304,57305
57307,57308,NA
57317,57318,NA
57319,57320,57321
57319,57320,57322
57319,57320,57324
57319,57320,57326
57327,57328,NA
57329,57330,57331
57329,57330,57332
57329,57330,57333
57329,57330,57334
57329,57330,57335
57329,57330,57336
57329,57330,75675
57337,57338,57339
57340,57341,72400
57342,57343,57344
57342,57343,57345
57342,57343,57346
57347,57348,57349
57351,57352,57353
57351,57352,57354
57351,57352,57356
57357,57358,57359
57357,57358,57360
57361,57362,NA
57363,57364,NA
57365,57366,57367
57370,57371,73035
57375,57376,NA
57377,57378,57379
57377,57378,57380
57382,57383,NA
57384,57385,57386
57384,57385,57387
57384,57385,57388
57389,57390,57391
57392,57393,NA
57394,57395,NA
57396,57397,NA
57398,57399,57400
57402,57403,57404
57402,57403,57405
57402,57403,57407
57402,57403,57408
57402,57403,57409
57402,57403,57410
57402,57403,73005
57411,57412,NA
57413,57414,NA
57415,57416,NA
57417,57419,57420
57421,57422,NA
57423,57424,NA
57425,57426,57427
57428,57429,57430
57431,57432,NA
57433,57434,57435
57433,57434,57436
57433,57434,57438
57433,57434,57439
57433,57434,57441
57442,57443,NA
57444,57446,57447
57448,57449,NA
57450,57451,57452
57453,57454,57455
57456,57457,57458
57456,57457,57459
57456,57457,57460
57456,57457,57461
57456,57457,72394
57462,57463,57464
57462,57463,57465
57462,57463,57466
57462,57463,57469
57472,57473,NA
57474,57475,57476
57474,57475,57477
57474,57475,57478
57480,57481,57482
57483,57484,NA
57485,57487,57488
57490,57491,NA
57492,57493,57494
57496,57497,57498
57496,57497,57499
57496,57497,57501
57502,57503,NA
57504,57505,57506
57504,57505,57507
57508,57509,NA
57510,57511,NA
57512,57513,NA
57514,57515,57516
57514,57515,57518
57519,57520,57521
57522,57523,57524
57522,57523,57526
57522,57523,57527
57528,57529,57530
57533,57534,57535
57537,57538,NA
57539,57540,57542
57539,57541,57542
57539,57540,57543
57539,57541,57543
57539,57540,57544
57539,57541,57544
57539,57540,57545
57539,57541,57545
57539,57540,57546
57539,57541,57546
57539,57540,57547
57539,57541,57547
57539,57540,57548
57539,57541,57548
57539,57540,57549
57539,57541,57549
57539,57540,57550
57539,57541,57550
57539,57540,57551
57539,57541,57551
57552,57553,57554
57552,57553,57555
57552,57553,57556
57552,57553,57558
57552,57553,57559
57560,57561,57563
57560,57562,57563
57560,57561,57565
57560,57562,57565
57567,57568,NA
57569,57570,57571
57573,57574,57575
57576,57577,57578
57576,57577,57579
57580,57581,57582
57584,57585,NA
57586,57587,NA
57588,57589,NA
57590,57591,57592
57590,57591,57593
57594,57595,57601
57594,57596,57601
57594,57599,57601
57594,57595,57603
57594,57596,57603
57594,57599,57603
57594,57595,57604
57594,57596,57604
57594,57599,57604
57594,57595,57605
57594,57596,57605
57594,57599,57605
57606,57607,NA
57608,57609,NA
57610,57611,NA
57613,57614,57615
57613,57614,57617
57613,57614,57619
57620,57621,NA
57622,57623,57624
57622,57623,57625
57627,57628,NA
57629,57630,NA
57631,57632,57633
57634,57635,NA
57637,57638,NA
57639,57640,NA
57641,57642,NA
57643,57644,NA
57645,57646,NA
57647,57648,57649
57651,57652,57653
57651,57652,57655
57651,57652,57657
57651,57652,57659
57660,57661,57662
57660,57661,57663
57664,57665,NA
57666,57667,NA
57668,57669,57670
57671,57672,57673
57674,57675,NA
57676,57677,57678
57679,57680,NA
57681,57682,57683
57684,57685,NA
57686,57687,NA
57688,57689,NA
57690,57691,57692
57695,57696,57697
57699,57700,57701
57702,57703,57704
57702,57703,57706
57702,57703,57708
57702,57703,57709
57702,57703,57712
57702,57703,57714
57702,57703,57715
57716,57717,57718
57719,57720,NA
57721,57722,57723
57725,57726,NA
57727,57728,57729
57727,57728,57730
57727,57728,57732
57727,57728,57734
57727,57728,57736
57727,57728,57738
57727,57728,57739
57727,57728,57740
57727,57728,57741
57742,57743,NA
57744,57745,57746
57744,57745,57748
57744,57745,57750
57751,57752,NA
57753,57754,NA
57755,57756,NA
57757,57758,NA
57759,57760,57761
57762,57763,NA
57764,57765,57768
57764,57766,57768
57764,57767,57768
57764,57765,57769
57764,57766,57769
57764,57767,57769
57764,57765,57772
57764,57766,57772
57764,57767,57772
57764,57765,57773
57764,57766,57773
57764,57767,57773
57774,57775,NA
57776,57777,57779
57776,57778,57779
57776,57777,57781
57776,57778,57781
57776,57777,57783
57776,57778,57783
57776,57777,57784
57776,57778,57784
57776,57777,57786
57776,57778,57786
57776,57777,57787
57776,57778,57787
57776,57777,57789
57776,57778,57789
57776,57777,57790
57776,57778,57790
57792,57793,NA
57794,57795,NA
57796,57797,NA
57798,57799,NA
57800,57801,NA
57802,57804,NA
57805,57806,57807
57808,57809,NA
57810,57811,57812
57813,76805,57815
57813,57814,57815
57813,76805,57816
57813,57814,57816
57813,76805,57817
57813,57814,57817
57813,76805,57818
57813,57814,57818
57813,76805,57819
57813,57814,57819
57813,76805,57820
57813,57814,57820
57813,76805,76806
57813,57814,76806
57813,76805,76807
57813,57814,76807
57821,57822,57823
57821,57822,57825
57821,57822,57827
57821,57822,57828
57821,57822,57830
57821,57822,57831
57832,57833,NA
57834,57835,57837
57834,57835,57838
57839,57840,57841
57839,57840,57842
57839,57840,57844
57839,57840,57845
57839,57840,57846
57839,57840,57848
57849,57850,57853
57849,57850,57854
57855,57856,57857
57855,57856,57859
57855,57856,57861
57862,57863,NA
57864,57865,57866
57864,57865,57867
57864,57865,57868
57864,57865,57870
57864,57865,57872
57864,57865,77556
57874,57876,NA
57877,57878,NA
57879,57881,57883
57879,57882,57883
57879,57881,57884
57879,57882,57884
57879,57881,57885
57879,57882,57885
57879,57881,57886
57879,57882,57886
57879,57881,57887
57879,57882,57887
57879,57881,57888
57879,57882,57888
57879,57881,57890
57879,57882,57890
57891,57892,57893
57894,57895,57896
57897,57898,57899
57897,57898,57900
57901,57902,57903
57904,57905,57906
57907,57908,NA
57909,57910,57911
57909,57910,57912
57913,57914,NA
57915,57916,NA
57917,57918,57920
57917,57919,57920
57917,57918,57921
57917,57919,57921
57917,57918,57922
57917,57919,57922
57917,57918,57923
57917,57919,57923
57917,57918,57924
57917,57919,57924
57925,57926,NA
57927,57928,57929
57930,57931,NA
57932,57933,57934
57932,57933,57935
57936,57937,NA
57938,57939,NA
57940,57941,NA
57942,57943,57944
57942,57943,57946
57942,57943,57947
57942,57943,57949
57950,57951,57952
57950,57951,57954
57950,57951,57955
57950,57951,57957
57958,57959,NA
57960,57961,NA
57962,57963,NA
57964,57965,NA
57966,57967,57968
57966,57967,57969
57966,57967,57970
57971,57972,NA
57973,57974,57975
57973,57974,57976
57977,57978,NA
57979,57980,57981
57979,57980,57982
57979,57980,57983
57979,57980,57985
57986,57987,57990
57986,57988,57990
57986,57989,57990
57986,57987,57992
57986,57988,57992
57986,57989,57992
57986,57987,57994
57986,57988,57994
57986,57989,57994
57986,57987,57996
57986,57988,57996
57986,57989,57996
57997,75163,75164
57997,57998,75164
57997,75167,75164
57997,75163,57999
57997,57998,57999
57997,75167,57999
57997,75163,58000
57997,57998,58000
57997,75167,58000
57997,75163,58001
57997,57998,58001
57997,75167,58001
58002,58003,NA
58004,58005,58006
58004,58005,58008
58004,58005,58009
58004,58005,58010
58011,58012,NA
58013,58014,58016
58013,58015,58016
58013,58014,58017
58013,58015,58017
58013,58014,58019
58013,58015,58019
58013,58014,58020
58013,58015,58020
58013,58014,58021
58013,58015,58021
58013,58014,58022
58013,58015,58022
58023,58026,NA
58027,58028,NA
58029,58030,NA
58031,58032,NA
58033,58034,58035
58036,58037,58038
58036,58037,58039
58036,58037,58040
58036,58037,58041
58036,58037,58042
58036,58037,58043
58044,58045,58046
58044,58045,58047
58049,58050,NA
58051,58052,NA
58053,58054,NA
58055,58056,NA
58057,58058,NA
58059,58060,NA
58061,58062,58064
58061,58063,58064
58065,58066,NA
58067,58068,58069
58070,58071,58072
58073,58074,NA
58075,58076,58077
58078,58079,NA
58080,58081,NA
58082,58083,NA
58084,58085,58087
58084,58086,58087
58084,58085,58088
58084,58086,58088
58084,58085,58089
58084,58086,58089
58084,58085,58090
58084,58086,58090
58091,58092,58093
58094,58096,NA
58097,58098,58099
58097,58098,58101
58097,58098,58102
58097,58098,58103
58097,58098,58104
58097,58098,58105
58097,58098,58106
58097,58098,58107
58097,58098,58108
58109,58110,58111
58109,58110,58113
58109,58110,58114
58109,58110,58115
58109,58110,58116
58117,58119,58120
58117,58119,58121
58117,58119,58122
58117,58119,58123
58117,58119,58124
58117,58119,58125
58117,58119,58126
58127,58129,58131
58127,58129,58133
58127,58129,58134
58127,58129,58136
58127,58129,58137
58127,58129,58138
58139,58141,NA
58142,58143,58144
58145,58146,58148
58145,58147,58148
58145,58146,58149
58145,58147,58149
58145,58146,58150
58145,58147,58150
58145,58146,58153
58145,58147,58153
58145,58146,58154
58145,58147,58154
58145,58146,58155
58145,58147,58155
58145,58146,58156
58145,58147,58156
58157,58158,58159
58157,58158,58161
58157,58158,58162
58157,58158,58164
58157,58158,58165
58167,58168,NA
58169,58170,NA
58171,58172,NA
58173,58174,58175
58173,58174,58177
58173,58174,58179
58173,58174,58181
58173,58174,58183
58173,58174,58184
58173,58174,58186
58187,77565,58190
58187,58188,58190
58187,58189,58190
58187,77565,58192
58187,58188,58192
58187,58189,58192
58187,77565,58193
58187,58188,58193
58187,58189,58193
58187,77565,58194
58187,58188,58194
58187,58189,58194
58187,77565,58195
58187,58188,58195
58187,58189,58195
58187,77565,58196
58187,58188,58196
58187,58189,58196
58197,58198,58199
58197,58198,58200
58197,58198,58201
58202,58203,NA
58204,58205,NA
58206,58207,NA
58208,58209,58212
58208,58210,58212
58208,58211,58212
58208,58209,58213
58208,58210,58213
58208,58211,58213
58208,58209,58214
58208,58210,58214
58208,58211,58214
58208,58209,58215
58208,58210,58215
58208,58211,58215
58216,58217,58218
58219,58220,NA
58221,58222,58223
58224,58225,NA
58226,58227,58228
58229,58230,NA
58231,58232,58234
58231,58232,58235
58236,58237,NA
58238,58239,NA
58240,58241,NA
58242,58243,58245
58242,58244,58245
58242,58243,58247
58242,58244,58247
58242,58243,58248
58242,58244,58248
58242,58243,58249
58242,58244,58249
58250,58251,58252
58253,58254,58255
58253,58254,58257
58258,58259,NA
58260,58261,NA
58262,58263,NA
58264,58265,58266
58268,58269,58270
58271,58272,58273
58271,58272,58274
58275,58276,58277
58275,58276,58278
58275,58276,58279
58275,58276,58280
58275,58276,58282
58284,58285,58286
58284,58285,58287
58288,58289,58290
58288,58289,58292
58288,58289,58293
58288,58289,58294
58288,58289,58295
58288,58289,58296
58297,58298,NA
58299,58300,NA
58301,58302,58303
58301,58302,58304
58301,58302,58305
58306,58307,NA
58308,58309,58310
58311,58312,58313
58316,58317,NA
58318,58319,58320
58321,58322,NA
58323,58324,58325
58323,58324,58326
58323,58324,58327
58328,58329,NA
58330,58331,58332
58330,58331,58333
58330,58331,58335
58330,58331,58336
58330,58331,58339
58341,58344,58345
58346,58347,58348
58346,58347,58350
58351,58352,58353
58355,58356,NA
58357,58358,NA
58359,58360,58361
58359,58360,58362
58359,58360,58363
58365,58367,NA
58368,58369,NA
58371,58372,58373
58374,58375,NA
58376,58377,58378
58376,58377,58381
58376,58377,58383
58376,58377,76090
58384,58385,58386
58384,58385,58387
58384,58385,58388
58389,58390,NA
58391,58392,58393
58394,58395,NA
58396,58399,58400
58396,58399,58402
58396,58399,58403
58396,58399,58405
58396,58399,58406
58396,58399,58408
58396,58399,58410
58396,58399,58411
58413,58414,NA
58415,58416,58417
58415,58416,58419
58415,58416,58420
58415,58416,58421
58423,58424,NA
58425,58426,58427
58425,58426,58428
58429,58430,58431
58434,58435,NA
58436,58437,58438
58436,58437,58439
58436,58437,58440
58441,58442,58443
58441,58442,58444
58441,58442,58445
58441,58442,58446
58441,58442,58447
58441,58442,58448
58441,58442,58449
58441,58442,58450
58441,58442,58451
58441,58442,58452
58441,58442,58453
58441,58442,58454
58455,58456,NA
58457,58458,58459
58457,58458,58460
58461,58462,NA
58463,58464,58465
58463,58464,58467
58463,58464,58468
58463,58464,58469
58463,58464,58471
58463,58464,58472
58463,58464,58473
58463,58464,58474
58463,58464,58475
58476,58477,58479
58476,58478,58479
58480,58481,58482
58480,58481,58483
58480,58481,58484
58480,58481,58486
58480,58481,58488
58480,58481,58489
58480,58481,58490
58480,58481,58492
58480,58481,58493
58494,58495,NA
58496,58497,NA
58498,58499,NA
58500,58501,58502
58500,58501,58503
58500,58501,58504
58505,58506,58507
58505,58506,58508
58505,58506,58510
58511,58512,58513
58511,58512,58514
58515,58516,NA
58517,58518,NA
58519,58521,NA
58522,58523,58524
58522,58523,58525
58522,58523,58527
58528,58529,NA
58530,58531,NA
58532,58533,NA
58534,58535,NA
58536,58537,58538
58536,58537,58539
58536,58537,58542
58543,58544,58545
58543,58544,58546
58547,58548,NA
58549,58550,58551
58552,58553,NA
58554,58555,58556
58558,58559,NA
58560,58561,58562
58560,58561,58564
58565,58566,NA
58567,58568,NA
58569,58570,58571
58573,58574,NA
58575,58576,NA
58577,58578,NA
58579,58580,58583
58579,58581,58583
58579,58582,58583
58584,58585,NA
58586,58587,NA
58588,58589,NA
58590,58591,58592
58593,58594,75029
58595,58596,NA
58597,58598,58599
58597,58598,58601
58597,58598,58603
58597,58598,58605
58597,58598,58607
58597,58598,58608
58597,58598,58609
58597,58598,58611
58597,58598,58612
58613,58614,58615
58613,58614,58616
58613,58614,58618
58613,58614,58619
58613,58614,58620
58613,58614,58621
58622,58623,58624
58622,58623,58626
58622,58623,58628
58622,58623,58629
58622,58623,58630
58622,58623,58631
58622,58623,58633
58622,58623,58634
58622,58623,58635
58636,58637,58638
58639,58640,58641
58639,58640,58642
58643,58644,58645
58643,58644,58646
58643,58644,58648
58643,58644,58650
58643,58644,58652
58643,58644,58654
58643,58644,58655
58643,58644,58656
58643,58644,72397
58658,58659,58663
58658,58659,58665
58658,58659,58667
58658,58659,58669
58658,58659,58672
58658,58659,58673
58658,58659,58675
58658,58659,58676
58677,58678,NA
58679,58680,NA
58681,58682,58683
58685,58686,58688
58685,58687,58688
58685,58686,58690
58685,58687,58690
58685,58686,58691
58685,58687,58691
58685,58686,58692
58685,58687,58692
58685,58686,58693
58685,58687,58693
58685,58686,58696
58685,58687,58696
58685,58686,58697
58685,58687,58697
58685,58686,58698
58685,58687,58698
58699,58700,NA
58702,58703,NA
58704,58705,NA
58706,58707,NA
58708,58709,58711
58708,58710,58711
58708,58709,58712
58708,58710,58712
58708,58709,58714
58708,58710,58714
58708,58709,58715
58708,58710,58715
58708,58709,72415
58708,58710,72415
58716,58717,58718
58723,58724,58725
58723,58724,58726
58727,58728,NA
58729,58730,58731
58734,58735,58737
58734,58735,58738
58734,58735,58739
58740,58741,58742
58744,58745,58746
58744,58745,58747
58744,58745,58749
58744,58745,58750
58744,58745,58751
58744,58745,58753
58755,58756,58757
58755,58756,58760
58755,58756,58762
58764,58765,58766
58767,58768,58770
58767,58769,58770
58767,58768,58771
58767,58769,58771
58767,58768,58773
58767,58769,58773
58767,58768,58777
58767,58769,58777
58767,58768,58778
58767,58769,58778
58767,58768,58779
58767,58769,58779
58767,58768,58780
58767,58769,58780
58782,58783,NA
58784,58785,58786
58784,58785,58789
58784,58785,58791
58784,58785,58793
58784,58785,58794
58795,58796,58797
58798,58799,NA
58800,58802,58803
58800,58802,58804
58801,58807,NA
58808,58809,NA
58810,58811,58812
58814,58815,58816
58817,58818,NA
58819,58820,NA
58821,58822,NA
58823,58824,58826
58823,58825,58826
58823,58824,58828
58823,58825,58828
58823,58824,58831
58823,58825,58831
58823,58824,58832
58823,58825,58832
58823,58824,58833
58823,58825,58833
58823,58824,58834
58823,58825,58834
58823,58824,58836
58823,58825,58836
58823,58824,58837
58823,58825,58837
58823,58824,58838
58823,58825,58838
58823,58824,58839
58823,58825,58839
58823,58824,69371
58823,58825,69371
58840,58841,NA
58842,58843,58844
58845,58846,NA
58847,58848,58849
58847,58848,58850
58853,58854,58855
58856,58857,58858
58859,58860,NA
58861,58862,NA
58863,58864,NA
58865,58866,NA
58867,58868,58869
58871,58872,58873
58874,58875,NA
58876,58877,NA
58878,58879,NA
58880,58881,NA
58882,58883,58885
58882,58883,58886
58888,58889,58890
58888,58889,58891
58892,58893,NA
58894,58895,58896
58897,58898,58899
58897,58898,58900
58897,58898,58901
58897,58898,58902
58897,58898,58903
58897,58898,58904
58897,58898,58905
58897,58898,58906
58897,58898,58907
58897,58898,58908
58909,58910,58911
58909,58910,58913
58909,58910,58915
58916,58917,NA
58918,58919,58920
58921,58922,NA
58923,58924,NA
58925,58926,73156
58927,58928,58932
58927,58931,58932
58927,58928,58933
58927,58931,58933
58927,58928,58934
58927,58931,58934
58935,58936,58937
58935,58936,58938
58935,58936,58939
58940,58941,58942
58940,58941,58943
58940,58941,58944
58945,58946,58947
58945,58946,73614
58949,58950,58951
58952,58954,NA
58956,58957,NA
58958,58959,NA
58960,58961,NA
58963,58964,58965
58966,58967,NA
58968,58969,58970
58968,58969,58971
58972,58973,NA
58974,58975,NA
58977,58978,58979
58981,58982,NA
58983,58985,NA
58986,58987,NA
58988,58989,NA
58990,58991,NA
58992,58993,NA
58994,58995,58998
58994,58996,58998
58994,58997,58998
58994,58995,59000
58994,58996,59000
58994,58997,59000
58994,58995,59001
58994,58996,59001
58994,58997,59001
58994,58995,59002
58994,58996,59002
58994,58997,59002
58994,58995,59003
58994,58996,59003
58994,58997,59003
58994,58995,59004
58994,58996,59004
58994,58997,59004
58994,58995,59006
58994,58996,59006
58994,58997,59006
59007,59008,NA
59009,59010,59011
59009,59010,59012
59009,59010,59013
59009,59010,59014
59009,59010,59015
59009,59010,59016
59009,59010,59018
59009,59010,70238
59019,59020,NA
59021,59022,59023
59024,59025,NA
59026,59027,59028
59026,59027,59029
59026,59027,59030
59031,59032,NA
59033,59034,NA
59035,59036,NA
59037,59038,59039
59040,59041,59042
59043,59044,NA
59045,59046,NA
59047,59048,NA
59049,59050,NA
59051,59052,NA
59053,59054,59055
59057,59058,NA
59059,59060,NA
59061,59062,NA
59063,59064,59065
59063,59064,59067
59063,59064,59069
59071,59073,NA
59074,59075,NA
59076,59077,76379
59078,59079,NA
59080,59081,NA
59082,59083,59084
59082,59083,59086
59082,59083,59087
59082,59083,59088
59089,59091,59092
59089,59091,59095
59089,59091,59098
59089,59091,59099
59101,59103,59104
59101,59103,59106
59101,59103,59108
59101,59103,59109
59101,59103,59110
59101,59103,59112
59101,59103,59114
59101,59103,59116
59118,59119,NA
59120,59121,59122
59124,59125,59127
59128,59129,NA
59130,59131,69793
59132,59133,NA
59134,59135,59136
59138,59139,59140
59138,59139,59141
59138,59139,59142
59143,59144,NA
59145,59146,NA
59147,59148,59149
59147,59148,59150
59147,59148,59151
59147,59148,59152
59153,59154,59155
59153,59154,59156
59157,59158,59159
59157,59158,59160
59157,59158,59161
59157,59158,59162
59157,59158,59163
59157,59158,59165
59167,59168,NA
59169,59170,59171
59173,59174,NA
59175,59176,NA
59177,59178,NA
59179,59181,NA
59182,59183,59184
59182,59183,76123
59186,59187,NA
59188,59189,59190
59192,59193,59194
59192,73646,59194
59192,59193,59196
59192,73646,59196
59192,59193,59199
59192,73646,59199
59192,59193,59200
59192,73646,59200
59192,59193,59201
59192,73646,59201
59192,59193,73647
59192,73646,73647
59202,59203,NA
59204,59205,NA
59206,59207,59208
59209,59210,NA
59211,59212,59213
59214,59215,59216
59217,59218,NA
59219,59220,59221
59219,59220,59222
59219,59220,59223
59219,59220,59225
59219,59220,59226
59219,59220,59227
59219,59220,59228
59219,59220,77328
59229,59230,59231
59232,59233,NA
59234,59235,NA
59236,59237,59238
59239,59240,59241
59239,59240,59243
59239,59240,59244
59239,59240,59245
59239,59240,59246
59239,59240,59247
59248,59249,59250
59251,59252,59253
59251,59252,59255
59256,59257,59262
59256,59258,59262
59256,59257,59263
59256,59258,59263
59256,59257,59264
59256,59258,59264
59265,59266,59267
59268,59269,NA
59270,59271,59272
59270,59271,59273
59270,59271,59274
59270,59271,59275
59278,59279,59280
59282,59283,59285
59282,59284,59285
59282,59283,59286
59282,59284,59286
59282,59283,59287
59282,59284,59287
59282,59283,59288
59282,59284,59288
59282,59283,59289
59282,59284,59289
59282,59283,59290
59282,59284,59290
59282,59283,59292
59282,59284,59292
59294,59295,NA
59296,59297,59299
59296,59298,59299
59296,59297,59301
59296,59298,59301
59296,59297,59303
59296,59298,59303
59296,59297,59304
59296,59298,59304
59296,59297,59305
59296,59298,59305
59296,59297,59306
59296,59298,59306
59307,59309,NA
59310,59311,59313
59310,59312,59313
59310,59311,59314
59310,59312,59314
59310,59311,59315
59310,59312,59315
59310,59311,59316
59310,59312,59316
59310,59311,59318
59310,59312,59318
59310,59311,59319
59310,59312,59319
59321,59322,59323
59324,59326,59327
59328,59329,59330
59328,59329,59332
59334,59335,NA
59336,59337,NA
59338,59339,NA
59340,59341,59342
59340,59341,59343
59340,59341,59344
59340,59341,59345
59340,59341,59347
59348,59349,NA
59350,59351,NA
59352,59353,59354
59352,59353,59355
59352,59353,59356
59352,59353,59358
59352,59353,59359
59352,59353,73314
59361,59362,59363
59361,59362,59365
59361,59362,59367
59361,59362,59368
59361,59362,59369
59370,59371,NA
59372,59373,NA
59374,59375,59376
59374,59375,59378
59379,59380,59381
59379,59380,59382
59379,59380,59383
59379,59380,59384
59379,59380,59385
59386,59388,59416
59391,59392,NA
59393,59394,59395
59396,59397,59398
59399,59400,59401
59399,59400,59402
59399,59400,59403
59404,59405,59407
59404,59406,59407
59404,59405,59408
59404,59406,59408
59404,59405,59409
59404,59406,59409
59404,59405,59410
59404,59406,59410
59404,59405,59412
59404,59406,59412
59404,59405,59413
59404,59406,59413
59404,59405,59414
59404,59406,59414
59415,59417,74581
59415,59417,59418
59415,59417,59419
59415,59417,59420
59415,59417,59421
59415,59417,59422
59415,59417,59424
59415,59417,59425
59415,59417,59426
59415,59417,72652
59415,59417,74582
59428,59430,NA
59431,59432,59434
59435,59436,59437
59438,59439,NA
59440,59441,NA
59442,59443,59444
59442,59443,59446
59442,59443,59447
59442,59443,59448
59449,59450,59451
59453,59454,NA
59455,59457,NA
59458,59459,59460
59458,59459,74605
59458,59459,74606
59458,59459,74607
59458,59459,74610
59458,59459,74612
59458,59459,74614
59458,59459,74617
59458,59459,74620
59458,59459,74622
59461,59462,59463
59461,59462,59465
59467,59468,NA
59469,59470,NA
59471,59472,NA
59473,59474,NA
59475,59476,NA
59477,59478,59479
59480,59481,59482
59484,59485,NA
59486,59488,NA
59489,59490,72642
59491,59492,73412
59493,59494,59495
59496,59497,59498
59496,59497,59500
59496,59497,59501
59496,59497,59502
59496,59497,59503
59504,59505,76842
59504,59506,76842
59507,59508,59509
59510,59511,NA
59512,59513,NA
59514,59515,NA
59516,59517,NA
59518,59519,59520
59521,59522,NA
59523,59524,59525
59527,59528,59529
59531,59532,59533
59534,59535,59536
59537,59538,59539
59537,59538,59540
59537,59538,59541
59537,59538,59543
59537,59538,59545
59547,59548,59549
59550,59551,NA
59552,59553,NA
59554,59555,59556
59557,59558,59559
59557,59558,59561
59563,59564,76511
59565,59566,59567
59569,59570,59571
59569,59570,59573
59569,59570,59574
59578,59579,59580
59581,59582,NA
59583,59584,NA
59585,59586,59587
59585,59586,59589
59590,59591,59592
59590,59591,59593
59590,59591,59595
59590,59591,59596
59590,59591,59597
59598,59599,59600
59601,59602,NA
59603,59604,59605
59606,59607,NA
59608,59609,NA
59610,59611,NA
59612,59613,59615
59612,59614,59615
59612,59613,59616
59612,59614,59616
59612,59613,59617
59612,59614,59617
59612,59613,59618
59612,59614,59618
59612,59613,59619
59612,59614,59619
59612,59613,73977
59612,59614,73977
59620,59621,NA
59622,59623,NA
59624,59625,59626
59624,59625,59627
59624,59625,59628
59624,59625,59629
59624,59625,59631
59632,59633,NA
59634,59635,NA
59636,59637,59638
59636,59637,59639
59636,59637,59640
59641,59642,NA
59643,59644,NA
59645,59646,NA
59647,59648,59649
59647,59648,73439
59650,59651,NA
59652,59653,NA
59654,59655,NA
59656,59657,NA
59658,59659,NA
59660,59661,59663
59660,59662,59663
59660,77050,59663
59660,59661,59665
59660,59662,59665
59660,77050,59665
59660,59661,59667
59660,59662,59667
59660,77050,59667
59660,59661,59669
59660,59662,59669
59660,77050,59669
59660,59661,59670
59660,59662,59670
59660,77050,59670
59660,59661,59671
59660,59662,59671
59660,77050,59671
59660,59661,59672
59660,59662,59672
59660,77050,59672
59660,59661,59674
59660,59662,59674
59660,77050,59674
59660,59661,59676
59660,59662,59676
59660,77050,59676
59677,59678,NA
59679,59680,59681
59679,59680,59684
59679,59680,59685
59679,59680,59687
59679,59680,59689
59679,59680,59691
59693,59694,NA
59695,59696,59697
59695,59696,59698
59699,59700,NA
59701,59703,NA
59704,59705,NA
59706,59707,59708
59706,59707,59709
59710,59712,NA
59713,59714,59717
59713,59715,59717
59713,59714,59719
59713,59715,59719
59713,59714,59720
59713,59715,59720
59721,59722,NA
59723,59724,NA
59725,59726,59727
59728,59729,59730
59728,59729,59731
59728,59729,59732
59728,59729,59733
59734,59735,59736
59734,59735,76762
59737,59738,NA
59739,59740,59741
59739,59740,76868
59742,59743,59744
59742,59743,59747
59742,59743,59749
59750,59751,59752
59750,59751,59753
59754,59755,59756
59757,59758,NA
59759,59760,59761
59763,59764,59765
59766,59767,59769
59766,59768,59769
59766,59767,59773
59766,59768,59773
59766,59767,59774
59766,59768,59774
59766,59767,59775
59766,59768,59775
59776,59777,NA
59778,59779,59780
59781,59782,59783
59781,59782,59785
59781,59782,59787
59788,59789,59791
59788,59790,59791
59788,59789,59793
59788,59790,59793
59794,59795,59796
59797,59798,59799
59797,59798,59800
59801,59802,59803
59804,59805,NA
59806,59807,59808
59806,59807,59809
59811,59812,NA
59813,59814,59815
59813,59814,59816
59813,59814,59817
59813,59814,59818
59813,59814,59819
59813,59814,59820
59813,59814,59821
59813,59814,59822
59813,59814,59823
59813,59814,59825
59813,59814,59827
59813,59814,59828
59829,59830,NA
59831,59832,NA
59833,59834,NA
59835,59836,59837
59835,59836,76293
59839,59840,59841
59846,59847,59848
59846,59847,77058
59849,59850,59851
59849,59850,59853
59849,59850,59854
59849,59850,59855
59856,59857,NA
59858,59859,NA
59860,59862,59863
59860,59862,59864
59860,59862,59866
59860,59862,59868
59860,59862,59869
59860,59862,59870
59860,59862,59871
59860,59862,59873
59874,59875,59876
59874,59875,59877
59879,59880,NA
59881,59882,NA
59883,59884,NA
59885,59886,59887
59888,59889,59892
59888,59890,59892
59888,59891,59892
59888,59889,59894
59888,59890,59894
59888,59891,59894
59888,59889,59896
59888,59890,59896
59888,59891,59896
59888,59889,59897
59888,59890,59897
59888,59891,59897
59888,59889,59898
59888,59890,59898
59888,59891,59898
59888,59889,59899
59888,59890,59899
59888,59891,59899
59900,59901,NA
59902,59903,59904
59902,59903,59905
59906,59907,NA
59908,59909,59910
59911,59912,NA
59913,59914,59915
59918,59920,NA
59921,59922,NA
59923,59924,59925
59926,59928,59929
59926,59928,59931
59926,59928,59933
59934,59935,59936
59934,59935,59937
59934,59935,59938
59934,59935,59939
59934,59935,59940
59934,59935,59941
59934,59935,59943
59944,59945,NA
59946,59947,NA
59948,59949,59950
59951,59952,NA
59953,59954,NA
59955,59956,59957
59955,59956,59958
59955,59956,59960
59955,59956,59961
59955,59956,59962
59955,59956,59963
59964,59965,59966
59964,59965,59968
59964,59965,59971
59964,59965,59972
59964,59965,59973
59964,59965,59974
59964,59965,59975
59964,59965,59976
59977,59978,59979
59977,59978,59980
59977,59978,59981
59977,59978,59982
59977,59978,59983
59984,59985,59986
59988,59989,NA
59992,59993,59994
59992,59993,59996
59992,59993,59998
59992,59993,60000
59992,59993,60001
59992,59993,60002
59992,59993,60004
60007,60008,NA
60009,60010,60013
60009,60011,60013
60009,60012,60013
60009,60010,60014
60009,60011,60014
60009,60012,60014
60016,60017,NA
60018,60019,NA
60020,60022,NA
60023,60024,NA
60025,60028,60029
60025,60028,60031
60025,60028,60034
60025,60028,60037
60025,60028,60038
60025,60028,60039
60025,60028,60040
60041,60042,NA
60043,60044,60045
60046,60047,NA
60048,60049,60052
60048,60050,60052
60048,60051,60052
60048,60049,60054
60048,60050,60054
60048,60051,60054
60048,60049,60056
60048,60050,60056
60048,60051,60056
60057,60058,NA
60059,60060,60061
60059,60060,60063
60064,60065,NA
60066,60067,NA
60068,60069,NA
60070,60071,60072
60070,60071,60074
60070,60071,60076
60077,60078,NA
60079,60080,NA
60081,60082,NA
60083,60084,60085
60083,60084,60086
60083,60084,60087
60089,60090,NA
60092,60093,NA
60094,60095,60097
60098,60100,NA
60101,60102,NA
60101,60103,NA
60104,60105,60106
60104,60105,60107
60104,60105,60109
60104,60105,60110
60111,60112,NA
60113,60114,NA
60115,60116,60117
60115,60116,60118
60115,60116,60119
60115,60116,60120
60115,60116,60122
60125,60126,NA
60127,60128,NA
60129,60130,60131
60129,60130,60132
60129,60130,60134
60135,60136,60137
60138,60139,NA
60140,60141,NA
60142,60143,NA
60144,60145,NA
60146,60147,NA
60148,60149,NA
60150,60151,NA
60152,60153,NA
60164,60165,60166
60167,60168,NA
60169,60170,60171
60169,60170,60173
60169,60170,60175
60169,60170,60176
60178,60179,69628
60180,60181,60182
60180,60181,60183
60184,60185,60186
60184,60185,60188
60184,60185,60189
60184,60185,60192
60184,60185,77320
60193,60194,60195
60193,60194,60197
60198,60199,60200
60198,60199,60202
60203,60204,NA
60205,60206,NA
60207,60208,60209
60210,60211,60212
60210,60211,60213
60215,60216,NA
60217,60218,60219
60221,60222,60223
60221,60222,60225
60221,60222,60228
60231,60232,NA
60233,60235,NA
60236,60237,60238
60236,60237,60239
60236,60237,60241
60236,60237,60244
60236,60237,60247
60236,60237,60249
60236,60237,60250
60236,60237,60252
60236,60237,60254
60236,60237,72384
60255,60256,60257
60258,60259,NA
60260,60261,60262
60264,60265,60266
60267,60268,60269
60270,60271,NA
60272,60273,60274
60272,60273,60275
60272,60273,60276
60272,60273,60277
60272,60273,60278
60272,60273,60279
60272,60273,60280
60272,60273,60281
60272,60273,60282
60283,60284,NA
60285,60286,NA
60287,60288,NA
60289,60290,60292
60289,60291,60292
60289,60290,60293
60289,60291,60293
60289,60290,60295
60289,60291,60295
60296,60297,60298
60296,60297,60300
60301,60302,60303
60301,60302,60304
60301,60302,60305
60301,60302,60306
60301,60302,60308
60309,60310,NA
60311,60312,60313
60311,60312,60315
60311,60312,60317
60311,60312,60319
60311,60312,60321
60311,60312,60322
60324,60325,NA
60326,60327,NA
60328,60329,60332
60328,60330,60332
60328,60329,60334
60328,60330,60334
60328,60329,60336
60328,60330,60336
60328,60329,60338
60328,60330,60338
60328,60329,60340
60328,60330,60340
60328,60329,60342
60328,60330,60342
60328,60329,60343
60328,60330,60343
60328,60329,60344
60328,60330,60344
60328,60329,60345
60328,60330,60345
60328,60329,60346
60328,60330,60346
60348,60349,60350
60348,60349,60352
60348,60349,60355
60348,60349,60357
60358,60360,60361
60363,60364,NA
60365,60366,NA
60367,60368,60370
60367,60369,60370
60367,60368,60373
60367,60369,60373
60367,60368,60374
60367,60369,60374
60367,60368,60375
60367,60369,60375
60376,60377,NA
60378,60379,NA
60380,60381,60382
60383,60384,NA
60385,60386,NA
60387,60388,60389
60391,60392,NA
60393,60394,NA
60395,60396,60397
60395,60396,60398
60395,60396,60399
60395,60396,60400
60395,60396,60401
60403,60405,60406
60407,60409,60410
60411,60412,NA
60413,60414,60415
60416,60417,NA
60418,60419,NA
60420,60421,NA
60422,60423,60424
60422,60423,60425
60426,60428,NA
60429,60430,60431
60432,60433,NA
60434,60435,NA
60436,60437,60438
60436,60437,60439
60436,60437,60440
60441,60442,NA
60443,60444,NA
60445,60446,60447
60445,70048,60447
60445,60446,60449
60445,70048,60449
60445,60446,60456
60445,70048,60456
60445,60446,60457
60445,70048,60457
60445,60446,60458
60445,70048,60458
60445,60446,60459
60445,70048,60459
60460,60461,60462
60460,60461,60464
60465,60466,76431
60467,60468,NA
60469,60470,60471
60472,60473,NA
60474,60479,NA
60475,60476,60477
60480,60482,NA
60483,60484,60485
60483,60484,60486
60483,60484,60487
60483,60484,60488
60483,60484,60490
60491,60492,NA
60493,60494,NA
60495,60496,NA
60497,60498,NA
60499,60500,60501
60499,60500,60502
60503,60504,NA
60505,60506,60508
60505,60507,60508
60505,60506,60509
60505,60507,60509
60505,60506,60511
60505,60507,60511
60505,60506,60512
60505,60507,60512
60505,60506,60513
60505,60507,60513
60515,60516,60517
60515,60516,60518
60515,60516,60520
60515,60516,60521
60515,60516,60522
60523,60524,NA
60525,60526,NA
60527,60528,60529
60530,60531,60532
60534,60535,60536
60537,60538,NA
60539,60540,60541
60539,60540,60543
60539,60540,60545
60539,60540,60546
60539,60540,60547
60539,60540,60548
60550,60551,60552
60553,60554,60555
60553,60554,60556
60553,60554,60557
60553,60554,60558
60553,60554,60562
60553,60554,60563
60553,60554,60564
60553,60554,60565
60553,60554,60566
60553,60554,60568
60569,60570,NA
60571,60572,NA
60573,60574,NA
60575,60576,60577
60579,60580,60581
60579,60580,60582
60583,60595,60596
60583,60595,60599
60584,60586,NA
60587,60588,60589
60587,60588,60591
60587,60588,60592
60593,60594,NA
60597,60598,60600
60597,60598,60602
60603,60606,60607
60605,60608,NA
60609,60642,NA
60610,60611,60612
60610,60611,60614
60610,60611,60616
60617,60618,60619
60617,60618,60620
60617,60618,60622
60623,60624,60625
60627,60628,NA
60629,60631,NA
60633,60634,NA
60635,60636,NA
60637,60638,60639
60637,60638,60641
60637,60638,60647
60637,60638,60649
60637,60638,60651
60637,60638,60652
60637,60638,60655
60637,60638,60657
60637,60638,60659
60637,60638,60661
60643,60645,NA
60646,60653,NA
60654,60656,60658
60660,60662,60663
60660,60662,60664
60660,60662,60665
60667,60668,60669
60671,60672,60673
60675,60676,NA
60677,60678,NA
60679,60680,60681
60679,60680,60684
60679,60680,60685
60679,60680,60686
60679,60680,60687
60679,60680,60688
60679,60680,60689
60679,60680,60690
60691,60692,60693
60694,60695,NA
60696,60697,NA
60698,60699,NA
60700,60701,60702
60703,60704,74142
60705,60706,60707
60705,60706,60709
60705,60706,60710
60705,60706,60711
60705,60706,60713
60705,60706,60715
60705,60706,60716
60717,60718,60719
60720,60721,60722
60720,60721,60724
60720,60721,60725
60720,60721,60726
60720,60721,60729
60730,60731,60732
60733,60734,60736
60733,60735,60736
60737,60738,60739
60737,60738,60741
60742,60743,NA
60744,60745,NA
60746,60747,60749
60746,60747,60753
60746,60747,60750
60746,60747,60752
60746,60747,60755
60756,60757,NA
60758,60759,NA
60760,60761,60764
60760,60762,60764
60760,60761,60765
60760,60762,60765
60760,60761,60766
60760,60762,60766
60768,60769,NA
60770,60771,NA
60774,60775,60776
60774,60775,60777
60774,60775,60779
60774,60775,60780
60774,60775,60781
60774,60775,60783
60774,60775,60784
60774,60775,60785
60774,60775,60787
60774,60775,69400
60788,60789,NA
60790,60791,NA
60792,60793,NA
60794,60795,60796
60797,60798,60799
60797,60798,60801
60797,60798,60803
60797,60798,60805
60797,60798,60806
60797,60798,60807
60808,60809,60811
60808,60809,60813
60808,60809,60814
60808,60809,60816
60825,60826,60827
60825,60826,60828
60825,60826,60829
60825,60826,60830
60831,60832,NA
60833,60834,NA
60835,60836,NA
60837,60838,NA
60839,60840,60841
60842,60843,NA
60844,60845,60846
60847,60848,NA
60850,60851,60852
60853,60854,60856
60853,60855,60856
60853,60854,60859
60853,60855,60859
60853,60854,60861
60853,60855,60861
60853,60854,60862
60853,60855,60862
60853,60854,60863
60853,60855,60863
60853,60854,60866
60853,60855,60866
60868,60869,60870
60868,60869,60872
60868,60869,60873
60868,60869,60877
60878,60879,NA
60880,60881,NA
60882,60883,60885
60882,60883,60887
60882,60883,60889
60882,60883,60890
60882,60883,60891
60882,60883,60892
60882,60883,60893
60895,60896,60897
60895,60896,60899
60900,60901,NA
60902,60903,NA
60904,60905,NA
60906,60907,60908
60906,60907,60909
60906,60907,60911
60912,60913,60914
60912,60913,60916
60912,60913,60917
60912,60913,60919
60912,60913,60921
60922,60923,60924
60922,60923,60925
60926,60927,60928
60930,60931,60933
60930,60932,60933
60930,60931,60938
60930,60932,60938
60930,60931,60940
60930,60932,60940
60930,60931,60941
60930,60932,60941
60930,60931,60942
60930,60932,60942
60930,60931,60943
60930,60932,60943
60930,60931,60945
60930,60932,60945
60947,60948,NA
60949,60950,60951
60952,60953,60955
60952,60953,60956
60952,60953,60958
60952,60953,60959
60952,60953,60960
60952,60953,60961
60952,60953,60962
60952,60953,73307
60963,60964,60965
60966,60967,NA
60968,60970,60971
60968,60970,60972
60973,60974,NA
60975,60976,NA
60977,60978,NA
60979,60980,NA
60981,60982,NA
60983,60984,60985
60986,60987,NA
60988,60989,60991
60988,60990,60991
60988,60989,60993
60988,60990,60993
60988,60989,60994
60988,60990,60994
60988,60989,60995
60988,60990,60995
60988,60989,70495
60988,60990,70495
60996,60997,60998
60996,60997,60999
61001,61002,NA
61003,61004,NA
61005,61006,NA
61007,61008,61009
61010,61011,61012
61010,61011,61013
61010,61011,61015
61016,61017,61018
61016,61017,61019
61016,61017,61020
61021,61022,61024
61021,61023,61024
61021,61022,61025
61021,61023,61025
61021,61022,61026
61021,61023,61026
61021,61022,61027
61021,61023,61027
61021,61022,61028
61021,61023,61028
61029,61030,NA
61031,61032,NA
61034,61035,NA
61036,61037,76985
61036,61038,76985
61036,61039,76985
61036,61037,76986
61036,61038,76986
61036,61039,76986
61036,61037,61040
61036,61038,61040
61036,61039,61040
61036,61037,61042
61036,61038,61042
61036,61039,61042
61036,61037,61045
61036,61038,61045
61036,61039,61045
61036,61037,61046
61036,61038,61046
61036,61039,61046
61036,61037,61047
61036,61038,61047
61036,61039,61047
61036,61037,61048
61036,61038,61048
61036,61039,61048
61036,61037,61049
61036,61038,61049
61036,61039,61049
61036,61037,61050
61036,61038,61050
61036,61039,61050
61051,61052,NA
61053,61054,NA
61055,61056,61057
61058,61059,NA
61060,61061,NA
61062,61063,61064
61065,61066,NA
61067,61068,61069
61067,61068,61072
61067,61068,61073
61067,61068,61074
61075,61076,61077
61075,61076,73311
61078,61079,NA
61080,61081,NA
61082,61083,61084
61085,61086,NA
61087,61088,NA
61089,61090,61091
61089,61090,61092
61094,61095,NA
61096,61097,61098
61100,61101,61102
61100,61101,61103
61104,61105,NA
61106,61107,61108
61109,61110,NA
61111,61112,NA
61113,61114,61115
61113,61114,61116
61113,61114,61117
61118,61119,NA
61120,61121,NA
61122,61123,61124
61122,61123,61125
61122,61123,61126
61127,61129,NA
61130,61131,61132
61130,61131,61133
61134,61135,NA
61136,61137,NA
61138,61139,NA
61140,61141,NA
61142,61143,NA
61144,61145,61146
61144,61145,61147
61144,61145,61148
61150,61151,61152
61153,61154,61155
61153,61154,61156
61157,61158,NA
61159,61160,61161
61159,61160,61163
61159,61160,61165
61159,61160,61166
61159,61160,61168
61159,61160,61170
61159,61160,61171
61159,61160,61173
61159,61160,61174
61175,61176,61177
61179,74585,61181
61179,61180,61181
61179,74585,61182
61179,61180,61182
61179,74585,61184
61179,61180,61184
61179,74585,61185
61179,61180,61185
61179,74585,61189
61179,61180,61189
61179,74585,61191
61179,61180,61191
61179,74585,74586
61179,61180,74586
61193,61194,NA
61195,61196,NA
61197,61198,NA
61199,61200,61202
61199,61201,61202
61203,61205,NA
61206,61207,61208
61206,61207,61209
61206,61207,61211
61206,61207,61212
61213,61214,NA
61215,61216,NA
61217,61218,61219
61217,61218,61220
61217,61218,61221
61217,61218,61222
61217,61218,61223
61224,61225,61226
61227,61228,NA
61229,61230,61231
61229,61230,73394
61233,61234,61235
61233,61234,61236
61233,61234,61238
61233,61234,61239
61233,61234,61240
61233,61234,61241
61233,61234,61242
61233,61234,61244
61233,61234,61246
61233,61234,61247
61248,61249,NA
61250,61251,61252
61250,77342,61252
61250,61251,61253
61250,77342,61253
61250,61251,61254
61250,77342,61254
61250,61251,61255
61250,77342,61255
61250,61251,61257
61250,77342,61257
61250,61251,61259
61250,77342,61259
61250,61251,77343
61250,77342,77343
61260,61261,61262
61263,61264,61267
61263,61265,61267
61263,61266,61267
61263,61264,61269
61263,61265,61269
61263,61266,61269
61263,61264,61270
61263,61265,61270
61263,61266,61270
61263,61264,61271
61263,61265,61271
61263,61266,61271
61263,61264,61272
61263,61265,61272
61263,61266,61272
61273,61274,NA
61275,61277,NA
61278,61279,70494
61280,61281,NA
61282,61283,NA
61284,61285,NA
61286,61288,61289
61286,61288,61290
61286,61288,61291
61286,61288,61293
61286,61288,61294
61295,61296,61297
61295,61296,61300
61295,61296,61303
61295,61296,61304
61295,61296,61305
61295,61296,61307
61295,61296,61308
61295,61296,61309
61295,61296,70502
61310,61313,NA
61314,61315,NA
61316,61317,61318
61320,61321,NA
61322,61323,61324
61322,61323,61327
61322,61323,61329
61322,61323,75039
61330,61331,NA
61332,61333,61334
61332,61333,61335
61336,61337,61338
61339,61340,61341
61342,61343,61344
61342,61343,61346
61342,61343,61347
61342,61343,61349
61342,61343,61352
61342,61343,61353
61342,61343,61354
61356,61357,61358
61360,61361,NA
61362,61364,NA
61365,61366,NA
61367,61368,NA
61369,61370,NA
61371,61372,NA
61373,61374,61375
61376,61377,61378
61376,61377,61379
61376,61377,61380
61376,61377,61381
61376,61377,61383
61376,61377,61384
61376,61377,61385
61376,61377,61386
61387,61388,NA
61389,61390,61391
61389,61390,61392
61394,61395,NA
61396,61397,61398
61399,61400,61402
61399,61400,61403
61399,61400,61405
61399,61400,61406
61399,61400,61408
61399,61400,61409
61399,61400,61410
61399,61400,61412
61413,61414,NA
61415,61416,61417
61415,61416,61418
61415,61416,61419
61415,61416,61421
61415,61416,61422
61424,61425,61426
61424,61425,61427
61424,61425,61428
61424,61425,61429
61424,61425,61431
61432,61433,NA
61434,61557,61560
61434,61557,61563
61435,61436,NA
61437,61438,NA
61439,61440,61441
61439,61440,61442
61439,61440,61443
61444,61445,NA
61446,61447,61448
61446,61447,61449
61446,61447,61450
61446,61447,61451
61446,61447,61452
61446,61447,61453
61446,61447,77133
61454,61455,NA
61456,61457,61459
61456,61458,61459
61456,61457,61460
61456,61458,61460
61456,61457,61461
61456,61458,61461
61456,61457,61463
61456,61458,61463
61456,61457,61465
61456,61458,61465
61456,61457,61466
61456,61458,61466
61456,61457,61467
61456,61458,61467
61468,61469,NA
61470,61471,NA
61472,61473,NA
61474,61475,NA
61476,61477,61478
61476,61477,61479
61476,61477,61480
61481,61482,NA
61483,61484,NA
61485,61486,NA
61487,61488,NA
61489,61490,NA
61491,61492,NA
61493,61494,NA
61495,61496,61497
61495,61496,61498
61495,61496,61499
61495,61496,61500
61495,61496,61501
61495,61496,61502
61495,61496,61503
61504,61505,NA
61506,61507,61509
61506,61508,61509
61506,77225,61509
61506,61507,61510
61506,61508,61510
61506,77225,61510
61506,61507,61511
61506,61508,61511
61506,77225,61511
61506,61507,61512
61506,61508,61512
61506,77225,61512
61506,61507,61513
61506,61508,61513
61506,77225,61513
61506,61507,61514
61506,61508,61514
61506,77225,61514
61515,61517,NA
61518,61519,61520
61518,61519,70774
61521,61522,NA
61523,61524,61525
61523,61524,61526
61523,61524,61527
61523,61524,61529
61530,61531,61532
61530,61531,61533
61530,61531,61534
61535,61536,NA
61537,61538,61539
61537,61538,61540
61537,61538,61541
61537,61538,61542
61537,61538,61543
61544,61545,61546
61544,61545,61547
61544,61545,61548
61549,61550,NA
61551,61552,61553
61554,61555,61556
61558,61559,61561
61558,61559,61564
61558,61559,61565
61558,61559,61567
61558,61559,61569
61558,61559,61570
61572,61573,NA
61574,61575,NA
61576,61579,61583
61576,61579,61585
61577,61578,NA
61580,61581,61584
61580,61582,61584
61580,61581,61586
61580,61582,61586
61580,61581,61587
61580,61582,61587
61588,61595,61596
61588,61595,61597
61588,61595,61598
61588,61595,61600
61588,61595,61601
61588,61595,61602
61588,61595,61603
61588,61595,61604
61589,61590,NA
61591,61592,NA
61593,61594,61611
61593,61594,61612
61593,61594,61613
61593,61594,61615
61593,61594,61617
61605,61606,61607
61605,61606,61608
61605,61606,61609
61605,61606,61610
61614,61616,61619
61614,61616,61620
61618,61631,61632
61622,61623,61626
61622,61624,61626
61622,61625,61626
61627,61628,61633
61627,61629,61633
61634,61635,NA
61636,61638,NA
61637,61648,61650
61637,61648,61653
61639,61640,61641
61639,61640,61642
61639,61640,61644
61639,61640,61647
61639,61640,61649
61639,61640,61651
61654,61655,NA
61656,61657,61658
61660,61661,61662
61665,61667,61669
61665,61667,61672
61665,61667,61674
61665,61667,61675
61665,61667,61676
61665,61667,61677
61665,61667,61678
61679,61680,61681
61679,61680,61683
61682,61684,61686
61682,61684,61692
61685,61687,NA
61689,61694,NA
61695,61696,NA
61697,61698,61699
61700,61701,NA
61702,61703,NA
61704,61705,61706
61704,61705,61707
61704,61705,61708
61704,61705,61709
61704,61705,61710
61704,61705,61711
61704,61705,61712
61713,61714,NA
61715,61716,61717
61715,61716,61718
61715,61716,61719
61722,61723,NA
61724,61725,61726
61724,61725,61728
61729,61730,61733
61729,61731,61733
61729,61732,61733
61729,61730,61735
61729,61731,61735
61729,61732,61735
61729,61730,61737
61729,61731,61737
61729,61732,61737
61729,61730,61738
61729,61731,61738
61729,61732,61738
61729,61730,61739
61729,61731,61739
61729,61732,61739
61740,61741,NA
61742,61743,NA
61744,61745,NA
61746,61747,NA
61748,61749,61750
61751,61752,61753
61755,61756,NA
61757,61758,NA
61759,61760,61761
61759,61760,61762
61759,61760,61763
61764,61765,61767
61764,61766,61767
61764,61765,61769
61764,61766,61769
61764,61765,61772
61764,61766,61772
61764,61765,61775
61764,61766,61775
61764,61765,61777
61764,61766,61777
61764,61765,61778
61764,61766,61778
61779,61780,61781
61779,61780,61782
61779,61780,61783
61779,61780,61785
61779,61780,61786
61779,61780,61787
61779,61780,61789
61779,61780,61790
61791,61792,61793
61794,61795,NA
61796,61797,61798
61799,61800,NA
61801,61802,61803
61801,61802,61804
61805,61807,61808
61809,61810,NA
61811,61812,NA
61813,61814,61815
61813,61814,61818
61813,61814,61819
61813,61814,61820
61813,61814,61821
61813,61814,61823
61813,61814,61825
61826,61827,61828
61826,61827,61829
61831,61832,61833
61835,61836,61837
61835,61836,61838
61835,61836,61839
61842,61843,61844
61842,61843,61845
61842,61843,61846
61842,61843,61847
61842,61843,61849
61842,61843,61850
61842,61843,61851
61852,61853,61854
61855,61856,NA
61857,75428,75433
61857,75432,75433
61857,61858,75433
61857,75428,75435
61857,75432,75435
61857,61858,75435
61857,75428,75437
61857,75432,75437
61857,61858,75437
61857,75428,61859
61857,75432,61859
61857,61858,61859
61857,75428,75439
61857,75432,75439
61857,61858,75439
61857,75428,61860
61857,75432,61860
61857,61858,61860
61857,75428,61861
61857,75432,61861
61857,61858,61861
61857,75428,61862
61857,75432,61862
61857,61858,61862
61857,75428,61863
61857,75432,61863
61857,61858,61863
61857,75428,61865
61857,75432,61865
61857,61858,61865
61857,75428,61866
61857,75432,61866
61857,61858,61866
61857,75428,61867
61857,75432,61867
61857,61858,61867
61857,75428,75442
61857,75432,75442
61857,61858,75442
61857,75428,75443
61857,75432,75443
61857,61858,75443
61868,61869,NA
61870,61871,61872
61870,61871,61873
61870,61871,61874
61870,61871,61875
61870,61871,61878
61870,61871,61881
61883,61884,61886
61883,61885,61886
61883,61884,61887
61883,61885,61887
61883,61884,61888
61883,61885,61888
61883,61884,61890
61883,61885,61890
61883,61884,61893
61883,61885,61893
61883,61884,61894
61883,61885,61894
61883,61884,61895
61883,61885,61895
61883,61884,61896
61883,61885,61896
61883,61884,61898
61883,61885,61898
61883,61884,61900
61883,61885,61900
61901,61902,NA
61903,61904,61905
61903,61904,61907
61903,61904,61908
61903,61904,61911
61912,61913,61914
61912,61913,61916
61912,61913,61920
61912,61913,61921
61912,61913,61922
61912,61913,61923
61912,61913,61925
61912,61913,61927
61912,61913,61928
61912,61913,61931
61933,61934,61936
61933,61935,61936
61933,61934,76720
61933,61935,76720
61937,61938,61939
61937,61938,61941
61937,61938,61943
61937,61938,61945
61937,61938,61947
61937,61938,61948
61937,61938,61949
61937,61938,61950
61937,61938,61951
61937,61938,61952
61937,61938,61954
61937,61938,61956
61937,61938,61957
61937,61938,61958
61960,61961,61963
61960,61962,61963
61960,61961,61965
61960,61962,61965
61960,61961,61966
61960,61962,61966
61960,61961,61967
61960,61962,61967
61960,61961,61968
61960,61962,61968
61960,61961,61969
61960,61962,61969
61960,61961,61972
61960,61962,61972
61973,61974,NA
61975,61976,61977
61975,61976,61978
61979,61980,61981
61983,61984,NA
61985,61986,NA
61987,61988,61989
61987,61988,61990
61991,61992,61993
61991,61992,61994
61991,61992,61995
61991,61992,61997
61991,61992,61999
61991,61992,62001
61991,61992,72407
62003,62004,62005
62006,62007,62008
62006,62007,62009
62010,62011,NA
62012,62013,NA
62014,62015,NA
62016,62017,NA
62018,62019,62020
62018,62019,62023
62018,62019,62024
62018,62019,62025
62018,62019,62026
62027,62028,62029
62027,62028,62030
62031,62032,62033
62034,62035,62036
62034,62035,62039
62042,62043,62044
62045,62046,62047
62048,62049,62050
62051,62052,62053
62051,62052,76818
62055,62056,62057
62055,62056,62060
62055,62056,62061
62055,62056,62062
62055,62056,62064
62055,62056,62065
62067,62069,NA
62070,62071,62072
62073,62074,62075
62073,62074,62077
62079,62080,NA
62081,62082,62083
62086,62087,62088
62086,62087,62089
62086,62087,62090
62086,62087,62091
62086,62087,62093
62095,62096,62097
62098,62099,NA
62100,62101,62102
62105,62106,NA
62107,62108,62109
62107,62108,62110
62107,62108,62111
62112,62113,62114
62115,62116,NA
62117,62118,62119
62117,62118,62120
62117,62118,62121
62117,62118,62122
62117,62118,62127
62123,62125,62126
62123,62125,62128
62123,62125,69616
62129,62130,62133
62129,62131,62133
62129,62130,62135
62129,62131,62135
62129,62130,62137
62129,62131,62137
62129,62130,62139
62129,62131,62139
62129,62130,62140
62129,62131,62140
62129,62130,62142
62129,62131,62142
62129,62130,76714
62129,62131,76714
62132,62134,NA
62136,62138,62141
62143,62144,62146
62143,62144,62148
62145,62147,62149
62150,62151,62153
62150,62152,62153
62150,62151,62154
62150,62152,62154
62155,62158,62161
62155,62158,62162
62155,62158,62168
62155,62158,62171
62156,62159,62160
62156,62159,62163
62156,62159,62165
62156,62159,62169
62173,62174,NA
62175,62176,62177
62175,62176,62178
62179,62180,NA
62181,62182,62183
62181,62182,62184
62181,62182,62185
62186,62188,62189
62186,62188,62191
62190,62192,62193
62190,62192,62196
62190,62192,62199
62194,62195,62198
62200,62229,NA
62202,62203,NA
62204,62205,NA
62206,62207,NA
62208,62209,62211
62208,62210,62211
62208,62209,62212
62208,62210,62212
62208,62209,62213
62208,62210,62213
62208,62209,62214
62208,62210,62214
62208,62209,62215
62208,62210,62215
62208,62209,62216
62208,62210,62216
62208,62209,62218
62208,62210,62218
62220,62221,NA
62222,62223,NA
62224,62225,62227
62224,62226,62227
62224,62225,62231
62224,62226,62231
62224,62225,62233
62224,62226,62233
62224,62225,62234
62224,62226,62234
62224,62225,62236
62224,62226,62236
62224,62225,62237
62224,62226,62237
62230,62238,62239
62230,62238,62240
62241,62242,62243
62244,62245,NA
62246,62247,62248
62246,62247,62250
62246,62247,62252
62246,62247,62254
62255,62256,62257
62255,62256,62258
62255,62256,62260
62255,62256,62261
62255,62256,62262
62255,62256,74330
62264,62265,62266
62264,62265,73263
62268,62269,NA
62270,62271,62272
62270,62271,73385
62273,62274,62275
62276,62277,62278
62279,62280,62281
62279,62280,62283
62279,62280,62285
62279,62280,62286
62287,62288,62289
62287,62288,62291
62292,62293,NA
62294,62295,62296
62294,62295,62298
62294,62295,62299
62294,62295,62300
62294,62295,62301
62302,62303,NA
62304,62305,NA
62306,62307,62308
62306,62307,62309
62306,62307,62311
62306,62307,62313
62306,62307,62315
62317,62318,NA
62319,62320,NA
62321,62322,NA
62323,62324,62325
62323,62324,62327
62323,62324,62328
62323,62324,62329
62331,62332,NA
62333,62334,NA
62335,62336,NA
62337,62338,NA
62339,62340,62342
62339,62341,62342
62339,62340,62343
62339,62341,62343
62339,62340,62348
62339,62341,62348
62339,62340,62351
62339,62341,62351
62339,62340,62396
62339,62341,62396
62339,62340,62398
62339,62341,62398
62339,62340,69403
62339,62341,69403
62344,62345,62346
62344,62345,62349
62344,62345,62352
62344,62345,62353
62344,62345,62354
62344,62345,62355
62344,62345,62357
62344,62345,62358
62344,62345,62359
62344,62345,62360
62344,62345,62361
62344,62345,62362
62364,62365,62366
62364,62365,62367
62364,62365,62368
62364,62365,70660
62369,62370,62371
62369,62370,62372
62369,62370,62374
62369,62370,62376
62369,62370,62377
62369,62370,62379
62369,62370,62381
62369,62370,62382
62369,62370,62383
62385,62386,NA
62387,62388,NA
62389,62390,62391
62392,62393,NA
62394,62395,NA
62399,62400,62401
62404,62405,62406
62408,62409,NA
62410,62411,NA
62412,62413,NA
62414,62415,NA
62416,62417,73440
62418,62419,NA
62420,62421,62422
62423,62424,62425
62426,62427,NA
62428,62429,NA
62431,62432,NA
62433,62435,NA
62436,62437,NA
62438,62439,62440
62441,62442,62443
62441,62442,62444
62441,62442,62445
62441,62442,62446
62441,62442,62447
62441,62442,62448
62441,62442,62450
62441,62442,62451
62441,62442,62454
62441,62442,62456
62441,62442,62457
62459,62460,NA
62461,62462,62463
62461,62462,62465
62461,62462,62466
62461,62462,62467
62461,62462,62468
62469,62471,62472
62474,62475,62476
62474,62475,62478
62474,62475,62479
62474,62475,62480
62474,62475,62482
62484,62485,62486
62487,62488,NA
62489,62490,NA
62491,62492,NA
62493,62494,NA
62495,62496,62497
62498,62499,NA
62500,62501,NA
62502,62503,NA
62504,62505,62507
62504,68161,62507
62508,62509,NA
62510,62511,NA
62512,62513,NA
62514,62515,NA
62516,62517,NA
62518,62519,NA
62520,62521,NA
62522,62523,62524
62522,62523,62525
62522,62523,62526
62522,62523,62527
62522,62523,62528
62522,62523,62529
62530,62531,62532
62534,62535,62536
62537,62538,NA
62539,62540,62541
62539,62540,76785
62542,62543,NA
62544,62545,62546
62547,62548,62549
62550,62551,NA
62552,62553,NA
62554,62555,NA
62556,62557,NA
62558,62559,NA
62560,62561,NA
62562,62563,NA
62564,62565,NA
62566,62567,62568
62569,62570,62571
62569,62570,62572
62574,62575,62580
62574,62577,62580
62574,62575,76617
62574,62577,76617
62582,62583,70673
62584,62585,NA
62586,62587,62588
62589,62590,NA
62591,62593,62594
62591,62593,62595
62591,62593,62596
62591,62593,62597
62591,62593,62599
62591,62593,62600
62591,62593,62601
62591,62593,62602
62591,62593,62603
62604,62605,NA
62606,62607,NA
62608,62609,62610
62608,62609,62611
62608,62609,62612
62613,62614,NA
62615,62616,NA
62617,62618,NA
62619,62620,NA
62621,62622,62623
62621,62622,62624
62621,62622,62626
62621,62622,62628
62621,62622,62629
62621,62622,62630
62621,62622,62631
62621,62622,62632
62621,62622,62633
62621,62622,62634
62635,62636,62638
62635,62637,62638
62635,62636,62639
62635,62637,62639
62635,62636,62640
62635,62637,62640
62635,62636,62641
62635,62637,62641
62635,62636,62642
62635,62637,62642
62635,62636,62643
62635,62637,62643
62635,62636,69828
62635,62637,69828
62644,62645,62646
62647,62648,62649
62647,62648,62650
62647,62648,62651
62654,62655,NA
62656,62657,NA
62658,62659,62660
62658,62659,62661
62662,62663,NA
62664,62665,62666
62664,62665,62670
62664,62665,62671
62664,62665,62672
62664,62665,62673
62664,62665,62675
62664,62665,62677
62664,62665,62679
62681,62682,62683
62681,62682,62684
62681,62682,62685
62681,62682,62686
62681,62682,62687
62689,62690,NA
62691,62692,62693
62694,62695,NA
62696,62697,NA
62698,62699,NA
62700,62701,NA
62702,62703,62704
62705,62706,62707
62705,62706,62708
62705,62706,62709
62705,62706,62711
62705,62706,62712
62705,62706,62713
62705,62706,62716
62718,62719,NA
62720,62721,NA
62722,62723,62724
62722,62723,62728
62729,62730,NA
62731,62732,62733
62731,62732,62734
62731,62732,62736
62731,62732,62737
62731,62732,62738
62731,62732,62739
62731,62732,62740
62741,62742,NA
62743,62744,62745
62746,62747,NA
62748,62750,62752
62748,62751,62752
62753,62754,62755
62756,62757,62758
62756,62757,62759
62756,62757,62761
62756,62757,62762
62756,62757,62764
62765,62766,NA
62767,62768,NA
62769,62770,62771
62769,62770,75013
62772,62773,74979
62774,62775,62776
62777,62778,62779
62777,62778,62780
62777,62778,62782
62777,62778,72274
62783,62784,NA
62785,62786,NA
62787,62788,62790
62787,62789,62790
62787,77573,62790
62787,62788,62791
62787,62789,62791
62787,77573,62791
62787,62788,62792
62787,62789,62792
62787,77573,62792
62787,62788,62793
62787,62789,62793
62787,77573,62793
62787,62788,62794
62787,62789,62794
62787,77573,62794
62787,62788,69463
62787,62789,69463
62787,77573,69463
62795,62796,62798
62795,62797,62798
62795,62796,62799
62795,62797,62799
62795,62796,62801
62795,62797,62801
62795,62796,62803
62795,62797,62803
62804,62805,62806
62807,62808,NA
62809,62810,NA
62811,62812,NA
62813,62814,62819
62813,62815,62819
62813,62816,62819
62813,77715,62819
62813,62814,62820
62813,62815,62820
62813,62816,62820
62813,77715,62820
62813,62814,62821
62813,62815,62821
62813,62816,62821
62813,77715,62821
62813,62814,62822
62813,62815,62822
62813,62816,62822
62813,77715,62822
62813,62814,62823
62813,62815,62823
62813,62816,62823
62813,77715,62823
62813,62814,62824
62813,62815,62824
62813,62816,62824
62813,77715,62824
62825,62826,NA
62827,62828,NA
62829,62830,NA
62831,62832,62833
62834,62835,NA
62836,62837,NA
62838,62839,NA
62840,62841,62842
62840,62841,62843
62844,62845,62846
62844,62845,62848
62844,62845,62850
62844,62845,62852
62844,62845,62853
62844,62845,70518
62855,62856,62857
62855,62856,62858
62860,62861,62862
62860,62861,62863
62860,62861,62864
62869,62870,62871
62869,62870,62873
62874,62875,NA
62876,62877,NA
62878,62879,NA
62880,62881,NA
62880,62882,NA
62880,77714,NA
62883,62884,62885
62883,62884,62888
62883,62884,62891
62883,62884,62893
62883,62884,62895
62883,62884,62898
62899,62900,62901
62899,62900,62902
62903,62904,NA
62905,62906,62907
62905,62906,62908
62909,62910,NA
62911,62912,62913
62911,62912,62915
62911,62912,62916
62918,62919,62920
62918,62919,62922
62918,62919,62923
62918,62919,62924
62918,62919,62925
62918,62919,62926
62918,62919,62929
62918,62919,62930
62918,62919,62932
62918,62919,62934
62918,62919,62935
62936,62937,NA
62938,62939,NA
62940,62941,62942
62944,62945,NA
62946,62947,NA
62948,62949,NA
62950,62951,NA
62952,62953,NA
62954,62955,62956
62957,62958,62959
62957,62958,62960
62961,62963,62964
62966,62967,NA
62968,62969,NA
62970,62971,NA
62972,62973,62975
62972,62973,62976
62972,62973,62978
62972,62973,62979
62980,62982,62983
62980,62982,62986
62987,62988,62989
62990,62991,62992
62990,62991,62994
62990,62991,62995
62996,62997,NA
62998,62999,63000
62998,62999,63002
62998,62999,63004
62998,62999,63005
63006,63007,63008
63009,63076,63077
63009,63076,63078
63009,63076,63079
63009,63076,63081
63009,63076,63082
63010,63011,63012
63010,63011,63014
63010,63011,63015
63010,63011,63016
63010,63011,63017
63019,63020,63022
63019,63021,63022
63019,63020,63024
63019,63021,63024
63019,63020,63025
63019,63021,63025
63019,63020,63026
63019,63021,63026
63019,63020,70651
63019,63021,70651
63028,63029,NA
63030,63031,63032
63033,63034,63035
63036,63037,63040
63036,63039,63040
63036,63037,63041
63036,63039,63041
63036,63037,63042
63036,63039,63042
63036,63037,63043
63036,63039,63043
63036,63037,63045
63036,63039,63045
63036,63037,63046
63036,63039,63046
63047,63048,63050
63051,63052,NA
63053,63054,63056
63053,63055,63056
63053,63054,63057
63053,63055,63057
63053,63054,63060
63053,63055,63060
63053,63054,63062
63053,63055,63062
63053,63054,63064
63053,63055,63064
63053,63054,63065
63053,63055,63065
63053,63054,63066
63053,63055,63066
63053,63054,63067
63053,63055,63067
63069,63070,63071
63069,63070,63073
63069,63070,63075
63083,63084,63087
63083,63085,63087
63083,63084,63088
63083,63085,63088
63089,63091,63092
63089,63091,63093
63089,63091,63094
63089,63091,63095
63089,63091,63096
63089,63091,63099
63089,63091,63100
63089,63091,63101
63102,63103,63104
63102,63103,63105
63102,63103,63106
63107,63108,NA
63109,63110,63111
63109,63110,63112
63109,63110,63113
63109,63110,75128
63114,63115,63116
63114,63115,63117
63114,63115,63118
63119,63120,NA
63121,63122,63123
63121,63122,63125
63121,63122,63127
63121,63122,63129
63130,63131,63132
63130,63131,63133
63130,63131,63134
63130,63131,63135
63130,63131,63136
63130,63131,63137
63130,63131,63138
63130,63131,63140
63130,63131,63141
63130,63131,63142
63130,63131,70645
63143,63144,NA
63145,63146,63147
63149,63150,NA
63151,63152,NA
63153,63154,NA
63155,63156,NA
63157,63158,63159
63157,63158,63161
63162,63163,NA
63164,63165,63166
63168,63169,NA
63170,63171,63172
63170,63171,63174
63170,63171,63175
63170,63171,63176
63177,63178,63179
63180,63181,NA
63182,63183,NA
63184,63186,NA
63187,63188,63189
63190,63191,63192
63193,63194,63195
63193,63194,63295
63193,63194,63297
63193,63194,63299
63193,63194,63301
63193,63194,63303
63193,63194,76365
63198,63199,NA
63200,63201,NA
63202,63203,NA
63204,63205,63206
63204,63205,63208
63210,63211,63212
63213,63214,NA
63215,63216,NA
63217,63218,NA
63219,63220,63221
63223,63224,NA
63225,63226,63227
63229,63230,63231
63229,63230,63232
63229,63230,63234
63229,63230,63235
63229,63230,63236
63229,63230,63237
63229,63230,63238
63240,63241,63242
63240,63241,63243
63240,63241,63244
63240,63241,63245
63240,63241,63246
63240,63241,63249
63240,63241,63250
63240,63241,72388
63251,63252,NA
63253,63254,NA
63255,63256,63257
63255,63256,63259
63260,63261,NA
63262,63263,NA
63264,63265,NA
63266,63267,63268
63270,63271,NA
63272,63273,63274
63275,75084,75085
63275,63276,75085
63275,75084,63277
63275,63276,63277
63275,75084,63278
63275,63276,63278
63275,75084,63279
63275,63276,63279
63275,75084,63280
63275,63276,63280
63275,75084,63281
63275,63276,63281
63282,63283,63284
63282,63283,63285
63282,63283,63286
63282,63283,63287
63282,63283,63288
63282,63283,63290
63282,63283,63291
63282,63283,63292
63282,63283,63294
63304,63305,NA
63306,63307,63308
63306,63307,70638
63310,63311,63312
63310,63311,63313
63310,63311,63314
63310,63311,63316
63310,63311,63317
63318,63319,63320
63318,63319,63322
63318,63319,63323
63318,63319,63324
63325,63326,63327
63325,63326,63328
63325,63326,63331
63325,63326,63333
63325,63326,63335
63325,63326,63336
63325,63326,63338
63325,63326,63339
63325,63326,63340
63341,63342,NA
63343,63344,63345
63346,63347,63348
63346,63347,63349
63346,63347,63350
63346,63347,63351
63352,63353,63354
63355,63356,63357
63355,63356,73059
63358,63359,63360
63358,63359,63362
63358,63359,63363
63358,63359,63364
63365,63366,63367
63368,63369,63370
63371,63373,NA
63374,63375,63376
63374,63375,63377
63378,63379,NA
63380,63381,63382
63380,63381,73290
63383,63384,NA
63385,63386,NA
63387,63388,NA
63392,63393,63394
63395,63396,63397
63398,63400,63401
63402,63403,70669
63404,63405,NA
63407,63408,63413
63407,63412,63413
63407,63408,63414
63407,63412,63414
63407,63408,63415
63407,63412,63415
63417,63418,63419
63417,63418,63421
63417,63418,63423
63417,63418,63425
63426,63427,NA
63428,63429,63430
63428,63429,63432
63428,63429,63434
63428,63429,63435
63428,63429,63437
63428,63429,63439
63428,63429,63441
63443,63444,63446
63443,63445,63446
63443,63444,63447
63443,63445,63447
63448,63449,63451
63448,63450,63451
63448,63449,63453
63448,63450,63453
63454,63455,63456
63454,63455,63459
63454,63455,63460
63463,63464,63465
63467,63468,NA
63469,63470,NA
63471,63472,63473
63474,63475,NA
63476,63477,NA
63478,63480,NA
63481,63482,NA
63483,63484,63485
63483,63484,63486
63483,63484,63488
63490,63491,NA
63492,63493,NA
63494,63495,63496
63497,63498,NA
63499,63500,63501
63502,63503,63506
63502,63504,63506
63502,63505,63506
63502,63503,63508
63502,63504,63508
63502,63505,63508
63502,63503,63510
63502,63504,63510
63502,63505,63510
63502,63503,63511
63502,63504,63511
63502,63505,63511
63502,63503,63513
63502,63504,63513
63502,63505,63513
63502,63503,63514
63502,63504,63514
63502,63505,63514
63502,63503,63515
63502,63504,63515
63502,63505,63515
63502,63503,70646
63502,63504,70646
63502,63505,70646
63516,63517,63518
63516,63517,77103
63519,63520,63521
63519,63520,73433
63522,63524,63531
63522,63529,63531
63522,63524,63534
63522,63529,63534
63522,63524,63537
63522,63529,63537
63522,63524,63541
63522,63529,63541
63522,63524,63544
63522,63529,63544
63522,63524,63546
63522,63529,63546
63522,63524,63548
63522,63529,63548
63522,63524,63550
63522,63529,63550
63522,63524,63551
63522,63529,63551
63523,63525,63526
63527,63528,NA
63530,63532,63533
63530,63532,63535
63530,63532,63539
63530,63532,63542
63530,63532,63545
63547,63552,NA
63553,63554,63556
63553,63554,63560
63553,63554,63562
63553,63554,63563
63553,63554,63565
63553,63554,63567
63553,63554,63570
63553,63554,63571
63553,63554,63572
63555,63557,63561
63555,77296,63561
63555,63557,63580
63555,77296,63580
63555,63557,63582
63555,77296,63582
63555,63557,63584
63555,77296,63584
63555,63557,63586
63555,77296,63586
63555,63557,63587
63555,77296,63587
63555,63557,63589
63555,77296,63589
63555,63557,63590
63555,77296,63590
63555,63557,63591
63555,77296,63591
63555,63557,63593
63555,77296,63593
63573,63574,63575
63573,63574,63576
63596,63597,63598
63596,63597,63600
63596,63597,63602
63604,63605,63607
63604,63606,63607
63604,63605,63610
63604,63606,63610
63604,63605,63612
63604,63606,63612
63604,63605,63613
63604,63606,63613
63604,63605,63614
63604,63606,63614
63604,63605,63615
63604,63606,63615
63604,63605,63617
63604,63606,63617
63604,63605,63618
63604,63606,63618
63620,63621,NA
63622,63623,NA
63624,63625,63626
63627,63628,NA
63629,63630,63631
63629,63630,63633
63629,63630,63634
63629,63630,63636
63637,63638,63639
63642,63643,63644
63645,63646,63647
63645,63646,63649
63650,63652,NA
63653,63654,63655
63653,63654,63657
63653,63654,63659
63653,63654,63661
63653,63654,63664
63653,63654,63665
63653,63654,63666
63668,63669,NA
63670,63671,63672
63673,63674,69622
63675,63676,NA
63677,63678,NA
63679,63681,NA
63682,63683,63684
63682,63683,63685
63682,63683,63687
63682,63683,63689
63682,63683,63691
63682,63683,63694
63682,63683,63696
63682,63683,63697
63682,63683,63699
63682,63683,63700
63702,63703,NA
63704,63705,NA
63706,63707,63708
63709,63710,NA
63711,63712,63713
63714,63715,63716
63717,63718,NA
63719,63720,63721
63719,63720,63724
63719,63720,63726
63727,63728,63729
63731,63732,63733
63731,63732,63735
63731,63732,63736
63731,63732,63738
63731,63732,63739
63731,63732,63741
63742,63743,63744
63745,63746,NA
63747,63748,63749
63747,63748,63750
63747,63748,63751
63747,63748,63752
63747,63748,63754
63747,63748,63755
63747,63748,63757
63761,63762,NA
63763,63764,NA
63765,63766,NA
63767,63769,NA
63770,63771,NA
63772,63773,63774
63775,63776,NA
63775,63777,NA
63778,63780,63781
63783,63784,63785
63786,63787,63788
63786,63787,63789
63786,63787,63791
63786,63787,63793
63786,63787,63794
63786,63787,63797
63786,63787,63800
63803,63804,63805
63806,63807,NA
63808,63809,63810
63808,63809,72395
63811,NA,63812
63814,63815,76375
63816,63817,NA
63818,63819,73342
63820,63821,63822
63820,63821,75181
63825,63826,NA
63827,63828,63829
63831,63832,NA
63833,63834,NA
63835,63836,NA
63837,63838,63839
63842,63843,NA
63844,63845,NA
63846,63847,63848
63849,63850,63851
63849,63850,63852
63849,63850,63853
63849,63850,63854
63849,63850,63855
63849,63850,63856
63849,63850,63857
63849,63850,63858
63849,63850,63859
63849,63850,63862
63849,63850,63863
63864,63865,63866
63867,63868,63869
63867,63868,63870
63867,63868,63871
63872,63873,NA
63874,63875,NA
63876,63877,NA
63878,63880,NA
63881,63882,63885
63881,63884,63885
63881,63882,63887
63881,63884,63887
63881,63882,63888
63881,63884,63888
63889,63890,63891
63892,63894,NA
63895,63896,63897
63895,63896,63898
63895,63896,75035
63899,63900,NA
63901,63902,NA
63903,63904,76362
63905,63906,NA
63907,63908,63909
63907,63908,63911
63913,63914,NA
63915,63916,NA
63917,63918,NA
63919,63920,72481
63921,63922,NA
63923,63924,NA
63925,63926,63927
63925,63926,63928
63925,63926,63929
63925,63926,63930
63925,63926,63931
63925,63926,63932
63925,63926,63933
63934,63935,63936
63937,63938,63939
63937,63938,63940
63937,63938,63941
63937,63938,63942
63937,63938,63944
63946,63947,NA
63948,63949,63950
63948,63949,63951
63952,63953,NA
63954,63955,NA
63956,63958,63962
63956,63960,63962
63956,63961,63962
63956,63958,63963
63956,63960,63963
63956,63961,63963
63956,63958,63965
63956,63960,63965
63956,63961,63965
63956,63958,63967
63956,63960,63967
63956,63961,63967
63956,63958,63969
63956,63960,63969
63956,63961,63969
63970,63971,NA
63972,63973,NA
63974,63975,63977
63974,63976,63977
63974,63975,63978
63974,63976,63978
63979,63980,NA
63981,63982,NA
63983,63984,63985
63986,63987,63988
63989,63990,63991
63989,63990,63992
63993,63995,63996
63997,63998,64001
64003,64004,64005
64003,64004,77478
64007,64008,NA
64009,64010,NA
64011,64012,NA
64013,64014,NA
64015,64016,64017
64015,64016,64018
64015,64016,64019
64015,64016,64020
64015,64016,64022
64015,64016,64025
64026,64027,NA
64028,64029,64030
64031,64032,64033
64034,64035,NA
64036,64037,64038
64036,64037,64039
64036,64037,64040
64041,64042,64043
64044,64045,64046
64047,64048,NA
64049,64050,NA
64051,64052,64053
64051,64052,64054
64055,64056,NA
64057,64058,64059
64057,64058,64061
64062,64063,NA
64064,64065,64066
64068,64069,NA
64070,64071,64072
64073,64074,64075
64076,64077,64078
64076,64077,64079
64081,64082,64083
64084,64085,NA
64086,64087,NA
64088,64089,64090
64088,64089,64091
64092,64093,NA
64094,64095,NA
64096,64097,64098
64100,64101,NA
64102,64103,64104
64102,64103,64105
64102,64103,64106
64107,64108,64109
64110,64111,NA
64112,64113,NA
64114,64115,NA
64116,64117,NA
64118,64119,64120
64121,64122,64123
64121,64122,64124
64121,64122,64125
64126,64127,NA
64128,64129,64131
64128,64130,64131
64128,64129,64133
64128,64130,64133
64128,64129,64134
64128,64130,64134
64128,64129,64135
64128,64130,64135
64128,64129,64136
64128,64130,64136
64137,64139,64140
64141,64142,64143
64141,64142,64144
64141,64142,64145
64141,64142,64147
64141,64142,64150
64141,64142,64151
64141,64142,64152
64141,64142,64153
64154,64155,64156
64157,64158,NA
64159,64160,NA
64161,64162,64163
64161,64162,64164
64165,64166,64167
64165,64166,64168
64165,64166,64169
64170,64171,NA
64172,64173,64174
64172,64173,64175
64176,64177,64178
64176,64177,64179
64176,64177,64180
64181,64182,NA
64183,64184,NA
64185,NA,64187
64188,64189,NA
64190,64191,64194
64190,64191,64195
64190,64191,64197
64190,64191,64198
64190,64191,64199
64190,64191,64200
64190,64191,64201
64190,64191,64202
64190,64191,64203
64190,64191,64204
64190,64191,64205
64190,64191,73594
64206,64207,NA
64208,64209,64211
64208,64210,64211
64208,64209,64212
64208,64210,64212
64208,64209,64214
64208,64210,64214
64208,64209,64215
64208,64210,64215
64208,64209,72789
64208,64210,72789
64216,64217,64218
64219,64220,64223
64219,64222,64223
64224,64225,NA
64226,64227,64228
64226,64227,64229
64226,64227,64230
64231,64232,64236
64231,64234,64236
64231,64235,64236
64231,64232,64238
64231,64234,64238
64231,64235,64238
64231,64232,64239
64231,64234,64239
64231,64235,64239
64231,64232,64240
64231,64234,64240
64231,64235,64240
64231,64232,64241
64231,64234,64241
64231,64235,64241
64231,64232,64242
64231,64234,64242
64231,64235,64242
64231,64232,64243
64231,64234,64243
64231,64235,64243
64244,64245,64246
64247,64248,64249
64247,64248,64250
64247,64248,64251
64252,64253,64254
64255,64256,64257
64258,64259,64260
64261,64262,NA
64263,64264,NA
64265,64266,NA
64267,64268,64269
64267,64268,64270
64271,64272,NA
64273,64274,64275
64276,64277,NA
64278,64279,64280
64282,64283,NA
64284,64285,64286
64287,64288,NA
64289,64290,NA
64291,64292,NA
64293,64294,NA
64295,64296,64297
64295,64296,64299
64295,64296,64300
64295,64296,64302
64295,64296,64303
64295,64296,64305
64295,64296,64306
64307,64308,NA
64309,64310,64311
64309,64310,64312
64313,64314,NA
64315,64316,NA
64315,64317,NA
64318,64319,64320
64321,64322,64323
64321,64322,64324
64321,64322,64325
64321,64322,64327
64328,64329,NA
64330,64331,NA
64332,64333,64334
64335,64336,64337
64338,64339,64340
64338,64339,64342
64338,64339,64343
64344,64345,64346
64344,64345,64348
64344,64345,64350
64344,64345,64352
64344,64345,64354
64344,64345,64356
64344,64345,64357
64344,64345,64359
64361,64362,NA
64363,64364,NA
64365,64366,NA
64367,64368,NA
64369,64370,64371
64369,64370,64373
64369,64370,64375
64369,64370,64376
64369,64370,64379
64369,64370,64380
64369,64370,64381
64383,64384,NA
64385,64386,NA
64387,64388,64389
64391,64392,NA
64393,64395,NA
64411,64412,64413
64411,64412,64415
64416,64417,64418
64416,64417,64420
64416,64417,64422
64416,64417,64423
64416,64417,76324
64424,64425,64426
64428,64429,NA
64430,64431,NA
64432,64433,76690
64432,64433,76694
64432,64433,76696
64434,64435,NA
64436,64437,NA
64438,64439,64440
64442,64443,NA
64444,64445,64447
64444,64446,64447
64444,64445,64449
64444,64446,64449
64444,64445,64451
64444,64446,64451
64452,64484,64486
64452,64485,64486
64452,64484,64487
64452,64485,64487
64452,64484,64488
64452,64485,64488
64452,64484,64489
64452,64485,64489
64452,64484,64490
64452,64485,64490
64452,64484,64491
64452,64485,64491
64452,64484,64492
64452,64485,64492
64453,64454,NA
64455,64456,NA
64457,64458,64460
64457,64459,64460
64457,64458,64462
64457,64459,64462
64457,64458,64463
64457,64459,64463
64457,64458,64464
64457,64459,64464
64457,64458,64466
64457,64459,64466
64467,64468,NA
64469,64470,NA
64472,64473,NA
64474,64475,64476
64477,64478,64479
64477,64478,76366
64480,64481,64482
64480,64481,64496
64480,64481,64549
64480,64481,64551
64480,64481,64552
64480,64481,64556
64480,64481,64558
64480,64481,64559
64480,64481,64560
64493,64494,NA
64495,64498,64499
64495,64498,64500
64501,64502,64503
64504,64505,64506
64508,64509,NA
64510,64511,64516
64510,64512,64516
64510,64513,64516
64510,64514,64516
64510,64515,64516
64510,64511,64518
64510,64512,64518
64510,64513,64518
64510,64514,64518
64510,64515,64518
64510,64511,64520
64510,64512,64520
64510,64513,64520
64510,64514,64520
64510,64515,64520
64510,64511,64521
64510,64512,64521
64510,64513,64521
64510,64514,64521
64510,64515,64521
64510,64511,64523
64510,64512,64523
64510,64513,64523
64510,64514,64523
64510,64515,64523
64510,64511,64524
64510,64512,64524
64510,64513,64524
64510,64514,64524
64510,64515,64524
64510,64511,64526
64510,64512,64526
64510,64513,64526
64510,64514,64526
64510,64515,64526
64510,64511,64527
64510,64512,64527
64510,64513,64527
64510,64514,64527
64510,64515,64527
64510,64511,64528
64510,64512,64528
64510,64513,64528
64510,64514,64528
64510,64515,64528
64510,64511,64529
64510,64512,64529
64510,64513,64529
64510,64514,64529
64510,64515,64529
64530,64531,NA
64532,64533,64534
64532,64533,64536
64532,64533,64537
64532,64533,64538
64532,64533,64539
64532,64533,64540
64532,64533,64541
64543,64544,64545
64546,64547,NA
64548,64758,64759
64561,64562,64563
64565,64566,64567
64565,64566,64569
64565,64566,64571
64565,64566,64572
64574,64575,64577
64574,64576,64577
64574,64575,64579
64574,64576,64579
64574,64575,64580
64574,64576,64580
64574,64575,64581
64574,64576,64581
64574,64575,64582
64574,64576,64582
64583,64584,64585
64583,64584,64586
64583,64584,64587
64583,64584,64589
64583,64584,64590
64591,64594,NA
64595,64596,64598
64595,64596,64599
64595,64596,64600
64595,64596,64601
64595,64596,64602
64595,64596,64603
64595,64596,64604
64595,64596,64607
64595,64596,64609
64610,64611,NA
64612,64613,NA
64614,64615,NA
64616,64617,64618
64616,64617,64620
64616,64617,64621
64616,64617,64622
64616,64617,64623
64616,64617,64624
64616,64617,64625
64626,64628,NA
64629,64630,64631
64633,64634,64635
64637,64638,NA
64639,64640,NA
64641,64642,64643
64644,64645,64646
64644,64645,64649
64644,64645,64651
64644,64645,64652
64644,64645,64653
64644,64645,64654
64644,64645,64655
64644,64645,64656
64644,64645,64658
64644,64645,64659
64662,64663,NA
64664,64665,64666
64669,64670,64672
64669,64671,64672
64669,64670,64674
64669,64671,64674
64669,64670,64676
64669,64671,64676
64669,64670,64678
64669,64671,64678
64680,64681,64684
64680,64682,64684
64680,64683,64684
64680,64681,64686
64680,64682,64686
64680,64683,64686
64680,64681,64687
64680,64682,64687
64680,64683,64687
64680,64681,64688
64680,64682,64688
64680,64683,64688
64690,64691,NA
64692,64693,NA
64694,64695,64696
64698,64699,NA
64700,64701,NA
64702,64703,64705
64702,64703,64706
64707,64708,NA
64709,64710,NA
64711,64712,64713
64711,64712,64714
64716,64717,64718
64719,64720,NA
64721,64722,NA
64723,64725,64726
64727,64728,64729
64727,64728,75689
64730,64731,NA
64732,64733,NA
64734,64735,64736
64737,64738,73438
64737,64738,77202
64739,64740,64741
64739,64740,64742
64739,64740,64743
64744,64745,NA
64746,64747,NA
64748,64749,NA
64750,64751,NA
64752,64753,NA
64754,64755,64756
64754,64755,77290
64761,64762,64763
64764,64765,NA
64766,77248,64768
64766,64767,64768
64766,77248,64769
64766,64767,64769
64766,77248,64771
64766,64767,64771
64766,77248,64773
64766,64767,64773
64766,77248,64774
64766,64767,64774
64775,64776,64777
64775,64776,64778
64775,64776,64779
64775,64776,64780
64775,64776,64781
64775,64776,64782
64775,64776,64783
64775,64776,64784
64789,64790,64792
64793,64794,64795
64793,64794,64796
64797,64798,NA
64799,64800,64801
64799,64800,64804
64799,64800,64806
64807,64808,NA
64809,64810,NA
64811,64812,64813
64811,64812,64814
64811,64812,64816
64811,64812,64817
64811,64812,64819
64811,64812,64821
64823,64824,NA
64825,64826,NA
64827,64828,64829
64827,64828,64831
64827,64828,64833
64827,64828,64834
64827,64828,64836
64827,64828,64837
64827,64828,64838
64827,64828,64839
64827,64828,64841
64843,64844,NA
64845,64846,NA
64847,NA,64849
64847,NA,64850
64847,NA,64852
64847,NA,64854
64847,NA,64856
64857,64858,64859
64860,64861,64864
64860,64862,64864
64860,64861,64866
64860,64862,64866
64860,64861,64867
64860,64862,64867
64860,64861,64868
64860,64862,64868
64869,64870,NA
64871,64872,64873
64871,64872,64874
64871,64872,64875
64871,64872,64876
64871,64872,64877
64878,64879,64880
64878,64879,64881
64882,64883,64884
64882,64883,64886
64888,64889,64891
64888,64890,64891
64888,64889,64892
64888,64890,64892
64893,64894,NA
64895,64896,64897
64898,64899,64900
64898,64899,64901
64898,64899,64903
64898,64899,64904
64905,64906,64907
64905,64906,64909
64910,64911,64912
64913,64914,NA
64915,64916,NA
64917,64918,64920
64917,77313,64920
64917,64919,64920
64917,64918,64922
64917,77313,64922
64917,64919,64922
64917,64918,64924
64917,77313,64924
64917,64919,64924
64917,64918,64926
64917,77313,64926
64917,64919,64926
64917,64918,64928
64917,77313,64928
64917,64919,64928
64917,64918,64929
64917,77313,64929
64917,64919,64929
64917,64918,64930
64917,77313,64930
64917,64919,64930
64917,64918,77319
64917,77313,77319
64917,64919,77319
64931,64932,NA
64933,64934,64935
64936,64937,64938
64940,64941,NA
64942,64943,NA
64944,NA,64946
64944,NA,64947
64944,NA,64949
64944,NA,64951
64944,NA,64952
64944,NA,64954
64944,NA,64960
64944,NA,64956
64944,NA,64959
64961,64962,NA
64963,64964,64965
64963,64964,64967
64963,64964,64968
64963,64964,64969
64963,64964,64971
64972,64973,NA
64974,64975,NA
64976,64977,NA
64978,64979,76495
64980,64981,64984
64980,64982,64984
64980,64981,64985
64980,64982,64985
64980,64981,64986
64980,64982,64986
64987,64988,64989
64987,64988,64990
64992,64993,64994
64992,64993,64996
64998,64999,65000
64998,64999,65002
64998,64999,65004
65006,65007,NA
65008,65009,NA
65010,65011,65012
65010,65011,65014
65010,65011,65016
65010,65011,65017
65010,65011,65018
65010,65011,65019
65010,65011,65020
65010,65011,70245
65021,65022,NA
65023,65024,65025
65023,65024,65027
65023,65024,65029
65023,65024,65031
65023,65024,65032
65033,65034,NA
65035,65036,65037
65035,65036,65038
65035,65036,65039
65035,65036,65040
65035,65036,65042
65035,65036,65043
65044,65045,65047
65044,77456,65047
65044,65046,65047
65044,65045,65048
65044,77456,65048
65044,65046,65048
65044,65045,65049
65044,77456,65049
65044,65046,65049
65044,65045,65050
65044,77456,65050
65044,65046,65050
65044,65045,65051
65044,77456,65051
65044,65046,65051
65044,65045,65052
65044,77456,65052
65044,65046,65052
65044,65045,65053
65044,77456,65053
65044,65046,65053
65044,65045,65054
65044,77456,65054
65044,65046,65054
65044,65045,65055
65044,77456,65055
65044,65046,65055
65044,65045,65056
65044,77456,65056
65044,65046,65056
65044,65045,65057
65044,77456,65057
65044,65046,65057
65044,65045,65058
65044,77456,65058
65044,65046,65058
65059,65060,65061
65059,65060,65062
65059,65060,65063
65059,65060,65064
65059,65060,65065
65059,65060,65066
65059,65060,65067
65059,65060,65068
65059,65060,65069
65059,65060,65070
65071,65072,NA
65073,65074,65075
65073,65074,65077
65078,65079,NA
65080,65081,65082
65080,65081,65083
65084,65085,65087
65084,65086,65087
65084,65085,65089
65084,65086,65089
65084,65085,65090
65084,65086,65090
65084,65085,65091
65084,65086,65091
65092,65093,NA
65094,65095,65096
65097,65098,NA
65099,65100,NA
65101,65102,NA
65103,65104,65107
65103,65105,65107
65103,65106,65107
65103,65104,65108
65103,65105,65108
65103,65106,65108
65103,65104,65109
65103,65105,65109
65103,65106,65109
65110,65111,NA
65112,65113,NA
65114,65115,NA
65116,65117,NA
65118,65119,65120
65121,65123,NA
65124,65125,65126
65129,65130,65131
65129,65130,65132
65129,65130,65133
65129,65130,65134
65129,65130,65135
65137,65139,NA
65140,65141,NA
65142,65143,65144
65146,65147,NA
65148,65149,NA
65150,65151,65152
65150,65151,65153
65154,65155,65156
65157,65158,75703
65159,65160,65161
65159,65160,65163
65159,65160,65164
65159,65160,65165
65159,65160,65166
65159,65160,65167
65159,65160,65168
65159,65160,65169
65159,65160,77452
65159,65160,77453
65159,65160,77454
65159,65160,77455
65170,65171,65172
65170,65171,65173
65170,65171,65174
65170,65171,65175
65170,65171,65176
65170,65171,65177
65178,65179,65180
65181,65182,NA
65183,65184,65185
65186,65187,NA
65188,65189,65190
65191,65192,65193
65191,65192,65194
65191,65192,65195
65196,65197,65198
65196,65197,65199
65196,65197,65200
65196,65197,65201
65202,65203,NA
65204,65205,65206
65204,65205,65207
65208,65209,NA
65210,65211,65212
65210,65211,65213
65210,65211,65214
65210,65211,65215
65210,65211,65217
65210,65211,73284
65218,65219,NA
65220,65221,NA
65222,65223,NA
65224,65225,65226
65224,65225,65228
65224,65225,65229
65224,65225,65231
65224,65225,65232
65224,65225,76274
65233,65234,NA
65235,65236,NA
65237,65238,NA
65239,65240,65243
65239,65241,65243
65239,65240,65244
65239,65241,65244
65239,65240,65248
65239,65241,65248
65250,65251,NA
65253,65254,NA
65255,65256,NA
65257,65259,NA
65260,65261,NA
65262,65263,NA
65264,65265,65266
65264,65265,65268
65264,65265,65269
65271,65272,65273
65271,65272,65275
65271,65272,65277
65271,65272,65278
65271,65272,65279
65271,65272,65280
65282,65283,NA
65284,65285,65286
65284,65285,65287
65284,65285,65288
65284,65285,65289
65284,65285,65290
65284,65285,65291
65292,65293,NA
65294,65295,NA
65296,65297,NA
65298,65299,NA
65300,65301,65302
65303,65304,NA
65305,65306,65307
65308,65309,NA
65310,65311,65315
65310,65311,65316
65317,65318,NA
65319,65320,NA
65321,65322,65323
65321,65322,65324
65321,65322,65326
65321,65322,65328
65329,65330,NA
65331,65332,65333
65334,65335,NA
65336,65337,NA
65338,65339,65340
65344,65345,65346
65348,65349,NA
65350,65351,NA
65352,65353,65354
65355,65356,NA
65357,65358,NA
65359,65360,65361
65359,65360,65362
65363,65364,65365
65366,65367,65368
65369,65370,65371
65369,65370,65373
65369,65370,65374
65375,65376,65377
65378,65379,65380
65381,65382,65383
65381,65382,69807
65384,65385,65386
65387,65388,65389
65387,65388,65390
65387,65388,75005
65391,65392,65393
65394,65395,65396
65394,65395,65399
65394,65395,65400
65394,65395,65401
65394,65395,65402
65394,65395,65403
65394,65395,65404
65394,65395,65405
65394,65395,65407
65394,65395,77090
65408,65410,NA
65411,65412,65413
65414,65415,65416
65417,65418,65419
65420,65421,NA
65422,65423,65424
65422,65423,65425
65426,65427,NA
65428,65429,65430
65428,65429,65432
65428,65429,65434
65428,65429,65435
65428,65429,65436
65438,65439,65440
65442,65443,65444
65442,65443,65445
65442,65443,65446
65447,65448,65449
65450,65451,65452
65450,65451,69668
65453,65454,NA
65455,65456,65457
65455,65456,65458
65455,65456,65459
65455,65456,65460
65455,65456,65461
65455,65456,70505
65462,65463,65464
65462,65463,65465
65462,65463,65466
65467,65468,65474
65467,65469,65474
65467,65471,65474
65467,65473,65474
65467,65468,65476
65467,65469,65476
65467,65471,65476
65467,65473,65476
65467,65468,65478
65467,65469,65478
65467,65471,65478
65467,65473,65478
65467,65468,65479
65467,65469,65479
65467,65471,65479
65467,65473,65479
65467,65468,65480
65467,65469,65480
65467,65471,65480
65467,65473,65480
65467,65468,65481
65467,65469,65481
65467,65471,65481
65467,65473,65481
65482,65483,NA
65484,65485,65486
65484,65485,65487
65484,65485,65488
65484,65485,65489
65484,65485,65491
65493,65494,65495
65496,65497,NA
65498,65499,NA
65500,65501,65503
65500,65502,65503
65500,65501,65504
65500,65502,65504
65500,65501,65505
65500,65502,65505
65500,65501,65506
65500,65502,65506
65507,65508,NA
65509,65511,NA
65512,65513,NA
65514,65515,65516
65514,65515,65517
65514,65515,65519
65514,65515,65520
65514,65515,65521
65514,65515,65522
65514,65515,65523
65514,65515,65525
65514,65515,65526
65514,65515,65527
65528,65529,NA
65530,65531,NA
65532,65533,65534
65535,65536,65537
65535,65536,65538
65535,65536,65540
65535,65536,65542
65535,65536,65543
65535,65536,65544
65545,65546,65547
65548,65549,74354
65550,65551,65553
65550,65552,65553
65550,65551,65554
65550,65552,65554
65555,65556,65557
65558,65559,65560
65558,65559,65561
65558,65559,65562
65558,65559,65564
65565,65566,65567
65568,65569,NA
65570,65571,NA
65572,65573,65574
65572,65573,69680
65575,65576,NA
65577,65578,65580
65577,65578,65581
65577,65578,65582
65577,65578,65583
65577,65578,65584
65577,65578,75011
65577,65578,76592
65585,65586,NA
65587,65588,NA
65589,65590,65591
65593,65594,65595
65596,65597,NA
65598,65599,65600
65598,65599,65601
65598,65599,65602
65598,65599,65603
65598,65599,65604
65598,65599,65605
65598,65599,65606
65607,65608,65609
65607,65608,65610
65611,65612,NA
65613,65614,65615
65613,65614,65616
65613,65614,65617
65618,65619,65621
65618,65620,65621
65622,65623,NA
65624,65625,65628
65624,65627,65628
65624,65625,65630
65624,65627,65630
65624,65625,65632
65624,65627,65632
65624,65625,65633
65624,65627,65633
65624,65625,65634
65624,65627,65634
65624,65625,65635
65624,65627,65635
65624,65625,65636
65624,65627,65636
65637,65638,NA
65639,65640,65641
65642,65643,65644
65642,65643,65645
65642,65643,65646
65642,65643,65648
65649,65650,NA
65651,65652,65653
65651,65652,65654
65651,65652,65655
65651,65652,65658
65651,65652,65659
65651,65652,65660
65651,65652,65661
65651,65652,65662
65663,65664,NA
65665,65666,NA
65667,65668,NA
65669,65670,65671
65672,65673,65674
65672,65673,65676
65672,65673,65678
65672,65673,65679
65681,65682,65683
65681,65682,65684
65681,65682,65685
65681,65682,70522
65686,65687,65689
65686,65688,65689
65690,65691,NA
65692,65693,65694
65692,65693,65695
65696,65697,NA
65698,65699,65700
65698,65699,65701
65698,65699,65703
65698,65699,65705
65698,65699,65706
65708,65709,65711
65708,65710,65711
65708,65709,65712
65708,65710,65712
65708,65709,65713
65708,65710,65713
65708,65709,65715
65708,65710,65715
65708,65709,65716
65708,65710,65716
65708,65709,70525
65708,65710,70525
65717,65719,65720
65717,65719,65721
65722,65723,65724
65725,65726,NA
65727,65728,NA
65729,65730,65732
65729,65731,65732
65729,65730,65733
65729,65731,65733
65729,65730,65734
65729,65731,65734
65729,65730,65735
65729,65731,65735
65729,65730,65736
65729,65731,65736
65729,65730,73925
65729,65731,73925
65737,65738,65740
65737,65739,65740
65737,65738,65741
65737,65739,65741
65737,65738,65743
65737,65739,65743
65737,65738,65744
65737,65739,65744
65737,65738,65745
65737,65739,65745
65746,65747,NA
65748,65749,NA
65750,65751,65752
65753,65754,65755
65753,65754,65756
65753,65754,65758
65760,65761,NA
65762,65763,65764
65762,65763,65767
65762,65763,65769
65762,65763,65772
65762,65763,65773
65774,65775,65776
65774,65775,65777
65774,65775,65778
65779,65780,NA
65782,65783,65784
65782,65783,65787
65782,65783,65788
65791,65792,65793
65791,65792,65796
65791,65792,65797
65791,65792,65799
65791,65792,65801
65791,65792,65802
65791,65792,65805
65791,65792,65807
65791,65792,65808
65791,65792,72381
65809,65810,NA
65812,65813,NA
65814,65815,NA
65816,65817,65818
65819,65820,65821
65822,65823,NA
65824,65825,65826
65824,65825,65829
65824,65825,65830
65824,65825,65831
65832,65833,65834
65835,65836,NA
65837,65838,65840
65837,65839,65840
65841,65842,65843
65845,65846,65847
65845,65846,65848
65849,65850,NA
65851,65852,65853
65851,65852,65854
65855,65856,NA
65857,65858,NA
65859,65861,65862
65859,65861,65863
65859,65861,65865
65859,65861,65866
65859,65861,65867
65869,65870,65872
65869,65871,65872
65869,65870,65874
65869,65871,65874
65869,65870,65876
65869,65871,65876
65869,65870,65878
65869,65871,65878
65869,65870,65880
65869,65871,65880
65869,65870,65883
65869,65871,65883
65869,65870,65884
65869,65871,65884
65869,65870,65885
65869,65871,65885
65869,65870,65887
65869,65871,65887
65869,65870,65889
65869,65871,65889
65892,65893,65894
65892,65893,65895
65896,65897,NA
65898,65899,65900
65898,65899,65902
65898,65899,65903
65898,65899,65904
65898,65899,65906
65898,65899,72419
65909,65910,NA
65911,65912,65914
65911,65913,65914
65911,65912,65915
65911,65913,65915
65911,65912,65916
65911,65913,65916
65911,65912,65917
65911,65913,65917
65911,65912,65918
65911,65913,65918
65920,65921,65922
65920,65921,65923
65925,65926,NA
65927,NA,65928
65927,NA,65929
65927,NA,65930
65927,NA,65931
65927,NA,65932
65933,65934,NA
65935,65936,NA
65937,65938,NA
65939,65940,65941
65942,65943,65944
65942,65943,65945
65942,65943,65946
65942,65943,65947
65942,65943,65948
65942,65943,65950
65942,65943,65951
65954,65955,65956
65954,65955,65957
65958,65959,65960
65961,65962,65963
65961,65962,65965
65961,65962,65966
65961,65962,65967
65961,65962,65968
65969,65970,NA
65971,65972,NA
65973,65974,65975
65977,65978,65979
65980,65981,NA
65982,65983,65984
65985,65986,NA
65987,65988,65989
65987,65988,65990
65987,65988,65992
65994,65995,65996
65994,65995,65997
66001,66002,66003
66004,66005,NA
66006,66007,NA
66008,66009,NA
66010,66011,NA
66012,66013,NA
66014,66015,66016
66014,66015,66017
66019,66020,NA
66021,66022,NA
66023,66024,NA
66025,66026,NA
66027,66029,66035
66027,66029,66047
66027,66029,66048
66028,66030,66032
66028,66030,66034
66028,66030,66038
66028,66030,66039
66028,66030,66040
66028,66030,66042
66028,66030,66044
66045,66046,66049
66045,66046,66050
66051,66054,66058
66051,66054,66062
66052,66053,66055
66056,66057,NA
66059,66060,NA
66061,66063,NA
66064,66065,NA
66066,66070,NA
66067,66068,NA
66069,66071,66075
66069,66071,66077
66069,66071,66083
66069,66071,66087
66069,66071,69440
66072,66073,NA
66074,66076,NA
66084,66086,NA
66088,66089,NA
66090,66091,66093
66092,66095,66101
66092,66098,66101
66092,66095,66105
66092,66098,66105
66092,66095,66108
66092,66098,66108
66094,66096,66099
66094,66097,66099
66100,66103,NA
66104,66106,NA
66109,66111,66113
66110,66112,66115
66116,66119,66121
66116,66119,66124
66116,66119,66127
66116,66119,66128
66116,66119,76369
66117,66120,NA
66122,66123,NA
66125,66129,66130
66132,66133,NA
66134,66135,66136
66134,66135,66138
66134,66135,66139
66134,66135,66143
66134,66135,66145
66134,66135,66146
66142,66144,66148
66142,66144,66152
66142,66144,74552
66142,66144,66154
66142,66144,66155
66142,66144,66160
66142,66144,74554
66142,66144,66162
66142,66144,66165
66142,66144,66168
66142,66144,66170
66142,66144,66175
66142,66144,66177
66142,66144,66180
66142,66144,66182
66147,66149,66151
66156,66158,NA
66159,66161,66163
66159,66161,66166
66159,66161,66169
66171,66173,66174
66176,66178,NA
66179,66181,NA
66183,66186,NA
66187,66190,NA
66188,66189,66191
66188,66189,66192
66193,66194,66196
66193,66194,66198
66193,66194,66199
66195,66197,66200
66195,66197,66202
66195,66197,66205
66195,66197,66208
66201,66203,66204
66201,66203,66207
66201,66203,66210
66212,66213,NA
66214,66216,66220
66214,66216,66224
66214,66216,66229
66215,66217,66219
66215,66217,66221
66215,66217,66228
66231,66234,NA
66232,66233,NA
66235,66238,66241
66235,66238,66242
66236,66237,66239
66243,66244,NA
66245,66246,66248
66245,66246,66249
66250,66251,66252
66254,66255,NA
66256,66257,66258
66260,66261,NA
66262,66269,66272
66263,66264,66265
66263,66264,66268
66263,66264,66271
66273,66275,NA
66276,66277,66278
66279,66280,NA
66283,66284,NA
66285,66286,66288
66285,66286,66289
66285,66286,66292
66285,66286,66294
66287,66290,NA
66295,66297,NA
66296,66299,NA
66298,66300,NA
66301,66302,NA
66303,66304,NA
66305,66306,NA
66308,66310,66311
66308,66310,66315
66309,66312,66314
66316,66317,NA
66318,66319,NA
66320,66321,NA
66322,66323,66324
66322,66323,66325
66322,66323,66326
66322,66323,66327
66322,66323,66329
66330,66331,66332
66330,66331,66333
66330,66331,66334
66330,66331,66335
66330,66331,66336
66337,66338,NA
66339,66340,66341
66342,66343,NA
66344,66345,NA
66346,66347,66348
66346,66347,66350
66346,66347,66351
66346,66347,66353
66346,66347,66354
66346,66347,66355
66346,66347,66357
66346,66347,66358
66346,66347,66360
66362,66363,NA
66366,66367,66368
66370,66371,NA
66372,66373,66374
66372,66373,66375
66372,66373,66376
66372,66373,66377
66372,66373,66378
66380,66381,NA
66382,66383,66384
66382,66383,66386
66382,66383,66388
66382,66383,66390
66382,66383,66391
66382,66383,66393
66382,66383,66394
66396,66397,66398
66399,66400,NA
66401,66402,NA
66403,66404,66405
66406,66407,NA
66408,66409,NA
66410,66411,NA
66412,66413,NA
66414,66415,66416
66414,66415,66417
66414,66415,66418
66414,66415,66420
66414,66415,66421
66423,66424,NA
66425,66426,66427
66428,66429,66430
66428,66429,66431
66432,66433,66434
66432,66433,66436
66437,66438,NA
66439,66440,66441
66439,66440,66442
66443,66444,NA
66445,66446,NA
66447,66448,66449
66447,66448,75684
66450,66451,NA
66452,66453,NA
66454,66455,66456
66457,66458,66459
66457,66458,66460
66457,66458,66461
66463,66464,NA
66465,66466,NA
66467,66468,NA
66469,66470,NA
66471,66472,NA
66473,66474,66475
66473,66474,66476
66473,66474,66478
66473,66474,66479
66473,66474,66480
66473,66474,66482
66473,66474,66483
66473,66474,66485
66486,66487,NA
66488,66489,66490
66491,66492,66493
66491,66492,66495
66491,66492,66496
66491,66492,66498
66491,66492,66500
66501,66502,66503
66501,66502,66508
66501,66502,66510
66501,66502,66511
66501,66502,66513
66501,66502,66514
66516,66517,NA
66518,66519,NA
66520,66521,NA
66522,66523,NA
66524,66525,NA
66526,66527,66528
66529,66530,66532
66529,66530,66533
66529,66530,66534
66529,66530,66536
66529,66530,66538
66529,66530,66540
66543,66544,66545
66543,66544,66547
66543,66544,66549
66543,66544,66551
66543,66544,66552
66543,66544,66553
66554,66555,NA
66556,66557,66558
66556,66557,66559
66556,66557,66560
66556,66557,66561
66556,66557,66562
66556,66557,66563
66556,66557,70657
66564,66565,NA
66566,66567,66568
66566,66567,66570
66566,66567,66571
66566,66567,66573
66574,66575,NA
66576,66577,66578
66581,66582,69691
66583,66584,NA
66585,66586,NA
66587,66588,66589
66591,66592,66593
66594,66595,66597
66594,66595,66599
66594,66595,66600
66594,66595,66601
66594,66595,66603
66605,66606,NA
66607,66608,66611
66607,66609,66611
66607,66610,66611
66607,66608,66613
66607,66609,66613
66607,66610,66613
66607,66608,66614
66607,66609,66614
66607,66610,66614
66607,66608,66616
66607,66609,66616
66607,66610,66616
66617,66618,NA
66619,66621,NA
66622,66623,NA
66624,66625,66626
66624,66625,66627
66624,66625,66629
66624,66625,66631
66624,66625,66634
66635,66636,66637
66635,66636,66639
66635,66636,66640
66635,66636,66642
66635,66636,66643
66644,66645,66646
66644,66645,66648
66644,66645,66649
66644,66645,66650
66644,66645,66651
66644,66645,66652
66644,66645,66653
66644,66645,66654
66644,66645,66655
66644,66645,73430
66656,66657,66658
66656,66657,69671
66659,66660,66661
66659,66660,66662
66659,66660,66663
66659,66660,66664
66659,66660,66665
66659,66660,66666
66659,66660,66667
66668,66669,66670
66668,66669,66671
66668,66669,66672
66668,66669,66674
66668,66669,66676
66668,66669,66678
66668,66669,66679
66668,66669,69383
66680,66681,NA
66682,66683,NA
66684,66685,66686
66684,66685,66688
66689,66690,NA
66691,66692,NA
66693,66694,66695
66693,66694,66697
66693,66694,66700
66693,66694,66701
66693,66694,66703
66693,66694,66705
66707,66708,66709
66707,66708,66711
66712,66713,NA
66714,66715,66718
66714,66716,66718
66714,66715,66719
66714,66716,66719
66720,66721,66722
66723,66724,66725
66723,66724,66727
66729,66730,66731
66732,66733,NA
66734,66735,66736
66734,66735,66737
66738,66739,66740
66738,66739,66742
66738,66739,66743
66738,66739,66744
66745,66746,NA
66747,66748,NA
66749,66750,66751
66752,66753,NA
66754,66755,NA
66756,66757,66758
66759,66760,NA
66761,66762,66763
66764,66766,NA
66767,66768,NA
66769,66770,66771
66769,66770,66772
66773,66774,66775
66776,66777,NA
66778,66779,NA
66780,66781,NA
66782,66783,NA
66784,66785,NA
66786,66787,66788
66790,66791,NA
66792,66793,NA
66794,66795,66797
66794,66796,66797
66794,66795,66798
66794,66796,66798
66794,66795,66799
66794,66796,66799
66794,66795,66801
66794,66796,66801
66794,66795,66802
66794,66796,66802
66803,66804,NA
66807,66808,NA
66809,66810,NA
66811,NA,66814
66811,NA,66815
66811,NA,66817
66818,66819,66820
66818,66819,66822
66818,66819,66824
66818,66819,66826
66828,66829,NA
66830,66831,NA
66832,66833,NA
66834,66835,NA
66836,66837,NA
66838,66839,NA
66840,66841,NA
66842,66843,NA
66844,66845,NA
66846,66847,66848
66849,66850,NA
66851,66852,66853
66854,66855,66856
66854,66855,66858
66854,66855,66859
66854,66855,66861
66854,66855,66862
66854,66855,66864
66854,66855,66865
66854,66855,66867
66854,66855,66868
66854,66855,66869
66854,66855,69372
66870,66871,66873
66870,66872,66873
66870,66871,66876
66870,66872,66876
66870,66871,66878
66870,66872,66878
66870,66871,66880
66870,66872,66880
66870,66871,66882
66870,66872,66882
66870,66871,66884
66870,66872,66884
66885,66886,66887
66889,66890,66891
66894,66896,66897
66898,66899,66900
66901,66902,66903
66904,66905,66906
66907,66908,NA
66909,66910,66911
66912,66913,66914
66912,66913,66916
66917,66919,NA
66920,66921,66922
66920,66921,66923
66920,66921,66925
66920,66921,66927
66920,66921,66928
66920,66921,66930
66932,66933,66934
66932,66933,66936
66937,66938,66939
66937,66938,66941
66937,66938,66942
66937,66938,66944
66937,66938,66946
66947,66948,NA
66949,66950,66951
66952,66953,66954
66952,66953,66956
66952,66953,66958
66959,66960,66963
66959,66960,66966
66959,66960,66968
66959,66960,66969
66971,66972,NA
66973,66974,66975
66973,66974,66977
66973,66974,66978
66973,66974,66980
66973,66974,66981
66982,66983,NA
66984,66985,66986
66989,77065,66991
66989,77065,66992
66989,77065,66993
66989,77065,66994
66989,77065,66995
66989,77065,66997
66998,66999,NA
67000,67001,67002
67000,67001,67004
67000,67001,67006
67000,67001,67007
67000,67001,67008
67009,67010,NA
67011,67012,76162
67013,67014,NA
67015,67016,67017
67015,67016,67018
67015,67016,67019
67015,67016,67020
67015,67016,67021
67022,67023,67024
67022,67023,67025
67026,67027,67029
67026,67028,67029
67026,67027,67030
67026,67028,67030
67026,67027,67031
67026,67028,67031
67026,67027,67032
67026,67028,67032
67026,67027,67033
67026,67028,67033
67026,67027,67034
67026,67028,67034
67035,67036,67038
67035,67037,67038
67035,67036,67039
67035,67037,67039
67035,67036,74071
67035,67037,74071
67040,67041,67042
67040,67041,67043
67040,67041,67045
67040,67041,67046
67040,67041,67047
67040,67041,67048
67040,67041,67049
67051,67052,67053
67054,67056,NA
67057,67058,NA
67059,67060,NA
67061,67062,NA
67063,67064,67065
67063,67064,67067
67068,67069,NA
67072,67073,67074
67075,67076,67077
67079,67080,NA
67081,67082,NA
67083,67084,NA
67085,67086,67089
67085,67087,67089
67085,67088,67089
67085,67086,67091
67085,67087,67091
67085,67088,67091
67085,67086,67092
67085,67087,67092
67085,67088,67092
67085,67086,67093
67085,67087,67093
67085,67088,67093
67085,67086,67094
67085,67087,67094
67085,67088,67094
67085,67086,67095
67085,67087,67095
67085,67088,67095
67096,67097,67098
67099,67100,NA
67101,67102,NA
67103,67104,67105
67106,67107,67108
67106,67107,67110
67106,67107,67111
67106,67107,67113
67106,67107,67114
67106,67107,67116
67117,67118,67119
67120,67121,67123
67120,67122,67123
67120,67121,67125
67120,67122,67125
67120,67121,67127
67120,67122,67127
67120,67121,67128
67120,67122,67128
67120,67121,67129
67120,67122,67129
67120,67121,67130
67120,67122,67130
67120,67121,67132
67120,67122,67132
67120,67121,67133
67120,67122,67133
67120,67121,67135
67120,67122,67135
67136,67137,67138
67136,67137,67140
67136,67137,67141
67136,67137,67142
67136,67137,67144
67146,67147,67148
67150,67151,67152
67153,67154,NA
67155,67156,67157
67158,67159,NA
67160,67161,NA
67162,67163,NA
67164,67165,NA
67166,67167,NA
67168,67169,NA
67170,67171,67172
67170,67171,67173
67175,67176,67177
67175,67176,67178
67179,67180,NA
67181,67182,67183
67181,67182,67184
67181,67182,67186
67187,67188,67189
67187,67188,67191
67187,67188,67192
67187,67188,67193
67194,67195,67196
67198,67199,NA
67200,67201,67202
67203,67204,NA
67205,67206,NA
67207,67208,NA
67209,67210,NA
67211,67212,67213
67214,67215,67216
67217,67218,67219
67220,67221,NA
67222,67223,NA
67229,67230,67231
67232,67233,NA
67234,67235,NA
67236,67237,67238
67236,67237,67239
67236,67237,67240
67236,67237,67241
67242,67243,67244
67242,67243,67246
67242,67243,67248
67242,67243,67249
67242,67243,67250
67242,67243,67251
67242,67243,67253
67242,67243,67254
67242,67243,67257
67258,67259,NA
67260,67261,NA
67262,67263,67264
67262,67263,67265
67267,67268,NA
67269,67270,67271
67272,67273,67275
67272,67273,67276
67272,67273,67277
67272,67273,67278
67272,67273,67279
67280,67281,67282
67280,67281,67283
67280,67281,67285
67280,67281,67286
67280,67281,67287
67280,67281,67288
67289,67290,NA
67291,67292,67293
67291,67292,67294
67291,67292,67296
67291,67292,67298
67299,67300,NA
67301,67302,NA
67303,67305,NA
67306,67307,67308
67306,67307,67309
67306,67307,67311
67306,67307,67312
67306,67307,67314
67306,67307,67315
67306,67307,67317
67306,67307,67319
67306,67307,67321
67322,67323,67324
67325,67326,67327
67325,67326,67328
67325,67326,67330
67325,67326,67331
67332,67334,67335
67336,67337,67338
67339,67340,67341
67339,67340,67342
67343,67344,NA
67345,67346,67348
67345,67347,67348
67345,67346,67351
67345,67347,67351
67345,67346,67353
67345,67347,67353
67354,67355,67356
67354,67355,67358
67359,67360,NA
67361,67362,NA
67363,67364,67367
67363,67365,67367
67363,67366,67367
67363,67364,67369
67363,67365,67369
67363,67366,67369
67363,67364,67371
67363,67365,67371
67363,67366,67371
67363,67364,67374
67363,67365,67374
67363,67366,67374
67363,67364,67375
67363,67365,67375
67363,67366,67375
67363,67364,67376
67363,67365,67376
67363,67366,67376
67363,67364,67378
67363,67365,67378
67363,67366,67378
67363,67364,67379
67363,67365,67379
67363,67366,67379
67363,67364,67381
67363,67365,67381
67363,67366,67381
67363,67364,67383
67363,67365,67383
67363,67366,67383
67385,67387,NA
67388,67389,NA
67390,67391,67392
67390,67391,67393
67390,67391,67394
67390,67391,67395
67390,67391,67396
67390,67391,67397
67398,67399,NA
67400,67402,67403
67404,67406,67408
67404,67407,67408
67404,67406,67409
67404,67407,67409
67404,67406,67410
67404,67407,67410
67404,67406,67411
67404,67407,67411
67404,67406,67413
67404,67407,67413
67404,67406,67414
67404,67407,67414
67404,67406,67415
67404,67407,67415
67404,67406,67416
67404,67407,67416
67404,67406,67418
67404,67407,67418
67419,67420,67421
67419,67420,67424
67419,67420,67426
67428,67429,NA
67430,67431,NA
67432,67433,NA
67434,67435,NA
67436,67437,67438
67436,67437,67439
67436,67437,67440
67436,67437,67441
67436,67437,67442
67443,67444,NA
67445,67446,NA
67447,67448,NA
67449,67450,NA
67451,67452,67453
67454,67455,67456
67454,67455,67459
67454,67455,67461
67454,67455,67463
67454,67455,67465
67454,67455,67467
67454,67455,67468
67469,67470,NA
67471,67472,67473
67476,67477,67478
67479,67480,67481
67479,67480,67482
67479,67480,67484
67479,67480,67485
67479,67480,67486
67479,67480,67487
67488,67489,67490
67492,67493,67494
67492,67493,67495
67492,67493,67497
67498,67499,67500
67498,67499,67502
67498,67499,67503
67504,67505,67506
67504,67505,67507
67509,67510,NA
67511,67512,NA
67513,67514,67516
67513,67515,67516
67513,67514,67518
67513,67515,67518
67513,67514,67519
67513,67515,67519
67513,67514,67521
67513,67515,67521
67513,67514,67523
67513,67515,67523
67513,67514,67525
67513,67515,67525
67513,67514,67526
67513,67515,67526
67513,67514,67527
67513,67515,67527
67528,67529,67530
67528,67529,67531
67532,67533,NA
67534,67535,NA
67536,67537,67538
67539,67540,67541
67543,67544,67546
67543,67545,67546
67543,67544,67548
67543,67545,67548
67543,67544,67550
67543,67545,67550
67543,67544,67551
67543,67545,67551
67543,67544,67553
67543,67545,67553
67554,67555,NA
67556,67557,NA
67558,67559,67560
67558,67559,67562
67558,67559,67563
67558,67559,67564
67565,67566,67567
67568,67569,67570
67568,67569,67572
67568,67569,67573
67574,67575,67576
67577,67578,67579
67581,67582,67583
67581,67582,67584
67585,67586,NA
67587,67588,NA
67589,NA,67591
67589,NA,67592
67589,NA,67593
67595,67596,67597
67595,67596,67598
67595,67596,67599
67595,67596,67600
67595,67596,67601
67595,67596,67603
67595,67596,76678
67595,67596,76681
67604,67605,67606
67604,67605,67607
67604,67605,67609
67604,67605,67610
67604,67605,67612
67604,67605,67613
67604,67605,67614
67604,67605,67615
67616,67617,67619
67616,67618,67619
67616,67617,67620
67616,67618,67620
67621,67622,NA
67623,67624,NA
67625,67626,NA
67627,67628,NA
67629,67630,NA
67631,67632,67633
67631,67632,67634
67635,67636,70667
67637,67638,67639
67637,67638,67640
67637,67638,67641
67637,67638,67642
67637,67638,67643
67644,67645,67648
67644,67646,67648
67644,67647,67648
67644,67645,67650
67644,67646,67650
67644,67647,67650
67644,67645,67651
67644,67646,67651
67644,67647,67651
67644,67645,67652
67644,67646,67652
67644,67647,67652
67644,67645,67653
67644,67646,67653
67644,67647,67653
67644,67645,67654
67644,67646,67654
67644,67647,67654
67644,67645,67655
67644,67646,67655
67644,67647,67655
67644,67645,67656
67644,67646,67656
67644,67647,67656
67644,67645,67657
67644,67646,67657
67644,67647,67657
67658,67659,67660
67661,67662,NA
67663,67664,67666
67663,67665,67666
67667,67668,NA
67669,67670,67672
67673,67674,67675
67676,67677,NA
67678,67679,67680
67678,67679,67681
67682,67683,NA
67684,67685,NA
67686,67687,NA
67688,67689,NA
67690,67691,NA
67692,67693,NA
67694,67695,67696
67694,67695,67697
67694,67695,67699
67701,67702,NA
67703,67704,67705
67703,67704,67706
67707,67708,67709
67707,67708,67710
67712,67713,67714
67712,67713,67715
67712,67713,67716
67712,67713,67717
67718,67719,67720
67718,67719,67721
67718,67719,67722
67718,67719,67723
67718,67719,67724
67725,67726,NA
67727,67728,67729
67727,67728,67730
67727,67728,67733
67734,67735,NA
67736,67737,67738
67736,67737,67739
67736,67737,67741
67736,67737,67742
67736,67737,67743
67745,67746,NA
67747,67748,NA
67749,67750,NA
67751,67752,67753
67751,67752,67754
67755,67756,67757
67758,67759,67760
67758,67759,67761
67758,67759,67762
67763,67764,NA
67765,67766,NA
67767,67768,67769
67767,67768,67770
67767,67768,67771
67772,67773,67778
67772,67774,67778
67772,67775,67778
67772,67773,67781
67772,67774,67781
67772,67775,67781
67772,67773,67783
67772,67774,67783
67772,67775,67783
67772,67773,67787
67772,67774,67787
67772,67775,67787
67772,67773,67790
67772,67774,67790
67772,67775,67790
67772,67773,67792
67772,67774,67792
67772,67775,67792
67772,67773,67794
67772,67774,67794
67772,67775,67794
67772,67773,67796
67772,67774,67796
67772,67775,67796
67772,67773,67798
67772,67774,67798
67772,67775,67798
67772,67773,67799
67772,67774,67799
67772,67775,67799
67772,67773,67800
67772,67774,67800
67772,67775,67800
67801,67802,67804
67801,67803,67804
67801,67802,67805
67801,67803,67805
67801,67802,67806
67801,67803,67806
67807,67809,67810
67807,67809,67811
67807,67809,67812
67807,67809,67813
67807,67809,67815
67807,67809,67816
67818,67819,NA
67820,67821,67822
67820,67821,73534
67823,67824,67825
67823,67824,67826
67823,67824,67827
67823,67824,67828
67823,67824,67829
67823,67824,67830
67823,67824,67831
67823,67824,67832
67823,67824,67833
67823,67824,67834
67823,67824,67835
67823,67824,72437
67836,67837,NA
67838,67839,NA
67840,67843,NA
67844,67845,NA
67846,67847,67848
67846,67847,67849
67846,67847,67850
67851,67852,NA
67853,67854,67855
67856,67857,67858
67856,67857,67859
67856,67857,67860
67861,67862,NA
67863,67864,NA
67865,67866,67868
67865,67867,67868
67865,67866,67869
67865,67867,67869
67865,67866,67870
67865,67867,67870
67865,67866,67872
67865,67867,67872
67865,67866,67874
67865,67867,67874
67865,67866,67875
67865,67867,67875
67865,67866,67876
67865,67867,67876
67865,67866,67877
67865,67867,67877
67865,67866,67878
67865,67867,67878
67865,67866,67879
67865,67867,67879
67880,67881,67882
67883,67884,67885
67883,67884,67887
67883,67884,67888
67883,67884,67889
67883,67884,67890
67883,67884,67891
67883,67884,67892
67894,67895,NA
67896,67897,67898
67896,67897,67900
67901,67902,67903
67904,67905,NA
67906,67909,67910
67911,67912,67913
67914,67915,NA
67916,67917,67918
67920,67921,NA
67922,67924,67925
67922,67924,67926
67922,67924,67927
67928,67929,NA
67930,67931,NA
67932,67933,67934
67932,67933,67935
67936,67937,NA
67938,67939,67940
67941,67942,67944
67941,67943,67944
67941,67942,67945
67941,67943,67945
67941,67942,67946
67941,67943,67946
67941,67942,67947
67941,67943,67947
67941,67942,67948
67941,67943,67948
67941,67942,67949
67941,67943,67949
67941,67942,67950
67941,67943,67950
67941,67942,67951
67941,67943,67951
67941,67942,69402
67941,67943,69402
67952,67953,67954
67952,67953,67955
67952,67953,67956
67952,67953,67957
67958,67959,67960
67958,67959,67961
67958,67959,67962
67963,67964,NA
67965,67966,NA
67967,67968,67969
67970,67971,NA
67972,67973,67974
67977,67978,NA
67979,67980,67981
67979,67980,67982
67983,67984,67985
67986,67987,NA
67988,67989,67990
67992,67993,NA
67994,67995,NA
67996,67997,NA
67998,67999,68000
68001,68002,68003
68001,68002,68004
68001,68002,68005
68007,68008,68011
68007,68009,68011
68007,68010,68011
68007,68008,68012
68007,68009,68012
68007,68010,68012
68007,68008,68013
68007,68009,68013
68007,68010,68013
68014,68015,68016
68017,68018,NA
68019,68020,68021
68019,68020,68022
68024,68025,NA
68026,68027,NA
68028,68029,68030
68028,68029,68031
68032,68033,NA
68034,68035,NA
68036,68038,NA
68039,68040,NA
68041,68042,68043
68041,68042,68044
68045,68046,NA
68047,68048,68049
68047,68048,68050
68051,68052,68053
68054,68055,68056
68054,68055,68057
68054,68055,68058
68054,68055,68060
68054,68055,68061
68062,68063,68064
68065,68066,68067
68065,68066,68068
68069,68070,68071
68073,68074,68075
68073,68074,68077
68073,68074,68079
68073,68074,68081
68083,68084,68087
68083,68084,68088
68089,68091,NA
68092,68093,NA
68094,68095,NA
68096,68097,NA
68098,68099,NA
68100,68101,68102
68104,68105,NA
68106,68107,NA
68108,68109,68110
68108,68109,68111
68113,68114,68115
68113,68114,68116
68117,68118,68119
68117,68118,68120
68117,68118,68121
68117,68118,68122
68117,68118,68123
68117,68118,68124
68117,68118,68125
68126,68127,NA
68128,68129,68130
68131,68132,68133
68131,68132,68134
68135,68136,68137
68135,68136,68138
68135,68136,68139
68135,68136,68140
68141,68142,NA
68144,68145,68146
68148,68149,NA
68150,68151,68152
68153,68154,NA
68155,68156,68157
68155,68156,68158
68155,68156,68159
68155,68156,68160
68232,68233,NA
68234,68235,NA
68236,68237,68239
68236,68238,68239
68236,68237,68240
68236,68238,68240
68236,68237,68241
68236,68238,68241
68236,68237,68243
68236,68238,68243
68245,68246,NA
68247,68248,NA
68250,68251,68252
68250,68251,68253
68250,68251,68254
68250,68251,68256
68250,68251,68257
68258,68259,68260
68261,68262,68263
68264,68265,NA
68266,68267,NA
68268,68269,68270
68268,68269,68271
68272,68273,68274
68275,68276,68277
68278,68279,68280
68282,68283,NA
68284,68285,NA
68286,68287,68289
68286,68287,68291
68292,68293,NA
68294,68295,68296
68297,68298,NA
68299,68300,NA
68301,68302,68303
68301,68302,68306
68301,68302,68308
68309,68310,NA
68311,68312,NA
68313,68314,NA
68315,68316,NA
68317,68318,NA
68320,68321,68322
68320,68321,68323
68320,68321,68325
68320,68321,68326
68320,68321,68327
68320,68321,68329
68320,68321,68331
68320,68321,68333
68320,68321,68335
68337,68338,68339
68340,68341,68342
68340,68341,68343
68344,68345,68346
68347,68348,68349
68347,68348,68350
68347,68348,68351
68353,68354,68355
68357,68358,68360
68357,68359,68360
68357,68358,68361
68357,68359,68361
68357,68358,68362
68357,68359,68362
68357,68358,68364
68357,68359,68364
68357,68358,68365
68357,68359,68365
68357,68358,68366
68357,68359,68366
68357,68358,68367
68357,68359,68367
68357,68358,68368
68357,68359,68368
68370,68371,68372
68374,68375,68376
68378,68379,68380
68381,68382,68383
68381,68382,68385
68387,68388,68389
68391,68392,68393
68394,68395,68397
68394,68396,68397
68394,68395,68398
68394,68396,68398
68394,68395,68399
68394,68396,68399
68394,68395,68400
68394,68396,68400
68394,68395,68402
68394,68396,68402
68403,68404,68406
68403,68404,68407
68403,68404,68409
68403,68404,68411
68403,68404,68413
68403,68404,68415
68403,68404,68417
68403,68404,68420
68421,68422,68423
68421,68422,68425
68421,68422,68427
68421,68422,68428
68421,68422,68429
68421,68422,68430
68421,68422,68431
68433,68434,NA
68435,68436,68437
68435,68436,68439
68435,68436,68440
68435,68436,68441
68435,68436,68442
68435,68436,68443
68435,68436,68444
68445,68446,68449
68445,68446,68450
68445,68446,68452
68445,68446,68453
68445,68446,68455
68457,68458,68459
68457,68458,68462
68457,68458,68463
68464,68465,NA
68466,68467,NA
68468,68469,NA
68470,68471,68472
68473,68474,NA
68475,68476,68477
68475,68476,68479
68475,68476,68481
68475,68476,68483
68475,68476,68485
68475,68476,68486
68487,68488,68489
68491,68492,NA
68493,68494,68495
68496,68497,NA
68498,68499,NA
68500,68501,NA
68502,68503,NA
68504,68505,NA
68506,68507,NA
68508,68509,NA
68510,68511,NA
68512,68513,68514
68515,68516,NA
68517,68518,NA
68519,68520,68521
68519,68520,68522
68519,68520,68525
68519,68520,68526
68528,68529,68531
68528,68530,68531
68528,68529,68533
68528,68530,68533
68528,68529,68534
68528,68530,68534
68528,68529,68535
68528,68530,68535
68528,68529,68536
68528,68530,68536
68528,68529,68537
68528,68530,68537
68528,68529,68538
68528,68530,68538
68539,68540,68541
68542,68543,68544
68542,68543,68546
68542,68543,68548
68549,68550,NA
68551,68552,NA
68553,68554,NA
68555,68556,NA
68557,68558,NA
68559,68561,68562
68559,68561,68564
68559,68561,68565
68559,68561,68567
68568,68569,NA
68570,68571,NA
68572,68573,NA
68574,68575,68576
68577,68578,NA
68579,68580,68581
68579,68580,68582
68579,68580,68583
68584,68585,70661
68586,68587,68589
68586,68588,68589
68590,68591,NA
68592,68593,NA
68594,68595,68596
68598,68599,68600
68598,68599,68601
68598,68599,68603
68604,68605,NA
68606,68607,NA
68608,68609,68610
68611,68612,68613
68611,68612,68615
68611,68612,68617
68618,68619,NA
68620,68621,NA
68622,68623,NA
68624,68625,NA
68626,68627,NA
68628,68629,68630
68631,68632,NA
68633,68634,NA
68635,68636,NA
68637,68638,NA
68639,68640,68642
68639,68641,68642
68639,68640,68644
68639,68641,68644
68639,68640,68645
68639,68641,68645
68639,68640,68646
68639,68641,68646
68639,68640,68647
68639,68641,68647
68639,68640,76364
68639,68641,76364
68648,68649,NA
68650,68651,NA
68652,68653,68654
68652,68653,68657
68652,68653,68659
68652,68653,68660
68652,68653,68661
68652,68653,68662
68652,68653,68664
68665,68666,NA
68667,68668,68669
68667,68668,68670
68672,68673,68674
68675,68676,NA
68678,68679,68680
68682,68683,NA
68684,68685,68686
68684,68685,68688
68684,68685,68690
68684,68685,68691
68684,68685,68692
68693,68694,68695
68696,68697,NA
68698,68699,NA
68700,68701,NA
68702,68703,68704
68705,68706,68707
68705,68706,68708
68705,68706,68710
68705,68706,68712
68705,68706,68714
68705,68706,68715
68705,68706,68716
68705,68706,68717
68705,68706,68719
68705,68706,68720
68705,68706,75532
68721,68722,68723
68721,68722,68724
68721,68722,68725
68727,68728,68729
68730,68732,NA
68733,68734,NA
68735,68736,NA
68737,68738,NA
68739,68740,NA
68741,68742,NA
68743,68744,68745
68743,68744,68746
68743,68744,68748
68743,68744,68749
68750,68752,68753
68750,68752,68754
68750,68752,68755
68750,68752,68756
68750,68752,68757
68758,68759,68760
68761,68762,NA
68763,68764,NA
68768,68769,68770
68771,68772,NA
68773,68774,68775
68776,68777,NA
68778,68779,NA
68780,68781,68782
68780,68781,68783
68780,68781,68784
68780,68781,68786
68780,68781,72480
68787,68788,68789
68790,68791,NA
68792,68793,NA
68794,68795,NA
68796,68797,68798
68796,68797,68800
68796,68797,68801
68796,68797,68802
68796,68797,68804
68796,68797,68805
68796,68797,68807
68796,68797,68808
68796,68797,68809
68796,68797,74068
68810,68811,NA
68812,68813,NA
68814,68815,68816
68817,68818,NA
68819,68820,NA
68819,68821,NA
68822,68823,NA
68824,68825,NA
68826,68827,68828
68826,68827,68829
68830,68831,68832
68830,68831,68833
68830,68831,68835
68830,68831,68836
68838,68839,68840
68838,68839,68842
68838,68839,68844
68838,68839,68845
68838,68839,68846
68847,68848,68849
68847,68848,68850
68851,68852,NA
68853,68854,NA
68855,68856,68857
68855,68856,68858
68855,68856,68860
68855,68856,68862
68855,68856,68863
68855,68856,68864
68865,68866,68867
68865,68866,68868
68869,68870,68872
68869,68870,68874
68875,68876,68877
68878,68879,NA
68880,68881,68882
68880,68881,68883
68880,68881,68884
68885,68886,NA
68887,68888,NA
68889,68890,NA
68891,68892,NA
68893,68894,NA
68895,68896,68897
68898,68899,NA
68900,68901,68906
68900,68901,68907
68908,68909,NA
68910,68911,NA
68912,68913,NA
68914,68915,68916
68917,68918,68919
68920,68921,68922
68920,68921,68923
68920,68921,68924
68925,68927,68928
68929,68930,NA
68931,68932,68933
68931,68932,68934
68931,68932,68935
68931,68932,68937
68931,68932,68938
68939,68940,NA
68941,68942,NA
68943,68944,NA
68945,68946,NA
68947,68948,NA
68949,68950,68951
68953,68954,NA
68953,68957,NA
68961,68962,NA
68963,68964,68965
68966,68967,68968
68966,68967,68969
68966,68967,68970
68971,68972,68973
68971,68972,68975
68971,68972,68977
68971,68972,68978
68971,68972,68979
68971,68972,68980
68981,68982,68983
68984,68985,NA
68986,68987,68988
68986,68987,68989
68992,68993,68994
68995,68996,68997
68998,68999,NA
69000,69001,NA
69002,69003,69004
69002,69003,69005
69002,69003,69007
69002,69003,69008
69009,69010,69012
69009,69011,69012
69009,69010,69013
69009,69011,69013
69009,69010,69017
69009,69011,69017
69009,69010,69018
69009,69011,69018
69009,69010,69019
69009,69011,69019
69009,69010,69020
69009,69011,69020
69009,69010,69021
69009,69011,69021
69009,69010,69022
69009,69011,69022
69009,69010,69023
69009,69011,69023
69009,69010,69024
69009,69011,69024
69025,69026,69027
69029,69030,69031
69032,69033,NA
69034,69035,NA
69036,69037,NA
69038,69039,NA
69040,69041,69042
69040,69041,69043
69040,69041,69045
69040,69041,69046
69040,69041,69047
69040,69041,69048
69049,69050,NA
69051,69052,NA
69053,69054,69055
69053,69054,69057
69053,69054,69059
69053,69054,69061
69053,69054,69063
69053,69054,69064
69053,69054,69066
69053,69054,69067
69053,69054,69069
69070,69071,NA
69072,69073,NA
69074,69075,NA
69076,69077,69078
69076,69077,69079
69076,69077,69080
69076,69077,69082
69083,69084,69085
69087,69088,NA
69089,69090,69091
69092,69093,NA
69094,69095,69096
69094,69095,69098
69094,69095,69099
69094,69095,69101
69094,69095,69102
69094,69095,69103
69094,69095,69104
69094,69095,69105
69094,69095,69106
69107,69108,69109
69107,69108,69110
69107,69108,69112
69107,69108,69113
69114,69115,69116
69114,69115,69117
69114,69115,69118
69114,69115,69119
69120,69121,69122
69123,69124,NA
69125,69126,69127
69128,69129,NA
69130,69131,69132
69130,69131,69134
69130,69131,69136
69130,69131,69137
69130,69131,69138
69130,69131,69139
69130,69131,69140
69130,69131,69141
69130,69131,69142
69130,69131,69143
69144,69145,NA
69146,69147,NA
69148,69149,69151
69148,69149,69153
69148,69149,69155
69148,69149,69156
69148,69149,69157
69159,69160,NA
69161,69162,69163
69164,69165,NA
69166,69167,NA
69168,69169,NA
69170,69172,69173
69174,69176,69177
69174,69176,69178
69174,69176,69179
69174,69176,69181
69183,69184,69185
69183,69184,69187
69183,69184,69188
69183,69184,69189
69183,69184,69190
69183,69184,69191
69192,69193,NA
69194,69195,NA
69196,69197,69198
69199,69200,69201
69199,69200,69203
69199,69200,69204
69199,69200,69205
69199,69200,69206
69199,69200,72664
69207,69208,NA
69209,69211,NA
69212,69213,NA
69214,69215,69216
69217,69218,NA
69219,69220,NA
69221,69222,69223
69221,69222,69224
69225,69226,NA
69227,69228,69229
69227,69228,77069
69230,69231,69232
69230,69231,69233
69230,69231,69234
69230,69231,69235
69230,69231,69236
69237,69238,NA
69239,69240,NA
69241,69242,69243
69241,69242,69245
69241,69242,69247
69241,69242,69249
69241,69242,69250
69241,69242,69251
69241,69242,69621
69252,69253,NA
69254,69255,NA
69256,69257,69258
69259,69260,NA
69261,69262,69263
69261,69262,69264
69265,69266,NA
69267,69268,69269
69270,69271,69274
69270,69272,69274
69270,69273,69274
69270,69271,69276
69270,69272,69276
69270,69273,69276
69270,69271,69278
69270,69272,69278
69270,69273,69278
69270,69271,69279
69270,69272,69279
69270,69273,69279
69280,69281,NA
69282,69283,NA
69284,69285,69286
69287,69288,NA
69289,69290,69291
69292,69293,69294
69292,69293,69295
69292,69293,69296
69292,69293,69297
69292,69293,69298
69292,69293,72367
69299,69300,NA
69301,69302,69303
69304,69305,NA
69306,69307,69308
69306,69307,69309
69310,69311,77027
69310,69311,69312
69310,69311,69313
69310,69311,69314
69310,69311,69315
69310,69311,74034
69316,69317,NA
69318,69319,69321
69318,69320,69321
69318,69319,69322
69318,69320,69322
69318,69319,69324
69318,69320,69324
69318,69319,69325
69318,69320,69325
69318,69319,69326
69318,69320,69326
69318,69319,69327
69318,69320,69327
69318,69319,69328
69318,69320,69328
69318,69319,69329
69318,69320,69329
69318,69319,69330
69318,69320,69330
69331,69332,69333
69331,69332,69334
69335,69336,NA
69337,69338,NA
69339,69340,NA
69341,69342,NA
69347,69348,NA
69349,69350,69351
69352,69353,NA
69354,69355,69357
69354,69356,69357
69354,69355,69359
69354,69356,69359
69354,69355,69360
69354,69356,69360
69354,69355,69361
69354,69356,69361
69354,69355,69362
69354,69356,69362
69354,69355,69363
69354,69356,69363
69374,69375,69376
69384,69385,69386
69394,69395,69396
69394,69395,77334
69406,NA,NA
69408,NA,NA
69409,NA,NA
69411,NA,NA
69412,NA,NA
69413,NA,NA
69414,NA,NA
69415,NA,NA
69416,77416,77418
69417,NA,NA
69419,NA,NA
69420,NA,NA
69421,77712,NA
69421,77713,NA
69422,NA,NA
69423,NA,NA
69426,76918,NA
69426,76919,NA
69427,NA,NA
69428,77704,77705
69429,NA,NA
69431,NA,NA
69432,NA,NA
69459,69460,69461
69486,NA,NA
69487,77467,77469
69487,77468,77469
69487,77467,77470
69487,77468,77470
69488,77209,76854
69488,77277,76854
69488,77209,77278
69488,77277,77278
69489,NA,NA
69490,NA,NA
69491,NA,NA
69492,NA,NA
69493,NA,NA
69495,77475,NA
69495,77476,NA
69496,NA,NA
69497,NA,NA
69498,NA,NA
69499,NA,NA
69500,NA,NA
69501,NA,NA
69502,NA,NA
69503,NA,NA
69504,NA,NA
69513,69514,69515
69517,69518,69520
69525,69526,69527
69529,69530,69531
69533,69534,69536
69538,69539,69540
69542,69543,69544
69550,69551,69552
69561,69562,69563
69569,69570,69571
69575,69576,69577
69579,69580,69583
69585,69586,69587
69589,69590,69591
69594,69595,69596
69604,69605,69607
69613,69614,69615
69617,69619,69620
69639,NA,NA
69640,NA,NA
69641,NA,NA
69642,NA,NA
69643,NA,NA
69644,NA,NA
69645,NA,NA
69646,72134,72135
69646,72134,72136
69647,NA,NA
69648,72167,NA
69649,NA,NA
69650,NA,NA
69652,NA,NA
69654,NA,NA
69655,NA,NA
69656,NA,NA
69657,NA,NA
69658,NA,NA
69659,NA,NA
69660,NA,NA
69662,NA,NA
69663,NA,NA
69678,NA,69679
69700,NA,NA
69702,NA,NA
69704,NA,NA
69705,NA,NA
69706,NA,NA
69707,NA,NA
69708,NA,NA
69709,NA,NA
69710,NA,NA
69711,NA,NA
69712,NA,NA
69713,NA,NA
69716,NA,NA
69717,NA,NA
69718,NA,NA
69719,NA,NA
69720,NA,NA
69721,NA,NA
69722,NA,NA
69723,NA,NA
69725,NA,NA
69726,NA,NA
69727,NA,NA
69728,NA,NA
69729,NA,NA
69731,NA,NA
69732,NA,NA
69733,NA,NA
69734,NA,NA
69736,NA,NA
69738,NA,NA
69739,NA,NA
69740,NA,NA
69741,NA,NA
69742,NA,NA
69743,NA,NA
69744,NA,NA
69745,NA,NA
69746,NA,NA
69747,NA,NA
69748,NA,NA
69750,NA,NA
69751,NA,NA
69752,NA,NA
69753,NA,NA
69754,NA,NA
69755,NA,NA
69756,NA,NA
69757,NA,NA
69758,NA,NA
69759,NA,NA
69760,NA,NA
69761,NA,NA
69762,NA,NA
69763,NA,NA
69764,NA,NA
69765,NA,NA
69766,NA,NA
69767,NA,NA
69768,NA,NA
69769,NA,NA
69770,NA,NA
69771,NA,NA
69772,NA,NA
69773,NA,NA
69774,NA,NA
69775,NA,NA
69776,NA,NA
69777,NA,NA
69778,NA,NA
69779,NA,NA
69789,NA,69790
69798,NA,69800
69826,NA,69827
69830,NA,NA
69831,NA,NA
69832,NA,NA
69833,NA,NA
69834,NA,NA
69835,NA,NA
69836,NA,NA
69837,NA,NA
69838,NA,NA
69839,NA,NA
69840,NA,NA
69841,NA,NA
69842,NA,NA
69844,NA,NA
69845,NA,NA
69846,NA,NA
69847,NA,NA
69848,NA,NA
69849,NA,NA
69850,NA,NA
69851,NA,NA
69852,NA,NA
69853,NA,NA
69854,NA,NA
69855,NA,NA
69856,NA,NA
69857,NA,NA
69858,NA,NA
69859,NA,NA
69861,NA,NA
69862,NA,NA
69863,NA,NA
69864,NA,NA
69865,NA,NA
69866,NA,NA
69867,NA,NA
69868,NA,NA
69869,NA,NA
69870,NA,NA
69871,NA,NA
69872,NA,NA
69873,NA,NA
69874,NA,NA
69875,NA,NA
69876,NA,NA
69877,NA,NA
69878,NA,NA
69879,NA,NA
69880,NA,NA
69881,NA,NA
69882,NA,NA
69883,NA,NA
69884,NA,NA
69885,NA,NA
69886,NA,NA
69887,NA,NA
69888,NA,NA
69889,NA,NA
69890,NA,NA
69891,NA,NA
69892,NA,NA
69893,NA,NA
69894,NA,NA
69895,NA,NA
69896,NA,NA
69897,NA,NA
69898,NA,NA
69899,NA,NA
69900,NA,NA
69901,NA,NA
69902,NA,NA
69903,NA,NA
69904,NA,NA
69905,NA,NA
69906,NA,NA
69907,NA,NA
69908,NA,NA
69909,NA,NA
69910,NA,NA
69911,NA,NA
69912,NA,NA
69913,NA,NA
69914,NA,NA
69915,NA,NA
69916,NA,NA
69917,NA,NA
69918,NA,NA
69919,NA,NA
69920,NA,NA
69921,NA,NA
69922,NA,NA
69923,NA,NA
69924,NA,NA
69925,NA,NA
69926,NA,NA
69927,NA,NA
69928,NA,NA
69929,NA,NA
69930,NA,76832
69931,NA,NA
69932,NA,NA
69933,NA,NA
69934,NA,NA
69935,NA,NA
69937,NA,NA
69938,NA,NA
69939,NA,NA
69940,NA,NA
69941,NA,NA
69942,NA,NA
69943,NA,NA
69944,NA,NA
69945,NA,NA
69946,NA,NA
69947,NA,NA
69948,NA,NA
69949,NA,NA
69950,NA,NA
69951,NA,NA
69952,NA,NA
69953,NA,NA
69954,NA,NA
69955,NA,NA
69956,NA,NA
69957,NA,NA
69958,NA,NA
69959,NA,NA
69960,NA,NA
69961,NA,NA
69962,NA,NA
69963,NA,NA
69964,NA,NA
69965,NA,NA
69966,NA,NA
69967,NA,NA
69968,NA,NA
69969,NA,NA
69970,NA,NA
69971,NA,NA
69972,NA,NA
69973,NA,NA
69974,NA,NA
69975,NA,NA
69976,NA,NA
69977,NA,NA
69978,NA,NA
69979,NA,NA
69992,NA,69995
69997,NA,69999
70004,NA,NA
70005,NA,NA
70006,NA,NA
70007,NA,NA
70008,NA,NA
70009,NA,NA
70010,NA,NA
70011,NA,NA
70012,NA,NA
70013,NA,NA
70014,NA,NA
70015,NA,NA
70016,NA,NA
70017,NA,NA
70019,NA,NA
70020,NA,NA
70021,NA,NA
70022,NA,NA
70023,NA,NA
70024,NA,NA
70025,NA,NA
70026,NA,NA
70027,NA,NA
70028,NA,NA
70029,NA,NA
70030,NA,NA
70031,NA,NA
70032,NA,NA
70033,NA,NA
70034,NA,NA
70035,NA,NA
70068,NA,NA
70071,NA,NA
70072,NA,NA
70073,NA,NA
70074,NA,NA
70075,NA,NA
70085,NA,NA
70086,NA,NA
70092,NA,70093
70094,NA,NA
70102,NA,NA
70103,NA,70105
70107,NA,70108
70107,NA,70109
70111,NA,70112
70118,NA,70119
70120,NA,70121
70130,NA,70131
70132,77726,NA
70134,NA,70135
70142,NA,70143
70147,NA,70148
70150,NA,70151
70152,NA,70153
70155,NA,70156
70157,NA,70158
70165,NA,NA
70166,NA,70167
70170,NA,NA
70175,NA,70176
70178,NA,NA
70180,NA,70183
70184,NA,NA
70186,NA,NA
70192,NA,70193
70195,NA,NA
70196,NA,70197
70199,NA,70200
70201,NA,70202
70203,NA,NA
70204,NA,NA
70205,NA,70206
70213,NA,70215
70216,NA,70217
70218,NA,70219
70220,NA,NA
70221,NA,NA
70222,NA,70223
70227,70229,NA
70230,NA,70231
70234,72567,70235
70234,72567,72570
70236,NA,70237
70241,NA,70242
70243,NA,70244
70246,NA,70247
70257,NA,NA
70261,NA,70262
70264,NA,NA
70265,NA,NA
70266,NA,NA
70267,NA,70268
70269,NA,NA
70270,NA,NA
70272,NA,NA
70273,NA,70274
70276,NA,70277
70279,NA,NA
70280,NA,70281
70284,71701,71702
70284,71701,71703
70285,71763,70286
70285,71765,70286
70285,71763,71766
70285,71765,71766
70285,71763,71768
70285,71765,71768
70285,71763,71770
70285,71765,71770
70285,71763,71773
70285,71765,71773
70285,71763,71775
70285,71765,71775
70288,71882,70289
70290,NA,70291
70294,NA,70295
70297,NA,70298
70299,NA,NA
70300,NA,70301
70302,NA,NA
70303,NA,70304
70305,NA,NA
70306,NA,70307
70308,70311,NA
70319,NA,70320
70326,70329,NA
70331,NA,70332
70334,NA,70335
70337,NA,70338
70341,NA,NA
70343,NA,70344
70345,NA,70346
70347,NA,70348
70349,NA,70350
70355,NA,70356
70357,NA,70358
70359,NA,NA
70360,NA,NA
70361,NA,NA
70362,NA,70363
70367,NA,NA
70368,NA,NA
70371,NA,70372
70373,NA,70374
70375,NA,NA
70376,NA,70377
70379,NA,NA
70380,NA,NA
70384,NA,70385
70387,NA,70388
70396,NA,70397
70398,NA,70399
70400,70402,NA
70405,NA,70406
70408,NA,NA
70410,NA,NA
70411,NA,70412
70414,NA,70415
70416,NA,70417
70424,NA,NA
70428,NA,70429
70430,NA,70431
70435,NA,70436
70437,NA,NA
70440,NA,70441
70446,NA,70447
70448,NA,NA
70449,NA,70450
70451,NA,NA
70452,NA,NA
70453,70455,NA
70456,NA,70457
70458,NA,NA
70459,NA,NA
70461,NA,70462
70465,70467,NA
70470,NA,70471
70472,NA,70474
70475,NA,70476
70477,NA,NA
70479,NA,70480
70482,NA,70483
70484,NA,70485
70486,NA,70487
70488,NA,NA
70489,NA,NA
70490,NA,70491
70493,NA,NA
70496,70497,NA
70498,NA,70499
70500,NA,NA
70501,NA,NA
70503,NA,70504
70507,NA,70508
70509,NA,NA
70510,NA,NA
70511,NA,NA
70513,NA,70514
70515,NA,70516
70526,70926,70527
70526,70926,70927
70526,70926,70928
70526,70926,70929
70526,70926,70931
70526,70926,70933
70526,70926,70934
70526,70926,70935
70526,70926,70936
70531,70990,70991
70531,70990,70993
70531,70990,70995
70531,70990,70996
70531,70990,70997
70531,70990,70999
70532,71081,71083
70532,71082,71083
70532,71081,71084
70532,71082,71084
70532,71081,71086
70532,71082,71086
70532,71081,71088
70532,71082,71088
70532,71081,71089
70532,71082,71089
70532,71081,71091
70532,71082,71091
70532,71081,71092
70532,71082,71092
70532,71081,71093
70532,71082,71093
70533,NA,70534
70535,NA,70536
70537,NA,70538
70542,NA,NA
70543,NA,NA
70547,NA,NA
70548,NA,NA
70554,70555,NA
70556,NA,NA
70557,NA,NA
70560,NA,NA
70561,NA,NA
70562,NA,NA
70563,NA,NA
70564,NA,70565
70566,NA,NA
70567,NA,70568
70570,NA,70571
70574,NA,NA
70576,NA,NA
70578,NA,70579
70582,NA,70583
70584,NA,NA
70585,NA,70586
70588,NA,NA
70590,70591,NA
70592,NA,70593
70594,NA,NA
70595,NA,NA
70596,NA,NA
70598,NA,NA
70599,NA,70600
70601,NA,70602
70603,NA,70604
70609,NA,NA
70610,NA,NA
70613,NA,70616
70619,NA,70620
70621,NA,70622
70623,NA,NA
70624,NA,70625
70626,72808,70627
70626,72809,70627
70626,72815,70627
70626,72808,72816
70626,72809,72816
70626,72815,72816
70626,72808,72818
70626,72809,72818
70626,72815,72818
70626,72808,72819
70626,72809,72819
70626,72815,72819
70626,72808,72821
70626,72809,72821
70626,72815,72821
70628,NA,70629
70630,NA,70631
70634,NA,70635
70636,70637,NA
70641,NA,70644
70647,NA,70648
70649,NA,70650
70652,NA,NA
70653,70654,NA
70655,NA,70656
70658,NA,NA
70659,NA,NA
70662,NA,70663
70664,70666,NA
70670,NA,70671
70672,NA,NA
70675,NA,70676
70678,NA,70679
70680,NA,70681
70682,NA,70683
70685,NA,70686
70687,NA,70688
70689,NA,NA
70693,NA,70694
70697,70698,NA
70700,NA,70701
70704,NA,NA
70705,NA,70706
70710,NA,70712
70713,NA,NA
70714,NA,NA
70718,NA,NA
70719,NA,NA
70722,NA,70723
70725,NA,70726
70733,NA,NA
70734,NA,NA
70735,NA,70736
70737,NA,NA
70738,NA,NA
70739,NA,70740
70742,NA,70743
70744,NA,70745
70746,NA,NA
70750,NA,NA
70751,NA,70752
70754,NA,NA
70755,NA,70756
70757,NA,70758
70762,NA,70763
70764,NA,70765
70766,NA,NA
70767,NA,70768
70769,NA,NA
70770,NA,70771
70773,NA,NA
70775,70777,NA
70778,NA,70779
70782,NA,70783
70788,NA,NA
70789,NA,70790
70791,NA,NA
70792,NA,NA
70793,NA,NA
70795,70796,70797
70799,70800,70801
70799,70800,70802
70799,70800,70803
70799,70800,70805
70806,70807,70808
70806,70807,70809
70810,70811,70812
70814,70815,NA
70816,70817,70818
70816,70817,70820
70816,70817,70821
70822,70823,70825
70822,70824,70825
70822,70823,70826
70822,70824,70826
70822,70823,70827
70822,70824,70827
70822,70823,70829
70822,70824,70829
70832,70833,70834
70832,70833,70835
70832,70833,70836
70832,70833,70837
70832,70833,70838
70832,70833,70839
70832,70833,70840
70832,70833,70841
70832,70833,70842
70843,70844,70845
70846,70847,NA
70848,70849,NA
70850,70851,70852
70850,70851,70854
70850,70851,70856
70850,70851,70857
70850,70851,70858
70850,70851,70859
70860,70861,70862
70860,70861,70863
70864,70865,NA
70866,70867,70868
70869,70870,NA
70871,70872,70873
70874,70875,NA
70876,70877,70878
70876,70877,70879
70876,70877,70881
70876,70877,70882
70876,70877,70884
70876,70877,70885
70886,70887,70888
70886,70887,70889
70886,70887,70891
70886,70887,70892
70886,70887,70894
70886,70887,70896
70886,70887,70897
70886,70887,70898
70886,70887,70899
70901,70902,NA
70903,70904,NA
70905,70906,70907
70905,70906,70908
70909,70910,70911
70909,70910,70912
70913,70914,70915
70913,70914,70916
70917,70918,70919
70917,70918,70920
70917,70918,70921
70922,70923,NA
70924,70925,NA
70937,70938,70939
70940,70941,70942
70944,70945,NA
70946,70947,NA
70948,70949,NA
70950,70951,NA
70952,70953,NA
70954,70955,70956
70957,70958,NA
70959,70960,NA
70961,70962,70963
70964,70965,70966
70964,70965,70967
70964,70965,70968
70964,70965,70969
70970,70971,NA
70972,70973,NA
70974,70975,70976
70974,70975,74977
70977,70978,70979
70977,70978,70981
70977,70978,70982
70985,70986,70987
70985,70986,70989
71000,71001,71002
71003,71004,NA
71005,71006,71007
71005,71006,71008
71005,71006,71009
71005,71006,71010
71011,71012,NA
71013,71014,71015
71016,71017,NA
71018,71019,71020
71021,71022,71023
71025,71026,NA
71027,71028,71029
71027,71028,71031
71027,71028,71032
71033,71034,NA
71035,71036,NA
71037,71038,71039
71041,71042,71043
71044,71045,NA
71046,71047,71048
71046,71047,71049
71046,71047,71050
71046,71047,71051
71046,71047,71052
71046,71047,71053
71055,71056,NA
71057,71058,NA
71059,71060,NA
71061,71062,NA
71064,71065,71066
71064,71065,71067
71068,71069,71070
71072,71073,NA
71074,71075,NA
71076,71079,71080
71094,71095,71096
71094,71095,71097
71099,71100,71101
71103,71104,71105
71107,71108,NA
71109,71111,NA
71112,71113,71114
71115,71116,71117
71118,71119,71121
71118,71120,71121
71118,71119,71123
71118,71120,71123
71118,71119,71125
71118,71120,71125
71118,71119,71128
71118,71120,71128
71118,71119,71129
71118,71120,71129
71118,71119,71130
71118,71120,71130
71118,71119,72299
71118,71120,72299
71131,71132,71133
71136,71137,71139
71136,71138,71139
71136,71137,71141
71136,71138,71141
71136,71137,71142
71136,71138,71142
71136,71137,71144
71136,71138,71144
71136,71137,71145
71136,71138,71145
71136,71137,71146
71136,71138,71146
71136,71137,71147
71136,71138,71147
71148,71149,NA
71150,71151,NA
71153,71154,NA
71155,71156,71157
71155,71156,71158
71155,71156,71159
71155,71156,71160
71155,71156,71161
71155,71156,71163
71155,71156,71166
71155,71156,71167
71155,71156,71168
71155,71156,71169
71155,71156,71170
71172,71173,NA
71174,71175,71176
71174,71175,71177
71174,71175,71178
71174,71175,71179
71180,71181,71182
71180,71181,71184
71180,71181,71186
71180,71181,71187
71189,71190,NA
71191,71192,71193
71191,71192,71195
71191,71192,71196
71191,71192,71198
71191,71192,71199
71200,71202,71203
71200,71202,71204
71206,75403,71208
71206,71207,71208
71206,75403,75406
71206,71207,75406
71206,75403,75408
71206,71207,75408
71206,75403,75410
71206,71207,75410
71206,75403,71209
71206,71207,71209
71206,75403,71211
71206,71207,71211
71206,75403,71212
71206,71207,71212
71206,75403,71213
71206,71207,71213
71206,75403,71214
71206,71207,71214
71206,75403,75411
71206,71207,75411
71215,71216,NA
71217,71218,71219
71221,71223,NA
71224,71225,NA
71226,71227,NA
71228,71229,NA
71230,71231,71232
71233,71234,NA
71235,71236,NA
71237,71238,NA
71239,71240,71241
71239,71240,71242
71244,71245,NA
71246,71247,71248
71249,71250,71251
71249,71250,71253
71249,71250,71255
71249,71250,71256
71257,71258,NA
71259,71260,75413
71259,71261,75413
71259,71260,71262
71259,71261,71262
71259,71260,71264
71259,71261,71264
71259,71260,75416
71259,71261,75416
71259,71260,76901
71259,71261,76901
71259,71260,76903
71259,71261,76903
71259,71260,71265
71259,71261,71265
71259,71260,75417
71259,71261,75417
71259,71260,71266
71259,71261,71266
71259,71260,71267
71259,71261,71267
71259,71260,71269
71259,71261,71269
71259,71260,71271
71259,71261,71271
71259,71260,71274
71259,71261,71274
71259,71260,71276
71259,71261,71276
71259,71260,71278
71259,71261,71278
71259,71260,71279
71259,71261,71279
71259,71260,71281
71259,71261,71281
71259,71260,71283
71259,71261,71283
71259,71260,71285
71259,71261,71285
71259,71260,71287
71259,71261,71287
71259,71260,71289
71259,71261,71289
71259,71260,73475
71259,71261,73475
71291,71292,71293
71291,71292,71295
71291,71292,71296
71291,71292,71297
71298,71299,71300
71298,71299,71302
71304,71305,NA
71306,71307,71308
71306,71307,71310
71306,71307,71312
71314,71315,71316
71314,71315,71318
71314,71315,71320
71314,71315,71321
71314,71315,71322
71314,71315,71323
71324,71325,71326
71327,71328,NA
71329,71330,NA
71331,71332,NA
71333,71334,71335
71333,71334,71337
71338,71339,71340
71341,71342,NA
71343,71344,71345
71346,71347,71348
71349,71350,NA
71351,71352,71353
71351,71352,71355
71351,71352,71357
71351,71352,71358
71351,71352,71359
71351,71352,71360
71351,71352,71361
71351,71352,71362
71351,71352,71363
71351,71352,71364
71368,71369,71372
71368,71370,71372
71368,71371,71372
71374,71375,71376
71374,71375,71377
71374,71375,71378
71374,71375,71379
71374,71375,71380
71374,71375,71381
71374,71375,71382
71374,71375,72300
71383,71384,71385
71386,71387,NA
71388,71389,71390
71388,71389,71391
71388,71389,71392
71388,71389,71393
71388,71389,71394
71388,71389,71395
71388,71389,71396
71388,71389,76420
71397,71398,NA
71399,71400,NA
71401,71402,NA
71403,71404,71405
71403,71404,71407
71403,71404,71408
71403,71404,71409
71403,71404,71410
71403,71404,71412
71403,71404,71414
71403,71404,71416
71417,71418,NA
71419,71420,NA
71421,71422,71425
71421,71423,71425
71421,71422,71427
71421,71423,71427
71421,71422,71429
71421,71423,71429
71421,71422,71431
71421,71423,71431
71421,71422,71432
71421,71423,71432
71421,71422,71433
71421,71423,71433
71421,71422,71435
71421,71423,71435
71421,71422,71436
71421,71423,71436
71421,71422,71437
71421,71423,71437
71439,71440,71441
71439,71440,71442
71439,71440,71443
71439,71440,71444
71439,71440,71445
71439,71440,71446
71447,71448,NA
71449,71450,NA
71451,71452,NA
71453,71454,NA
71456,71457,71459
71456,71457,71461
71456,71457,71462
71456,71457,71463
71456,71457,71465
71466,71467,NA
71468,71469,NA
71470,71471,NA
71472,71475,71477
71472,71476,71477
71472,71475,71479
71472,71476,71479
71472,71475,71480
71472,71476,71480
71481,75396,75397
71481,71482,75397
71481,71483,75397
71481,75396,71484
71481,71482,71484
71481,71483,71484
71481,75396,75400
71481,71482,75400
71481,71483,75400
71481,75396,71485
71481,71482,71485
71481,71483,71485
71481,75396,75401
71481,71482,75401
71481,71483,75401
71486,71487,NA
71488,71489,NA
71490,71491,NA
71492,71493,71494
71492,71493,71496
71492,71493,71498
71492,71493,71500
71492,71493,71501
71492,71493,71502
71503,71504,71505
71503,71504,71507
71503,71504,71509
71503,71504,71511
71503,71504,71513
71515,71516,NA
71517,71518,71519
71517,71518,71520
71517,71518,71521
71517,71518,71523
71517,71518,71524
71525,71526,71527
71525,71526,71529
71525,71526,71530
71531,71532,71533
71531,71532,71534
71531,71532,71536
71531,71532,71537
71531,71532,71538
71539,71540,75418
71539,71541,75418
71539,71540,75421
71539,71541,75421
71539,71540,75423
71539,71541,75423
71539,71540,75426
71539,71541,75426
71539,71540,75427
71539,71541,75427
71539,71540,71542
71539,71541,71542
71539,71540,71543
71539,71541,71543
71539,71540,71544
71539,71541,71544
71539,71540,71545
71539,71541,71545
71546,71547,NA
71548,71549,71550
71552,71553,NA
71554,71555,NA
71556,71557,71558
71560,71561,NA
71562,71563,NA
71564,71565,NA
71566,71567,71568
71566,71567,71571
71566,71567,71572
71566,71567,71573
71566,71567,71576
71577,71578,NA
71579,71580,NA
71581,71582,NA
71583,71584,NA
71585,71586,NA
71587,71588,NA
71589,71590,71591
71589,71590,71593
71589,71590,71594
71595,71596,NA
71597,71598,NA
71599,71600,71601
71602,71603,71604
71602,71603,71605
71606,71607,71608
71606,71607,71609
71606,71607,71610
71612,71613,71614
71612,71613,71615
71612,71613,71616
71612,71613,71617
71612,71613,71619
71612,71613,71620
71621,71622,71623
71621,71622,71624
71621,71622,71625
71621,71622,71626
71621,71622,71627
71621,71622,71628
71621,71622,71630
71621,71622,71631
71621,71622,71635
71621,71622,71637
71638,71639,71640
71638,71639,71641
71638,71639,71642
71638,71639,71643
71638,71639,73989
71644,71645,NA
71646,71647,NA
71648,71649,NA
71650,71651,NA
71653,71654,NA
71655,71656,71657
71658,71659,71661
71658,71660,71661
71658,71659,71662
71658,71660,71662
71658,71659,71663
71658,71660,71663
71658,71659,71664
71658,71660,71664
71658,71659,71665
71658,71660,71665
71658,71659,71666
71658,71660,71666
71658,71659,71667
71658,71660,71667
71658,71659,71668
71658,71660,71668
71658,71659,71669
71658,71660,71669
71658,71659,76382
71658,71660,76382
71670,71671,NA
71672,71673,NA
71674,71675,NA
71676,71677,71680
71676,71679,71680
71676,71677,71682
71676,71679,71682
71676,71677,71683
71676,71679,71683
71676,71677,71684
71676,71679,71684
71676,71677,71685
71676,71679,71685
71676,71677,71686
71676,71679,71686
71687,71688,NA
71689,71690,NA
71691,71692,71693
71691,71692,71694
71691,71692,71695
71696,71697,71698
71699,71700,NA
71705,71706,71709
71705,71707,71709
71705,71706,71710
71705,71707,71710
71705,71706,71711
71705,71707,71711
71705,71706,71712
71705,71707,71712
71705,71706,71713
71705,71707,71713
71714,71715,NA
71716,71717,71718
71719,71720,71721
71719,71720,71722
71719,71720,71723
71725,71726,71730
71725,71727,71730
71725,71728,71730
71725,71726,71731
71725,71727,71731
71725,71728,71731
71725,71726,71732
71725,71727,71732
71725,71728,71732
71725,71726,71733
71725,71727,71733
71725,71728,71733
71725,71726,71735
71725,71727,71735
71725,71728,71735
71725,71726,71737
71725,71727,71737
71725,71728,71737
71738,71739,NA
71740,71741,NA
71742,71743,71744
71742,77789,71744
71742,71743,71746
71742,77789,71746
71742,71743,71748
71742,77789,71748
71742,71743,71751
71742,77789,71751
71742,71743,71752
71742,77789,71752
71753,71754,NA
71755,71756,71757
71755,71756,71758
71755,71756,71759
71755,71756,71760
71776,71777,NA
71778,71779,71780
71778,71779,71781
71778,71779,71783
71778,71779,71784
71785,71786,71787
71788,71789,NA
71790,71791,NA
71792,71793,NA
71794,71795,NA
71796,71797,NA
71798,71799,NA
71800,71801,71802
71800,71801,71803
71800,71801,71805
71806,71807,NA
71808,71809,NA
71810,71811,71812
71810,71811,71813
71810,71811,71815
71817,71818,NA
71819,71820,NA
71821,71822,NA
71823,71824,71825
71823,71824,71826
71827,71828,NA
71829,71830,71831
71832,71833,71834
71832,71833,71835
71832,71833,71836
71837,71838,NA
71839,71840,71841
71839,71840,71844
71839,71840,71845
71848,71849,NA
71850,71851,NA
71852,71853,NA
71854,71855,71856
71857,71858,NA
71859,71860,NA
71861,71862,NA
71863,71864,NA
71865,71866,71867
71865,71866,71868
71865,71866,71869
71865,71866,71870
71865,71866,71871
71873,71874,71875
71873,71874,71877
71873,71874,71878
71873,71874,71880
71873,71874,71881
71873,71874,76327
71883,71884,71885
71883,71884,71886
71883,71884,71887
71883,71884,71888
71883,71884,71889
71883,71884,71890
71883,71884,71891
71883,71884,71893
71883,71884,71894
71895,71896,71897
71898,71899,71900
71898,71899,71901
71898,71899,71902
71903,71904,NA
71905,71906,77104
71907,71908,NA
71909,71910,71912
71909,71911,71912
71909,71910,71914
71909,71911,71914
71909,71910,71916
71909,71911,71916
71909,71910,71917
71909,71911,71917
71918,71919,71920
71918,71919,71923
71918,71919,71925
71926,71927,71928
71926,71927,71930
71932,71933,71934
71932,71933,71936
71937,71938,71939
71940,71941,71942
71943,71944,71945
71943,71944,71946
71947,71948,71949
71947,71948,71950
71947,71948,71951
71947,71948,71952
71947,71948,76418
71953,71954,NA
71955,71956,NA
71957,71958,NA
71959,71960,NA
71961,71962,NA
71963,71965,71966
71963,71965,71968
71963,71965,71970
71963,71965,71971
71963,71965,71973
71963,71965,71975
71963,71965,71976
71963,71965,71977
71978,71979,NA
71980,71981,71982
71980,71981,71983
71980,71981,71984
71986,71987,71989
71986,71988,71989
71986,71987,71990
71986,71988,71990
71986,71987,71991
71986,71988,71991
71986,71987,71993
71986,71988,71993
71986,71987,71994
71986,71988,71994
71986,71987,71995
71986,71988,71995
71986,71987,71996
71986,71988,71996
71986,71987,71997
71986,71988,71997
71986,71987,71998
71986,71988,71998
71986,71987,71999
71986,71988,71999
71986,71987,74666
71986,71988,74666
71986,71987,72000
71986,71988,72000
71986,71987,72001
71986,71988,72001
71986,71987,72003
71986,71988,72003
71986,71987,72004
71986,71988,72004
71986,71987,72005
71986,71988,72005
71986,71987,72007
71986,71988,72007
71986,71987,72008
71986,71988,72008
71986,71987,74667
71986,71988,74667
72010,72011,NA
72012,72016,NA
72013,72014,72015
72013,72014,73563
72017,72018,72019
72020,72021,NA
72022,72023,72024
72025,72026,72027
72029,72030,72031
72029,72030,72032
72029,72030,72034
72029,72030,72036
72038,72039,NA
72040,72041,72042
72040,72041,72043
72044,72045,NA
72046,72047,72049
72046,72047,72050
72046,72047,72051
72046,72047,72053
72046,72047,72054
72046,72047,72055
72046,72047,72057
72059,72060,72061
72059,72060,72062
72059,72060,72064
72065,72066,72068
72065,72067,72068
72065,72066,72069
72065,72067,72069
72065,72066,72070
72065,72067,72070
72065,72066,72071
72065,72067,72071
72072,72073,72074
72072,72073,72075
72072,72073,72076
72072,72073,72077
72072,72073,72080
72081,72082,NA
72083,72084,72085
72086,72087,72088
72086,72087,72090
72086,72087,75133
72091,72092,72095
72091,72094,72095
72091,72092,72096
72091,72094,72096
72091,72092,72097
72091,72094,72097
72098,72099,NA
72100,72101,NA
72102,72103,72104
72106,72107,NA
72108,72109,NA
72110,72111,NA
72112,72113,72115
72112,72114,72115
72116,72117,72118
72119,72120,72122
72119,72120,72124
72125,72126,72127
72128,72129,72130
72128,72129,72131
72132,72133,NA
72137,72138,NA
72139,72140,NA
72141,72142,75679
72143,72144,72145
72143,72144,72146
72143,72144,72147
72143,72144,72149
72143,72144,72151
72143,72144,72153
72143,72144,72155
72143,72144,72157
72159,72160,NA
72161,72162,NA
72163,72164,NA
72165,72166,NA
72168,72169,72170
72171,72172,NA
72173,72174,72175
72177,72178,NA
72177,72179,NA
72180,72181,72182
72180,72181,73296
72183,72184,72186
72183,72185,72186
72183,72184,72187
72183,72185,72187
72188,72189,72190
72191,72192,NA
72193,72194,72195
72197,72198,NA
72200,NA,NA
72201,77253,77254
72202,NA,NA
72205,NA,NA
72206,NA,72207
72210,NA,NA
72211,NA,72212
72215,NA,72216
72218,NA,NA
72219,NA,NA
72221,NA,NA
72224,NA,72226
72229,NA,NA
72232,NA,72234
72235,72236,NA
72238,NA,NA
72239,72240,NA
72242,NA,NA
72243,NA,72244
72245,NA,NA
72246,NA,72248
72250,NA,72251
72252,NA,72253
72254,NA,72255
72256,NA,72257
72258,72259,NA
72264,NA,72265
72267,NA,72268
72270,NA,NA
72271,NA,NA
72272,NA,NA
72273,NA,NA
72276,NA,72278
72279,NA,72280
72283,NA,72284
72285,NA,72286
72291,NA,72292
72294,NA,72295
72301,NA,72302
72303,NA,72304
72306,NA,72307
72309,NA,72310
72311,NA,NA
72312,NA,72313
72317,NA,NA
72322,NA,72323
72324,NA,NA
72327,NA,NA
72332,NA,NA
72333,NA,72334
72335,NA,NA
72337,NA,72338
72340,NA,72341
72343,NA,72344
72345,NA,72346
72349,NA,72350
72352,NA,72353
72355,NA,72356
72357,NA,NA
72358,NA,NA
72359,72360,NA
72362,NA,72363
72365,NA,72366
72369,NA,NA
72370,NA,72371
72373,NA,72374
72375,NA,72376
72377,NA,72379
72380,NA,NA
72386,NA,NA
72387,NA,NA
72389,NA,72391
72392,NA,72393
72396,NA,NA
72398,NA,72399
72403,NA,NA
72404,NA,72405
72409,NA,72410
72411,NA,72412
72416,NA,NA
72418,NA,NA
72420,73008,73009
72421,NA,72422
72424,NA,NA
72425,NA,NA
72426,NA,NA
72427,NA,NA
72428,NA,72429
72431,NA,NA
72432,75242,75245
72432,75243,75245
72432,75244,75245
72432,75242,75247
72432,75243,75247
72432,75244,75247
72433,NA,72434
72436,NA,NA
72438,NA,72439
72440,NA,72441
72443,NA,72444
72445,NA,72446
72448,NA,72449
72450,NA,NA
72452,NA,NA
72454,NA,NA
72455,NA,72457
72458,NA,NA
72459,NA,72460
72461,NA,NA
72463,NA,NA
72464,NA,NA
72466,NA,72467
72468,NA,72469
72472,NA,72473
72474,NA,72475
72478,NA,72479
72483,NA,NA
72484,NA,72485
72487,NA,NA
72488,NA,NA
72489,NA,NA
72490,NA,NA
72491,NA,72492
72493,NA,72494
72495,NA,72496
72500,NA,72501
72502,NA,72503
72505,NA,72506
72507,NA,72508
72512,NA,NA
72513,NA,72514
72515,NA,72516
72517,NA,NA
72518,NA,NA
72519,NA,72520
72523,NA,72524
72526,NA,NA
72527,NA,NA
72528,NA,NA
72529,NA,NA
72530,NA,NA
72547,72548,72550
72551,72552,72554
72555,72556,72558
72559,72560,NA
72562,72563,72564
72562,72563,72566
72571,72572,72574
72575,72576,72578
72575,72577,72578
72579,72580,NA
72582,72583,72585
72587,72588,NA
72589,72590,72591
72592,72593,NA
72594,72595,72596
72598,72599,NA
72601,72602,72604
72612,72613,72614
72616,72617,72618
72616,72617,75290
72616,72617,75291
72616,72617,75292
72616,72617,75293
72616,72617,75294
72616,72617,75295
72616,72617,75298
72616,72617,75300
72616,72617,75301
72616,72617,75302
72619,72620,72622
72628,72629,72630
72634,72635,72636
72637,72638,NA
72643,72644,72646
72647,72648,72651
72653,72655,NA
72657,72658,NA
72659,72660,72661
72669,72670,72671
72669,72670,72672
72673,72674,72676
72677,72678,72679
72680,72681,NA
72683,72684,NA
72685,72688,72690
72709,NA,72710
72709,NA,72712
72732,74829,72735
72732,72734,72735
72732,74829,74830
72732,72734,74830
72732,74829,72736
72732,72734,72736
72732,74829,72740
72732,72734,72740
72757,72758,72759
72757,72758,72838
72770,72771,72772
72770,72771,72774
72775,72776,72778
72775,72776,72779
72775,72776,72782
72799,72800,72801
72799,72800,72802
72828,72829,72830
72828,72829,72833
72842,72843,72845
72850,72851,72852
72850,72851,76698
72858,72859,72860
72864,72865,72866
72868,72869,72870
72871,72872,72874
72876,72877,72878
72876,72877,72880
72882,72883,72884
72885,72886,72887
72888,72889,72890
72891,72892,72893
72894,NA,72895
72897,72898,72899
72901,72902,72903
72901,72902,72904
72906,72907,NA
72909,72910,72911
72912,72913,NA
72916,72917,NA
72918,72919,NA
72920,72921,72923
72920,72921,72924
72926,72927,72928
72930,72931,72932
72933,72934,72935
72936,72937,NA
72939,72940,NA
72941,72942,72944
72950,72951,72952
72953,72954,72955
72956,72957,72958
72959,72960,NA
72961,72962,NA
72963,72964,NA
72965,72966,72968
72972,72973,72974
72977,72978,72979
72981,72982,NA
72983,72984,72985
72989,72990,72991
72992,72993,NA
72994,72995,NA
72996,72997,72998
72996,72997,74469
72996,72997,74470
72996,72997,74473
72996,72997,74474
72996,72997,74475
72996,72997,74477
72996,72997,74478
72996,72997,74479
72996,72997,74480
73003,73004,NA
73006,73007,NA
73011,73012,73014
73015,73016,NA
73018,NA,73019
73020,NA,73021
73029,NA,73030
73031,NA,73032
73033,NA,73034
73037,NA,73038
73039,NA,73040
73041,NA,73042
73044,NA,73045
73047,NA,73048
73050,NA,73051
73052,NA,73053
73054,NA,73055
73057,NA,73058
73060,NA,73061
73062,NA,73063
73065,NA,73066
73068,NA,73069
73070,NA,73071
73072,NA,73073
73074,NA,73075
73076,NA,73077
73078,NA,73079
73080,NA,73081
73082,NA,73083
73084,NA,73085
73086,NA,73087
73088,NA,73089
73090,NA,73091
73092,NA,73093
73096,NA,73097
73099,NA,73100
73101,NA,73102
73103,NA,73104
73107,NA,73108
73109,73110,NA
73111,73112,73113
73114,73115,73116
73119,73120,NA
73122,73123,74867
73122,74864,74867
73122,73123,74868
73122,74864,74868
73122,73123,74917
73122,74864,74917
73122,73123,74870
73122,74864,74870
73122,73123,74918
73122,74864,74918
73122,73123,74871
73122,74864,74871
73122,73123,74872
73122,74864,74872
73122,73123,74873
73122,74864,74873
73122,73123,74874
73122,74864,74874
73122,73123,74919
73122,74864,74919
73122,73123,74875
73122,74864,74875
73122,73123,74876
73122,74864,74876
73122,73123,74877
73122,74864,74877
73122,73123,74878
73122,74864,74878
73122,73123,74879
73122,74864,74879
73122,73123,74920
73122,74864,74920
73122,73123,74880
73122,74864,74880
73122,73123,74882
73122,74864,74882
73125,73126,73128
73125,75268,73128
73125,75269,73128
73125,73126,75272
73125,75268,75272
73125,75269,75272
73125,73126,75273
73125,75268,75273
73125,75269,75273
73125,73126,75274
73125,75268,75274
73125,75269,75274
73125,73126,75275
73125,75268,75275
73125,75269,75275
73125,73126,75279
73125,75268,75279
73125,75269,75279
73125,73126,75280
73125,75268,75280
73125,75269,75280
73125,73126,75281
73125,75268,75281
73125,75269,75281
73125,73126,75282
73125,75268,75282
73125,75269,75282
73125,73126,75283
73125,75268,75283
73125,75269,75283
73125,73126,75284
73125,75268,75284
73125,75269,75284
73130,NA,NA
73133,73134,73135
73136,73137,73140
73143,73144,73146
73143,73144,76784
73147,73148,NA
73149,73150,NA
73151,73152,NA
73153,73154,73155
73157,NA,NA
73163,73164,73165
73167,73168,NA
73173,NA,NA
73175,73176,73178
73180,NA,NA
73183,73184,73185
73187,73188,73191
73192,73193,NA
73194,73195,73196
73201,73202,73204
73205,73206,73208
73210,73211,NA
73214,75324,73220
73214,73218,73220
73214,75324,75325
73214,73218,75325
73214,75324,75327
73214,73218,75327
73214,75324,75328
73214,73218,75328
73214,75324,75329
73214,73218,75329
73221,73222,73225
73221,73224,73225
73227,73228,73229
73230,73231,73232
73233,NA,73234
73235,77292,73236
73235,77292,77293
73237,NA,73238
73239,NA,73240
73241,NA,73242
73243,NA,73244
73245,73246,73247
73248,NA,73249
73250,73252,73254
73251,NA,73253
73257,NA,73258
73259,NA,73260
73261,NA,73262
73264,NA,73265
73266,NA,73267
73268,NA,73269
73270,NA,73271
73272,NA,73273
73274,NA,73275
73276,NA,73277
73280,NA,73281
73282,NA,73283
73287,NA,73288
73292,NA,73293
73301,NA,73302
73308,73309,73310
73316,73317,73319
73322,73335,73325
73322,73335,76676
73326,73327,NA
73328,73329,73330
73331,73332,73333
73337,73338,NA
73343,73344,73345
73347,73348,73349
73351,73352,73353
73356,NA,73359
73361,73362,73363
73364,73365,73366
73364,73365,77145
73374,73375,77080
73377,73378,73379
73380,73381,NA
73387,73388,73389
73392,NA,73393
73396,NA,73397
73398,NA,73399
73402,NA,73403
73404,NA,73405
73407,NA,73408
73410,NA,73411
73414,NA,73415
73416,NA,73417
73418,NA,73419
73420,NA,73421
73422,NA,73423
73425,73426,73427
73425,73426,76746
73428,73429,NA
73431,73432,NA
73434,73435,77088
73441,73442,73443
73444,73445,NA
73446,73447,NA
73449,73450,NA
73452,73453,76334
73455,73456,NA
73458,73459,NA
73462,73463,73465
73468,NA,NA
73472,73473,73474
73476,NA,NA
73477,73478,73479
73480,73481,73483
73484,73485,73486
73489,73490,NA
73492,73493,73494
73495,73496,NA
73497,73498,73499
73500,73501,73502
73506,73507,73508
73509,73510,73511
73512,73513,73514
73515,73516,73517
73519,73520,73521
73523,73524,73525
73527,73528,NA
73531,73532,73533
73535,73536,73537
73538,73539,73540
73542,73543,NA
73546,73547,73549
73550,73551,73552
73553,73554,73555
73556,73557,73561
73556,73558,73561
73565,73566,73567
73570,NA,NA
73571,73572,73573
73579,73580,76810
73579,73580,73581
73579,73580,76814
73585,73586,73588
73590,73591,73592
73598,73601,73602
73605,73606,73607
73605,73606,77085
73609,73610,NA
73611,73612,NA
73615,73616,NA
73621,73622,73623
73625,NA,73627
73628,73629,NA
73630,NA,NA
73631,NA,NA
73633,73634,73636
73638,73639,NA
73643,69344,73645
73643,69344,69345
73648,73649,NA
73650,NA,73651
73652,NA,73653
73654,NA,73655
73656,NA,73657
73658,NA,73659
73660,NA,73661
73664,NA,73665
73666,NA,73667
73668,NA,73669
73670,NA,73671
73673,NA,73674
73675,NA,73676
73677,NA,73678
73679,NA,73680
73682,NA,73683
73684,NA,73685
73686,NA,73687
73689,NA,73690
73691,NA,73692
73693,NA,73694
73695,73696,NA
73697,NA,73698
73699,73701,73703
73700,NA,73702
73708,73711,NA
73709,NA,73710
73715,73716,NA
73717,73718,NA
73719,NA,73722
73724,NA,NA
73726,73728,73734
73735,NA,73736
73737,73738,73740
73743,73744,73745
73746,73747,NA
73766,73767,73768
73769,73770,NA
73774,73775,NA
73777,73778,NA
73779,73780,NA
73781,73782,73783
73784,73785,73786
73789,73790,73791
73792,73793,NA
73795,73796,73797
73800,73801,NA
73805,73806,73807
73808,73809,NA
73813,73814,73815
73818,73819,73820
73822,NA,NA
73823,73824,73825
73826,73827,73828
73830,73831,73832
73830,73831,76827
73835,73836,NA
73839,73840,73842
73839,73840,77105
73843,73844,73845
73846,73847,NA
73848,73849,NA
73851,73852,73853
73855,73856,NA
73859,73860,73862
73863,73864,NA
73865,73866,NA
73868,73869,73870
73871,73872,73874
73875,73876,73878
73879,73880,NA
73881,73882,73883
73886,73887,NA
73890,73891,73892
73896,73897,73898
73902,73903,73904
73905,73906,73907
73910,NA,73911
73915,NA,73916
73919,NA,73920
73926,NA,73927
73953,NA,73954
73955,NA,73956
73957,NA,73958
73960,NA,73961
73962,NA,73963
73964,NA,73965
73967,NA,73968
73970,NA,73971
73973,NA,73974
73980,77684,73981
73980,77684,77685
73982,NA,73983
73984,NA,73985
73986,NA,73987
73992,NA,73993
73996,NA,73997
74007,NA,NA
74008,NA,74009
74020,NA,74021
74024,NA,74025
74027,NA,NA
74028,NA,74029
74031,NA,74032
74036,NA,74037
74039,NA,74040
74043,NA,74044
74048,NA,74049
74050,NA,76190
74052,74053,NA
74054,74055,74057
74054,74055,74058
74059,74060,74061
74059,74060,74062
74065,74066,74067
74072,74073,74074
74075,74076,74078
74075,74077,74078
74079,74080,74081
74082,74083,74085
74086,74087,74088
74089,74090,74092
74093,74094,74096
74097,74098,NA
74100,74101,NA
74102,74103,NA
74105,74107,74109
74111,74112,NA
74113,74114,74116
74117,74118,NA
74119,74120,NA
74121,74122,NA
74124,74125,74126
74127,74128,NA
74129,74130,74134
74137,74138,74140
74143,74144,74145
74146,74147,74148
74152,74153,74154
74156,74157,74159
74161,74162,74163
74165,74166,74167
74170,74171,NA
74176,74177,NA
74181,74182,74183
74185,74186,74187
74189,74190,74191
74193,74194,74195
74197,74198,NA
74199,74200,74202
74199,77695,74202
74199,77696,74202
74199,74200,77697
74199,77695,77697
74199,77696,77697
74204,74205,NA
74207,74208,NA
74209,74210,75710
74209,74210,75712
74209,74210,75715
74209,74210,75717
74209,74210,74211
74209,74210,75719
74213,74214,74216
74217,74218,74219
74220,74221,74222
74223,74224,NA
74226,74227,74229
74230,74231,74233
74234,74235,NA
74237,74238,74240
74242,74243,NA
74245,74246,74247
74250,74251,74252
74253,74254,74255
74256,74257,74258
74259,74260,74261
74262,74263,74264
74265,74266,74267
74268,NA,NA
74270,NA,NA
74272,NA,NA
74273,NA,NA
74274,NA,NA
74276,NA,NA
74278,74279,NA
74282,NA,NA
74284,74286,74288
74289,NA,NA
74290,NA,74291
74292,NA,NA
74293,74294,74295
74296,NA,74297
74298,NA,NA
74300,74301,NA
74303,NA,74304
74305,74306,74307
74310,NA,NA
74311,NA,74312
74314,NA,NA
74315,NA,74316
74317,74318,74320
74321,NA,74322
74324,NA,NA
74325,NA,74326
74327,NA,NA
74334,NA,74335
74339,NA,74340
74344,NA,74345
74347,NA,74348
74351,NA,74352
74355,NA,74356
74453,NA,74454
74456,NA,NA
74457,NA,NA
74462,NA,74463
74465,NA,74466
74495,74497,74499
74495,74498,74499
74495,74497,74501
74495,74498,74501
74495,74497,74502
74495,74498,74502
74495,74497,74503
74495,74498,74503
74495,74497,74505
74495,74498,74505
74495,74497,74506
74495,74498,74506
74495,74497,74508
74495,74498,74508
74495,74497,74509
74495,74498,74509
74511,74512,74513
74511,74512,74514
74511,74512,74515
74511,74512,74516
74511,74512,74517
74511,74512,74518
74519,74520,74526
74519,74525,74526
74519,74520,74527
74519,74525,74527
74519,74520,74528
74519,74525,74528
74519,74520,74530
74519,74525,74530
74519,74520,74532
74519,74525,74532
74555,74556,74557
74555,74556,74559
74555,74556,74560
74555,74556,74561
74555,74556,74562
74555,74556,74564
74555,74556,74566
74589,74590,74593
74589,74591,74593
74589,74592,74593
74589,74590,74594
74589,74591,74594
74589,74592,74594
74589,74590,74595
74589,74591,74595
74589,74592,74595
74589,74590,74596
74589,74591,74596
74589,74592,74596
74589,74590,74598
74589,74591,74598
74589,74592,74598
74589,74590,74599
74589,74591,74599
74589,74592,74599
74589,74590,74602
74589,74591,74602
74589,74592,74602
74625,74627,74628
74625,74627,74629
74625,74627,74630
74625,74627,74631
74625,74627,74633
74625,74627,74634
74625,74627,74635
74625,74627,74636
74625,74627,74637
74625,74627,74638
74625,74627,74640
74625,74627,74642
74625,74627,74643
74625,74627,74645
74646,74647,74649
74646,74648,74649
74646,74647,74650
74646,74648,74650
74646,74647,74651
74646,74648,74651
74646,74647,74652
74646,74648,74652
74646,74647,74653
74646,74648,74653
74646,74647,74654
74646,74648,74654
74646,74647,74656
74646,74648,74656
74680,74682,74683
74680,74682,74684
74680,74682,74686
74680,74682,74687
74680,74682,74689
74680,74682,74691
74680,74682,74693
74680,74682,74695
74680,74682,74696
74680,74682,74699
74680,74682,74701
74680,74682,74702
74680,74682,74703
74832,NA,74837
74832,NA,74838
74832,NA,74839
74840,74841,74846
74840,74843,74846
74840,74841,74847
74840,74843,74847
74840,74841,74848
74840,74843,74848
74840,74841,74849
74840,74843,74849
74840,74841,74850
74840,74843,74850
74840,74841,74851
74840,74843,74851
74840,74841,74852
74840,74843,74852
74901,74903,74907
74901,74904,74907
74901,74905,74907
74901,74906,74907
74901,74903,74910
74901,74904,74910
74901,74905,74910
74901,74906,74910
74901,74903,74912
74901,74904,74912
74901,74905,74912
74901,74906,74912
74901,74903,74914
74901,74904,74914
74901,74905,74914
74901,74906,74914
74901,74903,74915
74901,74904,74915
74901,74905,74915
74901,74906,74915
74938,74939,74940
74938,74939,74942
74938,74939,74943
74938,74939,74944
74938,74939,74947
74938,74939,74949
74938,74939,74952
74938,74939,74954
74955,NA,74956
74955,NA,74958
74955,NA,74960
74955,NA,74961
74955,NA,74963
74955,NA,74964
74955,NA,74966
74955,NA,74967
74955,NA,74968
74982,NA,74983
74988,NA,74989
74995,NA,74996
74998,NA,74999
75006,NA,75007
75009,NA,75010
75014,NA,75015
75020,NA,75021
75023,NA,75024
75031,NA,75032
75033,NA,75034
75040,NA,75041
75043,NA,75044
75046,NA,75047
75049,NA,75050
75051,NA,75052
75053,75054,75055
75053,75054,75058
75053,75054,75062
75053,75054,75063
75053,75054,75065
75087,75088,75090
75087,75089,75090
75087,58315,75090
75087,75088,75092
75087,75089,75092
75087,58315,75092
75087,75088,75094
75087,75089,75094
75087,58315,75094
75087,75088,75096
75087,75089,75096
75087,58315,75096
75087,75088,75097
75087,75089,75097
75087,58315,75097
75087,75088,75098
75087,75089,75098
75087,58315,75098
75087,75088,75099
75087,75089,75099
75087,58315,75099
75087,75088,73002
75087,75089,73002
75087,58315,73002
75087,75088,21698
75087,75089,21698
75087,58315,21698
75120,NA,75121
75124,NA,75125
75126,NA,75127
75129,NA,75130
75131,NA,75132
75134,NA,75135
75136,NA,75137
75138,NA,75139
75140,75144,75143
75140,75145,75143
75140,75146,75143
75140,75147,75143
75140,75144,75148
75140,75145,75148
75140,75146,75148
75140,75147,75148
75140,75144,75149
75140,75145,75149
75140,75146,75149
75140,75147,75149
75140,75144,75151
75140,75145,75151
75140,75146,75151
75140,75147,75151
75169,NA,75170
75171,NA,75172
75173,NA,75174
75175,NA,75176
75178,NA,75179
75182,NA,75183
75185,75187,75189
75185,75187,75191
75185,75187,75194
75185,75187,75195
75214,75216,75219
75214,75218,75219
75214,75216,75220
75214,75218,75220
75214,75216,75221
75214,75218,75221
75214,75216,75222
75214,75218,75222
75214,75216,75223
75214,75218,75223
75249,NA,NA
75251,NA,NA
75252,NA,NA
75253,NA,NA
75255,NA,NA
75256,NA,NA
75258,NA,NA
75260,NA,NA
75261,NA,NA
75262,NA,NA
75263,NA,NA
75264,NA,NA
75266,NA,NA
75271,NA,NA
75276,NA,NA
75277,NA,NA
75278,NA,NA
75285,NA,NA
75286,NA,NA
75287,NA,NA
75289,NA,NA
75304,75305,75315
75304,75307,75315
75304,75309,75315
75304,75311,75315
75304,75313,75315
75304,75305,75317
75304,75307,75317
75304,75309,75317
75304,75311,75317
75304,75313,75317
75304,75305,75319
75304,75307,75319
75304,75309,75319
75304,75311,75319
75304,75313,75319
75304,75305,75320
75304,75307,75320
75304,75309,75320
75304,75311,75320
75304,75313,75320
75304,75305,75322
75304,75307,75322
75304,75309,75322
75304,75311,75322
75304,75313,75322
75331,75332,75334
75331,75332,75335
75331,75332,75337
75331,75332,75338
75362,NA,75364
75362,NA,75366
75362,NA,75368
75362,NA,75370
75362,NA,75371
75362,NA,75373
75362,NA,75374
75362,NA,75376
75377,75378,75380
75377,75379,75380
75377,75378,75382
75377,75379,75382
75377,75378,75383
75377,75379,75383
75377,75378,75384
75377,75379,75384
75377,75378,75385
75377,75379,75385
75377,75378,75386
75377,75379,75386
75377,75378,75390
75377,75379,75390
75468,NA,NA
75469,NA,NA
75470,NA,NA
75472,NA,NA
75474,NA,NA
75475,NA,NA
75477,NA,NA
75478,NA,NA
75480,NA,NA
75481,NA,NA
75482,NA,NA
75483,NA,NA
75484,NA,NA
75486,NA,NA
75487,NA,NA
75488,NA,NA
75489,NA,NA
75490,NA,NA
75491,NA,NA
75492,NA,NA
75495,NA,NA
75496,NA,NA
75497,NA,NA
75498,NA,NA
75499,NA,NA
75500,NA,NA
75501,NA,75502
75504,NA,75505
75506,NA,75507
75508,NA,75509
75512,NA,75513
75514,NA,75515
75516,NA,75517
75518,NA,75519
75520,NA,75521
75522,NA,75523
75524,NA,75525
75527,NA,75528
75529,NA,75530
75533,NA,75534
75535,NA,75536
75538,NA,75539
75540,NA,75541
75542,NA,75543
75544,NA,75545
75547,NA,75548
75551,NA,NA
75552,NA,NA
75553,NA,NA
75555,NA,75557
75559,NA,75561
75560,NA,NA
75563,NA,NA
75566,NA,NA
75568,NA,75569
75570,NA,NA
75571,NA,NA
75572,NA,75574
75573,NA,NA
75575,NA,NA
75576,NA,75578
75577,NA,NA
75579,NA,NA
75580,NA,NA
75581,NA,NA
75582,NA,NA
75583,NA,NA
75584,NA,NA
75585,NA,NA
75586,NA,NA
75587,NA,NA
75588,NA,NA
75589,NA,NA
75590,NA,NA
75591,NA,NA
75592,NA,NA
75593,NA,NA
75594,NA,NA
75596,NA,NA
75597,NA,NA
75598,NA,NA
75599,NA,NA
75601,NA,NA
75602,NA,NA
75603,NA,NA
75604,NA,NA
75605,NA,NA
75606,NA,NA
75607,NA,NA
75608,NA,NA
75609,NA,NA
75610,NA,NA
75611,NA,NA
75612,NA,NA
75613,NA,NA
75614,NA,NA
75615,NA,NA
75616,NA,NA
75617,NA,NA
75618,NA,NA
75619,NA,NA
75620,NA,NA
75622,NA,NA
75624,NA,NA
75625,NA,NA
75680,NA,75681
75682,NA,75683
75686,NA,75687
75693,NA,NA
75695,NA,75696
75700,NA,75701
75704,NA,75705
75706,NA,75707
75721,75722,75723
75721,75724,75723
75721,75725,75723
75721,75722,75726
75721,75724,75726
75721,75725,75726
75721,75722,75727
75721,75724,75727
75721,75725,75727
75721,75722,75729
75721,75724,75729
75721,75725,75729
75721,75722,75731
75721,75724,75731
75721,75725,75731
75721,75722,75732
75721,75724,75732
75721,75725,75732
75721,75722,75735
75721,75724,75735
75721,75725,75735
75721,75722,75736
75721,75724,75736
75721,75725,75736
75721,75722,75737
75721,75724,75737
75721,75725,75737
75721,75722,75739
75721,75724,75739
75721,75725,75739
75721,75722,75740
75721,75724,75740
75721,75725,75740
75721,75722,75741
75721,75724,75741
75721,75725,75741
75721,75722,75742
75721,75724,75742
75721,75725,75742
75721,75722,75743
75721,75724,75743
75721,75725,75743
75721,75722,75746
75721,75724,75746
75721,75725,75746
75754,75756,75760
75754,75757,75760
75754,75758,75760
75754,75759,75760
75754,75756,75762
75754,75757,75762
75754,75758,75762
75754,75759,75762
75754,75756,75764
75754,75757,75764
75754,75758,75764
75754,75759,75764
75754,75756,75765
75754,75757,75765
75754,75758,75765
75754,75759,75765
75754,75756,75766
75754,75757,75766
75754,75758,75766
75754,75759,75766
75754,75756,75767
75754,75757,75767
75754,75758,75767
75754,75759,75767
75754,75756,75768
75754,75757,75768
75754,75758,75768
75754,75759,75768
75754,75756,75769
75754,75757,75769
75754,75758,75769
75754,75759,75769
75754,75756,75772
75754,75757,75772
75754,75758,75772
75754,75759,75772
75777,NA,NA
75778,NA,NA
75779,NA,NA
75780,NA,NA
75782,NA,NA
75783,NA,NA
75784,NA,NA
75785,NA,NA
75786,NA,NA
75787,NA,NA
75788,NA,NA
75789,NA,NA
75790,NA,NA
75791,NA,NA
75792,NA,NA
75793,NA,NA
75794,NA,NA
75796,NA,NA
75797,NA,NA
75798,NA,NA
75799,NA,NA
75800,NA,NA
75801,NA,NA
75802,NA,NA
75803,NA,75804
75805,NA,75806
75808,NA,75809
75810,NA,75811
75812,NA,75813
75814,NA,75815
75816,NA,75817
75819,NA,75820
75824,NA,75825
75826,77179,75827
75826,77179,77180
75829,77051,75830
75831,NA,75832
75833,NA,75834
75836,NA,75837
75838,NA,75839
75840,NA,75841
75843,NA,NA
75844,NA,NA
75845,NA,NA
75846,NA,NA
75847,NA,NA
75848,NA,NA
75849,NA,NA
75850,NA,NA
75851,NA,NA
75852,NA,NA
75853,NA,NA
75854,NA,NA
75855,NA,NA
75856,NA,NA
75857,NA,NA
75858,NA,NA
75859,NA,NA
75860,NA,NA
75862,NA,NA
75863,NA,NA
75864,NA,NA
75865,NA,NA
75866,NA,NA
75868,NA,NA
75869,NA,NA
75870,NA,NA
75871,NA,NA
75872,NA,NA
75873,75876,75880
75873,75877,75880
75873,75878,75880
75873,75879,75880
75873,75876,75882
75873,75877,75882
75873,75878,75882
75873,75879,75882
75873,75876,75883
75873,75877,75883
75873,75878,75883
75873,75879,75883
75873,75876,75884
75873,75877,75884
75873,75878,75884
75873,75879,75884
75873,75876,75885
75873,75877,75885
75873,75878,75885
75873,75879,75885
75873,75876,75886
75873,75877,75886
75873,75878,75886
75873,75879,75886
75873,75876,75888
75873,75877,75888
75873,75878,75888
75873,75879,75888
75873,75876,75890
75873,75877,75890
75873,75878,75890
75873,75879,75890
75939,75940,75941
75939,76655,75941
75939,75940,75943
75939,76655,75943
75939,75940,75944
75939,76655,75944
75939,75940,75945
75939,76655,75945
75939,75940,75946
75939,76655,75946
75939,75940,75948
75939,76655,75948
75939,75940,75949
75939,76655,75949
75939,75940,75951
75939,76655,75951
75952,NA,75954
75952,NA,75955
75952,NA,75956
75962,75965,75966
75962,75965,75968
75962,75965,75969
75962,75965,75970
75962,75965,75972
75962,75965,75973
75976,75978,75979
75976,75978,75980
75976,75978,75982
75976,75978,75983
75976,75978,75984
76018,NA,76019
76020,NA,76023
76021,NA,NA
76022,NA,NA
76024,NA,NA
76025,NA,76026
76027,NA,NA
76028,NA,NA
76029,NA,76030
76031,NA,76032
76033,NA,76034
76035,NA,NA
76036,NA,76037
76038,NA,76039
76040,NA,76041
76042,NA,NA
76043,NA,76044
76047,NA,NA
76048,NA,NA
76049,NA,NA
76050,NA,NA
76051,NA,NA
76053,NA,76054
76055,NA,76056
76057,NA,76058
76060,NA,76061
76062,NA,76063
76065,NA,76066
76069,NA,76070
76072,NA,76073
76074,NA,76075
76076,NA,76077
76078,NA,76079
76081,NA,76082
76083,NA,76084
76085,NA,76086
76088,NA,76089
76091,NA,76092
76093,NA,76094
76095,NA,76096
76098,NA,76099
76102,NA,76103
76104,NA,NA
76105,NA,NA
76106,NA,NA
76107,NA,NA
76108,NA,NA
76109,NA,NA
76110,NA,NA
76111,NA,NA
76112,NA,NA
76113,NA,NA
76114,NA,NA
76115,NA,NA
76116,NA,NA
76117,NA,NA
76118,NA,NA
76120,NA,76121
76124,NA,76125
76126,NA,76127
76128,NA,76129
76131,NA,76132
76134,NA,76135
76136,NA,76137
76138,NA,76139
76140,NA,76141
76144,NA,76145
76146,NA,76147
76148,NA,76149
76150,NA,76151
76152,NA,76153
76156,NA,76157
76159,NA,76160
76163,NA,76166
76167,NA,76168
76170,NA,76171
76174,NA,76175
76177,NA,76178
76179,NA,NA
76182,NA,NA
76183,NA,NA
76185,NA,76186
76187,NA,NA
76188,NA,NA
76189,NA,NA
76191,NA,NA
76193,NA,NA
76196,NA,76197
76198,NA,NA
76199,NA,76200
76202,NA,NA
76203,NA,76204
76205,NA,NA
76206,NA,NA
76207,NA,76209
76210,NA,NA
76211,NA,76213
76212,NA,NA
76214,NA,NA
76215,NA,NA
76216,NA,NA
76217,NA,NA
76218,NA,NA
76219,NA,NA
76220,NA,NA
76221,NA,NA
76222,NA,NA
76223,NA,NA
76224,NA,NA
76225,NA,NA
76226,NA,NA
76227,NA,76228
76229,NA,76230
76232,NA,76233
76234,NA,76235
76236,NA,76237
76238,NA,76239
76240,NA,76241
76242,NA,76243
76244,NA,76245
76246,NA,76247
76250,NA,76251
76252,NA,76253
76254,NA,76255
76256,NA,76257
76258,NA,76259
76260,NA,76261
76262,NA,76263
76266,NA,76267
76269,NA,76270
76272,NA,76273
76275,NA,76276
76277,NA,76278
76279,NA,76280
76281,NA,76282
76284,NA,76285
76286,NA,76287
76291,NA,76292
76294,NA,76295
76296,NA,76297
76301,NA,76302
76307,NA,76308
76310,NA,76311
76318,NA,76319
76320,NA,76321
76322,NA,76323
76328,NA,76329
76338,NA,NA
76339,NA,NA
76340,NA,NA
76341,NA,NA
76342,NA,NA
76343,NA,NA
76344,NA,NA
76345,NA,NA
76346,NA,NA
76347,NA,NA
76348,NA,NA
76349,NA,NA
76350,NA,NA
76351,NA,NA
76352,NA,NA
76353,NA,76354
76357,NA,76358
76360,NA,76361
76367,NA,76368
76376,NA,76377
76380,NA,76381
76386,NA,76387
76388,NA,76389
76390,NA,76391
76392,NA,76393
76394,NA,76395
76396,NA,76397
76400,NA,76401
76402,NA,76403
76405,NA,76406
76409,NA,76410
76414,NA,76415
76422,NA,76423
76426,NA,76427
76429,NA,76430
76432,NA,76433
76437,NA,76438
76441,NA,76442
76443,NA,76444
76445,NA,76446
76449,NA,76450
76453,NA,76454
76459,NA,76460
76462,NA,76463
76464,NA,76465
76468,NA,76469
76470,NA,76471
76472,NA,76473
76475,NA,76476
76478,NA,76479
76481,NA,NA
76482,NA,NA
76483,NA,NA
76484,NA,NA
76485,NA,NA
76486,NA,NA
76487,NA,NA
76488,NA,NA
76489,NA,NA
76490,NA,NA
76492,NA,NA
76493,NA,NA
76494,NA,NA
76496,NA,76497
76498,NA,76499
76500,NA,76501
76505,NA,76506
76507,NA,76508
76509,NA,76510
76514,NA,NA
76516,NA,NA
76517,NA,NA
76518,NA,NA
76519,NA,NA
76520,NA,NA
76521,NA,NA
76522,NA,NA
76523,NA,NA
76524,NA,NA
76525,NA,NA
76526,NA,NA
76528,NA,NA
76529,NA,NA
76530,NA,NA
76531,NA,NA
76532,NA,NA
76533,NA,NA
76534,NA,NA
76535,NA,NA
76537,NA,NA
76538,NA,NA
76539,NA,NA
76540,NA,NA
76541,NA,NA
76542,NA,NA
76543,NA,NA
76544,NA,NA
76548,NA,76549
76550,NA,76551
76552,NA,76553
76554,NA,76555
76556,NA,76557
76558,NA,NA
76559,NA,NA
76560,NA,NA
76561,NA,NA
76562,NA,NA
76563,NA,NA
76564,NA,NA
76565,NA,NA
76566,NA,NA
76567,NA,NA
76568,NA,NA
76569,NA,NA
76571,NA,76572
76573,NA,76574
76575,NA,76576
76577,NA,76578
76579,NA,76580
76581,NA,76582
76583,NA,76584
76585,NA,76586
76587,NA,76588
76590,NA,76591
76593,NA,76594
76595,NA,76596
76597,NA,76598
76600,NA,76601
76602,NA,76603
76604,NA,76605
76606,NA,76607
76608,NA,76609
76611,NA,76612
76613,NA,76614
76615,NA,76616
76618,NA,76619
76622,NA,76623
76625,NA,76626
76627,NA,76628
76629,NA,76630
76631,NA,76632
76635,NA,76636
76638,NA,76639
76648,76649,76650
76652,NA,NA
76656,76657,NA
76663,76664,76665
76670,76671,76673
76670,76672,76673
76670,76671,76761
76670,76672,76761
76677,NA,76682
76684,76685,76687
76684,76686,76687
76688,NA,76692
76699,NA,76700
76712,NA,76713
76715,NA,76716
76728,NA,NA
76730,76731,76734
76730,76731,76735
76736,NA,76737
76747,NA,76748
76750,NA,76751
76753,NA,NA
76755,NA,76756
76757,NA,NA
76759,NA,76760
76763,NA,76764
76771,NA,NA
76772,NA,76773
76775,NA,76776
76777,NA,76779
76786,NA,76787
76789,NA,76791
76790,76793,76794
76797,76798,76800
76797,76799,76800
76797,76798,76802
76797,76799,76802
76797,76798,76803
76797,76799,76803
76820,NA,76821
76825,NA,76826
76828,NA,76829
76835,NA,NA
76836,NA,NA
76837,NA,76838
76839,NA,76840
76843,NA,76844
76846,NA,76847
76849,NA,76850
76851,NA,76852
76855,NA,NA
76856,77101,77102
76857,NA,NA
76858,NA,76859
76862,NA,76863
76864,NA,76865
76866,NA,76867
76871,NA,76872
76874,NA,76875
76877,NA,76878
76883,NA,76887
76907,76908,76909
76907,76908,76910
76913,76914,76915
76922,76924,NA
76937,76938,NA
76957,76958,76959
76957,76958,76960
76957,76958,76962
76965,76966,77523
76969,76970,76971
76973,76974,NA
76975,76976,76979
76975,76978,76979
76975,76976,76980
76975,76978,76980
76981,76982,NA
76981,76984,NA
76992,76993,76994
76996,76997,76999
76996,76998,76999
77001,77002,77003
77001,77002,77005
77007,77099,77100
77011,77012,NA
77011,77013,NA
77014,77015,77017
77014,77015,77018
77014,77015,77020
77030,NA,NA
77041,77042,77044
77053,77054,77055
77059,77060,77061
77062,77063,77064
77066,77067,NA
77071,77072,77073
77075,77076,77078
77082,77084,NA
77092,77093,77094
77096,77097,77098
77106,77107,77112
77114,NA,77116
77118,77119,77120
77121,77123,NA
77125,77126,NA
77129,77131,77132
77134,77137,77138
77140,77142,77143
77146,77147,77148
77149,77150,77151
77154,77155,77157
77158,77159,77160
77162,77163,77164
77165,77166,77167
77168,77169,77170
77171,77172,77173
77175,77176,77178
77181,77182,77183
77186,77187,77188
77189,77190,77191
77192,77193,77194
77196,77197,77198
77199,77200,77201
77203,77204,77205
77206,77207,77208
77210,77211,77212
77213,77214,77215
77216,77217,77218
77220,77221,77222
77226,77227,NA
77228,77229,77230
77231,77232,NA
77235,77236,NA
77237,77238,77240
77242,77243,77244
77242,77243,77246
77257,77258,NA
77257,77259,NA
77260,77261,NA
77268,77269,77270
77271,77272,NA
77273,77274,NA
77285,77286,NA
77287,77288,77289
77294,77295,NA
77299,77300,NA
77301,77302,NA
77303,77304,NA
77305,77306,77308
77305,77307,77308
77305,77306,77310
77305,77307,77310
77321,77322,NA
77321,77323,NA
77326,77327,NA
77330,77331,NA
77335,77336,77337
77338,77339,NA
77340,77341,NA
77346,77347,NA
77346,77348,NA
77355,77356,NA
77357,77358,NA
77357,77359,NA
77360,77361,77364
77360,77362,77364
77360,77363,77364
77375,77376,77377
77382,77383,77384
77401,77402,NA
77409,77410,77412
77409,77411,77412
77420,77421,77422
77426,77427,NA
77426,77428,NA
77426,77429,NA
77439,77440,77441
77447,77448,NA
77457,77458,NA
77465,77466,NA
77480,77481,NA
77482,77483,NA
77484,77485,NA
77486,77487,NA
77489,77490,NA
77491,77492,NA
77491,77493,NA
77494,77495,77496
77498,77499,NA
77503,77505,77508
77511,77512,NA
77513,77514,NA
77515,77516,77518
77515,77517,77518
77515,77516,77519
77515,77517,77519
77515,77516,77520
77515,77517,77520
77515,77516,77521
77515,77517,77521
77526,77527,NA
77536,77537,77538
77536,77537,77540
77542,77543,77544
77546,77547,NA
77548,77549,NA
77550,77551,NA
77554,77555,NA
77558,77559,77561
77563,77564,NA
77566,77567,NA
77569,77570,77571
77574,77575,NA
77576,77577,NA
77578,77580,NA
77581,77583,NA
77584,77585,77586
77584,77585,77587
77584,77585,77589
77584,77585,77590
77592,77594,NA
77595,77597,NA
77598,77599,NA
77600,77601,77602
77603,77604,NA
77607,77608,NA
77607,77609,NA
77610,77611,77613
77610,77612,77613
77618,77619,77620
77618,77619,77621
77623,77624,NA
77625,77626,NA
77625,77627,NA
77625,77628,NA
77629,77630,77631
77633,77634,77635
77641,77643,NA
77646,77648,NA
77649,77651,NA
77652,77653,77655
77652,77654,77655
77660,77661,NA
77664,77665,NA
77667,77669,77670
77673,77675,NA
77677,77679,NA
77680,77682,NA
77687,77689,NA
77691,77693,77694
77699,77700,77701
77702,77703,NA
77709,77711,NA
77716,77718,NA
77721,77723,NA
77721,77724,NA
77732,77733,NA
77732,77734,NA
77736,77738,77740
77736,77739,77740
77745,77746,77748
77745,77747,77748
77749,77751,NA
77752,77754,77755
77758,77760,NA
77758,77761,NA
77762,77764,77765
77766,77768,77769
77770,77772,NA
77773,77775,NA
77777,77779,NA
77784,77786,NA
77793,77795,NA
77796,77798,NA
77799,77800,NA
77801,77803,77804
77811,77813,77818
77815,77816,NA
77819,77820,77821
77823,77824,77825
77827,77828,77829
77831,77832,77833
77835,77837,77839
77841,77842,77843
77845,77846,77847
77849,77850,77851
77853,77854,NA
77855,77856,77857
77859,77860,NA
77861,77862,77863
77867,77868,77869
77871,77872,77873
77877,77878,NA
77879,77880,77881
77884,77885,77886
77888,77889,77890
77892,77893,77895
77897,77898,NA
77899,77900,77901
77905,77906,77907
77910,77911,77912
77914,77915,77916
77918,77919,77920
77922,77923,77924
77926,77927,77928
77930,77931,NA
77932,77933,NA
77934,77935,77936
77938,77939,NA
77940,77941,77942
77945,77946,77947
77949,77950,77951
77954,77955,77956
77958,77959,77961
77964,77965,NA
77966,77967,77968
77971,77972,77973
77975,77976,NA
77978,77979,NA
77980,77981,NA
77982,77983,NA
77984,77985,NA
77986,77987,NA
77988,77989,NA
77990,77991,NA
77992,77993,NA
77994,77995,NA
77996,77997,NA
77998,77999,NA
78000,78001,NA
76948,76949,76950
76954,76955,NA
